worker_count,method,formal_seed,epsilon,scope,hit,first_hit_depth,first_hit_work,first_hit_per_worker_work,first_hit_stat_proxy,censor_depth,censor_work,censor_per_worker_work,capped_depth,capped_work,capped_per_worker_work
1,NOG-ZO,0,0.05,primary,True,216.0,221184.0,221184.0,0.0452756769955158,960.0,983040.0,983040.0,216.0,221184.0,221184.0
1,NOG-ZO,0,0.03,descriptive,True,228.0,233472.0,233472.0,0.0295911282300949,960.0,983040.0,983040.0,228.0,233472.0,233472.0
1,NOG-ZO,0,0.02,descriptive,True,240.0,245760.0,245760.0,0.0166560225188732,960.0,983040.0,983040.0,240.0,245760.0,245760.0
1,NOG-ZO,0,0.018,descriptive,True,240.0,245760.0,245760.0,0.0166560225188732,960.0,983040.0,983040.0,240.0,245760.0,245760.0
1,NOG-ZO,0,0.016,descriptive,True,244.0,249856.0,249856.0,0.0144273368641734,960.0,983040.0,983040.0,244.0,249856.0,249856.0
1,NOG-ZO,0,0.015,descriptive,True,244.0,249856.0,249856.0,0.0144273368641734,960.0,983040.0,983040.0,244.0,249856.0,249856.0
1,NOG-ZO,0,0.01,descriptive,False,,,,,960.0,983040.0,983040.0,960.0,983040.0,983040.0
1,NOG-ZO,1,0.05,primary,True,212.0,217088.0,217088.0,0.0483723282814025,960.0,983040.0,983040.0,212.0,217088.0,217088.0
1,NOG-ZO,1,0.03,descriptive,True,228.0,233472.0,233472.0,0.0262759532779455,960.0,983040.0,983040.0,228.0,233472.0,233472.0
1,NOG-ZO,1,0.02,descriptive,True,236.0,241664.0,241664.0,0.0172544177621603,960.0,983040.0,983040.0,236.0,241664.0,241664.0
1,NOG-ZO,1,0.018,descriptive,True,236.0,241664.0,241664.0,0.0172544177621603,960.0,983040.0,983040.0,236.0,241664.0,241664.0
1,NOG-ZO,1,0.016,descriptive,True,240.0,245760.0,245760.0,0.0141053358092904,960.0,983040.0,983040.0,240.0,245760.0,245760.0
1,NOG-ZO,1,0.015,descriptive,True,240.0,245760.0,245760.0,0.0141053358092904,960.0,983040.0,983040.0,240.0,245760.0,245760.0
1,NOG-ZO,1,0.01,descriptive,False,,,,,960.0,983040.0,983040.0,960.0,983040.0,983040.0
1,NOG-ZO,2,0.05,primary,True,212.0,217088.0,217088.0,0.0482568107545375,960.0,983040.0,983040.0,212.0,217088.0,217088.0
1,NOG-ZO,2,0.03,descriptive,True,228.0,233472.0,233472.0,0.0258786659687757,960.0,983040.0,983040.0,228.0,233472.0,233472.0
1,NOG-ZO,2,0.02,descriptive,True,236.0,241664.0,241664.0,0.0172314811497926,960.0,983040.0,983040.0,236.0,241664.0,241664.0
1,NOG-ZO,2,0.018,descriptive,True,236.0,241664.0,241664.0,0.0172314811497926,960.0,983040.0,983040.0,236.0,241664.0,241664.0
1,NOG-ZO,2,0.016,descriptive,True,240.0,245760.0,245760.0,0.0144090838730335,960.0,983040.0,983040.0,240.0,245760.0,245760.0
1,NOG-ZO,2,0.015,descriptive,True,240.0,245760.0,245760.0,0.0144090838730335,960.0,983040.0,983040.0,240.0,245760.0,245760.0
1,NOG-ZO,2,0.01,descriptive,False,,,,,960.0,983040.0,983040.0,960.0,983040.0,983040.0
1,NOG-ZO,3,0.05,primary,True,216.0,221184.0,221184.0,0.0444346331059932,960.0,983040.0,983040.0,216.0,221184.0,221184.0
1,NOG-ZO,3,0.03,descriptive,True,228.0,233472.0,233472.0,0.0282808654010295,960.0,983040.0,983040.0,228.0,233472.0,233472.0
1,NOG-ZO,3,0.02,descriptive,True,236.0,241664.0,241664.0,0.0188677459955215,960.0,983040.0,983040.0,236.0,241664.0,241664.0
1,NOG-ZO,3,0.018,descriptive,True,240.0,245760.0,245760.0,0.0157694295048713,960.0,983040.0,983040.0,240.0,245760.0,245760.0
1,NOG-ZO,3,0.016,descriptive,True,240.0,245760.0,245760.0,0.0157694295048713,960.0,983040.0,983040.0,240.0,245760.0,245760.0
1,NOG-ZO,3,0.015,descriptive,True,244.0,249856.0,249856.0,0.0142428753897547,960.0,983040.0,983040.0,244.0,249856.0,249856.0
1,NOG-ZO,3,0.01,descriptive,False,,,,,960.0,983040.0,983040.0,960.0,983040.0,983040.0
1,NOG-ZO,4,0.05,primary,True,216.0,221184.0,221184.0,0.0450067445635795,960.0,983040.0,983040.0,216.0,221184.0,221184.0
1,NOG-ZO,4,0.03,descriptive,True,228.0,233472.0,233472.0,0.0292883142828941,960.0,983040.0,983040.0,228.0,233472.0,233472.0
1,NOG-ZO,4,0.02,descriptive,True,236.0,241664.0,241664.0,0.0192793104797601,960.0,983040.0,983040.0,236.0,241664.0,241664.0
1,NOG-ZO,4,0.018,descriptive,True,240.0,245760.0,245760.0,0.0158542040735483,960.0,983040.0,983040.0,240.0,245760.0,245760.0
1,NOG-ZO,4,0.016,descriptive,True,240.0,245760.0,245760.0,0.0158542040735483,960.0,983040.0,983040.0,240.0,245760.0,245760.0
1,NOG-ZO,4,0.015,descriptive,True,244.0,249856.0,249856.0,0.0140909645706415,960.0,983040.0,983040.0,244.0,249856.0,249856.0
1,NOG-ZO,4,0.01,descriptive,False,,,,,960.0,983040.0,983040.0,960.0,983040.0,983040.0
1,NOG-ZO,5,0.05,primary,True,216.0,221184.0,221184.0,0.0451723597943782,960.0,983040.0,983040.0,216.0,221184.0,221184.0
1,NOG-ZO,5,0.03,descriptive,True,228.0,233472.0,233472.0,0.0287231914699077,960.0,983040.0,983040.0,228.0,233472.0,233472.0
1,NOG-ZO,5,0.02,descriptive,True,236.0,241664.0,241664.0,0.0197475459426641,960.0,983040.0,983040.0,236.0,241664.0,241664.0
1,NOG-ZO,5,0.018,descriptive,True,240.0,245760.0,245760.0,0.0165926981717348,960.0,983040.0,983040.0,240.0,245760.0,245760.0
1,NOG-ZO,5,0.016,descriptive,True,244.0,249856.0,249856.0,0.0144174359738826,960.0,983040.0,983040.0,244.0,249856.0,249856.0
1,NOG-ZO,5,0.015,descriptive,True,244.0,249856.0,249856.0,0.0144174359738826,960.0,983040.0,983040.0,244.0,249856.0,249856.0
1,NOG-ZO,5,0.01,descriptive,False,,,,,960.0,983040.0,983040.0,960.0,983040.0,983040.0
1,NOG-ZO,6,0.05,primary,True,212.0,217088.0,217088.0,0.0497689731419086,960.0,983040.0,983040.0,212.0,217088.0,217088.0
1,NOG-ZO,6,0.03,descriptive,True,228.0,233472.0,233472.0,0.0280389189720153,960.0,983040.0,983040.0,228.0,233472.0,233472.0
1,NOG-ZO,6,0.02,descriptive,True,236.0,241664.0,241664.0,0.0194699671119451,960.0,983040.0,983040.0,236.0,241664.0,241664.0
1,NOG-ZO,6,0.018,descriptive,True,240.0,245760.0,245760.0,0.016256358474493,960.0,983040.0,983040.0,240.0,245760.0,245760.0
1,NOG-ZO,6,0.016,descriptive,True,244.0,249856.0,249856.0,0.0148071963340044,960.0,983040.0,983040.0,244.0,249856.0,249856.0
1,NOG-ZO,6,0.015,descriptive,False,,,,,960.0,983040.0,983040.0,960.0,983040.0,983040.0
1,NOG-ZO,6,0.01,descriptive,False,,,,,960.0,983040.0,983040.0,960.0,983040.0,983040.0
1,NOG-ZO,7,0.05,primary,True,216.0,221184.0,221184.0,0.0457577407360076,960.0,983040.0,983040.0,216.0,221184.0,221184.0
1,NOG-ZO,7,0.03,descriptive,True,228.0,233472.0,233472.0,0.0289684105664491,960.0,983040.0,983040.0,228.0,233472.0,233472.0
1,NOG-ZO,7,0.02,descriptive,True,236.0,241664.0,241664.0,0.0194357894361019,960.0,983040.0,983040.0,236.0,241664.0,241664.0
1,NOG-ZO,7,0.018,descriptive,True,240.0,245760.0,245760.0,0.015651885420084,960.0,983040.0,983040.0,240.0,245760.0,245760.0
1,NOG-ZO,7,0.016,descriptive,True,240.0,245760.0,245760.0,0.015651885420084,960.0,983040.0,983040.0,240.0,245760.0,245760.0
1,NOG-ZO,7,0.015,descriptive,True,244.0,249856.0,249856.0,0.0128028010949492,960.0,983040.0,983040.0,244.0,249856.0,249856.0
1,NOG-ZO,7,0.01,descriptive,False,,,,,960.0,983040.0,983040.0,960.0,983040.0,983040.0
1,NOG-ZO,8,0.05,primary,True,212.0,217088.0,217088.0,0.0481173656880855,960.0,983040.0,983040.0,212.0,217088.0,217088.0
1,NOG-ZO,8,0.03,descriptive,True,228.0,233472.0,233472.0,0.0250954646617174,960.0,983040.0,983040.0,228.0,233472.0,233472.0
1,NOG-ZO,8,0.02,descriptive,True,236.0,241664.0,241664.0,0.0164046641439199,960.0,983040.0,983040.0,236.0,241664.0,241664.0
1,NOG-ZO,8,0.018,descriptive,True,236.0,241664.0,241664.0,0.0164046641439199,960.0,983040.0,983040.0,236.0,241664.0,241664.0
1,NOG-ZO,8,0.016,descriptive,True,240.0,245760.0,245760.0,0.0138330273330211,960.0,983040.0,983040.0,240.0,245760.0,245760.0
1,NOG-ZO,8,0.015,descriptive,True,240.0,245760.0,245760.0,0.0138330273330211,960.0,983040.0,983040.0,240.0,245760.0,245760.0
1,NOG-ZO,8,0.01,descriptive,False,,,,,960.0,983040.0,983040.0,960.0,983040.0,983040.0
1,NOG-ZO,9,0.05,primary,True,216.0,221184.0,221184.0,0.0467192307114601,960.0,983040.0,983040.0,216.0,221184.0,221184.0
1,NOG-ZO,9,0.03,descriptive,True,228.0,233472.0,233472.0,0.0298193413764238,960.0,983040.0,983040.0,228.0,233472.0,233472.0
1,NOG-ZO,9,0.02,descriptive,True,240.0,245760.0,245760.0,0.0163704585283994,960.0,983040.0,983040.0,240.0,245760.0,245760.0
1,NOG-ZO,9,0.018,descriptive,True,240.0,245760.0,245760.0,0.0163704585283994,960.0,983040.0,983040.0,240.0,245760.0,245760.0
1,NOG-ZO,9,0.016,descriptive,True,244.0,249856.0,249856.0,0.0140902418643236,960.0,983040.0,983040.0,244.0,249856.0,249856.0
1,NOG-ZO,9,0.015,descriptive,True,244.0,249856.0,249856.0,0.0140902418643236,960.0,983040.0,983040.0,244.0,249856.0,249856.0
1,NOG-ZO,9,0.01,descriptive,False,,,,,960.0,983040.0,983040.0,960.0,983040.0,983040.0
1,NOG-ZO,10,0.05,primary,True,212.0,217088.0,217088.0,0.0491174831986427,960.0,983040.0,983040.0,212.0,217088.0,217088.0
1,NOG-ZO,10,0.03,descriptive,True,228.0,233472.0,233472.0,0.027275625616312,960.0,983040.0,983040.0,228.0,233472.0,233472.0
1,NOG-ZO,10,0.02,descriptive,True,236.0,241664.0,241664.0,0.0179258435964584,960.0,983040.0,983040.0,236.0,241664.0,241664.0
1,NOG-ZO,10,0.018,descriptive,True,236.0,241664.0,241664.0,0.0179258435964584,960.0,983040.0,983040.0,236.0,241664.0,241664.0
1,NOG-ZO,10,0.016,descriptive,True,240.0,245760.0,245760.0,0.014680084772408,960.0,983040.0,983040.0,240.0,245760.0,245760.0
1,NOG-ZO,10,0.015,descriptive,True,240.0,245760.0,245760.0,0.014680084772408,960.0,983040.0,983040.0,240.0,245760.0,245760.0
1,NOG-ZO,10,0.01,descriptive,False,,,,,960.0,983040.0,983040.0,960.0,983040.0,983040.0
1,NOG-ZO,11,0.05,primary,True,212.0,217088.0,217088.0,0.0490946136415004,960.0,983040.0,983040.0,212.0,217088.0,217088.0
1,NOG-ZO,11,0.03,descriptive,True,228.0,233472.0,233472.0,0.0278445445001125,960.0,983040.0,983040.0,228.0,233472.0,233472.0
1,NOG-ZO,11,0.02,descriptive,True,236.0,241664.0,241664.0,0.0190744288265705,960.0,983040.0,983040.0,236.0,241664.0,241664.0
1,NOG-ZO,11,0.018,descriptive,True,240.0,245760.0,245760.0,0.0165515560656785,960.0,983040.0,983040.0,240.0,245760.0,245760.0
1,NOG-ZO,11,0.016,descriptive,False,,,,,960.0,983040.0,983040.0,960.0,983040.0,983040.0
1,NOG-ZO,11,0.015,descriptive,False,,,,,960.0,983040.0,983040.0,960.0,983040.0,983040.0
1,NOG-ZO,11,0.01,descriptive,False,,,,,960.0,983040.0,983040.0,960.0,983040.0,983040.0
1,NOG-ZO,12,0.05,primary,True,216.0,221184.0,221184.0,0.0447455719113349,960.0,983040.0,983040.0,216.0,221184.0,221184.0
1,NOG-ZO,12,0.03,descriptive,True,228.0,233472.0,233472.0,0.0284183286130428,960.0,983040.0,983040.0,228.0,233472.0,233472.0
1,NOG-ZO,12,0.02,descriptive,True,236.0,241664.0,241664.0,0.0193457398563623,960.0,983040.0,983040.0,236.0,241664.0,241664.0
1,NOG-ZO,12,0.018,descriptive,True,240.0,245760.0,245760.0,0.0158867463469505,960.0,983040.0,983040.0,240.0,245760.0,245760.0
1,NOG-ZO,12,0.016,descriptive,True,240.0,245760.0,245760.0,0.0158867463469505,960.0,983040.0,983040.0,240.0,245760.0,245760.0
1,NOG-ZO,12,0.015,descriptive,True,244.0,249856.0,249856.0,0.0137438550591468,960.0,983040.0,983040.0,244.0,249856.0,249856.0
1,NOG-ZO,12,0.01,descriptive,False,,,,,960.0,983040.0,983040.0,960.0,983040.0,983040.0
1,NOG-ZO,13,0.05,primary,True,216.0,221184.0,221184.0,0.0484982132911682,960.0,983040.0,983040.0,216.0,221184.0,221184.0
1,NOG-ZO,13,0.03,descriptive,True,232.0,237568.0,237568.0,0.0272773019969463,960.0,983040.0,983040.0,232.0,237568.0,237568.0
1,NOG-ZO,13,0.02,descriptive,True,240.0,245760.0,245760.0,0.0186294037848711,960.0,983040.0,983040.0,240.0,245760.0,245760.0
1,NOG-ZO,13,0.018,descriptive,True,244.0,249856.0,249856.0,0.0151555361226201,960.0,983040.0,983040.0,244.0,249856.0,249856.0
1,NOG-ZO,13,0.016,descriptive,True,244.0,249856.0,249856.0,0.0151555361226201,960.0,983040.0,983040.0,244.0,249856.0,249856.0
1,NOG-ZO,13,0.015,descriptive,True,248.0,253952.0,253952.0,0.0139421839267015,960.0,983040.0,983040.0,248.0,253952.0,253952.0
1,NOG-ZO,13,0.01,descriptive,False,,,,,960.0,983040.0,983040.0,960.0,983040.0,983040.0
1,NOG-ZO,14,0.05,primary,True,212.0,217088.0,217088.0,0.0463715493679046,960.0,983040.0,983040.0,212.0,217088.0,217088.0
1,NOG-ZO,14,0.03,descriptive,True,224.0,229376.0,229376.0,0.0289935283362865,960.0,983040.0,983040.0,224.0,229376.0,229376.0
1,NOG-ZO,14,0.02,descriptive,True,236.0,241664.0,241664.0,0.0166123248636722,960.0,983040.0,983040.0,236.0,241664.0,241664.0
1,NOG-ZO,14,0.018,descriptive,True,236.0,241664.0,241664.0,0.0166123248636722,960.0,983040.0,983040.0,236.0,241664.0,241664.0
1,NOG-ZO,14,0.016,descriptive,True,240.0,245760.0,245760.0,0.0149007542058825,960.0,983040.0,983040.0,240.0,245760.0,245760.0
1,NOG-ZO,14,0.015,descriptive,False,,,,,960.0,983040.0,983040.0,960.0,983040.0,983040.0
1,NOG-ZO,14,0.01,descriptive,False,,,,,960.0,983040.0,983040.0,960.0,983040.0,983040.0
1,NOG-ZO,15,0.05,primary,True,216.0,221184.0,221184.0,0.0473516695201396,960.0,983040.0,983040.0,216.0,221184.0,221184.0
1,NOG-ZO,15,0.03,descriptive,True,232.0,237568.0,237568.0,0.0260673183947801,960.0,983040.0,983040.0,232.0,237568.0,237568.0
1,NOG-ZO,15,0.02,descriptive,True,240.0,245760.0,245760.0,0.0170925501734018,960.0,983040.0,983040.0,240.0,245760.0,245760.0
1,NOG-ZO,15,0.018,descriptive,True,240.0,245760.0,245760.0,0.0170925501734018,960.0,983040.0,983040.0,240.0,245760.0,245760.0
1,NOG-ZO,15,0.016,descriptive,True,244.0,249856.0,249856.0,0.0140571510419249,960.0,983040.0,983040.0,244.0,249856.0,249856.0
1,NOG-ZO,15,0.015,descriptive,True,244.0,249856.0,249856.0,0.0140571510419249,960.0,983040.0,983040.0,244.0,249856.0,249856.0
1,NOG-ZO,15,0.01,descriptive,False,,,,,960.0,983040.0,983040.0,960.0,983040.0,983040.0
1,NOG-ZO,16,0.05,primary,True,212.0,217088.0,217088.0,0.048044130206108,960.0,983040.0,983040.0,212.0,217088.0,217088.0
1,NOG-ZO,16,0.03,descriptive,True,228.0,233472.0,233472.0,0.0262460429221391,960.0,983040.0,983040.0,228.0,233472.0,233472.0
1,NOG-ZO,16,0.02,descriptive,True,236.0,241664.0,241664.0,0.017900651320815,960.0,983040.0,983040.0,236.0,241664.0,241664.0
1,NOG-ZO,16,0.018,descriptive,True,236.0,241664.0,241664.0,0.017900651320815,960.0,983040.0,983040.0,236.0,241664.0,241664.0
1,NOG-ZO,16,0.016,descriptive,True,240.0,245760.0,245760.0,0.0150440409779548,960.0,983040.0,983040.0,240.0,245760.0,245760.0
1,NOG-ZO,16,0.015,descriptive,False,,,,,960.0,983040.0,983040.0,960.0,983040.0,983040.0
1,NOG-ZO,16,0.01,descriptive,False,,,,,960.0,983040.0,983040.0,960.0,983040.0,983040.0
1,NOG-ZO,17,0.05,primary,True,216.0,221184.0,221184.0,0.0472706221044063,960.0,983040.0,983040.0,216.0,221184.0,221184.0
1,NOG-ZO,17,0.03,descriptive,True,228.0,233472.0,233472.0,0.0298057440668344,960.0,983040.0,983040.0,228.0,233472.0,233472.0
1,NOG-ZO,17,0.02,descriptive,True,240.0,245760.0,245760.0,0.0169284455478191,960.0,983040.0,983040.0,240.0,245760.0,245760.0
1,NOG-ZO,17,0.018,descriptive,True,240.0,245760.0,245760.0,0.0169284455478191,960.0,983040.0,983040.0,240.0,245760.0,245760.0
1,NOG-ZO,17,0.016,descriptive,True,244.0,249856.0,249856.0,0.0143969906494021,960.0,983040.0,983040.0,244.0,249856.0,249856.0
1,NOG-ZO,17,0.015,descriptive,True,244.0,249856.0,249856.0,0.0143969906494021,960.0,983040.0,983040.0,244.0,249856.0,249856.0
1,NOG-ZO,17,0.01,descriptive,False,,,,,960.0,983040.0,983040.0,960.0,983040.0,983040.0
1,NOG-ZO,18,0.05,primary,True,212.0,217088.0,217088.0,0.0477913990616798,960.0,983040.0,983040.0,212.0,217088.0,217088.0
1,NOG-ZO,18,0.03,descriptive,True,228.0,233472.0,233472.0,0.0254599340260028,960.0,983040.0,983040.0,228.0,233472.0,233472.0
1,NOG-ZO,18,0.02,descriptive,True,236.0,241664.0,241664.0,0.0167292542755603,960.0,983040.0,983040.0,236.0,241664.0,241664.0
1,NOG-ZO,18,0.018,descriptive,True,236.0,241664.0,241664.0,0.0167292542755603,960.0,983040.0,983040.0,236.0,241664.0,241664.0
1,NOG-ZO,18,0.016,descriptive,True,240.0,245760.0,245760.0,0.0146436542272567,960.0,983040.0,983040.0,240.0,245760.0,245760.0
1,NOG-ZO,18,0.015,descriptive,True,240.0,245760.0,245760.0,0.0146436542272567,960.0,983040.0,983040.0,240.0,245760.0,245760.0
1,NOG-ZO,18,0.01,descriptive,False,,,,,960.0,983040.0,983040.0,960.0,983040.0,983040.0
1,NOG-ZO,19,0.05,primary,True,216.0,221184.0,221184.0,0.0463859885931015,960.0,983040.0,983040.0,216.0,221184.0,221184.0
1,NOG-ZO,19,0.03,descriptive,True,228.0,233472.0,233472.0,0.0299392938613891,960.0,983040.0,983040.0,228.0,233472.0,233472.0
1,NOG-ZO,19,0.02,descriptive,True,240.0,245760.0,245760.0,0.0167350899428129,960.0,983040.0,983040.0,240.0,245760.0,245760.0
1,NOG-ZO,19,0.018,descriptive,True,240.0,245760.0,245760.0,0.0167350899428129,960.0,983040.0,983040.0,240.0,245760.0,245760.0
1,NOG-ZO,19,0.016,descriptive,True,244.0,249856.0,249856.0,0.0145030999556183,960.0,983040.0,983040.0,244.0,249856.0,249856.0
1,NOG-ZO,19,0.015,descriptive,True,244.0,249856.0,249856.0,0.0145030999556183,960.0,983040.0,983040.0,244.0,249856.0,249856.0
1,NOG-ZO,19,0.01,descriptive,False,,,,,960.0,983040.0,983040.0,960.0,983040.0,983040.0
1,ME-DOL-ZO,0,0.05,primary,True,396.0,12672.0,12672.0,0.0454527698457241,30720.0,983040.0,983040.0,396.0,12672.0,12672.0
1,ME-DOL-ZO,0,0.03,descriptive,False,,,,,30720.0,983040.0,983040.0,30720.0,983040.0,983040.0
1,ME-DOL-ZO,0,0.02,descriptive,False,,,,,30720.0,983040.0,983040.0,30720.0,983040.0,983040.0
1,ME-DOL-ZO,0,0.018,descriptive,False,,,,,30720.0,983040.0,983040.0,30720.0,983040.0,983040.0
1,ME-DOL-ZO,0,0.016,descriptive,False,,,,,30720.0,983040.0,983040.0,30720.0,983040.0,983040.0
1,ME-DOL-ZO,0,0.015,descriptive,False,,,,,30720.0,983040.0,983040.0,30720.0,983040.0,983040.0
1,ME-DOL-ZO,0,0.01,descriptive,False,,,,,30720.0,983040.0,983040.0,30720.0,983040.0,983040.0
1,ME-DOL-ZO,1,0.05,primary,True,396.0,12672.0,12672.0,0.0470976196229457,30720.0,983040.0,983040.0,396.0,12672.0,12672.0
1,ME-DOL-ZO,1,0.03,descriptive,False,,,,,30720.0,983040.0,983040.0,30720.0,983040.0,983040.0
1,ME-DOL-ZO,1,0.02,descriptive,False,,,,,30720.0,983040.0,983040.0,30720.0,983040.0,983040.0
1,ME-DOL-ZO,1,0.018,descriptive,False,,,,,30720.0,983040.0,983040.0,30720.0,983040.0,983040.0
1,ME-DOL-ZO,1,0.016,descriptive,False,,,,,30720.0,983040.0,983040.0,30720.0,983040.0,983040.0
1,ME-DOL-ZO,1,0.015,descriptive,False,,,,,30720.0,983040.0,983040.0,30720.0,983040.0,983040.0
1,ME-DOL-ZO,1,0.01,descriptive,False,,,,,30720.0,983040.0,983040.0,30720.0,983040.0,983040.0
1,ME-DOL-ZO,2,0.05,primary,True,396.0,12672.0,12672.0,0.0445996448397636,30720.0,983040.0,983040.0,396.0,12672.0,12672.0
1,ME-DOL-ZO,2,0.03,descriptive,False,,,,,30720.0,983040.0,983040.0,30720.0,983040.0,983040.0
1,ME-DOL-ZO,2,0.02,descriptive,False,,,,,30720.0,983040.0,983040.0,30720.0,983040.0,983040.0
1,ME-DOL-ZO,2,0.018,descriptive,False,,,,,30720.0,983040.0,983040.0,30720.0,983040.0,983040.0
1,ME-DOL-ZO,2,0.016,descriptive,False,,,,,30720.0,983040.0,983040.0,30720.0,983040.0,983040.0
1,ME-DOL-ZO,2,0.015,descriptive,False,,,,,30720.0,983040.0,983040.0,30720.0,983040.0,983040.0
1,ME-DOL-ZO,2,0.01,descriptive,False,,,,,30720.0,983040.0,983040.0,30720.0,983040.0,983040.0
1,ME-DOL-ZO,3,0.05,primary,True,396.0,12672.0,12672.0,0.042058989405632,30720.0,983040.0,983040.0,396.0,12672.0,12672.0
1,ME-DOL-ZO,3,0.03,descriptive,False,,,,,30720.0,983040.0,983040.0,30720.0,983040.0,983040.0
1,ME-DOL-ZO,3,0.02,descriptive,False,,,,,30720.0,983040.0,983040.0,30720.0,983040.0,983040.0
1,ME-DOL-ZO,3,0.018,descriptive,False,,,,,30720.0,983040.0,983040.0,30720.0,983040.0,983040.0
1,ME-DOL-ZO,3,0.016,descriptive,False,,,,,30720.0,983040.0,983040.0,30720.0,983040.0,983040.0
1,ME-DOL-ZO,3,0.015,descriptive,False,,,,,30720.0,983040.0,983040.0,30720.0,983040.0,983040.0
1,ME-DOL-ZO,3,0.01,descriptive,False,,,,,30720.0,983040.0,983040.0,30720.0,983040.0,983040.0
1,ME-DOL-ZO,4,0.05,primary,True,300.0,9600.0,9600.0,0.0386206693947315,30720.0,983040.0,983040.0,300.0,9600.0,9600.0
1,ME-DOL-ZO,4,0.03,descriptive,False,,,,,30720.0,983040.0,983040.0,30720.0,983040.0,983040.0
1,ME-DOL-ZO,4,0.02,descriptive,False,,,,,30720.0,983040.0,983040.0,30720.0,983040.0,983040.0
1,ME-DOL-ZO,4,0.018,descriptive,False,,,,,30720.0,983040.0,983040.0,30720.0,983040.0,983040.0
1,ME-DOL-ZO,4,0.016,descriptive,False,,,,,30720.0,983040.0,983040.0,30720.0,983040.0,983040.0
1,ME-DOL-ZO,4,0.015,descriptive,False,,,,,30720.0,983040.0,983040.0,30720.0,983040.0,983040.0
1,ME-DOL-ZO,4,0.01,descriptive,False,,,,,30720.0,983040.0,983040.0,30720.0,983040.0,983040.0
1,ME-DOL-ZO,5,0.05,primary,True,396.0,12672.0,12672.0,0.0434054285287857,30720.0,983040.0,983040.0,396.0,12672.0,12672.0
1,ME-DOL-ZO,5,0.03,descriptive,False,,,,,30720.0,983040.0,983040.0,30720.0,983040.0,983040.0
1,ME-DOL-ZO,5,0.02,descriptive,False,,,,,30720.0,983040.0,983040.0,30720.0,983040.0,983040.0
1,ME-DOL-ZO,5,0.018,descriptive,False,,,,,30720.0,983040.0,983040.0,30720.0,983040.0,983040.0
1,ME-DOL-ZO,5,0.016,descriptive,False,,,,,30720.0,983040.0,983040.0,30720.0,983040.0,983040.0
1,ME-DOL-ZO,5,0.015,descriptive,False,,,,,30720.0,983040.0,983040.0,30720.0,983040.0,983040.0
1,ME-DOL-ZO,5,0.01,descriptive,False,,,,,30720.0,983040.0,983040.0,30720.0,983040.0,983040.0
1,ME-DOL-ZO,6,0.05,primary,True,300.0,9600.0,9600.0,0.0467971675097942,30720.0,983040.0,983040.0,300.0,9600.0,9600.0
1,ME-DOL-ZO,6,0.03,descriptive,False,,,,,30720.0,983040.0,983040.0,30720.0,983040.0,983040.0
1,ME-DOL-ZO,6,0.02,descriptive,False,,,,,30720.0,983040.0,983040.0,30720.0,983040.0,983040.0
1,ME-DOL-ZO,6,0.018,descriptive,False,,,,,30720.0,983040.0,983040.0,30720.0,983040.0,983040.0
1,ME-DOL-ZO,6,0.016,descriptive,False,,,,,30720.0,983040.0,983040.0,30720.0,983040.0,983040.0
1,ME-DOL-ZO,6,0.015,descriptive,False,,,,,30720.0,983040.0,983040.0,30720.0,983040.0,983040.0
1,ME-DOL-ZO,6,0.01,descriptive,False,,,,,30720.0,983040.0,983040.0,30720.0,983040.0,983040.0
1,ME-DOL-ZO,7,0.05,primary,True,396.0,12672.0,12672.0,0.0413784272968769,30720.0,983040.0,983040.0,396.0,12672.0,12672.0
1,ME-DOL-ZO,7,0.03,descriptive,False,,,,,30720.0,983040.0,983040.0,30720.0,983040.0,983040.0
1,ME-DOL-ZO,7,0.02,descriptive,False,,,,,30720.0,983040.0,983040.0,30720.0,983040.0,983040.0
1,ME-DOL-ZO,7,0.018,descriptive,False,,,,,30720.0,983040.0,983040.0,30720.0,983040.0,983040.0
1,ME-DOL-ZO,7,0.016,descriptive,False,,,,,30720.0,983040.0,983040.0,30720.0,983040.0,983040.0
1,ME-DOL-ZO,7,0.015,descriptive,False,,,,,30720.0,983040.0,983040.0,30720.0,983040.0,983040.0
1,ME-DOL-ZO,7,0.01,descriptive,False,,,,,30720.0,983040.0,983040.0,30720.0,983040.0,983040.0
1,ME-DOL-ZO,8,0.05,primary,True,300.0,9600.0,9600.0,0.04381088539958,30720.0,983040.0,983040.0,300.0,9600.0,9600.0
1,ME-DOL-ZO,8,0.03,descriptive,False,,,,,30720.0,983040.0,983040.0,30720.0,983040.0,983040.0
1,ME-DOL-ZO,8,0.02,descriptive,False,,,,,30720.0,983040.0,983040.0,30720.0,983040.0,983040.0
1,ME-DOL-ZO,8,0.018,descriptive,False,,,,,30720.0,983040.0,983040.0,30720.0,983040.0,983040.0
1,ME-DOL-ZO,8,0.016,descriptive,False,,,,,30720.0,983040.0,983040.0,30720.0,983040.0,983040.0
1,ME-DOL-ZO,8,0.015,descriptive,False,,,,,30720.0,983040.0,983040.0,30720.0,983040.0,983040.0
1,ME-DOL-ZO,8,0.01,descriptive,False,,,,,30720.0,983040.0,983040.0,30720.0,983040.0,983040.0
1,ME-DOL-ZO,9,0.05,primary,True,300.0,9600.0,9600.0,0.0440709628164768,30720.0,983040.0,983040.0,300.0,9600.0,9600.0
1,ME-DOL-ZO,9,0.03,descriptive,False,,,,,30720.0,983040.0,983040.0,30720.0,983040.0,983040.0
1,ME-DOL-ZO,9,0.02,descriptive,False,,,,,30720.0,983040.0,983040.0,30720.0,983040.0,983040.0
1,ME-DOL-ZO,9,0.018,descriptive,False,,,,,30720.0,983040.0,983040.0,30720.0,983040.0,983040.0
1,ME-DOL-ZO,9,0.016,descriptive,False,,,,,30720.0,983040.0,983040.0,30720.0,983040.0,983040.0
1,ME-DOL-ZO,9,0.015,descriptive,False,,,,,30720.0,983040.0,983040.0,30720.0,983040.0,983040.0
1,ME-DOL-ZO,9,0.01,descriptive,False,,,,,30720.0,983040.0,983040.0,30720.0,983040.0,983040.0
1,ME-DOL-ZO,10,0.05,primary,True,300.0,9600.0,9600.0,0.0486439988017082,30720.0,983040.0,983040.0,300.0,9600.0,9600.0
1,ME-DOL-ZO,10,0.03,descriptive,False,,,,,30720.0,983040.0,983040.0,30720.0,983040.0,983040.0
1,ME-DOL-ZO,10,0.02,descriptive,False,,,,,30720.0,983040.0,983040.0,30720.0,983040.0,983040.0
1,ME-DOL-ZO,10,0.018,descriptive,False,,,,,30720.0,983040.0,983040.0,30720.0,983040.0,983040.0
1,ME-DOL-ZO,10,0.016,descriptive,False,,,,,30720.0,983040.0,983040.0,30720.0,983040.0,983040.0
1,ME-DOL-ZO,10,0.015,descriptive,False,,,,,30720.0,983040.0,983040.0,30720.0,983040.0,983040.0
1,ME-DOL-ZO,10,0.01,descriptive,False,,,,,30720.0,983040.0,983040.0,30720.0,983040.0,983040.0
1,ME-DOL-ZO,11,0.05,primary,True,300.0,9600.0,9600.0,0.0491944253444671,30720.0,983040.0,983040.0,300.0,9600.0,9600.0
1,ME-DOL-ZO,11,0.03,descriptive,False,,,,,30720.0,983040.0,983040.0,30720.0,983040.0,983040.0
1,ME-DOL-ZO,11,0.02,descriptive,False,,,,,30720.0,983040.0,983040.0,30720.0,983040.0,983040.0
1,ME-DOL-ZO,11,0.018,descriptive,False,,,,,30720.0,983040.0,983040.0,30720.0,983040.0,983040.0
1,ME-DOL-ZO,11,0.016,descriptive,False,,,,,30720.0,983040.0,983040.0,30720.0,983040.0,983040.0
1,ME-DOL-ZO,11,0.015,descriptive,False,,,,,30720.0,983040.0,983040.0,30720.0,983040.0,983040.0
1,ME-DOL-ZO,11,0.01,descriptive,False,,,,,30720.0,983040.0,983040.0,30720.0,983040.0,983040.0
1,ME-DOL-ZO,12,0.05,primary,True,300.0,9600.0,9600.0,0.040915984660387,30720.0,983040.0,983040.0,300.0,9600.0,9600.0
1,ME-DOL-ZO,12,0.03,descriptive,False,,,,,30720.0,983040.0,983040.0,30720.0,983040.0,983040.0
1,ME-DOL-ZO,12,0.02,descriptive,False,,,,,30720.0,983040.0,983040.0,30720.0,983040.0,983040.0
1,ME-DOL-ZO,12,0.018,descriptive,False,,,,,30720.0,983040.0,983040.0,30720.0,983040.0,983040.0
1,ME-DOL-ZO,12,0.016,descriptive,False,,,,,30720.0,983040.0,983040.0,30720.0,983040.0,983040.0
1,ME-DOL-ZO,12,0.015,descriptive,False,,,,,30720.0,983040.0,983040.0,30720.0,983040.0,983040.0
1,ME-DOL-ZO,12,0.01,descriptive,False,,,,,30720.0,983040.0,983040.0,30720.0,983040.0,983040.0
1,ME-DOL-ZO,13,0.05,primary,True,396.0,12672.0,12672.0,0.0450735986232757,30720.0,983040.0,983040.0,396.0,12672.0,12672.0
1,ME-DOL-ZO,13,0.03,descriptive,False,,,,,30720.0,983040.0,983040.0,30720.0,983040.0,983040.0
1,ME-DOL-ZO,13,0.02,descriptive,False,,,,,30720.0,983040.0,983040.0,30720.0,983040.0,983040.0
1,ME-DOL-ZO,13,0.018,descriptive,False,,,,,30720.0,983040.0,983040.0,30720.0,983040.0,983040.0
1,ME-DOL-ZO,13,0.016,descriptive,False,,,,,30720.0,983040.0,983040.0,30720.0,983040.0,983040.0
1,ME-DOL-ZO,13,0.015,descriptive,False,,,,,30720.0,983040.0,983040.0,30720.0,983040.0,983040.0
1,ME-DOL-ZO,13,0.01,descriptive,False,,,,,30720.0,983040.0,983040.0,30720.0,983040.0,983040.0
1,ME-DOL-ZO,14,0.05,primary,True,396.0,12672.0,12672.0,0.0427336245775222,30720.0,983040.0,983040.0,396.0,12672.0,12672.0
1,ME-DOL-ZO,14,0.03,descriptive,False,,,,,30720.0,983040.0,983040.0,30720.0,983040.0,983040.0
1,ME-DOL-ZO,14,0.02,descriptive,False,,,,,30720.0,983040.0,983040.0,30720.0,983040.0,983040.0
1,ME-DOL-ZO,14,0.018,descriptive,False,,,,,30720.0,983040.0,983040.0,30720.0,983040.0,983040.0
1,ME-DOL-ZO,14,0.016,descriptive,False,,,,,30720.0,983040.0,983040.0,30720.0,983040.0,983040.0
1,ME-DOL-ZO,14,0.015,descriptive,False,,,,,30720.0,983040.0,983040.0,30720.0,983040.0,983040.0
1,ME-DOL-ZO,14,0.01,descriptive,False,,,,,30720.0,983040.0,983040.0,30720.0,983040.0,983040.0
1,ME-DOL-ZO,15,0.05,primary,True,396.0,12672.0,12672.0,0.0433433167636394,30720.0,983040.0,983040.0,396.0,12672.0,12672.0
1,ME-DOL-ZO,15,0.03,descriptive,False,,,,,30720.0,983040.0,983040.0,30720.0,983040.0,983040.0
1,ME-DOL-ZO,15,0.02,descriptive,False,,,,,30720.0,983040.0,983040.0,30720.0,983040.0,983040.0
1,ME-DOL-ZO,15,0.018,descriptive,False,,,,,30720.0,983040.0,983040.0,30720.0,983040.0,983040.0
1,ME-DOL-ZO,15,0.016,descriptive,False,,,,,30720.0,983040.0,983040.0,30720.0,983040.0,983040.0
1,ME-DOL-ZO,15,0.015,descriptive,False,,,,,30720.0,983040.0,983040.0,30720.0,983040.0,983040.0
1,ME-DOL-ZO,15,0.01,descriptive,False,,,,,30720.0,983040.0,983040.0,30720.0,983040.0,983040.0
1,ME-DOL-ZO,16,0.05,primary,True,300.0,9600.0,9600.0,0.0454186908900737,30720.0,983040.0,983040.0,300.0,9600.0,9600.0
1,ME-DOL-ZO,16,0.03,descriptive,False,,,,,30720.0,983040.0,983040.0,30720.0,983040.0,983040.0
1,ME-DOL-ZO,16,0.02,descriptive,False,,,,,30720.0,983040.0,983040.0,30720.0,983040.0,983040.0
1,ME-DOL-ZO,16,0.018,descriptive,False,,,,,30720.0,983040.0,983040.0,30720.0,983040.0,983040.0
1,ME-DOL-ZO,16,0.016,descriptive,False,,,,,30720.0,983040.0,983040.0,30720.0,983040.0,983040.0
1,ME-DOL-ZO,16,0.015,descriptive,False,,,,,30720.0,983040.0,983040.0,30720.0,983040.0,983040.0
1,ME-DOL-ZO,16,0.01,descriptive,False,,,,,30720.0,983040.0,983040.0,30720.0,983040.0,983040.0
1,ME-DOL-ZO,17,0.05,primary,True,396.0,12672.0,12672.0,0.0487921833992004,30720.0,983040.0,983040.0,396.0,12672.0,12672.0
1,ME-DOL-ZO,17,0.03,descriptive,False,,,,,30720.0,983040.0,983040.0,30720.0,983040.0,983040.0
1,ME-DOL-ZO,17,0.02,descriptive,False,,,,,30720.0,983040.0,983040.0,30720.0,983040.0,983040.0
1,ME-DOL-ZO,17,0.018,descriptive,False,,,,,30720.0,983040.0,983040.0,30720.0,983040.0,983040.0
1,ME-DOL-ZO,17,0.016,descriptive,False,,,,,30720.0,983040.0,983040.0,30720.0,983040.0,983040.0
1,ME-DOL-ZO,17,0.015,descriptive,False,,,,,30720.0,983040.0,983040.0,30720.0,983040.0,983040.0
1,ME-DOL-ZO,17,0.01,descriptive,False,,,,,30720.0,983040.0,983040.0,30720.0,983040.0,983040.0
1,ME-DOL-ZO,18,0.05,primary,True,300.0,9600.0,9600.0,0.0465230494737625,30720.0,983040.0,983040.0,300.0,9600.0,9600.0
1,ME-DOL-ZO,18,0.03,descriptive,False,,,,,30720.0,983040.0,983040.0,30720.0,983040.0,983040.0
1,ME-DOL-ZO,18,0.02,descriptive,False,,,,,30720.0,983040.0,983040.0,30720.0,983040.0,983040.0
1,ME-DOL-ZO,18,0.018,descriptive,False,,,,,30720.0,983040.0,983040.0,30720.0,983040.0,983040.0
1,ME-DOL-ZO,18,0.016,descriptive,False,,,,,30720.0,983040.0,983040.0,30720.0,983040.0,983040.0
1,ME-DOL-ZO,18,0.015,descriptive,False,,,,,30720.0,983040.0,983040.0,30720.0,983040.0,983040.0
1,ME-DOL-ZO,18,0.01,descriptive,False,,,,,30720.0,983040.0,983040.0,30720.0,983040.0,983040.0
1,ME-DOL-ZO,19,0.05,primary,True,300.0,9600.0,9600.0,0.0376631692051887,30720.0,983040.0,983040.0,300.0,9600.0,9600.0
1,ME-DOL-ZO,19,0.03,descriptive,False,,,,,30720.0,983040.0,983040.0,30720.0,983040.0,983040.0
1,ME-DOL-ZO,19,0.02,descriptive,False,,,,,30720.0,983040.0,983040.0,30720.0,983040.0,983040.0
1,ME-DOL-ZO,19,0.018,descriptive,False,,,,,30720.0,983040.0,983040.0,30720.0,983040.0,983040.0
1,ME-DOL-ZO,19,0.016,descriptive,False,,,,,30720.0,983040.0,983040.0,30720.0,983040.0,983040.0
1,ME-DOL-ZO,19,0.015,descriptive,False,,,,,30720.0,983040.0,983040.0,30720.0,983040.0,983040.0
1,ME-DOL-ZO,19,0.01,descriptive,False,,,,,30720.0,983040.0,983040.0,30720.0,983040.0,983040.0
1,DGFM,0,0.05,primary,True,1408.0,22528.0,22528.0,0.0493364594876766,61440.0,983040.0,983040.0,1408.0,22528.0,22528.0
1,DGFM,0,0.03,descriptive,True,2112.0,33792.0,33792.0,0.0290318354964256,61440.0,983040.0,983040.0,2112.0,33792.0,33792.0
1,DGFM,0,0.02,descriptive,False,,,,,61440.0,983040.0,983040.0,61440.0,983040.0,983040.0
1,DGFM,0,0.018,descriptive,False,,,,,61440.0,983040.0,983040.0,61440.0,983040.0,983040.0
1,DGFM,0,0.016,descriptive,False,,,,,61440.0,983040.0,983040.0,61440.0,983040.0,983040.0
1,DGFM,0,0.015,descriptive,False,,,,,61440.0,983040.0,983040.0,61440.0,983040.0,983040.0
1,DGFM,0,0.01,descriptive,False,,,,,61440.0,983040.0,983040.0,61440.0,983040.0,983040.0
1,DGFM,1,0.05,primary,True,1152.0,18432.0,18432.0,0.0495619885623455,61440.0,983040.0,983040.0,1152.0,18432.0,18432.0
1,DGFM,1,0.03,descriptive,True,1536.0,24576.0,24576.0,0.0282706823199987,61440.0,983040.0,983040.0,1536.0,24576.0,24576.0
1,DGFM,1,0.02,descriptive,False,,,,,61440.0,983040.0,983040.0,61440.0,983040.0,983040.0
1,DGFM,1,0.018,descriptive,False,,,,,61440.0,983040.0,983040.0,61440.0,983040.0,983040.0
1,DGFM,1,0.016,descriptive,False,,,,,61440.0,983040.0,983040.0,61440.0,983040.0,983040.0
1,DGFM,1,0.015,descriptive,False,,,,,61440.0,983040.0,983040.0,61440.0,983040.0,983040.0
1,DGFM,1,0.01,descriptive,False,,,,,61440.0,983040.0,983040.0,61440.0,983040.0,983040.0
1,DGFM,2,0.05,primary,True,1408.0,22528.0,22528.0,0.0455764308571815,61440.0,983040.0,983040.0,1408.0,22528.0,22528.0
1,DGFM,2,0.03,descriptive,True,2048.0,32768.0,32768.0,0.0270085930824279,61440.0,983040.0,983040.0,2048.0,32768.0,32768.0
1,DGFM,2,0.02,descriptive,False,,,,,61440.0,983040.0,983040.0,61440.0,983040.0,983040.0
1,DGFM,2,0.018,descriptive,False,,,,,61440.0,983040.0,983040.0,61440.0,983040.0,983040.0
1,DGFM,2,0.016,descriptive,False,,,,,61440.0,983040.0,983040.0,61440.0,983040.0,983040.0
1,DGFM,2,0.015,descriptive,False,,,,,61440.0,983040.0,983040.0,61440.0,983040.0,983040.0
1,DGFM,2,0.01,descriptive,False,,,,,61440.0,983040.0,983040.0,61440.0,983040.0,983040.0
1,DGFM,3,0.05,primary,True,1408.0,22528.0,22528.0,0.0473065227270126,61440.0,983040.0,983040.0,1408.0,22528.0,22528.0
1,DGFM,3,0.03,descriptive,True,1984.0,31744.0,31744.0,0.0292442925274372,61440.0,983040.0,983040.0,1984.0,31744.0,31744.0
1,DGFM,3,0.02,descriptive,True,46272.0,740352.0,740352.0,0.0199205800890922,61440.0,983040.0,983040.0,46272.0,740352.0,740352.0
1,DGFM,3,0.018,descriptive,False,,,,,61440.0,983040.0,983040.0,61440.0,983040.0,983040.0
1,DGFM,3,0.016,descriptive,False,,,,,61440.0,983040.0,983040.0,61440.0,983040.0,983040.0
1,DGFM,3,0.015,descriptive,False,,,,,61440.0,983040.0,983040.0,61440.0,983040.0,983040.0
1,DGFM,3,0.01,descriptive,False,,,,,61440.0,983040.0,983040.0,61440.0,983040.0,983040.0
1,DGFM,4,0.05,primary,True,1472.0,23552.0,23552.0,0.0497093796730041,61440.0,983040.0,983040.0,1472.0,23552.0,23552.0
1,DGFM,4,0.03,descriptive,True,1984.0,31744.0,31744.0,0.0289977025240659,61440.0,983040.0,983040.0,1984.0,31744.0,31744.0
1,DGFM,4,0.02,descriptive,False,,,,,61440.0,983040.0,983040.0,61440.0,983040.0,983040.0
1,DGFM,4,0.018,descriptive,False,,,,,61440.0,983040.0,983040.0,61440.0,983040.0,983040.0
1,DGFM,4,0.016,descriptive,False,,,,,61440.0,983040.0,983040.0,61440.0,983040.0,983040.0
1,DGFM,4,0.015,descriptive,False,,,,,61440.0,983040.0,983040.0,61440.0,983040.0,983040.0
1,DGFM,4,0.01,descriptive,False,,,,,61440.0,983040.0,983040.0,61440.0,983040.0,983040.0
1,DGFM,5,0.05,primary,True,1536.0,24576.0,24576.0,0.0476792715489864,61440.0,983040.0,983040.0,1536.0,24576.0,24576.0
1,DGFM,5,0.03,descriptive,True,2304.0,36864.0,36864.0,0.0285933744162321,61440.0,983040.0,983040.0,2304.0,36864.0,36864.0
1,DGFM,5,0.02,descriptive,False,,,,,61440.0,983040.0,983040.0,61440.0,983040.0,983040.0
1,DGFM,5,0.018,descriptive,False,,,,,61440.0,983040.0,983040.0,61440.0,983040.0,983040.0
1,DGFM,5,0.016,descriptive,False,,,,,61440.0,983040.0,983040.0,61440.0,983040.0,983040.0
1,DGFM,5,0.015,descriptive,False,,,,,61440.0,983040.0,983040.0,61440.0,983040.0,983040.0
1,DGFM,5,0.01,descriptive,False,,,,,61440.0,983040.0,983040.0,61440.0,983040.0,983040.0
1,DGFM,6,0.05,primary,True,1408.0,22528.0,22528.0,0.0426099710166454,61440.0,983040.0,983040.0,1408.0,22528.0,22528.0
1,DGFM,6,0.03,descriptive,True,1984.0,31744.0,31744.0,0.0296468026936054,61440.0,983040.0,983040.0,1984.0,31744.0,31744.0
1,DGFM,6,0.02,descriptive,False,,,,,61440.0,983040.0,983040.0,61440.0,983040.0,983040.0
1,DGFM,6,0.018,descriptive,False,,,,,61440.0,983040.0,983040.0,61440.0,983040.0,983040.0
1,DGFM,6,0.016,descriptive,False,,,,,61440.0,983040.0,983040.0,61440.0,983040.0,983040.0
1,DGFM,6,0.015,descriptive,False,,,,,61440.0,983040.0,983040.0,61440.0,983040.0,983040.0
1,DGFM,6,0.01,descriptive,False,,,,,61440.0,983040.0,983040.0,61440.0,983040.0,983040.0
1,DGFM,7,0.05,primary,True,1216.0,19456.0,19456.0,0.0494469664990901,61440.0,983040.0,983040.0,1216.0,19456.0,19456.0
1,DGFM,7,0.03,descriptive,True,2048.0,32768.0,32768.0,0.029008362442255,61440.0,983040.0,983040.0,2048.0,32768.0,32768.0
1,DGFM,7,0.02,descriptive,False,,,,,61440.0,983040.0,983040.0,61440.0,983040.0,983040.0
1,DGFM,7,0.018,descriptive,False,,,,,61440.0,983040.0,983040.0,61440.0,983040.0,983040.0
1,DGFM,7,0.016,descriptive,False,,,,,61440.0,983040.0,983040.0,61440.0,983040.0,983040.0
1,DGFM,7,0.015,descriptive,False,,,,,61440.0,983040.0,983040.0,61440.0,983040.0,983040.0
1,DGFM,7,0.01,descriptive,False,,,,,61440.0,983040.0,983040.0,61440.0,983040.0,983040.0
1,DGFM,8,0.05,primary,True,1408.0,22528.0,22528.0,0.0460235476493835,61440.0,983040.0,983040.0,1408.0,22528.0,22528.0
1,DGFM,8,0.03,descriptive,True,1920.0,30720.0,30720.0,0.0290013439953327,61440.0,983040.0,983040.0,1920.0,30720.0,30720.0
1,DGFM,8,0.02,descriptive,False,,,,,61440.0,983040.0,983040.0,61440.0,983040.0,983040.0
1,DGFM,8,0.018,descriptive,False,,,,,61440.0,983040.0,983040.0,61440.0,983040.0,983040.0
1,DGFM,8,0.016,descriptive,False,,,,,61440.0,983040.0,983040.0,61440.0,983040.0,983040.0
1,DGFM,8,0.015,descriptive,False,,,,,61440.0,983040.0,983040.0,61440.0,983040.0,983040.0
1,DGFM,8,0.01,descriptive,False,,,,,61440.0,983040.0,983040.0,61440.0,983040.0,983040.0
1,DGFM,9,0.05,primary,True,1472.0,23552.0,23552.0,0.0427337735891342,61440.0,983040.0,983040.0,1472.0,23552.0,23552.0
1,DGFM,9,0.03,descriptive,True,2176.0,34816.0,34816.0,0.027382893487811,61440.0,983040.0,983040.0,2176.0,34816.0,34816.0
1,DGFM,9,0.02,descriptive,False,,,,,61440.0,983040.0,983040.0,61440.0,983040.0,983040.0
1,DGFM,9,0.018,descriptive,False,,,,,61440.0,983040.0,983040.0,61440.0,983040.0,983040.0
1,DGFM,9,0.016,descriptive,False,,,,,61440.0,983040.0,983040.0,61440.0,983040.0,983040.0
1,DGFM,9,0.015,descriptive,False,,,,,61440.0,983040.0,983040.0,61440.0,983040.0,983040.0
1,DGFM,9,0.01,descriptive,False,,,,,61440.0,983040.0,983040.0,61440.0,983040.0,983040.0
1,DGFM,10,0.05,primary,True,1408.0,22528.0,22528.0,0.0498307347297668,61440.0,983040.0,983040.0,1408.0,22528.0,22528.0
1,DGFM,10,0.03,descriptive,True,2240.0,35840.0,35840.0,0.0293783955276012,61440.0,983040.0,983040.0,2240.0,35840.0,35840.0
1,DGFM,10,0.02,descriptive,False,,,,,61440.0,983040.0,983040.0,61440.0,983040.0,983040.0
1,DGFM,10,0.018,descriptive,False,,,,,61440.0,983040.0,983040.0,61440.0,983040.0,983040.0
1,DGFM,10,0.016,descriptive,False,,,,,61440.0,983040.0,983040.0,61440.0,983040.0,983040.0
1,DGFM,10,0.015,descriptive,False,,,,,61440.0,983040.0,983040.0,61440.0,983040.0,983040.0
1,DGFM,10,0.01,descriptive,False,,,,,61440.0,983040.0,983040.0,61440.0,983040.0,983040.0
1,DGFM,11,0.05,primary,True,1280.0,20480.0,20480.0,0.0490272417664527,61440.0,983040.0,983040.0,1280.0,20480.0,20480.0
1,DGFM,11,0.03,descriptive,True,1920.0,30720.0,30720.0,0.0298351123929023,61440.0,983040.0,983040.0,1920.0,30720.0,30720.0
1,DGFM,11,0.02,descriptive,True,23808.0,380928.0,380928.0,0.019279159605503,61440.0,983040.0,983040.0,23808.0,380928.0,380928.0
1,DGFM,11,0.018,descriptive,False,,,,,61440.0,983040.0,983040.0,61440.0,983040.0,983040.0
1,DGFM,11,0.016,descriptive,False,,,,,61440.0,983040.0,983040.0,61440.0,983040.0,983040.0
1,DGFM,11,0.015,descriptive,False,,,,,61440.0,983040.0,983040.0,61440.0,983040.0,983040.0
1,DGFM,11,0.01,descriptive,False,,,,,61440.0,983040.0,983040.0,61440.0,983040.0,983040.0
1,DGFM,12,0.05,primary,True,1408.0,22528.0,22528.0,0.0495872907340526,61440.0,983040.0,983040.0,1408.0,22528.0,22528.0
1,DGFM,12,0.03,descriptive,True,1856.0,29696.0,29696.0,0.0292857587337493,61440.0,983040.0,983040.0,1856.0,29696.0,29696.0
1,DGFM,12,0.02,descriptive,False,,,,,61440.0,983040.0,983040.0,61440.0,983040.0,983040.0
1,DGFM,12,0.018,descriptive,False,,,,,61440.0,983040.0,983040.0,61440.0,983040.0,983040.0
1,DGFM,12,0.016,descriptive,False,,,,,61440.0,983040.0,983040.0,61440.0,983040.0,983040.0
1,DGFM,12,0.015,descriptive,False,,,,,61440.0,983040.0,983040.0,61440.0,983040.0,983040.0
1,DGFM,12,0.01,descriptive,False,,,,,61440.0,983040.0,983040.0,61440.0,983040.0,983040.0
1,DGFM,13,0.05,primary,True,1280.0,20480.0,20480.0,0.0494193881750106,61440.0,983040.0,983040.0,1280.0,20480.0,20480.0
1,DGFM,13,0.03,descriptive,True,1728.0,27648.0,27648.0,0.0285427756607532,61440.0,983040.0,983040.0,1728.0,27648.0,27648.0
1,DGFM,13,0.02,descriptive,False,,,,,61440.0,983040.0,983040.0,61440.0,983040.0,983040.0
1,DGFM,13,0.018,descriptive,False,,,,,61440.0,983040.0,983040.0,61440.0,983040.0,983040.0
1,DGFM,13,0.016,descriptive,False,,,,,61440.0,983040.0,983040.0,61440.0,983040.0,983040.0
1,DGFM,13,0.015,descriptive,False,,,,,61440.0,983040.0,983040.0,61440.0,983040.0,983040.0
1,DGFM,13,0.01,descriptive,False,,,,,61440.0,983040.0,983040.0,61440.0,983040.0,983040.0
1,DGFM,14,0.05,primary,True,1344.0,21504.0,21504.0,0.0482166446745395,61440.0,983040.0,983040.0,1344.0,21504.0,21504.0
1,DGFM,14,0.03,descriptive,True,2112.0,33792.0,33792.0,0.0278937816619873,61440.0,983040.0,983040.0,2112.0,33792.0,33792.0
1,DGFM,14,0.02,descriptive,False,,,,,61440.0,983040.0,983040.0,61440.0,983040.0,983040.0
1,DGFM,14,0.018,descriptive,False,,,,,61440.0,983040.0,983040.0,61440.0,983040.0,983040.0
1,DGFM,14,0.016,descriptive,False,,,,,61440.0,983040.0,983040.0,61440.0,983040.0,983040.0
1,DGFM,14,0.015,descriptive,False,,,,,61440.0,983040.0,983040.0,61440.0,983040.0,983040.0
1,DGFM,14,0.01,descriptive,False,,,,,61440.0,983040.0,983040.0,61440.0,983040.0,983040.0
1,DGFM,15,0.05,primary,True,1344.0,21504.0,21504.0,0.0461075156927108,61440.0,983040.0,983040.0,1344.0,21504.0,21504.0
1,DGFM,15,0.03,descriptive,True,1920.0,30720.0,30720.0,0.0290098842233419,61440.0,983040.0,983040.0,1920.0,30720.0,30720.0
1,DGFM,15,0.02,descriptive,False,,,,,61440.0,983040.0,983040.0,61440.0,983040.0,983040.0
1,DGFM,15,0.018,descriptive,False,,,,,61440.0,983040.0,983040.0,61440.0,983040.0,983040.0
1,DGFM,15,0.016,descriptive,False,,,,,61440.0,983040.0,983040.0,61440.0,983040.0,983040.0
1,DGFM,15,0.015,descriptive,False,,,,,61440.0,983040.0,983040.0,61440.0,983040.0,983040.0
1,DGFM,15,0.01,descriptive,False,,,,,61440.0,983040.0,983040.0,61440.0,983040.0,983040.0
1,DGFM,16,0.05,primary,True,1344.0,21504.0,21504.0,0.0476434044539928,61440.0,983040.0,983040.0,1344.0,21504.0,21504.0
1,DGFM,16,0.03,descriptive,True,2176.0,34816.0,34816.0,0.0295454990118742,61440.0,983040.0,983040.0,2176.0,34816.0,34816.0
1,DGFM,16,0.02,descriptive,False,,,,,61440.0,983040.0,983040.0,61440.0,983040.0,983040.0
1,DGFM,16,0.018,descriptive,False,,,,,61440.0,983040.0,983040.0,61440.0,983040.0,983040.0
1,DGFM,16,0.016,descriptive,False,,,,,61440.0,983040.0,983040.0,61440.0,983040.0,983040.0
1,DGFM,16,0.015,descriptive,False,,,,,61440.0,983040.0,983040.0,61440.0,983040.0,983040.0
1,DGFM,16,0.01,descriptive,False,,,,,61440.0,983040.0,983040.0,61440.0,983040.0,983040.0
1,DGFM,17,0.05,primary,True,1600.0,25600.0,25600.0,0.0460234768688678,61440.0,983040.0,983040.0,1600.0,25600.0,25600.0
1,DGFM,17,0.03,descriptive,True,1984.0,31744.0,31744.0,0.0292802676558494,61440.0,983040.0,983040.0,1984.0,31744.0,31744.0
1,DGFM,17,0.02,descriptive,False,,,,,61440.0,983040.0,983040.0,61440.0,983040.0,983040.0
1,DGFM,17,0.018,descriptive,False,,,,,61440.0,983040.0,983040.0,61440.0,983040.0,983040.0
1,DGFM,17,0.016,descriptive,False,,,,,61440.0,983040.0,983040.0,61440.0,983040.0,983040.0
1,DGFM,17,0.015,descriptive,False,,,,,61440.0,983040.0,983040.0,61440.0,983040.0,983040.0
1,DGFM,17,0.01,descriptive,False,,,,,61440.0,983040.0,983040.0,61440.0,983040.0,983040.0
1,DGFM,18,0.05,primary,True,1280.0,20480.0,20480.0,0.04347625374794,61440.0,983040.0,983040.0,1280.0,20480.0,20480.0
1,DGFM,18,0.03,descriptive,True,1472.0,23552.0,23552.0,0.0290995929390192,61440.0,983040.0,983040.0,1472.0,23552.0,23552.0
1,DGFM,18,0.02,descriptive,False,,,,,61440.0,983040.0,983040.0,61440.0,983040.0,983040.0
1,DGFM,18,0.018,descriptive,False,,,,,61440.0,983040.0,983040.0,61440.0,983040.0,983040.0
1,DGFM,18,0.016,descriptive,False,,,,,61440.0,983040.0,983040.0,61440.0,983040.0,983040.0
1,DGFM,18,0.015,descriptive,False,,,,,61440.0,983040.0,983040.0,61440.0,983040.0,983040.0
1,DGFM,18,0.01,descriptive,False,,,,,61440.0,983040.0,983040.0,61440.0,983040.0,983040.0
1,DGFM,19,0.05,primary,True,1536.0,24576.0,24576.0,0.048556488007307,61440.0,983040.0,983040.0,1536.0,24576.0,24576.0
1,DGFM,19,0.03,descriptive,True,2048.0,32768.0,32768.0,0.0297960489988327,61440.0,983040.0,983040.0,2048.0,32768.0,32768.0
1,DGFM,19,0.02,descriptive,False,,,,,61440.0,983040.0,983040.0,61440.0,983040.0,983040.0
1,DGFM,19,0.018,descriptive,False,,,,,61440.0,983040.0,983040.0,61440.0,983040.0,983040.0
1,DGFM,19,0.016,descriptive,False,,,,,61440.0,983040.0,983040.0,61440.0,983040.0,983040.0
1,DGFM,19,0.015,descriptive,False,,,,,61440.0,983040.0,983040.0,61440.0,983040.0,983040.0
1,DGFM,19,0.01,descriptive,False,,,,,61440.0,983040.0,983040.0,61440.0,983040.0,983040.0
1,DGFM+,0,0.05,primary,True,13504.0,229600.0,229600.0,0.0499888397753238,57816.0,982944.0,982944.0,13504.0,229600.0,229600.0
1,DGFM+,0,0.03,descriptive,True,23168.0,393920.0,393920.0,0.0295196082442998,57816.0,982944.0,982944.0,23168.0,393920.0,393920.0
1,DGFM+,0,0.02,descriptive,True,35648.0,606080.0,606080.0,0.0197135545313358,57816.0,982944.0,982944.0,35648.0,606080.0,606080.0
1,DGFM+,0,0.018,descriptive,True,36928.0,627808.0,627808.0,0.0178595595061779,57816.0,982944.0,982944.0,36928.0,627808.0,627808.0
1,DGFM+,0,0.016,descriptive,True,38464.0,653920.0,653920.0,0.0156361144036054,57816.0,982944.0,982944.0,38464.0,653920.0,653920.0
1,DGFM+,0,0.015,descriptive,True,43264.0,735520.0,735520.0,0.0148763377219438,57816.0,982944.0,982944.0,43264.0,735520.0,735520.0
1,DGFM+,0,0.01,descriptive,False,,,,,57816.0,982944.0,982944.0,57816.0,982944.0,982944.0
1,DGFM+,1,0.05,primary,True,10944.0,186048.0,186048.0,0.0488087236881256,57816.0,982944.0,982944.0,10944.0,186048.0,186048.0
1,DGFM+,1,0.03,descriptive,True,18432.0,313344.0,313344.0,0.0298593323677778,57816.0,982944.0,982944.0,18432.0,313344.0,313344.0
1,DGFM+,1,0.02,descriptive,True,26496.0,450432.0,450432.0,0.0199062563478946,57816.0,982944.0,982944.0,26496.0,450432.0,450432.0
1,DGFM+,1,0.018,descriptive,True,28608.0,486336.0,486336.0,0.017994875088334,57816.0,982944.0,982944.0,28608.0,486336.0,486336.0
1,DGFM+,1,0.016,descriptive,True,31808.0,540800.0,540800.0,0.0159785021096467,57816.0,982944.0,982944.0,31808.0,540800.0,540800.0
1,DGFM+,1,0.015,descriptive,True,42432.0,721344.0,721344.0,0.0149029297754168,57816.0,982944.0,982944.0,42432.0,721344.0,721344.0
1,DGFM+,1,0.01,descriptive,False,,,,,57816.0,982944.0,982944.0,57816.0,982944.0,982944.0
1,DGFM+,2,0.05,primary,True,12160.0,206752.0,206752.0,0.0491932332515716,57816.0,982944.0,982944.0,12160.0,206752.0,206752.0
1,DGFM+,2,0.03,descriptive,True,25088.0,426560.0,426560.0,0.0293408930301666,57816.0,982944.0,982944.0,25088.0,426560.0,426560.0
1,DGFM+,2,0.02,descriptive,True,38592.0,656064.0,656064.0,0.0196667462587356,57816.0,982944.0,982944.0,38592.0,656064.0,656064.0
1,DGFM+,2,0.018,descriptive,True,39872.0,677888.0,677888.0,0.0178046356886625,57816.0,982944.0,982944.0,39872.0,677888.0,677888.0
1,DGFM+,2,0.016,descriptive,True,41600.0,707264.0,707264.0,0.0159024465829134,57816.0,982944.0,982944.0,41600.0,707264.0,707264.0
1,DGFM+,2,0.015,descriptive,True,44928.0,763776.0,763776.0,0.0149276247248053,57816.0,982944.0,982944.0,44928.0,763776.0,763776.0
1,DGFM+,2,0.01,descriptive,False,,,,,57816.0,982944.0,982944.0,57816.0,982944.0,982944.0
1,DGFM+,3,0.05,primary,True,18624.0,316608.0,316608.0,0.0492948479950428,57816.0,982944.0,982944.0,18624.0,316608.0,316608.0
1,DGFM+,3,0.03,descriptive,True,33856.0,575584.0,575584.0,0.0294315442442893,57816.0,982944.0,982944.0,33856.0,575584.0,575584.0
1,DGFM+,3,0.02,descriptive,True,44928.0,763776.0,763776.0,0.0197989549487829,57816.0,982944.0,982944.0,44928.0,763776.0,763776.0
1,DGFM+,3,0.018,descriptive,True,46208.0,785600.0,785600.0,0.0179969035089015,57816.0,982944.0,982944.0,46208.0,785600.0,785600.0
1,DGFM+,3,0.016,descriptive,False,,,,,57816.0,982944.0,982944.0,57816.0,982944.0,982944.0
1,DGFM+,3,0.015,descriptive,False,,,,,57816.0,982944.0,982944.0,57816.0,982944.0,982944.0
1,DGFM+,3,0.01,descriptive,False,,,,,57816.0,982944.0,982944.0,57816.0,982944.0,982944.0
1,DGFM+,4,0.05,primary,True,11584.0,196960.0,196960.0,0.0499888211488723,57816.0,982944.0,982944.0,11584.0,196960.0,196960.0
1,DGFM+,4,0.03,descriptive,True,30016.0,510304.0,510304.0,0.0298332367092371,57816.0,982944.0,982944.0,30016.0,510304.0,510304.0
1,DGFM+,4,0.02,descriptive,True,37248.0,633216.0,633216.0,0.019797122105956,57816.0,982944.0,982944.0,37248.0,633216.0,633216.0
1,DGFM+,4,0.018,descriptive,True,37824.0,643008.0,643008.0,0.0179461706429719,57816.0,982944.0,982944.0,37824.0,643008.0,643008.0
1,DGFM+,4,0.016,descriptive,True,43904.0,746432.0,746432.0,0.0159116219729185,57816.0,982944.0,982944.0,43904.0,746432.0,746432.0
1,DGFM+,4,0.015,descriptive,True,44096.0,749696.0,749696.0,0.0148957427591085,57816.0,982944.0,982944.0,44096.0,749696.0,749696.0
1,DGFM+,4,0.01,descriptive,False,,,,,57816.0,982944.0,982944.0,57816.0,982944.0,982944.0
1,DGFM+,5,0.05,primary,True,17472.0,297024.0,297024.0,0.0495139397680759,57816.0,982944.0,982944.0,17472.0,297024.0,297024.0
1,DGFM+,5,0.03,descriptive,True,27264.0,463488.0,463488.0,0.0299732852727174,57816.0,982944.0,982944.0,27264.0,463488.0,463488.0
1,DGFM+,5,0.02,descriptive,True,33472.0,569056.0,569056.0,0.0199281238019466,57816.0,982944.0,982944.0,33472.0,569056.0,569056.0
1,DGFM+,5,0.018,descriptive,True,39104.0,664832.0,664832.0,0.017892837524414,57816.0,982944.0,982944.0,39104.0,664832.0,664832.0
1,DGFM+,5,0.016,descriptive,True,43712.0,743168.0,743168.0,0.0156953278928995,57816.0,982944.0,982944.0,43712.0,743168.0,743168.0
1,DGFM+,5,0.015,descriptive,True,57728.0,981440.0,981440.0,0.014890574850142,57816.0,982944.0,982944.0,57728.0,981440.0,981440.0
1,DGFM+,5,0.01,descriptive,False,,,,,57816.0,982944.0,982944.0,57816.0,982944.0,982944.0
1,DGFM+,6,0.05,primary,True,7488.0,127296.0,127296.0,0.0496110171079635,57816.0,982944.0,982944.0,7488.0,127296.0,127296.0
1,DGFM+,6,0.03,descriptive,True,15680.0,266624.0,266624.0,0.0293862354010343,57816.0,982944.0,982944.0,15680.0,266624.0,266624.0
1,DGFM+,6,0.02,descriptive,True,19136.0,325376.0,325376.0,0.0195119008421897,57816.0,982944.0,982944.0,19136.0,325376.0,325376.0
1,DGFM+,6,0.018,descriptive,True,23040.0,391680.0,391680.0,0.0176225192844867,57816.0,982944.0,982944.0,23040.0,391680.0,391680.0
1,DGFM+,6,0.016,descriptive,True,26688.0,453696.0,453696.0,0.0157057344913482,57816.0,982944.0,982944.0,26688.0,453696.0,453696.0
1,DGFM+,6,0.015,descriptive,True,28096.0,477664.0,477664.0,0.0149800647050142,57816.0,982944.0,982944.0,28096.0,477664.0,477664.0
1,DGFM+,6,0.01,descriptive,False,,,,,57816.0,982944.0,982944.0,57816.0,982944.0,982944.0
1,DGFM+,7,0.05,primary,True,10240.0,174112.0,174112.0,0.0499939993023872,57816.0,982944.0,982944.0,10240.0,174112.0,174112.0
1,DGFM+,7,0.03,descriptive,True,30848.0,524480.0,524480.0,0.0292996540665626,57816.0,982944.0,982944.0,30848.0,524480.0,524480.0
1,DGFM+,7,0.02,descriptive,True,40384.0,686560.0,686560.0,0.0199667885899543,57816.0,982944.0,982944.0,40384.0,686560.0,686560.0
1,DGFM+,7,0.018,descriptive,True,42496.0,722464.0,722464.0,0.0179816484451293,57816.0,982944.0,982944.0,42496.0,722464.0,722464.0
1,DGFM+,7,0.016,descriptive,True,46080.0,783360.0,783360.0,0.0158256702125072,57816.0,982944.0,982944.0,46080.0,783360.0,783360.0
1,DGFM+,7,0.015,descriptive,True,46400.0,788864.0,788864.0,0.0148050049319863,57816.0,982944.0,982944.0,46400.0,788864.0,788864.0
1,DGFM+,7,0.01,descriptive,False,,,,,57816.0,982944.0,982944.0,57816.0,982944.0,982944.0
1,DGFM+,8,0.05,primary,True,11520.0,195840.0,195840.0,0.0498032160103321,57816.0,982944.0,982944.0,11520.0,195840.0,195840.0
1,DGFM+,8,0.03,descriptive,True,20160.0,342720.0,342720.0,0.0298394653946161,57816.0,982944.0,982944.0,20160.0,342720.0,342720.0
1,DGFM+,8,0.02,descriptive,True,24896.0,423296.0,423296.0,0.0199078302830457,57816.0,982944.0,982944.0,24896.0,423296.0,423296.0
1,DGFM+,8,0.018,descriptive,True,28480.0,484192.0,484192.0,0.017983790487051,57816.0,982944.0,982944.0,28480.0,484192.0,484192.0
1,DGFM+,8,0.016,descriptive,True,34112.0,579968.0,579968.0,0.0154309980571269,57816.0,982944.0,982944.0,34112.0,579968.0,579968.0
1,DGFM+,8,0.015,descriptive,True,44224.0,751840.0,751840.0,0.014926353469491,57816.0,982944.0,982944.0,44224.0,751840.0,751840.0
1,DGFM+,8,0.01,descriptive,False,,,,,57816.0,982944.0,982944.0,57816.0,982944.0,982944.0
1,DGFM+,9,0.05,primary,True,14848.0,252448.0,252448.0,0.0498483031988143,57816.0,982944.0,982944.0,14848.0,252448.0,252448.0
1,DGFM+,9,0.03,descriptive,True,34304.0,583232.0,583232.0,0.0295506566762924,57816.0,982944.0,982944.0,34304.0,583232.0,583232.0
1,DGFM+,9,0.02,descriptive,True,47872.0,813856.0,813856.0,0.0198102127760648,57816.0,982944.0,982944.0,47872.0,813856.0,813856.0
1,DGFM+,9,0.018,descriptive,True,50752.0,862816.0,862816.0,0.017224570736289,57816.0,982944.0,982944.0,50752.0,862816.0,862816.0
1,DGFM+,9,0.016,descriptive,True,51456.0,874752.0,874752.0,0.0158910602331161,57816.0,982944.0,982944.0,51456.0,874752.0,874752.0
1,DGFM+,9,0.015,descriptive,True,51712.0,879136.0,879136.0,0.014946979470551,57816.0,982944.0,982944.0,51712.0,879136.0,879136.0
1,DGFM+,9,0.01,descriptive,False,,,,,57816.0,982944.0,982944.0,57816.0,982944.0,982944.0
1,DGFM+,10,0.05,primary,True,10944.0,186048.0,186048.0,0.0487722605466842,57816.0,982944.0,982944.0,10944.0,186048.0,186048.0
1,DGFM+,10,0.03,descriptive,True,22400.0,380864.0,380864.0,0.0297801457345485,57816.0,982944.0,982944.0,22400.0,380864.0,380864.0
1,DGFM+,10,0.02,descriptive,True,43264.0,735520.0,735520.0,0.0198446959257125,57816.0,982944.0,982944.0,43264.0,735520.0,735520.0
1,DGFM+,10,0.018,descriptive,True,44480.0,756224.0,756224.0,0.0179358068853616,57816.0,982944.0,982944.0,44480.0,756224.0,756224.0
1,DGFM+,10,0.016,descriptive,True,47616.0,809472.0,809472.0,0.0158574823290109,57816.0,982944.0,982944.0,47616.0,809472.0,809472.0
1,DGFM+,10,0.015,descriptive,True,48576.0,825792.0,825792.0,0.0144027946516871,57816.0,982944.0,982944.0,48576.0,825792.0,825792.0
1,DGFM+,10,0.01,descriptive,False,,,,,57816.0,982944.0,982944.0,57816.0,982944.0,982944.0
1,DGFM+,11,0.05,primary,True,8640.0,146880.0,146880.0,0.0498065538704395,57816.0,982944.0,982944.0,8640.0,146880.0,146880.0
1,DGFM+,11,0.03,descriptive,True,20416.0,347104.0,347104.0,0.0299230590462684,57816.0,982944.0,982944.0,20416.0,347104.0,347104.0
1,DGFM+,11,0.02,descriptive,True,24896.0,423296.0,423296.0,0.0196964256465435,57816.0,982944.0,982944.0,24896.0,423296.0,423296.0
1,DGFM+,11,0.018,descriptive,True,30400.0,516832.0,516832.0,0.0178324077278375,57816.0,982944.0,982944.0,30400.0,516832.0,516832.0
1,DGFM+,11,0.016,descriptive,True,31168.0,529888.0,529888.0,0.015347396954894,57816.0,982944.0,982944.0,31168.0,529888.0,529888.0
1,DGFM+,11,0.015,descriptive,True,31424.0,534272.0,534272.0,0.0149786081165075,57816.0,982944.0,982944.0,31424.0,534272.0,534272.0
1,DGFM+,11,0.01,descriptive,False,,,,,57816.0,982944.0,982944.0,57816.0,982944.0,982944.0
1,DGFM+,12,0.05,primary,True,23424.0,398208.0,398208.0,0.0487396642565727,57816.0,982944.0,982944.0,23424.0,398208.0,398208.0
1,DGFM+,12,0.03,descriptive,True,31872.0,541824.0,541824.0,0.029891712591052,57816.0,982944.0,982944.0,31872.0,541824.0,541824.0
1,DGFM+,12,0.02,descriptive,True,38848.0,660448.0,660448.0,0.0199759230017662,57816.0,982944.0,982944.0,38848.0,660448.0,660448.0
1,DGFM+,12,0.018,descriptive,True,46912.0,797536.0,797536.0,0.0178383067250251,57816.0,982944.0,982944.0,46912.0,797536.0,797536.0
1,DGFM+,12,0.016,descriptive,False,,,,,57816.0,982944.0,982944.0,57816.0,982944.0,982944.0
1,DGFM+,12,0.015,descriptive,False,,,,,57816.0,982944.0,982944.0,57816.0,982944.0,982944.0
1,DGFM+,12,0.01,descriptive,False,,,,,57816.0,982944.0,982944.0,57816.0,982944.0,982944.0
1,DGFM+,13,0.05,primary,True,9408.0,159936.0,159936.0,0.0493254922330379,57816.0,982944.0,982944.0,9408.0,159936.0,159936.0
1,DGFM+,13,0.03,descriptive,True,22912.0,389536.0,389536.0,0.0297280475497245,57816.0,982944.0,982944.0,22912.0,389536.0,389536.0
1,DGFM+,13,0.02,descriptive,True,33728.0,573440.0,573440.0,0.0199493300169706,57816.0,982944.0,982944.0,33728.0,573440.0,573440.0
1,DGFM+,13,0.018,descriptive,True,38016.0,646272.0,646272.0,0.0179595556110143,57816.0,982944.0,982944.0,38016.0,646272.0,646272.0
1,DGFM+,13,0.016,descriptive,True,44160.0,750720.0,750720.0,0.0159670673310756,57816.0,982944.0,982944.0,44160.0,750720.0,750720.0
1,DGFM+,13,0.015,descriptive,True,48128.0,818240.0,818240.0,0.0147209893912076,57816.0,982944.0,982944.0,48128.0,818240.0,818240.0
1,DGFM+,13,0.01,descriptive,False,,,,,57816.0,982944.0,982944.0,57816.0,982944.0,982944.0
1,DGFM+,14,0.05,primary,True,15872.0,269888.0,269888.0,0.0499076843261718,57816.0,982944.0,982944.0,15872.0,269888.0,269888.0
1,DGFM+,14,0.03,descriptive,True,30400.0,516832.0,516832.0,0.0298828240483999,57816.0,982944.0,982944.0,30400.0,516832.0,516832.0
1,DGFM+,14,0.02,descriptive,True,37760.0,641984.0,641984.0,0.0196510031819343,57816.0,982944.0,982944.0,37760.0,641984.0,641984.0
1,DGFM+,14,0.018,descriptive,True,44352.0,753984.0,753984.0,0.0179426502436399,57816.0,982944.0,982944.0,44352.0,753984.0,753984.0
1,DGFM+,14,0.016,descriptive,True,52928.0,899840.0,899840.0,0.0159929972141981,57816.0,982944.0,982944.0,52928.0,899840.0,899840.0
1,DGFM+,14,0.015,descriptive,True,56128.0,954208.0,954208.0,0.0149267185479402,57816.0,982944.0,982944.0,56128.0,954208.0,954208.0
1,DGFM+,14,0.01,descriptive,False,,,,,57816.0,982944.0,982944.0,57816.0,982944.0,982944.0
1,DGFM+,15,0.05,primary,True,10368.0,176256.0,176256.0,0.0498328320682048,57816.0,982944.0,982944.0,10368.0,176256.0,176256.0
1,DGFM+,15,0.03,descriptive,True,22464.0,381888.0,381888.0,0.0296121351420879,57816.0,982944.0,982944.0,22464.0,381888.0,381888.0
1,DGFM+,15,0.02,descriptive,True,27136.0,461344.0,461344.0,0.0193378627300262,57816.0,982944.0,982944.0,27136.0,461344.0,461344.0
1,DGFM+,15,0.018,descriptive,True,31424.0,534272.0,534272.0,0.0179666019976139,57816.0,982944.0,982944.0,31424.0,534272.0,534272.0
1,DGFM+,15,0.016,descriptive,True,41600.0,707264.0,707264.0,0.0158770475536584,57816.0,982944.0,982944.0,41600.0,707264.0,707264.0
1,DGFM+,15,0.015,descriptive,True,50112.0,851904.0,851904.0,0.0148521335795521,57816.0,982944.0,982944.0,50112.0,851904.0,851904.0
1,DGFM+,15,0.01,descriptive,False,,,,,57816.0,982944.0,982944.0,57816.0,982944.0,982944.0
1,DGFM+,16,0.05,primary,True,18240.0,310080.0,310080.0,0.0491736568510532,57816.0,982944.0,982944.0,18240.0,310080.0,310080.0
1,DGFM+,16,0.03,descriptive,True,26176.0,445024.0,445024.0,0.0298769008368253,57816.0,982944.0,982944.0,26176.0,445024.0,445024.0
1,DGFM+,16,0.02,descriptive,True,38592.0,656064.0,656064.0,0.0194742400199174,57816.0,982944.0,982944.0,38592.0,656064.0,656064.0
1,DGFM+,16,0.018,descriptive,True,40768.0,693088.0,693088.0,0.0174650605767965,57816.0,982944.0,982944.0,40768.0,693088.0,693088.0
1,DGFM+,16,0.016,descriptive,True,43008.0,731136.0,731136.0,0.0158000234514474,57816.0,982944.0,982944.0,43008.0,731136.0,731136.0
1,DGFM+,16,0.015,descriptive,True,43456.0,738784.0,738784.0,0.0149378320202231,57816.0,982944.0,982944.0,43456.0,738784.0,738784.0
1,DGFM+,16,0.01,descriptive,False,,,,,57816.0,982944.0,982944.0,57816.0,982944.0,982944.0
1,DGFM+,17,0.05,primary,True,20800.0,353632.0,353632.0,0.0498561821877956,57816.0,982944.0,982944.0,20800.0,353632.0,353632.0
1,DGFM+,17,0.03,descriptive,True,33792.0,574464.0,574464.0,0.029547668993473,57816.0,982944.0,982944.0,33792.0,574464.0,574464.0
1,DGFM+,17,0.02,descriptive,True,48960.0,832320.0,832320.0,0.0196908693760633,57816.0,982944.0,982944.0,48960.0,832320.0,832320.0
1,DGFM+,17,0.018,descriptive,True,50368.0,856288.0,856288.0,0.0178801678121089,57816.0,982944.0,982944.0,50368.0,856288.0,856288.0
1,DGFM+,17,0.016,descriptive,True,52416.0,891072.0,891072.0,0.0159586668014526,57816.0,982944.0,982944.0,52416.0,891072.0,891072.0
1,DGFM+,17,0.015,descriptive,False,,,,,57816.0,982944.0,982944.0,57816.0,982944.0,982944.0
1,DGFM+,17,0.01,descriptive,False,,,,,57816.0,982944.0,982944.0,57816.0,982944.0,982944.0
1,DGFM+,18,0.05,primary,True,11136.0,189312.0,189312.0,0.0496971420943737,57816.0,982944.0,982944.0,11136.0,189312.0,189312.0
1,DGFM+,18,0.03,descriptive,True,26624.0,452672.0,452672.0,0.0296981316059827,57816.0,982944.0,982944.0,26624.0,452672.0,452672.0
1,DGFM+,18,0.02,descriptive,True,33600.0,571200.0,571200.0,0.0198046639561653,57816.0,982944.0,982944.0,33600.0,571200.0,571200.0
1,DGFM+,18,0.018,descriptive,True,35968.0,611488.0,611488.0,0.0179786551743745,57816.0,982944.0,982944.0,35968.0,611488.0,611488.0
1,DGFM+,18,0.016,descriptive,True,40256.0,684416.0,684416.0,0.0159694384783506,57816.0,982944.0,982944.0,40256.0,684416.0,684416.0
1,DGFM+,18,0.015,descriptive,False,,,,,57816.0,982944.0,982944.0,57816.0,982944.0,982944.0
1,DGFM+,18,0.01,descriptive,False,,,,,57816.0,982944.0,982944.0,57816.0,982944.0,982944.0
1,DGFM+,19,0.05,primary,True,9984.0,169728.0,169728.0,0.0487287119030952,57816.0,982944.0,982944.0,9984.0,169728.0,169728.0
1,DGFM+,19,0.03,descriptive,True,30784.0,523360.0,523360.0,0.0298149120062589,57816.0,982944.0,982944.0,30784.0,523360.0,523360.0
1,DGFM+,19,0.02,descriptive,True,37184.0,632192.0,632192.0,0.0198414996266365,57816.0,982944.0,982944.0,37184.0,632192.0,632192.0
1,DGFM+,19,0.018,descriptive,True,41728.0,709408.0,709408.0,0.0178337655961513,57816.0,982944.0,982944.0,41728.0,709408.0,709408.0
1,DGFM+,19,0.016,descriptive,True,45632.0,775808.0,775808.0,0.0158663857728242,57816.0,982944.0,982944.0,45632.0,775808.0,775808.0
1,DGFM+,19,0.015,descriptive,True,46528.0,791008.0,791008.0,0.0149740856140851,57816.0,982944.0,982944.0,46528.0,791008.0,791008.0
1,DGFM+,19,0.01,descriptive,False,,,,,57816.0,982944.0,982944.0,57816.0,982944.0,982944.0
2,NOG-ZO,0,0.05,primary,True,216.0,221184.0,110592.0,0.0480644330382347,960.0,983040.0,491520.0,216.0,221184.0,110592.0
2,NOG-ZO,0,0.03,descriptive,True,232.0,237568.0,118784.0,0.0274753998965024,960.0,983040.0,491520.0,232.0,237568.0,118784.0
2,NOG-ZO,0,0.02,descriptive,True,240.0,245760.0,122880.0,0.0194011628627777,960.0,983040.0,491520.0,240.0,245760.0,122880.0
2,NOG-ZO,0,0.018,descriptive,True,244.0,249856.0,124928.0,0.016056852415204,960.0,983040.0,491520.0,244.0,249856.0,124928.0
2,NOG-ZO,0,0.016,descriptive,True,248.0,253952.0,126976.0,0.0145490057766437,960.0,983040.0,491520.0,248.0,253952.0,126976.0
2,NOG-ZO,0,0.015,descriptive,True,248.0,253952.0,126976.0,0.0145490057766437,960.0,983040.0,491520.0,248.0,253952.0,126976.0
2,NOG-ZO,0,0.01,descriptive,False,,,,,960.0,983040.0,491520.0,960.0,983040.0,491520.0
2,NOG-ZO,1,0.05,primary,True,216.0,221184.0,110592.0,0.044874157756567,960.0,983040.0,491520.0,216.0,221184.0,110592.0
2,NOG-ZO,1,0.03,descriptive,True,228.0,233472.0,116736.0,0.0292112454771995,960.0,983040.0,491520.0,228.0,233472.0,116736.0
2,NOG-ZO,1,0.02,descriptive,True,236.0,241664.0,120832.0,0.0199537891894578,960.0,983040.0,491520.0,236.0,241664.0,120832.0
2,NOG-ZO,1,0.018,descriptive,True,240.0,245760.0,122880.0,0.0168341808021068,960.0,983040.0,491520.0,240.0,245760.0,122880.0
2,NOG-ZO,1,0.016,descriptive,True,244.0,249856.0,124928.0,0.0151810813695192,960.0,983040.0,491520.0,244.0,249856.0,124928.0
2,NOG-ZO,1,0.015,descriptive,False,,,,,960.0,983040.0,491520.0,960.0,983040.0,491520.0
2,NOG-ZO,1,0.01,descriptive,False,,,,,960.0,983040.0,491520.0,960.0,983040.0,491520.0
2,NOG-ZO,2,0.05,primary,True,216.0,221184.0,110592.0,0.0444077439606189,960.0,983040.0,491520.0,216.0,221184.0,110592.0
2,NOG-ZO,2,0.03,descriptive,True,228.0,233472.0,116736.0,0.0285880267620086,960.0,983040.0,491520.0,228.0,233472.0,116736.0
2,NOG-ZO,2,0.02,descriptive,True,236.0,241664.0,120832.0,0.019910579547286,960.0,983040.0,491520.0,236.0,241664.0,120832.0
2,NOG-ZO,2,0.018,descriptive,True,240.0,245760.0,122880.0,0.0171105116605758,960.0,983040.0,491520.0,240.0,245760.0,122880.0
2,NOG-ZO,2,0.016,descriptive,False,,,,,960.0,983040.0,491520.0,960.0,983040.0,491520.0
2,NOG-ZO,2,0.015,descriptive,False,,,,,960.0,983040.0,491520.0,960.0,983040.0,491520.0
2,NOG-ZO,2,0.01,descriptive,False,,,,,960.0,983040.0,491520.0,960.0,983040.0,491520.0
2,NOG-ZO,3,0.05,primary,True,216.0,221184.0,110592.0,0.0461339578032493,960.0,983040.0,491520.0,216.0,221184.0,110592.0
2,NOG-ZO,3,0.03,descriptive,True,232.0,237568.0,118784.0,0.0255220048129558,960.0,983040.0,491520.0,232.0,237568.0,118784.0
2,NOG-ZO,3,0.02,descriptive,True,240.0,245760.0,122880.0,0.017088696360588,960.0,983040.0,491520.0,240.0,245760.0,122880.0
2,NOG-ZO,3,0.018,descriptive,True,240.0,245760.0,122880.0,0.017088696360588,960.0,983040.0,491520.0,240.0,245760.0,122880.0
2,NOG-ZO,3,0.016,descriptive,True,244.0,249856.0,124928.0,0.0149018075317144,960.0,983040.0,491520.0,244.0,249856.0,124928.0
2,NOG-ZO,3,0.015,descriptive,True,244.0,249856.0,124928.0,0.0149018075317144,960.0,983040.0,491520.0,244.0,249856.0,124928.0
2,NOG-ZO,3,0.01,descriptive,False,,,,,960.0,983040.0,491520.0,960.0,983040.0,491520.0
2,NOG-ZO,4,0.05,primary,True,216.0,221184.0,110592.0,0.0463395193219184,960.0,983040.0,491520.0,216.0,221184.0,110592.0
2,NOG-ZO,4,0.03,descriptive,True,228.0,233472.0,116736.0,0.0298857353627681,960.0,983040.0,491520.0,228.0,233472.0,116736.0
2,NOG-ZO,4,0.02,descriptive,True,236.0,241664.0,120832.0,0.0198211856186389,960.0,983040.0,491520.0,236.0,241664.0,120832.0
2,NOG-ZO,4,0.018,descriptive,True,240.0,245760.0,122880.0,0.016433548182249,960.0,983040.0,491520.0,240.0,245760.0,122880.0
2,NOG-ZO,4,0.016,descriptive,True,244.0,249856.0,124928.0,0.0139376940205693,960.0,983040.0,491520.0,244.0,249856.0,124928.0
2,NOG-ZO,4,0.015,descriptive,True,244.0,249856.0,124928.0,0.0139376940205693,960.0,983040.0,491520.0,244.0,249856.0,124928.0
2,NOG-ZO,4,0.01,descriptive,False,,,,,960.0,983040.0,491520.0,960.0,983040.0,491520.0
2,NOG-ZO,5,0.05,primary,True,212.0,217088.0,108544.0,0.0499422140419483,960.0,983040.0,491520.0,212.0,217088.0,108544.0
2,NOG-ZO,5,0.03,descriptive,True,228.0,233472.0,116736.0,0.0281663611531257,960.0,983040.0,491520.0,228.0,233472.0,116736.0
2,NOG-ZO,5,0.02,descriptive,True,236.0,241664.0,120832.0,0.0194869861006736,960.0,983040.0,491520.0,236.0,241664.0,120832.0
2,NOG-ZO,5,0.018,descriptive,True,240.0,245760.0,122880.0,0.0165596138685941,960.0,983040.0,491520.0,240.0,245760.0,122880.0
2,NOG-ZO,5,0.016,descriptive,True,244.0,249856.0,124928.0,0.0150250885635614,960.0,983040.0,491520.0,244.0,249856.0,124928.0
2,NOG-ZO,5,0.015,descriptive,False,,,,,960.0,983040.0,491520.0,960.0,983040.0,491520.0
2,NOG-ZO,5,0.01,descriptive,False,,,,,960.0,983040.0,491520.0,960.0,983040.0,491520.0
2,NOG-ZO,6,0.05,primary,True,212.0,217088.0,108544.0,0.0480850115418434,960.0,983040.0,491520.0,212.0,217088.0,108544.0
2,NOG-ZO,6,0.03,descriptive,True,228.0,233472.0,116736.0,0.0260819271206855,960.0,983040.0,491520.0,228.0,233472.0,116736.0
2,NOG-ZO,6,0.02,descriptive,True,236.0,241664.0,120832.0,0.0169899649918079,960.0,983040.0,491520.0,236.0,241664.0,120832.0
2,NOG-ZO,6,0.018,descriptive,True,236.0,241664.0,120832.0,0.0169899649918079,960.0,983040.0,491520.0,236.0,241664.0,120832.0
2,NOG-ZO,6,0.016,descriptive,True,240.0,245760.0,122880.0,0.0143804708495736,960.0,983040.0,491520.0,240.0,245760.0,122880.0
2,NOG-ZO,6,0.015,descriptive,True,240.0,245760.0,122880.0,0.0143804708495736,960.0,983040.0,491520.0,240.0,245760.0,122880.0
2,NOG-ZO,6,0.01,descriptive,False,,,,,960.0,983040.0,491520.0,960.0,983040.0,491520.0
2,NOG-ZO,7,0.05,primary,True,212.0,217088.0,108544.0,0.0496383681893348,960.0,983040.0,491520.0,212.0,217088.0,108544.0
2,NOG-ZO,7,0.03,descriptive,True,228.0,233472.0,116736.0,0.0286203082650899,960.0,983040.0,491520.0,228.0,233472.0,116736.0
2,NOG-ZO,7,0.02,descriptive,True,236.0,241664.0,120832.0,0.0193386636674404,960.0,983040.0,491520.0,236.0,241664.0,120832.0
2,NOG-ZO,7,0.018,descriptive,True,240.0,245760.0,122880.0,0.0165189281105995,960.0,983040.0,491520.0,240.0,245760.0,122880.0
2,NOG-ZO,7,0.016,descriptive,True,244.0,249856.0,124928.0,0.0150861041620373,960.0,983040.0,491520.0,244.0,249856.0,124928.0
2,NOG-ZO,7,0.015,descriptive,False,,,,,960.0,983040.0,491520.0,960.0,983040.0,491520.0
2,NOG-ZO,7,0.01,descriptive,False,,,,,960.0,983040.0,491520.0,960.0,983040.0,491520.0
2,NOG-ZO,8,0.05,primary,True,212.0,217088.0,108544.0,0.0480502434074878,960.0,983040.0,491520.0,212.0,217088.0,108544.0
2,NOG-ZO,8,0.03,descriptive,True,228.0,233472.0,116736.0,0.0260307174175977,960.0,983040.0,491520.0,228.0,233472.0,116736.0
2,NOG-ZO,8,0.02,descriptive,True,236.0,241664.0,120832.0,0.0176426228135824,960.0,983040.0,491520.0,236.0,241664.0,120832.0
2,NOG-ZO,8,0.018,descriptive,True,236.0,241664.0,120832.0,0.0176426228135824,960.0,983040.0,491520.0,236.0,241664.0,120832.0
2,NOG-ZO,8,0.016,descriptive,True,240.0,245760.0,122880.0,0.0146125359460711,960.0,983040.0,491520.0,240.0,245760.0,122880.0
2,NOG-ZO,8,0.015,descriptive,True,240.0,245760.0,122880.0,0.0146125359460711,960.0,983040.0,491520.0,240.0,245760.0,122880.0
2,NOG-ZO,8,0.01,descriptive,False,,,,,960.0,983040.0,491520.0,960.0,983040.0,491520.0
2,NOG-ZO,9,0.05,primary,True,212.0,217088.0,108544.0,0.0482708811759948,960.0,983040.0,491520.0,212.0,217088.0,108544.0
2,NOG-ZO,9,0.03,descriptive,True,228.0,233472.0,116736.0,0.0261260159313678,960.0,983040.0,491520.0,228.0,233472.0,116736.0
2,NOG-ZO,9,0.02,descriptive,True,236.0,241664.0,120832.0,0.0169180687516927,960.0,983040.0,491520.0,236.0,241664.0,120832.0
2,NOG-ZO,9,0.018,descriptive,True,236.0,241664.0,120832.0,0.0169180687516927,960.0,983040.0,491520.0,236.0,241664.0,120832.0
2,NOG-ZO,9,0.016,descriptive,True,240.0,245760.0,122880.0,0.0144534790888428,960.0,983040.0,491520.0,240.0,245760.0,122880.0
2,NOG-ZO,9,0.015,descriptive,True,240.0,245760.0,122880.0,0.0144534790888428,960.0,983040.0,491520.0,240.0,245760.0,122880.0
2,NOG-ZO,9,0.01,descriptive,False,,,,,960.0,983040.0,491520.0,960.0,983040.0,491520.0
2,NOG-ZO,10,0.05,primary,True,212.0,217088.0,108544.0,0.0467927865684032,960.0,983040.0,491520.0,212.0,217088.0,108544.0
2,NOG-ZO,10,0.03,descriptive,True,228.0,233472.0,116736.0,0.0250128787010908,960.0,983040.0,491520.0,228.0,233472.0,116736.0
2,NOG-ZO,10,0.02,descriptive,True,236.0,241664.0,120832.0,0.0173159129917621,960.0,983040.0,491520.0,236.0,241664.0,120832.0
2,NOG-ZO,10,0.018,descriptive,True,236.0,241664.0,120832.0,0.0173159129917621,960.0,983040.0,491520.0,236.0,241664.0,120832.0
2,NOG-ZO,10,0.016,descriptive,True,240.0,245760.0,122880.0,0.0145457051694393,960.0,983040.0,491520.0,240.0,245760.0,122880.0
2,NOG-ZO,10,0.015,descriptive,True,240.0,245760.0,122880.0,0.0145457051694393,960.0,983040.0,491520.0,240.0,245760.0,122880.0
2,NOG-ZO,10,0.01,descriptive,False,,,,,960.0,983040.0,491520.0,960.0,983040.0,491520.0
2,NOG-ZO,11,0.05,primary,True,212.0,217088.0,108544.0,0.0474829487502574,960.0,983040.0,491520.0,212.0,217088.0,108544.0
2,NOG-ZO,11,0.03,descriptive,True,224.0,229376.0,114688.0,0.029263375326991,960.0,983040.0,491520.0,224.0,229376.0,114688.0
2,NOG-ZO,11,0.02,descriptive,True,236.0,241664.0,120832.0,0.0161180403083562,960.0,983040.0,491520.0,236.0,241664.0,120832.0
2,NOG-ZO,11,0.018,descriptive,True,236.0,241664.0,120832.0,0.0161180403083562,960.0,983040.0,491520.0,236.0,241664.0,120832.0
2,NOG-ZO,11,0.016,descriptive,True,240.0,245760.0,122880.0,0.0139948213472962,960.0,983040.0,491520.0,240.0,245760.0,122880.0
2,NOG-ZO,11,0.015,descriptive,True,240.0,245760.0,122880.0,0.0139948213472962,960.0,983040.0,491520.0,240.0,245760.0,122880.0
2,NOG-ZO,11,0.01,descriptive,False,,,,,960.0,983040.0,491520.0,960.0,983040.0,491520.0
2,NOG-ZO,12,0.05,primary,True,216.0,221184.0,110592.0,0.0447713062167167,960.0,983040.0,491520.0,216.0,221184.0,110592.0
2,NOG-ZO,12,0.03,descriptive,True,228.0,233472.0,116736.0,0.0288191512227058,960.0,983040.0,491520.0,228.0,233472.0,116736.0
2,NOG-ZO,12,0.02,descriptive,True,240.0,245760.0,122880.0,0.0167248621582984,960.0,983040.0,491520.0,240.0,245760.0,122880.0
2,NOG-ZO,12,0.018,descriptive,True,240.0,245760.0,122880.0,0.0167248621582984,960.0,983040.0,491520.0,240.0,245760.0,122880.0
2,NOG-ZO,12,0.016,descriptive,True,244.0,249856.0,124928.0,0.015032603405416,960.0,983040.0,491520.0,244.0,249856.0,124928.0
2,NOG-ZO,12,0.015,descriptive,False,,,,,960.0,983040.0,491520.0,960.0,983040.0,491520.0
2,NOG-ZO,12,0.01,descriptive,False,,,,,960.0,983040.0,491520.0,960.0,983040.0,491520.0
2,NOG-ZO,13,0.05,primary,True,220.0,225280.0,112640.0,0.0446244329214096,960.0,983040.0,491520.0,220.0,225280.0,112640.0
2,NOG-ZO,13,0.03,descriptive,True,232.0,237568.0,118784.0,0.0288497619330883,960.0,983040.0,491520.0,232.0,237568.0,118784.0
2,NOG-ZO,13,0.02,descriptive,True,244.0,249856.0,124928.0,0.0169702935963869,960.0,983040.0,491520.0,244.0,249856.0,124928.0
2,NOG-ZO,13,0.018,descriptive,True,244.0,249856.0,124928.0,0.0169702935963869,960.0,983040.0,491520.0,244.0,249856.0,124928.0
2,NOG-ZO,13,0.016,descriptive,True,248.0,253952.0,126976.0,0.0148811396211385,960.0,983040.0,491520.0,248.0,253952.0,126976.0
2,NOG-ZO,13,0.015,descriptive,True,248.0,253952.0,126976.0,0.0148811396211385,960.0,983040.0,491520.0,248.0,253952.0,126976.0
2,NOG-ZO,13,0.01,descriptive,False,,,,,960.0,983040.0,491520.0,960.0,983040.0,491520.0
2,NOG-ZO,14,0.05,primary,True,212.0,217088.0,108544.0,0.0474352352321147,960.0,983040.0,491520.0,212.0,217088.0,108544.0
2,NOG-ZO,14,0.03,descriptive,True,228.0,233472.0,116736.0,0.0257214847952127,960.0,983040.0,491520.0,228.0,233472.0,116736.0
2,NOG-ZO,14,0.02,descriptive,True,236.0,241664.0,120832.0,0.0179329812526702,960.0,983040.0,491520.0,236.0,241664.0,120832.0
2,NOG-ZO,14,0.018,descriptive,True,236.0,241664.0,120832.0,0.0179329812526702,960.0,983040.0,491520.0,236.0,241664.0,120832.0
2,NOG-ZO,14,0.016,descriptive,True,240.0,245760.0,122880.0,0.0156039856374263,960.0,983040.0,491520.0,240.0,245760.0,122880.0
2,NOG-ZO,14,0.015,descriptive,False,,,,,960.0,983040.0,491520.0,960.0,983040.0,491520.0
2,NOG-ZO,14,0.01,descriptive,False,,,,,960.0,983040.0,491520.0,960.0,983040.0,491520.0
2,NOG-ZO,15,0.05,primary,True,216.0,221184.0,110592.0,0.0473562814295291,960.0,983040.0,491520.0,216.0,221184.0,110592.0
2,NOG-ZO,15,0.03,descriptive,True,232.0,237568.0,118784.0,0.0265641696751117,960.0,983040.0,491520.0,232.0,237568.0,118784.0
2,NOG-ZO,15,0.02,descriptive,True,240.0,245760.0,122880.0,0.0186325497925281,960.0,983040.0,491520.0,240.0,245760.0,122880.0
2,NOG-ZO,15,0.018,descriptive,True,244.0,249856.0,124928.0,0.0154496785253286,960.0,983040.0,491520.0,244.0,249856.0,124928.0
2,NOG-ZO,15,0.016,descriptive,True,244.0,249856.0,124928.0,0.0154496785253286,960.0,983040.0,491520.0,244.0,249856.0,124928.0
2,NOG-ZO,15,0.015,descriptive,False,,,,,960.0,983040.0,491520.0,960.0,983040.0,491520.0
2,NOG-ZO,15,0.01,descriptive,False,,,,,960.0,983040.0,491520.0,960.0,983040.0,491520.0
2,NOG-ZO,16,0.05,primary,True,212.0,217088.0,108544.0,0.0489315278828144,960.0,983040.0,491520.0,212.0,217088.0,108544.0
2,NOG-ZO,16,0.03,descriptive,True,228.0,233472.0,116736.0,0.0280128754675388,960.0,983040.0,491520.0,228.0,233472.0,116736.0
2,NOG-ZO,16,0.02,descriptive,True,236.0,241664.0,120832.0,0.0192325375974178,960.0,983040.0,491520.0,236.0,241664.0,120832.0
2,NOG-ZO,16,0.018,descriptive,True,240.0,245760.0,122880.0,0.0161887239664793,960.0,983040.0,491520.0,240.0,245760.0,122880.0
2,NOG-ZO,16,0.016,descriptive,True,244.0,249856.0,124928.0,0.0146350301802158,960.0,983040.0,491520.0,244.0,249856.0,124928.0
2,NOG-ZO,16,0.015,descriptive,True,244.0,249856.0,124928.0,0.0146350301802158,960.0,983040.0,491520.0,244.0,249856.0,124928.0
2,NOG-ZO,16,0.01,descriptive,False,,,,,960.0,983040.0,491520.0,960.0,983040.0,491520.0
2,NOG-ZO,17,0.05,primary,True,216.0,221184.0,110592.0,0.0454197563230991,960.0,983040.0,491520.0,216.0,221184.0,110592.0
2,NOG-ZO,17,0.03,descriptive,True,228.0,233472.0,116736.0,0.0289692617952823,960.0,983040.0,491520.0,228.0,233472.0,116736.0
2,NOG-ZO,17,0.02,descriptive,True,236.0,241664.0,120832.0,0.0198236759752035,960.0,983040.0,491520.0,236.0,241664.0,120832.0
2,NOG-ZO,17,0.018,descriptive,True,240.0,245760.0,122880.0,0.0168724618852138,960.0,983040.0,491520.0,240.0,245760.0,122880.0
2,NOG-ZO,17,0.016,descriptive,True,244.0,249856.0,124928.0,0.0145172141492366,960.0,983040.0,491520.0,244.0,249856.0,124928.0
2,NOG-ZO,17,0.015,descriptive,True,244.0,249856.0,124928.0,0.0145172141492366,960.0,983040.0,491520.0,244.0,249856.0,124928.0
2,NOG-ZO,17,0.01,descriptive,False,,,,,960.0,983040.0,491520.0,960.0,983040.0,491520.0
2,NOG-ZO,18,0.05,primary,True,212.0,217088.0,108544.0,0.0486799031496048,960.0,983040.0,491520.0,212.0,217088.0,108544.0
2,NOG-ZO,18,0.03,descriptive,True,228.0,233472.0,116736.0,0.0262527056038379,960.0,983040.0,491520.0,228.0,233472.0,116736.0
2,NOG-ZO,18,0.02,descriptive,True,236.0,241664.0,120832.0,0.0169237926602363,960.0,983040.0,491520.0,236.0,241664.0,120832.0
2,NOG-ZO,18,0.018,descriptive,True,236.0,241664.0,120832.0,0.0169237926602363,960.0,983040.0,491520.0,236.0,241664.0,120832.0
2,NOG-ZO,18,0.016,descriptive,True,240.0,245760.0,122880.0,0.0138357356190681,960.0,983040.0,491520.0,240.0,245760.0,122880.0
2,NOG-ZO,18,0.015,descriptive,True,240.0,245760.0,122880.0,0.0138357356190681,960.0,983040.0,491520.0,240.0,245760.0,122880.0
2,NOG-ZO,18,0.01,descriptive,False,,,,,960.0,983040.0,491520.0,960.0,983040.0,491520.0
2,NOG-ZO,19,0.05,primary,True,216.0,221184.0,110592.0,0.0461090840399265,960.0,983040.0,491520.0,216.0,221184.0,110592.0
2,NOG-ZO,19,0.03,descriptive,True,228.0,233472.0,116736.0,0.0298360604792833,960.0,983040.0,491520.0,228.0,233472.0,116736.0
2,NOG-ZO,19,0.02,descriptive,True,240.0,245760.0,122880.0,0.0178385376930236,960.0,983040.0,491520.0,240.0,245760.0,122880.0
2,NOG-ZO,19,0.018,descriptive,True,240.0,245760.0,122880.0,0.0178385376930236,960.0,983040.0,491520.0,240.0,245760.0,122880.0
2,NOG-ZO,19,0.016,descriptive,False,,,,,960.0,983040.0,491520.0,960.0,983040.0,491520.0
2,NOG-ZO,19,0.015,descriptive,False,,,,,960.0,983040.0,491520.0,960.0,983040.0,491520.0
2,NOG-ZO,19,0.01,descriptive,False,,,,,960.0,983040.0,491520.0,960.0,983040.0,491520.0
2,ME-DOL-ZO,0,0.05,primary,True,348.0,22272.0,11136.0,0.0494792833924293,15360.0,983040.0,491520.0,348.0,22272.0,11136.0
2,ME-DOL-ZO,0,0.03,descriptive,True,2652.0,169728.0,84864.0,0.029981518164277,15360.0,983040.0,491520.0,2652.0,169728.0,84864.0
2,ME-DOL-ZO,0,0.02,descriptive,False,,,,,15360.0,983040.0,491520.0,15360.0,983040.0,491520.0
2,ME-DOL-ZO,0,0.018,descriptive,False,,,,,15360.0,983040.0,491520.0,15360.0,983040.0,491520.0
2,ME-DOL-ZO,0,0.016,descriptive,False,,,,,15360.0,983040.0,491520.0,15360.0,983040.0,491520.0
2,ME-DOL-ZO,0,0.015,descriptive,False,,,,,15360.0,983040.0,491520.0,15360.0,983040.0,491520.0
2,ME-DOL-ZO,0,0.01,descriptive,False,,,,,15360.0,983040.0,491520.0,15360.0,983040.0,491520.0
2,ME-DOL-ZO,1,0.05,primary,True,348.0,22272.0,11136.0,0.0473119877278804,15360.0,983040.0,491520.0,348.0,22272.0,11136.0
2,ME-DOL-ZO,1,0.03,descriptive,True,588.0,37632.0,18816.0,0.029075514525175,15360.0,983040.0,491520.0,588.0,37632.0,18816.0
2,ME-DOL-ZO,1,0.02,descriptive,False,,,,,15360.0,983040.0,491520.0,15360.0,983040.0,491520.0
2,ME-DOL-ZO,1,0.018,descriptive,False,,,,,15360.0,983040.0,491520.0,15360.0,983040.0,491520.0
2,ME-DOL-ZO,1,0.016,descriptive,False,,,,,15360.0,983040.0,491520.0,15360.0,983040.0,491520.0
2,ME-DOL-ZO,1,0.015,descriptive,False,,,,,15360.0,983040.0,491520.0,15360.0,983040.0,491520.0
2,ME-DOL-ZO,1,0.01,descriptive,False,,,,,15360.0,983040.0,491520.0,15360.0,983040.0,491520.0
2,ME-DOL-ZO,2,0.05,primary,True,300.0,19200.0,9600.0,0.0470064915716648,15360.0,983040.0,491520.0,300.0,19200.0,9600.0
2,ME-DOL-ZO,2,0.03,descriptive,True,3228.0,206592.0,103296.0,0.0278974045068025,15360.0,983040.0,491520.0,3228.0,206592.0,103296.0
2,ME-DOL-ZO,2,0.02,descriptive,False,,,,,15360.0,983040.0,491520.0,15360.0,983040.0,491520.0
2,ME-DOL-ZO,2,0.018,descriptive,False,,,,,15360.0,983040.0,491520.0,15360.0,983040.0,491520.0
2,ME-DOL-ZO,2,0.016,descriptive,False,,,,,15360.0,983040.0,491520.0,15360.0,983040.0,491520.0
2,ME-DOL-ZO,2,0.015,descriptive,False,,,,,15360.0,983040.0,491520.0,15360.0,983040.0,491520.0
2,ME-DOL-ZO,2,0.01,descriptive,False,,,,,15360.0,983040.0,491520.0,15360.0,983040.0,491520.0
2,ME-DOL-ZO,3,0.05,primary,True,300.0,19200.0,9600.0,0.0466750785708427,15360.0,983040.0,491520.0,300.0,19200.0,9600.0
2,ME-DOL-ZO,3,0.03,descriptive,True,444.0,28416.0,14208.0,0.0299383755773305,15360.0,983040.0,491520.0,444.0,28416.0,14208.0
2,ME-DOL-ZO,3,0.02,descriptive,False,,,,,15360.0,983040.0,491520.0,15360.0,983040.0,491520.0
2,ME-DOL-ZO,3,0.018,descriptive,False,,,,,15360.0,983040.0,491520.0,15360.0,983040.0,491520.0
2,ME-DOL-ZO,3,0.016,descriptive,False,,,,,15360.0,983040.0,491520.0,15360.0,983040.0,491520.0
2,ME-DOL-ZO,3,0.015,descriptive,False,,,,,15360.0,983040.0,491520.0,15360.0,983040.0,491520.0
2,ME-DOL-ZO,3,0.01,descriptive,False,,,,,15360.0,983040.0,491520.0,15360.0,983040.0,491520.0
2,ME-DOL-ZO,4,0.05,primary,True,300.0,19200.0,9600.0,0.0378570482134819,15360.0,983040.0,491520.0,300.0,19200.0,9600.0
2,ME-DOL-ZO,4,0.03,descriptive,True,348.0,22272.0,11136.0,0.0282923448830842,15360.0,983040.0,491520.0,348.0,22272.0,11136.0
2,ME-DOL-ZO,4,0.02,descriptive,False,,,,,15360.0,983040.0,491520.0,15360.0,983040.0,491520.0
2,ME-DOL-ZO,4,0.018,descriptive,False,,,,,15360.0,983040.0,491520.0,15360.0,983040.0,491520.0
2,ME-DOL-ZO,4,0.016,descriptive,False,,,,,15360.0,983040.0,491520.0,15360.0,983040.0,491520.0
2,ME-DOL-ZO,4,0.015,descriptive,False,,,,,15360.0,983040.0,491520.0,15360.0,983040.0,491520.0
2,ME-DOL-ZO,4,0.01,descriptive,False,,,,,15360.0,983040.0,491520.0,15360.0,983040.0,491520.0
2,ME-DOL-ZO,5,0.05,primary,True,300.0,19200.0,9600.0,0.0494369454681873,15360.0,983040.0,491520.0,300.0,19200.0,9600.0
2,ME-DOL-ZO,5,0.03,descriptive,True,828.0,52992.0,26496.0,0.0298386588692665,15360.0,983040.0,491520.0,828.0,52992.0,26496.0
2,ME-DOL-ZO,5,0.02,descriptive,False,,,,,15360.0,983040.0,491520.0,15360.0,983040.0,491520.0
2,ME-DOL-ZO,5,0.018,descriptive,False,,,,,15360.0,983040.0,491520.0,15360.0,983040.0,491520.0
2,ME-DOL-ZO,5,0.016,descriptive,False,,,,,15360.0,983040.0,491520.0,15360.0,983040.0,491520.0
2,ME-DOL-ZO,5,0.015,descriptive,False,,,,,15360.0,983040.0,491520.0,15360.0,983040.0,491520.0
2,ME-DOL-ZO,5,0.01,descriptive,False,,,,,15360.0,983040.0,491520.0,15360.0,983040.0,491520.0
2,ME-DOL-ZO,6,0.05,primary,True,300.0,19200.0,9600.0,0.0454371236264705,15360.0,983040.0,491520.0,300.0,19200.0,9600.0
2,ME-DOL-ZO,6,0.03,descriptive,True,1212.0,77568.0,38784.0,0.0286377388983964,15360.0,983040.0,491520.0,1212.0,77568.0,38784.0
2,ME-DOL-ZO,6,0.02,descriptive,False,,,,,15360.0,983040.0,491520.0,15360.0,983040.0,491520.0
2,ME-DOL-ZO,6,0.018,descriptive,False,,,,,15360.0,983040.0,491520.0,15360.0,983040.0,491520.0
2,ME-DOL-ZO,6,0.016,descriptive,False,,,,,15360.0,983040.0,491520.0,15360.0,983040.0,491520.0
2,ME-DOL-ZO,6,0.015,descriptive,False,,,,,15360.0,983040.0,491520.0,15360.0,983040.0,491520.0
2,ME-DOL-ZO,6,0.01,descriptive,False,,,,,15360.0,983040.0,491520.0,15360.0,983040.0,491520.0
2,ME-DOL-ZO,7,0.05,primary,True,300.0,19200.0,9600.0,0.0486236214637756,15360.0,983040.0,491520.0,300.0,19200.0,9600.0
2,ME-DOL-ZO,7,0.03,descriptive,True,5580.0,357120.0,178560.0,0.0295052267611026,15360.0,983040.0,491520.0,5580.0,357120.0,178560.0
2,ME-DOL-ZO,7,0.02,descriptive,False,,,,,15360.0,983040.0,491520.0,15360.0,983040.0,491520.0
2,ME-DOL-ZO,7,0.018,descriptive,False,,,,,15360.0,983040.0,491520.0,15360.0,983040.0,491520.0
2,ME-DOL-ZO,7,0.016,descriptive,False,,,,,15360.0,983040.0,491520.0,15360.0,983040.0,491520.0
2,ME-DOL-ZO,7,0.015,descriptive,False,,,,,15360.0,983040.0,491520.0,15360.0,983040.0,491520.0
2,ME-DOL-ZO,7,0.01,descriptive,False,,,,,15360.0,983040.0,491520.0,15360.0,983040.0,491520.0
2,ME-DOL-ZO,8,0.05,primary,True,348.0,22272.0,11136.0,0.0432815924286842,15360.0,983040.0,491520.0,348.0,22272.0,11136.0
2,ME-DOL-ZO,8,0.03,descriptive,True,540.0,34560.0,17280.0,0.0291242059320211,15360.0,983040.0,491520.0,540.0,34560.0,17280.0
2,ME-DOL-ZO,8,0.02,descriptive,False,,,,,15360.0,983040.0,491520.0,15360.0,983040.0,491520.0
2,ME-DOL-ZO,8,0.018,descriptive,False,,,,,15360.0,983040.0,491520.0,15360.0,983040.0,491520.0
2,ME-DOL-ZO,8,0.016,descriptive,False,,,,,15360.0,983040.0,491520.0,15360.0,983040.0,491520.0
2,ME-DOL-ZO,8,0.015,descriptive,False,,,,,15360.0,983040.0,491520.0,15360.0,983040.0,491520.0
2,ME-DOL-ZO,8,0.01,descriptive,False,,,,,15360.0,983040.0,491520.0,15360.0,983040.0,491520.0
2,ME-DOL-ZO,9,0.05,primary,True,348.0,22272.0,11136.0,0.0460071042180061,15360.0,983040.0,491520.0,348.0,22272.0,11136.0
2,ME-DOL-ZO,9,0.03,descriptive,True,1260.0,80640.0,40320.0,0.0296197496354579,15360.0,983040.0,491520.0,1260.0,80640.0,40320.0
2,ME-DOL-ZO,9,0.02,descriptive,False,,,,,15360.0,983040.0,491520.0,15360.0,983040.0,491520.0
2,ME-DOL-ZO,9,0.018,descriptive,False,,,,,15360.0,983040.0,491520.0,15360.0,983040.0,491520.0
2,ME-DOL-ZO,9,0.016,descriptive,False,,,,,15360.0,983040.0,491520.0,15360.0,983040.0,491520.0
2,ME-DOL-ZO,9,0.015,descriptive,False,,,,,15360.0,983040.0,491520.0,15360.0,983040.0,491520.0
2,ME-DOL-ZO,9,0.01,descriptive,False,,,,,15360.0,983040.0,491520.0,15360.0,983040.0,491520.0
2,ME-DOL-ZO,10,0.05,primary,True,300.0,19200.0,9600.0,0.0462139397859573,15360.0,983040.0,491520.0,300.0,19200.0,9600.0
2,ME-DOL-ZO,10,0.03,descriptive,True,3372.0,215808.0,107904.0,0.02992526255548,15360.0,983040.0,491520.0,3372.0,215808.0,107904.0
2,ME-DOL-ZO,10,0.02,descriptive,False,,,,,15360.0,983040.0,491520.0,15360.0,983040.0,491520.0
2,ME-DOL-ZO,10,0.018,descriptive,False,,,,,15360.0,983040.0,491520.0,15360.0,983040.0,491520.0
2,ME-DOL-ZO,10,0.016,descriptive,False,,,,,15360.0,983040.0,491520.0,15360.0,983040.0,491520.0
2,ME-DOL-ZO,10,0.015,descriptive,False,,,,,15360.0,983040.0,491520.0,15360.0,983040.0,491520.0
2,ME-DOL-ZO,10,0.01,descriptive,False,,,,,15360.0,983040.0,491520.0,15360.0,983040.0,491520.0
2,ME-DOL-ZO,11,0.05,primary,True,300.0,19200.0,9600.0,0.0498408265411853,15360.0,983040.0,491520.0,300.0,19200.0,9600.0
2,ME-DOL-ZO,11,0.03,descriptive,True,924.0,59136.0,29568.0,0.0294611454010009,15360.0,983040.0,491520.0,924.0,59136.0,29568.0
2,ME-DOL-ZO,11,0.02,descriptive,False,,,,,15360.0,983040.0,491520.0,15360.0,983040.0,491520.0
2,ME-DOL-ZO,11,0.018,descriptive,False,,,,,15360.0,983040.0,491520.0,15360.0,983040.0,491520.0
2,ME-DOL-ZO,11,0.016,descriptive,False,,,,,15360.0,983040.0,491520.0,15360.0,983040.0,491520.0
2,ME-DOL-ZO,11,0.015,descriptive,False,,,,,15360.0,983040.0,491520.0,15360.0,983040.0,491520.0
2,ME-DOL-ZO,11,0.01,descriptive,False,,,,,15360.0,983040.0,491520.0,15360.0,983040.0,491520.0
2,ME-DOL-ZO,12,0.05,primary,True,348.0,22272.0,11136.0,0.0456975549459457,15360.0,983040.0,491520.0,348.0,22272.0,11136.0
2,ME-DOL-ZO,12,0.03,descriptive,True,540.0,34560.0,17280.0,0.0295512713491916,15360.0,983040.0,491520.0,540.0,34560.0,17280.0
2,ME-DOL-ZO,12,0.02,descriptive,False,,,,,15360.0,983040.0,491520.0,15360.0,983040.0,491520.0
2,ME-DOL-ZO,12,0.018,descriptive,False,,,,,15360.0,983040.0,491520.0,15360.0,983040.0,491520.0
2,ME-DOL-ZO,12,0.016,descriptive,False,,,,,15360.0,983040.0,491520.0,15360.0,983040.0,491520.0
2,ME-DOL-ZO,12,0.015,descriptive,False,,,,,15360.0,983040.0,491520.0,15360.0,983040.0,491520.0
2,ME-DOL-ZO,12,0.01,descriptive,False,,,,,15360.0,983040.0,491520.0,15360.0,983040.0,491520.0
2,ME-DOL-ZO,13,0.05,primary,True,348.0,22272.0,11136.0,0.0372598394751548,15360.0,983040.0,491520.0,348.0,22272.0,11136.0
2,ME-DOL-ZO,13,0.03,descriptive,True,2172.0,139008.0,69504.0,0.0297133587300777,15360.0,983040.0,491520.0,2172.0,139008.0,69504.0
2,ME-DOL-ZO,13,0.02,descriptive,False,,,,,15360.0,983040.0,491520.0,15360.0,983040.0,491520.0
2,ME-DOL-ZO,13,0.018,descriptive,False,,,,,15360.0,983040.0,491520.0,15360.0,983040.0,491520.0
2,ME-DOL-ZO,13,0.016,descriptive,False,,,,,15360.0,983040.0,491520.0,15360.0,983040.0,491520.0
2,ME-DOL-ZO,13,0.015,descriptive,False,,,,,15360.0,983040.0,491520.0,15360.0,983040.0,491520.0
2,ME-DOL-ZO,13,0.01,descriptive,False,,,,,15360.0,983040.0,491520.0,15360.0,983040.0,491520.0
2,ME-DOL-ZO,14,0.05,primary,True,396.0,25344.0,12672.0,0.0449679642915725,15360.0,983040.0,491520.0,396.0,25344.0,12672.0
2,ME-DOL-ZO,14,0.03,descriptive,True,2940.0,188160.0,94080.0,0.0297308750450611,15360.0,983040.0,491520.0,2940.0,188160.0,94080.0
2,ME-DOL-ZO,14,0.02,descriptive,False,,,,,15360.0,983040.0,491520.0,15360.0,983040.0,491520.0
2,ME-DOL-ZO,14,0.018,descriptive,False,,,,,15360.0,983040.0,491520.0,15360.0,983040.0,491520.0
2,ME-DOL-ZO,14,0.016,descriptive,False,,,,,15360.0,983040.0,491520.0,15360.0,983040.0,491520.0
2,ME-DOL-ZO,14,0.015,descriptive,False,,,,,15360.0,983040.0,491520.0,15360.0,983040.0,491520.0
2,ME-DOL-ZO,14,0.01,descriptive,False,,,,,15360.0,983040.0,491520.0,15360.0,983040.0,491520.0
2,ME-DOL-ZO,15,0.05,primary,True,300.0,19200.0,9600.0,0.0468352474272251,15360.0,983040.0,491520.0,300.0,19200.0,9600.0
2,ME-DOL-ZO,15,0.03,descriptive,True,396.0,25344.0,12672.0,0.0272529516369104,15360.0,983040.0,491520.0,396.0,25344.0,12672.0
2,ME-DOL-ZO,15,0.02,descriptive,False,,,,,15360.0,983040.0,491520.0,15360.0,983040.0,491520.0
2,ME-DOL-ZO,15,0.018,descriptive,False,,,,,15360.0,983040.0,491520.0,15360.0,983040.0,491520.0
2,ME-DOL-ZO,15,0.016,descriptive,False,,,,,15360.0,983040.0,491520.0,15360.0,983040.0,491520.0
2,ME-DOL-ZO,15,0.015,descriptive,False,,,,,15360.0,983040.0,491520.0,15360.0,983040.0,491520.0
2,ME-DOL-ZO,15,0.01,descriptive,False,,,,,15360.0,983040.0,491520.0,15360.0,983040.0,491520.0
2,ME-DOL-ZO,16,0.05,primary,True,348.0,22272.0,11136.0,0.0471695214509964,15360.0,983040.0,491520.0,348.0,22272.0,11136.0
2,ME-DOL-ZO,16,0.03,descriptive,True,2988.0,191232.0,95616.0,0.029167179018259,15360.0,983040.0,491520.0,2988.0,191232.0,95616.0
2,ME-DOL-ZO,16,0.02,descriptive,False,,,,,15360.0,983040.0,491520.0,15360.0,983040.0,491520.0
2,ME-DOL-ZO,16,0.018,descriptive,False,,,,,15360.0,983040.0,491520.0,15360.0,983040.0,491520.0
2,ME-DOL-ZO,16,0.016,descriptive,False,,,,,15360.0,983040.0,491520.0,15360.0,983040.0,491520.0
2,ME-DOL-ZO,16,0.015,descriptive,False,,,,,15360.0,983040.0,491520.0,15360.0,983040.0,491520.0
2,ME-DOL-ZO,16,0.01,descriptive,False,,,,,15360.0,983040.0,491520.0,15360.0,983040.0,491520.0
2,ME-DOL-ZO,17,0.05,primary,True,348.0,22272.0,11136.0,0.0480242632329463,15360.0,983040.0,491520.0,348.0,22272.0,11136.0
2,ME-DOL-ZO,17,0.03,descriptive,True,1164.0,74496.0,37248.0,0.0297333970665931,15360.0,983040.0,491520.0,1164.0,74496.0,37248.0
2,ME-DOL-ZO,17,0.02,descriptive,False,,,,,15360.0,983040.0,491520.0,15360.0,983040.0,491520.0
2,ME-DOL-ZO,17,0.018,descriptive,False,,,,,15360.0,983040.0,491520.0,15360.0,983040.0,491520.0
2,ME-DOL-ZO,17,0.016,descriptive,False,,,,,15360.0,983040.0,491520.0,15360.0,983040.0,491520.0
2,ME-DOL-ZO,17,0.015,descriptive,False,,,,,15360.0,983040.0,491520.0,15360.0,983040.0,491520.0
2,ME-DOL-ZO,17,0.01,descriptive,False,,,,,15360.0,983040.0,491520.0,15360.0,983040.0,491520.0
2,ME-DOL-ZO,18,0.05,primary,True,300.0,19200.0,9600.0,0.047498695552349,15360.0,983040.0,491520.0,300.0,19200.0,9600.0
2,ME-DOL-ZO,18,0.03,descriptive,True,444.0,28416.0,14208.0,0.029583079740405,15360.0,983040.0,491520.0,444.0,28416.0,14208.0
2,ME-DOL-ZO,18,0.02,descriptive,False,,,,,15360.0,983040.0,491520.0,15360.0,983040.0,491520.0
2,ME-DOL-ZO,18,0.018,descriptive,False,,,,,15360.0,983040.0,491520.0,15360.0,983040.0,491520.0
2,ME-DOL-ZO,18,0.016,descriptive,False,,,,,15360.0,983040.0,491520.0,15360.0,983040.0,491520.0
2,ME-DOL-ZO,18,0.015,descriptive,False,,,,,15360.0,983040.0,491520.0,15360.0,983040.0,491520.0
2,ME-DOL-ZO,18,0.01,descriptive,False,,,,,15360.0,983040.0,491520.0,15360.0,983040.0,491520.0
2,ME-DOL-ZO,19,0.05,primary,True,348.0,22272.0,11136.0,0.0488825403153896,15360.0,983040.0,491520.0,348.0,22272.0,11136.0
2,ME-DOL-ZO,19,0.03,descriptive,True,7404.0,473856.0,236928.0,0.0287891812622547,15360.0,983040.0,491520.0,7404.0,473856.0,236928.0
2,ME-DOL-ZO,19,0.02,descriptive,False,,,,,15360.0,983040.0,491520.0,15360.0,983040.0,491520.0
2,ME-DOL-ZO,19,0.018,descriptive,False,,,,,15360.0,983040.0,491520.0,15360.0,983040.0,491520.0
2,ME-DOL-ZO,19,0.016,descriptive,False,,,,,15360.0,983040.0,491520.0,15360.0,983040.0,491520.0
2,ME-DOL-ZO,19,0.015,descriptive,False,,,,,15360.0,983040.0,491520.0,15360.0,983040.0,491520.0
2,ME-DOL-ZO,19,0.01,descriptive,False,,,,,15360.0,983040.0,491520.0,15360.0,983040.0,491520.0
2,DGFM,0,0.05,primary,True,1440.0,46080.0,23040.0,0.0484147667884826,30720.0,983040.0,491520.0,1440.0,46080.0,23040.0
2,DGFM,0,0.03,descriptive,True,1792.0,57344.0,28672.0,0.0295752696692943,30720.0,983040.0,491520.0,1792.0,57344.0,28672.0
2,DGFM,0,0.02,descriptive,True,2656.0,84992.0,42496.0,0.0198284592479467,30720.0,983040.0,491520.0,2656.0,84992.0,42496.0
2,DGFM,0,0.018,descriptive,True,4800.0,153600.0,76800.0,0.0177265517413616,30720.0,983040.0,491520.0,4800.0,153600.0,76800.0
2,DGFM,0,0.016,descriptive,False,,,,,30720.0,983040.0,491520.0,30720.0,983040.0,491520.0
2,DGFM,0,0.015,descriptive,False,,,,,30720.0,983040.0,491520.0,30720.0,983040.0,491520.0
2,DGFM,0,0.01,descriptive,False,,,,,30720.0,983040.0,491520.0,30720.0,983040.0,491520.0
2,DGFM,1,0.05,primary,True,1376.0,44032.0,22016.0,0.0485175810754299,30720.0,983040.0,491520.0,1376.0,44032.0,22016.0
2,DGFM,1,0.03,descriptive,True,1792.0,57344.0,28672.0,0.0297893956303596,30720.0,983040.0,491520.0,1792.0,57344.0,28672.0
2,DGFM,1,0.02,descriptive,True,2720.0,87040.0,43520.0,0.0195490606129169,30720.0,983040.0,491520.0,2720.0,87040.0,43520.0
2,DGFM,1,0.018,descriptive,True,5312.0,169984.0,84992.0,0.0173491463065147,30720.0,983040.0,491520.0,5312.0,169984.0,84992.0
2,DGFM,1,0.016,descriptive,False,,,,,30720.0,983040.0,491520.0,30720.0,983040.0,491520.0
2,DGFM,1,0.015,descriptive,False,,,,,30720.0,983040.0,491520.0,30720.0,983040.0,491520.0
2,DGFM,1,0.01,descriptive,False,,,,,30720.0,983040.0,491520.0,30720.0,983040.0,491520.0
2,DGFM,2,0.05,primary,True,1344.0,43008.0,21504.0,0.0474353209137916,30720.0,983040.0,491520.0,1344.0,43008.0,21504.0
2,DGFM,2,0.03,descriptive,True,1696.0,54272.0,27136.0,0.0295336600393056,30720.0,983040.0,491520.0,1696.0,54272.0,27136.0
2,DGFM,2,0.02,descriptive,True,2496.0,79872.0,39936.0,0.0198793448507785,30720.0,983040.0,491520.0,2496.0,79872.0,39936.0
2,DGFM,2,0.018,descriptive,True,3968.0,126976.0,63488.0,0.0178561713546514,30720.0,983040.0,491520.0,3968.0,126976.0,63488.0
2,DGFM,2,0.016,descriptive,True,21856.0,699392.0,349696.0,0.0156867653131485,30720.0,983040.0,491520.0,21856.0,699392.0,349696.0
2,DGFM,2,0.015,descriptive,False,,,,,30720.0,983040.0,491520.0,30720.0,983040.0,491520.0
2,DGFM,2,0.01,descriptive,False,,,,,30720.0,983040.0,491520.0,30720.0,983040.0,491520.0
2,DGFM,3,0.05,primary,True,1312.0,41984.0,20992.0,0.0479821115732193,30720.0,983040.0,491520.0,1312.0,41984.0,20992.0
2,DGFM,3,0.03,descriptive,True,1760.0,56320.0,28160.0,0.0285939425230026,30720.0,983040.0,491520.0,1760.0,56320.0,28160.0
2,DGFM,3,0.02,descriptive,True,2208.0,70656.0,35328.0,0.0199416670948267,30720.0,983040.0,491520.0,2208.0,70656.0,35328.0
2,DGFM,3,0.018,descriptive,True,3744.0,119808.0,59904.0,0.0178912188857793,30720.0,983040.0,491520.0,3744.0,119808.0,59904.0
2,DGFM,3,0.016,descriptive,True,20576.0,658432.0,329216.0,0.0158207360655069,30720.0,983040.0,491520.0,20576.0,658432.0,329216.0
2,DGFM,3,0.015,descriptive,False,,,,,30720.0,983040.0,491520.0,30720.0,983040.0,491520.0
2,DGFM,3,0.01,descriptive,False,,,,,30720.0,983040.0,491520.0,30720.0,983040.0,491520.0
2,DGFM,4,0.05,primary,True,1408.0,45056.0,22528.0,0.0479562915861606,30720.0,983040.0,491520.0,1408.0,45056.0,22528.0
2,DGFM,4,0.03,descriptive,True,1824.0,58368.0,29184.0,0.0286973938345909,30720.0,983040.0,491520.0,1824.0,58368.0,29184.0
2,DGFM,4,0.02,descriptive,True,2528.0,80896.0,40448.0,0.0196103081107139,30720.0,983040.0,491520.0,2528.0,80896.0,40448.0
2,DGFM,4,0.018,descriptive,True,3936.0,125952.0,62976.0,0.0176549516618251,30720.0,983040.0,491520.0,3936.0,125952.0,62976.0
2,DGFM,4,0.016,descriptive,False,,,,,30720.0,983040.0,491520.0,30720.0,983040.0,491520.0
2,DGFM,4,0.015,descriptive,False,,,,,30720.0,983040.0,491520.0,30720.0,983040.0,491520.0
2,DGFM,4,0.01,descriptive,False,,,,,30720.0,983040.0,491520.0,30720.0,983040.0,491520.0
2,DGFM,5,0.05,primary,True,1440.0,46080.0,23040.0,0.0479709990322589,30720.0,983040.0,491520.0,1440.0,46080.0,23040.0
2,DGFM,5,0.03,descriptive,True,1952.0,62464.0,31232.0,0.0295398589223623,30720.0,983040.0,491520.0,1952.0,62464.0,31232.0
2,DGFM,5,0.02,descriptive,True,4128.0,132096.0,66048.0,0.0195193234831094,30720.0,983040.0,491520.0,4128.0,132096.0,66048.0
2,DGFM,5,0.018,descriptive,True,6880.0,220160.0,110080.0,0.0179508589208126,30720.0,983040.0,491520.0,6880.0,220160.0,110080.0
2,DGFM,5,0.016,descriptive,False,,,,,30720.0,983040.0,491520.0,30720.0,983040.0,491520.0
2,DGFM,5,0.015,descriptive,False,,,,,30720.0,983040.0,491520.0,30720.0,983040.0,491520.0
2,DGFM,5,0.01,descriptive,False,,,,,30720.0,983040.0,491520.0,30720.0,983040.0,491520.0
2,DGFM,6,0.05,primary,True,1344.0,43008.0,21504.0,0.0484562292695045,30720.0,983040.0,491520.0,1344.0,43008.0,21504.0
2,DGFM,6,0.03,descriptive,True,1728.0,55296.0,27648.0,0.0290717352181673,30720.0,983040.0,491520.0,1728.0,55296.0,27648.0
2,DGFM,6,0.02,descriptive,True,3584.0,114688.0,57344.0,0.0198090709745883,30720.0,983040.0,491520.0,3584.0,114688.0,57344.0
2,DGFM,6,0.018,descriptive,True,9024.0,288768.0,144384.0,0.0178613737225532,30720.0,983040.0,491520.0,9024.0,288768.0,144384.0
2,DGFM,6,0.016,descriptive,False,,,,,30720.0,983040.0,491520.0,30720.0,983040.0,491520.0
2,DGFM,6,0.015,descriptive,False,,,,,30720.0,983040.0,491520.0,30720.0,983040.0,491520.0
2,DGFM,6,0.01,descriptive,False,,,,,30720.0,983040.0,491520.0,30720.0,983040.0,491520.0
2,DGFM,7,0.05,primary,True,1408.0,45056.0,22528.0,0.0468990541994571,30720.0,983040.0,491520.0,1408.0,45056.0,22528.0
2,DGFM,7,0.03,descriptive,True,1824.0,58368.0,29184.0,0.0293755270540714,30720.0,983040.0,491520.0,1824.0,58368.0,29184.0
2,DGFM,7,0.02,descriptive,True,3872.0,123904.0,61952.0,0.0199470613151788,30720.0,983040.0,491520.0,3872.0,123904.0,61952.0
2,DGFM,7,0.018,descriptive,True,7840.0,250880.0,125440.0,0.0177545957267284,30720.0,983040.0,491520.0,7840.0,250880.0,125440.0
2,DGFM,7,0.016,descriptive,False,,,,,30720.0,983040.0,491520.0,30720.0,983040.0,491520.0
2,DGFM,7,0.015,descriptive,False,,,,,30720.0,983040.0,491520.0,30720.0,983040.0,491520.0
2,DGFM,7,0.01,descriptive,False,,,,,30720.0,983040.0,491520.0,30720.0,983040.0,491520.0
2,DGFM,8,0.05,primary,True,1440.0,46080.0,23040.0,0.048314232379198,30720.0,983040.0,491520.0,1440.0,46080.0,23040.0
2,DGFM,8,0.03,descriptive,True,1792.0,57344.0,28672.0,0.0292734988033771,30720.0,983040.0,491520.0,1792.0,57344.0,28672.0
2,DGFM,8,0.02,descriptive,True,2752.0,88064.0,44032.0,0.0198753476142883,30720.0,983040.0,491520.0,2752.0,88064.0,44032.0
2,DGFM,8,0.018,descriptive,True,4672.0,149504.0,74752.0,0.0179675128310918,30720.0,983040.0,491520.0,4672.0,149504.0,74752.0
2,DGFM,8,0.016,descriptive,True,9376.0,300032.0,150016.0,0.0156826395541429,30720.0,983040.0,491520.0,9376.0,300032.0,150016.0
2,DGFM,8,0.015,descriptive,False,,,,,30720.0,983040.0,491520.0,30720.0,983040.0,491520.0
2,DGFM,8,0.01,descriptive,False,,,,,30720.0,983040.0,491520.0,30720.0,983040.0,491520.0
2,DGFM,9,0.05,primary,True,1248.0,39936.0,19968.0,0.0495796054601669,30720.0,983040.0,491520.0,1248.0,39936.0,19968.0
2,DGFM,9,0.03,descriptive,True,1920.0,61440.0,30720.0,0.0284143704921007,30720.0,983040.0,491520.0,1920.0,61440.0,30720.0
2,DGFM,9,0.02,descriptive,True,2528.0,80896.0,40448.0,0.0194862782955169,30720.0,983040.0,491520.0,2528.0,80896.0,40448.0
2,DGFM,9,0.018,descriptive,True,2656.0,84992.0,42496.0,0.0178432520478963,30720.0,983040.0,491520.0,2656.0,84992.0,42496.0
2,DGFM,9,0.016,descriptive,False,,,,,30720.0,983040.0,491520.0,30720.0,983040.0,491520.0
2,DGFM,9,0.015,descriptive,False,,,,,30720.0,983040.0,491520.0,30720.0,983040.0,491520.0
2,DGFM,9,0.01,descriptive,False,,,,,30720.0,983040.0,491520.0,30720.0,983040.0,491520.0
2,DGFM,10,0.05,primary,True,1344.0,43008.0,21504.0,0.0490349046885967,30720.0,983040.0,491520.0,1344.0,43008.0,21504.0
2,DGFM,10,0.03,descriptive,True,1888.0,60416.0,30208.0,0.0286383870989084,30720.0,983040.0,491520.0,1888.0,60416.0,30208.0
2,DGFM,10,0.02,descriptive,True,2496.0,79872.0,39936.0,0.0191994924098253,30720.0,983040.0,491520.0,2496.0,79872.0,39936.0
2,DGFM,10,0.018,descriptive,True,6400.0,204800.0,102400.0,0.0179782062768936,30720.0,983040.0,491520.0,6400.0,204800.0,102400.0
2,DGFM,10,0.016,descriptive,False,,,,,30720.0,983040.0,491520.0,30720.0,983040.0,491520.0
2,DGFM,10,0.015,descriptive,False,,,,,30720.0,983040.0,491520.0,30720.0,983040.0,491520.0
2,DGFM,10,0.01,descriptive,False,,,,,30720.0,983040.0,491520.0,30720.0,983040.0,491520.0
2,DGFM,11,0.05,primary,True,1312.0,41984.0,20992.0,0.0488845445215702,30720.0,983040.0,491520.0,1312.0,41984.0,20992.0
2,DGFM,11,0.03,descriptive,True,1920.0,61440.0,30720.0,0.0297827087342739,30720.0,983040.0,491520.0,1920.0,61440.0,30720.0
2,DGFM,11,0.02,descriptive,True,3520.0,112640.0,56320.0,0.019993370398879,30720.0,983040.0,491520.0,3520.0,112640.0,56320.0
2,DGFM,11,0.018,descriptive,True,3840.0,122880.0,61440.0,0.0179375801235437,30720.0,983040.0,491520.0,3840.0,122880.0,61440.0
2,DGFM,11,0.016,descriptive,False,,,,,30720.0,983040.0,491520.0,30720.0,983040.0,491520.0
2,DGFM,11,0.015,descriptive,False,,,,,30720.0,983040.0,491520.0,30720.0,983040.0,491520.0
2,DGFM,11,0.01,descriptive,False,,,,,30720.0,983040.0,491520.0,30720.0,983040.0,491520.0
2,DGFM,12,0.05,primary,True,1344.0,43008.0,21504.0,0.0484281666576862,30720.0,983040.0,491520.0,1344.0,43008.0,21504.0
2,DGFM,12,0.03,descriptive,True,1760.0,56320.0,28160.0,0.028690094128251,30720.0,983040.0,491520.0,1760.0,56320.0,28160.0
2,DGFM,12,0.02,descriptive,True,2528.0,80896.0,40448.0,0.0197789631783962,30720.0,983040.0,491520.0,2528.0,80896.0,40448.0
2,DGFM,12,0.018,descriptive,True,5536.0,177152.0,88576.0,0.0177835971117019,30720.0,983040.0,491520.0,5536.0,177152.0,88576.0
2,DGFM,12,0.016,descriptive,True,19840.0,634880.0,317440.0,0.0159800443798303,30720.0,983040.0,491520.0,19840.0,634880.0,317440.0
2,DGFM,12,0.015,descriptive,False,,,,,30720.0,983040.0,491520.0,30720.0,983040.0,491520.0
2,DGFM,12,0.01,descriptive,False,,,,,30720.0,983040.0,491520.0,30720.0,983040.0,491520.0
2,DGFM,13,0.05,primary,True,1472.0,47104.0,23552.0,0.0477451011538505,30720.0,983040.0,491520.0,1472.0,47104.0,23552.0
2,DGFM,13,0.03,descriptive,True,2016.0,64512.0,32256.0,0.0292675103992223,30720.0,983040.0,491520.0,2016.0,64512.0,32256.0
2,DGFM,13,0.02,descriptive,True,3328.0,106496.0,53248.0,0.0197757054120302,30720.0,983040.0,491520.0,3328.0,106496.0,53248.0
2,DGFM,13,0.018,descriptive,True,5536.0,177152.0,88576.0,0.0176914036273956,30720.0,983040.0,491520.0,5536.0,177152.0,88576.0
2,DGFM,13,0.016,descriptive,False,,,,,30720.0,983040.0,491520.0,30720.0,983040.0,491520.0
2,DGFM,13,0.015,descriptive,False,,,,,30720.0,983040.0,491520.0,30720.0,983040.0,491520.0
2,DGFM,13,0.01,descriptive,False,,,,,30720.0,983040.0,491520.0,30720.0,983040.0,491520.0
2,DGFM,14,0.05,primary,True,1280.0,40960.0,20480.0,0.0499189049005508,30720.0,983040.0,491520.0,1280.0,40960.0,20480.0
2,DGFM,14,0.03,descriptive,True,1600.0,51200.0,25600.0,0.0285824928432703,30720.0,983040.0,491520.0,1600.0,51200.0,25600.0
2,DGFM,14,0.02,descriptive,True,2752.0,88064.0,44032.0,0.0199192278087139,30720.0,983040.0,491520.0,2752.0,88064.0,44032.0
2,DGFM,14,0.018,descriptive,True,3008.0,96256.0,48128.0,0.0177788361907005,30720.0,983040.0,491520.0,3008.0,96256.0,48128.0
2,DGFM,14,0.016,descriptive,True,13024.0,416768.0,208384.0,0.0159520637243986,30720.0,983040.0,491520.0,13024.0,416768.0,208384.0
2,DGFM,14,0.015,descriptive,False,,,,,30720.0,983040.0,491520.0,30720.0,983040.0,491520.0
2,DGFM,14,0.01,descriptive,False,,,,,30720.0,983040.0,491520.0,30720.0,983040.0,491520.0
2,DGFM,15,0.05,primary,True,1312.0,41984.0,20992.0,0.0497291721403598,30720.0,983040.0,491520.0,1312.0,41984.0,20992.0
2,DGFM,15,0.03,descriptive,True,1824.0,58368.0,29184.0,0.0295231379568576,30720.0,983040.0,491520.0,1824.0,58368.0,29184.0
2,DGFM,15,0.02,descriptive,True,3488.0,111616.0,55808.0,0.019962353631854,30720.0,983040.0,491520.0,3488.0,111616.0,55808.0
2,DGFM,15,0.018,descriptive,True,5376.0,172032.0,86016.0,0.0178419779986143,30720.0,983040.0,491520.0,5376.0,172032.0,86016.0
2,DGFM,15,0.016,descriptive,False,,,,,30720.0,983040.0,491520.0,30720.0,983040.0,491520.0
2,DGFM,15,0.015,descriptive,False,,,,,30720.0,983040.0,491520.0,30720.0,983040.0,491520.0
2,DGFM,15,0.01,descriptive,False,,,,,30720.0,983040.0,491520.0,30720.0,983040.0,491520.0
2,DGFM,16,0.05,primary,True,1344.0,43008.0,21504.0,0.0478044748306274,30720.0,983040.0,491520.0,1344.0,43008.0,21504.0
2,DGFM,16,0.03,descriptive,True,1792.0,57344.0,28672.0,0.0298985354602336,30720.0,983040.0,491520.0,1792.0,57344.0,28672.0
2,DGFM,16,0.02,descriptive,True,3200.0,102400.0,51200.0,0.0199953690171241,30720.0,983040.0,491520.0,3200.0,102400.0,51200.0
2,DGFM,16,0.018,descriptive,True,6016.0,192512.0,96256.0,0.0177421662956476,30720.0,983040.0,491520.0,6016.0,192512.0,96256.0
2,DGFM,16,0.016,descriptive,True,24512.0,784384.0,392192.0,0.0156523138284683,30720.0,983040.0,491520.0,24512.0,784384.0,392192.0
2,DGFM,16,0.015,descriptive,False,,,,,30720.0,983040.0,491520.0,30720.0,983040.0,491520.0
2,DGFM,16,0.01,descriptive,False,,,,,30720.0,983040.0,491520.0,30720.0,983040.0,491520.0
2,DGFM,17,0.05,primary,True,1312.0,41984.0,20992.0,0.0491959527134895,30720.0,983040.0,491520.0,1312.0,41984.0,20992.0
2,DGFM,17,0.03,descriptive,True,1696.0,54272.0,27136.0,0.0291187297552824,30720.0,983040.0,491520.0,1696.0,54272.0,27136.0
2,DGFM,17,0.02,descriptive,True,2976.0,95232.0,47616.0,0.0199435707181692,30720.0,983040.0,491520.0,2976.0,95232.0,47616.0
2,DGFM,17,0.018,descriptive,True,6400.0,204800.0,102400.0,0.0177524369210004,30720.0,983040.0,491520.0,6400.0,204800.0,102400.0
2,DGFM,17,0.016,descriptive,False,,,,,30720.0,983040.0,491520.0,30720.0,983040.0,491520.0
2,DGFM,17,0.015,descriptive,False,,,,,30720.0,983040.0,491520.0,30720.0,983040.0,491520.0
2,DGFM,17,0.01,descriptive,False,,,,,30720.0,983040.0,491520.0,30720.0,983040.0,491520.0
2,DGFM,18,0.05,primary,True,1312.0,41984.0,20992.0,0.0485840067267417,30720.0,983040.0,491520.0,1312.0,41984.0,20992.0
2,DGFM,18,0.03,descriptive,True,1696.0,54272.0,27136.0,0.0298442970961332,30720.0,983040.0,491520.0,1696.0,54272.0,27136.0
2,DGFM,18,0.02,descriptive,True,3104.0,99328.0,49664.0,0.0198297686874866,30720.0,983040.0,491520.0,3104.0,99328.0,49664.0
2,DGFM,18,0.018,descriptive,True,4320.0,138240.0,69120.0,0.0178626049309968,30720.0,983040.0,491520.0,4320.0,138240.0,69120.0
2,DGFM,18,0.016,descriptive,False,,,,,30720.0,983040.0,491520.0,30720.0,983040.0,491520.0
2,DGFM,18,0.015,descriptive,False,,,,,30720.0,983040.0,491520.0,30720.0,983040.0,491520.0
2,DGFM,18,0.01,descriptive,False,,,,,30720.0,983040.0,491520.0,30720.0,983040.0,491520.0
2,DGFM,19,0.05,primary,True,1312.0,41984.0,20992.0,0.0488236248493194,30720.0,983040.0,491520.0,1312.0,41984.0,20992.0
2,DGFM,19,0.03,descriptive,True,1920.0,61440.0,30720.0,0.0294233560562133,30720.0,983040.0,491520.0,1920.0,61440.0,30720.0
2,DGFM,19,0.02,descriptive,True,2560.0,81920.0,40960.0,0.0196205470710992,30720.0,983040.0,491520.0,2560.0,81920.0,40960.0
2,DGFM,19,0.018,descriptive,True,4544.0,145408.0,72704.0,0.0178660973906517,30720.0,983040.0,491520.0,4544.0,145408.0,72704.0
2,DGFM,19,0.016,descriptive,False,,,,,30720.0,983040.0,491520.0,30720.0,983040.0,491520.0
2,DGFM,19,0.015,descriptive,False,,,,,30720.0,983040.0,491520.0,30720.0,983040.0,491520.0
2,DGFM,19,0.01,descriptive,False,,,,,30720.0,983040.0,491520.0,30720.0,983040.0,491520.0
2,DGFM+,0,0.05,primary,True,9152.0,311296.0,155648.0,0.0498100966215133,28896.0,982464.0,491232.0,9152.0,311296.0,155648.0
2,DGFM+,0,0.03,descriptive,False,,,,,28896.0,982464.0,491232.0,28896.0,982464.0,491232.0
2,DGFM+,0,0.02,descriptive,False,,,,,28896.0,982464.0,491232.0,28896.0,982464.0,491232.0
2,DGFM+,0,0.018,descriptive,False,,,,,28896.0,982464.0,491232.0,28896.0,982464.0,491232.0
2,DGFM+,0,0.016,descriptive,False,,,,,28896.0,982464.0,491232.0,28896.0,982464.0,491232.0
2,DGFM+,0,0.015,descriptive,False,,,,,28896.0,982464.0,491232.0,28896.0,982464.0,491232.0
2,DGFM+,0,0.01,descriptive,False,,,,,28896.0,982464.0,491232.0,28896.0,982464.0,491232.0
2,DGFM+,1,0.05,primary,True,1504.0,51200.0,25600.0,0.049446377903223,28896.0,982464.0,491232.0,1504.0,51200.0,25600.0
2,DGFM+,1,0.03,descriptive,False,,,,,28896.0,982464.0,491232.0,28896.0,982464.0,491232.0
2,DGFM+,1,0.02,descriptive,False,,,,,28896.0,982464.0,491232.0,28896.0,982464.0,491232.0
2,DGFM+,1,0.018,descriptive,False,,,,,28896.0,982464.0,491232.0,28896.0,982464.0,491232.0
2,DGFM+,1,0.016,descriptive,False,,,,,28896.0,982464.0,491232.0,28896.0,982464.0,491232.0
2,DGFM+,1,0.015,descriptive,False,,,,,28896.0,982464.0,491232.0,28896.0,982464.0,491232.0
2,DGFM+,1,0.01,descriptive,False,,,,,28896.0,982464.0,491232.0,28896.0,982464.0,491232.0
2,DGFM+,2,0.05,primary,True,4064.0,138304.0,69152.0,0.0497118830680847,28896.0,982464.0,491232.0,4064.0,138304.0,69152.0
2,DGFM+,2,0.03,descriptive,False,,,,,28896.0,982464.0,491232.0,28896.0,982464.0,491232.0
2,DGFM+,2,0.02,descriptive,False,,,,,28896.0,982464.0,491232.0,28896.0,982464.0,491232.0
2,DGFM+,2,0.018,descriptive,False,,,,,28896.0,982464.0,491232.0,28896.0,982464.0,491232.0
2,DGFM+,2,0.016,descriptive,False,,,,,28896.0,982464.0,491232.0,28896.0,982464.0,491232.0
2,DGFM+,2,0.015,descriptive,False,,,,,28896.0,982464.0,491232.0,28896.0,982464.0,491232.0
2,DGFM+,2,0.01,descriptive,False,,,,,28896.0,982464.0,491232.0,28896.0,982464.0,491232.0
2,DGFM+,3,0.05,primary,True,13184.0,448384.0,224192.0,0.0496859140694141,28896.0,982464.0,491232.0,13184.0,448384.0,224192.0
2,DGFM+,3,0.03,descriptive,False,,,,,28896.0,982464.0,491232.0,28896.0,982464.0,491232.0
2,DGFM+,3,0.02,descriptive,False,,,,,28896.0,982464.0,491232.0,28896.0,982464.0,491232.0
2,DGFM+,3,0.018,descriptive,False,,,,,28896.0,982464.0,491232.0,28896.0,982464.0,491232.0
2,DGFM+,3,0.016,descriptive,False,,,,,28896.0,982464.0,491232.0,28896.0,982464.0,491232.0
2,DGFM+,3,0.015,descriptive,False,,,,,28896.0,982464.0,491232.0,28896.0,982464.0,491232.0
2,DGFM+,3,0.01,descriptive,False,,,,,28896.0,982464.0,491232.0,28896.0,982464.0,491232.0
2,DGFM+,4,0.05,primary,True,2208.0,75072.0,37536.0,0.0495789349079132,28896.0,982464.0,491232.0,2208.0,75072.0,37536.0
2,DGFM+,4,0.03,descriptive,False,,,,,28896.0,982464.0,491232.0,28896.0,982464.0,491232.0
2,DGFM+,4,0.02,descriptive,False,,,,,28896.0,982464.0,491232.0,28896.0,982464.0,491232.0
2,DGFM+,4,0.018,descriptive,False,,,,,28896.0,982464.0,491232.0,28896.0,982464.0,491232.0
2,DGFM+,4,0.016,descriptive,False,,,,,28896.0,982464.0,491232.0,28896.0,982464.0,491232.0
2,DGFM+,4,0.015,descriptive,False,,,,,28896.0,982464.0,491232.0,28896.0,982464.0,491232.0
2,DGFM+,4,0.01,descriptive,False,,,,,28896.0,982464.0,491232.0,28896.0,982464.0,491232.0
2,DGFM+,5,0.05,primary,True,25504.0,867200.0,433600.0,0.0499723553657531,28896.0,982464.0,491232.0,25504.0,867200.0,433600.0
2,DGFM+,5,0.03,descriptive,False,,,,,28896.0,982464.0,491232.0,28896.0,982464.0,491232.0
2,DGFM+,5,0.02,descriptive,False,,,,,28896.0,982464.0,491232.0,28896.0,982464.0,491232.0
2,DGFM+,5,0.018,descriptive,False,,,,,28896.0,982464.0,491232.0,28896.0,982464.0,491232.0
2,DGFM+,5,0.016,descriptive,False,,,,,28896.0,982464.0,491232.0,28896.0,982464.0,491232.0
2,DGFM+,5,0.015,descriptive,False,,,,,28896.0,982464.0,491232.0,28896.0,982464.0,491232.0
2,DGFM+,5,0.01,descriptive,False,,,,,28896.0,982464.0,491232.0,28896.0,982464.0,491232.0
2,DGFM+,6,0.05,primary,True,2816.0,95872.0,47936.0,0.0497847609221935,28896.0,982464.0,491232.0,2816.0,95872.0,47936.0
2,DGFM+,6,0.03,descriptive,False,,,,,28896.0,982464.0,491232.0,28896.0,982464.0,491232.0
2,DGFM+,6,0.02,descriptive,False,,,,,28896.0,982464.0,491232.0,28896.0,982464.0,491232.0
2,DGFM+,6,0.018,descriptive,False,,,,,28896.0,982464.0,491232.0,28896.0,982464.0,491232.0
2,DGFM+,6,0.016,descriptive,False,,,,,28896.0,982464.0,491232.0,28896.0,982464.0,491232.0
2,DGFM+,6,0.015,descriptive,False,,,,,28896.0,982464.0,491232.0,28896.0,982464.0,491232.0
2,DGFM+,6,0.01,descriptive,False,,,,,28896.0,982464.0,491232.0,28896.0,982464.0,491232.0
2,DGFM+,7,0.05,primary,True,1888.0,64256.0,32128.0,0.048929113894701,28896.0,982464.0,491232.0,1888.0,64256.0,32128.0
2,DGFM+,7,0.03,descriptive,False,,,,,28896.0,982464.0,491232.0,28896.0,982464.0,491232.0
2,DGFM+,7,0.02,descriptive,False,,,,,28896.0,982464.0,491232.0,28896.0,982464.0,491232.0
2,DGFM+,7,0.018,descriptive,False,,,,,28896.0,982464.0,491232.0,28896.0,982464.0,491232.0
2,DGFM+,7,0.016,descriptive,False,,,,,28896.0,982464.0,491232.0,28896.0,982464.0,491232.0
2,DGFM+,7,0.015,descriptive,False,,,,,28896.0,982464.0,491232.0,28896.0,982464.0,491232.0
2,DGFM+,7,0.01,descriptive,False,,,,,28896.0,982464.0,491232.0,28896.0,982464.0,491232.0
2,DGFM+,8,0.05,primary,True,1216.0,41408.0,20704.0,0.0496714115142822,28896.0,982464.0,491232.0,1216.0,41408.0,20704.0
2,DGFM+,8,0.03,descriptive,False,,,,,28896.0,982464.0,491232.0,28896.0,982464.0,491232.0
2,DGFM+,8,0.02,descriptive,False,,,,,28896.0,982464.0,491232.0,28896.0,982464.0,491232.0
2,DGFM+,8,0.018,descriptive,False,,,,,28896.0,982464.0,491232.0,28896.0,982464.0,491232.0
2,DGFM+,8,0.016,descriptive,False,,,,,28896.0,982464.0,491232.0,28896.0,982464.0,491232.0
2,DGFM+,8,0.015,descriptive,False,,,,,28896.0,982464.0,491232.0,28896.0,982464.0,491232.0
2,DGFM+,8,0.01,descriptive,False,,,,,28896.0,982464.0,491232.0,28896.0,982464.0,491232.0
2,DGFM+,9,0.05,primary,True,2048.0,69760.0,34880.0,0.0498177520930767,28896.0,982464.0,491232.0,2048.0,69760.0,34880.0
2,DGFM+,9,0.03,descriptive,False,,,,,28896.0,982464.0,491232.0,28896.0,982464.0,491232.0
2,DGFM+,9,0.02,descriptive,False,,,,,28896.0,982464.0,491232.0,28896.0,982464.0,491232.0
2,DGFM+,9,0.018,descriptive,False,,,,,28896.0,982464.0,491232.0,28896.0,982464.0,491232.0
2,DGFM+,9,0.016,descriptive,False,,,,,28896.0,982464.0,491232.0,28896.0,982464.0,491232.0
2,DGFM+,9,0.015,descriptive,False,,,,,28896.0,982464.0,491232.0,28896.0,982464.0,491232.0
2,DGFM+,9,0.01,descriptive,False,,,,,28896.0,982464.0,491232.0,28896.0,982464.0,491232.0
2,DGFM+,10,0.05,primary,False,,,,,28896.0,982464.0,491232.0,28896.0,982464.0,491232.0
2,DGFM+,10,0.03,descriptive,False,,,,,28896.0,982464.0,491232.0,28896.0,982464.0,491232.0
2,DGFM+,10,0.02,descriptive,False,,,,,28896.0,982464.0,491232.0,28896.0,982464.0,491232.0
2,DGFM+,10,0.018,descriptive,False,,,,,28896.0,982464.0,491232.0,28896.0,982464.0,491232.0
2,DGFM+,10,0.016,descriptive,False,,,,,28896.0,982464.0,491232.0,28896.0,982464.0,491232.0
2,DGFM+,10,0.015,descriptive,False,,,,,28896.0,982464.0,491232.0,28896.0,982464.0,491232.0
2,DGFM+,10,0.01,descriptive,False,,,,,28896.0,982464.0,491232.0,28896.0,982464.0,491232.0
2,DGFM+,11,0.05,primary,True,1408.0,47936.0,23968.0,0.049420591443777,28896.0,982464.0,491232.0,1408.0,47936.0,23968.0
2,DGFM+,11,0.03,descriptive,False,,,,,28896.0,982464.0,491232.0,28896.0,982464.0,491232.0
2,DGFM+,11,0.02,descriptive,False,,,,,28896.0,982464.0,491232.0,28896.0,982464.0,491232.0
2,DGFM+,11,0.018,descriptive,False,,,,,28896.0,982464.0,491232.0,28896.0,982464.0,491232.0
2,DGFM+,11,0.016,descriptive,False,,,,,28896.0,982464.0,491232.0,28896.0,982464.0,491232.0
2,DGFM+,11,0.015,descriptive,False,,,,,28896.0,982464.0,491232.0,28896.0,982464.0,491232.0
2,DGFM+,11,0.01,descriptive,False,,,,,28896.0,982464.0,491232.0,28896.0,982464.0,491232.0
2,DGFM+,12,0.05,primary,False,,,,,28896.0,982464.0,491232.0,28896.0,982464.0,491232.0
2,DGFM+,12,0.03,descriptive,False,,,,,28896.0,982464.0,491232.0,28896.0,982464.0,491232.0
2,DGFM+,12,0.02,descriptive,False,,,,,28896.0,982464.0,491232.0,28896.0,982464.0,491232.0
2,DGFM+,12,0.018,descriptive,False,,,,,28896.0,982464.0,491232.0,28896.0,982464.0,491232.0
2,DGFM+,12,0.016,descriptive,False,,,,,28896.0,982464.0,491232.0,28896.0,982464.0,491232.0
2,DGFM+,12,0.015,descriptive,False,,,,,28896.0,982464.0,491232.0,28896.0,982464.0,491232.0
2,DGFM+,12,0.01,descriptive,False,,,,,28896.0,982464.0,491232.0,28896.0,982464.0,491232.0
2,DGFM+,13,0.05,primary,True,1984.0,67520.0,33760.0,0.0495593100786209,28896.0,982464.0,491232.0,1984.0,67520.0,33760.0
2,DGFM+,13,0.03,descriptive,False,,,,,28896.0,982464.0,491232.0,28896.0,982464.0,491232.0
2,DGFM+,13,0.02,descriptive,False,,,,,28896.0,982464.0,491232.0,28896.0,982464.0,491232.0
2,DGFM+,13,0.018,descriptive,False,,,,,28896.0,982464.0,491232.0,28896.0,982464.0,491232.0
2,DGFM+,13,0.016,descriptive,False,,,,,28896.0,982464.0,491232.0,28896.0,982464.0,491232.0
2,DGFM+,13,0.015,descriptive,False,,,,,28896.0,982464.0,491232.0,28896.0,982464.0,491232.0
2,DGFM+,13,0.01,descriptive,False,,,,,28896.0,982464.0,491232.0,28896.0,982464.0,491232.0
2,DGFM+,14,0.05,primary,True,3968.0,135040.0,67520.0,0.0497836358845233,28896.0,982464.0,491232.0,3968.0,135040.0,67520.0
2,DGFM+,14,0.03,descriptive,False,,,,,28896.0,982464.0,491232.0,28896.0,982464.0,491232.0
2,DGFM+,14,0.02,descriptive,False,,,,,28896.0,982464.0,491232.0,28896.0,982464.0,491232.0
2,DGFM+,14,0.018,descriptive,False,,,,,28896.0,982464.0,491232.0,28896.0,982464.0,491232.0
2,DGFM+,14,0.016,descriptive,False,,,,,28896.0,982464.0,491232.0,28896.0,982464.0,491232.0
2,DGFM+,14,0.015,descriptive,False,,,,,28896.0,982464.0,491232.0,28896.0,982464.0,491232.0
2,DGFM+,14,0.01,descriptive,False,,,,,28896.0,982464.0,491232.0,28896.0,982464.0,491232.0
2,DGFM+,15,0.05,primary,True,2368.0,80576.0,40288.0,0.0498641096055507,28896.0,982464.0,491232.0,2368.0,80576.0,40288.0
2,DGFM+,15,0.03,descriptive,False,,,,,28896.0,982464.0,491232.0,28896.0,982464.0,491232.0
2,DGFM+,15,0.02,descriptive,False,,,,,28896.0,982464.0,491232.0,28896.0,982464.0,491232.0
2,DGFM+,15,0.018,descriptive,False,,,,,28896.0,982464.0,491232.0,28896.0,982464.0,491232.0
2,DGFM+,15,0.016,descriptive,False,,,,,28896.0,982464.0,491232.0,28896.0,982464.0,491232.0
2,DGFM+,15,0.015,descriptive,False,,,,,28896.0,982464.0,491232.0,28896.0,982464.0,491232.0
2,DGFM+,15,0.01,descriptive,False,,,,,28896.0,982464.0,491232.0,28896.0,982464.0,491232.0
2,DGFM+,16,0.05,primary,True,2336.0,79552.0,39776.0,0.0494852326810359,28896.0,982464.0,491232.0,2336.0,79552.0,39776.0
2,DGFM+,16,0.03,descriptive,False,,,,,28896.0,982464.0,491232.0,28896.0,982464.0,491232.0
2,DGFM+,16,0.02,descriptive,False,,,,,28896.0,982464.0,491232.0,28896.0,982464.0,491232.0
2,DGFM+,16,0.018,descriptive,False,,,,,28896.0,982464.0,491232.0,28896.0,982464.0,491232.0
2,DGFM+,16,0.016,descriptive,False,,,,,28896.0,982464.0,491232.0,28896.0,982464.0,491232.0
2,DGFM+,16,0.015,descriptive,False,,,,,28896.0,982464.0,491232.0,28896.0,982464.0,491232.0
2,DGFM+,16,0.01,descriptive,False,,,,,28896.0,982464.0,491232.0,28896.0,982464.0,491232.0
2,DGFM+,17,0.05,primary,True,1824.0,62016.0,31008.0,0.0493924617767334,28896.0,982464.0,491232.0,1824.0,62016.0,31008.0
2,DGFM+,17,0.03,descriptive,False,,,,,28896.0,982464.0,491232.0,28896.0,982464.0,491232.0
2,DGFM+,17,0.02,descriptive,False,,,,,28896.0,982464.0,491232.0,28896.0,982464.0,491232.0
2,DGFM+,17,0.018,descriptive,False,,,,,28896.0,982464.0,491232.0,28896.0,982464.0,491232.0
2,DGFM+,17,0.016,descriptive,False,,,,,28896.0,982464.0,491232.0,28896.0,982464.0,491232.0
2,DGFM+,17,0.015,descriptive,False,,,,,28896.0,982464.0,491232.0,28896.0,982464.0,491232.0
2,DGFM+,17,0.01,descriptive,False,,,,,28896.0,982464.0,491232.0,28896.0,982464.0,491232.0
2,DGFM+,18,0.05,primary,True,1696.0,57728.0,28864.0,0.0499143414199352,28896.0,982464.0,491232.0,1696.0,57728.0,28864.0
2,DGFM+,18,0.03,descriptive,False,,,,,28896.0,982464.0,491232.0,28896.0,982464.0,491232.0
2,DGFM+,18,0.02,descriptive,False,,,,,28896.0,982464.0,491232.0,28896.0,982464.0,491232.0
2,DGFM+,18,0.018,descriptive,False,,,,,28896.0,982464.0,491232.0,28896.0,982464.0,491232.0
2,DGFM+,18,0.016,descriptive,False,,,,,28896.0,982464.0,491232.0,28896.0,982464.0,491232.0
2,DGFM+,18,0.015,descriptive,False,,,,,28896.0,982464.0,491232.0,28896.0,982464.0,491232.0
2,DGFM+,18,0.01,descriptive,False,,,,,28896.0,982464.0,491232.0,28896.0,982464.0,491232.0
2,DGFM+,19,0.05,primary,True,2720.0,92608.0,46304.0,0.0498276874423027,28896.0,982464.0,491232.0,2720.0,92608.0,46304.0
2,DGFM+,19,0.03,descriptive,False,,,,,28896.0,982464.0,491232.0,28896.0,982464.0,491232.0
2,DGFM+,19,0.02,descriptive,False,,,,,28896.0,982464.0,491232.0,28896.0,982464.0,491232.0
2,DGFM+,19,0.018,descriptive,False,,,,,28896.0,982464.0,491232.0,28896.0,982464.0,491232.0
2,DGFM+,19,0.016,descriptive,False,,,,,28896.0,982464.0,491232.0,28896.0,982464.0,491232.0
2,DGFM+,19,0.015,descriptive,False,,,,,28896.0,982464.0,491232.0,28896.0,982464.0,491232.0
2,DGFM+,19,0.01,descriptive,False,,,,,28896.0,982464.0,491232.0,28896.0,982464.0,491232.0
4,NOG-ZO,0,0.05,primary,True,216.0,221184.0,55296.0,0.0462047271430492,960.0,983040.0,245760.0,216.0,221184.0,55296.0
4,NOG-ZO,0,0.03,descriptive,True,228.0,233472.0,58368.0,0.0295968260616064,960.0,983040.0,245760.0,228.0,233472.0,58368.0
4,NOG-ZO,0,0.02,descriptive,True,240.0,245760.0,61440.0,0.0169062372297048,960.0,983040.0,245760.0,240.0,245760.0,61440.0
4,NOG-ZO,0,0.018,descriptive,True,240.0,245760.0,61440.0,0.0169062372297048,960.0,983040.0,245760.0,240.0,245760.0,61440.0
4,NOG-ZO,0,0.016,descriptive,True,244.0,249856.0,62464.0,0.0149705214425921,960.0,983040.0,245760.0,244.0,249856.0,62464.0
4,NOG-ZO,0,0.015,descriptive,True,244.0,249856.0,62464.0,0.0149705214425921,960.0,983040.0,245760.0,244.0,249856.0,62464.0
4,NOG-ZO,0,0.01,descriptive,False,,,,,960.0,983040.0,245760.0,960.0,983040.0,245760.0
4,NOG-ZO,1,0.05,primary,True,212.0,217088.0,54272.0,0.0480157621204853,960.0,983040.0,245760.0,212.0,217088.0,54272.0
4,NOG-ZO,1,0.03,descriptive,True,228.0,233472.0,58368.0,0.0265430249273777,960.0,983040.0,245760.0,228.0,233472.0,58368.0
4,NOG-ZO,1,0.02,descriptive,True,236.0,241664.0,60416.0,0.0179034881293773,960.0,983040.0,245760.0,236.0,241664.0,60416.0
4,NOG-ZO,1,0.018,descriptive,True,236.0,241664.0,60416.0,0.0179034881293773,960.0,983040.0,245760.0,236.0,241664.0,60416.0
4,NOG-ZO,1,0.016,descriptive,True,240.0,245760.0,61440.0,0.0148175004869699,960.0,983040.0,245760.0,240.0,245760.0,61440.0
4,NOG-ZO,1,0.015,descriptive,True,240.0,245760.0,61440.0,0.0148175004869699,960.0,983040.0,245760.0,240.0,245760.0,61440.0
4,NOG-ZO,1,0.01,descriptive,False,,,,,960.0,983040.0,245760.0,960.0,983040.0,245760.0
4,NOG-ZO,2,0.05,primary,True,216.0,221184.0,55296.0,0.046572845429182,960.0,983040.0,245760.0,216.0,221184.0,55296.0
4,NOG-ZO,2,0.03,descriptive,True,228.0,233472.0,58368.0,0.0294271670281887,960.0,983040.0,245760.0,228.0,233472.0,58368.0
4,NOG-ZO,2,0.02,descriptive,True,240.0,245760.0,61440.0,0.0165317058563232,960.0,983040.0,245760.0,240.0,245760.0,61440.0
4,NOG-ZO,2,0.018,descriptive,True,240.0,245760.0,61440.0,0.0165317058563232,960.0,983040.0,245760.0,240.0,245760.0,61440.0
4,NOG-ZO,2,0.016,descriptive,True,244.0,249856.0,62464.0,0.0145200192928314,960.0,983040.0,245760.0,244.0,249856.0,62464.0
4,NOG-ZO,2,0.015,descriptive,True,244.0,249856.0,62464.0,0.0145200192928314,960.0,983040.0,245760.0,244.0,249856.0,62464.0
4,NOG-ZO,2,0.01,descriptive,False,,,,,960.0,983040.0,245760.0,960.0,983040.0,245760.0
4,NOG-ZO,3,0.05,primary,True,216.0,221184.0,55296.0,0.0451803430914878,960.0,983040.0,245760.0,216.0,221184.0,55296.0
4,NOG-ZO,3,0.03,descriptive,True,228.0,233472.0,58368.0,0.0295171681791543,960.0,983040.0,245760.0,228.0,233472.0,58368.0
4,NOG-ZO,3,0.02,descriptive,True,240.0,245760.0,61440.0,0.0173171497881412,960.0,983040.0,245760.0,240.0,245760.0,61440.0
4,NOG-ZO,3,0.018,descriptive,True,240.0,245760.0,61440.0,0.0173171497881412,960.0,983040.0,245760.0,240.0,245760.0,61440.0
4,NOG-ZO,3,0.016,descriptive,True,244.0,249856.0,62464.0,0.0150361349806189,960.0,983040.0,245760.0,244.0,249856.0,62464.0
4,NOG-ZO,3,0.015,descriptive,False,,,,,960.0,983040.0,245760.0,960.0,983040.0,245760.0
4,NOG-ZO,3,0.01,descriptive,False,,,,,960.0,983040.0,245760.0,960.0,983040.0,245760.0
4,NOG-ZO,4,0.05,primary,True,212.0,217088.0,54272.0,0.0499465987086296,960.0,983040.0,245760.0,212.0,217088.0,54272.0
4,NOG-ZO,4,0.03,descriptive,True,228.0,233472.0,58368.0,0.028436254709959,960.0,983040.0,245760.0,228.0,233472.0,58368.0
4,NOG-ZO,4,0.02,descriptive,True,236.0,241664.0,60416.0,0.0189605727791786,960.0,983040.0,245760.0,236.0,241664.0,60416.0
4,NOG-ZO,4,0.018,descriptive,True,240.0,245760.0,61440.0,0.0156675465404987,960.0,983040.0,245760.0,240.0,245760.0,61440.0
4,NOG-ZO,4,0.016,descriptive,True,240.0,245760.0,61440.0,0.0156675465404987,960.0,983040.0,245760.0,240.0,245760.0,61440.0
4,NOG-ZO,4,0.015,descriptive,True,244.0,249856.0,62464.0,0.0134910801425576,960.0,983040.0,245760.0,244.0,249856.0,62464.0
4,NOG-ZO,4,0.01,descriptive,False,,,,,960.0,983040.0,245760.0,960.0,983040.0,245760.0
4,NOG-ZO,5,0.05,primary,True,216.0,221184.0,55296.0,0.0453490950167179,960.0,983040.0,245760.0,216.0,221184.0,55296.0
4,NOG-ZO,5,0.03,descriptive,True,228.0,233472.0,58368.0,0.0290882233530282,960.0,983040.0,245760.0,228.0,233472.0,58368.0
4,NOG-ZO,5,0.02,descriptive,True,236.0,241664.0,60416.0,0.0196335930377244,960.0,983040.0,245760.0,236.0,241664.0,60416.0
4,NOG-ZO,5,0.018,descriptive,True,240.0,245760.0,61440.0,0.0162979383021593,960.0,983040.0,245760.0,240.0,245760.0,61440.0
4,NOG-ZO,5,0.016,descriptive,True,244.0,249856.0,62464.0,0.0142963910475373,960.0,983040.0,245760.0,244.0,249856.0,62464.0
4,NOG-ZO,5,0.015,descriptive,True,244.0,249856.0,62464.0,0.0142963910475373,960.0,983040.0,245760.0,244.0,249856.0,62464.0
4,NOG-ZO,5,0.01,descriptive,False,,,,,960.0,983040.0,245760.0,960.0,983040.0,245760.0
4,NOG-ZO,6,0.05,primary,True,212.0,217088.0,54272.0,0.0497205406427383,960.0,983040.0,245760.0,212.0,217088.0,54272.0
4,NOG-ZO,6,0.03,descriptive,True,228.0,233472.0,58368.0,0.0276041347533464,960.0,983040.0,245760.0,228.0,233472.0,58368.0
4,NOG-ZO,6,0.02,descriptive,True,236.0,241664.0,60416.0,0.0193882156163454,960.0,983040.0,245760.0,236.0,241664.0,60416.0
4,NOG-ZO,6,0.018,descriptive,True,240.0,245760.0,61440.0,0.0161643475294113,960.0,983040.0,245760.0,240.0,245760.0,61440.0
4,NOG-ZO,6,0.016,descriptive,True,244.0,249856.0,62464.0,0.0148126063868403,960.0,983040.0,245760.0,244.0,249856.0,62464.0
4,NOG-ZO,6,0.015,descriptive,False,,,,,960.0,983040.0,245760.0,960.0,983040.0,245760.0
4,NOG-ZO,6,0.01,descriptive,False,,,,,960.0,983040.0,245760.0,960.0,983040.0,245760.0
4,NOG-ZO,7,0.05,primary,True,216.0,221184.0,55296.0,0.0438115634024143,960.0,983040.0,245760.0,216.0,221184.0,55296.0
4,NOG-ZO,7,0.03,descriptive,True,228.0,233472.0,58368.0,0.0277178268879652,960.0,983040.0,245760.0,228.0,233472.0,58368.0
4,NOG-ZO,7,0.02,descriptive,True,236.0,241664.0,60416.0,0.0181896854192018,960.0,983040.0,245760.0,236.0,241664.0,60416.0
4,NOG-ZO,7,0.018,descriptive,True,240.0,245760.0,61440.0,0.0148822385817766,960.0,983040.0,245760.0,240.0,245760.0,61440.0
4,NOG-ZO,7,0.016,descriptive,True,240.0,245760.0,61440.0,0.0148822385817766,960.0,983040.0,245760.0,240.0,245760.0,61440.0
4,NOG-ZO,7,0.015,descriptive,True,240.0,245760.0,61440.0,0.0148822385817766,960.0,983040.0,245760.0,240.0,245760.0,61440.0
4,NOG-ZO,7,0.01,descriptive,False,,,,,960.0,983040.0,245760.0,960.0,983040.0,245760.0
4,NOG-ZO,8,0.05,primary,True,212.0,217088.0,54272.0,0.0496289022266864,960.0,983040.0,245760.0,212.0,217088.0,54272.0
4,NOG-ZO,8,0.03,descriptive,True,228.0,233472.0,58368.0,0.0267827529460191,960.0,983040.0,245760.0,228.0,233472.0,58368.0
4,NOG-ZO,8,0.02,descriptive,True,236.0,241664.0,60416.0,0.0188584774732589,960.0,983040.0,245760.0,236.0,241664.0,60416.0
4,NOG-ZO,8,0.018,descriptive,True,240.0,245760.0,61440.0,0.0156020689755678,960.0,983040.0,245760.0,240.0,245760.0,61440.0
4,NOG-ZO,8,0.016,descriptive,True,240.0,245760.0,61440.0,0.0156020689755678,960.0,983040.0,245760.0,240.0,245760.0,61440.0
4,NOG-ZO,8,0.015,descriptive,True,244.0,249856.0,62464.0,0.014350944198668,960.0,983040.0,245760.0,244.0,249856.0,62464.0
4,NOG-ZO,8,0.01,descriptive,False,,,,,960.0,983040.0,245760.0,960.0,983040.0,245760.0
4,NOG-ZO,9,0.05,primary,True,212.0,217088.0,54272.0,0.0497357808053493,960.0,983040.0,245760.0,212.0,217088.0,54272.0
4,NOG-ZO,9,0.03,descriptive,True,228.0,233472.0,58368.0,0.0279222410172224,960.0,983040.0,245760.0,228.0,233472.0,58368.0
4,NOG-ZO,9,0.02,descriptive,True,236.0,241664.0,60416.0,0.0189260244369506,960.0,983040.0,245760.0,236.0,241664.0,60416.0
4,NOG-ZO,9,0.018,descriptive,True,240.0,245760.0,61440.0,0.0157065764069557,960.0,983040.0,245760.0,240.0,245760.0,61440.0
4,NOG-ZO,9,0.016,descriptive,True,240.0,245760.0,61440.0,0.0157065764069557,960.0,983040.0,245760.0,240.0,245760.0,61440.0
4,NOG-ZO,9,0.015,descriptive,False,,,,,960.0,983040.0,245760.0,960.0,983040.0,245760.0
4,NOG-ZO,9,0.01,descriptive,False,,,,,960.0,983040.0,245760.0,960.0,983040.0,245760.0
4,NOG-ZO,10,0.05,primary,True,212.0,217088.0,54272.0,0.049507301300764,960.0,983040.0,245760.0,212.0,217088.0,54272.0
4,NOG-ZO,10,0.03,descriptive,True,228.0,233472.0,58368.0,0.0269362479448318,960.0,983040.0,245760.0,228.0,233472.0,58368.0
4,NOG-ZO,10,0.02,descriptive,True,236.0,241664.0,60416.0,0.018279617652297,960.0,983040.0,245760.0,236.0,241664.0,60416.0
4,NOG-ZO,10,0.018,descriptive,True,240.0,245760.0,61440.0,0.0152877867221832,960.0,983040.0,245760.0,240.0,245760.0,61440.0
4,NOG-ZO,10,0.016,descriptive,True,240.0,245760.0,61440.0,0.0152877867221832,960.0,983040.0,245760.0,240.0,245760.0,61440.0
4,NOG-ZO,10,0.015,descriptive,True,244.0,249856.0,62464.0,0.0137057891115546,960.0,983040.0,245760.0,244.0,249856.0,62464.0
4,NOG-ZO,10,0.01,descriptive,False,,,,,960.0,983040.0,245760.0,960.0,983040.0,245760.0
4,NOG-ZO,11,0.05,primary,True,212.0,217088.0,54272.0,0.047816090285778,960.0,983040.0,245760.0,212.0,217088.0,54272.0
4,NOG-ZO,11,0.03,descriptive,True,228.0,233472.0,58368.0,0.0262510105967521,960.0,983040.0,245760.0,228.0,233472.0,58368.0
4,NOG-ZO,11,0.02,descriptive,True,236.0,241664.0,60416.0,0.0175901763141155,960.0,983040.0,245760.0,236.0,241664.0,60416.0
4,NOG-ZO,11,0.018,descriptive,True,236.0,241664.0,60416.0,0.0175901763141155,960.0,983040.0,245760.0,236.0,241664.0,60416.0
4,NOG-ZO,11,0.016,descriptive,True,240.0,245760.0,61440.0,0.0151093499734997,960.0,983040.0,245760.0,240.0,245760.0,61440.0
4,NOG-ZO,11,0.015,descriptive,False,,,,,960.0,983040.0,245760.0,960.0,983040.0,245760.0
4,NOG-ZO,11,0.01,descriptive,False,,,,,960.0,983040.0,245760.0,960.0,983040.0,245760.0
4,NOG-ZO,12,0.05,primary,True,216.0,221184.0,55296.0,0.0462645217776298,960.0,983040.0,245760.0,216.0,221184.0,55296.0
4,NOG-ZO,12,0.03,descriptive,True,228.0,233472.0,58368.0,0.0295072682201862,960.0,983040.0,245760.0,228.0,233472.0,58368.0
4,NOG-ZO,12,0.02,descriptive,True,240.0,245760.0,61440.0,0.0162158887833356,960.0,983040.0,245760.0,240.0,245760.0,61440.0
4,NOG-ZO,12,0.018,descriptive,True,240.0,245760.0,61440.0,0.0162158887833356,960.0,983040.0,245760.0,240.0,245760.0,61440.0
4,NOG-ZO,12,0.016,descriptive,True,244.0,249856.0,62464.0,0.0139717599377036,960.0,983040.0,245760.0,244.0,249856.0,62464.0
4,NOG-ZO,12,0.015,descriptive,True,244.0,249856.0,62464.0,0.0139717599377036,960.0,983040.0,245760.0,244.0,249856.0,62464.0
4,NOG-ZO,12,0.01,descriptive,False,,,,,960.0,983040.0,245760.0,960.0,983040.0,245760.0
4,NOG-ZO,13,0.05,primary,True,216.0,221184.0,55296.0,0.0491802431643009,960.0,983040.0,245760.0,216.0,221184.0,55296.0
4,NOG-ZO,13,0.03,descriptive,True,232.0,237568.0,59392.0,0.0278542656451463,960.0,983040.0,245760.0,232.0,237568.0,59392.0
4,NOG-ZO,13,0.02,descriptive,True,240.0,245760.0,61440.0,0.0188329741358757,960.0,983040.0,245760.0,240.0,245760.0,61440.0
4,NOG-ZO,13,0.018,descriptive,True,244.0,249856.0,62464.0,0.0154998172074556,960.0,983040.0,245760.0,244.0,249856.0,62464.0
4,NOG-ZO,13,0.016,descriptive,True,244.0,249856.0,62464.0,0.0154998172074556,960.0,983040.0,245760.0,244.0,249856.0,62464.0
4,NOG-ZO,13,0.015,descriptive,True,248.0,253952.0,63488.0,0.0138283716514706,960.0,983040.0,245760.0,248.0,253952.0,63488.0
4,NOG-ZO,13,0.01,descriptive,False,,,,,960.0,983040.0,245760.0,960.0,983040.0,245760.0
4,NOG-ZO,14,0.05,primary,True,212.0,217088.0,54272.0,0.0464118309319019,960.0,983040.0,245760.0,212.0,217088.0,54272.0
4,NOG-ZO,14,0.03,descriptive,True,228.0,233472.0,58368.0,0.0252797231078147,960.0,983040.0,245760.0,228.0,233472.0,58368.0
4,NOG-ZO,14,0.02,descriptive,True,236.0,241664.0,60416.0,0.0175870954990386,960.0,983040.0,245760.0,236.0,241664.0,60416.0
4,NOG-ZO,14,0.018,descriptive,True,236.0,241664.0,60416.0,0.0175870954990386,960.0,983040.0,245760.0,236.0,241664.0,60416.0
4,NOG-ZO,14,0.016,descriptive,True,240.0,245760.0,61440.0,0.0154970278963446,960.0,983040.0,245760.0,240.0,245760.0,61440.0
4,NOG-ZO,14,0.015,descriptive,False,,,,,960.0,983040.0,245760.0,960.0,983040.0,245760.0
4,NOG-ZO,14,0.01,descriptive,False,,,,,960.0,983040.0,245760.0,960.0,983040.0,245760.0
4,NOG-ZO,15,0.05,primary,True,216.0,221184.0,55296.0,0.0479254685342311,960.0,983040.0,245760.0,216.0,221184.0,55296.0
4,NOG-ZO,15,0.03,descriptive,True,232.0,237568.0,59392.0,0.026225060224533,960.0,983040.0,245760.0,232.0,237568.0,59392.0
4,NOG-ZO,15,0.02,descriptive,True,240.0,245760.0,61440.0,0.0179134234786033,960.0,983040.0,245760.0,240.0,245760.0,61440.0
4,NOG-ZO,15,0.018,descriptive,True,240.0,245760.0,61440.0,0.0179134234786033,960.0,983040.0,245760.0,240.0,245760.0,61440.0
4,NOG-ZO,15,0.016,descriptive,True,244.0,249856.0,62464.0,0.0150857381522655,960.0,983040.0,245760.0,244.0,249856.0,62464.0
4,NOG-ZO,15,0.015,descriptive,True,248.0,253952.0,63488.0,0.0141108622774481,960.0,983040.0,245760.0,248.0,253952.0,63488.0
4,NOG-ZO,15,0.01,descriptive,False,,,,,960.0,983040.0,245760.0,960.0,983040.0,245760.0
4,NOG-ZO,16,0.05,primary,True,212.0,217088.0,54272.0,0.0495070777833461,960.0,983040.0,245760.0,212.0,217088.0,54272.0
4,NOG-ZO,16,0.03,descriptive,True,228.0,233472.0,58368.0,0.0276376847177743,960.0,983040.0,245760.0,228.0,233472.0,58368.0
4,NOG-ZO,16,0.02,descriptive,True,236.0,241664.0,60416.0,0.019213018938899,960.0,983040.0,245760.0,236.0,241664.0,60416.0
4,NOG-ZO,16,0.018,descriptive,True,240.0,245760.0,61440.0,0.0162275172770023,960.0,983040.0,245760.0,240.0,245760.0,61440.0
4,NOG-ZO,16,0.016,descriptive,True,244.0,249856.0,62464.0,0.0150709962472319,960.0,983040.0,245760.0,244.0,249856.0,62464.0
4,NOG-ZO,16,0.015,descriptive,False,,,,,960.0,983040.0,245760.0,960.0,983040.0,245760.0
4,NOG-ZO,16,0.01,descriptive,False,,,,,960.0,983040.0,245760.0,960.0,983040.0,245760.0
4,NOG-ZO,17,0.05,primary,True,216.0,221184.0,55296.0,0.0472060143947601,960.0,983040.0,245760.0,216.0,221184.0,55296.0
4,NOG-ZO,17,0.03,descriptive,True,232.0,237568.0,59392.0,0.0257029216736555,960.0,983040.0,245760.0,232.0,237568.0,59392.0
4,NOG-ZO,17,0.02,descriptive,True,240.0,245760.0,61440.0,0.0169275645166635,960.0,983040.0,245760.0,240.0,245760.0,61440.0
4,NOG-ZO,17,0.018,descriptive,True,240.0,245760.0,61440.0,0.0169275645166635,960.0,983040.0,245760.0,240.0,245760.0,61440.0
4,NOG-ZO,17,0.016,descriptive,True,244.0,249856.0,62464.0,0.0142062492668628,960.0,983040.0,245760.0,244.0,249856.0,62464.0
4,NOG-ZO,17,0.015,descriptive,True,244.0,249856.0,62464.0,0.0142062492668628,960.0,983040.0,245760.0,244.0,249856.0,62464.0
4,NOG-ZO,17,0.01,descriptive,False,,,,,960.0,983040.0,245760.0,960.0,983040.0,245760.0
4,NOG-ZO,18,0.05,primary,True,212.0,217088.0,54272.0,0.0482631921768188,960.0,983040.0,245760.0,212.0,217088.0,54272.0
4,NOG-ZO,18,0.03,descriptive,True,228.0,233472.0,58368.0,0.0260529685765504,960.0,983040.0,245760.0,228.0,233472.0,58368.0
4,NOG-ZO,18,0.02,descriptive,True,236.0,241664.0,60416.0,0.0172373093664646,960.0,983040.0,245760.0,236.0,241664.0,60416.0
4,NOG-ZO,18,0.018,descriptive,True,236.0,241664.0,60416.0,0.0172373093664646,960.0,983040.0,245760.0,236.0,241664.0,60416.0
4,NOG-ZO,18,0.016,descriptive,True,240.0,245760.0,61440.0,0.0146801192313432,960.0,983040.0,245760.0,240.0,245760.0,61440.0
4,NOG-ZO,18,0.015,descriptive,True,240.0,245760.0,61440.0,0.0146801192313432,960.0,983040.0,245760.0,240.0,245760.0,61440.0
4,NOG-ZO,18,0.01,descriptive,False,,,,,960.0,983040.0,245760.0,960.0,983040.0,245760.0
4,NOG-ZO,19,0.05,primary,True,216.0,221184.0,55296.0,0.0458225384354591,960.0,983040.0,245760.0,216.0,221184.0,55296.0
4,NOG-ZO,19,0.03,descriptive,True,228.0,233472.0,58368.0,0.0293526761233806,960.0,983040.0,245760.0,228.0,233472.0,58368.0
4,NOG-ZO,19,0.02,descriptive,True,236.0,241664.0,60416.0,0.0196402091532945,960.0,983040.0,245760.0,236.0,241664.0,60416.0
4,NOG-ZO,19,0.018,descriptive,True,240.0,245760.0,61440.0,0.0162978898733854,960.0,983040.0,245760.0,240.0,245760.0,61440.0
4,NOG-ZO,19,0.016,descriptive,True,244.0,249856.0,62464.0,0.0137917874380946,960.0,983040.0,245760.0,244.0,249856.0,62464.0
4,NOG-ZO,19,0.015,descriptive,True,244.0,249856.0,62464.0,0.0137917874380946,960.0,983040.0,245760.0,244.0,249856.0,62464.0
4,NOG-ZO,19,0.01,descriptive,False,,,,,960.0,983040.0,245760.0,960.0,983040.0,245760.0
4,ME-DOL-ZO,0,0.05,primary,True,372.0,47616.0,11904.0,0.0493230037391185,7680.0,983040.0,245760.0,372.0,47616.0,11904.0
4,ME-DOL-ZO,0,0.03,descriptive,True,492.0,62976.0,15744.0,0.0297082848846912,7680.0,983040.0,245760.0,492.0,62976.0,15744.0
4,ME-DOL-ZO,0,0.02,descriptive,True,756.0,96768.0,24192.0,0.0195309855043888,7680.0,983040.0,245760.0,756.0,96768.0,24192.0
4,ME-DOL-ZO,0,0.018,descriptive,True,1068.0,136704.0,34176.0,0.0177489258348941,7680.0,983040.0,245760.0,1068.0,136704.0,34176.0
4,ME-DOL-ZO,0,0.016,descriptive,False,,,,,7680.0,983040.0,245760.0,7680.0,983040.0,245760.0
4,ME-DOL-ZO,0,0.015,descriptive,False,,,,,7680.0,983040.0,245760.0,7680.0,983040.0,245760.0
4,ME-DOL-ZO,0,0.01,descriptive,False,,,,,7680.0,983040.0,245760.0,7680.0,983040.0,245760.0
4,ME-DOL-ZO,1,0.05,primary,True,348.0,44544.0,11136.0,0.0482813417911529,7680.0,983040.0,245760.0,348.0,44544.0,11136.0
4,ME-DOL-ZO,1,0.03,descriptive,True,540.0,69120.0,17280.0,0.0294071640819311,7680.0,983040.0,245760.0,540.0,69120.0,17280.0
4,ME-DOL-ZO,1,0.02,descriptive,True,852.0,109056.0,27264.0,0.0199319086968898,7680.0,983040.0,245760.0,852.0,109056.0,27264.0
4,ME-DOL-ZO,1,0.018,descriptive,True,4380.0,560640.0,140160.0,0.0177280828356742,7680.0,983040.0,245760.0,4380.0,560640.0,140160.0
4,ME-DOL-ZO,1,0.016,descriptive,False,,,,,7680.0,983040.0,245760.0,7680.0,983040.0,245760.0
4,ME-DOL-ZO,1,0.015,descriptive,False,,,,,7680.0,983040.0,245760.0,7680.0,983040.0,245760.0
4,ME-DOL-ZO,1,0.01,descriptive,False,,,,,7680.0,983040.0,245760.0,7680.0,983040.0,245760.0
4,ME-DOL-ZO,2,0.05,primary,True,372.0,47616.0,11904.0,0.0433906354010105,7680.0,983040.0,245760.0,372.0,47616.0,11904.0
4,ME-DOL-ZO,2,0.03,descriptive,True,468.0,59904.0,14976.0,0.0260986238718032,7680.0,983040.0,245760.0,468.0,59904.0,14976.0
4,ME-DOL-ZO,2,0.02,descriptive,True,4140.0,529920.0,132480.0,0.0190668012946844,7680.0,983040.0,245760.0,4140.0,529920.0,132480.0
4,ME-DOL-ZO,2,0.018,descriptive,True,6612.0,846336.0,211584.0,0.0179750230163335,7680.0,983040.0,245760.0,6612.0,846336.0,211584.0
4,ME-DOL-ZO,2,0.016,descriptive,False,,,,,7680.0,983040.0,245760.0,7680.0,983040.0,245760.0
4,ME-DOL-ZO,2,0.015,descriptive,False,,,,,7680.0,983040.0,245760.0,7680.0,983040.0,245760.0
4,ME-DOL-ZO,2,0.01,descriptive,False,,,,,7680.0,983040.0,245760.0,7680.0,983040.0,245760.0
4,ME-DOL-ZO,3,0.05,primary,True,372.0,47616.0,11904.0,0.0448862798511981,7680.0,983040.0,245760.0,372.0,47616.0,11904.0
4,ME-DOL-ZO,3,0.03,descriptive,True,444.0,56832.0,14208.0,0.0283848736435174,7680.0,983040.0,245760.0,444.0,56832.0,14208.0
4,ME-DOL-ZO,3,0.02,descriptive,True,804.0,102912.0,25728.0,0.0196984242647886,7680.0,983040.0,245760.0,804.0,102912.0,25728.0
4,ME-DOL-ZO,3,0.018,descriptive,False,,,,,7680.0,983040.0,245760.0,7680.0,983040.0,245760.0
4,ME-DOL-ZO,3,0.016,descriptive,False,,,,,7680.0,983040.0,245760.0,7680.0,983040.0,245760.0
4,ME-DOL-ZO,3,0.015,descriptive,False,,,,,7680.0,983040.0,245760.0,7680.0,983040.0,245760.0
4,ME-DOL-ZO,3,0.01,descriptive,False,,,,,7680.0,983040.0,245760.0,7680.0,983040.0,245760.0
4,ME-DOL-ZO,4,0.05,primary,True,372.0,47616.0,11904.0,0.0418139919638633,7680.0,983040.0,245760.0,372.0,47616.0,11904.0
4,ME-DOL-ZO,4,0.03,descriptive,True,468.0,59904.0,14976.0,0.0294956881552934,7680.0,983040.0,245760.0,468.0,59904.0,14976.0
4,ME-DOL-ZO,4,0.02,descriptive,True,1740.0,222720.0,55680.0,0.0194619577378034,7680.0,983040.0,245760.0,1740.0,222720.0,55680.0
4,ME-DOL-ZO,4,0.018,descriptive,False,,,,,7680.0,983040.0,245760.0,7680.0,983040.0,245760.0
4,ME-DOL-ZO,4,0.016,descriptive,False,,,,,7680.0,983040.0,245760.0,7680.0,983040.0,245760.0
4,ME-DOL-ZO,4,0.015,descriptive,False,,,,,7680.0,983040.0,245760.0,7680.0,983040.0,245760.0
4,ME-DOL-ZO,4,0.01,descriptive,False,,,,,7680.0,983040.0,245760.0,7680.0,983040.0,245760.0
4,ME-DOL-ZO,5,0.05,primary,True,348.0,44544.0,11136.0,0.0463546402752399,7680.0,983040.0,245760.0,348.0,44544.0,11136.0
4,ME-DOL-ZO,5,0.03,descriptive,True,468.0,59904.0,14976.0,0.027149086818099,7680.0,983040.0,245760.0,468.0,59904.0,14976.0
4,ME-DOL-ZO,5,0.02,descriptive,True,2052.0,262656.0,65664.0,0.0198469925671815,7680.0,983040.0,245760.0,2052.0,262656.0,65664.0
4,ME-DOL-ZO,5,0.018,descriptive,True,3036.0,388608.0,97152.0,0.0177026707679033,7680.0,983040.0,245760.0,3036.0,388608.0,97152.0
4,ME-DOL-ZO,5,0.016,descriptive,False,,,,,7680.0,983040.0,245760.0,7680.0,983040.0,245760.0
4,ME-DOL-ZO,5,0.015,descriptive,False,,,,,7680.0,983040.0,245760.0,7680.0,983040.0,245760.0
4,ME-DOL-ZO,5,0.01,descriptive,False,,,,,7680.0,983040.0,245760.0,7680.0,983040.0,245760.0
4,ME-DOL-ZO,6,0.05,primary,True,372.0,47616.0,11904.0,0.0488304048776626,7680.0,983040.0,245760.0,372.0,47616.0,11904.0
4,ME-DOL-ZO,6,0.03,descriptive,True,444.0,56832.0,14208.0,0.0277656484395265,7680.0,983040.0,245760.0,444.0,56832.0,14208.0
4,ME-DOL-ZO,6,0.02,descriptive,True,3420.0,437760.0,109440.0,0.0197653155773878,7680.0,983040.0,245760.0,3420.0,437760.0,109440.0
4,ME-DOL-ZO,6,0.018,descriptive,True,5724.0,732672.0,183168.0,0.0179106835275888,7680.0,983040.0,245760.0,5724.0,732672.0,183168.0
4,ME-DOL-ZO,6,0.016,descriptive,False,,,,,7680.0,983040.0,245760.0,7680.0,983040.0,245760.0
4,ME-DOL-ZO,6,0.015,descriptive,False,,,,,7680.0,983040.0,245760.0,7680.0,983040.0,245760.0
4,ME-DOL-ZO,6,0.01,descriptive,False,,,,,7680.0,983040.0,245760.0,7680.0,983040.0,245760.0
4,ME-DOL-ZO,7,0.05,primary,True,396.0,50688.0,12672.0,0.0460779182612896,7680.0,983040.0,245760.0,396.0,50688.0,12672.0
4,ME-DOL-ZO,7,0.03,descriptive,True,540.0,69120.0,17280.0,0.0264717750251293,7680.0,983040.0,245760.0,540.0,69120.0,17280.0
4,ME-DOL-ZO,7,0.02,descriptive,True,1836.0,235008.0,58752.0,0.0197321698069572,7680.0,983040.0,245760.0,1836.0,235008.0,58752.0
4,ME-DOL-ZO,7,0.018,descriptive,False,,,,,7680.0,983040.0,245760.0,7680.0,983040.0,245760.0
4,ME-DOL-ZO,7,0.016,descriptive,False,,,,,7680.0,983040.0,245760.0,7680.0,983040.0,245760.0
4,ME-DOL-ZO,7,0.015,descriptive,False,,,,,7680.0,983040.0,245760.0,7680.0,983040.0,245760.0
4,ME-DOL-ZO,7,0.01,descriptive,False,,,,,7680.0,983040.0,245760.0,7680.0,983040.0,245760.0
4,ME-DOL-ZO,8,0.05,primary,True,396.0,50688.0,12672.0,0.0451477877795696,7680.0,983040.0,245760.0,396.0,50688.0,12672.0
4,ME-DOL-ZO,8,0.03,descriptive,True,540.0,69120.0,17280.0,0.026878535747528,7680.0,983040.0,245760.0,540.0,69120.0,17280.0
4,ME-DOL-ZO,8,0.02,descriptive,True,948.0,121344.0,30336.0,0.0195018015801906,7680.0,983040.0,245760.0,948.0,121344.0,30336.0
4,ME-DOL-ZO,8,0.018,descriptive,False,,,,,7680.0,983040.0,245760.0,7680.0,983040.0,245760.0
4,ME-DOL-ZO,8,0.016,descriptive,False,,,,,7680.0,983040.0,245760.0,7680.0,983040.0,245760.0
4,ME-DOL-ZO,8,0.015,descriptive,False,,,,,7680.0,983040.0,245760.0,7680.0,983040.0,245760.0
4,ME-DOL-ZO,8,0.01,descriptive,False,,,,,7680.0,983040.0,245760.0,7680.0,983040.0,245760.0
4,ME-DOL-ZO,9,0.05,primary,True,348.0,44544.0,11136.0,0.0497586280107498,7680.0,983040.0,245760.0,348.0,44544.0,11136.0
4,ME-DOL-ZO,9,0.03,descriptive,True,444.0,56832.0,14208.0,0.027438772842288,7680.0,983040.0,245760.0,444.0,56832.0,14208.0
4,ME-DOL-ZO,9,0.02,descriptive,True,1908.0,244224.0,61056.0,0.0194596890360116,7680.0,983040.0,245760.0,1908.0,244224.0,61056.0
4,ME-DOL-ZO,9,0.018,descriptive,False,,,,,7680.0,983040.0,245760.0,7680.0,983040.0,245760.0
4,ME-DOL-ZO,9,0.016,descriptive,False,,,,,7680.0,983040.0,245760.0,7680.0,983040.0,245760.0
4,ME-DOL-ZO,9,0.015,descriptive,False,,,,,7680.0,983040.0,245760.0,7680.0,983040.0,245760.0
4,ME-DOL-ZO,9,0.01,descriptive,False,,,,,7680.0,983040.0,245760.0,7680.0,983040.0,245760.0
4,ME-DOL-ZO,10,0.05,primary,True,396.0,50688.0,12672.0,0.0478060021996498,7680.0,983040.0,245760.0,396.0,50688.0,12672.0
4,ME-DOL-ZO,10,0.03,descriptive,True,516.0,66048.0,16512.0,0.0292791128158569,7680.0,983040.0,245760.0,516.0,66048.0,16512.0
4,ME-DOL-ZO,10,0.02,descriptive,True,756.0,96768.0,24192.0,0.0199159886687994,7680.0,983040.0,245760.0,756.0,96768.0,24192.0
4,ME-DOL-ZO,10,0.018,descriptive,True,1356.0,173568.0,43392.0,0.017273349687457,7680.0,983040.0,245760.0,1356.0,173568.0,43392.0
4,ME-DOL-ZO,10,0.016,descriptive,False,,,,,7680.0,983040.0,245760.0,7680.0,983040.0,245760.0
4,ME-DOL-ZO,10,0.015,descriptive,False,,,,,7680.0,983040.0,245760.0,7680.0,983040.0,245760.0
4,ME-DOL-ZO,10,0.01,descriptive,False,,,,,7680.0,983040.0,245760.0,7680.0,983040.0,245760.0
4,ME-DOL-ZO,11,0.05,primary,True,372.0,47616.0,11904.0,0.0480912216007709,7680.0,983040.0,245760.0,372.0,47616.0,11904.0
4,ME-DOL-ZO,11,0.03,descriptive,True,492.0,62976.0,15744.0,0.0283032841980457,7680.0,983040.0,245760.0,492.0,62976.0,15744.0
4,ME-DOL-ZO,11,0.02,descriptive,True,4164.0,532992.0,133248.0,0.0199528019875288,7680.0,983040.0,245760.0,4164.0,532992.0,133248.0
4,ME-DOL-ZO,11,0.018,descriptive,True,4668.0,597504.0,149376.0,0.017649982124567,7680.0,983040.0,245760.0,4668.0,597504.0,149376.0
4,ME-DOL-ZO,11,0.016,descriptive,False,,,,,7680.0,983040.0,245760.0,7680.0,983040.0,245760.0
4,ME-DOL-ZO,11,0.015,descriptive,False,,,,,7680.0,983040.0,245760.0,7680.0,983040.0,245760.0
4,ME-DOL-ZO,11,0.01,descriptive,False,,,,,7680.0,983040.0,245760.0,7680.0,983040.0,245760.0
4,ME-DOL-ZO,12,0.05,primary,True,444.0,56832.0,14208.0,0.0455817654728889,7680.0,983040.0,245760.0,444.0,56832.0,14208.0
4,ME-DOL-ZO,12,0.03,descriptive,True,612.0,78336.0,19584.0,0.0291798636317253,7680.0,983040.0,245760.0,612.0,78336.0,19584.0
4,ME-DOL-ZO,12,0.02,descriptive,True,2268.0,290304.0,72576.0,0.0198511742055416,7680.0,983040.0,245760.0,2268.0,290304.0,72576.0
4,ME-DOL-ZO,12,0.018,descriptive,True,4524.0,579072.0,144768.0,0.0174738802015781,7680.0,983040.0,245760.0,4524.0,579072.0,144768.0
4,ME-DOL-ZO,12,0.016,descriptive,False,,,,,7680.0,983040.0,245760.0,7680.0,983040.0,245760.0
4,ME-DOL-ZO,12,0.015,descriptive,False,,,,,7680.0,983040.0,245760.0,7680.0,983040.0,245760.0
4,ME-DOL-ZO,12,0.01,descriptive,False,,,,,7680.0,983040.0,245760.0,7680.0,983040.0,245760.0
4,ME-DOL-ZO,13,0.05,primary,True,348.0,44544.0,11136.0,0.0479725748300552,7680.0,983040.0,245760.0,348.0,44544.0,11136.0
4,ME-DOL-ZO,13,0.03,descriptive,True,420.0,53760.0,13440.0,0.0295522548258304,7680.0,983040.0,245760.0,420.0,53760.0,13440.0
4,ME-DOL-ZO,13,0.02,descriptive,True,1524.0,195072.0,48768.0,0.0199271962046623,7680.0,983040.0,245760.0,1524.0,195072.0,48768.0
4,ME-DOL-ZO,13,0.018,descriptive,True,1644.0,210432.0,52608.0,0.0175570622086524,7680.0,983040.0,245760.0,1644.0,210432.0,52608.0
4,ME-DOL-ZO,13,0.016,descriptive,False,,,,,7680.0,983040.0,245760.0,7680.0,983040.0,245760.0
4,ME-DOL-ZO,13,0.015,descriptive,False,,,,,7680.0,983040.0,245760.0,7680.0,983040.0,245760.0
4,ME-DOL-ZO,13,0.01,descriptive,False,,,,,7680.0,983040.0,245760.0,7680.0,983040.0,245760.0
4,ME-DOL-ZO,14,0.05,primary,True,372.0,47616.0,11904.0,0.0464332327246665,7680.0,983040.0,245760.0,372.0,47616.0,11904.0
4,ME-DOL-ZO,14,0.03,descriptive,True,516.0,66048.0,16512.0,0.0297073870897293,7680.0,983040.0,245760.0,516.0,66048.0,16512.0
4,ME-DOL-ZO,14,0.02,descriptive,True,780.0,99840.0,24960.0,0.0188497249037027,7680.0,983040.0,245760.0,780.0,99840.0,24960.0
4,ME-DOL-ZO,14,0.018,descriptive,False,,,,,7680.0,983040.0,245760.0,7680.0,983040.0,245760.0
4,ME-DOL-ZO,14,0.016,descriptive,False,,,,,7680.0,983040.0,245760.0,7680.0,983040.0,245760.0
4,ME-DOL-ZO,14,0.015,descriptive,False,,,,,7680.0,983040.0,245760.0,7680.0,983040.0,245760.0
4,ME-DOL-ZO,14,0.01,descriptive,False,,,,,7680.0,983040.0,245760.0,7680.0,983040.0,245760.0
4,ME-DOL-ZO,15,0.05,primary,True,396.0,50688.0,12672.0,0.0457595810294151,7680.0,983040.0,245760.0,396.0,50688.0,12672.0
4,ME-DOL-ZO,15,0.03,descriptive,True,516.0,66048.0,16512.0,0.0280607007443904,7680.0,983040.0,245760.0,516.0,66048.0,16512.0
4,ME-DOL-ZO,15,0.02,descriptive,True,1908.0,244224.0,61056.0,0.019803175702691,7680.0,983040.0,245760.0,1908.0,244224.0,61056.0
4,ME-DOL-ZO,15,0.018,descriptive,False,,,,,7680.0,983040.0,245760.0,7680.0,983040.0,245760.0
4,ME-DOL-ZO,15,0.016,descriptive,False,,,,,7680.0,983040.0,245760.0,7680.0,983040.0,245760.0
4,ME-DOL-ZO,15,0.015,descriptive,False,,,,,7680.0,983040.0,245760.0,7680.0,983040.0,245760.0
4,ME-DOL-ZO,15,0.01,descriptive,False,,,,,7680.0,983040.0,245760.0,7680.0,983040.0,245760.0
4,ME-DOL-ZO,16,0.05,primary,True,396.0,50688.0,12672.0,0.0490676164627075,7680.0,983040.0,245760.0,396.0,50688.0,12672.0
4,ME-DOL-ZO,16,0.03,descriptive,True,516.0,66048.0,16512.0,0.028764933347702,7680.0,983040.0,245760.0,516.0,66048.0,16512.0
4,ME-DOL-ZO,16,0.02,descriptive,True,996.0,127488.0,31872.0,0.0199407264590263,7680.0,983040.0,245760.0,996.0,127488.0,31872.0
4,ME-DOL-ZO,16,0.018,descriptive,False,,,,,7680.0,983040.0,245760.0,7680.0,983040.0,245760.0
4,ME-DOL-ZO,16,0.016,descriptive,False,,,,,7680.0,983040.0,245760.0,7680.0,983040.0,245760.0
4,ME-DOL-ZO,16,0.015,descriptive,False,,,,,7680.0,983040.0,245760.0,7680.0,983040.0,245760.0
4,ME-DOL-ZO,16,0.01,descriptive,False,,,,,7680.0,983040.0,245760.0,7680.0,983040.0,245760.0
4,ME-DOL-ZO,17,0.05,primary,True,396.0,50688.0,12672.0,0.0491980239748954,7680.0,983040.0,245760.0,396.0,50688.0,12672.0
4,ME-DOL-ZO,17,0.03,descriptive,True,516.0,66048.0,16512.0,0.0286568757146596,7680.0,983040.0,245760.0,516.0,66048.0,16512.0
4,ME-DOL-ZO,17,0.02,descriptive,True,2052.0,262656.0,65664.0,0.0196199063211679,7680.0,983040.0,245760.0,2052.0,262656.0,65664.0
4,ME-DOL-ZO,17,0.018,descriptive,False,,,,,7680.0,983040.0,245760.0,7680.0,983040.0,245760.0
4,ME-DOL-ZO,17,0.016,descriptive,False,,,,,7680.0,983040.0,245760.0,7680.0,983040.0,245760.0
4,ME-DOL-ZO,17,0.015,descriptive,False,,,,,7680.0,983040.0,245760.0,7680.0,983040.0,245760.0
4,ME-DOL-ZO,17,0.01,descriptive,False,,,,,7680.0,983040.0,245760.0,7680.0,983040.0,245760.0
4,ME-DOL-ZO,18,0.05,primary,True,372.0,47616.0,11904.0,0.0497012138366699,7680.0,983040.0,245760.0,372.0,47616.0,11904.0
4,ME-DOL-ZO,18,0.03,descriptive,True,516.0,66048.0,16512.0,0.0298022106289863,7680.0,983040.0,245760.0,516.0,66048.0,16512.0
4,ME-DOL-ZO,18,0.02,descriptive,True,1044.0,133632.0,33408.0,0.0196975190192461,7680.0,983040.0,245760.0,1044.0,133632.0,33408.0
4,ME-DOL-ZO,18,0.018,descriptive,False,,,,,7680.0,983040.0,245760.0,7680.0,983040.0,245760.0
4,ME-DOL-ZO,18,0.016,descriptive,False,,,,,7680.0,983040.0,245760.0,7680.0,983040.0,245760.0
4,ME-DOL-ZO,18,0.015,descriptive,False,,,,,7680.0,983040.0,245760.0,7680.0,983040.0,245760.0
4,ME-DOL-ZO,18,0.01,descriptive,False,,,,,7680.0,983040.0,245760.0,7680.0,983040.0,245760.0
4,ME-DOL-ZO,19,0.05,primary,True,372.0,47616.0,11904.0,0.0426827147603035,7680.0,983040.0,245760.0,372.0,47616.0,11904.0
4,ME-DOL-ZO,19,0.03,descriptive,True,516.0,66048.0,16512.0,0.0292029026895761,7680.0,983040.0,245760.0,516.0,66048.0,16512.0
4,ME-DOL-ZO,19,0.02,descriptive,True,828.0,105984.0,26496.0,0.0199936795979738,7680.0,983040.0,245760.0,828.0,105984.0,26496.0
4,ME-DOL-ZO,19,0.018,descriptive,False,,,,,7680.0,983040.0,245760.0,7680.0,983040.0,245760.0
4,ME-DOL-ZO,19,0.016,descriptive,False,,,,,7680.0,983040.0,245760.0,7680.0,983040.0,245760.0
4,ME-DOL-ZO,19,0.015,descriptive,False,,,,,7680.0,983040.0,245760.0,7680.0,983040.0,245760.0
4,ME-DOL-ZO,19,0.01,descriptive,False,,,,,7680.0,983040.0,245760.0,7680.0,983040.0,245760.0
4,DGFM,0,0.05,primary,True,1392.0,89088.0,22272.0,0.0496509298682212,15360.0,983040.0,245760.0,1392.0,89088.0,22272.0
4,DGFM,0,0.03,descriptive,True,1824.0,116736.0,29184.0,0.0296608693897724,15360.0,983040.0,245760.0,1824.0,116736.0,29184.0
4,DGFM,0,0.02,descriptive,True,2304.0,147456.0,36864.0,0.0195252206176519,15360.0,983040.0,245760.0,2304.0,147456.0,36864.0
4,DGFM,0,0.018,descriptive,True,2528.0,161792.0,40448.0,0.017828281968832,15360.0,983040.0,245760.0,2528.0,161792.0,40448.0
4,DGFM,0,0.016,descriptive,True,2992.0,191488.0,47872.0,0.0159350167959928,15360.0,983040.0,245760.0,2992.0,191488.0,47872.0
4,DGFM,0,0.015,descriptive,True,4144.0,265216.0,66304.0,0.0149651309475302,15360.0,983040.0,245760.0,4144.0,265216.0,66304.0
4,DGFM,0,0.01,descriptive,False,,,,,15360.0,983040.0,245760.0,15360.0,983040.0,245760.0
4,DGFM,1,0.05,primary,True,1280.0,81920.0,20480.0,0.0497347973287105,15360.0,983040.0,245760.0,1280.0,81920.0,20480.0
4,DGFM,1,0.03,descriptive,True,1648.0,105472.0,26368.0,0.02985162101686,15360.0,983040.0,245760.0,1648.0,105472.0,26368.0
4,DGFM,1,0.02,descriptive,True,1936.0,123904.0,30976.0,0.0197941400110721,15360.0,983040.0,245760.0,1936.0,123904.0,30976.0
4,DGFM,1,0.018,descriptive,True,2032.0,130048.0,32512.0,0.0176697354763746,15360.0,983040.0,245760.0,2032.0,130048.0,32512.0
4,DGFM,1,0.016,descriptive,True,2656.0,169984.0,42496.0,0.0159737393260002,15360.0,983040.0,245760.0,2656.0,169984.0,42496.0
4,DGFM,1,0.015,descriptive,True,2880.0,184320.0,46080.0,0.0148453712463378,15360.0,983040.0,245760.0,2880.0,184320.0,46080.0
4,DGFM,1,0.01,descriptive,False,,,,,15360.0,983040.0,245760.0,15360.0,983040.0,245760.0
4,DGFM,2,0.05,primary,True,1280.0,81920.0,20480.0,0.0486156307160854,15360.0,983040.0,245760.0,1280.0,81920.0,20480.0
4,DGFM,2,0.03,descriptive,True,1712.0,109568.0,27392.0,0.0295473895967006,15360.0,983040.0,245760.0,1712.0,109568.0,27392.0
4,DGFM,2,0.02,descriptive,True,2000.0,128000.0,32000.0,0.0195057932287454,15360.0,983040.0,245760.0,2000.0,128000.0,32000.0
4,DGFM,2,0.018,descriptive,True,2560.0,163840.0,40960.0,0.0179490484297275,15360.0,983040.0,245760.0,2560.0,163840.0,40960.0
4,DGFM,2,0.016,descriptive,True,2976.0,190464.0,47616.0,0.0159226562827825,15360.0,983040.0,245760.0,2976.0,190464.0,47616.0
4,DGFM,2,0.015,descriptive,True,3280.0,209920.0,52480.0,0.0146671310067176,15360.0,983040.0,245760.0,3280.0,209920.0,52480.0
4,DGFM,2,0.01,descriptive,False,,,,,15360.0,983040.0,245760.0,15360.0,983040.0,245760.0
4,DGFM,3,0.05,primary,True,1200.0,76800.0,19200.0,0.0489386841654777,15360.0,983040.0,245760.0,1200.0,76800.0,19200.0
4,DGFM,3,0.03,descriptive,True,1616.0,103424.0,25856.0,0.0292609743773937,15360.0,983040.0,245760.0,1616.0,103424.0,25856.0
4,DGFM,3,0.02,descriptive,True,2128.0,136192.0,34048.0,0.0193524304777383,15360.0,983040.0,245760.0,2128.0,136192.0,34048.0
4,DGFM,3,0.018,descriptive,True,2240.0,143360.0,35840.0,0.0176679473370313,15360.0,983040.0,245760.0,2240.0,143360.0,35840.0
4,DGFM,3,0.016,descriptive,True,2816.0,180224.0,45056.0,0.0155682861804962,15360.0,983040.0,245760.0,2816.0,180224.0,45056.0
4,DGFM,3,0.015,descriptive,True,3104.0,198656.0,49664.0,0.0148369939997792,15360.0,983040.0,245760.0,3104.0,198656.0,49664.0
4,DGFM,3,0.01,descriptive,False,,,,,15360.0,983040.0,245760.0,15360.0,983040.0,245760.0
4,DGFM,4,0.05,primary,True,1216.0,77824.0,19456.0,0.0497341938316822,15360.0,983040.0,245760.0,1216.0,77824.0,19456.0
4,DGFM,4,0.03,descriptive,True,1568.0,100352.0,25088.0,0.0293619856238365,15360.0,983040.0,245760.0,1568.0,100352.0,25088.0
4,DGFM,4,0.02,descriptive,True,1872.0,119808.0,29952.0,0.0195870120078325,15360.0,983040.0,245760.0,1872.0,119808.0,29952.0
4,DGFM,4,0.018,descriptive,True,2080.0,133120.0,33280.0,0.0177711434662342,15360.0,983040.0,245760.0,2080.0,133120.0,33280.0
4,DGFM,4,0.016,descriptive,True,2304.0,147456.0,36864.0,0.0158027447760105,15360.0,983040.0,245760.0,2304.0,147456.0,36864.0
4,DGFM,4,0.015,descriptive,True,2432.0,155648.0,38912.0,0.014786179177463,15360.0,983040.0,245760.0,2432.0,155648.0,38912.0
4,DGFM,4,0.01,descriptive,False,,,,,15360.0,983040.0,245760.0,15360.0,983040.0,245760.0
4,DGFM,5,0.05,primary,True,1264.0,80896.0,20224.0,0.0494568012654781,15360.0,983040.0,245760.0,1264.0,80896.0,20224.0
4,DGFM,5,0.03,descriptive,True,1696.0,108544.0,27136.0,0.0291415695101022,15360.0,983040.0,245760.0,1696.0,108544.0,27136.0
4,DGFM,5,0.02,descriptive,True,2176.0,139264.0,34816.0,0.0196328554302454,15360.0,983040.0,245760.0,2176.0,139264.0,34816.0
4,DGFM,5,0.018,descriptive,True,2336.0,149504.0,37376.0,0.0178633648902177,15360.0,983040.0,245760.0,2336.0,149504.0,37376.0
4,DGFM,5,0.016,descriptive,True,2656.0,169984.0,42496.0,0.0157816931605339,15360.0,983040.0,245760.0,2656.0,169984.0,42496.0
4,DGFM,5,0.015,descriptive,True,3312.0,211968.0,52992.0,0.0149568282067775,15360.0,983040.0,245760.0,3312.0,211968.0,52992.0
4,DGFM,5,0.01,descriptive,False,,,,,15360.0,983040.0,245760.0,15360.0,983040.0,245760.0
4,DGFM,6,0.05,primary,True,1344.0,86016.0,21504.0,0.0498250648379325,15360.0,983040.0,245760.0,1344.0,86016.0,21504.0
4,DGFM,6,0.03,descriptive,True,1600.0,102400.0,25600.0,0.0297643709927797,15360.0,983040.0,245760.0,1600.0,102400.0,25600.0
4,DGFM,6,0.02,descriptive,True,2128.0,136192.0,34048.0,0.0197564084082841,15360.0,983040.0,245760.0,2128.0,136192.0,34048.0
4,DGFM,6,0.018,descriptive,True,2464.0,157696.0,39424.0,0.0177195575088262,15360.0,983040.0,245760.0,2464.0,157696.0,39424.0
4,DGFM,6,0.016,descriptive,True,2944.0,188416.0,47104.0,0.0157529432326555,15360.0,983040.0,245760.0,2944.0,188416.0,47104.0
4,DGFM,6,0.015,descriptive,True,3360.0,215040.0,53760.0,0.0149447945877909,15360.0,983040.0,245760.0,3360.0,215040.0,53760.0
4,DGFM,6,0.01,descriptive,False,,,,,15360.0,983040.0,245760.0,15360.0,983040.0,245760.0
4,DGFM,7,0.05,primary,True,1312.0,83968.0,20992.0,0.0496023632586002,15360.0,983040.0,245760.0,1312.0,83968.0,20992.0
4,DGFM,7,0.03,descriptive,True,1696.0,108544.0,27136.0,0.0298841465264558,15360.0,983040.0,245760.0,1696.0,108544.0,27136.0
4,DGFM,7,0.02,descriptive,True,2400.0,153600.0,38400.0,0.0197301283478736,15360.0,983040.0,245760.0,2400.0,153600.0,38400.0
4,DGFM,7,0.018,descriptive,True,2512.0,160768.0,40192.0,0.0178022608160972,15360.0,983040.0,245760.0,2512.0,160768.0,40192.0
4,DGFM,7,0.016,descriptive,True,2672.0,171008.0,42752.0,0.015783317387104,15360.0,983040.0,245760.0,2672.0,171008.0,42752.0
4,DGFM,7,0.015,descriptive,True,2944.0,188416.0,47104.0,0.0146581092849373,15360.0,983040.0,245760.0,2944.0,188416.0,47104.0
4,DGFM,7,0.01,descriptive,False,,,,,15360.0,983040.0,245760.0,15360.0,983040.0,245760.0
4,DGFM,8,0.05,primary,True,1280.0,81920.0,20480.0,0.0477278418838977,15360.0,983040.0,245760.0,1280.0,81920.0,20480.0
4,DGFM,8,0.03,descriptive,True,1632.0,104448.0,26112.0,0.029842747375369,15360.0,983040.0,245760.0,1632.0,104448.0,26112.0
4,DGFM,8,0.02,descriptive,True,2000.0,128000.0,32000.0,0.0195819046348333,15360.0,983040.0,245760.0,2000.0,128000.0,32000.0
4,DGFM,8,0.018,descriptive,True,2080.0,133120.0,33280.0,0.0178075991570949,15360.0,983040.0,245760.0,2080.0,133120.0,33280.0
4,DGFM,8,0.016,descriptive,True,2384.0,152576.0,38144.0,0.0158062577247619,15360.0,983040.0,245760.0,2384.0,152576.0,38144.0
4,DGFM,8,0.015,descriptive,True,2640.0,168960.0,42240.0,0.0149860987439751,15360.0,983040.0,245760.0,2640.0,168960.0,42240.0
4,DGFM,8,0.01,descriptive,False,,,,,15360.0,983040.0,245760.0,15360.0,983040.0,245760.0
4,DGFM,9,0.05,primary,True,1328.0,84992.0,21248.0,0.0482591949403286,15360.0,983040.0,245760.0,1328.0,84992.0,21248.0
4,DGFM,9,0.03,descriptive,True,1680.0,107520.0,26880.0,0.0299047343432903,15360.0,983040.0,245760.0,1680.0,107520.0,26880.0
4,DGFM,9,0.02,descriptive,True,2128.0,136192.0,34048.0,0.0195768233388662,15360.0,983040.0,245760.0,2128.0,136192.0,34048.0
4,DGFM,9,0.018,descriptive,True,2416.0,154624.0,38656.0,0.0177061986178159,15360.0,983040.0,245760.0,2416.0,154624.0,38656.0
4,DGFM,9,0.016,descriptive,True,2576.0,164864.0,41216.0,0.0156440157443285,15360.0,983040.0,245760.0,2576.0,164864.0,41216.0
4,DGFM,9,0.015,descriptive,True,3152.0,201728.0,50432.0,0.0149742309004068,15360.0,983040.0,245760.0,3152.0,201728.0,50432.0
4,DGFM,9,0.01,descriptive,False,,,,,15360.0,983040.0,245760.0,15360.0,983040.0,245760.0
4,DGFM,10,0.05,primary,True,1328.0,84992.0,21248.0,0.0495708025991916,15360.0,983040.0,245760.0,1328.0,84992.0,21248.0
4,DGFM,10,0.03,descriptive,True,1696.0,108544.0,27136.0,0.0292550027370452,15360.0,983040.0,245760.0,1696.0,108544.0,27136.0
4,DGFM,10,0.02,descriptive,True,2288.0,146432.0,36608.0,0.019812049344182,15360.0,983040.0,245760.0,2288.0,146432.0,36608.0
4,DGFM,10,0.018,descriptive,True,2480.0,158720.0,39680.0,0.0178312920033931,15360.0,983040.0,245760.0,2480.0,158720.0,39680.0
4,DGFM,10,0.016,descriptive,True,3344.0,214016.0,53504.0,0.0158847924321889,15360.0,983040.0,245760.0,3344.0,214016.0,53504.0
4,DGFM,10,0.015,descriptive,True,4160.0,266240.0,66560.0,0.0148763060569763,15360.0,983040.0,245760.0,4160.0,266240.0,66560.0
4,DGFM,10,0.01,descriptive,False,,,,,15360.0,983040.0,245760.0,15360.0,983040.0,245760.0
4,DGFM,11,0.05,primary,True,1344.0,86016.0,21504.0,0.0491841584444046,15360.0,983040.0,245760.0,1344.0,86016.0,21504.0
4,DGFM,11,0.03,descriptive,True,1696.0,108544.0,27136.0,0.0293483547866344,15360.0,983040.0,245760.0,1696.0,108544.0,27136.0
4,DGFM,11,0.02,descriptive,True,2016.0,129024.0,32256.0,0.019576171413064,15360.0,983040.0,245760.0,2016.0,129024.0,32256.0
4,DGFM,11,0.018,descriptive,True,2192.0,140288.0,35072.0,0.0175522416830062,15360.0,983040.0,245760.0,2192.0,140288.0,35072.0
4,DGFM,11,0.016,descriptive,True,2464.0,157696.0,39424.0,0.015930013731122,15360.0,983040.0,245760.0,2464.0,157696.0,39424.0
4,DGFM,11,0.015,descriptive,True,2560.0,163840.0,40960.0,0.014814430847764,15360.0,983040.0,245760.0,2560.0,163840.0,40960.0
4,DGFM,11,0.01,descriptive,False,,,,,15360.0,983040.0,245760.0,15360.0,983040.0,245760.0
4,DGFM,12,0.05,primary,True,1280.0,81920.0,20480.0,0.049263097345829,15360.0,983040.0,245760.0,1280.0,81920.0,20480.0
4,DGFM,12,0.03,descriptive,True,1600.0,102400.0,25600.0,0.0296744238585233,15360.0,983040.0,245760.0,1600.0,102400.0,25600.0
4,DGFM,12,0.02,descriptive,True,2064.0,132096.0,33024.0,0.0196096654981374,15360.0,983040.0,245760.0,2064.0,132096.0,33024.0
4,DGFM,12,0.018,descriptive,True,2208.0,141312.0,35328.0,0.0178043860942125,15360.0,983040.0,245760.0,2208.0,141312.0,35328.0
4,DGFM,12,0.016,descriptive,True,2400.0,153600.0,38400.0,0.0159373953938484,15360.0,983040.0,245760.0,2400.0,153600.0,38400.0
4,DGFM,12,0.015,descriptive,True,4256.0,272384.0,68096.0,0.0148446485400199,15360.0,983040.0,245760.0,4256.0,272384.0,68096.0
4,DGFM,12,0.01,descriptive,False,,,,,15360.0,983040.0,245760.0,15360.0,983040.0,245760.0
4,DGFM,13,0.05,primary,True,1360.0,87040.0,21760.0,0.0496866554021835,15360.0,983040.0,245760.0,1360.0,87040.0,21760.0
4,DGFM,13,0.03,descriptive,True,1744.0,111616.0,27904.0,0.0295549239963293,15360.0,983040.0,245760.0,1744.0,111616.0,27904.0
4,DGFM,13,0.02,descriptive,True,2448.0,156672.0,39168.0,0.0197250768542289,15360.0,983040.0,245760.0,2448.0,156672.0,39168.0
4,DGFM,13,0.018,descriptive,True,2656.0,169984.0,42496.0,0.0179223883897066,15360.0,983040.0,245760.0,2656.0,169984.0,42496.0
4,DGFM,13,0.016,descriptive,True,2848.0,182272.0,45568.0,0.015893317759037,15360.0,983040.0,245760.0,2848.0,182272.0,45568.0
4,DGFM,13,0.015,descriptive,True,3456.0,221184.0,55296.0,0.0148513838648796,15360.0,983040.0,245760.0,3456.0,221184.0,55296.0
4,DGFM,13,0.01,descriptive,False,,,,,15360.0,983040.0,245760.0,15360.0,983040.0,245760.0
4,DGFM,14,0.05,primary,True,1296.0,82944.0,20736.0,0.0498195216059684,15360.0,983040.0,245760.0,1296.0,82944.0,20736.0
4,DGFM,14,0.03,descriptive,True,1696.0,108544.0,27136.0,0.0298403855413198,15360.0,983040.0,245760.0,1696.0,108544.0,27136.0
4,DGFM,14,0.02,descriptive,True,2096.0,134144.0,33536.0,0.0198345649987459,15360.0,983040.0,245760.0,2096.0,134144.0,33536.0
4,DGFM,14,0.018,descriptive,True,2208.0,141312.0,35328.0,0.0176131222397089,15360.0,983040.0,245760.0,2208.0,141312.0,35328.0
4,DGFM,14,0.016,descriptive,True,2592.0,165888.0,41472.0,0.0157345570623874,15360.0,983040.0,245760.0,2592.0,165888.0,41472.0
4,DGFM,14,0.015,descriptive,True,2656.0,169984.0,42496.0,0.0149808377027511,15360.0,983040.0,245760.0,2656.0,169984.0,42496.0
4,DGFM,14,0.01,descriptive,False,,,,,15360.0,983040.0,245760.0,15360.0,983040.0,245760.0
4,DGFM,15,0.05,primary,True,1312.0,83968.0,20992.0,0.0486663915216922,15360.0,983040.0,245760.0,1312.0,83968.0,20992.0
4,DGFM,15,0.03,descriptive,True,1760.0,112640.0,28160.0,0.0294405184686183,15360.0,983040.0,245760.0,1760.0,112640.0,28160.0
4,DGFM,15,0.02,descriptive,True,2064.0,132096.0,33024.0,0.0195203069597482,15360.0,983040.0,245760.0,2064.0,132096.0,33024.0
4,DGFM,15,0.018,descriptive,True,2320.0,148480.0,37120.0,0.0179331582039594,15360.0,983040.0,245760.0,2320.0,148480.0,37120.0
4,DGFM,15,0.016,descriptive,True,2400.0,153600.0,38400.0,0.0159143861383199,15360.0,983040.0,245760.0,2400.0,153600.0,38400.0
4,DGFM,15,0.015,descriptive,True,2624.0,167936.0,41984.0,0.0149120157584548,15360.0,983040.0,245760.0,2624.0,167936.0,41984.0
4,DGFM,15,0.01,descriptive,False,,,,,15360.0,983040.0,245760.0,15360.0,983040.0,245760.0
4,DGFM,16,0.05,primary,True,1296.0,82944.0,20736.0,0.0484806150197982,15360.0,983040.0,245760.0,1296.0,82944.0,20736.0
4,DGFM,16,0.03,descriptive,True,1616.0,103424.0,25856.0,0.0294832345098257,15360.0,983040.0,245760.0,1616.0,103424.0,25856.0
4,DGFM,16,0.02,descriptive,True,2288.0,146432.0,36608.0,0.0197416376322507,15360.0,983040.0,245760.0,2288.0,146432.0,36608.0
4,DGFM,16,0.018,descriptive,True,2480.0,158720.0,39680.0,0.0178098902106285,15360.0,983040.0,245760.0,2480.0,158720.0,39680.0
4,DGFM,16,0.016,descriptive,True,2544.0,162816.0,40704.0,0.0159278623759746,15360.0,983040.0,245760.0,2544.0,162816.0,40704.0
4,DGFM,16,0.015,descriptive,True,2688.0,172032.0,43008.0,0.0148620046675205,15360.0,983040.0,245760.0,2688.0,172032.0,43008.0
4,DGFM,16,0.01,descriptive,False,,,,,15360.0,983040.0,245760.0,15360.0,983040.0,245760.0
4,DGFM,17,0.05,primary,True,1280.0,81920.0,20480.0,0.0495164841413497,15360.0,983040.0,245760.0,1280.0,81920.0,20480.0
4,DGFM,17,0.03,descriptive,True,1616.0,103424.0,25856.0,0.0292905252426862,15360.0,983040.0,245760.0,1616.0,103424.0,25856.0
4,DGFM,17,0.02,descriptive,True,2128.0,136192.0,34048.0,0.0198141690343618,15360.0,983040.0,245760.0,2128.0,136192.0,34048.0
4,DGFM,17,0.018,descriptive,True,2208.0,141312.0,35328.0,0.0174259897321462,15360.0,983040.0,245760.0,2208.0,141312.0,35328.0
4,DGFM,17,0.016,descriptive,True,2912.0,186368.0,46592.0,0.0158973857760429,15360.0,983040.0,245760.0,2912.0,186368.0,46592.0
4,DGFM,17,0.015,descriptive,True,3024.0,193536.0,48384.0,0.0147514315322041,15360.0,983040.0,245760.0,3024.0,193536.0,48384.0
4,DGFM,17,0.01,descriptive,False,,,,,15360.0,983040.0,245760.0,15360.0,983040.0,245760.0
4,DGFM,18,0.05,primary,True,1296.0,82944.0,20736.0,0.0486372224986553,15360.0,983040.0,245760.0,1296.0,82944.0,20736.0
4,DGFM,18,0.03,descriptive,True,1728.0,110592.0,27648.0,0.0295826867222785,15360.0,983040.0,245760.0,1728.0,110592.0,27648.0
4,DGFM,18,0.02,descriptive,True,2192.0,140288.0,35072.0,0.0192248877137899,15360.0,983040.0,245760.0,2192.0,140288.0,35072.0
4,DGFM,18,0.018,descriptive,True,2304.0,147456.0,36864.0,0.0178268998861312,15360.0,983040.0,245760.0,2304.0,147456.0,36864.0
4,DGFM,18,0.016,descriptive,True,2592.0,165888.0,41472.0,0.0158487372100353,15360.0,983040.0,245760.0,2592.0,165888.0,41472.0
4,DGFM,18,0.015,descriptive,True,2800.0,179200.0,44800.0,0.0149966496974229,15360.0,983040.0,245760.0,2800.0,179200.0,44800.0
4,DGFM,18,0.01,descriptive,False,,,,,15360.0,983040.0,245760.0,15360.0,983040.0,245760.0
4,DGFM,19,0.05,primary,True,1392.0,89088.0,22272.0,0.0490757040679454,15360.0,983040.0,245760.0,1392.0,89088.0,22272.0
4,DGFM,19,0.03,descriptive,True,1792.0,114688.0,28672.0,0.0296389404684305,15360.0,983040.0,245760.0,1792.0,114688.0,28672.0
4,DGFM,19,0.02,descriptive,True,2352.0,150528.0,37632.0,0.0194585639983415,15360.0,983040.0,245760.0,2352.0,150528.0,37632.0
4,DGFM,19,0.018,descriptive,True,2592.0,165888.0,41472.0,0.0179896429181098,15360.0,983040.0,245760.0,2592.0,165888.0,41472.0
4,DGFM,19,0.016,descriptive,True,4080.0,261120.0,65280.0,0.0159815568476915,15360.0,983040.0,245760.0,4080.0,261120.0,65280.0
4,DGFM,19,0.015,descriptive,True,4528.0,289792.0,72448.0,0.0148147223517298,15360.0,983040.0,245760.0,4528.0,289792.0,72448.0
4,DGFM,19,0.01,descriptive,False,,,,,15360.0,983040.0,245760.0,15360.0,983040.0,245760.0
4,DGFM+,0,0.05,primary,True,1376.0,93824.0,23456.0,0.0498370416462421,14448.0,982656.0,245664.0,1376.0,93824.0,23456.0
4,DGFM+,0,0.03,descriptive,False,,,,,14448.0,982656.0,245664.0,14448.0,982656.0,245664.0
4,DGFM+,0,0.02,descriptive,False,,,,,14448.0,982656.0,245664.0,14448.0,982656.0,245664.0
4,DGFM+,0,0.018,descriptive,False,,,,,14448.0,982656.0,245664.0,14448.0,982656.0,245664.0
4,DGFM+,0,0.016,descriptive,False,,,,,14448.0,982656.0,245664.0,14448.0,982656.0,245664.0
4,DGFM+,0,0.015,descriptive,False,,,,,14448.0,982656.0,245664.0,14448.0,982656.0,245664.0
4,DGFM+,0,0.01,descriptive,False,,,,,14448.0,982656.0,245664.0,14448.0,982656.0,245664.0
4,DGFM+,1,0.05,primary,True,1616.0,109952.0,27488.0,0.0497340336441993,14448.0,982656.0,245664.0,1616.0,109952.0,27488.0
4,DGFM+,1,0.03,descriptive,False,,,,,14448.0,982656.0,245664.0,14448.0,982656.0,245664.0
4,DGFM+,1,0.02,descriptive,False,,,,,14448.0,982656.0,245664.0,14448.0,982656.0,245664.0
4,DGFM+,1,0.018,descriptive,False,,,,,14448.0,982656.0,245664.0,14448.0,982656.0,245664.0
4,DGFM+,1,0.016,descriptive,False,,,,,14448.0,982656.0,245664.0,14448.0,982656.0,245664.0
4,DGFM+,1,0.015,descriptive,False,,,,,14448.0,982656.0,245664.0,14448.0,982656.0,245664.0
4,DGFM+,1,0.01,descriptive,False,,,,,14448.0,982656.0,245664.0,14448.0,982656.0,245664.0
4,DGFM+,2,0.05,primary,True,1488.0,101376.0,25344.0,0.0499572418630123,14448.0,982656.0,245664.0,1488.0,101376.0,25344.0
4,DGFM+,2,0.03,descriptive,False,,,,,14448.0,982656.0,245664.0,14448.0,982656.0,245664.0
4,DGFM+,2,0.02,descriptive,False,,,,,14448.0,982656.0,245664.0,14448.0,982656.0,245664.0
4,DGFM+,2,0.018,descriptive,False,,,,,14448.0,982656.0,245664.0,14448.0,982656.0,245664.0
4,DGFM+,2,0.016,descriptive,False,,,,,14448.0,982656.0,245664.0,14448.0,982656.0,245664.0
4,DGFM+,2,0.015,descriptive,False,,,,,14448.0,982656.0,245664.0,14448.0,982656.0,245664.0
4,DGFM+,2,0.01,descriptive,False,,,,,14448.0,982656.0,245664.0,14448.0,982656.0,245664.0
4,DGFM+,3,0.05,primary,True,1712.0,116480.0,29120.0,0.0493306182324886,14448.0,982656.0,245664.0,1712.0,116480.0,29120.0
4,DGFM+,3,0.03,descriptive,False,,,,,14448.0,982656.0,245664.0,14448.0,982656.0,245664.0
4,DGFM+,3,0.02,descriptive,False,,,,,14448.0,982656.0,245664.0,14448.0,982656.0,245664.0
4,DGFM+,3,0.018,descriptive,False,,,,,14448.0,982656.0,245664.0,14448.0,982656.0,245664.0
4,DGFM+,3,0.016,descriptive,False,,,,,14448.0,982656.0,245664.0,14448.0,982656.0,245664.0
4,DGFM+,3,0.015,descriptive,False,,,,,14448.0,982656.0,245664.0,14448.0,982656.0,245664.0
4,DGFM+,3,0.01,descriptive,False,,,,,14448.0,982656.0,245664.0,14448.0,982656.0,245664.0
4,DGFM+,4,0.05,primary,True,1952.0,132992.0,33248.0,0.0498627610504627,14448.0,982656.0,245664.0,1952.0,132992.0,33248.0
4,DGFM+,4,0.03,descriptive,False,,,,,14448.0,982656.0,245664.0,14448.0,982656.0,245664.0
4,DGFM+,4,0.02,descriptive,False,,,,,14448.0,982656.0,245664.0,14448.0,982656.0,245664.0
4,DGFM+,4,0.018,descriptive,False,,,,,14448.0,982656.0,245664.0,14448.0,982656.0,245664.0
4,DGFM+,4,0.016,descriptive,False,,,,,14448.0,982656.0,245664.0,14448.0,982656.0,245664.0
4,DGFM+,4,0.015,descriptive,False,,,,,14448.0,982656.0,245664.0,14448.0,982656.0,245664.0
4,DGFM+,4,0.01,descriptive,False,,,,,14448.0,982656.0,245664.0,14448.0,982656.0,245664.0
4,DGFM+,5,0.05,primary,True,1168.0,79744.0,19936.0,0.0493365041911602,14448.0,982656.0,245664.0,1168.0,79744.0,19936.0
4,DGFM+,5,0.03,descriptive,False,,,,,14448.0,982656.0,245664.0,14448.0,982656.0,245664.0
4,DGFM+,5,0.02,descriptive,False,,,,,14448.0,982656.0,245664.0,14448.0,982656.0,245664.0
4,DGFM+,5,0.018,descriptive,False,,,,,14448.0,982656.0,245664.0,14448.0,982656.0,245664.0
4,DGFM+,5,0.016,descriptive,False,,,,,14448.0,982656.0,245664.0,14448.0,982656.0,245664.0
4,DGFM+,5,0.015,descriptive,False,,,,,14448.0,982656.0,245664.0,14448.0,982656.0,245664.0
4,DGFM+,5,0.01,descriptive,False,,,,,14448.0,982656.0,245664.0,14448.0,982656.0,245664.0
4,DGFM+,6,0.05,primary,True,1728.0,117504.0,29376.0,0.0493245460093021,14448.0,982656.0,245664.0,1728.0,117504.0,29376.0
4,DGFM+,6,0.03,descriptive,False,,,,,14448.0,982656.0,245664.0,14448.0,982656.0,245664.0
4,DGFM+,6,0.02,descriptive,False,,,,,14448.0,982656.0,245664.0,14448.0,982656.0,245664.0
4,DGFM+,6,0.018,descriptive,False,,,,,14448.0,982656.0,245664.0,14448.0,982656.0,245664.0
4,DGFM+,6,0.016,descriptive,False,,,,,14448.0,982656.0,245664.0,14448.0,982656.0,245664.0
4,DGFM+,6,0.015,descriptive,False,,,,,14448.0,982656.0,245664.0,14448.0,982656.0,245664.0
4,DGFM+,6,0.01,descriptive,False,,,,,14448.0,982656.0,245664.0,14448.0,982656.0,245664.0
4,DGFM+,7,0.05,primary,True,1568.0,106880.0,26720.0,0.0496643222868442,14448.0,982656.0,245664.0,1568.0,106880.0,26720.0
4,DGFM+,7,0.03,descriptive,False,,,,,14448.0,982656.0,245664.0,14448.0,982656.0,245664.0
4,DGFM+,7,0.02,descriptive,False,,,,,14448.0,982656.0,245664.0,14448.0,982656.0,245664.0
4,DGFM+,7,0.018,descriptive,False,,,,,14448.0,982656.0,245664.0,14448.0,982656.0,245664.0
4,DGFM+,7,0.016,descriptive,False,,,,,14448.0,982656.0,245664.0,14448.0,982656.0,245664.0
4,DGFM+,7,0.015,descriptive,False,,,,,14448.0,982656.0,245664.0,14448.0,982656.0,245664.0
4,DGFM+,7,0.01,descriptive,False,,,,,14448.0,982656.0,245664.0,14448.0,982656.0,245664.0
4,DGFM+,8,0.05,primary,True,1440.0,97920.0,24480.0,0.0492967590689659,14448.0,982656.0,245664.0,1440.0,97920.0,24480.0
4,DGFM+,8,0.03,descriptive,False,,,,,14448.0,982656.0,245664.0,14448.0,982656.0,245664.0
4,DGFM+,8,0.02,descriptive,False,,,,,14448.0,982656.0,245664.0,14448.0,982656.0,245664.0
4,DGFM+,8,0.018,descriptive,False,,,,,14448.0,982656.0,245664.0,14448.0,982656.0,245664.0
4,DGFM+,8,0.016,descriptive,False,,,,,14448.0,982656.0,245664.0,14448.0,982656.0,245664.0
4,DGFM+,8,0.015,descriptive,False,,,,,14448.0,982656.0,245664.0,14448.0,982656.0,245664.0
4,DGFM+,8,0.01,descriptive,False,,,,,14448.0,982656.0,245664.0,14448.0,982656.0,245664.0
4,DGFM+,9,0.05,primary,True,1824.0,124032.0,31008.0,0.049585323780775,14448.0,982656.0,245664.0,1824.0,124032.0,31008.0
4,DGFM+,9,0.03,descriptive,False,,,,,14448.0,982656.0,245664.0,14448.0,982656.0,245664.0
4,DGFM+,9,0.02,descriptive,False,,,,,14448.0,982656.0,245664.0,14448.0,982656.0,245664.0
4,DGFM+,9,0.018,descriptive,False,,,,,14448.0,982656.0,245664.0,14448.0,982656.0,245664.0
4,DGFM+,9,0.016,descriptive,False,,,,,14448.0,982656.0,245664.0,14448.0,982656.0,245664.0
4,DGFM+,9,0.015,descriptive,False,,,,,14448.0,982656.0,245664.0,14448.0,982656.0,245664.0
4,DGFM+,9,0.01,descriptive,False,,,,,14448.0,982656.0,245664.0,14448.0,982656.0,245664.0
4,DGFM+,10,0.05,primary,True,1232.0,83840.0,20960.0,0.0487059354782104,14448.0,982656.0,245664.0,1232.0,83840.0,20960.0
4,DGFM+,10,0.03,descriptive,False,,,,,14448.0,982656.0,245664.0,14448.0,982656.0,245664.0
4,DGFM+,10,0.02,descriptive,False,,,,,14448.0,982656.0,245664.0,14448.0,982656.0,245664.0
4,DGFM+,10,0.018,descriptive,False,,,,,14448.0,982656.0,245664.0,14448.0,982656.0,245664.0
4,DGFM+,10,0.016,descriptive,False,,,,,14448.0,982656.0,245664.0,14448.0,982656.0,245664.0
4,DGFM+,10,0.015,descriptive,False,,,,,14448.0,982656.0,245664.0,14448.0,982656.0,245664.0
4,DGFM+,10,0.01,descriptive,False,,,,,14448.0,982656.0,245664.0,14448.0,982656.0,245664.0
4,DGFM+,11,0.05,primary,True,1712.0,116480.0,29120.0,0.0490581057965755,14448.0,982656.0,245664.0,1712.0,116480.0,29120.0
4,DGFM+,11,0.03,descriptive,False,,,,,14448.0,982656.0,245664.0,14448.0,982656.0,245664.0
4,DGFM+,11,0.02,descriptive,False,,,,,14448.0,982656.0,245664.0,14448.0,982656.0,245664.0
4,DGFM+,11,0.018,descriptive,False,,,,,14448.0,982656.0,245664.0,14448.0,982656.0,245664.0
4,DGFM+,11,0.016,descriptive,False,,,,,14448.0,982656.0,245664.0,14448.0,982656.0,245664.0
4,DGFM+,11,0.015,descriptive,False,,,,,14448.0,982656.0,245664.0,14448.0,982656.0,245664.0
4,DGFM+,11,0.01,descriptive,False,,,,,14448.0,982656.0,245664.0,14448.0,982656.0,245664.0
4,DGFM+,12,0.05,primary,True,1712.0,116480.0,29120.0,0.0493333898484706,14448.0,982656.0,245664.0,1712.0,116480.0,29120.0
4,DGFM+,12,0.03,descriptive,False,,,,,14448.0,982656.0,245664.0,14448.0,982656.0,245664.0
4,DGFM+,12,0.02,descriptive,False,,,,,14448.0,982656.0,245664.0,14448.0,982656.0,245664.0
4,DGFM+,12,0.018,descriptive,False,,,,,14448.0,982656.0,245664.0,14448.0,982656.0,245664.0
4,DGFM+,12,0.016,descriptive,False,,,,,14448.0,982656.0,245664.0,14448.0,982656.0,245664.0
4,DGFM+,12,0.015,descriptive,False,,,,,14448.0,982656.0,245664.0,14448.0,982656.0,245664.0
4,DGFM+,12,0.01,descriptive,False,,,,,14448.0,982656.0,245664.0,14448.0,982656.0,245664.0
4,DGFM+,13,0.05,primary,True,1616.0,109952.0,27488.0,0.049899972975254,14448.0,982656.0,245664.0,1616.0,109952.0,27488.0
4,DGFM+,13,0.03,descriptive,False,,,,,14448.0,982656.0,245664.0,14448.0,982656.0,245664.0
4,DGFM+,13,0.02,descriptive,False,,,,,14448.0,982656.0,245664.0,14448.0,982656.0,245664.0
4,DGFM+,13,0.018,descriptive,False,,,,,14448.0,982656.0,245664.0,14448.0,982656.0,245664.0
4,DGFM+,13,0.016,descriptive,False,,,,,14448.0,982656.0,245664.0,14448.0,982656.0,245664.0
4,DGFM+,13,0.015,descriptive,False,,,,,14448.0,982656.0,245664.0,14448.0,982656.0,245664.0
4,DGFM+,13,0.01,descriptive,False,,,,,14448.0,982656.0,245664.0,14448.0,982656.0,245664.0
4,DGFM+,14,0.05,primary,True,1408.0,95872.0,23968.0,0.0495844595134258,14448.0,982656.0,245664.0,1408.0,95872.0,23968.0
4,DGFM+,14,0.03,descriptive,False,,,,,14448.0,982656.0,245664.0,14448.0,982656.0,245664.0
4,DGFM+,14,0.02,descriptive,False,,,,,14448.0,982656.0,245664.0,14448.0,982656.0,245664.0
4,DGFM+,14,0.018,descriptive,False,,,,,14448.0,982656.0,245664.0,14448.0,982656.0,245664.0
4,DGFM+,14,0.016,descriptive,False,,,,,14448.0,982656.0,245664.0,14448.0,982656.0,245664.0
4,DGFM+,14,0.015,descriptive,False,,,,,14448.0,982656.0,245664.0,14448.0,982656.0,245664.0
4,DGFM+,14,0.01,descriptive,False,,,,,14448.0,982656.0,245664.0,14448.0,982656.0,245664.0
4,DGFM+,15,0.05,primary,True,1232.0,83840.0,20960.0,0.0491968467831611,14448.0,982656.0,245664.0,1232.0,83840.0,20960.0
4,DGFM+,15,0.03,descriptive,False,,,,,14448.0,982656.0,245664.0,14448.0,982656.0,245664.0
4,DGFM+,15,0.02,descriptive,False,,,,,14448.0,982656.0,245664.0,14448.0,982656.0,245664.0
4,DGFM+,15,0.018,descriptive,False,,,,,14448.0,982656.0,245664.0,14448.0,982656.0,245664.0
4,DGFM+,15,0.016,descriptive,False,,,,,14448.0,982656.0,245664.0,14448.0,982656.0,245664.0
4,DGFM+,15,0.015,descriptive,False,,,,,14448.0,982656.0,245664.0,14448.0,982656.0,245664.0
4,DGFM+,15,0.01,descriptive,False,,,,,14448.0,982656.0,245664.0,14448.0,982656.0,245664.0
4,DGFM+,16,0.05,primary,True,1472.0,100352.0,25088.0,0.0499095730483531,14448.0,982656.0,245664.0,1472.0,100352.0,25088.0
4,DGFM+,16,0.03,descriptive,False,,,,,14448.0,982656.0,245664.0,14448.0,982656.0,245664.0
4,DGFM+,16,0.02,descriptive,False,,,,,14448.0,982656.0,245664.0,14448.0,982656.0,245664.0
4,DGFM+,16,0.018,descriptive,False,,,,,14448.0,982656.0,245664.0,14448.0,982656.0,245664.0
4,DGFM+,16,0.016,descriptive,False,,,,,14448.0,982656.0,245664.0,14448.0,982656.0,245664.0
4,DGFM+,16,0.015,descriptive,False,,,,,14448.0,982656.0,245664.0,14448.0,982656.0,245664.0
4,DGFM+,16,0.01,descriptive,False,,,,,14448.0,982656.0,245664.0,14448.0,982656.0,245664.0
4,DGFM+,17,0.05,primary,True,1584.0,107904.0,26976.0,0.0492021664977073,14448.0,982656.0,245664.0,1584.0,107904.0,26976.0
4,DGFM+,17,0.03,descriptive,False,,,,,14448.0,982656.0,245664.0,14448.0,982656.0,245664.0
4,DGFM+,17,0.02,descriptive,False,,,,,14448.0,982656.0,245664.0,14448.0,982656.0,245664.0
4,DGFM+,17,0.018,descriptive,False,,,,,14448.0,982656.0,245664.0,14448.0,982656.0,245664.0
4,DGFM+,17,0.016,descriptive,False,,,,,14448.0,982656.0,245664.0,14448.0,982656.0,245664.0
4,DGFM+,17,0.015,descriptive,False,,,,,14448.0,982656.0,245664.0,14448.0,982656.0,245664.0
4,DGFM+,17,0.01,descriptive,False,,,,,14448.0,982656.0,245664.0,14448.0,982656.0,245664.0
4,DGFM+,18,0.05,primary,True,1536.0,104448.0,26112.0,0.0493189170956611,14448.0,982656.0,245664.0,1536.0,104448.0,26112.0
4,DGFM+,18,0.03,descriptive,False,,,,,14448.0,982656.0,245664.0,14448.0,982656.0,245664.0
4,DGFM+,18,0.02,descriptive,False,,,,,14448.0,982656.0,245664.0,14448.0,982656.0,245664.0
4,DGFM+,18,0.018,descriptive,False,,,,,14448.0,982656.0,245664.0,14448.0,982656.0,245664.0
4,DGFM+,18,0.016,descriptive,False,,,,,14448.0,982656.0,245664.0,14448.0,982656.0,245664.0
4,DGFM+,18,0.015,descriptive,False,,,,,14448.0,982656.0,245664.0,14448.0,982656.0,245664.0
4,DGFM+,18,0.01,descriptive,False,,,,,14448.0,982656.0,245664.0,14448.0,982656.0,245664.0
4,DGFM+,19,0.05,primary,True,1472.0,100352.0,25088.0,0.0498979911208152,14448.0,982656.0,245664.0,1472.0,100352.0,25088.0
4,DGFM+,19,0.03,descriptive,False,,,,,14448.0,982656.0,245664.0,14448.0,982656.0,245664.0
4,DGFM+,19,0.02,descriptive,False,,,,,14448.0,982656.0,245664.0,14448.0,982656.0,245664.0
4,DGFM+,19,0.018,descriptive,False,,,,,14448.0,982656.0,245664.0,14448.0,982656.0,245664.0
4,DGFM+,19,0.016,descriptive,False,,,,,14448.0,982656.0,245664.0,14448.0,982656.0,245664.0
4,DGFM+,19,0.015,descriptive,False,,,,,14448.0,982656.0,245664.0,14448.0,982656.0,245664.0
4,DGFM+,19,0.01,descriptive,False,,,,,14448.0,982656.0,245664.0,14448.0,982656.0,245664.0
8,NOG-ZO,0,0.05,primary,True,216.0,221184.0,27648.0,0.0490647330880165,960.0,983040.0,122880.0,216.0,221184.0,27648.0
8,NOG-ZO,0,0.03,descriptive,True,232.0,237568.0,29696.0,0.0267838202416896,960.0,983040.0,122880.0,232.0,237568.0,29696.0
8,NOG-ZO,0,0.02,descriptive,True,240.0,245760.0,30720.0,0.0184948556125164,960.0,983040.0,122880.0,240.0,245760.0,30720.0
8,NOG-ZO,0,0.018,descriptive,True,244.0,249856.0,31232.0,0.0152969853952527,960.0,983040.0,122880.0,244.0,249856.0,31232.0
8,NOG-ZO,0,0.016,descriptive,True,244.0,249856.0,31232.0,0.0152969853952527,960.0,983040.0,122880.0,244.0,249856.0,31232.0
8,NOG-ZO,0,0.015,descriptive,True,248.0,253952.0,31744.0,0.0140111437067389,960.0,983040.0,122880.0,248.0,253952.0,31744.0
8,NOG-ZO,0,0.01,descriptive,False,,,,,960.0,983040.0,122880.0,960.0,983040.0,122880.0
8,NOG-ZO,1,0.05,primary,True,216.0,221184.0,27648.0,0.0453683026134967,960.0,983040.0,122880.0,216.0,221184.0,27648.0
8,NOG-ZO,1,0.03,descriptive,True,228.0,233472.0,29184.0,0.0296236164867877,960.0,983040.0,122880.0,228.0,233472.0,29184.0
8,NOG-ZO,1,0.02,descriptive,True,236.0,241664.0,30208.0,0.0197732616215944,960.0,983040.0,122880.0,236.0,241664.0,30208.0
8,NOG-ZO,1,0.018,descriptive,True,240.0,245760.0,30720.0,0.0163775440305471,960.0,983040.0,122880.0,240.0,245760.0,30720.0
8,NOG-ZO,1,0.016,descriptive,True,244.0,249856.0,31232.0,0.0143285598605871,960.0,983040.0,122880.0,244.0,249856.0,31232.0
8,NOG-ZO,1,0.015,descriptive,True,244.0,249856.0,31232.0,0.0143285598605871,960.0,983040.0,122880.0,244.0,249856.0,31232.0
8,NOG-ZO,1,0.01,descriptive,False,,,,,960.0,983040.0,122880.0,960.0,983040.0,122880.0
8,NOG-ZO,2,0.05,primary,True,216.0,221184.0,27648.0,0.0443560592830181,960.0,983040.0,122880.0,216.0,221184.0,27648.0
8,NOG-ZO,2,0.03,descriptive,True,228.0,233472.0,29184.0,0.0284747332334518,960.0,983040.0,122880.0,228.0,233472.0,29184.0
8,NOG-ZO,2,0.02,descriptive,True,236.0,241664.0,30208.0,0.0198020469397306,960.0,983040.0,122880.0,236.0,241664.0,30208.0
8,NOG-ZO,2,0.018,descriptive,True,240.0,245760.0,30720.0,0.0163400266319513,960.0,983040.0,122880.0,240.0,245760.0,30720.0
8,NOG-ZO,2,0.016,descriptive,True,244.0,249856.0,31232.0,0.0148586509749293,960.0,983040.0,122880.0,244.0,249856.0,31232.0
8,NOG-ZO,2,0.015,descriptive,False,,,,,960.0,983040.0,122880.0,960.0,983040.0,122880.0
8,NOG-ZO,2,0.01,descriptive,False,,,,,960.0,983040.0,122880.0,960.0,983040.0,122880.0
8,NOG-ZO,3,0.05,primary,True,216.0,221184.0,27648.0,0.0453707948327064,960.0,983040.0,122880.0,216.0,221184.0,27648.0
8,NOG-ZO,3,0.03,descriptive,True,228.0,233472.0,29184.0,0.0289374031126499,960.0,983040.0,122880.0,228.0,233472.0,29184.0
8,NOG-ZO,3,0.02,descriptive,True,236.0,241664.0,30208.0,0.0188394114375114,960.0,983040.0,122880.0,236.0,241664.0,30208.0
8,NOG-ZO,3,0.018,descriptive,True,240.0,245760.0,30720.0,0.0156320817768573,960.0,983040.0,122880.0,240.0,245760.0,30720.0
8,NOG-ZO,3,0.016,descriptive,True,240.0,245760.0,30720.0,0.0156320817768573,960.0,983040.0,122880.0,240.0,245760.0,30720.0
8,NOG-ZO,3,0.015,descriptive,True,244.0,249856.0,31232.0,0.0132242124527692,960.0,983040.0,122880.0,244.0,249856.0,31232.0
8,NOG-ZO,3,0.01,descriptive,False,,,,,960.0,983040.0,122880.0,960.0,983040.0,122880.0
8,NOG-ZO,4,0.05,primary,True,216.0,221184.0,27648.0,0.0471812523901462,960.0,983040.0,122880.0,216.0,221184.0,27648.0
8,NOG-ZO,4,0.03,descriptive,True,232.0,237568.0,29696.0,0.0261211208999156,960.0,983040.0,122880.0,232.0,237568.0,29696.0
8,NOG-ZO,4,0.02,descriptive,True,240.0,245760.0,30720.0,0.0173985455185174,960.0,983040.0,122880.0,240.0,245760.0,30720.0
8,NOG-ZO,4,0.018,descriptive,True,240.0,245760.0,30720.0,0.0173985455185174,960.0,983040.0,122880.0,240.0,245760.0,30720.0
8,NOG-ZO,4,0.016,descriptive,True,244.0,249856.0,31232.0,0.0151370866224169,960.0,983040.0,122880.0,244.0,249856.0,31232.0
8,NOG-ZO,4,0.015,descriptive,False,,,,,960.0,983040.0,122880.0,960.0,983040.0,122880.0
8,NOG-ZO,4,0.01,descriptive,False,,,,,960.0,983040.0,122880.0,960.0,983040.0,122880.0
8,NOG-ZO,5,0.05,primary,True,216.0,221184.0,27648.0,0.0443415641784668,960.0,983040.0,122880.0,216.0,221184.0,27648.0
8,NOG-ZO,5,0.03,descriptive,True,228.0,233472.0,29184.0,0.0282260160893201,960.0,983040.0,122880.0,228.0,233472.0,29184.0
8,NOG-ZO,5,0.02,descriptive,True,236.0,241664.0,30208.0,0.0188092160969972,960.0,983040.0,122880.0,236.0,241664.0,30208.0
8,NOG-ZO,5,0.018,descriptive,True,240.0,245760.0,30720.0,0.0160153452306985,960.0,983040.0,122880.0,240.0,245760.0,30720.0
8,NOG-ZO,5,0.016,descriptive,True,244.0,249856.0,31232.0,0.0144581673666834,960.0,983040.0,122880.0,244.0,249856.0,31232.0
8,NOG-ZO,5,0.015,descriptive,True,244.0,249856.0,31232.0,0.0144581673666834,960.0,983040.0,122880.0,244.0,249856.0,31232.0
8,NOG-ZO,5,0.01,descriptive,False,,,,,960.0,983040.0,122880.0,960.0,983040.0,122880.0
8,NOG-ZO,6,0.05,primary,True,212.0,217088.0,27136.0,0.0498092211782932,960.0,983040.0,122880.0,212.0,217088.0,27136.0
8,NOG-ZO,6,0.03,descriptive,True,228.0,233472.0,29184.0,0.0271396767348051,960.0,983040.0,122880.0,228.0,233472.0,29184.0
8,NOG-ZO,6,0.02,descriptive,True,236.0,241664.0,30208.0,0.0180531293153762,960.0,983040.0,122880.0,236.0,241664.0,30208.0
8,NOG-ZO,6,0.018,descriptive,True,240.0,245760.0,30720.0,0.0150774046778678,960.0,983040.0,122880.0,240.0,245760.0,30720.0
8,NOG-ZO,6,0.016,descriptive,True,240.0,245760.0,30720.0,0.0150774046778678,960.0,983040.0,122880.0,240.0,245760.0,30720.0
8,NOG-ZO,6,0.015,descriptive,True,244.0,249856.0,31232.0,0.0137605490162968,960.0,983040.0,122880.0,244.0,249856.0,31232.0
8,NOG-ZO,6,0.01,descriptive,False,,,,,960.0,983040.0,122880.0,960.0,983040.0,122880.0
8,NOG-ZO,7,0.05,primary,True,216.0,221184.0,27648.0,0.0463594198226928,960.0,983040.0,122880.0,216.0,221184.0,27648.0
8,NOG-ZO,7,0.03,descriptive,True,232.0,237568.0,29696.0,0.0253148581832647,960.0,983040.0,122880.0,232.0,237568.0,29696.0
8,NOG-ZO,7,0.02,descriptive,True,240.0,245760.0,30720.0,0.0178156103938817,960.0,983040.0,122880.0,240.0,245760.0,30720.0
8,NOG-ZO,7,0.018,descriptive,True,240.0,245760.0,30720.0,0.0178156103938817,960.0,983040.0,122880.0,240.0,245760.0,30720.0
8,NOG-ZO,7,0.016,descriptive,True,244.0,249856.0,31232.0,0.0151766175404191,960.0,983040.0,122880.0,244.0,249856.0,31232.0
8,NOG-ZO,7,0.015,descriptive,False,,,,,960.0,983040.0,122880.0,960.0,983040.0,122880.0
8,NOG-ZO,7,0.01,descriptive,False,,,,,960.0,983040.0,122880.0,960.0,983040.0,122880.0
8,NOG-ZO,8,0.05,primary,True,212.0,217088.0,27136.0,0.04791771620512,960.0,983040.0,122880.0,212.0,217088.0,27136.0
8,NOG-ZO,8,0.03,descriptive,True,228.0,233472.0,29184.0,0.0267795082181692,960.0,983040.0,122880.0,228.0,233472.0,29184.0
8,NOG-ZO,8,0.02,descriptive,True,236.0,241664.0,30208.0,0.0182505343109369,960.0,983040.0,122880.0,236.0,241664.0,30208.0
8,NOG-ZO,8,0.018,descriptive,True,240.0,245760.0,30720.0,0.0152630731463432,960.0,983040.0,122880.0,240.0,245760.0,30720.0
8,NOG-ZO,8,0.016,descriptive,True,240.0,245760.0,30720.0,0.0152630731463432,960.0,983040.0,122880.0,240.0,245760.0,30720.0
8,NOG-ZO,8,0.015,descriptive,False,,,,,960.0,983040.0,122880.0,960.0,983040.0,122880.0
8,NOG-ZO,8,0.01,descriptive,False,,,,,960.0,983040.0,122880.0,960.0,983040.0,122880.0
8,NOG-ZO,9,0.05,primary,True,216.0,221184.0,27648.0,0.0447139739990234,960.0,983040.0,122880.0,216.0,221184.0,27648.0
8,NOG-ZO,9,0.03,descriptive,True,228.0,233472.0,29184.0,0.0273981057107448,960.0,983040.0,122880.0,228.0,233472.0,29184.0
8,NOG-ZO,9,0.02,descriptive,True,236.0,241664.0,30208.0,0.0191148612648248,960.0,983040.0,122880.0,236.0,241664.0,30208.0
8,NOG-ZO,9,0.018,descriptive,True,240.0,245760.0,30720.0,0.0155250132083892,960.0,983040.0,122880.0,240.0,245760.0,30720.0
8,NOG-ZO,9,0.016,descriptive,True,240.0,245760.0,30720.0,0.0155250132083892,960.0,983040.0,122880.0,240.0,245760.0,30720.0
8,NOG-ZO,9,0.015,descriptive,True,244.0,249856.0,31232.0,0.0140419658273458,960.0,983040.0,122880.0,244.0,249856.0,31232.0
8,NOG-ZO,9,0.01,descriptive,False,,,,,960.0,983040.0,122880.0,960.0,983040.0,122880.0
8,NOG-ZO,10,0.05,primary,True,212.0,217088.0,27136.0,0.04879105463624,960.0,983040.0,122880.0,212.0,217088.0,27136.0
8,NOG-ZO,10,0.03,descriptive,True,228.0,233472.0,29184.0,0.0267901085317134,960.0,983040.0,122880.0,228.0,233472.0,29184.0
8,NOG-ZO,10,0.02,descriptive,True,236.0,241664.0,30208.0,0.0172550808638334,960.0,983040.0,122880.0,236.0,241664.0,30208.0
8,NOG-ZO,10,0.018,descriptive,True,236.0,241664.0,30208.0,0.0172550808638334,960.0,983040.0,122880.0,236.0,241664.0,30208.0
8,NOG-ZO,10,0.016,descriptive,True,240.0,245760.0,30720.0,0.0147108463570475,960.0,983040.0,122880.0,240.0,245760.0,30720.0
8,NOG-ZO,10,0.015,descriptive,True,240.0,245760.0,30720.0,0.0147108463570475,960.0,983040.0,122880.0,240.0,245760.0,30720.0
8,NOG-ZO,10,0.01,descriptive,False,,,,,960.0,983040.0,122880.0,960.0,983040.0,122880.0
8,NOG-ZO,11,0.05,primary,True,212.0,217088.0,27136.0,0.0477556362748146,960.0,983040.0,122880.0,212.0,217088.0,27136.0
8,NOG-ZO,11,0.03,descriptive,True,228.0,233472.0,29184.0,0.0267143677920103,960.0,983040.0,122880.0,228.0,233472.0,29184.0
8,NOG-ZO,11,0.02,descriptive,True,236.0,241664.0,30208.0,0.0180611778050661,960.0,983040.0,122880.0,236.0,241664.0,30208.0
8,NOG-ZO,11,0.018,descriptive,True,240.0,245760.0,30720.0,0.0155353555455803,960.0,983040.0,122880.0,240.0,245760.0,30720.0
8,NOG-ZO,11,0.016,descriptive,True,240.0,245760.0,30720.0,0.0155353555455803,960.0,983040.0,122880.0,240.0,245760.0,30720.0
8,NOG-ZO,11,0.015,descriptive,False,,,,,960.0,983040.0,122880.0,960.0,983040.0,122880.0
8,NOG-ZO,11,0.01,descriptive,False,,,,,960.0,983040.0,122880.0,960.0,983040.0,122880.0
8,NOG-ZO,12,0.05,primary,True,212.0,217088.0,27136.0,0.0499127879738807,960.0,983040.0,122880.0,212.0,217088.0,27136.0
8,NOG-ZO,12,0.03,descriptive,True,228.0,233472.0,29184.0,0.0279428586363792,960.0,983040.0,122880.0,228.0,233472.0,29184.0
8,NOG-ZO,12,0.02,descriptive,True,236.0,241664.0,30208.0,0.0181583408266305,960.0,983040.0,122880.0,236.0,241664.0,30208.0
8,NOG-ZO,12,0.018,descriptive,True,240.0,245760.0,30720.0,0.0152115942910313,960.0,983040.0,122880.0,240.0,245760.0,30720.0
8,NOG-ZO,12,0.016,descriptive,True,240.0,245760.0,30720.0,0.0152115942910313,960.0,983040.0,122880.0,240.0,245760.0,30720.0
8,NOG-ZO,12,0.015,descriptive,True,244.0,249856.0,31232.0,0.0136038456112146,960.0,983040.0,122880.0,244.0,249856.0,31232.0
8,NOG-ZO,12,0.01,descriptive,False,,,,,960.0,983040.0,122880.0,960.0,983040.0,122880.0
8,NOG-ZO,13,0.05,primary,True,216.0,221184.0,27648.0,0.0466715693473815,960.0,983040.0,122880.0,216.0,221184.0,27648.0
8,NOG-ZO,13,0.03,descriptive,True,232.0,237568.0,29696.0,0.0259758085012435,960.0,983040.0,122880.0,232.0,237568.0,29696.0
8,NOG-ZO,13,0.02,descriptive,True,240.0,245760.0,30720.0,0.0182904936373233,960.0,983040.0,122880.0,240.0,245760.0,30720.0
8,NOG-ZO,13,0.018,descriptive,True,244.0,249856.0,31232.0,0.015332793816924,960.0,983040.0,122880.0,244.0,249856.0,31232.0
8,NOG-ZO,13,0.016,descriptive,True,244.0,249856.0,31232.0,0.015332793816924,960.0,983040.0,122880.0,244.0,249856.0,31232.0
8,NOG-ZO,13,0.015,descriptive,False,,,,,960.0,983040.0,122880.0,960.0,983040.0,122880.0
8,NOG-ZO,13,0.01,descriptive,False,,,,,960.0,983040.0,122880.0,960.0,983040.0,122880.0
8,NOG-ZO,14,0.05,primary,True,212.0,217088.0,27136.0,0.0488375909626483,960.0,983040.0,122880.0,212.0,217088.0,27136.0
8,NOG-ZO,14,0.03,descriptive,True,228.0,233472.0,29184.0,0.0267906133085489,960.0,983040.0,122880.0,228.0,233472.0,29184.0
8,NOG-ZO,14,0.02,descriptive,True,236.0,241664.0,30208.0,0.0181391835212707,960.0,983040.0,122880.0,236.0,241664.0,30208.0
8,NOG-ZO,14,0.018,descriptive,True,240.0,245760.0,30720.0,0.0163768623024225,960.0,983040.0,122880.0,240.0,245760.0,30720.0
8,NOG-ZO,14,0.016,descriptive,False,,,,,960.0,983040.0,122880.0,960.0,983040.0,122880.0
8,NOG-ZO,14,0.015,descriptive,False,,,,,960.0,983040.0,122880.0,960.0,983040.0,122880.0
8,NOG-ZO,14,0.01,descriptive,False,,,,,960.0,983040.0,122880.0,960.0,983040.0,122880.0
8,NOG-ZO,15,0.05,primary,True,216.0,221184.0,27648.0,0.0478105582296848,960.0,983040.0,122880.0,216.0,221184.0,27648.0
8,NOG-ZO,15,0.03,descriptive,True,232.0,237568.0,29696.0,0.0260650180280208,960.0,983040.0,122880.0,232.0,237568.0,29696.0
8,NOG-ZO,15,0.02,descriptive,True,240.0,245760.0,30720.0,0.0174480844289064,960.0,983040.0,122880.0,240.0,245760.0,30720.0
8,NOG-ZO,15,0.018,descriptive,True,240.0,245760.0,30720.0,0.0174480844289064,960.0,983040.0,122880.0,240.0,245760.0,30720.0
8,NOG-ZO,15,0.016,descriptive,True,244.0,249856.0,31232.0,0.0146319027990102,960.0,983040.0,122880.0,244.0,249856.0,31232.0
8,NOG-ZO,15,0.015,descriptive,True,244.0,249856.0,31232.0,0.0146319027990102,960.0,983040.0,122880.0,244.0,249856.0,31232.0
8,NOG-ZO,15,0.01,descriptive,False,,,,,960.0,983040.0,122880.0,960.0,983040.0,122880.0
8,NOG-ZO,16,0.05,primary,True,212.0,217088.0,27136.0,0.0487891510128974,960.0,983040.0,122880.0,212.0,217088.0,27136.0
8,NOG-ZO,16,0.03,descriptive,True,228.0,233472.0,29184.0,0.0269119832664728,960.0,983040.0,122880.0,228.0,233472.0,29184.0
8,NOG-ZO,16,0.02,descriptive,True,236.0,241664.0,30208.0,0.018120776861906,960.0,983040.0,122880.0,236.0,241664.0,30208.0
8,NOG-ZO,16,0.018,descriptive,True,240.0,245760.0,30720.0,0.0150982532650232,960.0,983040.0,122880.0,240.0,245760.0,30720.0
8,NOG-ZO,16,0.016,descriptive,True,240.0,245760.0,30720.0,0.0150982532650232,960.0,983040.0,122880.0,240.0,245760.0,30720.0
8,NOG-ZO,16,0.015,descriptive,True,244.0,249856.0,31232.0,0.0138391572982072,960.0,983040.0,122880.0,244.0,249856.0,31232.0
8,NOG-ZO,16,0.01,descriptive,False,,,,,960.0,983040.0,122880.0,960.0,983040.0,122880.0
8,NOG-ZO,17,0.05,primary,True,216.0,221184.0,27648.0,0.0460435561835765,960.0,983040.0,122880.0,216.0,221184.0,27648.0
8,NOG-ZO,17,0.03,descriptive,True,232.0,237568.0,29696.0,0.0252922140061855,960.0,983040.0,122880.0,232.0,237568.0,29696.0
8,NOG-ZO,17,0.02,descriptive,True,240.0,245760.0,30720.0,0.0174804423004388,960.0,983040.0,122880.0,240.0,245760.0,30720.0
8,NOG-ZO,17,0.018,descriptive,True,240.0,245760.0,30720.0,0.0174804423004388,960.0,983040.0,122880.0,240.0,245760.0,30720.0
8,NOG-ZO,17,0.016,descriptive,True,244.0,249856.0,31232.0,0.0155069595202803,960.0,983040.0,122880.0,244.0,249856.0,31232.0
8,NOG-ZO,17,0.015,descriptive,False,,,,,960.0,983040.0,122880.0,960.0,983040.0,122880.0
8,NOG-ZO,17,0.01,descriptive,False,,,,,960.0,983040.0,122880.0,960.0,983040.0,122880.0
8,NOG-ZO,18,0.05,primary,True,212.0,217088.0,27136.0,0.0490404367446899,960.0,983040.0,122880.0,212.0,217088.0,27136.0
8,NOG-ZO,18,0.03,descriptive,True,228.0,233472.0,29184.0,0.0282760709524154,960.0,983040.0,122880.0,228.0,233472.0,29184.0
8,NOG-ZO,18,0.02,descriptive,True,236.0,241664.0,30208.0,0.019840084016323,960.0,983040.0,122880.0,236.0,241664.0,30208.0
8,NOG-ZO,18,0.018,descriptive,True,240.0,245760.0,30720.0,0.0168655794113874,960.0,983040.0,122880.0,240.0,245760.0,30720.0
8,NOG-ZO,18,0.016,descriptive,False,,,,,960.0,983040.0,122880.0,960.0,983040.0,122880.0
8,NOG-ZO,18,0.015,descriptive,False,,,,,960.0,983040.0,122880.0,960.0,983040.0,122880.0
8,NOG-ZO,18,0.01,descriptive,False,,,,,960.0,983040.0,122880.0,960.0,983040.0,122880.0
8,NOG-ZO,19,0.05,primary,True,216.0,221184.0,27648.0,0.0448190309107303,960.0,983040.0,122880.0,216.0,221184.0,27648.0
8,NOG-ZO,19,0.03,descriptive,True,228.0,233472.0,29184.0,0.0281568560749292,960.0,983040.0,122880.0,228.0,233472.0,29184.0
8,NOG-ZO,19,0.02,descriptive,True,236.0,241664.0,30208.0,0.0189622733741998,960.0,983040.0,122880.0,236.0,241664.0,30208.0
8,NOG-ZO,19,0.018,descriptive,True,240.0,245760.0,30720.0,0.0153315933421254,960.0,983040.0,122880.0,240.0,245760.0,30720.0
8,NOG-ZO,19,0.016,descriptive,True,240.0,245760.0,30720.0,0.0153315933421254,960.0,983040.0,122880.0,240.0,245760.0,30720.0
8,NOG-ZO,19,0.015,descriptive,True,244.0,249856.0,31232.0,0.0139936059713363,960.0,983040.0,122880.0,244.0,249856.0,31232.0
8,NOG-ZO,19,0.01,descriptive,False,,,,,960.0,983040.0,122880.0,960.0,983040.0,122880.0
8,ME-DOL-ZO,0,0.05,primary,True,504.0,129024.0,16128.0,0.0499242544174194,3840.0,983040.0,122880.0,504.0,129024.0,16128.0
8,ME-DOL-ZO,0,0.03,descriptive,True,660.0,168960.0,21120.0,0.0296314284205436,3840.0,983040.0,122880.0,660.0,168960.0,21120.0
8,ME-DOL-ZO,0,0.02,descriptive,True,828.0,211968.0,26496.0,0.0194153692573308,3840.0,983040.0,122880.0,828.0,211968.0,26496.0
8,ME-DOL-ZO,0,0.018,descriptive,True,912.0,233472.0,29184.0,0.0179528910666704,3840.0,983040.0,122880.0,912.0,233472.0,29184.0
8,ME-DOL-ZO,0,0.016,descriptive,True,1104.0,282624.0,35328.0,0.0156678855419158,3840.0,983040.0,122880.0,1104.0,282624.0,35328.0
8,ME-DOL-ZO,0,0.015,descriptive,True,1200.0,307200.0,38400.0,0.0147581072524189,3840.0,983040.0,122880.0,1200.0,307200.0,38400.0
8,ME-DOL-ZO,0,0.01,descriptive,False,,,,,3840.0,983040.0,122880.0,3840.0,983040.0,122880.0
8,ME-DOL-ZO,1,0.05,primary,True,528.0,135168.0,16896.0,0.0492083393037319,3840.0,983040.0,122880.0,528.0,135168.0,16896.0
8,ME-DOL-ZO,1,0.03,descriptive,True,648.0,165888.0,20736.0,0.0293026566505432,3840.0,983040.0,122880.0,648.0,165888.0,20736.0
8,ME-DOL-ZO,1,0.02,descriptive,True,804.0,205824.0,25728.0,0.0197830405086278,3840.0,983040.0,122880.0,804.0,205824.0,25728.0
8,ME-DOL-ZO,1,0.018,descriptive,True,876.0,224256.0,28032.0,0.0177319440990686,3840.0,983040.0,122880.0,876.0,224256.0,28032.0
8,ME-DOL-ZO,1,0.016,descriptive,True,1068.0,273408.0,34176.0,0.015874532982707,3840.0,983040.0,122880.0,1068.0,273408.0,34176.0
8,ME-DOL-ZO,1,0.015,descriptive,True,2316.0,592896.0,74112.0,0.014922622591257,3840.0,983040.0,122880.0,2316.0,592896.0,74112.0
8,ME-DOL-ZO,1,0.01,descriptive,False,,,,,3840.0,983040.0,122880.0,3840.0,983040.0,122880.0
8,ME-DOL-ZO,2,0.05,primary,True,468.0,119808.0,14976.0,0.0485195629298687,3840.0,983040.0,122880.0,468.0,119808.0,14976.0
8,ME-DOL-ZO,2,0.03,descriptive,True,600.0,153600.0,19200.0,0.0293275564908981,3840.0,983040.0,122880.0,600.0,153600.0,19200.0
8,ME-DOL-ZO,2,0.02,descriptive,True,888.0,227328.0,28416.0,0.0193170793354511,3840.0,983040.0,122880.0,888.0,227328.0,28416.0
8,ME-DOL-ZO,2,0.018,descriptive,True,924.0,236544.0,29568.0,0.0179555341601371,3840.0,983040.0,122880.0,924.0,236544.0,29568.0
8,ME-DOL-ZO,2,0.016,descriptive,True,1008.0,258048.0,32256.0,0.0159859620034694,3840.0,983040.0,122880.0,1008.0,258048.0,32256.0
8,ME-DOL-ZO,2,0.015,descriptive,True,1116.0,285696.0,35712.0,0.0147911589592695,3840.0,983040.0,122880.0,1116.0,285696.0,35712.0
8,ME-DOL-ZO,2,0.01,descriptive,False,,,,,3840.0,983040.0,122880.0,3840.0,983040.0,122880.0
8,ME-DOL-ZO,3,0.05,primary,True,504.0,129024.0,16128.0,0.0483129806816577,3840.0,983040.0,122880.0,504.0,129024.0,16128.0
8,ME-DOL-ZO,3,0.03,descriptive,True,624.0,159744.0,19968.0,0.0281104519963264,3840.0,983040.0,122880.0,624.0,159744.0,19968.0
8,ME-DOL-ZO,3,0.02,descriptive,True,768.0,196608.0,24576.0,0.0195181630551815,3840.0,983040.0,122880.0,768.0,196608.0,24576.0
8,ME-DOL-ZO,3,0.018,descriptive,True,852.0,218112.0,27264.0,0.0173597931861877,3840.0,983040.0,122880.0,852.0,218112.0,27264.0
8,ME-DOL-ZO,3,0.016,descriptive,True,936.0,239616.0,29952.0,0.0159932356327772,3840.0,983040.0,122880.0,936.0,239616.0,29952.0
8,ME-DOL-ZO,3,0.015,descriptive,True,1104.0,282624.0,35328.0,0.0147042917087674,3840.0,983040.0,122880.0,1104.0,282624.0,35328.0
8,ME-DOL-ZO,3,0.01,descriptive,False,,,,,3840.0,983040.0,122880.0,3840.0,983040.0,122880.0
8,ME-DOL-ZO,4,0.05,primary,True,504.0,129024.0,16128.0,0.0484577789902687,3840.0,983040.0,122880.0,504.0,129024.0,16128.0
8,ME-DOL-ZO,4,0.03,descriptive,True,648.0,165888.0,20736.0,0.0285356640815734,3840.0,983040.0,122880.0,648.0,165888.0,20736.0
8,ME-DOL-ZO,4,0.02,descriptive,True,768.0,196608.0,24576.0,0.0192419346421957,3840.0,983040.0,122880.0,768.0,196608.0,24576.0
8,ME-DOL-ZO,4,0.018,descriptive,True,984.0,251904.0,31488.0,0.0175686795264482,3840.0,983040.0,122880.0,984.0,251904.0,31488.0
8,ME-DOL-ZO,4,0.016,descriptive,True,1092.0,279552.0,34944.0,0.0159616116434335,3840.0,983040.0,122880.0,1092.0,279552.0,34944.0
8,ME-DOL-ZO,4,0.015,descriptive,True,1200.0,307200.0,38400.0,0.0146685019135475,3840.0,983040.0,122880.0,1200.0,307200.0,38400.0
8,ME-DOL-ZO,4,0.01,descriptive,False,,,,,3840.0,983040.0,122880.0,3840.0,983040.0,122880.0
8,ME-DOL-ZO,5,0.05,primary,True,492.0,125952.0,15744.0,0.0493952743709087,3840.0,983040.0,122880.0,492.0,125952.0,15744.0
8,ME-DOL-ZO,5,0.03,descriptive,True,612.0,156672.0,19584.0,0.0296979565173387,3840.0,983040.0,122880.0,612.0,156672.0,19584.0
8,ME-DOL-ZO,5,0.02,descriptive,True,792.0,202752.0,25344.0,0.0199805311858654,3840.0,983040.0,122880.0,792.0,202752.0,25344.0
8,ME-DOL-ZO,5,0.018,descriptive,True,924.0,236544.0,29568.0,0.0179234351962804,3840.0,983040.0,122880.0,924.0,236544.0,29568.0
8,ME-DOL-ZO,5,0.016,descriptive,True,1176.0,301056.0,37632.0,0.015803474932909,3840.0,983040.0,122880.0,1176.0,301056.0,37632.0
8,ME-DOL-ZO,5,0.015,descriptive,True,1272.0,325632.0,40704.0,0.0149109782651066,3840.0,983040.0,122880.0,1272.0,325632.0,40704.0
8,ME-DOL-ZO,5,0.01,descriptive,False,,,,,3840.0,983040.0,122880.0,3840.0,983040.0,122880.0
8,ME-DOL-ZO,6,0.05,primary,True,516.0,132096.0,16512.0,0.049461904913187,3840.0,983040.0,122880.0,516.0,132096.0,16512.0
8,ME-DOL-ZO,6,0.03,descriptive,True,660.0,168960.0,21120.0,0.0290195792913436,3840.0,983040.0,122880.0,660.0,168960.0,21120.0
8,ME-DOL-ZO,6,0.02,descriptive,True,792.0,202752.0,25344.0,0.0190927945077419,3840.0,983040.0,122880.0,792.0,202752.0,25344.0
8,ME-DOL-ZO,6,0.018,descriptive,True,852.0,218112.0,27264.0,0.0178943462669849,3840.0,983040.0,122880.0,852.0,218112.0,27264.0
8,ME-DOL-ZO,6,0.016,descriptive,True,960.0,245760.0,30720.0,0.0159069150686264,3840.0,983040.0,122880.0,960.0,245760.0,30720.0
8,ME-DOL-ZO,6,0.015,descriptive,True,1416.0,362496.0,45312.0,0.0148717621341347,3840.0,983040.0,122880.0,1416.0,362496.0,45312.0
8,ME-DOL-ZO,6,0.01,descriptive,False,,,,,3840.0,983040.0,122880.0,3840.0,983040.0,122880.0
8,ME-DOL-ZO,7,0.05,primary,True,492.0,125952.0,15744.0,0.0483906641602516,3840.0,983040.0,122880.0,492.0,125952.0,15744.0
8,ME-DOL-ZO,7,0.03,descriptive,True,600.0,153600.0,19200.0,0.029181133955717,3840.0,983040.0,122880.0,600.0,153600.0,19200.0
8,ME-DOL-ZO,7,0.02,descriptive,True,804.0,205824.0,25728.0,0.0195624399930238,3840.0,983040.0,122880.0,804.0,205824.0,25728.0
8,ME-DOL-ZO,7,0.018,descriptive,True,852.0,218112.0,27264.0,0.0179817173629999,3840.0,983040.0,122880.0,852.0,218112.0,27264.0
8,ME-DOL-ZO,7,0.016,descriptive,True,924.0,236544.0,29568.0,0.0159441828727722,3840.0,983040.0,122880.0,924.0,236544.0,29568.0
8,ME-DOL-ZO,7,0.015,descriptive,True,1032.0,264192.0,33024.0,0.0148840714246034,3840.0,983040.0,122880.0,1032.0,264192.0,33024.0
8,ME-DOL-ZO,7,0.01,descriptive,False,,,,,3840.0,983040.0,122880.0,3840.0,983040.0,122880.0
8,ME-DOL-ZO,8,0.05,primary,True,492.0,125952.0,15744.0,0.0499758385121822,3840.0,983040.0,122880.0,492.0,125952.0,15744.0
8,ME-DOL-ZO,8,0.03,descriptive,True,636.0,162816.0,20352.0,0.0295883826911449,3840.0,983040.0,122880.0,636.0,162816.0,20352.0
8,ME-DOL-ZO,8,0.02,descriptive,True,744.0,190464.0,23808.0,0.0198563821613788,3840.0,983040.0,122880.0,744.0,190464.0,23808.0
8,ME-DOL-ZO,8,0.018,descriptive,True,780.0,199680.0,24960.0,0.0173353217542171,3840.0,983040.0,122880.0,780.0,199680.0,24960.0
8,ME-DOL-ZO,8,0.016,descriptive,True,804.0,205824.0,25728.0,0.0158731509000062,3840.0,983040.0,122880.0,804.0,205824.0,25728.0
8,ME-DOL-ZO,8,0.015,descriptive,True,1200.0,307200.0,38400.0,0.014566158875823,3840.0,983040.0,122880.0,1200.0,307200.0,38400.0
8,ME-DOL-ZO,8,0.01,descriptive,False,,,,,3840.0,983040.0,122880.0,3840.0,983040.0,122880.0
8,ME-DOL-ZO,9,0.05,primary,True,504.0,129024.0,16128.0,0.0471160858869552,3840.0,983040.0,122880.0,504.0,129024.0,16128.0
8,ME-DOL-ZO,9,0.03,descriptive,True,612.0,156672.0,19584.0,0.0291938241571187,3840.0,983040.0,122880.0,612.0,156672.0,19584.0
8,ME-DOL-ZO,9,0.02,descriptive,True,720.0,184320.0,23040.0,0.0195525996387004,3840.0,983040.0,122880.0,720.0,184320.0,23040.0
8,ME-DOL-ZO,9,0.018,descriptive,True,816.0,208896.0,26112.0,0.0178269539028406,3840.0,983040.0,122880.0,816.0,208896.0,26112.0
8,ME-DOL-ZO,9,0.016,descriptive,True,912.0,233472.0,29184.0,0.015970503911376,3840.0,983040.0,122880.0,912.0,233472.0,29184.0
8,ME-DOL-ZO,9,0.015,descriptive,True,1332.0,340992.0,42624.0,0.0147557184100151,3840.0,983040.0,122880.0,1332.0,340992.0,42624.0
8,ME-DOL-ZO,9,0.01,descriptive,False,,,,,3840.0,983040.0,122880.0,3840.0,983040.0,122880.0
8,ME-DOL-ZO,10,0.05,primary,True,480.0,122880.0,15360.0,0.0496511049568653,3840.0,983040.0,122880.0,480.0,122880.0,15360.0
8,ME-DOL-ZO,10,0.03,descriptive,True,588.0,150528.0,18816.0,0.0296777822077274,3840.0,983040.0,122880.0,588.0,150528.0,18816.0
8,ME-DOL-ZO,10,0.02,descriptive,True,696.0,178176.0,22272.0,0.0199002288281917,3840.0,983040.0,122880.0,696.0,178176.0,22272.0
8,ME-DOL-ZO,10,0.018,descriptive,True,732.0,187392.0,23424.0,0.0172860417515039,3840.0,983040.0,122880.0,732.0,187392.0,23424.0
8,ME-DOL-ZO,10,0.016,descriptive,True,804.0,205824.0,25728.0,0.0159505177289247,3840.0,983040.0,122880.0,804.0,205824.0,25728.0
8,ME-DOL-ZO,10,0.015,descriptive,True,948.0,242688.0,30336.0,0.0149466767907142,3840.0,983040.0,122880.0,948.0,242688.0,30336.0
8,ME-DOL-ZO,10,0.01,descriptive,False,,,,,3840.0,983040.0,122880.0,3840.0,983040.0,122880.0
8,ME-DOL-ZO,11,0.05,primary,True,504.0,129024.0,16128.0,0.0479050055146217,3840.0,983040.0,122880.0,504.0,129024.0,16128.0
8,ME-DOL-ZO,11,0.03,descriptive,True,624.0,159744.0,19968.0,0.0289969816803932,3840.0,983040.0,122880.0,624.0,159744.0,19968.0
8,ME-DOL-ZO,11,0.02,descriptive,True,816.0,208896.0,26112.0,0.0197652839124202,3840.0,983040.0,122880.0,816.0,208896.0,26112.0
8,ME-DOL-ZO,11,0.018,descriptive,True,864.0,221184.0,27648.0,0.017669815570116,3840.0,983040.0,122880.0,864.0,221184.0,27648.0
8,ME-DOL-ZO,11,0.016,descriptive,True,1128.0,288768.0,36096.0,0.0157163348048925,3840.0,983040.0,122880.0,1128.0,288768.0,36096.0
8,ME-DOL-ZO,11,0.015,descriptive,True,1296.0,331776.0,41472.0,0.0147757101804018,3840.0,983040.0,122880.0,1296.0,331776.0,41472.0
8,ME-DOL-ZO,11,0.01,descriptive,False,,,,,3840.0,983040.0,122880.0,3840.0,983040.0,122880.0
8,ME-DOL-ZO,12,0.05,primary,True,480.0,122880.0,15360.0,0.0496929474174976,3840.0,983040.0,122880.0,480.0,122880.0,15360.0
8,ME-DOL-ZO,12,0.03,descriptive,True,576.0,147456.0,18432.0,0.0299176722764968,3840.0,983040.0,122880.0,576.0,147456.0,18432.0
8,ME-DOL-ZO,12,0.02,descriptive,True,708.0,181248.0,22656.0,0.0194448828697204,3840.0,983040.0,122880.0,708.0,181248.0,22656.0
8,ME-DOL-ZO,12,0.018,descriptive,True,828.0,211968.0,26496.0,0.0174634773284196,3840.0,983040.0,122880.0,828.0,211968.0,26496.0
8,ME-DOL-ZO,12,0.016,descriptive,True,888.0,227328.0,28416.0,0.0159909352660179,3840.0,983040.0,122880.0,888.0,227328.0,28416.0
8,ME-DOL-ZO,12,0.015,descriptive,True,1056.0,270336.0,33792.0,0.0149376131594181,3840.0,983040.0,122880.0,1056.0,270336.0,33792.0
8,ME-DOL-ZO,12,0.01,descriptive,False,,,,,3840.0,983040.0,122880.0,3840.0,983040.0,122880.0
8,ME-DOL-ZO,13,0.05,primary,True,492.0,125952.0,15744.0,0.0487469136714935,3840.0,983040.0,122880.0,492.0,125952.0,15744.0
8,ME-DOL-ZO,13,0.03,descriptive,True,624.0,159744.0,19968.0,0.0295300129801034,3840.0,983040.0,122880.0,624.0,159744.0,19968.0
8,ME-DOL-ZO,13,0.02,descriptive,True,780.0,199680.0,24960.0,0.0196550823748111,3840.0,983040.0,122880.0,780.0,199680.0,24960.0
8,ME-DOL-ZO,13,0.018,descriptive,True,852.0,218112.0,27264.0,0.0177247617393732,3840.0,983040.0,122880.0,852.0,218112.0,27264.0
8,ME-DOL-ZO,13,0.016,descriptive,True,924.0,236544.0,29568.0,0.0153940301388502,3840.0,983040.0,122880.0,924.0,236544.0,29568.0
8,ME-DOL-ZO,13,0.015,descriptive,True,1032.0,264192.0,33024.0,0.0149575304239988,3840.0,983040.0,122880.0,1032.0,264192.0,33024.0
8,ME-DOL-ZO,13,0.01,descriptive,False,,,,,3840.0,983040.0,122880.0,3840.0,983040.0,122880.0
8,ME-DOL-ZO,14,0.05,primary,True,504.0,129024.0,16128.0,0.0491547025740146,3840.0,983040.0,122880.0,504.0,129024.0,16128.0
8,ME-DOL-ZO,14,0.03,descriptive,True,648.0,165888.0,20736.0,0.0294098984450101,3840.0,983040.0,122880.0,648.0,165888.0,20736.0
8,ME-DOL-ZO,14,0.02,descriptive,True,792.0,202752.0,25344.0,0.019384192302823,3840.0,983040.0,122880.0,792.0,202752.0,25344.0
8,ME-DOL-ZO,14,0.018,descriptive,True,828.0,211968.0,26496.0,0.0173214431852102,3840.0,983040.0,122880.0,828.0,211968.0,26496.0
8,ME-DOL-ZO,14,0.016,descriptive,True,888.0,227328.0,28416.0,0.0156123545020818,3840.0,983040.0,122880.0,888.0,227328.0,28416.0
8,ME-DOL-ZO,14,0.015,descriptive,True,912.0,233472.0,29184.0,0.0148660968989133,3840.0,983040.0,122880.0,912.0,233472.0,29184.0
8,ME-DOL-ZO,14,0.01,descriptive,False,,,,,3840.0,983040.0,122880.0,3840.0,983040.0,122880.0
8,ME-DOL-ZO,15,0.05,primary,True,492.0,125952.0,15744.0,0.0498623475432395,3840.0,983040.0,122880.0,492.0,125952.0,15744.0
8,ME-DOL-ZO,15,0.03,descriptive,True,648.0,165888.0,20736.0,0.029782447963953,3840.0,983040.0,122880.0,648.0,165888.0,20736.0
8,ME-DOL-ZO,15,0.02,descriptive,True,804.0,205824.0,25728.0,0.019315542653203,3840.0,983040.0,122880.0,804.0,205824.0,25728.0
8,ME-DOL-ZO,15,0.018,descriptive,True,840.0,215040.0,26880.0,0.0178436450660228,3840.0,983040.0,122880.0,840.0,215040.0,26880.0
8,ME-DOL-ZO,15,0.016,descriptive,True,912.0,233472.0,29184.0,0.0159020964056253,3840.0,983040.0,122880.0,912.0,233472.0,29184.0
8,ME-DOL-ZO,15,0.015,descriptive,True,1332.0,340992.0,42624.0,0.0149467336013913,3840.0,983040.0,122880.0,1332.0,340992.0,42624.0
8,ME-DOL-ZO,15,0.01,descriptive,False,,,,,3840.0,983040.0,122880.0,3840.0,983040.0,122880.0
8,ME-DOL-ZO,16,0.05,primary,True,504.0,129024.0,16128.0,0.0493878833949565,3840.0,983040.0,122880.0,504.0,129024.0,16128.0
8,ME-DOL-ZO,16,0.03,descriptive,True,612.0,156672.0,19584.0,0.0297651980072259,3840.0,983040.0,122880.0,612.0,156672.0,19584.0
8,ME-DOL-ZO,16,0.02,descriptive,True,756.0,193536.0,24192.0,0.0195296611636877,3840.0,983040.0,122880.0,756.0,193536.0,24192.0
8,ME-DOL-ZO,16,0.018,descriptive,True,804.0,205824.0,25728.0,0.0178888533264398,3840.0,983040.0,122880.0,804.0,205824.0,25728.0
8,ME-DOL-ZO,16,0.016,descriptive,True,1068.0,273408.0,34176.0,0.0156093565747141,3840.0,983040.0,122880.0,1068.0,273408.0,34176.0
8,ME-DOL-ZO,16,0.015,descriptive,True,1704.0,436224.0,54528.0,0.0149432187899947,3840.0,983040.0,122880.0,1704.0,436224.0,54528.0
8,ME-DOL-ZO,16,0.01,descriptive,False,,,,,3840.0,983040.0,122880.0,3840.0,983040.0,122880.0
8,ME-DOL-ZO,17,0.05,primary,True,480.0,122880.0,15360.0,0.0494342781603336,3840.0,983040.0,122880.0,480.0,122880.0,15360.0
8,ME-DOL-ZO,17,0.03,descriptive,True,612.0,156672.0,19584.0,0.0291405767202377,3840.0,983040.0,122880.0,612.0,156672.0,19584.0
8,ME-DOL-ZO,17,0.02,descriptive,True,756.0,193536.0,24192.0,0.0198732893913984,3840.0,983040.0,122880.0,756.0,193536.0,24192.0
8,ME-DOL-ZO,17,0.018,descriptive,True,804.0,205824.0,25728.0,0.0178363472223281,3840.0,983040.0,122880.0,804.0,205824.0,25728.0
8,ME-DOL-ZO,17,0.016,descriptive,True,1128.0,288768.0,36096.0,0.0158324148505926,3840.0,983040.0,122880.0,1128.0,288768.0,36096.0
8,ME-DOL-ZO,17,0.015,descriptive,True,1176.0,301056.0,37632.0,0.0149625902995467,3840.0,983040.0,122880.0,1176.0,301056.0,37632.0
8,ME-DOL-ZO,17,0.01,descriptive,False,,,,,3840.0,983040.0,122880.0,3840.0,983040.0,122880.0
8,ME-DOL-ZO,18,0.05,primary,True,468.0,119808.0,14976.0,0.0488385446369648,3840.0,983040.0,122880.0,468.0,119808.0,14976.0
8,ME-DOL-ZO,18,0.03,descriptive,True,576.0,147456.0,18432.0,0.0299464408308267,3840.0,983040.0,122880.0,576.0,147456.0,18432.0
8,ME-DOL-ZO,18,0.02,descriptive,True,744.0,190464.0,23808.0,0.0196275077760219,3840.0,983040.0,122880.0,744.0,190464.0,23808.0
8,ME-DOL-ZO,18,0.018,descriptive,True,804.0,205824.0,25728.0,0.0177578069269657,3840.0,983040.0,122880.0,804.0,205824.0,25728.0
8,ME-DOL-ZO,18,0.016,descriptive,True,852.0,218112.0,27264.0,0.0153152085840702,3840.0,983040.0,122880.0,852.0,218112.0,27264.0
8,ME-DOL-ZO,18,0.015,descriptive,True,864.0,221184.0,27648.0,0.0148327052593231,3840.0,983040.0,122880.0,864.0,221184.0,27648.0
8,ME-DOL-ZO,18,0.01,descriptive,False,,,,,3840.0,983040.0,122880.0,3840.0,983040.0,122880.0
8,ME-DOL-ZO,19,0.05,primary,True,516.0,132096.0,16512.0,0.0496130809187889,3840.0,983040.0,122880.0,516.0,132096.0,16512.0
8,ME-DOL-ZO,19,0.03,descriptive,True,648.0,165888.0,20736.0,0.0287773367017507,3840.0,983040.0,122880.0,648.0,165888.0,20736.0
8,ME-DOL-ZO,19,0.02,descriptive,True,852.0,218112.0,27264.0,0.0196009706705808,3840.0,983040.0,122880.0,852.0,218112.0,27264.0
8,ME-DOL-ZO,19,0.018,descriptive,True,912.0,233472.0,29184.0,0.0177737213671207,3840.0,983040.0,122880.0,912.0,233472.0,29184.0
8,ME-DOL-ZO,19,0.016,descriptive,True,1260.0,322560.0,40320.0,0.0159303378313779,3840.0,983040.0,122880.0,1260.0,322560.0,40320.0
8,ME-DOL-ZO,19,0.015,descriptive,True,1440.0,368640.0,46080.0,0.0149893648922443,3840.0,983040.0,122880.0,1440.0,368640.0,46080.0
8,ME-DOL-ZO,19,0.01,descriptive,False,,,,,3840.0,983040.0,122880.0,3840.0,983040.0,122880.0
8,DGFM,0,0.05,primary,True,1312.0,167936.0,20992.0,0.0493481233716011,7680.0,983040.0,122880.0,1312.0,167936.0,20992.0
8,DGFM,0,0.03,descriptive,True,1712.0,219136.0,27392.0,0.0299846194684505,7680.0,983040.0,122880.0,1712.0,219136.0,27392.0
8,DGFM,0,0.02,descriptive,True,2080.0,266240.0,33280.0,0.0198306906968355,7680.0,983040.0,122880.0,2080.0,266240.0,33280.0
8,DGFM,0,0.018,descriptive,True,2176.0,278528.0,34816.0,0.0179310161620378,7680.0,983040.0,122880.0,2176.0,278528.0,34816.0
8,DGFM,0,0.016,descriptive,True,2320.0,296960.0,37120.0,0.0157778393477201,7680.0,983040.0,122880.0,2320.0,296960.0,37120.0
8,DGFM,0,0.015,descriptive,True,2552.0,326656.0,40832.0,0.0149722835049033,7680.0,983040.0,122880.0,2552.0,326656.0,40832.0
8,DGFM,0,0.01,descriptive,False,,,,,7680.0,983040.0,122880.0,7680.0,983040.0,122880.0
8,DGFM,1,0.05,primary,True,1336.0,171008.0,21376.0,0.0492375865578651,7680.0,983040.0,122880.0,1336.0,171008.0,21376.0
8,DGFM,1,0.03,descriptive,True,1664.0,212992.0,26624.0,0.0294868145138025,7680.0,983040.0,122880.0,1664.0,212992.0,26624.0
8,DGFM,1,0.02,descriptive,True,2008.0,257024.0,32128.0,0.0198813620954751,7680.0,983040.0,122880.0,2008.0,257024.0,32128.0
8,DGFM,1,0.018,descriptive,True,2120.0,271360.0,33920.0,0.017874427139759,7680.0,983040.0,122880.0,2120.0,271360.0,33920.0
8,DGFM,1,0.016,descriptive,True,2240.0,286720.0,35840.0,0.015824569389224,7680.0,983040.0,122880.0,2240.0,286720.0,35840.0
8,DGFM,1,0.015,descriptive,True,2328.0,297984.0,37248.0,0.0149305379018187,7680.0,983040.0,122880.0,2328.0,297984.0,37248.0
8,DGFM,1,0.01,descriptive,False,,,,,7680.0,983040.0,122880.0,7680.0,983040.0,122880.0
8,DGFM,2,0.05,primary,True,1280.0,163840.0,20480.0,0.0495153777301311,7680.0,983040.0,122880.0,1280.0,163840.0,20480.0
8,DGFM,2,0.03,descriptive,True,1608.0,205824.0,25728.0,0.0297200195491313,7680.0,983040.0,122880.0,1608.0,205824.0,25728.0
8,DGFM,2,0.02,descriptive,True,1888.0,241664.0,30208.0,0.0199163425713777,7680.0,983040.0,122880.0,1888.0,241664.0,30208.0
8,DGFM,2,0.018,descriptive,True,1984.0,253952.0,31744.0,0.017989644780755,7680.0,983040.0,122880.0,1984.0,253952.0,31744.0
8,DGFM,2,0.016,descriptive,True,2152.0,275456.0,34432.0,0.0157526861876249,7680.0,983040.0,122880.0,2152.0,275456.0,34432.0
8,DGFM,2,0.015,descriptive,True,2200.0,281600.0,35200.0,0.0146412663161754,7680.0,983040.0,122880.0,2200.0,281600.0,35200.0
8,DGFM,2,0.01,descriptive,False,,,,,7680.0,983040.0,122880.0,7680.0,983040.0,122880.0
8,DGFM,3,0.05,primary,True,1296.0,165888.0,20736.0,0.0497208535671234,7680.0,983040.0,122880.0,1296.0,165888.0,20736.0
8,DGFM,3,0.03,descriptive,True,1720.0,220160.0,27520.0,0.0296646319329738,7680.0,983040.0,122880.0,1720.0,220160.0,27520.0
8,DGFM,3,0.02,descriptive,True,2048.0,262144.0,32768.0,0.0197249911725521,7680.0,983040.0,122880.0,2048.0,262144.0,32768.0
8,DGFM,3,0.018,descriptive,True,2176.0,278528.0,34816.0,0.0178392268717288,7680.0,983040.0,122880.0,2176.0,278528.0,34816.0
8,DGFM,3,0.016,descriptive,True,2472.0,316416.0,39552.0,0.0158363915979862,7680.0,983040.0,122880.0,2472.0,316416.0,39552.0
8,DGFM,3,0.015,descriptive,True,2656.0,339968.0,42496.0,0.0149127142503857,7680.0,983040.0,122880.0,2656.0,339968.0,42496.0
8,DGFM,3,0.01,descriptive,False,,,,,7680.0,983040.0,122880.0,7680.0,983040.0,122880.0
8,DGFM,4,0.05,primary,True,1352.0,173056.0,21632.0,0.0494939498603343,7680.0,983040.0,122880.0,1352.0,173056.0,21632.0
8,DGFM,4,0.03,descriptive,True,1744.0,223232.0,27904.0,0.0294234734028577,7680.0,983040.0,122880.0,1744.0,223232.0,27904.0
8,DGFM,4,0.02,descriptive,True,2072.0,265216.0,33152.0,0.0198140386492013,7680.0,983040.0,122880.0,2072.0,265216.0,33152.0
8,DGFM,4,0.018,descriptive,True,2248.0,287744.0,35968.0,0.0173433236777782,7680.0,983040.0,122880.0,2248.0,287744.0,35968.0
8,DGFM,4,0.016,descriptive,True,2432.0,311296.0,38912.0,0.0159499030560255,7680.0,983040.0,122880.0,2432.0,311296.0,38912.0
8,DGFM,4,0.015,descriptive,True,2496.0,319488.0,39936.0,0.0148312430828809,7680.0,983040.0,122880.0,2496.0,319488.0,39936.0
8,DGFM,4,0.01,descriptive,False,,,,,7680.0,983040.0,122880.0,7680.0,983040.0,122880.0
8,DGFM,5,0.05,primary,True,1272.0,162816.0,20352.0,0.0495460741221904,7680.0,983040.0,122880.0,1272.0,162816.0,20352.0
8,DGFM,5,0.03,descriptive,True,1608.0,205824.0,25728.0,0.029869845137,7680.0,983040.0,122880.0,1608.0,205824.0,25728.0
8,DGFM,5,0.02,descriptive,True,1976.0,252928.0,31616.0,0.0199736692011356,7680.0,983040.0,122880.0,1976.0,252928.0,31616.0
8,DGFM,5,0.018,descriptive,True,2144.0,274432.0,34304.0,0.0178894437849521,7680.0,983040.0,122880.0,2144.0,274432.0,34304.0
8,DGFM,5,0.016,descriptive,True,2240.0,286720.0,35840.0,0.0157268662005662,7680.0,983040.0,122880.0,2240.0,286720.0,35840.0
8,DGFM,5,0.015,descriptive,True,2320.0,296960.0,37120.0,0.0147552983835339,7680.0,983040.0,122880.0,2320.0,296960.0,37120.0
8,DGFM,5,0.01,descriptive,False,,,,,7680.0,983040.0,122880.0,7680.0,983040.0,122880.0
8,DGFM,6,0.05,primary,True,1280.0,163840.0,20480.0,0.0493964366614818,7680.0,983040.0,122880.0,1280.0,163840.0,20480.0
8,DGFM,6,0.03,descriptive,True,1632.0,208896.0,26112.0,0.0299626216292381,7680.0,983040.0,122880.0,1632.0,208896.0,26112.0
8,DGFM,6,0.02,descriptive,True,1944.0,248832.0,31104.0,0.019908171147108,7680.0,983040.0,122880.0,1944.0,248832.0,31104.0
8,DGFM,6,0.018,descriptive,True,2128.0,272384.0,34048.0,0.0179562885314226,7680.0,983040.0,122880.0,2128.0,272384.0,34048.0
8,DGFM,6,0.016,descriptive,True,2264.0,289792.0,36224.0,0.0159989856183528,7680.0,983040.0,122880.0,2264.0,289792.0,36224.0
8,DGFM,6,0.015,descriptive,True,2432.0,311296.0,38912.0,0.0146021582186222,7680.0,983040.0,122880.0,2432.0,311296.0,38912.0
8,DGFM,6,0.01,descriptive,False,,,,,7680.0,983040.0,122880.0,7680.0,983040.0,122880.0
8,DGFM,7,0.05,primary,True,1320.0,168960.0,21120.0,0.0499310530722141,7680.0,983040.0,122880.0,1320.0,168960.0,21120.0
8,DGFM,7,0.03,descriptive,True,1632.0,208896.0,26112.0,0.0294479522854089,7680.0,983040.0,122880.0,1632.0,208896.0,26112.0
8,DGFM,7,0.02,descriptive,True,2016.0,258048.0,32256.0,0.0198651403188705,7680.0,983040.0,122880.0,2016.0,258048.0,32256.0
8,DGFM,7,0.018,descriptive,True,2112.0,270336.0,33792.0,0.0178027469664812,7680.0,983040.0,122880.0,2112.0,270336.0,33792.0
8,DGFM,7,0.016,descriptive,True,2256.0,288768.0,36096.0,0.0158805549144744,7680.0,983040.0,122880.0,2256.0,288768.0,36096.0
8,DGFM,7,0.015,descriptive,True,2328.0,297984.0,37248.0,0.0148632004857063,7680.0,983040.0,122880.0,2328.0,297984.0,37248.0
8,DGFM,7,0.01,descriptive,False,,,,,7680.0,983040.0,122880.0,7680.0,983040.0,122880.0
8,DGFM,8,0.05,primary,True,1296.0,165888.0,20736.0,0.0488876961171627,7680.0,983040.0,122880.0,1296.0,165888.0,20736.0
8,DGFM,8,0.03,descriptive,True,1688.0,216064.0,27008.0,0.0297823082655668,7680.0,983040.0,122880.0,1688.0,216064.0,27008.0
8,DGFM,8,0.02,descriptive,True,2072.0,265216.0,33152.0,0.0197285655885934,7680.0,983040.0,122880.0,2072.0,265216.0,33152.0
8,DGFM,8,0.018,descriptive,True,2192.0,280576.0,35072.0,0.0177988745272159,7680.0,983040.0,122880.0,2192.0,280576.0,35072.0
8,DGFM,8,0.016,descriptive,True,2384.0,305152.0,38144.0,0.0158033389598131,7680.0,983040.0,122880.0,2384.0,305152.0,38144.0
8,DGFM,8,0.015,descriptive,True,2520.0,322560.0,40320.0,0.0147873759269714,7680.0,983040.0,122880.0,2520.0,322560.0,40320.0
8,DGFM,8,0.01,descriptive,False,,,,,7680.0,983040.0,122880.0,7680.0,983040.0,122880.0
8,DGFM,9,0.05,primary,True,1296.0,165888.0,20736.0,0.0497656166553497,7680.0,983040.0,122880.0,1296.0,165888.0,20736.0
8,DGFM,9,0.03,descriptive,True,1656.0,211968.0,26496.0,0.0298402290791273,7680.0,983040.0,122880.0,1656.0,211968.0,26496.0
8,DGFM,9,0.02,descriptive,True,2008.0,257024.0,32128.0,0.0192789901047945,7680.0,983040.0,122880.0,2008.0,257024.0,32128.0
8,DGFM,9,0.018,descriptive,True,2176.0,278528.0,34816.0,0.0176903959363698,7680.0,983040.0,122880.0,2176.0,278528.0,34816.0
8,DGFM,9,0.016,descriptive,True,2384.0,305152.0,38144.0,0.0159710254520177,7680.0,983040.0,122880.0,2384.0,305152.0,38144.0
8,DGFM,9,0.015,descriptive,True,2432.0,311296.0,38912.0,0.0149705186486244,7680.0,983040.0,122880.0,2432.0,311296.0,38912.0
8,DGFM,9,0.01,descriptive,False,,,,,7680.0,983040.0,122880.0,7680.0,983040.0,122880.0
8,DGFM,10,0.05,primary,True,1264.0,161792.0,20224.0,0.0495232231914997,7680.0,983040.0,122880.0,1264.0,161792.0,20224.0
8,DGFM,10,0.03,descriptive,True,1568.0,200704.0,25088.0,0.0299040339887142,7680.0,983040.0,122880.0,1568.0,200704.0,25088.0
8,DGFM,10,0.02,descriptive,True,1856.0,237568.0,29696.0,0.019727187231183,7680.0,983040.0,122880.0,1856.0,237568.0,29696.0
8,DGFM,10,0.018,descriptive,True,2000.0,256000.0,32000.0,0.0177003871649503,7680.0,983040.0,122880.0,2000.0,256000.0,32000.0
8,DGFM,10,0.016,descriptive,True,2064.0,264192.0,33024.0,0.0157715827226638,7680.0,983040.0,122880.0,2064.0,264192.0,33024.0
8,DGFM,10,0.015,descriptive,True,2344.0,300032.0,37504.0,0.0147688994184136,7680.0,983040.0,122880.0,2344.0,300032.0,37504.0
8,DGFM,10,0.01,descriptive,False,,,,,7680.0,983040.0,122880.0,7680.0,983040.0,122880.0
8,DGFM,11,0.05,primary,True,1288.0,164864.0,20608.0,0.0495888441801071,7680.0,983040.0,122880.0,1288.0,164864.0,20608.0
8,DGFM,11,0.03,descriptive,True,1680.0,215040.0,26880.0,0.0297774318605661,7680.0,983040.0,122880.0,1680.0,215040.0,26880.0
8,DGFM,11,0.02,descriptive,True,1904.0,243712.0,30464.0,0.0195492599159479,7680.0,983040.0,122880.0,1904.0,243712.0,30464.0
8,DGFM,11,0.018,descriptive,True,1968.0,251904.0,31488.0,0.0179378446191549,7680.0,983040.0,122880.0,1968.0,251904.0,31488.0
8,DGFM,11,0.016,descriptive,True,2320.0,296960.0,37120.0,0.0156161310151219,7680.0,983040.0,122880.0,2320.0,296960.0,37120.0
8,DGFM,11,0.015,descriptive,True,2384.0,305152.0,38144.0,0.0149981305003166,7680.0,983040.0,122880.0,2384.0,305152.0,38144.0
8,DGFM,11,0.01,descriptive,False,,,,,7680.0,983040.0,122880.0,7680.0,983040.0,122880.0
8,DGFM,12,0.05,primary,True,1304.0,166912.0,20864.0,0.0494884029030799,7680.0,983040.0,122880.0,1304.0,166912.0,20864.0
8,DGFM,12,0.03,descriptive,True,1696.0,217088.0,27136.0,0.0296870451420545,7680.0,983040.0,122880.0,1696.0,217088.0,27136.0
8,DGFM,12,0.02,descriptive,True,1992.0,254976.0,31872.0,0.0196529179811477,7680.0,983040.0,122880.0,1992.0,254976.0,31872.0
8,DGFM,12,0.018,descriptive,True,2136.0,273408.0,34176.0,0.0179701726883649,7680.0,983040.0,122880.0,2136.0,273408.0,34176.0
8,DGFM,12,0.016,descriptive,True,2272.0,290816.0,36352.0,0.0157876871526241,7680.0,983040.0,122880.0,2272.0,290816.0,36352.0
8,DGFM,12,0.015,descriptive,True,2528.0,323584.0,40448.0,0.0147823886945843,7680.0,983040.0,122880.0,2528.0,323584.0,40448.0
8,DGFM,12,0.01,descriptive,False,,,,,7680.0,983040.0,122880.0,7680.0,983040.0,122880.0
8,DGFM,13,0.05,primary,True,1328.0,169984.0,21248.0,0.0487604402005672,7680.0,983040.0,122880.0,1328.0,169984.0,21248.0
8,DGFM,13,0.03,descriptive,True,1656.0,211968.0,26496.0,0.0295419953763484,7680.0,983040.0,122880.0,1656.0,211968.0,26496.0
8,DGFM,13,0.02,descriptive,True,2016.0,258048.0,32256.0,0.0198477953672409,7680.0,983040.0,122880.0,2016.0,258048.0,32256.0
8,DGFM,13,0.018,descriptive,True,2096.0,268288.0,33536.0,0.0179913751780986,7680.0,983040.0,122880.0,2096.0,268288.0,33536.0
8,DGFM,13,0.016,descriptive,True,2240.0,286720.0,35840.0,0.0158945973962545,7680.0,983040.0,122880.0,2240.0,286720.0,35840.0
8,DGFM,13,0.015,descriptive,True,2360.0,302080.0,37760.0,0.014939003624022,7680.0,983040.0,122880.0,2360.0,302080.0,37760.0
8,DGFM,13,0.01,descriptive,False,,,,,7680.0,983040.0,122880.0,7680.0,983040.0,122880.0
8,DGFM,14,0.05,primary,True,1280.0,163840.0,20480.0,0.0498463846743106,7680.0,983040.0,122880.0,1280.0,163840.0,20480.0
8,DGFM,14,0.03,descriptive,True,1616.0,206848.0,25856.0,0.0297179147601127,7680.0,983040.0,122880.0,1616.0,206848.0,25856.0
8,DGFM,14,0.02,descriptive,True,2104.0,269312.0,33664.0,0.0197769217193126,7680.0,983040.0,122880.0,2104.0,269312.0,33664.0
8,DGFM,14,0.018,descriptive,True,2296.0,293888.0,36736.0,0.0177138745784759,7680.0,983040.0,122880.0,2296.0,293888.0,36736.0
8,DGFM,14,0.016,descriptive,True,2392.0,306176.0,38272.0,0.0159880779683589,7680.0,983040.0,122880.0,2392.0,306176.0,38272.0
8,DGFM,14,0.015,descriptive,True,2496.0,319488.0,39936.0,0.0146778104826807,7680.0,983040.0,122880.0,2496.0,319488.0,39936.0
8,DGFM,14,0.01,descriptive,False,,,,,7680.0,983040.0,122880.0,7680.0,983040.0,122880.0
8,DGFM,15,0.05,primary,True,1288.0,164864.0,20608.0,0.0496116057038307,7680.0,983040.0,122880.0,1288.0,164864.0,20608.0
8,DGFM,15,0.03,descriptive,True,1624.0,207872.0,25984.0,0.0299035720527172,7680.0,983040.0,122880.0,1624.0,207872.0,25984.0
8,DGFM,15,0.02,descriptive,True,2072.0,265216.0,33152.0,0.019883394241333,7680.0,983040.0,122880.0,2072.0,265216.0,33152.0
8,DGFM,15,0.018,descriptive,True,2144.0,274432.0,34304.0,0.0178052652627229,7680.0,983040.0,122880.0,2144.0,274432.0,34304.0
8,DGFM,15,0.016,descriptive,True,2232.0,285696.0,35712.0,0.0157463289797306,7680.0,983040.0,122880.0,2232.0,285696.0,35712.0
8,DGFM,15,0.015,descriptive,True,2280.0,291840.0,36480.0,0.0149080250412225,7680.0,983040.0,122880.0,2280.0,291840.0,36480.0
8,DGFM,15,0.01,descriptive,False,,,,,7680.0,983040.0,122880.0,7680.0,983040.0,122880.0
8,DGFM,16,0.05,primary,True,1296.0,165888.0,20736.0,0.0493479035794734,7680.0,983040.0,122880.0,1296.0,165888.0,20736.0
8,DGFM,16,0.03,descriptive,True,1592.0,203776.0,25472.0,0.0299186985939741,7680.0,983040.0,122880.0,1592.0,203776.0,25472.0
8,DGFM,16,0.02,descriptive,True,1896.0,242688.0,30336.0,0.0195854902267456,7680.0,983040.0,122880.0,1896.0,242688.0,30336.0
8,DGFM,16,0.018,descriptive,True,1960.0,250880.0,31360.0,0.0177353024482727,7680.0,983040.0,122880.0,1960.0,250880.0,31360.0
8,DGFM,16,0.016,descriptive,True,2088.0,267264.0,33408.0,0.0159683134406805,7680.0,983040.0,122880.0,2088.0,267264.0,33408.0
8,DGFM,16,0.015,descriptive,True,2216.0,283648.0,35456.0,0.0149890985339879,7680.0,983040.0,122880.0,2216.0,283648.0,35456.0
8,DGFM,16,0.01,descriptive,False,,,,,7680.0,983040.0,122880.0,7680.0,983040.0,122880.0
8,DGFM,17,0.05,primary,True,1256.0,160768.0,20096.0,0.0493211597204208,7680.0,983040.0,122880.0,1256.0,160768.0,20096.0
8,DGFM,17,0.03,descriptive,True,1624.0,207872.0,25984.0,0.0294434148818254,7680.0,983040.0,122880.0,1624.0,207872.0,25984.0
8,DGFM,17,0.02,descriptive,True,2000.0,256000.0,32000.0,0.0197940431535244,7680.0,983040.0,122880.0,2000.0,256000.0,32000.0
8,DGFM,17,0.018,descriptive,True,2112.0,270336.0,33792.0,0.0178702473640441,7680.0,983040.0,122880.0,2112.0,270336.0,33792.0
8,DGFM,17,0.016,descriptive,True,2328.0,297984.0,37248.0,0.0158618595451116,7680.0,983040.0,122880.0,2328.0,297984.0,37248.0
8,DGFM,17,0.015,descriptive,True,2376.0,304128.0,38016.0,0.0148967867717146,7680.0,983040.0,122880.0,2376.0,304128.0,38016.0
8,DGFM,17,0.01,descriptive,False,,,,,7680.0,983040.0,122880.0,7680.0,983040.0,122880.0
8,DGFM,18,0.05,primary,True,1256.0,160768.0,20096.0,0.0498995520174503,7680.0,983040.0,122880.0,1256.0,160768.0,20096.0
8,DGFM,18,0.03,descriptive,True,1600.0,204800.0,25600.0,0.0298922564834356,7680.0,983040.0,122880.0,1600.0,204800.0,25600.0
8,DGFM,18,0.02,descriptive,True,1856.0,237568.0,29696.0,0.0197879131883382,7680.0,983040.0,122880.0,1856.0,237568.0,29696.0
8,DGFM,18,0.018,descriptive,True,1952.0,249856.0,31232.0,0.0177751779556274,7680.0,983040.0,122880.0,1952.0,249856.0,31232.0
8,DGFM,18,0.016,descriptive,True,2112.0,270336.0,33792.0,0.0158788878470659,7680.0,983040.0,122880.0,2112.0,270336.0,33792.0
8,DGFM,18,0.015,descriptive,True,2248.0,287744.0,35968.0,0.0145998690277338,7680.0,983040.0,122880.0,2248.0,287744.0,35968.0
8,DGFM,18,0.01,descriptive,False,,,,,7680.0,983040.0,122880.0,7680.0,983040.0,122880.0
8,DGFM,19,0.05,primary,True,1320.0,168960.0,21120.0,0.0497022084891796,7680.0,983040.0,122880.0,1320.0,168960.0,21120.0
8,DGFM,19,0.03,descriptive,True,1728.0,221184.0,27648.0,0.0293391421437263,7680.0,983040.0,122880.0,1728.0,221184.0,27648.0
8,DGFM,19,0.02,descriptive,True,2064.0,264192.0,33024.0,0.0198388062417507,7680.0,983040.0,122880.0,2064.0,264192.0,33024.0
8,DGFM,19,0.018,descriptive,True,2112.0,270336.0,33792.0,0.0177475176751613,7680.0,983040.0,122880.0,2112.0,270336.0,33792.0
8,DGFM,19,0.016,descriptive,True,2208.0,282624.0,35328.0,0.0158410277217626,7680.0,983040.0,122880.0,2208.0,282624.0,35328.0
8,DGFM,19,0.015,descriptive,True,2360.0,302080.0,37760.0,0.0148663213476538,7680.0,983040.0,122880.0,2360.0,302080.0,37760.0
8,DGFM,19,0.01,descriptive,False,,,,,7680.0,983040.0,122880.0,7680.0,983040.0,122880.0
8,DGFM+,0,0.05,primary,True,1544.0,210688.0,26336.0,0.0499723888933658,7224.0,983040.0,122880.0,1544.0,210688.0,26336.0
8,DGFM+,0,0.03,descriptive,True,2208.0,300288.0,37536.0,0.0299940705299377,7224.0,983040.0,122880.0,2208.0,300288.0,37536.0
8,DGFM+,0,0.02,descriptive,False,,,,,7224.0,983040.0,122880.0,7224.0,983040.0,122880.0
8,DGFM+,0,0.018,descriptive,False,,,,,7224.0,983040.0,122880.0,7224.0,983040.0,122880.0
8,DGFM+,0,0.016,descriptive,False,,,,,7224.0,983040.0,122880.0,7224.0,983040.0,122880.0
8,DGFM+,0,0.015,descriptive,False,,,,,7224.0,983040.0,122880.0,7224.0,983040.0,122880.0
8,DGFM+,0,0.01,descriptive,False,,,,,7224.0,983040.0,122880.0,7224.0,983040.0,122880.0
8,DGFM+,1,0.05,primary,True,1424.0,193792.0,24224.0,0.0497284494340419,7224.0,983040.0,122880.0,1424.0,193792.0,24224.0
8,DGFM+,1,0.03,descriptive,True,2488.0,338432.0,42304.0,0.029927834868431,7224.0,983040.0,122880.0,2488.0,338432.0,42304.0
8,DGFM+,1,0.02,descriptive,False,,,,,7224.0,983040.0,122880.0,7224.0,983040.0,122880.0
8,DGFM+,1,0.018,descriptive,False,,,,,7224.0,983040.0,122880.0,7224.0,983040.0,122880.0
8,DGFM+,1,0.016,descriptive,False,,,,,7224.0,983040.0,122880.0,7224.0,983040.0,122880.0
8,DGFM+,1,0.015,descriptive,False,,,,,7224.0,983040.0,122880.0,7224.0,983040.0,122880.0
8,DGFM+,1,0.01,descriptive,False,,,,,7224.0,983040.0,122880.0,7224.0,983040.0,122880.0
8,DGFM+,2,0.05,primary,True,1488.0,202752.0,25344.0,0.0496882870793342,7224.0,983040.0,122880.0,1488.0,202752.0,25344.0
8,DGFM+,2,0.03,descriptive,True,3688.0,502016.0,62752.0,0.0299420095980167,7224.0,983040.0,122880.0,3688.0,502016.0,62752.0
8,DGFM+,2,0.02,descriptive,False,,,,,7224.0,983040.0,122880.0,7224.0,983040.0,122880.0
8,DGFM+,2,0.018,descriptive,False,,,,,7224.0,983040.0,122880.0,7224.0,983040.0,122880.0
8,DGFM+,2,0.016,descriptive,False,,,,,7224.0,983040.0,122880.0,7224.0,983040.0,122880.0
8,DGFM+,2,0.015,descriptive,False,,,,,7224.0,983040.0,122880.0,7224.0,983040.0,122880.0
8,DGFM+,2,0.01,descriptive,False,,,,,7224.0,983040.0,122880.0,7224.0,983040.0,122880.0
8,DGFM+,3,0.05,primary,True,1400.0,190720.0,23840.0,0.0494960770010948,7224.0,983040.0,122880.0,1400.0,190720.0,23840.0
8,DGFM+,3,0.03,descriptive,True,2608.0,355328.0,44416.0,0.0298002082854509,7224.0,983040.0,122880.0,2608.0,355328.0,44416.0
8,DGFM+,3,0.02,descriptive,False,,,,,7224.0,983040.0,122880.0,7224.0,983040.0,122880.0
8,DGFM+,3,0.018,descriptive,False,,,,,7224.0,983040.0,122880.0,7224.0,983040.0,122880.0
8,DGFM+,3,0.016,descriptive,False,,,,,7224.0,983040.0,122880.0,7224.0,983040.0,122880.0
8,DGFM+,3,0.015,descriptive,False,,,,,7224.0,983040.0,122880.0,7224.0,983040.0,122880.0
8,DGFM+,3,0.01,descriptive,False,,,,,7224.0,983040.0,122880.0,7224.0,983040.0,122880.0
8,DGFM+,4,0.05,primary,True,1416.0,192768.0,24096.0,0.0498227439820766,7224.0,983040.0,122880.0,1416.0,192768.0,24096.0
8,DGFM+,4,0.03,descriptive,True,3656.0,497920.0,62240.0,0.0299861002713441,7224.0,983040.0,122880.0,3656.0,497920.0,62240.0
8,DGFM+,4,0.02,descriptive,False,,,,,7224.0,983040.0,122880.0,7224.0,983040.0,122880.0
8,DGFM+,4,0.018,descriptive,False,,,,,7224.0,983040.0,122880.0,7224.0,983040.0,122880.0
8,DGFM+,4,0.016,descriptive,False,,,,,7224.0,983040.0,122880.0,7224.0,983040.0,122880.0
8,DGFM+,4,0.015,descriptive,False,,,,,7224.0,983040.0,122880.0,7224.0,983040.0,122880.0
8,DGFM+,4,0.01,descriptive,False,,,,,7224.0,983040.0,122880.0,7224.0,983040.0,122880.0
8,DGFM+,5,0.05,primary,True,1408.0,191744.0,23968.0,0.0496820136904716,7224.0,983040.0,122880.0,1408.0,191744.0,23968.0
8,DGFM+,5,0.03,descriptive,True,2232.0,304128.0,38016.0,0.0298789329826831,7224.0,983040.0,122880.0,2232.0,304128.0,38016.0
8,DGFM+,5,0.02,descriptive,False,,,,,7224.0,983040.0,122880.0,7224.0,983040.0,122880.0
8,DGFM+,5,0.018,descriptive,False,,,,,7224.0,983040.0,122880.0,7224.0,983040.0,122880.0
8,DGFM+,5,0.016,descriptive,False,,,,,7224.0,983040.0,122880.0,7224.0,983040.0,122880.0
8,DGFM+,5,0.015,descriptive,False,,,,,7224.0,983040.0,122880.0,7224.0,983040.0,122880.0
8,DGFM+,5,0.01,descriptive,False,,,,,7224.0,983040.0,122880.0,7224.0,983040.0,122880.0
8,DGFM+,6,0.05,primary,True,1368.0,186624.0,23328.0,0.0499347001314163,7224.0,983040.0,122880.0,1368.0,186624.0,23328.0
8,DGFM+,6,0.03,descriptive,True,2616.0,356352.0,44544.0,0.0298855863511562,7224.0,983040.0,122880.0,2616.0,356352.0,44544.0
8,DGFM+,6,0.02,descriptive,False,,,,,7224.0,983040.0,122880.0,7224.0,983040.0,122880.0
8,DGFM+,6,0.018,descriptive,False,,,,,7224.0,983040.0,122880.0,7224.0,983040.0,122880.0
8,DGFM+,6,0.016,descriptive,False,,,,,7224.0,983040.0,122880.0,7224.0,983040.0,122880.0
8,DGFM+,6,0.015,descriptive,False,,,,,7224.0,983040.0,122880.0,7224.0,983040.0,122880.0
8,DGFM+,6,0.01,descriptive,False,,,,,7224.0,983040.0,122880.0,7224.0,983040.0,122880.0
8,DGFM+,7,0.05,primary,True,1448.0,197632.0,24704.0,0.0499878302216529,7224.0,983040.0,122880.0,1448.0,197632.0,24704.0
8,DGFM+,7,0.03,descriptive,True,2552.0,347392.0,43424.0,0.0299257785081863,7224.0,983040.0,122880.0,2552.0,347392.0,43424.0
8,DGFM+,7,0.02,descriptive,False,,,,,7224.0,983040.0,122880.0,7224.0,983040.0,122880.0
8,DGFM+,7,0.018,descriptive,False,,,,,7224.0,983040.0,122880.0,7224.0,983040.0,122880.0
8,DGFM+,7,0.016,descriptive,False,,,,,7224.0,983040.0,122880.0,7224.0,983040.0,122880.0
8,DGFM+,7,0.015,descriptive,False,,,,,7224.0,983040.0,122880.0,7224.0,983040.0,122880.0
8,DGFM+,7,0.01,descriptive,False,,,,,7224.0,983040.0,122880.0,7224.0,983040.0,122880.0
8,DGFM+,8,0.05,primary,True,1224.0,166656.0,20832.0,0.0493929348886013,7224.0,983040.0,122880.0,1224.0,166656.0,20832.0
8,DGFM+,8,0.03,descriptive,True,3544.0,482048.0,60256.0,0.029998118057847,7224.0,983040.0,122880.0,3544.0,482048.0,60256.0
8,DGFM+,8,0.02,descriptive,False,,,,,7224.0,983040.0,122880.0,7224.0,983040.0,122880.0
8,DGFM+,8,0.018,descriptive,False,,,,,7224.0,983040.0,122880.0,7224.0,983040.0,122880.0
8,DGFM+,8,0.016,descriptive,False,,,,,7224.0,983040.0,122880.0,7224.0,983040.0,122880.0
8,DGFM+,8,0.015,descriptive,False,,,,,7224.0,983040.0,122880.0,7224.0,983040.0,122880.0
8,DGFM+,8,0.01,descriptive,False,,,,,7224.0,983040.0,122880.0,7224.0,983040.0,122880.0
8,DGFM+,9,0.05,primary,True,1288.0,175616.0,21952.0,0.0493794381618499,7224.0,983040.0,122880.0,1288.0,175616.0,21952.0
8,DGFM+,9,0.03,descriptive,True,1800.0,244992.0,30624.0,0.029912032186985,7224.0,983040.0,122880.0,1800.0,244992.0,30624.0
8,DGFM+,9,0.02,descriptive,False,,,,,7224.0,983040.0,122880.0,7224.0,983040.0,122880.0
8,DGFM+,9,0.018,descriptive,False,,,,,7224.0,983040.0,122880.0,7224.0,983040.0,122880.0
8,DGFM+,9,0.016,descriptive,False,,,,,7224.0,983040.0,122880.0,7224.0,983040.0,122880.0
8,DGFM+,9,0.015,descriptive,False,,,,,7224.0,983040.0,122880.0,7224.0,983040.0,122880.0
8,DGFM+,9,0.01,descriptive,False,,,,,7224.0,983040.0,122880.0,7224.0,983040.0,122880.0
8,DGFM+,10,0.05,primary,True,1432.0,194816.0,24352.0,0.0498374551534652,7224.0,983040.0,122880.0,1432.0,194816.0,24352.0
8,DGFM+,10,0.03,descriptive,True,3312.0,450816.0,56352.0,0.0299525447189807,7224.0,983040.0,122880.0,3312.0,450816.0,56352.0
8,DGFM+,10,0.02,descriptive,False,,,,,7224.0,983040.0,122880.0,7224.0,983040.0,122880.0
8,DGFM+,10,0.018,descriptive,False,,,,,7224.0,983040.0,122880.0,7224.0,983040.0,122880.0
8,DGFM+,10,0.016,descriptive,False,,,,,7224.0,983040.0,122880.0,7224.0,983040.0,122880.0
8,DGFM+,10,0.015,descriptive,False,,,,,7224.0,983040.0,122880.0,7224.0,983040.0,122880.0
8,DGFM+,10,0.01,descriptive,False,,,,,7224.0,983040.0,122880.0,7224.0,983040.0,122880.0
8,DGFM+,11,0.05,primary,True,1488.0,202752.0,25344.0,0.0496886521577835,7224.0,983040.0,122880.0,1488.0,202752.0,25344.0
8,DGFM+,11,0.03,descriptive,True,1976.0,269056.0,33632.0,0.0299116913229227,7224.0,983040.0,122880.0,1976.0,269056.0,33632.0
8,DGFM+,11,0.02,descriptive,False,,,,,7224.0,983040.0,122880.0,7224.0,983040.0,122880.0
8,DGFM+,11,0.018,descriptive,False,,,,,7224.0,983040.0,122880.0,7224.0,983040.0,122880.0
8,DGFM+,11,0.016,descriptive,False,,,,,7224.0,983040.0,122880.0,7224.0,983040.0,122880.0
8,DGFM+,11,0.015,descriptive,False,,,,,7224.0,983040.0,122880.0,7224.0,983040.0,122880.0
8,DGFM+,11,0.01,descriptive,False,,,,,7224.0,983040.0,122880.0,7224.0,983040.0,122880.0
8,DGFM+,12,0.05,primary,True,1480.0,201728.0,25216.0,0.0496893785893917,7224.0,983040.0,122880.0,1480.0,201728.0,25216.0
8,DGFM+,12,0.03,descriptive,True,2600.0,354304.0,44288.0,0.0299415774643421,7224.0,983040.0,122880.0,2600.0,354304.0,44288.0
8,DGFM+,12,0.02,descriptive,False,,,,,7224.0,983040.0,122880.0,7224.0,983040.0,122880.0
8,DGFM+,12,0.018,descriptive,False,,,,,7224.0,983040.0,122880.0,7224.0,983040.0,122880.0
8,DGFM+,12,0.016,descriptive,False,,,,,7224.0,983040.0,122880.0,7224.0,983040.0,122880.0
8,DGFM+,12,0.015,descriptive,False,,,,,7224.0,983040.0,122880.0,7224.0,983040.0,122880.0
8,DGFM+,12,0.01,descriptive,False,,,,,7224.0,983040.0,122880.0,7224.0,983040.0,122880.0
8,DGFM+,13,0.05,primary,True,1376.0,187648.0,23456.0,0.0499664172530174,7224.0,983040.0,122880.0,1376.0,187648.0,23456.0
8,DGFM+,13,0.03,descriptive,True,2456.0,334336.0,41792.0,0.029969872906804,7224.0,983040.0,122880.0,2456.0,334336.0,41792.0
8,DGFM+,13,0.02,descriptive,False,,,,,7224.0,983040.0,122880.0,7224.0,983040.0,122880.0
8,DGFM+,13,0.018,descriptive,False,,,,,7224.0,983040.0,122880.0,7224.0,983040.0,122880.0
8,DGFM+,13,0.016,descriptive,False,,,,,7224.0,983040.0,122880.0,7224.0,983040.0,122880.0
8,DGFM+,13,0.015,descriptive,False,,,,,7224.0,983040.0,122880.0,7224.0,983040.0,122880.0
8,DGFM+,13,0.01,descriptive,False,,,,,7224.0,983040.0,122880.0,7224.0,983040.0,122880.0
8,DGFM+,14,0.05,primary,True,1240.0,168704.0,21088.0,0.0496613755822181,7224.0,983040.0,122880.0,1240.0,168704.0,21088.0
8,DGFM+,14,0.03,descriptive,True,2728.0,371456.0,46432.0,0.0299775768071413,7224.0,983040.0,122880.0,2728.0,371456.0,46432.0
8,DGFM+,14,0.02,descriptive,False,,,,,7224.0,983040.0,122880.0,7224.0,983040.0,122880.0
8,DGFM+,14,0.018,descriptive,False,,,,,7224.0,983040.0,122880.0,7224.0,983040.0,122880.0
8,DGFM+,14,0.016,descriptive,False,,,,,7224.0,983040.0,122880.0,7224.0,983040.0,122880.0
8,DGFM+,14,0.015,descriptive,False,,,,,7224.0,983040.0,122880.0,7224.0,983040.0,122880.0
8,DGFM+,14,0.01,descriptive,False,,,,,7224.0,983040.0,122880.0,7224.0,983040.0,122880.0
8,DGFM+,15,0.05,primary,True,1400.0,190720.0,23840.0,0.0499105304479599,7224.0,983040.0,122880.0,1400.0,190720.0,23840.0
8,DGFM+,15,0.03,descriptive,True,1832.0,249856.0,31232.0,0.0298385489732027,7224.0,983040.0,122880.0,1832.0,249856.0,31232.0
8,DGFM+,15,0.02,descriptive,False,,,,,7224.0,983040.0,122880.0,7224.0,983040.0,122880.0
8,DGFM+,15,0.018,descriptive,False,,,,,7224.0,983040.0,122880.0,7224.0,983040.0,122880.0
8,DGFM+,15,0.016,descriptive,False,,,,,7224.0,983040.0,122880.0,7224.0,983040.0,122880.0
8,DGFM+,15,0.015,descriptive,False,,,,,7224.0,983040.0,122880.0,7224.0,983040.0,122880.0
8,DGFM+,15,0.01,descriptive,False,,,,,7224.0,983040.0,122880.0,7224.0,983040.0,122880.0
8,DGFM+,16,0.05,primary,True,1424.0,193792.0,24224.0,0.0498681627213954,7224.0,983040.0,122880.0,1424.0,193792.0,24224.0
8,DGFM+,16,0.03,descriptive,True,2000.0,272128.0,34016.0,0.0299537684768438,7224.0,983040.0,122880.0,2000.0,272128.0,34016.0
8,DGFM+,16,0.02,descriptive,False,,,,,7224.0,983040.0,122880.0,7224.0,983040.0,122880.0
8,DGFM+,16,0.018,descriptive,False,,,,,7224.0,983040.0,122880.0,7224.0,983040.0,122880.0
8,DGFM+,16,0.016,descriptive,False,,,,,7224.0,983040.0,122880.0,7224.0,983040.0,122880.0
8,DGFM+,16,0.015,descriptive,False,,,,,7224.0,983040.0,122880.0,7224.0,983040.0,122880.0
8,DGFM+,16,0.01,descriptive,False,,,,,7224.0,983040.0,122880.0,7224.0,983040.0,122880.0
8,DGFM+,17,0.05,primary,True,1680.0,228864.0,28608.0,0.0496629737317562,7224.0,983040.0,122880.0,1680.0,228864.0,28608.0
8,DGFM+,17,0.03,descriptive,True,2784.0,378624.0,47328.0,0.0299584977328777,7224.0,983040.0,122880.0,2784.0,378624.0,47328.0
8,DGFM+,17,0.02,descriptive,False,,,,,7224.0,983040.0,122880.0,7224.0,983040.0,122880.0
8,DGFM+,17,0.018,descriptive,False,,,,,7224.0,983040.0,122880.0,7224.0,983040.0,122880.0
8,DGFM+,17,0.016,descriptive,False,,,,,7224.0,983040.0,122880.0,7224.0,983040.0,122880.0
8,DGFM+,17,0.015,descriptive,False,,,,,7224.0,983040.0,122880.0,7224.0,983040.0,122880.0
8,DGFM+,17,0.01,descriptive,False,,,,,7224.0,983040.0,122880.0,7224.0,983040.0,122880.0
8,DGFM+,18,0.05,primary,True,1248.0,169728.0,21216.0,0.0498789474368095,7224.0,983040.0,122880.0,1248.0,169728.0,21216.0
8,DGFM+,18,0.03,descriptive,True,2224.0,303104.0,37888.0,0.0297514125704765,7224.0,983040.0,122880.0,2224.0,303104.0,37888.0
8,DGFM+,18,0.02,descriptive,False,,,,,7224.0,983040.0,122880.0,7224.0,983040.0,122880.0
8,DGFM+,18,0.018,descriptive,False,,,,,7224.0,983040.0,122880.0,7224.0,983040.0,122880.0
8,DGFM+,18,0.016,descriptive,False,,,,,7224.0,983040.0,122880.0,7224.0,983040.0,122880.0
8,DGFM+,18,0.015,descriptive,False,,,,,7224.0,983040.0,122880.0,7224.0,983040.0,122880.0
8,DGFM+,18,0.01,descriptive,False,,,,,7224.0,983040.0,122880.0,7224.0,983040.0,122880.0
8,DGFM+,19,0.05,primary,True,1424.0,193792.0,24224.0,0.0498499274253845,7224.0,983040.0,122880.0,1424.0,193792.0,24224.0
8,DGFM+,19,0.03,descriptive,True,2888.0,393472.0,49184.0,0.0297912433743476,7224.0,983040.0,122880.0,2888.0,393472.0,49184.0
8,DGFM+,19,0.02,descriptive,False,,,,,7224.0,983040.0,122880.0,7224.0,983040.0,122880.0
8,DGFM+,19,0.018,descriptive,False,,,,,7224.0,983040.0,122880.0,7224.0,983040.0,122880.0
8,DGFM+,19,0.016,descriptive,False,,,,,7224.0,983040.0,122880.0,7224.0,983040.0,122880.0
8,DGFM+,19,0.015,descriptive,False,,,,,7224.0,983040.0,122880.0,7224.0,983040.0,122880.0
8,DGFM+,19,0.01,descriptive,False,,,,,7224.0,983040.0,122880.0,7224.0,983040.0,122880.0
