method,formal_seed,epsilon,hit,first_hit_depth,first_hit_work,first_hit_stat_proxy,censor_depth,censor_work,capped_depth,capped_work
NOG-ZO,0,0.2,True,104.0,106496.0,0.1976595371961593,960.0,983040.0,104.0,106496.0
NOG-ZO,0,0.18,True,124.0,126976.0,0.1761541217565536,960.0,983040.0,124.0,126976.0
NOG-ZO,0,0.16,True,140.0,143360.0,0.1565416753292083,960.0,983040.0,140.0,143360.0
NOG-ZO,0,0.14,True,156.0,159744.0,0.1351304650306701,960.0,983040.0,156.0,159744.0
NOG-ZO,0,0.12,True,168.0,172032.0,0.1186547353863716,960.0,983040.0,168.0,172032.0
NOG-ZO,0,0.1,True,184.0,188416.0,0.0959046855568885,960.0,983040.0,184.0,188416.0
NOG-ZO,0,0.09,True,188.0,192512.0,0.0896796956658363,960.0,983040.0,188.0,192512.0
NOG-ZO,0,0.08,True,196.0,200704.0,0.0776182040572166,960.0,983040.0,196.0,200704.0
NOG-ZO,0,0.07,True,204.0,208896.0,0.0666445717215538,960.0,983040.0,204.0,208896.0
NOG-ZO,0,0.06,True,212.0,217088.0,0.0550966598093509,960.0,983040.0,212.0,217088.0
NOG-ZO,0,0.05,True,216.0,221184.0,0.0490647330880165,960.0,983040.0,216.0,221184.0
NOG-ZO,0,0.04,True,224.0,229376.0,0.0370558053255081,960.0,983040.0,224.0,229376.0
NOG-ZO,0,0.03,True,232.0,237568.0,0.0267838202416896,960.0,983040.0,232.0,237568.0
NOG-ZO,0,0.025,True,236.0,241664.0,0.0223220065236091,960.0,983040.0,236.0,241664.0
NOG-ZO,0,0.02,True,240.0,245760.0,0.0184948556125164,960.0,983040.0,240.0,245760.0
NOG-ZO,0,0.018,True,244.0,249856.0,0.0152969853952527,960.0,983040.0,244.0,249856.0
NOG-ZO,0,0.016,True,244.0,249856.0,0.0152969853952527,960.0,983040.0,244.0,249856.0
NOG-ZO,0,0.015,True,248.0,253952.0,0.0140111437067389,960.0,983040.0,248.0,253952.0
NOG-ZO,0,0.014,False,,,,960.0,983040.0,960.0,983040.0
NOG-ZO,0,0.013,False,,,,960.0,983040.0,960.0,983040.0
NOG-ZO,0,0.012,False,,,,960.0,983040.0,960.0,983040.0
NOG-ZO,0,0.0115,False,,,,960.0,983040.0,960.0,983040.0
NOG-ZO,0,0.011,False,,,,960.0,983040.0,960.0,983040.0
NOG-ZO,0,0.01075,False,,,,960.0,983040.0,960.0,983040.0
NOG-ZO,0,0.0105,False,,,,960.0,983040.0,960.0,983040.0
NOG-ZO,0,0.01025,False,,,,960.0,983040.0,960.0,983040.0
NOG-ZO,0,0.01,False,,,,960.0,983040.0,960.0,983040.0
NOG-ZO,0,0.0095,False,,,,960.0,983040.0,960.0,983040.0
NOG-ZO,0,0.009,False,,,,960.0,983040.0,960.0,983040.0
NOG-ZO,0,0.008,False,,,,960.0,983040.0,960.0,983040.0
NOG-ZO,0,0.007,False,,,,960.0,983040.0,960.0,983040.0
NOG-ZO,0,0.006,False,,,,960.0,983040.0,960.0,983040.0
NOG-ZO,0,0.005,False,,,,960.0,983040.0,960.0,983040.0
NOG-ZO,0,0.004,False,,,,960.0,983040.0,960.0,983040.0
NOG-ZO,0,0.003,False,,,,960.0,983040.0,960.0,983040.0
NOG-ZO,0,0.002,False,,,,960.0,983040.0,960.0,983040.0
NOG-ZO,1,0.2,True,104.0,106496.0,0.1978099048137664,960.0,983040.0,104.0,106496.0
NOG-ZO,1,0.18,True,124.0,126976.0,0.1754318326711654,960.0,983040.0,124.0,126976.0
NOG-ZO,1,0.16,True,140.0,143360.0,0.1560400128364563,960.0,983040.0,140.0,143360.0
NOG-ZO,1,0.14,True,152.0,155648.0,0.1395705640316009,960.0,983040.0,152.0,155648.0
NOG-ZO,1,0.12,True,168.0,172032.0,0.1168949902057647,960.0,983040.0,168.0,172032.0
NOG-ZO,1,0.1,True,180.0,184320.0,0.0997619032859802,960.0,983040.0,180.0,184320.0
NOG-ZO,1,0.09,True,188.0,192512.0,0.0869086682796478,960.0,983040.0,188.0,192512.0
NOG-ZO,1,0.08,True,196.0,200704.0,0.0752538070082664,960.0,983040.0,196.0,200704.0
NOG-ZO,1,0.07,True,200.0,204800.0,0.069046139717102,960.0,983040.0,200.0,204800.0
NOG-ZO,1,0.06,True,208.0,212992.0,0.0572963654994964,960.0,983040.0,208.0,212992.0
NOG-ZO,1,0.05,True,216.0,221184.0,0.0453683026134967,960.0,983040.0,216.0,221184.0
NOG-ZO,1,0.04,True,224.0,229376.0,0.0352687127888202,960.0,983040.0,224.0,229376.0
NOG-ZO,1,0.03,True,228.0,233472.0,0.0296236164867877,960.0,983040.0,228.0,233472.0
NOG-ZO,1,0.025,True,232.0,237568.0,0.0247694347053766,960.0,983040.0,232.0,237568.0
NOG-ZO,1,0.02,True,236.0,241664.0,0.0197732616215944,960.0,983040.0,236.0,241664.0
NOG-ZO,1,0.018,True,240.0,245760.0,0.0163775440305471,960.0,983040.0,240.0,245760.0
NOG-ZO,1,0.016,True,244.0,249856.0,0.0143285598605871,960.0,983040.0,244.0,249856.0
NOG-ZO,1,0.015,True,244.0,249856.0,0.0143285598605871,960.0,983040.0,244.0,249856.0
NOG-ZO,1,0.014,False,,,,960.0,983040.0,960.0,983040.0
NOG-ZO,1,0.013,False,,,,960.0,983040.0,960.0,983040.0
NOG-ZO,1,0.012,False,,,,960.0,983040.0,960.0,983040.0
NOG-ZO,1,0.0115,False,,,,960.0,983040.0,960.0,983040.0
NOG-ZO,1,0.011,False,,,,960.0,983040.0,960.0,983040.0
NOG-ZO,1,0.01075,False,,,,960.0,983040.0,960.0,983040.0
NOG-ZO,1,0.0105,False,,,,960.0,983040.0,960.0,983040.0
NOG-ZO,1,0.01025,False,,,,960.0,983040.0,960.0,983040.0
NOG-ZO,1,0.01,False,,,,960.0,983040.0,960.0,983040.0
NOG-ZO,1,0.0095,False,,,,960.0,983040.0,960.0,983040.0
NOG-ZO,1,0.009,False,,,,960.0,983040.0,960.0,983040.0
NOG-ZO,1,0.008,False,,,,960.0,983040.0,960.0,983040.0
NOG-ZO,1,0.007,False,,,,960.0,983040.0,960.0,983040.0
NOG-ZO,1,0.006,False,,,,960.0,983040.0,960.0,983040.0
NOG-ZO,1,0.005,False,,,,960.0,983040.0,960.0,983040.0
NOG-ZO,1,0.004,False,,,,960.0,983040.0,960.0,983040.0
NOG-ZO,1,0.003,False,,,,960.0,983040.0,960.0,983040.0
NOG-ZO,1,0.002,False,,,,960.0,983040.0,960.0,983040.0
NOG-ZO,2,0.2,True,104.0,106496.0,0.1978310197591781,960.0,983040.0,104.0,106496.0
NOG-ZO,2,0.18,True,124.0,126976.0,0.1751220226287841,960.0,983040.0,124.0,126976.0
NOG-ZO,2,0.16,True,140.0,143360.0,0.1547655910253524,960.0,983040.0,140.0,143360.0
NOG-ZO,2,0.14,True,152.0,155648.0,0.139049619436264,960.0,983040.0,152.0,155648.0
NOG-ZO,2,0.12,True,168.0,172032.0,0.1157338842749595,960.0,983040.0,168.0,172032.0
NOG-ZO,2,0.1,True,180.0,184320.0,0.0984336733818054,960.0,983040.0,180.0,184320.0
NOG-ZO,2,0.09,True,188.0,192512.0,0.0861505940556526,960.0,983040.0,188.0,192512.0
NOG-ZO,2,0.08,True,196.0,200704.0,0.074452519416809,960.0,983040.0,196.0,200704.0
NOG-ZO,2,0.07,True,200.0,204800.0,0.0676723197102546,960.0,983040.0,200.0,204800.0
NOG-ZO,2,0.06,True,208.0,212992.0,0.0564639419317245,960.0,983040.0,208.0,212992.0
NOG-ZO,2,0.05,True,216.0,221184.0,0.0443560592830181,960.0,983040.0,216.0,221184.0
NOG-ZO,2,0.04,True,220.0,225280.0,0.0389298759400844,960.0,983040.0,220.0,225280.0
NOG-ZO,2,0.03,True,228.0,233472.0,0.0284747332334518,960.0,983040.0,228.0,233472.0
NOG-ZO,2,0.025,True,232.0,237568.0,0.0238450746983289,960.0,983040.0,232.0,237568.0
NOG-ZO,2,0.02,True,236.0,241664.0,0.0198020469397306,960.0,983040.0,236.0,241664.0
NOG-ZO,2,0.018,True,240.0,245760.0,0.0163400266319513,960.0,983040.0,240.0,245760.0
NOG-ZO,2,0.016,True,244.0,249856.0,0.0148586509749293,960.0,983040.0,244.0,249856.0
NOG-ZO,2,0.015,False,,,,960.0,983040.0,960.0,983040.0
NOG-ZO,2,0.014,False,,,,960.0,983040.0,960.0,983040.0
NOG-ZO,2,0.013,False,,,,960.0,983040.0,960.0,983040.0
NOG-ZO,2,0.012,False,,,,960.0,983040.0,960.0,983040.0
NOG-ZO,2,0.0115,False,,,,960.0,983040.0,960.0,983040.0
NOG-ZO,2,0.011,False,,,,960.0,983040.0,960.0,983040.0
NOG-ZO,2,0.01075,False,,,,960.0,983040.0,960.0,983040.0
NOG-ZO,2,0.0105,False,,,,960.0,983040.0,960.0,983040.0
NOG-ZO,2,0.01025,False,,,,960.0,983040.0,960.0,983040.0
NOG-ZO,2,0.01,False,,,,960.0,983040.0,960.0,983040.0
NOG-ZO,2,0.0095,False,,,,960.0,983040.0,960.0,983040.0
NOG-ZO,2,0.009,False,,,,960.0,983040.0,960.0,983040.0
NOG-ZO,2,0.008,False,,,,960.0,983040.0,960.0,983040.0
NOG-ZO,2,0.007,False,,,,960.0,983040.0,960.0,983040.0
NOG-ZO,2,0.006,False,,,,960.0,983040.0,960.0,983040.0
NOG-ZO,2,0.005,False,,,,960.0,983040.0,960.0,983040.0
NOG-ZO,2,0.004,False,,,,960.0,983040.0,960.0,983040.0
NOG-ZO,2,0.003,False,,,,960.0,983040.0,960.0,983040.0
NOG-ZO,2,0.002,False,,,,960.0,983040.0,960.0,983040.0
NOG-ZO,3,0.2,True,100.0,102400.0,0.1998514831066131,960.0,983040.0,100.0,102400.0
NOG-ZO,3,0.18,True,120.0,122880.0,0.178076297044754,960.0,983040.0,120.0,122880.0
NOG-ZO,3,0.16,True,136.0,139264.0,0.1585799604654312,960.0,983040.0,136.0,139264.0
NOG-ZO,3,0.14,True,152.0,155648.0,0.1370695680379867,960.0,983040.0,152.0,155648.0
NOG-ZO,3,0.12,True,168.0,172032.0,0.1148925647139549,960.0,983040.0,168.0,172032.0
NOG-ZO,3,0.1,True,180.0,184320.0,0.097826212644577,960.0,983040.0,180.0,184320.0
NOG-ZO,3,0.09,True,188.0,192512.0,0.0855547413229942,960.0,983040.0,188.0,192512.0
NOG-ZO,3,0.08,True,196.0,200704.0,0.074017159640789,960.0,983040.0,196.0,200704.0
NOG-ZO,3,0.07,True,200.0,204800.0,0.0688760727643966,960.0,983040.0,200.0,204800.0
NOG-ZO,3,0.06,True,208.0,212992.0,0.0568428449332714,960.0,983040.0,208.0,212992.0
NOG-ZO,3,0.05,True,216.0,221184.0,0.0453707948327064,960.0,983040.0,216.0,221184.0
NOG-ZO,3,0.04,True,220.0,225280.0,0.0396071039140224,960.0,983040.0,220.0,225280.0
NOG-ZO,3,0.03,True,228.0,233472.0,0.0289374031126499,960.0,983040.0,228.0,233472.0
NOG-ZO,3,0.025,True,232.0,237568.0,0.0233437586575746,960.0,983040.0,232.0,237568.0
NOG-ZO,3,0.02,True,236.0,241664.0,0.0188394114375114,960.0,983040.0,236.0,241664.0
NOG-ZO,3,0.018,True,240.0,245760.0,0.0156320817768573,960.0,983040.0,240.0,245760.0
NOG-ZO,3,0.016,True,240.0,245760.0,0.0156320817768573,960.0,983040.0,240.0,245760.0
NOG-ZO,3,0.015,True,244.0,249856.0,0.0132242124527692,960.0,983040.0,244.0,249856.0
NOG-ZO,3,0.014,True,244.0,249856.0,0.0132242124527692,960.0,983040.0,244.0,249856.0
NOG-ZO,3,0.013,False,,,,960.0,983040.0,960.0,983040.0
NOG-ZO,3,0.012,False,,,,960.0,983040.0,960.0,983040.0
NOG-ZO,3,0.0115,False,,,,960.0,983040.0,960.0,983040.0
NOG-ZO,3,0.011,False,,,,960.0,983040.0,960.0,983040.0
NOG-ZO,3,0.01075,False,,,,960.0,983040.0,960.0,983040.0
NOG-ZO,3,0.0105,False,,,,960.0,983040.0,960.0,983040.0
NOG-ZO,3,0.01025,False,,,,960.0,983040.0,960.0,983040.0
NOG-ZO,3,0.01,False,,,,960.0,983040.0,960.0,983040.0
NOG-ZO,3,0.0095,False,,,,960.0,983040.0,960.0,983040.0
NOG-ZO,3,0.009,False,,,,960.0,983040.0,960.0,983040.0
NOG-ZO,3,0.008,False,,,,960.0,983040.0,960.0,983040.0
NOG-ZO,3,0.007,False,,,,960.0,983040.0,960.0,983040.0
NOG-ZO,3,0.006,False,,,,960.0,983040.0,960.0,983040.0
NOG-ZO,3,0.005,False,,,,960.0,983040.0,960.0,983040.0
NOG-ZO,3,0.004,False,,,,960.0,983040.0,960.0,983040.0
NOG-ZO,3,0.003,False,,,,960.0,983040.0,960.0,983040.0
NOG-ZO,3,0.002,False,,,,960.0,983040.0,960.0,983040.0
NOG-ZO,4,0.2,True,100.0,102400.0,0.1997750252485275,960.0,983040.0,100.0,102400.0
NOG-ZO,4,0.18,True,120.0,122880.0,0.1783243715763092,960.0,983040.0,120.0,122880.0
NOG-ZO,4,0.16,True,136.0,139264.0,0.1591343581676483,960.0,983040.0,136.0,139264.0
NOG-ZO,4,0.14,True,152.0,155648.0,0.1380426287651062,960.0,983040.0,152.0,155648.0
NOG-ZO,4,0.12,True,168.0,172032.0,0.1155793741345405,960.0,983040.0,168.0,172032.0
NOG-ZO,4,0.1,True,180.0,184320.0,0.098724216222763,960.0,983040.0,180.0,184320.0
NOG-ZO,4,0.09,True,188.0,192512.0,0.0871926322579383,960.0,983040.0,188.0,192512.0
NOG-ZO,4,0.08,True,196.0,200704.0,0.0756475776433944,960.0,983040.0,196.0,200704.0
NOG-ZO,4,0.07,True,200.0,204800.0,0.0698355808854103,960.0,983040.0,200.0,204800.0
NOG-ZO,4,0.06,True,208.0,212992.0,0.0589878112077713,960.0,983040.0,208.0,212992.0
NOG-ZO,4,0.05,True,216.0,221184.0,0.0471812523901462,960.0,983040.0,216.0,221184.0
NOG-ZO,4,0.04,True,224.0,229376.0,0.0359282717108726,960.0,983040.0,224.0,229376.0
NOG-ZO,4,0.03,True,232.0,237568.0,0.0261211208999156,960.0,983040.0,232.0,237568.0
NOG-ZO,4,0.025,True,236.0,241664.0,0.0214290656149387,960.0,983040.0,236.0,241664.0
NOG-ZO,4,0.02,True,240.0,245760.0,0.0173985455185174,960.0,983040.0,240.0,245760.0
NOG-ZO,4,0.018,True,240.0,245760.0,0.0173985455185174,960.0,983040.0,240.0,245760.0
NOG-ZO,4,0.016,True,244.0,249856.0,0.0151370866224169,960.0,983040.0,244.0,249856.0
NOG-ZO,4,0.015,False,,,,960.0,983040.0,960.0,983040.0
NOG-ZO,4,0.014,False,,,,960.0,983040.0,960.0,983040.0
NOG-ZO,4,0.013,False,,,,960.0,983040.0,960.0,983040.0
NOG-ZO,4,0.012,False,,,,960.0,983040.0,960.0,983040.0
NOG-ZO,4,0.0115,False,,,,960.0,983040.0,960.0,983040.0
NOG-ZO,4,0.011,False,,,,960.0,983040.0,960.0,983040.0
NOG-ZO,4,0.01075,False,,,,960.0,983040.0,960.0,983040.0
NOG-ZO,4,0.0105,False,,,,960.0,983040.0,960.0,983040.0
NOG-ZO,4,0.01025,False,,,,960.0,983040.0,960.0,983040.0
NOG-ZO,4,0.01,False,,,,960.0,983040.0,960.0,983040.0
NOG-ZO,4,0.0095,False,,,,960.0,983040.0,960.0,983040.0
NOG-ZO,4,0.009,False,,,,960.0,983040.0,960.0,983040.0
NOG-ZO,4,0.008,False,,,,960.0,983040.0,960.0,983040.0
NOG-ZO,4,0.007,False,,,,960.0,983040.0,960.0,983040.0
NOG-ZO,4,0.006,False,,,,960.0,983040.0,960.0,983040.0
NOG-ZO,4,0.005,False,,,,960.0,983040.0,960.0,983040.0
NOG-ZO,4,0.004,False,,,,960.0,983040.0,960.0,983040.0
NOG-ZO,4,0.003,False,,,,960.0,983040.0,960.0,983040.0
NOG-ZO,4,0.002,False,,,,960.0,983040.0,960.0,983040.0
NOG-ZO,5,0.2,True,104.0,106496.0,0.1979302018880844,960.0,983040.0,104.0,106496.0
NOG-ZO,5,0.18,True,124.0,126976.0,0.1753080785274505,960.0,983040.0,124.0,126976.0
NOG-ZO,5,0.16,True,140.0,143360.0,0.1555184125900268,960.0,983040.0,140.0,143360.0
NOG-ZO,5,0.14,True,152.0,155648.0,0.1387002021074295,960.0,983040.0,152.0,155648.0
NOG-ZO,5,0.12,True,168.0,172032.0,0.1156276166439056,960.0,983040.0,168.0,172032.0
NOG-ZO,5,0.1,True,180.0,184320.0,0.0979142114520073,960.0,983040.0,180.0,184320.0
NOG-ZO,5,0.09,True,188.0,192512.0,0.0861841663718223,960.0,983040.0,188.0,192512.0
NOG-ZO,5,0.08,True,192.0,196608.0,0.0798490867018699,960.0,983040.0,192.0,196608.0
NOG-ZO,5,0.07,True,200.0,204800.0,0.0682349354028701,960.0,983040.0,200.0,204800.0
NOG-ZO,5,0.06,True,208.0,212992.0,0.055677156895399,960.0,983040.0,208.0,212992.0
NOG-ZO,5,0.05,True,216.0,221184.0,0.0443415641784668,960.0,983040.0,216.0,221184.0
NOG-ZO,5,0.04,True,220.0,225280.0,0.03881062194705,960.0,983040.0,220.0,225280.0
NOG-ZO,5,0.03,True,228.0,233472.0,0.0282260160893201,960.0,983040.0,228.0,233472.0
NOG-ZO,5,0.025,True,232.0,237568.0,0.0232904180884361,960.0,983040.0,232.0,237568.0
NOG-ZO,5,0.02,True,236.0,241664.0,0.0188092160969972,960.0,983040.0,236.0,241664.0
NOG-ZO,5,0.018,True,240.0,245760.0,0.0160153452306985,960.0,983040.0,240.0,245760.0
NOG-ZO,5,0.016,True,244.0,249856.0,0.0144581673666834,960.0,983040.0,244.0,249856.0
NOG-ZO,5,0.015,True,244.0,249856.0,0.0144581673666834,960.0,983040.0,244.0,249856.0
NOG-ZO,5,0.014,False,,,,960.0,983040.0,960.0,983040.0
NOG-ZO,5,0.013,False,,,,960.0,983040.0,960.0,983040.0
NOG-ZO,5,0.012,False,,,,960.0,983040.0,960.0,983040.0
NOG-ZO,5,0.0115,False,,,,960.0,983040.0,960.0,983040.0
NOG-ZO,5,0.011,False,,,,960.0,983040.0,960.0,983040.0
NOG-ZO,5,0.01075,False,,,,960.0,983040.0,960.0,983040.0
NOG-ZO,5,0.0105,False,,,,960.0,983040.0,960.0,983040.0
NOG-ZO,5,0.01025,False,,,,960.0,983040.0,960.0,983040.0
NOG-ZO,5,0.01,False,,,,960.0,983040.0,960.0,983040.0
NOG-ZO,5,0.0095,False,,,,960.0,983040.0,960.0,983040.0
NOG-ZO,5,0.009,False,,,,960.0,983040.0,960.0,983040.0
NOG-ZO,5,0.008,False,,,,960.0,983040.0,960.0,983040.0
NOG-ZO,5,0.007,False,,,,960.0,983040.0,960.0,983040.0
NOG-ZO,5,0.006,False,,,,960.0,983040.0,960.0,983040.0
NOG-ZO,5,0.005,False,,,,960.0,983040.0,960.0,983040.0
NOG-ZO,5,0.004,False,,,,960.0,983040.0,960.0,983040.0
NOG-ZO,5,0.003,False,,,,960.0,983040.0,960.0,983040.0
NOG-ZO,5,0.002,False,,,,960.0,983040.0,960.0,983040.0
NOG-ZO,6,0.2,True,104.0,106496.0,0.1978710889816284,960.0,983040.0,104.0,106496.0
NOG-ZO,6,0.18,True,120.0,122880.0,0.1795960068702697,960.0,983040.0,120.0,122880.0
NOG-ZO,6,0.16,True,140.0,143360.0,0.1547412872314453,960.0,983040.0,140.0,143360.0
NOG-ZO,6,0.14,True,152.0,155648.0,0.1383028626441955,960.0,983040.0,152.0,155648.0
NOG-ZO,6,0.12,True,168.0,172032.0,0.1158725321292877,960.0,983040.0,168.0,172032.0
NOG-ZO,6,0.1,True,180.0,184320.0,0.0980694964528083,960.0,983040.0,180.0,184320.0
NOG-ZO,6,0.09,True,188.0,192512.0,0.0862560495734214,960.0,983040.0,188.0,192512.0
NOG-ZO,6,0.08,True,192.0,196608.0,0.0798430815339088,960.0,983040.0,192.0,196608.0
NOG-ZO,6,0.07,True,200.0,204800.0,0.0678930953145027,960.0,983040.0,200.0,204800.0
NOG-ZO,6,0.06,True,208.0,212992.0,0.0556014366447925,960.0,983040.0,208.0,212992.0
NOG-ZO,6,0.05,True,212.0,217088.0,0.0498092211782932,960.0,983040.0,212.0,217088.0
NOG-ZO,6,0.04,True,220.0,225280.0,0.0380125194787979,960.0,983040.0,220.0,225280.0
NOG-ZO,6,0.03,True,228.0,233472.0,0.0271396767348051,960.0,983040.0,228.0,233472.0
NOG-ZO,6,0.025,True,232.0,237568.0,0.0221124310046434,960.0,983040.0,232.0,237568.0
NOG-ZO,6,0.02,True,236.0,241664.0,0.0180531293153762,960.0,983040.0,236.0,241664.0
NOG-ZO,6,0.018,True,240.0,245760.0,0.0150774046778678,960.0,983040.0,240.0,245760.0
NOG-ZO,6,0.016,True,240.0,245760.0,0.0150774046778678,960.0,983040.0,240.0,245760.0
NOG-ZO,6,0.015,True,244.0,249856.0,0.0137605490162968,960.0,983040.0,244.0,249856.0
NOG-ZO,6,0.014,False,,,,960.0,983040.0,960.0,983040.0
NOG-ZO,6,0.013,False,,,,960.0,983040.0,960.0,983040.0
NOG-ZO,6,0.012,False,,,,960.0,983040.0,960.0,983040.0
NOG-ZO,6,0.0115,False,,,,960.0,983040.0,960.0,983040.0
NOG-ZO,6,0.011,False,,,,960.0,983040.0,960.0,983040.0
NOG-ZO,6,0.01075,False,,,,960.0,983040.0,960.0,983040.0
NOG-ZO,6,0.0105,False,,,,960.0,983040.0,960.0,983040.0
NOG-ZO,6,0.01025,False,,,,960.0,983040.0,960.0,983040.0
NOG-ZO,6,0.01,False,,,,960.0,983040.0,960.0,983040.0
NOG-ZO,6,0.0095,False,,,,960.0,983040.0,960.0,983040.0
NOG-ZO,6,0.009,False,,,,960.0,983040.0,960.0,983040.0
NOG-ZO,6,0.008,False,,,,960.0,983040.0,960.0,983040.0
NOG-ZO,6,0.007,False,,,,960.0,983040.0,960.0,983040.0
NOG-ZO,6,0.006,False,,,,960.0,983040.0,960.0,983040.0
NOG-ZO,6,0.005,False,,,,960.0,983040.0,960.0,983040.0
NOG-ZO,6,0.004,False,,,,960.0,983040.0,960.0,983040.0
NOG-ZO,6,0.003,False,,,,960.0,983040.0,960.0,983040.0
NOG-ZO,6,0.002,False,,,,960.0,983040.0,960.0,983040.0
NOG-ZO,7,0.2,True,104.0,106496.0,0.1966875493526458,960.0,983040.0,104.0,106496.0
NOG-ZO,7,0.18,True,120.0,122880.0,0.1788702458143234,960.0,983040.0,120.0,122880.0
NOG-ZO,7,0.16,True,140.0,143360.0,0.1552038490772247,960.0,983040.0,140.0,143360.0
NOG-ZO,7,0.14,True,152.0,155648.0,0.1382365971803665,960.0,983040.0,152.0,155648.0
NOG-ZO,7,0.12,True,168.0,172032.0,0.1160878986120224,960.0,983040.0,168.0,172032.0
NOG-ZO,7,0.1,True,180.0,184320.0,0.0988809093832969,960.0,983040.0,180.0,184320.0
NOG-ZO,7,0.09,True,188.0,192512.0,0.0869622528553009,960.0,983040.0,188.0,192512.0
NOG-ZO,7,0.08,True,196.0,200704.0,0.075158953666687,960.0,983040.0,196.0,200704.0
NOG-ZO,7,0.07,True,200.0,204800.0,0.0696983486413955,960.0,983040.0,200.0,204800.0
NOG-ZO,7,0.06,True,208.0,212992.0,0.0581812299787998,960.0,983040.0,208.0,212992.0
NOG-ZO,7,0.05,True,216.0,221184.0,0.0463594198226928,960.0,983040.0,216.0,221184.0
NOG-ZO,7,0.04,True,224.0,229376.0,0.0353745222091674,960.0,983040.0,224.0,229376.0
NOG-ZO,7,0.03,True,232.0,237568.0,0.0253148581832647,960.0,983040.0,232.0,237568.0
NOG-ZO,7,0.025,True,236.0,241664.0,0.0209210570901632,960.0,983040.0,236.0,241664.0
NOG-ZO,7,0.02,True,240.0,245760.0,0.0178156103938817,960.0,983040.0,240.0,245760.0
NOG-ZO,7,0.018,True,240.0,245760.0,0.0178156103938817,960.0,983040.0,240.0,245760.0
NOG-ZO,7,0.016,True,244.0,249856.0,0.0151766175404191,960.0,983040.0,244.0,249856.0
NOG-ZO,7,0.015,False,,,,960.0,983040.0,960.0,983040.0
NOG-ZO,7,0.014,False,,,,960.0,983040.0,960.0,983040.0
NOG-ZO,7,0.013,False,,,,960.0,983040.0,960.0,983040.0
NOG-ZO,7,0.012,False,,,,960.0,983040.0,960.0,983040.0
NOG-ZO,7,0.0115,False,,,,960.0,983040.0,960.0,983040.0
NOG-ZO,7,0.011,False,,,,960.0,983040.0,960.0,983040.0
NOG-ZO,7,0.01075,False,,,,960.0,983040.0,960.0,983040.0
NOG-ZO,7,0.0105,False,,,,960.0,983040.0,960.0,983040.0
NOG-ZO,7,0.01025,False,,,,960.0,983040.0,960.0,983040.0
NOG-ZO,7,0.01,False,,,,960.0,983040.0,960.0,983040.0
NOG-ZO,7,0.0095,False,,,,960.0,983040.0,960.0,983040.0
NOG-ZO,7,0.009,False,,,,960.0,983040.0,960.0,983040.0
NOG-ZO,7,0.008,False,,,,960.0,983040.0,960.0,983040.0
NOG-ZO,7,0.007,False,,,,960.0,983040.0,960.0,983040.0
NOG-ZO,7,0.006,False,,,,960.0,983040.0,960.0,983040.0
NOG-ZO,7,0.005,False,,,,960.0,983040.0,960.0,983040.0
NOG-ZO,7,0.004,False,,,,960.0,983040.0,960.0,983040.0
NOG-ZO,7,0.003,False,,,,960.0,983040.0,960.0,983040.0
NOG-ZO,7,0.002,False,,,,960.0,983040.0,960.0,983040.0
NOG-ZO,8,0.2,True,104.0,106496.0,0.1985096633434295,960.0,983040.0,104.0,106496.0
NOG-ZO,8,0.18,True,120.0,122880.0,0.1798785924911499,960.0,983040.0,120.0,122880.0
NOG-ZO,8,0.16,True,136.0,139264.0,0.159381166100502,960.0,983040.0,136.0,139264.0
NOG-ZO,8,0.14,True,152.0,155648.0,0.137658342719078,960.0,983040.0,152.0,155648.0
NOG-ZO,8,0.12,True,164.0,167936.0,0.1199324652552604,960.0,983040.0,164.0,167936.0
NOG-ZO,8,0.1,True,180.0,184320.0,0.0958914756774902,960.0,983040.0,180.0,184320.0
NOG-ZO,8,0.09,True,188.0,192512.0,0.0842782855033874,960.0,983040.0,188.0,192512.0
NOG-ZO,8,0.08,True,192.0,196608.0,0.0784100070595741,960.0,983040.0,192.0,196608.0
NOG-ZO,8,0.07,True,200.0,204800.0,0.0659058317542076,960.0,983040.0,200.0,204800.0
NOG-ZO,8,0.06,True,208.0,212992.0,0.0540035553276538,960.0,983040.0,208.0,212992.0
NOG-ZO,8,0.05,True,212.0,217088.0,0.04791771620512,960.0,983040.0,212.0,217088.0
NOG-ZO,8,0.04,True,220.0,225280.0,0.0367248505353927,960.0,983040.0,220.0,225280.0
NOG-ZO,8,0.03,True,228.0,233472.0,0.0267795082181692,960.0,983040.0,228.0,233472.0
NOG-ZO,8,0.025,True,232.0,237568.0,0.0217397026717662,960.0,983040.0,232.0,237568.0
NOG-ZO,8,0.02,True,236.0,241664.0,0.0182505343109369,960.0,983040.0,236.0,241664.0
NOG-ZO,8,0.018,True,240.0,245760.0,0.0152630731463432,960.0,983040.0,240.0,245760.0
NOG-ZO,8,0.016,True,240.0,245760.0,0.0152630731463432,960.0,983040.0,240.0,245760.0
NOG-ZO,8,0.015,False,,,,960.0,983040.0,960.0,983040.0
NOG-ZO,8,0.014,False,,,,960.0,983040.0,960.0,983040.0
NOG-ZO,8,0.013,False,,,,960.0,983040.0,960.0,983040.0
NOG-ZO,8,0.012,False,,,,960.0,983040.0,960.0,983040.0
NOG-ZO,8,0.0115,False,,,,960.0,983040.0,960.0,983040.0
NOG-ZO,8,0.011,False,,,,960.0,983040.0,960.0,983040.0
NOG-ZO,8,0.01075,False,,,,960.0,983040.0,960.0,983040.0
NOG-ZO,8,0.0105,False,,,,960.0,983040.0,960.0,983040.0
NOG-ZO,8,0.01025,False,,,,960.0,983040.0,960.0,983040.0
NOG-ZO,8,0.01,False,,,,960.0,983040.0,960.0,983040.0
NOG-ZO,8,0.0095,False,,,,960.0,983040.0,960.0,983040.0
NOG-ZO,8,0.009,False,,,,960.0,983040.0,960.0,983040.0
NOG-ZO,8,0.008,False,,,,960.0,983040.0,960.0,983040.0
NOG-ZO,8,0.007,False,,,,960.0,983040.0,960.0,983040.0
NOG-ZO,8,0.006,False,,,,960.0,983040.0,960.0,983040.0
NOG-ZO,8,0.005,False,,,,960.0,983040.0,960.0,983040.0
NOG-ZO,8,0.004,False,,,,960.0,983040.0,960.0,983040.0
NOG-ZO,8,0.003,False,,,,960.0,983040.0,960.0,983040.0
NOG-ZO,8,0.002,False,,,,960.0,983040.0,960.0,983040.0
NOG-ZO,9,0.2,True,104.0,106496.0,0.1969851553440094,960.0,983040.0,104.0,106496.0
NOG-ZO,9,0.18,True,120.0,122880.0,0.1791276782751083,960.0,983040.0,120.0,122880.0
NOG-ZO,9,0.16,True,136.0,139264.0,0.1593073159456253,960.0,983040.0,136.0,139264.0
NOG-ZO,9,0.14,True,152.0,155648.0,0.1377899050712585,960.0,983040.0,152.0,155648.0
NOG-ZO,9,0.12,True,168.0,172032.0,0.1155833750963211,960.0,983040.0,168.0,172032.0
NOG-ZO,9,0.1,True,180.0,184320.0,0.0977797657251358,960.0,983040.0,180.0,184320.0
NOG-ZO,9,0.09,True,188.0,192512.0,0.0863442122936248,960.0,983040.0,188.0,192512.0
NOG-ZO,9,0.08,True,192.0,196608.0,0.0796278268098831,960.0,983040.0,192.0,196608.0
NOG-ZO,9,0.07,True,200.0,204800.0,0.0676380693912506,960.0,983040.0,200.0,204800.0
NOG-ZO,9,0.06,True,208.0,212992.0,0.0555466823279857,960.0,983040.0,208.0,212992.0
NOG-ZO,9,0.05,True,216.0,221184.0,0.0447139739990234,960.0,983040.0,216.0,221184.0
NOG-ZO,9,0.04,True,220.0,225280.0,0.0387439429759979,960.0,983040.0,220.0,225280.0
NOG-ZO,9,0.03,True,228.0,233472.0,0.0273981057107448,960.0,983040.0,228.0,233472.0
NOG-ZO,9,0.025,True,232.0,237568.0,0.0228196810930967,960.0,983040.0,232.0,237568.0
NOG-ZO,9,0.02,True,236.0,241664.0,0.0191148612648248,960.0,983040.0,236.0,241664.0
NOG-ZO,9,0.018,True,240.0,245760.0,0.0155250132083892,960.0,983040.0,240.0,245760.0
NOG-ZO,9,0.016,True,240.0,245760.0,0.0155250132083892,960.0,983040.0,240.0,245760.0
NOG-ZO,9,0.015,True,244.0,249856.0,0.0140419658273458,960.0,983040.0,244.0,249856.0
NOG-ZO,9,0.014,False,,,,960.0,983040.0,960.0,983040.0
NOG-ZO,9,0.013,False,,,,960.0,983040.0,960.0,983040.0
NOG-ZO,9,0.012,False,,,,960.0,983040.0,960.0,983040.0
NOG-ZO,9,0.0115,False,,,,960.0,983040.0,960.0,983040.0
NOG-ZO,9,0.011,False,,,,960.0,983040.0,960.0,983040.0
NOG-ZO,9,0.01075,False,,,,960.0,983040.0,960.0,983040.0
NOG-ZO,9,0.0105,False,,,,960.0,983040.0,960.0,983040.0
NOG-ZO,9,0.01025,False,,,,960.0,983040.0,960.0,983040.0
NOG-ZO,9,0.01,False,,,,960.0,983040.0,960.0,983040.0
NOG-ZO,9,0.0095,False,,,,960.0,983040.0,960.0,983040.0
NOG-ZO,9,0.009,False,,,,960.0,983040.0,960.0,983040.0
NOG-ZO,9,0.008,False,,,,960.0,983040.0,960.0,983040.0
NOG-ZO,9,0.007,False,,,,960.0,983040.0,960.0,983040.0
NOG-ZO,9,0.006,False,,,,960.0,983040.0,960.0,983040.0
NOG-ZO,9,0.005,False,,,,960.0,983040.0,960.0,983040.0
NOG-ZO,9,0.004,False,,,,960.0,983040.0,960.0,983040.0
NOG-ZO,9,0.003,False,,,,960.0,983040.0,960.0,983040.0
NOG-ZO,9,0.002,False,,,,960.0,983040.0,960.0,983040.0
NOG-ZO,10,0.2,True,104.0,106496.0,0.1971587538719177,960.0,983040.0,104.0,106496.0
NOG-ZO,10,0.18,True,120.0,122880.0,0.1788223385810852,960.0,983040.0,120.0,122880.0
NOG-ZO,10,0.16,True,136.0,139264.0,0.1587812155485153,960.0,983040.0,136.0,139264.0
NOG-ZO,10,0.14,True,152.0,155648.0,0.1374191790819168,960.0,983040.0,152.0,155648.0
NOG-ZO,10,0.12,True,164.0,167936.0,0.1199777051806449,960.0,983040.0,164.0,167936.0
NOG-ZO,10,0.1,True,180.0,184320.0,0.0960911735892295,960.0,983040.0,180.0,184320.0
NOG-ZO,10,0.09,True,188.0,192512.0,0.0850703343749046,960.0,983040.0,188.0,192512.0
NOG-ZO,10,0.08,True,192.0,196608.0,0.0787456631660461,960.0,983040.0,192.0,196608.0
NOG-ZO,10,0.07,True,200.0,204800.0,0.0666512921452522,960.0,983040.0,200.0,204800.0
NOG-ZO,10,0.06,True,208.0,212992.0,0.0547454468905925,960.0,983040.0,208.0,212992.0
NOG-ZO,10,0.05,True,212.0,217088.0,0.04879105463624,960.0,983040.0,212.0,217088.0
NOG-ZO,10,0.04,True,220.0,225280.0,0.0375946350395679,960.0,983040.0,220.0,225280.0
NOG-ZO,10,0.03,True,228.0,233472.0,0.0267901085317134,960.0,983040.0,228.0,233472.0
NOG-ZO,10,0.025,True,232.0,237568.0,0.0215038899332284,960.0,983040.0,232.0,237568.0
NOG-ZO,10,0.02,True,236.0,241664.0,0.0172550808638334,960.0,983040.0,236.0,241664.0
NOG-ZO,10,0.018,True,236.0,241664.0,0.0172550808638334,960.0,983040.0,236.0,241664.0
NOG-ZO,10,0.016,True,240.0,245760.0,0.0147108463570475,960.0,983040.0,240.0,245760.0
NOG-ZO,10,0.015,True,240.0,245760.0,0.0147108463570475,960.0,983040.0,240.0,245760.0
NOG-ZO,10,0.014,False,,,,960.0,983040.0,960.0,983040.0
NOG-ZO,10,0.013,False,,,,960.0,983040.0,960.0,983040.0
NOG-ZO,10,0.012,False,,,,960.0,983040.0,960.0,983040.0
NOG-ZO,10,0.0115,False,,,,960.0,983040.0,960.0,983040.0
NOG-ZO,10,0.011,False,,,,960.0,983040.0,960.0,983040.0
NOG-ZO,10,0.01075,False,,,,960.0,983040.0,960.0,983040.0
NOG-ZO,10,0.0105,False,,,,960.0,983040.0,960.0,983040.0
NOG-ZO,10,0.01025,False,,,,960.0,983040.0,960.0,983040.0
NOG-ZO,10,0.01,False,,,,960.0,983040.0,960.0,983040.0
NOG-ZO,10,0.0095,False,,,,960.0,983040.0,960.0,983040.0
NOG-ZO,10,0.009,False,,,,960.0,983040.0,960.0,983040.0
NOG-ZO,10,0.008,False,,,,960.0,983040.0,960.0,983040.0
NOG-ZO,10,0.007,False,,,,960.0,983040.0,960.0,983040.0
NOG-ZO,10,0.006,False,,,,960.0,983040.0,960.0,983040.0
NOG-ZO,10,0.005,False,,,,960.0,983040.0,960.0,983040.0
NOG-ZO,10,0.004,False,,,,960.0,983040.0,960.0,983040.0
NOG-ZO,10,0.003,False,,,,960.0,983040.0,960.0,983040.0
NOG-ZO,10,0.002,False,,,,960.0,983040.0,960.0,983040.0
NOG-ZO,11,0.2,True,104.0,106496.0,0.1981281340122223,960.0,983040.0,104.0,106496.0
NOG-ZO,11,0.18,True,124.0,126976.0,0.1758721470832824,960.0,983040.0,124.0,126976.0
NOG-ZO,11,0.16,True,140.0,143360.0,0.1547745615243911,960.0,983040.0,140.0,143360.0
NOG-ZO,11,0.14,True,152.0,155648.0,0.1380736529827118,960.0,983040.0,152.0,155648.0
NOG-ZO,11,0.12,True,168.0,172032.0,0.115242950618267,960.0,983040.0,168.0,172032.0
NOG-ZO,11,0.1,True,180.0,184320.0,0.0971998870372772,960.0,983040.0,180.0,184320.0
NOG-ZO,11,0.09,True,188.0,192512.0,0.0850713998079299,960.0,983040.0,188.0,192512.0
NOG-ZO,11,0.08,True,192.0,196608.0,0.078258566558361,960.0,983040.0,192.0,196608.0
NOG-ZO,11,0.07,True,200.0,204800.0,0.0661202073097229,960.0,983040.0,200.0,204800.0
NOG-ZO,11,0.06,True,208.0,212992.0,0.0545055642724037,960.0,983040.0,208.0,212992.0
NOG-ZO,11,0.05,True,212.0,217088.0,0.0477556362748146,960.0,983040.0,212.0,217088.0
NOG-ZO,11,0.04,True,220.0,225280.0,0.0371462628245353,960.0,983040.0,220.0,225280.0
NOG-ZO,11,0.03,True,228.0,233472.0,0.0267143677920103,960.0,983040.0,228.0,233472.0
NOG-ZO,11,0.025,True,232.0,237568.0,0.0219709575176239,960.0,983040.0,232.0,237568.0
NOG-ZO,11,0.02,True,236.0,241664.0,0.0180611778050661,960.0,983040.0,236.0,241664.0
NOG-ZO,11,0.018,True,240.0,245760.0,0.0155353555455803,960.0,983040.0,240.0,245760.0
NOG-ZO,11,0.016,True,240.0,245760.0,0.0155353555455803,960.0,983040.0,240.0,245760.0
NOG-ZO,11,0.015,False,,,,960.0,983040.0,960.0,983040.0
NOG-ZO,11,0.014,False,,,,960.0,983040.0,960.0,983040.0
NOG-ZO,11,0.013,False,,,,960.0,983040.0,960.0,983040.0
NOG-ZO,11,0.012,False,,,,960.0,983040.0,960.0,983040.0
NOG-ZO,11,0.0115,False,,,,960.0,983040.0,960.0,983040.0
NOG-ZO,11,0.011,False,,,,960.0,983040.0,960.0,983040.0
NOG-ZO,11,0.01075,False,,,,960.0,983040.0,960.0,983040.0
NOG-ZO,11,0.0105,False,,,,960.0,983040.0,960.0,983040.0
NOG-ZO,11,0.01025,False,,,,960.0,983040.0,960.0,983040.0
NOG-ZO,11,0.01,False,,,,960.0,983040.0,960.0,983040.0
NOG-ZO,11,0.0095,False,,,,960.0,983040.0,960.0,983040.0
NOG-ZO,11,0.009,False,,,,960.0,983040.0,960.0,983040.0
NOG-ZO,11,0.008,False,,,,960.0,983040.0,960.0,983040.0
NOG-ZO,11,0.007,False,,,,960.0,983040.0,960.0,983040.0
NOG-ZO,11,0.006,False,,,,960.0,983040.0,960.0,983040.0
NOG-ZO,11,0.005,False,,,,960.0,983040.0,960.0,983040.0
NOG-ZO,11,0.004,False,,,,960.0,983040.0,960.0,983040.0
NOG-ZO,11,0.003,False,,,,960.0,983040.0,960.0,983040.0
NOG-ZO,11,0.002,False,,,,960.0,983040.0,960.0,983040.0
NOG-ZO,12,0.2,True,104.0,106496.0,0.1982400566339492,960.0,983040.0,104.0,106496.0
NOG-ZO,12,0.18,True,124.0,126976.0,0.1758513748645782,960.0,983040.0,124.0,126976.0
NOG-ZO,12,0.16,True,140.0,143360.0,0.1549508273601532,960.0,983040.0,140.0,143360.0
NOG-ZO,12,0.14,True,152.0,155648.0,0.1392802596092224,960.0,983040.0,152.0,155648.0
NOG-ZO,12,0.12,True,168.0,172032.0,0.1161440461874008,960.0,983040.0,168.0,172032.0
NOG-ZO,12,0.1,True,180.0,184320.0,0.0989009439945221,960.0,983040.0,180.0,184320.0
NOG-ZO,12,0.09,True,188.0,192512.0,0.0859977528452873,960.0,983040.0,188.0,192512.0
NOG-ZO,12,0.08,True,196.0,200704.0,0.0737684667110443,960.0,983040.0,196.0,200704.0
NOG-ZO,12,0.07,True,200.0,204800.0,0.0680839344859123,960.0,983040.0,200.0,204800.0
NOG-ZO,12,0.06,True,208.0,212992.0,0.0568056553602218,960.0,983040.0,208.0,212992.0
NOG-ZO,12,0.05,True,212.0,217088.0,0.0499127879738807,960.0,983040.0,212.0,217088.0
NOG-ZO,12,0.04,True,220.0,225280.0,0.0382248684763908,960.0,983040.0,220.0,225280.0
NOG-ZO,12,0.03,True,228.0,233472.0,0.0279428586363792,960.0,983040.0,228.0,233472.0
NOG-ZO,12,0.025,True,232.0,237568.0,0.022712267935276,960.0,983040.0,232.0,237568.0
NOG-ZO,12,0.02,True,236.0,241664.0,0.0181583408266305,960.0,983040.0,236.0,241664.0
NOG-ZO,12,0.018,True,240.0,245760.0,0.0152115942910313,960.0,983040.0,240.0,245760.0
NOG-ZO,12,0.016,True,240.0,245760.0,0.0152115942910313,960.0,983040.0,240.0,245760.0
NOG-ZO,12,0.015,True,244.0,249856.0,0.0136038456112146,960.0,983040.0,244.0,249856.0
NOG-ZO,12,0.014,False,,,,960.0,983040.0,960.0,983040.0
NOG-ZO,12,0.013,False,,,,960.0,983040.0,960.0,983040.0
NOG-ZO,12,0.012,False,,,,960.0,983040.0,960.0,983040.0
NOG-ZO,12,0.0115,False,,,,960.0,983040.0,960.0,983040.0
NOG-ZO,12,0.011,False,,,,960.0,983040.0,960.0,983040.0
NOG-ZO,12,0.01075,False,,,,960.0,983040.0,960.0,983040.0
NOG-ZO,12,0.0105,False,,,,960.0,983040.0,960.0,983040.0
NOG-ZO,12,0.01025,False,,,,960.0,983040.0,960.0,983040.0
NOG-ZO,12,0.01,False,,,,960.0,983040.0,960.0,983040.0
NOG-ZO,12,0.0095,False,,,,960.0,983040.0,960.0,983040.0
NOG-ZO,12,0.009,False,,,,960.0,983040.0,960.0,983040.0
NOG-ZO,12,0.008,False,,,,960.0,983040.0,960.0,983040.0
NOG-ZO,12,0.007,False,,,,960.0,983040.0,960.0,983040.0
NOG-ZO,12,0.006,False,,,,960.0,983040.0,960.0,983040.0
NOG-ZO,12,0.005,False,,,,960.0,983040.0,960.0,983040.0
NOG-ZO,12,0.004,False,,,,960.0,983040.0,960.0,983040.0
NOG-ZO,12,0.003,False,,,,960.0,983040.0,960.0,983040.0
NOG-ZO,12,0.002,False,,,,960.0,983040.0,960.0,983040.0
NOG-ZO,13,0.2,True,100.0,102400.0,0.198595717549324,960.0,983040.0,100.0,102400.0
NOG-ZO,13,0.18,True,120.0,122880.0,0.177728846669197,960.0,983040.0,120.0,122880.0
NOG-ZO,13,0.16,True,136.0,139264.0,0.1590170413255691,960.0,983040.0,136.0,139264.0
NOG-ZO,13,0.14,True,152.0,155648.0,0.1376402378082275,960.0,983040.0,152.0,155648.0
NOG-ZO,13,0.12,True,168.0,172032.0,0.1153967306017875,960.0,983040.0,168.0,172032.0
NOG-ZO,13,0.1,True,180.0,184320.0,0.0984585955739021,960.0,983040.0,180.0,184320.0
NOG-ZO,13,0.09,True,188.0,192512.0,0.0864755660295486,960.0,983040.0,188.0,192512.0
NOG-ZO,13,0.08,True,196.0,200704.0,0.0753922089934349,960.0,983040.0,196.0,200704.0
NOG-ZO,13,0.07,True,200.0,204800.0,0.0694231688976287,960.0,983040.0,200.0,204800.0
NOG-ZO,13,0.06,True,208.0,212992.0,0.0576199740171432,960.0,983040.0,208.0,212992.0
NOG-ZO,13,0.05,True,216.0,221184.0,0.0466715693473815,960.0,983040.0,216.0,221184.0
NOG-ZO,13,0.04,True,224.0,229376.0,0.036350280046463,960.0,983040.0,224.0,229376.0
NOG-ZO,13,0.03,True,232.0,237568.0,0.0259758085012435,960.0,983040.0,232.0,237568.0
NOG-ZO,13,0.025,True,236.0,241664.0,0.0219532307237386,960.0,983040.0,236.0,241664.0
NOG-ZO,13,0.02,True,240.0,245760.0,0.0182904936373233,960.0,983040.0,240.0,245760.0
NOG-ZO,13,0.018,True,244.0,249856.0,0.015332793816924,960.0,983040.0,244.0,249856.0
NOG-ZO,13,0.016,True,244.0,249856.0,0.015332793816924,960.0,983040.0,244.0,249856.0
NOG-ZO,13,0.015,False,,,,960.0,983040.0,960.0,983040.0
NOG-ZO,13,0.014,False,,,,960.0,983040.0,960.0,983040.0
NOG-ZO,13,0.013,False,,,,960.0,983040.0,960.0,983040.0
NOG-ZO,13,0.012,False,,,,960.0,983040.0,960.0,983040.0
NOG-ZO,13,0.0115,False,,,,960.0,983040.0,960.0,983040.0
NOG-ZO,13,0.011,False,,,,960.0,983040.0,960.0,983040.0
NOG-ZO,13,0.01075,False,,,,960.0,983040.0,960.0,983040.0
NOG-ZO,13,0.0105,False,,,,960.0,983040.0,960.0,983040.0
NOG-ZO,13,0.01025,False,,,,960.0,983040.0,960.0,983040.0
NOG-ZO,13,0.01,False,,,,960.0,983040.0,960.0,983040.0
NOG-ZO,13,0.0095,False,,,,960.0,983040.0,960.0,983040.0
NOG-ZO,13,0.009,False,,,,960.0,983040.0,960.0,983040.0
NOG-ZO,13,0.008,False,,,,960.0,983040.0,960.0,983040.0
NOG-ZO,13,0.007,False,,,,960.0,983040.0,960.0,983040.0
NOG-ZO,13,0.006,False,,,,960.0,983040.0,960.0,983040.0
NOG-ZO,13,0.005,False,,,,960.0,983040.0,960.0,983040.0
NOG-ZO,13,0.004,False,,,,960.0,983040.0,960.0,983040.0
NOG-ZO,13,0.003,False,,,,960.0,983040.0,960.0,983040.0
NOG-ZO,13,0.002,False,,,,960.0,983040.0,960.0,983040.0
NOG-ZO,14,0.2,True,104.0,106496.0,0.1980133205652237,960.0,983040.0,104.0,106496.0
NOG-ZO,14,0.18,True,120.0,122880.0,0.1799795925617218,960.0,983040.0,120.0,122880.0
NOG-ZO,14,0.16,True,140.0,143360.0,0.1544585675001144,960.0,983040.0,140.0,143360.0
NOG-ZO,14,0.14,True,152.0,155648.0,0.1380612999200821,960.0,983040.0,152.0,155648.0
NOG-ZO,14,0.12,True,168.0,172032.0,0.114791452884674,960.0,983040.0,168.0,172032.0
NOG-ZO,14,0.1,True,180.0,184320.0,0.0964599177241325,960.0,983040.0,180.0,184320.0
NOG-ZO,14,0.09,True,184.0,188416.0,0.0898550152778625,960.0,983040.0,184.0,188416.0
NOG-ZO,14,0.08,True,192.0,196608.0,0.0779306292533874,960.0,983040.0,192.0,196608.0
NOG-ZO,14,0.07,True,200.0,204800.0,0.0661773979663848,960.0,983040.0,200.0,204800.0
NOG-ZO,14,0.06,True,208.0,212992.0,0.0540875531733036,960.0,983040.0,208.0,212992.0
NOG-ZO,14,0.05,True,212.0,217088.0,0.0488375909626483,960.0,983040.0,212.0,217088.0
NOG-ZO,14,0.04,True,220.0,225280.0,0.0367100872099399,960.0,983040.0,220.0,225280.0
NOG-ZO,14,0.03,True,228.0,233472.0,0.0267906133085489,960.0,983040.0,228.0,233472.0
NOG-ZO,14,0.025,True,232.0,237568.0,0.0223744176328182,960.0,983040.0,232.0,237568.0
NOG-ZO,14,0.02,True,236.0,241664.0,0.0181391835212707,960.0,983040.0,236.0,241664.0
NOG-ZO,14,0.018,True,240.0,245760.0,0.0163768623024225,960.0,983040.0,240.0,245760.0
NOG-ZO,14,0.016,False,,,,960.0,983040.0,960.0,983040.0
NOG-ZO,14,0.015,False,,,,960.0,983040.0,960.0,983040.0
NOG-ZO,14,0.014,False,,,,960.0,983040.0,960.0,983040.0
NOG-ZO,14,0.013,False,,,,960.0,983040.0,960.0,983040.0
NOG-ZO,14,0.012,False,,,,960.0,983040.0,960.0,983040.0
NOG-ZO,14,0.0115,False,,,,960.0,983040.0,960.0,983040.0
NOG-ZO,14,0.011,False,,,,960.0,983040.0,960.0,983040.0
NOG-ZO,14,0.01075,False,,,,960.0,983040.0,960.0,983040.0
NOG-ZO,14,0.0105,False,,,,960.0,983040.0,960.0,983040.0
NOG-ZO,14,0.01025,False,,,,960.0,983040.0,960.0,983040.0
NOG-ZO,14,0.01,False,,,,960.0,983040.0,960.0,983040.0
NOG-ZO,14,0.0095,False,,,,960.0,983040.0,960.0,983040.0
NOG-ZO,14,0.009,False,,,,960.0,983040.0,960.0,983040.0
NOG-ZO,14,0.008,False,,,,960.0,983040.0,960.0,983040.0
NOG-ZO,14,0.007,False,,,,960.0,983040.0,960.0,983040.0
NOG-ZO,14,0.006,False,,,,960.0,983040.0,960.0,983040.0
NOG-ZO,14,0.005,False,,,,960.0,983040.0,960.0,983040.0
NOG-ZO,14,0.004,False,,,,960.0,983040.0,960.0,983040.0
NOG-ZO,14,0.003,False,,,,960.0,983040.0,960.0,983040.0
NOG-ZO,14,0.002,False,,,,960.0,983040.0,960.0,983040.0
NOG-ZO,15,0.2,True,104.0,106496.0,0.1965377479791641,960.0,983040.0,104.0,106496.0
NOG-ZO,15,0.18,True,120.0,122880.0,0.1792168319225311,960.0,983040.0,120.0,122880.0
NOG-ZO,15,0.16,True,140.0,143360.0,0.1550267785787582,960.0,983040.0,140.0,143360.0
NOG-ZO,15,0.14,True,152.0,155648.0,0.1392867267131805,960.0,983040.0,152.0,155648.0
NOG-ZO,15,0.12,True,168.0,172032.0,0.1168037503957748,960.0,983040.0,168.0,172032.0
NOG-ZO,15,0.1,True,180.0,184320.0,0.0997398644685745,960.0,983040.0,180.0,184320.0
NOG-ZO,15,0.09,True,188.0,192512.0,0.0884140208363533,960.0,983040.0,188.0,192512.0
NOG-ZO,15,0.08,True,196.0,200704.0,0.0763783529400825,960.0,983040.0,196.0,200704.0
NOG-ZO,15,0.07,True,204.0,208896.0,0.0650908127427101,960.0,983040.0,204.0,208896.0
NOG-ZO,15,0.06,True,208.0,212992.0,0.0589138902723789,960.0,983040.0,208.0,212992.0
NOG-ZO,15,0.05,True,216.0,221184.0,0.0478105582296848,960.0,983040.0,216.0,221184.0
NOG-ZO,15,0.04,True,224.0,229376.0,0.0362598374485969,960.0,983040.0,224.0,229376.0
NOG-ZO,15,0.03,True,232.0,237568.0,0.0260650180280208,960.0,983040.0,232.0,237568.0
NOG-ZO,15,0.025,True,236.0,241664.0,0.0217265188694,960.0,983040.0,236.0,241664.0
NOG-ZO,15,0.02,True,240.0,245760.0,0.0174480844289064,960.0,983040.0,240.0,245760.0
NOG-ZO,15,0.018,True,240.0,245760.0,0.0174480844289064,960.0,983040.0,240.0,245760.0
NOG-ZO,15,0.016,True,244.0,249856.0,0.0146319027990102,960.0,983040.0,244.0,249856.0
NOG-ZO,15,0.015,True,244.0,249856.0,0.0146319027990102,960.0,983040.0,244.0,249856.0
NOG-ZO,15,0.014,False,,,,960.0,983040.0,960.0,983040.0
NOG-ZO,15,0.013,False,,,,960.0,983040.0,960.0,983040.0
NOG-ZO,15,0.012,False,,,,960.0,983040.0,960.0,983040.0
NOG-ZO,15,0.0115,False,,,,960.0,983040.0,960.0,983040.0
NOG-ZO,15,0.011,False,,,,960.0,983040.0,960.0,983040.0
NOG-ZO,15,0.01075,False,,,,960.0,983040.0,960.0,983040.0
NOG-ZO,15,0.0105,False,,,,960.0,983040.0,960.0,983040.0
NOG-ZO,15,0.01025,False,,,,960.0,983040.0,960.0,983040.0
NOG-ZO,15,0.01,False,,,,960.0,983040.0,960.0,983040.0
NOG-ZO,15,0.0095,False,,,,960.0,983040.0,960.0,983040.0
NOG-ZO,15,0.009,False,,,,960.0,983040.0,960.0,983040.0
NOG-ZO,15,0.008,False,,,,960.0,983040.0,960.0,983040.0
NOG-ZO,15,0.007,False,,,,960.0,983040.0,960.0,983040.0
NOG-ZO,15,0.006,False,,,,960.0,983040.0,960.0,983040.0
NOG-ZO,15,0.005,False,,,,960.0,983040.0,960.0,983040.0
NOG-ZO,15,0.004,False,,,,960.0,983040.0,960.0,983040.0
NOG-ZO,15,0.003,False,,,,960.0,983040.0,960.0,983040.0
NOG-ZO,15,0.002,False,,,,960.0,983040.0,960.0,983040.0
NOG-ZO,16,0.2,True,104.0,106496.0,0.1960608214139938,960.0,983040.0,104.0,106496.0
NOG-ZO,16,0.18,True,120.0,122880.0,0.1782932877540588,960.0,983040.0,120.0,122880.0
NOG-ZO,16,0.16,True,136.0,139264.0,0.1578094214200973,960.0,983040.0,136.0,139264.0
NOG-ZO,16,0.14,True,152.0,155648.0,0.1361672431230545,960.0,983040.0,152.0,155648.0
NOG-ZO,16,0.12,True,168.0,172032.0,0.1143262833356857,960.0,983040.0,168.0,172032.0
NOG-ZO,16,0.1,True,180.0,184320.0,0.0969232693314552,960.0,983040.0,180.0,184320.0
NOG-ZO,16,0.09,True,188.0,192512.0,0.0842546373605728,960.0,983040.0,188.0,192512.0
NOG-ZO,16,0.08,True,192.0,196608.0,0.078429602086544,960.0,983040.0,192.0,196608.0
NOG-ZO,16,0.07,True,200.0,204800.0,0.0666056424379348,960.0,983040.0,200.0,204800.0
NOG-ZO,16,0.06,True,208.0,212992.0,0.0544655472040176,960.0,983040.0,208.0,212992.0
NOG-ZO,16,0.05,True,212.0,217088.0,0.0487891510128974,960.0,983040.0,212.0,217088.0
NOG-ZO,16,0.04,True,220.0,225280.0,0.0371282286942005,960.0,983040.0,220.0,225280.0
NOG-ZO,16,0.03,True,228.0,233472.0,0.0269119832664728,960.0,983040.0,228.0,233472.0
NOG-ZO,16,0.025,True,232.0,237568.0,0.0224384404718875,960.0,983040.0,232.0,237568.0
NOG-ZO,16,0.02,True,236.0,241664.0,0.018120776861906,960.0,983040.0,236.0,241664.0
NOG-ZO,16,0.018,True,240.0,245760.0,0.0150982532650232,960.0,983040.0,240.0,245760.0
NOG-ZO,16,0.016,True,240.0,245760.0,0.0150982532650232,960.0,983040.0,240.0,245760.0
NOG-ZO,16,0.015,True,244.0,249856.0,0.0138391572982072,960.0,983040.0,244.0,249856.0
NOG-ZO,16,0.014,False,,,,960.0,983040.0,960.0,983040.0
NOG-ZO,16,0.013,False,,,,960.0,983040.0,960.0,983040.0
NOG-ZO,16,0.012,False,,,,960.0,983040.0,960.0,983040.0
NOG-ZO,16,0.0115,False,,,,960.0,983040.0,960.0,983040.0
NOG-ZO,16,0.011,False,,,,960.0,983040.0,960.0,983040.0
NOG-ZO,16,0.01075,False,,,,960.0,983040.0,960.0,983040.0
NOG-ZO,16,0.0105,False,,,,960.0,983040.0,960.0,983040.0
NOG-ZO,16,0.01025,False,,,,960.0,983040.0,960.0,983040.0
NOG-ZO,16,0.01,False,,,,960.0,983040.0,960.0,983040.0
NOG-ZO,16,0.0095,False,,,,960.0,983040.0,960.0,983040.0
NOG-ZO,16,0.009,False,,,,960.0,983040.0,960.0,983040.0
NOG-ZO,16,0.008,False,,,,960.0,983040.0,960.0,983040.0
NOG-ZO,16,0.007,False,,,,960.0,983040.0,960.0,983040.0
NOG-ZO,16,0.006,False,,,,960.0,983040.0,960.0,983040.0
NOG-ZO,16,0.005,False,,,,960.0,983040.0,960.0,983040.0
NOG-ZO,16,0.004,False,,,,960.0,983040.0,960.0,983040.0
NOG-ZO,16,0.003,False,,,,960.0,983040.0,960.0,983040.0
NOG-ZO,16,0.002,False,,,,960.0,983040.0,960.0,983040.0
NOG-ZO,17,0.2,True,104.0,106496.0,0.1960810273885727,960.0,983040.0,104.0,106496.0
NOG-ZO,17,0.18,True,120.0,122880.0,0.177997425198555,960.0,983040.0,120.0,122880.0
NOG-ZO,17,0.16,True,136.0,139264.0,0.1593954563140869,960.0,983040.0,136.0,139264.0
NOG-ZO,17,0.14,True,152.0,155648.0,0.1374561637639999,960.0,983040.0,152.0,155648.0
NOG-ZO,17,0.12,True,168.0,172032.0,0.115632839500904,960.0,983040.0,168.0,172032.0
NOG-ZO,17,0.1,True,180.0,184320.0,0.0978057086467742,960.0,983040.0,180.0,184320.0
NOG-ZO,17,0.09,True,188.0,192512.0,0.086531214416027,960.0,983040.0,188.0,192512.0
NOG-ZO,17,0.08,True,196.0,200704.0,0.0742558166384697,960.0,983040.0,196.0,200704.0
NOG-ZO,17,0.07,True,200.0,204800.0,0.068589337170124,960.0,983040.0,200.0,204800.0
NOG-ZO,17,0.06,True,208.0,212992.0,0.0580020546913147,960.0,983040.0,208.0,212992.0
NOG-ZO,17,0.05,True,216.0,221184.0,0.0460435561835765,960.0,983040.0,216.0,221184.0
NOG-ZO,17,0.04,True,224.0,229376.0,0.0353491865098476,960.0,983040.0,224.0,229376.0
NOG-ZO,17,0.03,True,232.0,237568.0,0.0252922140061855,960.0,983040.0,232.0,237568.0
NOG-ZO,17,0.025,True,236.0,241664.0,0.0208675507456064,960.0,983040.0,236.0,241664.0
NOG-ZO,17,0.02,True,240.0,245760.0,0.0174804423004388,960.0,983040.0,240.0,245760.0
NOG-ZO,17,0.018,True,240.0,245760.0,0.0174804423004388,960.0,983040.0,240.0,245760.0
NOG-ZO,17,0.016,True,244.0,249856.0,0.0155069595202803,960.0,983040.0,244.0,249856.0
NOG-ZO,17,0.015,False,,,,960.0,983040.0,960.0,983040.0
NOG-ZO,17,0.014,False,,,,960.0,983040.0,960.0,983040.0
NOG-ZO,17,0.013,False,,,,960.0,983040.0,960.0,983040.0
NOG-ZO,17,0.012,False,,,,960.0,983040.0,960.0,983040.0
NOG-ZO,17,0.0115,False,,,,960.0,983040.0,960.0,983040.0
NOG-ZO,17,0.011,False,,,,960.0,983040.0,960.0,983040.0
NOG-ZO,17,0.01075,False,,,,960.0,983040.0,960.0,983040.0
NOG-ZO,17,0.0105,False,,,,960.0,983040.0,960.0,983040.0
NOG-ZO,17,0.01025,False,,,,960.0,983040.0,960.0,983040.0
NOG-ZO,17,0.01,False,,,,960.0,983040.0,960.0,983040.0
NOG-ZO,17,0.0095,False,,,,960.0,983040.0,960.0,983040.0
NOG-ZO,17,0.009,False,,,,960.0,983040.0,960.0,983040.0
NOG-ZO,17,0.008,False,,,,960.0,983040.0,960.0,983040.0
NOG-ZO,17,0.007,False,,,,960.0,983040.0,960.0,983040.0
NOG-ZO,17,0.006,False,,,,960.0,983040.0,960.0,983040.0
NOG-ZO,17,0.005,False,,,,960.0,983040.0,960.0,983040.0
NOG-ZO,17,0.004,False,,,,960.0,983040.0,960.0,983040.0
NOG-ZO,17,0.003,False,,,,960.0,983040.0,960.0,983040.0
NOG-ZO,17,0.002,False,,,,960.0,983040.0,960.0,983040.0
NOG-ZO,18,0.2,True,104.0,106496.0,0.1975050270557403,960.0,983040.0,104.0,106496.0
NOG-ZO,18,0.18,True,120.0,122880.0,0.1786980628967285,960.0,983040.0,120.0,122880.0
NOG-ZO,18,0.16,True,136.0,139264.0,0.1592014729976654,960.0,983040.0,136.0,139264.0
NOG-ZO,18,0.14,True,152.0,155648.0,0.1372836977243423,960.0,983040.0,152.0,155648.0
NOG-ZO,18,0.12,True,168.0,172032.0,0.114588014781475,960.0,983040.0,168.0,172032.0
NOG-ZO,18,0.1,True,180.0,184320.0,0.0967966392636299,960.0,983040.0,180.0,184320.0
NOG-ZO,18,0.09,True,188.0,192512.0,0.0853832438588142,960.0,983040.0,188.0,192512.0
NOG-ZO,18,0.08,True,192.0,196608.0,0.0793074518442154,960.0,983040.0,192.0,196608.0
NOG-ZO,18,0.07,True,200.0,204800.0,0.0671131610870361,960.0,983040.0,200.0,204800.0
NOG-ZO,18,0.06,True,208.0,212992.0,0.0555294714868068,960.0,983040.0,208.0,212992.0
NOG-ZO,18,0.05,True,212.0,217088.0,0.0490404367446899,960.0,983040.0,212.0,217088.0
NOG-ZO,18,0.04,True,220.0,225280.0,0.0380027815699577,960.0,983040.0,220.0,225280.0
NOG-ZO,18,0.03,True,228.0,233472.0,0.0282760709524154,960.0,983040.0,228.0,233472.0
NOG-ZO,18,0.025,True,232.0,237568.0,0.023867817595601,960.0,983040.0,232.0,237568.0
NOG-ZO,18,0.02,True,236.0,241664.0,0.019840084016323,960.0,983040.0,236.0,241664.0
NOG-ZO,18,0.018,True,240.0,245760.0,0.0168655794113874,960.0,983040.0,240.0,245760.0
NOG-ZO,18,0.016,False,,,,960.0,983040.0,960.0,983040.0
NOG-ZO,18,0.015,False,,,,960.0,983040.0,960.0,983040.0
NOG-ZO,18,0.014,False,,,,960.0,983040.0,960.0,983040.0
NOG-ZO,18,0.013,False,,,,960.0,983040.0,960.0,983040.0
NOG-ZO,18,0.012,False,,,,960.0,983040.0,960.0,983040.0
NOG-ZO,18,0.0115,False,,,,960.0,983040.0,960.0,983040.0
NOG-ZO,18,0.011,False,,,,960.0,983040.0,960.0,983040.0
NOG-ZO,18,0.01075,False,,,,960.0,983040.0,960.0,983040.0
NOG-ZO,18,0.0105,False,,,,960.0,983040.0,960.0,983040.0
NOG-ZO,18,0.01025,False,,,,960.0,983040.0,960.0,983040.0
NOG-ZO,18,0.01,False,,,,960.0,983040.0,960.0,983040.0
NOG-ZO,18,0.0095,False,,,,960.0,983040.0,960.0,983040.0
NOG-ZO,18,0.009,False,,,,960.0,983040.0,960.0,983040.0
NOG-ZO,18,0.008,False,,,,960.0,983040.0,960.0,983040.0
NOG-ZO,18,0.007,False,,,,960.0,983040.0,960.0,983040.0
NOG-ZO,18,0.006,False,,,,960.0,983040.0,960.0,983040.0
NOG-ZO,18,0.005,False,,,,960.0,983040.0,960.0,983040.0
NOG-ZO,18,0.004,False,,,,960.0,983040.0,960.0,983040.0
NOG-ZO,18,0.003,False,,,,960.0,983040.0,960.0,983040.0
NOG-ZO,18,0.002,False,,,,960.0,983040.0,960.0,983040.0
NOG-ZO,19,0.2,True,104.0,106496.0,0.1979967802762985,960.0,983040.0,104.0,106496.0
NOG-ZO,19,0.18,True,120.0,122880.0,0.1797751784324646,960.0,983040.0,120.0,122880.0
NOG-ZO,19,0.16,True,140.0,143360.0,0.1550246179103851,960.0,983040.0,140.0,143360.0
NOG-ZO,19,0.14,True,152.0,155648.0,0.1389311254024505,960.0,983040.0,152.0,155648.0
NOG-ZO,19,0.12,True,168.0,172032.0,0.1164501309394836,960.0,983040.0,168.0,172032.0
NOG-ZO,19,0.1,True,180.0,184320.0,0.0979193374514579,960.0,983040.0,180.0,184320.0
NOG-ZO,19,0.09,True,188.0,192512.0,0.0869467630982399,960.0,983040.0,188.0,192512.0
NOG-ZO,19,0.08,True,192.0,196608.0,0.0799991115927696,960.0,983040.0,192.0,196608.0
NOG-ZO,19,0.07,True,200.0,204800.0,0.0683439001441001,960.0,983040.0,200.0,204800.0
NOG-ZO,19,0.06,True,208.0,212992.0,0.0568235591053962,960.0,983040.0,208.0,212992.0
NOG-ZO,19,0.05,True,216.0,221184.0,0.0448190309107303,960.0,983040.0,216.0,221184.0
NOG-ZO,19,0.04,True,220.0,225280.0,0.0386400744318962,960.0,983040.0,220.0,225280.0
NOG-ZO,19,0.03,True,228.0,233472.0,0.0281568560749292,960.0,983040.0,228.0,233472.0
NOG-ZO,19,0.025,True,232.0,237568.0,0.023019989952445,960.0,983040.0,232.0,237568.0
NOG-ZO,19,0.02,True,236.0,241664.0,0.0189622733741998,960.0,983040.0,236.0,241664.0
NOG-ZO,19,0.018,True,240.0,245760.0,0.0153315933421254,960.0,983040.0,240.0,245760.0
NOG-ZO,19,0.016,True,240.0,245760.0,0.0153315933421254,960.0,983040.0,240.0,245760.0
NOG-ZO,19,0.015,True,244.0,249856.0,0.0139936059713363,960.0,983040.0,244.0,249856.0
NOG-ZO,19,0.014,False,,,,960.0,983040.0,960.0,983040.0
NOG-ZO,19,0.013,False,,,,960.0,983040.0,960.0,983040.0
NOG-ZO,19,0.012,False,,,,960.0,983040.0,960.0,983040.0
NOG-ZO,19,0.0115,False,,,,960.0,983040.0,960.0,983040.0
NOG-ZO,19,0.011,False,,,,960.0,983040.0,960.0,983040.0
NOG-ZO,19,0.01075,False,,,,960.0,983040.0,960.0,983040.0
NOG-ZO,19,0.0105,False,,,,960.0,983040.0,960.0,983040.0
NOG-ZO,19,0.01025,False,,,,960.0,983040.0,960.0,983040.0
NOG-ZO,19,0.01,False,,,,960.0,983040.0,960.0,983040.0
NOG-ZO,19,0.0095,False,,,,960.0,983040.0,960.0,983040.0
NOG-ZO,19,0.009,False,,,,960.0,983040.0,960.0,983040.0
NOG-ZO,19,0.008,False,,,,960.0,983040.0,960.0,983040.0
NOG-ZO,19,0.007,False,,,,960.0,983040.0,960.0,983040.0
NOG-ZO,19,0.006,False,,,,960.0,983040.0,960.0,983040.0
NOG-ZO,19,0.005,False,,,,960.0,983040.0,960.0,983040.0
NOG-ZO,19,0.004,False,,,,960.0,983040.0,960.0,983040.0
NOG-ZO,19,0.003,False,,,,960.0,983040.0,960.0,983040.0
NOG-ZO,19,0.002,False,,,,960.0,983040.0,960.0,983040.0
ME-DOL-ZO,0,0.2,True,156.0,39936.0,0.1982761174440384,3840.0,983040.0,156.0,39936.0
ME-DOL-ZO,0,0.18,True,192.0,49152.0,0.1765921264886856,3840.0,983040.0,192.0,49152.0
ME-DOL-ZO,0,0.16,True,228.0,58368.0,0.1537709981203079,3840.0,983040.0,228.0,58368.0
ME-DOL-ZO,0,0.14,True,252.0,64512.0,0.1382264047861099,3840.0,983040.0,252.0,64512.0
ME-DOL-ZO,0,0.12,True,300.0,76800.0,0.1167616322636604,3840.0,983040.0,300.0,76800.0
ME-DOL-ZO,0,0.1,True,348.0,89088.0,0.0958413779735565,3840.0,983040.0,348.0,89088.0
ME-DOL-ZO,0,0.09,True,372.0,95232.0,0.086787074804306,3840.0,983040.0,372.0,95232.0
ME-DOL-ZO,0,0.08,True,396.0,101376.0,0.0789472684264183,3840.0,983040.0,396.0,101376.0
ME-DOL-ZO,0,0.07,True,432.0,110592.0,0.0664772540330886,3840.0,983040.0,432.0,110592.0
ME-DOL-ZO,0,0.06,True,456.0,116736.0,0.0591228567063808,3840.0,983040.0,456.0,116736.0
ME-DOL-ZO,0,0.05,True,504.0,129024.0,0.0499242544174194,3840.0,983040.0,504.0,129024.0
ME-DOL-ZO,0,0.04,True,576.0,147456.0,0.0392101742327213,3840.0,983040.0,576.0,147456.0
ME-DOL-ZO,0,0.03,True,660.0,168960.0,0.0296314284205436,3840.0,983040.0,660.0,168960.0
ME-DOL-ZO,0,0.025,True,732.0,187392.0,0.0243827141821384,3840.0,983040.0,732.0,187392.0
ME-DOL-ZO,0,0.02,True,828.0,211968.0,0.0194153692573308,3840.0,983040.0,828.0,211968.0
ME-DOL-ZO,0,0.018,True,912.0,233472.0,0.0179528910666704,3840.0,983040.0,912.0,233472.0
ME-DOL-ZO,0,0.016,True,1104.0,282624.0,0.0156678855419158,3840.0,983040.0,1104.0,282624.0
ME-DOL-ZO,0,0.015,True,1200.0,307200.0,0.0147581072524189,3840.0,983040.0,1200.0,307200.0
ME-DOL-ZO,0,0.014,True,1944.0,497664.0,0.0139994472265243,3840.0,983040.0,1944.0,497664.0
ME-DOL-ZO,0,0.013,True,2496.0,638976.0,0.0129499277099967,3840.0,983040.0,2496.0,638976.0
ME-DOL-ZO,0,0.012,False,,,,3840.0,983040.0,3840.0,983040.0
ME-DOL-ZO,0,0.0115,False,,,,3840.0,983040.0,3840.0,983040.0
ME-DOL-ZO,0,0.011,False,,,,3840.0,983040.0,3840.0,983040.0
ME-DOL-ZO,0,0.01075,False,,,,3840.0,983040.0,3840.0,983040.0
ME-DOL-ZO,0,0.0105,False,,,,3840.0,983040.0,3840.0,983040.0
ME-DOL-ZO,0,0.01025,False,,,,3840.0,983040.0,3840.0,983040.0
ME-DOL-ZO,0,0.01,False,,,,3840.0,983040.0,3840.0,983040.0
ME-DOL-ZO,0,0.0095,False,,,,3840.0,983040.0,3840.0,983040.0
ME-DOL-ZO,0,0.009,False,,,,3840.0,983040.0,3840.0,983040.0
ME-DOL-ZO,0,0.008,False,,,,3840.0,983040.0,3840.0,983040.0
ME-DOL-ZO,0,0.007,False,,,,3840.0,983040.0,3840.0,983040.0
ME-DOL-ZO,0,0.006,False,,,,3840.0,983040.0,3840.0,983040.0
ME-DOL-ZO,0,0.005,False,,,,3840.0,983040.0,3840.0,983040.0
ME-DOL-ZO,0,0.004,False,,,,3840.0,983040.0,3840.0,983040.0
ME-DOL-ZO,0,0.003,False,,,,3840.0,983040.0,3840.0,983040.0
ME-DOL-ZO,0,0.002,False,,,,3840.0,983040.0,3840.0,983040.0
ME-DOL-ZO,1,0.2,True,168.0,43008.0,0.19887176156044,3840.0,983040.0,168.0,43008.0
ME-DOL-ZO,1,0.18,True,204.0,52224.0,0.1754777729511261,3840.0,983040.0,204.0,52224.0
ME-DOL-ZO,1,0.16,True,240.0,61440.0,0.1537380069494247,3840.0,983040.0,240.0,61440.0
ME-DOL-ZO,1,0.14,True,276.0,70656.0,0.1335489004850387,3840.0,983040.0,276.0,70656.0
ME-DOL-ZO,1,0.12,True,300.0,76800.0,0.1194401532411575,3840.0,983040.0,300.0,76800.0
ME-DOL-ZO,1,0.1,True,348.0,89088.0,0.0969468504190445,3840.0,983040.0,348.0,89088.0
ME-DOL-ZO,1,0.09,True,372.0,95232.0,0.0883858427405357,3840.0,983040.0,372.0,95232.0
ME-DOL-ZO,1,0.08,True,408.0,104448.0,0.0775641128420829,3840.0,983040.0,408.0,104448.0
ME-DOL-ZO,1,0.07,True,432.0,110592.0,0.0697122290730476,3840.0,983040.0,432.0,110592.0
ME-DOL-ZO,1,0.06,True,468.0,119808.0,0.0579256154596805,3840.0,983040.0,468.0,119808.0
ME-DOL-ZO,1,0.05,True,528.0,135168.0,0.0492083393037319,3840.0,983040.0,528.0,135168.0
ME-DOL-ZO,1,0.04,True,588.0,150528.0,0.037080205976963,3840.0,983040.0,588.0,150528.0
ME-DOL-ZO,1,0.03,True,648.0,165888.0,0.0293026566505432,3840.0,983040.0,648.0,165888.0
ME-DOL-ZO,1,0.025,True,696.0,178176.0,0.0239995829761028,3840.0,983040.0,696.0,178176.0
ME-DOL-ZO,1,0.02,True,804.0,205824.0,0.0197830405086278,3840.0,983040.0,804.0,205824.0
ME-DOL-ZO,1,0.018,True,876.0,224256.0,0.0177319440990686,3840.0,983040.0,876.0,224256.0
ME-DOL-ZO,1,0.016,True,1068.0,273408.0,0.015874532982707,3840.0,983040.0,1068.0,273408.0
ME-DOL-ZO,1,0.015,True,2316.0,592896.0,0.014922622591257,3840.0,983040.0,2316.0,592896.0
ME-DOL-ZO,1,0.014,True,3240.0,829440.0,0.0138660557568073,3840.0,983040.0,3240.0,829440.0
ME-DOL-ZO,1,0.013,False,,,,3840.0,983040.0,3840.0,983040.0
ME-DOL-ZO,1,0.012,False,,,,3840.0,983040.0,3840.0,983040.0
ME-DOL-ZO,1,0.0115,False,,,,3840.0,983040.0,3840.0,983040.0
ME-DOL-ZO,1,0.011,False,,,,3840.0,983040.0,3840.0,983040.0
ME-DOL-ZO,1,0.01075,False,,,,3840.0,983040.0,3840.0,983040.0
ME-DOL-ZO,1,0.0105,False,,,,3840.0,983040.0,3840.0,983040.0
ME-DOL-ZO,1,0.01025,False,,,,3840.0,983040.0,3840.0,983040.0
ME-DOL-ZO,1,0.01,False,,,,3840.0,983040.0,3840.0,983040.0
ME-DOL-ZO,1,0.0095,False,,,,3840.0,983040.0,3840.0,983040.0
ME-DOL-ZO,1,0.009,False,,,,3840.0,983040.0,3840.0,983040.0
ME-DOL-ZO,1,0.008,False,,,,3840.0,983040.0,3840.0,983040.0
ME-DOL-ZO,1,0.007,False,,,,3840.0,983040.0,3840.0,983040.0
ME-DOL-ZO,1,0.006,False,,,,3840.0,983040.0,3840.0,983040.0
ME-DOL-ZO,1,0.005,False,,,,3840.0,983040.0,3840.0,983040.0
ME-DOL-ZO,1,0.004,False,,,,3840.0,983040.0,3840.0,983040.0
ME-DOL-ZO,1,0.003,False,,,,3840.0,983040.0,3840.0,983040.0
ME-DOL-ZO,1,0.002,False,,,,3840.0,983040.0,3840.0,983040.0
ME-DOL-ZO,2,0.2,True,156.0,39936.0,0.1983063668012619,3840.0,983040.0,156.0,39936.0
ME-DOL-ZO,2,0.18,True,192.0,49152.0,0.1739028841257095,3840.0,983040.0,192.0,49152.0
ME-DOL-ZO,2,0.16,True,216.0,55296.0,0.1571778804063797,3840.0,983040.0,216.0,55296.0
ME-DOL-ZO,2,0.14,True,252.0,64512.0,0.1341946870088577,3840.0,983040.0,252.0,64512.0
ME-DOL-ZO,2,0.12,True,288.0,73728.0,0.116139218211174,3840.0,983040.0,288.0,73728.0
ME-DOL-ZO,2,0.1,True,324.0,82944.0,0.0981844812631607,3840.0,983040.0,324.0,82944.0
ME-DOL-ZO,2,0.09,True,348.0,89088.0,0.0855979472398758,3840.0,983040.0,348.0,89088.0
ME-DOL-ZO,2,0.08,True,372.0,95232.0,0.0749609991908073,3840.0,983040.0,372.0,95232.0
ME-DOL-ZO,2,0.07,True,384.0,98304.0,0.0694406405091285,3840.0,983040.0,384.0,98304.0
ME-DOL-ZO,2,0.06,True,420.0,107520.0,0.0596791356801986,3840.0,983040.0,420.0,107520.0
ME-DOL-ZO,2,0.05,True,468.0,119808.0,0.0485195629298687,3840.0,983040.0,468.0,119808.0
ME-DOL-ZO,2,0.04,True,528.0,135168.0,0.0385269075632095,3840.0,983040.0,528.0,135168.0
ME-DOL-ZO,2,0.03,True,600.0,153600.0,0.0293275564908981,3840.0,983040.0,600.0,153600.0
ME-DOL-ZO,2,0.025,True,672.0,172032.0,0.0245944485068321,3840.0,983040.0,672.0,172032.0
ME-DOL-ZO,2,0.02,True,888.0,227328.0,0.0193170793354511,3840.0,983040.0,888.0,227328.0
ME-DOL-ZO,2,0.018,True,924.0,236544.0,0.0179555341601371,3840.0,983040.0,924.0,236544.0
ME-DOL-ZO,2,0.016,True,1008.0,258048.0,0.0159859620034694,3840.0,983040.0,1008.0,258048.0
ME-DOL-ZO,2,0.015,True,1116.0,285696.0,0.0147911589592695,3840.0,983040.0,1116.0,285696.0
ME-DOL-ZO,2,0.014,True,1380.0,353280.0,0.0138566363602876,3840.0,983040.0,1380.0,353280.0
ME-DOL-ZO,2,0.013,True,2976.0,761856.0,0.0127035845071077,3840.0,983040.0,2976.0,761856.0
ME-DOL-ZO,2,0.012,False,,,,3840.0,983040.0,3840.0,983040.0
ME-DOL-ZO,2,0.0115,False,,,,3840.0,983040.0,3840.0,983040.0
ME-DOL-ZO,2,0.011,False,,,,3840.0,983040.0,3840.0,983040.0
ME-DOL-ZO,2,0.01075,False,,,,3840.0,983040.0,3840.0,983040.0
ME-DOL-ZO,2,0.0105,False,,,,3840.0,983040.0,3840.0,983040.0
ME-DOL-ZO,2,0.01025,False,,,,3840.0,983040.0,3840.0,983040.0
ME-DOL-ZO,2,0.01,False,,,,3840.0,983040.0,3840.0,983040.0
ME-DOL-ZO,2,0.0095,False,,,,3840.0,983040.0,3840.0,983040.0
ME-DOL-ZO,2,0.009,False,,,,3840.0,983040.0,3840.0,983040.0
ME-DOL-ZO,2,0.008,False,,,,3840.0,983040.0,3840.0,983040.0
ME-DOL-ZO,2,0.007,False,,,,3840.0,983040.0,3840.0,983040.0
ME-DOL-ZO,2,0.006,False,,,,3840.0,983040.0,3840.0,983040.0
ME-DOL-ZO,2,0.005,False,,,,3840.0,983040.0,3840.0,983040.0
ME-DOL-ZO,2,0.004,False,,,,3840.0,983040.0,3840.0,983040.0
ME-DOL-ZO,2,0.003,False,,,,3840.0,983040.0,3840.0,983040.0
ME-DOL-ZO,2,0.002,False,,,,3840.0,983040.0,3840.0,983040.0
ME-DOL-ZO,3,0.2,True,168.0,43008.0,0.193163976073265,3840.0,983040.0,168.0,43008.0
ME-DOL-ZO,3,0.18,True,192.0,49152.0,0.1765194237232208,3840.0,983040.0,192.0,49152.0
ME-DOL-ZO,3,0.16,True,216.0,55296.0,0.1584515273571014,3840.0,983040.0,216.0,55296.0
ME-DOL-ZO,3,0.14,True,252.0,64512.0,0.1385224908590316,3840.0,983040.0,252.0,64512.0
ME-DOL-ZO,3,0.12,True,288.0,73728.0,0.1175066009163856,3840.0,983040.0,288.0,73728.0
ME-DOL-ZO,3,0.1,True,336.0,86016.0,0.0958716049790382,3840.0,983040.0,336.0,86016.0
ME-DOL-ZO,3,0.09,True,360.0,92160.0,0.0875167772173881,3840.0,983040.0,360.0,92160.0
ME-DOL-ZO,3,0.08,True,396.0,101376.0,0.0750807449221611,3840.0,983040.0,396.0,101376.0
ME-DOL-ZO,3,0.07,True,408.0,104448.0,0.0699340030550956,3840.0,983040.0,408.0,104448.0
ME-DOL-ZO,3,0.06,True,444.0,113664.0,0.0573762580752372,3840.0,983040.0,444.0,113664.0
ME-DOL-ZO,3,0.05,True,504.0,129024.0,0.0483129806816577,3840.0,983040.0,504.0,129024.0
ME-DOL-ZO,3,0.04,True,564.0,144384.0,0.0383049175143241,3840.0,983040.0,564.0,144384.0
ME-DOL-ZO,3,0.03,True,624.0,159744.0,0.0281104519963264,3840.0,983040.0,624.0,159744.0
ME-DOL-ZO,3,0.025,True,684.0,175104.0,0.0247147362679243,3840.0,983040.0,684.0,175104.0
ME-DOL-ZO,3,0.02,True,768.0,196608.0,0.0195181630551815,3840.0,983040.0,768.0,196608.0
ME-DOL-ZO,3,0.018,True,852.0,218112.0,0.0173597931861877,3840.0,983040.0,852.0,218112.0
ME-DOL-ZO,3,0.016,True,936.0,239616.0,0.0159932356327772,3840.0,983040.0,936.0,239616.0
ME-DOL-ZO,3,0.015,True,1104.0,282624.0,0.0147042917087674,3840.0,983040.0,1104.0,282624.0
ME-DOL-ZO,3,0.014,True,1128.0,288768.0,0.0139238964766263,3840.0,983040.0,1128.0,288768.0
ME-DOL-ZO,3,0.013,True,1680.0,430080.0,0.0124932881444692,3840.0,983040.0,1680.0,430080.0
ME-DOL-ZO,3,0.012,False,,,,3840.0,983040.0,3840.0,983040.0
ME-DOL-ZO,3,0.0115,False,,,,3840.0,983040.0,3840.0,983040.0
ME-DOL-ZO,3,0.011,False,,,,3840.0,983040.0,3840.0,983040.0
ME-DOL-ZO,3,0.01075,False,,,,3840.0,983040.0,3840.0,983040.0
ME-DOL-ZO,3,0.0105,False,,,,3840.0,983040.0,3840.0,983040.0
ME-DOL-ZO,3,0.01025,False,,,,3840.0,983040.0,3840.0,983040.0
ME-DOL-ZO,3,0.01,False,,,,3840.0,983040.0,3840.0,983040.0
ME-DOL-ZO,3,0.0095,False,,,,3840.0,983040.0,3840.0,983040.0
ME-DOL-ZO,3,0.009,False,,,,3840.0,983040.0,3840.0,983040.0
ME-DOL-ZO,3,0.008,False,,,,3840.0,983040.0,3840.0,983040.0
ME-DOL-ZO,3,0.007,False,,,,3840.0,983040.0,3840.0,983040.0
ME-DOL-ZO,3,0.006,False,,,,3840.0,983040.0,3840.0,983040.0
ME-DOL-ZO,3,0.005,False,,,,3840.0,983040.0,3840.0,983040.0
ME-DOL-ZO,3,0.004,False,,,,3840.0,983040.0,3840.0,983040.0
ME-DOL-ZO,3,0.003,False,,,,3840.0,983040.0,3840.0,983040.0
ME-DOL-ZO,3,0.002,False,,,,3840.0,983040.0,3840.0,983040.0
ME-DOL-ZO,4,0.2,True,168.0,43008.0,0.1962653994560241,3840.0,983040.0,168.0,43008.0
ME-DOL-ZO,4,0.18,True,204.0,52224.0,0.1744584739208221,3840.0,983040.0,204.0,52224.0
ME-DOL-ZO,4,0.16,True,240.0,61440.0,0.1540678143501281,3840.0,983040.0,240.0,61440.0
ME-DOL-ZO,4,0.14,True,276.0,70656.0,0.1343663185834884,3840.0,983040.0,276.0,70656.0
ME-DOL-ZO,4,0.12,True,312.0,79872.0,0.1150965839624404,3840.0,983040.0,312.0,79872.0
ME-DOL-ZO,4,0.1,True,348.0,89088.0,0.0976360291242599,3840.0,983040.0,348.0,89088.0
ME-DOL-ZO,4,0.09,True,372.0,95232.0,0.0871321558952331,3840.0,983040.0,372.0,95232.0
ME-DOL-ZO,4,0.08,True,396.0,101376.0,0.0784835740923881,3840.0,983040.0,396.0,101376.0
ME-DOL-ZO,4,0.07,True,432.0,110592.0,0.0665279850363731,3840.0,983040.0,432.0,110592.0
ME-DOL-ZO,4,0.06,True,456.0,116736.0,0.0584139637649059,3840.0,983040.0,456.0,116736.0
ME-DOL-ZO,4,0.05,True,504.0,129024.0,0.0484577789902687,3840.0,983040.0,504.0,129024.0
ME-DOL-ZO,4,0.04,True,552.0,141312.0,0.0398341305553913,3840.0,983040.0,552.0,141312.0
ME-DOL-ZO,4,0.03,True,648.0,165888.0,0.0285356640815734,3840.0,983040.0,648.0,165888.0
ME-DOL-ZO,4,0.025,True,684.0,175104.0,0.0243906918913126,3840.0,983040.0,684.0,175104.0
ME-DOL-ZO,4,0.02,True,768.0,196608.0,0.0192419346421957,3840.0,983040.0,768.0,196608.0
ME-DOL-ZO,4,0.018,True,984.0,251904.0,0.0175686795264482,3840.0,983040.0,984.0,251904.0
ME-DOL-ZO,4,0.016,True,1092.0,279552.0,0.0159616116434335,3840.0,983040.0,1092.0,279552.0
ME-DOL-ZO,4,0.015,True,1200.0,307200.0,0.0146685019135475,3840.0,983040.0,1200.0,307200.0
ME-DOL-ZO,4,0.014,True,1344.0,344064.0,0.0138770043849945,3840.0,983040.0,1344.0,344064.0
ME-DOL-ZO,4,0.013,False,,,,3840.0,983040.0,3840.0,983040.0
ME-DOL-ZO,4,0.012,False,,,,3840.0,983040.0,3840.0,983040.0
ME-DOL-ZO,4,0.0115,False,,,,3840.0,983040.0,3840.0,983040.0
ME-DOL-ZO,4,0.011,False,,,,3840.0,983040.0,3840.0,983040.0
ME-DOL-ZO,4,0.01075,False,,,,3840.0,983040.0,3840.0,983040.0
ME-DOL-ZO,4,0.0105,False,,,,3840.0,983040.0,3840.0,983040.0
ME-DOL-ZO,4,0.01025,False,,,,3840.0,983040.0,3840.0,983040.0
ME-DOL-ZO,4,0.01,False,,,,3840.0,983040.0,3840.0,983040.0
ME-DOL-ZO,4,0.0095,False,,,,3840.0,983040.0,3840.0,983040.0
ME-DOL-ZO,4,0.009,False,,,,3840.0,983040.0,3840.0,983040.0
ME-DOL-ZO,4,0.008,False,,,,3840.0,983040.0,3840.0,983040.0
ME-DOL-ZO,4,0.007,False,,,,3840.0,983040.0,3840.0,983040.0
ME-DOL-ZO,4,0.006,False,,,,3840.0,983040.0,3840.0,983040.0
ME-DOL-ZO,4,0.005,False,,,,3840.0,983040.0,3840.0,983040.0
ME-DOL-ZO,4,0.004,False,,,,3840.0,983040.0,3840.0,983040.0
ME-DOL-ZO,4,0.003,False,,,,3840.0,983040.0,3840.0,983040.0
ME-DOL-ZO,4,0.002,False,,,,3840.0,983040.0,3840.0,983040.0
ME-DOL-ZO,5,0.2,True,168.0,43008.0,0.1959749311208725,3840.0,983040.0,168.0,43008.0
ME-DOL-ZO,5,0.18,True,204.0,52224.0,0.1735121458768844,3840.0,983040.0,204.0,52224.0
ME-DOL-ZO,5,0.16,True,228.0,58368.0,0.1584354788064956,3840.0,983040.0,228.0,58368.0
ME-DOL-ZO,5,0.14,True,264.0,67584.0,0.1347809433937072,3840.0,983040.0,264.0,67584.0
ME-DOL-ZO,5,0.12,True,300.0,76800.0,0.1166727915406227,3840.0,983040.0,300.0,76800.0
ME-DOL-ZO,5,0.1,True,348.0,89088.0,0.0961188152432441,3840.0,983040.0,348.0,89088.0
ME-DOL-ZO,5,0.09,True,372.0,95232.0,0.0842725858092308,3840.0,983040.0,372.0,95232.0
ME-DOL-ZO,5,0.08,True,384.0,98304.0,0.079462431371212,3840.0,983040.0,384.0,98304.0
ME-DOL-ZO,5,0.07,True,420.0,107520.0,0.0670383796095848,3840.0,983040.0,420.0,107520.0
ME-DOL-ZO,5,0.06,True,444.0,113664.0,0.0598568208515644,3840.0,983040.0,444.0,113664.0
ME-DOL-ZO,5,0.05,True,492.0,125952.0,0.0493952743709087,3840.0,983040.0,492.0,125952.0
ME-DOL-ZO,5,0.04,True,540.0,138240.0,0.0392981506884098,3840.0,983040.0,540.0,138240.0
ME-DOL-ZO,5,0.03,True,612.0,156672.0,0.0296979565173387,3840.0,983040.0,612.0,156672.0
ME-DOL-ZO,5,0.025,True,684.0,175104.0,0.0238231997936964,3840.0,983040.0,684.0,175104.0
ME-DOL-ZO,5,0.02,True,792.0,202752.0,0.0199805311858654,3840.0,983040.0,792.0,202752.0
ME-DOL-ZO,5,0.018,True,924.0,236544.0,0.0179234351962804,3840.0,983040.0,924.0,236544.0
ME-DOL-ZO,5,0.016,True,1176.0,301056.0,0.015803474932909,3840.0,983040.0,1176.0,301056.0
ME-DOL-ZO,5,0.015,True,1272.0,325632.0,0.0149109782651066,3840.0,983040.0,1272.0,325632.0
ME-DOL-ZO,5,0.014,True,2556.0,654336.0,0.013972851447761,3840.0,983040.0,2556.0,654336.0
ME-DOL-ZO,5,0.013,False,,,,3840.0,983040.0,3840.0,983040.0
ME-DOL-ZO,5,0.012,False,,,,3840.0,983040.0,3840.0,983040.0
ME-DOL-ZO,5,0.0115,False,,,,3840.0,983040.0,3840.0,983040.0
ME-DOL-ZO,5,0.011,False,,,,3840.0,983040.0,3840.0,983040.0
ME-DOL-ZO,5,0.01075,False,,,,3840.0,983040.0,3840.0,983040.0
ME-DOL-ZO,5,0.0105,False,,,,3840.0,983040.0,3840.0,983040.0
ME-DOL-ZO,5,0.01025,False,,,,3840.0,983040.0,3840.0,983040.0
ME-DOL-ZO,5,0.01,False,,,,3840.0,983040.0,3840.0,983040.0
ME-DOL-ZO,5,0.0095,False,,,,3840.0,983040.0,3840.0,983040.0
ME-DOL-ZO,5,0.009,False,,,,3840.0,983040.0,3840.0,983040.0
ME-DOL-ZO,5,0.008,False,,,,3840.0,983040.0,3840.0,983040.0
ME-DOL-ZO,5,0.007,False,,,,3840.0,983040.0,3840.0,983040.0
ME-DOL-ZO,5,0.006,False,,,,3840.0,983040.0,3840.0,983040.0
ME-DOL-ZO,5,0.005,False,,,,3840.0,983040.0,3840.0,983040.0
ME-DOL-ZO,5,0.004,False,,,,3840.0,983040.0,3840.0,983040.0
ME-DOL-ZO,5,0.003,False,,,,3840.0,983040.0,3840.0,983040.0
ME-DOL-ZO,5,0.002,False,,,,3840.0,983040.0,3840.0,983040.0
ME-DOL-ZO,6,0.2,True,168.0,43008.0,0.1950588524341583,3840.0,983040.0,168.0,43008.0
ME-DOL-ZO,6,0.18,True,192.0,49152.0,0.1799224615097046,3840.0,983040.0,192.0,49152.0
ME-DOL-ZO,6,0.16,True,228.0,58368.0,0.1553031355142593,3840.0,983040.0,228.0,58368.0
ME-DOL-ZO,6,0.14,True,264.0,67584.0,0.1355581730604171,3840.0,983040.0,264.0,67584.0
ME-DOL-ZO,6,0.12,True,300.0,76800.0,0.1184719577431678,3840.0,983040.0,300.0,76800.0
ME-DOL-ZO,6,0.1,True,348.0,89088.0,0.0990461483597755,3840.0,983040.0,348.0,89088.0
ME-DOL-ZO,6,0.09,True,372.0,95232.0,0.089618407189846,3840.0,983040.0,372.0,95232.0
ME-DOL-ZO,6,0.08,True,408.0,104448.0,0.0770429298281669,3840.0,983040.0,408.0,104448.0
ME-DOL-ZO,6,0.07,True,432.0,110592.0,0.0696296095848083,3840.0,983040.0,432.0,110592.0
ME-DOL-ZO,6,0.06,True,468.0,119808.0,0.0577135346829891,3840.0,983040.0,468.0,119808.0
ME-DOL-ZO,6,0.05,True,516.0,132096.0,0.049461904913187,3840.0,983040.0,516.0,132096.0
ME-DOL-ZO,6,0.04,True,588.0,150528.0,0.0388520546257495,3840.0,983040.0,588.0,150528.0
ME-DOL-ZO,6,0.03,True,660.0,168960.0,0.0290195792913436,3840.0,983040.0,660.0,168960.0
ME-DOL-ZO,6,0.025,True,732.0,187392.0,0.0243062451481819,3840.0,983040.0,732.0,187392.0
ME-DOL-ZO,6,0.02,True,792.0,202752.0,0.0190927945077419,3840.0,983040.0,792.0,202752.0
ME-DOL-ZO,6,0.018,True,852.0,218112.0,0.0178943462669849,3840.0,983040.0,852.0,218112.0
ME-DOL-ZO,6,0.016,True,960.0,245760.0,0.0159069150686264,3840.0,983040.0,960.0,245760.0
ME-DOL-ZO,6,0.015,True,1416.0,362496.0,0.0148717621341347,3840.0,983040.0,1416.0,362496.0
ME-DOL-ZO,6,0.014,True,2532.0,648192.0,0.0139572359621524,3840.0,983040.0,2532.0,648192.0
ME-DOL-ZO,6,0.013,False,,,,3840.0,983040.0,3840.0,983040.0
ME-DOL-ZO,6,0.012,False,,,,3840.0,983040.0,3840.0,983040.0
ME-DOL-ZO,6,0.0115,False,,,,3840.0,983040.0,3840.0,983040.0
ME-DOL-ZO,6,0.011,False,,,,3840.0,983040.0,3840.0,983040.0
ME-DOL-ZO,6,0.01075,False,,,,3840.0,983040.0,3840.0,983040.0
ME-DOL-ZO,6,0.0105,False,,,,3840.0,983040.0,3840.0,983040.0
ME-DOL-ZO,6,0.01025,False,,,,3840.0,983040.0,3840.0,983040.0
ME-DOL-ZO,6,0.01,False,,,,3840.0,983040.0,3840.0,983040.0
ME-DOL-ZO,6,0.0095,False,,,,3840.0,983040.0,3840.0,983040.0
ME-DOL-ZO,6,0.009,False,,,,3840.0,983040.0,3840.0,983040.0
ME-DOL-ZO,6,0.008,False,,,,3840.0,983040.0,3840.0,983040.0
ME-DOL-ZO,6,0.007,False,,,,3840.0,983040.0,3840.0,983040.0
ME-DOL-ZO,6,0.006,False,,,,3840.0,983040.0,3840.0,983040.0
ME-DOL-ZO,6,0.005,False,,,,3840.0,983040.0,3840.0,983040.0
ME-DOL-ZO,6,0.004,False,,,,3840.0,983040.0,3840.0,983040.0
ME-DOL-ZO,6,0.003,False,,,,3840.0,983040.0,3840.0,983040.0
ME-DOL-ZO,6,0.002,False,,,,3840.0,983040.0,3840.0,983040.0
ME-DOL-ZO,7,0.2,True,156.0,39936.0,0.1969115883111953,3840.0,983040.0,156.0,39936.0
ME-DOL-ZO,7,0.18,True,192.0,49152.0,0.1737938374280929,3840.0,983040.0,192.0,49152.0
ME-DOL-ZO,7,0.16,True,216.0,55296.0,0.1580732613801956,3840.0,983040.0,216.0,55296.0
ME-DOL-ZO,7,0.14,True,252.0,64512.0,0.1348911970853805,3840.0,983040.0,252.0,64512.0
ME-DOL-ZO,7,0.12,True,288.0,73728.0,0.1169030293822288,3840.0,983040.0,288.0,73728.0
ME-DOL-ZO,7,0.1,True,336.0,86016.0,0.0954747051000595,3840.0,983040.0,336.0,86016.0
ME-DOL-ZO,7,0.09,True,360.0,92160.0,0.0862004682421684,3840.0,983040.0,360.0,92160.0
ME-DOL-ZO,7,0.08,True,384.0,98304.0,0.0776435434818267,3840.0,983040.0,384.0,98304.0
ME-DOL-ZO,7,0.07,True,408.0,104448.0,0.0698688551783561,3840.0,983040.0,408.0,104448.0
ME-DOL-ZO,7,0.06,True,456.0,116736.0,0.0575058944523334,3840.0,983040.0,456.0,116736.0
ME-DOL-ZO,7,0.05,True,492.0,125952.0,0.0483906641602516,3840.0,983040.0,492.0,125952.0
ME-DOL-ZO,7,0.04,True,540.0,138240.0,0.0393226481974124,3840.0,983040.0,540.0,138240.0
ME-DOL-ZO,7,0.03,True,600.0,153600.0,0.029181133955717,3840.0,983040.0,600.0,153600.0
ME-DOL-ZO,7,0.025,True,660.0,168960.0,0.0249128956347703,3840.0,983040.0,660.0,168960.0
ME-DOL-ZO,7,0.02,True,804.0,205824.0,0.0195624399930238,3840.0,983040.0,804.0,205824.0
ME-DOL-ZO,7,0.018,True,852.0,218112.0,0.0179817173629999,3840.0,983040.0,852.0,218112.0
ME-DOL-ZO,7,0.016,True,924.0,236544.0,0.0159441828727722,3840.0,983040.0,924.0,236544.0
ME-DOL-ZO,7,0.015,True,1032.0,264192.0,0.0148840714246034,3840.0,983040.0,1032.0,264192.0
ME-DOL-ZO,7,0.014,True,1140.0,291840.0,0.0139514980837702,3840.0,983040.0,1140.0,291840.0
ME-DOL-ZO,7,0.013,True,3780.0,967680.0,0.0127971125766634,3840.0,983040.0,3780.0,967680.0
ME-DOL-ZO,7,0.012,False,,,,3840.0,983040.0,3840.0,983040.0
ME-DOL-ZO,7,0.0115,False,,,,3840.0,983040.0,3840.0,983040.0
ME-DOL-ZO,7,0.011,False,,,,3840.0,983040.0,3840.0,983040.0
ME-DOL-ZO,7,0.01075,False,,,,3840.0,983040.0,3840.0,983040.0
ME-DOL-ZO,7,0.0105,False,,,,3840.0,983040.0,3840.0,983040.0
ME-DOL-ZO,7,0.01025,False,,,,3840.0,983040.0,3840.0,983040.0
ME-DOL-ZO,7,0.01,False,,,,3840.0,983040.0,3840.0,983040.0
ME-DOL-ZO,7,0.0095,False,,,,3840.0,983040.0,3840.0,983040.0
ME-DOL-ZO,7,0.009,False,,,,3840.0,983040.0,3840.0,983040.0
ME-DOL-ZO,7,0.008,False,,,,3840.0,983040.0,3840.0,983040.0
ME-DOL-ZO,7,0.007,False,,,,3840.0,983040.0,3840.0,983040.0
ME-DOL-ZO,7,0.006,False,,,,3840.0,983040.0,3840.0,983040.0
ME-DOL-ZO,7,0.005,False,,,,3840.0,983040.0,3840.0,983040.0
ME-DOL-ZO,7,0.004,False,,,,3840.0,983040.0,3840.0,983040.0
ME-DOL-ZO,7,0.003,False,,,,3840.0,983040.0,3840.0,983040.0
ME-DOL-ZO,7,0.002,False,,,,3840.0,983040.0,3840.0,983040.0
ME-DOL-ZO,8,0.2,True,168.0,43008.0,0.1988782286643982,3840.0,983040.0,168.0,43008.0
ME-DOL-ZO,8,0.18,True,204.0,52224.0,0.1749710291624069,3840.0,983040.0,204.0,52224.0
ME-DOL-ZO,8,0.16,True,228.0,58368.0,0.1585839390754699,3840.0,983040.0,228.0,58368.0
ME-DOL-ZO,8,0.14,True,264.0,67584.0,0.1331740915775299,3840.0,983040.0,264.0,67584.0
ME-DOL-ZO,8,0.12,True,288.0,73728.0,0.1199045330286026,3840.0,983040.0,288.0,73728.0
ME-DOL-ZO,8,0.1,True,336.0,86016.0,0.0947558805346489,3840.0,983040.0,336.0,86016.0
ME-DOL-ZO,8,0.09,True,348.0,89088.0,0.0896730944514274,3840.0,983040.0,348.0,89088.0
ME-DOL-ZO,8,0.08,True,372.0,95232.0,0.0786752253770828,3840.0,983040.0,372.0,95232.0
ME-DOL-ZO,8,0.07,True,408.0,104448.0,0.0676198601722717,3840.0,983040.0,408.0,104448.0
ME-DOL-ZO,8,0.06,True,444.0,113664.0,0.0585019551217556,3840.0,983040.0,444.0,113664.0
ME-DOL-ZO,8,0.05,True,492.0,125952.0,0.0499758385121822,3840.0,983040.0,492.0,125952.0
ME-DOL-ZO,8,0.04,True,540.0,138240.0,0.0396542027592659,3840.0,983040.0,540.0,138240.0
ME-DOL-ZO,8,0.03,True,636.0,162816.0,0.0295883826911449,3840.0,983040.0,636.0,162816.0
ME-DOL-ZO,8,0.025,True,672.0,172032.0,0.0245469119399786,3840.0,983040.0,672.0,172032.0
ME-DOL-ZO,8,0.02,True,744.0,190464.0,0.0198563821613788,3840.0,983040.0,744.0,190464.0
ME-DOL-ZO,8,0.018,True,780.0,199680.0,0.0173353217542171,3840.0,983040.0,780.0,199680.0
ME-DOL-ZO,8,0.016,True,804.0,205824.0,0.0158731509000062,3840.0,983040.0,804.0,205824.0
ME-DOL-ZO,8,0.015,True,1200.0,307200.0,0.014566158875823,3840.0,983040.0,1200.0,307200.0
ME-DOL-ZO,8,0.014,True,1308.0,334848.0,0.0136958425864577,3840.0,983040.0,1308.0,334848.0
ME-DOL-ZO,8,0.013,True,1524.0,390144.0,0.0126547999680042,3840.0,983040.0,1524.0,390144.0
ME-DOL-ZO,8,0.012,False,,,,3840.0,983040.0,3840.0,983040.0
ME-DOL-ZO,8,0.0115,False,,,,3840.0,983040.0,3840.0,983040.0
ME-DOL-ZO,8,0.011,False,,,,3840.0,983040.0,3840.0,983040.0
ME-DOL-ZO,8,0.01075,False,,,,3840.0,983040.0,3840.0,983040.0
ME-DOL-ZO,8,0.0105,False,,,,3840.0,983040.0,3840.0,983040.0
ME-DOL-ZO,8,0.01025,False,,,,3840.0,983040.0,3840.0,983040.0
ME-DOL-ZO,8,0.01,False,,,,3840.0,983040.0,3840.0,983040.0
ME-DOL-ZO,8,0.0095,False,,,,3840.0,983040.0,3840.0,983040.0
ME-DOL-ZO,8,0.009,False,,,,3840.0,983040.0,3840.0,983040.0
ME-DOL-ZO,8,0.008,False,,,,3840.0,983040.0,3840.0,983040.0
ME-DOL-ZO,8,0.007,False,,,,3840.0,983040.0,3840.0,983040.0
ME-DOL-ZO,8,0.006,False,,,,3840.0,983040.0,3840.0,983040.0
ME-DOL-ZO,8,0.005,False,,,,3840.0,983040.0,3840.0,983040.0
ME-DOL-ZO,8,0.004,False,,,,3840.0,983040.0,3840.0,983040.0
ME-DOL-ZO,8,0.003,False,,,,3840.0,983040.0,3840.0,983040.0
ME-DOL-ZO,8,0.002,False,,,,3840.0,983040.0,3840.0,983040.0
ME-DOL-ZO,9,0.2,True,168.0,43008.0,0.1991622745990753,3840.0,983040.0,168.0,43008.0
ME-DOL-ZO,9,0.18,True,204.0,52224.0,0.1790217459201812,3840.0,983040.0,204.0,52224.0
ME-DOL-ZO,9,0.16,True,240.0,61440.0,0.1543837785720825,3840.0,983040.0,240.0,61440.0
ME-DOL-ZO,9,0.14,True,264.0,67584.0,0.139252707362175,3840.0,983040.0,264.0,67584.0
ME-DOL-ZO,9,0.12,True,312.0,79872.0,0.1158318519592285,3840.0,983040.0,312.0,79872.0
ME-DOL-ZO,9,0.1,True,348.0,89088.0,0.0961554273962974,3840.0,983040.0,348.0,89088.0
ME-DOL-ZO,9,0.09,True,372.0,95232.0,0.0878281369805336,3840.0,983040.0,372.0,95232.0
ME-DOL-ZO,9,0.08,True,408.0,104448.0,0.0763802453875541,3840.0,983040.0,408.0,104448.0
ME-DOL-ZO,9,0.07,True,432.0,110592.0,0.0681266710162162,3840.0,983040.0,432.0,110592.0
ME-DOL-ZO,9,0.06,True,468.0,119808.0,0.0584847256541252,3840.0,983040.0,468.0,119808.0
ME-DOL-ZO,9,0.05,True,504.0,129024.0,0.0471160858869552,3840.0,983040.0,504.0,129024.0
ME-DOL-ZO,9,0.04,True,540.0,138240.0,0.0392797440290451,3840.0,983040.0,540.0,138240.0
ME-DOL-ZO,9,0.03,True,612.0,156672.0,0.0291938241571187,3840.0,983040.0,612.0,156672.0
ME-DOL-ZO,9,0.025,True,672.0,172032.0,0.0246002506464719,3840.0,983040.0,672.0,172032.0
ME-DOL-ZO,9,0.02,True,720.0,184320.0,0.0195525996387004,3840.0,983040.0,720.0,184320.0
ME-DOL-ZO,9,0.018,True,816.0,208896.0,0.0178269539028406,3840.0,983040.0,816.0,208896.0
ME-DOL-ZO,9,0.016,True,912.0,233472.0,0.015970503911376,3840.0,983040.0,912.0,233472.0
ME-DOL-ZO,9,0.015,True,1332.0,340992.0,0.0147557184100151,3840.0,983040.0,1332.0,340992.0
ME-DOL-ZO,9,0.014,True,1680.0,430080.0,0.0139122363179922,3840.0,983040.0,1680.0,430080.0
ME-DOL-ZO,9,0.013,True,1968.0,503808.0,0.0128621533513069,3840.0,983040.0,1968.0,503808.0
ME-DOL-ZO,9,0.012,False,,,,3840.0,983040.0,3840.0,983040.0
ME-DOL-ZO,9,0.0115,False,,,,3840.0,983040.0,3840.0,983040.0
ME-DOL-ZO,9,0.011,False,,,,3840.0,983040.0,3840.0,983040.0
ME-DOL-ZO,9,0.01075,False,,,,3840.0,983040.0,3840.0,983040.0
ME-DOL-ZO,9,0.0105,False,,,,3840.0,983040.0,3840.0,983040.0
ME-DOL-ZO,9,0.01025,False,,,,3840.0,983040.0,3840.0,983040.0
ME-DOL-ZO,9,0.01,False,,,,3840.0,983040.0,3840.0,983040.0
ME-DOL-ZO,9,0.0095,False,,,,3840.0,983040.0,3840.0,983040.0
ME-DOL-ZO,9,0.009,False,,,,3840.0,983040.0,3840.0,983040.0
ME-DOL-ZO,9,0.008,False,,,,3840.0,983040.0,3840.0,983040.0
ME-DOL-ZO,9,0.007,False,,,,3840.0,983040.0,3840.0,983040.0
ME-DOL-ZO,9,0.006,False,,,,3840.0,983040.0,3840.0,983040.0
ME-DOL-ZO,9,0.005,False,,,,3840.0,983040.0,3840.0,983040.0
ME-DOL-ZO,9,0.004,False,,,,3840.0,983040.0,3840.0,983040.0
ME-DOL-ZO,9,0.003,False,,,,3840.0,983040.0,3840.0,983040.0
ME-DOL-ZO,9,0.002,False,,,,3840.0,983040.0,3840.0,983040.0
ME-DOL-ZO,10,0.2,True,168.0,43008.0,0.1922335773706436,3840.0,983040.0,168.0,43008.0
ME-DOL-ZO,10,0.18,True,192.0,49152.0,0.1761968731880188,3840.0,983040.0,192.0,49152.0
ME-DOL-ZO,10,0.16,True,228.0,58368.0,0.1539984196424484,3840.0,983040.0,228.0,58368.0
ME-DOL-ZO,10,0.14,True,264.0,67584.0,0.1339299380779266,3840.0,983040.0,264.0,67584.0
ME-DOL-ZO,10,0.12,True,300.0,76800.0,0.115547314286232,3840.0,983040.0,300.0,76800.0
ME-DOL-ZO,10,0.1,True,336.0,86016.0,0.0996753647923469,3840.0,983040.0,336.0,86016.0
ME-DOL-ZO,10,0.09,True,360.0,92160.0,0.0885753333568573,3840.0,983040.0,360.0,92160.0
ME-DOL-ZO,10,0.08,True,384.0,98304.0,0.0779879987239837,3840.0,983040.0,384.0,98304.0
ME-DOL-ZO,10,0.07,True,420.0,107520.0,0.0658868476748466,3840.0,983040.0,420.0,107520.0
ME-DOL-ZO,10,0.06,True,444.0,113664.0,0.0575494989752769,3840.0,983040.0,444.0,113664.0
ME-DOL-ZO,10,0.05,True,480.0,122880.0,0.0496511049568653,3840.0,983040.0,480.0,122880.0
ME-DOL-ZO,10,0.04,True,528.0,135168.0,0.0385659225285053,3840.0,983040.0,528.0,135168.0
ME-DOL-ZO,10,0.03,True,588.0,150528.0,0.0296777822077274,3840.0,983040.0,588.0,150528.0
ME-DOL-ZO,10,0.025,True,636.0,162816.0,0.0248040258884429,3840.0,983040.0,636.0,162816.0
ME-DOL-ZO,10,0.02,True,696.0,178176.0,0.0199002288281917,3840.0,983040.0,696.0,178176.0
ME-DOL-ZO,10,0.018,True,732.0,187392.0,0.0172860417515039,3840.0,983040.0,732.0,187392.0
ME-DOL-ZO,10,0.016,True,804.0,205824.0,0.0159505177289247,3840.0,983040.0,804.0,205824.0
ME-DOL-ZO,10,0.015,True,948.0,242688.0,0.0149466767907142,3840.0,983040.0,948.0,242688.0
ME-DOL-ZO,10,0.014,True,1344.0,344064.0,0.0139723671600222,3840.0,983040.0,1344.0,344064.0
ME-DOL-ZO,10,0.013,False,,,,3840.0,983040.0,3840.0,983040.0
ME-DOL-ZO,10,0.012,False,,,,3840.0,983040.0,3840.0,983040.0
ME-DOL-ZO,10,0.0115,False,,,,3840.0,983040.0,3840.0,983040.0
ME-DOL-ZO,10,0.011,False,,,,3840.0,983040.0,3840.0,983040.0
ME-DOL-ZO,10,0.01075,False,,,,3840.0,983040.0,3840.0,983040.0
ME-DOL-ZO,10,0.0105,False,,,,3840.0,983040.0,3840.0,983040.0
ME-DOL-ZO,10,0.01025,False,,,,3840.0,983040.0,3840.0,983040.0
ME-DOL-ZO,10,0.01,False,,,,3840.0,983040.0,3840.0,983040.0
ME-DOL-ZO,10,0.0095,False,,,,3840.0,983040.0,3840.0,983040.0
ME-DOL-ZO,10,0.009,False,,,,3840.0,983040.0,3840.0,983040.0
ME-DOL-ZO,10,0.008,False,,,,3840.0,983040.0,3840.0,983040.0
ME-DOL-ZO,10,0.007,False,,,,3840.0,983040.0,3840.0,983040.0
ME-DOL-ZO,10,0.006,False,,,,3840.0,983040.0,3840.0,983040.0
ME-DOL-ZO,10,0.005,False,,,,3840.0,983040.0,3840.0,983040.0
ME-DOL-ZO,10,0.004,False,,,,3840.0,983040.0,3840.0,983040.0
ME-DOL-ZO,10,0.003,False,,,,3840.0,983040.0,3840.0,983040.0
ME-DOL-ZO,10,0.002,False,,,,3840.0,983040.0,3840.0,983040.0
ME-DOL-ZO,11,0.2,True,168.0,43008.0,0.1936751902103424,3840.0,983040.0,168.0,43008.0
ME-DOL-ZO,11,0.18,True,192.0,49152.0,0.17897729575634,3840.0,983040.0,192.0,49152.0
ME-DOL-ZO,11,0.16,True,228.0,58368.0,0.1544813066720962,3840.0,983040.0,228.0,58368.0
ME-DOL-ZO,11,0.14,True,252.0,64512.0,0.1399368047714233,3840.0,983040.0,252.0,64512.0
ME-DOL-ZO,11,0.12,True,300.0,76800.0,0.1157858818769455,3840.0,983040.0,300.0,76800.0
ME-DOL-ZO,11,0.1,True,336.0,86016.0,0.0994946360588073,3840.0,983040.0,336.0,86016.0
ME-DOL-ZO,11,0.09,True,372.0,95232.0,0.0871174558997154,3840.0,983040.0,372.0,95232.0
ME-DOL-ZO,11,0.08,True,396.0,101376.0,0.0769218951463699,3840.0,983040.0,396.0,101376.0
ME-DOL-ZO,11,0.07,True,420.0,107520.0,0.0691548809409141,3840.0,983040.0,420.0,107520.0
ME-DOL-ZO,11,0.06,True,456.0,116736.0,0.0574334077537059,3840.0,983040.0,456.0,116736.0
ME-DOL-ZO,11,0.05,True,504.0,129024.0,0.0479050055146217,3840.0,983040.0,504.0,129024.0
ME-DOL-ZO,11,0.04,True,552.0,141312.0,0.0387604422867298,3840.0,983040.0,552.0,141312.0
ME-DOL-ZO,11,0.03,True,624.0,159744.0,0.0289969816803932,3840.0,983040.0,624.0,159744.0
ME-DOL-ZO,11,0.025,True,696.0,178176.0,0.0249751359224319,3840.0,983040.0,696.0,178176.0
ME-DOL-ZO,11,0.02,True,816.0,208896.0,0.0197652839124202,3840.0,983040.0,816.0,208896.0
ME-DOL-ZO,11,0.018,True,864.0,221184.0,0.017669815570116,3840.0,983040.0,864.0,221184.0
ME-DOL-ZO,11,0.016,True,1128.0,288768.0,0.0157163348048925,3840.0,983040.0,1128.0,288768.0
ME-DOL-ZO,11,0.015,True,1296.0,331776.0,0.0147757101804018,3840.0,983040.0,1296.0,331776.0
ME-DOL-ZO,11,0.014,True,2064.0,528384.0,0.0138702746480703,3840.0,983040.0,2064.0,528384.0
ME-DOL-ZO,11,0.013,False,,,,3840.0,983040.0,3840.0,983040.0
ME-DOL-ZO,11,0.012,False,,,,3840.0,983040.0,3840.0,983040.0
ME-DOL-ZO,11,0.0115,False,,,,3840.0,983040.0,3840.0,983040.0
ME-DOL-ZO,11,0.011,False,,,,3840.0,983040.0,3840.0,983040.0
ME-DOL-ZO,11,0.01075,False,,,,3840.0,983040.0,3840.0,983040.0
ME-DOL-ZO,11,0.0105,False,,,,3840.0,983040.0,3840.0,983040.0
ME-DOL-ZO,11,0.01025,False,,,,3840.0,983040.0,3840.0,983040.0
ME-DOL-ZO,11,0.01,False,,,,3840.0,983040.0,3840.0,983040.0
ME-DOL-ZO,11,0.0095,False,,,,3840.0,983040.0,3840.0,983040.0
ME-DOL-ZO,11,0.009,False,,,,3840.0,983040.0,3840.0,983040.0
ME-DOL-ZO,11,0.008,False,,,,3840.0,983040.0,3840.0,983040.0
ME-DOL-ZO,11,0.007,False,,,,3840.0,983040.0,3840.0,983040.0
ME-DOL-ZO,11,0.006,False,,,,3840.0,983040.0,3840.0,983040.0
ME-DOL-ZO,11,0.005,False,,,,3840.0,983040.0,3840.0,983040.0
ME-DOL-ZO,11,0.004,False,,,,3840.0,983040.0,3840.0,983040.0
ME-DOL-ZO,11,0.003,False,,,,3840.0,983040.0,3840.0,983040.0
ME-DOL-ZO,11,0.002,False,,,,3840.0,983040.0,3840.0,983040.0
ME-DOL-ZO,12,0.2,True,168.0,43008.0,0.1961506903171539,3840.0,983040.0,168.0,43008.0
ME-DOL-ZO,12,0.18,True,204.0,52224.0,0.1737971752882003,3840.0,983040.0,204.0,52224.0
ME-DOL-ZO,12,0.16,True,228.0,58368.0,0.1596370041370391,3840.0,983040.0,228.0,58368.0
ME-DOL-ZO,12,0.14,True,264.0,67584.0,0.1377817243337631,3840.0,983040.0,264.0,67584.0
ME-DOL-ZO,12,0.12,True,300.0,76800.0,0.1156092807650566,3840.0,983040.0,300.0,76800.0
ME-DOL-ZO,12,0.1,True,336.0,86016.0,0.0994754582643508,3840.0,983040.0,336.0,86016.0
ME-DOL-ZO,12,0.09,True,360.0,92160.0,0.0888470187783241,3840.0,983040.0,360.0,92160.0
ME-DOL-ZO,12,0.08,True,384.0,98304.0,0.0788104534149169,3840.0,983040.0,384.0,98304.0
ME-DOL-ZO,12,0.07,True,420.0,107520.0,0.066700093448162,3840.0,983040.0,420.0,107520.0
ME-DOL-ZO,12,0.06,True,444.0,113664.0,0.0596865601837635,3840.0,983040.0,444.0,113664.0
ME-DOL-ZO,12,0.05,True,480.0,122880.0,0.0496929474174976,3840.0,983040.0,480.0,122880.0
ME-DOL-ZO,12,0.04,True,528.0,135168.0,0.038814403116703,3840.0,983040.0,528.0,135168.0
ME-DOL-ZO,12,0.03,True,576.0,147456.0,0.0299176722764968,3840.0,983040.0,576.0,147456.0
ME-DOL-ZO,12,0.025,True,624.0,159744.0,0.0242436546832323,3840.0,983040.0,624.0,159744.0
ME-DOL-ZO,12,0.02,True,708.0,181248.0,0.0194448828697204,3840.0,983040.0,708.0,181248.0
ME-DOL-ZO,12,0.018,True,828.0,211968.0,0.0174634773284196,3840.0,983040.0,828.0,211968.0
ME-DOL-ZO,12,0.016,True,888.0,227328.0,0.0159909352660179,3840.0,983040.0,888.0,227328.0
ME-DOL-ZO,12,0.015,True,1056.0,270336.0,0.0149376131594181,3840.0,983040.0,1056.0,270336.0
ME-DOL-ZO,12,0.014,True,2760.0,706560.0,0.0139540741220116,3840.0,983040.0,2760.0,706560.0
ME-DOL-ZO,12,0.013,False,,,,3840.0,983040.0,3840.0,983040.0
ME-DOL-ZO,12,0.012,False,,,,3840.0,983040.0,3840.0,983040.0
ME-DOL-ZO,12,0.0115,False,,,,3840.0,983040.0,3840.0,983040.0
ME-DOL-ZO,12,0.011,False,,,,3840.0,983040.0,3840.0,983040.0
ME-DOL-ZO,12,0.01075,False,,,,3840.0,983040.0,3840.0,983040.0
ME-DOL-ZO,12,0.0105,False,,,,3840.0,983040.0,3840.0,983040.0
ME-DOL-ZO,12,0.01025,False,,,,3840.0,983040.0,3840.0,983040.0
ME-DOL-ZO,12,0.01,False,,,,3840.0,983040.0,3840.0,983040.0
ME-DOL-ZO,12,0.0095,False,,,,3840.0,983040.0,3840.0,983040.0
ME-DOL-ZO,12,0.009,False,,,,3840.0,983040.0,3840.0,983040.0
ME-DOL-ZO,12,0.008,False,,,,3840.0,983040.0,3840.0,983040.0
ME-DOL-ZO,12,0.007,False,,,,3840.0,983040.0,3840.0,983040.0
ME-DOL-ZO,12,0.006,False,,,,3840.0,983040.0,3840.0,983040.0
ME-DOL-ZO,12,0.005,False,,,,3840.0,983040.0,3840.0,983040.0
ME-DOL-ZO,12,0.004,False,,,,3840.0,983040.0,3840.0,983040.0
ME-DOL-ZO,12,0.003,False,,,,3840.0,983040.0,3840.0,983040.0
ME-DOL-ZO,12,0.002,False,,,,3840.0,983040.0,3840.0,983040.0
ME-DOL-ZO,13,0.2,True,168.0,43008.0,0.1943503022193908,3840.0,983040.0,168.0,43008.0
ME-DOL-ZO,13,0.18,True,204.0,52224.0,0.174910083413124,3840.0,983040.0,204.0,52224.0
ME-DOL-ZO,13,0.16,True,228.0,58368.0,0.159185528755188,3840.0,983040.0,228.0,58368.0
ME-DOL-ZO,13,0.14,True,264.0,67584.0,0.1391252279281616,3840.0,983040.0,264.0,67584.0
ME-DOL-ZO,13,0.12,True,312.0,79872.0,0.1161653101444244,3840.0,983040.0,312.0,79872.0
ME-DOL-ZO,13,0.1,True,348.0,89088.0,0.0989925786852836,3840.0,983040.0,348.0,89088.0
ME-DOL-ZO,13,0.09,True,372.0,95232.0,0.0877768993377685,3840.0,983040.0,372.0,95232.0
ME-DOL-ZO,13,0.08,True,396.0,101376.0,0.0783256217837333,3840.0,983040.0,396.0,101376.0
ME-DOL-ZO,13,0.07,True,432.0,110592.0,0.0658199414610862,3840.0,983040.0,432.0,110592.0
ME-DOL-ZO,13,0.06,True,456.0,116736.0,0.0596220344305038,3840.0,983040.0,456.0,116736.0
ME-DOL-ZO,13,0.05,True,492.0,125952.0,0.0487469136714935,3840.0,983040.0,492.0,125952.0
ME-DOL-ZO,13,0.04,True,552.0,141312.0,0.0390287190675735,3840.0,983040.0,552.0,141312.0
ME-DOL-ZO,13,0.03,True,624.0,159744.0,0.0295300129801034,3840.0,983040.0,624.0,159744.0
ME-DOL-ZO,13,0.025,True,720.0,184320.0,0.0241569448262453,3840.0,983040.0,720.0,184320.0
ME-DOL-ZO,13,0.02,True,780.0,199680.0,0.0196550823748111,3840.0,983040.0,780.0,199680.0
ME-DOL-ZO,13,0.018,True,852.0,218112.0,0.0177247617393732,3840.0,983040.0,852.0,218112.0
ME-DOL-ZO,13,0.016,True,924.0,236544.0,0.0153940301388502,3840.0,983040.0,924.0,236544.0
ME-DOL-ZO,13,0.015,True,1032.0,264192.0,0.0149575304239988,3840.0,983040.0,1032.0,264192.0
ME-DOL-ZO,13,0.014,True,1500.0,384000.0,0.0137877985835075,3840.0,983040.0,1500.0,384000.0
ME-DOL-ZO,13,0.013,True,1824.0,466944.0,0.0128686865791678,3840.0,983040.0,1824.0,466944.0
ME-DOL-ZO,13,0.012,False,,,,3840.0,983040.0,3840.0,983040.0
ME-DOL-ZO,13,0.0115,False,,,,3840.0,983040.0,3840.0,983040.0
ME-DOL-ZO,13,0.011,False,,,,3840.0,983040.0,3840.0,983040.0
ME-DOL-ZO,13,0.01075,False,,,,3840.0,983040.0,3840.0,983040.0
ME-DOL-ZO,13,0.0105,False,,,,3840.0,983040.0,3840.0,983040.0
ME-DOL-ZO,13,0.01025,False,,,,3840.0,983040.0,3840.0,983040.0
ME-DOL-ZO,13,0.01,False,,,,3840.0,983040.0,3840.0,983040.0
ME-DOL-ZO,13,0.0095,False,,,,3840.0,983040.0,3840.0,983040.0
ME-DOL-ZO,13,0.009,False,,,,3840.0,983040.0,3840.0,983040.0
ME-DOL-ZO,13,0.008,False,,,,3840.0,983040.0,3840.0,983040.0
ME-DOL-ZO,13,0.007,False,,,,3840.0,983040.0,3840.0,983040.0
ME-DOL-ZO,13,0.006,False,,,,3840.0,983040.0,3840.0,983040.0
ME-DOL-ZO,13,0.005,False,,,,3840.0,983040.0,3840.0,983040.0
ME-DOL-ZO,13,0.004,False,,,,3840.0,983040.0,3840.0,983040.0
ME-DOL-ZO,13,0.003,False,,,,3840.0,983040.0,3840.0,983040.0
ME-DOL-ZO,13,0.002,False,,,,3840.0,983040.0,3840.0,983040.0
ME-DOL-ZO,14,0.2,True,168.0,43008.0,0.196581944823265,3840.0,983040.0,168.0,43008.0
ME-DOL-ZO,14,0.18,True,204.0,52224.0,0.1734029054641723,3840.0,983040.0,204.0,52224.0
ME-DOL-ZO,14,0.16,True,228.0,58368.0,0.1586325019598007,3840.0,983040.0,228.0,58368.0
ME-DOL-ZO,14,0.14,True,264.0,67584.0,0.1383774429559707,3840.0,983040.0,264.0,67584.0
ME-DOL-ZO,14,0.12,True,312.0,79872.0,0.1161617711186409,3840.0,983040.0,312.0,79872.0
ME-DOL-ZO,14,0.1,True,348.0,89088.0,0.0990933924913406,3840.0,983040.0,348.0,89088.0
ME-DOL-ZO,14,0.09,True,372.0,95232.0,0.0886627882719039,3840.0,983040.0,372.0,95232.0
ME-DOL-ZO,14,0.08,True,396.0,101376.0,0.0786095112562179,3840.0,983040.0,396.0,101376.0
ME-DOL-ZO,14,0.07,True,432.0,110592.0,0.0682328939437866,3840.0,983040.0,432.0,110592.0
ME-DOL-ZO,14,0.06,True,480.0,122880.0,0.0568155348300933,3840.0,983040.0,480.0,122880.0
ME-DOL-ZO,14,0.05,True,504.0,129024.0,0.0491547025740146,3840.0,983040.0,504.0,129024.0
ME-DOL-ZO,14,0.04,True,540.0,138240.0,0.0383158102631568,3840.0,983040.0,540.0,138240.0
ME-DOL-ZO,14,0.03,True,648.0,165888.0,0.0294098984450101,3840.0,983040.0,648.0,165888.0
ME-DOL-ZO,14,0.025,True,732.0,187392.0,0.0242310110479593,3840.0,983040.0,732.0,187392.0
ME-DOL-ZO,14,0.02,True,792.0,202752.0,0.019384192302823,3840.0,983040.0,792.0,202752.0
ME-DOL-ZO,14,0.018,True,828.0,211968.0,0.0173214431852102,3840.0,983040.0,828.0,211968.0
ME-DOL-ZO,14,0.016,True,888.0,227328.0,0.0156123545020818,3840.0,983040.0,888.0,227328.0
ME-DOL-ZO,14,0.015,True,912.0,233472.0,0.0148660968989133,3840.0,983040.0,912.0,233472.0
ME-DOL-ZO,14,0.014,True,1296.0,331776.0,0.0139720542356371,3840.0,983040.0,1296.0,331776.0
ME-DOL-ZO,14,0.013,True,1500.0,384000.0,0.0128697156906127,3840.0,983040.0,1500.0,384000.0
ME-DOL-ZO,14,0.012,False,,,,3840.0,983040.0,3840.0,983040.0
ME-DOL-ZO,14,0.0115,False,,,,3840.0,983040.0,3840.0,983040.0
ME-DOL-ZO,14,0.011,False,,,,3840.0,983040.0,3840.0,983040.0
ME-DOL-ZO,14,0.01075,False,,,,3840.0,983040.0,3840.0,983040.0
ME-DOL-ZO,14,0.0105,False,,,,3840.0,983040.0,3840.0,983040.0
ME-DOL-ZO,14,0.01025,False,,,,3840.0,983040.0,3840.0,983040.0
ME-DOL-ZO,14,0.01,False,,,,3840.0,983040.0,3840.0,983040.0
ME-DOL-ZO,14,0.0095,False,,,,3840.0,983040.0,3840.0,983040.0
ME-DOL-ZO,14,0.009,False,,,,3840.0,983040.0,3840.0,983040.0
ME-DOL-ZO,14,0.008,False,,,,3840.0,983040.0,3840.0,983040.0
ME-DOL-ZO,14,0.007,False,,,,3840.0,983040.0,3840.0,983040.0
ME-DOL-ZO,14,0.006,False,,,,3840.0,983040.0,3840.0,983040.0
ME-DOL-ZO,14,0.005,False,,,,3840.0,983040.0,3840.0,983040.0
ME-DOL-ZO,14,0.004,False,,,,3840.0,983040.0,3840.0,983040.0
ME-DOL-ZO,14,0.003,False,,,,3840.0,983040.0,3840.0,983040.0
ME-DOL-ZO,14,0.002,False,,,,3840.0,983040.0,3840.0,983040.0
ME-DOL-ZO,15,0.2,True,168.0,43008.0,0.198755070567131,3840.0,983040.0,168.0,43008.0
ME-DOL-ZO,15,0.18,True,204.0,52224.0,0.176531434059143,3840.0,983040.0,204.0,52224.0
ME-DOL-ZO,15,0.16,True,240.0,61440.0,0.1547248512506485,3840.0,983040.0,240.0,61440.0
ME-DOL-ZO,15,0.14,True,264.0,67584.0,0.1374861150979995,3840.0,983040.0,264.0,67584.0
ME-DOL-ZO,15,0.12,True,300.0,76800.0,0.1162424311041832,3840.0,983040.0,300.0,76800.0
ME-DOL-ZO,15,0.1,True,336.0,86016.0,0.0969595536589622,3840.0,983040.0,336.0,86016.0
ME-DOL-ZO,15,0.09,True,360.0,92160.0,0.0865733921527862,3840.0,983040.0,360.0,92160.0
ME-DOL-ZO,15,0.08,True,384.0,98304.0,0.0775952711701393,3840.0,983040.0,384.0,98304.0
ME-DOL-ZO,15,0.07,True,420.0,107520.0,0.0679226294159889,3840.0,983040.0,420.0,107520.0
ME-DOL-ZO,15,0.06,True,456.0,116736.0,0.0573065467178821,3840.0,983040.0,456.0,116736.0
ME-DOL-ZO,15,0.05,True,492.0,125952.0,0.0498623475432395,3840.0,983040.0,492.0,125952.0
ME-DOL-ZO,15,0.04,True,564.0,144384.0,0.0386013388633728,3840.0,983040.0,564.0,144384.0
ME-DOL-ZO,15,0.03,True,648.0,165888.0,0.029782447963953,3840.0,983040.0,648.0,165888.0
ME-DOL-ZO,15,0.025,True,744.0,190464.0,0.0241081248968839,3840.0,983040.0,744.0,190464.0
ME-DOL-ZO,15,0.02,True,804.0,205824.0,0.019315542653203,3840.0,983040.0,804.0,205824.0
ME-DOL-ZO,15,0.018,True,840.0,215040.0,0.0178436450660228,3840.0,983040.0,840.0,215040.0
ME-DOL-ZO,15,0.016,True,912.0,233472.0,0.0159020964056253,3840.0,983040.0,912.0,233472.0
ME-DOL-ZO,15,0.015,True,1332.0,340992.0,0.0149467336013913,3840.0,983040.0,1332.0,340992.0
ME-DOL-ZO,15,0.014,True,1908.0,488448.0,0.0138076208531856,3840.0,983040.0,1908.0,488448.0
ME-DOL-ZO,15,0.013,True,2796.0,715776.0,0.0128017049282789,3840.0,983040.0,2796.0,715776.0
ME-DOL-ZO,15,0.012,False,,,,3840.0,983040.0,3840.0,983040.0
ME-DOL-ZO,15,0.0115,False,,,,3840.0,983040.0,3840.0,983040.0
ME-DOL-ZO,15,0.011,False,,,,3840.0,983040.0,3840.0,983040.0
ME-DOL-ZO,15,0.01075,False,,,,3840.0,983040.0,3840.0,983040.0
ME-DOL-ZO,15,0.0105,False,,,,3840.0,983040.0,3840.0,983040.0
ME-DOL-ZO,15,0.01025,False,,,,3840.0,983040.0,3840.0,983040.0
ME-DOL-ZO,15,0.01,False,,,,3840.0,983040.0,3840.0,983040.0
ME-DOL-ZO,15,0.0095,False,,,,3840.0,983040.0,3840.0,983040.0
ME-DOL-ZO,15,0.009,False,,,,3840.0,983040.0,3840.0,983040.0
ME-DOL-ZO,15,0.008,False,,,,3840.0,983040.0,3840.0,983040.0
ME-DOL-ZO,15,0.007,False,,,,3840.0,983040.0,3840.0,983040.0
ME-DOL-ZO,15,0.006,False,,,,3840.0,983040.0,3840.0,983040.0
ME-DOL-ZO,15,0.005,False,,,,3840.0,983040.0,3840.0,983040.0
ME-DOL-ZO,15,0.004,False,,,,3840.0,983040.0,3840.0,983040.0
ME-DOL-ZO,15,0.003,False,,,,3840.0,983040.0,3840.0,983040.0
ME-DOL-ZO,15,0.002,False,,,,3840.0,983040.0,3840.0,983040.0
ME-DOL-ZO,16,0.2,True,168.0,43008.0,0.1951666921377182,3840.0,983040.0,168.0,43008.0
ME-DOL-ZO,16,0.18,True,204.0,52224.0,0.1738838255405426,3840.0,983040.0,204.0,52224.0
ME-DOL-ZO,16,0.16,True,228.0,58368.0,0.1591956913471222,3840.0,983040.0,228.0,58368.0
ME-DOL-ZO,16,0.14,True,264.0,67584.0,0.1383396238088607,3840.0,983040.0,264.0,67584.0
ME-DOL-ZO,16,0.12,True,300.0,76800.0,0.1164573803544044,3840.0,983040.0,300.0,76800.0
ME-DOL-ZO,16,0.1,True,336.0,86016.0,0.0980914458632469,3840.0,983040.0,336.0,86016.0
ME-DOL-ZO,16,0.09,True,360.0,92160.0,0.0893595442175865,3840.0,983040.0,360.0,92160.0
ME-DOL-ZO,16,0.08,True,396.0,101376.0,0.0789242535829544,3840.0,983040.0,396.0,101376.0
ME-DOL-ZO,16,0.07,True,432.0,110592.0,0.0672594606876373,3840.0,983040.0,432.0,110592.0
ME-DOL-ZO,16,0.06,True,468.0,119808.0,0.0583953112363815,3840.0,983040.0,468.0,119808.0
ME-DOL-ZO,16,0.05,True,504.0,129024.0,0.0493878833949565,3840.0,983040.0,504.0,129024.0
ME-DOL-ZO,16,0.04,True,552.0,141312.0,0.0396332629024982,3840.0,983040.0,552.0,141312.0
ME-DOL-ZO,16,0.03,True,612.0,156672.0,0.0297651980072259,3840.0,983040.0,612.0,156672.0
ME-DOL-ZO,16,0.025,True,684.0,175104.0,0.0244038254022598,3840.0,983040.0,684.0,175104.0
ME-DOL-ZO,16,0.02,True,756.0,193536.0,0.0195296611636877,3840.0,983040.0,756.0,193536.0
ME-DOL-ZO,16,0.018,True,804.0,205824.0,0.0178888533264398,3840.0,983040.0,804.0,205824.0
ME-DOL-ZO,16,0.016,True,1068.0,273408.0,0.0156093565747141,3840.0,983040.0,1068.0,273408.0
ME-DOL-ZO,16,0.015,True,1704.0,436224.0,0.0149432187899947,3840.0,983040.0,1704.0,436224.0
ME-DOL-ZO,16,0.014,True,3120.0,798720.0,0.0139496279880404,3840.0,983040.0,3120.0,798720.0
ME-DOL-ZO,16,0.013,False,,,,3840.0,983040.0,3840.0,983040.0
ME-DOL-ZO,16,0.012,False,,,,3840.0,983040.0,3840.0,983040.0
ME-DOL-ZO,16,0.0115,False,,,,3840.0,983040.0,3840.0,983040.0
ME-DOL-ZO,16,0.011,False,,,,3840.0,983040.0,3840.0,983040.0
ME-DOL-ZO,16,0.01075,False,,,,3840.0,983040.0,3840.0,983040.0
ME-DOL-ZO,16,0.0105,False,,,,3840.0,983040.0,3840.0,983040.0
ME-DOL-ZO,16,0.01025,False,,,,3840.0,983040.0,3840.0,983040.0
ME-DOL-ZO,16,0.01,False,,,,3840.0,983040.0,3840.0,983040.0
ME-DOL-ZO,16,0.0095,False,,,,3840.0,983040.0,3840.0,983040.0
ME-DOL-ZO,16,0.009,False,,,,3840.0,983040.0,3840.0,983040.0
ME-DOL-ZO,16,0.008,False,,,,3840.0,983040.0,3840.0,983040.0
ME-DOL-ZO,16,0.007,False,,,,3840.0,983040.0,3840.0,983040.0
ME-DOL-ZO,16,0.006,False,,,,3840.0,983040.0,3840.0,983040.0
ME-DOL-ZO,16,0.005,False,,,,3840.0,983040.0,3840.0,983040.0
ME-DOL-ZO,16,0.004,False,,,,3840.0,983040.0,3840.0,983040.0
ME-DOL-ZO,16,0.003,False,,,,3840.0,983040.0,3840.0,983040.0
ME-DOL-ZO,16,0.002,False,,,,3840.0,983040.0,3840.0,983040.0
ME-DOL-ZO,17,0.2,True,156.0,39936.0,0.1988877952098846,3840.0,983040.0,156.0,39936.0
ME-DOL-ZO,17,0.18,True,192.0,49152.0,0.1763365566730499,3840.0,983040.0,192.0,49152.0
ME-DOL-ZO,17,0.16,True,216.0,55296.0,0.1586405336856842,3840.0,983040.0,216.0,55296.0
ME-DOL-ZO,17,0.14,True,252.0,64512.0,0.1377016901969909,3840.0,983040.0,252.0,64512.0
ME-DOL-ZO,17,0.12,True,288.0,73728.0,0.1176855415105819,3840.0,983040.0,288.0,73728.0
ME-DOL-ZO,17,0.1,True,324.0,82944.0,0.0998602285981178,3840.0,983040.0,324.0,82944.0
ME-DOL-ZO,17,0.09,True,348.0,89088.0,0.0886727049946785,3840.0,983040.0,348.0,89088.0
ME-DOL-ZO,17,0.08,True,372.0,95232.0,0.0793430060148239,3840.0,983040.0,372.0,95232.0
ME-DOL-ZO,17,0.07,True,408.0,104448.0,0.0685347318649292,3840.0,983040.0,408.0,104448.0
ME-DOL-ZO,17,0.06,True,444.0,113664.0,0.0582775920629501,3840.0,983040.0,444.0,113664.0
ME-DOL-ZO,17,0.05,True,480.0,122880.0,0.0494342781603336,3840.0,983040.0,480.0,122880.0
ME-DOL-ZO,17,0.04,True,528.0,135168.0,0.0388650894165039,3840.0,983040.0,528.0,135168.0
ME-DOL-ZO,17,0.03,True,612.0,156672.0,0.0291405767202377,3840.0,983040.0,612.0,156672.0
ME-DOL-ZO,17,0.025,True,660.0,168960.0,0.0238136388361454,3840.0,983040.0,660.0,168960.0
ME-DOL-ZO,17,0.02,True,756.0,193536.0,0.0198732893913984,3840.0,983040.0,756.0,193536.0
ME-DOL-ZO,17,0.018,True,804.0,205824.0,0.0178363472223281,3840.0,983040.0,804.0,205824.0
ME-DOL-ZO,17,0.016,True,1128.0,288768.0,0.0158324148505926,3840.0,983040.0,1128.0,288768.0
ME-DOL-ZO,17,0.015,True,1176.0,301056.0,0.0149625902995467,3840.0,983040.0,1176.0,301056.0
ME-DOL-ZO,17,0.014,True,2076.0,531456.0,0.0137301906943321,3840.0,983040.0,2076.0,531456.0
ME-DOL-ZO,17,0.013,True,3360.0,860160.0,0.0126936202868819,3840.0,983040.0,3360.0,860160.0
ME-DOL-ZO,17,0.012,True,3720.0,952320.0,0.0119737861678004,3840.0,983040.0,3720.0,952320.0
ME-DOL-ZO,17,0.0115,False,,,,3840.0,983040.0,3840.0,983040.0
ME-DOL-ZO,17,0.011,False,,,,3840.0,983040.0,3840.0,983040.0
ME-DOL-ZO,17,0.01075,False,,,,3840.0,983040.0,3840.0,983040.0
ME-DOL-ZO,17,0.0105,False,,,,3840.0,983040.0,3840.0,983040.0
ME-DOL-ZO,17,0.01025,False,,,,3840.0,983040.0,3840.0,983040.0
ME-DOL-ZO,17,0.01,False,,,,3840.0,983040.0,3840.0,983040.0
ME-DOL-ZO,17,0.0095,False,,,,3840.0,983040.0,3840.0,983040.0
ME-DOL-ZO,17,0.009,False,,,,3840.0,983040.0,3840.0,983040.0
ME-DOL-ZO,17,0.008,False,,,,3840.0,983040.0,3840.0,983040.0
ME-DOL-ZO,17,0.007,False,,,,3840.0,983040.0,3840.0,983040.0
ME-DOL-ZO,17,0.006,False,,,,3840.0,983040.0,3840.0,983040.0
ME-DOL-ZO,17,0.005,False,,,,3840.0,983040.0,3840.0,983040.0
ME-DOL-ZO,17,0.004,False,,,,3840.0,983040.0,3840.0,983040.0
ME-DOL-ZO,17,0.003,False,,,,3840.0,983040.0,3840.0,983040.0
ME-DOL-ZO,17,0.002,False,,,,3840.0,983040.0,3840.0,983040.0
ME-DOL-ZO,18,0.2,True,168.0,43008.0,0.1974463611841201,3840.0,983040.0,168.0,43008.0
ME-DOL-ZO,18,0.18,True,204.0,52224.0,0.1739876270294189,3840.0,983040.0,204.0,52224.0
ME-DOL-ZO,18,0.16,True,228.0,58368.0,0.1571766585111618,3840.0,983040.0,228.0,58368.0
ME-DOL-ZO,18,0.14,True,264.0,67584.0,0.1359574496746063,3840.0,983040.0,264.0,67584.0
ME-DOL-ZO,18,0.12,True,300.0,76800.0,0.113312542438507,3840.0,983040.0,300.0,76800.0
ME-DOL-ZO,18,0.1,True,336.0,86016.0,0.0967174395918846,3840.0,983040.0,336.0,86016.0
ME-DOL-ZO,18,0.09,True,360.0,92160.0,0.0860800147056579,3840.0,983040.0,360.0,92160.0
ME-DOL-ZO,18,0.08,True,384.0,98304.0,0.0753810107707977,3840.0,983040.0,384.0,98304.0
ME-DOL-ZO,18,0.07,True,408.0,104448.0,0.0659146234393119,3840.0,983040.0,408.0,104448.0
ME-DOL-ZO,18,0.06,True,432.0,110592.0,0.057562667876482,3840.0,983040.0,432.0,110592.0
ME-DOL-ZO,18,0.05,True,468.0,119808.0,0.0488385446369648,3840.0,983040.0,468.0,119808.0
ME-DOL-ZO,18,0.04,True,516.0,132096.0,0.0381539165973663,3840.0,983040.0,516.0,132096.0
ME-DOL-ZO,18,0.03,True,576.0,147456.0,0.0299464408308267,3840.0,983040.0,576.0,147456.0
ME-DOL-ZO,18,0.025,True,648.0,165888.0,0.0244711320847272,3840.0,983040.0,648.0,165888.0
ME-DOL-ZO,18,0.02,True,744.0,190464.0,0.0196275077760219,3840.0,983040.0,744.0,190464.0
ME-DOL-ZO,18,0.018,True,804.0,205824.0,0.0177578069269657,3840.0,983040.0,804.0,205824.0
ME-DOL-ZO,18,0.016,True,852.0,218112.0,0.0153152085840702,3840.0,983040.0,852.0,218112.0
ME-DOL-ZO,18,0.015,True,864.0,221184.0,0.0148327052593231,3840.0,983040.0,864.0,221184.0
ME-DOL-ZO,18,0.014,True,1152.0,294912.0,0.0139265321195125,3840.0,983040.0,1152.0,294912.0
ME-DOL-ZO,18,0.013,True,1284.0,328704.0,0.0129201440140604,3840.0,983040.0,1284.0,328704.0
ME-DOL-ZO,18,0.012,False,,,,3840.0,983040.0,3840.0,983040.0
ME-DOL-ZO,18,0.0115,False,,,,3840.0,983040.0,3840.0,983040.0
ME-DOL-ZO,18,0.011,False,,,,3840.0,983040.0,3840.0,983040.0
ME-DOL-ZO,18,0.01075,False,,,,3840.0,983040.0,3840.0,983040.0
ME-DOL-ZO,18,0.0105,False,,,,3840.0,983040.0,3840.0,983040.0
ME-DOL-ZO,18,0.01025,False,,,,3840.0,983040.0,3840.0,983040.0
ME-DOL-ZO,18,0.01,False,,,,3840.0,983040.0,3840.0,983040.0
ME-DOL-ZO,18,0.0095,False,,,,3840.0,983040.0,3840.0,983040.0
ME-DOL-ZO,18,0.009,False,,,,3840.0,983040.0,3840.0,983040.0
ME-DOL-ZO,18,0.008,False,,,,3840.0,983040.0,3840.0,983040.0
ME-DOL-ZO,18,0.007,False,,,,3840.0,983040.0,3840.0,983040.0
ME-DOL-ZO,18,0.006,False,,,,3840.0,983040.0,3840.0,983040.0
ME-DOL-ZO,18,0.005,False,,,,3840.0,983040.0,3840.0,983040.0
ME-DOL-ZO,18,0.004,False,,,,3840.0,983040.0,3840.0,983040.0
ME-DOL-ZO,18,0.003,False,,,,3840.0,983040.0,3840.0,983040.0
ME-DOL-ZO,18,0.002,False,,,,3840.0,983040.0,3840.0,983040.0
ME-DOL-ZO,19,0.2,True,156.0,39936.0,0.1998634934425354,3840.0,983040.0,156.0,39936.0
ME-DOL-ZO,19,0.18,True,204.0,52224.0,0.1746174991130828,3840.0,983040.0,204.0,52224.0
ME-DOL-ZO,19,0.16,True,240.0,61440.0,0.1531071662902832,3840.0,983040.0,240.0,61440.0
ME-DOL-ZO,19,0.14,True,264.0,67584.0,0.1379471868276596,3840.0,983040.0,264.0,67584.0
ME-DOL-ZO,19,0.12,True,300.0,76800.0,0.1169255822896957,3840.0,983040.0,300.0,76800.0
ME-DOL-ZO,19,0.1,True,348.0,89088.0,0.0950774326920509,3840.0,983040.0,348.0,89088.0
ME-DOL-ZO,19,0.09,True,360.0,92160.0,0.0899723246693611,3840.0,983040.0,360.0,92160.0
ME-DOL-ZO,19,0.08,True,396.0,101376.0,0.0779937133193016,3840.0,983040.0,396.0,101376.0
ME-DOL-ZO,19,0.07,True,420.0,107520.0,0.0699227228760719,3840.0,983040.0,420.0,107520.0
ME-DOL-ZO,19,0.06,True,456.0,116736.0,0.0599697418510913,3840.0,983040.0,456.0,116736.0
ME-DOL-ZO,19,0.05,True,516.0,132096.0,0.0496130809187889,3840.0,983040.0,516.0,132096.0
ME-DOL-ZO,19,0.04,True,564.0,144384.0,0.0387640595436096,3840.0,983040.0,564.0,144384.0
ME-DOL-ZO,19,0.03,True,648.0,165888.0,0.0287773367017507,3840.0,983040.0,648.0,165888.0
ME-DOL-ZO,19,0.025,True,708.0,181248.0,0.0249429624527692,3840.0,983040.0,708.0,181248.0
ME-DOL-ZO,19,0.02,True,852.0,218112.0,0.0196009706705808,3840.0,983040.0,852.0,218112.0
ME-DOL-ZO,19,0.018,True,912.0,233472.0,0.0177737213671207,3840.0,983040.0,912.0,233472.0
ME-DOL-ZO,19,0.016,True,1260.0,322560.0,0.0159303378313779,3840.0,983040.0,1260.0,322560.0
ME-DOL-ZO,19,0.015,True,1440.0,368640.0,0.0149893648922443,3840.0,983040.0,1440.0,368640.0
ME-DOL-ZO,19,0.014,True,1728.0,442368.0,0.0137685276567935,3840.0,983040.0,1728.0,442368.0
ME-DOL-ZO,19,0.013,True,2052.0,525312.0,0.0127300936728715,3840.0,983040.0,2052.0,525312.0
ME-DOL-ZO,19,0.012,False,,,,3840.0,983040.0,3840.0,983040.0
ME-DOL-ZO,19,0.0115,False,,,,3840.0,983040.0,3840.0,983040.0
ME-DOL-ZO,19,0.011,False,,,,3840.0,983040.0,3840.0,983040.0
ME-DOL-ZO,19,0.01075,False,,,,3840.0,983040.0,3840.0,983040.0
ME-DOL-ZO,19,0.0105,False,,,,3840.0,983040.0,3840.0,983040.0
ME-DOL-ZO,19,0.01025,False,,,,3840.0,983040.0,3840.0,983040.0
ME-DOL-ZO,19,0.01,False,,,,3840.0,983040.0,3840.0,983040.0
ME-DOL-ZO,19,0.0095,False,,,,3840.0,983040.0,3840.0,983040.0
ME-DOL-ZO,19,0.009,False,,,,3840.0,983040.0,3840.0,983040.0
ME-DOL-ZO,19,0.008,False,,,,3840.0,983040.0,3840.0,983040.0
ME-DOL-ZO,19,0.007,False,,,,3840.0,983040.0,3840.0,983040.0
ME-DOL-ZO,19,0.006,False,,,,3840.0,983040.0,3840.0,983040.0
ME-DOL-ZO,19,0.005,False,,,,3840.0,983040.0,3840.0,983040.0
ME-DOL-ZO,19,0.004,False,,,,3840.0,983040.0,3840.0,983040.0
ME-DOL-ZO,19,0.003,False,,,,3840.0,983040.0,3840.0,983040.0
ME-DOL-ZO,19,0.002,False,,,,3840.0,983040.0,3840.0,983040.0
DGFM,0,0.2,True,392.0,50176.0,0.1989856958389282,7680.0,983040.0,392.0,50176.0
DGFM,0,0.18,True,480.0,61440.0,0.1796774566173553,7680.0,983040.0,480.0,61440.0
DGFM,0,0.16,True,576.0,73728.0,0.1590698659420013,7680.0,983040.0,576.0,73728.0
DGFM,0,0.14,True,672.0,86016.0,0.1383921355009079,7680.0,983040.0,672.0,86016.0
DGFM,0,0.12,True,760.0,97280.0,0.1194694340229034,7680.0,983040.0,760.0,97280.0
DGFM,0,0.1,True,872.0,111616.0,0.099551536142826,7680.0,983040.0,872.0,111616.0
DGFM,0,0.09,True,936.0,119808.0,0.0892543941736221,7680.0,983040.0,936.0,119808.0
DGFM,0,0.08,True,1016.0,130048.0,0.0798311978578567,7680.0,983040.0,1016.0,130048.0
DGFM,0,0.07,True,1080.0,138240.0,0.0687909424304962,7680.0,983040.0,1080.0,138240.0
DGFM,0,0.06,True,1160.0,148480.0,0.0598307438194751,7680.0,983040.0,1160.0,148480.0
DGFM,0,0.05,True,1312.0,167936.0,0.0493481233716011,7680.0,983040.0,1312.0,167936.0
DGFM,0,0.04,True,1464.0,187392.0,0.0398218929767608,7680.0,983040.0,1464.0,187392.0
DGFM,0,0.03,True,1712.0,219136.0,0.0299846194684505,7680.0,983040.0,1712.0,219136.0
DGFM,0,0.025,True,1872.0,239616.0,0.0249330718070268,7680.0,983040.0,1872.0,239616.0
DGFM,0,0.02,True,2080.0,266240.0,0.0198306906968355,7680.0,983040.0,2080.0,266240.0
DGFM,0,0.018,True,2176.0,278528.0,0.0179310161620378,7680.0,983040.0,2176.0,278528.0
DGFM,0,0.016,True,2320.0,296960.0,0.0157778393477201,7680.0,983040.0,2320.0,296960.0
DGFM,0,0.015,True,2552.0,326656.0,0.0149722835049033,7680.0,983040.0,2552.0,326656.0
DGFM,0,0.014,True,2736.0,350208.0,0.0137082496657967,7680.0,983040.0,2736.0,350208.0
DGFM,0,0.013,True,2800.0,358400.0,0.0128704123198986,7680.0,983040.0,2800.0,358400.0
DGFM,0,0.012,True,3000.0,384000.0,0.0119653651490807,7680.0,983040.0,3000.0,384000.0
DGFM,0,0.0115,True,4320.0,552960.0,0.0114726405590772,7680.0,983040.0,4320.0,552960.0
DGFM,0,0.011,True,6152.0,787456.0,0.010920769535005,7680.0,983040.0,6152.0,787456.0
DGFM,0,0.01075,True,6176.0,790528.0,0.0106943519786,7680.0,983040.0,6176.0,790528.0
DGFM,0,0.0105,True,7376.0,944128.0,0.0104996664449572,7680.0,983040.0,7376.0,944128.0
DGFM,0,0.01025,False,,,,7680.0,983040.0,7680.0,983040.0
DGFM,0,0.01,False,,,,7680.0,983040.0,7680.0,983040.0
DGFM,0,0.0095,False,,,,7680.0,983040.0,7680.0,983040.0
DGFM,0,0.009,False,,,,7680.0,983040.0,7680.0,983040.0
DGFM,0,0.008,False,,,,7680.0,983040.0,7680.0,983040.0
DGFM,0,0.007,False,,,,7680.0,983040.0,7680.0,983040.0
DGFM,0,0.006,False,,,,7680.0,983040.0,7680.0,983040.0
DGFM,0,0.005,False,,,,7680.0,983040.0,7680.0,983040.0
DGFM,0,0.004,False,,,,7680.0,983040.0,7680.0,983040.0
DGFM,0,0.003,False,,,,7680.0,983040.0,7680.0,983040.0
DGFM,0,0.002,False,,,,7680.0,983040.0,7680.0,983040.0
DGFM,1,0.2,True,384.0,49152.0,0.1986111551523208,7680.0,983040.0,384.0,49152.0
DGFM,1,0.18,True,480.0,61440.0,0.1779780089855194,7680.0,983040.0,480.0,61440.0
DGFM,1,0.16,True,568.0,72704.0,0.1593776941299438,7680.0,983040.0,568.0,72704.0
DGFM,1,0.14,True,664.0,84992.0,0.1392532587051391,7680.0,983040.0,664.0,84992.0
DGFM,1,0.12,True,760.0,97280.0,0.1198515594005584,7680.0,983040.0,760.0,97280.0
DGFM,1,0.1,True,880.0,112640.0,0.0994618088006973,7680.0,983040.0,880.0,112640.0
DGFM,1,0.09,True,952.0,121856.0,0.0892834663391113,7680.0,983040.0,952.0,121856.0
DGFM,1,0.08,True,1008.0,129024.0,0.0796668753027916,7680.0,983040.0,1008.0,129024.0
DGFM,1,0.07,True,1096.0,140288.0,0.0688288435339927,7680.0,983040.0,1096.0,140288.0
DGFM,1,0.06,True,1216.0,155648.0,0.0595535188913345,7680.0,983040.0,1216.0,155648.0
DGFM,1,0.05,True,1336.0,171008.0,0.0492375865578651,7680.0,983040.0,1336.0,171008.0
DGFM,1,0.04,True,1464.0,187392.0,0.0393709056079387,7680.0,983040.0,1464.0,187392.0
DGFM,1,0.03,True,1664.0,212992.0,0.0294868145138025,7680.0,983040.0,1664.0,212992.0
DGFM,1,0.025,True,1864.0,238592.0,0.0245439689606428,7680.0,983040.0,1864.0,238592.0
DGFM,1,0.02,True,2008.0,257024.0,0.0198813620954751,7680.0,983040.0,2008.0,257024.0
DGFM,1,0.018,True,2120.0,271360.0,0.017874427139759,7680.0,983040.0,2120.0,271360.0
DGFM,1,0.016,True,2240.0,286720.0,0.015824569389224,7680.0,983040.0,2240.0,286720.0
DGFM,1,0.015,True,2328.0,297984.0,0.0149305379018187,7680.0,983040.0,2328.0,297984.0
DGFM,1,0.014,True,2672.0,342016.0,0.0139576951041817,7680.0,983040.0,2672.0,342016.0
DGFM,1,0.013,True,3096.0,396288.0,0.012782254256308,7680.0,983040.0,3096.0,396288.0
DGFM,1,0.012,True,3664.0,468992.0,0.0117362905293703,7680.0,983040.0,3664.0,468992.0
DGFM,1,0.0115,True,3784.0,484352.0,0.0114939864724874,7680.0,983040.0,3784.0,484352.0
DGFM,1,0.011,True,4120.0,527360.0,0.0109235299751162,7680.0,983040.0,4120.0,527360.0
DGFM,1,0.01075,True,4136.0,529408.0,0.0106683522462844,7680.0,983040.0,4136.0,529408.0
DGFM,1,0.0105,True,4192.0,536576.0,0.0104675479233264,7680.0,983040.0,4192.0,536576.0
DGFM,1,0.01025,False,,,,7680.0,983040.0,7680.0,983040.0
DGFM,1,0.01,False,,,,7680.0,983040.0,7680.0,983040.0
DGFM,1,0.0095,False,,,,7680.0,983040.0,7680.0,983040.0
DGFM,1,0.009,False,,,,7680.0,983040.0,7680.0,983040.0
DGFM,1,0.008,False,,,,7680.0,983040.0,7680.0,983040.0
DGFM,1,0.007,False,,,,7680.0,983040.0,7680.0,983040.0
DGFM,1,0.006,False,,,,7680.0,983040.0,7680.0,983040.0
DGFM,1,0.005,False,,,,7680.0,983040.0,7680.0,983040.0
DGFM,1,0.004,False,,,,7680.0,983040.0,7680.0,983040.0
DGFM,1,0.003,False,,,,7680.0,983040.0,7680.0,983040.0
DGFM,1,0.002,False,,,,7680.0,983040.0,7680.0,983040.0
DGFM,2,0.2,True,360.0,46080.0,0.1992821991443634,7680.0,983040.0,360.0,46080.0
DGFM,2,0.18,True,440.0,56320.0,0.1799883246421814,7680.0,983040.0,440.0,56320.0
DGFM,2,0.16,True,536.0,68608.0,0.1588145345449447,7680.0,983040.0,536.0,68608.0
DGFM,2,0.14,True,624.0,79872.0,0.1388256251811981,7680.0,983040.0,624.0,79872.0
DGFM,2,0.12,True,736.0,94208.0,0.1189117282629013,7680.0,983040.0,736.0,94208.0
DGFM,2,0.1,True,840.0,107520.0,0.0992074608802795,7680.0,983040.0,840.0,107520.0
DGFM,2,0.09,True,896.0,114688.0,0.0896273329854011,7680.0,983040.0,896.0,114688.0
DGFM,2,0.08,True,976.0,124928.0,0.0792872235178947,7680.0,983040.0,976.0,124928.0
DGFM,2,0.07,True,1072.0,137216.0,0.0690743550658226,7680.0,983040.0,1072.0,137216.0
DGFM,2,0.06,True,1160.0,148480.0,0.0587109997868537,7680.0,983040.0,1160.0,148480.0
DGFM,2,0.05,True,1280.0,163840.0,0.0495153777301311,7680.0,983040.0,1280.0,163840.0
DGFM,2,0.04,True,1416.0,181248.0,0.0399228520691394,7680.0,983040.0,1416.0,181248.0
DGFM,2,0.03,True,1608.0,205824.0,0.0297200195491313,7680.0,983040.0,1608.0,205824.0
DGFM,2,0.025,True,1752.0,224256.0,0.0249253325164318,7680.0,983040.0,1752.0,224256.0
DGFM,2,0.02,True,1888.0,241664.0,0.0199163425713777,7680.0,983040.0,1888.0,241664.0
DGFM,2,0.018,True,1984.0,253952.0,0.017989644780755,7680.0,983040.0,1984.0,253952.0
DGFM,2,0.016,True,2152.0,275456.0,0.0157526861876249,7680.0,983040.0,2152.0,275456.0
DGFM,2,0.015,True,2200.0,281600.0,0.0146412663161754,7680.0,983040.0,2200.0,281600.0
DGFM,2,0.014,True,2240.0,286720.0,0.0136779630556702,7680.0,983040.0,2240.0,286720.0
DGFM,2,0.013,True,2304.0,294912.0,0.0128997480496764,7680.0,983040.0,2304.0,294912.0
DGFM,2,0.012,True,2616.0,334848.0,0.0119808251038193,7680.0,983040.0,2616.0,334848.0
DGFM,2,0.0115,True,2872.0,367616.0,0.0114547172561287,7680.0,983040.0,2872.0,367616.0
DGFM,2,0.011,True,4264.0,545792.0,0.0108918892219662,7680.0,983040.0,4264.0,545792.0
DGFM,2,0.01075,True,4288.0,548864.0,0.0104402126744389,7680.0,983040.0,4288.0,548864.0
DGFM,2,0.0105,True,4288.0,548864.0,0.0104402126744389,7680.0,983040.0,4288.0,548864.0
DGFM,2,0.01025,False,,,,7680.0,983040.0,7680.0,983040.0
DGFM,2,0.01,False,,,,7680.0,983040.0,7680.0,983040.0
DGFM,2,0.0095,False,,,,7680.0,983040.0,7680.0,983040.0
DGFM,2,0.009,False,,,,7680.0,983040.0,7680.0,983040.0
DGFM,2,0.008,False,,,,7680.0,983040.0,7680.0,983040.0
DGFM,2,0.007,False,,,,7680.0,983040.0,7680.0,983040.0
DGFM,2,0.006,False,,,,7680.0,983040.0,7680.0,983040.0
DGFM,2,0.005,False,,,,7680.0,983040.0,7680.0,983040.0
DGFM,2,0.004,False,,,,7680.0,983040.0,7680.0,983040.0
DGFM,2,0.003,False,,,,7680.0,983040.0,7680.0,983040.0
DGFM,2,0.002,False,,,,7680.0,983040.0,7680.0,983040.0
DGFM,3,0.2,True,368.0,47104.0,0.1990066915750503,7680.0,983040.0,368.0,47104.0
DGFM,3,0.18,True,464.0,59392.0,0.1782517433166504,7680.0,983040.0,464.0,59392.0
DGFM,3,0.16,True,552.0,70656.0,0.1598235517740249,7680.0,983040.0,552.0,70656.0
DGFM,3,0.14,True,656.0,83968.0,0.1394097357988357,7680.0,983040.0,656.0,83968.0
DGFM,3,0.12,True,760.0,97280.0,0.1194877475500106,7680.0,983040.0,760.0,97280.0
DGFM,3,0.1,True,864.0,110592.0,0.0991887226700782,7680.0,983040.0,864.0,110592.0
DGFM,3,0.09,True,936.0,119808.0,0.0898376926779747,7680.0,983040.0,936.0,119808.0
DGFM,3,0.08,True,1000.0,128000.0,0.0787996277213096,7680.0,983040.0,1000.0,128000.0
DGFM,3,0.07,True,1072.0,137216.0,0.0694901794195175,7680.0,983040.0,1072.0,137216.0
DGFM,3,0.06,True,1160.0,148480.0,0.0597025416791439,7680.0,983040.0,1160.0,148480.0
DGFM,3,0.05,True,1296.0,165888.0,0.0497208535671234,7680.0,983040.0,1296.0,165888.0
DGFM,3,0.04,True,1440.0,184320.0,0.0396829470992088,7680.0,983040.0,1440.0,184320.0
DGFM,3,0.03,True,1720.0,220160.0,0.0296646319329738,7680.0,983040.0,1720.0,220160.0
DGFM,3,0.025,True,1832.0,234496.0,0.0248299911618232,7680.0,983040.0,1832.0,234496.0
DGFM,3,0.02,True,2048.0,262144.0,0.0197249911725521,7680.0,983040.0,2048.0,262144.0
DGFM,3,0.018,True,2176.0,278528.0,0.0178392268717288,7680.0,983040.0,2176.0,278528.0
DGFM,3,0.016,True,2472.0,316416.0,0.0158363915979862,7680.0,983040.0,2472.0,316416.0
DGFM,3,0.015,True,2656.0,339968.0,0.0149127142503857,7680.0,983040.0,2656.0,339968.0
DGFM,3,0.014,True,2752.0,352256.0,0.0139947459101676,7680.0,983040.0,2752.0,352256.0
DGFM,3,0.013,True,2864.0,366592.0,0.0129610113799571,7680.0,983040.0,2864.0,366592.0
DGFM,3,0.012,True,2920.0,373760.0,0.0119495829567313,7680.0,983040.0,2920.0,373760.0
DGFM,3,0.0115,True,5752.0,736256.0,0.0114761656150221,7680.0,983040.0,5752.0,736256.0
DGFM,3,0.011,True,6136.0,785408.0,0.0109358327463269,7680.0,983040.0,6136.0,785408.0
DGFM,3,0.01075,True,6200.0,793600.0,0.0106818741187453,7680.0,983040.0,6200.0,793600.0
DGFM,3,0.0105,False,,,,7680.0,983040.0,7680.0,983040.0
DGFM,3,0.01025,False,,,,7680.0,983040.0,7680.0,983040.0
DGFM,3,0.01,False,,,,7680.0,983040.0,7680.0,983040.0
DGFM,3,0.0095,False,,,,7680.0,983040.0,7680.0,983040.0
DGFM,3,0.009,False,,,,7680.0,983040.0,7680.0,983040.0
DGFM,3,0.008,False,,,,7680.0,983040.0,7680.0,983040.0
DGFM,3,0.007,False,,,,7680.0,983040.0,7680.0,983040.0
DGFM,3,0.006,False,,,,7680.0,983040.0,7680.0,983040.0
DGFM,3,0.005,False,,,,7680.0,983040.0,7680.0,983040.0
DGFM,3,0.004,False,,,,7680.0,983040.0,7680.0,983040.0
DGFM,3,0.003,False,,,,7680.0,983040.0,7680.0,983040.0
DGFM,3,0.002,False,,,,7680.0,983040.0,7680.0,983040.0
DGFM,4,0.2,True,352.0,45056.0,0.1989909559488296,7680.0,983040.0,352.0,45056.0
DGFM,4,0.18,True,448.0,57344.0,0.178399920463562,7680.0,983040.0,448.0,57344.0
DGFM,4,0.16,True,528.0,67584.0,0.1599552035331726,7680.0,983040.0,528.0,67584.0
DGFM,4,0.14,True,632.0,80896.0,0.1391370147466659,7680.0,983040.0,632.0,80896.0
DGFM,4,0.12,True,736.0,94208.0,0.1192185059189796,7680.0,983040.0,736.0,94208.0
DGFM,4,0.1,True,856.0,109568.0,0.0999515727162361,7680.0,983040.0,856.0,109568.0
DGFM,4,0.09,True,920.0,117760.0,0.0899829566478729,7680.0,983040.0,920.0,117760.0
DGFM,4,0.08,True,1008.0,129024.0,0.0787379965186119,7680.0,983040.0,1008.0,129024.0
DGFM,4,0.07,True,1096.0,140288.0,0.069888487458229,7680.0,983040.0,1096.0,140288.0
DGFM,4,0.06,True,1200.0,153600.0,0.0594658404588699,7680.0,983040.0,1200.0,153600.0
DGFM,4,0.05,True,1352.0,173056.0,0.0494939498603343,7680.0,983040.0,1352.0,173056.0
DGFM,4,0.04,True,1512.0,193536.0,0.0396621972322464,7680.0,983040.0,1512.0,193536.0
DGFM,4,0.03,True,1744.0,223232.0,0.0294234734028577,7680.0,983040.0,1744.0,223232.0
DGFM,4,0.025,True,1896.0,242688.0,0.0248318668454885,7680.0,983040.0,1896.0,242688.0
DGFM,4,0.02,True,2072.0,265216.0,0.0198140386492013,7680.0,983040.0,2072.0,265216.0
DGFM,4,0.018,True,2248.0,287744.0,0.0173433236777782,7680.0,983040.0,2248.0,287744.0
DGFM,4,0.016,True,2432.0,311296.0,0.0159499030560255,7680.0,983040.0,2432.0,311296.0
DGFM,4,0.015,True,2496.0,319488.0,0.0148312430828809,7680.0,983040.0,2496.0,319488.0
DGFM,4,0.014,True,2600.0,332800.0,0.0139631694182753,7680.0,983040.0,2600.0,332800.0
DGFM,4,0.013,True,2736.0,350208.0,0.0129389706999063,7680.0,983040.0,2736.0,350208.0
DGFM,4,0.012,True,3296.0,421888.0,0.0117954686284065,7680.0,983040.0,3296.0,421888.0
DGFM,4,0.0115,True,4848.0,620544.0,0.0113297374919056,7680.0,983040.0,4848.0,620544.0
DGFM,4,0.011,True,5672.0,726016.0,0.0109108295291662,7680.0,983040.0,5672.0,726016.0
DGFM,4,0.01075,True,5688.0,728064.0,0.0107036456465721,7680.0,983040.0,5688.0,728064.0
DGFM,4,0.0105,False,,,,7680.0,983040.0,7680.0,983040.0
DGFM,4,0.01025,False,,,,7680.0,983040.0,7680.0,983040.0
DGFM,4,0.01,False,,,,7680.0,983040.0,7680.0,983040.0
DGFM,4,0.0095,False,,,,7680.0,983040.0,7680.0,983040.0
DGFM,4,0.009,False,,,,7680.0,983040.0,7680.0,983040.0
DGFM,4,0.008,False,,,,7680.0,983040.0,7680.0,983040.0
DGFM,4,0.007,False,,,,7680.0,983040.0,7680.0,983040.0
DGFM,4,0.006,False,,,,7680.0,983040.0,7680.0,983040.0
DGFM,4,0.005,False,,,,7680.0,983040.0,7680.0,983040.0
DGFM,4,0.004,False,,,,7680.0,983040.0,7680.0,983040.0
DGFM,4,0.003,False,,,,7680.0,983040.0,7680.0,983040.0
DGFM,4,0.002,False,,,,7680.0,983040.0,7680.0,983040.0
DGFM,5,0.2,True,360.0,46080.0,0.1998713314533233,7680.0,983040.0,360.0,46080.0
DGFM,5,0.18,True,456.0,58368.0,0.1786955296993255,7680.0,983040.0,456.0,58368.0
DGFM,5,0.16,True,544.0,69632.0,0.1595414578914642,7680.0,983040.0,544.0,69632.0
DGFM,5,0.14,True,632.0,80896.0,0.139210045337677,7680.0,983040.0,632.0,80896.0
DGFM,5,0.12,True,728.0,93184.0,0.1197320446372032,7680.0,983040.0,728.0,93184.0
DGFM,5,0.1,True,856.0,109568.0,0.0995853915810585,7680.0,983040.0,856.0,109568.0
DGFM,5,0.09,True,920.0,117760.0,0.0891996026039123,7680.0,983040.0,920.0,117760.0
DGFM,5,0.08,True,984.0,125952.0,0.0791615173220634,7680.0,983040.0,984.0,125952.0
DGFM,5,0.07,True,1064.0,136192.0,0.069457471370697,7680.0,983040.0,1064.0,136192.0
DGFM,5,0.06,True,1160.0,148480.0,0.0596669875085353,7680.0,983040.0,1160.0,148480.0
DGFM,5,0.05,True,1272.0,162816.0,0.0495460741221904,7680.0,983040.0,1272.0,162816.0
DGFM,5,0.04,True,1400.0,179200.0,0.0398677997291088,7680.0,983040.0,1400.0,179200.0
DGFM,5,0.03,True,1608.0,205824.0,0.029869845137,7680.0,983040.0,1608.0,205824.0
DGFM,5,0.025,True,1744.0,223232.0,0.0245417356491088,7680.0,983040.0,1744.0,223232.0
DGFM,5,0.02,True,1976.0,252928.0,0.0199736692011356,7680.0,983040.0,1976.0,252928.0
DGFM,5,0.018,True,2144.0,274432.0,0.0178894437849521,7680.0,983040.0,2144.0,274432.0
DGFM,5,0.016,True,2240.0,286720.0,0.0157268662005662,7680.0,983040.0,2240.0,286720.0
DGFM,5,0.015,True,2320.0,296960.0,0.0147552983835339,7680.0,983040.0,2320.0,296960.0
DGFM,5,0.014,True,2376.0,304128.0,0.0139043917879462,7680.0,983040.0,2376.0,304128.0
DGFM,5,0.013,True,2488.0,318464.0,0.0129364300519227,7680.0,983040.0,2488.0,318464.0
DGFM,5,0.012,True,2896.0,370688.0,0.0119784492999315,7680.0,983040.0,2896.0,370688.0
DGFM,5,0.0115,True,2968.0,379904.0,0.0113601656630635,7680.0,983040.0,2968.0,379904.0
DGFM,5,0.011,True,4696.0,601088.0,0.0109640387818217,7680.0,983040.0,4696.0,601088.0
DGFM,5,0.01075,False,,,,7680.0,983040.0,7680.0,983040.0
DGFM,5,0.0105,False,,,,7680.0,983040.0,7680.0,983040.0
DGFM,5,0.01025,False,,,,7680.0,983040.0,7680.0,983040.0
DGFM,5,0.01,False,,,,7680.0,983040.0,7680.0,983040.0
DGFM,5,0.0095,False,,,,7680.0,983040.0,7680.0,983040.0
DGFM,5,0.009,False,,,,7680.0,983040.0,7680.0,983040.0
DGFM,5,0.008,False,,,,7680.0,983040.0,7680.0,983040.0
DGFM,5,0.007,False,,,,7680.0,983040.0,7680.0,983040.0
DGFM,5,0.006,False,,,,7680.0,983040.0,7680.0,983040.0
DGFM,5,0.005,False,,,,7680.0,983040.0,7680.0,983040.0
DGFM,5,0.004,False,,,,7680.0,983040.0,7680.0,983040.0
DGFM,5,0.003,False,,,,7680.0,983040.0,7680.0,983040.0
DGFM,5,0.002,False,,,,7680.0,983040.0,7680.0,983040.0
DGFM,6,0.2,True,368.0,47104.0,0.1988881081342697,7680.0,983040.0,368.0,47104.0
DGFM,6,0.18,True,456.0,58368.0,0.1797897666692733,7680.0,983040.0,456.0,58368.0
DGFM,6,0.16,True,552.0,70656.0,0.158485472202301,7680.0,983040.0,552.0,70656.0
DGFM,6,0.14,True,648.0,82944.0,0.1388217806816101,7680.0,983040.0,648.0,82944.0
DGFM,6,0.12,True,736.0,94208.0,0.1189086511731147,7680.0,983040.0,736.0,94208.0
DGFM,6,0.1,True,848.0,108544.0,0.0999387428164482,7680.0,983040.0,848.0,108544.0
DGFM,6,0.09,True,936.0,119808.0,0.0889305025339126,7680.0,983040.0,936.0,119808.0
DGFM,6,0.08,True,1008.0,129024.0,0.0799217894673347,7680.0,983040.0,1008.0,129024.0
DGFM,6,0.07,True,1080.0,138240.0,0.0689964666962623,7680.0,983040.0,1080.0,138240.0
DGFM,6,0.06,True,1168.0,149504.0,0.0595868304371833,7680.0,983040.0,1168.0,149504.0
DGFM,6,0.05,True,1280.0,163840.0,0.0493964366614818,7680.0,983040.0,1280.0,163840.0
DGFM,6,0.04,True,1440.0,184320.0,0.0398337319493293,7680.0,983040.0,1440.0,184320.0
DGFM,6,0.03,True,1632.0,208896.0,0.0299626216292381,7680.0,983040.0,1632.0,208896.0
DGFM,6,0.025,True,1784.0,228352.0,0.0248030200600624,7680.0,983040.0,1784.0,228352.0
DGFM,6,0.02,True,1944.0,248832.0,0.019908171147108,7680.0,983040.0,1944.0,248832.0
DGFM,6,0.018,True,2128.0,272384.0,0.0179562885314226,7680.0,983040.0,2128.0,272384.0
DGFM,6,0.016,True,2264.0,289792.0,0.0159989856183528,7680.0,983040.0,2264.0,289792.0
DGFM,6,0.015,True,2432.0,311296.0,0.0146021582186222,7680.0,983040.0,2432.0,311296.0
DGFM,6,0.014,True,2640.0,337920.0,0.0139374183490872,7680.0,983040.0,2640.0,337920.0
DGFM,6,0.013,True,2752.0,352256.0,0.0129650169983506,7680.0,983040.0,2752.0,352256.0
DGFM,6,0.012,True,4576.0,585728.0,0.0119818430393934,7680.0,983040.0,4576.0,585728.0
DGFM,6,0.0115,True,6128.0,784384.0,0.011400387622416,7680.0,983040.0,6128.0,784384.0
DGFM,6,0.011,True,6440.0,824320.0,0.0109123522415757,7680.0,983040.0,6440.0,824320.0
DGFM,6,0.01075,False,,,,7680.0,983040.0,7680.0,983040.0
DGFM,6,0.0105,False,,,,7680.0,983040.0,7680.0,983040.0
DGFM,6,0.01025,False,,,,7680.0,983040.0,7680.0,983040.0
DGFM,6,0.01,False,,,,7680.0,983040.0,7680.0,983040.0
DGFM,6,0.0095,False,,,,7680.0,983040.0,7680.0,983040.0
DGFM,6,0.009,False,,,,7680.0,983040.0,7680.0,983040.0
DGFM,6,0.008,False,,,,7680.0,983040.0,7680.0,983040.0
DGFM,6,0.007,False,,,,7680.0,983040.0,7680.0,983040.0
DGFM,6,0.006,False,,,,7680.0,983040.0,7680.0,983040.0
DGFM,6,0.005,False,,,,7680.0,983040.0,7680.0,983040.0
DGFM,6,0.004,False,,,,7680.0,983040.0,7680.0,983040.0
DGFM,6,0.003,False,,,,7680.0,983040.0,7680.0,983040.0
DGFM,6,0.002,False,,,,7680.0,983040.0,7680.0,983040.0
DGFM,7,0.2,True,368.0,47104.0,0.1997931897640228,7680.0,983040.0,368.0,47104.0
DGFM,7,0.18,True,464.0,59392.0,0.1776699274778366,7680.0,983040.0,464.0,59392.0
DGFM,7,0.16,True,544.0,69632.0,0.1591380685567855,7680.0,983040.0,544.0,69632.0
DGFM,7,0.14,True,648.0,82944.0,0.1386953592300415,7680.0,983040.0,648.0,82944.0
DGFM,7,0.12,True,752.0,96256.0,0.1196791231632232,7680.0,983040.0,752.0,96256.0
DGFM,7,0.1,True,872.0,111616.0,0.0987727716565132,7680.0,983040.0,872.0,111616.0
DGFM,7,0.09,True,944.0,120832.0,0.0889292508363723,7680.0,983040.0,944.0,120832.0
DGFM,7,0.08,True,1016.0,130048.0,0.0797840282320976,7680.0,983040.0,1016.0,130048.0
DGFM,7,0.07,True,1104.0,141312.0,0.0695694684982299,7680.0,983040.0,1104.0,141312.0
DGFM,7,0.06,True,1192.0,152576.0,0.0598750822246074,7680.0,983040.0,1192.0,152576.0
DGFM,7,0.05,True,1320.0,168960.0,0.0499310530722141,7680.0,983040.0,1320.0,168960.0
DGFM,7,0.04,True,1448.0,185344.0,0.0394947826862335,7680.0,983040.0,1448.0,185344.0
DGFM,7,0.03,True,1632.0,208896.0,0.0294479522854089,7680.0,983040.0,1632.0,208896.0
DGFM,7,0.025,True,1784.0,228352.0,0.0249595064669847,7680.0,983040.0,1784.0,228352.0
DGFM,7,0.02,True,2016.0,258048.0,0.0198651403188705,7680.0,983040.0,2016.0,258048.0
DGFM,7,0.018,True,2112.0,270336.0,0.0178027469664812,7680.0,983040.0,2112.0,270336.0
DGFM,7,0.016,True,2256.0,288768.0,0.0158805549144744,7680.0,983040.0,2256.0,288768.0
DGFM,7,0.015,True,2328.0,297984.0,0.0148632004857063,7680.0,983040.0,2328.0,297984.0
DGFM,7,0.014,True,2504.0,320512.0,0.0139679685235023,7680.0,983040.0,2504.0,320512.0
DGFM,7,0.013,True,2744.0,351232.0,0.0129693802446126,7680.0,983040.0,2744.0,351232.0
DGFM,7,0.012,True,3744.0,479232.0,0.0119734061881899,7680.0,983040.0,3744.0,479232.0
DGFM,7,0.0115,True,4336.0,555008.0,0.0114085068926215,7680.0,983040.0,4336.0,555008.0
DGFM,7,0.011,True,5744.0,735232.0,0.010968760587275,7680.0,983040.0,5744.0,735232.0
DGFM,7,0.01075,True,5752.0,736256.0,0.0106413168832659,7680.0,983040.0,5752.0,736256.0
DGFM,7,0.0105,True,5808.0,743424.0,0.0104344831779599,7680.0,983040.0,5808.0,743424.0
DGFM,7,0.01025,False,,,,7680.0,983040.0,7680.0,983040.0
DGFM,7,0.01,False,,,,7680.0,983040.0,7680.0,983040.0
DGFM,7,0.0095,False,,,,7680.0,983040.0,7680.0,983040.0
DGFM,7,0.009,False,,,,7680.0,983040.0,7680.0,983040.0
DGFM,7,0.008,False,,,,7680.0,983040.0,7680.0,983040.0
DGFM,7,0.007,False,,,,7680.0,983040.0,7680.0,983040.0
DGFM,7,0.006,False,,,,7680.0,983040.0,7680.0,983040.0
DGFM,7,0.005,False,,,,7680.0,983040.0,7680.0,983040.0
DGFM,7,0.004,False,,,,7680.0,983040.0,7680.0,983040.0
DGFM,7,0.003,False,,,,7680.0,983040.0,7680.0,983040.0
DGFM,7,0.002,False,,,,7680.0,983040.0,7680.0,983040.0
DGFM,8,0.2,True,376.0,48128.0,0.1994337290525436,7680.0,983040.0,376.0,48128.0
DGFM,8,0.18,True,456.0,58368.0,0.1794043928384781,7680.0,983040.0,456.0,58368.0
DGFM,8,0.16,True,544.0,69632.0,0.1598512083292007,7680.0,983040.0,544.0,69632.0
DGFM,8,0.14,True,640.0,81920.0,0.138710007071495,7680.0,983040.0,640.0,81920.0
DGFM,8,0.12,True,744.0,95232.0,0.1189934015274047,7680.0,983040.0,744.0,95232.0
DGFM,8,0.1,True,856.0,109568.0,0.0983748212456703,7680.0,983040.0,856.0,109568.0
DGFM,8,0.09,True,928.0,118784.0,0.0894843116402626,7680.0,983040.0,928.0,118784.0
DGFM,8,0.08,True,1000.0,128000.0,0.0796119645237922,7680.0,983040.0,1000.0,128000.0
DGFM,8,0.07,True,1096.0,140288.0,0.0696336776018142,7680.0,983040.0,1096.0,140288.0
DGFM,8,0.06,True,1184.0,151552.0,0.0599926002323627,7680.0,983040.0,1184.0,151552.0
DGFM,8,0.05,True,1296.0,165888.0,0.0488876961171627,7680.0,983040.0,1296.0,165888.0
DGFM,8,0.04,True,1440.0,184320.0,0.0396690070629119,7680.0,983040.0,1440.0,184320.0
DGFM,8,0.03,True,1688.0,216064.0,0.0297823082655668,7680.0,983040.0,1688.0,216064.0
DGFM,8,0.025,True,1824.0,233472.0,0.0248336680233478,7680.0,983040.0,1824.0,233472.0
DGFM,8,0.02,True,2072.0,265216.0,0.0197285655885934,7680.0,983040.0,2072.0,265216.0
DGFM,8,0.018,True,2192.0,280576.0,0.0177988745272159,7680.0,983040.0,2192.0,280576.0
DGFM,8,0.016,True,2384.0,305152.0,0.0158033389598131,7680.0,983040.0,2384.0,305152.0
DGFM,8,0.015,True,2520.0,322560.0,0.0147873759269714,7680.0,983040.0,2520.0,322560.0
DGFM,8,0.014,True,2640.0,337920.0,0.0139566184952855,7680.0,983040.0,2640.0,337920.0
DGFM,8,0.013,True,2664.0,340992.0,0.0128555288538336,7680.0,983040.0,2664.0,340992.0
DGFM,8,0.012,True,3256.0,416768.0,0.0117101809009909,7680.0,983040.0,3256.0,416768.0
DGFM,8,0.0115,True,3344.0,428032.0,0.0113911014050245,7680.0,983040.0,3344.0,428032.0
DGFM,8,0.011,True,4264.0,545792.0,0.0109586725011467,7680.0,983040.0,4264.0,545792.0
DGFM,8,0.01075,True,6264.0,801792.0,0.010737745091319,7680.0,983040.0,6264.0,801792.0
DGFM,8,0.0105,False,,,,7680.0,983040.0,7680.0,983040.0
DGFM,8,0.01025,False,,,,7680.0,983040.0,7680.0,983040.0
DGFM,8,0.01,False,,,,7680.0,983040.0,7680.0,983040.0
DGFM,8,0.0095,False,,,,7680.0,983040.0,7680.0,983040.0
DGFM,8,0.009,False,,,,7680.0,983040.0,7680.0,983040.0
DGFM,8,0.008,False,,,,7680.0,983040.0,7680.0,983040.0
DGFM,8,0.007,False,,,,7680.0,983040.0,7680.0,983040.0
DGFM,8,0.006,False,,,,7680.0,983040.0,7680.0,983040.0
DGFM,8,0.005,False,,,,7680.0,983040.0,7680.0,983040.0
DGFM,8,0.004,False,,,,7680.0,983040.0,7680.0,983040.0
DGFM,8,0.003,False,,,,7680.0,983040.0,7680.0,983040.0
DGFM,8,0.002,False,,,,7680.0,983040.0,7680.0,983040.0
DGFM,9,0.2,True,376.0,48128.0,0.1984685957431793,7680.0,983040.0,376.0,48128.0
DGFM,9,0.18,True,456.0,58368.0,0.1794951856136322,7680.0,983040.0,456.0,58368.0
DGFM,9,0.16,True,552.0,70656.0,0.1587315648794174,7680.0,983040.0,552.0,70656.0
DGFM,9,0.14,True,640.0,81920.0,0.1395807564258575,7680.0,983040.0,640.0,81920.0
DGFM,9,0.12,True,752.0,96256.0,0.1190636083483696,7680.0,983040.0,752.0,96256.0
DGFM,9,0.1,True,864.0,110592.0,0.0984755530953407,7680.0,983040.0,864.0,110592.0
DGFM,9,0.09,True,928.0,118784.0,0.0890710949897766,7680.0,983040.0,928.0,118784.0
DGFM,9,0.08,True,1000.0,128000.0,0.0795723348855972,7680.0,983040.0,1000.0,128000.0
DGFM,9,0.07,True,1096.0,140288.0,0.0691396445035934,7680.0,983040.0,1096.0,140288.0
DGFM,9,0.06,True,1176.0,150528.0,0.0593931004405021,7680.0,983040.0,1176.0,150528.0
DGFM,9,0.05,True,1296.0,165888.0,0.0497656166553497,7680.0,983040.0,1296.0,165888.0
DGFM,9,0.04,True,1448.0,185344.0,0.0396847426891326,7680.0,983040.0,1448.0,185344.0
DGFM,9,0.03,True,1656.0,211968.0,0.0298402290791273,7680.0,983040.0,1656.0,211968.0
DGFM,9,0.025,True,1736.0,222208.0,0.0246139857918024,7680.0,983040.0,1736.0,222208.0
DGFM,9,0.02,True,2008.0,257024.0,0.0192789901047945,7680.0,983040.0,2008.0,257024.0
DGFM,9,0.018,True,2176.0,278528.0,0.0176903959363698,7680.0,983040.0,2176.0,278528.0
DGFM,9,0.016,True,2384.0,305152.0,0.0159710254520177,7680.0,983040.0,2384.0,305152.0
DGFM,9,0.015,True,2432.0,311296.0,0.0149705186486244,7680.0,983040.0,2432.0,311296.0
DGFM,9,0.014,True,2528.0,323584.0,0.0139057654887437,7680.0,983040.0,2528.0,323584.0
DGFM,9,0.013,True,2560.0,327680.0,0.0129396375268697,7680.0,983040.0,2560.0,327680.0
DGFM,9,0.012,True,2736.0,350208.0,0.0119618838652968,7680.0,983040.0,2736.0,350208.0
DGFM,9,0.0115,True,3160.0,404480.0,0.0114567866548895,7680.0,983040.0,3160.0,404480.0
DGFM,9,0.011,True,3200.0,409600.0,0.0108908163383603,7680.0,983040.0,3200.0,409600.0
DGFM,9,0.01075,True,3360.0,430080.0,0.0106881503015756,7680.0,983040.0,3360.0,430080.0
DGFM,9,0.0105,True,5696.0,729088.0,0.0103962449356913,7680.0,983040.0,5696.0,729088.0
DGFM,9,0.01025,False,,,,7680.0,983040.0,7680.0,983040.0
DGFM,9,0.01,False,,,,7680.0,983040.0,7680.0,983040.0
DGFM,9,0.0095,False,,,,7680.0,983040.0,7680.0,983040.0
DGFM,9,0.009,False,,,,7680.0,983040.0,7680.0,983040.0
DGFM,9,0.008,False,,,,7680.0,983040.0,7680.0,983040.0
DGFM,9,0.007,False,,,,7680.0,983040.0,7680.0,983040.0
DGFM,9,0.006,False,,,,7680.0,983040.0,7680.0,983040.0
DGFM,9,0.005,False,,,,7680.0,983040.0,7680.0,983040.0
DGFM,9,0.004,False,,,,7680.0,983040.0,7680.0,983040.0
DGFM,9,0.003,False,,,,7680.0,983040.0,7680.0,983040.0
DGFM,9,0.002,False,,,,7680.0,983040.0,7680.0,983040.0
DGFM,10,0.2,True,352.0,45056.0,0.1997525244951248,7680.0,983040.0,352.0,45056.0
DGFM,10,0.18,True,448.0,57344.0,0.178458884358406,7680.0,983040.0,448.0,57344.0
DGFM,10,0.16,True,528.0,67584.0,0.1586690098047256,7680.0,983040.0,528.0,67584.0
DGFM,10,0.14,True,616.0,78848.0,0.1399137377738952,7680.0,983040.0,616.0,78848.0
DGFM,10,0.12,True,712.0,91136.0,0.1188372150063514,7680.0,983040.0,712.0,91136.0
DGFM,10,0.1,True,824.0,105472.0,0.0989340022206306,7680.0,983040.0,824.0,105472.0
DGFM,10,0.09,True,880.0,112640.0,0.0894025340676307,7680.0,983040.0,880.0,112640.0
DGFM,10,0.08,True,952.0,121856.0,0.0796993672847747,7680.0,983040.0,952.0,121856.0
DGFM,10,0.07,True,1040.0,133120.0,0.0697877630591392,7680.0,983040.0,1040.0,133120.0
DGFM,10,0.06,True,1136.0,145408.0,0.0598314702510833,7680.0,983040.0,1136.0,145408.0
DGFM,10,0.05,True,1264.0,161792.0,0.0495232231914997,7680.0,983040.0,1264.0,161792.0
DGFM,10,0.04,True,1392.0,178176.0,0.039846584200859,7680.0,983040.0,1392.0,178176.0
DGFM,10,0.03,True,1568.0,200704.0,0.0299040339887142,7680.0,983040.0,1568.0,200704.0
DGFM,10,0.025,True,1696.0,217088.0,0.0247130189090967,7680.0,983040.0,1696.0,217088.0
DGFM,10,0.02,True,1856.0,237568.0,0.019727187231183,7680.0,983040.0,1856.0,237568.0
DGFM,10,0.018,True,2000.0,256000.0,0.0177003871649503,7680.0,983040.0,2000.0,256000.0
DGFM,10,0.016,True,2064.0,264192.0,0.0157715827226638,7680.0,983040.0,2064.0,264192.0
DGFM,10,0.015,True,2344.0,300032.0,0.0147688994184136,7680.0,983040.0,2344.0,300032.0
DGFM,10,0.014,True,2544.0,325632.0,0.0139179173856973,7680.0,983040.0,2544.0,325632.0
DGFM,10,0.013,True,2912.0,372736.0,0.0129120908677577,7680.0,983040.0,2912.0,372736.0
DGFM,10,0.012,True,4072.0,521216.0,0.0119552249088883,7680.0,983040.0,4072.0,521216.0
DGFM,10,0.0115,True,4168.0,533504.0,0.0114115038886666,7680.0,983040.0,4168.0,533504.0
DGFM,10,0.011,True,5048.0,646144.0,0.0109108965843915,7680.0,983040.0,5048.0,646144.0
DGFM,10,0.01075,True,5120.0,655360.0,0.0107114678248763,7680.0,983040.0,5120.0,655360.0
DGFM,10,0.0105,False,,,,7680.0,983040.0,7680.0,983040.0
DGFM,10,0.01025,False,,,,7680.0,983040.0,7680.0,983040.0
DGFM,10,0.01,False,,,,7680.0,983040.0,7680.0,983040.0
DGFM,10,0.0095,False,,,,7680.0,983040.0,7680.0,983040.0
DGFM,10,0.009,False,,,,7680.0,983040.0,7680.0,983040.0
DGFM,10,0.008,False,,,,7680.0,983040.0,7680.0,983040.0
DGFM,10,0.007,False,,,,7680.0,983040.0,7680.0,983040.0
DGFM,10,0.006,False,,,,7680.0,983040.0,7680.0,983040.0
DGFM,10,0.005,False,,,,7680.0,983040.0,7680.0,983040.0
DGFM,10,0.004,False,,,,7680.0,983040.0,7680.0,983040.0
DGFM,10,0.003,False,,,,7680.0,983040.0,7680.0,983040.0
DGFM,10,0.002,False,,,,7680.0,983040.0,7680.0,983040.0
DGFM,11,0.2,True,384.0,49152.0,0.198901280760765,7680.0,983040.0,384.0,49152.0
DGFM,11,0.18,True,472.0,60416.0,0.1794841885566711,7680.0,983040.0,472.0,60416.0
DGFM,11,0.16,True,560.0,71680.0,0.1585858315229416,7680.0,983040.0,560.0,71680.0
DGFM,11,0.14,True,656.0,83968.0,0.1393504440784454,7680.0,983040.0,656.0,83968.0
DGFM,11,0.12,True,760.0,97280.0,0.1183026507496833,7680.0,983040.0,760.0,97280.0
DGFM,11,0.1,True,864.0,110592.0,0.0994053110480308,7680.0,983040.0,864.0,110592.0
DGFM,11,0.09,True,936.0,119808.0,0.0895379111170768,7680.0,983040.0,936.0,119808.0
DGFM,11,0.08,True,1008.0,129024.0,0.0794479399919509,7680.0,983040.0,1008.0,129024.0
DGFM,11,0.07,True,1088.0,139264.0,0.0695919319987297,7680.0,983040.0,1088.0,139264.0
DGFM,11,0.06,True,1160.0,148480.0,0.0597887635231018,7680.0,983040.0,1160.0,148480.0
DGFM,11,0.05,True,1288.0,164864.0,0.0495888441801071,7680.0,983040.0,1288.0,164864.0
DGFM,11,0.04,True,1472.0,188416.0,0.0399170443415641,7680.0,983040.0,1472.0,188416.0
DGFM,11,0.03,True,1680.0,215040.0,0.0297774318605661,7680.0,983040.0,1680.0,215040.0
DGFM,11,0.025,True,1784.0,228352.0,0.0246876310557127,7680.0,983040.0,1784.0,228352.0
DGFM,11,0.02,True,1904.0,243712.0,0.0195492599159479,7680.0,983040.0,1904.0,243712.0
DGFM,11,0.018,True,1968.0,251904.0,0.0179378446191549,7680.0,983040.0,1968.0,251904.0
DGFM,11,0.016,True,2320.0,296960.0,0.0156161310151219,7680.0,983040.0,2320.0,296960.0
DGFM,11,0.015,True,2384.0,305152.0,0.0149981305003166,7680.0,983040.0,2384.0,305152.0
DGFM,11,0.014,True,2456.0,314368.0,0.0139351096004247,7680.0,983040.0,2456.0,314368.0
DGFM,11,0.013,True,2584.0,330752.0,0.0128929279744625,7680.0,983040.0,2584.0,330752.0
DGFM,11,0.012,True,2688.0,344064.0,0.0119852200150489,7680.0,983040.0,2688.0,344064.0
DGFM,11,0.0115,True,2920.0,373760.0,0.0114651434123516,7680.0,983040.0,2920.0,373760.0
DGFM,11,0.011,True,2984.0,381952.0,0.0109955603256821,7680.0,983040.0,2984.0,381952.0
DGFM,11,0.01075,True,3016.0,386048.0,0.0105698863044381,7680.0,983040.0,3016.0,386048.0
DGFM,11,0.0105,True,3536.0,452608.0,0.010443958453834,7680.0,983040.0,3536.0,452608.0
DGFM,11,0.01025,True,3736.0,478208.0,0.0101136639714241,7680.0,983040.0,3736.0,478208.0
DGFM,11,0.01,False,,,,7680.0,983040.0,7680.0,983040.0
DGFM,11,0.0095,False,,,,7680.0,983040.0,7680.0,983040.0
DGFM,11,0.009,False,,,,7680.0,983040.0,7680.0,983040.0
DGFM,11,0.008,False,,,,7680.0,983040.0,7680.0,983040.0
DGFM,11,0.007,False,,,,7680.0,983040.0,7680.0,983040.0
DGFM,11,0.006,False,,,,7680.0,983040.0,7680.0,983040.0
DGFM,11,0.005,False,,,,7680.0,983040.0,7680.0,983040.0
DGFM,11,0.004,False,,,,7680.0,983040.0,7680.0,983040.0
DGFM,11,0.003,False,,,,7680.0,983040.0,7680.0,983040.0
DGFM,11,0.002,False,,,,7680.0,983040.0,7680.0,983040.0
DGFM,12,0.2,True,360.0,46080.0,0.1985836327075958,7680.0,983040.0,360.0,46080.0
DGFM,12,0.18,True,456.0,58368.0,0.1778749227523803,7680.0,983040.0,456.0,58368.0
DGFM,12,0.16,True,544.0,69632.0,0.1579648852348327,7680.0,983040.0,544.0,69632.0
DGFM,12,0.14,True,640.0,81920.0,0.1383253186941146,7680.0,983040.0,640.0,81920.0
DGFM,12,0.12,True,736.0,94208.0,0.1191942319273948,7680.0,983040.0,736.0,94208.0
DGFM,12,0.1,True,856.0,109568.0,0.099664106965065,7680.0,983040.0,856.0,109568.0
DGFM,12,0.09,True,920.0,117760.0,0.0899339169263839,7680.0,983040.0,920.0,117760.0
DGFM,12,0.08,True,992.0,126976.0,0.0798723399639129,7680.0,983040.0,992.0,126976.0
DGFM,12,0.07,True,1064.0,136192.0,0.0699862688779831,7680.0,983040.0,1064.0,136192.0
DGFM,12,0.06,True,1176.0,150528.0,0.0592553466558456,7680.0,983040.0,1176.0,150528.0
DGFM,12,0.05,True,1304.0,166912.0,0.0494884029030799,7680.0,983040.0,1304.0,166912.0
DGFM,12,0.04,True,1464.0,187392.0,0.0394569560885429,7680.0,983040.0,1464.0,187392.0
DGFM,12,0.03,True,1696.0,217088.0,0.0296870451420545,7680.0,983040.0,1696.0,217088.0
DGFM,12,0.025,True,1832.0,234496.0,0.0246923211961984,7680.0,983040.0,1832.0,234496.0
DGFM,12,0.02,True,1992.0,254976.0,0.0196529179811477,7680.0,983040.0,1992.0,254976.0
DGFM,12,0.018,True,2136.0,273408.0,0.0179701726883649,7680.0,983040.0,2136.0,273408.0
DGFM,12,0.016,True,2272.0,290816.0,0.0157876871526241,7680.0,983040.0,2272.0,290816.0
DGFM,12,0.015,True,2528.0,323584.0,0.0147823886945843,7680.0,983040.0,2528.0,323584.0
DGFM,12,0.014,True,2600.0,332800.0,0.013853688724339,7680.0,983040.0,2600.0,332800.0
DGFM,12,0.013,True,2976.0,380928.0,0.0129745146259665,7680.0,983040.0,2976.0,380928.0
DGFM,12,0.012,True,3632.0,464896.0,0.011941778473556,7680.0,983040.0,3632.0,464896.0
DGFM,12,0.0115,True,3944.0,504832.0,0.0114727402105927,7680.0,983040.0,3944.0,504832.0
DGFM,12,0.011,True,5104.0,653312.0,0.0107879983261227,7680.0,983040.0,5104.0,653312.0
DGFM,12,0.01075,True,5120.0,655360.0,0.0106766186654567,7680.0,983040.0,5120.0,655360.0
DGFM,12,0.0105,True,5192.0,664576.0,0.0104568544775247,7680.0,983040.0,5192.0,664576.0
DGFM,12,0.01025,True,5224.0,668672.0,0.0101950643584132,7680.0,983040.0,5224.0,668672.0
DGFM,12,0.01,False,,,,7680.0,983040.0,7680.0,983040.0
DGFM,12,0.0095,False,,,,7680.0,983040.0,7680.0,983040.0
DGFM,12,0.009,False,,,,7680.0,983040.0,7680.0,983040.0
DGFM,12,0.008,False,,,,7680.0,983040.0,7680.0,983040.0
DGFM,12,0.007,False,,,,7680.0,983040.0,7680.0,983040.0
DGFM,12,0.006,False,,,,7680.0,983040.0,7680.0,983040.0
DGFM,12,0.005,False,,,,7680.0,983040.0,7680.0,983040.0
DGFM,12,0.004,False,,,,7680.0,983040.0,7680.0,983040.0
DGFM,12,0.003,False,,,,7680.0,983040.0,7680.0,983040.0
DGFM,12,0.002,False,,,,7680.0,983040.0,7680.0,983040.0
DGFM,13,0.2,True,368.0,47104.0,0.1991907954216003,7680.0,983040.0,368.0,47104.0
DGFM,13,0.18,True,456.0,58368.0,0.178466796875,7680.0,983040.0,456.0,58368.0
DGFM,13,0.16,True,544.0,69632.0,0.1594523340463638,7680.0,983040.0,544.0,69632.0
DGFM,13,0.14,True,640.0,81920.0,0.1384829133749008,7680.0,983040.0,640.0,81920.0
DGFM,13,0.12,True,744.0,95232.0,0.1194787994027137,7680.0,983040.0,744.0,95232.0
DGFM,13,0.1,True,872.0,111616.0,0.0994108170270919,7680.0,983040.0,872.0,111616.0
DGFM,13,0.09,True,944.0,120832.0,0.0897465348243713,7680.0,983040.0,944.0,120832.0
DGFM,13,0.08,True,1016.0,130048.0,0.0789859369397163,7680.0,983040.0,1016.0,130048.0
DGFM,13,0.07,True,1112.0,142336.0,0.069895751774311,7680.0,983040.0,1112.0,142336.0
DGFM,13,0.06,True,1200.0,153600.0,0.0598449036478996,7680.0,983040.0,1200.0,153600.0
DGFM,13,0.05,True,1328.0,169984.0,0.0487604402005672,7680.0,983040.0,1328.0,169984.0
DGFM,13,0.04,True,1448.0,185344.0,0.0399618558585643,7680.0,983040.0,1448.0,185344.0
DGFM,13,0.03,True,1656.0,211968.0,0.0295419953763484,7680.0,983040.0,1656.0,211968.0
DGFM,13,0.025,True,1768.0,226304.0,0.0249970685690641,7680.0,983040.0,1768.0,226304.0
DGFM,13,0.02,True,2016.0,258048.0,0.0198477953672409,7680.0,983040.0,2016.0,258048.0
DGFM,13,0.018,True,2096.0,268288.0,0.0179913751780986,7680.0,983040.0,2096.0,268288.0
DGFM,13,0.016,True,2240.0,286720.0,0.0158945973962545,7680.0,983040.0,2240.0,286720.0
DGFM,13,0.015,True,2360.0,302080.0,0.014939003624022,7680.0,983040.0,2360.0,302080.0
DGFM,13,0.014,True,2640.0,337920.0,0.0137480581179261,7680.0,983040.0,2640.0,337920.0
DGFM,13,0.013,True,2720.0,348160.0,0.0129666617140173,7680.0,983040.0,2720.0,348160.0
DGFM,13,0.012,True,3200.0,409600.0,0.0118848597630858,7680.0,983040.0,3200.0,409600.0
DGFM,13,0.0115,True,3560.0,455680.0,0.0113497953861951,7680.0,983040.0,3560.0,455680.0
DGFM,13,0.011,True,4248.0,543744.0,0.010931096971035,7680.0,983040.0,4248.0,543744.0
DGFM,13,0.01075,True,4264.0,545792.0,0.0107323601841926,7680.0,983040.0,4264.0,545792.0
DGFM,13,0.0105,False,,,,7680.0,983040.0,7680.0,983040.0
DGFM,13,0.01025,False,,,,7680.0,983040.0,7680.0,983040.0
DGFM,13,0.01,False,,,,7680.0,983040.0,7680.0,983040.0
DGFM,13,0.0095,False,,,,7680.0,983040.0,7680.0,983040.0
DGFM,13,0.009,False,,,,7680.0,983040.0,7680.0,983040.0
DGFM,13,0.008,False,,,,7680.0,983040.0,7680.0,983040.0
DGFM,13,0.007,False,,,,7680.0,983040.0,7680.0,983040.0
DGFM,13,0.006,False,,,,7680.0,983040.0,7680.0,983040.0
DGFM,13,0.005,False,,,,7680.0,983040.0,7680.0,983040.0
DGFM,13,0.004,False,,,,7680.0,983040.0,7680.0,983040.0
DGFM,13,0.003,False,,,,7680.0,983040.0,7680.0,983040.0
DGFM,13,0.002,False,,,,7680.0,983040.0,7680.0,983040.0
DGFM,14,0.2,True,376.0,48128.0,0.1991703659296035,7680.0,983040.0,376.0,48128.0
DGFM,14,0.18,True,456.0,58368.0,0.1794149726629257,7680.0,983040.0,456.0,58368.0
DGFM,14,0.16,True,544.0,69632.0,0.1597226560115814,7680.0,983040.0,544.0,69632.0
DGFM,14,0.14,True,648.0,82944.0,0.1394221931695938,7680.0,983040.0,648.0,82944.0
DGFM,14,0.12,True,744.0,95232.0,0.1188921630382537,7680.0,983040.0,744.0,95232.0
DGFM,14,0.1,True,856.0,109568.0,0.0995910763740539,7680.0,983040.0,856.0,109568.0
DGFM,14,0.09,True,920.0,117760.0,0.0888523235917091,7680.0,983040.0,920.0,117760.0
DGFM,14,0.08,True,1000.0,128000.0,0.0793762803077697,7680.0,983040.0,1000.0,128000.0
DGFM,14,0.07,True,1080.0,138240.0,0.0692851543426513,7680.0,983040.0,1080.0,138240.0
DGFM,14,0.06,True,1168.0,149504.0,0.0596428252756595,7680.0,983040.0,1168.0,149504.0
DGFM,14,0.05,True,1280.0,163840.0,0.0498463846743106,7680.0,983040.0,1280.0,163840.0
DGFM,14,0.04,True,1424.0,182272.0,0.0398968420922756,7680.0,983040.0,1424.0,182272.0
DGFM,14,0.03,True,1616.0,206848.0,0.0297179147601127,7680.0,983040.0,1616.0,206848.0
DGFM,14,0.025,True,1800.0,230400.0,0.0244952831417322,7680.0,983040.0,1800.0,230400.0
DGFM,14,0.02,True,2104.0,269312.0,0.0197769217193126,7680.0,983040.0,2104.0,269312.0
DGFM,14,0.018,True,2296.0,293888.0,0.0177138745784759,7680.0,983040.0,2296.0,293888.0
DGFM,14,0.016,True,2392.0,306176.0,0.0159880779683589,7680.0,983040.0,2392.0,306176.0
DGFM,14,0.015,True,2496.0,319488.0,0.0146778104826807,7680.0,983040.0,2496.0,319488.0
DGFM,14,0.014,True,2552.0,326656.0,0.0139637487009167,7680.0,983040.0,2552.0,326656.0
DGFM,14,0.013,True,2744.0,351232.0,0.0128689222037792,7680.0,983040.0,2744.0,351232.0
DGFM,14,0.012,True,3200.0,409600.0,0.0117070209234952,7680.0,983040.0,3200.0,409600.0
DGFM,14,0.0115,True,4304.0,550912.0,0.0113987205550074,7680.0,983040.0,4304.0,550912.0
DGFM,14,0.011,True,6560.0,839680.0,0.0109689766541123,7680.0,983040.0,6560.0,839680.0
DGFM,14,0.01075,False,,,,7680.0,983040.0,7680.0,983040.0
DGFM,14,0.0105,False,,,,7680.0,983040.0,7680.0,983040.0
DGFM,14,0.01025,False,,,,7680.0,983040.0,7680.0,983040.0
DGFM,14,0.01,False,,,,7680.0,983040.0,7680.0,983040.0
DGFM,14,0.0095,False,,,,7680.0,983040.0,7680.0,983040.0
DGFM,14,0.009,False,,,,7680.0,983040.0,7680.0,983040.0
DGFM,14,0.008,False,,,,7680.0,983040.0,7680.0,983040.0
DGFM,14,0.007,False,,,,7680.0,983040.0,7680.0,983040.0
DGFM,14,0.006,False,,,,7680.0,983040.0,7680.0,983040.0
DGFM,14,0.005,False,,,,7680.0,983040.0,7680.0,983040.0
DGFM,14,0.004,False,,,,7680.0,983040.0,7680.0,983040.0
DGFM,14,0.003,False,,,,7680.0,983040.0,7680.0,983040.0
DGFM,14,0.002,False,,,,7680.0,983040.0,7680.0,983040.0
DGFM,15,0.2,True,360.0,46080.0,0.1995491236448288,7680.0,983040.0,360.0,46080.0
DGFM,15,0.18,True,456.0,58368.0,0.1795516610145568,7680.0,983040.0,456.0,58368.0
DGFM,15,0.16,True,552.0,70656.0,0.1586775779724121,7680.0,983040.0,552.0,70656.0
DGFM,15,0.14,True,640.0,81920.0,0.1390253752470016,7680.0,983040.0,640.0,81920.0
DGFM,15,0.12,True,744.0,95232.0,0.1199213936924934,7680.0,983040.0,744.0,95232.0
DGFM,15,0.1,True,864.0,110592.0,0.0993812307715416,7680.0,983040.0,864.0,110592.0
DGFM,15,0.09,True,936.0,119808.0,0.08901197463274,7680.0,983040.0,936.0,119808.0
DGFM,15,0.08,True,1024.0,131072.0,0.0792110562324523,7680.0,983040.0,1024.0,131072.0
DGFM,15,0.07,True,1104.0,141312.0,0.0695080012083053,7680.0,983040.0,1104.0,141312.0
DGFM,15,0.06,True,1208.0,154624.0,0.0593732856214046,7680.0,983040.0,1208.0,154624.0
DGFM,15,0.05,True,1288.0,164864.0,0.0496116057038307,7680.0,983040.0,1288.0,164864.0
DGFM,15,0.04,True,1424.0,182272.0,0.0394481122493743,7680.0,983040.0,1424.0,182272.0
DGFM,15,0.03,True,1624.0,207872.0,0.0299035720527172,7680.0,983040.0,1624.0,207872.0
DGFM,15,0.025,True,1808.0,231424.0,0.0244545396417379,7680.0,983040.0,1808.0,231424.0
DGFM,15,0.02,True,2072.0,265216.0,0.019883394241333,7680.0,983040.0,2072.0,265216.0
DGFM,15,0.018,True,2144.0,274432.0,0.0178052652627229,7680.0,983040.0,2144.0,274432.0
DGFM,15,0.016,True,2232.0,285696.0,0.0157463289797306,7680.0,983040.0,2232.0,285696.0
DGFM,15,0.015,True,2280.0,291840.0,0.0149080250412225,7680.0,983040.0,2280.0,291840.0
DGFM,15,0.014,True,2312.0,295936.0,0.0136773223057389,7680.0,983040.0,2312.0,295936.0
DGFM,15,0.013,True,2416.0,309248.0,0.0129836052656173,7680.0,983040.0,2416.0,309248.0
DGFM,15,0.012,True,3248.0,415744.0,0.0119080916047096,7680.0,983040.0,3248.0,415744.0
DGFM,15,0.0115,True,3504.0,448512.0,0.0114580821245908,7680.0,983040.0,3504.0,448512.0
DGFM,15,0.011,True,5376.0,688128.0,0.0109626911580562,7680.0,983040.0,5376.0,688128.0
DGFM,15,0.01075,True,5472.0,700416.0,0.0106384679675102,7680.0,983040.0,5472.0,700416.0
DGFM,15,0.0105,True,6800.0,870400.0,0.0104881953448057,7680.0,983040.0,6800.0,870400.0
DGFM,15,0.01025,True,6912.0,884736.0,0.0101586719974875,7680.0,983040.0,6912.0,884736.0
DGFM,15,0.01,False,,,,7680.0,983040.0,7680.0,983040.0
DGFM,15,0.0095,False,,,,7680.0,983040.0,7680.0,983040.0
DGFM,15,0.009,False,,,,7680.0,983040.0,7680.0,983040.0
DGFM,15,0.008,False,,,,7680.0,983040.0,7680.0,983040.0
DGFM,15,0.007,False,,,,7680.0,983040.0,7680.0,983040.0
DGFM,15,0.006,False,,,,7680.0,983040.0,7680.0,983040.0
DGFM,15,0.005,False,,,,7680.0,983040.0,7680.0,983040.0
DGFM,15,0.004,False,,,,7680.0,983040.0,7680.0,983040.0
DGFM,15,0.003,False,,,,7680.0,983040.0,7680.0,983040.0
DGFM,15,0.002,False,,,,7680.0,983040.0,7680.0,983040.0
DGFM,16,0.2,True,368.0,47104.0,0.1999217569828033,7680.0,983040.0,368.0,47104.0
DGFM,16,0.18,True,464.0,59392.0,0.1783017665147781,7680.0,983040.0,464.0,59392.0
DGFM,16,0.16,True,552.0,70656.0,0.1588948369026184,7680.0,983040.0,552.0,70656.0
DGFM,16,0.14,True,640.0,81920.0,0.1387593150138855,7680.0,983040.0,640.0,81920.0
DGFM,16,0.12,True,736.0,94208.0,0.11964101344347,7680.0,983040.0,736.0,94208.0
DGFM,16,0.1,True,848.0,108544.0,0.098909392952919,7680.0,983040.0,848.0,108544.0
DGFM,16,0.09,True,920.0,117760.0,0.0895670726895332,7680.0,983040.0,920.0,117760.0
DGFM,16,0.08,True,992.0,126976.0,0.0790063887834549,7680.0,983040.0,992.0,126976.0
DGFM,16,0.07,True,1064.0,136192.0,0.0699094161391258,7680.0,983040.0,1064.0,136192.0
DGFM,16,0.06,True,1160.0,148480.0,0.0585922524333,7680.0,983040.0,1160.0,148480.0
DGFM,16,0.05,True,1296.0,165888.0,0.0493479035794734,7680.0,983040.0,1296.0,165888.0
DGFM,16,0.04,True,1440.0,184320.0,0.039954874664545,7680.0,983040.0,1440.0,184320.0
DGFM,16,0.03,True,1592.0,203776.0,0.0299186985939741,7680.0,983040.0,1592.0,203776.0
DGFM,16,0.025,True,1760.0,225280.0,0.0245106555521488,7680.0,983040.0,1760.0,225280.0
DGFM,16,0.02,True,1896.0,242688.0,0.0195854902267456,7680.0,983040.0,1896.0,242688.0
DGFM,16,0.018,True,1960.0,250880.0,0.0177353024482727,7680.0,983040.0,1960.0,250880.0
DGFM,16,0.016,True,2088.0,267264.0,0.0159683134406805,7680.0,983040.0,2088.0,267264.0
DGFM,16,0.015,True,2216.0,283648.0,0.0149890985339879,7680.0,983040.0,2216.0,283648.0
DGFM,16,0.014,True,2296.0,293888.0,0.013870321214199,7680.0,983040.0,2296.0,293888.0
DGFM,16,0.013,True,2584.0,330752.0,0.0129712875932455,7680.0,983040.0,2584.0,330752.0
DGFM,16,0.012,True,2992.0,382976.0,0.0119041940197348,7680.0,983040.0,2992.0,382976.0
DGFM,16,0.0115,True,3192.0,408576.0,0.0114187905564904,7680.0,983040.0,3192.0,408576.0
DGFM,16,0.011,True,5256.0,672768.0,0.0107242669910192,7680.0,983040.0,5256.0,672768.0
DGFM,16,0.01075,True,5256.0,672768.0,0.0107242669910192,7680.0,983040.0,5256.0,672768.0
DGFM,16,0.0105,False,,,,7680.0,983040.0,7680.0,983040.0
DGFM,16,0.01025,False,,,,7680.0,983040.0,7680.0,983040.0
DGFM,16,0.01,False,,,,7680.0,983040.0,7680.0,983040.0
DGFM,16,0.0095,False,,,,7680.0,983040.0,7680.0,983040.0
DGFM,16,0.009,False,,,,7680.0,983040.0,7680.0,983040.0
DGFM,16,0.008,False,,,,7680.0,983040.0,7680.0,983040.0
DGFM,16,0.007,False,,,,7680.0,983040.0,7680.0,983040.0
DGFM,16,0.006,False,,,,7680.0,983040.0,7680.0,983040.0
DGFM,16,0.005,False,,,,7680.0,983040.0,7680.0,983040.0
DGFM,16,0.004,False,,,,7680.0,983040.0,7680.0,983040.0
DGFM,16,0.003,False,,,,7680.0,983040.0,7680.0,983040.0
DGFM,16,0.002,False,,,,7680.0,983040.0,7680.0,983040.0
DGFM,17,0.2,True,360.0,46080.0,0.1984500288963318,7680.0,983040.0,360.0,46080.0
DGFM,17,0.18,True,448.0,57344.0,0.1793700158596038,7680.0,983040.0,448.0,57344.0
DGFM,17,0.16,True,544.0,69632.0,0.1583527773618698,7680.0,983040.0,544.0,69632.0
DGFM,17,0.14,True,632.0,80896.0,0.1387298554182052,7680.0,983040.0,632.0,80896.0
DGFM,17,0.12,True,720.0,92160.0,0.1196010708808898,7680.0,983040.0,720.0,92160.0
DGFM,17,0.1,True,840.0,107520.0,0.0994338691234588,7680.0,983040.0,840.0,107520.0
DGFM,17,0.09,True,920.0,117760.0,0.088744044303894,7680.0,983040.0,920.0,117760.0
DGFM,17,0.08,True,992.0,126976.0,0.0788388699293136,7680.0,983040.0,992.0,126976.0
DGFM,17,0.07,True,1064.0,136192.0,0.0693340972065925,7680.0,983040.0,1064.0,136192.0
DGFM,17,0.06,True,1152.0,147456.0,0.0591726526618003,7680.0,983040.0,1152.0,147456.0
DGFM,17,0.05,True,1256.0,160768.0,0.0493211597204208,7680.0,983040.0,1256.0,160768.0
DGFM,17,0.04,True,1400.0,179200.0,0.0397306755185127,7680.0,983040.0,1400.0,179200.0
DGFM,17,0.03,True,1624.0,207872.0,0.0294434148818254,7680.0,983040.0,1624.0,207872.0
DGFM,17,0.025,True,1752.0,224256.0,0.0247985664755105,7680.0,983040.0,1752.0,224256.0
DGFM,17,0.02,True,2000.0,256000.0,0.0197940431535244,7680.0,983040.0,2000.0,256000.0
DGFM,17,0.018,True,2112.0,270336.0,0.0178702473640441,7680.0,983040.0,2112.0,270336.0
DGFM,17,0.016,True,2328.0,297984.0,0.0158618595451116,7680.0,983040.0,2328.0,297984.0
DGFM,17,0.015,True,2376.0,304128.0,0.0148967867717146,7680.0,983040.0,2376.0,304128.0
DGFM,17,0.014,True,2536.0,324608.0,0.013955202884972,7680.0,983040.0,2536.0,324608.0
DGFM,17,0.013,True,2744.0,351232.0,0.0129135008901357,7680.0,983040.0,2744.0,351232.0
DGFM,17,0.012,True,2904.0,371712.0,0.0119783598929643,7680.0,983040.0,2904.0,371712.0
DGFM,17,0.0115,True,3272.0,418816.0,0.0114162852987647,7680.0,983040.0,3272.0,418816.0
DGFM,17,0.011,True,3312.0,423936.0,0.0109901688992977,7680.0,983040.0,3312.0,423936.0
DGFM,17,0.01075,True,4744.0,607232.0,0.0106406435370445,7680.0,983040.0,4744.0,607232.0
DGFM,17,0.0105,True,4912.0,628736.0,0.010430390946567,7680.0,983040.0,4912.0,628736.0
DGFM,17,0.01025,False,,,,7680.0,983040.0,7680.0,983040.0
DGFM,17,0.01,False,,,,7680.0,983040.0,7680.0,983040.0
DGFM,17,0.0095,False,,,,7680.0,983040.0,7680.0,983040.0
DGFM,17,0.009,False,,,,7680.0,983040.0,7680.0,983040.0
DGFM,17,0.008,False,,,,7680.0,983040.0,7680.0,983040.0
DGFM,17,0.007,False,,,,7680.0,983040.0,7680.0,983040.0
DGFM,17,0.006,False,,,,7680.0,983040.0,7680.0,983040.0
DGFM,17,0.005,False,,,,7680.0,983040.0,7680.0,983040.0
DGFM,17,0.004,False,,,,7680.0,983040.0,7680.0,983040.0
DGFM,17,0.003,False,,,,7680.0,983040.0,7680.0,983040.0
DGFM,17,0.002,False,,,,7680.0,983040.0,7680.0,983040.0
DGFM,18,0.2,True,360.0,46080.0,0.1976103037595749,7680.0,983040.0,360.0,46080.0
DGFM,18,0.18,True,440.0,56320.0,0.1782985478639602,7680.0,983040.0,440.0,56320.0
DGFM,18,0.16,True,528.0,67584.0,0.1581163555383682,7680.0,983040.0,528.0,67584.0
DGFM,18,0.14,True,608.0,77824.0,0.1379548609256744,7680.0,983040.0,608.0,77824.0
DGFM,18,0.12,True,704.0,90112.0,0.1195913925766944,7680.0,983040.0,704.0,90112.0
DGFM,18,0.1,True,832.0,106496.0,0.0996040105819702,7680.0,983040.0,832.0,106496.0
DGFM,18,0.09,True,888.0,113664.0,0.0897473841905593,7680.0,983040.0,888.0,113664.0
DGFM,18,0.08,True,968.0,123904.0,0.0792924240231514,7680.0,983040.0,968.0,123904.0
DGFM,18,0.07,True,1056.0,135168.0,0.0694732889533042,7680.0,983040.0,1056.0,135168.0
DGFM,18,0.06,True,1136.0,145408.0,0.0598605424165725,7680.0,983040.0,1136.0,145408.0
DGFM,18,0.05,True,1256.0,160768.0,0.0498995520174503,7680.0,983040.0,1256.0,160768.0
DGFM,18,0.04,True,1416.0,181248.0,0.0396214723587036,7680.0,983040.0,1416.0,181248.0
DGFM,18,0.03,True,1600.0,204800.0,0.0298922564834356,7680.0,983040.0,1600.0,204800.0
DGFM,18,0.025,True,1696.0,217088.0,0.0248012766242027,7680.0,983040.0,1696.0,217088.0
DGFM,18,0.02,True,1856.0,237568.0,0.0197879131883382,7680.0,983040.0,1856.0,237568.0
DGFM,18,0.018,True,1952.0,249856.0,0.0177751779556274,7680.0,983040.0,1952.0,249856.0
DGFM,18,0.016,True,2112.0,270336.0,0.0158788878470659,7680.0,983040.0,2112.0,270336.0
DGFM,18,0.015,True,2248.0,287744.0,0.0145998690277338,7680.0,983040.0,2248.0,287744.0
DGFM,18,0.014,True,2416.0,309248.0,0.0139765022322535,7680.0,983040.0,2416.0,309248.0
DGFM,18,0.013,True,2592.0,331776.0,0.0129184341058135,7680.0,983040.0,2592.0,331776.0
DGFM,18,0.012,True,3368.0,431104.0,0.0119810430333018,7680.0,983040.0,3368.0,431104.0
DGFM,18,0.0115,True,3976.0,508928.0,0.0113810272887349,7680.0,983040.0,3976.0,508928.0
DGFM,18,0.011,True,4024.0,515072.0,0.0109109915792942,7680.0,983040.0,4024.0,515072.0
DGFM,18,0.01075,False,,,,7680.0,983040.0,7680.0,983040.0
DGFM,18,0.0105,False,,,,7680.0,983040.0,7680.0,983040.0
DGFM,18,0.01025,False,,,,7680.0,983040.0,7680.0,983040.0
DGFM,18,0.01,False,,,,7680.0,983040.0,7680.0,983040.0
DGFM,18,0.0095,False,,,,7680.0,983040.0,7680.0,983040.0
DGFM,18,0.009,False,,,,7680.0,983040.0,7680.0,983040.0
DGFM,18,0.008,False,,,,7680.0,983040.0,7680.0,983040.0
DGFM,18,0.007,False,,,,7680.0,983040.0,7680.0,983040.0
DGFM,18,0.006,False,,,,7680.0,983040.0,7680.0,983040.0
DGFM,18,0.005,False,,,,7680.0,983040.0,7680.0,983040.0
DGFM,18,0.004,False,,,,7680.0,983040.0,7680.0,983040.0
DGFM,18,0.003,False,,,,7680.0,983040.0,7680.0,983040.0
DGFM,18,0.002,False,,,,7680.0,983040.0,7680.0,983040.0
DGFM,19,0.2,True,360.0,46080.0,0.1992175132036209,7680.0,983040.0,360.0,46080.0
DGFM,19,0.18,True,448.0,57344.0,0.1792401522397995,7680.0,983040.0,448.0,57344.0
DGFM,19,0.16,True,536.0,68608.0,0.1586488336324691,7680.0,983040.0,536.0,68608.0
DGFM,19,0.14,True,632.0,80896.0,0.1388508677482605,7680.0,983040.0,632.0,80896.0
DGFM,19,0.12,True,736.0,94208.0,0.1190121695399284,7680.0,983040.0,736.0,94208.0
DGFM,19,0.1,True,840.0,107520.0,0.09914331138134,7680.0,983040.0,840.0,107520.0
DGFM,19,0.09,True,896.0,114688.0,0.0898673087358474,7680.0,983040.0,896.0,114688.0
DGFM,19,0.08,True,976.0,124928.0,0.0797944888472557,7680.0,983040.0,976.0,124928.0
DGFM,19,0.07,True,1072.0,137216.0,0.0698382705450058,7680.0,983040.0,1072.0,137216.0
DGFM,19,0.06,True,1192.0,152576.0,0.059986013919115,7680.0,983040.0,1192.0,152576.0
DGFM,19,0.05,True,1320.0,168960.0,0.0497022084891796,7680.0,983040.0,1320.0,168960.0
DGFM,19,0.04,True,1488.0,190464.0,0.0397183150053024,7680.0,983040.0,1488.0,190464.0
DGFM,19,0.03,True,1728.0,221184.0,0.0293391421437263,7680.0,983040.0,1728.0,221184.0
DGFM,19,0.025,True,1872.0,239616.0,0.0246564913541078,7680.0,983040.0,1872.0,239616.0
DGFM,19,0.02,True,2064.0,264192.0,0.0198388062417507,7680.0,983040.0,2064.0,264192.0
DGFM,19,0.018,True,2112.0,270336.0,0.0177475176751613,7680.0,983040.0,2112.0,270336.0
DGFM,19,0.016,True,2208.0,282624.0,0.0158410277217626,7680.0,983040.0,2208.0,282624.0
DGFM,19,0.015,True,2360.0,302080.0,0.0148663213476538,7680.0,983040.0,2360.0,302080.0
DGFM,19,0.014,True,2432.0,311296.0,0.0139259537681937,7680.0,983040.0,2432.0,311296.0
DGFM,19,0.013,True,2664.0,340992.0,0.0128348274156451,7680.0,983040.0,2664.0,340992.0
DGFM,19,0.012,True,2720.0,348160.0,0.0119916498661041,7680.0,983040.0,2720.0,348160.0
DGFM,19,0.0115,True,2768.0,354304.0,0.0112711675465106,7680.0,983040.0,2768.0,354304.0
DGFM,19,0.011,True,2808.0,359424.0,0.0108758276328444,7680.0,983040.0,2808.0,359424.0
DGFM,19,0.01075,True,2856.0,365568.0,0.0107146287336945,7680.0,983040.0,2856.0,365568.0
DGFM,19,0.0105,True,7240.0,926720.0,0.0104355737566947,7680.0,983040.0,7240.0,926720.0
DGFM,19,0.01025,True,7288.0,932864.0,0.0101665845140814,7680.0,983040.0,7288.0,932864.0
DGFM,19,0.01,False,,,,7680.0,983040.0,7680.0,983040.0
DGFM,19,0.0095,False,,,,7680.0,983040.0,7680.0,983040.0
DGFM,19,0.009,False,,,,7680.0,983040.0,7680.0,983040.0
DGFM,19,0.008,False,,,,7680.0,983040.0,7680.0,983040.0
DGFM,19,0.007,False,,,,7680.0,983040.0,7680.0,983040.0
DGFM,19,0.006,False,,,,7680.0,983040.0,7680.0,983040.0
DGFM,19,0.005,False,,,,7680.0,983040.0,7680.0,983040.0
DGFM,19,0.004,False,,,,7680.0,983040.0,7680.0,983040.0
DGFM,19,0.003,False,,,,7680.0,983040.0,7680.0,983040.0
DGFM,19,0.002,False,,,,7680.0,983040.0,7680.0,983040.0
DGFM+,0,0.2,True,352.0,48128.0,0.1986730694770813,7224.0,983040.0,352.0,48128.0
DGFM+,0,0.18,True,472.0,64256.0,0.1792041659355163,7224.0,983040.0,472.0,64256.0
DGFM+,0,0.16,True,568.0,77312.0,0.1597761511802673,7224.0,983040.0,568.0,77312.0
DGFM+,0,0.14,True,688.0,94208.0,0.1388468444347381,7224.0,983040.0,688.0,94208.0
DGFM+,0,0.12,True,800.0,109312.0,0.1189205050468444,7224.0,983040.0,800.0,109312.0
DGFM+,0,0.1,True,968.0,132352.0,0.099637284874916,7224.0,983040.0,968.0,132352.0
DGFM+,0,0.09,True,1088.0,148480.0,0.0897813588380813,7224.0,983040.0,1088.0,148480.0
DGFM+,0,0.08,True,1168.0,159488.0,0.0799503177404403,7224.0,983040.0,1168.0,159488.0
DGFM+,0,0.07,True,1272.0,173568.0,0.0697204023599624,7224.0,983040.0,1272.0,173568.0
DGFM+,0,0.06,True,1376.0,187648.0,0.0598253309726715,7224.0,983040.0,1376.0,187648.0
DGFM+,0,0.05,True,1544.0,210688.0,0.0499723888933658,7224.0,983040.0,1544.0,210688.0
DGFM+,0,0.04,True,1792.0,243968.0,0.0399768203496933,7224.0,983040.0,1792.0,243968.0
DGFM+,0,0.03,True,2208.0,300288.0,0.0299940705299377,7224.0,983040.0,2208.0,300288.0
DGFM+,0,0.025,False,,,,7224.0,983040.0,7224.0,983040.0
DGFM+,0,0.02,False,,,,7224.0,983040.0,7224.0,983040.0
DGFM+,0,0.018,False,,,,7224.0,983040.0,7224.0,983040.0
DGFM+,0,0.016,False,,,,7224.0,983040.0,7224.0,983040.0
DGFM+,0,0.015,False,,,,7224.0,983040.0,7224.0,983040.0
DGFM+,0,0.014,False,,,,7224.0,983040.0,7224.0,983040.0
DGFM+,0,0.013,False,,,,7224.0,983040.0,7224.0,983040.0
DGFM+,0,0.012,False,,,,7224.0,983040.0,7224.0,983040.0
DGFM+,0,0.0115,False,,,,7224.0,983040.0,7224.0,983040.0
DGFM+,0,0.011,False,,,,7224.0,983040.0,7224.0,983040.0
DGFM+,0,0.01075,False,,,,7224.0,983040.0,7224.0,983040.0
DGFM+,0,0.0105,False,,,,7224.0,983040.0,7224.0,983040.0
DGFM+,0,0.01025,False,,,,7224.0,983040.0,7224.0,983040.0
DGFM+,0,0.01,False,,,,7224.0,983040.0,7224.0,983040.0
DGFM+,0,0.0095,False,,,,7224.0,983040.0,7224.0,983040.0
DGFM+,0,0.009,False,,,,7224.0,983040.0,7224.0,983040.0
DGFM+,0,0.008,False,,,,7224.0,983040.0,7224.0,983040.0
DGFM+,0,0.007,False,,,,7224.0,983040.0,7224.0,983040.0
DGFM+,0,0.006,False,,,,7224.0,983040.0,7224.0,983040.0
DGFM+,0,0.005,False,,,,7224.0,983040.0,7224.0,983040.0
DGFM+,0,0.004,False,,,,7224.0,983040.0,7224.0,983040.0
DGFM+,0,0.003,False,,,,7224.0,983040.0,7224.0,983040.0
DGFM+,0,0.002,False,,,,7224.0,983040.0,7224.0,983040.0
DGFM+,1,0.2,True,416.0,57088.0,0.1994177103042602,7224.0,983040.0,416.0,57088.0
DGFM+,1,0.18,True,512.0,70144.0,0.1789381057024002,7224.0,983040.0,512.0,70144.0
DGFM+,1,0.16,True,600.0,82176.0,0.1585395485162735,7224.0,983040.0,600.0,82176.0
DGFM+,1,0.14,True,688.0,94208.0,0.1388804465532302,7224.0,983040.0,688.0,94208.0
DGFM+,1,0.12,True,776.0,106240.0,0.1197445839643478,7224.0,983040.0,776.0,106240.0
DGFM+,1,0.1,True,928.0,126464.0,0.0982042402029037,7224.0,983040.0,928.0,126464.0
DGFM+,1,0.09,True,968.0,132352.0,0.0898149982094764,7224.0,983040.0,968.0,132352.0
DGFM+,1,0.08,True,1056.0,143616.0,0.0790983065962791,7224.0,983040.0,1056.0,143616.0
DGFM+,1,0.07,True,1152.0,156672.0,0.0696407705545425,7224.0,983040.0,1152.0,156672.0
DGFM+,1,0.06,True,1240.0,168704.0,0.0596996881067752,7224.0,983040.0,1240.0,168704.0
DGFM+,1,0.05,True,1424.0,193792.0,0.0497284494340419,7224.0,983040.0,1424.0,193792.0
DGFM+,1,0.04,True,1624.0,220928.0,0.0399201586842536,7224.0,983040.0,1624.0,220928.0
DGFM+,1,0.03,True,2488.0,338432.0,0.029927834868431,7224.0,983040.0,2488.0,338432.0
DGFM+,1,0.025,False,,,,7224.0,983040.0,7224.0,983040.0
DGFM+,1,0.02,False,,,,7224.0,983040.0,7224.0,983040.0
DGFM+,1,0.018,False,,,,7224.0,983040.0,7224.0,983040.0
DGFM+,1,0.016,False,,,,7224.0,983040.0,7224.0,983040.0
DGFM+,1,0.015,False,,,,7224.0,983040.0,7224.0,983040.0
DGFM+,1,0.014,False,,,,7224.0,983040.0,7224.0,983040.0
DGFM+,1,0.013,False,,,,7224.0,983040.0,7224.0,983040.0
DGFM+,1,0.012,False,,,,7224.0,983040.0,7224.0,983040.0
DGFM+,1,0.0115,False,,,,7224.0,983040.0,7224.0,983040.0
DGFM+,1,0.011,False,,,,7224.0,983040.0,7224.0,983040.0
DGFM+,1,0.01075,False,,,,7224.0,983040.0,7224.0,983040.0
DGFM+,1,0.0105,False,,,,7224.0,983040.0,7224.0,983040.0
DGFM+,1,0.01025,False,,,,7224.0,983040.0,7224.0,983040.0
DGFM+,1,0.01,False,,,,7224.0,983040.0,7224.0,983040.0
DGFM+,1,0.0095,False,,,,7224.0,983040.0,7224.0,983040.0
DGFM+,1,0.009,False,,,,7224.0,983040.0,7224.0,983040.0
DGFM+,1,0.008,False,,,,7224.0,983040.0,7224.0,983040.0
DGFM+,1,0.007,False,,,,7224.0,983040.0,7224.0,983040.0
DGFM+,1,0.006,False,,,,7224.0,983040.0,7224.0,983040.0
DGFM+,1,0.005,False,,,,7224.0,983040.0,7224.0,983040.0
DGFM+,1,0.004,False,,,,7224.0,983040.0,7224.0,983040.0
DGFM+,1,0.003,False,,,,7224.0,983040.0,7224.0,983040.0
DGFM+,1,0.002,False,,,,7224.0,983040.0,7224.0,983040.0
DGFM+,2,0.2,True,384.0,52224.0,0.1996654421091079,7224.0,983040.0,384.0,52224.0
DGFM+,2,0.18,True,480.0,65280.0,0.1790788173675537,7224.0,983040.0,480.0,65280.0
DGFM+,2,0.16,True,560.0,76288.0,0.1589214950799942,7224.0,983040.0,560.0,76288.0
DGFM+,2,0.14,True,672.0,91392.0,0.1390052288770675,7224.0,983040.0,672.0,91392.0
DGFM+,2,0.12,True,752.0,102400.0,0.1180171146988868,7224.0,983040.0,752.0,102400.0
DGFM+,2,0.1,True,888.0,121344.0,0.0998440459370613,7224.0,983040.0,888.0,121344.0
DGFM+,2,0.09,True,944.0,128512.0,0.0895810723304748,7224.0,983040.0,944.0,128512.0
DGFM+,2,0.08,True,1024.0,139520.0,0.0796302109956741,7224.0,983040.0,1024.0,139520.0
DGFM+,2,0.07,True,1192.0,162560.0,0.0699555948376655,7224.0,983040.0,1192.0,162560.0
DGFM+,2,0.06,True,1336.0,181760.0,0.0596470013260841,7224.0,983040.0,1336.0,181760.0
DGFM+,2,0.05,True,1488.0,202752.0,0.0496882870793342,7224.0,983040.0,1488.0,202752.0
DGFM+,2,0.04,True,1752.0,238848.0,0.0397776030004024,7224.0,983040.0,1752.0,238848.0
DGFM+,2,0.03,True,3688.0,502016.0,0.0299420095980167,7224.0,983040.0,3688.0,502016.0
DGFM+,2,0.025,False,,,,7224.0,983040.0,7224.0,983040.0
DGFM+,2,0.02,False,,,,7224.0,983040.0,7224.0,983040.0
DGFM+,2,0.018,False,,,,7224.0,983040.0,7224.0,983040.0
DGFM+,2,0.016,False,,,,7224.0,983040.0,7224.0,983040.0
DGFM+,2,0.015,False,,,,7224.0,983040.0,7224.0,983040.0
DGFM+,2,0.014,False,,,,7224.0,983040.0,7224.0,983040.0
DGFM+,2,0.013,False,,,,7224.0,983040.0,7224.0,983040.0
DGFM+,2,0.012,False,,,,7224.0,983040.0,7224.0,983040.0
DGFM+,2,0.0115,False,,,,7224.0,983040.0,7224.0,983040.0
DGFM+,2,0.011,False,,,,7224.0,983040.0,7224.0,983040.0
DGFM+,2,0.01075,False,,,,7224.0,983040.0,7224.0,983040.0
DGFM+,2,0.0105,False,,,,7224.0,983040.0,7224.0,983040.0
DGFM+,2,0.01025,False,,,,7224.0,983040.0,7224.0,983040.0
DGFM+,2,0.01,False,,,,7224.0,983040.0,7224.0,983040.0
DGFM+,2,0.0095,False,,,,7224.0,983040.0,7224.0,983040.0
DGFM+,2,0.009,False,,,,7224.0,983040.0,7224.0,983040.0
DGFM+,2,0.008,False,,,,7224.0,983040.0,7224.0,983040.0
DGFM+,2,0.007,False,,,,7224.0,983040.0,7224.0,983040.0
DGFM+,2,0.006,False,,,,7224.0,983040.0,7224.0,983040.0
DGFM+,2,0.005,False,,,,7224.0,983040.0,7224.0,983040.0
DGFM+,2,0.004,False,,,,7224.0,983040.0,7224.0,983040.0
DGFM+,2,0.003,False,,,,7224.0,983040.0,7224.0,983040.0
DGFM+,2,0.002,False,,,,7224.0,983040.0,7224.0,983040.0
DGFM+,3,0.2,True,360.0,49152.0,0.1999707072973251,7224.0,983040.0,360.0,49152.0
DGFM+,3,0.18,True,472.0,64256.0,0.1788520067930221,7224.0,983040.0,472.0,64256.0
DGFM+,3,0.16,True,552.0,75264.0,0.157925471663475,7224.0,983040.0,552.0,75264.0
DGFM+,3,0.14,True,624.0,85248.0,0.1395967602729797,7224.0,983040.0,624.0,85248.0
DGFM+,3,0.12,True,720.0,98304.0,0.1195916458964347,7224.0,983040.0,720.0,98304.0
DGFM+,3,0.1,True,872.0,119296.0,0.0997768118977546,7224.0,983040.0,872.0,119296.0
DGFM+,3,0.09,True,928.0,126464.0,0.0896574333310127,7224.0,983040.0,928.0,126464.0
DGFM+,3,0.08,True,1000.0,136448.0,0.0792520493268966,7224.0,983040.0,1000.0,136448.0
DGFM+,3,0.07,True,1160.0,158464.0,0.0692484900355339,7224.0,983040.0,1160.0,158464.0
DGFM+,3,0.06,True,1240.0,168704.0,0.0598975233733654,7224.0,983040.0,1240.0,168704.0
DGFM+,3,0.05,True,1400.0,190720.0,0.0494960770010948,7224.0,983040.0,1400.0,190720.0
DGFM+,3,0.04,True,1584.0,215808.0,0.0398529283702373,7224.0,983040.0,1584.0,215808.0
DGFM+,3,0.03,True,2608.0,355328.0,0.0298002082854509,7224.0,983040.0,2608.0,355328.0
DGFM+,3,0.025,False,,,,7224.0,983040.0,7224.0,983040.0
DGFM+,3,0.02,False,,,,7224.0,983040.0,7224.0,983040.0
DGFM+,3,0.018,False,,,,7224.0,983040.0,7224.0,983040.0
DGFM+,3,0.016,False,,,,7224.0,983040.0,7224.0,983040.0
DGFM+,3,0.015,False,,,,7224.0,983040.0,7224.0,983040.0
DGFM+,3,0.014,False,,,,7224.0,983040.0,7224.0,983040.0
DGFM+,3,0.013,False,,,,7224.0,983040.0,7224.0,983040.0
DGFM+,3,0.012,False,,,,7224.0,983040.0,7224.0,983040.0
DGFM+,3,0.0115,False,,,,7224.0,983040.0,7224.0,983040.0
DGFM+,3,0.011,False,,,,7224.0,983040.0,7224.0,983040.0
DGFM+,3,0.01075,False,,,,7224.0,983040.0,7224.0,983040.0
DGFM+,3,0.0105,False,,,,7224.0,983040.0,7224.0,983040.0
DGFM+,3,0.01025,False,,,,7224.0,983040.0,7224.0,983040.0
DGFM+,3,0.01,False,,,,7224.0,983040.0,7224.0,983040.0
DGFM+,3,0.0095,False,,,,7224.0,983040.0,7224.0,983040.0
DGFM+,3,0.009,False,,,,7224.0,983040.0,7224.0,983040.0
DGFM+,3,0.008,False,,,,7224.0,983040.0,7224.0,983040.0
DGFM+,3,0.007,False,,,,7224.0,983040.0,7224.0,983040.0
DGFM+,3,0.006,False,,,,7224.0,983040.0,7224.0,983040.0
DGFM+,3,0.005,False,,,,7224.0,983040.0,7224.0,983040.0
DGFM+,3,0.004,False,,,,7224.0,983040.0,7224.0,983040.0
DGFM+,3,0.003,False,,,,7224.0,983040.0,7224.0,983040.0
DGFM+,3,0.002,False,,,,7224.0,983040.0,7224.0,983040.0
DGFM+,4,0.2,True,328.0,45056.0,0.1996965110301971,7224.0,983040.0,328.0,45056.0
DGFM+,4,0.18,True,448.0,61184.0,0.1789209246635437,7224.0,983040.0,448.0,61184.0
DGFM+,4,0.16,True,528.0,72192.0,0.1599151939153671,7224.0,983040.0,528.0,72192.0
DGFM+,4,0.14,True,616.0,84224.0,0.1395001262426376,7224.0,983040.0,616.0,84224.0
DGFM+,4,0.12,True,720.0,98304.0,0.1185824498534202,7224.0,983040.0,720.0,98304.0
DGFM+,4,0.1,True,848.0,115456.0,0.0996670871973037,7224.0,983040.0,848.0,115456.0
DGFM+,4,0.09,True,936.0,127488.0,0.0895706564188003,7224.0,983040.0,936.0,127488.0
DGFM+,4,0.08,True,1048.0,142592.0,0.0795971006155014,7224.0,983040.0,1048.0,142592.0
DGFM+,4,0.07,True,1144.0,155648.0,0.06968654692173,7224.0,983040.0,1144.0,155648.0
DGFM+,4,0.06,True,1240.0,168704.0,0.0599718689918518,7224.0,983040.0,1240.0,168704.0
DGFM+,4,0.05,True,1416.0,192768.0,0.0498227439820766,7224.0,983040.0,1416.0,192768.0
DGFM+,4,0.04,True,1704.0,231936.0,0.0398997142910957,7224.0,983040.0,1704.0,231936.0
DGFM+,4,0.03,True,3656.0,497920.0,0.0299861002713441,7224.0,983040.0,3656.0,497920.0
DGFM+,4,0.025,False,,,,7224.0,983040.0,7224.0,983040.0
DGFM+,4,0.02,False,,,,7224.0,983040.0,7224.0,983040.0
DGFM+,4,0.018,False,,,,7224.0,983040.0,7224.0,983040.0
DGFM+,4,0.016,False,,,,7224.0,983040.0,7224.0,983040.0
DGFM+,4,0.015,False,,,,7224.0,983040.0,7224.0,983040.0
DGFM+,4,0.014,False,,,,7224.0,983040.0,7224.0,983040.0
DGFM+,4,0.013,False,,,,7224.0,983040.0,7224.0,983040.0
DGFM+,4,0.012,False,,,,7224.0,983040.0,7224.0,983040.0
DGFM+,4,0.0115,False,,,,7224.0,983040.0,7224.0,983040.0
DGFM+,4,0.011,False,,,,7224.0,983040.0,7224.0,983040.0
DGFM+,4,0.01075,False,,,,7224.0,983040.0,7224.0,983040.0
DGFM+,4,0.0105,False,,,,7224.0,983040.0,7224.0,983040.0
DGFM+,4,0.01025,False,,,,7224.0,983040.0,7224.0,983040.0
DGFM+,4,0.01,False,,,,7224.0,983040.0,7224.0,983040.0
DGFM+,4,0.0095,False,,,,7224.0,983040.0,7224.0,983040.0
DGFM+,4,0.009,False,,,,7224.0,983040.0,7224.0,983040.0
DGFM+,4,0.008,False,,,,7224.0,983040.0,7224.0,983040.0
DGFM+,4,0.007,False,,,,7224.0,983040.0,7224.0,983040.0
DGFM+,4,0.006,False,,,,7224.0,983040.0,7224.0,983040.0
DGFM+,4,0.005,False,,,,7224.0,983040.0,7224.0,983040.0
DGFM+,4,0.004,False,,,,7224.0,983040.0,7224.0,983040.0
DGFM+,4,0.003,False,,,,7224.0,983040.0,7224.0,983040.0
DGFM+,4,0.002,False,,,,7224.0,983040.0,7224.0,983040.0
DGFM+,5,0.2,True,344.0,47104.0,0.1985309720039367,7224.0,983040.0,344.0,47104.0
DGFM+,5,0.18,True,424.0,58112.0,0.1780864596366882,7224.0,983040.0,424.0,58112.0
DGFM+,5,0.16,True,496.0,68096.0,0.1582771390676498,7224.0,983040.0,496.0,68096.0
DGFM+,5,0.14,True,584.0,80128.0,0.1388386338949203,7224.0,983040.0,584.0,80128.0
DGFM+,5,0.12,True,704.0,96256.0,0.1197865530848503,7224.0,983040.0,704.0,96256.0
DGFM+,5,0.1,True,824.0,112384.0,0.0999498590826988,7224.0,983040.0,824.0,112384.0
DGFM+,5,0.09,True,952.0,129536.0,0.0898407325148582,7224.0,983040.0,952.0,129536.0
DGFM+,5,0.08,True,1024.0,139520.0,0.0796831473708152,7224.0,983040.0,1024.0,139520.0
DGFM+,5,0.07,True,1112.0,151552.0,0.0696649774909019,7224.0,983040.0,1112.0,151552.0
DGFM+,5,0.06,True,1224.0,166656.0,0.0596208423376083,7224.0,983040.0,1224.0,166656.0
DGFM+,5,0.05,True,1408.0,191744.0,0.0496820136904716,7224.0,983040.0,1408.0,191744.0
DGFM+,5,0.04,True,1736.0,236800.0,0.0399912483990192,7224.0,983040.0,1736.0,236800.0
DGFM+,5,0.03,True,2232.0,304128.0,0.0298789329826831,7224.0,983040.0,2232.0,304128.0
DGFM+,5,0.025,False,,,,7224.0,983040.0,7224.0,983040.0
DGFM+,5,0.02,False,,,,7224.0,983040.0,7224.0,983040.0
DGFM+,5,0.018,False,,,,7224.0,983040.0,7224.0,983040.0
DGFM+,5,0.016,False,,,,7224.0,983040.0,7224.0,983040.0
DGFM+,5,0.015,False,,,,7224.0,983040.0,7224.0,983040.0
DGFM+,5,0.014,False,,,,7224.0,983040.0,7224.0,983040.0
DGFM+,5,0.013,False,,,,7224.0,983040.0,7224.0,983040.0
DGFM+,5,0.012,False,,,,7224.0,983040.0,7224.0,983040.0
DGFM+,5,0.0115,False,,,,7224.0,983040.0,7224.0,983040.0
DGFM+,5,0.011,False,,,,7224.0,983040.0,7224.0,983040.0
DGFM+,5,0.01075,False,,,,7224.0,983040.0,7224.0,983040.0
DGFM+,5,0.0105,False,,,,7224.0,983040.0,7224.0,983040.0
DGFM+,5,0.01025,False,,,,7224.0,983040.0,7224.0,983040.0
DGFM+,5,0.01,False,,,,7224.0,983040.0,7224.0,983040.0
DGFM+,5,0.0095,False,,,,7224.0,983040.0,7224.0,983040.0
DGFM+,5,0.009,False,,,,7224.0,983040.0,7224.0,983040.0
DGFM+,5,0.008,False,,,,7224.0,983040.0,7224.0,983040.0
DGFM+,5,0.007,False,,,,7224.0,983040.0,7224.0,983040.0
DGFM+,5,0.006,False,,,,7224.0,983040.0,7224.0,983040.0
DGFM+,5,0.005,False,,,,7224.0,983040.0,7224.0,983040.0
DGFM+,5,0.004,False,,,,7224.0,983040.0,7224.0,983040.0
DGFM+,5,0.003,False,,,,7224.0,983040.0,7224.0,983040.0
DGFM+,5,0.002,False,,,,7224.0,983040.0,7224.0,983040.0
DGFM+,6,0.2,True,320.0,44032.0,0.1994461119174957,7224.0,983040.0,320.0,44032.0
DGFM+,6,0.18,True,408.0,56064.0,0.1786913573741912,7224.0,983040.0,408.0,56064.0
DGFM+,6,0.16,True,504.0,69120.0,0.1590564548969268,7224.0,983040.0,504.0,69120.0
DGFM+,6,0.14,True,632.0,86272.0,0.1391213238239288,7224.0,983040.0,632.0,86272.0
DGFM+,6,0.12,True,720.0,98304.0,0.1194408014416694,7224.0,983040.0,720.0,98304.0
DGFM+,6,0.1,True,816.0,111360.0,0.0997350141406059,7224.0,983040.0,816.0,111360.0
DGFM+,6,0.09,True,896.0,122368.0,0.0892613232135772,7224.0,983040.0,896.0,122368.0
DGFM+,6,0.08,True,968.0,132352.0,0.079551413655281,7224.0,983040.0,968.0,132352.0
DGFM+,6,0.07,True,1080.0,147456.0,0.0697733238339424,7224.0,983040.0,1080.0,147456.0
DGFM+,6,0.06,True,1200.0,163584.0,0.0594219304621219,7224.0,983040.0,1200.0,163584.0
DGFM+,6,0.05,True,1368.0,186624.0,0.0499347001314163,7224.0,983040.0,1368.0,186624.0
DGFM+,6,0.04,True,1568.0,213760.0,0.0399814993143081,7224.0,983040.0,1568.0,213760.0
DGFM+,6,0.03,True,2616.0,356352.0,0.0298855863511562,7224.0,983040.0,2616.0,356352.0
DGFM+,6,0.025,False,,,,7224.0,983040.0,7224.0,983040.0
DGFM+,6,0.02,False,,,,7224.0,983040.0,7224.0,983040.0
DGFM+,6,0.018,False,,,,7224.0,983040.0,7224.0,983040.0
DGFM+,6,0.016,False,,,,7224.0,983040.0,7224.0,983040.0
DGFM+,6,0.015,False,,,,7224.0,983040.0,7224.0,983040.0
DGFM+,6,0.014,False,,,,7224.0,983040.0,7224.0,983040.0
DGFM+,6,0.013,False,,,,7224.0,983040.0,7224.0,983040.0
DGFM+,6,0.012,False,,,,7224.0,983040.0,7224.0,983040.0
DGFM+,6,0.0115,False,,,,7224.0,983040.0,7224.0,983040.0
DGFM+,6,0.011,False,,,,7224.0,983040.0,7224.0,983040.0
DGFM+,6,0.01075,False,,,,7224.0,983040.0,7224.0,983040.0
DGFM+,6,0.0105,False,,,,7224.0,983040.0,7224.0,983040.0
DGFM+,6,0.01025,False,,,,7224.0,983040.0,7224.0,983040.0
DGFM+,6,0.01,False,,,,7224.0,983040.0,7224.0,983040.0
DGFM+,6,0.0095,False,,,,7224.0,983040.0,7224.0,983040.0
DGFM+,6,0.009,False,,,,7224.0,983040.0,7224.0,983040.0
DGFM+,6,0.008,False,,,,7224.0,983040.0,7224.0,983040.0
DGFM+,6,0.007,False,,,,7224.0,983040.0,7224.0,983040.0
DGFM+,6,0.006,False,,,,7224.0,983040.0,7224.0,983040.0
DGFM+,6,0.005,False,,,,7224.0,983040.0,7224.0,983040.0
DGFM+,6,0.004,False,,,,7224.0,983040.0,7224.0,983040.0
DGFM+,6,0.003,False,,,,7224.0,983040.0,7224.0,983040.0
DGFM+,6,0.002,False,,,,7224.0,983040.0,7224.0,983040.0
DGFM+,7,0.2,True,400.0,55040.0,0.1991350650787353,7224.0,983040.0,400.0,55040.0
DGFM+,7,0.18,True,504.0,69120.0,0.17847441136837,7224.0,983040.0,504.0,69120.0
DGFM+,7,0.16,True,608.0,83200.0,0.1590283662080764,7224.0,983040.0,608.0,83200.0
DGFM+,7,0.14,True,728.0,99328.0,0.1386444270610809,7224.0,983040.0,728.0,99328.0
DGFM+,7,0.12,True,816.0,111360.0,0.1192784905433654,7224.0,983040.0,816.0,111360.0
DGFM+,7,0.1,True,920.0,125440.0,0.0997256338596344,7224.0,983040.0,920.0,125440.0
DGFM+,7,0.09,True,992.0,135424.0,0.0889983028173446,7224.0,983040.0,992.0,135424.0
DGFM+,7,0.08,True,1064.0,145408.0,0.0794598832726478,7224.0,983040.0,1064.0,145408.0
DGFM+,7,0.07,True,1152.0,156672.0,0.0698427334427833,7224.0,983040.0,1152.0,156672.0
DGFM+,7,0.06,True,1320.0,179712.0,0.0594887249171733,7224.0,983040.0,1320.0,179712.0
DGFM+,7,0.05,True,1448.0,197632.0,0.0499878302216529,7224.0,983040.0,1448.0,197632.0
DGFM+,7,0.04,True,1832.0,249856.0,0.0397227928042411,7224.0,983040.0,1832.0,249856.0
DGFM+,7,0.03,True,2552.0,347392.0,0.0299257785081863,7224.0,983040.0,2552.0,347392.0
DGFM+,7,0.025,False,,,,7224.0,983040.0,7224.0,983040.0
DGFM+,7,0.02,False,,,,7224.0,983040.0,7224.0,983040.0
DGFM+,7,0.018,False,,,,7224.0,983040.0,7224.0,983040.0
DGFM+,7,0.016,False,,,,7224.0,983040.0,7224.0,983040.0
DGFM+,7,0.015,False,,,,7224.0,983040.0,7224.0,983040.0
DGFM+,7,0.014,False,,,,7224.0,983040.0,7224.0,983040.0
DGFM+,7,0.013,False,,,,7224.0,983040.0,7224.0,983040.0
DGFM+,7,0.012,False,,,,7224.0,983040.0,7224.0,983040.0
DGFM+,7,0.0115,False,,,,7224.0,983040.0,7224.0,983040.0
DGFM+,7,0.011,False,,,,7224.0,983040.0,7224.0,983040.0
DGFM+,7,0.01075,False,,,,7224.0,983040.0,7224.0,983040.0
DGFM+,7,0.0105,False,,,,7224.0,983040.0,7224.0,983040.0
DGFM+,7,0.01025,False,,,,7224.0,983040.0,7224.0,983040.0
DGFM+,7,0.01,False,,,,7224.0,983040.0,7224.0,983040.0
DGFM+,7,0.0095,False,,,,7224.0,983040.0,7224.0,983040.0
DGFM+,7,0.009,False,,,,7224.0,983040.0,7224.0,983040.0
DGFM+,7,0.008,False,,,,7224.0,983040.0,7224.0,983040.0
DGFM+,7,0.007,False,,,,7224.0,983040.0,7224.0,983040.0
DGFM+,7,0.006,False,,,,7224.0,983040.0,7224.0,983040.0
DGFM+,7,0.005,False,,,,7224.0,983040.0,7224.0,983040.0
DGFM+,7,0.004,False,,,,7224.0,983040.0,7224.0,983040.0
DGFM+,7,0.003,False,,,,7224.0,983040.0,7224.0,983040.0
DGFM+,7,0.002,False,,,,7224.0,983040.0,7224.0,983040.0
DGFM+,8,0.2,True,360.0,49152.0,0.1991194784641266,7224.0,983040.0,360.0,49152.0
DGFM+,8,0.18,True,440.0,60160.0,0.1796780526638031,7224.0,983040.0,440.0,60160.0
DGFM+,8,0.16,True,536.0,73216.0,0.1591732054948806,7224.0,983040.0,536.0,73216.0
DGFM+,8,0.14,True,624.0,85248.0,0.1393348425626754,7224.0,983040.0,624.0,85248.0
DGFM+,8,0.12,True,712.0,97280.0,0.119934931397438,7224.0,983040.0,712.0,97280.0
DGFM+,8,0.1,True,832.0,113408.0,0.0993614941835403,7224.0,983040.0,832.0,113408.0
DGFM+,8,0.09,True,936.0,127488.0,0.0894895270466804,7224.0,983040.0,936.0,127488.0
DGFM+,8,0.08,True,1016.0,138496.0,0.0799500346183776,7224.0,983040.0,1016.0,138496.0
DGFM+,8,0.07,True,1088.0,148480.0,0.0688921436667442,7224.0,983040.0,1088.0,148480.0
DGFM+,8,0.06,True,1144.0,155648.0,0.059627816081047,7224.0,983040.0,1144.0,155648.0
DGFM+,8,0.05,True,1224.0,166656.0,0.0493929348886013,7224.0,983040.0,1224.0,166656.0
DGFM+,8,0.04,True,1592.0,216832.0,0.0397040024399757,7224.0,983040.0,1592.0,216832.0
DGFM+,8,0.03,True,3544.0,482048.0,0.029998118057847,7224.0,983040.0,3544.0,482048.0
DGFM+,8,0.025,False,,,,7224.0,983040.0,7224.0,983040.0
DGFM+,8,0.02,False,,,,7224.0,983040.0,7224.0,983040.0
DGFM+,8,0.018,False,,,,7224.0,983040.0,7224.0,983040.0
DGFM+,8,0.016,False,,,,7224.0,983040.0,7224.0,983040.0
DGFM+,8,0.015,False,,,,7224.0,983040.0,7224.0,983040.0
DGFM+,8,0.014,False,,,,7224.0,983040.0,7224.0,983040.0
DGFM+,8,0.013,False,,,,7224.0,983040.0,7224.0,983040.0
DGFM+,8,0.012,False,,,,7224.0,983040.0,7224.0,983040.0
DGFM+,8,0.0115,False,,,,7224.0,983040.0,7224.0,983040.0
DGFM+,8,0.011,False,,,,7224.0,983040.0,7224.0,983040.0
DGFM+,8,0.01075,False,,,,7224.0,983040.0,7224.0,983040.0
DGFM+,8,0.0105,False,,,,7224.0,983040.0,7224.0,983040.0
DGFM+,8,0.01025,False,,,,7224.0,983040.0,7224.0,983040.0
DGFM+,8,0.01,False,,,,7224.0,983040.0,7224.0,983040.0
DGFM+,8,0.0095,False,,,,7224.0,983040.0,7224.0,983040.0
DGFM+,8,0.009,False,,,,7224.0,983040.0,7224.0,983040.0
DGFM+,8,0.008,False,,,,7224.0,983040.0,7224.0,983040.0
DGFM+,8,0.007,False,,,,7224.0,983040.0,7224.0,983040.0
DGFM+,8,0.006,False,,,,7224.0,983040.0,7224.0,983040.0
DGFM+,8,0.005,False,,,,7224.0,983040.0,7224.0,983040.0
DGFM+,8,0.004,False,,,,7224.0,983040.0,7224.0,983040.0
DGFM+,8,0.003,False,,,,7224.0,983040.0,7224.0,983040.0
DGFM+,8,0.002,False,,,,7224.0,983040.0,7224.0,983040.0
DGFM+,9,0.2,True,392.0,54016.0,0.1989795118570327,7224.0,983040.0,392.0,54016.0
DGFM+,9,0.18,True,464.0,63232.0,0.1796777695417404,7224.0,983040.0,464.0,63232.0
DGFM+,9,0.16,True,552.0,75264.0,0.1585766822099685,7224.0,983040.0,552.0,75264.0
DGFM+,9,0.14,True,624.0,85248.0,0.1399464458227157,7224.0,983040.0,624.0,85248.0
DGFM+,9,0.12,True,720.0,98304.0,0.1195427328348159,7224.0,983040.0,720.0,98304.0
DGFM+,9,0.1,True,832.0,113408.0,0.0998794436454773,7224.0,983040.0,832.0,113408.0
DGFM+,9,0.09,True,896.0,122368.0,0.0890963375568389,7224.0,983040.0,896.0,122368.0
DGFM+,9,0.08,True,960.0,130560.0,0.0798332244157791,7224.0,983040.0,960.0,130560.0
DGFM+,9,0.07,True,1056.0,143616.0,0.069370724260807,7224.0,983040.0,1056.0,143616.0
DGFM+,9,0.06,True,1160.0,158464.0,0.0596468597650527,7224.0,983040.0,1160.0,158464.0
DGFM+,9,0.05,True,1288.0,175616.0,0.0493794381618499,7224.0,983040.0,1288.0,175616.0
DGFM+,9,0.04,True,1416.0,192768.0,0.0397398360073566,7224.0,983040.0,1416.0,192768.0
DGFM+,9,0.03,True,1800.0,244992.0,0.029912032186985,7224.0,983040.0,1800.0,244992.0
DGFM+,9,0.025,False,,,,7224.0,983040.0,7224.0,983040.0
DGFM+,9,0.02,False,,,,7224.0,983040.0,7224.0,983040.0
DGFM+,9,0.018,False,,,,7224.0,983040.0,7224.0,983040.0
DGFM+,9,0.016,False,,,,7224.0,983040.0,7224.0,983040.0
DGFM+,9,0.015,False,,,,7224.0,983040.0,7224.0,983040.0
DGFM+,9,0.014,False,,,,7224.0,983040.0,7224.0,983040.0
DGFM+,9,0.013,False,,,,7224.0,983040.0,7224.0,983040.0
DGFM+,9,0.012,False,,,,7224.0,983040.0,7224.0,983040.0
DGFM+,9,0.0115,False,,,,7224.0,983040.0,7224.0,983040.0
DGFM+,9,0.011,False,,,,7224.0,983040.0,7224.0,983040.0
DGFM+,9,0.01075,False,,,,7224.0,983040.0,7224.0,983040.0
DGFM+,9,0.0105,False,,,,7224.0,983040.0,7224.0,983040.0
DGFM+,9,0.01025,False,,,,7224.0,983040.0,7224.0,983040.0
DGFM+,9,0.01,False,,,,7224.0,983040.0,7224.0,983040.0
DGFM+,9,0.0095,False,,,,7224.0,983040.0,7224.0,983040.0
DGFM+,9,0.009,False,,,,7224.0,983040.0,7224.0,983040.0
DGFM+,9,0.008,False,,,,7224.0,983040.0,7224.0,983040.0
DGFM+,9,0.007,False,,,,7224.0,983040.0,7224.0,983040.0
DGFM+,9,0.006,False,,,,7224.0,983040.0,7224.0,983040.0
DGFM+,9,0.005,False,,,,7224.0,983040.0,7224.0,983040.0
DGFM+,9,0.004,False,,,,7224.0,983040.0,7224.0,983040.0
DGFM+,9,0.003,False,,,,7224.0,983040.0,7224.0,983040.0
DGFM+,9,0.002,False,,,,7224.0,983040.0,7224.0,983040.0
DGFM+,10,0.2,True,376.0,51200.0,0.1977522075176239,7224.0,983040.0,376.0,51200.0
DGFM+,10,0.18,True,440.0,60160.0,0.1795657873153686,7224.0,983040.0,440.0,60160.0
DGFM+,10,0.16,True,520.0,71168.0,0.1594430208206176,7224.0,983040.0,520.0,71168.0
DGFM+,10,0.14,True,632.0,86272.0,0.1397149562835693,7224.0,983040.0,632.0,86272.0
DGFM+,10,0.12,True,752.0,102400.0,0.1187469363212585,7224.0,983040.0,752.0,102400.0
DGFM+,10,0.1,True,872.0,119296.0,0.0991345196962356,7224.0,983040.0,872.0,119296.0
DGFM+,10,0.09,True,920.0,125440.0,0.0886031538248062,7224.0,983040.0,920.0,125440.0
DGFM+,10,0.08,True,968.0,132352.0,0.0796648934483528,7224.0,983040.0,968.0,132352.0
DGFM+,10,0.07,True,1080.0,147456.0,0.0694413110613823,7224.0,983040.0,1080.0,147456.0
DGFM+,10,0.06,True,1192.0,162560.0,0.0597399435937404,7224.0,983040.0,1192.0,162560.0
DGFM+,10,0.05,True,1432.0,194816.0,0.0498374551534652,7224.0,983040.0,1432.0,194816.0
DGFM+,10,0.04,True,1888.0,257024.0,0.0398237742483615,7224.0,983040.0,1888.0,257024.0
DGFM+,10,0.03,True,3312.0,450816.0,0.0299525447189807,7224.0,983040.0,3312.0,450816.0
DGFM+,10,0.025,False,,,,7224.0,983040.0,7224.0,983040.0
DGFM+,10,0.02,False,,,,7224.0,983040.0,7224.0,983040.0
DGFM+,10,0.018,False,,,,7224.0,983040.0,7224.0,983040.0
DGFM+,10,0.016,False,,,,7224.0,983040.0,7224.0,983040.0
DGFM+,10,0.015,False,,,,7224.0,983040.0,7224.0,983040.0
DGFM+,10,0.014,False,,,,7224.0,983040.0,7224.0,983040.0
DGFM+,10,0.013,False,,,,7224.0,983040.0,7224.0,983040.0
DGFM+,10,0.012,False,,,,7224.0,983040.0,7224.0,983040.0
DGFM+,10,0.0115,False,,,,7224.0,983040.0,7224.0,983040.0
DGFM+,10,0.011,False,,,,7224.0,983040.0,7224.0,983040.0
DGFM+,10,0.01075,False,,,,7224.0,983040.0,7224.0,983040.0
DGFM+,10,0.0105,False,,,,7224.0,983040.0,7224.0,983040.0
DGFM+,10,0.01025,False,,,,7224.0,983040.0,7224.0,983040.0
DGFM+,10,0.01,False,,,,7224.0,983040.0,7224.0,983040.0
DGFM+,10,0.0095,False,,,,7224.0,983040.0,7224.0,983040.0
DGFM+,10,0.009,False,,,,7224.0,983040.0,7224.0,983040.0
DGFM+,10,0.008,False,,,,7224.0,983040.0,7224.0,983040.0
DGFM+,10,0.007,False,,,,7224.0,983040.0,7224.0,983040.0
DGFM+,10,0.006,False,,,,7224.0,983040.0,7224.0,983040.0
DGFM+,10,0.005,False,,,,7224.0,983040.0,7224.0,983040.0
DGFM+,10,0.004,False,,,,7224.0,983040.0,7224.0,983040.0
DGFM+,10,0.003,False,,,,7224.0,983040.0,7224.0,983040.0
DGFM+,10,0.002,False,,,,7224.0,983040.0,7224.0,983040.0
DGFM+,11,0.2,True,384.0,52224.0,0.197543516755104,7224.0,983040.0,384.0,52224.0
DGFM+,11,0.18,True,448.0,61184.0,0.178440123796463,7224.0,983040.0,448.0,61184.0
DGFM+,11,0.16,True,568.0,77312.0,0.159171774983406,7224.0,983040.0,568.0,77312.0
DGFM+,11,0.14,True,688.0,94208.0,0.1385485380887985,7224.0,983040.0,688.0,94208.0
DGFM+,11,0.12,True,800.0,109312.0,0.1198903545737266,7224.0,983040.0,800.0,109312.0
DGFM+,11,0.1,True,976.0,133376.0,0.0993004739284515,7224.0,983040.0,976.0,133376.0
DGFM+,11,0.09,True,1024.0,139520.0,0.0895254984498024,7224.0,983040.0,1024.0,139520.0
DGFM+,11,0.08,True,1104.0,150528.0,0.0799812749028205,7224.0,983040.0,1104.0,150528.0
DGFM+,11,0.07,True,1216.0,165632.0,0.0695977956056594,7224.0,983040.0,1216.0,165632.0
DGFM+,11,0.06,True,1328.0,180736.0,0.0595694482326507,7224.0,983040.0,1328.0,180736.0
DGFM+,11,0.05,True,1488.0,202752.0,0.0496886521577835,7224.0,983040.0,1488.0,202752.0
DGFM+,11,0.04,True,1608.0,218880.0,0.0394213385879993,7224.0,983040.0,1608.0,218880.0
DGFM+,11,0.03,True,1976.0,269056.0,0.0299116913229227,7224.0,983040.0,1976.0,269056.0
DGFM+,11,0.025,False,,,,7224.0,983040.0,7224.0,983040.0
DGFM+,11,0.02,False,,,,7224.0,983040.0,7224.0,983040.0
DGFM+,11,0.018,False,,,,7224.0,983040.0,7224.0,983040.0
DGFM+,11,0.016,False,,,,7224.0,983040.0,7224.0,983040.0
DGFM+,11,0.015,False,,,,7224.0,983040.0,7224.0,983040.0
DGFM+,11,0.014,False,,,,7224.0,983040.0,7224.0,983040.0
DGFM+,11,0.013,False,,,,7224.0,983040.0,7224.0,983040.0
DGFM+,11,0.012,False,,,,7224.0,983040.0,7224.0,983040.0
DGFM+,11,0.0115,False,,,,7224.0,983040.0,7224.0,983040.0
DGFM+,11,0.011,False,,,,7224.0,983040.0,7224.0,983040.0
DGFM+,11,0.01075,False,,,,7224.0,983040.0,7224.0,983040.0
DGFM+,11,0.0105,False,,,,7224.0,983040.0,7224.0,983040.0
DGFM+,11,0.01025,False,,,,7224.0,983040.0,7224.0,983040.0
DGFM+,11,0.01,False,,,,7224.0,983040.0,7224.0,983040.0
DGFM+,11,0.0095,False,,,,7224.0,983040.0,7224.0,983040.0
DGFM+,11,0.009,False,,,,7224.0,983040.0,7224.0,983040.0
DGFM+,11,0.008,False,,,,7224.0,983040.0,7224.0,983040.0
DGFM+,11,0.007,False,,,,7224.0,983040.0,7224.0,983040.0
DGFM+,11,0.006,False,,,,7224.0,983040.0,7224.0,983040.0
DGFM+,11,0.005,False,,,,7224.0,983040.0,7224.0,983040.0
DGFM+,11,0.004,False,,,,7224.0,983040.0,7224.0,983040.0
DGFM+,11,0.003,False,,,,7224.0,983040.0,7224.0,983040.0
DGFM+,11,0.002,False,,,,7224.0,983040.0,7224.0,983040.0
DGFM+,12,0.2,True,360.0,49152.0,0.1990408897399902,7224.0,983040.0,360.0,49152.0
DGFM+,12,0.18,True,432.0,59136.0,0.1796690076589584,7224.0,983040.0,432.0,59136.0
DGFM+,12,0.16,True,536.0,73216.0,0.1593347787857055,7224.0,983040.0,536.0,73216.0
DGFM+,12,0.14,True,656.0,89344.0,0.1399686336517334,7224.0,983040.0,656.0,89344.0
DGFM+,12,0.12,True,752.0,102400.0,0.1195951476693153,7224.0,983040.0,752.0,102400.0
DGFM+,12,0.1,True,904.0,123392.0,0.0995378345251083,7224.0,983040.0,904.0,123392.0
DGFM+,12,0.09,True,1024.0,139520.0,0.0899043828248977,7224.0,983040.0,1024.0,139520.0
DGFM+,12,0.08,True,1120.0,152576.0,0.079991340637207,7224.0,983040.0,1120.0,152576.0
DGFM+,12,0.07,True,1216.0,165632.0,0.0694255977869033,7224.0,983040.0,1216.0,165632.0
DGFM+,12,0.06,True,1320.0,179712.0,0.0594976097345352,7224.0,983040.0,1320.0,179712.0
DGFM+,12,0.05,True,1480.0,201728.0,0.0496893785893917,7224.0,983040.0,1480.0,201728.0
DGFM+,12,0.04,True,1680.0,228864.0,0.0396644696593284,7224.0,983040.0,1680.0,228864.0
DGFM+,12,0.03,True,2600.0,354304.0,0.0299415774643421,7224.0,983040.0,2600.0,354304.0
DGFM+,12,0.025,False,,,,7224.0,983040.0,7224.0,983040.0
DGFM+,12,0.02,False,,,,7224.0,983040.0,7224.0,983040.0
DGFM+,12,0.018,False,,,,7224.0,983040.0,7224.0,983040.0
DGFM+,12,0.016,False,,,,7224.0,983040.0,7224.0,983040.0
DGFM+,12,0.015,False,,,,7224.0,983040.0,7224.0,983040.0
DGFM+,12,0.014,False,,,,7224.0,983040.0,7224.0,983040.0
DGFM+,12,0.013,False,,,,7224.0,983040.0,7224.0,983040.0
DGFM+,12,0.012,False,,,,7224.0,983040.0,7224.0,983040.0
DGFM+,12,0.0115,False,,,,7224.0,983040.0,7224.0,983040.0
DGFM+,12,0.011,False,,,,7224.0,983040.0,7224.0,983040.0
DGFM+,12,0.01075,False,,,,7224.0,983040.0,7224.0,983040.0
DGFM+,12,0.0105,False,,,,7224.0,983040.0,7224.0,983040.0
DGFM+,12,0.01025,False,,,,7224.0,983040.0,7224.0,983040.0
DGFM+,12,0.01,False,,,,7224.0,983040.0,7224.0,983040.0
DGFM+,12,0.0095,False,,,,7224.0,983040.0,7224.0,983040.0
DGFM+,12,0.009,False,,,,7224.0,983040.0,7224.0,983040.0
DGFM+,12,0.008,False,,,,7224.0,983040.0,7224.0,983040.0
DGFM+,12,0.007,False,,,,7224.0,983040.0,7224.0,983040.0
DGFM+,12,0.006,False,,,,7224.0,983040.0,7224.0,983040.0
DGFM+,12,0.005,False,,,,7224.0,983040.0,7224.0,983040.0
DGFM+,12,0.004,False,,,,7224.0,983040.0,7224.0,983040.0
DGFM+,12,0.003,False,,,,7224.0,983040.0,7224.0,983040.0
DGFM+,12,0.002,False,,,,7224.0,983040.0,7224.0,983040.0
DGFM+,13,0.2,True,336.0,46080.0,0.1984639018774032,7224.0,983040.0,336.0,46080.0
DGFM+,13,0.18,True,408.0,56064.0,0.1785521060228347,7224.0,983040.0,408.0,56064.0
DGFM+,13,0.16,True,496.0,68096.0,0.159150630235672,7224.0,983040.0,496.0,68096.0
DGFM+,13,0.14,True,616.0,84224.0,0.1399975717067718,7224.0,983040.0,616.0,84224.0
DGFM+,13,0.12,True,760.0,103424.0,0.1191044524312019,7224.0,983040.0,760.0,103424.0
DGFM+,13,0.1,True,856.0,116480.0,0.0998020023107528,7224.0,983040.0,856.0,116480.0
DGFM+,13,0.09,True,920.0,125440.0,0.0896110907196998,7224.0,983040.0,920.0,125440.0
DGFM+,13,0.08,True,1080.0,147456.0,0.0794451832771301,7224.0,983040.0,1080.0,147456.0
DGFM+,13,0.07,True,1168.0,159488.0,0.06968305259943,7224.0,983040.0,1168.0,159488.0
DGFM+,13,0.06,True,1288.0,175616.0,0.0593104101717472,7224.0,983040.0,1288.0,175616.0
DGFM+,13,0.05,True,1376.0,187648.0,0.0499664172530174,7224.0,983040.0,1376.0,187648.0
DGFM+,13,0.04,True,1808.0,246016.0,0.0399886928498744,7224.0,983040.0,1808.0,246016.0
DGFM+,13,0.03,True,2456.0,334336.0,0.029969872906804,7224.0,983040.0,2456.0,334336.0
DGFM+,13,0.025,False,,,,7224.0,983040.0,7224.0,983040.0
DGFM+,13,0.02,False,,,,7224.0,983040.0,7224.0,983040.0
DGFM+,13,0.018,False,,,,7224.0,983040.0,7224.0,983040.0
DGFM+,13,0.016,False,,,,7224.0,983040.0,7224.0,983040.0
DGFM+,13,0.015,False,,,,7224.0,983040.0,7224.0,983040.0
DGFM+,13,0.014,False,,,,7224.0,983040.0,7224.0,983040.0
DGFM+,13,0.013,False,,,,7224.0,983040.0,7224.0,983040.0
DGFM+,13,0.012,False,,,,7224.0,983040.0,7224.0,983040.0
DGFM+,13,0.0115,False,,,,7224.0,983040.0,7224.0,983040.0
DGFM+,13,0.011,False,,,,7224.0,983040.0,7224.0,983040.0
DGFM+,13,0.01075,False,,,,7224.0,983040.0,7224.0,983040.0
DGFM+,13,0.0105,False,,,,7224.0,983040.0,7224.0,983040.0
DGFM+,13,0.01025,False,,,,7224.0,983040.0,7224.0,983040.0
DGFM+,13,0.01,False,,,,7224.0,983040.0,7224.0,983040.0
DGFM+,13,0.0095,False,,,,7224.0,983040.0,7224.0,983040.0
DGFM+,13,0.009,False,,,,7224.0,983040.0,7224.0,983040.0
DGFM+,13,0.008,False,,,,7224.0,983040.0,7224.0,983040.0
DGFM+,13,0.007,False,,,,7224.0,983040.0,7224.0,983040.0
DGFM+,13,0.006,False,,,,7224.0,983040.0,7224.0,983040.0
DGFM+,13,0.005,False,,,,7224.0,983040.0,7224.0,983040.0
DGFM+,13,0.004,False,,,,7224.0,983040.0,7224.0,983040.0
DGFM+,13,0.003,False,,,,7224.0,983040.0,7224.0,983040.0
DGFM+,13,0.002,False,,,,7224.0,983040.0,7224.0,983040.0
DGFM+,14,0.2,True,408.0,56064.0,0.1988331228494644,7224.0,983040.0,408.0,56064.0
DGFM+,14,0.18,True,472.0,64256.0,0.1781171858310699,7224.0,983040.0,472.0,64256.0
DGFM+,14,0.16,True,552.0,75264.0,0.1595081686973571,7224.0,983040.0,552.0,75264.0
DGFM+,14,0.14,True,672.0,91392.0,0.1387979537248611,7224.0,983040.0,672.0,91392.0
DGFM+,14,0.12,True,768.0,104448.0,0.1198566257953643,7224.0,983040.0,768.0,104448.0
DGFM+,14,0.1,True,864.0,117504.0,0.0990018174052238,7224.0,983040.0,864.0,117504.0
DGFM+,14,0.09,True,912.0,124416.0,0.089681439101696,7224.0,983040.0,912.0,124416.0
DGFM+,14,0.08,True,968.0,132352.0,0.0797100067138671,7224.0,983040.0,968.0,132352.0
DGFM+,14,0.07,True,1032.0,140544.0,0.0697584077715873,7224.0,983040.0,1032.0,140544.0
DGFM+,14,0.06,True,1128.0,153600.0,0.0597184970974922,7224.0,983040.0,1128.0,153600.0
DGFM+,14,0.05,True,1240.0,168704.0,0.0496613755822181,7224.0,983040.0,1240.0,168704.0
DGFM+,14,0.04,True,1600.0,217856.0,0.0398418866097927,7224.0,983040.0,1600.0,217856.0
DGFM+,14,0.03,True,2728.0,371456.0,0.0299775768071413,7224.0,983040.0,2728.0,371456.0
DGFM+,14,0.025,False,,,,7224.0,983040.0,7224.0,983040.0
DGFM+,14,0.02,False,,,,7224.0,983040.0,7224.0,983040.0
DGFM+,14,0.018,False,,,,7224.0,983040.0,7224.0,983040.0
DGFM+,14,0.016,False,,,,7224.0,983040.0,7224.0,983040.0
DGFM+,14,0.015,False,,,,7224.0,983040.0,7224.0,983040.0
DGFM+,14,0.014,False,,,,7224.0,983040.0,7224.0,983040.0
DGFM+,14,0.013,False,,,,7224.0,983040.0,7224.0,983040.0
DGFM+,14,0.012,False,,,,7224.0,983040.0,7224.0,983040.0
DGFM+,14,0.0115,False,,,,7224.0,983040.0,7224.0,983040.0
DGFM+,14,0.011,False,,,,7224.0,983040.0,7224.0,983040.0
DGFM+,14,0.01075,False,,,,7224.0,983040.0,7224.0,983040.0
DGFM+,14,0.0105,False,,,,7224.0,983040.0,7224.0,983040.0
DGFM+,14,0.01025,False,,,,7224.0,983040.0,7224.0,983040.0
DGFM+,14,0.01,False,,,,7224.0,983040.0,7224.0,983040.0
DGFM+,14,0.0095,False,,,,7224.0,983040.0,7224.0,983040.0
DGFM+,14,0.009,False,,,,7224.0,983040.0,7224.0,983040.0
DGFM+,14,0.008,False,,,,7224.0,983040.0,7224.0,983040.0
DGFM+,14,0.007,False,,,,7224.0,983040.0,7224.0,983040.0
DGFM+,14,0.006,False,,,,7224.0,983040.0,7224.0,983040.0
DGFM+,14,0.005,False,,,,7224.0,983040.0,7224.0,983040.0
DGFM+,14,0.004,False,,,,7224.0,983040.0,7224.0,983040.0
DGFM+,14,0.003,False,,,,7224.0,983040.0,7224.0,983040.0
DGFM+,14,0.002,False,,,,7224.0,983040.0,7224.0,983040.0
DGFM+,15,0.2,True,296.0,40960.0,0.1997862607240677,7224.0,983040.0,296.0,40960.0
DGFM+,15,0.18,True,376.0,51200.0,0.1789262294769287,7224.0,983040.0,376.0,51200.0
DGFM+,15,0.16,True,496.0,68096.0,0.1597646325826645,7224.0,983040.0,496.0,68096.0
DGFM+,15,0.14,True,592.0,81152.0,0.1387023627758026,7224.0,983040.0,592.0,81152.0
DGFM+,15,0.12,True,704.0,96256.0,0.1190279573202133,7224.0,983040.0,704.0,96256.0
DGFM+,15,0.1,True,864.0,117504.0,0.0995109379291534,7224.0,983040.0,864.0,117504.0
DGFM+,15,0.09,True,952.0,129536.0,0.0893490985035896,7224.0,983040.0,952.0,129536.0
DGFM+,15,0.08,True,1032.0,140544.0,0.079238161444664,7224.0,983040.0,1032.0,140544.0
DGFM+,15,0.07,True,1176.0,160512.0,0.0697197094559669,7224.0,983040.0,1176.0,160512.0
DGFM+,15,0.06,True,1280.0,174592.0,0.0598482899367809,7224.0,983040.0,1280.0,174592.0
DGFM+,15,0.05,True,1400.0,190720.0,0.0499105304479599,7224.0,983040.0,1400.0,190720.0
DGFM+,15,0.04,True,1512.0,205824.0,0.0399713926017284,7224.0,983040.0,1512.0,205824.0
DGFM+,15,0.03,True,1832.0,249856.0,0.0298385489732027,7224.0,983040.0,1832.0,249856.0
DGFM+,15,0.025,False,,,,7224.0,983040.0,7224.0,983040.0
DGFM+,15,0.02,False,,,,7224.0,983040.0,7224.0,983040.0
DGFM+,15,0.018,False,,,,7224.0,983040.0,7224.0,983040.0
DGFM+,15,0.016,False,,,,7224.0,983040.0,7224.0,983040.0
DGFM+,15,0.015,False,,,,7224.0,983040.0,7224.0,983040.0
DGFM+,15,0.014,False,,,,7224.0,983040.0,7224.0,983040.0
DGFM+,15,0.013,False,,,,7224.0,983040.0,7224.0,983040.0
DGFM+,15,0.012,False,,,,7224.0,983040.0,7224.0,983040.0
DGFM+,15,0.0115,False,,,,7224.0,983040.0,7224.0,983040.0
DGFM+,15,0.011,False,,,,7224.0,983040.0,7224.0,983040.0
DGFM+,15,0.01075,False,,,,7224.0,983040.0,7224.0,983040.0
DGFM+,15,0.0105,False,,,,7224.0,983040.0,7224.0,983040.0
DGFM+,15,0.01025,False,,,,7224.0,983040.0,7224.0,983040.0
DGFM+,15,0.01,False,,,,7224.0,983040.0,7224.0,983040.0
DGFM+,15,0.0095,False,,,,7224.0,983040.0,7224.0,983040.0
DGFM+,15,0.009,False,,,,7224.0,983040.0,7224.0,983040.0
DGFM+,15,0.008,False,,,,7224.0,983040.0,7224.0,983040.0
DGFM+,15,0.007,False,,,,7224.0,983040.0,7224.0,983040.0
DGFM+,15,0.006,False,,,,7224.0,983040.0,7224.0,983040.0
DGFM+,15,0.005,False,,,,7224.0,983040.0,7224.0,983040.0
DGFM+,15,0.004,False,,,,7224.0,983040.0,7224.0,983040.0
DGFM+,15,0.003,False,,,,7224.0,983040.0,7224.0,983040.0
DGFM+,15,0.002,False,,,,7224.0,983040.0,7224.0,983040.0
DGFM+,16,0.2,True,352.0,48128.0,0.1997124403715133,7224.0,983040.0,352.0,48128.0
DGFM+,16,0.18,True,424.0,58112.0,0.1787701249122619,7224.0,983040.0,424.0,58112.0
DGFM+,16,0.16,True,480.0,65280.0,0.159278467297554,7224.0,983040.0,480.0,65280.0
DGFM+,16,0.14,True,584.0,80128.0,0.1390030086040496,7224.0,983040.0,584.0,80128.0
DGFM+,16,0.12,True,664.0,90368.0,0.1194981336593627,7224.0,983040.0,664.0,90368.0
DGFM+,16,0.1,True,776.0,106240.0,0.0996296107769012,7224.0,983040.0,776.0,106240.0
DGFM+,16,0.09,True,888.0,121344.0,0.0894777551293373,7224.0,983040.0,888.0,121344.0
DGFM+,16,0.08,True,960.0,130560.0,0.0791837275028228,7224.0,983040.0,960.0,130560.0
DGFM+,16,0.07,True,1032.0,140544.0,0.069293089210987,7224.0,983040.0,1032.0,140544.0
DGFM+,16,0.06,True,1216.0,165632.0,0.0597756169736385,7224.0,983040.0,1216.0,165632.0
DGFM+,16,0.05,True,1424.0,193792.0,0.0498681627213954,7224.0,983040.0,1424.0,193792.0
DGFM+,16,0.04,True,1584.0,215808.0,0.0399839915335178,7224.0,983040.0,1584.0,215808.0
DGFM+,16,0.03,True,2000.0,272128.0,0.0299537684768438,7224.0,983040.0,2000.0,272128.0
DGFM+,16,0.025,False,,,,7224.0,983040.0,7224.0,983040.0
DGFM+,16,0.02,False,,,,7224.0,983040.0,7224.0,983040.0
DGFM+,16,0.018,False,,,,7224.0,983040.0,7224.0,983040.0
DGFM+,16,0.016,False,,,,7224.0,983040.0,7224.0,983040.0
DGFM+,16,0.015,False,,,,7224.0,983040.0,7224.0,983040.0
DGFM+,16,0.014,False,,,,7224.0,983040.0,7224.0,983040.0
DGFM+,16,0.013,False,,,,7224.0,983040.0,7224.0,983040.0
DGFM+,16,0.012,False,,,,7224.0,983040.0,7224.0,983040.0
DGFM+,16,0.0115,False,,,,7224.0,983040.0,7224.0,983040.0
DGFM+,16,0.011,False,,,,7224.0,983040.0,7224.0,983040.0
DGFM+,16,0.01075,False,,,,7224.0,983040.0,7224.0,983040.0
DGFM+,16,0.0105,False,,,,7224.0,983040.0,7224.0,983040.0
DGFM+,16,0.01025,False,,,,7224.0,983040.0,7224.0,983040.0
DGFM+,16,0.01,False,,,,7224.0,983040.0,7224.0,983040.0
DGFM+,16,0.0095,False,,,,7224.0,983040.0,7224.0,983040.0
DGFM+,16,0.009,False,,,,7224.0,983040.0,7224.0,983040.0
DGFM+,16,0.008,False,,,,7224.0,983040.0,7224.0,983040.0
DGFM+,16,0.007,False,,,,7224.0,983040.0,7224.0,983040.0
DGFM+,16,0.006,False,,,,7224.0,983040.0,7224.0,983040.0
DGFM+,16,0.005,False,,,,7224.0,983040.0,7224.0,983040.0
DGFM+,16,0.004,False,,,,7224.0,983040.0,7224.0,983040.0
DGFM+,16,0.003,False,,,,7224.0,983040.0,7224.0,983040.0
DGFM+,16,0.002,False,,,,7224.0,983040.0,7224.0,983040.0
DGFM+,17,0.2,True,376.0,51200.0,0.1995652168989181,7224.0,983040.0,376.0,51200.0
DGFM+,17,0.18,True,512.0,70144.0,0.1794031411409378,7224.0,983040.0,512.0,70144.0
DGFM+,17,0.16,True,616.0,84224.0,0.1596786975860595,7224.0,983040.0,616.0,84224.0
DGFM+,17,0.14,True,712.0,97280.0,0.1397894024848938,7224.0,983040.0,712.0,97280.0
DGFM+,17,0.12,True,824.0,112384.0,0.1182784736156463,7224.0,983040.0,824.0,112384.0
DGFM+,17,0.1,True,920.0,125440.0,0.0985077992081642,7224.0,983040.0,920.0,125440.0
DGFM+,17,0.09,True,976.0,133376.0,0.0899545475840568,7224.0,983040.0,976.0,133376.0
DGFM+,17,0.08,True,1088.0,148480.0,0.079985111951828,7224.0,983040.0,1088.0,148480.0
DGFM+,17,0.07,True,1224.0,166656.0,0.0696316063404083,7224.0,983040.0,1224.0,166656.0
DGFM+,17,0.06,True,1384.0,188672.0,0.0598742365837097,7224.0,983040.0,1384.0,188672.0
DGFM+,17,0.05,True,1680.0,228864.0,0.0496629737317562,7224.0,983040.0,1680.0,228864.0
DGFM+,17,0.04,True,1864.0,253952.0,0.0399352759122848,7224.0,983040.0,1864.0,253952.0
DGFM+,17,0.03,True,2784.0,378624.0,0.0299584977328777,7224.0,983040.0,2784.0,378624.0
DGFM+,17,0.025,False,,,,7224.0,983040.0,7224.0,983040.0
DGFM+,17,0.02,False,,,,7224.0,983040.0,7224.0,983040.0
DGFM+,17,0.018,False,,,,7224.0,983040.0,7224.0,983040.0
DGFM+,17,0.016,False,,,,7224.0,983040.0,7224.0,983040.0
DGFM+,17,0.015,False,,,,7224.0,983040.0,7224.0,983040.0
DGFM+,17,0.014,False,,,,7224.0,983040.0,7224.0,983040.0
DGFM+,17,0.013,False,,,,7224.0,983040.0,7224.0,983040.0
DGFM+,17,0.012,False,,,,7224.0,983040.0,7224.0,983040.0
DGFM+,17,0.0115,False,,,,7224.0,983040.0,7224.0,983040.0
DGFM+,17,0.011,False,,,,7224.0,983040.0,7224.0,983040.0
DGFM+,17,0.01075,False,,,,7224.0,983040.0,7224.0,983040.0
DGFM+,17,0.0105,False,,,,7224.0,983040.0,7224.0,983040.0
DGFM+,17,0.01025,False,,,,7224.0,983040.0,7224.0,983040.0
DGFM+,17,0.01,False,,,,7224.0,983040.0,7224.0,983040.0
DGFM+,17,0.0095,False,,,,7224.0,983040.0,7224.0,983040.0
DGFM+,17,0.009,False,,,,7224.0,983040.0,7224.0,983040.0
DGFM+,17,0.008,False,,,,7224.0,983040.0,7224.0,983040.0
DGFM+,17,0.007,False,,,,7224.0,983040.0,7224.0,983040.0
DGFM+,17,0.006,False,,,,7224.0,983040.0,7224.0,983040.0
DGFM+,17,0.005,False,,,,7224.0,983040.0,7224.0,983040.0
DGFM+,17,0.004,False,,,,7224.0,983040.0,7224.0,983040.0
DGFM+,17,0.003,False,,,,7224.0,983040.0,7224.0,983040.0
DGFM+,17,0.002,False,,,,7224.0,983040.0,7224.0,983040.0
DGFM+,18,0.2,True,400.0,55040.0,0.1994068175554275,7224.0,983040.0,400.0,55040.0
DGFM+,18,0.18,True,504.0,69120.0,0.1785571128129959,7224.0,983040.0,504.0,69120.0
DGFM+,18,0.16,True,576.0,78336.0,0.1585327982902526,7224.0,983040.0,576.0,78336.0
DGFM+,18,0.14,True,656.0,89344.0,0.1394716948270797,7224.0,983040.0,656.0,89344.0
DGFM+,18,0.12,True,744.0,101376.0,0.1195839345455169,7224.0,983040.0,744.0,101376.0
DGFM+,18,0.1,True,840.0,114432.0,0.0994757637381553,7224.0,983040.0,840.0,114432.0
DGFM+,18,0.09,True,888.0,121344.0,0.0889856144785881,7224.0,983040.0,888.0,121344.0
DGFM+,18,0.08,True,928.0,126464.0,0.0797480568289756,7224.0,983040.0,928.0,126464.0
DGFM+,18,0.07,True,992.0,135424.0,0.0690888687968254,7224.0,983040.0,992.0,135424.0
DGFM+,18,0.06,True,1120.0,152576.0,0.0598752759397029,7224.0,983040.0,1120.0,152576.0
DGFM+,18,0.05,True,1248.0,169728.0,0.0498789474368095,7224.0,983040.0,1248.0,169728.0
DGFM+,18,0.04,True,1440.0,195840.0,0.0396259352564811,7224.0,983040.0,1440.0,195840.0
DGFM+,18,0.03,True,2224.0,303104.0,0.0297514125704765,7224.0,983040.0,2224.0,303104.0
DGFM+,18,0.025,True,3088.0,420608.0,0.0249193739145994,7224.0,983040.0,3088.0,420608.0
DGFM+,18,0.02,False,,,,7224.0,983040.0,7224.0,983040.0
DGFM+,18,0.018,False,,,,7224.0,983040.0,7224.0,983040.0
DGFM+,18,0.016,False,,,,7224.0,983040.0,7224.0,983040.0
DGFM+,18,0.015,False,,,,7224.0,983040.0,7224.0,983040.0
DGFM+,18,0.014,False,,,,7224.0,983040.0,7224.0,983040.0
DGFM+,18,0.013,False,,,,7224.0,983040.0,7224.0,983040.0
DGFM+,18,0.012,False,,,,7224.0,983040.0,7224.0,983040.0
DGFM+,18,0.0115,False,,,,7224.0,983040.0,7224.0,983040.0
DGFM+,18,0.011,False,,,,7224.0,983040.0,7224.0,983040.0
DGFM+,18,0.01075,False,,,,7224.0,983040.0,7224.0,983040.0
DGFM+,18,0.0105,False,,,,7224.0,983040.0,7224.0,983040.0
DGFM+,18,0.01025,False,,,,7224.0,983040.0,7224.0,983040.0
DGFM+,18,0.01,False,,,,7224.0,983040.0,7224.0,983040.0
DGFM+,18,0.0095,False,,,,7224.0,983040.0,7224.0,983040.0
DGFM+,18,0.009,False,,,,7224.0,983040.0,7224.0,983040.0
DGFM+,18,0.008,False,,,,7224.0,983040.0,7224.0,983040.0
DGFM+,18,0.007,False,,,,7224.0,983040.0,7224.0,983040.0
DGFM+,18,0.006,False,,,,7224.0,983040.0,7224.0,983040.0
DGFM+,18,0.005,False,,,,7224.0,983040.0,7224.0,983040.0
DGFM+,18,0.004,False,,,,7224.0,983040.0,7224.0,983040.0
DGFM+,18,0.003,False,,,,7224.0,983040.0,7224.0,983040.0
DGFM+,18,0.002,False,,,,7224.0,983040.0,7224.0,983040.0
DGFM+,19,0.2,True,336.0,46080.0,0.1994594484567642,7224.0,983040.0,336.0,46080.0
DGFM+,19,0.18,True,456.0,62208.0,0.1788946986198425,7224.0,983040.0,456.0,62208.0
DGFM+,19,0.16,True,544.0,74240.0,0.159414604306221,7224.0,983040.0,544.0,74240.0
DGFM+,19,0.14,True,648.0,88320.0,0.1387869566679,7224.0,983040.0,648.0,88320.0
DGFM+,19,0.12,True,744.0,101376.0,0.119528628885746,7224.0,983040.0,744.0,101376.0
DGFM+,19,0.1,True,840.0,114432.0,0.0997715517878532,7224.0,983040.0,840.0,114432.0
DGFM+,19,0.09,True,904.0,123392.0,0.0898143723607063,7224.0,983040.0,904.0,123392.0
DGFM+,19,0.08,True,984.0,134400.0,0.07987642288208,7224.0,983040.0,984.0,134400.0
DGFM+,19,0.07,True,1088.0,148480.0,0.0699629262089729,7224.0,983040.0,1088.0,148480.0
DGFM+,19,0.06,True,1224.0,166656.0,0.0595189370214939,7224.0,983040.0,1224.0,166656.0
DGFM+,19,0.05,True,1424.0,193792.0,0.0498499274253845,7224.0,983040.0,1424.0,193792.0
DGFM+,19,0.04,True,1736.0,236800.0,0.0398262105882167,7224.0,983040.0,1736.0,236800.0
DGFM+,19,0.03,True,2888.0,393472.0,0.0297912433743476,7224.0,983040.0,2888.0,393472.0
DGFM+,19,0.025,False,,,,7224.0,983040.0,7224.0,983040.0
DGFM+,19,0.02,False,,,,7224.0,983040.0,7224.0,983040.0
DGFM+,19,0.018,False,,,,7224.0,983040.0,7224.0,983040.0
DGFM+,19,0.016,False,,,,7224.0,983040.0,7224.0,983040.0
DGFM+,19,0.015,False,,,,7224.0,983040.0,7224.0,983040.0
DGFM+,19,0.014,False,,,,7224.0,983040.0,7224.0,983040.0
DGFM+,19,0.013,False,,,,7224.0,983040.0,7224.0,983040.0
DGFM+,19,0.012,False,,,,7224.0,983040.0,7224.0,983040.0
DGFM+,19,0.0115,False,,,,7224.0,983040.0,7224.0,983040.0
DGFM+,19,0.011,False,,,,7224.0,983040.0,7224.0,983040.0
DGFM+,19,0.01075,False,,,,7224.0,983040.0,7224.0,983040.0
DGFM+,19,0.0105,False,,,,7224.0,983040.0,7224.0,983040.0
DGFM+,19,0.01025,False,,,,7224.0,983040.0,7224.0,983040.0
DGFM+,19,0.01,False,,,,7224.0,983040.0,7224.0,983040.0
DGFM+,19,0.0095,False,,,,7224.0,983040.0,7224.0,983040.0
DGFM+,19,0.009,False,,,,7224.0,983040.0,7224.0,983040.0
DGFM+,19,0.008,False,,,,7224.0,983040.0,7224.0,983040.0
DGFM+,19,0.007,False,,,,7224.0,983040.0,7224.0,983040.0
DGFM+,19,0.006,False,,,,7224.0,983040.0,7224.0,983040.0
DGFM+,19,0.005,False,,,,7224.0,983040.0,7224.0,983040.0
DGFM+,19,0.004,False,,,,7224.0,983040.0,7224.0,983040.0
DGFM+,19,0.003,False,,,,7224.0,983040.0,7224.0,983040.0
DGFM+,19,0.002,False,,,,7224.0,983040.0,7224.0,983040.0
