dataset,candidate_id,candidate_parameters,log_epsilon_score,log_epsilon_score_std,epsilon_25_mean,epsilon_50_mean,epsilon_75_mean,epsilon_100_mean,epsilon_100_std,final_depth_mean,final_work_mean,seed_count,rank
a9a,NOG-ZO__M-1__data_B_total-64__eta-3em05__smooth_B-1,"{""M"": 1, ""data_B_total"": 64, ""eta"": 3e-05, ""smooth_B"": 1}",-3.449595353097179,0.06977617657139824,0.073879000544548,0.03464906662702556,0.023744045943021718,0.01703031025826926,0.0015164912150316527,7680.0,983040.0,5,1
a9a,NOG-ZO__M-1__data_B_total-64__eta-9em05__smooth_B-1,"{""M"": 1, ""data_B_total"": 64, ""eta"": 9e-05, ""smooth_B"": 1}",-3.4227290330450315,0.04647560414984171,0.05788292288780208,0.02878521233797072,0.026298700645565942,0.0262567207217216,0.0028929633491527984,7680.0,983040.0,5,2
a9a,NOG-ZO__M-1__data_B_total-64__eta-9em06__smooth_B-1,"{""M"": 1, ""data_B_total"": 64, ""eta"": 9e-06, ""smooth_B"": 1}",-2.943905520225281,0.04373060177516054,0.06084389910101888,0.0498785831034183,0.053676594048738445,0.0479389294981956,0.005718010204979538,7680.0,983040.0,5,3
a9a,NOG-ZO__M-1__data_B_total-64__eta-0p0003__smooth_B-1,"{""M"": 1, ""data_B_total"": 64, ""eta"": 0.0003, ""smooth_B"": 1}",-2.8332368790966136,0.035193953624035997,0.36702199578285216,0.039335985481739,0.030263138934969857,0.027553832903504338,0.0027531699466928614,7680.0,983040.0,5,4
a9a,NOG-ZO__M-1__data_B_total-128__eta-9em05__smooth_B-1,"{""M"": 1, ""data_B_total"": 128, ""eta"": 9e-05, ""smooth_B"": 1}",-2.8109589657462335,0.0444820707376823,0.36702199578285216,0.052295327931642474,0.027996081486344297,0.02449451573193068,0.0019166178858548166,3840.0,983040.0,5,5
a9a,NOG-ZO__M-1__data_B_total-64__eta-9em05__smooth_B-2,"{""M"": 1, ""data_B_total"": 64, ""eta"": 9e-05, ""smooth_B"": 2}",-2.8109589657462335,0.0444820707376823,0.36702199578285216,0.052295327931642474,0.027996081486344297,0.02449451573193068,0.0019166178858548166,3840.0,983040.0,5,6
a9a,NOG-ZO__M-2__data_B_total-64__eta-3em05__smooth_B-1,"{""M"": 2, ""data_B_total"": 64, ""eta"": 3e-05, ""smooth_B"": 1}",-2.8108416449135034,0.03517526158038567,0.36702199578285216,0.047433022409677464,0.02845012284815306,0.02670293301343914,0.0035560133891040053,7680.0,983040.0,5,7
a9a,NOG-ZO__M-2__data_B_total-64__eta-9em06__smooth_B-1,"{""M"": 2, ""data_B_total"": 64, ""eta"": 9e-06, ""smooth_B"": 1}",-2.4554957005380773,0.04042467584747623,0.36702199578285216,0.09188479185104363,0.05825773105025288,0.027994129434227875,0.0033802624217914717,7680.0,983040.0,5,8
a9a,NOG-ZO__M-1__data_B_total-128__eta-0p0003__smooth_B-1,"{""M"": 1, ""data_B_total"": 128, ""eta"": 0.0003, ""smooth_B"": 1}",-2.338965342602425,0.026533125159012346,0.36702199578285216,0.2424772977828979,0.03444079309701914,0.028311431780457457,0.002019068004368562,3840.0,983040.0,5,9
a9a,NOG-ZO__M-1__data_B_total-64__eta-0p0003__smooth_B-2,"{""M"": 1, ""data_B_total"": 64, ""eta"": 0.0003, ""smooth_B"": 2}",-2.338965342602425,0.026533125159012346,0.36702199578285216,0.2424772977828979,0.03444079309701914,0.028311431780457457,0.002019068004368562,3840.0,983040.0,5,10
a9a,NOG-ZO__M-1__data_B_total-128__eta-3em05__smooth_B-1,"{""M"": 1, ""data_B_total"": 128, ""eta"": 3e-05, ""smooth_B"": 1}",-2.3290734708486776,0.019756136231254832,0.36702199578285216,0.08721717298030848,0.06625651642680164,0.04263409674167628,0.003996810479456458,3840.0,983040.0,5,11
a9a,NOG-ZO__M-1__data_B_total-64__eta-3em05__smooth_B-2,"{""M"": 1, ""data_B_total"": 64, ""eta"": 3e-05, ""smooth_B"": 2}",-2.3290734708486776,0.019756136231254832,0.36702199578285216,0.08721717298030848,0.06625651642680164,0.04263409674167628,0.003996810479456458,3840.0,983040.0,5,12
a9a,NOG-ZO__M-2__data_B_total-64__eta-9em05__smooth_B-1,"{""M"": 2, ""data_B_total"": 64, ""eta"": 9e-05, ""smooth_B"": 1}",-2.319015512086681,0.017772259170532944,0.36702199578285216,0.23623515665531153,0.0363801874220371,0.029779686033725716,0.0020867954000779974,7680.0,983040.0,5,13
a9a,NOG-ZO__M-1__data_B_total-128__eta-9em06__smooth_B-1,"{""M"": 1, ""data_B_total"": 128, ""eta"": 9e-06, ""smooth_B"": 1}",-2.1433597796025916,0.012857963289085098,0.36702199578285216,0.06407526880502694,0.14312974214553828,0.0564304322004318,0.0050561966948780915,3840.0,983040.0,5,14
a9a,NOG-ZO__M-1__data_B_total-64__eta-9em06__smooth_B-2,"{""M"": 1, ""data_B_total"": 64, ""eta"": 9e-06, ""smooth_B"": 2}",-2.1433597796025916,0.012857963289085098,0.36702199578285216,0.06407526880502694,0.14312974214553828,0.0564304322004318,0.0050561966948780915,3840.0,983040.0,5,15
a9a,NOG-ZO__M-4__data_B_total-64__eta-9em06__smooth_B-1,"{""M"": 4, ""data_B_total"": 64, ""eta"": 9e-06, ""smooth_B"": 1}",-1.6003226486454376,0.01623034060581121,0.36702199578285216,0.36702199578285216,0.28473002314567564,0.043444394320249505,0.00428052066688422,7678.0,982784.0,5,16
a9a,NOG-ZO__M-2__data_B_total-128__eta-3em05__smooth_B-1,"{""M"": 2, ""data_B_total"": 128, ""eta"": 3e-05, ""smooth_B"": 1}",-1.5839757814097002,0.00870583413889662,0.36702199578285216,0.36702199578285216,0.29817882776260374,0.0441493414342403,0.002024680803946175,3840.0,983040.0,5,17
a9a,NOG-ZO__M-2__data_B_total-64__eta-3em05__smooth_B-2,"{""M"": 2, ""data_B_total"": 64, ""eta"": 3e-05, ""smooth_B"": 2}",-1.5839757814097002,0.00870583413889662,0.36702199578285216,0.36702199578285216,0.29817882776260374,0.0441493414342403,0.002024680803946175,3840.0,983040.0,5,18
a9a,NOG-ZO__M-1__data_B_total-128__eta-0p0003__smooth_B-2,"{""M"": 1, ""data_B_total"": 128, ""eta"": 0.0003, ""smooth_B"": 2}",-1.5242704865108316,0.010319107234123546,0.36702199578285216,0.36702199578285216,0.36702199578285216,0.04551635086536402,0.0011554443621428418,1920.0,983040.0,5,19
a9a,NOG-ZO__M-1__data_B_total-256__eta-0p0003__smooth_B-1,"{""M"": 1, ""data_B_total"": 256, ""eta"": 0.0003, ""smooth_B"": 1}",-1.5242704865108316,0.010319107234123546,0.36702199578285216,0.36702199578285216,0.36702199578285216,0.04551635086536402,0.0011554443621428418,1920.0,983040.0,5,20
a9a,NOG-ZO__M-1__data_B_total-64__eta-0p0003__smooth_B-4,"{""M"": 1, ""data_B_total"": 64, ""eta"": 0.0003, ""smooth_B"": 4}",-1.5242704865108316,0.010319107234123546,0.36702199578285216,0.36702199578285216,0.36702199578285216,0.04551635086536402,0.0011554443621428418,1920.0,983040.0,5,21
a9a,NOG-ZO__M-1__data_B_total-128__eta-9em05__smooth_B-2,"{""M"": 1, ""data_B_total"": 128, ""eta"": 9e-05, ""smooth_B"": 2}",-1.520119380226849,0.019919040131781626,0.36702199578285216,0.36702199578285216,0.3302683293819427,0.05156067907810208,0.004207926314419932,1920.0,983040.0,5,22
a9a,NOG-ZO__M-1__data_B_total-256__eta-9em05__smooth_B-1,"{""M"": 1, ""data_B_total"": 256, ""eta"": 9e-05, ""smooth_B"": 1}",-1.520119380226849,0.019919040131781626,0.36702199578285216,0.36702199578285216,0.3302683293819427,0.05156067907810208,0.004207926314419932,1920.0,983040.0,5,23
a9a,NOG-ZO__M-1__data_B_total-64__eta-9em05__smooth_B-4,"{""M"": 1, ""data_B_total"": 64, ""eta"": 9e-05, ""smooth_B"": 4}",-1.520119380226849,0.019919040131781626,0.36702199578285216,0.36702199578285216,0.3302683293819427,0.05156067907810208,0.004207926314419932,1920.0,983040.0,5,24
a9a,NOG-ZO__M-2__data_B_total-128__eta-9em05__smooth_B-1,"{""M"": 2, ""data_B_total"": 128, ""eta"": 9e-05, ""smooth_B"": 1}",-1.5110925601633736,0.008216275650365566,0.36702199578285216,0.36702199578285216,0.36702199578285216,0.04797680974006646,0.001057641254898245,3840.0,983040.0,5,25
a9a,NOG-ZO__M-2__data_B_total-64__eta-9em05__smooth_B-2,"{""M"": 2, ""data_B_total"": 64, ""eta"": 9e-05, ""smooth_B"": 2}",-1.5110925601633736,0.008216275650365566,0.36702199578285216,0.36702199578285216,0.36702199578285216,0.04797680974006646,0.001057641254898245,3840.0,983040.0,5,26
a9a,NOG-ZO__M-4__data_B_total-64__eta-3em05__smooth_B-1,"{""M"": 4, ""data_B_total"": 64, ""eta"": 3e-05, ""smooth_B"": 1}",-1.4427930999165968,0.02780263457786547,0.36702199578285216,0.36702199578285216,0.36702199578285216,0.06321894153952592,0.0053647075584914335,7678.0,982784.0,5,27
a9a,NOG-ZO__M-2__data_B_total-128__eta-9em06__smooth_B-1,"{""M"": 2, ""data_B_total"": 128, ""eta"": 9e-06, ""smooth_B"": 1}",-1.3878305184752315,0.007426884889795162,0.36702199578285216,0.36702199578285216,0.2846484541893005,0.10131953954696651,0.0037797574036668932,3840.0,983040.0,5,28
a9a,NOG-ZO__M-2__data_B_total-64__eta-9em06__smooth_B-2,"{""M"": 2, ""data_B_total"": 64, ""eta"": 9e-06, ""smooth_B"": 2}",-1.3878305184752315,0.007426884889795162,0.36702199578285216,0.36702199578285216,0.2846484541893005,0.10131953954696651,0.0037797574036668932,3840.0,983040.0,5,29
a9a,NOG-ZO__M-1__data_B_total-128__eta-3em05__smooth_B-2,"{""M"": 1, ""data_B_total"": 128, ""eta"": 3e-05, ""smooth_B"": 2}",-1.3365684910909366,0.008092673777184803,0.36702199578285216,0.36702199578285216,0.3303820133209229,0.10717399865388866,0.00426033441562641,1920.0,983040.0,5,30
a9a,NOG-ZO__M-1__data_B_total-256__eta-3em05__smooth_B-1,"{""M"": 1, ""data_B_total"": 256, ""eta"": 3e-05, ""smooth_B"": 1}",-1.3365684910909366,0.008092673777184803,0.36702199578285216,0.36702199578285216,0.3303820133209229,0.10717399865388866,0.00426033441562641,1920.0,983040.0,5,31
a9a,NOG-ZO__M-1__data_B_total-64__eta-3em05__smooth_B-4,"{""M"": 1, ""data_B_total"": 64, ""eta"": 3e-05, ""smooth_B"": 4}",-1.3365684910909366,0.008092673777184803,0.36702199578285216,0.36702199578285216,0.3303820133209229,0.10717399865388866,0.00426033441562641,1920.0,983040.0,5,32
a9a,NOG-ZO__M-1__data_B_total-128__eta-9em06__smooth_B-2,"{""M"": 1, ""data_B_total"": 128, ""eta"": 9e-06, ""smooth_B"": 2}",-1.3267166748691568,0.006910878882110676,0.36702199578285216,0.36702199578285216,0.36702199578285216,0.10036368668079369,0.004400566913970038,1920.0,983040.0,5,33
a9a,NOG-ZO__M-1__data_B_total-256__eta-9em06__smooth_B-1,"{""M"": 1, ""data_B_total"": 256, ""eta"": 9e-06, ""smooth_B"": 1}",-1.3267166748691568,0.006910878882110676,0.36702199578285216,0.36702199578285216,0.36702199578285216,0.10036368668079369,0.004400566913970038,1920.0,983040.0,5,34
a9a,NOG-ZO__M-1__data_B_total-64__eta-9em06__smooth_B-4,"{""M"": 1, ""data_B_total"": 64, ""eta"": 9e-06, ""smooth_B"": 4}",-1.3267166748691568,0.006910878882110676,0.36702199578285216,0.36702199578285216,0.36702199578285216,0.10036368668079369,0.004400566913970038,1920.0,983040.0,5,35
a9a,NOG-ZO__M-1__data_B_total-64__eta-0p0009__smooth_B-1,"{""M"": 1, ""data_B_total"": 64, ""eta"": 0.0009, ""smooth_B"": 1}",-1.2802293315726263,0.017276490435006658,0.36702199578285216,0.36702199578285216,0.36702199578285216,0.12088567465543743,0.005615362832528634,7680.0,983040.0,5,36
a9a,NOG-ZO__M-1__data_B_total-128__eta-0p0009__smooth_B-1,"{""M"": 1, ""data_B_total"": 128, ""eta"": 0.0009, ""smooth_B"": 1}",-1.0983906960816605,0.009952420292594268,0.36702199578285216,0.36702199578285216,0.36702199578285216,0.2500008046627044,0.004551200131904814,3840.0,983040.0,5,37
a9a,NOG-ZO__M-1__data_B_total-64__eta-0p0009__smooth_B-2,"{""M"": 1, ""data_B_total"": 64, ""eta"": 0.0009, ""smooth_B"": 2}",-1.0983906960816605,0.009952420292594268,0.36702199578285216,0.36702199578285216,0.36702199578285216,0.2500008046627044,0.004551200131904814,3840.0,983040.0,5,38
a9a,NOG-ZO__M-4__data_B_total-256__eta-0p0003__smooth_B-8,"{""M"": 4, ""data_B_total"": 256, ""eta"": 0.0003, ""smooth_B"": 8}",-1.0023790133102175,0.010653096057204898,0.36702199578285216,0.36702199578285216,0.36702199578285216,0.36702199578285216,0.003925358702065216,238.0,974848.0,5,39
a9a,NOG-ZO__M-4__data_B_total-256__eta-0p0009__smooth_B-8,"{""M"": 4, ""data_B_total"": 256, ""eta"": 0.0009, ""smooth_B"": 8}",-1.0023790133102175,0.010653096057204898,0.36702199578285216,0.36702199578285216,0.36702199578285216,0.36702199578285216,0.003925358702065216,238.0,974848.0,5,40
a9a,NOG-ZO__M-4__data_B_total-256__eta-3em05__smooth_B-8,"{""M"": 4, ""data_B_total"": 256, ""eta"": 3e-05, ""smooth_B"": 8}",-1.0023790133102175,0.010653096057204898,0.36702199578285216,0.36702199578285216,0.36702199578285216,0.36702199578285216,0.003925358702065216,238.0,974848.0,5,41
a9a,NOG-ZO__M-4__data_B_total-256__eta-9em05__smooth_B-8,"{""M"": 4, ""data_B_total"": 256, ""eta"": 9e-05, ""smooth_B"": 8}",-1.0023790133102175,0.010653096057204898,0.36702199578285216,0.36702199578285216,0.36702199578285216,0.36702199578285216,0.003925358702065216,238.0,974848.0,5,42
a9a,NOG-ZO__M-4__data_B_total-256__eta-9em06__smooth_B-8,"{""M"": 4, ""data_B_total"": 256, ""eta"": 9e-06, ""smooth_B"": 8}",-1.0023790133102175,0.010653096057204898,0.36702199578285216,0.36702199578285216,0.36702199578285216,0.36702199578285216,0.003925358702065216,238.0,974848.0,5,43
a9a,NOG-ZO__M-1__data_B_total-256__eta-0p0003__smooth_B-8,"{""M"": 1, ""data_B_total"": 256, ""eta"": 0.0003, ""smooth_B"": 8}",-1.0023790133102175,0.010653096057204898,0.36702199578285216,0.36702199578285216,0.36702199578285216,0.36702199578285216,0.003925358702065216,240.0,983040.0,5,44
a9a,NOG-ZO__M-1__data_B_total-256__eta-0p0009__smooth_B-8,"{""M"": 1, ""data_B_total"": 256, ""eta"": 0.0009, ""smooth_B"": 8}",-1.0023790133102175,0.010653096057204898,0.36702199578285216,0.36702199578285216,0.36702199578285216,0.36702199578285216,0.003925358702065216,240.0,983040.0,5,45
a9a,NOG-ZO__M-1__data_B_total-256__eta-3em05__smooth_B-8,"{""M"": 1, ""data_B_total"": 256, ""eta"": 3e-05, ""smooth_B"": 8}",-1.0023790133102175,0.010653096057204898,0.36702199578285216,0.36702199578285216,0.36702199578285216,0.36702199578285216,0.003925358702065216,240.0,983040.0,5,46
a9a,NOG-ZO__M-1__data_B_total-256__eta-9em05__smooth_B-8,"{""M"": 1, ""data_B_total"": 256, ""eta"": 9e-05, ""smooth_B"": 8}",-1.0023790133102175,0.010653096057204898,0.36702199578285216,0.36702199578285216,0.36702199578285216,0.36702199578285216,0.003925358702065216,240.0,983040.0,5,47
a9a,NOG-ZO__M-1__data_B_total-256__eta-9em06__smooth_B-8,"{""M"": 1, ""data_B_total"": 256, ""eta"": 9e-06, ""smooth_B"": 8}",-1.0023790133102175,0.010653096057204898,0.36702199578285216,0.36702199578285216,0.36702199578285216,0.36702199578285216,0.003925358702065216,240.0,983040.0,5,48
a9a,NOG-ZO__M-2__data_B_total-256__eta-0p0003__smooth_B-8,"{""M"": 2, ""data_B_total"": 256, ""eta"": 0.0003, ""smooth_B"": 8}",-1.0023790133102175,0.010653096057204898,0.36702199578285216,0.36702199578285216,0.36702199578285216,0.36702199578285216,0.003925358702065216,240.0,983040.0,5,49
a9a,NOG-ZO__M-2__data_B_total-256__eta-0p0009__smooth_B-8,"{""M"": 2, ""data_B_total"": 256, ""eta"": 0.0009, ""smooth_B"": 8}",-1.0023790133102175,0.010653096057204898,0.36702199578285216,0.36702199578285216,0.36702199578285216,0.36702199578285216,0.003925358702065216,240.0,983040.0,5,50
a9a,NOG-ZO__M-2__data_B_total-256__eta-3em05__smooth_B-8,"{""M"": 2, ""data_B_total"": 256, ""eta"": 3e-05, ""smooth_B"": 8}",-1.0023790133102175,0.010653096057204898,0.36702199578285216,0.36702199578285216,0.36702199578285216,0.36702199578285216,0.003925358702065216,240.0,983040.0,5,51
a9a,NOG-ZO__M-2__data_B_total-256__eta-9em05__smooth_B-8,"{""M"": 2, ""data_B_total"": 256, ""eta"": 9e-05, ""smooth_B"": 8}",-1.0023790133102175,0.010653096057204898,0.36702199578285216,0.36702199578285216,0.36702199578285216,0.36702199578285216,0.003925358702065216,240.0,983040.0,5,52
a9a,NOG-ZO__M-2__data_B_total-256__eta-9em06__smooth_B-8,"{""M"": 2, ""data_B_total"": 256, ""eta"": 9e-06, ""smooth_B"": 8}",-1.0023790133102175,0.010653096057204898,0.36702199578285216,0.36702199578285216,0.36702199578285216,0.36702199578285216,0.003925358702065216,240.0,983040.0,5,53
a9a,NOG-ZO__M-4__data_B_total-128__eta-0p0003__smooth_B-8,"{""M"": 4, ""data_B_total"": 128, ""eta"": 0.0003, ""smooth_B"": 8}",-1.0023790133102175,0.010653096057204898,0.36702199578285216,0.36702199578285216,0.36702199578285216,0.36702199578285216,0.003925358702065216,478.0,978944.0,5,54
a9a,NOG-ZO__M-4__data_B_total-128__eta-0p0009__smooth_B-8,"{""M"": 4, ""data_B_total"": 128, ""eta"": 0.0009, ""smooth_B"": 8}",-1.0023790133102175,0.010653096057204898,0.36702199578285216,0.36702199578285216,0.36702199578285216,0.36702199578285216,0.003925358702065216,478.0,978944.0,5,55
a9a,NOG-ZO__M-4__data_B_total-128__eta-3em05__smooth_B-8,"{""M"": 4, ""data_B_total"": 128, ""eta"": 3e-05, ""smooth_B"": 8}",-1.0023790133102175,0.010653096057204898,0.36702199578285216,0.36702199578285216,0.36702199578285216,0.36702199578285216,0.003925358702065216,478.0,978944.0,5,56
a9a,NOG-ZO__M-4__data_B_total-128__eta-9em05__smooth_B-8,"{""M"": 4, ""data_B_total"": 128, ""eta"": 9e-05, ""smooth_B"": 8}",-1.0023790133102175,0.010653096057204898,0.36702199578285216,0.36702199578285216,0.36702199578285216,0.36702199578285216,0.003925358702065216,478.0,978944.0,5,57
a9a,NOG-ZO__M-4__data_B_total-128__eta-9em06__smooth_B-8,"{""M"": 4, ""data_B_total"": 128, ""eta"": 9e-06, ""smooth_B"": 8}",-1.0023790133102175,0.010653096057204898,0.36702199578285216,0.36702199578285216,0.36702199578285216,0.36702199578285216,0.003925358702065216,478.0,978944.0,5,58
a9a,NOG-ZO__M-4__data_B_total-256__eta-0p0003__smooth_B-4,"{""M"": 4, ""data_B_total"": 256, ""eta"": 0.0003, ""smooth_B"": 4}",-1.0023790133102175,0.010653096057204898,0.36702199578285216,0.36702199578285216,0.36702199578285216,0.36702199578285216,0.003925358702065216,478.0,978944.0,5,59
a9a,NOG-ZO__M-4__data_B_total-256__eta-0p0009__smooth_B-4,"{""M"": 4, ""data_B_total"": 256, ""eta"": 0.0009, ""smooth_B"": 4}",-1.0023790133102175,0.010653096057204898,0.36702199578285216,0.36702199578285216,0.36702199578285216,0.36702199578285216,0.003925358702065216,478.0,978944.0,5,60
a9a,NOG-ZO__M-4__data_B_total-256__eta-3em05__smooth_B-4,"{""M"": 4, ""data_B_total"": 256, ""eta"": 3e-05, ""smooth_B"": 4}",-1.0023790133102175,0.010653096057204898,0.36702199578285216,0.36702199578285216,0.36702199578285216,0.36702199578285216,0.003925358702065216,478.0,978944.0,5,61
a9a,NOG-ZO__M-4__data_B_total-256__eta-9em05__smooth_B-4,"{""M"": 4, ""data_B_total"": 256, ""eta"": 9e-05, ""smooth_B"": 4}",-1.0023790133102175,0.010653096057204898,0.36702199578285216,0.36702199578285216,0.36702199578285216,0.36702199578285216,0.003925358702065216,478.0,978944.0,5,62
a9a,NOG-ZO__M-4__data_B_total-256__eta-9em06__smooth_B-4,"{""M"": 4, ""data_B_total"": 256, ""eta"": 9e-06, ""smooth_B"": 4}",-1.0023790133102175,0.010653096057204898,0.36702199578285216,0.36702199578285216,0.36702199578285216,0.36702199578285216,0.003925358702065216,478.0,978944.0,5,63
a9a,NOG-ZO__M-1__data_B_total-128__eta-0p0003__smooth_B-8,"{""M"": 1, ""data_B_total"": 128, ""eta"": 0.0003, ""smooth_B"": 8}",-1.0023790133102175,0.010653096057204898,0.36702199578285216,0.36702199578285216,0.36702199578285216,0.36702199578285216,0.003925358702065216,480.0,983040.0,5,64
a9a,NOG-ZO__M-1__data_B_total-128__eta-0p0009__smooth_B-8,"{""M"": 1, ""data_B_total"": 128, ""eta"": 0.0009, ""smooth_B"": 8}",-1.0023790133102175,0.010653096057204898,0.36702199578285216,0.36702199578285216,0.36702199578285216,0.36702199578285216,0.003925358702065216,480.0,983040.0,5,65
a9a,NOG-ZO__M-1__data_B_total-128__eta-3em05__smooth_B-8,"{""M"": 1, ""data_B_total"": 128, ""eta"": 3e-05, ""smooth_B"": 8}",-1.0023790133102175,0.010653096057204898,0.36702199578285216,0.36702199578285216,0.36702199578285216,0.36702199578285216,0.003925358702065216,480.0,983040.0,5,66
a9a,NOG-ZO__M-1__data_B_total-128__eta-9em05__smooth_B-8,"{""M"": 1, ""data_B_total"": 128, ""eta"": 9e-05, ""smooth_B"": 8}",-1.0023790133102175,0.010653096057204898,0.36702199578285216,0.36702199578285216,0.36702199578285216,0.36702199578285216,0.003925358702065216,480.0,983040.0,5,67
a9a,NOG-ZO__M-1__data_B_total-128__eta-9em06__smooth_B-8,"{""M"": 1, ""data_B_total"": 128, ""eta"": 9e-06, ""smooth_B"": 8}",-1.0023790133102175,0.010653096057204898,0.36702199578285216,0.36702199578285216,0.36702199578285216,0.36702199578285216,0.003925358702065216,480.0,983040.0,5,68
a9a,NOG-ZO__M-1__data_B_total-256__eta-0p0003__smooth_B-4,"{""M"": 1, ""data_B_total"": 256, ""eta"": 0.0003, ""smooth_B"": 4}",-1.0023790133102175,0.010653096057204898,0.36702199578285216,0.36702199578285216,0.36702199578285216,0.36702199578285216,0.003925358702065216,480.0,983040.0,5,69
a9a,NOG-ZO__M-1__data_B_total-256__eta-0p0009__smooth_B-4,"{""M"": 1, ""data_B_total"": 256, ""eta"": 0.0009, ""smooth_B"": 4}",-1.0023790133102175,0.010653096057204898,0.36702199578285216,0.36702199578285216,0.36702199578285216,0.36702199578285216,0.003925358702065216,480.0,983040.0,5,70
a9a,NOG-ZO__M-1__data_B_total-256__eta-3em05__smooth_B-4,"{""M"": 1, ""data_B_total"": 256, ""eta"": 3e-05, ""smooth_B"": 4}",-1.0023790133102175,0.010653096057204898,0.36702199578285216,0.36702199578285216,0.36702199578285216,0.36702199578285216,0.003925358702065216,480.0,983040.0,5,71
a9a,NOG-ZO__M-1__data_B_total-256__eta-9em05__smooth_B-4,"{""M"": 1, ""data_B_total"": 256, ""eta"": 9e-05, ""smooth_B"": 4}",-1.0023790133102175,0.010653096057204898,0.36702199578285216,0.36702199578285216,0.36702199578285216,0.36702199578285216,0.003925358702065216,480.0,983040.0,5,72
a9a,NOG-ZO__M-1__data_B_total-256__eta-9em06__smooth_B-4,"{""M"": 1, ""data_B_total"": 256, ""eta"": 9e-06, ""smooth_B"": 4}",-1.0023790133102175,0.010653096057204898,0.36702199578285216,0.36702199578285216,0.36702199578285216,0.36702199578285216,0.003925358702065216,480.0,983040.0,5,73
a9a,NOG-ZO__M-2__data_B_total-128__eta-0p0003__smooth_B-8,"{""M"": 2, ""data_B_total"": 128, ""eta"": 0.0003, ""smooth_B"": 8}",-1.0023790133102175,0.010653096057204898,0.36702199578285216,0.36702199578285216,0.36702199578285216,0.36702199578285216,0.003925358702065216,480.0,983040.0,5,74
a9a,NOG-ZO__M-2__data_B_total-128__eta-0p0009__smooth_B-8,"{""M"": 2, ""data_B_total"": 128, ""eta"": 0.0009, ""smooth_B"": 8}",-1.0023790133102175,0.010653096057204898,0.36702199578285216,0.36702199578285216,0.36702199578285216,0.36702199578285216,0.003925358702065216,480.0,983040.0,5,75
a9a,NOG-ZO__M-2__data_B_total-128__eta-3em05__smooth_B-8,"{""M"": 2, ""data_B_total"": 128, ""eta"": 3e-05, ""smooth_B"": 8}",-1.0023790133102175,0.010653096057204898,0.36702199578285216,0.36702199578285216,0.36702199578285216,0.36702199578285216,0.003925358702065216,480.0,983040.0,5,76
a9a,NOG-ZO__M-2__data_B_total-128__eta-9em05__smooth_B-8,"{""M"": 2, ""data_B_total"": 128, ""eta"": 9e-05, ""smooth_B"": 8}",-1.0023790133102175,0.010653096057204898,0.36702199578285216,0.36702199578285216,0.36702199578285216,0.36702199578285216,0.003925358702065216,480.0,983040.0,5,77
a9a,NOG-ZO__M-2__data_B_total-128__eta-9em06__smooth_B-8,"{""M"": 2, ""data_B_total"": 128, ""eta"": 9e-06, ""smooth_B"": 8}",-1.0023790133102175,0.010653096057204898,0.36702199578285216,0.36702199578285216,0.36702199578285216,0.36702199578285216,0.003925358702065216,480.0,983040.0,5,78
a9a,NOG-ZO__M-2__data_B_total-256__eta-0p0003__smooth_B-4,"{""M"": 2, ""data_B_total"": 256, ""eta"": 0.0003, ""smooth_B"": 4}",-1.0023790133102175,0.010653096057204898,0.36702199578285216,0.36702199578285216,0.36702199578285216,0.36702199578285216,0.003925358702065216,480.0,983040.0,5,79
a9a,NOG-ZO__M-2__data_B_total-256__eta-0p0009__smooth_B-4,"{""M"": 2, ""data_B_total"": 256, ""eta"": 0.0009, ""smooth_B"": 4}",-1.0023790133102175,0.010653096057204898,0.36702199578285216,0.36702199578285216,0.36702199578285216,0.36702199578285216,0.003925358702065216,480.0,983040.0,5,80
a9a,NOG-ZO__M-2__data_B_total-256__eta-3em05__smooth_B-4,"{""M"": 2, ""data_B_total"": 256, ""eta"": 3e-05, ""smooth_B"": 4}",-1.0023790133102175,0.010653096057204898,0.36702199578285216,0.36702199578285216,0.36702199578285216,0.36702199578285216,0.003925358702065216,480.0,983040.0,5,81
a9a,NOG-ZO__M-2__data_B_total-256__eta-9em05__smooth_B-4,"{""M"": 2, ""data_B_total"": 256, ""eta"": 9e-05, ""smooth_B"": 4}",-1.0023790133102175,0.010653096057204898,0.36702199578285216,0.36702199578285216,0.36702199578285216,0.36702199578285216,0.003925358702065216,480.0,983040.0,5,82
a9a,NOG-ZO__M-2__data_B_total-256__eta-9em06__smooth_B-4,"{""M"": 2, ""data_B_total"": 256, ""eta"": 9e-06, ""smooth_B"": 4}",-1.0023790133102175,0.010653096057204898,0.36702199578285216,0.36702199578285216,0.36702199578285216,0.36702199578285216,0.003925358702065216,480.0,983040.0,5,83
a9a,NOG-ZO__M-4__data_B_total-128__eta-0p0003__smooth_B-4,"{""M"": 4, ""data_B_total"": 128, ""eta"": 0.0003, ""smooth_B"": 4}",-1.0023790133102175,0.010653096057204898,0.36702199578285216,0.36702199578285216,0.36702199578285216,0.36702199578285216,0.003925358702065216,958.0,980992.0,5,84
a9a,NOG-ZO__M-4__data_B_total-128__eta-0p0009__smooth_B-4,"{""M"": 4, ""data_B_total"": 128, ""eta"": 0.0009, ""smooth_B"": 4}",-1.0023790133102175,0.010653096057204898,0.36702199578285216,0.36702199578285216,0.36702199578285216,0.36702199578285216,0.003925358702065216,958.0,980992.0,5,85
a9a,NOG-ZO__M-4__data_B_total-128__eta-3em05__smooth_B-4,"{""M"": 4, ""data_B_total"": 128, ""eta"": 3e-05, ""smooth_B"": 4}",-1.0023790133102175,0.010653096057204898,0.36702199578285216,0.36702199578285216,0.36702199578285216,0.36702199578285216,0.003925358702065216,958.0,980992.0,5,86
a9a,NOG-ZO__M-4__data_B_total-128__eta-9em05__smooth_B-4,"{""M"": 4, ""data_B_total"": 128, ""eta"": 9e-05, ""smooth_B"": 4}",-1.0023790133102175,0.010653096057204898,0.36702199578285216,0.36702199578285216,0.36702199578285216,0.36702199578285216,0.003925358702065216,958.0,980992.0,5,87
a9a,NOG-ZO__M-4__data_B_total-128__eta-9em06__smooth_B-4,"{""M"": 4, ""data_B_total"": 128, ""eta"": 9e-06, ""smooth_B"": 4}",-1.0023790133102175,0.010653096057204898,0.36702199578285216,0.36702199578285216,0.36702199578285216,0.36702199578285216,0.003925358702065216,958.0,980992.0,5,88
a9a,NOG-ZO__M-4__data_B_total-256__eta-0p0003__smooth_B-2,"{""M"": 4, ""data_B_total"": 256, ""eta"": 0.0003, ""smooth_B"": 2}",-1.0023790133102175,0.010653096057204898,0.36702199578285216,0.36702199578285216,0.36702199578285216,0.36702199578285216,0.003925358702065216,958.0,980992.0,5,89
a9a,NOG-ZO__M-4__data_B_total-256__eta-0p0009__smooth_B-2,"{""M"": 4, ""data_B_total"": 256, ""eta"": 0.0009, ""smooth_B"": 2}",-1.0023790133102175,0.010653096057204898,0.36702199578285216,0.36702199578285216,0.36702199578285216,0.36702199578285216,0.003925358702065216,958.0,980992.0,5,90
a9a,NOG-ZO__M-4__data_B_total-256__eta-3em05__smooth_B-2,"{""M"": 4, ""data_B_total"": 256, ""eta"": 3e-05, ""smooth_B"": 2}",-1.0023790133102175,0.010653096057204898,0.36702199578285216,0.36702199578285216,0.36702199578285216,0.36702199578285216,0.003925358702065216,958.0,980992.0,5,91
a9a,NOG-ZO__M-4__data_B_total-256__eta-9em05__smooth_B-2,"{""M"": 4, ""data_B_total"": 256, ""eta"": 9e-05, ""smooth_B"": 2}",-1.0023790133102175,0.010653096057204898,0.36702199578285216,0.36702199578285216,0.36702199578285216,0.36702199578285216,0.003925358702065216,958.0,980992.0,5,92
a9a,NOG-ZO__M-4__data_B_total-256__eta-9em06__smooth_B-2,"{""M"": 4, ""data_B_total"": 256, ""eta"": 9e-06, ""smooth_B"": 2}",-1.0023790133102175,0.010653096057204898,0.36702199578285216,0.36702199578285216,0.36702199578285216,0.36702199578285216,0.003925358702065216,958.0,980992.0,5,93
a9a,NOG-ZO__M-4__data_B_total-64__eta-0p0003__smooth_B-8,"{""M"": 4, ""data_B_total"": 64, ""eta"": 0.0003, ""smooth_B"": 8}",-1.0023790133102175,0.010653096057204898,0.36702199578285216,0.36702199578285216,0.36702199578285216,0.36702199578285216,0.003925358702065216,958.0,980992.0,5,94
a9a,NOG-ZO__M-4__data_B_total-64__eta-0p0009__smooth_B-8,"{""M"": 4, ""data_B_total"": 64, ""eta"": 0.0009, ""smooth_B"": 8}",-1.0023790133102175,0.010653096057204898,0.36702199578285216,0.36702199578285216,0.36702199578285216,0.36702199578285216,0.003925358702065216,958.0,980992.0,5,95
a9a,NOG-ZO__M-4__data_B_total-64__eta-3em05__smooth_B-8,"{""M"": 4, ""data_B_total"": 64, ""eta"": 3e-05, ""smooth_B"": 8}",-1.0023790133102175,0.010653096057204898,0.36702199578285216,0.36702199578285216,0.36702199578285216,0.36702199578285216,0.003925358702065216,958.0,980992.0,5,96
a9a,NOG-ZO__M-4__data_B_total-64__eta-9em05__smooth_B-8,"{""M"": 4, ""data_B_total"": 64, ""eta"": 9e-05, ""smooth_B"": 8}",-1.0023790133102175,0.010653096057204898,0.36702199578285216,0.36702199578285216,0.36702199578285216,0.36702199578285216,0.003925358702065216,958.0,980992.0,5,97
a9a,NOG-ZO__M-4__data_B_total-64__eta-9em06__smooth_B-8,"{""M"": 4, ""data_B_total"": 64, ""eta"": 9e-06, ""smooth_B"": 8}",-1.0023790133102175,0.010653096057204898,0.36702199578285216,0.36702199578285216,0.36702199578285216,0.36702199578285216,0.003925358702065216,958.0,980992.0,5,98
a9a,NOG-ZO__M-1__data_B_total-128__eta-0p0003__smooth_B-4,"{""M"": 1, ""data_B_total"": 128, ""eta"": 0.0003, ""smooth_B"": 4}",-1.0023790133102175,0.010653096057204898,0.36702199578285216,0.36702199578285216,0.36702199578285216,0.36702199578285216,0.003925358702065216,960.0,983040.0,5,99
a9a,NOG-ZO__M-1__data_B_total-128__eta-0p0009__smooth_B-4,"{""M"": 1, ""data_B_total"": 128, ""eta"": 0.0009, ""smooth_B"": 4}",-1.0023790133102175,0.010653096057204898,0.36702199578285216,0.36702199578285216,0.36702199578285216,0.36702199578285216,0.003925358702065216,960.0,983040.0,5,100
a9a,NOG-ZO__M-1__data_B_total-128__eta-3em05__smooth_B-4,"{""M"": 1, ""data_B_total"": 128, ""eta"": 3e-05, ""smooth_B"": 4}",-1.0023790133102175,0.010653096057204898,0.36702199578285216,0.36702199578285216,0.36702199578285216,0.36702199578285216,0.003925358702065216,960.0,983040.0,5,101
a9a,NOG-ZO__M-1__data_B_total-128__eta-9em05__smooth_B-4,"{""M"": 1, ""data_B_total"": 128, ""eta"": 9e-05, ""smooth_B"": 4}",-1.0023790133102175,0.010653096057204898,0.36702199578285216,0.36702199578285216,0.36702199578285216,0.36702199578285216,0.003925358702065216,960.0,983040.0,5,102
a9a,NOG-ZO__M-1__data_B_total-128__eta-9em06__smooth_B-4,"{""M"": 1, ""data_B_total"": 128, ""eta"": 9e-06, ""smooth_B"": 4}",-1.0023790133102175,0.010653096057204898,0.36702199578285216,0.36702199578285216,0.36702199578285216,0.36702199578285216,0.003925358702065216,960.0,983040.0,5,103
a9a,NOG-ZO__M-1__data_B_total-256__eta-0p0003__smooth_B-2,"{""M"": 1, ""data_B_total"": 256, ""eta"": 0.0003, ""smooth_B"": 2}",-1.0023790133102175,0.010653096057204898,0.36702199578285216,0.36702199578285216,0.36702199578285216,0.36702199578285216,0.003925358702065216,960.0,983040.0,5,104
a9a,NOG-ZO__M-1__data_B_total-256__eta-0p0009__smooth_B-2,"{""M"": 1, ""data_B_total"": 256, ""eta"": 0.0009, ""smooth_B"": 2}",-1.0023790133102175,0.010653096057204898,0.36702199578285216,0.36702199578285216,0.36702199578285216,0.36702199578285216,0.003925358702065216,960.0,983040.0,5,105
a9a,NOG-ZO__M-1__data_B_total-256__eta-3em05__smooth_B-2,"{""M"": 1, ""data_B_total"": 256, ""eta"": 3e-05, ""smooth_B"": 2}",-1.0023790133102175,0.010653096057204898,0.36702199578285216,0.36702199578285216,0.36702199578285216,0.36702199578285216,0.003925358702065216,960.0,983040.0,5,106
a9a,NOG-ZO__M-1__data_B_total-256__eta-9em05__smooth_B-2,"{""M"": 1, ""data_B_total"": 256, ""eta"": 9e-05, ""smooth_B"": 2}",-1.0023790133102175,0.010653096057204898,0.36702199578285216,0.36702199578285216,0.36702199578285216,0.36702199578285216,0.003925358702065216,960.0,983040.0,5,107
a9a,NOG-ZO__M-1__data_B_total-256__eta-9em06__smooth_B-2,"{""M"": 1, ""data_B_total"": 256, ""eta"": 9e-06, ""smooth_B"": 2}",-1.0023790133102175,0.010653096057204898,0.36702199578285216,0.36702199578285216,0.36702199578285216,0.36702199578285216,0.003925358702065216,960.0,983040.0,5,108
a9a,NOG-ZO__M-1__data_B_total-64__eta-0p0003__smooth_B-8,"{""M"": 1, ""data_B_total"": 64, ""eta"": 0.0003, ""smooth_B"": 8}",-1.0023790133102175,0.010653096057204898,0.36702199578285216,0.36702199578285216,0.36702199578285216,0.36702199578285216,0.003925358702065216,960.0,983040.0,5,109
a9a,NOG-ZO__M-1__data_B_total-64__eta-0p0009__smooth_B-8,"{""M"": 1, ""data_B_total"": 64, ""eta"": 0.0009, ""smooth_B"": 8}",-1.0023790133102175,0.010653096057204898,0.36702199578285216,0.36702199578285216,0.36702199578285216,0.36702199578285216,0.003925358702065216,960.0,983040.0,5,110
a9a,NOG-ZO__M-1__data_B_total-64__eta-3em05__smooth_B-8,"{""M"": 1, ""data_B_total"": 64, ""eta"": 3e-05, ""smooth_B"": 8}",-1.0023790133102175,0.010653096057204898,0.36702199578285216,0.36702199578285216,0.36702199578285216,0.36702199578285216,0.003925358702065216,960.0,983040.0,5,111
a9a,NOG-ZO__M-1__data_B_total-64__eta-9em05__smooth_B-8,"{""M"": 1, ""data_B_total"": 64, ""eta"": 9e-05, ""smooth_B"": 8}",-1.0023790133102175,0.010653096057204898,0.36702199578285216,0.36702199578285216,0.36702199578285216,0.36702199578285216,0.003925358702065216,960.0,983040.0,5,112
a9a,NOG-ZO__M-1__data_B_total-64__eta-9em06__smooth_B-8,"{""M"": 1, ""data_B_total"": 64, ""eta"": 9e-06, ""smooth_B"": 8}",-1.0023790133102175,0.010653096057204898,0.36702199578285216,0.36702199578285216,0.36702199578285216,0.36702199578285216,0.003925358702065216,960.0,983040.0,5,113
a9a,NOG-ZO__M-2__data_B_total-128__eta-0p0003__smooth_B-4,"{""M"": 2, ""data_B_total"": 128, ""eta"": 0.0003, ""smooth_B"": 4}",-1.0023790133102175,0.010653096057204898,0.36702199578285216,0.36702199578285216,0.36702199578285216,0.36702199578285216,0.003925358702065216,960.0,983040.0,5,114
a9a,NOG-ZO__M-2__data_B_total-128__eta-0p0009__smooth_B-4,"{""M"": 2, ""data_B_total"": 128, ""eta"": 0.0009, ""smooth_B"": 4}",-1.0023790133102175,0.010653096057204898,0.36702199578285216,0.36702199578285216,0.36702199578285216,0.36702199578285216,0.003925358702065216,960.0,983040.0,5,115
a9a,NOG-ZO__M-2__data_B_total-128__eta-3em05__smooth_B-4,"{""M"": 2, ""data_B_total"": 128, ""eta"": 3e-05, ""smooth_B"": 4}",-1.0023790133102175,0.010653096057204898,0.36702199578285216,0.36702199578285216,0.36702199578285216,0.36702199578285216,0.003925358702065216,960.0,983040.0,5,116
a9a,NOG-ZO__M-2__data_B_total-128__eta-9em05__smooth_B-4,"{""M"": 2, ""data_B_total"": 128, ""eta"": 9e-05, ""smooth_B"": 4}",-1.0023790133102175,0.010653096057204898,0.36702199578285216,0.36702199578285216,0.36702199578285216,0.36702199578285216,0.003925358702065216,960.0,983040.0,5,117
a9a,NOG-ZO__M-2__data_B_total-128__eta-9em06__smooth_B-4,"{""M"": 2, ""data_B_total"": 128, ""eta"": 9e-06, ""smooth_B"": 4}",-1.0023790133102175,0.010653096057204898,0.36702199578285216,0.36702199578285216,0.36702199578285216,0.36702199578285216,0.003925358702065216,960.0,983040.0,5,118
a9a,NOG-ZO__M-2__data_B_total-256__eta-0p0003__smooth_B-2,"{""M"": 2, ""data_B_total"": 256, ""eta"": 0.0003, ""smooth_B"": 2}",-1.0023790133102175,0.010653096057204898,0.36702199578285216,0.36702199578285216,0.36702199578285216,0.36702199578285216,0.003925358702065216,960.0,983040.0,5,119
a9a,NOG-ZO__M-2__data_B_total-256__eta-0p0009__smooth_B-2,"{""M"": 2, ""data_B_total"": 256, ""eta"": 0.0009, ""smooth_B"": 2}",-1.0023790133102175,0.010653096057204898,0.36702199578285216,0.36702199578285216,0.36702199578285216,0.36702199578285216,0.003925358702065216,960.0,983040.0,5,120
a9a,NOG-ZO__M-2__data_B_total-256__eta-3em05__smooth_B-2,"{""M"": 2, ""data_B_total"": 256, ""eta"": 3e-05, ""smooth_B"": 2}",-1.0023790133102175,0.010653096057204898,0.36702199578285216,0.36702199578285216,0.36702199578285216,0.36702199578285216,0.003925358702065216,960.0,983040.0,5,121
a9a,NOG-ZO__M-2__data_B_total-256__eta-9em05__smooth_B-2,"{""M"": 2, ""data_B_total"": 256, ""eta"": 9e-05, ""smooth_B"": 2}",-1.0023790133102175,0.010653096057204898,0.36702199578285216,0.36702199578285216,0.36702199578285216,0.36702199578285216,0.003925358702065216,960.0,983040.0,5,122
a9a,NOG-ZO__M-2__data_B_total-256__eta-9em06__smooth_B-2,"{""M"": 2, ""data_B_total"": 256, ""eta"": 9e-06, ""smooth_B"": 2}",-1.0023790133102175,0.010653096057204898,0.36702199578285216,0.36702199578285216,0.36702199578285216,0.36702199578285216,0.003925358702065216,960.0,983040.0,5,123
a9a,NOG-ZO__M-2__data_B_total-64__eta-0p0003__smooth_B-8,"{""M"": 2, ""data_B_total"": 64, ""eta"": 0.0003, ""smooth_B"": 8}",-1.0023790133102175,0.010653096057204898,0.36702199578285216,0.36702199578285216,0.36702199578285216,0.36702199578285216,0.003925358702065216,960.0,983040.0,5,124
a9a,NOG-ZO__M-2__data_B_total-64__eta-0p0009__smooth_B-8,"{""M"": 2, ""data_B_total"": 64, ""eta"": 0.0009, ""smooth_B"": 8}",-1.0023790133102175,0.010653096057204898,0.36702199578285216,0.36702199578285216,0.36702199578285216,0.36702199578285216,0.003925358702065216,960.0,983040.0,5,125
a9a,NOG-ZO__M-2__data_B_total-64__eta-3em05__smooth_B-8,"{""M"": 2, ""data_B_total"": 64, ""eta"": 3e-05, ""smooth_B"": 8}",-1.0023790133102175,0.010653096057204898,0.36702199578285216,0.36702199578285216,0.36702199578285216,0.36702199578285216,0.003925358702065216,960.0,983040.0,5,126
a9a,NOG-ZO__M-2__data_B_total-64__eta-9em05__smooth_B-8,"{""M"": 2, ""data_B_total"": 64, ""eta"": 9e-05, ""smooth_B"": 8}",-1.0023790133102175,0.010653096057204898,0.36702199578285216,0.36702199578285216,0.36702199578285216,0.36702199578285216,0.003925358702065216,960.0,983040.0,5,127
a9a,NOG-ZO__M-2__data_B_total-64__eta-9em06__smooth_B-8,"{""M"": 2, ""data_B_total"": 64, ""eta"": 9e-06, ""smooth_B"": 8}",-1.0023790133102175,0.010653096057204898,0.36702199578285216,0.36702199578285216,0.36702199578285216,0.36702199578285216,0.003925358702065216,960.0,983040.0,5,128
a9a,NOG-ZO__M-4__data_B_total-128__eta-0p0003__smooth_B-2,"{""M"": 4, ""data_B_total"": 128, ""eta"": 0.0003, ""smooth_B"": 2}",-1.0023790133102175,0.010653096057204898,0.36702199578285216,0.36702199578285216,0.36702199578285216,0.36702199578285216,0.003925358702065216,1918.0,982016.0,5,129
a9a,NOG-ZO__M-4__data_B_total-128__eta-0p0009__smooth_B-2,"{""M"": 4, ""data_B_total"": 128, ""eta"": 0.0009, ""smooth_B"": 2}",-1.0023790133102175,0.010653096057204898,0.36702199578285216,0.36702199578285216,0.36702199578285216,0.36702199578285216,0.003925358702065216,1918.0,982016.0,5,130
a9a,NOG-ZO__M-4__data_B_total-128__eta-3em05__smooth_B-2,"{""M"": 4, ""data_B_total"": 128, ""eta"": 3e-05, ""smooth_B"": 2}",-1.0023790133102175,0.010653096057204898,0.36702199578285216,0.36702199578285216,0.36702199578285216,0.36702199578285216,0.003925358702065216,1918.0,982016.0,5,131
a9a,NOG-ZO__M-4__data_B_total-128__eta-9em05__smooth_B-2,"{""M"": 4, ""data_B_total"": 128, ""eta"": 9e-05, ""smooth_B"": 2}",-1.0023790133102175,0.010653096057204898,0.36702199578285216,0.36702199578285216,0.36702199578285216,0.36702199578285216,0.003925358702065216,1918.0,982016.0,5,132
a9a,NOG-ZO__M-4__data_B_total-128__eta-9em06__smooth_B-2,"{""M"": 4, ""data_B_total"": 128, ""eta"": 9e-06, ""smooth_B"": 2}",-1.0023790133102175,0.010653096057204898,0.36702199578285216,0.36702199578285216,0.36702199578285216,0.36702199578285216,0.003925358702065216,1918.0,982016.0,5,133
a9a,NOG-ZO__M-4__data_B_total-256__eta-0p0003__smooth_B-1,"{""M"": 4, ""data_B_total"": 256, ""eta"": 0.0003, ""smooth_B"": 1}",-1.0023790133102175,0.010653096057204898,0.36702199578285216,0.36702199578285216,0.36702199578285216,0.36702199578285216,0.003925358702065216,1918.0,982016.0,5,134
a9a,NOG-ZO__M-4__data_B_total-256__eta-0p0009__smooth_B-1,"{""M"": 4, ""data_B_total"": 256, ""eta"": 0.0009, ""smooth_B"": 1}",-1.0023790133102175,0.010653096057204898,0.36702199578285216,0.36702199578285216,0.36702199578285216,0.36702199578285216,0.003925358702065216,1918.0,982016.0,5,135
a9a,NOG-ZO__M-4__data_B_total-256__eta-3em05__smooth_B-1,"{""M"": 4, ""data_B_total"": 256, ""eta"": 3e-05, ""smooth_B"": 1}",-1.0023790133102175,0.010653096057204898,0.36702199578285216,0.36702199578285216,0.36702199578285216,0.36702199578285216,0.003925358702065216,1918.0,982016.0,5,136
a9a,NOG-ZO__M-4__data_B_total-256__eta-9em05__smooth_B-1,"{""M"": 4, ""data_B_total"": 256, ""eta"": 9e-05, ""smooth_B"": 1}",-1.0023790133102175,0.010653096057204898,0.36702199578285216,0.36702199578285216,0.36702199578285216,0.36702199578285216,0.003925358702065216,1918.0,982016.0,5,137
a9a,NOG-ZO__M-4__data_B_total-256__eta-9em06__smooth_B-1,"{""M"": 4, ""data_B_total"": 256, ""eta"": 9e-06, ""smooth_B"": 1}",-1.0023790133102175,0.010653096057204898,0.36702199578285216,0.36702199578285216,0.36702199578285216,0.36702199578285216,0.003925358702065216,1918.0,982016.0,5,138
a9a,NOG-ZO__M-4__data_B_total-64__eta-0p0003__smooth_B-4,"{""M"": 4, ""data_B_total"": 64, ""eta"": 0.0003, ""smooth_B"": 4}",-1.0023790133102175,0.010653096057204898,0.36702199578285216,0.36702199578285216,0.36702199578285216,0.36702199578285216,0.003925358702065216,1918.0,982016.0,5,139
a9a,NOG-ZO__M-4__data_B_total-64__eta-0p0009__smooth_B-4,"{""M"": 4, ""data_B_total"": 64, ""eta"": 0.0009, ""smooth_B"": 4}",-1.0023790133102175,0.010653096057204898,0.36702199578285216,0.36702199578285216,0.36702199578285216,0.36702199578285216,0.003925358702065216,1918.0,982016.0,5,140
a9a,NOG-ZO__M-4__data_B_total-64__eta-3em05__smooth_B-4,"{""M"": 4, ""data_B_total"": 64, ""eta"": 3e-05, ""smooth_B"": 4}",-1.0023790133102175,0.010653096057204898,0.36702199578285216,0.36702199578285216,0.36702199578285216,0.36702199578285216,0.003925358702065216,1918.0,982016.0,5,141
a9a,NOG-ZO__M-4__data_B_total-64__eta-9em05__smooth_B-4,"{""M"": 4, ""data_B_total"": 64, ""eta"": 9e-05, ""smooth_B"": 4}",-1.0023790133102175,0.010653096057204898,0.36702199578285216,0.36702199578285216,0.36702199578285216,0.36702199578285216,0.003925358702065216,1918.0,982016.0,5,142
a9a,NOG-ZO__M-4__data_B_total-64__eta-9em06__smooth_B-4,"{""M"": 4, ""data_B_total"": 64, ""eta"": 9e-06, ""smooth_B"": 4}",-1.0023790133102175,0.010653096057204898,0.36702199578285216,0.36702199578285216,0.36702199578285216,0.36702199578285216,0.003925358702065216,1918.0,982016.0,5,143
a9a,NOG-ZO__M-1__data_B_total-128__eta-0p0009__smooth_B-2,"{""M"": 1, ""data_B_total"": 128, ""eta"": 0.0009, ""smooth_B"": 2}",-1.0023790133102175,0.010653096057204898,0.36702199578285216,0.36702199578285216,0.36702199578285216,0.36702199578285216,0.003925358702065216,1920.0,983040.0,5,144
a9a,NOG-ZO__M-1__data_B_total-256__eta-0p0009__smooth_B-1,"{""M"": 1, ""data_B_total"": 256, ""eta"": 0.0009, ""smooth_B"": 1}",-1.0023790133102175,0.010653096057204898,0.36702199578285216,0.36702199578285216,0.36702199578285216,0.36702199578285216,0.003925358702065216,1920.0,983040.0,5,145
a9a,NOG-ZO__M-1__data_B_total-64__eta-0p0009__smooth_B-4,"{""M"": 1, ""data_B_total"": 64, ""eta"": 0.0009, ""smooth_B"": 4}",-1.0023790133102175,0.010653096057204898,0.36702199578285216,0.36702199578285216,0.36702199578285216,0.36702199578285216,0.003925358702065216,1920.0,983040.0,5,146
a9a,NOG-ZO__M-2__data_B_total-128__eta-0p0003__smooth_B-2,"{""M"": 2, ""data_B_total"": 128, ""eta"": 0.0003, ""smooth_B"": 2}",-1.0023790133102175,0.010653096057204898,0.36702199578285216,0.36702199578285216,0.36702199578285216,0.36702199578285216,0.003925358702065216,1920.0,983040.0,5,147
a9a,NOG-ZO__M-2__data_B_total-128__eta-0p0009__smooth_B-2,"{""M"": 2, ""data_B_total"": 128, ""eta"": 0.0009, ""smooth_B"": 2}",-1.0023790133102175,0.010653096057204898,0.36702199578285216,0.36702199578285216,0.36702199578285216,0.36702199578285216,0.003925358702065216,1920.0,983040.0,5,148
a9a,NOG-ZO__M-2__data_B_total-128__eta-3em05__smooth_B-2,"{""M"": 2, ""data_B_total"": 128, ""eta"": 3e-05, ""smooth_B"": 2}",-1.0023790133102175,0.010653096057204898,0.36702199578285216,0.36702199578285216,0.36702199578285216,0.36702199578285216,0.003925358702065216,1920.0,983040.0,5,149
a9a,NOG-ZO__M-2__data_B_total-128__eta-9em05__smooth_B-2,"{""M"": 2, ""data_B_total"": 128, ""eta"": 9e-05, ""smooth_B"": 2}",-1.0023790133102175,0.010653096057204898,0.36702199578285216,0.36702199578285216,0.36702199578285216,0.36702199578285216,0.003925358702065216,1920.0,983040.0,5,150
a9a,NOG-ZO__M-2__data_B_total-128__eta-9em06__smooth_B-2,"{""M"": 2, ""data_B_total"": 128, ""eta"": 9e-06, ""smooth_B"": 2}",-1.0023790133102175,0.010653096057204898,0.36702199578285216,0.36702199578285216,0.36702199578285216,0.36702199578285216,0.003925358702065216,1920.0,983040.0,5,151
a9a,NOG-ZO__M-2__data_B_total-256__eta-0p0003__smooth_B-1,"{""M"": 2, ""data_B_total"": 256, ""eta"": 0.0003, ""smooth_B"": 1}",-1.0023790133102175,0.010653096057204898,0.36702199578285216,0.36702199578285216,0.36702199578285216,0.36702199578285216,0.003925358702065216,1920.0,983040.0,5,152
a9a,NOG-ZO__M-2__data_B_total-256__eta-0p0009__smooth_B-1,"{""M"": 2, ""data_B_total"": 256, ""eta"": 0.0009, ""smooth_B"": 1}",-1.0023790133102175,0.010653096057204898,0.36702199578285216,0.36702199578285216,0.36702199578285216,0.36702199578285216,0.003925358702065216,1920.0,983040.0,5,153
a9a,NOG-ZO__M-2__data_B_total-256__eta-3em05__smooth_B-1,"{""M"": 2, ""data_B_total"": 256, ""eta"": 3e-05, ""smooth_B"": 1}",-1.0023790133102175,0.010653096057204898,0.36702199578285216,0.36702199578285216,0.36702199578285216,0.36702199578285216,0.003925358702065216,1920.0,983040.0,5,154
a9a,NOG-ZO__M-2__data_B_total-256__eta-9em05__smooth_B-1,"{""M"": 2, ""data_B_total"": 256, ""eta"": 9e-05, ""smooth_B"": 1}",-1.0023790133102175,0.010653096057204898,0.36702199578285216,0.36702199578285216,0.36702199578285216,0.36702199578285216,0.003925358702065216,1920.0,983040.0,5,155
a9a,NOG-ZO__M-2__data_B_total-256__eta-9em06__smooth_B-1,"{""M"": 2, ""data_B_total"": 256, ""eta"": 9e-06, ""smooth_B"": 1}",-1.0023790133102175,0.010653096057204898,0.36702199578285216,0.36702199578285216,0.36702199578285216,0.36702199578285216,0.003925358702065216,1920.0,983040.0,5,156
a9a,NOG-ZO__M-2__data_B_total-64__eta-0p0003__smooth_B-4,"{""M"": 2, ""data_B_total"": 64, ""eta"": 0.0003, ""smooth_B"": 4}",-1.0023790133102175,0.010653096057204898,0.36702199578285216,0.36702199578285216,0.36702199578285216,0.36702199578285216,0.003925358702065216,1920.0,983040.0,5,157
a9a,NOG-ZO__M-2__data_B_total-64__eta-0p0009__smooth_B-4,"{""M"": 2, ""data_B_total"": 64, ""eta"": 0.0009, ""smooth_B"": 4}",-1.0023790133102175,0.010653096057204898,0.36702199578285216,0.36702199578285216,0.36702199578285216,0.36702199578285216,0.003925358702065216,1920.0,983040.0,5,158
a9a,NOG-ZO__M-2__data_B_total-64__eta-3em05__smooth_B-4,"{""M"": 2, ""data_B_total"": 64, ""eta"": 3e-05, ""smooth_B"": 4}",-1.0023790133102175,0.010653096057204898,0.36702199578285216,0.36702199578285216,0.36702199578285216,0.36702199578285216,0.003925358702065216,1920.0,983040.0,5,159
a9a,NOG-ZO__M-2__data_B_total-64__eta-9em05__smooth_B-4,"{""M"": 2, ""data_B_total"": 64, ""eta"": 9e-05, ""smooth_B"": 4}",-1.0023790133102175,0.010653096057204898,0.36702199578285216,0.36702199578285216,0.36702199578285216,0.36702199578285216,0.003925358702065216,1920.0,983040.0,5,160
a9a,NOG-ZO__M-2__data_B_total-64__eta-9em06__smooth_B-4,"{""M"": 2, ""data_B_total"": 64, ""eta"": 9e-06, ""smooth_B"": 4}",-1.0023790133102175,0.010653096057204898,0.36702199578285216,0.36702199578285216,0.36702199578285216,0.36702199578285216,0.003925358702065216,1920.0,983040.0,5,161
a9a,NOG-ZO__M-4__data_B_total-128__eta-0p0003__smooth_B-1,"{""M"": 4, ""data_B_total"": 128, ""eta"": 0.0003, ""smooth_B"": 1}",-1.0023790133102175,0.010653096057204898,0.36702199578285216,0.36702199578285216,0.36702199578285216,0.36702199578285216,0.003925358702065216,3838.0,982528.0,5,162
a9a,NOG-ZO__M-4__data_B_total-128__eta-0p0009__smooth_B-1,"{""M"": 4, ""data_B_total"": 128, ""eta"": 0.0009, ""smooth_B"": 1}",-1.0023790133102175,0.010653096057204898,0.36702199578285216,0.36702199578285216,0.36702199578285216,0.36702199578285216,0.003925358702065216,3838.0,982528.0,5,163
a9a,NOG-ZO__M-4__data_B_total-128__eta-3em05__smooth_B-1,"{""M"": 4, ""data_B_total"": 128, ""eta"": 3e-05, ""smooth_B"": 1}",-1.0023790133102175,0.010653096057204898,0.36702199578285216,0.36702199578285216,0.36702199578285216,0.36702199578285216,0.003925358702065216,3838.0,982528.0,5,164
a9a,NOG-ZO__M-4__data_B_total-128__eta-9em05__smooth_B-1,"{""M"": 4, ""data_B_total"": 128, ""eta"": 9e-05, ""smooth_B"": 1}",-1.0023790133102175,0.010653096057204898,0.36702199578285216,0.36702199578285216,0.36702199578285216,0.36702199578285216,0.003925358702065216,3838.0,982528.0,5,165
a9a,NOG-ZO__M-4__data_B_total-128__eta-9em06__smooth_B-1,"{""M"": 4, ""data_B_total"": 128, ""eta"": 9e-06, ""smooth_B"": 1}",-1.0023790133102175,0.010653096057204898,0.36702199578285216,0.36702199578285216,0.36702199578285216,0.36702199578285216,0.003925358702065216,3838.0,982528.0,5,166
a9a,NOG-ZO__M-4__data_B_total-64__eta-0p0003__smooth_B-2,"{""M"": 4, ""data_B_total"": 64, ""eta"": 0.0003, ""smooth_B"": 2}",-1.0023790133102175,0.010653096057204898,0.36702199578285216,0.36702199578285216,0.36702199578285216,0.36702199578285216,0.003925358702065216,3838.0,982528.0,5,167
a9a,NOG-ZO__M-4__data_B_total-64__eta-0p0009__smooth_B-2,"{""M"": 4, ""data_B_total"": 64, ""eta"": 0.0009, ""smooth_B"": 2}",-1.0023790133102175,0.010653096057204898,0.36702199578285216,0.36702199578285216,0.36702199578285216,0.36702199578285216,0.003925358702065216,3838.0,982528.0,5,168
a9a,NOG-ZO__M-4__data_B_total-64__eta-3em05__smooth_B-2,"{""M"": 4, ""data_B_total"": 64, ""eta"": 3e-05, ""smooth_B"": 2}",-1.0023790133102175,0.010653096057204898,0.36702199578285216,0.36702199578285216,0.36702199578285216,0.36702199578285216,0.003925358702065216,3838.0,982528.0,5,169
a9a,NOG-ZO__M-4__data_B_total-64__eta-9em05__smooth_B-2,"{""M"": 4, ""data_B_total"": 64, ""eta"": 9e-05, ""smooth_B"": 2}",-1.0023790133102175,0.010653096057204898,0.36702199578285216,0.36702199578285216,0.36702199578285216,0.36702199578285216,0.003925358702065216,3838.0,982528.0,5,170
a9a,NOG-ZO__M-4__data_B_total-64__eta-9em06__smooth_B-2,"{""M"": 4, ""data_B_total"": 64, ""eta"": 9e-06, ""smooth_B"": 2}",-1.0023790133102175,0.010653096057204898,0.36702199578285216,0.36702199578285216,0.36702199578285216,0.36702199578285216,0.003925358702065216,3838.0,982528.0,5,171
a9a,NOG-ZO__M-2__data_B_total-128__eta-0p0003__smooth_B-1,"{""M"": 2, ""data_B_total"": 128, ""eta"": 0.0003, ""smooth_B"": 1}",-1.0023790133102175,0.010653096057204898,0.36702199578285216,0.36702199578285216,0.36702199578285216,0.36702199578285216,0.003925358702065216,3840.0,983040.0,5,172
a9a,NOG-ZO__M-2__data_B_total-128__eta-0p0009__smooth_B-1,"{""M"": 2, ""data_B_total"": 128, ""eta"": 0.0009, ""smooth_B"": 1}",-1.0023790133102175,0.010653096057204898,0.36702199578285216,0.36702199578285216,0.36702199578285216,0.36702199578285216,0.003925358702065216,3840.0,983040.0,5,173
a9a,NOG-ZO__M-2__data_B_total-64__eta-0p0003__smooth_B-2,"{""M"": 2, ""data_B_total"": 64, ""eta"": 0.0003, ""smooth_B"": 2}",-1.0023790133102175,0.010653096057204898,0.36702199578285216,0.36702199578285216,0.36702199578285216,0.36702199578285216,0.003925358702065216,3840.0,983040.0,5,174
a9a,NOG-ZO__M-2__data_B_total-64__eta-0p0009__smooth_B-2,"{""M"": 2, ""data_B_total"": 64, ""eta"": 0.0009, ""smooth_B"": 2}",-1.0023790133102175,0.010653096057204898,0.36702199578285216,0.36702199578285216,0.36702199578285216,0.36702199578285216,0.003925358702065216,3840.0,983040.0,5,175
a9a,NOG-ZO__M-4__data_B_total-64__eta-0p0003__smooth_B-1,"{""M"": 4, ""data_B_total"": 64, ""eta"": 0.0003, ""smooth_B"": 1}",-1.0023790133102175,0.010653096057204898,0.36702199578285216,0.36702199578285216,0.36702199578285216,0.36702199578285216,0.003925358702065216,7678.0,982784.0,5,176
a9a,NOG-ZO__M-4__data_B_total-64__eta-0p0009__smooth_B-1,"{""M"": 4, ""data_B_total"": 64, ""eta"": 0.0009, ""smooth_B"": 1}",-1.0023790133102175,0.010653096057204898,0.36702199578285216,0.36702199578285216,0.36702199578285216,0.36702199578285216,0.003925358702065216,7678.0,982784.0,5,177
a9a,NOG-ZO__M-4__data_B_total-64__eta-9em05__smooth_B-1,"{""M"": 4, ""data_B_total"": 64, ""eta"": 9e-05, ""smooth_B"": 1}",-1.0023790133102175,0.010653096057204898,0.36702199578285216,0.36702199578285216,0.36702199578285216,0.36702199578285216,0.003925358702065216,7678.0,982784.0,5,178
a9a,NOG-ZO__M-2__data_B_total-64__eta-0p0003__smooth_B-1,"{""M"": 2, ""data_B_total"": 64, ""eta"": 0.0003, ""smooth_B"": 1}",-1.0023790133102175,0.010653096057204898,0.36702199578285216,0.36702199578285216,0.36702199578285216,0.36702199578285216,0.003925358702065216,7680.0,983040.0,5,179
a9a,NOG-ZO__M-2__data_B_total-64__eta-0p0009__smooth_B-1,"{""M"": 2, ""data_B_total"": 64, ""eta"": 0.0009, ""smooth_B"": 1}",-1.0023790133102175,0.010653096057204898,0.36702199578285216,0.36702199578285216,0.36702199578285216,0.36702199578285216,0.003925358702065216,7680.0,983040.0,5,180
ijcnn1,NOG-ZO__M-1__data_B_total-64__eta-0p0001__smooth_B-1,"{""M"": 1, ""data_B_total"": 64, ""eta"": 0.0001, ""smooth_B"": 1}",-3.3519940237944548,0.12085947256220778,0.2946235179901123,0.0267457868903875,0.01529574990272518,0.01305165253579614,0.0036526968027446103,7680.0,983040.0,5,1
ijcnn1,NOG-ZO__M-1__data_B_total-64__eta-0p0003__smooth_B-1,"{""M"": 1, ""data_B_total"": 64, ""eta"": 0.0003, ""smooth_B"": 1}",-3.3465531129356494,0.06926829630747279,0.3033664643764496,0.02563821971416466,0.01563442237675186,0.013081362284719861,0.0018886294662920574,7680.0,983040.0,5,2
ijcnn1,NOG-ZO__M-1__data_B_total-64__eta-3em05__smooth_B-1,"{""M"": 1, ""data_B_total"": 64, ""eta"": 3e-05, ""smooth_B"": 1}",-3.102266147450205,0.0670501571739819,0.29386690855026243,0.025308998301625203,0.02447086758911604,0.023804870620369838,0.008120682428989803,7680.0,983040.0,5,3
ijcnn1,NOG-ZO__M-1__data_B_total-64__eta-0p001__smooth_B-1,"{""M"": 1, ""data_B_total"": 64, ""eta"": 0.001, ""smooth_B"": 1}",-2.6281802534685887,0.045330029474420504,0.3033664643764496,0.20347613394260403,0.030160483345389323,0.014816848747432198,0.001985861491689005,7680.0,983040.0,5,4
ijcnn1,NOG-ZO__M-2__data_B_total-64__eta-0p0001__smooth_B-1,"{""M"": 2, ""data_B_total"": 64, ""eta"": 0.0001, ""smooth_B"": 1}",-2.0785210690562126,0.02607260103214298,0.3033664643764496,0.29656572341918946,0.16264523863792418,0.01688233427703378,0.0023590743714494125,7680.0,983040.0,5,5
ijcnn1,NOG-ZO__M-1__data_B_total-128__eta-0p0003__smooth_B-1,"{""M"": 1, ""data_B_total"": 128, ""eta"": 0.0003, ""smooth_B"": 1}",-2.064685114998496,0.01920673611823192,0.3033664643764496,0.2993195116519928,0.15997531116008756,0.0178866114467382,0.0015753918476888538,3840.0,983040.0,5,6
ijcnn1,NOG-ZO__M-1__data_B_total-64__eta-0p0003__smooth_B-2,"{""M"": 1, ""data_B_total"": 64, ""eta"": 0.0003, ""smooth_B"": 2}",-2.064685114998496,0.01920673611823192,0.3033664643764496,0.2993195116519928,0.15997531116008756,0.0178866114467382,0.0015753918476888538,3840.0,983040.0,5,7
ijcnn1,NOG-ZO__M-2__data_B_total-64__eta-3em05__smooth_B-1,"{""M"": 2, ""data_B_total"": 64, ""eta"": 3e-05, ""smooth_B"": 1}",-2.0293278157390517,0.018974932368734154,0.3033664643764496,0.28103787302970884,0.1365586251020431,0.025705086067318878,0.002126357959233392,7680.0,983040.0,5,8
ijcnn1,NOG-ZO__M-1__data_B_total-128__eta-0p0001__smooth_B-1,"{""M"": 1, ""data_B_total"": 128, ""eta"": 0.0001, ""smooth_B"": 1}",-1.9715678653164361,0.021371738609429106,0.3033664643764496,0.28849819898605344,0.14176759719848628,0.030389885604381515,0.002572319557843579,3840.0,983040.0,5,9
ijcnn1,NOG-ZO__M-1__data_B_total-64__eta-0p0001__smooth_B-2,"{""M"": 1, ""data_B_total"": 64, ""eta"": 0.0001, ""smooth_B"": 2}",-1.9715678653164361,0.021371738609429106,0.3033664643764496,0.28849819898605344,0.14176759719848628,0.030389885604381515,0.002572319557843579,3840.0,983040.0,5,10
ijcnn1,NOG-ZO__M-1__data_B_total-128__eta-3em05__smooth_B-1,"{""M"": 1, ""data_B_total"": 128, ""eta"": 3e-05, ""smooth_B"": 1}",-1.969924050544457,0.011706666690391526,0.3033664643764496,0.2919658899307251,0.1408350586891174,0.030347210168838477,0.0005800977644360058,3840.0,983040.0,5,11
ijcnn1,NOG-ZO__M-1__data_B_total-64__eta-3em05__smooth_B-2,"{""M"": 1, ""data_B_total"": 64, ""eta"": 3e-05, ""smooth_B"": 2}",-1.969924050544457,0.011706666690391526,0.3033664643764496,0.2919658899307251,0.1408350586891174,0.030347210168838477,0.0005800977644360058,3840.0,983040.0,5,12
ijcnn1,NOG-ZO__M-1__data_B_total-128__eta-0p001__smooth_B-1,"{""M"": 1, ""data_B_total"": 128, ""eta"": 0.001, ""smooth_B"": 1}",-1.5767390038198563,0.0179436868524331,0.3033664643764496,0.3033664643764496,0.20668959319591518,0.09596730470657347,0.00463586151859884,3840.0,983040.0,5,13
ijcnn1,NOG-ZO__M-1__data_B_total-64__eta-0p001__smooth_B-2,"{""M"": 1, ""data_B_total"": 64, ""eta"": 0.001, ""smooth_B"": 2}",-1.5767390038198563,0.0179436868524331,0.3033664643764496,0.3033664643764496,0.20668959319591518,0.09596730470657347,0.00463586151859884,3840.0,983040.0,5,14
ijcnn1,NOG-ZO__M-2__data_B_total-64__eta-0p0003__smooth_B-1,"{""M"": 2, ""data_B_total"": 64, ""eta"": 0.0003, ""smooth_B"": 1}",-1.5428029748764729,0.019268994295976033,0.3033664643764496,0.3033664643764496,0.2081581890583038,0.1091883152723312,0.006102543261335274,7680.0,983040.0,5,15
ijcnn1,NOG-ZO__M-1__data_B_total-64__eta-0p003__smooth_B-1,"{""M"": 1, ""data_B_total"": 64, ""eta"": 0.003, ""smooth_B"": 1}",-1.3180031665077,0.010059586705700299,0.3033664643764496,0.3033664643764496,0.28780754208564757,0.1938460916280746,0.0035721238647871455,7680.0,983040.0,5,16
ijcnn1,NOG-ZO__M-2__data_B_total-128__eta-3em05__smooth_B-1,"{""M"": 2, ""data_B_total"": 128, ""eta"": 3e-05, ""smooth_B"": 1}",-1.2266256098572403,0.007803996142740037,0.3033664643764496,0.3033664643764496,0.3033664643764496,0.2650225520133972,0.002577957385986139,3840.0,983040.0,5,17
ijcnn1,NOG-ZO__M-2__data_B_total-64__eta-3em05__smooth_B-2,"{""M"": 2, ""data_B_total"": 64, ""eta"": 3e-05, ""smooth_B"": 2}",-1.2266256098572403,0.007803996142740037,0.3033664643764496,0.3033664643764496,0.3033664643764496,0.2650225520133972,0.002577957385986139,3840.0,983040.0,5,18
ijcnn1,NOG-ZO__M-1__data_B_total-128__eta-0p0001__smooth_B-2,"{""M"": 1, ""data_B_total"": 128, ""eta"": 0.0001, ""smooth_B"": 2}",-1.2249440989485958,0.00832084877428531,0.3033664643764496,0.3033664643764496,0.3033664643764496,0.26681376695632936,0.002911262232830137,1920.0,983040.0,5,19
ijcnn1,NOG-ZO__M-1__data_B_total-256__eta-0p0001__smooth_B-1,"{""M"": 1, ""data_B_total"": 256, ""eta"": 0.0001, ""smooth_B"": 1}",-1.2249440989485958,0.00832084877428531,0.3033664643764496,0.3033664643764496,0.3033664643764496,0.26681376695632936,0.002911262232830137,1920.0,983040.0,5,20
ijcnn1,NOG-ZO__M-1__data_B_total-64__eta-0p0001__smooth_B-4,"{""M"": 1, ""data_B_total"": 64, ""eta"": 0.0001, ""smooth_B"": 4}",-1.2249440989485958,0.00832084877428531,0.3033664643764496,0.3033664643764496,0.3033664643764496,0.26681376695632936,0.002911262232830137,1920.0,983040.0,5,21
ijcnn1,NOG-ZO__M-1__data_B_total-128__eta-0p0003__smooth_B-2,"{""M"": 1, ""data_B_total"": 128, ""eta"": 0.0003, ""smooth_B"": 2}",-1.2190243690041096,0.008107145874500296,0.3033664643764496,0.3033664643764496,0.3033664643764496,0.273203182220459,0.002499895959374359,1920.0,983040.0,5,22
ijcnn1,NOG-ZO__M-1__data_B_total-256__eta-0p0003__smooth_B-1,"{""M"": 1, ""data_B_total"": 256, ""eta"": 0.0003, ""smooth_B"": 1}",-1.2190243690041096,0.008107145874500296,0.3033664643764496,0.3033664643764496,0.3033664643764496,0.273203182220459,0.002499895959374359,1920.0,983040.0,5,23
ijcnn1,NOG-ZO__M-1__data_B_total-64__eta-0p0003__smooth_B-4,"{""M"": 1, ""data_B_total"": 64, ""eta"": 0.0003, ""smooth_B"": 4}",-1.2190243690041096,0.008107145874500296,0.3033664643764496,0.3033664643764496,0.3033664643764496,0.273203182220459,0.002499895959374359,1920.0,983040.0,5,24
ijcnn1,NOG-ZO__M-1__data_B_total-128__eta-3em05__smooth_B-2,"{""M"": 1, ""data_B_total"": 128, ""eta"": 3e-05, ""smooth_B"": 2}",-1.2182096880642326,0.008027624009219693,0.3033664643764496,0.3033664643764496,0.3033664643764496,0.2740966737270355,0.002737994083205162,1920.0,983040.0,5,25
ijcnn1,NOG-ZO__M-1__data_B_total-256__eta-3em05__smooth_B-1,"{""M"": 1, ""data_B_total"": 256, ""eta"": 3e-05, ""smooth_B"": 1}",-1.2182096880642326,0.008027624009219693,0.3033664643764496,0.3033664643764496,0.3033664643764496,0.2740966737270355,0.002737994083205162,1920.0,983040.0,5,26
ijcnn1,NOG-ZO__M-1__data_B_total-64__eta-3em05__smooth_B-4,"{""M"": 1, ""data_B_total"": 64, ""eta"": 3e-05, ""smooth_B"": 4}",-1.2182096880642326,0.008027624009219693,0.3033664643764496,0.3033664643764496,0.3033664643764496,0.2740966737270355,0.002737994083205162,1920.0,983040.0,5,27
ijcnn1,NOG-ZO__M-2__data_B_total-128__eta-0p0001__smooth_B-1,"{""M"": 2, ""data_B_total"": 128, ""eta"": 0.0001, ""smooth_B"": 1}",-1.2175714917375529,0.007860500778142463,0.3033664643764496,0.3033664643764496,0.3033664643764496,0.27479379177093505,0.00226855136722253,3840.0,983040.0,5,28
ijcnn1,NOG-ZO__M-2__data_B_total-64__eta-0p0001__smooth_B-2,"{""M"": 2, ""data_B_total"": 64, ""eta"": 0.0001, ""smooth_B"": 2}",-1.2175714917375529,0.007860500778142463,0.3033664643764496,0.3033664643764496,0.3033664643764496,0.27479379177093505,0.00226855136722253,3840.0,983040.0,5,29
ijcnn1,NOG-ZO__M-1__data_B_total-128__eta-0p003__smooth_B-1,"{""M"": 1, ""data_B_total"": 128, ""eta"": 0.003, ""smooth_B"": 1}",-1.2159063633777525,0.0062022854895714295,0.3033664643764496,0.3033664643764496,0.3033664643764496,0.2766330659389496,0.002681951876291819,3840.0,983040.0,5,30
ijcnn1,NOG-ZO__M-1__data_B_total-64__eta-0p003__smooth_B-2,"{""M"": 1, ""data_B_total"": 64, ""eta"": 0.003, ""smooth_B"": 2}",-1.2159063633777525,0.0062022854895714295,0.3033664643764496,0.3033664643764496,0.3033664643764496,0.2766330659389496,0.002681951876291819,3840.0,983040.0,5,31
ijcnn1,NOG-ZO__M-4__data_B_total-64__eta-3em05__smooth_B-1,"{""M"": 4, ""data_B_total"": 64, ""eta"": 3e-05, ""smooth_B"": 1}",-1.2143277628498617,0.008469066996913256,0.3033664643764496,0.3033664643764496,0.3033664643764496,0.2783859372138977,0.0027744596533954852,7678.0,982784.0,5,32
ijcnn1,NOG-ZO__M-1__data_B_total-128__eta-0p001__smooth_B-2,"{""M"": 1, ""data_B_total"": 128, ""eta"": 0.001, ""smooth_B"": 2}",-1.1935535199285219,0.008396621314826894,0.3033664643764496,0.3033664643764496,0.3033664643764496,0.3025043964385986,0.0026215879391365436,1920.0,983040.0,5,33
ijcnn1,NOG-ZO__M-1__data_B_total-256__eta-0p001__smooth_B-1,"{""M"": 1, ""data_B_total"": 256, ""eta"": 0.001, ""smooth_B"": 1}",-1.1935535199285219,0.008396621314826894,0.3033664643764496,0.3033664643764496,0.3033664643764496,0.3025043964385986,0.0026215879391365436,1920.0,983040.0,5,34
ijcnn1,NOG-ZO__M-1__data_B_total-64__eta-0p001__smooth_B-4,"{""M"": 1, ""data_B_total"": 64, ""eta"": 0.001, ""smooth_B"": 4}",-1.1935535199285219,0.008396621314826894,0.3033664643764496,0.3033664643764496,0.3033664643764496,0.3025043964385986,0.0026215879391365436,1920.0,983040.0,5,35
ijcnn1,NOG-ZO__M-2__data_B_total-128__eta-0p0003__smooth_B-1,"{""M"": 2, ""data_B_total"": 128, ""eta"": 0.0003, ""smooth_B"": 1}",-1.1933401181807752,0.00809984906243993,0.3033664643764496,0.3033664643764496,0.3033664643764496,0.3027603030204773,0.0022499397726263508,3840.0,983040.0,5,36
ijcnn1,NOG-ZO__M-2__data_B_total-64__eta-0p0003__smooth_B-2,"{""M"": 2, ""data_B_total"": 64, ""eta"": 0.0003, ""smooth_B"": 2}",-1.1933401181807752,0.00809984906243993,0.3033664643764496,0.3033664643764496,0.3033664643764496,0.3027603030204773,0.0022499397726263508,3840.0,983040.0,5,37
ijcnn1,NOG-ZO__M-4__data_B_total-256__eta-0p0001__smooth_B-8,"{""M"": 4, ""data_B_total"": 256, ""eta"": 0.0001, ""smooth_B"": 8}",-1.1928414947478436,0.00833174011115583,0.3033664643764496,0.3033664643764496,0.3033664643764496,0.3033664643764496,0.0025243830572343985,238.0,974848.0,5,38
ijcnn1,NOG-ZO__M-4__data_B_total-256__eta-0p0003__smooth_B-8,"{""M"": 4, ""data_B_total"": 256, ""eta"": 0.0003, ""smooth_B"": 8}",-1.1928414947478436,0.00833174011115583,0.3033664643764496,0.3033664643764496,0.3033664643764496,0.3033664643764496,0.0025243830572343985,238.0,974848.0,5,39
ijcnn1,NOG-ZO__M-4__data_B_total-256__eta-0p001__smooth_B-8,"{""M"": 4, ""data_B_total"": 256, ""eta"": 0.001, ""smooth_B"": 8}",-1.1928414947478436,0.00833174011115583,0.3033664643764496,0.3033664643764496,0.3033664643764496,0.3033664643764496,0.0025243830572343985,238.0,974848.0,5,40
ijcnn1,NOG-ZO__M-4__data_B_total-256__eta-0p003__smooth_B-8,"{""M"": 4, ""data_B_total"": 256, ""eta"": 0.003, ""smooth_B"": 8}",-1.1928414947478436,0.00833174011115583,0.3033664643764496,0.3033664643764496,0.3033664643764496,0.3033664643764496,0.0025243830572343985,238.0,974848.0,5,41
ijcnn1,NOG-ZO__M-4__data_B_total-256__eta-3em05__smooth_B-8,"{""M"": 4, ""data_B_total"": 256, ""eta"": 3e-05, ""smooth_B"": 8}",-1.1928414947478436,0.00833174011115583,0.3033664643764496,0.3033664643764496,0.3033664643764496,0.3033664643764496,0.0025243830572343985,238.0,974848.0,5,42
ijcnn1,NOG-ZO__M-1__data_B_total-256__eta-0p0001__smooth_B-8,"{""M"": 1, ""data_B_total"": 256, ""eta"": 0.0001, ""smooth_B"": 8}",-1.1928414947478436,0.00833174011115583,0.3033664643764496,0.3033664643764496,0.3033664643764496,0.3033664643764496,0.0025243830572343985,240.0,983040.0,5,43
ijcnn1,NOG-ZO__M-1__data_B_total-256__eta-0p0003__smooth_B-8,"{""M"": 1, ""data_B_total"": 256, ""eta"": 0.0003, ""smooth_B"": 8}",-1.1928414947478436,0.00833174011115583,0.3033664643764496,0.3033664643764496,0.3033664643764496,0.3033664643764496,0.0025243830572343985,240.0,983040.0,5,44
ijcnn1,NOG-ZO__M-1__data_B_total-256__eta-0p001__smooth_B-8,"{""M"": 1, ""data_B_total"": 256, ""eta"": 0.001, ""smooth_B"": 8}",-1.1928414947478436,0.00833174011115583,0.3033664643764496,0.3033664643764496,0.3033664643764496,0.3033664643764496,0.0025243830572343985,240.0,983040.0,5,45
ijcnn1,NOG-ZO__M-1__data_B_total-256__eta-0p003__smooth_B-8,"{""M"": 1, ""data_B_total"": 256, ""eta"": 0.003, ""smooth_B"": 8}",-1.1928414947478436,0.00833174011115583,0.3033664643764496,0.3033664643764496,0.3033664643764496,0.3033664643764496,0.0025243830572343985,240.0,983040.0,5,46
ijcnn1,NOG-ZO__M-1__data_B_total-256__eta-3em05__smooth_B-8,"{""M"": 1, ""data_B_total"": 256, ""eta"": 3e-05, ""smooth_B"": 8}",-1.1928414947478436,0.00833174011115583,0.3033664643764496,0.3033664643764496,0.3033664643764496,0.3033664643764496,0.0025243830572343985,240.0,983040.0,5,47
ijcnn1,NOG-ZO__M-2__data_B_total-256__eta-0p0001__smooth_B-8,"{""M"": 2, ""data_B_total"": 256, ""eta"": 0.0001, ""smooth_B"": 8}",-1.1928414947478436,0.00833174011115583,0.3033664643764496,0.3033664643764496,0.3033664643764496,0.3033664643764496,0.0025243830572343985,240.0,983040.0,5,48
ijcnn1,NOG-ZO__M-2__data_B_total-256__eta-0p0003__smooth_B-8,"{""M"": 2, ""data_B_total"": 256, ""eta"": 0.0003, ""smooth_B"": 8}",-1.1928414947478436,0.00833174011115583,0.3033664643764496,0.3033664643764496,0.3033664643764496,0.3033664643764496,0.0025243830572343985,240.0,983040.0,5,49
ijcnn1,NOG-ZO__M-2__data_B_total-256__eta-0p001__smooth_B-8,"{""M"": 2, ""data_B_total"": 256, ""eta"": 0.001, ""smooth_B"": 8}",-1.1928414947478436,0.00833174011115583,0.3033664643764496,0.3033664643764496,0.3033664643764496,0.3033664643764496,0.0025243830572343985,240.0,983040.0,5,50
ijcnn1,NOG-ZO__M-2__data_B_total-256__eta-0p003__smooth_B-8,"{""M"": 2, ""data_B_total"": 256, ""eta"": 0.003, ""smooth_B"": 8}",-1.1928414947478436,0.00833174011115583,0.3033664643764496,0.3033664643764496,0.3033664643764496,0.3033664643764496,0.0025243830572343985,240.0,983040.0,5,51
ijcnn1,NOG-ZO__M-2__data_B_total-256__eta-3em05__smooth_B-8,"{""M"": 2, ""data_B_total"": 256, ""eta"": 3e-05, ""smooth_B"": 8}",-1.1928414947478436,0.00833174011115583,0.3033664643764496,0.3033664643764496,0.3033664643764496,0.3033664643764496,0.0025243830572343985,240.0,983040.0,5,52
ijcnn1,NOG-ZO__M-4__data_B_total-128__eta-0p0001__smooth_B-8,"{""M"": 4, ""data_B_total"": 128, ""eta"": 0.0001, ""smooth_B"": 8}",-1.1928414947478436,0.00833174011115583,0.3033664643764496,0.3033664643764496,0.3033664643764496,0.3033664643764496,0.0025243830572343985,478.0,978944.0,5,53
ijcnn1,NOG-ZO__M-4__data_B_total-128__eta-0p0003__smooth_B-8,"{""M"": 4, ""data_B_total"": 128, ""eta"": 0.0003, ""smooth_B"": 8}",-1.1928414947478436,0.00833174011115583,0.3033664643764496,0.3033664643764496,0.3033664643764496,0.3033664643764496,0.0025243830572343985,478.0,978944.0,5,54
ijcnn1,NOG-ZO__M-4__data_B_total-128__eta-0p001__smooth_B-8,"{""M"": 4, ""data_B_total"": 128, ""eta"": 0.001, ""smooth_B"": 8}",-1.1928414947478436,0.00833174011115583,0.3033664643764496,0.3033664643764496,0.3033664643764496,0.3033664643764496,0.0025243830572343985,478.0,978944.0,5,55
ijcnn1,NOG-ZO__M-4__data_B_total-128__eta-0p003__smooth_B-8,"{""M"": 4, ""data_B_total"": 128, ""eta"": 0.003, ""smooth_B"": 8}",-1.1928414947478436,0.00833174011115583,0.3033664643764496,0.3033664643764496,0.3033664643764496,0.3033664643764496,0.0025243830572343985,478.0,978944.0,5,56
ijcnn1,NOG-ZO__M-4__data_B_total-128__eta-3em05__smooth_B-8,"{""M"": 4, ""data_B_total"": 128, ""eta"": 3e-05, ""smooth_B"": 8}",-1.1928414947478436,0.00833174011115583,0.3033664643764496,0.3033664643764496,0.3033664643764496,0.3033664643764496,0.0025243830572343985,478.0,978944.0,5,57
ijcnn1,NOG-ZO__M-4__data_B_total-256__eta-0p0001__smooth_B-4,"{""M"": 4, ""data_B_total"": 256, ""eta"": 0.0001, ""smooth_B"": 4}",-1.1928414947478436,0.00833174011115583,0.3033664643764496,0.3033664643764496,0.3033664643764496,0.3033664643764496,0.0025243830572343985,478.0,978944.0,5,58
ijcnn1,NOG-ZO__M-4__data_B_total-256__eta-0p0003__smooth_B-4,"{""M"": 4, ""data_B_total"": 256, ""eta"": 0.0003, ""smooth_B"": 4}",-1.1928414947478436,0.00833174011115583,0.3033664643764496,0.3033664643764496,0.3033664643764496,0.3033664643764496,0.0025243830572343985,478.0,978944.0,5,59
ijcnn1,NOG-ZO__M-4__data_B_total-256__eta-0p001__smooth_B-4,"{""M"": 4, ""data_B_total"": 256, ""eta"": 0.001, ""smooth_B"": 4}",-1.1928414947478436,0.00833174011115583,0.3033664643764496,0.3033664643764496,0.3033664643764496,0.3033664643764496,0.0025243830572343985,478.0,978944.0,5,60
ijcnn1,NOG-ZO__M-4__data_B_total-256__eta-0p003__smooth_B-4,"{""M"": 4, ""data_B_total"": 256, ""eta"": 0.003, ""smooth_B"": 4}",-1.1928414947478436,0.00833174011115583,0.3033664643764496,0.3033664643764496,0.3033664643764496,0.3033664643764496,0.0025243830572343985,478.0,978944.0,5,61
ijcnn1,NOG-ZO__M-4__data_B_total-256__eta-3em05__smooth_B-4,"{""M"": 4, ""data_B_total"": 256, ""eta"": 3e-05, ""smooth_B"": 4}",-1.1928414947478436,0.00833174011115583,0.3033664643764496,0.3033664643764496,0.3033664643764496,0.3033664643764496,0.0025243830572343985,478.0,978944.0,5,62
ijcnn1,NOG-ZO__M-1__data_B_total-128__eta-0p0001__smooth_B-8,"{""M"": 1, ""data_B_total"": 128, ""eta"": 0.0001, ""smooth_B"": 8}",-1.1928414947478436,0.00833174011115583,0.3033664643764496,0.3033664643764496,0.3033664643764496,0.3033664643764496,0.0025243830572343985,480.0,983040.0,5,63
ijcnn1,NOG-ZO__M-1__data_B_total-128__eta-0p0003__smooth_B-8,"{""M"": 1, ""data_B_total"": 128, ""eta"": 0.0003, ""smooth_B"": 8}",-1.1928414947478436,0.00833174011115583,0.3033664643764496,0.3033664643764496,0.3033664643764496,0.3033664643764496,0.0025243830572343985,480.0,983040.0,5,64
ijcnn1,NOG-ZO__M-1__data_B_total-128__eta-0p001__smooth_B-8,"{""M"": 1, ""data_B_total"": 128, ""eta"": 0.001, ""smooth_B"": 8}",-1.1928414947478436,0.00833174011115583,0.3033664643764496,0.3033664643764496,0.3033664643764496,0.3033664643764496,0.0025243830572343985,480.0,983040.0,5,65
ijcnn1,NOG-ZO__M-1__data_B_total-128__eta-0p003__smooth_B-8,"{""M"": 1, ""data_B_total"": 128, ""eta"": 0.003, ""smooth_B"": 8}",-1.1928414947478436,0.00833174011115583,0.3033664643764496,0.3033664643764496,0.3033664643764496,0.3033664643764496,0.0025243830572343985,480.0,983040.0,5,66
ijcnn1,NOG-ZO__M-1__data_B_total-128__eta-3em05__smooth_B-8,"{""M"": 1, ""data_B_total"": 128, ""eta"": 3e-05, ""smooth_B"": 8}",-1.1928414947478436,0.00833174011115583,0.3033664643764496,0.3033664643764496,0.3033664643764496,0.3033664643764496,0.0025243830572343985,480.0,983040.0,5,67
ijcnn1,NOG-ZO__M-1__data_B_total-256__eta-0p0001__smooth_B-4,"{""M"": 1, ""data_B_total"": 256, ""eta"": 0.0001, ""smooth_B"": 4}",-1.1928414947478436,0.00833174011115583,0.3033664643764496,0.3033664643764496,0.3033664643764496,0.3033664643764496,0.0025243830572343985,480.0,983040.0,5,68
ijcnn1,NOG-ZO__M-1__data_B_total-256__eta-0p0003__smooth_B-4,"{""M"": 1, ""data_B_total"": 256, ""eta"": 0.0003, ""smooth_B"": 4}",-1.1928414947478436,0.00833174011115583,0.3033664643764496,0.3033664643764496,0.3033664643764496,0.3033664643764496,0.0025243830572343985,480.0,983040.0,5,69
ijcnn1,NOG-ZO__M-1__data_B_total-256__eta-0p001__smooth_B-4,"{""M"": 1, ""data_B_total"": 256, ""eta"": 0.001, ""smooth_B"": 4}",-1.1928414947478436,0.00833174011115583,0.3033664643764496,0.3033664643764496,0.3033664643764496,0.3033664643764496,0.0025243830572343985,480.0,983040.0,5,70
ijcnn1,NOG-ZO__M-1__data_B_total-256__eta-0p003__smooth_B-4,"{""M"": 1, ""data_B_total"": 256, ""eta"": 0.003, ""smooth_B"": 4}",-1.1928414947478436,0.00833174011115583,0.3033664643764496,0.3033664643764496,0.3033664643764496,0.3033664643764496,0.0025243830572343985,480.0,983040.0,5,71
ijcnn1,NOG-ZO__M-1__data_B_total-256__eta-3em05__smooth_B-4,"{""M"": 1, ""data_B_total"": 256, ""eta"": 3e-05, ""smooth_B"": 4}",-1.1928414947478436,0.00833174011115583,0.3033664643764496,0.3033664643764496,0.3033664643764496,0.3033664643764496,0.0025243830572343985,480.0,983040.0,5,72
ijcnn1,NOG-ZO__M-2__data_B_total-128__eta-0p0001__smooth_B-8,"{""M"": 2, ""data_B_total"": 128, ""eta"": 0.0001, ""smooth_B"": 8}",-1.1928414947478436,0.00833174011115583,0.3033664643764496,0.3033664643764496,0.3033664643764496,0.3033664643764496,0.0025243830572343985,480.0,983040.0,5,73
ijcnn1,NOG-ZO__M-2__data_B_total-128__eta-0p0003__smooth_B-8,"{""M"": 2, ""data_B_total"": 128, ""eta"": 0.0003, ""smooth_B"": 8}",-1.1928414947478436,0.00833174011115583,0.3033664643764496,0.3033664643764496,0.3033664643764496,0.3033664643764496,0.0025243830572343985,480.0,983040.0,5,74
ijcnn1,NOG-ZO__M-2__data_B_total-128__eta-0p001__smooth_B-8,"{""M"": 2, ""data_B_total"": 128, ""eta"": 0.001, ""smooth_B"": 8}",-1.1928414947478436,0.00833174011115583,0.3033664643764496,0.3033664643764496,0.3033664643764496,0.3033664643764496,0.0025243830572343985,480.0,983040.0,5,75
ijcnn1,NOG-ZO__M-2__data_B_total-128__eta-0p003__smooth_B-8,"{""M"": 2, ""data_B_total"": 128, ""eta"": 0.003, ""smooth_B"": 8}",-1.1928414947478436,0.00833174011115583,0.3033664643764496,0.3033664643764496,0.3033664643764496,0.3033664643764496,0.0025243830572343985,480.0,983040.0,5,76
ijcnn1,NOG-ZO__M-2__data_B_total-128__eta-3em05__smooth_B-8,"{""M"": 2, ""data_B_total"": 128, ""eta"": 3e-05, ""smooth_B"": 8}",-1.1928414947478436,0.00833174011115583,0.3033664643764496,0.3033664643764496,0.3033664643764496,0.3033664643764496,0.0025243830572343985,480.0,983040.0,5,77
ijcnn1,NOG-ZO__M-2__data_B_total-256__eta-0p0001__smooth_B-4,"{""M"": 2, ""data_B_total"": 256, ""eta"": 0.0001, ""smooth_B"": 4}",-1.1928414947478436,0.00833174011115583,0.3033664643764496,0.3033664643764496,0.3033664643764496,0.3033664643764496,0.0025243830572343985,480.0,983040.0,5,78
ijcnn1,NOG-ZO__M-2__data_B_total-256__eta-0p0003__smooth_B-4,"{""M"": 2, ""data_B_total"": 256, ""eta"": 0.0003, ""smooth_B"": 4}",-1.1928414947478436,0.00833174011115583,0.3033664643764496,0.3033664643764496,0.3033664643764496,0.3033664643764496,0.0025243830572343985,480.0,983040.0,5,79
ijcnn1,NOG-ZO__M-2__data_B_total-256__eta-0p001__smooth_B-4,"{""M"": 2, ""data_B_total"": 256, ""eta"": 0.001, ""smooth_B"": 4}",-1.1928414947478436,0.00833174011115583,0.3033664643764496,0.3033664643764496,0.3033664643764496,0.3033664643764496,0.0025243830572343985,480.0,983040.0,5,80
ijcnn1,NOG-ZO__M-2__data_B_total-256__eta-0p003__smooth_B-4,"{""M"": 2, ""data_B_total"": 256, ""eta"": 0.003, ""smooth_B"": 4}",-1.1928414947478436,0.00833174011115583,0.3033664643764496,0.3033664643764496,0.3033664643764496,0.3033664643764496,0.0025243830572343985,480.0,983040.0,5,81
ijcnn1,NOG-ZO__M-2__data_B_total-256__eta-3em05__smooth_B-4,"{""M"": 2, ""data_B_total"": 256, ""eta"": 3e-05, ""smooth_B"": 4}",-1.1928414947478436,0.00833174011115583,0.3033664643764496,0.3033664643764496,0.3033664643764496,0.3033664643764496,0.0025243830572343985,480.0,983040.0,5,82
ijcnn1,NOG-ZO__M-4__data_B_total-128__eta-0p0001__smooth_B-4,"{""M"": 4, ""data_B_total"": 128, ""eta"": 0.0001, ""smooth_B"": 4}",-1.1928414947478436,0.00833174011115583,0.3033664643764496,0.3033664643764496,0.3033664643764496,0.3033664643764496,0.0025243830572343985,958.0,980992.0,5,83
ijcnn1,NOG-ZO__M-4__data_B_total-128__eta-0p0003__smooth_B-4,"{""M"": 4, ""data_B_total"": 128, ""eta"": 0.0003, ""smooth_B"": 4}",-1.1928414947478436,0.00833174011115583,0.3033664643764496,0.3033664643764496,0.3033664643764496,0.3033664643764496,0.0025243830572343985,958.0,980992.0,5,84
ijcnn1,NOG-ZO__M-4__data_B_total-128__eta-0p001__smooth_B-4,"{""M"": 4, ""data_B_total"": 128, ""eta"": 0.001, ""smooth_B"": 4}",-1.1928414947478436,0.00833174011115583,0.3033664643764496,0.3033664643764496,0.3033664643764496,0.3033664643764496,0.0025243830572343985,958.0,980992.0,5,85
ijcnn1,NOG-ZO__M-4__data_B_total-128__eta-0p003__smooth_B-4,"{""M"": 4, ""data_B_total"": 128, ""eta"": 0.003, ""smooth_B"": 4}",-1.1928414947478436,0.00833174011115583,0.3033664643764496,0.3033664643764496,0.3033664643764496,0.3033664643764496,0.0025243830572343985,958.0,980992.0,5,86
ijcnn1,NOG-ZO__M-4__data_B_total-128__eta-3em05__smooth_B-4,"{""M"": 4, ""data_B_total"": 128, ""eta"": 3e-05, ""smooth_B"": 4}",-1.1928414947478436,0.00833174011115583,0.3033664643764496,0.3033664643764496,0.3033664643764496,0.3033664643764496,0.0025243830572343985,958.0,980992.0,5,87
ijcnn1,NOG-ZO__M-4__data_B_total-256__eta-0p0001__smooth_B-2,"{""M"": 4, ""data_B_total"": 256, ""eta"": 0.0001, ""smooth_B"": 2}",-1.1928414947478436,0.00833174011115583,0.3033664643764496,0.3033664643764496,0.3033664643764496,0.3033664643764496,0.0025243830572343985,958.0,980992.0,5,88
ijcnn1,NOG-ZO__M-4__data_B_total-256__eta-0p0003__smooth_B-2,"{""M"": 4, ""data_B_total"": 256, ""eta"": 0.0003, ""smooth_B"": 2}",-1.1928414947478436,0.00833174011115583,0.3033664643764496,0.3033664643764496,0.3033664643764496,0.3033664643764496,0.0025243830572343985,958.0,980992.0,5,89
ijcnn1,NOG-ZO__M-4__data_B_total-256__eta-0p001__smooth_B-2,"{""M"": 4, ""data_B_total"": 256, ""eta"": 0.001, ""smooth_B"": 2}",-1.1928414947478436,0.00833174011115583,0.3033664643764496,0.3033664643764496,0.3033664643764496,0.3033664643764496,0.0025243830572343985,958.0,980992.0,5,90
ijcnn1,NOG-ZO__M-4__data_B_total-256__eta-0p003__smooth_B-2,"{""M"": 4, ""data_B_total"": 256, ""eta"": 0.003, ""smooth_B"": 2}",-1.1928414947478436,0.00833174011115583,0.3033664643764496,0.3033664643764496,0.3033664643764496,0.3033664643764496,0.0025243830572343985,958.0,980992.0,5,91
ijcnn1,NOG-ZO__M-4__data_B_total-256__eta-3em05__smooth_B-2,"{""M"": 4, ""data_B_total"": 256, ""eta"": 3e-05, ""smooth_B"": 2}",-1.1928414947478436,0.00833174011115583,0.3033664643764496,0.3033664643764496,0.3033664643764496,0.3033664643764496,0.0025243830572343985,958.0,980992.0,5,92
ijcnn1,NOG-ZO__M-4__data_B_total-64__eta-0p0001__smooth_B-8,"{""M"": 4, ""data_B_total"": 64, ""eta"": 0.0001, ""smooth_B"": 8}",-1.1928414947478436,0.00833174011115583,0.3033664643764496,0.3033664643764496,0.3033664643764496,0.3033664643764496,0.0025243830572343985,958.0,980992.0,5,93
ijcnn1,NOG-ZO__M-4__data_B_total-64__eta-0p0003__smooth_B-8,"{""M"": 4, ""data_B_total"": 64, ""eta"": 0.0003, ""smooth_B"": 8}",-1.1928414947478436,0.00833174011115583,0.3033664643764496,0.3033664643764496,0.3033664643764496,0.3033664643764496,0.0025243830572343985,958.0,980992.0,5,94
ijcnn1,NOG-ZO__M-4__data_B_total-64__eta-0p001__smooth_B-8,"{""M"": 4, ""data_B_total"": 64, ""eta"": 0.001, ""smooth_B"": 8}",-1.1928414947478436,0.00833174011115583,0.3033664643764496,0.3033664643764496,0.3033664643764496,0.3033664643764496,0.0025243830572343985,958.0,980992.0,5,95
ijcnn1,NOG-ZO__M-4__data_B_total-64__eta-0p003__smooth_B-8,"{""M"": 4, ""data_B_total"": 64, ""eta"": 0.003, ""smooth_B"": 8}",-1.1928414947478436,0.00833174011115583,0.3033664643764496,0.3033664643764496,0.3033664643764496,0.3033664643764496,0.0025243830572343985,958.0,980992.0,5,96
ijcnn1,NOG-ZO__M-4__data_B_total-64__eta-3em05__smooth_B-8,"{""M"": 4, ""data_B_total"": 64, ""eta"": 3e-05, ""smooth_B"": 8}",-1.1928414947478436,0.00833174011115583,0.3033664643764496,0.3033664643764496,0.3033664643764496,0.3033664643764496,0.0025243830572343985,958.0,980992.0,5,97
ijcnn1,NOG-ZO__M-1__data_B_total-128__eta-0p0001__smooth_B-4,"{""M"": 1, ""data_B_total"": 128, ""eta"": 0.0001, ""smooth_B"": 4}",-1.1928414947478436,0.00833174011115583,0.3033664643764496,0.3033664643764496,0.3033664643764496,0.3033664643764496,0.0025243830572343985,960.0,983040.0,5,98
ijcnn1,NOG-ZO__M-1__data_B_total-128__eta-0p0003__smooth_B-4,"{""M"": 1, ""data_B_total"": 128, ""eta"": 0.0003, ""smooth_B"": 4}",-1.1928414947478436,0.00833174011115583,0.3033664643764496,0.3033664643764496,0.3033664643764496,0.3033664643764496,0.0025243830572343985,960.0,983040.0,5,99
ijcnn1,NOG-ZO__M-1__data_B_total-128__eta-0p001__smooth_B-4,"{""M"": 1, ""data_B_total"": 128, ""eta"": 0.001, ""smooth_B"": 4}",-1.1928414947478436,0.00833174011115583,0.3033664643764496,0.3033664643764496,0.3033664643764496,0.3033664643764496,0.0025243830572343985,960.0,983040.0,5,100
ijcnn1,NOG-ZO__M-1__data_B_total-128__eta-0p003__smooth_B-4,"{""M"": 1, ""data_B_total"": 128, ""eta"": 0.003, ""smooth_B"": 4}",-1.1928414947478436,0.00833174011115583,0.3033664643764496,0.3033664643764496,0.3033664643764496,0.3033664643764496,0.0025243830572343985,960.0,983040.0,5,101
ijcnn1,NOG-ZO__M-1__data_B_total-128__eta-3em05__smooth_B-4,"{""M"": 1, ""data_B_total"": 128, ""eta"": 3e-05, ""smooth_B"": 4}",-1.1928414947478436,0.00833174011115583,0.3033664643764496,0.3033664643764496,0.3033664643764496,0.3033664643764496,0.0025243830572343985,960.0,983040.0,5,102
ijcnn1,NOG-ZO__M-1__data_B_total-256__eta-0p0001__smooth_B-2,"{""M"": 1, ""data_B_total"": 256, ""eta"": 0.0001, ""smooth_B"": 2}",-1.1928414947478436,0.00833174011115583,0.3033664643764496,0.3033664643764496,0.3033664643764496,0.3033664643764496,0.0025243830572343985,960.0,983040.0,5,103
ijcnn1,NOG-ZO__M-1__data_B_total-256__eta-0p0003__smooth_B-2,"{""M"": 1, ""data_B_total"": 256, ""eta"": 0.0003, ""smooth_B"": 2}",-1.1928414947478436,0.00833174011115583,0.3033664643764496,0.3033664643764496,0.3033664643764496,0.3033664643764496,0.0025243830572343985,960.0,983040.0,5,104
ijcnn1,NOG-ZO__M-1__data_B_total-256__eta-0p001__smooth_B-2,"{""M"": 1, ""data_B_total"": 256, ""eta"": 0.001, ""smooth_B"": 2}",-1.1928414947478436,0.00833174011115583,0.3033664643764496,0.3033664643764496,0.3033664643764496,0.3033664643764496,0.0025243830572343985,960.0,983040.0,5,105
ijcnn1,NOG-ZO__M-1__data_B_total-256__eta-0p003__smooth_B-2,"{""M"": 1, ""data_B_total"": 256, ""eta"": 0.003, ""smooth_B"": 2}",-1.1928414947478436,0.00833174011115583,0.3033664643764496,0.3033664643764496,0.3033664643764496,0.3033664643764496,0.0025243830572343985,960.0,983040.0,5,106
ijcnn1,NOG-ZO__M-1__data_B_total-256__eta-3em05__smooth_B-2,"{""M"": 1, ""data_B_total"": 256, ""eta"": 3e-05, ""smooth_B"": 2}",-1.1928414947478436,0.00833174011115583,0.3033664643764496,0.3033664643764496,0.3033664643764496,0.3033664643764496,0.0025243830572343985,960.0,983040.0,5,107
ijcnn1,NOG-ZO__M-1__data_B_total-64__eta-0p0001__smooth_B-8,"{""M"": 1, ""data_B_total"": 64, ""eta"": 0.0001, ""smooth_B"": 8}",-1.1928414947478436,0.00833174011115583,0.3033664643764496,0.3033664643764496,0.3033664643764496,0.3033664643764496,0.0025243830572343985,960.0,983040.0,5,108
ijcnn1,NOG-ZO__M-1__data_B_total-64__eta-0p0003__smooth_B-8,"{""M"": 1, ""data_B_total"": 64, ""eta"": 0.0003, ""smooth_B"": 8}",-1.1928414947478436,0.00833174011115583,0.3033664643764496,0.3033664643764496,0.3033664643764496,0.3033664643764496,0.0025243830572343985,960.0,983040.0,5,109
ijcnn1,NOG-ZO__M-1__data_B_total-64__eta-0p001__smooth_B-8,"{""M"": 1, ""data_B_total"": 64, ""eta"": 0.001, ""smooth_B"": 8}",-1.1928414947478436,0.00833174011115583,0.3033664643764496,0.3033664643764496,0.3033664643764496,0.3033664643764496,0.0025243830572343985,960.0,983040.0,5,110
ijcnn1,NOG-ZO__M-1__data_B_total-64__eta-0p003__smooth_B-8,"{""M"": 1, ""data_B_total"": 64, ""eta"": 0.003, ""smooth_B"": 8}",-1.1928414947478436,0.00833174011115583,0.3033664643764496,0.3033664643764496,0.3033664643764496,0.3033664643764496,0.0025243830572343985,960.0,983040.0,5,111
ijcnn1,NOG-ZO__M-1__data_B_total-64__eta-3em05__smooth_B-8,"{""M"": 1, ""data_B_total"": 64, ""eta"": 3e-05, ""smooth_B"": 8}",-1.1928414947478436,0.00833174011115583,0.3033664643764496,0.3033664643764496,0.3033664643764496,0.3033664643764496,0.0025243830572343985,960.0,983040.0,5,112
ijcnn1,NOG-ZO__M-2__data_B_total-128__eta-0p0001__smooth_B-4,"{""M"": 2, ""data_B_total"": 128, ""eta"": 0.0001, ""smooth_B"": 4}",-1.1928414947478436,0.00833174011115583,0.3033664643764496,0.3033664643764496,0.3033664643764496,0.3033664643764496,0.0025243830572343985,960.0,983040.0,5,113
ijcnn1,NOG-ZO__M-2__data_B_total-128__eta-0p0003__smooth_B-4,"{""M"": 2, ""data_B_total"": 128, ""eta"": 0.0003, ""smooth_B"": 4}",-1.1928414947478436,0.00833174011115583,0.3033664643764496,0.3033664643764496,0.3033664643764496,0.3033664643764496,0.0025243830572343985,960.0,983040.0,5,114
ijcnn1,NOG-ZO__M-2__data_B_total-128__eta-0p001__smooth_B-4,"{""M"": 2, ""data_B_total"": 128, ""eta"": 0.001, ""smooth_B"": 4}",-1.1928414947478436,0.00833174011115583,0.3033664643764496,0.3033664643764496,0.3033664643764496,0.3033664643764496,0.0025243830572343985,960.0,983040.0,5,115
ijcnn1,NOG-ZO__M-2__data_B_total-128__eta-0p003__smooth_B-4,"{""M"": 2, ""data_B_total"": 128, ""eta"": 0.003, ""smooth_B"": 4}",-1.1928414947478436,0.00833174011115583,0.3033664643764496,0.3033664643764496,0.3033664643764496,0.3033664643764496,0.0025243830572343985,960.0,983040.0,5,116
ijcnn1,NOG-ZO__M-2__data_B_total-128__eta-3em05__smooth_B-4,"{""M"": 2, ""data_B_total"": 128, ""eta"": 3e-05, ""smooth_B"": 4}",-1.1928414947478436,0.00833174011115583,0.3033664643764496,0.3033664643764496,0.3033664643764496,0.3033664643764496,0.0025243830572343985,960.0,983040.0,5,117
ijcnn1,NOG-ZO__M-2__data_B_total-256__eta-0p0001__smooth_B-2,"{""M"": 2, ""data_B_total"": 256, ""eta"": 0.0001, ""smooth_B"": 2}",-1.1928414947478436,0.00833174011115583,0.3033664643764496,0.3033664643764496,0.3033664643764496,0.3033664643764496,0.0025243830572343985,960.0,983040.0,5,118
ijcnn1,NOG-ZO__M-2__data_B_total-256__eta-0p0003__smooth_B-2,"{""M"": 2, ""data_B_total"": 256, ""eta"": 0.0003, ""smooth_B"": 2}",-1.1928414947478436,0.00833174011115583,0.3033664643764496,0.3033664643764496,0.3033664643764496,0.3033664643764496,0.0025243830572343985,960.0,983040.0,5,119
ijcnn1,NOG-ZO__M-2__data_B_total-256__eta-0p001__smooth_B-2,"{""M"": 2, ""data_B_total"": 256, ""eta"": 0.001, ""smooth_B"": 2}",-1.1928414947478436,0.00833174011115583,0.3033664643764496,0.3033664643764496,0.3033664643764496,0.3033664643764496,0.0025243830572343985,960.0,983040.0,5,120
ijcnn1,NOG-ZO__M-2__data_B_total-256__eta-0p003__smooth_B-2,"{""M"": 2, ""data_B_total"": 256, ""eta"": 0.003, ""smooth_B"": 2}",-1.1928414947478436,0.00833174011115583,0.3033664643764496,0.3033664643764496,0.3033664643764496,0.3033664643764496,0.0025243830572343985,960.0,983040.0,5,121
ijcnn1,NOG-ZO__M-2__data_B_total-256__eta-3em05__smooth_B-2,"{""M"": 2, ""data_B_total"": 256, ""eta"": 3e-05, ""smooth_B"": 2}",-1.1928414947478436,0.00833174011115583,0.3033664643764496,0.3033664643764496,0.3033664643764496,0.3033664643764496,0.0025243830572343985,960.0,983040.0,5,122
ijcnn1,NOG-ZO__M-2__data_B_total-64__eta-0p0001__smooth_B-8,"{""M"": 2, ""data_B_total"": 64, ""eta"": 0.0001, ""smooth_B"": 8}",-1.1928414947478436,0.00833174011115583,0.3033664643764496,0.3033664643764496,0.3033664643764496,0.3033664643764496,0.0025243830572343985,960.0,983040.0,5,123
ijcnn1,NOG-ZO__M-2__data_B_total-64__eta-0p0003__smooth_B-8,"{""M"": 2, ""data_B_total"": 64, ""eta"": 0.0003, ""smooth_B"": 8}",-1.1928414947478436,0.00833174011115583,0.3033664643764496,0.3033664643764496,0.3033664643764496,0.3033664643764496,0.0025243830572343985,960.0,983040.0,5,124
ijcnn1,NOG-ZO__M-2__data_B_total-64__eta-0p001__smooth_B-8,"{""M"": 2, ""data_B_total"": 64, ""eta"": 0.001, ""smooth_B"": 8}",-1.1928414947478436,0.00833174011115583,0.3033664643764496,0.3033664643764496,0.3033664643764496,0.3033664643764496,0.0025243830572343985,960.0,983040.0,5,125
ijcnn1,NOG-ZO__M-2__data_B_total-64__eta-0p003__smooth_B-8,"{""M"": 2, ""data_B_total"": 64, ""eta"": 0.003, ""smooth_B"": 8}",-1.1928414947478436,0.00833174011115583,0.3033664643764496,0.3033664643764496,0.3033664643764496,0.3033664643764496,0.0025243830572343985,960.0,983040.0,5,126
ijcnn1,NOG-ZO__M-2__data_B_total-64__eta-3em05__smooth_B-8,"{""M"": 2, ""data_B_total"": 64, ""eta"": 3e-05, ""smooth_B"": 8}",-1.1928414947478436,0.00833174011115583,0.3033664643764496,0.3033664643764496,0.3033664643764496,0.3033664643764496,0.0025243830572343985,960.0,983040.0,5,127
ijcnn1,NOG-ZO__M-4__data_B_total-128__eta-0p0001__smooth_B-2,"{""M"": 4, ""data_B_total"": 128, ""eta"": 0.0001, ""smooth_B"": 2}",-1.1928414947478436,0.00833174011115583,0.3033664643764496,0.3033664643764496,0.3033664643764496,0.3033664643764496,0.0025243830572343985,1918.0,982016.0,5,128
ijcnn1,NOG-ZO__M-4__data_B_total-128__eta-0p0003__smooth_B-2,"{""M"": 4, ""data_B_total"": 128, ""eta"": 0.0003, ""smooth_B"": 2}",-1.1928414947478436,0.00833174011115583,0.3033664643764496,0.3033664643764496,0.3033664643764496,0.3033664643764496,0.0025243830572343985,1918.0,982016.0,5,129
ijcnn1,NOG-ZO__M-4__data_B_total-128__eta-0p001__smooth_B-2,"{""M"": 4, ""data_B_total"": 128, ""eta"": 0.001, ""smooth_B"": 2}",-1.1928414947478436,0.00833174011115583,0.3033664643764496,0.3033664643764496,0.3033664643764496,0.3033664643764496,0.0025243830572343985,1918.0,982016.0,5,130
ijcnn1,NOG-ZO__M-4__data_B_total-128__eta-0p003__smooth_B-2,"{""M"": 4, ""data_B_total"": 128, ""eta"": 0.003, ""smooth_B"": 2}",-1.1928414947478436,0.00833174011115583,0.3033664643764496,0.3033664643764496,0.3033664643764496,0.3033664643764496,0.0025243830572343985,1918.0,982016.0,5,131
ijcnn1,NOG-ZO__M-4__data_B_total-128__eta-3em05__smooth_B-2,"{""M"": 4, ""data_B_total"": 128, ""eta"": 3e-05, ""smooth_B"": 2}",-1.1928414947478436,0.00833174011115583,0.3033664643764496,0.3033664643764496,0.3033664643764496,0.3033664643764496,0.0025243830572343985,1918.0,982016.0,5,132
ijcnn1,NOG-ZO__M-4__data_B_total-256__eta-0p0001__smooth_B-1,"{""M"": 4, ""data_B_total"": 256, ""eta"": 0.0001, ""smooth_B"": 1}",-1.1928414947478436,0.00833174011115583,0.3033664643764496,0.3033664643764496,0.3033664643764496,0.3033664643764496,0.0025243830572343985,1918.0,982016.0,5,133
ijcnn1,NOG-ZO__M-4__data_B_total-256__eta-0p0003__smooth_B-1,"{""M"": 4, ""data_B_total"": 256, ""eta"": 0.0003, ""smooth_B"": 1}",-1.1928414947478436,0.00833174011115583,0.3033664643764496,0.3033664643764496,0.3033664643764496,0.3033664643764496,0.0025243830572343985,1918.0,982016.0,5,134
ijcnn1,NOG-ZO__M-4__data_B_total-256__eta-0p001__smooth_B-1,"{""M"": 4, ""data_B_total"": 256, ""eta"": 0.001, ""smooth_B"": 1}",-1.1928414947478436,0.00833174011115583,0.3033664643764496,0.3033664643764496,0.3033664643764496,0.3033664643764496,0.0025243830572343985,1918.0,982016.0,5,135
ijcnn1,NOG-ZO__M-4__data_B_total-256__eta-0p003__smooth_B-1,"{""M"": 4, ""data_B_total"": 256, ""eta"": 0.003, ""smooth_B"": 1}",-1.1928414947478436,0.00833174011115583,0.3033664643764496,0.3033664643764496,0.3033664643764496,0.3033664643764496,0.0025243830572343985,1918.0,982016.0,5,136
ijcnn1,NOG-ZO__M-4__data_B_total-256__eta-3em05__smooth_B-1,"{""M"": 4, ""data_B_total"": 256, ""eta"": 3e-05, ""smooth_B"": 1}",-1.1928414947478436,0.00833174011115583,0.3033664643764496,0.3033664643764496,0.3033664643764496,0.3033664643764496,0.0025243830572343985,1918.0,982016.0,5,137
ijcnn1,NOG-ZO__M-4__data_B_total-64__eta-0p0001__smooth_B-4,"{""M"": 4, ""data_B_total"": 64, ""eta"": 0.0001, ""smooth_B"": 4}",-1.1928414947478436,0.00833174011115583,0.3033664643764496,0.3033664643764496,0.3033664643764496,0.3033664643764496,0.0025243830572343985,1918.0,982016.0,5,138
ijcnn1,NOG-ZO__M-4__data_B_total-64__eta-0p0003__smooth_B-4,"{""M"": 4, ""data_B_total"": 64, ""eta"": 0.0003, ""smooth_B"": 4}",-1.1928414947478436,0.00833174011115583,0.3033664643764496,0.3033664643764496,0.3033664643764496,0.3033664643764496,0.0025243830572343985,1918.0,982016.0,5,139
ijcnn1,NOG-ZO__M-4__data_B_total-64__eta-0p001__smooth_B-4,"{""M"": 4, ""data_B_total"": 64, ""eta"": 0.001, ""smooth_B"": 4}",-1.1928414947478436,0.00833174011115583,0.3033664643764496,0.3033664643764496,0.3033664643764496,0.3033664643764496,0.0025243830572343985,1918.0,982016.0,5,140
ijcnn1,NOG-ZO__M-4__data_B_total-64__eta-0p003__smooth_B-4,"{""M"": 4, ""data_B_total"": 64, ""eta"": 0.003, ""smooth_B"": 4}",-1.1928414947478436,0.00833174011115583,0.3033664643764496,0.3033664643764496,0.3033664643764496,0.3033664643764496,0.0025243830572343985,1918.0,982016.0,5,141
ijcnn1,NOG-ZO__M-4__data_B_total-64__eta-3em05__smooth_B-4,"{""M"": 4, ""data_B_total"": 64, ""eta"": 3e-05, ""smooth_B"": 4}",-1.1928414947478436,0.00833174011115583,0.3033664643764496,0.3033664643764496,0.3033664643764496,0.3033664643764496,0.0025243830572343985,1918.0,982016.0,5,142
ijcnn1,NOG-ZO__M-1__data_B_total-128__eta-0p003__smooth_B-2,"{""M"": 1, ""data_B_total"": 128, ""eta"": 0.003, ""smooth_B"": 2}",-1.1928414947478436,0.00833174011115583,0.3033664643764496,0.3033664643764496,0.3033664643764496,0.3033664643764496,0.0025243830572343985,1920.0,983040.0,5,143
ijcnn1,NOG-ZO__M-1__data_B_total-256__eta-0p003__smooth_B-1,"{""M"": 1, ""data_B_total"": 256, ""eta"": 0.003, ""smooth_B"": 1}",-1.1928414947478436,0.00833174011115583,0.3033664643764496,0.3033664643764496,0.3033664643764496,0.3033664643764496,0.0025243830572343985,1920.0,983040.0,5,144
ijcnn1,NOG-ZO__M-1__data_B_total-64__eta-0p003__smooth_B-4,"{""M"": 1, ""data_B_total"": 64, ""eta"": 0.003, ""smooth_B"": 4}",-1.1928414947478436,0.00833174011115583,0.3033664643764496,0.3033664643764496,0.3033664643764496,0.3033664643764496,0.0025243830572343985,1920.0,983040.0,5,145
ijcnn1,NOG-ZO__M-2__data_B_total-128__eta-0p0001__smooth_B-2,"{""M"": 2, ""data_B_total"": 128, ""eta"": 0.0001, ""smooth_B"": 2}",-1.1928414947478436,0.00833174011115583,0.3033664643764496,0.3033664643764496,0.3033664643764496,0.3033664643764496,0.0025243830572343985,1920.0,983040.0,5,146
ijcnn1,NOG-ZO__M-2__data_B_total-128__eta-0p0003__smooth_B-2,"{""M"": 2, ""data_B_total"": 128, ""eta"": 0.0003, ""smooth_B"": 2}",-1.1928414947478436,0.00833174011115583,0.3033664643764496,0.3033664643764496,0.3033664643764496,0.3033664643764496,0.0025243830572343985,1920.0,983040.0,5,147
ijcnn1,NOG-ZO__M-2__data_B_total-128__eta-0p001__smooth_B-2,"{""M"": 2, ""data_B_total"": 128, ""eta"": 0.001, ""smooth_B"": 2}",-1.1928414947478436,0.00833174011115583,0.3033664643764496,0.3033664643764496,0.3033664643764496,0.3033664643764496,0.0025243830572343985,1920.0,983040.0,5,148
ijcnn1,NOG-ZO__M-2__data_B_total-128__eta-0p003__smooth_B-2,"{""M"": 2, ""data_B_total"": 128, ""eta"": 0.003, ""smooth_B"": 2}",-1.1928414947478436,0.00833174011115583,0.3033664643764496,0.3033664643764496,0.3033664643764496,0.3033664643764496,0.0025243830572343985,1920.0,983040.0,5,149
ijcnn1,NOG-ZO__M-2__data_B_total-128__eta-3em05__smooth_B-2,"{""M"": 2, ""data_B_total"": 128, ""eta"": 3e-05, ""smooth_B"": 2}",-1.1928414947478436,0.00833174011115583,0.3033664643764496,0.3033664643764496,0.3033664643764496,0.3033664643764496,0.0025243830572343985,1920.0,983040.0,5,150
ijcnn1,NOG-ZO__M-2__data_B_total-256__eta-0p0001__smooth_B-1,"{""M"": 2, ""data_B_total"": 256, ""eta"": 0.0001, ""smooth_B"": 1}",-1.1928414947478436,0.00833174011115583,0.3033664643764496,0.3033664643764496,0.3033664643764496,0.3033664643764496,0.0025243830572343985,1920.0,983040.0,5,151
ijcnn1,NOG-ZO__M-2__data_B_total-256__eta-0p0003__smooth_B-1,"{""M"": 2, ""data_B_total"": 256, ""eta"": 0.0003, ""smooth_B"": 1}",-1.1928414947478436,0.00833174011115583,0.3033664643764496,0.3033664643764496,0.3033664643764496,0.3033664643764496,0.0025243830572343985,1920.0,983040.0,5,152
ijcnn1,NOG-ZO__M-2__data_B_total-256__eta-0p001__smooth_B-1,"{""M"": 2, ""data_B_total"": 256, ""eta"": 0.001, ""smooth_B"": 1}",-1.1928414947478436,0.00833174011115583,0.3033664643764496,0.3033664643764496,0.3033664643764496,0.3033664643764496,0.0025243830572343985,1920.0,983040.0,5,153
ijcnn1,NOG-ZO__M-2__data_B_total-256__eta-0p003__smooth_B-1,"{""M"": 2, ""data_B_total"": 256, ""eta"": 0.003, ""smooth_B"": 1}",-1.1928414947478436,0.00833174011115583,0.3033664643764496,0.3033664643764496,0.3033664643764496,0.3033664643764496,0.0025243830572343985,1920.0,983040.0,5,154
ijcnn1,NOG-ZO__M-2__data_B_total-256__eta-3em05__smooth_B-1,"{""M"": 2, ""data_B_total"": 256, ""eta"": 3e-05, ""smooth_B"": 1}",-1.1928414947478436,0.00833174011115583,0.3033664643764496,0.3033664643764496,0.3033664643764496,0.3033664643764496,0.0025243830572343985,1920.0,983040.0,5,155
ijcnn1,NOG-ZO__M-2__data_B_total-64__eta-0p0001__smooth_B-4,"{""M"": 2, ""data_B_total"": 64, ""eta"": 0.0001, ""smooth_B"": 4}",-1.1928414947478436,0.00833174011115583,0.3033664643764496,0.3033664643764496,0.3033664643764496,0.3033664643764496,0.0025243830572343985,1920.0,983040.0,5,156
ijcnn1,NOG-ZO__M-2__data_B_total-64__eta-0p0003__smooth_B-4,"{""M"": 2, ""data_B_total"": 64, ""eta"": 0.0003, ""smooth_B"": 4}",-1.1928414947478436,0.00833174011115583,0.3033664643764496,0.3033664643764496,0.3033664643764496,0.3033664643764496,0.0025243830572343985,1920.0,983040.0,5,157
ijcnn1,NOG-ZO__M-2__data_B_total-64__eta-0p001__smooth_B-4,"{""M"": 2, ""data_B_total"": 64, ""eta"": 0.001, ""smooth_B"": 4}",-1.1928414947478436,0.00833174011115583,0.3033664643764496,0.3033664643764496,0.3033664643764496,0.3033664643764496,0.0025243830572343985,1920.0,983040.0,5,158
ijcnn1,NOG-ZO__M-2__data_B_total-64__eta-0p003__smooth_B-4,"{""M"": 2, ""data_B_total"": 64, ""eta"": 0.003, ""smooth_B"": 4}",-1.1928414947478436,0.00833174011115583,0.3033664643764496,0.3033664643764496,0.3033664643764496,0.3033664643764496,0.0025243830572343985,1920.0,983040.0,5,159
ijcnn1,NOG-ZO__M-2__data_B_total-64__eta-3em05__smooth_B-4,"{""M"": 2, ""data_B_total"": 64, ""eta"": 3e-05, ""smooth_B"": 4}",-1.1928414947478436,0.00833174011115583,0.3033664643764496,0.3033664643764496,0.3033664643764496,0.3033664643764496,0.0025243830572343985,1920.0,983040.0,5,160
ijcnn1,NOG-ZO__M-4__data_B_total-128__eta-0p0001__smooth_B-1,"{""M"": 4, ""data_B_total"": 128, ""eta"": 0.0001, ""smooth_B"": 1}",-1.1928414947478436,0.00833174011115583,0.3033664643764496,0.3033664643764496,0.3033664643764496,0.3033664643764496,0.0025243830572343985,3838.0,982528.0,5,161
ijcnn1,NOG-ZO__M-4__data_B_total-128__eta-0p0003__smooth_B-1,"{""M"": 4, ""data_B_total"": 128, ""eta"": 0.0003, ""smooth_B"": 1}",-1.1928414947478436,0.00833174011115583,0.3033664643764496,0.3033664643764496,0.3033664643764496,0.3033664643764496,0.0025243830572343985,3838.0,982528.0,5,162
ijcnn1,NOG-ZO__M-4__data_B_total-128__eta-0p001__smooth_B-1,"{""M"": 4, ""data_B_total"": 128, ""eta"": 0.001, ""smooth_B"": 1}",-1.1928414947478436,0.00833174011115583,0.3033664643764496,0.3033664643764496,0.3033664643764496,0.3033664643764496,0.0025243830572343985,3838.0,982528.0,5,163
ijcnn1,NOG-ZO__M-4__data_B_total-128__eta-0p003__smooth_B-1,"{""M"": 4, ""data_B_total"": 128, ""eta"": 0.003, ""smooth_B"": 1}",-1.1928414947478436,0.00833174011115583,0.3033664643764496,0.3033664643764496,0.3033664643764496,0.3033664643764496,0.0025243830572343985,3838.0,982528.0,5,164
ijcnn1,NOG-ZO__M-4__data_B_total-128__eta-3em05__smooth_B-1,"{""M"": 4, ""data_B_total"": 128, ""eta"": 3e-05, ""smooth_B"": 1}",-1.1928414947478436,0.00833174011115583,0.3033664643764496,0.3033664643764496,0.3033664643764496,0.3033664643764496,0.0025243830572343985,3838.0,982528.0,5,165
ijcnn1,NOG-ZO__M-4__data_B_total-64__eta-0p0001__smooth_B-2,"{""M"": 4, ""data_B_total"": 64, ""eta"": 0.0001, ""smooth_B"": 2}",-1.1928414947478436,0.00833174011115583,0.3033664643764496,0.3033664643764496,0.3033664643764496,0.3033664643764496,0.0025243830572343985,3838.0,982528.0,5,166
ijcnn1,NOG-ZO__M-4__data_B_total-64__eta-0p0003__smooth_B-2,"{""M"": 4, ""data_B_total"": 64, ""eta"": 0.0003, ""smooth_B"": 2}",-1.1928414947478436,0.00833174011115583,0.3033664643764496,0.3033664643764496,0.3033664643764496,0.3033664643764496,0.0025243830572343985,3838.0,982528.0,5,167
ijcnn1,NOG-ZO__M-4__data_B_total-64__eta-0p001__smooth_B-2,"{""M"": 4, ""data_B_total"": 64, ""eta"": 0.001, ""smooth_B"": 2}",-1.1928414947478436,0.00833174011115583,0.3033664643764496,0.3033664643764496,0.3033664643764496,0.3033664643764496,0.0025243830572343985,3838.0,982528.0,5,168
ijcnn1,NOG-ZO__M-4__data_B_total-64__eta-0p003__smooth_B-2,"{""M"": 4, ""data_B_total"": 64, ""eta"": 0.003, ""smooth_B"": 2}",-1.1928414947478436,0.00833174011115583,0.3033664643764496,0.3033664643764496,0.3033664643764496,0.3033664643764496,0.0025243830572343985,3838.0,982528.0,5,169
ijcnn1,NOG-ZO__M-4__data_B_total-64__eta-3em05__smooth_B-2,"{""M"": 4, ""data_B_total"": 64, ""eta"": 3e-05, ""smooth_B"": 2}",-1.1928414947478436,0.00833174011115583,0.3033664643764496,0.3033664643764496,0.3033664643764496,0.3033664643764496,0.0025243830572343985,3838.0,982528.0,5,170
ijcnn1,NOG-ZO__M-2__data_B_total-128__eta-0p001__smooth_B-1,"{""M"": 2, ""data_B_total"": 128, ""eta"": 0.001, ""smooth_B"": 1}",-1.1928414947478436,0.00833174011115583,0.3033664643764496,0.3033664643764496,0.3033664643764496,0.3033664643764496,0.0025243830572343985,3840.0,983040.0,5,171
ijcnn1,NOG-ZO__M-2__data_B_total-128__eta-0p003__smooth_B-1,"{""M"": 2, ""data_B_total"": 128, ""eta"": 0.003, ""smooth_B"": 1}",-1.1928414947478436,0.00833174011115583,0.3033664643764496,0.3033664643764496,0.3033664643764496,0.3033664643764496,0.0025243830572343985,3840.0,983040.0,5,172
ijcnn1,NOG-ZO__M-2__data_B_total-64__eta-0p001__smooth_B-2,"{""M"": 2, ""data_B_total"": 64, ""eta"": 0.001, ""smooth_B"": 2}",-1.1928414947478436,0.00833174011115583,0.3033664643764496,0.3033664643764496,0.3033664643764496,0.3033664643764496,0.0025243830572343985,3840.0,983040.0,5,173
ijcnn1,NOG-ZO__M-2__data_B_total-64__eta-0p003__smooth_B-2,"{""M"": 2, ""data_B_total"": 64, ""eta"": 0.003, ""smooth_B"": 2}",-1.1928414947478436,0.00833174011115583,0.3033664643764496,0.3033664643764496,0.3033664643764496,0.3033664643764496,0.0025243830572343985,3840.0,983040.0,5,174
ijcnn1,NOG-ZO__M-4__data_B_total-64__eta-0p0001__smooth_B-1,"{""M"": 4, ""data_B_total"": 64, ""eta"": 0.0001, ""smooth_B"": 1}",-1.1928414947478436,0.00833174011115583,0.3033664643764496,0.3033664643764496,0.3033664643764496,0.3033664643764496,0.0025243830572343985,7678.0,982784.0,5,175
ijcnn1,NOG-ZO__M-4__data_B_total-64__eta-0p0003__smooth_B-1,"{""M"": 4, ""data_B_total"": 64, ""eta"": 0.0003, ""smooth_B"": 1}",-1.1928414947478436,0.00833174011115583,0.3033664643764496,0.3033664643764496,0.3033664643764496,0.3033664643764496,0.0025243830572343985,7678.0,982784.0,5,176
ijcnn1,NOG-ZO__M-4__data_B_total-64__eta-0p001__smooth_B-1,"{""M"": 4, ""data_B_total"": 64, ""eta"": 0.001, ""smooth_B"": 1}",-1.1928414947478436,0.00833174011115583,0.3033664643764496,0.3033664643764496,0.3033664643764496,0.3033664643764496,0.0025243830572343985,7678.0,982784.0,5,177
ijcnn1,NOG-ZO__M-4__data_B_total-64__eta-0p003__smooth_B-1,"{""M"": 4, ""data_B_total"": 64, ""eta"": 0.003, ""smooth_B"": 1}",-1.1928414947478436,0.00833174011115583,0.3033664643764496,0.3033664643764496,0.3033664643764496,0.3033664643764496,0.0025243830572343985,7678.0,982784.0,5,178
ijcnn1,NOG-ZO__M-2__data_B_total-64__eta-0p001__smooth_B-1,"{""M"": 2, ""data_B_total"": 64, ""eta"": 0.001, ""smooth_B"": 1}",-1.1928414947478436,0.00833174011115583,0.3033664643764496,0.3033664643764496,0.3033664643764496,0.3033664643764496,0.0025243830572343985,7680.0,983040.0,5,179
ijcnn1,NOG-ZO__M-2__data_B_total-64__eta-0p003__smooth_B-1,"{""M"": 2, ""data_B_total"": 64, ""eta"": 0.003, ""smooth_B"": 1}",-1.1928414947478436,0.00833174011115583,0.3033664643764496,0.3033664643764496,0.3033664643764496,0.3033664643764496,0.0025243830572343985,7680.0,983040.0,5,180
