scope,method,epsilon,formal_seed,data_B_total,hit,first_hit_depth,first_hit_total_work,censoring_depth,censoring_total_work,final_stat_proxy
primary,NOG-FO,0.01,20,32,True,626,20032,15362,491584,0.005998559296131134
primary,NOG-FO,0.01,21,32,True,626,20032,15362,491584,0.0046880291774868965
primary,NOG-FO,0.01,22,32,True,602,19264,15362,491584,0.0057872869074344635
primary,NOG-FO,0.01,23,32,True,650,20800,15362,491584,0.005244918167591095
primary,NOG-FO,0.01,24,32,True,602,19264,15362,491584,0.006087501998990774
primary,NOG-FO,0.01,25,32,True,602,19264,15362,491584,0.00489584356546402
primary,NOG-FO,0.01,26,32,True,650,20800,15362,491584,0.0059431674890220165
primary,NOG-FO,0.01,27,32,True,602,19264,15362,491584,0.00491165928542614
primary,NOG-FO,0.01,28,32,True,602,19264,15362,491584,0.005798894912004471
primary,NOG-FO,0.01,29,32,True,626,20032,15362,491584,0.005476533900946379
primary,NOG-FO,0.01,30,32,True,602,19264,15362,491584,0.005004546605050564
primary,NOG-FO,0.01,31,32,True,626,20032,15362,491584,0.005383715964853764
primary,NOG-FO,0.01,32,32,True,650,20800,15362,491584,0.005433218088001013
primary,NOG-FO,0.01,33,32,True,650,20800,15362,491584,0.005673905834555626
primary,NOG-FO,0.01,34,32,True,626,20032,15362,491584,0.005512638948857784
primary,NOG-FO,0.01,35,32,True,650,20800,15362,491584,0.005661352537572384
primary,NOG-FO,0.01,36,32,True,650,20800,15362,491584,0.0055730026215314865
primary,NOG-FO,0.01,37,32,True,602,19264,15362,491584,0.005038395989686251
primary,NOG-FO,0.01,38,32,True,674,21568,15362,491584,0.0054754395969212055
primary,NOG-FO,0.01,39,32,True,626,20032,15362,491584,0.005151279270648956
primary,NOG-FO,0.01,40,32,True,626,20032,15362,491584,0.0050801727920770645
primary,NOG-FO,0.01,41,32,True,626,20032,15362,491584,0.005363438744097948
primary,NOG-FO,0.01,42,32,True,626,20032,15362,491584,0.005425501614809036
primary,NOG-FO,0.01,43,32,True,626,20032,15362,491584,0.0063233752734959126
primary,NOG-FO,0.01,44,32,True,650,20800,15362,491584,0.005614523775875568
primary,NOG-FO,0.01,45,32,True,602,19264,15362,491584,0.0049708206206560135
primary,NOG-FO,0.01,46,32,True,626,20032,15362,491584,0.005540818907320499
primary,NOG-FO,0.01,47,32,True,578,18496,15362,491584,0.004926380235701799
primary,NOG-FO,0.01,48,32,True,626,20032,15362,491584,0.005595148541033268
primary,NOG-FO,0.01,49,32,True,674,21568,15362,491584,0.006439909338951111
primary,ME-DOL-FO,0.01,20,32,True,288,9216,15360,491520,0.007408784702420235
primary,ME-DOL-FO,0.01,21,32,True,336,10752,15360,491520,0.006780536845326424
primary,ME-DOL-FO,0.01,22,32,True,264,8448,15360,491520,0.006837442982941866
primary,ME-DOL-FO,0.01,23,32,True,288,9216,15360,491520,0.007320919074118137
primary,ME-DOL-FO,0.01,24,32,True,264,8448,15360,491520,0.006922985427081585
primary,ME-DOL-FO,0.01,25,32,True,288,9216,15360,491520,0.007145357318222523
primary,ME-DOL-FO,0.01,26,32,True,312,9984,15360,491520,0.007143888622522354
primary,ME-DOL-FO,0.01,27,32,True,264,8448,15360,491520,0.007710553240031004
primary,ME-DOL-FO,0.01,28,32,True,264,8448,15360,491520,0.006623066030442715
primary,ME-DOL-FO,0.01,29,32,True,288,9216,15360,491520,0.008929075673222542
primary,ME-DOL-FO,0.01,30,32,True,264,8448,15360,491520,0.00878112856298685
primary,ME-DOL-FO,0.01,31,32,True,288,9216,15360,491520,0.007126675918698311
primary,ME-DOL-FO,0.01,32,32,True,288,9216,15360,491520,0.007924375124275684
primary,ME-DOL-FO,0.01,33,32,True,312,9984,15360,491520,0.00745540764182806
primary,ME-DOL-FO,0.01,34,32,True,312,9984,15360,491520,0.008109373971819878
primary,ME-DOL-FO,0.01,35,32,True,360,11520,15360,491520,0.008279915899038315
primary,ME-DOL-FO,0.01,36,32,True,264,8448,15360,491520,0.007424409035593271
primary,ME-DOL-FO,0.01,37,32,True,288,9216,15360,491520,0.00696494011208415
primary,ME-DOL-FO,0.01,38,32,True,288,9216,15360,491520,0.008183176629245281
primary,ME-DOL-FO,0.01,39,32,True,288,9216,15360,491520,0.007814537733793259
primary,ME-DOL-FO,0.01,40,32,True,264,8448,15360,491520,0.006567697506397963
primary,ME-DOL-FO,0.01,41,32,True,288,9216,15360,491520,0.007621251046657562
primary,ME-DOL-FO,0.01,42,32,True,336,10752,15360,491520,0.007578411139547825
primary,ME-DOL-FO,0.01,43,32,True,264,8448,15360,491520,0.007110272534191608
primary,ME-DOL-FO,0.01,44,32,True,288,9216,15360,491520,0.007802268024533987
primary,ME-DOL-FO,0.01,45,32,True,312,9984,15360,491520,0.007773191202431917
primary,ME-DOL-FO,0.01,46,32,True,264,8448,15360,491520,0.008108350448310375
primary,ME-DOL-FO,0.01,47,32,True,264,8448,15360,491520,0.007363087963312864
primary,ME-DOL-FO,0.01,48,32,True,288,9216,15360,491520,0.007276996038854122
primary,ME-DOL-FO,0.01,49,32,True,312,9984,15360,491520,0.008645471185445786
primary,NOG-FO,0.00975,20,32,True,626,20032,15362,491584,0.005998559296131134
primary,NOG-FO,0.00975,21,32,True,626,20032,15362,491584,0.0046880291774868965
primary,NOG-FO,0.00975,22,32,True,602,19264,15362,491584,0.0057872869074344635
primary,NOG-FO,0.00975,23,32,True,650,20800,15362,491584,0.005244918167591095
primary,NOG-FO,0.00975,24,32,True,602,19264,15362,491584,0.006087501998990774
primary,NOG-FO,0.00975,25,32,True,602,19264,15362,491584,0.00489584356546402
primary,NOG-FO,0.00975,26,32,True,650,20800,15362,491584,0.0059431674890220165
primary,NOG-FO,0.00975,27,32,True,602,19264,15362,491584,0.00491165928542614
primary,NOG-FO,0.00975,28,32,True,626,20032,15362,491584,0.005798894912004471
primary,NOG-FO,0.00975,29,32,True,626,20032,15362,491584,0.005476533900946379
primary,NOG-FO,0.00975,30,32,True,602,19264,15362,491584,0.005004546605050564
primary,NOG-FO,0.00975,31,32,True,626,20032,15362,491584,0.005383715964853764
primary,NOG-FO,0.00975,32,32,True,650,20800,15362,491584,0.005433218088001013
primary,NOG-FO,0.00975,33,32,True,674,21568,15362,491584,0.005673905834555626
primary,NOG-FO,0.00975,34,32,True,626,20032,15362,491584,0.005512638948857784
primary,NOG-FO,0.00975,35,32,True,650,20800,15362,491584,0.005661352537572384
primary,NOG-FO,0.00975,36,32,True,674,21568,15362,491584,0.0055730026215314865
primary,NOG-FO,0.00975,37,32,True,626,20032,15362,491584,0.005038395989686251
primary,NOG-FO,0.00975,38,32,True,674,21568,15362,491584,0.0054754395969212055
primary,NOG-FO,0.00975,39,32,True,650,20800,15362,491584,0.005151279270648956
primary,NOG-FO,0.00975,40,32,True,626,20032,15362,491584,0.0050801727920770645
primary,NOG-FO,0.00975,41,32,True,626,20032,15362,491584,0.005363438744097948
primary,NOG-FO,0.00975,42,32,True,626,20032,15362,491584,0.005425501614809036
primary,NOG-FO,0.00975,43,32,True,626,20032,15362,491584,0.0063233752734959126
primary,NOG-FO,0.00975,44,32,True,650,20800,15362,491584,0.005614523775875568
primary,NOG-FO,0.00975,45,32,True,602,19264,15362,491584,0.0049708206206560135
primary,NOG-FO,0.00975,46,32,True,626,20032,15362,491584,0.005540818907320499
primary,NOG-FO,0.00975,47,32,True,602,19264,15362,491584,0.004926380235701799
primary,NOG-FO,0.00975,48,32,True,626,20032,15362,491584,0.005595148541033268
primary,NOG-FO,0.00975,49,32,True,674,21568,15362,491584,0.006439909338951111
primary,ME-DOL-FO,0.00975,20,32,True,288,9216,15360,491520,0.007408784702420235
primary,ME-DOL-FO,0.00975,21,32,True,336,10752,15360,491520,0.006780536845326424
primary,ME-DOL-FO,0.00975,22,32,True,288,9216,15360,491520,0.006837442982941866
primary,ME-DOL-FO,0.00975,23,32,True,312,9984,15360,491520,0.007320919074118137
primary,ME-DOL-FO,0.00975,24,32,True,264,8448,15360,491520,0.006922985427081585
primary,ME-DOL-FO,0.00975,25,32,True,288,9216,15360,491520,0.007145357318222523
primary,ME-DOL-FO,0.00975,26,32,True,312,9984,15360,491520,0.007143888622522354
primary,ME-DOL-FO,0.00975,27,32,True,264,8448,15360,491520,0.007710553240031004
primary,ME-DOL-FO,0.00975,28,32,True,264,8448,15360,491520,0.006623066030442715
primary,ME-DOL-FO,0.00975,29,32,True,336,10752,15360,491520,0.008929075673222542
primary,ME-DOL-FO,0.00975,30,32,True,264,8448,15360,491520,0.00878112856298685
primary,ME-DOL-FO,0.00975,31,32,True,288,9216,15360,491520,0.007126675918698311
primary,ME-DOL-FO,0.00975,32,32,True,288,9216,15360,491520,0.007924375124275684
primary,ME-DOL-FO,0.00975,33,32,True,312,9984,15360,491520,0.00745540764182806
primary,ME-DOL-FO,0.00975,34,32,True,312,9984,15360,491520,0.008109373971819878
primary,ME-DOL-FO,0.00975,35,32,True,384,12288,15360,491520,0.008279915899038315
primary,ME-DOL-FO,0.00975,36,32,True,264,8448,15360,491520,0.007424409035593271
primary,ME-DOL-FO,0.00975,37,32,True,288,9216,15360,491520,0.00696494011208415
primary,ME-DOL-FO,0.00975,38,32,True,288,9216,15360,491520,0.008183176629245281
primary,ME-DOL-FO,0.00975,39,32,True,288,9216,15360,491520,0.007814537733793259
primary,ME-DOL-FO,0.00975,40,32,True,264,8448,15360,491520,0.006567697506397963
primary,ME-DOL-FO,0.00975,41,32,True,312,9984,15360,491520,0.007621251046657562
primary,ME-DOL-FO,0.00975,42,32,True,336,10752,15360,491520,0.007578411139547825
primary,ME-DOL-FO,0.00975,43,32,True,264,8448,15360,491520,0.007110272534191608
primary,ME-DOL-FO,0.00975,44,32,True,288,9216,15360,491520,0.007802268024533987
primary,ME-DOL-FO,0.00975,45,32,True,312,9984,15360,491520,0.007773191202431917
primary,ME-DOL-FO,0.00975,46,32,True,264,8448,15360,491520,0.008108350448310375
primary,ME-DOL-FO,0.00975,47,32,True,288,9216,15360,491520,0.007363087963312864
primary,ME-DOL-FO,0.00975,48,32,True,288,9216,15360,491520,0.007276996038854122
primary,ME-DOL-FO,0.00975,49,32,True,312,9984,15360,491520,0.008645471185445786
primary,NOG-FO,0.0095,20,32,True,650,20800,15362,491584,0.005998559296131134
primary,NOG-FO,0.0095,21,32,True,626,20032,15362,491584,0.0046880291774868965
primary,NOG-FO,0.0095,22,32,True,602,19264,15362,491584,0.0057872869074344635
primary,NOG-FO,0.0095,23,32,True,674,21568,15362,491584,0.005244918167591095
primary,NOG-FO,0.0095,24,32,True,626,20032,15362,491584,0.006087501998990774
primary,NOG-FO,0.0095,25,32,True,602,19264,15362,491584,0.00489584356546402
primary,NOG-FO,0.0095,26,32,True,674,21568,15362,491584,0.0059431674890220165
primary,NOG-FO,0.0095,27,32,True,626,20032,15362,491584,0.00491165928542614
primary,NOG-FO,0.0095,28,32,True,626,20032,15362,491584,0.005798894912004471
primary,NOG-FO,0.0095,29,32,True,674,21568,15362,491584,0.005476533900946379
primary,NOG-FO,0.0095,30,32,True,602,19264,15362,491584,0.005004546605050564
primary,NOG-FO,0.0095,31,32,True,626,20032,15362,491584,0.005383715964853764
primary,NOG-FO,0.0095,32,32,True,674,21568,15362,491584,0.005433218088001013
primary,NOG-FO,0.0095,33,32,True,674,21568,15362,491584,0.005673905834555626
primary,NOG-FO,0.0095,34,32,True,626,20032,15362,491584,0.005512638948857784
primary,NOG-FO,0.0095,35,32,True,650,20800,15362,491584,0.005661352537572384
primary,NOG-FO,0.0095,36,32,True,674,21568,15362,491584,0.0055730026215314865
primary,NOG-FO,0.0095,37,32,True,650,20800,15362,491584,0.005038395989686251
primary,NOG-FO,0.0095,38,32,True,698,22336,15362,491584,0.0054754395969212055
primary,NOG-FO,0.0095,39,32,True,650,20800,15362,491584,0.005151279270648956
primary,NOG-FO,0.0095,40,32,True,650,20800,15362,491584,0.0050801727920770645
primary,NOG-FO,0.0095,41,32,True,626,20032,15362,491584,0.005363438744097948
primary,NOG-FO,0.0095,42,32,True,650,20800,15362,491584,0.005425501614809036
primary,NOG-FO,0.0095,43,32,True,626,20032,15362,491584,0.0063233752734959126
primary,NOG-FO,0.0095,44,32,True,650,20800,15362,491584,0.005614523775875568
primary,NOG-FO,0.0095,45,32,True,602,19264,15362,491584,0.0049708206206560135
primary,NOG-FO,0.0095,46,32,True,626,20032,15362,491584,0.005540818907320499
primary,NOG-FO,0.0095,47,32,True,602,19264,15362,491584,0.004926380235701799
primary,NOG-FO,0.0095,48,32,True,626,20032,15362,491584,0.005595148541033268
primary,NOG-FO,0.0095,49,32,True,674,21568,15362,491584,0.006439909338951111
primary,ME-DOL-FO,0.0095,20,32,True,312,9984,15360,491520,0.007408784702420235
primary,ME-DOL-FO,0.0095,21,32,True,336,10752,15360,491520,0.006780536845326424
primary,ME-DOL-FO,0.0095,22,32,True,288,9216,15360,491520,0.006837442982941866
primary,ME-DOL-FO,0.0095,23,32,True,312,9984,15360,491520,0.007320919074118137
primary,ME-DOL-FO,0.0095,24,32,True,288,9216,15360,491520,0.006922985427081585
primary,ME-DOL-FO,0.0095,25,32,True,312,9984,15360,491520,0.007145357318222523
primary,ME-DOL-FO,0.0095,26,32,True,312,9984,15360,491520,0.007143888622522354
primary,ME-DOL-FO,0.0095,27,32,True,264,8448,15360,491520,0.007710553240031004
primary,ME-DOL-FO,0.0095,28,32,True,264,8448,15360,491520,0.006623066030442715
primary,ME-DOL-FO,0.0095,29,32,True,336,10752,15360,491520,0.008929075673222542
primary,ME-DOL-FO,0.0095,30,32,True,264,8448,15360,491520,0.00878112856298685
primary,ME-DOL-FO,0.0095,31,32,True,288,9216,15360,491520,0.007126675918698311
primary,ME-DOL-FO,0.0095,32,32,True,288,9216,15360,491520,0.007924375124275684
primary,ME-DOL-FO,0.0095,33,32,True,312,9984,15360,491520,0.00745540764182806
primary,ME-DOL-FO,0.0095,34,32,True,312,9984,15360,491520,0.008109373971819878
primary,ME-DOL-FO,0.0095,35,32,True,408,13056,15360,491520,0.008279915899038315
primary,ME-DOL-FO,0.0095,36,32,True,264,8448,15360,491520,0.007424409035593271
primary,ME-DOL-FO,0.0095,37,32,True,288,9216,15360,491520,0.00696494011208415
primary,ME-DOL-FO,0.0095,38,32,True,336,10752,15360,491520,0.008183176629245281
primary,ME-DOL-FO,0.0095,39,32,True,288,9216,15360,491520,0.007814537733793259
primary,ME-DOL-FO,0.0095,40,32,True,264,8448,15360,491520,0.006567697506397963
primary,ME-DOL-FO,0.0095,41,32,True,312,9984,15360,491520,0.007621251046657562
primary,ME-DOL-FO,0.0095,42,32,True,336,10752,15360,491520,0.007578411139547825
primary,ME-DOL-FO,0.0095,43,32,True,264,8448,15360,491520,0.007110272534191608
primary,ME-DOL-FO,0.0095,44,32,True,336,10752,15360,491520,0.007802268024533987
primary,ME-DOL-FO,0.0095,45,32,True,312,9984,15360,491520,0.007773191202431917
primary,ME-DOL-FO,0.0095,46,32,True,264,8448,15360,491520,0.008108350448310375
primary,ME-DOL-FO,0.0095,47,32,True,288,9216,15360,491520,0.007363087963312864
primary,ME-DOL-FO,0.0095,48,32,True,288,9216,15360,491520,0.007276996038854122
primary,ME-DOL-FO,0.0095,49,32,True,312,9984,15360,491520,0.008645471185445786
primary,NOG-FO,0.00925,20,32,True,650,20800,15362,491584,0.005998559296131134
primary,NOG-FO,0.00925,21,32,True,650,20800,15362,491584,0.0046880291774868965
primary,NOG-FO,0.00925,22,32,True,602,19264,15362,491584,0.0057872869074344635
primary,NOG-FO,0.00925,23,32,True,674,21568,15362,491584,0.005244918167591095
primary,NOG-FO,0.00925,24,32,True,626,20032,15362,491584,0.006087501998990774
primary,NOG-FO,0.00925,25,32,True,602,19264,15362,491584,0.00489584356546402
primary,NOG-FO,0.00925,26,32,True,674,21568,15362,491584,0.0059431674890220165
primary,NOG-FO,0.00925,27,32,True,626,20032,15362,491584,0.00491165928542614
primary,NOG-FO,0.00925,28,32,True,626,20032,15362,491584,0.005798894912004471
primary,NOG-FO,0.00925,29,32,True,674,21568,15362,491584,0.005476533900946379
primary,NOG-FO,0.00925,30,32,True,626,20032,15362,491584,0.005004546605050564
primary,NOG-FO,0.00925,31,32,True,674,21568,15362,491584,0.005383715964853764
primary,NOG-FO,0.00925,32,32,True,674,21568,15362,491584,0.005433218088001013
primary,NOG-FO,0.00925,33,32,True,674,21568,15362,491584,0.005673905834555626
primary,NOG-FO,0.00925,34,32,True,650,20800,15362,491584,0.005512638948857784
primary,NOG-FO,0.00925,35,32,True,698,22336,15362,491584,0.005661352537572384
primary,NOG-FO,0.00925,36,32,True,674,21568,15362,491584,0.0055730026215314865
primary,NOG-FO,0.00925,37,32,True,650,20800,15362,491584,0.005038395989686251
primary,NOG-FO,0.00925,38,32,True,698,22336,15362,491584,0.0054754395969212055
primary,NOG-FO,0.00925,39,32,True,650,20800,15362,491584,0.005151279270648956
primary,NOG-FO,0.00925,40,32,True,650,20800,15362,491584,0.0050801727920770645
primary,NOG-FO,0.00925,41,32,True,626,20032,15362,491584,0.005363438744097948
primary,NOG-FO,0.00925,42,32,True,650,20800,15362,491584,0.005425501614809036
primary,NOG-FO,0.00925,43,32,True,626,20032,15362,491584,0.0063233752734959126
primary,NOG-FO,0.00925,44,32,True,650,20800,15362,491584,0.005614523775875568
primary,NOG-FO,0.00925,45,32,True,626,20032,15362,491584,0.0049708206206560135
primary,NOG-FO,0.00925,46,32,True,626,20032,15362,491584,0.005540818907320499
primary,NOG-FO,0.00925,47,32,True,602,19264,15362,491584,0.004926380235701799
primary,NOG-FO,0.00925,48,32,True,626,20032,15362,491584,0.005595148541033268
primary,NOG-FO,0.00925,49,32,True,674,21568,15362,491584,0.006439909338951111
primary,ME-DOL-FO,0.00925,20,32,True,312,9984,15360,491520,0.007408784702420235
primary,ME-DOL-FO,0.00925,21,32,True,360,11520,15360,491520,0.006780536845326424
primary,ME-DOL-FO,0.00925,22,32,True,288,9216,15360,491520,0.006837442982941866
primary,ME-DOL-FO,0.00925,23,32,True,312,9984,15360,491520,0.007320919074118137
primary,ME-DOL-FO,0.00925,24,32,True,288,9216,15360,491520,0.006922985427081585
primary,ME-DOL-FO,0.00925,25,32,True,360,11520,15360,491520,0.007145357318222523
primary,ME-DOL-FO,0.00925,26,32,True,312,9984,15360,491520,0.007143888622522354
primary,ME-DOL-FO,0.00925,27,32,True,264,8448,15360,491520,0.007710553240031004
primary,ME-DOL-FO,0.00925,28,32,True,288,9216,15360,491520,0.006623066030442715
primary,ME-DOL-FO,0.00925,29,32,True,336,10752,15360,491520,0.008929075673222542
primary,ME-DOL-FO,0.00925,30,32,True,264,8448,15360,491520,0.00878112856298685
primary,ME-DOL-FO,0.00925,31,32,True,288,9216,15360,491520,0.007126675918698311
primary,ME-DOL-FO,0.00925,32,32,True,288,9216,15360,491520,0.007924375124275684
primary,ME-DOL-FO,0.00925,33,32,True,312,9984,15360,491520,0.00745540764182806
primary,ME-DOL-FO,0.00925,34,32,True,312,9984,15360,491520,0.008109373971819878
primary,ME-DOL-FO,0.00925,35,32,True,408,13056,15360,491520,0.008279915899038315
primary,ME-DOL-FO,0.00925,36,32,True,264,8448,15360,491520,0.007424409035593271
primary,ME-DOL-FO,0.00925,37,32,True,312,9984,15360,491520,0.00696494011208415
primary,ME-DOL-FO,0.00925,38,32,True,336,10752,15360,491520,0.008183176629245281
primary,ME-DOL-FO,0.00925,39,32,True,288,9216,15360,491520,0.007814537733793259
primary,ME-DOL-FO,0.00925,40,32,True,264,8448,15360,491520,0.006567697506397963
primary,ME-DOL-FO,0.00925,41,32,True,312,9984,15360,491520,0.007621251046657562
primary,ME-DOL-FO,0.00925,42,32,True,336,10752,15360,491520,0.007578411139547825
primary,ME-DOL-FO,0.00925,43,32,True,264,8448,15360,491520,0.007110272534191608
primary,ME-DOL-FO,0.00925,44,32,True,336,10752,15360,491520,0.007802268024533987
primary,ME-DOL-FO,0.00925,45,32,True,312,9984,15360,491520,0.007773191202431917
primary,ME-DOL-FO,0.00925,46,32,True,264,8448,15360,491520,0.008108350448310375
primary,ME-DOL-FO,0.00925,47,32,True,288,9216,15360,491520,0.007363087963312864
primary,ME-DOL-FO,0.00925,48,32,True,288,9216,15360,491520,0.007276996038854122
primary,ME-DOL-FO,0.00925,49,32,True,312,9984,15360,491520,0.008645471185445786
primary,NOG-FO,0.009,20,32,True,650,20800,15362,491584,0.005998559296131134
primary,NOG-FO,0.009,21,32,True,650,20800,15362,491584,0.0046880291774868965
primary,NOG-FO,0.009,22,32,True,626,20032,15362,491584,0.0057872869074344635
primary,NOG-FO,0.009,23,32,True,674,21568,15362,491584,0.005244918167591095
primary,NOG-FO,0.009,24,32,True,626,20032,15362,491584,0.006087501998990774
primary,NOG-FO,0.009,25,32,True,650,20800,15362,491584,0.00489584356546402
primary,NOG-FO,0.009,26,32,True,674,21568,15362,491584,0.0059431674890220165
primary,NOG-FO,0.009,27,32,True,626,20032,15362,491584,0.00491165928542614
primary,NOG-FO,0.009,28,32,True,626,20032,15362,491584,0.005798894912004471
primary,NOG-FO,0.009,29,32,True,674,21568,15362,491584,0.005476533900946379
primary,NOG-FO,0.009,30,32,True,626,20032,15362,491584,0.005004546605050564
primary,NOG-FO,0.009,31,32,True,674,21568,15362,491584,0.005383715964853764
primary,NOG-FO,0.009,32,32,True,698,22336,15362,491584,0.005433218088001013
primary,NOG-FO,0.009,33,32,True,674,21568,15362,491584,0.005673905834555626
primary,NOG-FO,0.009,34,32,True,650,20800,15362,491584,0.005512638948857784
primary,NOG-FO,0.009,35,32,True,698,22336,15362,491584,0.005661352537572384
primary,NOG-FO,0.009,36,32,True,674,21568,15362,491584,0.0055730026215314865
primary,NOG-FO,0.009,37,32,True,650,20800,15362,491584,0.005038395989686251
primary,NOG-FO,0.009,38,32,True,698,22336,15362,491584,0.0054754395969212055
primary,NOG-FO,0.009,39,32,True,650,20800,15362,491584,0.005151279270648956
primary,NOG-FO,0.009,40,32,True,650,20800,15362,491584,0.0050801727920770645
primary,NOG-FO,0.009,41,32,True,626,20032,15362,491584,0.005363438744097948
primary,NOG-FO,0.009,42,32,True,650,20800,15362,491584,0.005425501614809036
primary,NOG-FO,0.009,43,32,True,626,20032,15362,491584,0.0063233752734959126
primary,NOG-FO,0.009,44,32,True,650,20800,15362,491584,0.005614523775875568
primary,NOG-FO,0.009,45,32,True,626,20032,15362,491584,0.0049708206206560135
primary,NOG-FO,0.009,46,32,True,626,20032,15362,491584,0.005540818907320499
primary,NOG-FO,0.009,47,32,True,602,19264,15362,491584,0.004926380235701799
primary,NOG-FO,0.009,48,32,True,626,20032,15362,491584,0.005595148541033268
primary,NOG-FO,0.009,49,32,True,674,21568,15362,491584,0.006439909338951111
primary,ME-DOL-FO,0.009,20,32,True,312,9984,15360,491520,0.007408784702420235
primary,ME-DOL-FO,0.009,21,32,True,360,11520,15360,491520,0.006780536845326424
primary,ME-DOL-FO,0.009,22,32,True,288,9216,15360,491520,0.006837442982941866
primary,ME-DOL-FO,0.009,23,32,True,360,11520,15360,491520,0.007320919074118137
primary,ME-DOL-FO,0.009,24,32,True,312,9984,15360,491520,0.006922985427081585
primary,ME-DOL-FO,0.009,25,32,True,360,11520,15360,491520,0.007145357318222523
primary,ME-DOL-FO,0.009,26,32,True,360,11520,15360,491520,0.007143888622522354
primary,ME-DOL-FO,0.009,27,32,True,288,9216,15360,491520,0.007710553240031004
primary,ME-DOL-FO,0.009,28,32,True,288,9216,15360,491520,0.006623066030442715
primary,ME-DOL-FO,0.009,29,32,True,360,11520,15360,491520,0.008929075673222542
primary,ME-DOL-FO,0.009,30,32,True,288,9216,15360,491520,0.00878112856298685
primary,ME-DOL-FO,0.009,31,32,True,288,9216,15360,491520,0.007126675918698311
primary,ME-DOL-FO,0.009,32,32,True,288,9216,15360,491520,0.007924375124275684
primary,ME-DOL-FO,0.009,33,32,True,312,9984,15360,491520,0.00745540764182806
primary,ME-DOL-FO,0.009,34,32,True,312,9984,15360,491520,0.008109373971819878
primary,ME-DOL-FO,0.009,35,32,True,408,13056,15360,491520,0.008279915899038315
primary,ME-DOL-FO,0.009,36,32,True,264,8448,15360,491520,0.007424409035593271
primary,ME-DOL-FO,0.009,37,32,True,312,9984,15360,491520,0.00696494011208415
primary,ME-DOL-FO,0.009,38,32,True,360,11520,15360,491520,0.008183176629245281
primary,ME-DOL-FO,0.009,39,32,True,288,9216,15360,491520,0.007814537733793259
primary,ME-DOL-FO,0.009,40,32,True,264,8448,15360,491520,0.006567697506397963
primary,ME-DOL-FO,0.009,41,32,True,312,9984,15360,491520,0.007621251046657562
primary,ME-DOL-FO,0.009,42,32,True,336,10752,15360,491520,0.007578411139547825
primary,ME-DOL-FO,0.009,43,32,True,288,9216,15360,491520,0.007110272534191608
primary,ME-DOL-FO,0.009,44,32,True,336,10752,15360,491520,0.007802268024533987
primary,ME-DOL-FO,0.009,45,32,True,312,9984,15360,491520,0.007773191202431917
primary,ME-DOL-FO,0.009,46,32,True,264,8448,15360,491520,0.008108350448310375
primary,ME-DOL-FO,0.009,47,32,True,288,9216,15360,491520,0.007363087963312864
primary,ME-DOL-FO,0.009,48,32,True,288,9216,15360,491520,0.007276996038854122
primary,ME-DOL-FO,0.009,49,32,True,312,9984,15360,491520,0.008645471185445786
primary,NOG-FO,0.00875,20,32,True,650,20800,15362,491584,0.005998559296131134
primary,NOG-FO,0.00875,21,32,True,650,20800,15362,491584,0.0046880291774868965
primary,NOG-FO,0.00875,22,32,True,626,20032,15362,491584,0.0057872869074344635
primary,NOG-FO,0.00875,23,32,True,722,23104,15362,491584,0.005244918167591095
primary,NOG-FO,0.00875,24,32,True,626,20032,15362,491584,0.006087501998990774
primary,NOG-FO,0.00875,25,32,True,650,20800,15362,491584,0.00489584356546402
primary,NOG-FO,0.00875,26,32,True,674,21568,15362,491584,0.0059431674890220165
primary,NOG-FO,0.00875,27,32,True,626,20032,15362,491584,0.00491165928542614
primary,NOG-FO,0.00875,28,32,True,626,20032,15362,491584,0.005798894912004471
primary,NOG-FO,0.00875,29,32,True,674,21568,15362,491584,0.005476533900946379
primary,NOG-FO,0.00875,30,32,True,626,20032,15362,491584,0.005004546605050564
primary,NOG-FO,0.00875,31,32,True,674,21568,15362,491584,0.005383715964853764
primary,NOG-FO,0.00875,32,32,True,698,22336,15362,491584,0.005433218088001013
primary,NOG-FO,0.00875,33,32,True,698,22336,15362,491584,0.005673905834555626
primary,NOG-FO,0.00875,34,32,True,650,20800,15362,491584,0.005512638948857784
primary,NOG-FO,0.00875,35,32,True,722,23104,15362,491584,0.005661352537572384
primary,NOG-FO,0.00875,36,32,True,698,22336,15362,491584,0.0055730026215314865
primary,NOG-FO,0.00875,37,32,True,674,21568,15362,491584,0.005038395989686251
primary,NOG-FO,0.00875,38,32,True,698,22336,15362,491584,0.0054754395969212055
primary,NOG-FO,0.00875,39,32,True,650,20800,15362,491584,0.005151279270648956
primary,NOG-FO,0.00875,40,32,True,650,20800,15362,491584,0.0050801727920770645
primary,NOG-FO,0.00875,41,32,True,626,20032,15362,491584,0.005363438744097948
primary,NOG-FO,0.00875,42,32,True,674,21568,15362,491584,0.005425501614809036
primary,NOG-FO,0.00875,43,32,True,626,20032,15362,491584,0.0063233752734959126
primary,NOG-FO,0.00875,44,32,True,650,20800,15362,491584,0.005614523775875568
primary,NOG-FO,0.00875,45,32,True,626,20032,15362,491584,0.0049708206206560135
primary,NOG-FO,0.00875,46,32,True,650,20800,15362,491584,0.005540818907320499
primary,NOG-FO,0.00875,47,32,True,626,20032,15362,491584,0.004926380235701799
primary,NOG-FO,0.00875,48,32,True,626,20032,15362,491584,0.005595148541033268
primary,NOG-FO,0.00875,49,32,True,674,21568,15362,491584,0.006439909338951111
primary,ME-DOL-FO,0.00875,20,32,True,312,9984,15360,491520,0.007408784702420235
primary,ME-DOL-FO,0.00875,21,32,True,360,11520,15360,491520,0.006780536845326424
primary,ME-DOL-FO,0.00875,22,32,True,288,9216,15360,491520,0.006837442982941866
primary,ME-DOL-FO,0.00875,23,32,True,384,12288,15360,491520,0.007320919074118137
primary,ME-DOL-FO,0.00875,24,32,True,312,9984,15360,491520,0.006922985427081585
primary,ME-DOL-FO,0.00875,25,32,True,360,11520,15360,491520,0.007145357318222523
primary,ME-DOL-FO,0.00875,26,32,True,360,11520,15360,491520,0.007143888622522354
primary,ME-DOL-FO,0.00875,27,32,True,288,9216,15360,491520,0.007710553240031004
primary,ME-DOL-FO,0.00875,28,32,True,312,9984,15360,491520,0.006623066030442715
primary,ME-DOL-FO,0.00875,29,32,True,384,12288,15360,491520,0.008929075673222542
primary,ME-DOL-FO,0.00875,30,32,True,360,11520,15360,491520,0.00878112856298685
primary,ME-DOL-FO,0.00875,31,32,True,288,9216,15360,491520,0.007126675918698311
primary,ME-DOL-FO,0.00875,32,32,True,312,9984,15360,491520,0.007924375124275684
primary,ME-DOL-FO,0.00875,33,32,True,336,10752,15360,491520,0.00745540764182806
primary,ME-DOL-FO,0.00875,34,32,True,312,9984,15360,491520,0.008109373971819878
primary,ME-DOL-FO,0.00875,35,32,True,408,13056,15360,491520,0.008279915899038315
primary,ME-DOL-FO,0.00875,36,32,True,264,8448,15360,491520,0.007424409035593271
primary,ME-DOL-FO,0.00875,37,32,True,312,9984,15360,491520,0.00696494011208415
primary,ME-DOL-FO,0.00875,38,32,True,360,11520,15360,491520,0.008183176629245281
primary,ME-DOL-FO,0.00875,39,32,True,336,10752,15360,491520,0.007814537733793259
primary,ME-DOL-FO,0.00875,40,32,True,264,8448,15360,491520,0.006567697506397963
primary,ME-DOL-FO,0.00875,41,32,True,312,9984,15360,491520,0.007621251046657562
primary,ME-DOL-FO,0.00875,42,32,True,336,10752,15360,491520,0.007578411139547825
primary,ME-DOL-FO,0.00875,43,32,True,288,9216,15360,491520,0.007110272534191608
primary,ME-DOL-FO,0.00875,44,32,True,336,10752,15360,491520,0.007802268024533987
primary,ME-DOL-FO,0.00875,45,32,True,336,10752,15360,491520,0.007773191202431917
primary,ME-DOL-FO,0.00875,46,32,True,264,8448,15360,491520,0.008108350448310375
primary,ME-DOL-FO,0.00875,47,32,True,312,9984,15360,491520,0.007363087963312864
primary,ME-DOL-FO,0.00875,48,32,True,288,9216,15360,491520,0.007276996038854122
primary,ME-DOL-FO,0.00875,49,32,True,336,10752,15360,491520,0.008645471185445786
primary,NOG-FO,0.0085,20,32,True,650,20800,15362,491584,0.005998559296131134
primary,NOG-FO,0.0085,21,32,True,674,21568,15362,491584,0.0046880291774868965
primary,NOG-FO,0.0085,22,32,True,626,20032,15362,491584,0.0057872869074344635
primary,NOG-FO,0.0085,23,32,True,722,23104,15362,491584,0.005244918167591095
primary,NOG-FO,0.0085,24,32,True,626,20032,15362,491584,0.006087501998990774
primary,NOG-FO,0.0085,25,32,True,650,20800,15362,491584,0.00489584356546402
primary,NOG-FO,0.0085,26,32,True,674,21568,15362,491584,0.0059431674890220165
primary,NOG-FO,0.0085,27,32,True,674,21568,15362,491584,0.00491165928542614
primary,NOG-FO,0.0085,28,32,True,626,20032,15362,491584,0.005798894912004471
primary,NOG-FO,0.0085,29,32,True,674,21568,15362,491584,0.005476533900946379
primary,NOG-FO,0.0085,30,32,True,626,20032,15362,491584,0.005004546605050564
primary,NOG-FO,0.0085,31,32,True,674,21568,15362,491584,0.005383715964853764
primary,NOG-FO,0.0085,32,32,True,698,22336,15362,491584,0.005433218088001013
primary,NOG-FO,0.0085,33,32,True,698,22336,15362,491584,0.005673905834555626
primary,NOG-FO,0.0085,34,32,True,674,21568,15362,491584,0.005512638948857784
primary,NOG-FO,0.0085,35,32,True,722,23104,15362,491584,0.005661352537572384
primary,NOG-FO,0.0085,36,32,True,698,22336,15362,491584,0.0055730026215314865
primary,NOG-FO,0.0085,37,32,True,674,21568,15362,491584,0.005038395989686251
primary,NOG-FO,0.0085,38,32,True,698,22336,15362,491584,0.0054754395969212055
primary,NOG-FO,0.0085,39,32,True,650,20800,15362,491584,0.005151279270648956
primary,NOG-FO,0.0085,40,32,True,674,21568,15362,491584,0.0050801727920770645
primary,NOG-FO,0.0085,41,32,True,626,20032,15362,491584,0.005363438744097948
primary,NOG-FO,0.0085,42,32,True,674,21568,15362,491584,0.005425501614809036
primary,NOG-FO,0.0085,43,32,True,626,20032,15362,491584,0.0063233752734959126
primary,NOG-FO,0.0085,44,32,True,674,21568,15362,491584,0.005614523775875568
primary,NOG-FO,0.0085,45,32,True,626,20032,15362,491584,0.0049708206206560135
primary,NOG-FO,0.0085,46,32,True,650,20800,15362,491584,0.005540818907320499
primary,NOG-FO,0.0085,47,32,True,650,20800,15362,491584,0.004926380235701799
primary,NOG-FO,0.0085,48,32,True,674,21568,15362,491584,0.005595148541033268
primary,NOG-FO,0.0085,49,32,True,674,21568,15362,491584,0.006439909338951111
primary,ME-DOL-FO,0.0085,20,32,True,312,9984,15360,491520,0.007408784702420235
primary,ME-DOL-FO,0.0085,21,32,True,432,13824,15360,491520,0.006780536845326424
primary,ME-DOL-FO,0.0085,22,32,True,288,9216,15360,491520,0.006837442982941866
primary,ME-DOL-FO,0.0085,23,32,True,408,13056,15360,491520,0.007320919074118137
primary,ME-DOL-FO,0.0085,24,32,True,312,9984,15360,491520,0.006922985427081585
primary,ME-DOL-FO,0.0085,25,32,True,384,12288,15360,491520,0.007145357318222523
primary,ME-DOL-FO,0.0085,26,32,True,360,11520,15360,491520,0.007143888622522354
primary,ME-DOL-FO,0.0085,27,32,True,288,9216,15360,491520,0.007710553240031004
primary,ME-DOL-FO,0.0085,28,32,True,360,11520,15360,491520,0.006623066030442715
primary,ME-DOL-FO,0.0085,29,32,True,384,12288,15360,491520,0.008929075673222542
primary,ME-DOL-FO,0.0085,30,32,True,360,11520,15360,491520,0.00878112856298685
primary,ME-DOL-FO,0.0085,31,32,True,288,9216,15360,491520,0.007126675918698311
primary,ME-DOL-FO,0.0085,32,32,True,312,9984,15360,491520,0.007924375124275684
primary,ME-DOL-FO,0.0085,33,32,True,336,10752,15360,491520,0.00745540764182806
primary,ME-DOL-FO,0.0085,34,32,True,360,11520,15360,491520,0.008109373971819878
primary,ME-DOL-FO,0.0085,35,32,True,408,13056,15360,491520,0.008279915899038315
primary,ME-DOL-FO,0.0085,36,32,True,288,9216,15360,491520,0.007424409035593271
primary,ME-DOL-FO,0.0085,37,32,True,312,9984,15360,491520,0.00696494011208415
primary,ME-DOL-FO,0.0085,38,32,True,384,12288,15360,491520,0.008183176629245281
primary,ME-DOL-FO,0.0085,39,32,True,384,12288,15360,491520,0.007814537733793259
primary,ME-DOL-FO,0.0085,40,32,True,264,8448,15360,491520,0.006567697506397963
primary,ME-DOL-FO,0.0085,41,32,True,312,9984,15360,491520,0.007621251046657562
primary,ME-DOL-FO,0.0085,42,32,True,336,10752,15360,491520,0.007578411139547825
primary,ME-DOL-FO,0.0085,43,32,True,312,9984,15360,491520,0.007110272534191608
primary,ME-DOL-FO,0.0085,44,32,True,384,12288,15360,491520,0.007802268024533987
primary,ME-DOL-FO,0.0085,45,32,True,336,10752,15360,491520,0.007773191202431917
primary,ME-DOL-FO,0.0085,46,32,True,288,9216,15360,491520,0.008108350448310375
primary,ME-DOL-FO,0.0085,47,32,True,312,9984,15360,491520,0.007363087963312864
primary,ME-DOL-FO,0.0085,48,32,True,288,9216,15360,491520,0.007276996038854122
primary,ME-DOL-FO,0.0085,49,32,True,336,10752,15360,491520,0.008645471185445786
primary,NOG-FO,0.00825,20,32,True,674,21568,15362,491584,0.005998559296131134
primary,NOG-FO,0.00825,21,32,True,698,22336,15362,491584,0.0046880291774868965
primary,NOG-FO,0.00825,22,32,True,626,20032,15362,491584,0.0057872869074344635
primary,NOG-FO,0.00825,23,32,True,722,23104,15362,491584,0.005244918167591095
primary,NOG-FO,0.00825,24,32,True,626,20032,15362,491584,0.006087501998990774
primary,NOG-FO,0.00825,25,32,True,650,20800,15362,491584,0.00489584356546402
primary,NOG-FO,0.00825,26,32,True,698,22336,15362,491584,0.0059431674890220165
primary,NOG-FO,0.00825,27,32,True,674,21568,15362,491584,0.00491165928542614
primary,NOG-FO,0.00825,28,32,True,626,20032,15362,491584,0.005798894912004471
primary,NOG-FO,0.00825,29,32,True,674,21568,15362,491584,0.005476533900946379
primary,NOG-FO,0.00825,30,32,True,650,20800,15362,491584,0.005004546605050564
primary,NOG-FO,0.00825,31,32,True,674,21568,15362,491584,0.005383715964853764
primary,NOG-FO,0.00825,32,32,True,698,22336,15362,491584,0.005433218088001013
primary,NOG-FO,0.00825,33,32,True,746,23872,15362,491584,0.005673905834555626
primary,NOG-FO,0.00825,34,32,True,674,21568,15362,491584,0.005512638948857784
primary,NOG-FO,0.00825,35,32,True,722,23104,15362,491584,0.005661352537572384
primary,NOG-FO,0.00825,36,32,True,698,22336,15362,491584,0.0055730026215314865
primary,NOG-FO,0.00825,37,32,True,674,21568,15362,491584,0.005038395989686251
primary,NOG-FO,0.00825,38,32,True,698,22336,15362,491584,0.0054754395969212055
primary,NOG-FO,0.00825,39,32,True,650,20800,15362,491584,0.005151279270648956
primary,NOG-FO,0.00825,40,32,True,674,21568,15362,491584,0.0050801727920770645
primary,NOG-FO,0.00825,41,32,True,626,20032,15362,491584,0.005363438744097948
primary,NOG-FO,0.00825,42,32,True,674,21568,15362,491584,0.005425501614809036
primary,NOG-FO,0.00825,43,32,True,626,20032,15362,491584,0.0063233752734959126
primary,NOG-FO,0.00825,44,32,True,674,21568,15362,491584,0.005614523775875568
primary,NOG-FO,0.00825,45,32,True,626,20032,15362,491584,0.0049708206206560135
primary,NOG-FO,0.00825,46,32,True,650,20800,15362,491584,0.005540818907320499
primary,NOG-FO,0.00825,47,32,True,650,20800,15362,491584,0.004926380235701799
primary,NOG-FO,0.00825,48,32,True,674,21568,15362,491584,0.005595148541033268
primary,NOG-FO,0.00825,49,32,True,698,22336,15362,491584,0.006439909338951111
primary,ME-DOL-FO,0.00825,20,32,True,312,9984,15360,491520,0.007408784702420235
primary,ME-DOL-FO,0.00825,21,32,True,432,13824,15360,491520,0.006780536845326424
primary,ME-DOL-FO,0.00825,22,32,True,384,12288,15360,491520,0.006837442982941866
primary,ME-DOL-FO,0.00825,23,32,True,408,13056,15360,491520,0.007320919074118137
primary,ME-DOL-FO,0.00825,24,32,True,384,12288,15360,491520,0.006922985427081585
primary,ME-DOL-FO,0.00825,25,32,True,528,16896,15360,491520,0.007145357318222523
primary,ME-DOL-FO,0.00825,26,32,True,360,11520,15360,491520,0.007143888622522354
primary,ME-DOL-FO,0.00825,27,32,True,288,9216,15360,491520,0.007710553240031004
primary,ME-DOL-FO,0.00825,28,32,True,384,12288,15360,491520,0.006623066030442715
primary,ME-DOL-FO,0.00825,29,32,True,384,12288,15360,491520,0.008929075673222542
primary,ME-DOL-FO,0.00825,30,32,True,384,12288,15360,491520,0.00878112856298685
primary,ME-DOL-FO,0.00825,31,32,True,384,12288,15360,491520,0.007126675918698311
primary,ME-DOL-FO,0.00825,32,32,True,312,9984,15360,491520,0.007924375124275684
primary,ME-DOL-FO,0.00825,33,32,True,336,10752,15360,491520,0.00745540764182806
primary,ME-DOL-FO,0.00825,34,32,True,360,11520,15360,491520,0.008109373971819878
primary,ME-DOL-FO,0.00825,35,32,True,408,13056,15360,491520,0.008279915899038315
primary,ME-DOL-FO,0.00825,36,32,True,288,9216,15360,491520,0.007424409035593271
primary,ME-DOL-FO,0.00825,37,32,True,312,9984,15360,491520,0.00696494011208415
primary,ME-DOL-FO,0.00825,38,32,True,384,12288,15360,491520,0.008183176629245281
primary,ME-DOL-FO,0.00825,39,32,True,384,12288,15360,491520,0.007814537733793259
primary,ME-DOL-FO,0.00825,40,32,True,264,8448,15360,491520,0.006567697506397963
primary,ME-DOL-FO,0.00825,41,32,True,408,13056,15360,491520,0.007621251046657562
primary,ME-DOL-FO,0.00825,42,32,True,360,11520,15360,491520,0.007578411139547825
primary,ME-DOL-FO,0.00825,43,32,True,312,9984,15360,491520,0.007110272534191608
primary,ME-DOL-FO,0.00825,44,32,True,384,12288,15360,491520,0.007802268024533987
primary,ME-DOL-FO,0.00825,45,32,True,336,10752,15360,491520,0.007773191202431917
primary,ME-DOL-FO,0.00825,46,32,True,288,9216,15360,491520,0.008108350448310375
primary,ME-DOL-FO,0.00825,47,32,True,312,9984,15360,491520,0.007363087963312864
primary,ME-DOL-FO,0.00825,48,32,True,312,9984,15360,491520,0.007276996038854122
primary,ME-DOL-FO,0.00825,49,32,True,360,11520,15360,491520,0.008645471185445786
primary,NOG-FO,0.008,20,32,True,674,21568,15362,491584,0.005998559296131134
primary,NOG-FO,0.008,21,32,True,698,22336,15362,491584,0.0046880291774868965
primary,NOG-FO,0.008,22,32,True,650,20800,15362,491584,0.0057872869074344635
primary,NOG-FO,0.008,23,32,True,746,23872,15362,491584,0.005244918167591095
primary,NOG-FO,0.008,24,32,True,650,20800,15362,491584,0.006087501998990774
primary,NOG-FO,0.008,25,32,True,650,20800,15362,491584,0.00489584356546402
primary,NOG-FO,0.008,26,32,True,698,22336,15362,491584,0.0059431674890220165
primary,NOG-FO,0.008,27,32,True,674,21568,15362,491584,0.00491165928542614
primary,NOG-FO,0.008,28,32,True,626,20032,15362,491584,0.005798894912004471
primary,NOG-FO,0.008,29,32,True,674,21568,15362,491584,0.005476533900946379
primary,NOG-FO,0.008,30,32,True,650,20800,15362,491584,0.005004546605050564
primary,NOG-FO,0.008,31,32,True,674,21568,15362,491584,0.005383715964853764
primary,NOG-FO,0.008,32,32,True,698,22336,15362,491584,0.005433218088001013
primary,NOG-FO,0.008,33,32,True,746,23872,15362,491584,0.005673905834555626
primary,NOG-FO,0.008,34,32,True,674,21568,15362,491584,0.005512638948857784
primary,NOG-FO,0.008,35,32,True,794,25408,15362,491584,0.005661352537572384
primary,NOG-FO,0.008,36,32,True,698,22336,15362,491584,0.0055730026215314865
primary,NOG-FO,0.008,37,32,True,674,21568,15362,491584,0.005038395989686251
primary,NOG-FO,0.008,38,32,True,698,22336,15362,491584,0.0054754395969212055
primary,NOG-FO,0.008,39,32,True,674,21568,15362,491584,0.005151279270648956
primary,NOG-FO,0.008,40,32,True,674,21568,15362,491584,0.0050801727920770645
primary,NOG-FO,0.008,41,32,True,626,20032,15362,491584,0.005363438744097948
primary,NOG-FO,0.008,42,32,True,698,22336,15362,491584,0.005425501614809036
primary,NOG-FO,0.008,43,32,True,650,20800,15362,491584,0.0063233752734959126
primary,NOG-FO,0.008,44,32,True,698,22336,15362,491584,0.005614523775875568
primary,NOG-FO,0.008,45,32,True,650,20800,15362,491584,0.0049708206206560135
primary,NOG-FO,0.008,46,32,True,650,20800,15362,491584,0.005540818907320499
primary,NOG-FO,0.008,47,32,True,650,20800,15362,491584,0.004926380235701799
primary,NOG-FO,0.008,48,32,True,674,21568,15362,491584,0.005595148541033268
primary,NOG-FO,0.008,49,32,True,746,23872,15362,491584,0.006439909338951111
primary,ME-DOL-FO,0.008,20,32,True,336,10752,15360,491520,0.007408784702420235
primary,ME-DOL-FO,0.008,21,32,True,504,16128,15360,491520,0.006780536845326424
primary,ME-DOL-FO,0.008,22,32,True,384,12288,15360,491520,0.006837442982941866
primary,ME-DOL-FO,0.008,23,32,True,432,13824,15360,491520,0.007320919074118137
primary,ME-DOL-FO,0.008,24,32,True,384,12288,15360,491520,0.006922985427081585
primary,ME-DOL-FO,0.008,25,32,True,528,16896,15360,491520,0.007145357318222523
primary,ME-DOL-FO,0.008,26,32,True,360,11520,15360,491520,0.007143888622522354
primary,ME-DOL-FO,0.008,27,32,True,288,9216,15360,491520,0.007710553240031004
primary,ME-DOL-FO,0.008,28,32,True,408,13056,15360,491520,0.006623066030442715
primary,ME-DOL-FO,0.008,29,32,True,384,12288,15360,491520,0.008929075673222542
primary,ME-DOL-FO,0.008,30,32,True,408,13056,15360,491520,0.00878112856298685
primary,ME-DOL-FO,0.008,31,32,True,384,12288,15360,491520,0.007126675918698311
primary,ME-DOL-FO,0.008,32,32,True,312,9984,15360,491520,0.007924375124275684
primary,ME-DOL-FO,0.008,33,32,True,480,15360,15360,491520,0.00745540764182806
primary,ME-DOL-FO,0.008,34,32,True,360,11520,15360,491520,0.008109373971819878
primary,ME-DOL-FO,0.008,35,32,True,408,13056,15360,491520,0.008279915899038315
primary,ME-DOL-FO,0.008,36,32,True,312,9984,15360,491520,0.007424409035593271
primary,ME-DOL-FO,0.008,37,32,True,312,9984,15360,491520,0.00696494011208415
primary,ME-DOL-FO,0.008,38,32,True,456,14592,15360,491520,0.008183176629245281
primary,ME-DOL-FO,0.008,39,32,True,384,12288,15360,491520,0.007814537733793259
primary,ME-DOL-FO,0.008,40,32,True,264,8448,15360,491520,0.006567697506397963
primary,ME-DOL-FO,0.008,41,32,True,408,13056,15360,491520,0.007621251046657562
primary,ME-DOL-FO,0.008,42,32,True,360,11520,15360,491520,0.007578411139547825
primary,ME-DOL-FO,0.008,43,32,True,312,9984,15360,491520,0.007110272534191608
primary,ME-DOL-FO,0.008,44,32,True,384,12288,15360,491520,0.007802268024533987
primary,ME-DOL-FO,0.008,45,32,True,600,19200,15360,491520,0.007773191202431917
primary,ME-DOL-FO,0.008,46,32,True,312,9984,15360,491520,0.008108350448310375
primary,ME-DOL-FO,0.008,47,32,True,480,15360,15360,491520,0.007363087963312864
primary,ME-DOL-FO,0.008,48,32,True,336,10752,15360,491520,0.007276996038854122
primary,ME-DOL-FO,0.008,49,32,True,384,12288,15360,491520,0.008645471185445786
primary,NOG-FO,0.00775,20,32,True,674,21568,15362,491584,0.005998559296131134
primary,NOG-FO,0.00775,21,32,True,698,22336,15362,491584,0.0046880291774868965
primary,NOG-FO,0.00775,22,32,True,650,20800,15362,491584,0.0057872869074344635
primary,NOG-FO,0.00775,23,32,True,746,23872,15362,491584,0.005244918167591095
primary,NOG-FO,0.00775,24,32,True,698,22336,15362,491584,0.006087501998990774
primary,NOG-FO,0.00775,25,32,True,650,20800,15362,491584,0.00489584356546402
primary,NOG-FO,0.00775,26,32,True,698,22336,15362,491584,0.0059431674890220165
primary,NOG-FO,0.00775,27,32,True,698,22336,15362,491584,0.00491165928542614
primary,NOG-FO,0.00775,28,32,True,626,20032,15362,491584,0.005798894912004471
primary,NOG-FO,0.00775,29,32,True,674,21568,15362,491584,0.005476533900946379
primary,NOG-FO,0.00775,30,32,True,674,21568,15362,491584,0.005004546605050564
primary,NOG-FO,0.00775,31,32,True,698,22336,15362,491584,0.005383715964853764
primary,NOG-FO,0.00775,32,32,True,722,23104,15362,491584,0.005433218088001013
primary,NOG-FO,0.00775,33,32,True,746,23872,15362,491584,0.005673905834555626
primary,NOG-FO,0.00775,34,32,True,674,21568,15362,491584,0.005512638948857784
primary,NOG-FO,0.00775,35,32,True,818,26176,15362,491584,0.005661352537572384
primary,NOG-FO,0.00775,36,32,True,698,22336,15362,491584,0.0055730026215314865
primary,NOG-FO,0.00775,37,32,True,674,21568,15362,491584,0.005038395989686251
primary,NOG-FO,0.00775,38,32,True,698,22336,15362,491584,0.0054754395969212055
primary,NOG-FO,0.00775,39,32,True,746,23872,15362,491584,0.005151279270648956
primary,NOG-FO,0.00775,40,32,True,674,21568,15362,491584,0.0050801727920770645
primary,NOG-FO,0.00775,41,32,True,650,20800,15362,491584,0.005363438744097948
primary,NOG-FO,0.00775,42,32,True,698,22336,15362,491584,0.005425501614809036
primary,NOG-FO,0.00775,43,32,True,650,20800,15362,491584,0.0063233752734959126
primary,NOG-FO,0.00775,44,32,True,698,22336,15362,491584,0.005614523775875568
primary,NOG-FO,0.00775,45,32,True,674,21568,15362,491584,0.0049708206206560135
primary,NOG-FO,0.00775,46,32,True,650,20800,15362,491584,0.005540818907320499
primary,NOG-FO,0.00775,47,32,True,650,20800,15362,491584,0.004926380235701799
primary,NOG-FO,0.00775,48,32,True,674,21568,15362,491584,0.005595148541033268
primary,NOG-FO,0.00775,49,32,True,746,23872,15362,491584,0.006439909338951111
primary,ME-DOL-FO,0.00775,20,32,True,336,10752,15360,491520,0.007408784702420235
primary,ME-DOL-FO,0.00775,21,32,True,504,16128,15360,491520,0.006780536845326424
primary,ME-DOL-FO,0.00775,22,32,True,384,12288,15360,491520,0.006837442982941866
primary,ME-DOL-FO,0.00775,23,32,True,456,14592,15360,491520,0.007320919074118137
primary,ME-DOL-FO,0.00775,24,32,True,384,12288,15360,491520,0.006922985427081585
primary,ME-DOL-FO,0.00775,25,32,True,528,16896,15360,491520,0.007145357318222523
primary,ME-DOL-FO,0.00775,26,32,True,432,13824,15360,491520,0.007143888622522354
primary,ME-DOL-FO,0.00775,27,32,True,288,9216,15360,491520,0.007710553240031004
primary,ME-DOL-FO,0.00775,28,32,True,432,13824,15360,491520,0.006623066030442715
primary,ME-DOL-FO,0.00775,29,32,True,408,13056,15360,491520,0.008929075673222542
primary,ME-DOL-FO,0.00775,30,32,True,408,13056,15360,491520,0.00878112856298685
primary,ME-DOL-FO,0.00775,31,32,True,384,12288,15360,491520,0.007126675918698311
primary,ME-DOL-FO,0.00775,32,32,True,552,17664,15360,491520,0.007924375124275684
primary,ME-DOL-FO,0.00775,33,32,True,528,16896,15360,491520,0.00745540764182806
primary,ME-DOL-FO,0.00775,34,32,True,360,11520,15360,491520,0.008109373971819878
primary,ME-DOL-FO,0.00775,35,32,True,624,19968,15360,491520,0.008279915899038315
primary,ME-DOL-FO,0.00775,36,32,True,336,10752,15360,491520,0.007424409035593271
primary,ME-DOL-FO,0.00775,37,32,True,360,11520,15360,491520,0.00696494011208415
primary,ME-DOL-FO,0.00775,38,32,True,456,14592,15360,491520,0.008183176629245281
primary,ME-DOL-FO,0.00775,39,32,True,384,12288,15360,491520,0.007814537733793259
primary,ME-DOL-FO,0.00775,40,32,True,264,8448,15360,491520,0.006567697506397963
primary,ME-DOL-FO,0.00775,41,32,True,456,14592,15360,491520,0.007621251046657562
primary,ME-DOL-FO,0.00775,42,32,True,360,11520,15360,491520,0.007578411139547825
primary,ME-DOL-FO,0.00775,43,32,True,360,11520,15360,491520,0.007110272534191608
primary,ME-DOL-FO,0.00775,44,32,True,384,12288,15360,491520,0.007802268024533987
primary,ME-DOL-FO,0.00775,45,32,True,648,20736,15360,491520,0.007773191202431917
primary,ME-DOL-FO,0.00775,46,32,True,312,9984,15360,491520,0.008108350448310375
primary,ME-DOL-FO,0.00775,47,32,True,552,17664,15360,491520,0.007363087963312864
primary,ME-DOL-FO,0.00775,48,32,True,336,10752,15360,491520,0.007276996038854122
primary,ME-DOL-FO,0.00775,49,32,True,384,12288,15360,491520,0.008645471185445786
primary,NOG-FO,0.0075,20,32,True,674,21568,15362,491584,0.005998559296131134
primary,NOG-FO,0.0075,21,32,True,722,23104,15362,491584,0.0046880291774868965
primary,NOG-FO,0.0075,22,32,True,650,20800,15362,491584,0.0057872869074344635
primary,NOG-FO,0.0075,23,32,True,770,24640,15362,491584,0.005244918167591095
primary,NOG-FO,0.0075,24,32,True,722,23104,15362,491584,0.006087501998990774
primary,NOG-FO,0.0075,25,32,True,650,20800,15362,491584,0.00489584356546402
primary,NOG-FO,0.0075,26,32,True,698,22336,15362,491584,0.0059431674890220165
primary,NOG-FO,0.0075,27,32,True,698,22336,15362,491584,0.00491165928542614
primary,NOG-FO,0.0075,28,32,True,674,21568,15362,491584,0.005798894912004471
primary,NOG-FO,0.0075,29,32,True,698,22336,15362,491584,0.005476533900946379
primary,NOG-FO,0.0075,30,32,True,674,21568,15362,491584,0.005004546605050564
primary,NOG-FO,0.0075,31,32,True,698,22336,15362,491584,0.005383715964853764
primary,NOG-FO,0.0075,32,32,True,722,23104,15362,491584,0.005433218088001013
primary,NOG-FO,0.0075,33,32,True,746,23872,15362,491584,0.005673905834555626
primary,NOG-FO,0.0075,34,32,True,698,22336,15362,491584,0.005512638948857784
primary,NOG-FO,0.0075,35,32,True,842,26944,15362,491584,0.005661352537572384
primary,NOG-FO,0.0075,36,32,True,698,22336,15362,491584,0.0055730026215314865
primary,NOG-FO,0.0075,37,32,True,698,22336,15362,491584,0.005038395989686251
primary,NOG-FO,0.0075,38,32,True,722,23104,15362,491584,0.0054754395969212055
primary,NOG-FO,0.0075,39,32,True,746,23872,15362,491584,0.005151279270648956
primary,NOG-FO,0.0075,40,32,True,746,23872,15362,491584,0.0050801727920770645
primary,NOG-FO,0.0075,41,32,True,698,22336,15362,491584,0.005363438744097948
primary,NOG-FO,0.0075,42,32,True,698,22336,15362,491584,0.005425501614809036
primary,NOG-FO,0.0075,43,32,True,650,20800,15362,491584,0.0063233752734959126
primary,NOG-FO,0.0075,44,32,True,722,23104,15362,491584,0.005614523775875568
primary,NOG-FO,0.0075,45,32,True,674,21568,15362,491584,0.0049708206206560135
primary,NOG-FO,0.0075,46,32,True,674,21568,15362,491584,0.005540818907320499
primary,NOG-FO,0.0075,47,32,True,674,21568,15362,491584,0.004926380235701799
primary,NOG-FO,0.0075,48,32,True,674,21568,15362,491584,0.005595148541033268
primary,NOG-FO,0.0075,49,32,True,746,23872,15362,491584,0.006439909338951111
primary,ME-DOL-FO,0.0075,20,32,True,456,14592,15360,491520,0.007408784702420235
primary,ME-DOL-FO,0.0075,21,32,True,504,16128,15360,491520,0.006780536845326424
primary,ME-DOL-FO,0.0075,22,32,True,600,19200,15360,491520,0.006837442982941866
primary,ME-DOL-FO,0.0075,23,32,True,528,16896,15360,491520,0.007320919074118137
primary,ME-DOL-FO,0.0075,24,32,True,480,15360,15360,491520,0.006922985427081585
primary,ME-DOL-FO,0.0075,25,32,True,528,16896,15360,491520,0.007145357318222523
primary,ME-DOL-FO,0.0075,26,32,True,504,16128,15360,491520,0.007143888622522354
primary,ME-DOL-FO,0.0075,27,32,True,312,9984,15360,491520,0.007710553240031004
primary,ME-DOL-FO,0.0075,28,32,True,432,13824,15360,491520,0.006623066030442715
primary,ME-DOL-FO,0.0075,29,32,True,408,13056,15360,491520,0.008929075673222542
primary,ME-DOL-FO,0.0075,30,32,True,480,15360,15360,491520,0.00878112856298685
primary,ME-DOL-FO,0.0075,31,32,True,408,13056,15360,491520,0.007126675918698311
primary,ME-DOL-FO,0.0075,32,32,True,552,17664,15360,491520,0.007924375124275684
primary,ME-DOL-FO,0.0075,33,32,True,528,16896,15360,491520,0.00745540764182806
primary,ME-DOL-FO,0.0075,34,32,True,360,11520,15360,491520,0.008109373971819878
primary,ME-DOL-FO,0.0075,35,32,True,624,19968,15360,491520,0.008279915899038315
primary,ME-DOL-FO,0.0075,36,32,True,336,10752,15360,491520,0.007424409035593271
primary,ME-DOL-FO,0.0075,37,32,True,576,18432,15360,491520,0.00696494011208415
primary,ME-DOL-FO,0.0075,38,32,True,456,14592,15360,491520,0.008183176629245281
primary,ME-DOL-FO,0.0075,39,32,True,528,16896,15360,491520,0.007814537733793259
primary,ME-DOL-FO,0.0075,40,32,True,288,9216,15360,491520,0.006567697506397963
primary,ME-DOL-FO,0.0075,41,32,True,456,14592,15360,491520,0.007621251046657562
primary,ME-DOL-FO,0.0075,42,32,True,384,12288,15360,491520,0.007578411139547825
primary,ME-DOL-FO,0.0075,43,32,True,360,11520,15360,491520,0.007110272534191608
primary,ME-DOL-FO,0.0075,44,32,True,576,18432,15360,491520,0.007802268024533987
primary,ME-DOL-FO,0.0075,45,32,True,960,30720,15360,491520,0.007773191202431917
primary,ME-DOL-FO,0.0075,46,32,True,312,9984,15360,491520,0.008108350448310375
primary,ME-DOL-FO,0.0075,47,32,True,624,19968,15360,491520,0.007363087963312864
primary,ME-DOL-FO,0.0075,48,32,True,360,11520,15360,491520,0.007276996038854122
primary,ME-DOL-FO,0.0075,49,32,True,408,13056,15360,491520,0.008645471185445786
diagnostic_midpoint,NOG-FO,0.007375,20,32,True,674,21568,15362,491584,0.005998559296131134
diagnostic_midpoint,NOG-FO,0.007375,21,32,True,794,25408,15362,491584,0.0046880291774868965
diagnostic_midpoint,NOG-FO,0.007375,22,32,True,650,20800,15362,491584,0.0057872869074344635
diagnostic_midpoint,NOG-FO,0.007375,23,32,True,770,24640,15362,491584,0.005244918167591095
diagnostic_midpoint,NOG-FO,0.007375,24,32,True,722,23104,15362,491584,0.006087501998990774
diagnostic_midpoint,NOG-FO,0.007375,25,32,True,650,20800,15362,491584,0.00489584356546402
diagnostic_midpoint,NOG-FO,0.007375,26,32,True,698,22336,15362,491584,0.0059431674890220165
diagnostic_midpoint,NOG-FO,0.007375,27,32,True,698,22336,15362,491584,0.00491165928542614
diagnostic_midpoint,NOG-FO,0.007375,28,32,True,698,22336,15362,491584,0.005798894912004471
diagnostic_midpoint,NOG-FO,0.007375,29,32,True,698,22336,15362,491584,0.005476533900946379
diagnostic_midpoint,NOG-FO,0.007375,30,32,True,674,21568,15362,491584,0.005004546605050564
diagnostic_midpoint,NOG-FO,0.007375,31,32,True,698,22336,15362,491584,0.005383715964853764
diagnostic_midpoint,NOG-FO,0.007375,32,32,True,722,23104,15362,491584,0.005433218088001013
diagnostic_midpoint,NOG-FO,0.007375,33,32,True,746,23872,15362,491584,0.005673905834555626
diagnostic_midpoint,NOG-FO,0.007375,34,32,True,698,22336,15362,491584,0.005512638948857784
diagnostic_midpoint,NOG-FO,0.007375,35,32,True,842,26944,15362,491584,0.005661352537572384
diagnostic_midpoint,NOG-FO,0.007375,36,32,True,698,22336,15362,491584,0.0055730026215314865
diagnostic_midpoint,NOG-FO,0.007375,37,32,True,698,22336,15362,491584,0.005038395989686251
diagnostic_midpoint,NOG-FO,0.007375,38,32,True,722,23104,15362,491584,0.0054754395969212055
diagnostic_midpoint,NOG-FO,0.007375,39,32,True,746,23872,15362,491584,0.005151279270648956
diagnostic_midpoint,NOG-FO,0.007375,40,32,True,770,24640,15362,491584,0.0050801727920770645
diagnostic_midpoint,NOG-FO,0.007375,41,32,True,722,23104,15362,491584,0.005363438744097948
diagnostic_midpoint,NOG-FO,0.007375,42,32,True,698,22336,15362,491584,0.005425501614809036
diagnostic_midpoint,NOG-FO,0.007375,43,32,True,650,20800,15362,491584,0.0063233752734959126
diagnostic_midpoint,NOG-FO,0.007375,44,32,True,722,23104,15362,491584,0.005614523775875568
diagnostic_midpoint,NOG-FO,0.007375,45,32,True,674,21568,15362,491584,0.0049708206206560135
diagnostic_midpoint,NOG-FO,0.007375,46,32,True,674,21568,15362,491584,0.005540818907320499
diagnostic_midpoint,NOG-FO,0.007375,47,32,True,674,21568,15362,491584,0.004926380235701799
diagnostic_midpoint,NOG-FO,0.007375,48,32,True,674,21568,15362,491584,0.005595148541033268
diagnostic_midpoint,NOG-FO,0.007375,49,32,True,746,23872,15362,491584,0.006439909338951111
diagnostic_midpoint,ME-DOL-FO,0.007375,20,64,True,312,19968,15360,983040,0.005570479203015566
diagnostic_midpoint,ME-DOL-FO,0.007375,21,64,True,336,21504,15360,983040,0.005668870639055967
diagnostic_midpoint,ME-DOL-FO,0.007375,22,64,True,312,19968,15360,983040,0.005442481022328138
diagnostic_midpoint,ME-DOL-FO,0.007375,23,64,True,288,18432,15360,983040,0.005275927949696779
diagnostic_midpoint,ME-DOL-FO,0.007375,24,64,True,288,18432,15360,983040,0.005863068159669638
diagnostic_midpoint,ME-DOL-FO,0.007375,25,64,True,312,19968,15360,983040,0.006130516529083252
diagnostic_midpoint,ME-DOL-FO,0.007375,26,64,True,360,23040,15360,983040,0.005064827390015125
diagnostic_midpoint,ME-DOL-FO,0.007375,27,64,True,288,18432,15360,983040,0.005589026492089033
diagnostic_midpoint,ME-DOL-FO,0.007375,28,64,True,288,18432,15360,983040,0.005605578422546387
diagnostic_midpoint,ME-DOL-FO,0.007375,29,64,True,288,18432,15360,983040,0.007184998132288456
diagnostic_midpoint,ME-DOL-FO,0.007375,30,64,True,288,18432,15360,983040,0.006190476473420858
diagnostic_midpoint,ME-DOL-FO,0.007375,31,64,True,360,23040,15360,983040,0.004964986350387335
diagnostic_midpoint,ME-DOL-FO,0.007375,32,64,True,288,18432,15360,983040,0.005443183705210686
diagnostic_midpoint,ME-DOL-FO,0.007375,33,64,True,336,21504,15360,983040,0.006677491590380669
diagnostic_midpoint,ME-DOL-FO,0.007375,34,64,True,312,19968,15360,983040,0.005881947465240955
diagnostic_midpoint,ME-DOL-FO,0.007375,35,64,True,408,26112,15360,983040,0.006921966560184956
diagnostic_midpoint,ME-DOL-FO,0.007375,36,64,True,288,18432,15360,983040,0.005350233521312475
diagnostic_midpoint,ME-DOL-FO,0.007375,37,64,True,312,19968,15360,983040,0.00539304269477725
diagnostic_midpoint,ME-DOL-FO,0.007375,38,64,True,312,19968,15360,983040,0.006547445897012949
diagnostic_midpoint,ME-DOL-FO,0.007375,39,64,True,384,24576,15360,983040,0.006189566105604172
diagnostic_midpoint,ME-DOL-FO,0.007375,40,64,True,288,18432,15360,983040,0.005712239071726799
diagnostic_midpoint,ME-DOL-FO,0.007375,41,64,True,288,18432,15360,983040,0.006134189665317535
diagnostic_midpoint,ME-DOL-FO,0.007375,42,64,True,336,21504,15360,983040,0.005591271445155144
diagnostic_midpoint,ME-DOL-FO,0.007375,43,64,True,288,18432,15360,983040,0.005338758230209351
diagnostic_midpoint,ME-DOL-FO,0.007375,44,64,True,336,21504,15360,983040,0.0054246303625404835
diagnostic_midpoint,ME-DOL-FO,0.007375,45,64,True,312,19968,15360,983040,0.005649339407682419
diagnostic_midpoint,ME-DOL-FO,0.007375,46,64,True,288,18432,15360,983040,0.006037094630300999
diagnostic_midpoint,ME-DOL-FO,0.007375,47,64,True,312,19968,15360,983040,0.005778148304671049
diagnostic_midpoint,ME-DOL-FO,0.007375,48,64,True,288,18432,15360,983040,0.005798129830509424
diagnostic_midpoint,ME-DOL-FO,0.007375,49,64,True,312,19968,15360,983040,0.005556458607316017
primary,NOG-FO,0.00725,20,32,True,722,23104,15362,491584,0.005998559296131134
primary,NOG-FO,0.00725,21,32,True,794,25408,15362,491584,0.0046880291774868965
primary,NOG-FO,0.00725,22,32,True,674,21568,15362,491584,0.0057872869074344635
primary,NOG-FO,0.00725,23,32,True,770,24640,15362,491584,0.005244918167591095
primary,NOG-FO,0.00725,24,32,True,722,23104,15362,491584,0.006087501998990774
primary,NOG-FO,0.00725,25,32,True,722,23104,15362,491584,0.00489584356546402
primary,NOG-FO,0.00725,26,32,True,722,23104,15362,491584,0.0059431674890220165
primary,NOG-FO,0.00725,27,32,True,698,22336,15362,491584,0.00491165928542614
primary,NOG-FO,0.00725,28,32,True,698,22336,15362,491584,0.005798894912004471
primary,NOG-FO,0.00725,29,32,True,698,22336,15362,491584,0.005476533900946379
primary,NOG-FO,0.00725,30,32,True,674,21568,15362,491584,0.005004546605050564
primary,NOG-FO,0.00725,31,32,True,698,22336,15362,491584,0.005383715964853764
primary,NOG-FO,0.00725,32,32,True,746,23872,15362,491584,0.005433218088001013
primary,NOG-FO,0.00725,33,32,True,770,24640,15362,491584,0.005673905834555626
primary,NOG-FO,0.00725,34,32,True,698,22336,15362,491584,0.005512638948857784
primary,NOG-FO,0.00725,35,32,True,866,27712,15362,491584,0.005661352537572384
primary,NOG-FO,0.00725,36,32,True,698,22336,15362,491584,0.0055730026215314865
primary,NOG-FO,0.00725,37,32,True,698,22336,15362,491584,0.005038395989686251
primary,NOG-FO,0.00725,38,32,True,722,23104,15362,491584,0.0054754395969212055
primary,NOG-FO,0.00725,39,32,True,746,23872,15362,491584,0.005151279270648956
primary,NOG-FO,0.00725,40,32,True,770,24640,15362,491584,0.0050801727920770645
primary,NOG-FO,0.00725,41,32,True,722,23104,15362,491584,0.005363438744097948
primary,NOG-FO,0.00725,42,32,True,698,22336,15362,491584,0.005425501614809036
primary,NOG-FO,0.00725,43,32,True,650,20800,15362,491584,0.0063233752734959126
primary,NOG-FO,0.00725,44,32,True,746,23872,15362,491584,0.005614523775875568
primary,NOG-FO,0.00725,45,32,True,674,21568,15362,491584,0.0049708206206560135
primary,NOG-FO,0.00725,46,32,True,722,23104,15362,491584,0.005540818907320499
primary,NOG-FO,0.00725,47,32,True,698,22336,15362,491584,0.004926380235701799
primary,NOG-FO,0.00725,48,32,True,674,21568,15362,491584,0.005595148541033268
primary,NOG-FO,0.00725,49,32,True,746,23872,15362,491584,0.006439909338951111
primary,ME-DOL-FO,0.00725,20,64,True,312,19968,15360,983040,0.005570479203015566
primary,ME-DOL-FO,0.00725,21,64,True,336,21504,15360,983040,0.005668870639055967
primary,ME-DOL-FO,0.00725,22,64,True,312,19968,15360,983040,0.005442481022328138
primary,ME-DOL-FO,0.00725,23,64,True,312,19968,15360,983040,0.005275927949696779
primary,ME-DOL-FO,0.00725,24,64,True,288,18432,15360,983040,0.005863068159669638
primary,ME-DOL-FO,0.00725,25,64,True,312,19968,15360,983040,0.006130516529083252
primary,ME-DOL-FO,0.00725,26,64,True,360,23040,15360,983040,0.005064827390015125
primary,ME-DOL-FO,0.00725,27,64,True,288,18432,15360,983040,0.005589026492089033
primary,ME-DOL-FO,0.00725,28,64,True,288,18432,15360,983040,0.005605578422546387
primary,ME-DOL-FO,0.00725,29,64,True,288,18432,15360,983040,0.007184998132288456
primary,ME-DOL-FO,0.00725,30,64,True,288,18432,15360,983040,0.006190476473420858
primary,ME-DOL-FO,0.00725,31,64,True,360,23040,15360,983040,0.004964986350387335
primary,ME-DOL-FO,0.00725,32,64,True,288,18432,15360,983040,0.005443183705210686
primary,ME-DOL-FO,0.00725,33,64,True,336,21504,15360,983040,0.006677491590380669
primary,ME-DOL-FO,0.00725,34,64,True,312,19968,15360,983040,0.005881947465240955
primary,ME-DOL-FO,0.00725,35,64,True,408,26112,15360,983040,0.006921966560184956
primary,ME-DOL-FO,0.00725,36,64,True,288,18432,15360,983040,0.005350233521312475
primary,ME-DOL-FO,0.00725,37,64,True,312,19968,15360,983040,0.00539304269477725
primary,ME-DOL-FO,0.00725,38,64,True,312,19968,15360,983040,0.006547445897012949
primary,ME-DOL-FO,0.00725,39,64,True,384,24576,15360,983040,0.006189566105604172
primary,ME-DOL-FO,0.00725,40,64,True,288,18432,15360,983040,0.005712239071726799
primary,ME-DOL-FO,0.00725,41,64,True,288,18432,15360,983040,0.006134189665317535
primary,ME-DOL-FO,0.00725,42,64,True,336,21504,15360,983040,0.005591271445155144
primary,ME-DOL-FO,0.00725,43,64,True,288,18432,15360,983040,0.005338758230209351
primary,ME-DOL-FO,0.00725,44,64,True,336,21504,15360,983040,0.0054246303625404835
primary,ME-DOL-FO,0.00725,45,64,True,312,19968,15360,983040,0.005649339407682419
primary,ME-DOL-FO,0.00725,46,64,True,288,18432,15360,983040,0.006037094630300999
primary,ME-DOL-FO,0.00725,47,64,True,312,19968,15360,983040,0.005778148304671049
primary,ME-DOL-FO,0.00725,48,64,True,288,18432,15360,983040,0.005798129830509424
primary,ME-DOL-FO,0.00725,49,64,True,312,19968,15360,983040,0.005556458607316017
primary,NOG-FO,0.007,20,32,True,722,23104,15362,491584,0.005998559296131134
primary,NOG-FO,0.007,21,32,True,794,25408,15362,491584,0.0046880291774868965
primary,NOG-FO,0.007,22,32,True,698,22336,15362,491584,0.0057872869074344635
primary,NOG-FO,0.007,23,32,True,770,24640,15362,491584,0.005244918167591095
primary,NOG-FO,0.007,24,32,True,722,23104,15362,491584,0.006087501998990774
primary,NOG-FO,0.007,25,32,True,746,23872,15362,491584,0.00489584356546402
primary,NOG-FO,0.007,26,32,True,722,23104,15362,491584,0.0059431674890220165
primary,NOG-FO,0.007,27,32,True,698,22336,15362,491584,0.00491165928542614
primary,NOG-FO,0.007,28,32,True,698,22336,15362,491584,0.005798894912004471
primary,NOG-FO,0.007,29,32,True,722,23104,15362,491584,0.005476533900946379
primary,NOG-FO,0.007,30,32,True,674,21568,15362,491584,0.005004546605050564
primary,NOG-FO,0.007,31,32,True,698,22336,15362,491584,0.005383715964853764
primary,NOG-FO,0.007,32,32,True,794,25408,15362,491584,0.005433218088001013
primary,NOG-FO,0.007,33,32,True,770,24640,15362,491584,0.005673905834555626
primary,NOG-FO,0.007,34,32,True,698,22336,15362,491584,0.005512638948857784
primary,NOG-FO,0.007,35,32,True,866,27712,15362,491584,0.005661352537572384
primary,NOG-FO,0.007,36,32,True,722,23104,15362,491584,0.0055730026215314865
primary,NOG-FO,0.007,37,32,True,698,22336,15362,491584,0.005038395989686251
primary,NOG-FO,0.007,38,32,True,722,23104,15362,491584,0.0054754395969212055
primary,NOG-FO,0.007,39,32,True,746,23872,15362,491584,0.005151279270648956
primary,NOG-FO,0.007,40,32,True,770,24640,15362,491584,0.0050801727920770645
primary,NOG-FO,0.007,41,32,True,722,23104,15362,491584,0.005363438744097948
primary,NOG-FO,0.007,42,32,True,698,22336,15362,491584,0.005425501614809036
primary,NOG-FO,0.007,43,32,True,674,21568,15362,491584,0.0063233752734959126
primary,NOG-FO,0.007,44,32,True,746,23872,15362,491584,0.005614523775875568
primary,NOG-FO,0.007,45,32,True,674,21568,15362,491584,0.0049708206206560135
primary,NOG-FO,0.007,46,32,True,746,23872,15362,491584,0.005540818907320499
primary,NOG-FO,0.007,47,32,True,698,22336,15362,491584,0.004926380235701799
primary,NOG-FO,0.007,48,32,True,722,23104,15362,491584,0.005595148541033268
primary,NOG-FO,0.007,49,32,True,770,24640,15362,491584,0.006439909338951111
primary,ME-DOL-FO,0.007,20,64,True,312,19968,15360,983040,0.005570479203015566
primary,ME-DOL-FO,0.007,21,64,True,336,21504,15360,983040,0.005668870639055967
primary,ME-DOL-FO,0.007,22,64,True,312,19968,15360,983040,0.005442481022328138
primary,ME-DOL-FO,0.007,23,64,True,312,19968,15360,983040,0.005275927949696779
primary,ME-DOL-FO,0.007,24,64,True,312,19968,15360,983040,0.005863068159669638
primary,ME-DOL-FO,0.007,25,64,True,312,19968,15360,983040,0.006130516529083252
primary,ME-DOL-FO,0.007,26,64,True,360,23040,15360,983040,0.005064827390015125
primary,ME-DOL-FO,0.007,27,64,True,288,18432,15360,983040,0.005589026492089033
primary,ME-DOL-FO,0.007,28,64,True,288,18432,15360,983040,0.005605578422546387
primary,ME-DOL-FO,0.007,29,64,True,288,18432,15360,983040,0.007184998132288456
primary,ME-DOL-FO,0.007,30,64,True,312,19968,15360,983040,0.006190476473420858
primary,ME-DOL-FO,0.007,31,64,True,384,24576,15360,983040,0.004964986350387335
primary,ME-DOL-FO,0.007,32,64,True,312,19968,15360,983040,0.005443183705210686
primary,ME-DOL-FO,0.007,33,64,True,336,21504,15360,983040,0.006677491590380669
primary,ME-DOL-FO,0.007,34,64,True,312,19968,15360,983040,0.005881947465240955
primary,ME-DOL-FO,0.007,35,64,True,408,26112,15360,983040,0.006921966560184956
primary,ME-DOL-FO,0.007,36,64,True,288,18432,15360,983040,0.005350233521312475
primary,ME-DOL-FO,0.007,37,64,True,336,21504,15360,983040,0.00539304269477725
primary,ME-DOL-FO,0.007,38,64,True,336,21504,15360,983040,0.006547445897012949
primary,ME-DOL-FO,0.007,39,64,True,384,24576,15360,983040,0.006189566105604172
primary,ME-DOL-FO,0.007,40,64,True,288,18432,15360,983040,0.005712239071726799
primary,ME-DOL-FO,0.007,41,64,True,312,19968,15360,983040,0.006134189665317535
primary,ME-DOL-FO,0.007,42,64,True,360,23040,15360,983040,0.005591271445155144
primary,ME-DOL-FO,0.007,43,64,True,312,19968,15360,983040,0.005338758230209351
primary,ME-DOL-FO,0.007,44,64,True,336,21504,15360,983040,0.0054246303625404835
primary,ME-DOL-FO,0.007,45,64,True,336,21504,15360,983040,0.005649339407682419
primary,ME-DOL-FO,0.007,46,64,True,288,18432,15360,983040,0.006037094630300999
primary,ME-DOL-FO,0.007,47,64,True,312,19968,15360,983040,0.005778148304671049
primary,ME-DOL-FO,0.007,48,64,True,312,19968,15360,983040,0.005798129830509424
primary,ME-DOL-FO,0.007,49,64,True,312,19968,15360,983040,0.005556458607316017
primary,NOG-FO,0.00675,20,32,True,722,23104,15362,491584,0.005998559296131134
primary,NOG-FO,0.00675,21,32,True,794,25408,15362,491584,0.0046880291774868965
primary,NOG-FO,0.00675,22,32,True,698,22336,15362,491584,0.0057872869074344635
primary,NOG-FO,0.00675,23,32,True,770,24640,15362,491584,0.005244918167591095
primary,NOG-FO,0.00675,24,32,True,746,23872,15362,491584,0.006087501998990774
primary,NOG-FO,0.00675,25,32,True,746,23872,15362,491584,0.00489584356546402
primary,NOG-FO,0.00675,26,32,True,722,23104,15362,491584,0.0059431674890220165
primary,NOG-FO,0.00675,27,32,True,698,22336,15362,491584,0.00491165928542614
primary,NOG-FO,0.00675,28,32,True,698,22336,15362,491584,0.005798894912004471
primary,NOG-FO,0.00675,29,32,True,722,23104,15362,491584,0.005476533900946379
primary,NOG-FO,0.00675,30,32,True,674,21568,15362,491584,0.005004546605050564
primary,NOG-FO,0.00675,31,32,True,722,23104,15362,491584,0.005383715964853764
primary,NOG-FO,0.00675,32,32,True,818,26176,15362,491584,0.005433218088001013
primary,NOG-FO,0.00675,33,32,True,794,25408,15362,491584,0.005673905834555626
primary,NOG-FO,0.00675,34,32,True,698,22336,15362,491584,0.005512638948857784
primary,NOG-FO,0.00675,35,32,True,866,27712,15362,491584,0.005661352537572384
primary,NOG-FO,0.00675,36,32,True,722,23104,15362,491584,0.0055730026215314865
primary,NOG-FO,0.00675,37,32,True,698,22336,15362,491584,0.005038395989686251
primary,NOG-FO,0.00675,38,32,True,722,23104,15362,491584,0.0054754395969212055
primary,NOG-FO,0.00675,39,32,True,746,23872,15362,491584,0.005151279270648956
primary,NOG-FO,0.00675,40,32,True,770,24640,15362,491584,0.0050801727920770645
primary,NOG-FO,0.00675,41,32,True,746,23872,15362,491584,0.005363438744097948
primary,NOG-FO,0.00675,42,32,True,698,22336,15362,491584,0.005425501614809036
primary,NOG-FO,0.00675,43,32,True,722,23104,15362,491584,0.0063233752734959126
primary,NOG-FO,0.00675,44,32,True,746,23872,15362,491584,0.005614523775875568
primary,NOG-FO,0.00675,45,32,True,698,22336,15362,491584,0.0049708206206560135
primary,NOG-FO,0.00675,46,32,True,770,24640,15362,491584,0.005540818907320499
primary,NOG-FO,0.00675,47,32,True,698,22336,15362,491584,0.004926380235701799
primary,NOG-FO,0.00675,48,32,True,722,23104,15362,491584,0.005595148541033268
primary,NOG-FO,0.00675,49,32,True,770,24640,15362,491584,0.006439909338951111
primary,ME-DOL-FO,0.00675,20,64,True,312,19968,15360,983040,0.005570479203015566
primary,ME-DOL-FO,0.00675,21,64,True,360,23040,15360,983040,0.005668870639055967
primary,ME-DOL-FO,0.00675,22,64,True,336,21504,15360,983040,0.005442481022328138
primary,ME-DOL-FO,0.00675,23,64,True,312,19968,15360,983040,0.005275927949696779
primary,ME-DOL-FO,0.00675,24,64,True,360,23040,15360,983040,0.005863068159669638
primary,ME-DOL-FO,0.00675,25,64,True,336,21504,15360,983040,0.006130516529083252
primary,ME-DOL-FO,0.00675,26,64,True,384,24576,15360,983040,0.005064827390015125
primary,ME-DOL-FO,0.00675,27,64,True,336,21504,15360,983040,0.005589026492089033
primary,ME-DOL-FO,0.00675,28,64,True,312,19968,15360,983040,0.005605578422546387
primary,ME-DOL-FO,0.00675,29,64,True,288,18432,15360,983040,0.007184998132288456
primary,ME-DOL-FO,0.00675,30,64,True,360,23040,15360,983040,0.006190476473420858
primary,ME-DOL-FO,0.00675,31,64,True,384,24576,15360,983040,0.004964986350387335
primary,ME-DOL-FO,0.00675,32,64,True,312,19968,15360,983040,0.005443183705210686
primary,ME-DOL-FO,0.00675,33,64,True,336,21504,15360,983040,0.006677491590380669
primary,ME-DOL-FO,0.00675,34,64,True,312,19968,15360,983040,0.005881947465240955
primary,ME-DOL-FO,0.00675,35,64,True,432,27648,15360,983040,0.006921966560184956
primary,ME-DOL-FO,0.00675,36,64,True,288,18432,15360,983040,0.005350233521312475
primary,ME-DOL-FO,0.00675,37,64,True,336,21504,15360,983040,0.00539304269477725
primary,ME-DOL-FO,0.00675,38,64,True,384,24576,15360,983040,0.006547445897012949
primary,ME-DOL-FO,0.00675,39,64,True,384,24576,15360,983040,0.006189566105604172
primary,ME-DOL-FO,0.00675,40,64,True,288,18432,15360,983040,0.005712239071726799
primary,ME-DOL-FO,0.00675,41,64,True,408,26112,15360,983040,0.006134189665317535
primary,ME-DOL-FO,0.00675,42,64,True,360,23040,15360,983040,0.005591271445155144
primary,ME-DOL-FO,0.00675,43,64,True,336,21504,15360,983040,0.005338758230209351
primary,ME-DOL-FO,0.00675,44,64,True,384,24576,15360,983040,0.0054246303625404835
primary,ME-DOL-FO,0.00675,45,64,True,360,23040,15360,983040,0.005649339407682419
primary,ME-DOL-FO,0.00675,46,64,True,288,18432,15360,983040,0.006037094630300999
primary,ME-DOL-FO,0.00675,47,64,True,312,19968,15360,983040,0.005778148304671049
primary,ME-DOL-FO,0.00675,48,64,True,312,19968,15360,983040,0.005798129830509424
primary,ME-DOL-FO,0.00675,49,64,True,312,19968,15360,983040,0.005556458607316017
primary,NOG-FO,0.0065,20,32,True,794,25408,15362,491584,0.005998559296131134
primary,NOG-FO,0.0065,21,32,True,794,25408,15362,491584,0.0046880291774868965
primary,NOG-FO,0.0065,22,32,True,698,22336,15362,491584,0.0057872869074344635
primary,NOG-FO,0.0065,23,32,True,794,25408,15362,491584,0.005244918167591095
primary,NOG-FO,0.0065,24,32,True,746,23872,15362,491584,0.006087501998990774
primary,NOG-FO,0.0065,25,32,True,746,23872,15362,491584,0.00489584356546402
primary,NOG-FO,0.0065,26,32,True,722,23104,15362,491584,0.0059431674890220165
primary,NOG-FO,0.0065,27,32,True,722,23104,15362,491584,0.00491165928542614
primary,NOG-FO,0.0065,28,32,True,698,22336,15362,491584,0.005798894912004471
primary,NOG-FO,0.0065,29,32,True,722,23104,15362,491584,0.005476533900946379
primary,NOG-FO,0.0065,30,32,True,674,21568,15362,491584,0.005004546605050564
primary,NOG-FO,0.0065,31,32,True,722,23104,15362,491584,0.005383715964853764
primary,NOG-FO,0.0065,32,32,True,842,26944,15362,491584,0.005433218088001013
primary,NOG-FO,0.0065,33,32,True,794,25408,15362,491584,0.005673905834555626
primary,NOG-FO,0.0065,34,32,True,698,22336,15362,491584,0.005512638948857784
primary,NOG-FO,0.0065,35,32,True,890,28480,15362,491584,0.005661352537572384
primary,NOG-FO,0.0065,36,32,True,722,23104,15362,491584,0.0055730026215314865
primary,NOG-FO,0.0065,37,32,True,698,22336,15362,491584,0.005038395989686251
primary,NOG-FO,0.0065,38,32,True,722,23104,15362,491584,0.0054754395969212055
primary,NOG-FO,0.0065,39,32,True,866,27712,15362,491584,0.005151279270648956
primary,NOG-FO,0.0065,40,32,True,818,26176,15362,491584,0.0050801727920770645
primary,NOG-FO,0.0065,41,32,True,770,24640,15362,491584,0.005363438744097948
primary,NOG-FO,0.0065,42,32,True,722,23104,15362,491584,0.005425501614809036
primary,NOG-FO,0.0065,43,32,True,770,24640,15362,491584,0.0063233752734959126
primary,NOG-FO,0.0065,44,32,True,746,23872,15362,491584,0.005614523775875568
primary,NOG-FO,0.0065,45,32,True,698,22336,15362,491584,0.0049708206206560135
primary,NOG-FO,0.0065,46,32,True,770,24640,15362,491584,0.005540818907320499
primary,NOG-FO,0.0065,47,32,True,722,23104,15362,491584,0.004926380235701799
primary,NOG-FO,0.0065,48,32,True,722,23104,15362,491584,0.005595148541033268
primary,NOG-FO,0.0065,49,32,True,770,24640,15362,491584,0.006439909338951111
primary,ME-DOL-FO,0.0065,20,64,True,312,19968,15360,983040,0.005570479203015566
primary,ME-DOL-FO,0.0065,21,64,True,360,23040,15360,983040,0.005668870639055967
primary,ME-DOL-FO,0.0065,22,64,True,336,21504,15360,983040,0.005442481022328138
primary,ME-DOL-FO,0.0065,23,64,True,336,21504,15360,983040,0.005275927949696779
primary,ME-DOL-FO,0.0065,24,64,True,360,23040,15360,983040,0.005863068159669638
primary,ME-DOL-FO,0.0065,25,64,True,336,21504,15360,983040,0.006130516529083252
primary,ME-DOL-FO,0.0065,26,64,True,384,24576,15360,983040,0.005064827390015125
primary,ME-DOL-FO,0.0065,27,64,True,384,24576,15360,983040,0.005589026492089033
primary,ME-DOL-FO,0.0065,28,64,True,312,19968,15360,983040,0.005605578422546387
primary,ME-DOL-FO,0.0065,29,64,True,384,24576,15360,983040,0.007184998132288456
primary,ME-DOL-FO,0.0065,30,64,True,360,23040,15360,983040,0.006190476473420858
primary,ME-DOL-FO,0.0065,31,64,True,384,24576,15360,983040,0.004964986350387335
primary,ME-DOL-FO,0.0065,32,64,True,432,27648,15360,983040,0.005443183705210686
primary,ME-DOL-FO,0.0065,33,64,True,456,29184,15360,983040,0.006677491590380669
primary,ME-DOL-FO,0.0065,34,64,True,312,19968,15360,983040,0.005881947465240955
primary,ME-DOL-FO,0.0065,35,64,True,432,27648,15360,983040,0.006921966560184956
primary,ME-DOL-FO,0.0065,36,64,True,288,18432,15360,983040,0.005350233521312475
primary,ME-DOL-FO,0.0065,37,64,True,360,23040,15360,983040,0.00539304269477725
primary,ME-DOL-FO,0.0065,38,64,True,384,24576,15360,983040,0.006547445897012949
primary,ME-DOL-FO,0.0065,39,64,True,384,24576,15360,983040,0.006189566105604172
primary,ME-DOL-FO,0.0065,40,64,True,288,18432,15360,983040,0.005712239071726799
primary,ME-DOL-FO,0.0065,41,64,True,408,26112,15360,983040,0.006134189665317535
primary,ME-DOL-FO,0.0065,42,64,True,384,24576,15360,983040,0.005591271445155144
primary,ME-DOL-FO,0.0065,43,64,True,336,21504,15360,983040,0.005338758230209351
primary,ME-DOL-FO,0.0065,44,64,True,384,24576,15360,983040,0.0054246303625404835
primary,ME-DOL-FO,0.0065,45,64,True,360,23040,15360,983040,0.005649339407682419
primary,ME-DOL-FO,0.0065,46,64,True,288,18432,15360,983040,0.006037094630300999
primary,ME-DOL-FO,0.0065,47,64,True,312,19968,15360,983040,0.005778148304671049
primary,ME-DOL-FO,0.0065,48,64,True,312,19968,15360,983040,0.005798129830509424
primary,ME-DOL-FO,0.0065,49,64,True,336,21504,15360,983040,0.005556458607316017
primary,NOG-FO,0.00625,20,32,True,818,26176,15362,491584,0.005998559296131134
primary,NOG-FO,0.00625,21,32,True,890,28480,15362,491584,0.0046880291774868965
primary,NOG-FO,0.00625,22,32,True,722,23104,15362,491584,0.0057872869074344635
primary,NOG-FO,0.00625,23,32,True,794,25408,15362,491584,0.005244918167591095
primary,NOG-FO,0.00625,24,32,True,746,23872,15362,491584,0.006087501998990774
primary,NOG-FO,0.00625,25,32,True,890,28480,15362,491584,0.00489584356546402
primary,NOG-FO,0.00625,26,32,True,818,26176,15362,491584,0.0059431674890220165
primary,NOG-FO,0.00625,27,32,True,746,23872,15362,491584,0.00491165928542614
primary,NOG-FO,0.00625,28,32,True,698,22336,15362,491584,0.005798894912004471
primary,NOG-FO,0.00625,29,32,True,746,23872,15362,491584,0.005476533900946379
primary,NOG-FO,0.00625,30,32,True,722,23104,15362,491584,0.005004546605050564
primary,NOG-FO,0.00625,31,32,True,722,23104,15362,491584,0.005383715964853764
primary,NOG-FO,0.00625,32,32,True,866,27712,15362,491584,0.005433218088001013
primary,NOG-FO,0.00625,33,32,True,794,25408,15362,491584,0.005673905834555626
primary,NOG-FO,0.00625,34,32,True,770,24640,15362,491584,0.005512638948857784
primary,NOG-FO,0.00625,35,32,True,890,28480,15362,491584,0.005661352537572384
primary,NOG-FO,0.00625,36,32,True,722,23104,15362,491584,0.0055730026215314865
primary,NOG-FO,0.00625,37,32,True,722,23104,15362,491584,0.005038395989686251
primary,NOG-FO,0.00625,38,32,True,770,24640,15362,491584,0.0054754395969212055
primary,NOG-FO,0.00625,39,32,True,866,27712,15362,491584,0.005151279270648956
primary,NOG-FO,0.00625,40,32,True,818,26176,15362,491584,0.0050801727920770645
primary,NOG-FO,0.00625,41,32,True,770,24640,15362,491584,0.005363438744097948
primary,NOG-FO,0.00625,42,32,True,770,24640,15362,491584,0.005425501614809036
primary,NOG-FO,0.00625,43,32,True,770,24640,15362,491584,0.0063233752734959126
primary,NOG-FO,0.00625,44,32,True,746,23872,15362,491584,0.005614523775875568
primary,NOG-FO,0.00625,45,32,True,746,23872,15362,491584,0.0049708206206560135
primary,NOG-FO,0.00625,46,32,True,770,24640,15362,491584,0.005540818907320499
primary,NOG-FO,0.00625,47,32,True,722,23104,15362,491584,0.004926380235701799
primary,NOG-FO,0.00625,48,32,True,722,23104,15362,491584,0.005595148541033268
primary,NOG-FO,0.00625,49,32,True,770,24640,15362,491584,0.006439909338951111
primary,ME-DOL-FO,0.00625,20,64,True,312,19968,15360,983040,0.005570479203015566
primary,ME-DOL-FO,0.00625,21,64,True,504,32256,15360,983040,0.005668870639055967
primary,ME-DOL-FO,0.00625,22,64,True,360,23040,15360,983040,0.005442481022328138
primary,ME-DOL-FO,0.00625,23,64,True,360,23040,15360,983040,0.005275927949696779
primary,ME-DOL-FO,0.00625,24,64,True,456,29184,15360,983040,0.005863068159669638
primary,ME-DOL-FO,0.00625,25,64,True,336,21504,15360,983040,0.006130516529083252
primary,ME-DOL-FO,0.00625,26,64,True,384,24576,15360,983040,0.005064827390015125
primary,ME-DOL-FO,0.00625,27,64,True,408,26112,15360,983040,0.005589026492089033
primary,ME-DOL-FO,0.00625,28,64,True,312,19968,15360,983040,0.005605578422546387
primary,ME-DOL-FO,0.00625,29,64,True,408,26112,15360,983040,0.007184998132288456
primary,ME-DOL-FO,0.00625,30,64,True,432,27648,15360,983040,0.006190476473420858
primary,ME-DOL-FO,0.00625,31,64,True,408,26112,15360,983040,0.004964986350387335
primary,ME-DOL-FO,0.00625,32,64,True,456,29184,15360,983040,0.005443183705210686
primary,ME-DOL-FO,0.00625,33,64,True,480,30720,15360,983040,0.006677491590380669
primary,ME-DOL-FO,0.00625,34,64,True,360,23040,15360,983040,0.005881947465240955
primary,ME-DOL-FO,0.00625,35,64,True,504,32256,15360,983040,0.006921966560184956
primary,ME-DOL-FO,0.00625,36,64,True,336,21504,15360,983040,0.005350233521312475
primary,ME-DOL-FO,0.00625,37,64,True,360,23040,15360,983040,0.00539304269477725
primary,ME-DOL-FO,0.00625,38,64,True,384,24576,15360,983040,0.006547445897012949
primary,ME-DOL-FO,0.00625,39,64,True,480,30720,15360,983040,0.006189566105604172
primary,ME-DOL-FO,0.00625,40,64,True,288,18432,15360,983040,0.005712239071726799
primary,ME-DOL-FO,0.00625,41,64,True,408,26112,15360,983040,0.006134189665317535
primary,ME-DOL-FO,0.00625,42,64,True,384,24576,15360,983040,0.005591271445155144
primary,ME-DOL-FO,0.00625,43,64,True,360,23040,15360,983040,0.005338758230209351
primary,ME-DOL-FO,0.00625,44,64,True,408,26112,15360,983040,0.0054246303625404835
primary,ME-DOL-FO,0.00625,45,64,True,360,23040,15360,983040,0.005649339407682419
primary,ME-DOL-FO,0.00625,46,64,True,312,19968,15360,983040,0.006037094630300999
primary,ME-DOL-FO,0.00625,47,64,True,480,30720,15360,983040,0.005778148304671049
primary,ME-DOL-FO,0.00625,48,64,True,312,19968,15360,983040,0.005798129830509424
primary,ME-DOL-FO,0.00625,49,64,True,336,21504,15360,983040,0.005556458607316017
primary,NOG-FO,0.006,20,32,True,818,26176,15362,491584,0.005998559296131134
primary,NOG-FO,0.006,21,32,True,890,28480,15362,491584,0.0046880291774868965
primary,NOG-FO,0.006,22,32,True,722,23104,15362,491584,0.0057872869074344635
primary,NOG-FO,0.006,23,32,True,962,30784,15362,491584,0.005244918167591095
primary,NOG-FO,0.006,24,32,True,770,24640,15362,491584,0.006087501998990774
primary,NOG-FO,0.006,25,32,True,890,28480,15362,491584,0.00489584356546402
primary,NOG-FO,0.006,26,32,True,818,26176,15362,491584,0.0059431674890220165
primary,NOG-FO,0.006,27,32,True,746,23872,15362,491584,0.00491165928542614
primary,NOG-FO,0.006,28,32,True,722,23104,15362,491584,0.005798894912004471
primary,NOG-FO,0.006,29,32,True,938,30016,15362,491584,0.005476533900946379
primary,NOG-FO,0.006,30,32,True,722,23104,15362,491584,0.005004546605050564
primary,NOG-FO,0.006,31,32,True,770,24640,15362,491584,0.005383715964853764
primary,NOG-FO,0.006,32,32,True,962,30784,15362,491584,0.005433218088001013
primary,NOG-FO,0.006,33,32,True,818,26176,15362,491584,0.005673905834555626
primary,NOG-FO,0.006,34,32,True,770,24640,15362,491584,0.005512638948857784
primary,NOG-FO,0.006,35,32,True,890,28480,15362,491584,0.005661352537572384
primary,NOG-FO,0.006,36,32,True,746,23872,15362,491584,0.0055730026215314865
primary,NOG-FO,0.006,37,32,True,722,23104,15362,491584,0.005038395989686251
primary,NOG-FO,0.006,38,32,True,770,24640,15362,491584,0.0054754395969212055
primary,NOG-FO,0.006,39,32,True,1082,34624,15362,491584,0.005151279270648956
primary,NOG-FO,0.006,40,32,True,866,27712,15362,491584,0.0050801727920770645
primary,NOG-FO,0.006,41,32,True,818,26176,15362,491584,0.005363438744097948
primary,NOG-FO,0.006,42,32,True,770,24640,15362,491584,0.005425501614809036
primary,NOG-FO,0.006,43,32,True,770,24640,15362,491584,0.0063233752734959126
primary,NOG-FO,0.006,44,32,True,746,23872,15362,491584,0.005614523775875568
primary,NOG-FO,0.006,45,32,True,746,23872,15362,491584,0.0049708206206560135
primary,NOG-FO,0.006,46,32,True,770,24640,15362,491584,0.005540818907320499
primary,NOG-FO,0.006,47,32,True,914,29248,15362,491584,0.004926380235701799
primary,NOG-FO,0.006,48,32,True,722,23104,15362,491584,0.005595148541033268
primary,NOG-FO,0.006,49,32,True,818,26176,15362,491584,0.006439909338951111
primary,ME-DOL-FO,0.006,20,96,True,312,29952,15360,1474560,0.0044600400142371655
primary,ME-DOL-FO,0.006,21,96,True,360,34560,15360,1474560,0.004907748196274042
primary,ME-DOL-FO,0.006,22,96,True,312,29952,15360,1474560,0.004670923575758934
primary,ME-DOL-FO,0.006,23,96,True,336,32256,15360,1474560,0.004752333275973797
primary,ME-DOL-FO,0.006,24,96,True,360,34560,15360,1474560,0.005285711493343115
primary,ME-DOL-FO,0.006,25,96,True,312,29952,15360,1474560,0.0051302784122526646
primary,ME-DOL-FO,0.006,26,96,True,384,36864,15360,1474560,0.004465966019779444
primary,ME-DOL-FO,0.006,27,96,True,336,32256,15360,1474560,0.004828025586903095
primary,ME-DOL-FO,0.006,28,96,True,288,27648,15360,1474560,0.004635349847376347
primary,ME-DOL-FO,0.006,29,96,True,384,36864,15360,1474560,0.005818236619234085
primary,ME-DOL-FO,0.006,30,96,True,360,34560,15360,1474560,0.005084903445094824
primary,ME-DOL-FO,0.006,31,96,True,360,34560,15360,1474560,0.00402864022180438
primary,ME-DOL-FO,0.006,32,96,True,312,29952,15360,1474560,0.005135034676641226
primary,ME-DOL-FO,0.006,33,96,True,360,34560,15360,1474560,0.0052206735126674175
primary,ME-DOL-FO,0.006,34,96,True,312,29952,15360,1474560,0.00488069374114275
primary,ME-DOL-FO,0.006,35,96,True,456,43776,15360,1474560,0.005171365104615688
primary,ME-DOL-FO,0.006,36,96,True,312,29952,15360,1474560,0.0048582423478364944
primary,ME-DOL-FO,0.006,37,96,True,312,29952,15360,1474560,0.004885744769126177
primary,ME-DOL-FO,0.006,38,96,True,384,36864,15360,1474560,0.005492310971021652
primary,ME-DOL-FO,0.006,39,96,True,384,36864,15360,1474560,0.005355748347938061
primary,ME-DOL-FO,0.006,40,96,True,288,27648,15360,1474560,0.00529347313567996
primary,ME-DOL-FO,0.006,41,96,True,408,39168,15360,1474560,0.005234345328062773
primary,ME-DOL-FO,0.006,42,96,True,480,46080,15360,1474560,0.005015438422560692
primary,ME-DOL-FO,0.006,43,96,True,312,29952,15360,1474560,0.004842742346227169
primary,ME-DOL-FO,0.006,44,96,True,384,36864,15360,1474560,0.004749505780637264
primary,ME-DOL-FO,0.006,45,96,True,360,34560,15360,1474560,0.004355982411652803
primary,ME-DOL-FO,0.006,46,96,True,288,27648,15360,1474560,0.005164123140275478
primary,ME-DOL-FO,0.006,47,96,True,312,29952,15360,1474560,0.005451726261526346
primary,ME-DOL-FO,0.006,48,96,True,312,29952,15360,1474560,0.004972527269273996
primary,ME-DOL-FO,0.006,49,96,True,288,27648,15360,1474560,0.005355944391340017
primary,NOG-FO,0.00575,20,32,True,818,26176,15362,491584,0.005998559296131134
primary,NOG-FO,0.00575,21,32,True,1082,34624,15362,491584,0.0046880291774868965
primary,NOG-FO,0.00575,22,32,True,722,23104,15362,491584,0.0057872869074344635
primary,NOG-FO,0.00575,23,32,True,962,30784,15362,491584,0.005244918167591095
primary,NOG-FO,0.00575,24,32,True,770,24640,15362,491584,0.006087501998990774
primary,NOG-FO,0.00575,25,32,True,986,31552,15362,491584,0.00489584356546402
primary,NOG-FO,0.00575,26,32,True,890,28480,15362,491584,0.0059431674890220165
primary,NOG-FO,0.00575,27,32,True,746,23872,15362,491584,0.00491165928542614
primary,NOG-FO,0.00575,28,32,True,722,23104,15362,491584,0.005798894912004471
primary,NOG-FO,0.00575,29,32,True,938,30016,15362,491584,0.005476533900946379
primary,NOG-FO,0.00575,30,32,True,746,23872,15362,491584,0.005004546605050564
primary,NOG-FO,0.00575,31,32,True,770,24640,15362,491584,0.005383715964853764
primary,NOG-FO,0.00575,32,32,True,986,31552,15362,491584,0.005433218088001013
primary,NOG-FO,0.00575,33,32,True,842,26944,15362,491584,0.005673905834555626
primary,NOG-FO,0.00575,34,32,True,794,25408,15362,491584,0.005512638948857784
primary,NOG-FO,0.00575,35,32,True,914,29248,15362,491584,0.005661352537572384
primary,NOG-FO,0.00575,36,32,True,746,23872,15362,491584,0.0055730026215314865
primary,NOG-FO,0.00575,37,32,True,770,24640,15362,491584,0.005038395989686251
primary,NOG-FO,0.00575,38,32,True,794,25408,15362,491584,0.0054754395969212055
primary,NOG-FO,0.00575,39,32,True,1106,35392,15362,491584,0.005151279270648956
primary,NOG-FO,0.00575,40,32,True,866,27712,15362,491584,0.0050801727920770645
primary,NOG-FO,0.00575,41,32,True,818,26176,15362,491584,0.005363438744097948
primary,NOG-FO,0.00575,42,32,True,794,25408,15362,491584,0.005425501614809036
primary,NOG-FO,0.00575,43,32,True,938,30016,15362,491584,0.0063233752734959126
primary,NOG-FO,0.00575,44,32,True,770,24640,15362,491584,0.005614523775875568
primary,NOG-FO,0.00575,45,32,True,770,24640,15362,491584,0.0049708206206560135
primary,NOG-FO,0.00575,46,32,True,866,27712,15362,491584,0.005540818907320499
primary,NOG-FO,0.00575,47,32,True,938,30016,15362,491584,0.004926380235701799
primary,NOG-FO,0.00575,48,32,True,770,24640,15362,491584,0.005595148541033268
primary,NOG-FO,0.00575,49,32,True,914,29248,15362,491584,0.006439909338951111
primary,ME-DOL-FO,0.00575,20,96,True,312,29952,15360,1474560,0.0044600400142371655
primary,ME-DOL-FO,0.00575,21,96,True,384,36864,15360,1474560,0.004907748196274042
primary,ME-DOL-FO,0.00575,22,96,True,312,29952,15360,1474560,0.004670923575758934
primary,ME-DOL-FO,0.00575,23,96,True,336,32256,15360,1474560,0.004752333275973797
primary,ME-DOL-FO,0.00575,24,96,True,456,43776,15360,1474560,0.005285711493343115
primary,ME-DOL-FO,0.00575,25,96,True,312,29952,15360,1474560,0.0051302784122526646
primary,ME-DOL-FO,0.00575,26,96,True,384,36864,15360,1474560,0.004465966019779444
primary,ME-DOL-FO,0.00575,27,96,True,408,39168,15360,1474560,0.004828025586903095
primary,ME-DOL-FO,0.00575,28,96,True,312,29952,15360,1474560,0.004635349847376347
primary,ME-DOL-FO,0.00575,29,96,True,384,36864,15360,1474560,0.005818236619234085
primary,ME-DOL-FO,0.00575,30,96,True,360,34560,15360,1474560,0.005084903445094824
primary,ME-DOL-FO,0.00575,31,96,True,384,36864,15360,1474560,0.00402864022180438
primary,ME-DOL-FO,0.00575,32,96,True,336,32256,15360,1474560,0.005135034676641226
primary,ME-DOL-FO,0.00575,33,96,True,360,34560,15360,1474560,0.0052206735126674175
primary,ME-DOL-FO,0.00575,34,96,True,312,29952,15360,1474560,0.00488069374114275
primary,ME-DOL-FO,0.00575,35,96,True,456,43776,15360,1474560,0.005171365104615688
primary,ME-DOL-FO,0.00575,36,96,True,312,29952,15360,1474560,0.0048582423478364944
primary,ME-DOL-FO,0.00575,37,96,True,312,29952,15360,1474560,0.004885744769126177
primary,ME-DOL-FO,0.00575,38,96,True,384,36864,15360,1474560,0.005492310971021652
primary,ME-DOL-FO,0.00575,39,96,True,384,36864,15360,1474560,0.005355748347938061
primary,ME-DOL-FO,0.00575,40,96,True,288,27648,15360,1474560,0.00529347313567996
primary,ME-DOL-FO,0.00575,41,96,True,432,41472,15360,1474560,0.005234345328062773
primary,ME-DOL-FO,0.00575,42,96,True,480,46080,15360,1474560,0.005015438422560692
primary,ME-DOL-FO,0.00575,43,96,True,312,29952,15360,1474560,0.004842742346227169
primary,ME-DOL-FO,0.00575,44,96,True,384,36864,15360,1474560,0.004749505780637264
primary,ME-DOL-FO,0.00575,45,96,True,360,34560,15360,1474560,0.004355982411652803
primary,ME-DOL-FO,0.00575,46,96,True,312,29952,15360,1474560,0.005164123140275478
primary,ME-DOL-FO,0.00575,47,96,True,312,29952,15360,1474560,0.005451726261526346
primary,ME-DOL-FO,0.00575,48,96,True,312,29952,15360,1474560,0.004972527269273996
primary,ME-DOL-FO,0.00575,49,96,True,336,32256,15360,1474560,0.005355944391340017
primary,NOG-FO,0.0055,20,32,True,866,27712,15362,491584,0.005998559296131134
primary,NOG-FO,0.0055,21,32,True,1082,34624,15362,491584,0.0046880291774868965
primary,NOG-FO,0.0055,22,32,True,722,23104,15362,491584,0.0057872869074344635
primary,NOG-FO,0.0055,23,32,True,962,30784,15362,491584,0.005244918167591095
primary,NOG-FO,0.0055,24,32,True,818,26176,15362,491584,0.006087501998990774
primary,NOG-FO,0.0055,25,32,True,1058,33856,15362,491584,0.00489584356546402
primary,NOG-FO,0.0055,26,32,True,1130,36160,15362,491584,0.0059431674890220165
primary,NOG-FO,0.0055,27,32,True,770,24640,15362,491584,0.00491165928542614
primary,NOG-FO,0.0055,28,32,True,746,23872,15362,491584,0.005798894912004471
primary,NOG-FO,0.0055,29,32,True,962,30784,15362,491584,0.005476533900946379
primary,NOG-FO,0.0055,30,32,True,842,26944,15362,491584,0.005004546605050564
primary,NOG-FO,0.0055,31,32,True,770,24640,15362,491584,0.005383715964853764
primary,NOG-FO,0.0055,32,32,True,1034,33088,15362,491584,0.005433218088001013
primary,NOG-FO,0.0055,33,32,True,1562,49984,15362,491584,0.005673905834555626
primary,NOG-FO,0.0055,34,32,True,794,25408,15362,491584,0.005512638948857784
primary,NOG-FO,0.0055,35,32,True,986,31552,15362,491584,0.005661352537572384
primary,NOG-FO,0.0055,36,32,True,746,23872,15362,491584,0.0055730026215314865
primary,NOG-FO,0.0055,37,32,True,842,26944,15362,491584,0.005038395989686251
primary,NOG-FO,0.0055,38,32,True,818,26176,15362,491584,0.0054754395969212055
primary,NOG-FO,0.0055,39,32,True,1106,35392,15362,491584,0.005151279270648956
primary,NOG-FO,0.0055,40,32,True,890,28480,15362,491584,0.0050801727920770645
primary,NOG-FO,0.0055,41,32,True,842,26944,15362,491584,0.005363438744097948
primary,NOG-FO,0.0055,42,32,True,1130,36160,15362,491584,0.005425501614809036
primary,NOG-FO,0.0055,43,32,True,962,30784,15362,491584,0.0063233752734959126
primary,NOG-FO,0.0055,44,32,True,890,28480,15362,491584,0.005614523775875568
primary,NOG-FO,0.0055,45,32,True,794,25408,15362,491584,0.0049708206206560135
primary,NOG-FO,0.0055,46,32,True,890,28480,15362,491584,0.005540818907320499
primary,NOG-FO,0.0055,47,32,True,938,30016,15362,491584,0.004926380235701799
primary,NOG-FO,0.0055,48,32,True,770,24640,15362,491584,0.005595148541033268
primary,NOG-FO,0.0055,49,32,True,1130,36160,15362,491584,0.006439909338951111
primary,ME-DOL-FO,0.0055,20,96,True,312,29952,15360,1474560,0.0044600400142371655
primary,ME-DOL-FO,0.0055,21,96,True,408,39168,15360,1474560,0.004907748196274042
primary,ME-DOL-FO,0.0055,22,96,True,360,34560,15360,1474560,0.004670923575758934
primary,ME-DOL-FO,0.0055,23,96,True,360,34560,15360,1474560,0.004752333275973797
primary,ME-DOL-FO,0.0055,24,96,True,456,43776,15360,1474560,0.005285711493343115
primary,ME-DOL-FO,0.0055,25,96,True,336,32256,15360,1474560,0.0051302784122526646
primary,ME-DOL-FO,0.0055,26,96,True,384,36864,15360,1474560,0.004465966019779444
primary,ME-DOL-FO,0.0055,27,96,True,432,41472,15360,1474560,0.004828025586903095
primary,ME-DOL-FO,0.0055,28,96,True,312,29952,15360,1474560,0.004635349847376347
primary,ME-DOL-FO,0.0055,29,96,True,384,36864,15360,1474560,0.005818236619234085
primary,ME-DOL-FO,0.0055,30,96,True,432,41472,15360,1474560,0.005084903445094824
primary,ME-DOL-FO,0.0055,31,96,True,408,39168,15360,1474560,0.00402864022180438
primary,ME-DOL-FO,0.0055,32,96,True,432,41472,15360,1474560,0.005135034676641226
primary,ME-DOL-FO,0.0055,33,96,True,360,34560,15360,1474560,0.0052206735126674175
primary,ME-DOL-FO,0.0055,34,96,True,312,29952,15360,1474560,0.00488069374114275
primary,ME-DOL-FO,0.0055,35,96,True,504,48384,15360,1474560,0.005171365104615688
primary,ME-DOL-FO,0.0055,36,96,True,336,32256,15360,1474560,0.0048582423478364944
primary,ME-DOL-FO,0.0055,37,96,True,336,32256,15360,1474560,0.004885744769126177
primary,ME-DOL-FO,0.0055,38,96,True,384,36864,15360,1474560,0.005492310971021652
primary,ME-DOL-FO,0.0055,39,96,True,384,36864,15360,1474560,0.005355748347938061
primary,ME-DOL-FO,0.0055,40,96,True,288,27648,15360,1474560,0.00529347313567996
primary,ME-DOL-FO,0.0055,41,96,True,432,41472,15360,1474560,0.005234345328062773
primary,ME-DOL-FO,0.0055,42,96,True,480,46080,15360,1474560,0.005015438422560692
primary,ME-DOL-FO,0.0055,43,96,True,336,32256,15360,1474560,0.004842742346227169
primary,ME-DOL-FO,0.0055,44,96,True,384,36864,15360,1474560,0.004749505780637264
primary,ME-DOL-FO,0.0055,45,96,True,360,34560,15360,1474560,0.004355982411652803
primary,ME-DOL-FO,0.0055,46,96,True,480,46080,15360,1474560,0.005164123140275478
primary,ME-DOL-FO,0.0055,47,96,True,360,34560,15360,1474560,0.005451726261526346
primary,ME-DOL-FO,0.0055,48,96,True,312,29952,15360,1474560,0.004972527269273996
primary,ME-DOL-FO,0.0055,49,96,True,336,32256,15360,1474560,0.005355944391340017
primary,NOG-FO,0.00525,20,64,True,650,41600,15362,983168,0.0058512077666819096
primary,NOG-FO,0.00525,21,64,True,602,38528,15362,983168,0.004248166922479868
primary,NOG-FO,0.00525,22,64,True,602,38528,15362,983168,0.005307183600962162
primary,NOG-FO,0.00525,23,64,True,674,43136,15362,983168,0.004616369027644396
primary,NOG-FO,0.00525,24,64,True,722,46208,15362,983168,0.00543077290058136
primary,NOG-FO,0.00525,25,64,True,746,47744,15362,983168,0.004676653537899256
primary,NOG-FO,0.00525,26,64,True,650,41600,15362,983168,0.004756109789013863
primary,NOG-FO,0.00525,27,64,True,530,33920,15362,983168,0.004329920746386051
primary,NOG-FO,0.00525,28,64,True,650,41600,15362,983168,0.004786589182913303
primary,NOG-FO,0.00525,29,64,True,602,38528,15362,983168,0.005249218549579382
primary,NOG-FO,0.00525,30,64,True,530,33920,15362,983168,0.004639728460460901
primary,NOG-FO,0.00525,31,64,True,674,43136,15362,983168,0.005226145964115858
primary,NOG-FO,0.00525,32,64,True,698,44672,15362,983168,0.005303763318806887
primary,NOG-FO,0.00525,33,64,True,650,41600,15362,983168,0.005681308917701244
primary,NOG-FO,0.00525,34,64,True,602,38528,15362,983168,0.004925215616822243
primary,NOG-FO,0.00525,35,64,True,818,52352,15362,983168,0.004793446511030197
primary,NOG-FO,0.00525,36,64,True,602,38528,15362,983168,0.004617022816091776
primary,NOG-FO,0.00525,37,64,True,530,33920,15362,983168,0.0049845934845507145
primary,NOG-FO,0.00525,38,64,True,698,44672,15362,983168,0.00549885630607605
primary,NOG-FO,0.00525,39,64,True,674,43136,15362,983168,0.004897801671177149
primary,NOG-FO,0.00525,40,64,True,602,38528,15362,983168,0.004738953895866871
primary,NOG-FO,0.00525,41,64,True,602,38528,15362,983168,0.004655617754906416
primary,NOG-FO,0.00525,42,64,True,626,40064,15362,983168,0.00500759482383728
primary,NOG-FO,0.00525,43,64,True,602,38528,15362,983168,0.0057205017656087875
primary,NOG-FO,0.00525,44,64,True,698,44672,15362,983168,0.004904740024358034
primary,NOG-FO,0.00525,45,64,True,578,36992,15362,983168,0.005507957190275192
primary,NOG-FO,0.00525,46,64,True,578,36992,15362,983168,0.004662308841943741
primary,NOG-FO,0.00525,47,64,True,530,33920,15362,983168,0.004420998971909285
primary,NOG-FO,0.00525,48,64,True,626,40064,15362,983168,0.004839714616537094
primary,NOG-FO,0.00525,49,64,True,650,41600,15362,983168,0.00463594077154994
primary,ME-DOL-FO,0.00525,20,128,True,336,43008,15360,1966080,0.0037378035485744476
primary,ME-DOL-FO,0.00525,21,128,True,384,49152,15360,1966080,0.004117005504667759
primary,ME-DOL-FO,0.00525,22,128,True,312,39936,15360,1966080,0.004310206044465303
primary,ME-DOL-FO,0.00525,23,128,True,336,43008,15360,1966080,0.004546922165900469
primary,ME-DOL-FO,0.00525,24,128,True,384,49152,15360,1966080,0.005402629729360342
primary,ME-DOL-FO,0.00525,25,128,True,336,43008,15360,1966080,0.0044631436467170715
primary,ME-DOL-FO,0.00525,26,128,True,360,46080,15360,1966080,0.003803757717832923
primary,ME-DOL-FO,0.00525,27,128,True,456,58368,15360,1966080,0.004638920072466135
primary,ME-DOL-FO,0.00525,28,128,True,312,39936,15360,1966080,0.004202918615192175
primary,ME-DOL-FO,0.00525,29,128,True,384,49152,15360,1966080,0.004934773780405521
primary,ME-DOL-FO,0.00525,30,128,True,432,55296,15360,1966080,0.004342846572399139
primary,ME-DOL-FO,0.00525,31,128,True,360,46080,15360,1966080,0.0035148141905665398
primary,ME-DOL-FO,0.00525,32,128,True,384,49152,15360,1966080,0.00441720150411129
primary,ME-DOL-FO,0.00525,33,128,True,360,46080,15360,1966080,0.004509975202381611
primary,ME-DOL-FO,0.00525,34,128,True,360,46080,15360,1966080,0.004648780450224876
primary,ME-DOL-FO,0.00525,35,128,True,432,55296,15360,1966080,0.004584192298352718
primary,ME-DOL-FO,0.00525,36,128,True,312,39936,15360,1966080,0.004172820132225752
primary,ME-DOL-FO,0.00525,37,128,True,312,39936,15360,1966080,0.004339063074439764
primary,ME-DOL-FO,0.00525,38,128,True,384,49152,15360,1966080,0.004921713378280401
primary,ME-DOL-FO,0.00525,39,128,True,384,49152,15360,1966080,0.0048490408807992935
primary,ME-DOL-FO,0.00525,40,128,True,288,36864,15360,1966080,0.004698697943240404
primary,ME-DOL-FO,0.00525,41,128,True,432,55296,15360,1966080,0.004538822919130325
primary,ME-DOL-FO,0.00525,42,128,True,360,46080,15360,1966080,0.0047236355021595955
primary,ME-DOL-FO,0.00525,43,128,True,288,36864,15360,1966080,0.004472449421882629
primary,ME-DOL-FO,0.00525,44,128,True,384,49152,15360,1966080,0.004600488115102053
primary,ME-DOL-FO,0.00525,45,128,True,360,46080,15360,1966080,0.00426440266892314
primary,ME-DOL-FO,0.00525,46,128,True,312,39936,15360,1966080,0.004609107039868832
primary,ME-DOL-FO,0.00525,47,128,True,384,49152,15360,1966080,0.0048959460109472275
primary,ME-DOL-FO,0.00525,48,128,True,312,39936,15360,1966080,0.004197908565402031
primary,ME-DOL-FO,0.00525,49,128,True,336,43008,15360,1966080,0.004685222636908293
primary,NOG-FO,0.005,20,64,True,818,52352,15362,983168,0.0058512077666819096
primary,NOG-FO,0.005,21,64,True,674,43136,15362,983168,0.004248166922479868
primary,NOG-FO,0.005,22,64,True,674,43136,15362,983168,0.005307183600962162
primary,NOG-FO,0.005,23,64,True,770,49280,15362,983168,0.004616369027644396
primary,NOG-FO,0.005,24,64,True,722,46208,15362,983168,0.00543077290058136
primary,NOG-FO,0.005,25,64,True,890,56960,15362,983168,0.004676653537899256
primary,NOG-FO,0.005,26,64,True,650,41600,15362,983168,0.004756109789013863
primary,NOG-FO,0.005,27,64,True,554,35456,15362,983168,0.004329920746386051
primary,NOG-FO,0.005,28,64,True,650,41600,15362,983168,0.004786589182913303
primary,NOG-FO,0.005,29,64,True,602,38528,15362,983168,0.005249218549579382
primary,NOG-FO,0.005,30,64,True,554,35456,15362,983168,0.004639728460460901
primary,NOG-FO,0.005,31,64,True,722,46208,15362,983168,0.005226145964115858
primary,NOG-FO,0.005,32,64,True,890,56960,15362,983168,0.005303763318806887
primary,NOG-FO,0.005,33,64,True,674,43136,15362,983168,0.005681308917701244
primary,NOG-FO,0.005,34,64,True,698,44672,15362,983168,0.004925215616822243
primary,NOG-FO,0.005,35,64,True,866,55424,15362,983168,0.004793446511030197
primary,NOG-FO,0.005,36,64,True,698,44672,15362,983168,0.004617022816091776
primary,NOG-FO,0.005,37,64,True,722,46208,15362,983168,0.0049845934845507145
primary,NOG-FO,0.005,38,64,True,770,49280,15362,983168,0.00549885630607605
primary,NOG-FO,0.005,39,64,True,866,55424,15362,983168,0.004897801671177149
primary,NOG-FO,0.005,40,64,True,602,38528,15362,983168,0.004738953895866871
primary,NOG-FO,0.005,41,64,True,602,38528,15362,983168,0.004655617754906416
primary,NOG-FO,0.005,42,64,True,746,47744,15362,983168,0.00500759482383728
primary,NOG-FO,0.005,43,64,True,650,41600,15362,983168,0.0057205017656087875
primary,NOG-FO,0.005,44,64,True,722,46208,15362,983168,0.004904740024358034
primary,NOG-FO,0.005,45,64,True,746,47744,15362,983168,0.005507957190275192
primary,NOG-FO,0.005,46,64,True,818,52352,15362,983168,0.004662308841943741
primary,NOG-FO,0.005,47,64,True,554,35456,15362,983168,0.004420998971909285
primary,NOG-FO,0.005,48,64,True,674,43136,15362,983168,0.004839714616537094
primary,NOG-FO,0.005,49,64,True,650,41600,15362,983168,0.00463594077154994
primary,ME-DOL-FO,0.005,20,128,True,336,43008,15360,1966080,0.0037378035485744476
primary,ME-DOL-FO,0.005,21,128,True,408,52224,15360,1966080,0.004117005504667759
primary,ME-DOL-FO,0.005,22,128,True,312,39936,15360,1966080,0.004310206044465303
primary,ME-DOL-FO,0.005,23,128,True,336,43008,15360,1966080,0.004546922165900469
primary,ME-DOL-FO,0.005,24,128,True,384,49152,15360,1966080,0.005402629729360342
primary,ME-DOL-FO,0.005,25,128,True,480,61440,15360,1966080,0.0044631436467170715
primary,ME-DOL-FO,0.005,26,128,True,384,49152,15360,1966080,0.003803757717832923
primary,ME-DOL-FO,0.005,27,128,True,456,58368,15360,1966080,0.004638920072466135
primary,ME-DOL-FO,0.005,28,128,True,336,43008,15360,1966080,0.004202918615192175
primary,ME-DOL-FO,0.005,29,128,True,384,49152,15360,1966080,0.004934773780405521
primary,ME-DOL-FO,0.005,30,128,True,432,55296,15360,1966080,0.004342846572399139
primary,ME-DOL-FO,0.005,31,128,True,384,49152,15360,1966080,0.0035148141905665398
primary,ME-DOL-FO,0.005,32,128,True,432,55296,15360,1966080,0.00441720150411129
primary,ME-DOL-FO,0.005,33,128,True,360,46080,15360,1966080,0.004509975202381611
primary,ME-DOL-FO,0.005,34,128,True,360,46080,15360,1966080,0.004648780450224876
primary,ME-DOL-FO,0.005,35,128,True,456,58368,15360,1966080,0.004584192298352718
primary,ME-DOL-FO,0.005,36,128,True,312,39936,15360,1966080,0.004172820132225752
primary,ME-DOL-FO,0.005,37,128,True,336,43008,15360,1966080,0.004339063074439764
primary,ME-DOL-FO,0.005,38,128,True,384,49152,15360,1966080,0.004921713378280401
primary,ME-DOL-FO,0.005,39,128,True,384,49152,15360,1966080,0.0048490408807992935
primary,ME-DOL-FO,0.005,40,128,True,288,36864,15360,1966080,0.004698697943240404
primary,ME-DOL-FO,0.005,41,128,True,432,55296,15360,1966080,0.004538822919130325
primary,ME-DOL-FO,0.005,42,128,True,408,52224,15360,1966080,0.0047236355021595955
primary,ME-DOL-FO,0.005,43,128,True,312,39936,15360,1966080,0.004472449421882629
primary,ME-DOL-FO,0.005,44,128,True,384,49152,15360,1966080,0.004600488115102053
primary,ME-DOL-FO,0.005,45,128,True,360,46080,15360,1966080,0.00426440266892314
primary,ME-DOL-FO,0.005,46,128,True,312,39936,15360,1966080,0.004609107039868832
primary,ME-DOL-FO,0.005,47,128,True,408,52224,15360,1966080,0.0048959460109472275
primary,ME-DOL-FO,0.005,48,128,True,312,39936,15360,1966080,0.004197908565402031
primary,ME-DOL-FO,0.005,49,128,True,336,43008,15360,1966080,0.004685222636908293
primary,NOG-FO,0.00475,20,96,True,674,64704,15362,1474752,0.005257111974060535
primary,NOG-FO,0.00475,21,96,True,674,64704,15362,1474752,0.004290360491722822
primary,NOG-FO,0.00475,22,96,True,674,64704,15362,1474752,0.005263700615614653
primary,NOG-FO,0.00475,23,96,True,650,62400,15362,1474752,0.004442162346094847
primary,NOG-FO,0.00475,24,96,True,818,78528,15362,1474752,0.004965457133948803
primary,NOG-FO,0.00475,25,96,True,554,53184,15362,1474752,0.004533488303422928
primary,NOG-FO,0.00475,26,96,True,650,62400,15362,1474752,0.004449783358722925
primary,NOG-FO,0.00475,27,96,True,482,46272,15362,1474752,0.004012830555438995
primary,NOG-FO,0.00475,28,96,True,602,57792,15362,1474752,0.004777575843036175
primary,NOG-FO,0.00475,29,96,True,482,46272,15362,1474752,0.0049270219169557095
primary,NOG-FO,0.00475,30,96,True,506,48576,15362,1474752,0.0047076367773115635
primary,NOG-FO,0.00475,31,96,True,650,62400,15362,1474752,0.0044399769976735115
primary,NOG-FO,0.00475,32,96,True,650,62400,15362,1474752,0.005550525151193142
primary,NOG-FO,0.00475,33,96,True,482,46272,15362,1474752,0.005303800571709871
primary,NOG-FO,0.00475,34,96,True,698,67008,15362,1474752,0.004827885422855616
primary,NOG-FO,0.00475,35,96,True,578,55488,15362,1474752,0.004462590906769037
primary,NOG-FO,0.00475,36,96,True,506,48576,15362,1474752,0.004154520109295845
primary,NOG-FO,0.00475,37,96,True,482,46272,15362,1474752,0.004843622911721468
primary,NOG-FO,0.00475,38,96,True,506,48576,15362,1474752,0.0048982733860611916
primary,NOG-FO,0.00475,39,96,True,554,53184,15362,1474752,0.004890358075499535
primary,NOG-FO,0.00475,40,96,True,458,43968,15362,1474752,0.0037026202771812677
primary,NOG-FO,0.00475,41,96,True,530,50880,15362,1474752,0.004961405415087938
primary,NOG-FO,0.00475,42,96,True,626,60096,15362,1474752,0.004565879236906767
primary,NOG-FO,0.00475,43,96,True,482,46272,15362,1474752,0.005232121329754591
primary,NOG-FO,0.00475,44,96,True,626,60096,15362,1474752,0.004360649269074202
primary,NOG-FO,0.00475,45,96,True,506,48576,15362,1474752,0.005208828952163458
primary,NOG-FO,0.00475,46,96,True,722,69312,15362,1474752,0.0044014030136168
primary,NOG-FO,0.00475,47,96,True,482,46272,15362,1474752,0.004334737081080675
primary,NOG-FO,0.00475,48,96,True,482,46272,15362,1474752,0.004488504026085138
primary,NOG-FO,0.00475,49,96,True,578,55488,15362,1474752,0.004903689958155155
primary,ME-DOL-FO,0.00475,20,128,True,336,43008,15360,1966080,0.0037378035485744476
primary,ME-DOL-FO,0.00475,21,128,True,456,58368,15360,1966080,0.004117005504667759
primary,ME-DOL-FO,0.00475,22,128,True,360,46080,15360,1966080,0.004310206044465303
primary,ME-DOL-FO,0.00475,23,128,True,456,58368,15360,1966080,0.004546922165900469
primary,ME-DOL-FO,0.00475,24,128,True,456,58368,15360,1966080,0.005402629729360342
primary,ME-DOL-FO,0.00475,25,128,True,528,67584,15360,1966080,0.0044631436467170715
primary,ME-DOL-FO,0.00475,26,128,True,384,49152,15360,1966080,0.003803757717832923
primary,ME-DOL-FO,0.00475,27,128,True,480,61440,15360,1966080,0.004638920072466135
primary,ME-DOL-FO,0.00475,28,128,True,384,49152,15360,1966080,0.004202918615192175
primary,ME-DOL-FO,0.00475,29,128,True,408,52224,15360,1966080,0.004934773780405521
primary,ME-DOL-FO,0.00475,30,128,True,456,58368,15360,1966080,0.004342846572399139
primary,ME-DOL-FO,0.00475,31,128,True,480,61440,15360,1966080,0.0035148141905665398
primary,ME-DOL-FO,0.00475,32,128,True,432,55296,15360,1966080,0.00441720150411129
primary,ME-DOL-FO,0.00475,33,128,True,360,46080,15360,1966080,0.004509975202381611
primary,ME-DOL-FO,0.00475,34,128,True,360,46080,15360,1966080,0.004648780450224876
primary,ME-DOL-FO,0.00475,35,128,True,624,79872,15360,1966080,0.004584192298352718
primary,ME-DOL-FO,0.00475,36,128,True,336,43008,15360,1966080,0.004172820132225752
primary,ME-DOL-FO,0.00475,37,128,True,336,43008,15360,1966080,0.004339063074439764
primary,ME-DOL-FO,0.00475,38,128,True,408,52224,15360,1966080,0.004921713378280401
primary,ME-DOL-FO,0.00475,39,128,True,432,55296,15360,1966080,0.0048490408807992935
primary,ME-DOL-FO,0.00475,40,128,True,312,39936,15360,1966080,0.004698697943240404
primary,ME-DOL-FO,0.00475,41,128,True,576,73728,15360,1966080,0.004538822919130325
primary,ME-DOL-FO,0.00475,42,128,True,408,52224,15360,1966080,0.0047236355021595955
primary,ME-DOL-FO,0.00475,43,128,True,312,39936,15360,1966080,0.004472449421882629
primary,ME-DOL-FO,0.00475,44,128,True,456,58368,15360,1966080,0.004600488115102053
primary,ME-DOL-FO,0.00475,45,128,True,360,46080,15360,1966080,0.00426440266892314
primary,ME-DOL-FO,0.00475,46,128,True,504,64512,15360,1966080,0.004609107039868832
primary,ME-DOL-FO,0.00475,47,128,True,408,52224,15360,1966080,0.0048959460109472275
primary,ME-DOL-FO,0.00475,48,128,True,336,43008,15360,1966080,0.004197908565402031
primary,ME-DOL-FO,0.00475,49,128,True,576,73728,15360,1966080,0.004685222636908293
primary,NOG-FO,0.0045,20,128,True,482,61696,15362,1966336,0.005150428507477045
primary,NOG-FO,0.0045,21,128,True,626,80128,15362,1966336,0.004431174136698246
primary,NOG-FO,0.0045,22,128,True,506,64768,15362,1966336,0.004824739880859852
primary,NOG-FO,0.0045,23,128,True,650,83200,15362,1966336,0.004245338961482048
primary,NOG-FO,0.0045,24,128,True,722,92416,15362,1966336,0.004293826874345541
primary,NOG-FO,0.0045,25,128,True,506,64768,15362,1966336,0.004189816769212484
primary,NOG-FO,0.0045,26,128,True,602,77056,15362,1966336,0.004295044112950563
primary,NOG-FO,0.0045,27,128,True,458,58624,15362,1966336,0.004179331474006176
primary,NOG-FO,0.0045,28,128,True,530,67840,15362,1966336,0.004433526657521725
primary,NOG-FO,0.0045,29,128,True,458,58624,15362,1966336,0.004697842989116907
primary,NOG-FO,0.0045,30,128,True,722,92416,15362,1966336,0.004283185116946697
primary,NOG-FO,0.0045,31,128,True,530,67840,15362,1966336,0.003942645154893398
primary,NOG-FO,0.0045,32,128,True,626,80128,15362,1966336,0.005316162947565317
primary,NOG-FO,0.0045,33,128,True,458,58624,15362,1966336,0.0048907543532550335
primary,NOG-FO,0.0045,34,128,True,698,89344,15362,1966336,0.004822808783501387
primary,NOG-FO,0.0045,35,128,True,578,73984,15362,1966336,0.0042646946385502815
primary,NOG-FO,0.0045,36,128,True,482,61696,15362,1966336,0.004253244958817959
primary,NOG-FO,0.0045,37,128,True,410,52480,15362,1966336,0.0044394247233867645
primary,NOG-FO,0.0045,38,128,True,434,55552,15362,1966336,0.0043869782239198685
primary,NOG-FO,0.0045,39,128,True,842,107776,15362,1966336,0.004605554044246674
primary,NOG-FO,0.0045,40,128,True,458,58624,15362,1966336,0.0037176248151808977
primary,NOG-FO,0.0045,41,128,True,506,64768,15362,1966336,0.00476266210898757
primary,NOG-FO,0.0045,42,128,True,482,61696,15362,1966336,0.00474129943177104
primary,NOG-FO,0.0045,43,128,True,434,55552,15362,1966336,0.00503550237044692
primary,NOG-FO,0.0045,44,128,True,530,67840,15362,1966336,0.004475705325603485
primary,NOG-FO,0.0045,45,128,True,434,55552,15362,1966336,0.005276159383356571
primary,NOG-FO,0.0045,46,128,True,746,95488,15362,1966336,0.0040459344163537025
primary,NOG-FO,0.0045,47,128,True,458,58624,15362,1966336,0.004102887585759163
primary,NOG-FO,0.0045,48,128,True,578,73984,15362,1966336,0.004182206932455301
primary,NOG-FO,0.0045,49,128,True,578,73984,15362,1966336,0.004564349539577961
primary,ME-DOL-FO,0.0045,20,128,True,456,58368,15360,1966080,0.0037378035485744476
primary,ME-DOL-FO,0.0045,21,128,True,504,64512,15360,1966080,0.004117005504667759
primary,ME-DOL-FO,0.0045,22,128,True,528,67584,15360,1966080,0.004310206044465303
primary,ME-DOL-FO,0.0045,23,128,True,648,82944,15360,1966080,0.004546922165900469
primary,ME-DOL-FO,0.0045,24,128,True,504,64512,15360,1966080,0.005402629729360342
primary,ME-DOL-FO,0.0045,25,128,True,528,67584,15360,1966080,0.0044631436467170715
primary,ME-DOL-FO,0.0045,26,128,True,384,49152,15360,1966080,0.003803757717832923
primary,ME-DOL-FO,0.0045,27,128,True,528,67584,15360,1966080,0.004638920072466135
primary,ME-DOL-FO,0.0045,28,128,True,384,49152,15360,1966080,0.004202918615192175
primary,ME-DOL-FO,0.0045,29,128,True,408,52224,15360,1966080,0.004934773780405521
primary,ME-DOL-FO,0.0045,30,128,True,480,61440,15360,1966080,0.004342846572399139
primary,ME-DOL-FO,0.0045,31,128,True,480,61440,15360,1966080,0.0035148141905665398
primary,ME-DOL-FO,0.0045,32,128,True,432,55296,15360,1966080,0.00441720150411129
primary,ME-DOL-FO,0.0045,33,128,True,408,52224,15360,1966080,0.004509975202381611
primary,ME-DOL-FO,0.0045,34,128,True,360,46080,15360,1966080,0.004648780450224876
primary,ME-DOL-FO,0.0045,35,128,True,624,79872,15360,1966080,0.004584192298352718
primary,ME-DOL-FO,0.0045,36,128,True,336,43008,15360,1966080,0.004172820132225752
primary,ME-DOL-FO,0.0045,37,128,True,384,49152,15360,1966080,0.004339063074439764
primary,ME-DOL-FO,0.0045,38,128,True,408,52224,15360,1966080,0.004921713378280401
primary,ME-DOL-FO,0.0045,39,128,True,528,67584,15360,1966080,0.0048490408807992935
primary,ME-DOL-FO,0.0045,40,128,True,312,39936,15360,1966080,0.004698697943240404
primary,ME-DOL-FO,0.0045,41,128,True,624,79872,15360,1966080,0.004538822919130325
primary,ME-DOL-FO,0.0045,42,128,True,408,52224,15360,1966080,0.0047236355021595955
primary,ME-DOL-FO,0.0045,43,128,True,336,43008,15360,1966080,0.004472449421882629
primary,ME-DOL-FO,0.0045,44,128,True,456,58368,15360,1966080,0.004600488115102053
primary,ME-DOL-FO,0.0045,45,128,True,648,82944,15360,1966080,0.00426440266892314
primary,ME-DOL-FO,0.0045,46,128,True,576,73728,15360,1966080,0.004609107039868832
primary,ME-DOL-FO,0.0045,47,128,True,408,52224,15360,1966080,0.0048959460109472275
primary,ME-DOL-FO,0.0045,48,128,True,408,52224,15360,1966080,0.004197908565402031
primary,ME-DOL-FO,0.0045,49,128,True,576,73728,15360,1966080,0.004685222636908293
primary,NOG-FO,0.00425,20,256,True,362,92672,15362,3932672,0.004411542788147926
primary,NOG-FO,0.00425,21,256,True,458,117248,15362,3932672,0.004390596877783537
primary,NOG-FO,0.00425,22,256,True,338,86528,15362,3932672,0.004308778326958418
primary,NOG-FO,0.00425,23,256,True,362,92672,15362,3932672,0.003727617906406522
primary,NOG-FO,0.00425,24,256,True,362,92672,15362,3932672,0.0037383632734417915
primary,NOG-FO,0.00425,25,256,True,506,129536,15362,3932672,0.003472025040537119
primary,NOG-FO,0.00425,26,256,True,578,147968,15362,3932672,0.00362298428080976
primary,NOG-FO,0.00425,27,256,True,386,98816,15362,3932672,0.0038508980069309473
primary,NOG-FO,0.00425,28,256,True,338,86528,15362,3932672,0.004350127652287483
primary,NOG-FO,0.00425,29,256,True,362,92672,15362,3932672,0.003862138604745269
primary,NOG-FO,0.00425,30,256,True,362,92672,15362,3932672,0.0034750187769532204
primary,NOG-FO,0.00425,31,256,True,386,98816,15362,3932672,0.0036739553324878216
primary,NOG-FO,0.00425,32,256,True,386,98816,15362,3932672,0.004448730032891035
primary,NOG-FO,0.00425,33,256,True,362,92672,15362,3932672,0.004319831728935242
primary,NOG-FO,0.00425,34,256,True,434,111104,15362,3932672,0.004096765536814928
primary,NOG-FO,0.00425,35,256,True,434,111104,15362,3932672,0.004163854289799929
primary,NOG-FO,0.00425,36,256,True,362,92672,15362,3932672,0.004146267659962177
primary,NOG-FO,0.00425,37,256,True,338,86528,15362,3932672,0.003967549651861191
primary,NOG-FO,0.00425,38,256,True,362,92672,15362,3932672,0.004389399662613869
primary,NOG-FO,0.00425,39,256,True,362,92672,15362,3932672,0.0038403617218136787
primary,NOG-FO,0.00425,40,256,True,410,104960,15362,3932672,0.0032745113130658865
primary,NOG-FO,0.00425,41,256,True,386,98816,15362,3932672,0.003906679805368185
primary,NOG-FO,0.00425,42,256,True,458,117248,15362,3932672,0.004274856299161911
primary,NOG-FO,0.00425,43,256,True,386,98816,15362,3932672,0.004181978292763233
primary,NOG-FO,0.00425,44,256,True,362,92672,15362,3932672,0.004394602030515671
primary,NOG-FO,0.00425,45,256,True,434,111104,15362,3932672,0.004265975672751665
primary,NOG-FO,0.00425,46,256,True,338,86528,15362,3932672,0.0037685490678995848
primary,NOG-FO,0.00425,47,256,True,362,92672,15362,3932672,0.0038774728309363127
primary,NOG-FO,0.00425,48,256,True,338,86528,15362,3932672,0.00359745929017663
primary,NOG-FO,0.00425,49,256,True,362,92672,15362,3932672,0.003624201053753495
primary,ME-DOL-FO,0.00425,20,192,True,336,64512,15360,2949120,0.003249466186389327
primary,ME-DOL-FO,0.00425,21,192,True,432,82944,15360,2949120,0.00387671310454607
primary,ME-DOL-FO,0.00425,22,192,True,336,64512,15360,2949120,0.003845908911898732
primary,ME-DOL-FO,0.00425,23,192,True,456,87552,15360,2949120,0.0038107505533844233
primary,ME-DOL-FO,0.00425,24,192,True,456,87552,15360,2949120,0.004333555698394775
primary,ME-DOL-FO,0.00425,25,192,True,504,96768,15360,2949120,0.0037861354649066925
primary,ME-DOL-FO,0.00425,26,192,True,360,69120,15360,2949120,0.0032761518377810717
primary,ME-DOL-FO,0.00425,27,192,True,432,82944,15360,2949120,0.0038814281579107046
primary,ME-DOL-FO,0.00425,28,192,True,360,69120,15360,2949120,0.0034846672788262367
primary,ME-DOL-FO,0.00425,29,192,True,408,78336,15360,2949120,0.0047100312076509
primary,ME-DOL-FO,0.00425,30,192,True,432,82944,15360,2949120,0.003672969061881304
primary,ME-DOL-FO,0.00425,31,192,True,456,87552,15360,2949120,0.003127882955595851
primary,ME-DOL-FO,0.00425,32,192,True,384,73728,15360,2949120,0.003891507163643837
primary,ME-DOL-FO,0.00425,33,192,True,360,69120,15360,2949120,0.004423522390425205
primary,ME-DOL-FO,0.00425,34,192,True,360,69120,15360,2949120,0.0038389379624277353
primary,ME-DOL-FO,0.00425,35,192,True,432,82944,15360,2949120,0.004115972202271223
primary,ME-DOL-FO,0.00425,36,192,True,384,73728,15360,2949120,0.003913538530468941
primary,ME-DOL-FO,0.00425,37,192,True,336,64512,15360,2949120,0.0036228911485522985
primary,ME-DOL-FO,0.00425,38,192,True,384,73728,15360,2949120,0.004328339360654354
primary,ME-DOL-FO,0.00425,39,192,True,432,82944,15360,2949120,0.0040750037878751755
primary,ME-DOL-FO,0.00425,40,192,True,336,64512,15360,2949120,0.003932724706828594
primary,ME-DOL-FO,0.00425,41,192,True,480,92160,15360,2949120,0.003844222519546747
primary,ME-DOL-FO,0.00425,42,192,True,384,73728,15360,2949120,0.00385815417394042
primary,ME-DOL-FO,0.00425,43,192,True,336,64512,15360,2949120,0.0042968206107616425
primary,ME-DOL-FO,0.00425,44,192,True,408,78336,15360,2949120,0.004094715695828199
primary,ME-DOL-FO,0.00425,45,192,True,360,69120,15360,2949120,0.0036790554877370596
primary,ME-DOL-FO,0.00425,46,192,True,312,59904,15360,2949120,0.0035340662579983473
primary,ME-DOL-FO,0.00425,47,192,True,408,78336,15360,2949120,0.004216328263282776
primary,ME-DOL-FO,0.00425,48,192,True,312,59904,15360,2949120,0.0035953428596258163
primary,ME-DOL-FO,0.00425,49,192,True,456,87552,15360,2949120,0.003978831227868795
primary,NOG-FO,0.004,20,256,True,362,92672,15362,3932672,0.004411542788147926
primary,NOG-FO,0.004,21,256,True,458,117248,15362,3932672,0.004390596877783537
primary,NOG-FO,0.004,22,256,True,410,104960,15362,3932672,0.004308778326958418
primary,NOG-FO,0.004,23,256,True,410,104960,15362,3932672,0.003727617906406522
primary,NOG-FO,0.004,24,256,True,362,92672,15362,3932672,0.0037383632734417915
primary,NOG-FO,0.004,25,256,True,506,129536,15362,3932672,0.003472025040537119
primary,NOG-FO,0.004,26,256,True,578,147968,15362,3932672,0.00362298428080976
primary,NOG-FO,0.004,27,256,True,386,98816,15362,3932672,0.0038508980069309473
primary,NOG-FO,0.004,28,256,True,434,111104,15362,3932672,0.004350127652287483
primary,NOG-FO,0.004,29,256,True,410,104960,15362,3932672,0.003862138604745269
primary,NOG-FO,0.004,30,256,True,362,92672,15362,3932672,0.0034750187769532204
primary,NOG-FO,0.004,31,256,True,434,111104,15362,3932672,0.0036739553324878216
primary,NOG-FO,0.004,32,256,True,698,178688,15362,3932672,0.004448730032891035
primary,NOG-FO,0.004,33,256,True,362,92672,15362,3932672,0.004319831728935242
primary,NOG-FO,0.004,34,256,True,434,111104,15362,3932672,0.004096765536814928
primary,NOG-FO,0.004,35,256,True,434,111104,15362,3932672,0.004163854289799929
primary,NOG-FO,0.004,36,256,True,386,98816,15362,3932672,0.004146267659962177
primary,NOG-FO,0.004,37,256,True,362,92672,15362,3932672,0.003967549651861191
primary,NOG-FO,0.004,38,256,True,386,98816,15362,3932672,0.004389399662613869
primary,NOG-FO,0.004,39,256,True,362,92672,15362,3932672,0.0038403617218136787
primary,NOG-FO,0.004,40,256,True,434,111104,15362,3932672,0.0032745113130658865
primary,NOG-FO,0.004,41,256,True,506,129536,15362,3932672,0.003906679805368185
primary,NOG-FO,0.004,42,256,True,458,117248,15362,3932672,0.004274856299161911
primary,NOG-FO,0.004,43,256,True,386,98816,15362,3932672,0.004181978292763233
primary,NOG-FO,0.004,44,256,True,410,104960,15362,3932672,0.004394602030515671
primary,NOG-FO,0.004,45,256,True,434,111104,15362,3932672,0.004265975672751665
primary,NOG-FO,0.004,46,256,True,386,98816,15362,3932672,0.0037685490678995848
primary,NOG-FO,0.004,47,256,True,650,166400,15362,3932672,0.0038774728309363127
primary,NOG-FO,0.004,48,256,True,338,86528,15362,3932672,0.00359745929017663
primary,NOG-FO,0.004,49,256,True,362,92672,15362,3932672,0.003624201053753495
primary,ME-DOL-FO,0.004,20,192,True,360,69120,15360,2949120,0.003249466186389327
primary,ME-DOL-FO,0.004,21,192,True,504,96768,15360,2949120,0.00387671310454607
primary,ME-DOL-FO,0.004,22,192,True,360,69120,15360,2949120,0.003845908911898732
primary,ME-DOL-FO,0.004,23,192,True,504,96768,15360,2949120,0.0038107505533844233
primary,ME-DOL-FO,0.004,24,192,True,480,92160,15360,2949120,0.004333555698394775
primary,ME-DOL-FO,0.004,25,192,True,528,101376,15360,2949120,0.0037861354649066925
primary,ME-DOL-FO,0.004,26,192,True,480,92160,15360,2949120,0.0032761518377810717
primary,ME-DOL-FO,0.004,27,192,True,528,101376,15360,2949120,0.0038814281579107046
primary,ME-DOL-FO,0.004,28,192,True,408,78336,15360,2949120,0.0034846672788262367
primary,ME-DOL-FO,0.004,29,192,True,408,78336,15360,2949120,0.0047100312076509
primary,ME-DOL-FO,0.004,30,192,True,480,92160,15360,2949120,0.003672969061881304
primary,ME-DOL-FO,0.004,31,192,True,528,101376,15360,2949120,0.003127882955595851
primary,ME-DOL-FO,0.004,32,192,True,480,92160,15360,2949120,0.003891507163643837
primary,ME-DOL-FO,0.004,33,192,True,432,82944,15360,2949120,0.004423522390425205
primary,ME-DOL-FO,0.004,34,192,True,360,69120,15360,2949120,0.0038389379624277353
primary,ME-DOL-FO,0.004,35,192,True,552,105984,15360,2949120,0.004115972202271223
primary,ME-DOL-FO,0.004,36,192,True,480,92160,15360,2949120,0.003913538530468941
primary,ME-DOL-FO,0.004,37,192,True,360,69120,15360,2949120,0.0036228911485522985
primary,ME-DOL-FO,0.004,38,192,True,384,73728,15360,2949120,0.004328339360654354
primary,ME-DOL-FO,0.004,39,192,True,576,110592,15360,2949120,0.0040750037878751755
primary,ME-DOL-FO,0.004,40,192,True,432,82944,15360,2949120,0.003932724706828594
primary,ME-DOL-FO,0.004,41,192,True,576,110592,15360,2949120,0.003844222519546747
primary,ME-DOL-FO,0.004,42,192,True,408,78336,15360,2949120,0.00385815417394042
primary,ME-DOL-FO,0.004,43,192,True,336,64512,15360,2949120,0.0042968206107616425
primary,ME-DOL-FO,0.004,44,192,True,408,78336,15360,2949120,0.004094715695828199
primary,ME-DOL-FO,0.004,45,192,True,552,105984,15360,2949120,0.0036790554877370596
primary,ME-DOL-FO,0.004,46,192,True,552,105984,15360,2949120,0.0035340662579983473
primary,ME-DOL-FO,0.004,47,192,True,408,78336,15360,2949120,0.004216328263282776
primary,ME-DOL-FO,0.004,48,192,True,360,69120,15360,2949120,0.0035953428596258163
primary,ME-DOL-FO,0.004,49,192,True,456,87552,15360,2949120,0.003978831227868795
