method,base_method,iteration,round,worker_count,eval_point,time_sec,formal_seed,problem_seed,partition_seed,method_seed,oracle_type,work,total_work,per_worker_work_max,per_worker_work,eval_work,communication_round,depth,objective,stat_proxy,delta,lr_or_eta,small_batch,large_batch,restart_period,restart_mixing_rounds,candidate_id,candidate_parameters,batch_size,epoch_length,domain_radius,theory_multiplier
DGFM+,DGFM+,1,1,8,x_bar,0.5014636516571045,100,100100,200100,1225827990,szo,2048,2048,256,"[256, 256, 256, 256, 256, 256, 256, 256]",8192,2,2,0.7314548492431641,0.0098370676860213,0.1,0.001,16.0,128.0,24.0,1.0,DGFMplus__eta-0p001__large_batch-128__restart_mixing_rounds-1__restart_period-24__small_batch-16,"{""eta"": 0.001, ""large_batch"": 128, ""restart_mixing_rounds"": 1, ""restart_period"": 24, ""small_batch"": 16}",,,,
DGFM+,DGFM+,48,48,8,x_bar,5.967440366744995,100,100100,200100,1225827990,szo,27648,27648,3456,"[3456, 3456, 3456, 3456, 3456, 3456, 3456, 3456]",16384,96,96,0.7314916253089905,0.0113259451463818,0.1,0.001,16.0,128.0,24.0,1.0,DGFMplus__eta-0p001__large_batch-128__restart_mixing_rounds-1__restart_period-24__small_batch-16,"{""eta"": 0.001, ""large_batch"": 128, ""restart_mixing_rounds"": 1, ""restart_period"": 24, ""small_batch"": 16}",,,,
DGFM+,DGFM+,96,96,8,x_bar,11.845603466033936,100,100100,200100,1225827990,szo,55296,55296,6912,"[6912, 6912, 6912, 6912, 6912, 6912, 6912, 6912]",24576,192,192,0.7315105199813843,0.0109049892053008,0.1,0.001,16.0,128.0,24.0,1.0,DGFMplus__eta-0p001__large_batch-128__restart_mixing_rounds-1__restart_period-24__small_batch-16,"{""eta"": 0.001, ""large_batch"": 128, ""restart_mixing_rounds"": 1, ""restart_period"": 24, ""small_batch"": 16}",,,,
DGFM+,DGFM+,144,144,8,x_bar,17.73318600654602,100,100100,200100,1225827990,szo,82944,82944,10368,"[10368, 10368, 10368, 10368, 10368, 10368, 10368, 10368]",32768,288,288,0.7315223813056946,0.0101245120167732,0.1,0.001,16.0,128.0,24.0,1.0,DGFMplus__eta-0p001__large_batch-128__restart_mixing_rounds-1__restart_period-24__small_batch-16,"{""eta"": 0.001, ""large_batch"": 128, ""restart_mixing_rounds"": 1, ""restart_period"": 24, ""small_batch"": 16}",,,,
DGFM+,DGFM+,192,192,8,x_bar,23.66880440711975,100,100100,200100,1225827990,szo,110592,110592,13824,"[13824, 13824, 13824, 13824, 13824, 13824, 13824, 13824]",40960,384,384,0.7315377593040466,0.0108828926458954,0.1,0.001,16.0,128.0,24.0,1.0,DGFMplus__eta-0p001__large_batch-128__restart_mixing_rounds-1__restart_period-24__small_batch-16,"{""eta"": 0.001, ""large_batch"": 128, ""restart_mixing_rounds"": 1, ""restart_period"": 24, ""small_batch"": 16}",,,,
DGFM+,DGFM+,240,240,8,x_bar,29.58799910545349,100,100100,200100,1225827990,szo,138240,138240,17280,"[17280, 17280, 17280, 17280, 17280, 17280, 17280, 17280]",49152,480,480,0.731549859046936,0.0105417342856526,0.1,0.001,16.0,128.0,24.0,1.0,DGFMplus__eta-0p001__large_batch-128__restart_mixing_rounds-1__restart_period-24__small_batch-16,"{""eta"": 0.001, ""large_batch"": 128, ""restart_mixing_rounds"": 1, ""restart_period"": 24, ""small_batch"": 16}",,,,
DGFM+,DGFM+,288,288,8,x_bar,35.47982931137085,100,100100,200100,1225827990,szo,165888,165888,20736,"[20736, 20736, 20736, 20736, 20736, 20736, 20736, 20736]",57344,576,576,0.7315536141395569,0.0101098651066422,0.1,0.001,16.0,128.0,24.0,1.0,DGFMplus__eta-0p001__large_batch-128__restart_mixing_rounds-1__restart_period-24__small_batch-16,"{""eta"": 0.001, ""large_batch"": 128, ""restart_mixing_rounds"": 1, ""restart_period"": 24, ""small_batch"": 16}",,,,
DGFM+,DGFM+,336,336,8,x_bar,41.41270112991333,100,100100,200100,1225827990,szo,193536,193536,24192,"[24192, 24192, 24192, 24192, 24192, 24192, 24192, 24192]",65536,672,672,0.7315661311149597,0.0109444418922066,0.1,0.001,16.0,128.0,24.0,1.0,DGFMplus__eta-0p001__large_batch-128__restart_mixing_rounds-1__restart_period-24__small_batch-16,"{""eta"": 0.001, ""large_batch"": 128, ""restart_mixing_rounds"": 1, ""restart_period"": 24, ""small_batch"": 16}",,,,
DGFM+,DGFM+,384,384,8,x_bar,47.34455752372742,100,100100,200100,1225827990,szo,221184,221184,27648,"[27648, 27648, 27648, 27648, 27648, 27648, 27648, 27648]",73728,768,768,0.7315745949745178,0.0106862634420394,0.1,0.001,16.0,128.0,24.0,1.0,DGFMplus__eta-0p001__large_batch-128__restart_mixing_rounds-1__restart_period-24__small_batch-16,"{""eta"": 0.001, ""large_batch"": 128, ""restart_mixing_rounds"": 1, ""restart_period"": 24, ""small_batch"": 16}",,,,
DGFM+,DGFM+,432,432,8,x_bar,53.40812706947327,100,100100,200100,1225827990,szo,248832,248832,31104,"[31104, 31104, 31104, 31104, 31104, 31104, 31104, 31104]",81920,864,864,0.731575071811676,0.0102564301341772,0.1,0.001,16.0,128.0,24.0,1.0,DGFMplus__eta-0p001__large_batch-128__restart_mixing_rounds-1__restart_period-24__small_batch-16,"{""eta"": 0.001, ""large_batch"": 128, ""restart_mixing_rounds"": 1, ""restart_period"": 24, ""small_batch"": 16}",,,,
DGFM+,DGFM+,480,480,8,x_bar,59.37657141685486,100,100100,200100,1225827990,szo,276480,276480,34560,"[34560, 34560, 34560, 34560, 34560, 34560, 34560, 34560]",90112,960,960,0.731573224067688,0.0100859338417649,0.1,0.001,16.0,128.0,24.0,1.0,DGFMplus__eta-0p001__large_batch-128__restart_mixing_rounds-1__restart_period-24__small_batch-16,"{""eta"": 0.001, ""large_batch"": 128, ""restart_mixing_rounds"": 1, ""restart_period"": 24, ""small_batch"": 16}",,,,
DGFM+,DGFM+,1,1,8,x_bar,0.4961328506469726,101,100101,200101,845318908,szo,2048,2048,256,"[256, 256, 256, 256, 256, 256, 256, 256]",8192,2,2,0.7267054319381714,0.0103661585599184,0.1,0.001,16.0,128.0,24.0,1.0,DGFMplus__eta-0p001__large_batch-128__restart_mixing_rounds-1__restart_period-24__small_batch-16,"{""eta"": 0.001, ""large_batch"": 128, ""restart_mixing_rounds"": 1, ""restart_period"": 24, ""small_batch"": 16}",,,,
DGFM+,DGFM+,48,48,8,x_bar,6.004724740982056,101,100101,200101,845318908,szo,27648,27648,3456,"[3456, 3456, 3456, 3456, 3456, 3456, 3456, 3456]",16384,96,96,0.7267540693283081,0.0101699102669954,0.1,0.001,16.0,128.0,24.0,1.0,DGFMplus__eta-0p001__large_batch-128__restart_mixing_rounds-1__restart_period-24__small_batch-16,"{""eta"": 0.001, ""large_batch"": 128, ""restart_mixing_rounds"": 1, ""restart_period"": 24, ""small_batch"": 16}",,,,
DGFM+,DGFM+,96,96,8,x_bar,11.966282844543455,101,100101,200101,845318908,szo,55296,55296,6912,"[6912, 6912, 6912, 6912, 6912, 6912, 6912, 6912]",24576,192,192,0.726762592792511,0.0113949347287416,0.1,0.001,16.0,128.0,24.0,1.0,DGFMplus__eta-0p001__large_batch-128__restart_mixing_rounds-1__restart_period-24__small_batch-16,"{""eta"": 0.001, ""large_batch"": 128, ""restart_mixing_rounds"": 1, ""restart_period"": 24, ""small_batch"": 16}",,,,
DGFM+,DGFM+,144,144,8,x_bar,17.847506284713745,101,100101,200101,845318908,szo,82944,82944,10368,"[10368, 10368, 10368, 10368, 10368, 10368, 10368, 10368]",32768,288,288,0.7267650961875916,0.0118863172829151,0.1,0.001,16.0,128.0,24.0,1.0,DGFMplus__eta-0p001__large_batch-128__restart_mixing_rounds-1__restart_period-24__small_batch-16,"{""eta"": 0.001, ""large_batch"": 128, ""restart_mixing_rounds"": 1, ""restart_period"": 24, ""small_batch"": 16}",,,,
DGFM+,DGFM+,192,192,8,x_bar,23.714629888534542,101,100101,200101,845318908,szo,110592,110592,13824,"[13824, 13824, 13824, 13824, 13824, 13824, 13824, 13824]",40960,384,384,0.7267748713493347,0.0115642305463552,0.1,0.001,16.0,128.0,24.0,1.0,DGFMplus__eta-0p001__large_batch-128__restart_mixing_rounds-1__restart_period-24__small_batch-16,"{""eta"": 0.001, ""large_batch"": 128, ""restart_mixing_rounds"": 1, ""restart_period"": 24, ""small_batch"": 16}",,,,
DGFM+,DGFM+,240,240,8,x_bar,29.654860258102417,101,100101,200101,845318908,szo,138240,138240,17280,"[17280, 17280, 17280, 17280, 17280, 17280, 17280, 17280]",49152,480,480,0.7267744541168213,0.0105836112052202,0.1,0.001,16.0,128.0,24.0,1.0,DGFMplus__eta-0p001__large_batch-128__restart_mixing_rounds-1__restart_period-24__small_batch-16,"{""eta"": 0.001, ""large_batch"": 128, ""restart_mixing_rounds"": 1, ""restart_period"": 24, ""small_batch"": 16}",,,,
DGFM+,DGFM+,288,288,8,x_bar,35.604917764663696,101,100101,200101,845318908,szo,165888,165888,20736,"[20736, 20736, 20736, 20736, 20736, 20736, 20736, 20736]",57344,576,576,0.7267727255821228,0.0119682317599654,0.1,0.001,16.0,128.0,24.0,1.0,DGFMplus__eta-0p001__large_batch-128__restart_mixing_rounds-1__restart_period-24__small_batch-16,"{""eta"": 0.001, ""large_batch"": 128, ""restart_mixing_rounds"": 1, ""restart_period"": 24, ""small_batch"": 16}",,,,
DGFM+,DGFM+,336,336,8,x_bar,41.513622522354126,101,100101,200101,845318908,szo,193536,193536,24192,"[24192, 24192, 24192, 24192, 24192, 24192, 24192, 24192]",65536,672,672,0.7267734408378601,0.0107835009694099,0.1,0.001,16.0,128.0,24.0,1.0,DGFMplus__eta-0p001__large_batch-128__restart_mixing_rounds-1__restart_period-24__small_batch-16,"{""eta"": 0.001, ""large_batch"": 128, ""restart_mixing_rounds"": 1, ""restart_period"": 24, ""small_batch"": 16}",,,,
DGFM+,DGFM+,384,384,8,x_bar,47.42096304893494,101,100101,200101,845318908,szo,221184,221184,27648,"[27648, 27648, 27648, 27648, 27648, 27648, 27648, 27648]",73728,768,768,0.7267836928367615,0.0109552107751369,0.1,0.001,16.0,128.0,24.0,1.0,DGFMplus__eta-0p001__large_batch-128__restart_mixing_rounds-1__restart_period-24__small_batch-16,"{""eta"": 0.001, ""large_batch"": 128, ""restart_mixing_rounds"": 1, ""restart_period"": 24, ""small_batch"": 16}",,,,
DGFM+,DGFM+,432,432,8,x_bar,53.41684627532959,101,100101,200101,845318908,szo,248832,248832,31104,"[31104, 31104, 31104, 31104, 31104, 31104, 31104, 31104]",81920,864,864,0.7267959713935852,0.011564802378416,0.1,0.001,16.0,128.0,24.0,1.0,DGFMplus__eta-0p001__large_batch-128__restart_mixing_rounds-1__restart_period-24__small_batch-16,"{""eta"": 0.001, ""large_batch"": 128, ""restart_mixing_rounds"": 1, ""restart_period"": 24, ""small_batch"": 16}",,,,
DGFM+,DGFM+,480,480,8,x_bar,59.316529750823975,101,100101,200101,845318908,szo,276480,276480,34560,"[34560, 34560, 34560, 34560, 34560, 34560, 34560, 34560]",90112,960,960,0.7268091440200806,0.0103706866502761,0.1,0.001,16.0,128.0,24.0,1.0,DGFMplus__eta-0p001__large_batch-128__restart_mixing_rounds-1__restart_period-24__small_batch-16,"{""eta"": 0.001, ""large_batch"": 128, ""restart_mixing_rounds"": 1, ""restart_period"": 24, ""small_batch"": 16}",,,,
DGFM+,DGFM+,1,1,8,x_bar,0.523033618927002,100,100100,200100,1225827990,szo,2048,2048,256,"[256, 256, 256, 256, 256, 256, 256, 256]",8192,2,2,0.7314548492431641,0.0098370676860213,0.1,0.001,8.0,128.0,24.0,1.0,DGFMplus__eta-0p001__large_batch-128__restart_mixing_rounds-1__restart_period-24__small_batch-8,"{""eta"": 0.001, ""large_batch"": 128, ""restart_mixing_rounds"": 1, ""restart_period"": 24, ""small_batch"": 8}",,,,
DGFM+,DGFM+,48,48,8,x_bar,3.585856914520264,100,100100,200100,1225827990,szo,15872,15872,1984,"[1984, 1984, 1984, 1984, 1984, 1984, 1984, 1984]",16384,96,96,0.7314916253089905,0.0113204438239336,0.1,0.001,8.0,128.0,24.0,1.0,DGFMplus__eta-0p001__large_batch-128__restart_mixing_rounds-1__restart_period-24__small_batch-8,"{""eta"": 0.001, ""large_batch"": 128, ""restart_mixing_rounds"": 1, ""restart_period"": 24, ""small_batch"": 8}",,,,
DGFM+,DGFM+,96,96,8,x_bar,7.064763784408569,100,100100,200100,1225827990,szo,31744,31744,3968,"[3968, 3968, 3968, 3968, 3968, 3968, 3968, 3968]",24576,192,192,0.731510579586029,0.010904973372817,0.1,0.001,8.0,128.0,24.0,1.0,DGFMplus__eta-0p001__large_batch-128__restart_mixing_rounds-1__restart_period-24__small_batch-8,"{""eta"": 0.001, ""large_batch"": 128, ""restart_mixing_rounds"": 1, ""restart_period"": 24, ""small_batch"": 8}",,,,
DGFM+,DGFM+,144,144,8,x_bar,10.505999326705933,100,100100,200100,1225827990,szo,47616,47616,5952,"[5952, 5952, 5952, 5952, 5952, 5952, 5952, 5952]",32768,288,288,0.7315223813056946,0.0101245120167732,0.1,0.001,8.0,128.0,24.0,1.0,DGFMplus__eta-0p001__large_batch-128__restart_mixing_rounds-1__restart_period-24__small_batch-8,"{""eta"": 0.001, ""large_batch"": 128, ""restart_mixing_rounds"": 1, ""restart_period"": 24, ""small_batch"": 8}",,,,
DGFM+,DGFM+,192,192,8,x_bar,13.948466777801514,100,100100,200100,1225827990,szo,63488,63488,7936,"[7936, 7936, 7936, 7936, 7936, 7936, 7936, 7936]",40960,384,384,0.7315377593040466,0.0108828917145729,0.1,0.001,8.0,128.0,24.0,1.0,DGFMplus__eta-0p001__large_batch-128__restart_mixing_rounds-1__restart_period-24__small_batch-8,"{""eta"": 0.001, ""large_batch"": 128, ""restart_mixing_rounds"": 1, ""restart_period"": 24, ""small_batch"": 8}",,,,
DGFM+,DGFM+,240,240,8,x_bar,17.41724467277527,100,100100,200100,1225827990,szo,79360,79360,9920,"[9920, 9920, 9920, 9920, 9920, 9920, 9920, 9920]",49152,480,480,0.7315497398376465,0.0105417612940073,0.1,0.001,8.0,128.0,24.0,1.0,DGFMplus__eta-0p001__large_batch-128__restart_mixing_rounds-1__restart_period-24__small_batch-8,"{""eta"": 0.001, ""large_batch"": 128, ""restart_mixing_rounds"": 1, ""restart_period"": 24, ""small_batch"": 8}",,,,
DGFM+,DGFM+,288,288,8,x_bar,20.915713787078857,100,100100,200100,1225827990,szo,95232,95232,11904,"[11904, 11904, 11904, 11904, 11904, 11904, 11904, 11904]",57344,576,576,0.7315536141395569,0.0101098800078034,0.1,0.001,8.0,128.0,24.0,1.0,DGFMplus__eta-0p001__large_batch-128__restart_mixing_rounds-1__restart_period-24__small_batch-8,"{""eta"": 0.001, ""large_batch"": 128, ""restart_mixing_rounds"": 1, ""restart_period"": 24, ""small_batch"": 8}",,,,
DGFM+,DGFM+,336,336,8,x_bar,24.365435361862183,100,100100,200100,1225827990,szo,111104,111104,13888,"[13888, 13888, 13888, 13888, 13888, 13888, 13888, 13888]",65536,672,672,0.7315661907196045,0.0109478076919913,0.1,0.001,8.0,128.0,24.0,1.0,DGFMplus__eta-0p001__large_batch-128__restart_mixing_rounds-1__restart_period-24__small_batch-8,"{""eta"": 0.001, ""large_batch"": 128, ""restart_mixing_rounds"": 1, ""restart_period"": 24, ""small_batch"": 8}",,,,
DGFM+,DGFM+,384,384,8,x_bar,27.8092839717865,100,100100,200100,1225827990,szo,126976,126976,15872,"[15872, 15872, 15872, 15872, 15872, 15872, 15872, 15872]",73728,768,768,0.731574535369873,0.0106874778866767,0.1,0.001,8.0,128.0,24.0,1.0,DGFMplus__eta-0p001__large_batch-128__restart_mixing_rounds-1__restart_period-24__small_batch-8,"{""eta"": 0.001, ""large_batch"": 128, ""restart_mixing_rounds"": 1, ""restart_period"": 24, ""small_batch"": 8}",,,,
DGFM+,DGFM+,432,432,8,x_bar,31.26132678985596,100,100100,200100,1225827990,szo,142848,142848,17856,"[17856, 17856, 17856, 17856, 17856, 17856, 17856, 17856]",81920,864,864,0.731575071811676,0.0102607095614075,0.1,0.001,8.0,128.0,24.0,1.0,DGFMplus__eta-0p001__large_batch-128__restart_mixing_rounds-1__restart_period-24__small_batch-8,"{""eta"": 0.001, ""large_batch"": 128, ""restart_mixing_rounds"": 1, ""restart_period"": 24, ""small_batch"": 8}",,,,
DGFM+,DGFM+,480,480,8,x_bar,34.70440483093262,100,100100,200100,1225827990,szo,158720,158720,19840,"[19840, 19840, 19840, 19840, 19840, 19840, 19840, 19840]",90112,960,960,0.731573224067688,0.0100859338417649,0.1,0.001,8.0,128.0,24.0,1.0,DGFMplus__eta-0p001__large_batch-128__restart_mixing_rounds-1__restart_period-24__small_batch-8,"{""eta"": 0.001, ""large_batch"": 128, ""restart_mixing_rounds"": 1, ""restart_period"": 24, ""small_batch"": 8}",,,,
DGFM+,DGFM+,1,1,8,x_bar,0.4911246299743652,101,100101,200101,845318908,szo,2048,2048,256,"[256, 256, 256, 256, 256, 256, 256, 256]",8192,2,2,0.7267054319381714,0.0103661585599184,0.1,0.001,8.0,128.0,24.0,1.0,DGFMplus__eta-0p001__large_batch-128__restart_mixing_rounds-1__restart_period-24__small_batch-8,"{""eta"": 0.001, ""large_batch"": 128, ""restart_mixing_rounds"": 1, ""restart_period"": 24, ""small_batch"": 8}",,,,
DGFM+,DGFM+,48,48,8,x_bar,3.5122478008270264,101,100101,200101,845318908,szo,15872,15872,1984,"[1984, 1984, 1984, 1984, 1984, 1984, 1984, 1984]",16384,96,96,0.7267540097236633,0.0101698981598019,0.1,0.001,8.0,128.0,24.0,1.0,DGFMplus__eta-0p001__large_batch-128__restart_mixing_rounds-1__restart_period-24__small_batch-8,"{""eta"": 0.001, ""large_batch"": 128, ""restart_mixing_rounds"": 1, ""restart_period"": 24, ""small_batch"": 8}",,,,
DGFM+,DGFM+,96,96,8,x_bar,6.944971323013306,101,100101,200101,845318908,szo,31744,31744,3968,"[3968, 3968, 3968, 3968, 3968, 3968, 3968, 3968]",24576,192,192,0.7267627716064453,0.0113949254155159,0.1,0.001,8.0,128.0,24.0,1.0,DGFMplus__eta-0p001__large_batch-128__restart_mixing_rounds-1__restart_period-24__small_batch-8,"{""eta"": 0.001, ""large_batch"": 128, ""restart_mixing_rounds"": 1, ""restart_period"": 24, ""small_batch"": 8}",,,,
DGFM+,DGFM+,144,144,8,x_bar,10.38688588142395,101,100101,200101,845318908,szo,47616,47616,5952,"[5952, 5952, 5952, 5952, 5952, 5952, 5952, 5952]",32768,288,288,0.7267650961875916,0.0118862995877861,0.1,0.001,8.0,128.0,24.0,1.0,DGFMplus__eta-0p001__large_batch-128__restart_mixing_rounds-1__restart_period-24__small_batch-8,"{""eta"": 0.001, ""large_batch"": 128, ""restart_mixing_rounds"": 1, ""restart_period"": 24, ""small_batch"": 8}",,,,
DGFM+,DGFM+,192,192,8,x_bar,13.810211896896362,101,100101,200101,845318908,szo,63488,63488,7936,"[7936, 7936, 7936, 7936, 7936, 7936, 7936, 7936]",40960,384,384,0.7267749309539795,0.0115642081946134,0.1,0.001,8.0,128.0,24.0,1.0,DGFMplus__eta-0p001__large_batch-128__restart_mixing_rounds-1__restart_period-24__small_batch-8,"{""eta"": 0.001, ""large_batch"": 128, ""restart_mixing_rounds"": 1, ""restart_period"": 24, ""small_batch"": 8}",,,,
DGFM+,DGFM+,240,240,8,x_bar,17.24751853942871,101,100101,200101,845318908,szo,79360,79360,9920,"[9920, 9920, 9920, 9920, 9920, 9920, 9920, 9920]",49152,480,480,0.7267744541168213,0.010583589784801,0.1,0.001,8.0,128.0,24.0,1.0,DGFMplus__eta-0p001__large_batch-128__restart_mixing_rounds-1__restart_period-24__small_batch-8,"{""eta"": 0.001, ""large_batch"": 128, ""restart_mixing_rounds"": 1, ""restart_period"": 24, ""small_batch"": 8}",,,,
DGFM+,DGFM+,288,288,8,x_bar,20.67251181602478,101,100101,200101,845318908,szo,95232,95232,11904,"[11904, 11904, 11904, 11904, 11904, 11904, 11904, 11904]",57344,576,576,0.7267727851867676,0.011968214996159,0.1,0.001,8.0,128.0,24.0,1.0,DGFMplus__eta-0p001__large_batch-128__restart_mixing_rounds-1__restart_period-24__small_batch-8,"{""eta"": 0.001, ""large_batch"": 128, ""restart_mixing_rounds"": 1, ""restart_period"": 24, ""small_batch"": 8}",,,,
DGFM+,DGFM+,336,336,8,x_bar,24.098167896270752,101,100101,200101,845318908,szo,111104,111104,13888,"[13888, 13888, 13888, 13888, 13888, 13888, 13888, 13888]",65536,672,672,0.7267734408378601,0.0107834879308938,0.1,0.001,8.0,128.0,24.0,1.0,DGFMplus__eta-0p001__large_batch-128__restart_mixing_rounds-1__restart_period-24__small_batch-8,"{""eta"": 0.001, ""large_batch"": 128, ""restart_mixing_rounds"": 1, ""restart_period"": 24, ""small_batch"": 8}",,,,
DGFM+,DGFM+,384,384,8,x_bar,27.54998207092285,101,100101,200101,845318908,szo,126976,126976,15872,"[15872, 15872, 15872, 15872, 15872, 15872, 15872, 15872]",73728,768,768,0.7267836928367615,0.0109572252258658,0.1,0.001,8.0,128.0,24.0,1.0,DGFMplus__eta-0p001__large_batch-128__restart_mixing_rounds-1__restart_period-24__small_batch-8,"{""eta"": 0.001, ""large_batch"": 128, ""restart_mixing_rounds"": 1, ""restart_period"": 24, ""small_batch"": 8}",,,,
DGFM+,DGFM+,432,432,8,x_bar,31.110474586486816,101,100101,200101,845318908,szo,142848,142848,17856,"[17856, 17856, 17856, 17856, 17856, 17856, 17856, 17856]",81920,864,864,0.7267959713935852,0.0115647763013839,0.1,0.001,8.0,128.0,24.0,1.0,DGFMplus__eta-0p001__large_batch-128__restart_mixing_rounds-1__restart_period-24__small_batch-8,"{""eta"": 0.001, ""large_batch"": 128, ""restart_mixing_rounds"": 1, ""restart_period"": 24, ""small_batch"": 8}",,,,
DGFM+,DGFM+,480,480,8,x_bar,34.58977508544922,101,100101,200101,845318908,szo,158720,158720,19840,"[19840, 19840, 19840, 19840, 19840, 19840, 19840, 19840]",90112,960,960,0.7268092036247253,0.0103706670925021,0.1,0.001,8.0,128.0,24.0,1.0,DGFMplus__eta-0p001__large_batch-128__restart_mixing_rounds-1__restart_period-24__small_batch-8,"{""eta"": 0.001, ""large_batch"": 128, ""restart_mixing_rounds"": 1, ""restart_period"": 24, ""small_batch"": 8}",,,,
DGFM+,DGFM+,1,1,8,x_bar,0.4337193965911865,100,100100,200100,1225827990,szo,1024,1024,128,"[128, 128, 128, 128, 128, 128, 128, 128]",8192,2,2,0.7314557433128357,0.0098437778651714,0.1,0.001,8.0,64.0,24.0,1.0,DGFMplus__eta-0p001__large_batch-64__restart_mixing_rounds-1__restart_period-24__small_batch-8,"{""eta"": 0.001, ""large_batch"": 64, ""restart_mixing_rounds"": 1, ""restart_period"": 24, ""small_batch"": 8}",,,,
DGFM+,DGFM+,48,48,8,x_bar,3.2911217212677,100,100100,200100,1225827990,szo,13824,13824,1728,"[1728, 1728, 1728, 1728, 1728, 1728, 1728, 1728]",16384,96,96,0.7315212488174438,0.0113385915756225,0.1,0.001,8.0,64.0,24.0,1.0,DGFMplus__eta-0p001__large_batch-64__restart_mixing_rounds-1__restart_period-24__small_batch-8,"{""eta"": 0.001, ""large_batch"": 64, ""restart_mixing_rounds"": 1, ""restart_period"": 24, ""small_batch"": 8}",,,,
DGFM+,DGFM+,96,96,8,x_bar,6.358439922332764,100,100100,200100,1225827990,szo,27648,27648,3456,"[3456, 3456, 3456, 3456, 3456, 3456, 3456, 3456]",24576,192,192,0.7315481305122375,0.0108960904181003,0.1,0.001,8.0,64.0,24.0,1.0,DGFMplus__eta-0p001__large_batch-64__restart_mixing_rounds-1__restart_period-24__small_batch-8,"{""eta"": 0.001, ""large_batch"": 64, ""restart_mixing_rounds"": 1, ""restart_period"": 24, ""small_batch"": 8}",,,,
DGFM+,DGFM+,144,144,8,x_bar,9.440718173980711,100,100100,200100,1225827990,szo,41472,41472,5184,"[5184, 5184, 5184, 5184, 5184, 5184, 5184, 5184]",32768,288,288,0.7315659523010254,0.0099807307124137,0.1,0.001,8.0,64.0,24.0,1.0,DGFMplus__eta-0p001__large_batch-64__restart_mixing_rounds-1__restart_period-24__small_batch-8,"{""eta"": 0.001, ""large_batch"": 64, ""restart_mixing_rounds"": 1, ""restart_period"": 24, ""small_batch"": 8}",,,,
DGFM+,DGFM+,192,192,8,x_bar,12.580347299575806,100,100100,200100,1225827990,szo,55296,55296,6912,"[6912, 6912, 6912, 6912, 6912, 6912, 6912, 6912]",40960,384,384,0.7315952181816101,0.0110246380791068,0.1,0.001,8.0,64.0,24.0,1.0,DGFMplus__eta-0p001__large_batch-64__restart_mixing_rounds-1__restart_period-24__small_batch-8,"{""eta"": 0.001, ""large_batch"": 64, ""restart_mixing_rounds"": 1, ""restart_period"": 24, ""small_batch"": 8}",,,,
DGFM+,DGFM+,240,240,8,x_bar,15.707527160644531,100,100100,200100,1225827990,szo,69120,69120,8640,"[8640, 8640, 8640, 8640, 8640, 8640, 8640, 8640]",49152,480,480,0.7316074371337891,0.0105657009407877,0.1,0.001,8.0,64.0,24.0,1.0,DGFMplus__eta-0p001__large_batch-64__restart_mixing_rounds-1__restart_period-24__small_batch-8,"{""eta"": 0.001, ""large_batch"": 64, ""restart_mixing_rounds"": 1, ""restart_period"": 24, ""small_batch"": 8}",,,,
DGFM+,DGFM+,288,288,8,x_bar,18.847999811172485,100,100100,200100,1225827990,szo,82944,82944,10368,"[10368, 10368, 10368, 10368, 10368, 10368, 10368, 10368]",57344,576,576,0.7316206097602844,0.0102775832638144,0.1,0.001,8.0,64.0,24.0,1.0,DGFMplus__eta-0p001__large_batch-64__restart_mixing_rounds-1__restart_period-24__small_batch-8,"{""eta"": 0.001, ""large_batch"": 64, ""restart_mixing_rounds"": 1, ""restart_period"": 24, ""small_batch"": 8}",,,,
DGFM+,DGFM+,336,336,8,x_bar,21.95766925811768,100,100100,200100,1225827990,szo,96768,96768,12096,"[12096, 12096, 12096, 12096, 12096, 12096, 12096, 12096]",65536,672,672,0.7316502332687378,0.0111489035189151,0.1,0.001,8.0,64.0,24.0,1.0,DGFMplus__eta-0p001__large_batch-64__restart_mixing_rounds-1__restart_period-24__small_batch-8,"{""eta"": 0.001, ""large_batch"": 64, ""restart_mixing_rounds"": 1, ""restart_period"": 24, ""small_batch"": 8}",,,,
DGFM+,DGFM+,384,384,8,x_bar,25.084158658981323,100,100100,200100,1225827990,szo,110592,110592,13824,"[13824, 13824, 13824, 13824, 13824, 13824, 13824, 13824]",73728,768,768,0.7316602468490601,0.0106621868908405,0.1,0.001,8.0,64.0,24.0,1.0,DGFMplus__eta-0p001__large_batch-64__restart_mixing_rounds-1__restart_period-24__small_batch-8,"{""eta"": 0.001, ""large_batch"": 64, ""restart_mixing_rounds"": 1, ""restart_period"": 24, ""small_batch"": 8}",,,,
DGFM+,DGFM+,432,432,8,x_bar,28.19205904006958,100,100100,200100,1225827990,szo,124416,124416,15552,"[15552, 15552, 15552, 15552, 15552, 15552, 15552, 15552]",81920,864,864,0.731669008731842,0.0102936811745166,0.1,0.001,8.0,64.0,24.0,1.0,DGFMplus__eta-0p001__large_batch-64__restart_mixing_rounds-1__restart_period-24__small_batch-8,"{""eta"": 0.001, ""large_batch"": 64, ""restart_mixing_rounds"": 1, ""restart_period"": 24, ""small_batch"": 8}",,,,
DGFM+,DGFM+,480,480,8,x_bar,31.20771741867065,100,100100,200100,1225827990,szo,138240,138240,17280,"[17280, 17280, 17280, 17280, 17280, 17280, 17280, 17280]",90112,960,960,0.7316809892654419,0.0103827491402626,0.1,0.001,8.0,64.0,24.0,1.0,DGFMplus__eta-0p001__large_batch-64__restart_mixing_rounds-1__restart_period-24__small_batch-8,"{""eta"": 0.001, ""large_batch"": 64, ""restart_mixing_rounds"": 1, ""restart_period"": 24, ""small_batch"": 8}",,,,
DGFM+,DGFM+,1,1,8,x_bar,0.2837443351745605,101,100101,200101,845318908,szo,1024,1024,128,"[128, 128, 128, 128, 128, 128, 128, 128]",8192,2,2,0.7267057299613953,0.0103715909644961,0.1,0.001,8.0,64.0,24.0,1.0,DGFMplus__eta-0p001__large_batch-64__restart_mixing_rounds-1__restart_period-24__small_batch-8,"{""eta"": 0.001, ""large_batch"": 64, ""restart_mixing_rounds"": 1, ""restart_period"": 24, ""small_batch"": 8}",,,,
DGFM+,DGFM+,48,48,8,x_bar,3.140463352203369,101,100101,200101,845318908,szo,13824,13824,1728,"[1728, 1728, 1728, 1728, 1728, 1728, 1728, 1728]",16384,96,96,0.7267658114433289,0.0101844975724816,0.1,0.001,8.0,64.0,24.0,1.0,DGFMplus__eta-0p001__large_batch-64__restart_mixing_rounds-1__restart_period-24__small_batch-8,"{""eta"": 0.001, ""large_batch"": 64, ""restart_mixing_rounds"": 1, ""restart_period"": 24, ""small_batch"": 8}",,,,
DGFM+,DGFM+,96,96,8,x_bar,6.175950288772583,101,100101,200101,845318908,szo,27648,27648,3456,"[3456, 3456, 3456, 3456, 3456, 3456, 3456, 3456]",24576,192,192,0.726781964302063,0.0111995916813611,0.1,0.001,8.0,64.0,24.0,1.0,DGFMplus__eta-0p001__large_batch-64__restart_mixing_rounds-1__restart_period-24__small_batch-8,"{""eta"": 0.001, ""large_batch"": 64, ""restart_mixing_rounds"": 1, ""restart_period"": 24, ""small_batch"": 8}",,,,
DGFM+,DGFM+,144,144,8,x_bar,9.212834119796751,101,100101,200101,845318908,szo,41472,41472,5184,"[5184, 5184, 5184, 5184, 5184, 5184, 5184, 5184]",32768,288,288,0.7267966866493225,0.0118558127433061,0.1,0.001,8.0,64.0,24.0,1.0,DGFMplus__eta-0p001__large_batch-64__restart_mixing_rounds-1__restart_period-24__small_batch-8,"{""eta"": 0.001, ""large_batch"": 64, ""restart_mixing_rounds"": 1, ""restart_period"": 24, ""small_batch"": 8}",,,,
DGFM+,DGFM+,192,192,8,x_bar,12.229771137237549,101,100101,200101,845318908,szo,55296,55296,6912,"[6912, 6912, 6912, 6912, 6912, 6912, 6912, 6912]",40960,384,384,0.7268169522285461,0.0115396175533533,0.1,0.001,8.0,64.0,24.0,1.0,DGFMplus__eta-0p001__large_batch-64__restart_mixing_rounds-1__restart_period-24__small_batch-8,"{""eta"": 0.001, ""large_batch"": 64, ""restart_mixing_rounds"": 1, ""restart_period"": 24, ""small_batch"": 8}",,,,
DGFM+,DGFM+,240,240,8,x_bar,15.278347969055176,101,100101,200101,845318908,szo,69120,69120,8640,"[8640, 8640, 8640, 8640, 8640, 8640, 8640, 8640]",49152,480,480,0.7268299460411072,0.0107603007927536,0.1,0.001,8.0,64.0,24.0,1.0,DGFMplus__eta-0p001__large_batch-64__restart_mixing_rounds-1__restart_period-24__small_batch-8,"{""eta"": 0.001, ""large_batch"": 64, ""restart_mixing_rounds"": 1, ""restart_period"": 24, ""small_batch"": 8}",,,,
DGFM+,DGFM+,288,288,8,x_bar,18.41334867477417,101,100101,200101,845318908,szo,82944,82944,10368,"[10368, 10368, 10368, 10368, 10368, 10368, 10368, 10368]",57344,576,576,0.7268337607383728,0.0122598335146904,0.1,0.001,8.0,64.0,24.0,1.0,DGFMplus__eta-0p001__large_batch-64__restart_mixing_rounds-1__restart_period-24__small_batch-8,"{""eta"": 0.001, ""large_batch"": 64, ""restart_mixing_rounds"": 1, ""restart_period"": 24, ""small_batch"": 8}",,,,
DGFM+,DGFM+,336,336,8,x_bar,21.45891237258911,101,100101,200101,845318908,szo,96768,96768,12096,"[12096, 12096, 12096, 12096, 12096, 12096, 12096, 12096]",65536,672,672,0.7268351912498474,0.0107298269867897,0.1,0.001,8.0,64.0,24.0,1.0,DGFMplus__eta-0p001__large_batch-64__restart_mixing_rounds-1__restart_period-24__small_batch-8,"{""eta"": 0.001, ""large_batch"": 64, ""restart_mixing_rounds"": 1, ""restart_period"": 24, ""small_batch"": 8}",,,,
DGFM+,DGFM+,384,384,8,x_bar,24.49102282524109,101,100101,200101,845318908,szo,110592,110592,13824,"[13824, 13824, 13824, 13824, 13824, 13824, 13824, 13824]",73728,768,768,0.726844072341919,0.0109467832371592,0.1,0.001,8.0,64.0,24.0,1.0,DGFMplus__eta-0p001__large_batch-64__restart_mixing_rounds-1__restart_period-24__small_batch-8,"{""eta"": 0.001, ""large_batch"": 64, ""restart_mixing_rounds"": 1, ""restart_period"": 24, ""small_batch"": 8}",,,,
DGFM+,DGFM+,432,432,8,x_bar,27.51655316352844,101,100101,200101,845318908,szo,124416,124416,15552,"[15552, 15552, 15552, 15552, 15552, 15552, 15552, 15552]",81920,864,864,0.7268573045730591,0.0114736463874578,0.1,0.001,8.0,64.0,24.0,1.0,DGFMplus__eta-0p001__large_batch-64__restart_mixing_rounds-1__restart_period-24__small_batch-8,"{""eta"": 0.001, ""large_batch"": 64, ""restart_mixing_rounds"": 1, ""restart_period"": 24, ""small_batch"": 8}",,,,
DGFM+,DGFM+,480,480,8,x_bar,30.559762239456177,101,100101,200101,845318908,szo,138240,138240,17280,"[17280, 17280, 17280, 17280, 17280, 17280, 17280, 17280]",90112,960,960,0.7268749475479126,0.0102747026830911,0.1,0.001,8.0,64.0,24.0,1.0,DGFMplus__eta-0p001__large_batch-64__restart_mixing_rounds-1__restart_period-24__small_batch-8,"{""eta"": 0.001, ""large_batch"": 64, ""restart_mixing_rounds"": 1, ""restart_period"": 24, ""small_batch"": 8}",,,,
DGFM+,DGFM+,1,1,8,x_bar,0.4894242286682129,100,100100,200100,1225827990,szo,2048,2048,256,"[256, 256, 256, 256, 256, 256, 256, 256]",8192,4,4,0.7314548492431641,0.0098370676860213,0.1,0.001,16.0,128.0,48.0,3.0,DGFMplus__eta-0p001__large_batch-128__restart_mixing_rounds-3__restart_period-48__small_batch-16,"{""eta"": 0.001, ""large_batch"": 128, ""restart_mixing_rounds"": 3, ""restart_period"": 48, ""small_batch"": 16}",,,,
DGFM+,DGFM+,48,48,8,x_bar,5.661550521850586,100,100100,200100,1225827990,szo,26112,26112,3264,"[3264, 3264, 3264, 3264, 3264, 3264, 3264, 3264]",16384,98,98,0.7315122485160828,0.0113088767975568,0.1,0.001,16.0,128.0,48.0,3.0,DGFMplus__eta-0p001__large_batch-128__restart_mixing_rounds-3__restart_period-48__small_batch-16,"{""eta"": 0.001, ""large_batch"": 128, ""restart_mixing_rounds"": 3, ""restart_period"": 48, ""small_batch"": 16}",,,,
DGFM+,DGFM+,96,96,8,x_bar,11.278292417526243,100,100100,200100,1225827990,szo,52224,52224,6528,"[6528, 6528, 6528, 6528, 6528, 6528, 6528, 6528]",24576,196,196,0.7315447330474854,0.0109032820910215,0.1,0.001,16.0,128.0,48.0,3.0,DGFMplus__eta-0p001__large_batch-128__restart_mixing_rounds-3__restart_period-48__small_batch-16,"{""eta"": 0.001, ""large_batch"": 128, ""restart_mixing_rounds"": 3, ""restart_period"": 48, ""small_batch"": 16}",,,,
DGFM+,DGFM+,144,144,8,x_bar,16.85973310470581,100,100100,200100,1225827990,szo,78336,78336,9792,"[9792, 9792, 9792, 9792, 9792, 9792, 9792, 9792]",32768,294,294,0.7315587997436523,0.0100561212748289,0.1,0.001,16.0,128.0,48.0,3.0,DGFMplus__eta-0p001__large_batch-128__restart_mixing_rounds-3__restart_period-48__small_batch-16,"{""eta"": 0.001, ""large_batch"": 128, ""restart_mixing_rounds"": 3, ""restart_period"": 48, ""small_batch"": 16}",,,,
DGFM+,DGFM+,192,192,8,x_bar,22.418288230896,100,100100,200100,1225827990,szo,104448,104448,13056,"[13056, 13056, 13056, 13056, 13056, 13056, 13056, 13056]",40960,392,392,0.731586754322052,0.01089190505445,0.1,0.001,16.0,128.0,48.0,3.0,DGFMplus__eta-0p001__large_batch-128__restart_mixing_rounds-3__restart_period-48__small_batch-16,"{""eta"": 0.001, ""large_batch"": 128, ""restart_mixing_rounds"": 3, ""restart_period"": 48, ""small_batch"": 16}",,,,
DGFM+,DGFM+,240,240,8,x_bar,27.9968318939209,100,100100,200100,1225827990,szo,130560,130560,16320,"[16320, 16320, 16320, 16320, 16320, 16320, 16320, 16320]",49152,490,490,0.7315859794616699,0.0104950563982129,0.1,0.001,16.0,128.0,48.0,3.0,DGFMplus__eta-0p001__large_batch-128__restart_mixing_rounds-3__restart_period-48__small_batch-16,"{""eta"": 0.001, ""large_batch"": 128, ""restart_mixing_rounds"": 3, ""restart_period"": 48, ""small_batch"": 16}",,,,
DGFM+,DGFM+,288,288,8,x_bar,33.555922508239746,100,100100,200100,1225827990,szo,156672,156672,19584,"[19584, 19584, 19584, 19584, 19584, 19584, 19584, 19584]",57344,588,588,0.7315932512283325,0.0102112274616956,0.1,0.001,16.0,128.0,48.0,3.0,DGFMplus__eta-0p001__large_batch-128__restart_mixing_rounds-3__restart_period-48__small_batch-16,"{""eta"": 0.001, ""large_batch"": 128, ""restart_mixing_rounds"": 3, ""restart_period"": 48, ""small_batch"": 16}",,,,
DGFM+,DGFM+,336,336,8,x_bar,39.11198925971985,100,100100,200100,1225827990,szo,182784,182784,22848,"[22848, 22848, 22848, 22848, 22848, 22848, 22848, 22848]",65536,686,686,0.7316142320632935,0.0110866017639637,0.1,0.001,16.0,128.0,48.0,3.0,DGFMplus__eta-0p001__large_batch-128__restart_mixing_rounds-3__restart_period-48__small_batch-16,"{""eta"": 0.001, ""large_batch"": 128, ""restart_mixing_rounds"": 3, ""restart_period"": 48, ""small_batch"": 16}",,,,
DGFM+,DGFM+,384,384,8,x_bar,44.778446197509766,100,100100,200100,1225827990,szo,208896,208896,26112,"[26112, 26112, 26112, 26112, 26112, 26112, 26112, 26112]",73728,784,784,0.7316187024116516,0.0107357697561383,0.1,0.001,16.0,128.0,48.0,3.0,DGFMplus__eta-0p001__large_batch-128__restart_mixing_rounds-3__restart_period-48__small_batch-16,"{""eta"": 0.001, ""large_batch"": 128, ""restart_mixing_rounds"": 3, ""restart_period"": 48, ""small_batch"": 16}",,,,
DGFM+,DGFM+,432,432,8,x_bar,50.33401322364807,100,100100,200100,1225827990,szo,235008,235008,29376,"[29376, 29376, 29376, 29376, 29376, 29376, 29376, 29376]",81920,882,882,0.7316092252731323,0.0102043719962239,0.1,0.001,16.0,128.0,48.0,3.0,DGFMplus__eta-0p001__large_batch-128__restart_mixing_rounds-3__restart_period-48__small_batch-16,"{""eta"": 0.001, ""large_batch"": 128, ""restart_mixing_rounds"": 3, ""restart_period"": 48, ""small_batch"": 16}",,,,
DGFM+,DGFM+,480,480,8,x_bar,56.006208419799805,100,100100,200100,1225827990,szo,261120,261120,32640,"[32640, 32640, 32640, 32640, 32640, 32640, 32640, 32640]",90112,980,980,0.7316038012504578,0.0097790407016873,0.1,0.001,16.0,128.0,48.0,3.0,DGFMplus__eta-0p001__large_batch-128__restart_mixing_rounds-3__restart_period-48__small_batch-16,"{""eta"": 0.001, ""large_batch"": 128, ""restart_mixing_rounds"": 3, ""restart_period"": 48, ""small_batch"": 16}",,,,
DGFM+,DGFM+,1,1,8,x_bar,0.5030970573425293,101,100101,200101,845318908,szo,2048,2048,256,"[256, 256, 256, 256, 256, 256, 256, 256]",8192,4,4,0.7267054319381714,0.0103661585599184,0.1,0.001,16.0,128.0,48.0,3.0,DGFMplus__eta-0p001__large_batch-128__restart_mixing_rounds-3__restart_period-48__small_batch-16,"{""eta"": 0.001, ""large_batch"": 128, ""restart_mixing_rounds"": 3, ""restart_period"": 48, ""small_batch"": 16}",,,,
DGFM+,DGFM+,48,48,8,x_bar,5.777108430862427,101,100101,200101,845318908,szo,26112,26112,3264,"[3264, 3264, 3264, 3264, 3264, 3264, 3264, 3264]",16384,98,98,0.7267735600471497,0.0102050211280584,0.1,0.001,16.0,128.0,48.0,3.0,DGFMplus__eta-0p001__large_batch-128__restart_mixing_rounds-3__restart_period-48__small_batch-16,"{""eta"": 0.001, ""large_batch"": 128, ""restart_mixing_rounds"": 3, ""restart_period"": 48, ""small_batch"": 16}",,,,
DGFM+,DGFM+,96,96,8,x_bar,11.490724086761476,101,100101,200101,845318908,szo,52224,52224,6528,"[6528, 6528, 6528, 6528, 6528, 6528, 6528, 6528]",24576,196,196,0.726800799369812,0.0113387461751699,0.1,0.001,16.0,128.0,48.0,3.0,DGFMplus__eta-0p001__large_batch-128__restart_mixing_rounds-3__restart_period-48__small_batch-16,"{""eta"": 0.001, ""large_batch"": 128, ""restart_mixing_rounds"": 3, ""restart_period"": 48, ""small_batch"": 16}",,,,
DGFM+,DGFM+,144,144,8,x_bar,17.08153486251831,101,100101,200101,845318908,szo,78336,78336,9792,"[9792, 9792, 9792, 9792, 9792, 9792, 9792, 9792]",32768,294,294,0.726800799369812,0.0119199063628911,0.1,0.001,16.0,128.0,48.0,3.0,DGFMplus__eta-0p001__large_batch-128__restart_mixing_rounds-3__restart_period-48__small_batch-16,"{""eta"": 0.001, ""large_batch"": 128, ""restart_mixing_rounds"": 3, ""restart_period"": 48, ""small_batch"": 16}",,,,
DGFM+,DGFM+,192,192,8,x_bar,22.637800455093384,101,100101,200101,845318908,szo,104448,104448,13056,"[13056, 13056, 13056, 13056, 13056, 13056, 13056, 13056]",40960,392,392,0.7268205285072327,0.0117256632074713,0.1,0.001,16.0,128.0,48.0,3.0,DGFMplus__eta-0p001__large_batch-128__restart_mixing_rounds-3__restart_period-48__small_batch-16,"{""eta"": 0.001, ""large_batch"": 128, ""restart_mixing_rounds"": 3, ""restart_period"": 48, ""small_batch"": 16}",,,,
DGFM+,DGFM+,240,240,8,x_bar,28.19456362724304,101,100101,200101,845318908,szo,130560,130560,16320,"[16320, 16320, 16320, 16320, 16320, 16320, 16320, 16320]",49152,490,490,0.7268127202987671,0.0105712572112679,0.1,0.001,16.0,128.0,48.0,3.0,DGFMplus__eta-0p001__large_batch-128__restart_mixing_rounds-3__restart_period-48__small_batch-16,"{""eta"": 0.001, ""large_batch"": 128, ""restart_mixing_rounds"": 3, ""restart_period"": 48, ""small_batch"": 16}",,,,
DGFM+,DGFM+,288,288,8,x_bar,33.85662007331848,101,100101,200101,845318908,szo,156672,156672,19584,"[19584, 19584, 19584, 19584, 19584, 19584, 19584, 19584]",57344,588,588,0.7268179059028625,0.0121108219027519,0.1,0.001,16.0,128.0,48.0,3.0,DGFMplus__eta-0p001__large_batch-128__restart_mixing_rounds-3__restart_period-48__small_batch-16,"{""eta"": 0.001, ""large_batch"": 128, ""restart_mixing_rounds"": 3, ""restart_period"": 48, ""small_batch"": 16}",,,,
DGFM+,DGFM+,336,336,8,x_bar,39.466840982437134,101,100101,200101,845318908,szo,182784,182784,22848,"[22848, 22848, 22848, 22848, 22848, 22848, 22848, 22848]",65536,686,686,0.7268129587173462,0.0107996258884668,0.1,0.001,16.0,128.0,48.0,3.0,DGFMplus__eta-0p001__large_batch-128__restart_mixing_rounds-3__restart_period-48__small_batch-16,"{""eta"": 0.001, ""large_batch"": 128, ""restart_mixing_rounds"": 3, ""restart_period"": 48, ""small_batch"": 16}",,,,
DGFM+,DGFM+,384,384,8,x_bar,45.087032318115234,101,100101,200101,845318908,szo,208896,208896,26112,"[26112, 26112, 26112, 26112, 26112, 26112, 26112, 26112]",73728,784,784,0.7268176674842834,0.0110440533608198,0.1,0.001,16.0,128.0,48.0,3.0,DGFMplus__eta-0p001__large_batch-128__restart_mixing_rounds-3__restart_period-48__small_batch-16,"{""eta"": 0.001, ""large_batch"": 128, ""restart_mixing_rounds"": 3, ""restart_period"": 48, ""small_batch"": 16}",,,,
DGFM+,DGFM+,432,432,8,x_bar,50.811853647232056,101,100101,200101,845318908,szo,235008,235008,29376,"[29376, 29376, 29376, 29376, 29376, 29376, 29376, 29376]",81920,882,882,0.7268120646476746,0.0113437045365571,0.1,0.001,16.0,128.0,48.0,3.0,DGFMplus__eta-0p001__large_batch-128__restart_mixing_rounds-3__restart_period-48__small_batch-16,"{""eta"": 0.001, ""large_batch"": 128, ""restart_mixing_rounds"": 3, ""restart_period"": 48, ""small_batch"": 16}",,,,
DGFM+,DGFM+,480,480,8,x_bar,56.58298683166504,101,100101,200101,845318908,szo,261120,261120,32640,"[32640, 32640, 32640, 32640, 32640, 32640, 32640, 32640]",90112,980,980,0.7268227934837341,0.0103729525581002,0.1,0.001,16.0,128.0,48.0,3.0,DGFMplus__eta-0p001__large_batch-128__restart_mixing_rounds-3__restart_period-48__small_batch-16,"{""eta"": 0.001, ""large_batch"": 128, ""restart_mixing_rounds"": 3, ""restart_period"": 48, ""small_batch"": 16}",,,,
DGFM+,DGFM+,1,1,8,x_bar,0.4973669052124023,100,100100,200100,1225827990,szo,2048,2048,256,"[256, 256, 256, 256, 256, 256, 256, 256]",8192,4,4,0.7314548492431641,0.0098370676860213,0.1,0.001,8.0,128.0,24.0,3.0,DGFMplus__eta-0p001__large_batch-128__restart_mixing_rounds-3__restart_period-24__small_batch-8,"{""eta"": 0.001, ""large_batch"": 128, ""restart_mixing_rounds"": 3, ""restart_period"": 24, ""small_batch"": 8}",,,,
DGFM+,DGFM+,48,48,8,x_bar,3.5145931243896484,100,100100,200100,1225827990,szo,15872,15872,1984,"[1984, 1984, 1984, 1984, 1984, 1984, 1984, 1984]",16384,100,100,0.7314916253089905,0.0113204438239336,0.1,0.001,8.0,128.0,24.0,3.0,DGFMplus__eta-0p001__large_batch-128__restart_mixing_rounds-3__restart_period-24__small_batch-8,"{""eta"": 0.001, ""large_batch"": 128, ""restart_mixing_rounds"": 3, ""restart_period"": 24, ""small_batch"": 8}",,,,
DGFM+,DGFM+,96,96,8,x_bar,6.965922594070435,100,100100,200100,1225827990,szo,31744,31744,3968,"[3968, 3968, 3968, 3968, 3968, 3968, 3968, 3968]",24576,200,200,0.731510579586029,0.010904973372817,0.1,0.001,8.0,128.0,24.0,3.0,DGFMplus__eta-0p001__large_batch-128__restart_mixing_rounds-3__restart_period-24__small_batch-8,"{""eta"": 0.001, ""large_batch"": 128, ""restart_mixing_rounds"": 3, ""restart_period"": 24, ""small_batch"": 8}",,,,
DGFM+,DGFM+,144,144,8,x_bar,10.442134618759155,100,100100,200100,1225827990,szo,47616,47616,5952,"[5952, 5952, 5952, 5952, 5952, 5952, 5952, 5952]",32768,300,300,0.7315223813056946,0.0101245120167732,0.1,0.001,8.0,128.0,24.0,3.0,DGFMplus__eta-0p001__large_batch-128__restart_mixing_rounds-3__restart_period-24__small_batch-8,"{""eta"": 0.001, ""large_batch"": 128, ""restart_mixing_rounds"": 3, ""restart_period"": 24, ""small_batch"": 8}",,,,
DGFM+,DGFM+,192,192,8,x_bar,13.913594245910645,100,100100,200100,1225827990,szo,63488,63488,7936,"[7936, 7936, 7936, 7936, 7936, 7936, 7936, 7936]",40960,400,400,0.7315377593040466,0.0108828917145729,0.1,0.001,8.0,128.0,24.0,3.0,DGFMplus__eta-0p001__large_batch-128__restart_mixing_rounds-3__restart_period-24__small_batch-8,"{""eta"": 0.001, ""large_batch"": 128, ""restart_mixing_rounds"": 3, ""restart_period"": 24, ""small_batch"": 8}",,,,
DGFM+,DGFM+,240,240,8,x_bar,17.36170530319214,100,100100,200100,1225827990,szo,79360,79360,9920,"[9920, 9920, 9920, 9920, 9920, 9920, 9920, 9920]",49152,500,500,0.7315497398376465,0.0105417612940073,0.1,0.001,8.0,128.0,24.0,3.0,DGFMplus__eta-0p001__large_batch-128__restart_mixing_rounds-3__restart_period-24__small_batch-8,"{""eta"": 0.001, ""large_batch"": 128, ""restart_mixing_rounds"": 3, ""restart_period"": 24, ""small_batch"": 8}",,,,
DGFM+,DGFM+,288,288,8,x_bar,20.846751928329468,100,100100,200100,1225827990,szo,95232,95232,11904,"[11904, 11904, 11904, 11904, 11904, 11904, 11904, 11904]",57344,600,600,0.7315536141395569,0.0101098800078034,0.1,0.001,8.0,128.0,24.0,3.0,DGFMplus__eta-0p001__large_batch-128__restart_mixing_rounds-3__restart_period-24__small_batch-8,"{""eta"": 0.001, ""large_batch"": 128, ""restart_mixing_rounds"": 3, ""restart_period"": 24, ""small_batch"": 8}",,,,
DGFM+,DGFM+,336,336,8,x_bar,24.305420637130737,100,100100,200100,1225827990,szo,111104,111104,13888,"[13888, 13888, 13888, 13888, 13888, 13888, 13888, 13888]",65536,700,700,0.7315661907196045,0.0109478076919913,0.1,0.001,8.0,128.0,24.0,3.0,DGFMplus__eta-0p001__large_batch-128__restart_mixing_rounds-3__restart_period-24__small_batch-8,"{""eta"": 0.001, ""large_batch"": 128, ""restart_mixing_rounds"": 3, ""restart_period"": 24, ""small_batch"": 8}",,,,
DGFM+,DGFM+,384,384,8,x_bar,27.75237274169922,100,100100,200100,1225827990,szo,126976,126976,15872,"[15872, 15872, 15872, 15872, 15872, 15872, 15872, 15872]",73728,800,800,0.731574535369873,0.0106874778866767,0.1,0.001,8.0,128.0,24.0,3.0,DGFMplus__eta-0p001__large_batch-128__restart_mixing_rounds-3__restart_period-24__small_batch-8,"{""eta"": 0.001, ""large_batch"": 128, ""restart_mixing_rounds"": 3, ""restart_period"": 24, ""small_batch"": 8}",,,,
DGFM+,DGFM+,432,432,8,x_bar,31.317272901535038,100,100100,200100,1225827990,szo,142848,142848,17856,"[17856, 17856, 17856, 17856, 17856, 17856, 17856, 17856]",81920,900,900,0.731575071811676,0.0102607095614075,0.1,0.001,8.0,128.0,24.0,3.0,DGFMplus__eta-0p001__large_batch-128__restart_mixing_rounds-3__restart_period-24__small_batch-8,"{""eta"": 0.001, ""large_batch"": 128, ""restart_mixing_rounds"": 3, ""restart_period"": 24, ""small_batch"": 8}",,,,
DGFM+,DGFM+,480,480,8,x_bar,34.86617684364319,100,100100,200100,1225827990,szo,158720,158720,19840,"[19840, 19840, 19840, 19840, 19840, 19840, 19840, 19840]",90112,1000,1000,0.731573224067688,0.0100859338417649,0.1,0.001,8.0,128.0,24.0,3.0,DGFMplus__eta-0p001__large_batch-128__restart_mixing_rounds-3__restart_period-24__small_batch-8,"{""eta"": 0.001, ""large_batch"": 128, ""restart_mixing_rounds"": 3, ""restart_period"": 24, ""small_batch"": 8}",,,,
DGFM+,DGFM+,1,1,8,x_bar,0.4920475482940674,101,100101,200101,845318908,szo,2048,2048,256,"[256, 256, 256, 256, 256, 256, 256, 256]",8192,4,4,0.7267054319381714,0.0103661585599184,0.1,0.001,8.0,128.0,24.0,3.0,DGFMplus__eta-0p001__large_batch-128__restart_mixing_rounds-3__restart_period-24__small_batch-8,"{""eta"": 0.001, ""large_batch"": 128, ""restart_mixing_rounds"": 3, ""restart_period"": 24, ""small_batch"": 8}",,,,
DGFM+,DGFM+,48,48,8,x_bar,3.518989324569702,101,100101,200101,845318908,szo,15872,15872,1984,"[1984, 1984, 1984, 1984, 1984, 1984, 1984, 1984]",16384,100,100,0.7267540097236633,0.0101698981598019,0.1,0.001,8.0,128.0,24.0,3.0,DGFMplus__eta-0p001__large_batch-128__restart_mixing_rounds-3__restart_period-24__small_batch-8,"{""eta"": 0.001, ""large_batch"": 128, ""restart_mixing_rounds"": 3, ""restart_period"": 24, ""small_batch"": 8}",,,,
DGFM+,DGFM+,96,96,8,x_bar,6.973058938980103,101,100101,200101,845318908,szo,31744,31744,3968,"[3968, 3968, 3968, 3968, 3968, 3968, 3968, 3968]",24576,200,200,0.7267627716064453,0.0113949254155159,0.1,0.001,8.0,128.0,24.0,3.0,DGFMplus__eta-0p001__large_batch-128__restart_mixing_rounds-3__restart_period-24__small_batch-8,"{""eta"": 0.001, ""large_batch"": 128, ""restart_mixing_rounds"": 3, ""restart_period"": 24, ""small_batch"": 8}",,,,
DGFM+,DGFM+,144,144,8,x_bar,10.443007230758669,101,100101,200101,845318908,szo,47616,47616,5952,"[5952, 5952, 5952, 5952, 5952, 5952, 5952, 5952]",32768,300,300,0.7267650961875916,0.0118862995877861,0.1,0.001,8.0,128.0,24.0,3.0,DGFMplus__eta-0p001__large_batch-128__restart_mixing_rounds-3__restart_period-24__small_batch-8,"{""eta"": 0.001, ""large_batch"": 128, ""restart_mixing_rounds"": 3, ""restart_period"": 24, ""small_batch"": 8}",,,,
DGFM+,DGFM+,192,192,8,x_bar,13.911096334457396,101,100101,200101,845318908,szo,63488,63488,7936,"[7936, 7936, 7936, 7936, 7936, 7936, 7936, 7936]",40960,400,400,0.7267749309539795,0.0115642081946134,0.1,0.001,8.0,128.0,24.0,3.0,DGFMplus__eta-0p001__large_batch-128__restart_mixing_rounds-3__restart_period-24__small_batch-8,"{""eta"": 0.001, ""large_batch"": 128, ""restart_mixing_rounds"": 3, ""restart_period"": 24, ""small_batch"": 8}",,,,
DGFM+,DGFM+,240,240,8,x_bar,17.367552518844604,101,100101,200101,845318908,szo,79360,79360,9920,"[9920, 9920, 9920, 9920, 9920, 9920, 9920, 9920]",49152,500,500,0.7267744541168213,0.010583589784801,0.1,0.001,8.0,128.0,24.0,3.0,DGFMplus__eta-0p001__large_batch-128__restart_mixing_rounds-3__restart_period-24__small_batch-8,"{""eta"": 0.001, ""large_batch"": 128, ""restart_mixing_rounds"": 3, ""restart_period"": 24, ""small_batch"": 8}",,,,
DGFM+,DGFM+,288,288,8,x_bar,20.82521247863769,101,100101,200101,845318908,szo,95232,95232,11904,"[11904, 11904, 11904, 11904, 11904, 11904, 11904, 11904]",57344,600,600,0.7267727851867676,0.011968214996159,0.1,0.001,8.0,128.0,24.0,3.0,DGFMplus__eta-0p001__large_batch-128__restart_mixing_rounds-3__restart_period-24__small_batch-8,"{""eta"": 0.001, ""large_batch"": 128, ""restart_mixing_rounds"": 3, ""restart_period"": 24, ""small_batch"": 8}",,,,
DGFM+,DGFM+,336,336,8,x_bar,24.31805658340454,101,100101,200101,845318908,szo,111104,111104,13888,"[13888, 13888, 13888, 13888, 13888, 13888, 13888, 13888]",65536,700,700,0.7267734408378601,0.0107834879308938,0.1,0.001,8.0,128.0,24.0,3.0,DGFMplus__eta-0p001__large_batch-128__restart_mixing_rounds-3__restart_period-24__small_batch-8,"{""eta"": 0.001, ""large_batch"": 128, ""restart_mixing_rounds"": 3, ""restart_period"": 24, ""small_batch"": 8}",,,,
DGFM+,DGFM+,384,384,8,x_bar,27.815597534179688,101,100101,200101,845318908,szo,126976,126976,15872,"[15872, 15872, 15872, 15872, 15872, 15872, 15872, 15872]",73728,800,800,0.7267836928367615,0.0109572252258658,0.1,0.001,8.0,128.0,24.0,3.0,DGFMplus__eta-0p001__large_batch-128__restart_mixing_rounds-3__restart_period-24__small_batch-8,"{""eta"": 0.001, ""large_batch"": 128, ""restart_mixing_rounds"": 3, ""restart_period"": 24, ""small_batch"": 8}",,,,
DGFM+,DGFM+,432,432,8,x_bar,31.276700019836422,101,100101,200101,845318908,szo,142848,142848,17856,"[17856, 17856, 17856, 17856, 17856, 17856, 17856, 17856]",81920,900,900,0.7267959713935852,0.0115647763013839,0.1,0.001,8.0,128.0,24.0,3.0,DGFMplus__eta-0p001__large_batch-128__restart_mixing_rounds-3__restart_period-24__small_batch-8,"{""eta"": 0.001, ""large_batch"": 128, ""restart_mixing_rounds"": 3, ""restart_period"": 24, ""small_batch"": 8}",,,,
DGFM+,DGFM+,480,480,8,x_bar,34.77714991569519,101,100101,200101,845318908,szo,158720,158720,19840,"[19840, 19840, 19840, 19840, 19840, 19840, 19840, 19840]",90112,1000,1000,0.7268092036247253,0.0103706670925021,0.1,0.001,8.0,128.0,24.0,3.0,DGFMplus__eta-0p001__large_batch-128__restart_mixing_rounds-3__restart_period-24__small_batch-8,"{""eta"": 0.001, ""large_batch"": 128, ""restart_mixing_rounds"": 3, ""restart_period"": 24, ""small_batch"": 8}",,,,
DGFM+,DGFM+,1,1,8,x_bar,0.2812600135803222,100,100100,200100,1225827990,szo,1024,1024,128,"[128, 128, 128, 128, 128, 128, 128, 128]",8192,4,4,0.7314557433128357,0.0098437778651714,0.1,0.001,8.0,64.0,24.0,3.0,DGFMplus__eta-0p001__large_batch-64__restart_mixing_rounds-3__restart_period-24__small_batch-8,"{""eta"": 0.001, ""large_batch"": 64, ""restart_mixing_rounds"": 3, ""restart_period"": 24, ""small_batch"": 8}",,,,
DGFM+,DGFM+,48,48,8,x_bar,3.0824873447418213,100,100100,200100,1225827990,szo,13824,13824,1728,"[1728, 1728, 1728, 1728, 1728, 1728, 1728, 1728]",16384,100,100,0.7315212488174438,0.0113385915756225,0.1,0.001,8.0,64.0,24.0,3.0,DGFMplus__eta-0p001__large_batch-64__restart_mixing_rounds-3__restart_period-24__small_batch-8,"{""eta"": 0.001, ""large_batch"": 64, ""restart_mixing_rounds"": 3, ""restart_period"": 24, ""small_batch"": 8}",,,,
DGFM+,DGFM+,96,96,8,x_bar,6.118496894836426,100,100100,200100,1225827990,szo,27648,27648,3456,"[3456, 3456, 3456, 3456, 3456, 3456, 3456, 3456]",24576,200,200,0.7315481305122375,0.0108960904181003,0.1,0.001,8.0,64.0,24.0,3.0,DGFMplus__eta-0p001__large_batch-64__restart_mixing_rounds-3__restart_period-24__small_batch-8,"{""eta"": 0.001, ""large_batch"": 64, ""restart_mixing_rounds"": 3, ""restart_period"": 24, ""small_batch"": 8}",,,,
DGFM+,DGFM+,144,144,8,x_bar,9.150238752365112,100,100100,200100,1225827990,szo,41472,41472,5184,"[5184, 5184, 5184, 5184, 5184, 5184, 5184, 5184]",32768,300,300,0.7315659523010254,0.0099807307124137,0.1,0.001,8.0,64.0,24.0,3.0,DGFMplus__eta-0p001__large_batch-64__restart_mixing_rounds-3__restart_period-24__small_batch-8,"{""eta"": 0.001, ""large_batch"": 64, ""restart_mixing_rounds"": 3, ""restart_period"": 24, ""small_batch"": 8}",,,,
DGFM+,DGFM+,192,192,8,x_bar,12.220606088638306,100,100100,200100,1225827990,szo,55296,55296,6912,"[6912, 6912, 6912, 6912, 6912, 6912, 6912, 6912]",40960,400,400,0.7315952181816101,0.0110246380791068,0.1,0.001,8.0,64.0,24.0,3.0,DGFMplus__eta-0p001__large_batch-64__restart_mixing_rounds-3__restart_period-24__small_batch-8,"{""eta"": 0.001, ""large_batch"": 64, ""restart_mixing_rounds"": 3, ""restart_period"": 24, ""small_batch"": 8}",,,,
DGFM+,DGFM+,240,240,8,x_bar,15.292535781860352,100,100100,200100,1225827990,szo,69120,69120,8640,"[8640, 8640, 8640, 8640, 8640, 8640, 8640, 8640]",49152,500,500,0.7316074371337891,0.0105657009407877,0.1,0.001,8.0,64.0,24.0,3.0,DGFMplus__eta-0p001__large_batch-64__restart_mixing_rounds-3__restart_period-24__small_batch-8,"{""eta"": 0.001, ""large_batch"": 64, ""restart_mixing_rounds"": 3, ""restart_period"": 24, ""small_batch"": 8}",,,,
DGFM+,DGFM+,288,288,8,x_bar,18.396798610687256,100,100100,200100,1225827990,szo,82944,82944,10368,"[10368, 10368, 10368, 10368, 10368, 10368, 10368, 10368]",57344,600,600,0.7316206097602844,0.0102775832638144,0.1,0.001,8.0,64.0,24.0,3.0,DGFMplus__eta-0p001__large_batch-64__restart_mixing_rounds-3__restart_period-24__small_batch-8,"{""eta"": 0.001, ""large_batch"": 64, ""restart_mixing_rounds"": 3, ""restart_period"": 24, ""small_batch"": 8}",,,,
DGFM+,DGFM+,336,336,8,x_bar,21.44703221321106,100,100100,200100,1225827990,szo,96768,96768,12096,"[12096, 12096, 12096, 12096, 12096, 12096, 12096, 12096]",65536,700,700,0.7316502332687378,0.0111489035189151,0.1,0.001,8.0,64.0,24.0,3.0,DGFMplus__eta-0p001__large_batch-64__restart_mixing_rounds-3__restart_period-24__small_batch-8,"{""eta"": 0.001, ""large_batch"": 64, ""restart_mixing_rounds"": 3, ""restart_period"": 24, ""small_batch"": 8}",,,,
DGFM+,DGFM+,384,384,8,x_bar,24.462286233901978,100,100100,200100,1225827990,szo,110592,110592,13824,"[13824, 13824, 13824, 13824, 13824, 13824, 13824, 13824]",73728,800,800,0.7316602468490601,0.0106621868908405,0.1,0.001,8.0,64.0,24.0,3.0,DGFMplus__eta-0p001__large_batch-64__restart_mixing_rounds-3__restart_period-24__small_batch-8,"{""eta"": 0.001, ""large_batch"": 64, ""restart_mixing_rounds"": 3, ""restart_period"": 24, ""small_batch"": 8}",,,,
DGFM+,DGFM+,432,432,8,x_bar,27.52541208267212,100,100100,200100,1225827990,szo,124416,124416,15552,"[15552, 15552, 15552, 15552, 15552, 15552, 15552, 15552]",81920,900,900,0.731669008731842,0.0102936811745166,0.1,0.001,8.0,64.0,24.0,3.0,DGFMplus__eta-0p001__large_batch-64__restart_mixing_rounds-3__restart_period-24__small_batch-8,"{""eta"": 0.001, ""large_batch"": 64, ""restart_mixing_rounds"": 3, ""restart_period"": 24, ""small_batch"": 8}",,,,
DGFM+,DGFM+,480,480,8,x_bar,30.559248447418213,100,100100,200100,1225827990,szo,138240,138240,17280,"[17280, 17280, 17280, 17280, 17280, 17280, 17280, 17280]",90112,1000,1000,0.7316809892654419,0.0103827491402626,0.1,0.001,8.0,64.0,24.0,3.0,DGFMplus__eta-0p001__large_batch-64__restart_mixing_rounds-3__restart_period-24__small_batch-8,"{""eta"": 0.001, ""large_batch"": 64, ""restart_mixing_rounds"": 3, ""restart_period"": 24, ""small_batch"": 8}",,,,
DGFM+,DGFM+,1,1,8,x_bar,0.2776470184326172,101,100101,200101,845318908,szo,1024,1024,128,"[128, 128, 128, 128, 128, 128, 128, 128]",8192,4,4,0.7267057299613953,0.0103715909644961,0.1,0.001,8.0,64.0,24.0,3.0,DGFMplus__eta-0p001__large_batch-64__restart_mixing_rounds-3__restart_period-24__small_batch-8,"{""eta"": 0.001, ""large_batch"": 64, ""restart_mixing_rounds"": 3, ""restart_period"": 24, ""small_batch"": 8}",,,,
DGFM+,DGFM+,48,48,8,x_bar,3.0874886512756348,101,100101,200101,845318908,szo,13824,13824,1728,"[1728, 1728, 1728, 1728, 1728, 1728, 1728, 1728]",16384,100,100,0.7267658114433289,0.0101844975724816,0.1,0.001,8.0,64.0,24.0,3.0,DGFMplus__eta-0p001__large_batch-64__restart_mixing_rounds-3__restart_period-24__small_batch-8,"{""eta"": 0.001, ""large_batch"": 64, ""restart_mixing_rounds"": 3, ""restart_period"": 24, ""small_batch"": 8}",,,,
DGFM+,DGFM+,96,96,8,x_bar,6.076284646987915,101,100101,200101,845318908,szo,27648,27648,3456,"[3456, 3456, 3456, 3456, 3456, 3456, 3456, 3456]",24576,200,200,0.726781964302063,0.0111995916813611,0.1,0.001,8.0,64.0,24.0,3.0,DGFMplus__eta-0p001__large_batch-64__restart_mixing_rounds-3__restart_period-24__small_batch-8,"{""eta"": 0.001, ""large_batch"": 64, ""restart_mixing_rounds"": 3, ""restart_period"": 24, ""small_batch"": 8}",,,,
DGFM+,DGFM+,144,144,8,x_bar,9.064385652542114,101,100101,200101,845318908,szo,41472,41472,5184,"[5184, 5184, 5184, 5184, 5184, 5184, 5184, 5184]",32768,300,300,0.7267966866493225,0.0118558127433061,0.1,0.001,8.0,64.0,24.0,3.0,DGFMplus__eta-0p001__large_batch-64__restart_mixing_rounds-3__restart_period-24__small_batch-8,"{""eta"": 0.001, ""large_batch"": 64, ""restart_mixing_rounds"": 3, ""restart_period"": 24, ""small_batch"": 8}",,,,
DGFM+,DGFM+,192,192,8,x_bar,12.06398344039917,101,100101,200101,845318908,szo,55296,55296,6912,"[6912, 6912, 6912, 6912, 6912, 6912, 6912, 6912]",40960,400,400,0.7268169522285461,0.0115396175533533,0.1,0.001,8.0,64.0,24.0,3.0,DGFMplus__eta-0p001__large_batch-64__restart_mixing_rounds-3__restart_period-24__small_batch-8,"{""eta"": 0.001, ""large_batch"": 64, ""restart_mixing_rounds"": 3, ""restart_period"": 24, ""small_batch"": 8}",,,,
DGFM+,DGFM+,240,240,8,x_bar,15.08712124824524,101,100101,200101,845318908,szo,69120,69120,8640,"[8640, 8640, 8640, 8640, 8640, 8640, 8640, 8640]",49152,500,500,0.7268299460411072,0.0107603007927536,0.1,0.001,8.0,64.0,24.0,3.0,DGFMplus__eta-0p001__large_batch-64__restart_mixing_rounds-3__restart_period-24__small_batch-8,"{""eta"": 0.001, ""large_batch"": 64, ""restart_mixing_rounds"": 3, ""restart_period"": 24, ""small_batch"": 8}",,,,
DGFM+,DGFM+,288,288,8,x_bar,18.206358671188354,101,100101,200101,845318908,szo,82944,82944,10368,"[10368, 10368, 10368, 10368, 10368, 10368, 10368, 10368]",57344,600,600,0.7268337607383728,0.0122598335146904,0.1,0.001,8.0,64.0,24.0,3.0,DGFMplus__eta-0p001__large_batch-64__restart_mixing_rounds-3__restart_period-24__small_batch-8,"{""eta"": 0.001, ""large_batch"": 64, ""restart_mixing_rounds"": 3, ""restart_period"": 24, ""small_batch"": 8}",,,,
DGFM+,DGFM+,336,336,8,x_bar,21.30672812461853,101,100101,200101,845318908,szo,96768,96768,12096,"[12096, 12096, 12096, 12096, 12096, 12096, 12096, 12096]",65536,700,700,0.7268351912498474,0.0107298269867897,0.1,0.001,8.0,64.0,24.0,3.0,DGFMplus__eta-0p001__large_batch-64__restart_mixing_rounds-3__restart_period-24__small_batch-8,"{""eta"": 0.001, ""large_batch"": 64, ""restart_mixing_rounds"": 3, ""restart_period"": 24, ""small_batch"": 8}",,,,
DGFM+,DGFM+,384,384,8,x_bar,24.342064142227173,101,100101,200101,845318908,szo,110592,110592,13824,"[13824, 13824, 13824, 13824, 13824, 13824, 13824, 13824]",73728,800,800,0.726844072341919,0.0109467832371592,0.1,0.001,8.0,64.0,24.0,3.0,DGFMplus__eta-0p001__large_batch-64__restart_mixing_rounds-3__restart_period-24__small_batch-8,"{""eta"": 0.001, ""large_batch"": 64, ""restart_mixing_rounds"": 3, ""restart_period"": 24, ""small_batch"": 8}",,,,
DGFM+,DGFM+,432,432,8,x_bar,27.398884534835812,101,100101,200101,845318908,szo,124416,124416,15552,"[15552, 15552, 15552, 15552, 15552, 15552, 15552, 15552]",81920,900,900,0.7268573045730591,0.0114736463874578,0.1,0.001,8.0,64.0,24.0,3.0,DGFMplus__eta-0p001__large_batch-64__restart_mixing_rounds-3__restart_period-24__small_batch-8,"{""eta"": 0.001, ""large_batch"": 64, ""restart_mixing_rounds"": 3, ""restart_period"": 24, ""small_batch"": 8}",,,,
DGFM+,DGFM+,480,480,8,x_bar,30.43824863433838,101,100101,200101,845318908,szo,138240,138240,17280,"[17280, 17280, 17280, 17280, 17280, 17280, 17280, 17280]",90112,1000,1000,0.7268749475479126,0.0102747026830911,0.1,0.001,8.0,64.0,24.0,3.0,DGFMplus__eta-0p001__large_batch-64__restart_mixing_rounds-3__restart_period-24__small_batch-8,"{""eta"": 0.001, ""large_batch"": 64, ""restart_mixing_rounds"": 3, ""restart_period"": 24, ""small_batch"": 8}",,,,
DGFM+,DGFM+,1,1,8,x_bar,0.2871997356414795,100,100100,200100,1225827990,szo,1024,1024,128,"[128, 128, 128, 128, 128, 128, 128, 128]",8192,4,4,0.7314557433128357,0.0098437778651714,0.1,0.001,16.0,64.0,24.0,3.0,DGFMplus__eta-0p001__large_batch-64__restart_mixing_rounds-3__restart_period-24__small_batch-16,"{""eta"": 0.001, ""large_batch"": 64, ""restart_mixing_rounds"": 3, ""restart_period"": 24, ""small_batch"": 16}",,,,
DGFM+,DGFM+,48,48,8,x_bar,5.560063600540161,100,100100,200100,1225827990,szo,25600,25600,3200,"[3200, 3200, 3200, 3200, 3200, 3200, 3200, 3200]",16384,100,100,0.7315212488174438,0.0113429361954331,0.1,0.001,16.0,64.0,24.0,3.0,DGFMplus__eta-0p001__large_batch-64__restart_mixing_rounds-3__restart_period-24__small_batch-16,"{""eta"": 0.001, ""large_batch"": 64, ""restart_mixing_rounds"": 3, ""restart_period"": 24, ""small_batch"": 16}",,,,
DGFM+,DGFM+,96,96,8,x_bar,11.142033815383911,100,100100,200100,1225827990,szo,51200,51200,6400,"[6400, 6400, 6400, 6400, 6400, 6400, 6400, 6400]",24576,200,200,0.7315481305122375,0.0108961025252938,0.1,0.001,16.0,64.0,24.0,3.0,DGFMplus__eta-0p001__large_batch-64__restart_mixing_rounds-3__restart_period-24__small_batch-16,"{""eta"": 0.001, ""large_batch"": 64, ""restart_mixing_rounds"": 3, ""restart_period"": 24, ""small_batch"": 16}",,,,
DGFM+,DGFM+,144,144,8,x_bar,16.626033544540405,100,100100,200100,1225827990,szo,76800,76800,9600,"[9600, 9600, 9600, 9600, 9600, 9600, 9600, 9600]",32768,300,300,0.7315659523010254,0.0099807251244783,0.1,0.001,16.0,64.0,24.0,3.0,DGFMplus__eta-0p001__large_batch-64__restart_mixing_rounds-3__restart_period-24__small_batch-16,"{""eta"": 0.001, ""large_batch"": 64, ""restart_mixing_rounds"": 3, ""restart_period"": 24, ""small_batch"": 16}",,,,
DGFM+,DGFM+,192,192,8,x_bar,22.13780117034912,100,100100,200100,1225827990,szo,102400,102400,12800,"[12800, 12800, 12800, 12800, 12800, 12800, 12800, 12800]",40960,400,400,0.7315952181816101,0.0110246399417519,0.1,0.001,16.0,64.0,24.0,3.0,DGFMplus__eta-0p001__large_batch-64__restart_mixing_rounds-3__restart_period-24__small_batch-16,"{""eta"": 0.001, ""large_batch"": 64, ""restart_mixing_rounds"": 3, ""restart_period"": 24, ""small_batch"": 16}",,,,
DGFM+,DGFM+,240,240,8,x_bar,27.63975715637207,100,100100,200100,1225827990,szo,128000,128000,16000,"[16000, 16000, 16000, 16000, 16000, 16000, 16000, 16000]",49152,500,500,0.7316073775291443,0.0105656795203685,0.1,0.001,16.0,64.0,24.0,3.0,DGFMplus__eta-0p001__large_batch-64__restart_mixing_rounds-3__restart_period-24__small_batch-16,"{""eta"": 0.001, ""large_batch"": 64, ""restart_mixing_rounds"": 3, ""restart_period"": 24, ""small_batch"": 16}",,,,
DGFM+,DGFM+,288,288,8,x_bar,33.104387521743774,100,100100,200100,1225827990,szo,153600,153600,19200,"[19200, 19200, 19200, 19200, 19200, 19200, 19200, 19200]",57344,600,600,0.731620728969574,0.0102775627747178,0.1,0.001,16.0,64.0,24.0,3.0,DGFMplus__eta-0p001__large_batch-64__restart_mixing_rounds-3__restart_period-24__small_batch-16,"{""eta"": 0.001, ""large_batch"": 64, ""restart_mixing_rounds"": 3, ""restart_period"": 24, ""small_batch"": 16}",,,,
DGFM+,DGFM+,336,336,8,x_bar,38.55845856666565,100,100100,200100,1225827990,szo,179200,179200,22400,"[22400, 22400, 22400, 22400, 22400, 22400, 22400, 22400]",65536,700,700,0.731650173664093,0.0111488914117217,0.1,0.001,16.0,64.0,24.0,3.0,DGFMplus__eta-0p001__large_batch-64__restart_mixing_rounds-3__restart_period-24__small_batch-16,"{""eta"": 0.001, ""large_batch"": 64, ""restart_mixing_rounds"": 3, ""restart_period"": 24, ""small_batch"": 16}",,,,
DGFM+,DGFM+,384,384,8,x_bar,44.01842665672302,100,100100,200100,1225827990,szo,204800,204800,25600,"[25600, 25600, 25600, 25600, 25600, 25600, 25600, 25600]",73728,800,800,0.7316602468490601,0.0106618870049715,0.1,0.001,16.0,64.0,24.0,3.0,DGFMplus__eta-0p001__large_batch-64__restart_mixing_rounds-3__restart_period-24__small_batch-16,"{""eta"": 0.001, ""large_batch"": 64, ""restart_mixing_rounds"": 3, ""restart_period"": 24, ""small_batch"": 16}",,,,
DGFM+,DGFM+,432,432,8,x_bar,49.47609257698059,100,100100,200100,1225827990,szo,230400,230400,28800,"[28800, 28800, 28800, 28800, 28800, 28800, 28800, 28800]",81920,900,900,0.7316690683364868,0.0102876871824264,0.1,0.001,16.0,64.0,24.0,3.0,DGFMplus__eta-0p001__large_batch-64__restart_mixing_rounds-3__restart_period-24__small_batch-16,"{""eta"": 0.001, ""large_batch"": 64, ""restart_mixing_rounds"": 3, ""restart_period"": 24, ""small_batch"": 16}",,,,
DGFM+,DGFM+,480,480,8,x_bar,55.01920819282532,100,100100,200100,1225827990,szo,256000,256000,32000,"[32000, 32000, 32000, 32000, 32000, 32000, 32000, 32000]",90112,1000,1000,0.7316810488700867,0.0103833125904202,0.1,0.001,16.0,64.0,24.0,3.0,DGFMplus__eta-0p001__large_batch-64__restart_mixing_rounds-3__restart_period-24__small_batch-16,"{""eta"": 0.001, ""large_batch"": 64, ""restart_mixing_rounds"": 3, ""restart_period"": 24, ""small_batch"": 16}",,,,
DGFM+,DGFM+,1,1,8,x_bar,0.2734999656677246,101,100101,200101,845318908,szo,1024,1024,128,"[128, 128, 128, 128, 128, 128, 128, 128]",8192,4,4,0.7267057299613953,0.0103715909644961,0.1,0.001,16.0,64.0,24.0,3.0,DGFMplus__eta-0p001__large_batch-64__restart_mixing_rounds-3__restart_period-24__small_batch-16,"{""eta"": 0.001, ""large_batch"": 64, ""restart_mixing_rounds"": 3, ""restart_period"": 24, ""small_batch"": 16}",,,,
DGFM+,DGFM+,48,48,8,x_bar,5.490564346313477,101,100101,200101,845318908,szo,25600,25600,3200,"[3200, 3200, 3200, 3200, 3200, 3200, 3200, 3200]",16384,100,100,0.7267658114433289,0.0101841278374195,0.1,0.001,16.0,64.0,24.0,3.0,DGFMplus__eta-0p001__large_batch-64__restart_mixing_rounds-3__restart_period-24__small_batch-16,"{""eta"": 0.001, ""large_batch"": 64, ""restart_mixing_rounds"": 3, ""restart_period"": 24, ""small_batch"": 16}",,,,
DGFM+,DGFM+,96,96,8,x_bar,10.95966124534607,101,100101,200101,845318908,szo,51200,51200,6400,"[6400, 6400, 6400, 6400, 6400, 6400, 6400, 6400]",24576,200,200,0.7267819046974182,0.0112004969269037,0.1,0.001,16.0,64.0,24.0,3.0,DGFMplus__eta-0p001__large_batch-64__restart_mixing_rounds-3__restart_period-24__small_batch-16,"{""eta"": 0.001, ""large_batch"": 64, ""restart_mixing_rounds"": 3, ""restart_period"": 24, ""small_batch"": 16}",,,,
DGFM+,DGFM+,144,144,8,x_bar,16.598881006240845,101,100101,200101,845318908,szo,76800,76800,9600,"[9600, 9600, 9600, 9600, 9600, 9600, 9600, 9600]",32768,300,300,0.726796567440033,0.0118527580052614,0.1,0.001,16.0,64.0,24.0,3.0,DGFMplus__eta-0p001__large_batch-64__restart_mixing_rounds-3__restart_period-24__small_batch-16,"{""eta"": 0.001, ""large_batch"": 64, ""restart_mixing_rounds"": 3, ""restart_period"": 24, ""small_batch"": 16}",,,,
DGFM+,DGFM+,192,192,8,x_bar,22.053155183792114,101,100101,200101,845318908,szo,102400,102400,12800,"[12800, 12800, 12800, 12800, 12800, 12800, 12800, 12800]",40960,400,400,0.7268168926239014,0.0115396538749337,0.1,0.001,16.0,64.0,24.0,3.0,DGFMplus__eta-0p001__large_batch-64__restart_mixing_rounds-3__restart_period-24__small_batch-16,"{""eta"": 0.001, ""large_batch"": 64, ""restart_mixing_rounds"": 3, ""restart_period"": 24, ""small_batch"": 16}",,,,
DGFM+,DGFM+,240,240,8,x_bar,27.510180950164795,101,100101,200101,845318908,szo,128000,128000,16000,"[16000, 16000, 16000, 16000, 16000, 16000, 16000, 16000]",49152,500,500,0.7268298864364624,0.0107603427022695,0.1,0.001,16.0,64.0,24.0,3.0,DGFMplus__eta-0p001__large_batch-64__restart_mixing_rounds-3__restart_period-24__small_batch-16,"{""eta"": 0.001, ""large_batch"": 64, ""restart_mixing_rounds"": 3, ""restart_period"": 24, ""small_batch"": 16}",,,,
DGFM+,DGFM+,288,288,8,x_bar,32.98719596862793,101,100101,200101,845318908,szo,153600,153600,19200,"[19200, 19200, 19200, 19200, 19200, 19200, 19200, 19200]",57344,600,600,0.7268336415290833,0.0122667392715811,0.1,0.001,16.0,64.0,24.0,3.0,DGFMplus__eta-0p001__large_batch-64__restart_mixing_rounds-3__restart_period-24__small_batch-16,"{""eta"": 0.001, ""large_batch"": 64, ""restart_mixing_rounds"": 3, ""restart_period"": 24, ""small_batch"": 16}",,,,
DGFM+,DGFM+,336,336,8,x_bar,38.469913482666016,101,100101,200101,845318908,szo,179200,179200,22400,"[22400, 22400, 22400, 22400, 22400, 22400, 22400, 22400]",65536,700,700,0.7268351912498474,0.0107294470071792,0.1,0.001,16.0,64.0,24.0,3.0,DGFMplus__eta-0p001__large_batch-64__restart_mixing_rounds-3__restart_period-24__small_batch-16,"{""eta"": 0.001, ""large_batch"": 64, ""restart_mixing_rounds"": 3, ""restart_period"": 24, ""small_batch"": 16}",,,,
DGFM+,DGFM+,384,384,8,x_bar,44.000924825668335,101,100101,200101,845318908,szo,204800,204800,25600,"[25600, 25600, 25600, 25600, 25600, 25600, 25600, 25600]",73728,800,800,0.7268440127372742,0.010946799069643,0.1,0.001,16.0,64.0,24.0,3.0,DGFMplus__eta-0p001__large_batch-64__restart_mixing_rounds-3__restart_period-24__small_batch-16,"{""eta"": 0.001, ""large_batch"": 64, ""restart_mixing_rounds"": 3, ""restart_period"": 24, ""small_batch"": 16}",,,,
DGFM+,DGFM+,432,432,8,x_bar,49.54563283920288,101,100101,200101,845318908,szo,230400,230400,28800,"[28800, 28800, 28800, 28800, 28800, 28800, 28800, 28800]",81920,900,900,0.7268572449684143,0.0114714242517948,0.1,0.001,16.0,64.0,24.0,3.0,DGFMplus__eta-0p001__large_batch-64__restart_mixing_rounds-3__restart_period-24__small_batch-16,"{""eta"": 0.001, ""large_batch"": 64, ""restart_mixing_rounds"": 3, ""restart_period"": 24, ""small_batch"": 16}",,,,
DGFM+,DGFM+,480,480,8,x_bar,55.10217547416687,101,100101,200101,845318908,szo,256000,256000,32000,"[32000, 32000, 32000, 32000, 32000, 32000, 32000, 32000]",90112,1000,1000,0.7268749475479126,0.0102747287601232,0.1,0.001,16.0,64.0,24.0,3.0,DGFMplus__eta-0p001__large_batch-64__restart_mixing_rounds-3__restart_period-24__small_batch-16,"{""eta"": 0.001, ""large_batch"": 64, ""restart_mixing_rounds"": 3, ""restart_period"": 24, ""small_batch"": 16}",,,,
DGFM+,DGFM+,1,1,8,x_bar,0.2736153602600097,100,100100,200100,1225827990,szo,1024,1024,128,"[128, 128, 128, 128, 128, 128, 128, 128]",8192,2,2,0.7314557433128357,0.0098437778651714,0.1,0.001,16.0,64.0,48.0,1.0,DGFMplus__eta-0p001__large_batch-64__restart_mixing_rounds-1__restart_period-48__small_batch-16,"{""eta"": 0.001, ""large_batch"": 64, ""restart_mixing_rounds"": 1, ""restart_period"": 48, ""small_batch"": 16}",,,,
DGFM+,DGFM+,48,48,8,x_bar,5.518816709518433,100,100100,200100,1225827990,szo,25088,25088,3136,"[3136, 3136, 3136, 3136, 3136, 3136, 3136, 3136]",16384,96,96,0.7315528392791748,0.0113279819488525,0.1,0.001,16.0,64.0,48.0,1.0,DGFMplus__eta-0p001__large_batch-64__restart_mixing_rounds-1__restart_period-48__small_batch-16,"{""eta"": 0.001, ""large_batch"": 64, ""restart_mixing_rounds"": 1, ""restart_period"": 48, ""small_batch"": 16}",,,,
DGFM+,DGFM+,96,96,8,x_bar,10.933256149291992,100,100100,200100,1225827990,szo,50176,50176,6272,"[6272, 6272, 6272, 6272, 6272, 6272, 6272, 6272]",24576,192,192,0.7315844893455505,0.0109890941530466,0.1,0.001,16.0,64.0,48.0,1.0,DGFMplus__eta-0p001__large_batch-64__restart_mixing_rounds-1__restart_period-48__small_batch-16,"{""eta"": 0.001, ""large_batch"": 64, ""restart_mixing_rounds"": 1, ""restart_period"": 48, ""small_batch"": 16}",,,,
DGFM+,DGFM+,144,144,8,x_bar,16.306209802627563,100,100100,200100,1225827990,szo,75264,75264,9408,"[9408, 9408, 9408, 9408, 9408, 9408, 9408, 9408]",32768,288,288,0.7316175699234009,0.0100044282153248,0.1,0.001,16.0,64.0,48.0,1.0,DGFMplus__eta-0p001__large_batch-64__restart_mixing_rounds-1__restart_period-48__small_batch-16,"{""eta"": 0.001, ""large_batch"": 64, ""restart_mixing_rounds"": 1, ""restart_period"": 48, ""small_batch"": 16}",,,,
DGFM+,DGFM+,192,192,8,x_bar,21.781020402908325,100,100100,200100,1225827990,szo,100352,100352,12544,"[12544, 12544, 12544, 12544, 12544, 12544, 12544, 12544]",40960,384,384,0.7316516637802124,0.0112172486260533,0.1,0.001,16.0,64.0,48.0,1.0,DGFMplus__eta-0p001__large_batch-64__restart_mixing_rounds-1__restart_period-48__small_batch-16,"{""eta"": 0.001, ""large_batch"": 64, ""restart_mixing_rounds"": 1, ""restart_period"": 48, ""small_batch"": 16}",,,,
DGFM+,DGFM+,240,240,8,x_bar,27.1339168548584,100,100100,200100,1225827990,szo,125440,125440,15680,"[15680, 15680, 15680, 15680, 15680, 15680, 15680, 15680]",49152,480,480,0.7316718697547913,0.0104864053428173,0.1,0.001,16.0,64.0,48.0,1.0,DGFMplus__eta-0p001__large_batch-64__restart_mixing_rounds-1__restart_period-48__small_batch-16,"{""eta"": 0.001, ""large_batch"": 64, ""restart_mixing_rounds"": 1, ""restart_period"": 48, ""small_batch"": 16}",,,,
DGFM+,DGFM+,288,288,8,x_bar,32.52843260765076,100,100100,200100,1225827990,szo,150528,150528,18816,"[18816, 18816, 18816, 18816, 18816, 18816, 18816, 18816]",57344,576,576,0.7316754460334778,0.0105445589870214,0.1,0.001,16.0,64.0,48.0,1.0,DGFMplus__eta-0p001__large_batch-64__restart_mixing_rounds-1__restart_period-48__small_batch-16,"{""eta"": 0.001, ""large_batch"": 64, ""restart_mixing_rounds"": 1, ""restart_period"": 48, ""small_batch"": 16}",,,,
DGFM+,DGFM+,336,336,8,x_bar,37.8783802986145,100,100100,200100,1225827990,szo,175616,175616,21952,"[21952, 21952, 21952, 21952, 21952, 21952, 21952, 21952]",65536,672,672,0.7317147850990295,0.0114146135747432,0.1,0.001,16.0,64.0,48.0,1.0,DGFMplus__eta-0p001__large_batch-64__restart_mixing_rounds-1__restart_period-48__small_batch-16,"{""eta"": 0.001, ""large_batch"": 64, ""restart_mixing_rounds"": 1, ""restart_period"": 48, ""small_batch"": 16}",,,,
DGFM+,DGFM+,384,384,8,x_bar,43.2230703830719,100,100100,200100,1225827990,szo,200704,200704,25088,"[25088, 25088, 25088, 25088, 25088, 25088, 25088, 25088]",73728,768,768,0.7317028045654297,0.0107185347005724,0.1,0.001,16.0,64.0,48.0,1.0,DGFMplus__eta-0p001__large_batch-64__restart_mixing_rounds-1__restart_period-48__small_batch-16,"{""eta"": 0.001, ""large_batch"": 64, ""restart_mixing_rounds"": 1, ""restart_period"": 48, ""small_batch"": 16}",,,,
DGFM+,DGFM+,432,432,8,x_bar,48.62115955352783,100,100100,200100,1225827990,szo,225792,225792,28224,"[28224, 28224, 28224, 28224, 28224, 28224, 28224, 28224]",81920,864,864,0.7317337989807129,0.0103908330202102,0.1,0.001,16.0,64.0,48.0,1.0,DGFMplus__eta-0p001__large_batch-64__restart_mixing_rounds-1__restart_period-48__small_batch-16,"{""eta"": 0.001, ""large_batch"": 64, ""restart_mixing_rounds"": 1, ""restart_period"": 48, ""small_batch"": 16}",,,,
DGFM+,DGFM+,480,480,8,x_bar,54.12389922142029,100,100100,200100,1225827990,szo,250880,250880,31360,"[31360, 31360, 31360, 31360, 31360, 31360, 31360, 31360]",90112,960,960,0.7317385673522949,0.0103982612490654,0.1,0.001,16.0,64.0,48.0,1.0,DGFMplus__eta-0p001__large_batch-64__restart_mixing_rounds-1__restart_period-48__small_batch-16,"{""eta"": 0.001, ""large_batch"": 64, ""restart_mixing_rounds"": 1, ""restart_period"": 48, ""small_batch"": 16}",,,,
DGFM+,DGFM+,1,1,8,x_bar,0.2775039672851562,101,100101,200101,845318908,szo,1024,1024,128,"[128, 128, 128, 128, 128, 128, 128, 128]",8192,2,2,0.7267057299613953,0.0103715909644961,0.1,0.001,16.0,64.0,48.0,1.0,DGFMplus__eta-0p001__large_batch-64__restart_mixing_rounds-1__restart_period-48__small_batch-16,"{""eta"": 0.001, ""large_batch"": 64, ""restart_mixing_rounds"": 1, ""restart_period"": 48, ""small_batch"": 16}",,,,
DGFM+,DGFM+,48,48,8,x_bar,5.418657302856445,101,100101,200101,845318908,szo,25088,25088,3136,"[3136, 3136, 3136, 3136, 3136, 3136, 3136, 3136]",16384,96,96,0.7267866730690002,0.0101780593395233,0.1,0.001,16.0,64.0,48.0,1.0,DGFMplus__eta-0p001__large_batch-64__restart_mixing_rounds-1__restart_period-48__small_batch-16,"{""eta"": 0.001, ""large_batch"": 64, ""restart_mixing_rounds"": 1, ""restart_period"": 48, ""small_batch"": 16}",,,,
DGFM+,DGFM+,96,96,8,x_bar,10.757492303848268,101,100101,200101,845318908,szo,50176,50176,6272,"[6272, 6272, 6272, 6272, 6272, 6272, 6272, 6272]",24576,192,192,0.7268276810646057,0.0112808514386415,0.1,0.001,16.0,64.0,48.0,1.0,DGFMplus__eta-0p001__large_batch-64__restart_mixing_rounds-1__restart_period-48__small_batch-16,"{""eta"": 0.001, ""large_batch"": 64, ""restart_mixing_rounds"": 1, ""restart_period"": 48, ""small_batch"": 16}",,,,
DGFM+,DGFM+,144,144,8,x_bar,16.144878387451172,101,100101,200101,845318908,szo,75264,75264,9408,"[9408, 9408, 9408, 9408, 9408, 9408, 9408, 9408]",32768,288,288,0.7268435955047607,0.0118855889886617,0.1,0.001,16.0,64.0,48.0,1.0,DGFMplus__eta-0p001__large_batch-64__restart_mixing_rounds-1__restart_period-48__small_batch-16,"{""eta"": 0.001, ""large_batch"": 64, ""restart_mixing_rounds"": 1, ""restart_period"": 48, ""small_batch"": 16}",,,,
DGFM+,DGFM+,192,192,8,x_bar,21.53682827949524,101,100101,200101,845318908,szo,100352,100352,12544,"[12544, 12544, 12544, 12544, 12544, 12544, 12544, 12544]",40960,384,384,0.7268738150596619,0.011808562092483,0.1,0.001,16.0,64.0,48.0,1.0,DGFMplus__eta-0p001__large_batch-64__restart_mixing_rounds-1__restart_period-48__small_batch-16,"{""eta"": 0.001, ""large_batch"": 64, ""restart_mixing_rounds"": 1, ""restart_period"": 48, ""small_batch"": 16}",,,,
DGFM+,DGFM+,240,240,8,x_bar,26.96122622489929,101,100101,200101,845318908,szo,125440,125440,15680,"[15680, 15680, 15680, 15680, 15680, 15680, 15680, 15680]",49152,480,480,0.7268832325935364,0.0108252884820103,0.1,0.001,16.0,64.0,48.0,1.0,DGFMplus__eta-0p001__large_batch-64__restart_mixing_rounds-1__restart_period-48__small_batch-16,"{""eta"": 0.001, ""large_batch"": 64, ""restart_mixing_rounds"": 1, ""restart_period"": 48, ""small_batch"": 16}",,,,
DGFM+,DGFM+,288,288,8,x_bar,32.35277342796326,101,100101,200101,845318908,szo,150528,150528,18816,"[18816, 18816, 18816, 18816, 18816, 18816, 18816, 18816]",57344,576,576,0.726879358291626,0.0123837608844041,0.1,0.001,16.0,64.0,48.0,1.0,DGFMplus__eta-0p001__large_batch-64__restart_mixing_rounds-1__restart_period-48__small_batch-16,"{""eta"": 0.001, ""large_batch"": 64, ""restart_mixing_rounds"": 1, ""restart_period"": 48, ""small_batch"": 16}",,,,
DGFM+,DGFM+,336,336,8,x_bar,37.83372759819031,101,100101,200101,845318908,szo,175616,175616,21952,"[21952, 21952, 21952, 21952, 21952, 21952, 21952, 21952]",65536,672,672,0.7268919944763184,0.0110390977934002,0.1,0.001,16.0,64.0,48.0,1.0,DGFMplus__eta-0p001__large_batch-64__restart_mixing_rounds-1__restart_period-48__small_batch-16,"{""eta"": 0.001, ""large_batch"": 64, ""restart_mixing_rounds"": 1, ""restart_period"": 48, ""small_batch"": 16}",,,,
DGFM+,DGFM+,384,384,8,x_bar,43.29360365867615,101,100101,200101,845318908,szo,200704,200704,25088,"[25088, 25088, 25088, 25088, 25088, 25088, 25088, 25088]",73728,768,768,0.7269099950790405,0.0112617276608943,0.1,0.001,16.0,64.0,48.0,1.0,DGFMplus__eta-0p001__large_batch-64__restart_mixing_rounds-1__restart_period-48__small_batch-16,"{""eta"": 0.001, ""large_batch"": 64, ""restart_mixing_rounds"": 1, ""restart_period"": 48, ""small_batch"": 16}",,,,
DGFM+,DGFM+,432,432,8,x_bar,48.62866687774658,101,100101,200101,845318908,szo,225792,225792,28224,"[28224, 28224, 28224, 28224, 28224, 28224, 28224, 28224]",81920,864,864,0.7269247770309448,0.011430119164288,0.1,0.001,16.0,64.0,48.0,1.0,DGFMplus__eta-0p001__large_batch-64__restart_mixing_rounds-1__restart_period-48__small_batch-16,"{""eta"": 0.001, ""large_batch"": 64, ""restart_mixing_rounds"": 1, ""restart_period"": 48, ""small_batch"": 16}",,,,
DGFM+,DGFM+,480,480,8,x_bar,53.99478578567505,101,100101,200101,845318908,szo,250880,250880,31360,"[31360, 31360, 31360, 31360, 31360, 31360, 31360, 31360]",90112,960,960,0.7269229888916016,0.0106370104476809,0.1,0.001,16.0,64.0,48.0,1.0,DGFMplus__eta-0p001__large_batch-64__restart_mixing_rounds-1__restart_period-48__small_batch-16,"{""eta"": 0.001, ""large_batch"": 64, ""restart_mixing_rounds"": 1, ""restart_period"": 48, ""small_batch"": 16}",,,,
DGFM+,DGFM+,1,1,8,x_bar,0.2882463932037353,100,100100,200100,1225827990,szo,1024,1024,128,"[128, 128, 128, 128, 128, 128, 128, 128]",8192,4,4,0.7314557433128357,0.0098437778651714,0.1,0.001,8.0,64.0,48.0,3.0,DGFMplus__eta-0p001__large_batch-64__restart_mixing_rounds-3__restart_period-48__small_batch-8,"{""eta"": 0.001, ""large_batch"": 64, ""restart_mixing_rounds"": 3, ""restart_period"": 48, ""small_batch"": 8}",,,,
DGFM+,DGFM+,48,48,8,x_bar,2.969959259033203,100,100100,200100,1225827990,szo,13056,13056,1632,"[1632, 1632, 1632, 1632, 1632, 1632, 1632, 1632]",16384,98,98,0.7315528988838196,0.0113279810175299,0.1,0.001,8.0,64.0,48.0,3.0,DGFMplus__eta-0p001__large_batch-64__restart_mixing_rounds-3__restart_period-48__small_batch-8,"{""eta"": 0.001, ""large_batch"": 64, ""restart_mixing_rounds"": 3, ""restart_period"": 48, ""small_batch"": 8}",,,,
DGFM+,DGFM+,96,96,8,x_bar,5.860893726348877,100,100100,200100,1225827990,szo,26112,26112,3264,"[3264, 3264, 3264, 3264, 3264, 3264, 3264, 3264]",24576,196,196,0.7315845489501953,0.0109924534335732,0.1,0.001,8.0,64.0,48.0,3.0,DGFMplus__eta-0p001__large_batch-64__restart_mixing_rounds-3__restart_period-48__small_batch-8,"{""eta"": 0.001, ""large_batch"": 64, ""restart_mixing_rounds"": 3, ""restart_period"": 48, ""small_batch"": 8}",,,,
DGFM+,DGFM+,144,144,8,x_bar,8.74297046661377,100,100100,200100,1225827990,szo,39168,39168,4896,"[4896, 4896, 4896, 4896, 4896, 4896, 4896, 4896]",32768,294,294,0.7316175699234009,0.0100012831389904,0.1,0.001,8.0,64.0,48.0,3.0,DGFMplus__eta-0p001__large_batch-64__restart_mixing_rounds-3__restart_period-48__small_batch-8,"{""eta"": 0.001, ""large_batch"": 64, ""restart_mixing_rounds"": 3, ""restart_period"": 48, ""small_batch"": 8}",,,,
DGFM+,DGFM+,192,192,8,x_bar,11.639374494552612,100,100100,200100,1225827990,szo,52224,52224,6528,"[6528, 6528, 6528, 6528, 6528, 6528, 6528, 6528]",40960,392,392,0.7316517233848572,0.0112199205905199,0.1,0.001,8.0,64.0,48.0,3.0,DGFMplus__eta-0p001__large_batch-64__restart_mixing_rounds-3__restart_period-48__small_batch-8,"{""eta"": 0.001, ""large_batch"": 64, ""restart_mixing_rounds"": 3, ""restart_period"": 48, ""small_batch"": 8}",,,,
DGFM+,DGFM+,240,240,8,x_bar,14.535606861114502,100,100100,200100,1225827990,szo,65280,65280,8160,"[8160, 8160, 8160, 8160, 8160, 8160, 8160, 8160]",49152,490,490,0.7316719889640808,0.0104864109307527,0.1,0.001,8.0,64.0,48.0,3.0,DGFMplus__eta-0p001__large_batch-64__restart_mixing_rounds-3__restart_period-48__small_batch-8,"{""eta"": 0.001, ""large_batch"": 64, ""restart_mixing_rounds"": 3, ""restart_period"": 48, ""small_batch"": 8}",,,,
DGFM+,DGFM+,288,288,8,x_bar,17.471755981445312,100,100100,200100,1225827990,szo,78336,78336,9792,"[9792, 9792, 9792, 9792, 9792, 9792, 9792, 9792]",57344,588,588,0.731675386428833,0.0105444891378283,0.1,0.001,8.0,64.0,48.0,3.0,DGFMplus__eta-0p001__large_batch-64__restart_mixing_rounds-3__restart_period-48__small_batch-8,"{""eta"": 0.001, ""large_batch"": 64, ""restart_mixing_rounds"": 3, ""restart_period"": 48, ""small_batch"": 8}",,,,
DGFM+,DGFM+,336,336,8,x_bar,20.47878384590149,100,100100,200100,1225827990,szo,91392,91392,11424,"[11424, 11424, 11424, 11424, 11424, 11424, 11424, 11424]",65536,686,686,0.73171466588974,0.0114145707339048,0.1,0.001,8.0,64.0,48.0,3.0,DGFMplus__eta-0p001__large_batch-64__restart_mixing_rounds-3__restart_period-48__small_batch-8,"{""eta"": 0.001, ""large_batch"": 64, ""restart_mixing_rounds"": 3, ""restart_period"": 48, ""small_batch"": 8}",,,,
DGFM+,DGFM+,384,384,8,x_bar,23.42965602874756,100,100100,200100,1225827990,szo,104448,104448,13056,"[13056, 13056, 13056, 13056, 13056, 13056, 13056, 13056]",73728,784,784,0.7317028045654297,0.010724002495408,0.1,0.001,8.0,64.0,48.0,3.0,DGFMplus__eta-0p001__large_batch-64__restart_mixing_rounds-3__restart_period-48__small_batch-8,"{""eta"": 0.001, ""large_batch"": 64, ""restart_mixing_rounds"": 3, ""restart_period"": 48, ""small_batch"": 8}",,,,
DGFM+,DGFM+,432,432,8,x_bar,26.309261560440063,100,100100,200100,1225827990,szo,117504,117504,14688,"[14688, 14688, 14688, 14688, 14688, 14688, 14688, 14688]",81920,882,882,0.7317337393760681,0.0103851407766342,0.1,0.001,8.0,64.0,48.0,3.0,DGFMplus__eta-0p001__large_batch-64__restart_mixing_rounds-3__restart_period-48__small_batch-8,"{""eta"": 0.001, ""large_batch"": 64, ""restart_mixing_rounds"": 3, ""restart_period"": 48, ""small_batch"": 8}",,,,
DGFM+,DGFM+,480,480,8,x_bar,29.19010305404663,100,100100,200100,1225827990,szo,130560,130560,16320,"[16320, 16320, 16320, 16320, 16320, 16320, 16320, 16320]",90112,980,980,0.7317385077476501,0.0103961247950792,0.1,0.001,8.0,64.0,48.0,3.0,DGFMplus__eta-0p001__large_batch-64__restart_mixing_rounds-3__restart_period-48__small_batch-8,"{""eta"": 0.001, ""large_batch"": 64, ""restart_mixing_rounds"": 3, ""restart_period"": 48, ""small_batch"": 8}",,,,
DGFM+,DGFM+,1,1,8,x_bar,0.2852480411529541,101,100101,200101,845318908,szo,1024,1024,128,"[128, 128, 128, 128, 128, 128, 128, 128]",8192,4,4,0.7267057299613953,0.0103715909644961,0.1,0.001,8.0,64.0,48.0,3.0,DGFMplus__eta-0p001__large_batch-64__restart_mixing_rounds-3__restart_period-48__small_batch-8,"{""eta"": 0.001, ""large_batch"": 64, ""restart_mixing_rounds"": 3, ""restart_period"": 48, ""small_batch"": 8}",,,,
DGFM+,DGFM+,48,48,8,x_bar,2.9390745162963867,101,100101,200101,845318908,szo,13056,13056,1632,"[1632, 1632, 1632, 1632, 1632, 1632, 1632, 1632]",16384,98,98,0.726786732673645,0.0101833809167146,0.1,0.001,8.0,64.0,48.0,3.0,DGFMplus__eta-0p001__large_batch-64__restart_mixing_rounds-3__restart_period-48__small_batch-8,"{""eta"": 0.001, ""large_batch"": 64, ""restart_mixing_rounds"": 3, ""restart_period"": 48, ""small_batch"": 8}",,,,
DGFM+,DGFM+,96,96,8,x_bar,5.8101983070373535,101,100101,200101,845318908,szo,26112,26112,3264,"[3264, 3264, 3264, 3264, 3264, 3264, 3264, 3264]",24576,196,196,0.7268278002738953,0.0112756537273526,0.1,0.001,8.0,64.0,48.0,3.0,DGFMplus__eta-0p001__large_batch-64__restart_mixing_rounds-3__restart_period-48__small_batch-8,"{""eta"": 0.001, ""large_batch"": 64, ""restart_mixing_rounds"": 3, ""restart_period"": 48, ""small_batch"": 8}",,,,
DGFM+,DGFM+,144,144,8,x_bar,8.67661452293396,101,100101,200101,845318908,szo,39168,39168,4896,"[4896, 4896, 4896, 4896, 4896, 4896, 4896, 4896]",32768,294,294,0.7268436551094055,0.011885548941791,0.1,0.001,8.0,64.0,48.0,3.0,DGFMplus__eta-0p001__large_batch-64__restart_mixing_rounds-3__restart_period-48__small_batch-8,"{""eta"": 0.001, ""large_batch"": 64, ""restart_mixing_rounds"": 3, ""restart_period"": 48, ""small_batch"": 8}",,,,
DGFM+,DGFM+,192,192,8,x_bar,11.533580780029297,101,100101,200101,845318908,szo,52224,52224,6528,"[6528, 6528, 6528, 6528, 6528, 6528, 6528, 6528]",40960,392,392,0.7268739938735962,0.0118084885179996,0.1,0.001,8.0,64.0,48.0,3.0,DGFMplus__eta-0p001__large_batch-64__restart_mixing_rounds-3__restart_period-48__small_batch-8,"{""eta"": 0.001, ""large_batch"": 64, ""restart_mixing_rounds"": 3, ""restart_period"": 48, ""small_batch"": 8}",,,,
DGFM+,DGFM+,240,240,8,x_bar,14.393277406692505,101,100101,200101,845318908,szo,65280,65280,8160,"[8160, 8160, 8160, 8160, 8160, 8160, 8160, 8160]",49152,490,490,0.7268834114074707,0.0108219515532255,0.1,0.001,8.0,64.0,48.0,3.0,DGFMplus__eta-0p001__large_batch-64__restart_mixing_rounds-3__restart_period-48__small_batch-8,"{""eta"": 0.001, ""large_batch"": 64, ""restart_mixing_rounds"": 3, ""restart_period"": 48, ""small_batch"": 8}",,,,
DGFM+,DGFM+,288,288,8,x_bar,17.247479677200317,101,100101,200101,845318908,szo,78336,78336,9792,"[9792, 9792, 9792, 9792, 9792, 9792, 9792, 9792]",57344,588,588,0.7268795967102051,0.0123828602954745,0.1,0.001,8.0,64.0,48.0,3.0,DGFMplus__eta-0p001__large_batch-64__restart_mixing_rounds-3__restart_period-48__small_batch-8,"{""eta"": 0.001, ""large_batch"": 64, ""restart_mixing_rounds"": 3, ""restart_period"": 48, ""small_batch"": 8}",,,,
DGFM+,DGFM+,336,336,8,x_bar,20.13014793395996,101,100101,200101,845318908,szo,91392,91392,11424,"[11424, 11424, 11424, 11424, 11424, 11424, 11424, 11424]",65536,686,686,0.7268921136856079,0.0110402451828122,0.1,0.001,8.0,64.0,48.0,3.0,DGFMplus__eta-0p001__large_batch-64__restart_mixing_rounds-3__restart_period-48__small_batch-8,"{""eta"": 0.001, ""large_batch"": 64, ""restart_mixing_rounds"": 3, ""restart_period"": 48, ""small_batch"": 8}",,,,
DGFM+,DGFM+,384,384,8,x_bar,23.04308557510376,101,100101,200101,845318908,szo,104448,104448,13056,"[13056, 13056, 13056, 13056, 13056, 13056, 13056, 13056]",73728,784,784,0.7269101142883301,0.0112665463238954,0.1,0.001,8.0,64.0,48.0,3.0,DGFMplus__eta-0p001__large_batch-64__restart_mixing_rounds-3__restart_period-48__small_batch-8,"{""eta"": 0.001, ""large_batch"": 64, ""restart_mixing_rounds"": 3, ""restart_period"": 48, ""small_batch"": 8}",,,,
DGFM+,DGFM+,432,432,8,x_bar,25.987668752670288,101,100101,200101,845318908,szo,117504,117504,14688,"[14688, 14688, 14688, 14688, 14688, 14688, 14688, 14688]",81920,882,882,0.7269248366355896,0.0114377848803997,0.1,0.001,8.0,64.0,48.0,3.0,DGFMplus__eta-0p001__large_batch-64__restart_mixing_rounds-3__restart_period-48__small_batch-8,"{""eta"": 0.001, ""large_batch"": 64, ""restart_mixing_rounds"": 3, ""restart_period"": 48, ""small_batch"": 8}",,,,
DGFM+,DGFM+,480,480,8,x_bar,28.953298091888428,101,100101,200101,845318908,szo,130560,130560,16320,"[16320, 16320, 16320, 16320, 16320, 16320, 16320, 16320]",90112,980,980,0.726922869682312,0.0106383394449949,0.1,0.001,8.0,64.0,48.0,3.0,DGFMplus__eta-0p001__large_batch-64__restart_mixing_rounds-3__restart_period-48__small_batch-8,"{""eta"": 0.001, ""large_batch"": 64, ""restart_mixing_rounds"": 3, ""restart_period"": 48, ""small_batch"": 8}",,,,
DGFM+,DGFM+,1,1,8,x_bar,0.4976804256439209,100,100100,200100,1225827990,szo,2048,2048,256,"[256, 256, 256, 256, 256, 256, 256, 256]",8192,4,4,0.7314548492431641,0.0098370676860213,0.1,0.001,8.0,128.0,48.0,3.0,DGFMplus__eta-0p001__large_batch-128__restart_mixing_rounds-3__restart_period-48__small_batch-8,"{""eta"": 0.001, ""large_batch"": 128, ""restart_mixing_rounds"": 3, ""restart_period"": 48, ""small_batch"": 8}",,,,
DGFM+,DGFM+,48,48,8,x_bar,3.1803793907165527,100,100100,200100,1225827990,szo,14080,14080,1760,"[1760, 1760, 1760, 1760, 1760, 1760, 1760, 1760]",16384,98,98,0.7315122485160828,0.0113088889047503,0.1,0.001,8.0,128.0,48.0,3.0,DGFMplus__eta-0p001__large_batch-128__restart_mixing_rounds-3__restart_period-48__small_batch-8,"{""eta"": 0.001, ""large_batch"": 128, ""restart_mixing_rounds"": 3, ""restart_period"": 48, ""small_batch"": 8}",,,,
DGFM+,DGFM+,96,96,8,x_bar,6.30633020401001,100,100100,200100,1225827990,szo,28160,28160,3520,"[3520, 3520, 3520, 3520, 3520, 3520, 3520, 3520]",24576,196,196,0.7315448522567749,0.0109032653272151,0.1,0.001,8.0,128.0,48.0,3.0,DGFMplus__eta-0p001__large_batch-128__restart_mixing_rounds-3__restart_period-48__small_batch-8,"{""eta"": 0.001, ""large_batch"": 128, ""restart_mixing_rounds"": 3, ""restart_period"": 48, ""small_batch"": 8}",,,,
DGFM+,DGFM+,144,144,8,x_bar,9.40471649169922,100,100100,200100,1225827990,szo,42240,42240,5280,"[5280, 5280, 5280, 5280, 5280, 5280, 5280, 5280]",32768,294,294,0.7315587401390076,0.0100560914725065,0.1,0.001,8.0,128.0,48.0,3.0,DGFMplus__eta-0p001__large_batch-128__restart_mixing_rounds-3__restart_period-48__small_batch-8,"{""eta"": 0.001, ""large_batch"": 128, ""restart_mixing_rounds"": 3, ""restart_period"": 48, ""small_batch"": 8}",,,,
DGFM+,DGFM+,192,192,8,x_bar,12.541423320770264,100,100100,200100,1225827990,szo,56320,56320,7040,"[7040, 7040, 7040, 7040, 7040, 7040, 7040, 7040]",40960,392,392,0.731586754322052,0.0108904745429754,0.1,0.001,8.0,128.0,48.0,3.0,DGFMplus__eta-0p001__large_batch-128__restart_mixing_rounds-3__restart_period-48__small_batch-8,"{""eta"": 0.001, ""large_batch"": 128, ""restart_mixing_rounds"": 3, ""restart_period"": 48, ""small_batch"": 8}",,,,
DGFM+,DGFM+,240,240,8,x_bar,15.633329391479492,100,100100,200100,1225827990,szo,70400,70400,8800,"[8800, 8800, 8800, 8800, 8800, 8800, 8800, 8800]",49152,490,490,0.7315859198570251,0.0104950712993741,0.1,0.001,8.0,128.0,48.0,3.0,DGFMplus__eta-0p001__large_batch-128__restart_mixing_rounds-3__restart_period-48__small_batch-8,"{""eta"": 0.001, ""large_batch"": 128, ""restart_mixing_rounds"": 3, ""restart_period"": 48, ""small_batch"": 8}",,,,
DGFM+,DGFM+,288,288,8,x_bar,18.86520791053772,100,100100,200100,1225827990,szo,84480,84480,10560,"[10560, 10560, 10560, 10560, 10560, 10560, 10560, 10560]",57344,588,588,0.7315932512283325,0.0102112656459212,0.1,0.001,8.0,128.0,48.0,3.0,DGFMplus__eta-0p001__large_batch-128__restart_mixing_rounds-3__restart_period-48__small_batch-8,"{""eta"": 0.001, ""large_batch"": 128, ""restart_mixing_rounds"": 3, ""restart_period"": 48, ""small_batch"": 8}",,,,
DGFM+,DGFM+,336,336,8,x_bar,21.94625878334045,100,100100,200100,1225827990,szo,98560,98560,12320,"[12320, 12320, 12320, 12320, 12320, 12320, 12320, 12320]",65536,686,686,0.7316141724586487,0.0110911112278699,0.1,0.001,8.0,128.0,48.0,3.0,DGFMplus__eta-0p001__large_batch-128__restart_mixing_rounds-3__restart_period-48__small_batch-8,"{""eta"": 0.001, ""large_batch"": 128, ""restart_mixing_rounds"": 3, ""restart_period"": 48, ""small_batch"": 8}",,,,
DGFM+,DGFM+,384,384,8,x_bar,25.08889865875244,100,100100,200100,1225827990,szo,112640,112640,14080,"[14080, 14080, 14080, 14080, 14080, 14080, 14080, 14080]",73728,784,784,0.7316187620162964,0.0107357641682028,0.1,0.001,8.0,128.0,48.0,3.0,DGFMplus__eta-0p001__large_batch-128__restart_mixing_rounds-3__restart_period-48__small_batch-8,"{""eta"": 0.001, ""large_batch"": 128, ""restart_mixing_rounds"": 3, ""restart_period"": 48, ""small_batch"": 8}",,,,
DGFM+,DGFM+,432,432,8,x_bar,28.17352843284607,100,100100,200100,1225827990,szo,126720,126720,15840,"[15840, 15840, 15840, 15840, 15840, 15840, 15840, 15840]",81920,882,882,0.7316093444824219,0.0101995430886745,0.1,0.001,8.0,128.0,48.0,3.0,DGFMplus__eta-0p001__large_batch-128__restart_mixing_rounds-3__restart_period-48__small_batch-8,"{""eta"": 0.001, ""large_batch"": 128, ""restart_mixing_rounds"": 3, ""restart_period"": 48, ""small_batch"": 8}",,,,
DGFM+,DGFM+,480,480,8,x_bar,31.26945400238037,100,100100,200100,1225827990,szo,140800,140800,17600,"[17600, 17600, 17600, 17600, 17600, 17600, 17600, 17600]",90112,980,980,0.7316038012504578,0.0097790313884615,0.1,0.001,8.0,128.0,48.0,3.0,DGFMplus__eta-0p001__large_batch-128__restart_mixing_rounds-3__restart_period-48__small_batch-8,"{""eta"": 0.001, ""large_batch"": 128, ""restart_mixing_rounds"": 3, ""restart_period"": 48, ""small_batch"": 8}",,,,
DGFM+,DGFM+,1,1,8,x_bar,0.4809548854827881,101,100101,200101,845318908,szo,2048,2048,256,"[256, 256, 256, 256, 256, 256, 256, 256]",8192,4,4,0.7267054319381714,0.0103661585599184,0.1,0.001,8.0,128.0,48.0,3.0,DGFMplus__eta-0p001__large_batch-128__restart_mixing_rounds-3__restart_period-48__small_batch-8,"{""eta"": 0.001, ""large_batch"": 128, ""restart_mixing_rounds"": 3, ""restart_period"": 48, ""small_batch"": 8}",,,,
DGFM+,DGFM+,48,48,8,x_bar,3.1450486183166504,101,100101,200101,845318908,szo,14080,14080,1760,"[1760, 1760, 1760, 1760, 1760, 1760, 1760, 1760]",16384,98,98,0.7267735600471497,0.0102050071582198,0.1,0.001,8.0,128.0,48.0,3.0,DGFMplus__eta-0p001__large_batch-128__restart_mixing_rounds-3__restart_period-48__small_batch-8,"{""eta"": 0.001, ""large_batch"": 128, ""restart_mixing_rounds"": 3, ""restart_period"": 48, ""small_batch"": 8}",,,,
DGFM+,DGFM+,96,96,8,x_bar,6.277674913406372,101,100101,200101,845318908,szo,28160,28160,3520,"[3520, 3520, 3520, 3520, 3520, 3520, 3520, 3520]",24576,196,196,0.726800799369812,0.0113387592136859,0.1,0.001,8.0,128.0,48.0,3.0,DGFMplus__eta-0p001__large_batch-128__restart_mixing_rounds-3__restart_period-48__small_batch-8,"{""eta"": 0.001, ""large_batch"": 128, ""restart_mixing_rounds"": 3, ""restart_period"": 48, ""small_batch"": 8}",,,,
DGFM+,DGFM+,144,144,8,x_bar,9.473692893981934,101,100101,200101,845318908,szo,42240,42240,5280,"[5280, 5280, 5280, 5280, 5280, 5280, 5280, 5280]",32768,294,294,0.726800799369812,0.0119198951870203,0.1,0.001,8.0,128.0,48.0,3.0,DGFMplus__eta-0p001__large_batch-128__restart_mixing_rounds-3__restart_period-48__small_batch-8,"{""eta"": 0.001, ""large_batch"": 128, ""restart_mixing_rounds"": 3, ""restart_period"": 48, ""small_batch"": 8}",,,,
DGFM+,DGFM+,192,192,8,x_bar,12.62781810760498,101,100101,200101,845318908,szo,56320,56320,7040,"[7040, 7040, 7040, 7040, 7040, 7040, 7040, 7040]",40960,392,392,0.7268205881118774,0.0117256389930844,0.1,0.001,8.0,128.0,48.0,3.0,DGFMplus__eta-0p001__large_batch-128__restart_mixing_rounds-3__restart_period-48__small_batch-8,"{""eta"": 0.001, ""large_batch"": 128, ""restart_mixing_rounds"": 3, ""restart_period"": 48, ""small_batch"": 8}",,,,
DGFM+,DGFM+,240,240,8,x_bar,15.838412523269652,101,100101,200101,845318908,szo,70400,70400,8800,"[8800, 8800, 8800, 8800, 8800, 8800, 8800, 8800]",49152,490,490,0.7268127799034119,0.0105712404474616,0.1,0.001,8.0,128.0,48.0,3.0,DGFMplus__eta-0p001__large_batch-128__restart_mixing_rounds-3__restart_period-48__small_batch-8,"{""eta"": 0.001, ""large_batch"": 128, ""restart_mixing_rounds"": 3, ""restart_period"": 48, ""small_batch"": 8}",,,,
DGFM+,DGFM+,288,288,8,x_bar,19.079831838607788,101,100101,200101,845318908,szo,84480,84480,10560,"[10560, 10560, 10560, 10560, 10560, 10560, 10560, 10560]",57344,588,588,0.7268179059028625,0.012110804207623,0.1,0.001,8.0,128.0,48.0,3.0,DGFMplus__eta-0p001__large_batch-128__restart_mixing_rounds-3__restart_period-48__small_batch-8,"{""eta"": 0.001, ""large_batch"": 128, ""restart_mixing_rounds"": 3, ""restart_period"": 48, ""small_batch"": 8}",,,,
DGFM+,DGFM+,336,336,8,x_bar,22.303582429885864,101,100101,200101,845318908,szo,98560,98560,12320,"[12320, 12320, 12320, 12320, 12320, 12320, 12320, 12320]",65536,686,686,0.7268128991127014,0.0107996435835957,0.1,0.001,8.0,128.0,48.0,3.0,DGFMplus__eta-0p001__large_batch-128__restart_mixing_rounds-3__restart_period-48__small_batch-8,"{""eta"": 0.001, ""large_batch"": 128, ""restart_mixing_rounds"": 3, ""restart_period"": 48, ""small_batch"": 8}",,,,
DGFM+,DGFM+,384,384,8,x_bar,25.54231023788452,101,100101,200101,845318908,szo,112640,112640,14080,"[14080, 14080, 14080, 14080, 14080, 14080, 14080, 14080]",73728,784,784,0.7268176078796387,0.0110446382313966,0.1,0.001,8.0,128.0,48.0,3.0,DGFMplus__eta-0p001__large_batch-128__restart_mixing_rounds-3__restart_period-48__small_batch-8,"{""eta"": 0.001, ""large_batch"": 128, ""restart_mixing_rounds"": 3, ""restart_period"": 48, ""small_batch"": 8}",,,,
DGFM+,DGFM+,432,432,8,x_bar,28.76652431488037,101,100101,200101,845318908,szo,126720,126720,15840,"[15840, 15840, 15840, 15840, 15840, 15840, 15840, 15840]",81920,882,882,0.726811945438385,0.011341294273734,0.1,0.001,8.0,128.0,48.0,3.0,DGFMplus__eta-0p001__large_batch-128__restart_mixing_rounds-3__restart_period-48__small_batch-8,"{""eta"": 0.001, ""large_batch"": 128, ""restart_mixing_rounds"": 3, ""restart_period"": 48, ""small_batch"": 8}",,,,
DGFM+,DGFM+,480,480,8,x_bar,31.99778413772583,101,100101,200101,845318908,szo,140800,140800,17600,"[17600, 17600, 17600, 17600, 17600, 17600, 17600, 17600]",90112,980,980,0.7268227934837341,0.0103747388347983,0.1,0.001,8.0,128.0,48.0,3.0,DGFMplus__eta-0p001__large_batch-128__restart_mixing_rounds-3__restart_period-48__small_batch-8,"{""eta"": 0.001, ""large_batch"": 128, ""restart_mixing_rounds"": 3, ""restart_period"": 48, ""small_batch"": 8}",,,,
DGFM+,DGFM+,1,1,8,x_bar,0.4181094169616699,100,100100,200100,1225827990,szo,1024,1024,128,"[128, 128, 128, 128, 128, 128, 128, 128]",8192,2,2,0.7314557433128357,0.0098437778651714,0.1,0.001,8.0,64.0,48.0,1.0,DGFMplus__eta-0p001__large_batch-64__restart_mixing_rounds-1__restart_period-48__small_batch-8,"{""eta"": 0.001, ""large_batch"": 64, ""restart_mixing_rounds"": 1, ""restart_period"": 48, ""small_batch"": 8}",,,,
DGFM+,DGFM+,48,48,8,x_bar,3.0973777770996094,100,100100,200100,1225827990,szo,13056,13056,1632,"[1632, 1632, 1632, 1632, 1632, 1632, 1632, 1632]",16384,96,96,0.7315528988838196,0.0113279810175299,0.1,0.001,8.0,64.0,48.0,1.0,DGFMplus__eta-0p001__large_batch-64__restart_mixing_rounds-1__restart_period-48__small_batch-8,"{""eta"": 0.001, ""large_batch"": 64, ""restart_mixing_rounds"": 1, ""restart_period"": 48, ""small_batch"": 8}",,,,
DGFM+,DGFM+,96,96,8,x_bar,6.006837129592896,100,100100,200100,1225827990,szo,26112,26112,3264,"[3264, 3264, 3264, 3264, 3264, 3264, 3264, 3264]",24576,192,192,0.7315845489501953,0.0109924534335732,0.1,0.001,8.0,64.0,48.0,1.0,DGFMplus__eta-0p001__large_batch-64__restart_mixing_rounds-1__restart_period-48__small_batch-8,"{""eta"": 0.001, ""large_batch"": 64, ""restart_mixing_rounds"": 1, ""restart_period"": 48, ""small_batch"": 8}",,,,
DGFM+,DGFM+,144,144,8,x_bar,8.944164752960205,100,100100,200100,1225827990,szo,39168,39168,4896,"[4896, 4896, 4896, 4896, 4896, 4896, 4896, 4896]",32768,288,288,0.7316175699234009,0.0100012831389904,0.1,0.001,8.0,64.0,48.0,1.0,DGFMplus__eta-0p001__large_batch-64__restart_mixing_rounds-1__restart_period-48__small_batch-8,"{""eta"": 0.001, ""large_batch"": 64, ""restart_mixing_rounds"": 1, ""restart_period"": 48, ""small_batch"": 8}",,,,
DGFM+,DGFM+,192,192,8,x_bar,11.82803511619568,100,100100,200100,1225827990,szo,52224,52224,6528,"[6528, 6528, 6528, 6528, 6528, 6528, 6528, 6528]",40960,384,384,0.7316517233848572,0.0112199205905199,0.1,0.001,8.0,64.0,48.0,1.0,DGFMplus__eta-0p001__large_batch-64__restart_mixing_rounds-1__restart_period-48__small_batch-8,"{""eta"": 0.001, ""large_batch"": 64, ""restart_mixing_rounds"": 1, ""restart_period"": 48, ""small_batch"": 8}",,,,
DGFM+,DGFM+,240,240,8,x_bar,14.705487966537476,100,100100,200100,1225827990,szo,65280,65280,8160,"[8160, 8160, 8160, 8160, 8160, 8160, 8160, 8160]",49152,480,480,0.7316719889640808,0.0104864109307527,0.1,0.001,8.0,64.0,48.0,1.0,DGFMplus__eta-0p001__large_batch-64__restart_mixing_rounds-1__restart_period-48__small_batch-8,"{""eta"": 0.001, ""large_batch"": 64, ""restart_mixing_rounds"": 1, ""restart_period"": 48, ""small_batch"": 8}",,,,
DGFM+,DGFM+,288,288,8,x_bar,17.588982105255127,100,100100,200100,1225827990,szo,78336,78336,9792,"[9792, 9792, 9792, 9792, 9792, 9792, 9792, 9792]",57344,576,576,0.731675386428833,0.0105444891378283,0.1,0.001,8.0,64.0,48.0,1.0,DGFMplus__eta-0p001__large_batch-64__restart_mixing_rounds-1__restart_period-48__small_batch-8,"{""eta"": 0.001, ""large_batch"": 64, ""restart_mixing_rounds"": 1, ""restart_period"": 48, ""small_batch"": 8}",,,,
DGFM+,DGFM+,336,336,8,x_bar,20.460041046142575,100,100100,200100,1225827990,szo,91392,91392,11424,"[11424, 11424, 11424, 11424, 11424, 11424, 11424, 11424]",65536,672,672,0.73171466588974,0.0114145707339048,0.1,0.001,8.0,64.0,48.0,1.0,DGFMplus__eta-0p001__large_batch-64__restart_mixing_rounds-1__restart_period-48__small_batch-8,"{""eta"": 0.001, ""large_batch"": 64, ""restart_mixing_rounds"": 1, ""restart_period"": 48, ""small_batch"": 8}",,,,
DGFM+,DGFM+,384,384,8,x_bar,23.421165466308597,100,100100,200100,1225827990,szo,104448,104448,13056,"[13056, 13056, 13056, 13056, 13056, 13056, 13056, 13056]",73728,768,768,0.7317028045654297,0.010724002495408,0.1,0.001,8.0,64.0,48.0,1.0,DGFMplus__eta-0p001__large_batch-64__restart_mixing_rounds-1__restart_period-48__small_batch-8,"{""eta"": 0.001, ""large_batch"": 64, ""restart_mixing_rounds"": 1, ""restart_period"": 48, ""small_batch"": 8}",,,,
DGFM+,DGFM+,432,432,8,x_bar,26.429516315460205,100,100100,200100,1225827990,szo,117504,117504,14688,"[14688, 14688, 14688, 14688, 14688, 14688, 14688, 14688]",81920,864,864,0.7317337393760681,0.0103851407766342,0.1,0.001,8.0,64.0,48.0,1.0,DGFMplus__eta-0p001__large_batch-64__restart_mixing_rounds-1__restart_period-48__small_batch-8,"{""eta"": 0.001, ""large_batch"": 64, ""restart_mixing_rounds"": 1, ""restart_period"": 48, ""small_batch"": 8}",,,,
DGFM+,DGFM+,480,480,8,x_bar,29.312479734420776,100,100100,200100,1225827990,szo,130560,130560,16320,"[16320, 16320, 16320, 16320, 16320, 16320, 16320, 16320]",90112,960,960,0.7317385077476501,0.0103961247950792,0.1,0.001,8.0,64.0,48.0,1.0,DGFMplus__eta-0p001__large_batch-64__restart_mixing_rounds-1__restart_period-48__small_batch-8,"{""eta"": 0.001, ""large_batch"": 64, ""restart_mixing_rounds"": 1, ""restart_period"": 48, ""small_batch"": 8}",,,,
DGFM+,DGFM+,1,1,8,x_bar,0.281998872756958,101,100101,200101,845318908,szo,1024,1024,128,"[128, 128, 128, 128, 128, 128, 128, 128]",8192,2,2,0.7267057299613953,0.0103715909644961,0.1,0.001,8.0,64.0,48.0,1.0,DGFMplus__eta-0p001__large_batch-64__restart_mixing_rounds-1__restart_period-48__small_batch-8,"{""eta"": 0.001, ""large_batch"": 64, ""restart_mixing_rounds"": 1, ""restart_period"": 48, ""small_batch"": 8}",,,,
DGFM+,DGFM+,48,48,8,x_bar,2.9356961250305176,101,100101,200101,845318908,szo,13056,13056,1632,"[1632, 1632, 1632, 1632, 1632, 1632, 1632, 1632]",16384,96,96,0.726786732673645,0.0101833809167146,0.1,0.001,8.0,64.0,48.0,1.0,DGFMplus__eta-0p001__large_batch-64__restart_mixing_rounds-1__restart_period-48__small_batch-8,"{""eta"": 0.001, ""large_batch"": 64, ""restart_mixing_rounds"": 1, ""restart_period"": 48, ""small_batch"": 8}",,,,
DGFM+,DGFM+,96,96,8,x_bar,5.847939014434815,101,100101,200101,845318908,szo,26112,26112,3264,"[3264, 3264, 3264, 3264, 3264, 3264, 3264, 3264]",24576,192,192,0.7268278002738953,0.0112756537273526,0.1,0.001,8.0,64.0,48.0,1.0,DGFMplus__eta-0p001__large_batch-64__restart_mixing_rounds-1__restart_period-48__small_batch-8,"{""eta"": 0.001, ""large_batch"": 64, ""restart_mixing_rounds"": 1, ""restart_period"": 48, ""small_batch"": 8}",,,,
DGFM+,DGFM+,144,144,8,x_bar,8.708929300308228,101,100101,200101,845318908,szo,39168,39168,4896,"[4896, 4896, 4896, 4896, 4896, 4896, 4896, 4896]",32768,288,288,0.7268436551094055,0.011885548941791,0.1,0.001,8.0,64.0,48.0,1.0,DGFMplus__eta-0p001__large_batch-64__restart_mixing_rounds-1__restart_period-48__small_batch-8,"{""eta"": 0.001, ""large_batch"": 64, ""restart_mixing_rounds"": 1, ""restart_period"": 48, ""small_batch"": 8}",,,,
DGFM+,DGFM+,192,192,8,x_bar,11.614968061447144,101,100101,200101,845318908,szo,52224,52224,6528,"[6528, 6528, 6528, 6528, 6528, 6528, 6528, 6528]",40960,384,384,0.7268739938735962,0.0118084885179996,0.1,0.001,8.0,64.0,48.0,1.0,DGFMplus__eta-0p001__large_batch-64__restart_mixing_rounds-1__restart_period-48__small_batch-8,"{""eta"": 0.001, ""large_batch"": 64, ""restart_mixing_rounds"": 1, ""restart_period"": 48, ""small_batch"": 8}",,,,
DGFM+,DGFM+,240,240,8,x_bar,14.527727603912354,101,100101,200101,845318908,szo,65280,65280,8160,"[8160, 8160, 8160, 8160, 8160, 8160, 8160, 8160]",49152,480,480,0.7268834114074707,0.0108219515532255,0.1,0.001,8.0,64.0,48.0,1.0,DGFMplus__eta-0p001__large_batch-64__restart_mixing_rounds-1__restart_period-48__small_batch-8,"{""eta"": 0.001, ""large_batch"": 64, ""restart_mixing_rounds"": 1, ""restart_period"": 48, ""small_batch"": 8}",,,,
DGFM+,DGFM+,288,288,8,x_bar,17.53983235359192,101,100101,200101,845318908,szo,78336,78336,9792,"[9792, 9792, 9792, 9792, 9792, 9792, 9792, 9792]",57344,576,576,0.7268795967102051,0.0123828602954745,0.1,0.001,8.0,64.0,48.0,1.0,DGFMplus__eta-0p001__large_batch-64__restart_mixing_rounds-1__restart_period-48__small_batch-8,"{""eta"": 0.001, ""large_batch"": 64, ""restart_mixing_rounds"": 1, ""restart_period"": 48, ""small_batch"": 8}",,,,
DGFM+,DGFM+,336,336,8,x_bar,20.452751874923703,101,100101,200101,845318908,szo,91392,91392,11424,"[11424, 11424, 11424, 11424, 11424, 11424, 11424, 11424]",65536,672,672,0.7268921136856079,0.0110402451828122,0.1,0.001,8.0,64.0,48.0,1.0,DGFMplus__eta-0p001__large_batch-64__restart_mixing_rounds-1__restart_period-48__small_batch-8,"{""eta"": 0.001, ""large_batch"": 64, ""restart_mixing_rounds"": 1, ""restart_period"": 48, ""small_batch"": 8}",,,,
DGFM+,DGFM+,384,384,8,x_bar,23.34494161605835,101,100101,200101,845318908,szo,104448,104448,13056,"[13056, 13056, 13056, 13056, 13056, 13056, 13056, 13056]",73728,768,768,0.7269101142883301,0.0112665463238954,0.1,0.001,8.0,64.0,48.0,1.0,DGFMplus__eta-0p001__large_batch-64__restart_mixing_rounds-1__restart_period-48__small_batch-8,"{""eta"": 0.001, ""large_batch"": 64, ""restart_mixing_rounds"": 1, ""restart_period"": 48, ""small_batch"": 8}",,,,
DGFM+,DGFM+,432,432,8,x_bar,26.267115116119385,101,100101,200101,845318908,szo,117504,117504,14688,"[14688, 14688, 14688, 14688, 14688, 14688, 14688, 14688]",81920,864,864,0.7269248366355896,0.0114377848803997,0.1,0.001,8.0,64.0,48.0,1.0,DGFMplus__eta-0p001__large_batch-64__restart_mixing_rounds-1__restart_period-48__small_batch-8,"{""eta"": 0.001, ""large_batch"": 64, ""restart_mixing_rounds"": 1, ""restart_period"": 48, ""small_batch"": 8}",,,,
DGFM+,DGFM+,480,480,8,x_bar,29.147876024246216,101,100101,200101,845318908,szo,130560,130560,16320,"[16320, 16320, 16320, 16320, 16320, 16320, 16320, 16320]",90112,960,960,0.726922869682312,0.0106383394449949,0.1,0.001,8.0,64.0,48.0,1.0,DGFMplus__eta-0p001__large_batch-64__restart_mixing_rounds-1__restart_period-48__small_batch-8,"{""eta"": 0.001, ""large_batch"": 64, ""restart_mixing_rounds"": 1, ""restart_period"": 48, ""small_batch"": 8}",,,,
DGFM+,DGFM+,1,1,8,x_bar,0.4836955070495605,100,100100,200100,1225827990,szo,2048,2048,256,"[256, 256, 256, 256, 256, 256, 256, 256]",8192,2,2,0.7314548492431641,0.0098370676860213,0.1,0.001,8.0,128.0,48.0,1.0,DGFMplus__eta-0p001__large_batch-128__restart_mixing_rounds-1__restart_period-48__small_batch-8,"{""eta"": 0.001, ""large_batch"": 128, ""restart_mixing_rounds"": 1, ""restart_period"": 48, ""small_batch"": 8}",,,,
DGFM+,DGFM+,48,48,8,x_bar,3.1447057723999023,100,100100,200100,1225827990,szo,14080,14080,1760,"[1760, 1760, 1760, 1760, 1760, 1760, 1760, 1760]",16384,96,96,0.7315122485160828,0.0113088889047503,0.1,0.001,8.0,128.0,48.0,1.0,DGFMplus__eta-0p001__large_batch-128__restart_mixing_rounds-1__restart_period-48__small_batch-8,"{""eta"": 0.001, ""large_batch"": 128, ""restart_mixing_rounds"": 1, ""restart_period"": 48, ""small_batch"": 8}",,,,
DGFM+,DGFM+,96,96,8,x_bar,6.219804048538208,100,100100,200100,1225827990,szo,28160,28160,3520,"[3520, 3520, 3520, 3520, 3520, 3520, 3520, 3520]",24576,192,192,0.7315448522567749,0.0109032653272151,0.1,0.001,8.0,128.0,48.0,1.0,DGFMplus__eta-0p001__large_batch-128__restart_mixing_rounds-1__restart_period-48__small_batch-8,"{""eta"": 0.001, ""large_batch"": 128, ""restart_mixing_rounds"": 1, ""restart_period"": 48, ""small_batch"": 8}",,,,
DGFM+,DGFM+,144,144,8,x_bar,9.29611110687256,100,100100,200100,1225827990,szo,42240,42240,5280,"[5280, 5280, 5280, 5280, 5280, 5280, 5280, 5280]",32768,288,288,0.7315587401390076,0.0100560914725065,0.1,0.001,8.0,128.0,48.0,1.0,DGFMplus__eta-0p001__large_batch-128__restart_mixing_rounds-1__restart_period-48__small_batch-8,"{""eta"": 0.001, ""large_batch"": 128, ""restart_mixing_rounds"": 1, ""restart_period"": 48, ""small_batch"": 8}",,,,
DGFM+,DGFM+,192,192,8,x_bar,12.394612789154053,100,100100,200100,1225827990,szo,56320,56320,7040,"[7040, 7040, 7040, 7040, 7040, 7040, 7040, 7040]",40960,384,384,0.731586754322052,0.0108904745429754,0.1,0.001,8.0,128.0,48.0,1.0,DGFMplus__eta-0p001__large_batch-128__restart_mixing_rounds-1__restart_period-48__small_batch-8,"{""eta"": 0.001, ""large_batch"": 128, ""restart_mixing_rounds"": 1, ""restart_period"": 48, ""small_batch"": 8}",,,,
DGFM+,DGFM+,240,240,8,x_bar,15.516372203826904,100,100100,200100,1225827990,szo,70400,70400,8800,"[8800, 8800, 8800, 8800, 8800, 8800, 8800, 8800]",49152,480,480,0.7315859198570251,0.0104950712993741,0.1,0.001,8.0,128.0,48.0,1.0,DGFMplus__eta-0p001__large_batch-128__restart_mixing_rounds-1__restart_period-48__small_batch-8,"{""eta"": 0.001, ""large_batch"": 128, ""restart_mixing_rounds"": 1, ""restart_period"": 48, ""small_batch"": 8}",,,,
DGFM+,DGFM+,288,288,8,x_bar,18.612064123153687,100,100100,200100,1225827990,szo,84480,84480,10560,"[10560, 10560, 10560, 10560, 10560, 10560, 10560, 10560]",57344,576,576,0.7315932512283325,0.0102112656459212,0.1,0.001,8.0,128.0,48.0,1.0,DGFMplus__eta-0p001__large_batch-128__restart_mixing_rounds-1__restart_period-48__small_batch-8,"{""eta"": 0.001, ""large_batch"": 128, ""restart_mixing_rounds"": 1, ""restart_period"": 48, ""small_batch"": 8}",,,,
DGFM+,DGFM+,336,336,8,x_bar,21.748512029647827,100,100100,200100,1225827990,szo,98560,98560,12320,"[12320, 12320, 12320, 12320, 12320, 12320, 12320, 12320]",65536,672,672,0.7316141724586487,0.0110911112278699,0.1,0.001,8.0,128.0,48.0,1.0,DGFMplus__eta-0p001__large_batch-128__restart_mixing_rounds-1__restart_period-48__small_batch-8,"{""eta"": 0.001, ""large_batch"": 128, ""restart_mixing_rounds"": 1, ""restart_period"": 48, ""small_batch"": 8}",,,,
DGFM+,DGFM+,384,384,8,x_bar,24.94064450263977,100,100100,200100,1225827990,szo,112640,112640,14080,"[14080, 14080, 14080, 14080, 14080, 14080, 14080, 14080]",73728,768,768,0.7316187620162964,0.0107357641682028,0.1,0.001,8.0,128.0,48.0,1.0,DGFMplus__eta-0p001__large_batch-128__restart_mixing_rounds-1__restart_period-48__small_batch-8,"{""eta"": 0.001, ""large_batch"": 128, ""restart_mixing_rounds"": 1, ""restart_period"": 48, ""small_batch"": 8}",,,,
DGFM+,DGFM+,432,432,8,x_bar,28.03620171546936,100,100100,200100,1225827990,szo,126720,126720,15840,"[15840, 15840, 15840, 15840, 15840, 15840, 15840, 15840]",81920,864,864,0.7316093444824219,0.0101995430886745,0.1,0.001,8.0,128.0,48.0,1.0,DGFMplus__eta-0p001__large_batch-128__restart_mixing_rounds-1__restart_period-48__small_batch-8,"{""eta"": 0.001, ""large_batch"": 128, ""restart_mixing_rounds"": 1, ""restart_period"": 48, ""small_batch"": 8}",,,,
DGFM+,DGFM+,480,480,8,x_bar,31.112875938415527,100,100100,200100,1225827990,szo,140800,140800,17600,"[17600, 17600, 17600, 17600, 17600, 17600, 17600, 17600]",90112,960,960,0.7316038012504578,0.0097790313884615,0.1,0.001,8.0,128.0,48.0,1.0,DGFMplus__eta-0p001__large_batch-128__restart_mixing_rounds-1__restart_period-48__small_batch-8,"{""eta"": 0.001, ""large_batch"": 128, ""restart_mixing_rounds"": 1, ""restart_period"": 48, ""small_batch"": 8}",,,,
DGFM+,DGFM+,1,1,8,x_bar,0.4917850494384765,101,100101,200101,845318908,szo,2048,2048,256,"[256, 256, 256, 256, 256, 256, 256, 256]",8192,2,2,0.7267054319381714,0.0103661585599184,0.1,0.001,8.0,128.0,48.0,1.0,DGFMplus__eta-0p001__large_batch-128__restart_mixing_rounds-1__restart_period-48__small_batch-8,"{""eta"": 0.001, ""large_batch"": 128, ""restart_mixing_rounds"": 1, ""restart_period"": 48, ""small_batch"": 8}",,,,
DGFM+,DGFM+,48,48,8,x_bar,3.1411406993865967,101,100101,200101,845318908,szo,14080,14080,1760,"[1760, 1760, 1760, 1760, 1760, 1760, 1760, 1760]",16384,96,96,0.7267735600471497,0.0102050071582198,0.1,0.001,8.0,128.0,48.0,1.0,DGFMplus__eta-0p001__large_batch-128__restart_mixing_rounds-1__restart_period-48__small_batch-8,"{""eta"": 0.001, ""large_batch"": 128, ""restart_mixing_rounds"": 1, ""restart_period"": 48, ""small_batch"": 8}",,,,
DGFM+,DGFM+,96,96,8,x_bar,6.251839876174927,101,100101,200101,845318908,szo,28160,28160,3520,"[3520, 3520, 3520, 3520, 3520, 3520, 3520, 3520]",24576,192,192,0.726800799369812,0.0113387592136859,0.1,0.001,8.0,128.0,48.0,1.0,DGFMplus__eta-0p001__large_batch-128__restart_mixing_rounds-1__restart_period-48__small_batch-8,"{""eta"": 0.001, ""large_batch"": 128, ""restart_mixing_rounds"": 1, ""restart_period"": 48, ""small_batch"": 8}",,,,
DGFM+,DGFM+,144,144,8,x_bar,9.333207845687866,101,100101,200101,845318908,szo,42240,42240,5280,"[5280, 5280, 5280, 5280, 5280, 5280, 5280, 5280]",32768,288,288,0.726800799369812,0.0119198951870203,0.1,0.001,8.0,128.0,48.0,1.0,DGFMplus__eta-0p001__large_batch-128__restart_mixing_rounds-1__restart_period-48__small_batch-8,"{""eta"": 0.001, ""large_batch"": 128, ""restart_mixing_rounds"": 1, ""restart_period"": 48, ""small_batch"": 8}",,,,
DGFM+,DGFM+,192,192,8,x_bar,12.40654230117798,101,100101,200101,845318908,szo,56320,56320,7040,"[7040, 7040, 7040, 7040, 7040, 7040, 7040, 7040]",40960,384,384,0.7268205881118774,0.0117256389930844,0.1,0.001,8.0,128.0,48.0,1.0,DGFMplus__eta-0p001__large_batch-128__restart_mixing_rounds-1__restart_period-48__small_batch-8,"{""eta"": 0.001, ""large_batch"": 128, ""restart_mixing_rounds"": 1, ""restart_period"": 48, ""small_batch"": 8}",,,,
DGFM+,DGFM+,240,240,8,x_bar,15.482357025146484,101,100101,200101,845318908,szo,70400,70400,8800,"[8800, 8800, 8800, 8800, 8800, 8800, 8800, 8800]",49152,480,480,0.7268127799034119,0.0105712404474616,0.1,0.001,8.0,128.0,48.0,1.0,DGFMplus__eta-0p001__large_batch-128__restart_mixing_rounds-1__restart_period-48__small_batch-8,"{""eta"": 0.001, ""large_batch"": 128, ""restart_mixing_rounds"": 1, ""restart_period"": 48, ""small_batch"": 8}",,,,
DGFM+,DGFM+,288,288,8,x_bar,18.565058946609497,101,100101,200101,845318908,szo,84480,84480,10560,"[10560, 10560, 10560, 10560, 10560, 10560, 10560, 10560]",57344,576,576,0.7268179059028625,0.012110804207623,0.1,0.001,8.0,128.0,48.0,1.0,DGFMplus__eta-0p001__large_batch-128__restart_mixing_rounds-1__restart_period-48__small_batch-8,"{""eta"": 0.001, ""large_batch"": 128, ""restart_mixing_rounds"": 1, ""restart_period"": 48, ""small_batch"": 8}",,,,
DGFM+,DGFM+,336,336,8,x_bar,21.64049816131592,101,100101,200101,845318908,szo,98560,98560,12320,"[12320, 12320, 12320, 12320, 12320, 12320, 12320, 12320]",65536,672,672,0.7268128991127014,0.0107996435835957,0.1,0.001,8.0,128.0,48.0,1.0,DGFMplus__eta-0p001__large_batch-128__restart_mixing_rounds-1__restart_period-48__small_batch-8,"{""eta"": 0.001, ""large_batch"": 128, ""restart_mixing_rounds"": 1, ""restart_period"": 48, ""small_batch"": 8}",,,,
DGFM+,DGFM+,384,384,8,x_bar,24.724210262298584,101,100101,200101,845318908,szo,112640,112640,14080,"[14080, 14080, 14080, 14080, 14080, 14080, 14080, 14080]",73728,768,768,0.7268176078796387,0.0110446382313966,0.1,0.001,8.0,128.0,48.0,1.0,DGFMplus__eta-0p001__large_batch-128__restart_mixing_rounds-1__restart_period-48__small_batch-8,"{""eta"": 0.001, ""large_batch"": 128, ""restart_mixing_rounds"": 1, ""restart_period"": 48, ""small_batch"": 8}",,,,
DGFM+,DGFM+,432,432,8,x_bar,27.810126304626465,101,100101,200101,845318908,szo,126720,126720,15840,"[15840, 15840, 15840, 15840, 15840, 15840, 15840, 15840]",81920,864,864,0.726811945438385,0.011341294273734,0.1,0.001,8.0,128.0,48.0,1.0,DGFMplus__eta-0p001__large_batch-128__restart_mixing_rounds-1__restart_period-48__small_batch-8,"{""eta"": 0.001, ""large_batch"": 128, ""restart_mixing_rounds"": 1, ""restart_period"": 48, ""small_batch"": 8}",,,,
DGFM+,DGFM+,480,480,8,x_bar,30.93671751022339,101,100101,200101,845318908,szo,140800,140800,17600,"[17600, 17600, 17600, 17600, 17600, 17600, 17600, 17600]",90112,960,960,0.7268227934837341,0.0103747388347983,0.1,0.001,8.0,128.0,48.0,1.0,DGFMplus__eta-0p001__large_batch-128__restart_mixing_rounds-1__restart_period-48__small_batch-8,"{""eta"": 0.001, ""large_batch"": 128, ""restart_mixing_rounds"": 1, ""restart_period"": 48, ""small_batch"": 8}",,,,
DGFM+,DGFM+,1,1,8,x_bar,0.2758960723876953,100,100100,200100,1225827990,szo,1024,1024,128,"[128, 128, 128, 128, 128, 128, 128, 128]",8192,4,4,0.7314557433128357,0.0098437778651714,0.1,0.001,16.0,64.0,48.0,3.0,DGFMplus__eta-0p001__large_batch-64__restart_mixing_rounds-3__restart_period-48__small_batch-16,"{""eta"": 0.001, ""large_batch"": 64, ""restart_mixing_rounds"": 3, ""restart_period"": 48, ""small_batch"": 16}",,,,
DGFM+,DGFM+,48,48,8,x_bar,5.480309247970581,100,100100,200100,1225827990,szo,25088,25088,3136,"[3136, 3136, 3136, 3136, 3136, 3136, 3136, 3136]",16384,98,98,0.7315528392791748,0.0113279819488525,0.1,0.001,16.0,64.0,48.0,3.0,DGFMplus__eta-0p001__large_batch-64__restart_mixing_rounds-3__restart_period-48__small_batch-16,"{""eta"": 0.001, ""large_batch"": 64, ""restart_mixing_rounds"": 3, ""restart_period"": 48, ""small_batch"": 16}",,,,
DGFM+,DGFM+,96,96,8,x_bar,10.914175033569336,100,100100,200100,1225827990,szo,50176,50176,6272,"[6272, 6272, 6272, 6272, 6272, 6272, 6272, 6272]",24576,196,196,0.7315844893455505,0.0109890941530466,0.1,0.001,16.0,64.0,48.0,3.0,DGFMplus__eta-0p001__large_batch-64__restart_mixing_rounds-3__restart_period-48__small_batch-16,"{""eta"": 0.001, ""large_batch"": 64, ""restart_mixing_rounds"": 3, ""restart_period"": 48, ""small_batch"": 16}",,,,
DGFM+,DGFM+,144,144,8,x_bar,16.288749933242798,100,100100,200100,1225827990,szo,75264,75264,9408,"[9408, 9408, 9408, 9408, 9408, 9408, 9408, 9408]",32768,294,294,0.7316175699234009,0.0100044282153248,0.1,0.001,16.0,64.0,48.0,3.0,DGFMplus__eta-0p001__large_batch-64__restart_mixing_rounds-3__restart_period-48__small_batch-16,"{""eta"": 0.001, ""large_batch"": 64, ""restart_mixing_rounds"": 3, ""restart_period"": 48, ""small_batch"": 16}",,,,
DGFM+,DGFM+,192,192,8,x_bar,21.796215534210205,100,100100,200100,1225827990,szo,100352,100352,12544,"[12544, 12544, 12544, 12544, 12544, 12544, 12544, 12544]",40960,392,392,0.7316516637802124,0.0112172486260533,0.1,0.001,16.0,64.0,48.0,3.0,DGFMplus__eta-0p001__large_batch-64__restart_mixing_rounds-3__restart_period-48__small_batch-16,"{""eta"": 0.001, ""large_batch"": 64, ""restart_mixing_rounds"": 3, ""restart_period"": 48, ""small_batch"": 16}",,,,
DGFM+,DGFM+,240,240,8,x_bar,27.136669874191284,100,100100,200100,1225827990,szo,125440,125440,15680,"[15680, 15680, 15680, 15680, 15680, 15680, 15680, 15680]",49152,490,490,0.7316718697547913,0.0104864053428173,0.1,0.001,16.0,64.0,48.0,3.0,DGFMplus__eta-0p001__large_batch-64__restart_mixing_rounds-3__restart_period-48__small_batch-16,"{""eta"": 0.001, ""large_batch"": 64, ""restart_mixing_rounds"": 3, ""restart_period"": 48, ""small_batch"": 16}",,,,
DGFM+,DGFM+,288,288,8,x_bar,32.56466197967529,100,100100,200100,1225827990,szo,150528,150528,18816,"[18816, 18816, 18816, 18816, 18816, 18816, 18816, 18816]",57344,588,588,0.7316754460334778,0.0105445589870214,0.1,0.001,16.0,64.0,48.0,3.0,DGFMplus__eta-0p001__large_batch-64__restart_mixing_rounds-3__restart_period-48__small_batch-16,"{""eta"": 0.001, ""large_batch"": 64, ""restart_mixing_rounds"": 3, ""restart_period"": 48, ""small_batch"": 16}",,,,
DGFM+,DGFM+,336,336,8,x_bar,37.92519950866699,100,100100,200100,1225827990,szo,175616,175616,21952,"[21952, 21952, 21952, 21952, 21952, 21952, 21952, 21952]",65536,686,686,0.7317147850990295,0.0114146135747432,0.1,0.001,16.0,64.0,48.0,3.0,DGFMplus__eta-0p001__large_batch-64__restart_mixing_rounds-3__restart_period-48__small_batch-16,"{""eta"": 0.001, ""large_batch"": 64, ""restart_mixing_rounds"": 3, ""restart_period"": 48, ""small_batch"": 16}",,,,
DGFM+,DGFM+,384,384,8,x_bar,43.27777409553528,100,100100,200100,1225827990,szo,200704,200704,25088,"[25088, 25088, 25088, 25088, 25088, 25088, 25088, 25088]",73728,784,784,0.7317028045654297,0.0107185347005724,0.1,0.001,16.0,64.0,48.0,3.0,DGFMplus__eta-0p001__large_batch-64__restart_mixing_rounds-3__restart_period-48__small_batch-16,"{""eta"": 0.001, ""large_batch"": 64, ""restart_mixing_rounds"": 3, ""restart_period"": 48, ""small_batch"": 16}",,,,
DGFM+,DGFM+,432,432,8,x_bar,48.67459487915039,100,100100,200100,1225827990,szo,225792,225792,28224,"[28224, 28224, 28224, 28224, 28224, 28224, 28224, 28224]",81920,882,882,0.7317337989807129,0.0103908330202102,0.1,0.001,16.0,64.0,48.0,3.0,DGFMplus__eta-0p001__large_batch-64__restart_mixing_rounds-3__restart_period-48__small_batch-16,"{""eta"": 0.001, ""large_batch"": 64, ""restart_mixing_rounds"": 3, ""restart_period"": 48, ""small_batch"": 16}",,,,
DGFM+,DGFM+,480,480,8,x_bar,54.05969858169556,100,100100,200100,1225827990,szo,250880,250880,31360,"[31360, 31360, 31360, 31360, 31360, 31360, 31360, 31360]",90112,980,980,0.7317385673522949,0.0103982612490654,0.1,0.001,16.0,64.0,48.0,3.0,DGFMplus__eta-0p001__large_batch-64__restart_mixing_rounds-3__restart_period-48__small_batch-16,"{""eta"": 0.001, ""large_batch"": 64, ""restart_mixing_rounds"": 3, ""restart_period"": 48, ""small_batch"": 16}",,,,
DGFM+,DGFM+,1,1,8,x_bar,0.2888867855072021,101,100101,200101,845318908,szo,1024,1024,128,"[128, 128, 128, 128, 128, 128, 128, 128]",8192,4,4,0.7267057299613953,0.0103715909644961,0.1,0.001,16.0,64.0,48.0,3.0,DGFMplus__eta-0p001__large_batch-64__restart_mixing_rounds-3__restart_period-48__small_batch-16,"{""eta"": 0.001, ""large_batch"": 64, ""restart_mixing_rounds"": 3, ""restart_period"": 48, ""small_batch"": 16}",,,,
DGFM+,DGFM+,48,48,8,x_bar,5.472922086715698,101,100101,200101,845318908,szo,25088,25088,3136,"[3136, 3136, 3136, 3136, 3136, 3136, 3136, 3136]",16384,98,98,0.7267866730690002,0.0101780593395233,0.1,0.001,16.0,64.0,48.0,3.0,DGFMplus__eta-0p001__large_batch-64__restart_mixing_rounds-3__restart_period-48__small_batch-16,"{""eta"": 0.001, ""large_batch"": 64, ""restart_mixing_rounds"": 3, ""restart_period"": 48, ""small_batch"": 16}",,,,
DGFM+,DGFM+,96,96,8,x_bar,10.85079312324524,101,100101,200101,845318908,szo,50176,50176,6272,"[6272, 6272, 6272, 6272, 6272, 6272, 6272, 6272]",24576,196,196,0.7268276810646057,0.0112808514386415,0.1,0.001,16.0,64.0,48.0,3.0,DGFMplus__eta-0p001__large_batch-64__restart_mixing_rounds-3__restart_period-48__small_batch-16,"{""eta"": 0.001, ""large_batch"": 64, ""restart_mixing_rounds"": 3, ""restart_period"": 48, ""small_batch"": 16}",,,,
DGFM+,DGFM+,144,144,8,x_bar,16.29009771347046,101,100101,200101,845318908,szo,75264,75264,9408,"[9408, 9408, 9408, 9408, 9408, 9408, 9408, 9408]",32768,294,294,0.7268435955047607,0.0118855889886617,0.1,0.001,16.0,64.0,48.0,3.0,DGFMplus__eta-0p001__large_batch-64__restart_mixing_rounds-3__restart_period-48__small_batch-16,"{""eta"": 0.001, ""large_batch"": 64, ""restart_mixing_rounds"": 3, ""restart_period"": 48, ""small_batch"": 16}",,,,
DGFM+,DGFM+,192,192,8,x_bar,21.672423601150516,101,100101,200101,845318908,szo,100352,100352,12544,"[12544, 12544, 12544, 12544, 12544, 12544, 12544, 12544]",40960,392,392,0.7268738150596619,0.011808562092483,0.1,0.001,16.0,64.0,48.0,3.0,DGFMplus__eta-0p001__large_batch-64__restart_mixing_rounds-3__restart_period-48__small_batch-16,"{""eta"": 0.001, ""large_batch"": 64, ""restart_mixing_rounds"": 3, ""restart_period"": 48, ""small_batch"": 16}",,,,
DGFM+,DGFM+,240,240,8,x_bar,27.07648706436157,101,100101,200101,845318908,szo,125440,125440,15680,"[15680, 15680, 15680, 15680, 15680, 15680, 15680, 15680]",49152,490,490,0.7268832325935364,0.0108252884820103,0.1,0.001,16.0,64.0,48.0,3.0,DGFMplus__eta-0p001__large_batch-64__restart_mixing_rounds-3__restart_period-48__small_batch-16,"{""eta"": 0.001, ""large_batch"": 64, ""restart_mixing_rounds"": 3, ""restart_period"": 48, ""small_batch"": 16}",,,,
DGFM+,DGFM+,288,288,8,x_bar,32.43223762512207,101,100101,200101,845318908,szo,150528,150528,18816,"[18816, 18816, 18816, 18816, 18816, 18816, 18816, 18816]",57344,588,588,0.726879358291626,0.0123837608844041,0.1,0.001,16.0,64.0,48.0,3.0,DGFMplus__eta-0p001__large_batch-64__restart_mixing_rounds-3__restart_period-48__small_batch-16,"{""eta"": 0.001, ""large_batch"": 64, ""restart_mixing_rounds"": 3, ""restart_period"": 48, ""small_batch"": 16}",,,,
DGFM+,DGFM+,336,336,8,x_bar,37.8604199886322,101,100101,200101,845318908,szo,175616,175616,21952,"[21952, 21952, 21952, 21952, 21952, 21952, 21952, 21952]",65536,686,686,0.7268919944763184,0.0110390977934002,0.1,0.001,16.0,64.0,48.0,3.0,DGFMplus__eta-0p001__large_batch-64__restart_mixing_rounds-3__restart_period-48__small_batch-16,"{""eta"": 0.001, ""large_batch"": 64, ""restart_mixing_rounds"": 3, ""restart_period"": 48, ""small_batch"": 16}",,,,
DGFM+,DGFM+,384,384,8,x_bar,43.40291738510132,101,100101,200101,845318908,szo,200704,200704,25088,"[25088, 25088, 25088, 25088, 25088, 25088, 25088, 25088]",73728,784,784,0.7269099950790405,0.0112617276608943,0.1,0.001,16.0,64.0,48.0,3.0,DGFMplus__eta-0p001__large_batch-64__restart_mixing_rounds-3__restart_period-48__small_batch-16,"{""eta"": 0.001, ""large_batch"": 64, ""restart_mixing_rounds"": 3, ""restart_period"": 48, ""small_batch"": 16}",,,,
DGFM+,DGFM+,432,432,8,x_bar,48.75040936470032,101,100101,200101,845318908,szo,225792,225792,28224,"[28224, 28224, 28224, 28224, 28224, 28224, 28224, 28224]",81920,882,882,0.7269247770309448,0.011430119164288,0.1,0.001,16.0,64.0,48.0,3.0,DGFMplus__eta-0p001__large_batch-64__restart_mixing_rounds-3__restart_period-48__small_batch-16,"{""eta"": 0.001, ""large_batch"": 64, ""restart_mixing_rounds"": 3, ""restart_period"": 48, ""small_batch"": 16}",,,,
DGFM+,DGFM+,480,480,8,x_bar,54.09002614021301,101,100101,200101,845318908,szo,250880,250880,31360,"[31360, 31360, 31360, 31360, 31360, 31360, 31360, 31360]",90112,980,980,0.7269229888916016,0.0106370104476809,0.1,0.001,16.0,64.0,48.0,3.0,DGFMplus__eta-0p001__large_batch-64__restart_mixing_rounds-3__restart_period-48__small_batch-16,"{""eta"": 0.001, ""large_batch"": 64, ""restart_mixing_rounds"": 3, ""restart_period"": 48, ""small_batch"": 16}",,,,
DGFM+,DGFM+,1,1,8,x_bar,0.2972581386566162,100,100100,200100,1225827990,szo,1024,1024,128,"[128, 128, 128, 128, 128, 128, 128, 128]",8192,2,2,0.7314557433128357,0.0098437778651714,0.1,0.001,16.0,64.0,24.0,1.0,DGFMplus__eta-0p001__large_batch-64__restart_mixing_rounds-1__restart_period-24__small_batch-16,"{""eta"": 0.001, ""large_batch"": 64, ""restart_mixing_rounds"": 1, ""restart_period"": 24, ""small_batch"": 16}",,,,
DGFM+,DGFM+,48,48,8,x_bar,5.74665093421936,100,100100,200100,1225827990,szo,25600,25600,3200,"[3200, 3200, 3200, 3200, 3200, 3200, 3200, 3200]",16384,96,96,0.7315212488174438,0.0113429361954331,0.1,0.001,16.0,64.0,24.0,1.0,DGFMplus__eta-0p001__large_batch-64__restart_mixing_rounds-1__restart_period-24__small_batch-16,"{""eta"": 0.001, ""large_batch"": 64, ""restart_mixing_rounds"": 1, ""restart_period"": 24, ""small_batch"": 16}",,,,
DGFM+,DGFM+,96,96,8,x_bar,11.297860383987429,100,100100,200100,1225827990,szo,51200,51200,6400,"[6400, 6400, 6400, 6400, 6400, 6400, 6400, 6400]",24576,192,192,0.7315481305122375,0.0108961025252938,0.1,0.001,16.0,64.0,24.0,1.0,DGFMplus__eta-0p001__large_batch-64__restart_mixing_rounds-1__restart_period-24__small_batch-16,"{""eta"": 0.001, ""large_batch"": 64, ""restart_mixing_rounds"": 1, ""restart_period"": 24, ""small_batch"": 16}",,,,
DGFM+,DGFM+,144,144,8,x_bar,16.78731870651245,100,100100,200100,1225827990,szo,76800,76800,9600,"[9600, 9600, 9600, 9600, 9600, 9600, 9600, 9600]",32768,288,288,0.7315659523010254,0.0099807251244783,0.1,0.001,16.0,64.0,24.0,1.0,DGFMplus__eta-0p001__large_batch-64__restart_mixing_rounds-1__restart_period-24__small_batch-16,"{""eta"": 0.001, ""large_batch"": 64, ""restart_mixing_rounds"": 1, ""restart_period"": 24, ""small_batch"": 16}",,,,
DGFM+,DGFM+,192,192,8,x_bar,22.38458752632141,100,100100,200100,1225827990,szo,102400,102400,12800,"[12800, 12800, 12800, 12800, 12800, 12800, 12800, 12800]",40960,384,384,0.7315952181816101,0.0110246399417519,0.1,0.001,16.0,64.0,24.0,1.0,DGFMplus__eta-0p001__large_batch-64__restart_mixing_rounds-1__restart_period-24__small_batch-16,"{""eta"": 0.001, ""large_batch"": 64, ""restart_mixing_rounds"": 1, ""restart_period"": 24, ""small_batch"": 16}",,,,
DGFM+,DGFM+,240,240,8,x_bar,28.10760498046875,100,100100,200100,1225827990,szo,128000,128000,16000,"[16000, 16000, 16000, 16000, 16000, 16000, 16000, 16000]",49152,480,480,0.7316073775291443,0.0105656795203685,0.1,0.001,16.0,64.0,24.0,1.0,DGFMplus__eta-0p001__large_batch-64__restart_mixing_rounds-1__restart_period-24__small_batch-16,"{""eta"": 0.001, ""large_batch"": 64, ""restart_mixing_rounds"": 1, ""restart_period"": 24, ""small_batch"": 16}",,,,
DGFM+,DGFM+,288,288,8,x_bar,33.7454035282135,100,100100,200100,1225827990,szo,153600,153600,19200,"[19200, 19200, 19200, 19200, 19200, 19200, 19200, 19200]",57344,576,576,0.731620728969574,0.0102775627747178,0.1,0.001,16.0,64.0,24.0,1.0,DGFMplus__eta-0p001__large_batch-64__restart_mixing_rounds-1__restart_period-24__small_batch-16,"{""eta"": 0.001, ""large_batch"": 64, ""restart_mixing_rounds"": 1, ""restart_period"": 24, ""small_batch"": 16}",,,,
DGFM+,DGFM+,336,336,8,x_bar,39.24540829658508,100,100100,200100,1225827990,szo,179200,179200,22400,"[22400, 22400, 22400, 22400, 22400, 22400, 22400, 22400]",65536,672,672,0.731650173664093,0.0111488914117217,0.1,0.001,16.0,64.0,24.0,1.0,DGFMplus__eta-0p001__large_batch-64__restart_mixing_rounds-1__restart_period-24__small_batch-16,"{""eta"": 0.001, ""large_batch"": 64, ""restart_mixing_rounds"": 1, ""restart_period"": 24, ""small_batch"": 16}",,,,
DGFM+,DGFM+,384,384,8,x_bar,44.72681879997253,100,100100,200100,1225827990,szo,204800,204800,25600,"[25600, 25600, 25600, 25600, 25600, 25600, 25600, 25600]",73728,768,768,0.7316602468490601,0.0106618870049715,0.1,0.001,16.0,64.0,24.0,1.0,DGFMplus__eta-0p001__large_batch-64__restart_mixing_rounds-1__restart_period-24__small_batch-16,"{""eta"": 0.001, ""large_batch"": 64, ""restart_mixing_rounds"": 1, ""restart_period"": 24, ""small_batch"": 16}",,,,
DGFM+,DGFM+,432,432,8,x_bar,50.37180805206299,100,100100,200100,1225827990,szo,230400,230400,28800,"[28800, 28800, 28800, 28800, 28800, 28800, 28800, 28800]",81920,864,864,0.7316690683364868,0.0102876871824264,0.1,0.001,16.0,64.0,24.0,1.0,DGFMplus__eta-0p001__large_batch-64__restart_mixing_rounds-1__restart_period-24__small_batch-16,"{""eta"": 0.001, ""large_batch"": 64, ""restart_mixing_rounds"": 1, ""restart_period"": 24, ""small_batch"": 16}",,,,
DGFM+,DGFM+,480,480,8,x_bar,55.8816990852356,100,100100,200100,1225827990,szo,256000,256000,32000,"[32000, 32000, 32000, 32000, 32000, 32000, 32000, 32000]",90112,960,960,0.7316810488700867,0.0103833125904202,0.1,0.001,16.0,64.0,24.0,1.0,DGFMplus__eta-0p001__large_batch-64__restart_mixing_rounds-1__restart_period-24__small_batch-16,"{""eta"": 0.001, ""large_batch"": 64, ""restart_mixing_rounds"": 1, ""restart_period"": 24, ""small_batch"": 16}",,,,
DGFM+,DGFM+,1,1,8,x_bar,0.2767608165740967,101,100101,200101,845318908,szo,1024,1024,128,"[128, 128, 128, 128, 128, 128, 128, 128]",8192,2,2,0.7267057299613953,0.0103715909644961,0.1,0.001,16.0,64.0,24.0,1.0,DGFMplus__eta-0p001__large_batch-64__restart_mixing_rounds-1__restart_period-24__small_batch-16,"{""eta"": 0.001, ""large_batch"": 64, ""restart_mixing_rounds"": 1, ""restart_period"": 24, ""small_batch"": 16}",,,,
DGFM+,DGFM+,48,48,8,x_bar,5.550429105758667,101,100101,200101,845318908,szo,25600,25600,3200,"[3200, 3200, 3200, 3200, 3200, 3200, 3200, 3200]",16384,96,96,0.7267658114433289,0.0101841278374195,0.1,0.001,16.0,64.0,24.0,1.0,DGFMplus__eta-0p001__large_batch-64__restart_mixing_rounds-1__restart_period-24__small_batch-16,"{""eta"": 0.001, ""large_batch"": 64, ""restart_mixing_rounds"": 1, ""restart_period"": 24, ""small_batch"": 16}",,,,
DGFM+,DGFM+,96,96,8,x_bar,11.06661891937256,101,100101,200101,845318908,szo,51200,51200,6400,"[6400, 6400, 6400, 6400, 6400, 6400, 6400, 6400]",24576,192,192,0.7267819046974182,0.0112004969269037,0.1,0.001,16.0,64.0,24.0,1.0,DGFMplus__eta-0p001__large_batch-64__restart_mixing_rounds-1__restart_period-24__small_batch-16,"{""eta"": 0.001, ""large_batch"": 64, ""restart_mixing_rounds"": 1, ""restart_period"": 24, ""small_batch"": 16}",,,,
DGFM+,DGFM+,144,144,8,x_bar,16.553588390350342,101,100101,200101,845318908,szo,76800,76800,9600,"[9600, 9600, 9600, 9600, 9600, 9600, 9600, 9600]",32768,288,288,0.726796567440033,0.0118527580052614,0.1,0.001,16.0,64.0,24.0,1.0,DGFMplus__eta-0p001__large_batch-64__restart_mixing_rounds-1__restart_period-24__small_batch-16,"{""eta"": 0.001, ""large_batch"": 64, ""restart_mixing_rounds"": 1, ""restart_period"": 24, ""small_batch"": 16}",,,,
DGFM+,DGFM+,192,192,8,x_bar,22.154788970947266,101,100101,200101,845318908,szo,102400,102400,12800,"[12800, 12800, 12800, 12800, 12800, 12800, 12800, 12800]",40960,384,384,0.7268168926239014,0.0115396538749337,0.1,0.001,16.0,64.0,24.0,1.0,DGFMplus__eta-0p001__large_batch-64__restart_mixing_rounds-1__restart_period-24__small_batch-16,"{""eta"": 0.001, ""large_batch"": 64, ""restart_mixing_rounds"": 1, ""restart_period"": 24, ""small_batch"": 16}",,,,
DGFM+,DGFM+,240,240,8,x_bar,27.71302628517151,101,100101,200101,845318908,szo,128000,128000,16000,"[16000, 16000, 16000, 16000, 16000, 16000, 16000, 16000]",49152,480,480,0.7268298864364624,0.0107603427022695,0.1,0.001,16.0,64.0,24.0,1.0,DGFMplus__eta-0p001__large_batch-64__restart_mixing_rounds-1__restart_period-24__small_batch-16,"{""eta"": 0.001, ""large_batch"": 64, ""restart_mixing_rounds"": 1, ""restart_period"": 24, ""small_batch"": 16}",,,,
DGFM+,DGFM+,288,288,8,x_bar,33.17075490951538,101,100101,200101,845318908,szo,153600,153600,19200,"[19200, 19200, 19200, 19200, 19200, 19200, 19200, 19200]",57344,576,576,0.7268336415290833,0.0122667392715811,0.1,0.001,16.0,64.0,24.0,1.0,DGFMplus__eta-0p001__large_batch-64__restart_mixing_rounds-1__restart_period-24__small_batch-16,"{""eta"": 0.001, ""large_batch"": 64, ""restart_mixing_rounds"": 1, ""restart_period"": 24, ""small_batch"": 16}",,,,
DGFM+,DGFM+,336,336,8,x_bar,38.67937612533569,101,100101,200101,845318908,szo,179200,179200,22400,"[22400, 22400, 22400, 22400, 22400, 22400, 22400, 22400]",65536,672,672,0.7268351912498474,0.0107294470071792,0.1,0.001,16.0,64.0,24.0,1.0,DGFMplus__eta-0p001__large_batch-64__restart_mixing_rounds-1__restart_period-24__small_batch-16,"{""eta"": 0.001, ""large_batch"": 64, ""restart_mixing_rounds"": 1, ""restart_period"": 24, ""small_batch"": 16}",,,,
DGFM+,DGFM+,384,384,8,x_bar,44.14993500709534,101,100101,200101,845318908,szo,204800,204800,25600,"[25600, 25600, 25600, 25600, 25600, 25600, 25600, 25600]",73728,768,768,0.7268440127372742,0.010946799069643,0.1,0.001,16.0,64.0,24.0,1.0,DGFMplus__eta-0p001__large_batch-64__restart_mixing_rounds-1__restart_period-24__small_batch-16,"{""eta"": 0.001, ""large_batch"": 64, ""restart_mixing_rounds"": 1, ""restart_period"": 24, ""small_batch"": 16}",,,,
DGFM+,DGFM+,432,432,8,x_bar,49.678717613220215,101,100101,200101,845318908,szo,230400,230400,28800,"[28800, 28800, 28800, 28800, 28800, 28800, 28800, 28800]",81920,864,864,0.7268572449684143,0.0114714242517948,0.1,0.001,16.0,64.0,24.0,1.0,DGFMplus__eta-0p001__large_batch-64__restart_mixing_rounds-1__restart_period-24__small_batch-16,"{""eta"": 0.001, ""large_batch"": 64, ""restart_mixing_rounds"": 1, ""restart_period"": 24, ""small_batch"": 16}",,,,
DGFM+,DGFM+,480,480,8,x_bar,55.15936875343323,101,100101,200101,845318908,szo,256000,256000,32000,"[32000, 32000, 32000, 32000, 32000, 32000, 32000, 32000]",90112,960,960,0.7268749475479126,0.0102747287601232,0.1,0.001,16.0,64.0,24.0,1.0,DGFMplus__eta-0p001__large_batch-64__restart_mixing_rounds-1__restart_period-24__small_batch-16,"{""eta"": 0.001, ""large_batch"": 64, ""restart_mixing_rounds"": 1, ""restart_period"": 24, ""small_batch"": 16}",,,,
DGFM+,DGFM+,1,1,8,x_bar,0.4872519969940185,100,100100,200100,1225827990,szo,2048,2048,256,"[256, 256, 256, 256, 256, 256, 256, 256]",8192,2,2,0.7314548492431641,0.0098370676860213,0.1,0.001,16.0,128.0,48.0,1.0,DGFMplus__eta-0p001__large_batch-128__restart_mixing_rounds-1__restart_period-48__small_batch-16,"{""eta"": 0.001, ""large_batch"": 128, ""restart_mixing_rounds"": 1, ""restart_period"": 48, ""small_batch"": 16}",,,,
DGFM+,DGFM+,48,48,8,x_bar,5.678742408752441,100,100100,200100,1225827990,szo,26112,26112,3264,"[3264, 3264, 3264, 3264, 3264, 3264, 3264, 3264]",16384,96,96,0.7315122485160828,0.0113088767975568,0.1,0.001,16.0,128.0,48.0,1.0,DGFMplus__eta-0p001__large_batch-128__restart_mixing_rounds-1__restart_period-48__small_batch-16,"{""eta"": 0.001, ""large_batch"": 128, ""restart_mixing_rounds"": 1, ""restart_period"": 48, ""small_batch"": 16}",,,,
DGFM+,DGFM+,96,96,8,x_bar,11.23761534690857,100,100100,200100,1225827990,szo,52224,52224,6528,"[6528, 6528, 6528, 6528, 6528, 6528, 6528, 6528]",24576,192,192,0.7315447330474854,0.0109032820910215,0.1,0.001,16.0,128.0,48.0,1.0,DGFMplus__eta-0p001__large_batch-128__restart_mixing_rounds-1__restart_period-48__small_batch-16,"{""eta"": 0.001, ""large_batch"": 128, ""restart_mixing_rounds"": 1, ""restart_period"": 48, ""small_batch"": 16}",,,,
DGFM+,DGFM+,144,144,8,x_bar,16.827598094940186,100,100100,200100,1225827990,szo,78336,78336,9792,"[9792, 9792, 9792, 9792, 9792, 9792, 9792, 9792]",32768,288,288,0.7315587997436523,0.0100561212748289,0.1,0.001,16.0,128.0,48.0,1.0,DGFMplus__eta-0p001__large_batch-128__restart_mixing_rounds-1__restart_period-48__small_batch-16,"{""eta"": 0.001, ""large_batch"": 128, ""restart_mixing_rounds"": 1, ""restart_period"": 48, ""small_batch"": 16}",,,,
DGFM+,DGFM+,192,192,8,x_bar,22.412918090820312,100,100100,200100,1225827990,szo,104448,104448,13056,"[13056, 13056, 13056, 13056, 13056, 13056, 13056, 13056]",40960,384,384,0.731586754322052,0.01089190505445,0.1,0.001,16.0,128.0,48.0,1.0,DGFMplus__eta-0p001__large_batch-128__restart_mixing_rounds-1__restart_period-48__small_batch-16,"{""eta"": 0.001, ""large_batch"": 128, ""restart_mixing_rounds"": 1, ""restart_period"": 48, ""small_batch"": 16}",,,,
DGFM+,DGFM+,240,240,8,x_bar,28.00338339805603,100,100100,200100,1225827990,szo,130560,130560,16320,"[16320, 16320, 16320, 16320, 16320, 16320, 16320, 16320]",49152,480,480,0.7315859794616699,0.0104950563982129,0.1,0.001,16.0,128.0,48.0,1.0,DGFMplus__eta-0p001__large_batch-128__restart_mixing_rounds-1__restart_period-48__small_batch-16,"{""eta"": 0.001, ""large_batch"": 128, ""restart_mixing_rounds"": 1, ""restart_period"": 48, ""small_batch"": 16}",,,,
DGFM+,DGFM+,288,288,8,x_bar,33.65663933753967,100,100100,200100,1225827990,szo,156672,156672,19584,"[19584, 19584, 19584, 19584, 19584, 19584, 19584, 19584]",57344,576,576,0.7315932512283325,0.0102112274616956,0.1,0.001,16.0,128.0,48.0,1.0,DGFMplus__eta-0p001__large_batch-128__restart_mixing_rounds-1__restart_period-48__small_batch-16,"{""eta"": 0.001, ""large_batch"": 128, ""restart_mixing_rounds"": 1, ""restart_period"": 48, ""small_batch"": 16}",,,,
DGFM+,DGFM+,336,336,8,x_bar,39.384225845336914,100,100100,200100,1225827990,szo,182784,182784,22848,"[22848, 22848, 22848, 22848, 22848, 22848, 22848, 22848]",65536,672,672,0.7316142320632935,0.0110866017639637,0.1,0.001,16.0,128.0,48.0,1.0,DGFMplus__eta-0p001__large_batch-128__restart_mixing_rounds-1__restart_period-48__small_batch-16,"{""eta"": 0.001, ""large_batch"": 128, ""restart_mixing_rounds"": 1, ""restart_period"": 48, ""small_batch"": 16}",,,,
DGFM+,DGFM+,384,384,8,x_bar,45.07253456115723,100,100100,200100,1225827990,szo,208896,208896,26112,"[26112, 26112, 26112, 26112, 26112, 26112, 26112, 26112]",73728,768,768,0.7316187024116516,0.0107357697561383,0.1,0.001,16.0,128.0,48.0,1.0,DGFMplus__eta-0p001__large_batch-128__restart_mixing_rounds-1__restart_period-48__small_batch-16,"{""eta"": 0.001, ""large_batch"": 128, ""restart_mixing_rounds"": 1, ""restart_period"": 48, ""small_batch"": 16}",,,,
DGFM+,DGFM+,432,432,8,x_bar,50.73478436470032,100,100100,200100,1225827990,szo,235008,235008,29376,"[29376, 29376, 29376, 29376, 29376, 29376, 29376, 29376]",81920,864,864,0.7316092252731323,0.0102043719962239,0.1,0.001,16.0,128.0,48.0,1.0,DGFMplus__eta-0p001__large_batch-128__restart_mixing_rounds-1__restart_period-48__small_batch-16,"{""eta"": 0.001, ""large_batch"": 128, ""restart_mixing_rounds"": 1, ""restart_period"": 48, ""small_batch"": 16}",,,,
DGFM+,DGFM+,480,480,8,x_bar,56.3926420211792,100,100100,200100,1225827990,szo,261120,261120,32640,"[32640, 32640, 32640, 32640, 32640, 32640, 32640, 32640]",90112,960,960,0.7316038012504578,0.0097790407016873,0.1,0.001,16.0,128.0,48.0,1.0,DGFMplus__eta-0p001__large_batch-128__restart_mixing_rounds-1__restart_period-48__small_batch-16,"{""eta"": 0.001, ""large_batch"": 128, ""restart_mixing_rounds"": 1, ""restart_period"": 48, ""small_batch"": 16}",,,,
DGFM+,DGFM+,1,1,8,x_bar,0.4958024024963379,101,100101,200101,845318908,szo,2048,2048,256,"[256, 256, 256, 256, 256, 256, 256, 256]",8192,2,2,0.7267054319381714,0.0103661585599184,0.1,0.001,16.0,128.0,48.0,1.0,DGFMplus__eta-0p001__large_batch-128__restart_mixing_rounds-1__restart_period-48__small_batch-16,"{""eta"": 0.001, ""large_batch"": 128, ""restart_mixing_rounds"": 1, ""restart_period"": 48, ""small_batch"": 16}",,,,
DGFM+,DGFM+,48,48,8,x_bar,5.726475477218628,101,100101,200101,845318908,szo,26112,26112,3264,"[3264, 3264, 3264, 3264, 3264, 3264, 3264, 3264]",16384,96,96,0.7267735600471497,0.0102050211280584,0.1,0.001,16.0,128.0,48.0,1.0,DGFMplus__eta-0p001__large_batch-128__restart_mixing_rounds-1__restart_period-48__small_batch-16,"{""eta"": 0.001, ""large_batch"": 128, ""restart_mixing_rounds"": 1, ""restart_period"": 48, ""small_batch"": 16}",,,,
DGFM+,DGFM+,96,96,8,x_bar,11.483407974243164,101,100101,200101,845318908,szo,52224,52224,6528,"[6528, 6528, 6528, 6528, 6528, 6528, 6528, 6528]",24576,192,192,0.726800799369812,0.0113387461751699,0.1,0.001,16.0,128.0,48.0,1.0,DGFMplus__eta-0p001__large_batch-128__restart_mixing_rounds-1__restart_period-48__small_batch-16,"{""eta"": 0.001, ""large_batch"": 128, ""restart_mixing_rounds"": 1, ""restart_period"": 48, ""small_batch"": 16}",,,,
DGFM+,DGFM+,144,144,8,x_bar,17.223557710647583,101,100101,200101,845318908,szo,78336,78336,9792,"[9792, 9792, 9792, 9792, 9792, 9792, 9792, 9792]",32768,288,288,0.726800799369812,0.0119199063628911,0.1,0.001,16.0,128.0,48.0,1.0,DGFMplus__eta-0p001__large_batch-128__restart_mixing_rounds-1__restart_period-48__small_batch-16,"{""eta"": 0.001, ""large_batch"": 128, ""restart_mixing_rounds"": 1, ""restart_period"": 48, ""small_batch"": 16}",,,,
DGFM+,DGFM+,192,192,8,x_bar,22.83836793899536,101,100101,200101,845318908,szo,104448,104448,13056,"[13056, 13056, 13056, 13056, 13056, 13056, 13056, 13056]",40960,384,384,0.7268205285072327,0.0117256632074713,0.1,0.001,16.0,128.0,48.0,1.0,DGFMplus__eta-0p001__large_batch-128__restart_mixing_rounds-1__restart_period-48__small_batch-16,"{""eta"": 0.001, ""large_batch"": 128, ""restart_mixing_rounds"": 1, ""restart_period"": 48, ""small_batch"": 16}",,,,
DGFM+,DGFM+,240,240,8,x_bar,28.470229864120483,101,100101,200101,845318908,szo,130560,130560,16320,"[16320, 16320, 16320, 16320, 16320, 16320, 16320, 16320]",49152,480,480,0.7268127202987671,0.0105712572112679,0.1,0.001,16.0,128.0,48.0,1.0,DGFMplus__eta-0p001__large_batch-128__restart_mixing_rounds-1__restart_period-48__small_batch-16,"{""eta"": 0.001, ""large_batch"": 128, ""restart_mixing_rounds"": 1, ""restart_period"": 48, ""small_batch"": 16}",,,,
DGFM+,DGFM+,288,288,8,x_bar,34.039172649383545,101,100101,200101,845318908,szo,156672,156672,19584,"[19584, 19584, 19584, 19584, 19584, 19584, 19584, 19584]",57344,576,576,0.7268179059028625,0.0121108219027519,0.1,0.001,16.0,128.0,48.0,1.0,DGFMplus__eta-0p001__large_batch-128__restart_mixing_rounds-1__restart_period-48__small_batch-16,"{""eta"": 0.001, ""large_batch"": 128, ""restart_mixing_rounds"": 1, ""restart_period"": 48, ""small_batch"": 16}",,,,
DGFM+,DGFM+,336,336,8,x_bar,39.59366416931152,101,100101,200101,845318908,szo,182784,182784,22848,"[22848, 22848, 22848, 22848, 22848, 22848, 22848, 22848]",65536,672,672,0.7268129587173462,0.0107996258884668,0.1,0.001,16.0,128.0,48.0,1.0,DGFMplus__eta-0p001__large_batch-128__restart_mixing_rounds-1__restart_period-48__small_batch-16,"{""eta"": 0.001, ""large_batch"": 128, ""restart_mixing_rounds"": 1, ""restart_period"": 48, ""small_batch"": 16}",,,,
DGFM+,DGFM+,384,384,8,x_bar,45.18990731239319,101,100101,200101,845318908,szo,208896,208896,26112,"[26112, 26112, 26112, 26112, 26112, 26112, 26112, 26112]",73728,768,768,0.7268176674842834,0.0110440533608198,0.1,0.001,16.0,128.0,48.0,1.0,DGFMplus__eta-0p001__large_batch-128__restart_mixing_rounds-1__restart_period-48__small_batch-16,"{""eta"": 0.001, ""large_batch"": 128, ""restart_mixing_rounds"": 1, ""restart_period"": 48, ""small_batch"": 16}",,,,
DGFM+,DGFM+,432,432,8,x_bar,50.77533721923828,101,100101,200101,845318908,szo,235008,235008,29376,"[29376, 29376, 29376, 29376, 29376, 29376, 29376, 29376]",81920,864,864,0.7268120646476746,0.0113437045365571,0.1,0.001,16.0,128.0,48.0,1.0,DGFMplus__eta-0p001__large_batch-128__restart_mixing_rounds-1__restart_period-48__small_batch-16,"{""eta"": 0.001, ""large_batch"": 128, ""restart_mixing_rounds"": 1, ""restart_period"": 48, ""small_batch"": 16}",,,,
DGFM+,DGFM+,480,480,8,x_bar,56.49265122413635,101,100101,200101,845318908,szo,261120,261120,32640,"[32640, 32640, 32640, 32640, 32640, 32640, 32640, 32640]",90112,960,960,0.7268227934837341,0.0103729525581002,0.1,0.001,16.0,128.0,48.0,1.0,DGFMplus__eta-0p001__large_batch-128__restart_mixing_rounds-1__restart_period-48__small_batch-16,"{""eta"": 0.001, ""large_batch"": 128, ""restart_mixing_rounds"": 1, ""restart_period"": 48, ""small_batch"": 16}",,,,
DGFM+,DGFM+,1,1,8,x_bar,0.4871535301208496,100,100100,200100,1225827990,szo,2048,2048,256,"[256, 256, 256, 256, 256, 256, 256, 256]",8192,4,4,0.7314548492431641,0.0098370676860213,0.1,0.001,16.0,128.0,24.0,3.0,DGFMplus__eta-0p001__large_batch-128__restart_mixing_rounds-3__restart_period-24__small_batch-16,"{""eta"": 0.001, ""large_batch"": 128, ""restart_mixing_rounds"": 3, ""restart_period"": 24, ""small_batch"": 16}",,,,
DGFM+,DGFM+,48,48,8,x_bar,5.89434027671814,100,100100,200100,1225827990,szo,27648,27648,3456,"[3456, 3456, 3456, 3456, 3456, 3456, 3456, 3456]",16384,100,100,0.7314916253089905,0.0113259451463818,0.1,0.001,16.0,128.0,24.0,3.0,DGFMplus__eta-0p001__large_batch-128__restart_mixing_rounds-3__restart_period-24__small_batch-16,"{""eta"": 0.001, ""large_batch"": 128, ""restart_mixing_rounds"": 3, ""restart_period"": 24, ""small_batch"": 16}",,,,
DGFM+,DGFM+,96,96,8,x_bar,11.762123346328735,100,100100,200100,1225827990,szo,55296,55296,6912,"[6912, 6912, 6912, 6912, 6912, 6912, 6912, 6912]",24576,200,200,0.7315105199813843,0.0109049892053008,0.1,0.001,16.0,128.0,24.0,3.0,DGFMplus__eta-0p001__large_batch-128__restart_mixing_rounds-3__restart_period-24__small_batch-16,"{""eta"": 0.001, ""large_batch"": 128, ""restart_mixing_rounds"": 3, ""restart_period"": 24, ""small_batch"": 16}",,,,
DGFM+,DGFM+,144,144,8,x_bar,17.65066385269165,100,100100,200100,1225827990,szo,82944,82944,10368,"[10368, 10368, 10368, 10368, 10368, 10368, 10368, 10368]",32768,300,300,0.7315223813056946,0.0101245120167732,0.1,0.001,16.0,128.0,24.0,3.0,DGFMplus__eta-0p001__large_batch-128__restart_mixing_rounds-3__restart_period-24__small_batch-16,"{""eta"": 0.001, ""large_batch"": 128, ""restart_mixing_rounds"": 3, ""restart_period"": 24, ""small_batch"": 16}",,,,
DGFM+,DGFM+,192,192,8,x_bar,23.604487657547,100,100100,200100,1225827990,szo,110592,110592,13824,"[13824, 13824, 13824, 13824, 13824, 13824, 13824, 13824]",40960,400,400,0.7315377593040466,0.0108828926458954,0.1,0.001,16.0,128.0,24.0,3.0,DGFMplus__eta-0p001__large_batch-128__restart_mixing_rounds-3__restart_period-24__small_batch-16,"{""eta"": 0.001, ""large_batch"": 128, ""restart_mixing_rounds"": 3, ""restart_period"": 24, ""small_batch"": 16}",,,,
DGFM+,DGFM+,240,240,8,x_bar,29.543665885925293,100,100100,200100,1225827990,szo,138240,138240,17280,"[17280, 17280, 17280, 17280, 17280, 17280, 17280, 17280]",49152,500,500,0.731549859046936,0.0105417342856526,0.1,0.001,16.0,128.0,24.0,3.0,DGFMplus__eta-0p001__large_batch-128__restart_mixing_rounds-3__restart_period-24__small_batch-16,"{""eta"": 0.001, ""large_batch"": 128, ""restart_mixing_rounds"": 3, ""restart_period"": 24, ""small_batch"": 16}",,,,
DGFM+,DGFM+,288,288,8,x_bar,35.45005393028259,100,100100,200100,1225827990,szo,165888,165888,20736,"[20736, 20736, 20736, 20736, 20736, 20736, 20736, 20736]",57344,600,600,0.7315536141395569,0.0101098651066422,0.1,0.001,16.0,128.0,24.0,3.0,DGFMplus__eta-0p001__large_batch-128__restart_mixing_rounds-3__restart_period-24__small_batch-16,"{""eta"": 0.001, ""large_batch"": 128, ""restart_mixing_rounds"": 3, ""restart_period"": 24, ""small_batch"": 16}",,,,
DGFM+,DGFM+,336,336,8,x_bar,41.32984399795532,100,100100,200100,1225827990,szo,193536,193536,24192,"[24192, 24192, 24192, 24192, 24192, 24192, 24192, 24192]",65536,700,700,0.7315661311149597,0.0109444418922066,0.1,0.001,16.0,128.0,24.0,3.0,DGFMplus__eta-0p001__large_batch-128__restart_mixing_rounds-3__restart_period-24__small_batch-16,"{""eta"": 0.001, ""large_batch"": 128, ""restart_mixing_rounds"": 3, ""restart_period"": 24, ""small_batch"": 16}",,,,
DGFM+,DGFM+,384,384,8,x_bar,47.18805527687073,100,100100,200100,1225827990,szo,221184,221184,27648,"[27648, 27648, 27648, 27648, 27648, 27648, 27648, 27648]",73728,800,800,0.7315745949745178,0.0106862634420394,0.1,0.001,16.0,128.0,24.0,3.0,DGFMplus__eta-0p001__large_batch-128__restart_mixing_rounds-3__restart_period-24__small_batch-16,"{""eta"": 0.001, ""large_batch"": 128, ""restart_mixing_rounds"": 3, ""restart_period"": 24, ""small_batch"": 16}",,,,
DGFM+,DGFM+,432,432,8,x_bar,53.06571984291077,100,100100,200100,1225827990,szo,248832,248832,31104,"[31104, 31104, 31104, 31104, 31104, 31104, 31104, 31104]",81920,900,900,0.731575071811676,0.0102564301341772,0.1,0.001,16.0,128.0,24.0,3.0,DGFMplus__eta-0p001__large_batch-128__restart_mixing_rounds-3__restart_period-24__small_batch-16,"{""eta"": 0.001, ""large_batch"": 128, ""restart_mixing_rounds"": 3, ""restart_period"": 24, ""small_batch"": 16}",,,,
DGFM+,DGFM+,480,480,8,x_bar,59.010674715042114,100,100100,200100,1225827990,szo,276480,276480,34560,"[34560, 34560, 34560, 34560, 34560, 34560, 34560, 34560]",90112,1000,1000,0.731573224067688,0.0100859338417649,0.1,0.001,16.0,128.0,24.0,3.0,DGFMplus__eta-0p001__large_batch-128__restart_mixing_rounds-3__restart_period-24__small_batch-16,"{""eta"": 0.001, ""large_batch"": 128, ""restart_mixing_rounds"": 3, ""restart_period"": 24, ""small_batch"": 16}",,,,
DGFM+,DGFM+,1,1,8,x_bar,0.5013618469238281,101,100101,200101,845318908,szo,2048,2048,256,"[256, 256, 256, 256, 256, 256, 256, 256]",8192,4,4,0.7267054319381714,0.0103661585599184,0.1,0.001,16.0,128.0,24.0,3.0,DGFMplus__eta-0p001__large_batch-128__restart_mixing_rounds-3__restart_period-24__small_batch-16,"{""eta"": 0.001, ""large_batch"": 128, ""restart_mixing_rounds"": 3, ""restart_period"": 24, ""small_batch"": 16}",,,,
DGFM+,DGFM+,48,48,8,x_bar,6.007020950317383,101,100101,200101,845318908,szo,27648,27648,3456,"[3456, 3456, 3456, 3456, 3456, 3456, 3456, 3456]",16384,100,100,0.7267540693283081,0.0101699102669954,0.1,0.001,16.0,128.0,24.0,3.0,DGFMplus__eta-0p001__large_batch-128__restart_mixing_rounds-3__restart_period-24__small_batch-16,"{""eta"": 0.001, ""large_batch"": 128, ""restart_mixing_rounds"": 3, ""restart_period"": 24, ""small_batch"": 16}",,,,
DGFM+,DGFM+,96,96,8,x_bar,12.142198324203491,101,100101,200101,845318908,szo,55296,55296,6912,"[6912, 6912, 6912, 6912, 6912, 6912, 6912, 6912]",24576,200,200,0.726762592792511,0.0113949347287416,0.1,0.001,16.0,128.0,24.0,3.0,DGFMplus__eta-0p001__large_batch-128__restart_mixing_rounds-3__restart_period-24__small_batch-16,"{""eta"": 0.001, ""large_batch"": 128, ""restart_mixing_rounds"": 3, ""restart_period"": 24, ""small_batch"": 16}",,,,
DGFM+,DGFM+,144,144,8,x_bar,18.16717267036438,101,100101,200101,845318908,szo,82944,82944,10368,"[10368, 10368, 10368, 10368, 10368, 10368, 10368, 10368]",32768,300,300,0.7267650961875916,0.0118863172829151,0.1,0.001,16.0,128.0,24.0,3.0,DGFMplus__eta-0p001__large_batch-128__restart_mixing_rounds-3__restart_period-24__small_batch-16,"{""eta"": 0.001, ""large_batch"": 128, ""restart_mixing_rounds"": 3, ""restart_period"": 24, ""small_batch"": 16}",,,,
DGFM+,DGFM+,192,192,8,x_bar,24.085527658462524,101,100101,200101,845318908,szo,110592,110592,13824,"[13824, 13824, 13824, 13824, 13824, 13824, 13824, 13824]",40960,400,400,0.7267748713493347,0.0115642305463552,0.1,0.001,16.0,128.0,24.0,3.0,DGFMplus__eta-0p001__large_batch-128__restart_mixing_rounds-3__restart_period-24__small_batch-16,"{""eta"": 0.001, ""large_batch"": 128, ""restart_mixing_rounds"": 3, ""restart_period"": 24, ""small_batch"": 16}",,,,
DGFM+,DGFM+,240,240,8,x_bar,30.06112098693848,101,100101,200101,845318908,szo,138240,138240,17280,"[17280, 17280, 17280, 17280, 17280, 17280, 17280, 17280]",49152,500,500,0.7267744541168213,0.0105836112052202,0.1,0.001,16.0,128.0,24.0,3.0,DGFMplus__eta-0p001__large_batch-128__restart_mixing_rounds-3__restart_period-24__small_batch-16,"{""eta"": 0.001, ""large_batch"": 128, ""restart_mixing_rounds"": 3, ""restart_period"": 24, ""small_batch"": 16}",,,,
DGFM+,DGFM+,288,288,8,x_bar,36.0622775554657,101,100101,200101,845318908,szo,165888,165888,20736,"[20736, 20736, 20736, 20736, 20736, 20736, 20736, 20736]",57344,600,600,0.7267727255821228,0.0119682317599654,0.1,0.001,16.0,128.0,24.0,3.0,DGFMplus__eta-0p001__large_batch-128__restart_mixing_rounds-3__restart_period-24__small_batch-16,"{""eta"": 0.001, ""large_batch"": 128, ""restart_mixing_rounds"": 3, ""restart_period"": 24, ""small_batch"": 16}",,,,
DGFM+,DGFM+,336,336,8,x_bar,42.07709193229675,101,100101,200101,845318908,szo,193536,193536,24192,"[24192, 24192, 24192, 24192, 24192, 24192, 24192, 24192]",65536,700,700,0.7267734408378601,0.0107835009694099,0.1,0.001,16.0,128.0,24.0,3.0,DGFMplus__eta-0p001__large_batch-128__restart_mixing_rounds-3__restart_period-24__small_batch-16,"{""eta"": 0.001, ""large_batch"": 128, ""restart_mixing_rounds"": 3, ""restart_period"": 24, ""small_batch"": 16}",,,,
DGFM+,DGFM+,384,384,8,x_bar,47.97638297080994,101,100101,200101,845318908,szo,221184,221184,27648,"[27648, 27648, 27648, 27648, 27648, 27648, 27648, 27648]",73728,800,800,0.7267836928367615,0.0109552107751369,0.1,0.001,16.0,128.0,24.0,3.0,DGFMplus__eta-0p001__large_batch-128__restart_mixing_rounds-3__restart_period-24__small_batch-16,"{""eta"": 0.001, ""large_batch"": 128, ""restart_mixing_rounds"": 3, ""restart_period"": 24, ""small_batch"": 16}",,,,
DGFM+,DGFM+,432,432,8,x_bar,54.00616264343262,101,100101,200101,845318908,szo,248832,248832,31104,"[31104, 31104, 31104, 31104, 31104, 31104, 31104, 31104]",81920,900,900,0.7267959713935852,0.011564802378416,0.1,0.001,16.0,128.0,24.0,3.0,DGFMplus__eta-0p001__large_batch-128__restart_mixing_rounds-3__restart_period-24__small_batch-16,"{""eta"": 0.001, ""large_batch"": 128, ""restart_mixing_rounds"": 3, ""restart_period"": 24, ""small_batch"": 16}",,,,
DGFM+,DGFM+,480,480,8,x_bar,59.964003562927246,101,100101,200101,845318908,szo,276480,276480,34560,"[34560, 34560, 34560, 34560, 34560, 34560, 34560, 34560]",90112,1000,1000,0.7268091440200806,0.0103706866502761,0.1,0.001,16.0,128.0,24.0,3.0,DGFMplus__eta-0p001__large_batch-128__restart_mixing_rounds-3__restart_period-24__small_batch-16,"{""eta"": 0.001, ""large_batch"": 128, ""restart_mixing_rounds"": 3, ""restart_period"": 24, ""small_batch"": 16}",,,,
DGFM,DGFM,1,1,8,x_bar,0.0747377872467041,100,100100,200100,1955363566,szo,16,16,2,"[2, 2, 2, 2, 2, 2, 2, 2]",8192,2,2,0.7314934730529785,0.009843872860074,0.1,0.003,,,,,DGFM__eta-0p003,"{""eta"": 0.003}",1.0,,,
DGFM,DGFM,48,48,8,x_bar,0.3613886833190918,100,100100,200100,1955363566,szo,768,768,96,"[96, 96, 96, 96, 96, 96, 96, 96]",16384,96,96,0.7317847609519958,0.011552938260138,0.1,0.003,,,,,DGFM__eta-0p003,"{""eta"": 0.003}",1.0,,,
DGFM,DGFM,96,96,8,x_bar,0.6498088836669922,100,100100,200100,1955363566,szo,1536,1536,192,"[192, 192, 192, 192, 192, 192, 192, 192]",24576,192,192,0.7318910956382751,0.0114078819751739,0.1,0.003,,,,,DGFM__eta-0p003,"{""eta"": 0.003}",1.0,,,
DGFM,DGFM,144,144,8,x_bar,0.937363624572754,100,100100,200100,1955363566,szo,2304,2304,288,"[288, 288, 288, 288, 288, 288, 288, 288]",32768,288,288,0.7320020794868469,0.0113290129229426,0.1,0.003,,,,,DGFM__eta-0p003,"{""eta"": 0.003}",1.0,,,
DGFM,DGFM,192,192,8,x_bar,1.2266619205474854,100,100100,200100,1955363566,szo,3072,3072,384,"[384, 384, 384, 384, 384, 384, 384, 384]",40960,384,384,0.7322356104850769,0.0123026231303811,0.1,0.003,,,,,DGFM__eta-0p003,"{""eta"": 0.003}",1.0,,,
DGFM,DGFM,240,240,8,x_bar,1.517939567565918,100,100100,200100,1955363566,szo,3840,3840,480,"[480, 480, 480, 480, 480, 480, 480, 480]",49152,480,480,0.7322951555252075,0.0120910638943314,0.1,0.003,,,,,DGFM__eta-0p003,"{""eta"": 0.003}",1.0,,,
DGFM,DGFM,288,288,8,x_bar,1.8203692436218264,100,100100,200100,1955363566,szo,4608,4608,576,"[576, 576, 576, 576, 576, 576, 576, 576]",57344,576,576,0.7323675155639648,0.0120928967371582,0.1,0.003,,,,,DGFM__eta-0p003,"{""eta"": 0.003}",1.0,,,
DGFM,DGFM,336,336,8,x_bar,2.115910053253174,100,100100,200100,1955363566,szo,5376,5376,672,"[672, 672, 672, 672, 672, 672, 672, 672]",65536,672,672,0.7324331998825073,0.0124756935983896,0.1,0.003,,,,,DGFM__eta-0p003,"{""eta"": 0.003}",1.0,,,
DGFM,DGFM,384,384,8,x_bar,2.41991662979126,100,100100,200100,1955363566,szo,6144,6144,768,"[768, 768, 768, 768, 768, 768, 768, 768]",73728,768,768,0.7324925661087036,0.0125921219587326,0.1,0.003,,,,,DGFM__eta-0p003,"{""eta"": 0.003}",1.0,,,
DGFM,DGFM,432,432,8,x_bar,2.720833539962769,100,100100,200100,1955363566,szo,6912,6912,864,"[864, 864, 864, 864, 864, 864, 864, 864]",81920,864,864,0.7325589060783386,0.0124832298606634,0.1,0.003,,,,,DGFM__eta-0p003,"{""eta"": 0.003}",1.0,,,
DGFM,DGFM,480,480,8,x_bar,3.023411273956299,100,100100,200100,1955363566,szo,7680,7680,960,"[960, 960, 960, 960, 960, 960, 960, 960]",90112,960,960,0.7325478792190552,0.0115757873281836,0.1,0.003,,,,,DGFM__eta-0p003,"{""eta"": 0.003}",1.0,,,
DGFM,DGFM,1,1,8,x_bar,0.070059061050415,101,100101,200101,1563543781,szo,16,16,2,"[2, 2, 2, 2, 2, 2, 2, 2]",8192,2,2,0.7267307639122009,0.010353771969676,0.1,0.003,,,,,DGFM__eta-0p003,"{""eta"": 0.003}",1.0,,,
DGFM,DGFM,48,48,8,x_bar,0.3547732830047607,101,100101,200101,1563543781,szo,768,768,96,"[96, 96, 96, 96, 96, 96, 96, 96]",16384,96,96,0.7270045876502991,0.010456926189363,0.1,0.003,,,,,DGFM__eta-0p003,"{""eta"": 0.003}",1.0,,,
DGFM,DGFM,96,96,8,x_bar,0.642570972442627,101,100101,200101,1563543781,szo,1536,1536,192,"[192, 192, 192, 192, 192, 192, 192, 192]",24576,192,192,0.7271865010261536,0.0122544355690479,0.1,0.003,,,,,DGFM__eta-0p003,"{""eta"": 0.003}",1.0,,,
DGFM,DGFM,144,144,8,x_bar,0.9333841800689696,101,100101,200101,1563543781,szo,2304,2304,288,"[288, 288, 288, 288, 288, 288, 288, 288]",32768,288,288,0.7272875905036926,0.0127271767705678,0.1,0.003,,,,,DGFM__eta-0p003,"{""eta"": 0.003}",1.0,,,
DGFM,DGFM,192,192,8,x_bar,1.2281177043914795,101,100101,200101,1563543781,szo,3072,3072,384,"[384, 384, 384, 384, 384, 384, 384, 384]",40960,384,384,0.7273739576339722,0.0125696724280714,0.1,0.003,,,,,DGFM__eta-0p003,"{""eta"": 0.003}",1.0,,,
DGFM,DGFM,240,240,8,x_bar,1.5231890678405762,101,100101,200101,1563543781,szo,3840,3840,480,"[480, 480, 480, 480, 480, 480, 480, 480]",49152,480,480,0.7274681329727173,0.012460951693356,0.1,0.003,,,,,DGFM__eta-0p003,"{""eta"": 0.003}",1.0,,,
DGFM,DGFM,288,288,8,x_bar,1.821934938430786,101,100101,200101,1563543781,szo,4608,4608,576,"[576, 576, 576, 576, 576, 576, 576, 576]",57344,576,576,0.7275158762931824,0.0137107009068131,0.1,0.003,,,,,DGFM__eta-0p003,"{""eta"": 0.003}",1.0,,,
DGFM,DGFM,336,336,8,x_bar,2.111105442047119,101,100101,200101,1563543781,szo,5376,5376,672,"[672, 672, 672, 672, 672, 672, 672, 672]",65536,672,672,0.7275716662406921,0.0122180972248315,0.1,0.003,,,,,DGFM__eta-0p003,"{""eta"": 0.003}",1.0,,,
DGFM,DGFM,384,384,8,x_bar,2.401378631591797,101,100101,200101,1563543781,szo,6144,6144,768,"[768, 768, 768, 768, 768, 768, 768, 768]",73728,768,768,0.7275784015655518,0.0130047537386417,0.1,0.003,,,,,DGFM__eta-0p003,"{""eta"": 0.003}",1.0,,,
DGFM,DGFM,432,432,8,x_bar,2.6964261531829834,101,100101,200101,1563543781,szo,6912,6912,864,"[864, 864, 864, 864, 864, 864, 864, 864]",81920,864,864,0.7276204824447632,0.0138654001057147,0.1,0.003,,,,,DGFM__eta-0p003,"{""eta"": 0.003}",1.0,,,
DGFM,DGFM,480,480,8,x_bar,2.98892593383789,101,100101,200101,1563543781,szo,7680,7680,960,"[960, 960, 960, 960, 960, 960, 960, 960]",90112,960,960,0.7276148796081543,0.0124220643192529,0.1,0.003,,,,,DGFM__eta-0p003,"{""eta"": 0.003}",1.0,,,
DGFM,DGFM,1,1,8,x_bar,0.0762789249420166,100,100100,200100,1955363566,szo,16,16,2,"[2, 2, 2, 2, 2, 2, 2, 2]",8192,2,2,0.7315863370895386,0.0098866373300552,0.1,0.01,,,,,DGFM__eta-0p01,"{""eta"": 0.01}",1.0,,,
DGFM,DGFM,48,48,8,x_bar,0.3663251399993896,100,100100,200100,1955363566,szo,768,768,96,"[96, 96, 96, 96, 96, 96, 96, 96]",16384,96,96,0.7325311303138733,0.0129561964422464,0.1,0.01,,,,,DGFM__eta-0p01,"{""eta"": 0.01}",1.0,,,
DGFM,DGFM,96,96,8,x_bar,0.6648457050323486,100,100100,200100,1955363566,szo,1536,1536,192,"[192, 192, 192, 192, 192, 192, 192, 192]",24576,192,192,0.7329034805297852,0.0130545096471905,0.1,0.01,,,,,DGFM__eta-0p01,"{""eta"": 0.01}",1.0,,,
DGFM,DGFM,144,144,8,x_bar,0.9650313854217528,100,100100,200100,1955363566,szo,2304,2304,288,"[288, 288, 288, 288, 288, 288, 288, 288]",32768,288,288,0.7332853674888611,0.0130892321467399,0.1,0.01,,,,,DGFM__eta-0p01,"{""eta"": 0.01}",1.0,,,
DGFM,DGFM,192,192,8,x_bar,1.2631971836090088,100,100100,200100,1955363566,szo,3072,3072,384,"[384, 384, 384, 384, 384, 384, 384, 384]",40960,384,384,0.7340213060379028,0.0140738636255264,0.1,0.01,,,,,DGFM__eta-0p01,"{""eta"": 0.01}",1.0,,,
DGFM,DGFM,240,240,8,x_bar,1.566025972366333,100,100100,200100,1955363566,szo,3840,3840,480,"[480, 480, 480, 480, 480, 480, 480, 480]",49152,480,480,0.7341921925544739,0.0137370349839329,0.1,0.01,,,,,DGFM__eta-0p01,"{""eta"": 0.01}",1.0,,,
DGFM,DGFM,288,288,8,x_bar,1.861477613449097,100,100100,200100,1955363566,szo,4608,4608,576,"[576, 576, 576, 576, 576, 576, 576, 576]",57344,576,576,0.7344750761985779,0.014097187668085,0.1,0.01,,,,,DGFM__eta-0p01,"{""eta"": 0.01}",1.0,,,
DGFM,DGFM,336,336,8,x_bar,2.1595335006713867,100,100100,200100,1955363566,szo,5376,5376,672,"[672, 672, 672, 672, 672, 672, 672, 672]",65536,672,672,0.7347074747085571,0.0142355253919959,0.1,0.01,,,,,DGFM__eta-0p01,"{""eta"": 0.01}",1.0,,,
DGFM,DGFM,384,384,8,x_bar,2.460781574249268,100,100100,200100,1955363566,szo,6144,6144,768,"[768, 768, 768, 768, 768, 768, 768, 768]",73728,768,768,0.7349482178688049,0.0140561927109956,0.1,0.01,,,,,DGFM__eta-0p01,"{""eta"": 0.01}",1.0,,,
DGFM,DGFM,432,432,8,x_bar,2.776845216751098,100,100100,200100,1955363566,szo,6912,6912,864,"[864, 864, 864, 864, 864, 864, 864, 864]",81920,864,864,0.7351564168930054,0.01369459182024,0.1,0.01,,,,,DGFM__eta-0p01,"{""eta"": 0.01}",1.0,,,
DGFM,DGFM,480,480,8,x_bar,3.0905137062072754,100,100100,200100,1955363566,szo,7680,7680,960,"[960, 960, 960, 960, 960, 960, 960, 960]",90112,960,960,0.7351129055023193,0.0136220157146453,0.1,0.01,,,,,DGFM__eta-0p01,"{""eta"": 0.01}",1.0,,,
DGFM,DGFM,1,1,8,x_bar,0.0679471492767334,101,100101,200101,1563543781,szo,16,16,2,"[2, 2, 2, 2, 2, 2, 2, 2]",8192,2,2,0.7267933487892151,0.0104100815951824,0.1,0.01,,,,,DGFM__eta-0p01,"{""eta"": 0.01}",1.0,,,
DGFM,DGFM,48,48,8,x_bar,0.3956189155578613,101,100101,200101,1563543781,szo,768,768,96,"[96, 96, 96, 96, 96, 96, 96, 96]",16384,96,96,0.7277190685272217,0.0122008780017495,0.1,0.01,,,,,DGFM__eta-0p01,"{""eta"": 0.01}",1.0,,,
DGFM,DGFM,96,96,8,x_bar,0.7084329128265381,101,100101,200101,1563543781,szo,1536,1536,192,"[192, 192, 192, 192, 192, 192, 192, 192]",24576,192,192,0.7282917499542236,0.0136074526235461,0.1,0.01,,,,,DGFM__eta-0p01,"{""eta"": 0.01}",1.0,,,
DGFM,DGFM,144,144,8,x_bar,0.9988903999328612,101,100101,200101,1563543781,szo,2304,2304,288,"[288, 288, 288, 288, 288, 288, 288, 288]",32768,288,288,0.728592574596405,0.0140817034989595,0.1,0.01,,,,,DGFM__eta-0p01,"{""eta"": 0.01}",1.0,,,
DGFM,DGFM,192,192,8,x_bar,1.2890567779541016,101,100101,200101,1563543781,szo,3072,3072,384,"[384, 384, 384, 384, 384, 384, 384, 384]",40960,384,384,0.7288578152656555,0.0143694560974836,0.1,0.01,,,,,DGFM__eta-0p01,"{""eta"": 0.01}",1.0,,,
DGFM,DGFM,240,240,8,x_bar,1.5829598903656006,101,100101,200101,1563543781,szo,3840,3840,480,"[480, 480, 480, 480, 480, 480, 480, 480]",49152,480,480,0.7292208075523376,0.0142173646017909,0.1,0.01,,,,,DGFM__eta-0p01,"{""eta"": 0.01}",1.0,,,
DGFM,DGFM,288,288,8,x_bar,1.87147855758667,101,100101,200101,1563543781,szo,4608,4608,576,"[576, 576, 576, 576, 576, 576, 576, 576]",57344,576,576,0.7293595671653748,0.0150294601917266,0.1,0.01,,,,,DGFM__eta-0p01,"{""eta"": 0.01}",1.0,,,
DGFM,DGFM,336,336,8,x_bar,2.1579277515411377,101,100101,200101,1563543781,szo,5376,5376,672,"[672, 672, 672, 672, 672, 672, 672, 672]",65536,672,672,0.7295358180999756,0.013508167117834,0.1,0.01,,,,,DGFM__eta-0p01,"{""eta"": 0.01}",1.0,,,
DGFM,DGFM,384,384,8,x_bar,2.4466888904571533,101,100101,200101,1563543781,szo,6144,6144,768,"[768, 768, 768, 768, 768, 768, 768, 768]",73728,768,768,0.7295501232147217,0.014799210242927,0.1,0.01,,,,,DGFM__eta-0p01,"{""eta"": 0.01}",1.0,,,
DGFM,DGFM,432,432,8,x_bar,2.7344772815704346,101,100101,200101,1563543781,szo,6912,6912,864,"[864, 864, 864, 864, 864, 864, 864, 864]",81920,864,864,0.7296971678733826,0.0152298863977193,0.1,0.01,,,,,DGFM__eta-0p01,"{""eta"": 0.01}",1.0,,,
DGFM,DGFM,480,480,8,x_bar,3.0194456577301025,101,100101,200101,1563543781,szo,7680,7680,960,"[960, 960, 960, 960, 960, 960, 960, 960]",90112,960,960,0.7297120690345764,0.0139430230483412,0.1,0.01,,,,,DGFM__eta-0p01,"{""eta"": 0.01}",1.0,,,
ME-DOL-FO,ME-DOL,12,12,8,epoch_w_bar,0.1877481937408447,100,100100,200100,119421887,sfo,96,96,12,"[12, 12, 12, 12, 12, 12, 12, 12]",8192,12,12,0.7314592003822327,0.0102963000535964,0.1,0.0006378879538497,,,,,ME-DOL-FO__theory_multiplier-3p0,"{""theory_multiplier"": 3.0}",,12.0,0.0022097086912079,3.0
ME-DOL-FO,ME-DOL,60,60,8,epoch_w_bar,0.7155055999755859,100,100100,200100,119421887,sfo,480,480,60,"[60, 60, 60, 60, 60, 60, 60, 60]",16384,60,60,0.7314905524253845,0.0104484874755144,0.1,0.0006378879538497,,,,,ME-DOL-FO__theory_multiplier-3p0,"{""theory_multiplier"": 3.0}",,12.0,0.0022097086912079,3.0
ME-DOL-FO,ME-DOL,108,108,8,epoch_w_bar,1.2630431652069092,100,100100,200100,119421887,sfo,864,864,108,"[108, 108, 108, 108, 108, 108, 108, 108]",24576,108,108,0.7315022945404053,0.0106418943032622,0.1,0.0006378879538497,,,,,ME-DOL-FO__theory_multiplier-3p0,"{""theory_multiplier"": 3.0}",,12.0,0.0022097086912079,3.0
ME-DOL-FO,ME-DOL,156,156,8,epoch_w_bar,1.8127574920654297,100,100100,200100,119421887,sfo,1248,1248,156,"[156, 156, 156, 156, 156, 156, 156, 156]",32768,156,156,0.7315096259117126,0.0104697020724415,0.1,0.0006378879538497,,,,,ME-DOL-FO__theory_multiplier-3p0,"{""theory_multiplier"": 3.0}",,12.0,0.0022097086912079,3.0
ME-DOL-FO,ME-DOL,204,204,8,epoch_w_bar,2.355494737625122,100,100100,200100,119421887,sfo,1632,1632,204,"[204, 204, 204, 204, 204, 204, 204, 204]",40960,204,204,0.7315099835395813,0.0098938271403312,0.1,0.0006378879538497,,,,,ME-DOL-FO__theory_multiplier-3p0,"{""theory_multiplier"": 3.0}",,12.0,0.0022097086912079,3.0
ME-DOL-FO,ME-DOL,252,252,8,epoch_w_bar,2.9040420055389404,100,100100,200100,119421887,sfo,2016,2016,252,"[252, 252, 252, 252, 252, 252, 252, 252]",49152,252,252,0.7315056324005127,0.0115340603515505,0.1,0.0006378879538497,,,,,ME-DOL-FO__theory_multiplier-3p0,"{""theory_multiplier"": 3.0}",,12.0,0.0022097086912079,3.0
ME-DOL-FO,ME-DOL,300,300,8,epoch_w_bar,3.4563682079315186,100,100100,200100,119421887,sfo,2400,2400,300,"[300, 300, 300, 300, 300, 300, 300, 300]",57344,300,300,0.7315145134925842,0.010120359249413,0.1,0.0006378879538497,,,,,ME-DOL-FO__theory_multiplier-3p0,"{""theory_multiplier"": 3.0}",,12.0,0.0022097086912079,3.0
ME-DOL-FO,ME-DOL,348,348,8,epoch_w_bar,4.029207706451416,100,100100,200100,119421887,sfo,2784,2784,348,"[348, 348, 348, 348, 348, 348, 348, 348]",65536,348,348,0.7315227389335632,0.0096196280792355,0.1,0.0006378879538497,,,,,ME-DOL-FO__theory_multiplier-3p0,"{""theory_multiplier"": 3.0}",,12.0,0.0022097086912079,3.0
ME-DOL-FO,ME-DOL,396,396,8,epoch_w_bar,4.558698892593384,100,100100,200100,119421887,sfo,3168,3168,396,"[396, 396, 396, 396, 396, 396, 396, 396]",73728,396,396,0.7315248847007751,0.009831404313445,0.1,0.0006378879538497,,,,,ME-DOL-FO__theory_multiplier-3p0,"{""theory_multiplier"": 3.0}",,12.0,0.0022097086912079,3.0
ME-DOL-FO,ME-DOL,444,444,8,epoch_w_bar,5.084127902984619,100,100100,200100,119421887,sfo,3552,3552,444,"[444, 444, 444, 444, 444, 444, 444, 444]",81920,444,444,0.7315371036529541,0.0112959183752536,0.1,0.0006378879538497,,,,,ME-DOL-FO__theory_multiplier-3p0,"{""theory_multiplier"": 3.0}",,12.0,0.0022097086912079,3.0
ME-DOL-FO,ME-DOL,480,480,8,epoch_w_bar,5.525449275970459,100,100100,200100,119421887,sfo,3840,3840,480,"[480, 480, 480, 480, 480, 480, 480, 480]",90112,480,480,0.7315344214439392,0.0094577120617032,0.1,0.0006378879538497,,,,,ME-DOL-FO__theory_multiplier-3p0,"{""theory_multiplier"": 3.0}",,12.0,0.0022097086912079,3.0
ME-DOL-FO,ME-DOL,12,12,8,epoch_w_bar,0.1907906532287597,101,100101,200101,443464863,sfo,96,96,12,"[12, 12, 12, 12, 12, 12, 12, 12]",8192,12,12,0.7267127633094788,0.0122599406167864,0.1,0.0006378879538497,,,,,ME-DOL-FO__theory_multiplier-3p0,"{""theory_multiplier"": 3.0}",,12.0,0.0022097086912079,3.0
ME-DOL-FO,ME-DOL,60,60,8,epoch_w_bar,0.7379415035247803,101,100101,200101,443464863,sfo,480,480,60,"[60, 60, 60, 60, 60, 60, 60, 60]",16384,60,60,0.726737380027771,0.0112494025379419,0.1,0.0006378879538497,,,,,ME-DOL-FO__theory_multiplier-3p0,"{""theory_multiplier"": 3.0}",,12.0,0.0022097086912079,3.0
ME-DOL-FO,ME-DOL,108,108,8,epoch_w_bar,1.276439905166626,101,100101,200101,443464863,sfo,864,864,108,"[108, 108, 108, 108, 108, 108, 108, 108]",24576,108,108,0.7267441749572754,0.0109057119116187,0.1,0.0006378879538497,,,,,ME-DOL-FO__theory_multiplier-3p0,"{""theory_multiplier"": 3.0}",,12.0,0.0022097086912079,3.0
ME-DOL-FO,ME-DOL,156,156,8,epoch_w_bar,1.834491491317749,101,100101,200101,443464863,sfo,1248,1248,156,"[156, 156, 156, 156, 156, 156, 156, 156]",32768,156,156,0.7267496585845947,0.0102087883278727,0.1,0.0006378879538497,,,,,ME-DOL-FO__theory_multiplier-3p0,"{""theory_multiplier"": 3.0}",,12.0,0.0022097086912079,3.0
ME-DOL-FO,ME-DOL,204,204,8,epoch_w_bar,2.3473799228668213,101,100101,200101,443464863,sfo,1632,1632,204,"[204, 204, 204, 204, 204, 204, 204, 204]",40960,204,204,0.7267533540725708,0.0110855288803577,0.1,0.0006378879538497,,,,,ME-DOL-FO__theory_multiplier-3p0,"{""theory_multiplier"": 3.0}",,12.0,0.0022097086912079,3.0
ME-DOL-FO,ME-DOL,252,252,8,epoch_w_bar,2.88657021522522,101,100101,200101,443464863,sfo,2016,2016,252,"[252, 252, 252, 252, 252, 252, 252, 252]",49152,252,252,0.7267613410949707,0.0104555273428559,0.1,0.0006378879538497,,,,,ME-DOL-FO__theory_multiplier-3p0,"{""theory_multiplier"": 3.0}",,12.0,0.0022097086912079,3.0
ME-DOL-FO,ME-DOL,300,300,8,epoch_w_bar,3.425200700759888,101,100101,200101,443464863,sfo,2400,2400,300,"[300, 300, 300, 300, 300, 300, 300, 300]",57344,300,300,0.7267642021179199,0.0101608978584408,0.1,0.0006378879538497,,,,,ME-DOL-FO__theory_multiplier-3p0,"{""theory_multiplier"": 3.0}",,12.0,0.0022097086912079,3.0
ME-DOL-FO,ME-DOL,348,348,8,epoch_w_bar,3.9606666564941406,101,100101,200101,443464863,sfo,2784,2784,348,"[348, 348, 348, 348, 348, 348, 348, 348]",65536,348,348,0.7267615795135498,0.0097071947529912,0.1,0.0006378879538497,,,,,ME-DOL-FO__theory_multiplier-3p0,"{""theory_multiplier"": 3.0}",,12.0,0.0022097086912079,3.0
ME-DOL-FO,ME-DOL,396,396,8,epoch_w_bar,4.483137845993042,101,100101,200101,443464863,sfo,3168,3168,396,"[396, 396, 396, 396, 396, 396, 396, 396]",73728,396,396,0.7267616987228394,0.0112398844212293,0.1,0.0006378879538497,,,,,ME-DOL-FO__theory_multiplier-3p0,"{""theory_multiplier"": 3.0}",,12.0,0.0022097086912079,3.0
ME-DOL-FO,ME-DOL,444,444,8,epoch_w_bar,5.014413833618164,101,100101,200101,443464863,sfo,3552,3552,444,"[444, 444, 444, 444, 444, 444, 444, 444]",81920,444,444,0.7267638444900513,0.01123174931854,0.1,0.0006378879538497,,,,,ME-DOL-FO__theory_multiplier-3p0,"{""theory_multiplier"": 3.0}",,12.0,0.0022097086912079,3.0
ME-DOL-FO,ME-DOL,480,480,8,epoch_w_bar,5.434136152267456,101,100101,200101,443464863,sfo,3840,3840,480,"[480, 480, 480, 480, 480, 480, 480, 480]",90112,480,480,0.7267661094665527,0.0097014848142862,0.1,0.0006378879538497,,,,,ME-DOL-FO__theory_multiplier-3p0,"{""theory_multiplier"": 3.0}",,12.0,0.0022097086912079,3.0
ME-DOL-ZO,ME-DOL,12,12,8,epoch_w_bar,0.136462926864624,100,100100,200100,969222037,szo,192,192,24,"[24, 24, 24, 24, 24, 24, 24, 24]",8192,12,12,0.7314728498458862,0.0103043615818023,0.1,0.0006378879538497,,,,,ME-DOL-ZO__theory_multiplier-3p0,"{""theory_multiplier"": 3.0}",,12.0,0.0022097086912079,3.0
ME-DOL-ZO,ME-DOL,60,60,8,epoch_w_bar,0.4531528949737549,100,100100,200100,969222037,szo,960,960,120,"[120, 120, 120, 120, 120, 120, 120, 120]",16384,60,60,0.7315616011619568,0.0107190674170851,0.1,0.0006378879538497,,,,,ME-DOL-ZO__theory_multiplier-3p0,"{""theory_multiplier"": 3.0}",,12.0,0.0022097086912079,3.0
ME-DOL-ZO,ME-DOL,108,108,8,epoch_w_bar,0.767449140548706,100,100100,200100,969222037,szo,1728,1728,216,"[216, 216, 216, 216, 216, 216, 216, 216]",24576,108,108,0.7315973043441772,0.0109496172517538,0.1,0.0006378879538497,,,,,ME-DOL-ZO__theory_multiplier-3p0,"{""theory_multiplier"": 3.0}",,12.0,0.0022097086912079,3.0
ME-DOL-ZO,ME-DOL,156,156,8,epoch_w_bar,1.0869226455688477,100,100100,200100,969222037,szo,2496,2496,312,"[312, 312, 312, 312, 312, 312, 312, 312]",32768,156,156,0.7316141128540039,0.0107860695570707,0.1,0.0006378879538497,,,,,ME-DOL-ZO__theory_multiplier-3p0,"{""theory_multiplier"": 3.0}",,12.0,0.0022097086912079,3.0
ME-DOL-ZO,ME-DOL,204,204,8,epoch_w_bar,1.406414031982422,100,100100,200100,969222037,szo,3264,3264,408,"[408, 408, 408, 408, 408, 408, 408, 408]",40960,204,204,0.7316389083862305,0.0102275656536221,0.1,0.0006378879538497,,,,,ME-DOL-ZO__theory_multiplier-3p0,"{""theory_multiplier"": 3.0}",,12.0,0.0022097086912079,3.0
ME-DOL-ZO,ME-DOL,252,252,8,epoch_w_bar,1.72172212600708,100,100100,200100,969222037,szo,4032,4032,504,"[504, 504, 504, 504, 504, 504, 504, 504]",49152,252,252,0.731655478477478,0.0122676193714141,0.1,0.0006378879538497,,,,,ME-DOL-ZO__theory_multiplier-3p0,"{""theory_multiplier"": 3.0}",,12.0,0.0022097086912079,3.0
ME-DOL-ZO,ME-DOL,300,300,8,epoch_w_bar,2.0340840816497803,100,100100,200100,969222037,szo,4800,4800,600,"[600, 600, 600, 600, 600, 600, 600, 600]",57344,300,300,0.7316820025444031,0.0104872519150376,0.1,0.0006378879538497,,,,,ME-DOL-ZO__theory_multiplier-3p0,"{""theory_multiplier"": 3.0}",,12.0,0.0022097086912079,3.0
ME-DOL-ZO,ME-DOL,348,348,8,epoch_w_bar,2.350203037261963,100,100100,200100,969222037,szo,5568,5568,696,"[696, 696, 696, 696, 696, 696, 696, 696]",65536,348,348,0.7317028641700745,0.0102787418290972,0.1,0.0006378879538497,,,,,ME-DOL-ZO__theory_multiplier-3p0,"{""theory_multiplier"": 3.0}",,12.0,0.0022097086912079,3.0
ME-DOL-ZO,ME-DOL,396,396,8,epoch_w_bar,2.6532468795776367,100,100100,200100,969222037,szo,6336,6336,792,"[792, 792, 792, 792, 792, 792, 792, 792]",73728,396,396,0.7316961288452148,0.0107491593807935,0.1,0.0006378879538497,,,,,ME-DOL-ZO__theory_multiplier-3p0,"{""theory_multiplier"": 3.0}",,12.0,0.0022097086912079,3.0
ME-DOL-ZO,ME-DOL,444,444,8,epoch_w_bar,2.9629502296447754,100,100100,200100,969222037,szo,7104,7104,888,"[888, 888, 888, 888, 888, 888, 888, 888]",81920,444,444,0.7317137122154236,0.0114684682339429,0.1,0.0006378879538497,,,,,ME-DOL-ZO__theory_multiplier-3p0,"{""theory_multiplier"": 3.0}",,12.0,0.0022097086912079,3.0
ME-DOL-ZO,ME-DOL,480,480,8,epoch_w_bar,3.210068225860596,100,100100,200100,969222037,szo,7680,7680,960,"[960, 960, 960, 960, 960, 960, 960, 960]",90112,480,480,0.7317214012145996,0.0099789258092641,0.1,0.0006378879538497,,,,,ME-DOL-ZO__theory_multiplier-3p0,"{""theory_multiplier"": 3.0}",,12.0,0.0022097086912079,3.0
ME-DOL-ZO,ME-DOL,12,12,8,epoch_w_bar,0.1263339519500732,101,100101,200101,478642035,szo,192,192,24,"[24, 24, 24, 24, 24, 24, 24, 24]",8192,12,12,0.7267242074012756,0.0122244274243712,0.1,0.0006378879538497,,,,,ME-DOL-ZO__theory_multiplier-3p0,"{""theory_multiplier"": 3.0}",,12.0,0.0022097086912079,3.0
ME-DOL-ZO,ME-DOL,60,60,8,epoch_w_bar,0.4466915130615234,101,100101,200101,478642035,szo,960,960,120,"[120, 120, 120, 120, 120, 120, 120, 120]",16384,60,60,0.7268053889274597,0.0113448835909366,0.1,0.0006378879538497,,,,,ME-DOL-ZO__theory_multiplier-3p0,"{""theory_multiplier"": 3.0}",,12.0,0.0022097086912079,3.0
ME-DOL-ZO,ME-DOL,108,108,8,epoch_w_bar,0.778273344039917,101,100101,200101,478642035,szo,1728,1728,216,"[216, 216, 216, 216, 216, 216, 216, 216]",24576,108,108,0.7268478870391846,0.0109331998974084,0.1,0.0006378879538497,,,,,ME-DOL-ZO__theory_multiplier-3p0,"{""theory_multiplier"": 3.0}",,12.0,0.0022097086912079,3.0
ME-DOL-ZO,ME-DOL,156,156,8,epoch_w_bar,1.0981791019439695,101,100101,200101,478642035,szo,2496,2496,312,"[312, 312, 312, 312, 312, 312, 312, 312]",32768,156,156,0.7268703579902649,0.0105886477977037,0.1,0.0006378879538497,,,,,ME-DOL-ZO__theory_multiplier-3p0,"{""theory_multiplier"": 3.0}",,12.0,0.0022097086912079,3.0
ME-DOL-ZO,ME-DOL,204,204,8,epoch_w_bar,1.4244799613952637,101,100101,200101,478642035,szo,3264,3264,408,"[408, 408, 408, 408, 408, 408, 408, 408]",40960,204,204,0.7268926501274109,0.0113268196582794,0.1,0.0006378879538497,,,,,ME-DOL-ZO__theory_multiplier-3p0,"{""theory_multiplier"": 3.0}",,12.0,0.0022097086912079,3.0
ME-DOL-ZO,ME-DOL,252,252,8,epoch_w_bar,1.7660982608795166,101,100101,200101,478642035,szo,4032,4032,504,"[504, 504, 504, 504, 504, 504, 504, 504]",49152,252,252,0.7269068360328674,0.0108741065487265,0.1,0.0006378879538497,,,,,ME-DOL-ZO__theory_multiplier-3p0,"{""theory_multiplier"": 3.0}",,12.0,0.0022097086912079,3.0
ME-DOL-ZO,ME-DOL,300,300,8,epoch_w_bar,2.0762314796447754,101,100101,200101,478642035,szo,4800,4800,600,"[600, 600, 600, 600, 600, 600, 600, 600]",57344,300,300,0.7269299030303955,0.0109437210485339,0.1,0.0006378879538497,,,,,ME-DOL-ZO__theory_multiplier-3p0,"{""theory_multiplier"": 3.0}",,12.0,0.0022097086912079,3.0
ME-DOL-ZO,ME-DOL,348,348,8,epoch_w_bar,2.381234169006348,101,100101,200101,478642035,szo,5568,5568,696,"[696, 696, 696, 696, 696, 696, 696, 696]",65536,348,348,0.7269647121429443,0.0106217479333281,0.1,0.0006378879538497,,,,,ME-DOL-ZO__theory_multiplier-3p0,"{""theory_multiplier"": 3.0}",,12.0,0.0022097086912079,3.0
ME-DOL-ZO,ME-DOL,396,396,8,epoch_w_bar,2.716813802719116,101,100101,200101,478642035,szo,6336,6336,792,"[792, 792, 792, 792, 792, 792, 792, 792]",73728,396,396,0.7269750833511353,0.011858319863677,0.1,0.0006378879538497,,,,,ME-DOL-ZO__theory_multiplier-3p0,"{""theory_multiplier"": 3.0}",,12.0,0.0022097086912079,3.0
ME-DOL-ZO,ME-DOL,444,444,8,epoch_w_bar,3.0348563194274902,101,100101,200101,478642035,szo,7104,7104,888,"[888, 888, 888, 888, 888, 888, 888, 888]",81920,444,444,0.7269633412361145,0.0117019098252058,0.1,0.0006378879538497,,,,,ME-DOL-ZO__theory_multiplier-3p0,"{""theory_multiplier"": 3.0}",,12.0,0.0022097086912079,3.0
ME-DOL-ZO,ME-DOL,480,480,8,epoch_w_bar,3.2855849266052246,101,100101,200101,478642035,szo,7680,7680,960,"[960, 960, 960, 960, 960, 960, 960, 960]",90112,480,480,0.7269821763038635,0.0107492515817284,0.1,0.0006378879538497,,,,,ME-DOL-ZO__theory_multiplier-3p0,"{""theory_multiplier"": 3.0}",,12.0,0.0022097086912079,3.0
DGFM+,DGFM+,1,1,8,x_bar,0.2805032730102539,100,100100,200100,1225827990,szo,1024,1024,128,"[128, 128, 128, 128, 128, 128, 128, 128]",8192,2,2,0.7314743995666504,0.0098828747868537,0.1,0.01,8.0,64.0,48.0,1.0,DGFMplus__eta-0p01__large_batch-64__restart_mixing_rounds-1__restart_period-48__small_batch-8,"{""eta"": 0.01, ""large_batch"": 64, ""restart_mixing_rounds"": 1, ""restart_period"": 48, ""small_batch"": 8}",,,,
DGFM+,DGFM+,48,48,8,x_bar,2.9099512100219727,100,100100,200100,1225827990,szo,13056,13056,1632,"[1632, 1632, 1632, 1632, 1632, 1632, 1632, 1632]",16384,96,96,0.7324389815330505,0.0126740904524922,0.1,0.01,8.0,64.0,48.0,1.0,DGFMplus__eta-0p01__large_batch-64__restart_mixing_rounds-1__restart_period-48__small_batch-8,"{""eta"": 0.01, ""large_batch"": 64, ""restart_mixing_rounds"": 1, ""restart_period"": 48, ""small_batch"": 8}",,,,
DGFM+,DGFM+,96,96,8,x_bar,5.790355682373047,100,100100,200100,1225827990,szo,26112,26112,3264,"[3264, 3264, 3264, 3264, 3264, 3264, 3264, 3264]",24576,192,192,0.7327410578727722,0.0138612268492579,0.1,0.01,8.0,64.0,48.0,1.0,DGFMplus__eta-0p01__large_batch-64__restart_mixing_rounds-1__restart_period-48__small_batch-8,"{""eta"": 0.01, ""large_batch"": 64, ""restart_mixing_rounds"": 1, ""restart_period"": 48, ""small_batch"": 8}",,,,
DGFM+,DGFM+,144,144,8,x_bar,8.609723567962646,100,100100,200100,1225827990,szo,39168,39168,4896,"[4896, 4896, 4896, 4896, 4896, 4896, 4896, 4896]",32768,288,288,0.7330780625343323,0.0125190066173672,0.1,0.01,8.0,64.0,48.0,1.0,DGFMplus__eta-0p01__large_batch-64__restart_mixing_rounds-1__restart_period-48__small_batch-8,"{""eta"": 0.01, ""large_batch"": 64, ""restart_mixing_rounds"": 1, ""restart_period"": 48, ""small_batch"": 8}",,,,
DGFM+,DGFM+,192,192,8,x_bar,11.464028596878052,100,100100,200100,1225827990,szo,52224,52224,6528,"[6528, 6528, 6528, 6528, 6528, 6528, 6528, 6528]",40960,384,384,0.7334172129631042,0.0138921830803155,0.1,0.01,8.0,64.0,48.0,1.0,DGFMplus__eta-0p01__large_batch-64__restart_mixing_rounds-1__restart_period-48__small_batch-8,"{""eta"": 0.01, ""large_batch"": 64, ""restart_mixing_rounds"": 1, ""restart_period"": 48, ""small_batch"": 8}",,,,
DGFM+,DGFM+,240,240,8,x_bar,14.363739728927612,100,100100,200100,1225827990,szo,65280,65280,8160,"[8160, 8160, 8160, 8160, 8160, 8160, 8160, 8160]",49152,480,480,0.7336010336875916,0.012365061789751,0.1,0.01,8.0,64.0,48.0,1.0,DGFMplus__eta-0p01__large_batch-64__restart_mixing_rounds-1__restart_period-48__small_batch-8,"{""eta"": 0.01, ""large_batch"": 64, ""restart_mixing_rounds"": 1, ""restart_period"": 48, ""small_batch"": 8}",,,,
DGFM+,DGFM+,288,288,8,x_bar,17.185643434524536,100,100100,200100,1225827990,szo,78336,78336,9792,"[9792, 9792, 9792, 9792, 9792, 9792, 9792, 9792]",57344,576,576,0.7336320877075195,0.0127675989642739,0.1,0.01,8.0,64.0,48.0,1.0,DGFMplus__eta-0p01__large_batch-64__restart_mixing_rounds-1__restart_period-48__small_batch-8,"{""eta"": 0.01, ""large_batch"": 64, ""restart_mixing_rounds"": 1, ""restart_period"": 48, ""small_batch"": 8}",,,,
DGFM+,DGFM+,336,336,8,x_bar,20.020926475524902,100,100100,200100,1225827990,szo,91392,91392,11424,"[11424, 11424, 11424, 11424, 11424, 11424, 11424, 11424]",65536,672,672,0.7340052127838135,0.0137424804270267,0.1,0.01,8.0,64.0,48.0,1.0,DGFMplus__eta-0p01__large_batch-64__restart_mixing_rounds-1__restart_period-48__small_batch-8,"{""eta"": 0.01, ""large_batch"": 64, ""restart_mixing_rounds"": 1, ""restart_period"": 48, ""small_batch"": 8}",,,,
DGFM+,DGFM+,384,384,8,x_bar,22.89377737045288,100,100100,200100,1225827990,szo,104448,104448,13056,"[13056, 13056, 13056, 13056, 13056, 13056, 13056, 13056]",73728,768,768,0.7338701486587524,0.0129908360540866,0.1,0.01,8.0,64.0,48.0,1.0,DGFMplus__eta-0p01__large_batch-64__restart_mixing_rounds-1__restart_period-48__small_batch-8,"{""eta"": 0.01, ""large_batch"": 64, ""restart_mixing_rounds"": 1, ""restart_period"": 48, ""small_batch"": 8}",,,,
DGFM+,DGFM+,432,432,8,x_bar,25.763278245925903,100,100100,200100,1225827990,szo,117504,117504,14688,"[14688, 14688, 14688, 14688, 14688, 14688, 14688, 14688]",81920,864,864,0.7340421676635742,0.0121634872630238,0.1,0.01,8.0,64.0,48.0,1.0,DGFMplus__eta-0p01__large_batch-64__restart_mixing_rounds-1__restart_period-48__small_batch-8,"{""eta"": 0.01, ""large_batch"": 64, ""restart_mixing_rounds"": 1, ""restart_period"": 48, ""small_batch"": 8}",,,,
DGFM+,DGFM+,480,480,8,x_bar,28.565570831298828,100,100100,200100,1225827990,szo,130560,130560,16320,"[16320, 16320, 16320, 16320, 16320, 16320, 16320, 16320]",90112,960,960,0.734083890914917,0.013643848709762,0.1,0.01,8.0,64.0,48.0,1.0,DGFMplus__eta-0p01__large_batch-64__restart_mixing_rounds-1__restart_period-48__small_batch-8,"{""eta"": 0.01, ""large_batch"": 64, ""restart_mixing_rounds"": 1, ""restart_period"": 48, ""small_batch"": 8}",,,,
DGFM+,DGFM+,1,1,8,x_bar,0.2767605781555176,101,100101,200101,845318908,szo,1024,1024,128,"[128, 128, 128, 128, 128, 128, 128, 128]",8192,2,2,0.7267212867736816,0.0103787248954176,0.1,0.01,8.0,64.0,48.0,1.0,DGFMplus__eta-0p01__large_batch-64__restart_mixing_rounds-1__restart_period-48__small_batch-8,"{""eta"": 0.01, ""large_batch"": 64, ""restart_mixing_rounds"": 1, ""restart_period"": 48, ""small_batch"": 8}",,,,
DGFM+,DGFM+,48,48,8,x_bar,2.9168214797973637,101,100101,200101,845318908,szo,13056,13056,1632,"[1632, 1632, 1632, 1632, 1632, 1632, 1632, 1632]",16384,96,96,0.727532684803009,0.011816487647593,0.1,0.01,8.0,64.0,48.0,1.0,DGFMplus__eta-0p01__large_batch-64__restart_mixing_rounds-1__restart_period-48__small_batch-8,"{""eta"": 0.01, ""large_batch"": 64, ""restart_mixing_rounds"": 1, ""restart_period"": 48, ""small_batch"": 8}",,,,
DGFM+,DGFM+,96,96,8,x_bar,5.723496913909912,101,100101,200101,845318908,szo,26112,26112,3264,"[3264, 3264, 3264, 3264, 3264, 3264, 3264, 3264]",24576,192,192,0.7279335856437683,0.0119051858782768,0.1,0.01,8.0,64.0,48.0,1.0,DGFMplus__eta-0p01__large_batch-64__restart_mixing_rounds-1__restart_period-48__small_batch-8,"{""eta"": 0.01, ""large_batch"": 64, ""restart_mixing_rounds"": 1, ""restart_period"": 48, ""small_batch"": 8}",,,,
DGFM+,DGFM+,144,144,8,x_bar,8.569341659545898,101,100101,200101,845318908,szo,39168,39168,4896,"[4896, 4896, 4896, 4896, 4896, 4896, 4896, 4896]",32768,288,288,0.7280622720718384,0.0132927605882287,0.1,0.01,8.0,64.0,48.0,1.0,DGFMplus__eta-0p01__large_batch-64__restart_mixing_rounds-1__restart_period-48__small_batch-8,"{""eta"": 0.01, ""large_batch"": 64, ""restart_mixing_rounds"": 1, ""restart_period"": 48, ""small_batch"": 8}",,,,
DGFM+,DGFM+,192,192,8,x_bar,11.438483238220217,101,100101,200101,845318908,szo,52224,52224,6528,"[6528, 6528, 6528, 6528, 6528, 6528, 6528, 6528]",40960,384,384,0.7283283472061157,0.0143263954669237,0.1,0.01,8.0,64.0,48.0,1.0,DGFMplus__eta-0p01__large_batch-64__restart_mixing_rounds-1__restart_period-48__small_batch-8,"{""eta"": 0.01, ""large_batch"": 64, ""restart_mixing_rounds"": 1, ""restart_period"": 48, ""small_batch"": 8}",,,,
DGFM+,DGFM+,240,240,8,x_bar,14.292262077331545,101,100101,200101,845318908,szo,65280,65280,8160,"[8160, 8160, 8160, 8160, 8160, 8160, 8160, 8160]",49152,480,480,0.7284253835678101,0.012612409889698,0.1,0.01,8.0,64.0,48.0,1.0,DGFMplus__eta-0p01__large_batch-64__restart_mixing_rounds-1__restart_period-48__small_batch-8,"{""eta"": 0.01, ""large_batch"": 64, ""restart_mixing_rounds"": 1, ""restart_period"": 48, ""small_batch"": 8}",,,,
DGFM+,DGFM+,288,288,8,x_bar,17.13803744316101,101,100101,200101,845318908,szo,78336,78336,9792,"[9792, 9792, 9792, 9792, 9792, 9792, 9792, 9792]",57344,576,576,0.7284523844718933,0.0149264084175229,0.1,0.01,8.0,64.0,48.0,1.0,DGFMplus__eta-0p01__large_batch-64__restart_mixing_rounds-1__restart_period-48__small_batch-8,"{""eta"": 0.01, ""large_batch"": 64, ""restart_mixing_rounds"": 1, ""restart_period"": 48, ""small_batch"": 8}",,,,
DGFM+,DGFM+,336,336,8,x_bar,19.982916355133057,101,100101,200101,845318908,szo,91392,91392,11424,"[11424, 11424, 11424, 11424, 11424, 11424, 11424, 11424]",65536,672,672,0.7285254597663879,0.0136482352390885,0.1,0.01,8.0,64.0,48.0,1.0,DGFMplus__eta-0p01__large_batch-64__restart_mixing_rounds-1__restart_period-48__small_batch-8,"{""eta"": 0.01, ""large_batch"": 64, ""restart_mixing_rounds"": 1, ""restart_period"": 48, ""small_batch"": 8}",,,,
DGFM+,DGFM+,384,384,8,x_bar,22.80689477920532,101,100101,200101,845318908,szo,104448,104448,13056,"[13056, 13056, 13056, 13056, 13056, 13056, 13056, 13056]",73728,768,768,0.7287082672119141,0.0130009725689888,0.1,0.01,8.0,64.0,48.0,1.0,DGFMplus__eta-0p01__large_batch-64__restart_mixing_rounds-1__restart_period-48__small_batch-8,"{""eta"": 0.01, ""large_batch"": 64, ""restart_mixing_rounds"": 1, ""restart_period"": 48, ""small_batch"": 8}",,,,
DGFM+,DGFM+,432,432,8,x_bar,25.63005900382996,101,100101,200101,845318908,szo,117504,117504,14688,"[14688, 14688, 14688, 14688, 14688, 14688, 14688, 14688]",81920,864,864,0.7289151549339294,0.0131282526999711,0.1,0.01,8.0,64.0,48.0,1.0,DGFMplus__eta-0p01__large_batch-64__restart_mixing_rounds-1__restart_period-48__small_batch-8,"{""eta"": 0.01, ""large_batch"": 64, ""restart_mixing_rounds"": 1, ""restart_period"": 48, ""small_batch"": 8}",,,,
DGFM+,DGFM+,480,480,8,x_bar,28.428877353668213,101,100101,200101,845318908,szo,130560,130560,16320,"[16320, 16320, 16320, 16320, 16320, 16320, 16320, 16320]",90112,960,960,0.7289025187492371,0.0129402820020914,0.1,0.01,8.0,64.0,48.0,1.0,DGFMplus__eta-0p01__large_batch-64__restart_mixing_rounds-1__restart_period-48__small_batch-8,"{""eta"": 0.01, ""large_batch"": 64, ""restart_mixing_rounds"": 1, ""restart_period"": 48, ""small_batch"": 8}",,,,
ME-DOL-FO,ME-DOL,12,12,8,epoch_w_bar,0.1934866905212402,100,100100,200100,119421887,sfo,96,96,12,"[12, 12, 12, 12, 12, 12, 12, 12]",8192,12,12,0.7314555048942566,0.0102958660572767,0.1,0.0002126293179499,,,,,ME-DOL-FO__theory_multiplier-1p0,"{""theory_multiplier"": 1.0}",,12.0,0.0007365695637359,1.0
ME-DOL-FO,ME-DOL,60,60,8,epoch_w_bar,0.7277040481567383,100,100100,200100,119421887,sfo,480,480,60,"[60, 60, 60, 60, 60, 60, 60, 60]",16384,60,60,0.7314660549163818,0.0105465622618794,0.1,0.0002126293179499,,,,,ME-DOL-FO__theory_multiplier-1p0,"{""theory_multiplier"": 1.0}",,12.0,0.0007365695637359,1.0
ME-DOL-FO,ME-DOL,108,108,8,epoch_w_bar,1.2613275051116943,100,100100,200100,119421887,sfo,864,864,108,"[108, 108, 108, 108, 108, 108, 108, 108]",24576,108,108,0.731469988822937,0.0107430107891559,0.1,0.0002126293179499,,,,,ME-DOL-FO__theory_multiplier-1p0,"{""theory_multiplier"": 1.0}",,12.0,0.0007365695637359,1.0
ME-DOL-FO,ME-DOL,156,156,8,epoch_w_bar,1.813660144805908,100,100100,200100,119421887,sfo,1248,1248,156,"[156, 156, 156, 156, 156, 156, 156, 156]",32768,156,156,0.7314725518226624,0.0105634722858667,0.1,0.0002126293179499,,,,,ME-DOL-FO__theory_multiplier-1p0,"{""theory_multiplier"": 1.0}",,12.0,0.0007365695637359,1.0
ME-DOL-FO,ME-DOL,204,204,8,epoch_w_bar,2.3261218070983887,100,100100,200100,119421887,sfo,1632,1632,204,"[204, 204, 204, 204, 204, 204, 204, 204]",40960,204,204,0.7314727902412415,0.0101558463647961,0.1,0.0002126293179499,,,,,ME-DOL-FO__theory_multiplier-1p0,"{""theory_multiplier"": 1.0}",,12.0,0.0007365695637359,1.0
ME-DOL-FO,ME-DOL,252,252,8,epoch_w_bar,2.8555450439453125,100,100100,200100,119421887,sfo,2016,2016,252,"[252, 252, 252, 252, 252, 252, 252, 252]",49152,252,252,0.7314714789390564,0.0118143986910581,0.1,0.0002126293179499,,,,,ME-DOL-FO__theory_multiplier-1p0,"{""theory_multiplier"": 1.0}",,12.0,0.0007365695637359,1.0
ME-DOL-FO,ME-DOL,300,300,8,epoch_w_bar,3.3839898109436035,100,100100,200100,119421887,sfo,2400,2400,300,"[300, 300, 300, 300, 300, 300, 300, 300]",57344,300,300,0.7314746379852295,0.0101968506351113,0.1,0.0002126293179499,,,,,ME-DOL-FO__theory_multiplier-1p0,"{""theory_multiplier"": 1.0}",,12.0,0.0007365695637359,1.0
ME-DOL-FO,ME-DOL,348,348,8,epoch_w_bar,3.91471266746521,100,100100,200100,119421887,sfo,2784,2784,348,"[348, 348, 348, 348, 348, 348, 348, 348]",65536,348,348,0.7314774990081787,0.0099839884787797,0.1,0.0002126293179499,,,,,ME-DOL-FO__theory_multiplier-1p0,"{""theory_multiplier"": 1.0}",,12.0,0.0007365695637359,1.0
ME-DOL-FO,ME-DOL,396,396,8,epoch_w_bar,4.4535017013549805,100,100100,200100,119421887,sfo,3168,3168,396,"[396, 396, 396, 396, 396, 396, 396, 396]",73728,396,396,0.7314786911010742,0.0101108802482485,0.1,0.0002126293179499,,,,,ME-DOL-FO__theory_multiplier-1p0,"{""theory_multiplier"": 1.0}",,12.0,0.0007365695637359,1.0
ME-DOL-FO,ME-DOL,444,444,8,epoch_w_bar,4.979841470718384,100,100100,200100,119421887,sfo,3552,3552,444,"[444, 444, 444, 444, 444, 444, 444, 444]",81920,444,444,0.7314828634262085,0.0113747837021946,0.1,0.0002126293179499,,,,,ME-DOL-FO__theory_multiplier-1p0,"{""theory_multiplier"": 1.0}",,12.0,0.0007365695637359,1.0
ME-DOL-FO,ME-DOL,480,480,8,epoch_w_bar,5.384593486785889,100,100100,200100,119421887,sfo,3840,3840,480,"[480, 480, 480, 480, 480, 480, 480, 480]",90112,480,480,0.731482207775116,0.0096794739365577,0.1,0.0002126293179499,,,,,ME-DOL-FO__theory_multiplier-1p0,"{""theory_multiplier"": 1.0}",,12.0,0.0007365695637359,1.0
ME-DOL-FO,ME-DOL,12,12,8,epoch_w_bar,0.1852221488952636,101,100101,200101,443464863,sfo,96,96,12,"[12, 12, 12, 12, 12, 12, 12, 12]",8192,12,12,0.726706862449646,0.012245237827301,0.1,0.0002126293179499,,,,,ME-DOL-FO__theory_multiplier-1p0,"{""theory_multiplier"": 1.0}",,12.0,0.0007365695637359,1.0
ME-DOL-FO,ME-DOL,60,60,8,epoch_w_bar,0.7095940113067627,101,100101,200101,443464863,sfo,480,480,60,"[60, 60, 60, 60, 60, 60, 60, 60]",16384,60,60,0.7267151474952698,0.0113045321777462,0.1,0.0002126293179499,,,,,ME-DOL-FO__theory_multiplier-1p0,"{""theory_multiplier"": 1.0}",,12.0,0.0007365695637359,1.0
ME-DOL-FO,ME-DOL,108,108,8,epoch_w_bar,1.2090668678283691,101,100101,200101,443464863,sfo,864,864,108,"[108, 108, 108, 108, 108, 108, 108, 108]",24576,108,108,0.7267175912857056,0.0110423481091856,0.1,0.0002126293179499,,,,,ME-DOL-FO__theory_multiplier-1p0,"{""theory_multiplier"": 1.0}",,12.0,0.0007365695637359,1.0
ME-DOL-FO,ME-DOL,156,156,8,epoch_w_bar,1.8187777996063232,101,100101,200101,443464863,sfo,1248,1248,156,"[156, 156, 156, 156, 156, 156, 156, 156]",32768,156,156,0.7267194390296936,0.0104558719322085,0.1,0.0002126293179499,,,,,ME-DOL-FO__theory_multiplier-1p0,"{""theory_multiplier"": 1.0}",,12.0,0.0007365695637359,1.0
ME-DOL-FO,ME-DOL,204,204,8,epoch_w_bar,2.3653392791748047,101,100101,200101,443464863,sfo,1632,1632,204,"[204, 204, 204, 204, 204, 204, 204, 204]",40960,204,204,0.7267206907272339,0.0113494917750358,0.1,0.0002126293179499,,,,,ME-DOL-FO__theory_multiplier-1p0,"{""theory_multiplier"": 1.0}",,12.0,0.0007365695637359,1.0
ME-DOL-FO,ME-DOL,252,252,8,epoch_w_bar,2.906937837600708,101,100101,200101,443464863,sfo,2016,2016,252,"[252, 252, 252, 252, 252, 252, 252, 252]",49152,252,252,0.7267232537269592,0.0107682663947343,0.1,0.0002126293179499,,,,,ME-DOL-FO__theory_multiplier-1p0,"{""theory_multiplier"": 1.0}",,12.0,0.0007365695637359,1.0
ME-DOL-FO,ME-DOL,300,300,8,epoch_w_bar,3.4502906799316406,101,100101,200101,443464863,sfo,2400,2400,300,"[300, 300, 300, 300, 300, 300, 300, 300]",57344,300,300,0.7267239689826965,0.0106033058837056,0.1,0.0002126293179499,,,,,ME-DOL-FO__theory_multiplier-1p0,"{""theory_multiplier"": 1.0}",,12.0,0.0007365695637359,1.0
ME-DOL-FO,ME-DOL,348,348,8,epoch_w_bar,3.978070735931397,101,100101,200101,443464863,sfo,2784,2784,348,"[348, 348, 348, 348, 348, 348, 348, 348]",65536,348,348,0.7267231345176697,0.0101193003356456,0.1,0.0002126293179499,,,,,ME-DOL-FO__theory_multiplier-1p0,"{""theory_multiplier"": 1.0}",,12.0,0.0007365695637359,1.0
ME-DOL-FO,ME-DOL,396,396,8,epoch_w_bar,4.503087043762207,101,100101,200101,443464863,sfo,3168,3168,396,"[396, 396, 396, 396, 396, 396, 396, 396]",73728,396,396,0.7267232537269592,0.0117315538227558,0.1,0.0002126293179499,,,,,ME-DOL-FO__theory_multiplier-1p0,"{""theory_multiplier"": 1.0}",,12.0,0.0007365695637359,1.0
ME-DOL-FO,ME-DOL,444,444,8,epoch_w_bar,5.007711172103882,101,100101,200101,443464863,sfo,3552,3552,444,"[444, 444, 444, 444, 444, 444, 444, 444]",81920,444,444,0.7267242670059204,0.0118753444403409,0.1,0.0002126293179499,,,,,ME-DOL-FO__theory_multiplier-1p0,"{""theory_multiplier"": 1.0}",,12.0,0.0007365695637359,1.0
ME-DOL-FO,ME-DOL,480,480,8,epoch_w_bar,5.4341795444488525,101,100101,200101,443464863,sfo,3840,3840,480,"[480, 480, 480, 480, 480, 480, 480, 480]",90112,480,480,0.7267249226570129,0.0102647924795746,0.1,0.0002126293179499,,,,,ME-DOL-FO__theory_multiplier-1p0,"{""theory_multiplier"": 1.0}",,12.0,0.0007365695637359,1.0
ME-DOL-ZO,ME-DOL,12,12,8,epoch_w_bar,0.1399221420288086,100,100100,200100,969222037,szo,192,192,24,"[24, 24, 24, 24, 24, 24, 24, 24]",8192,12,12,0.7314600348472595,0.0102665787562727,0.1,0.0002126293179499,,,,,ME-DOL-ZO__theory_multiplier-1p0,"{""theory_multiplier"": 1.0}",,12.0,0.0007365695637359,1.0
ME-DOL-ZO,ME-DOL,60,60,8,epoch_w_bar,0.4823458194732666,100,100100,200100,969222037,szo,960,960,120,"[120, 120, 120, 120, 120, 120, 120, 120]",16384,60,60,0.7314897775650024,0.0106135969981551,0.1,0.0002126293179499,,,,,ME-DOL-ZO__theory_multiplier-1p0,"{""theory_multiplier"": 1.0}",,12.0,0.0007365695637359,1.0
ME-DOL-ZO,ME-DOL,108,108,8,epoch_w_bar,0.803802490234375,100,100100,200100,969222037,szo,1728,1728,216,"[216, 216, 216, 216, 216, 216, 216, 216]",24576,108,108,0.7315018177032471,0.0108209289610385,0.1,0.0002126293179499,,,,,ME-DOL-ZO__theory_multiplier-1p0,"{""theory_multiplier"": 1.0}",,12.0,0.0007365695637359,1.0
ME-DOL-ZO,ME-DOL,156,156,8,epoch_w_bar,1.1273295879364014,100,100100,200100,969222037,szo,2496,2496,312,"[312, 312, 312, 312, 312, 312, 312, 312]",32768,156,156,0.7315075993537903,0.010670724324882,0.1,0.0002126293179499,,,,,ME-DOL-ZO__theory_multiplier-1p0,"{""theory_multiplier"": 1.0}",,12.0,0.0007365695637359,1.0
ME-DOL-ZO,ME-DOL,204,204,8,epoch_w_bar,1.4482851028442385,100,100100,200100,969222037,szo,3264,3264,408,"[408, 408, 408, 408, 408, 408, 408, 408]",40960,204,204,0.7315158843994141,0.0102088693529367,0.1,0.0002126293179499,,,,,ME-DOL-ZO__theory_multiplier-1p0,"{""theory_multiplier"": 1.0}",,12.0,0.0007365695637359,1.0
ME-DOL-ZO,ME-DOL,252,252,8,epoch_w_bar,1.7729361057281494,100,100100,200100,969222037,szo,4032,4032,504,"[504, 504, 504, 504, 504, 504, 504, 504]",49152,252,252,0.7315216064453125,0.0121017154306173,0.1,0.0002126293179499,,,,,ME-DOL-ZO__theory_multiplier-1p0,"{""theory_multiplier"": 1.0}",,12.0,0.0007365695637359,1.0
ME-DOL-ZO,ME-DOL,300,300,8,epoch_w_bar,2.0994985103607178,100,100100,200100,969222037,szo,4800,4800,600,"[600, 600, 600, 600, 600, 600, 600, 600]",57344,300,300,0.7315307259559631,0.0102733382955193,0.1,0.0002126293179499,,,,,ME-DOL-ZO__theory_multiplier-1p0,"{""theory_multiplier"": 1.0}",,12.0,0.0007365695637359,1.0
ME-DOL-ZO,ME-DOL,348,348,8,epoch_w_bar,2.425091505050659,100,100100,200100,969222037,szo,5568,5568,696,"[696, 696, 696, 696, 696, 696, 696, 696]",65536,348,348,0.7315378189086914,0.0101039409637451,0.1,0.0002126293179499,,,,,ME-DOL-ZO__theory_multiplier-1p0,"{""theory_multiplier"": 1.0}",,12.0,0.0007365695637359,1.0
ME-DOL-ZO,ME-DOL,396,396,8,epoch_w_bar,2.749443292617798,100,100100,200100,969222037,szo,6336,6336,792,"[792, 792, 792, 792, 792, 792, 792, 792]",73728,396,396,0.7315353751182556,0.0104983961209654,0.1,0.0002126293179499,,,,,ME-DOL-ZO__theory_multiplier-1p0,"{""theory_multiplier"": 1.0}",,12.0,0.0007365695637359,1.0
ME-DOL-ZO,ME-DOL,444,444,8,epoch_w_bar,3.071573495864868,100,100100,200100,969222037,szo,7104,7104,888,"[888, 888, 888, 888, 888, 888, 888, 888]",81920,444,444,0.7315415143966675,0.0114239389076828,0.1,0.0002126293179499,,,,,ME-DOL-ZO__theory_multiplier-1p0,"{""theory_multiplier"": 1.0}",,12.0,0.0007365695637359,1.0
ME-DOL-ZO,ME-DOL,480,480,8,epoch_w_bar,3.327505588531494,100,100100,200100,969222037,szo,7680,7680,960,"[960, 960, 960, 960, 960, 960, 960, 960]",90112,480,480,0.7315447330474854,0.0098501536995172,0.1,0.0002126293179499,,,,,ME-DOL-ZO__theory_multiplier-1p0,"{""theory_multiplier"": 1.0}",,12.0,0.0007365695637359,1.0
ME-DOL-ZO,ME-DOL,12,12,8,epoch_w_bar,0.1343424320220947,101,100101,200101,478642035,szo,192,192,24,"[24, 24, 24, 24, 24, 24, 24, 24]",8192,12,12,0.7267107367515564,0.0122237000614404,0.1,0.0002126293179499,,,,,ME-DOL-ZO__theory_multiplier-1p0,"{""theory_multiplier"": 1.0}",,12.0,0.0007365695637359,1.0
ME-DOL-ZO,ME-DOL,60,60,8,epoch_w_bar,0.4603557586669922,101,100101,200101,478642035,szo,960,960,120,"[120, 120, 120, 120, 120, 120, 120, 120]",16384,60,60,0.7267377972602844,0.0113489627838134,0.1,0.0002126293179499,,,,,ME-DOL-ZO__theory_multiplier-1p0,"{""theory_multiplier"": 1.0}",,12.0,0.0007365695637359,1.0
ME-DOL-ZO,ME-DOL,108,108,8,epoch_w_bar,0.7748711109161377,101,100101,200101,478642035,szo,1728,1728,216,"[216, 216, 216, 216, 216, 216, 216, 216]",24576,108,108,0.726751983165741,0.0110564231872558,0.1,0.0002126293179499,,,,,ME-DOL-ZO__theory_multiplier-1p0,"{""theory_multiplier"": 1.0}",,12.0,0.0007365695637359,1.0
ME-DOL-ZO,ME-DOL,156,156,8,epoch_w_bar,1.0901188850402832,101,100101,200101,478642035,szo,2496,2496,312,"[312, 312, 312, 312, 312, 312, 312, 312]",32768,156,156,0.7267594933509827,0.0105421254411339,0.1,0.0002126293179499,,,,,ME-DOL-ZO__theory_multiplier-1p0,"{""theory_multiplier"": 1.0}",,12.0,0.0007365695637359,1.0
ME-DOL-ZO,ME-DOL,204,204,8,epoch_w_bar,1.4042387008666992,101,100101,200101,478642035,szo,3264,3264,408,"[408, 408, 408, 408, 408, 408, 408, 408]",40960,204,204,0.7267670631408691,0.011329430155456,0.1,0.0002126293179499,,,,,ME-DOL-ZO__theory_multiplier-1p0,"{""theory_multiplier"": 1.0}",,12.0,0.0007365695637359,1.0
ME-DOL-ZO,ME-DOL,252,252,8,epoch_w_bar,1.717289924621582,101,100101,200101,478642035,szo,4032,4032,504,"[504, 504, 504, 504, 504, 504, 504, 504]",49152,252,252,0.726772129535675,0.0109084071591496,0.1,0.0002126293179499,,,,,ME-DOL-ZO__theory_multiplier-1p0,"{""theory_multiplier"": 1.0}",,12.0,0.0007365695637359,1.0
ME-DOL-ZO,ME-DOL,300,300,8,epoch_w_bar,2.030139446258545,101,100101,200101,478642035,szo,4800,4800,600,"[600, 600, 600, 600, 600, 600, 600, 600]",57344,300,300,0.726780354976654,0.0107788071036338,0.1,0.0002126293179499,,,,,ME-DOL-ZO__theory_multiplier-1p0,"{""theory_multiplier"": 1.0}",,12.0,0.0007365695637359,1.0
ME-DOL-ZO,ME-DOL,348,348,8,epoch_w_bar,2.346630096435547,101,100101,200101,478642035,szo,5568,5568,696,"[696, 696, 696, 696, 696, 696, 696, 696]",65536,348,348,0.7267923355102539,0.0103712994605302,0.1,0.0002126293179499,,,,,ME-DOL-ZO__theory_multiplier-1p0,"{""theory_multiplier"": 1.0}",,12.0,0.0007365695637359,1.0
ME-DOL-ZO,ME-DOL,396,396,8,epoch_w_bar,2.6541459560394287,101,100101,200101,478642035,szo,6336,6336,792,"[792, 792, 792, 792, 792, 792, 792, 792]",73728,396,396,0.7267962694168091,0.0118529014289379,0.1,0.0002126293179499,,,,,ME-DOL-ZO__theory_multiplier-1p0,"{""theory_multiplier"": 1.0}",,12.0,0.0007365695637359,1.0
ME-DOL-ZO,ME-DOL,444,444,8,epoch_w_bar,2.9802114963531494,101,100101,200101,478642035,szo,7104,7104,888,"[888, 888, 888, 888, 888, 888, 888, 888]",81920,444,444,0.7267923951148987,0.0119987307116389,0.1,0.0002126293179499,,,,,ME-DOL-ZO__theory_multiplier-1p0,"{""theory_multiplier"": 1.0}",,12.0,0.0007365695637359,1.0
ME-DOL-ZO,ME-DOL,480,480,8,epoch_w_bar,3.2420809268951416,101,100101,200101,478642035,szo,7680,7680,960,"[960, 960, 960, 960, 960, 960, 960, 960]",90112,480,480,0.7267988324165344,0.0105188228189945,0.1,0.0002126293179499,,,,,ME-DOL-ZO__theory_multiplier-1p0,"{""theory_multiplier"": 1.0}",,12.0,0.0007365695637359,1.0
ME-DOL-FO,ME-DOL,12,12,8,epoch_w_bar,0.3437411785125732,100,100100,200100,119421887,sfo,96,96,12,"[12, 12, 12, 12, 12, 12, 12, 12]",8192,12,12,0.7314541935920715,0.0103050731122493,0.1,6.378879538497859e-05,,,,,ME-DOL-FO__theory_multiplier-0p3,"{""theory_multiplier"": 0.3}",,12.0,0.0002209708691207,0.3
ME-DOL-FO,ME-DOL,60,60,8,epoch_w_bar,0.8913929462432861,100,100100,200100,119421887,sfo,480,480,60,"[60, 60, 60, 60, 60, 60, 60, 60]",16384,60,60,0.7314573526382446,0.0105481669306755,0.1,6.378879538497859e-05,,,,,ME-DOL-FO__theory_multiplier-0p3,"{""theory_multiplier"": 0.3}",,12.0,0.0002209708691207,0.3
ME-DOL-FO,ME-DOL,108,108,8,epoch_w_bar,1.404576063156128,100,100100,200100,119421887,sfo,864,864,108,"[108, 108, 108, 108, 108, 108, 108, 108]",24576,108,108,0.7314585447311401,0.0107798241078853,0.1,6.378879538497859e-05,,,,,ME-DOL-FO__theory_multiplier-0p3,"{""theory_multiplier"": 0.3}",,12.0,0.0002209708691207,0.3
ME-DOL-FO,ME-DOL,156,156,8,epoch_w_bar,1.9505770206451416,100,100100,200100,119421887,sfo,1248,1248,156,"[156, 156, 156, 156, 156, 156, 156, 156]",32768,156,156,0.731459379196167,0.0106710363179445,0.1,6.378879538497859e-05,,,,,ME-DOL-FO__theory_multiplier-0p3,"{""theory_multiplier"": 0.3}",,12.0,0.0002209708691207,0.3
ME-DOL-FO,ME-DOL,204,204,8,epoch_w_bar,2.498882293701172,100,100100,200100,119421887,sfo,1632,1632,204,"[204, 204, 204, 204, 204, 204, 204, 204]",40960,204,204,0.7314594984054565,0.0102569097653031,0.1,6.378879538497859e-05,,,,,ME-DOL-FO__theory_multiplier-0p3,"{""theory_multiplier"": 0.3}",,12.0,0.0002209708691207,0.3
ME-DOL-FO,ME-DOL,252,252,8,epoch_w_bar,3.0385453701019287,100,100100,200100,119421887,sfo,2016,2016,252,"[252, 252, 252, 252, 252, 252, 252, 252]",49152,252,252,0.7314591407775879,0.011905487626791,0.1,6.378879538497859e-05,,,,,ME-DOL-FO__theory_multiplier-0p3,"{""theory_multiplier"": 0.3}",,12.0,0.0002209708691207,0.3
ME-DOL-FO,ME-DOL,300,300,8,epoch_w_bar,3.582866668701172,100,100100,200100,119421887,sfo,2400,2400,300,"[300, 300, 300, 300, 300, 300, 300, 300]",57344,300,300,0.7314600348472595,0.0102781811729073,0.1,6.378879538497859e-05,,,,,ME-DOL-FO__theory_multiplier-0p3,"{""theory_multiplier"": 0.3}",,12.0,0.0002209708691207,0.3
ME-DOL-FO,ME-DOL,348,348,8,epoch_w_bar,4.116151571273804,100,100100,200100,119421887,sfo,2784,2784,348,"[348, 348, 348, 348, 348, 348, 348, 348]",65536,348,348,0.7314608693122864,0.010142576880753,0.1,6.378879538497859e-05,,,,,ME-DOL-FO__theory_multiplier-0p3,"{""theory_multiplier"": 0.3}",,12.0,0.0002209708691207,0.3
ME-DOL-FO,ME-DOL,396,396,8,epoch_w_bar,4.652646064758301,100,100100,200100,119421887,sfo,3168,3168,396,"[396, 396, 396, 396, 396, 396, 396, 396]",73728,396,396,0.7314613461494446,0.0102421334013342,0.1,6.378879538497859e-05,,,,,ME-DOL-FO__theory_multiplier-0p3,"{""theory_multiplier"": 0.3}",,12.0,0.0002209708691207,0.3
ME-DOL-FO,ME-DOL,444,444,8,epoch_w_bar,5.198036193847656,100,100100,200100,119421887,sfo,3552,3552,444,"[444, 444, 444, 444, 444, 444, 444, 444]",81920,444,444,0.7314625978469849,0.0114686097949743,0.1,6.378879538497859e-05,,,,,ME-DOL-FO__theory_multiplier-0p3,"{""theory_multiplier"": 0.3}",,12.0,0.0002209708691207,0.3
ME-DOL-FO,ME-DOL,480,480,8,epoch_w_bar,5.632853984832764,100,100100,200100,119421887,sfo,3840,3840,480,"[480, 480, 480, 480, 480, 480, 480, 480]",90112,480,480,0.7314623594284058,0.0098373889923095,0.1,6.378879538497859e-05,,,,,ME-DOL-FO__theory_multiplier-0p3,"{""theory_multiplier"": 0.3}",,12.0,0.0002209708691207,0.3
ME-DOL-FO,ME-DOL,12,12,8,epoch_w_bar,0.1908543109893798,101,100101,200101,443464863,sfo,96,96,12,"[12, 12, 12, 12, 12, 12, 12, 12]",8192,12,12,0.7267047762870789,0.0122566102072596,0.1,6.378879538497859e-05,,,,,ME-DOL-FO__theory_multiplier-0p3,"{""theory_multiplier"": 0.3}",,12.0,0.0002209708691207,0.3
ME-DOL-FO,ME-DOL,60,60,8,epoch_w_bar,0.7558975219726562,101,100101,200101,443464863,sfo,480,480,60,"[60, 60, 60, 60, 60, 60, 60, 60]",16384,60,60,0.7267073392868042,0.0113570056855678,0.1,6.378879538497859e-05,,,,,ME-DOL-FO__theory_multiplier-0p3,"{""theory_multiplier"": 0.3}",,12.0,0.0002209708691207,0.3
ME-DOL-FO,ME-DOL,108,108,8,epoch_w_bar,1.2681033611297607,101,100101,200101,443464863,sfo,864,864,108,"[108, 108, 108, 108, 108, 108, 108, 108]",24576,108,108,0.7267080545425415,0.0110737858340144,0.1,6.378879538497859e-05,,,,,ME-DOL-FO__theory_multiplier-0p3,"{""theory_multiplier"": 0.3}",,12.0,0.0002209708691207,0.3
ME-DOL-FO,ME-DOL,156,156,8,epoch_w_bar,1.806339263916016,101,100101,200101,443464863,sfo,1248,1248,156,"[156, 156, 156, 156, 156, 156, 156, 156]",32768,156,156,0.7267086505889893,0.0105321398004889,0.1,6.378879538497859e-05,,,,,ME-DOL-FO__theory_multiplier-0p3,"{""theory_multiplier"": 0.3}",,12.0,0.0002209708691207,0.3
ME-DOL-FO,ME-DOL,204,204,8,epoch_w_bar,2.34101939201355,101,100101,200101,443464863,sfo,1632,1632,204,"[204, 204, 204, 204, 204, 204, 204, 204]",40960,204,204,0.7267090082168579,0.0114903980866074,0.1,6.378879538497859e-05,,,,,ME-DOL-FO__theory_multiplier-0p3,"{""theory_multiplier"": 0.3}",,12.0,0.0002209708691207,0.3
ME-DOL-FO,ME-DOL,252,252,8,epoch_w_bar,2.883946418762207,101,100101,200101,443464863,sfo,2016,2016,252,"[252, 252, 252, 252, 252, 252, 252, 252]",49152,252,252,0.72670978307724,0.010888666845858,0.1,6.378879538497859e-05,,,,,ME-DOL-FO__theory_multiplier-0p3,"{""theory_multiplier"": 0.3}",,12.0,0.0002209708691207,0.3
ME-DOL-FO,ME-DOL,300,300,8,epoch_w_bar,3.424208641052246,101,100101,200101,443464863,sfo,2400,2400,300,"[300, 300, 300, 300, 300, 300, 300, 300]",57344,300,300,0.7267100214958191,0.0107185551896691,0.1,6.378879538497859e-05,,,,,ME-DOL-FO__theory_multiplier-0p3,"{""theory_multiplier"": 0.3}",,12.0,0.0002209708691207,0.3
ME-DOL-FO,ME-DOL,348,348,8,epoch_w_bar,3.9351918697357178,101,100101,200101,443464863,sfo,2784,2784,348,"[348, 348, 348, 348, 348, 348, 348, 348]",65536,348,348,0.72670978307724,0.0102923633530735,0.1,6.378879538497859e-05,,,,,ME-DOL-FO__theory_multiplier-0p3,"{""theory_multiplier"": 0.3}",,12.0,0.0002209708691207,0.3
ME-DOL-FO,ME-DOL,396,396,8,epoch_w_bar,4.46864128112793,101,100101,200101,443464863,sfo,3168,3168,396,"[396, 396, 396, 396, 396, 396, 396, 396]",73728,396,396,0.7267098426818848,0.0118798520416021,0.1,6.378879538497859e-05,,,,,ME-DOL-FO__theory_multiplier-0p3,"{""theory_multiplier"": 0.3}",,12.0,0.0002209708691207,0.3
ME-DOL-FO,ME-DOL,444,444,8,epoch_w_bar,4.998785972595215,101,100101,200101,443464863,sfo,3552,3552,444,"[444, 444, 444, 444, 444, 444, 444, 444]",81920,444,444,0.7267102003097534,0.0121360281482338,0.1,6.378879538497859e-05,,,,,ME-DOL-FO__theory_multiplier-0p3,"{""theory_multiplier"": 0.3}",,12.0,0.0002209708691207,0.3
ME-DOL-FO,ME-DOL,480,480,8,epoch_w_bar,5.413597583770752,101,100101,200101,443464863,sfo,3840,3840,480,"[480, 480, 480, 480, 480, 480, 480, 480]",90112,480,480,0.7267103791236877,0.0104754846543073,0.1,6.378879538497859e-05,,,,,ME-DOL-FO__theory_multiplier-0p3,"{""theory_multiplier"": 0.3}",,12.0,0.0002209708691207,0.3
ME-DOL-ZO,ME-DOL,12,12,8,epoch_w_bar,0.1338860988616943,100,100100,200100,969222037,szo,192,192,24,"[24, 24, 24, 24, 24, 24, 24, 24]",8192,12,12,0.7314555644989014,0.010285354219377,0.1,6.378879538497859e-05,,,,,ME-DOL-ZO__theory_multiplier-0p3,"{""theory_multiplier"": 0.3}",,12.0,0.0002209708691207,0.3
ME-DOL-ZO,ME-DOL,60,60,8,epoch_w_bar,0.4716241359710693,100,100100,200100,969222037,szo,960,960,120,"[120, 120, 120, 120, 120, 120, 120, 120]",16384,60,60,0.7314645051956177,0.0105678830295801,0.1,6.378879538497859e-05,,,,,ME-DOL-ZO__theory_multiplier-0p3,"{""theory_multiplier"": 0.3}",,12.0,0.0002209708691207,0.3
ME-DOL-ZO,ME-DOL,108,108,8,epoch_w_bar,0.8069009780883789,100,100100,200100,969222037,szo,1728,1728,216,"[216, 216, 216, 216, 216, 216, 216, 216]",24576,108,108,0.7314682006835938,0.0108086820691823,0.1,6.378879538497859e-05,,,,,ME-DOL-ZO__theory_multiplier-0p3,"{""theory_multiplier"": 0.3}",,12.0,0.0002209708691207,0.3
ME-DOL-ZO,ME-DOL,156,156,8,epoch_w_bar,1.124171257019043,100,100100,200100,969222037,szo,2496,2496,312,"[312, 312, 312, 312, 312, 312, 312, 312]",32768,156,156,0.7314698696136475,0.0106514152139425,0.1,6.378879538497859e-05,,,,,ME-DOL-ZO__theory_multiplier-0p3,"{""theory_multiplier"": 0.3}",,12.0,0.0002209708691207,0.3
ME-DOL-ZO,ME-DOL,204,204,8,epoch_w_bar,1.4412095546722412,100,100100,200100,969222037,szo,3264,3264,408,"[408, 408, 408, 408, 408, 408, 408, 408]",40960,204,204,0.7314724326133728,0.0102976262569427,0.1,6.378879538497859e-05,,,,,ME-DOL-ZO__theory_multiplier-0p3,"{""theory_multiplier"": 0.3}",,12.0,0.0002209708691207,0.3
ME-DOL-ZO,ME-DOL,252,252,8,epoch_w_bar,1.7612831592559814,100,100100,200100,969222037,szo,4032,4032,504,"[504, 504, 504, 504, 504, 504, 504, 504]",49152,252,252,0.7314741015434265,0.0119784967973828,0.1,6.378879538497859e-05,,,,,ME-DOL-ZO__theory_multiplier-0p3,"{""theory_multiplier"": 0.3}",,12.0,0.0002209708691207,0.3
ME-DOL-ZO,ME-DOL,300,300,8,epoch_w_bar,2.0758538246154785,100,100100,200100,969222037,szo,4800,4800,600,"[600, 600, 600, 600, 600, 600, 600, 600]",57344,300,300,0.731476902961731,0.0102905733510851,0.1,6.378879538497859e-05,,,,,ME-DOL-ZO__theory_multiplier-0p3,"{""theory_multiplier"": 0.3}",,12.0,0.0002209708691207,0.3
ME-DOL-ZO,ME-DOL,348,348,8,epoch_w_bar,2.391143560409546,100,100100,200100,969222037,szo,5568,5568,696,"[696, 696, 696, 696, 696, 696, 696, 696]",65536,348,348,0.7314789295196533,0.0102016916498541,0.1,6.378879538497859e-05,,,,,ME-DOL-ZO__theory_multiplier-0p3,"{""theory_multiplier"": 0.3}",,12.0,0.0002209708691207,0.3
ME-DOL-ZO,ME-DOL,396,396,8,epoch_w_bar,2.706259489059448,100,100100,200100,969222037,szo,6336,6336,792,"[792, 792, 792, 792, 792, 792, 792, 792]",73728,396,396,0.7314782738685608,0.0103656658902764,0.1,6.378879538497859e-05,,,,,ME-DOL-ZO__theory_multiplier-0p3,"{""theory_multiplier"": 0.3}",,12.0,0.0002209708691207,0.3
ME-DOL-ZO,ME-DOL,444,444,8,epoch_w_bar,3.024531126022339,100,100100,200100,969222037,szo,7104,7104,888,"[888, 888, 888, 888, 888, 888, 888, 888]",81920,444,444,0.7314801812171936,0.0114454505965113,0.1,6.378879538497859e-05,,,,,ME-DOL-ZO__theory_multiplier-0p3,"{""theory_multiplier"": 0.3}",,12.0,0.0002209708691207,0.3
ME-DOL-ZO,ME-DOL,480,480,8,epoch_w_bar,3.277094841003418,100,100100,200100,969222037,szo,7680,7680,960,"[960, 960, 960, 960, 960, 960, 960, 960]",90112,480,480,0.73148113489151,0.0099362079054117,0.1,6.378879538497859e-05,,,,,ME-DOL-ZO__theory_multiplier-0p3,"{""theory_multiplier"": 0.3}",,12.0,0.0002209708691207,0.3
ME-DOL-ZO,ME-DOL,12,12,8,epoch_w_bar,0.12978196144104,101,100101,200101,478642035,szo,192,192,24,"[24, 24, 24, 24, 24, 24, 24, 24]",8192,12,12,0.7267060279846191,0.012244607321918,0.1,6.378879538497859e-05,,,,,ME-DOL-ZO__theory_multiplier-0p3,"{""theory_multiplier"": 0.3}",,12.0,0.0002209708691207,0.3
ME-DOL-ZO,ME-DOL,60,60,8,epoch_w_bar,0.4502425193786621,101,100101,200101,478642035,szo,960,960,120,"[120, 120, 120, 120, 120, 120, 120, 120]",16384,60,60,0.7267141938209534,0.0113467862829566,0.1,6.378879538497859e-05,,,,,ME-DOL-ZO__theory_multiplier-0p3,"{""theory_multiplier"": 0.3}",,12.0,0.0002209708691207,0.3
ME-DOL-ZO,ME-DOL,108,108,8,epoch_w_bar,0.7792074680328369,101,100101,200101,478642035,szo,1728,1728,216,"[216, 216, 216, 216, 216, 216, 216, 216]",24576,108,108,0.7267184257507324,0.0110954390838742,0.1,6.378879538497859e-05,,,,,ME-DOL-ZO__theory_multiplier-0p3,"{""theory_multiplier"": 0.3}",,12.0,0.0002209708691207,0.3
ME-DOL-ZO,ME-DOL,156,156,8,epoch_w_bar,1.1134686470031738,101,100101,200101,478642035,szo,2496,2496,312,"[312, 312, 312, 312, 312, 312, 312, 312]",32768,156,156,0.7267206311225891,0.0105405645444989,0.1,6.378879538497859e-05,,,,,ME-DOL-ZO__theory_multiplier-0p3,"{""theory_multiplier"": 0.3}",,12.0,0.0002209708691207,0.3
ME-DOL-ZO,ME-DOL,204,204,8,epoch_w_bar,1.4475393295288086,101,100101,200101,478642035,szo,3264,3264,408,"[408, 408, 408, 408, 408, 408, 408, 408]",40960,204,204,0.7267228960990906,0.0114660421386361,0.1,6.378879538497859e-05,,,,,ME-DOL-ZO__theory_multiplier-0p3,"{""theory_multiplier"": 0.3}",,12.0,0.0002209708691207,0.3
ME-DOL-ZO,ME-DOL,252,252,8,epoch_w_bar,1.7807927131652832,101,100101,200101,478642035,szo,4032,4032,504,"[504, 504, 504, 504, 504, 504, 504, 504]",49152,252,252,0.7267244458198547,0.0109251299872994,0.1,6.378879538497859e-05,,,,,ME-DOL-ZO__theory_multiplier-0p3,"{""theory_multiplier"": 0.3}",,12.0,0.0002209708691207,0.3
ME-DOL-ZO,ME-DOL,300,300,8,epoch_w_bar,2.10556960105896,101,100101,200101,478642035,szo,4800,4800,600,"[600, 600, 600, 600, 600, 600, 600, 600]",57344,300,300,0.7267269492149353,0.0107564348727464,0.1,6.378879538497859e-05,,,,,ME-DOL-ZO__theory_multiplier-0p3,"{""theory_multiplier"": 0.3}",,12.0,0.0002209708691207,0.3
ME-DOL-ZO,ME-DOL,348,348,8,epoch_w_bar,2.4275598526000977,101,100101,200101,478642035,szo,5568,5568,696,"[696, 696, 696, 696, 696, 696, 696, 696]",65536,348,348,0.7267305850982666,0.0103841507807374,0.1,6.378879538497859e-05,,,,,ME-DOL-ZO__theory_multiplier-0p3,"{""theory_multiplier"": 0.3}",,12.0,0.0002209708691207,0.3
ME-DOL-ZO,ME-DOL,396,396,8,epoch_w_bar,2.754925012588501,101,100101,200101,478642035,szo,6336,6336,792,"[792, 792, 792, 792, 792, 792, 792, 792]",73728,396,396,0.7267319560050964,0.0118807451799511,0.1,6.378879538497859e-05,,,,,ME-DOL-ZO__theory_multiplier-0p3,"{""theory_multiplier"": 0.3}",,12.0,0.0002209708691207,0.3
ME-DOL-ZO,ME-DOL,444,444,8,epoch_w_bar,3.076688766479492,101,100101,200101,478642035,szo,7104,7104,888,"[888, 888, 888, 888, 888, 888, 888, 888]",81920,444,444,0.7267307639122009,0.0121591696515679,0.1,6.378879538497859e-05,,,,,ME-DOL-ZO__theory_multiplier-0p3,"{""theory_multiplier"": 0.3}",,12.0,0.0002209708691207,0.3
ME-DOL-ZO,ME-DOL,480,480,8,epoch_w_bar,3.335248708724976,101,100101,200101,478642035,szo,7680,7680,960,"[960, 960, 960, 960, 960, 960, 960, 960]",90112,480,480,0.7267326712608337,0.0105468090623617,0.1,6.378879538497859e-05,,,,,ME-DOL-ZO__theory_multiplier-0p3,"{""theory_multiplier"": 0.3}",,12.0,0.0002209708691207,0.3
DGFM,DGFM,1,1,8,x_bar,0.0712594985961914,100,100100,200100,1955363566,szo,16,16,2,"[2, 2, 2, 2, 2, 2, 2, 2]",8192,2,2,0.7314669489860535,0.0098322452977299,0.1,0.001,,,,,DGFM__eta-0p001,"{""eta"": 0.001}",1.0,,,
DGFM,DGFM,48,48,8,x_bar,0.3556840419769287,100,100100,200100,1955363566,szo,768,768,96,"[96, 96, 96, 96, 96, 96, 96, 96]",16384,96,96,0.7315648794174194,0.0113249607384204,0.1,0.001,,,,,DGFM__eta-0p001,"{""eta"": 0.001}",1.0,,,
DGFM,DGFM,96,96,8,x_bar,0.6477460861206055,100,100100,200100,1955363566,szo,1536,1536,192,"[192, 192, 192, 192, 192, 192, 192, 192]",24576,192,192,0.731599748134613,0.010870992206037,0.1,0.001,,,,,DGFM__eta-0p001,"{""eta"": 0.001}",1.0,,,
DGFM,DGFM,144,144,8,x_bar,0.9361565113067628,100,100100,200100,1955363566,szo,2304,2304,288,"[288, 288, 288, 288, 288, 288, 288, 288]",32768,288,288,0.7316368818283081,0.0103318812325596,0.1,0.001,,,,,DGFM__eta-0p001,"{""eta"": 0.001}",1.0,,,
DGFM,DGFM,192,192,8,x_bar,1.2244131565093994,100,100100,200100,1955363566,szo,3072,3072,384,"[384, 384, 384, 384, 384, 384, 384, 384]",40960,384,384,0.7317177057266235,0.0112838102504611,0.1,0.001,,,,,DGFM__eta-0p001,"{""eta"": 0.001}",1.0,,,
DGFM,DGFM,240,240,8,x_bar,1.5198242664337158,100,100100,200100,1955363566,szo,3840,3840,480,"[480, 480, 480, 480, 480, 480, 480, 480]",49152,480,480,0.7317395210266113,0.0109530230984091,0.1,0.001,,,,,DGFM__eta-0p001,"{""eta"": 0.001}",1.0,,,
DGFM,DGFM,288,288,8,x_bar,1.8178982734680176,100,100100,200100,1955363566,szo,4608,4608,576,"[576, 576, 576, 576, 576, 576, 576, 576]",57344,576,576,0.7317659854888916,0.0107455300167202,0.1,0.001,,,,,DGFM__eta-0p001,"{""eta"": 0.001}",1.0,,,
DGFM,DGFM,336,336,8,x_bar,2.119065523147583,100,100100,200100,1955363566,szo,5376,5376,672,"[672, 672, 672, 672, 672, 672, 672, 672]",65536,672,672,0.7317875623703003,0.0114353662356734,0.1,0.001,,,,,DGFM__eta-0p001,"{""eta"": 0.001}",1.0,,,
DGFM,DGFM,384,384,8,x_bar,2.409822940826416,100,100100,200100,1955363566,szo,6144,6144,768,"[768, 768, 768, 768, 768, 768, 768, 768]",73728,768,768,0.7318077087402344,0.011088783852756,0.1,0.001,,,,,DGFM__eta-0p001,"{""eta"": 0.001}",1.0,,,
DGFM,DGFM,432,432,8,x_bar,2.70643162727356,100,100100,200100,1955363566,szo,6912,6912,864,"[864, 864, 864, 864, 864, 864, 864, 864]",81920,864,864,0.7318346500396729,0.0111605618149042,0.1,0.001,,,,,DGFM__eta-0p001,"{""eta"": 0.001}",1.0,,,
DGFM,DGFM,480,480,8,x_bar,3.0083913803100586,100,100100,200100,1955363566,szo,7680,7680,960,"[960, 960, 960, 960, 960, 960, 960, 960]",90112,960,960,0.7318322658538818,0.010163021273911,0.1,0.001,,,,,DGFM__eta-0p001,"{""eta"": 0.001}",1.0,,,
DGFM,DGFM,1,1,8,x_bar,0.0713953971862793,101,100101,200101,1563543781,szo,16,16,2,"[2, 2, 2, 2, 2, 2, 2, 2]",8192,2,2,0.7267129421234131,0.0103424871340394,0.1,0.001,,,,,DGFM__eta-0p001,"{""eta"": 0.001}",1.0,,,
DGFM,DGFM,48,48,8,x_bar,0.3642988204956054,101,100101,200101,1563543781,szo,768,768,96,"[96, 96, 96, 96, 96, 96, 96, 96]",16384,96,96,0.7268028855323792,0.0102373864501714,0.1,0.001,,,,,DGFM__eta-0p001,"{""eta"": 0.001}",1.0,,,
DGFM,DGFM,96,96,8,x_bar,0.6755423545837402,101,100101,200101,1563543781,szo,1536,1536,192,"[192, 192, 192, 192, 192, 192, 192, 192]",24576,192,192,0.7268645167350769,0.0115527473390102,0.1,0.001,,,,,DGFM__eta-0p001,"{""eta"": 0.001}",1.0,,,
DGFM,DGFM,144,144,8,x_bar,0.9799275398254396,101,100101,200101,1563543781,szo,2304,2304,288,"[288, 288, 288, 288, 288, 288, 288, 288]",32768,288,288,0.7268999218940735,0.0121413860470056,0.1,0.001,,,,,DGFM__eta-0p001,"{""eta"": 0.001}",1.0,,,
DGFM,DGFM,192,192,8,x_bar,1.28379225730896,101,100101,200101,1563543781,szo,3072,3072,384,"[384, 384, 384, 384, 384, 384, 384, 384]",40960,384,384,0.7269303798675537,0.0117436069995164,0.1,0.001,,,,,DGFM__eta-0p001,"{""eta"": 0.001}",1.0,,,
DGFM,DGFM,240,240,8,x_bar,1.5801341533660889,101,100101,200101,1563543781,szo,3840,3840,480,"[480, 480, 480, 480, 480, 480, 480, 480]",49152,480,480,0.7269612550735474,0.0112467966973781,0.1,0.001,,,,,DGFM__eta-0p001,"{""eta"": 0.001}",1.0,,,
DGFM,DGFM,288,288,8,x_bar,1.878495216369629,101,100101,200101,1563543781,szo,4608,4608,576,"[576, 576, 576, 576, 576, 576, 576, 576]",57344,576,576,0.7269790172576904,0.0125645818188786,0.1,0.001,,,,,DGFM__eta-0p001,"{""eta"": 0.001}",1.0,,,
DGFM,DGFM,336,336,8,x_bar,2.178385972976685,101,100101,200101,1563543781,szo,5376,5376,672,"[672, 672, 672, 672, 672, 672, 672, 672]",65536,672,672,0.7269989848136902,0.0111568877473473,0.1,0.001,,,,,DGFM__eta-0p001,"{""eta"": 0.001}",1.0,,,
DGFM,DGFM,384,384,8,x_bar,2.4628727436065674,101,100101,200101,1563543781,szo,6144,6144,768,"[768, 768, 768, 768, 768, 768, 768, 768]",73728,768,768,0.7270016670227051,0.0117996549233794,0.1,0.001,,,,,DGFM__eta-0p001,"{""eta"": 0.001}",1.0,,,
DGFM,DGFM,432,432,8,x_bar,2.748817682266236,101,100101,200101,1563543781,szo,6912,6912,864,"[864, 864, 864, 864, 864, 864, 864, 864]",81920,864,864,0.7270195484161377,0.0123267928138375,0.1,0.001,,,,,DGFM__eta-0p001,"{""eta"": 0.001}",1.0,,,
DGFM,DGFM,480,480,8,x_bar,3.039987564086914,101,100101,200101,1563543781,szo,7680,7680,960,"[960, 960, 960, 960, 960, 960, 960, 960]",90112,960,960,0.7270129919052124,0.0110238622874021,0.1,0.001,,,,,DGFM__eta-0p001,"{""eta"": 0.001}",1.0,,,
DGFM,DGFM,1,1,8,x_bar,0.0744545459747314,100,100100,200100,1955363566,szo,16,16,2,"[2, 2, 2, 2, 2, 2, 2, 2]",8192,2,2,0.7318557500839233,0.0103652132675051,0.1,0.03,,,,,DGFM__eta-0p03,"{""eta"": 0.03}",1.0,,,
DGFM,DGFM,48,48,8,x_bar,0.3579864501953125,100,100100,200100,1955363566,szo,768,768,96,"[96, 96, 96, 96, 96, 96, 96, 96]",16384,96,96,0.7346867918968201,0.0141723845154047,0.1,0.03,,,,,DGFM__eta-0p03,"{""eta"": 0.03}",1.0,,,
DGFM,DGFM,96,96,8,x_bar,0.6579461097717285,100,100100,200100,1955363566,szo,1536,1536,192,"[192, 192, 192, 192, 192, 192, 192, 192]",24576,192,192,0.7356264591217041,0.0138191105797886,0.1,0.03,,,,,DGFM__eta-0p03,"{""eta"": 0.03}",1.0,,,
DGFM,DGFM,144,144,8,x_bar,0.9545822143554688,100,100100,200100,1955363566,szo,2304,2304,288,"[288, 288, 288, 288, 288, 288, 288, 288]",32768,288,288,0.7366708517074585,0.0130875138565897,0.1,0.03,,,,,DGFM__eta-0p03,"{""eta"": 0.03}",1.0,,,
DGFM,DGFM,192,192,8,x_bar,1.239133596420288,100,100100,200100,1955363566,szo,3072,3072,384,"[384, 384, 384, 384, 384, 384, 384, 384]",40960,384,384,0.738252580165863,0.0143024232238531,0.1,0.03,,,,,DGFM__eta-0p03,"{""eta"": 0.03}",1.0,,,
DGFM,DGFM,240,240,8,x_bar,1.5269825458526611,100,100100,200100,1955363566,szo,3840,3840,480,"[480, 480, 480, 480, 480, 480, 480, 480]",49152,480,480,0.7387470602989197,0.0136535940691828,0.1,0.03,,,,,DGFM__eta-0p03,"{""eta"": 0.03}",1.0,,,
DGFM,DGFM,288,288,8,x_bar,1.81229305267334,100,100100,200100,1955363566,szo,4608,4608,576,"[576, 576, 576, 576, 576, 576, 576, 576]",57344,576,576,0.7396175265312195,0.0142029300332069,0.1,0.03,,,,,DGFM__eta-0p03,"{""eta"": 0.03}",1.0,,,
DGFM,DGFM,336,336,8,x_bar,2.0985426902771,100,100100,200100,1955363566,szo,5376,5376,672,"[672, 672, 672, 672, 672, 672, 672, 672]",65536,672,672,0.7404283285140991,0.0144919417798519,0.1,0.03,,,,,DGFM__eta-0p03,"{""eta"": 0.03}",1.0,,,
DGFM,DGFM,384,384,8,x_bar,2.373852252960205,100,100100,200100,1955363566,szo,6144,6144,768,"[768, 768, 768, 768, 768, 768, 768, 768]",73728,768,768,0.7411640286445618,0.0145067628473043,0.1,0.03,,,,,DGFM__eta-0p03,"{""eta"": 0.03}",1.0,,,
DGFM,DGFM,432,432,8,x_bar,2.659715414047241,100,100100,200100,1955363566,szo,6912,6912,864,"[864, 864, 864, 864, 864, 864, 864, 864]",81920,864,864,0.7412615418434143,0.0141096506267786,0.1,0.03,,,,,DGFM__eta-0p03,"{""eta"": 0.03}",1.0,,,
DGFM,DGFM,480,480,8,x_bar,2.948119878768921,100,100100,200100,1955363566,szo,7680,7680,960,"[960, 960, 960, 960, 960, 960, 960, 960]",90112,960,960,0.7412380576133728,0.0137573312968015,0.1,0.03,,,,,DGFM__eta-0p03,"{""eta"": 0.03}",1.0,,,
DGFM,DGFM,1,1,8,x_bar,0.0686755180358886,101,100101,200101,1563543781,szo,16,16,2,"[2, 2, 2, 2, 2, 2, 2, 2]",8192,2,2,0.7269713282585144,0.0106704700738191,0.1,0.03,,,,,DGFM__eta-0p03,"{""eta"": 0.03}",1.0,,,
DGFM,DGFM,48,48,8,x_bar,0.3515236377716064,101,100101,200101,1563543781,szo,768,768,96,"[96, 96, 96, 96, 96, 96, 96, 96]",16384,96,96,0.7296719551086426,0.0137286558747291,0.1,0.03,,,,,DGFM__eta-0p03,"{""eta"": 0.03}",1.0,,,
DGFM,DGFM,96,96,8,x_bar,0.6381008625030518,101,100101,200101,1563543781,szo,1536,1536,192,"[192, 192, 192, 192, 192, 192, 192, 192]",24576,192,192,0.7313029170036316,0.0141191938892006,0.1,0.03,,,,,DGFM__eta-0p03,"{""eta"": 0.03}",1.0,,,
DGFM,DGFM,144,144,8,x_bar,0.9246296882629396,101,100101,200101,1563543781,szo,2304,2304,288,"[288, 288, 288, 288, 288, 288, 288, 288]",32768,288,288,0.7320972681045532,0.0140195405110716,0.1,0.03,,,,,DGFM__eta-0p03,"{""eta"": 0.03}",1.0,,,
DGFM,DGFM,192,192,8,x_bar,1.2170064449310305,101,100101,200101,1563543781,szo,3072,3072,384,"[384, 384, 384, 384, 384, 384, 384, 384]",40960,384,384,0.7328745722770691,0.0150128062814474,0.1,0.03,,,,,DGFM__eta-0p03,"{""eta"": 0.03}",1.0,,,
DGFM,DGFM,240,240,8,x_bar,1.5082721710205078,101,100101,200101,1563543781,szo,3840,3840,480,"[480, 480, 480, 480, 480, 480, 480, 480]",49152,480,480,0.7339157462120056,0.0148978186771273,0.1,0.03,,,,,DGFM__eta-0p03,"{""eta"": 0.03}",1.0,,,
DGFM,DGFM,288,288,8,x_bar,1.7948262691497805,101,100101,200101,1563543781,szo,4608,4608,576,"[576, 576, 576, 576, 576, 576, 576, 576]",57344,576,576,0.7341223359107971,0.0148093737661838,0.1,0.03,,,,,DGFM__eta-0p03,"{""eta"": 0.03}",1.0,,,
DGFM,DGFM,336,336,8,x_bar,2.089287757873535,101,100101,200101,1563543781,szo,5376,5376,672,"[672, 672, 672, 672, 672, 672, 672, 672]",65536,672,672,0.7351406216621399,0.0143483327701687,0.1,0.03,,,,,DGFM__eta-0p03,"{""eta"": 0.03}",1.0,,,
DGFM,DGFM,384,384,8,x_bar,2.384040594100952,101,100101,200101,1563543781,szo,6144,6144,768,"[768, 768, 768, 768, 768, 768, 768, 768]",73728,768,768,0.7348084449768066,0.0145514877513051,0.1,0.03,,,,,DGFM__eta-0p03,"{""eta"": 0.03}",1.0,,,
DGFM,DGFM,432,432,8,x_bar,2.6801059246063232,101,100101,200101,1563543781,szo,6912,6912,864,"[864, 864, 864, 864, 864, 864, 864, 864]",81920,864,864,0.7355576753616333,0.0151086961850523,0.1,0.03,,,,,DGFM__eta-0p03,"{""eta"": 0.03}",1.0,,,
DGFM,DGFM,480,480,8,x_bar,2.978879928588867,101,100101,200101,1563543781,szo,7680,7680,960,"[960, 960, 960, 960, 960, 960, 960, 960]",90112,960,960,0.7356497645378113,0.0147989122197031,0.1,0.03,,,,,DGFM__eta-0p03,"{""eta"": 0.03}",1.0,,,
DGFM+,DGFM+,1,1,8,x_bar,0.2767853736877441,100,100100,200100,1225827990,szo,1024,1024,128,"[128, 128, 128, 128, 128, 128, 128, 128]",8192,2,2,0.7314598560333252,0.0098582273349165,0.1,0.003,8.0,64.0,48.0,1.0,DGFMplus__eta-0p003__large_batch-64__restart_mixing_rounds-1__restart_period-48__small_batch-8,"{""eta"": 0.003, ""large_batch"": 64, ""restart_mixing_rounds"": 1, ""restart_period"": 48, ""small_batch"": 8}",,,,
DGFM+,DGFM+,48,48,8,x_bar,2.966200351715088,100,100100,200100,1225827990,szo,13056,13056,1632,"[1632, 1632, 1632, 1632, 1632, 1632, 1632, 1632]",16384,96,96,0.7317528128623962,0.0114490753039717,0.1,0.003,8.0,64.0,48.0,1.0,DGFMplus__eta-0p003__large_batch-64__restart_mixing_rounds-1__restart_period-48__small_batch-8,"{""eta"": 0.003, ""large_batch"": 64, ""restart_mixing_rounds"": 1, ""restart_period"": 48, ""small_batch"": 8}",,,,
DGFM+,DGFM+,96,96,8,x_bar,5.784544944763184,100,100100,200100,1225827990,szo,26112,26112,3264,"[3264, 3264, 3264, 3264, 3264, 3264, 3264, 3264]",24576,192,192,0.7318445444107056,0.0116056045517325,0.1,0.003,8.0,64.0,48.0,1.0,DGFMplus__eta-0p003__large_batch-64__restart_mixing_rounds-1__restart_period-48__small_batch-8,"{""eta"": 0.003, ""large_batch"": 64, ""restart_mixing_rounds"": 1, ""restart_period"": 48, ""small_batch"": 8}",,,,
DGFM+,DGFM+,144,144,8,x_bar,8.570138216018677,100,100100,200100,1225827990,szo,39168,39168,4896,"[4896, 4896, 4896, 4896, 4896, 4896, 4896, 4896]",32768,288,288,0.7319470643997192,0.0107437912374734,0.1,0.003,8.0,64.0,48.0,1.0,DGFMplus__eta-0p003__large_batch-64__restart_mixing_rounds-1__restart_period-48__small_batch-8,"{""eta"": 0.003, ""large_batch"": 64, ""restart_mixing_rounds"": 1, ""restart_period"": 48, ""small_batch"": 8}",,,,
DGFM+,DGFM+,192,192,8,x_bar,11.360860347747805,100,100100,200100,1225827990,szo,52224,52224,6528,"[6528, 6528, 6528, 6528, 6528, 6528, 6528, 6528]",40960,384,384,0.7320448160171509,0.0121138868853449,0.1,0.003,8.0,64.0,48.0,1.0,DGFMplus__eta-0p003__large_batch-64__restart_mixing_rounds-1__restart_period-48__small_batch-8,"{""eta"": 0.003, ""large_batch"": 64, ""restart_mixing_rounds"": 1, ""restart_period"": 48, ""small_batch"": 8}",,,,
DGFM+,DGFM+,240,240,8,x_bar,14.164305925369264,100,100100,200100,1225827990,szo,65280,65280,8160,"[8160, 8160, 8160, 8160, 8160, 8160, 8160, 8160]",49152,480,480,0.7321022152900696,0.0110044591128826,0.1,0.003,8.0,64.0,48.0,1.0,DGFMplus__eta-0p003__large_batch-64__restart_mixing_rounds-1__restart_period-48__small_batch-8,"{""eta"": 0.003, ""large_batch"": 64, ""restart_mixing_rounds"": 1, ""restart_period"": 48, ""small_batch"": 8}",,,,
DGFM+,DGFM+,288,288,8,x_bar,17.056702375411987,100,100100,200100,1225827990,szo,78336,78336,9792,"[9792, 9792, 9792, 9792, 9792, 9792, 9792, 9792]",57344,576,576,0.7321040630340576,0.0114423306658864,0.1,0.003,8.0,64.0,48.0,1.0,DGFMplus__eta-0p003__large_batch-64__restart_mixing_rounds-1__restart_period-48__small_batch-8,"{""eta"": 0.003, ""large_batch"": 64, ""restart_mixing_rounds"": 1, ""restart_period"": 48, ""small_batch"": 8}",,,,
DGFM+,DGFM+,336,336,8,x_bar,19.850456714630127,100,100100,200100,1225827990,szo,91392,91392,11424,"[11424, 11424, 11424, 11424, 11424, 11424, 11424, 11424]",65536,672,672,0.7322188019752502,0.012419463135302,0.1,0.003,8.0,64.0,48.0,1.0,DGFMplus__eta-0p003__large_batch-64__restart_mixing_rounds-1__restart_period-48__small_batch-8,"{""eta"": 0.003, ""large_batch"": 64, ""restart_mixing_rounds"": 1, ""restart_period"": 48, ""small_batch"": 8}",,,,
DGFM+,DGFM+,384,384,8,x_bar,22.645654916763306,100,100100,200100,1225827990,szo,104448,104448,13056,"[13056, 13056, 13056, 13056, 13056, 13056, 13056, 13056]",73728,768,768,0.7321764826774597,0.0114662582054734,0.1,0.003,8.0,64.0,48.0,1.0,DGFMplus__eta-0p003__large_batch-64__restart_mixing_rounds-1__restart_period-48__small_batch-8,"{""eta"": 0.003, ""large_batch"": 64, ""restart_mixing_rounds"": 1, ""restart_period"": 48, ""small_batch"": 8}",,,,
DGFM+,DGFM+,432,432,8,x_bar,25.4426748752594,100,100100,200100,1225827990,szo,117504,117504,14688,"[14688, 14688, 14688, 14688, 14688, 14688, 14688, 14688]",81920,864,864,0.7322545051574707,0.0111026186496019,0.1,0.003,8.0,64.0,48.0,1.0,DGFMplus__eta-0p003__large_batch-64__restart_mixing_rounds-1__restart_period-48__small_batch-8,"{""eta"": 0.003, ""large_batch"": 64, ""restart_mixing_rounds"": 1, ""restart_period"": 48, ""small_batch"": 8}",,,,
DGFM+,DGFM+,480,480,8,x_bar,28.220946073532104,100,100100,200100,1225827990,szo,130560,130560,16320,"[16320, 16320, 16320, 16320, 16320, 16320, 16320, 16320]",90112,960,960,0.7322679162025452,0.0117845488712191,0.1,0.003,8.0,64.0,48.0,1.0,DGFMplus__eta-0p003__large_batch-64__restart_mixing_rounds-1__restart_period-48__small_batch-8,"{""eta"": 0.003, ""large_batch"": 64, ""restart_mixing_rounds"": 1, ""restart_period"": 48, ""small_batch"": 8}",,,,
DGFM+,DGFM+,1,1,8,x_bar,0.2734909057617187,101,100101,200101,845318908,szo,1024,1024,128,"[128, 128, 128, 128, 128, 128, 128, 128]",8192,2,2,0.7267091274261475,0.0103763863444328,0.1,0.003,8.0,64.0,48.0,1.0,DGFMplus__eta-0p003__large_batch-64__restart_mixing_rounds-1__restart_period-48__small_batch-8,"{""eta"": 0.003, ""large_batch"": 64, ""restart_mixing_rounds"": 1, ""restart_period"": 48, ""small_batch"": 8}",,,,
DGFM+,DGFM+,48,48,8,x_bar,2.866058826446533,101,100101,200101,845318908,szo,13056,13056,1632,"[1632, 1632, 1632, 1632, 1632, 1632, 1632, 1632]",16384,96,96,0.7269532084465027,0.0103759160265326,0.1,0.003,8.0,64.0,48.0,1.0,DGFMplus__eta-0p003__large_batch-64__restart_mixing_rounds-1__restart_period-48__small_batch-8,"{""eta"": 0.003, ""large_batch"": 64, ""restart_mixing_rounds"": 1, ""restart_period"": 48, ""small_batch"": 8}",,,,
DGFM+,DGFM+,96,96,8,x_bar,5.667085886001587,101,100101,200101,845318908,szo,26112,26112,3264,"[3264, 3264, 3264, 3264, 3264, 3264, 3264, 3264]",24576,192,192,0.7270748615264893,0.0112071186304092,0.1,0.003,8.0,64.0,48.0,1.0,DGFMplus__eta-0p003__large_batch-64__restart_mixing_rounds-1__restart_period-48__small_batch-8,"{""eta"": 0.003, ""large_batch"": 64, ""restart_mixing_rounds"": 1, ""restart_period"": 48, ""small_batch"": 8}",,,,
DGFM+,DGFM+,144,144,8,x_bar,8.445618629455566,101,100101,200101,845318908,szo,39168,39168,4896,"[4896, 4896, 4896, 4896, 4896, 4896, 4896, 4896]",32768,288,288,0.7271182537078857,0.0121639398857951,0.1,0.003,8.0,64.0,48.0,1.0,DGFMplus__eta-0p003__large_batch-64__restart_mixing_rounds-1__restart_period-48__small_batch-8,"{""eta"": 0.003, ""large_batch"": 64, ""restart_mixing_rounds"": 1, ""restart_period"": 48, ""small_batch"": 8}",,,,
DGFM+,DGFM+,192,192,8,x_bar,11.243599891662598,101,100101,200101,845318908,szo,52224,52224,6528,"[6528, 6528, 6528, 6528, 6528, 6528, 6528, 6528]",40960,384,384,0.7272058129310608,0.0127174342051148,0.1,0.003,8.0,64.0,48.0,1.0,DGFMplus__eta-0p003__large_batch-64__restart_mixing_rounds-1__restart_period-48__small_batch-8,"{""eta"": 0.003, ""large_batch"": 64, ""restart_mixing_rounds"": 1, ""restart_period"": 48, ""small_batch"": 8}",,,,
DGFM+,DGFM+,240,240,8,x_bar,14.0750732421875,101,100101,200101,845318908,szo,65280,65280,8160,"[8160, 8160, 8160, 8160, 8160, 8160, 8160, 8160]",49152,480,480,0.7272312045097351,0.0112924240529537,0.1,0.003,8.0,64.0,48.0,1.0,DGFMplus__eta-0p003__large_batch-64__restart_mixing_rounds-1__restart_period-48__small_batch-8,"{""eta"": 0.003, ""large_batch"": 64, ""restart_mixing_rounds"": 1, ""restart_period"": 48, ""small_batch"": 8}",,,,
DGFM+,DGFM+,288,288,8,x_bar,16.87035083770752,101,100101,200101,845318908,szo,78336,78336,9792,"[9792, 9792, 9792, 9792, 9792, 9792, 9792, 9792]",57344,576,576,0.7272194027900696,0.0132003026083111,0.1,0.003,8.0,64.0,48.0,1.0,DGFMplus__eta-0p003__large_batch-64__restart_mixing_rounds-1__restart_period-48__small_batch-8,"{""eta"": 0.003, ""large_batch"": 64, ""restart_mixing_rounds"": 1, ""restart_period"": 48, ""small_batch"": 8}",,,,
DGFM+,DGFM+,336,336,8,x_bar,19.66597604751587,101,100101,200101,845318908,szo,91392,91392,11424,"[11424, 11424, 11424, 11424, 11424, 11424, 11424, 11424]",65536,672,672,0.7272560000419617,0.0118666933849453,0.1,0.003,8.0,64.0,48.0,1.0,DGFMplus__eta-0p003__large_batch-64__restart_mixing_rounds-1__restart_period-48__small_batch-8,"{""eta"": 0.003, ""large_batch"": 64, ""restart_mixing_rounds"": 1, ""restart_period"": 48, ""small_batch"": 8}",,,,
DGFM+,DGFM+,384,384,8,x_bar,22.47479009628296,101,100101,200101,845318908,szo,104448,104448,13056,"[13056, 13056, 13056, 13056, 13056, 13056, 13056, 13056]",73728,768,768,0.7273098230361938,0.0119794774800539,0.1,0.003,8.0,64.0,48.0,1.0,DGFMplus__eta-0p003__large_batch-64__restart_mixing_rounds-1__restart_period-48__small_batch-8,"{""eta"": 0.003, ""large_batch"": 64, ""restart_mixing_rounds"": 1, ""restart_period"": 48, ""small_batch"": 8}",,,,
DGFM+,DGFM+,432,432,8,x_bar,25.28372359275818,101,100101,200101,845318908,szo,117504,117504,14688,"[14688, 14688, 14688, 14688, 14688, 14688, 14688, 14688]",81920,864,864,0.7273528575897217,0.0121116247028112,0.1,0.003,8.0,64.0,48.0,1.0,DGFMplus__eta-0p003__large_batch-64__restart_mixing_rounds-1__restart_period-48__small_batch-8,"{""eta"": 0.003, ""large_batch"": 64, ""restart_mixing_rounds"": 1, ""restart_period"": 48, ""small_batch"": 8}",,,,
DGFM+,DGFM+,480,480,8,x_bar,28.09030032157898,101,100101,200101,845318908,szo,130560,130560,16320,"[16320, 16320, 16320, 16320, 16320, 16320, 16320, 16320]",90112,960,960,0.7273427844047546,0.0113736540079116,0.1,0.003,8.0,64.0,48.0,1.0,DGFMplus__eta-0p003__large_batch-64__restart_mixing_rounds-1__restart_period-48__small_batch-8,"{""eta"": 0.003, ""large_batch"": 64, ""restart_mixing_rounds"": 1, ""restart_period"": 48, ""small_batch"": 8}",,,,
DGFM+,DGFM+,1,1,8,x_bar,0.2772655487060547,100,100100,200100,1225827990,szo,1024,1024,128,"[128, 128, 128, 128, 128, 128, 128, 128]",8192,2,2,0.7314557433128357,0.0098437778651714,0.1,0.001,8.0,64.0,48.0,1.0,DGFMplus__eta-0p001__large_batch-64__restart_mixing_rounds-1__restart_period-48__small_batch-8,"{""eta"": 0.001, ""large_batch"": 64, ""restart_mixing_rounds"": 1, ""restart_period"": 48, ""small_batch"": 8}",,,,
DGFM+,DGFM+,48,48,8,x_bar,2.954686164855957,100,100100,200100,1225827990,szo,13056,13056,1632,"[1632, 1632, 1632, 1632, 1632, 1632, 1632, 1632]",16384,96,96,0.7315528988838196,0.0113279810175299,0.1,0.001,8.0,64.0,48.0,1.0,DGFMplus__eta-0p001__large_batch-64__restart_mixing_rounds-1__restart_period-48__small_batch-8,"{""eta"": 0.001, ""large_batch"": 64, ""restart_mixing_rounds"": 1, ""restart_period"": 48, ""small_batch"": 8}",,,,
DGFM+,DGFM+,96,96,8,x_bar,5.838205337524414,100,100100,200100,1225827990,szo,26112,26112,3264,"[3264, 3264, 3264, 3264, 3264, 3264, 3264, 3264]",24576,192,192,0.7315845489501953,0.0109924534335732,0.1,0.001,8.0,64.0,48.0,1.0,DGFMplus__eta-0p001__large_batch-64__restart_mixing_rounds-1__restart_period-48__small_batch-8,"{""eta"": 0.001, ""large_batch"": 64, ""restart_mixing_rounds"": 1, ""restart_period"": 48, ""small_batch"": 8}",,,,
DGFM+,DGFM+,144,144,8,x_bar,8.689519882202148,100,100100,200100,1225827990,szo,39168,39168,4896,"[4896, 4896, 4896, 4896, 4896, 4896, 4896, 4896]",32768,288,288,0.7316175699234009,0.0100012831389904,0.1,0.001,8.0,64.0,48.0,1.0,DGFMplus__eta-0p001__large_batch-64__restart_mixing_rounds-1__restart_period-48__small_batch-8,"{""eta"": 0.001, ""large_batch"": 64, ""restart_mixing_rounds"": 1, ""restart_period"": 48, ""small_batch"": 8}",,,,
DGFM+,DGFM+,192,192,8,x_bar,11.598026514053345,100,100100,200100,1225827990,szo,52224,52224,6528,"[6528, 6528, 6528, 6528, 6528, 6528, 6528, 6528]",40960,384,384,0.7316517233848572,0.0112199205905199,0.1,0.001,8.0,64.0,48.0,1.0,DGFMplus__eta-0p001__large_batch-64__restart_mixing_rounds-1__restart_period-48__small_batch-8,"{""eta"": 0.001, ""large_batch"": 64, ""restart_mixing_rounds"": 1, ""restart_period"": 48, ""small_batch"": 8}",,,,
DGFM+,DGFM+,240,240,8,x_bar,14.466439723968506,100,100100,200100,1225827990,szo,65280,65280,8160,"[8160, 8160, 8160, 8160, 8160, 8160, 8160, 8160]",49152,480,480,0.7316719889640808,0.0104864109307527,0.1,0.001,8.0,64.0,48.0,1.0,DGFMplus__eta-0p001__large_batch-64__restart_mixing_rounds-1__restart_period-48__small_batch-8,"{""eta"": 0.001, ""large_batch"": 64, ""restart_mixing_rounds"": 1, ""restart_period"": 48, ""small_batch"": 8}",,,,
DGFM+,DGFM+,288,288,8,x_bar,17.270766258239746,100,100100,200100,1225827990,szo,78336,78336,9792,"[9792, 9792, 9792, 9792, 9792, 9792, 9792, 9792]",57344,576,576,0.731675386428833,0.0105444891378283,0.1,0.001,8.0,64.0,48.0,1.0,DGFMplus__eta-0p001__large_batch-64__restart_mixing_rounds-1__restart_period-48__small_batch-8,"{""eta"": 0.001, ""large_batch"": 64, ""restart_mixing_rounds"": 1, ""restart_period"": 48, ""small_batch"": 8}",,,,
DGFM+,DGFM+,336,336,8,x_bar,20.16554546356201,100,100100,200100,1225827990,szo,91392,91392,11424,"[11424, 11424, 11424, 11424, 11424, 11424, 11424, 11424]",65536,672,672,0.73171466588974,0.0114145707339048,0.1,0.001,8.0,64.0,48.0,1.0,DGFMplus__eta-0p001__large_batch-64__restart_mixing_rounds-1__restart_period-48__small_batch-8,"{""eta"": 0.001, ""large_batch"": 64, ""restart_mixing_rounds"": 1, ""restart_period"": 48, ""small_batch"": 8}",,,,
DGFM+,DGFM+,384,384,8,x_bar,22.975611209869385,100,100100,200100,1225827990,szo,104448,104448,13056,"[13056, 13056, 13056, 13056, 13056, 13056, 13056, 13056]",73728,768,768,0.7317028045654297,0.010724002495408,0.1,0.001,8.0,64.0,48.0,1.0,DGFMplus__eta-0p001__large_batch-64__restart_mixing_rounds-1__restart_period-48__small_batch-8,"{""eta"": 0.001, ""large_batch"": 64, ""restart_mixing_rounds"": 1, ""restart_period"": 48, ""small_batch"": 8}",,,,
DGFM+,DGFM+,432,432,8,x_bar,25.777763843536377,100,100100,200100,1225827990,szo,117504,117504,14688,"[14688, 14688, 14688, 14688, 14688, 14688, 14688, 14688]",81920,864,864,0.7317337393760681,0.0103851407766342,0.1,0.001,8.0,64.0,48.0,1.0,DGFMplus__eta-0p001__large_batch-64__restart_mixing_rounds-1__restart_period-48__small_batch-8,"{""eta"": 0.001, ""large_batch"": 64, ""restart_mixing_rounds"": 1, ""restart_period"": 48, ""small_batch"": 8}",,,,
DGFM+,DGFM+,480,480,8,x_bar,28.552828073501587,100,100100,200100,1225827990,szo,130560,130560,16320,"[16320, 16320, 16320, 16320, 16320, 16320, 16320, 16320]",90112,960,960,0.7317385077476501,0.0103961247950792,0.1,0.001,8.0,64.0,48.0,1.0,DGFMplus__eta-0p001__large_batch-64__restart_mixing_rounds-1__restart_period-48__small_batch-8,"{""eta"": 0.001, ""large_batch"": 64, ""restart_mixing_rounds"": 1, ""restart_period"": 48, ""small_batch"": 8}",,,,
DGFM+,DGFM+,1,1,8,x_bar,0.2759997844696045,101,100101,200101,845318908,szo,1024,1024,128,"[128, 128, 128, 128, 128, 128, 128, 128]",8192,2,2,0.7267057299613953,0.0103715909644961,0.1,0.001,8.0,64.0,48.0,1.0,DGFMplus__eta-0p001__large_batch-64__restart_mixing_rounds-1__restart_period-48__small_batch-8,"{""eta"": 0.001, ""large_batch"": 64, ""restart_mixing_rounds"": 1, ""restart_period"": 48, ""small_batch"": 8}",,,,
DGFM+,DGFM+,48,48,8,x_bar,2.918718099594116,101,100101,200101,845318908,szo,13056,13056,1632,"[1632, 1632, 1632, 1632, 1632, 1632, 1632, 1632]",16384,96,96,0.726786732673645,0.0101833809167146,0.1,0.001,8.0,64.0,48.0,1.0,DGFMplus__eta-0p001__large_batch-64__restart_mixing_rounds-1__restart_period-48__small_batch-8,"{""eta"": 0.001, ""large_batch"": 64, ""restart_mixing_rounds"": 1, ""restart_period"": 48, ""small_batch"": 8}",,,,
DGFM+,DGFM+,96,96,8,x_bar,5.756805658340454,101,100101,200101,845318908,szo,26112,26112,3264,"[3264, 3264, 3264, 3264, 3264, 3264, 3264, 3264]",24576,192,192,0.7268278002738953,0.0112756537273526,0.1,0.001,8.0,64.0,48.0,1.0,DGFMplus__eta-0p001__large_batch-64__restart_mixing_rounds-1__restart_period-48__small_batch-8,"{""eta"": 0.001, ""large_batch"": 64, ""restart_mixing_rounds"": 1, ""restart_period"": 48, ""small_batch"": 8}",,,,
DGFM+,DGFM+,144,144,8,x_bar,8.569427013397217,101,100101,200101,845318908,szo,39168,39168,4896,"[4896, 4896, 4896, 4896, 4896, 4896, 4896, 4896]",32768,288,288,0.7268436551094055,0.011885548941791,0.1,0.001,8.0,64.0,48.0,1.0,DGFMplus__eta-0p001__large_batch-64__restart_mixing_rounds-1__restart_period-48__small_batch-8,"{""eta"": 0.001, ""large_batch"": 64, ""restart_mixing_rounds"": 1, ""restart_period"": 48, ""small_batch"": 8}",,,,
DGFM+,DGFM+,192,192,8,x_bar,11.390913724899292,101,100101,200101,845318908,szo,52224,52224,6528,"[6528, 6528, 6528, 6528, 6528, 6528, 6528, 6528]",40960,384,384,0.7268739938735962,0.0118084885179996,0.1,0.001,8.0,64.0,48.0,1.0,DGFMplus__eta-0p001__large_batch-64__restart_mixing_rounds-1__restart_period-48__small_batch-8,"{""eta"": 0.001, ""large_batch"": 64, ""restart_mixing_rounds"": 1, ""restart_period"": 48, ""small_batch"": 8}",,,,
DGFM+,DGFM+,240,240,8,x_bar,14.244591236114502,101,100101,200101,845318908,szo,65280,65280,8160,"[8160, 8160, 8160, 8160, 8160, 8160, 8160, 8160]",49152,480,480,0.7268834114074707,0.0108219515532255,0.1,0.001,8.0,64.0,48.0,1.0,DGFMplus__eta-0p001__large_batch-64__restart_mixing_rounds-1__restart_period-48__small_batch-8,"{""eta"": 0.001, ""large_batch"": 64, ""restart_mixing_rounds"": 1, ""restart_period"": 48, ""small_batch"": 8}",,,,
DGFM+,DGFM+,288,288,8,x_bar,17.120776891708374,101,100101,200101,845318908,szo,78336,78336,9792,"[9792, 9792, 9792, 9792, 9792, 9792, 9792, 9792]",57344,576,576,0.7268795967102051,0.0123828602954745,0.1,0.001,8.0,64.0,48.0,1.0,DGFMplus__eta-0p001__large_batch-64__restart_mixing_rounds-1__restart_period-48__small_batch-8,"{""eta"": 0.001, ""large_batch"": 64, ""restart_mixing_rounds"": 1, ""restart_period"": 48, ""small_batch"": 8}",,,,
DGFM+,DGFM+,336,336,8,x_bar,20.01343417167664,101,100101,200101,845318908,szo,91392,91392,11424,"[11424, 11424, 11424, 11424, 11424, 11424, 11424, 11424]",65536,672,672,0.7268921136856079,0.0110402451828122,0.1,0.001,8.0,64.0,48.0,1.0,DGFMplus__eta-0p001__large_batch-64__restart_mixing_rounds-1__restart_period-48__small_batch-8,"{""eta"": 0.001, ""large_batch"": 64, ""restart_mixing_rounds"": 1, ""restart_period"": 48, ""small_batch"": 8}",,,,
DGFM+,DGFM+,384,384,8,x_bar,22.838791131973267,101,100101,200101,845318908,szo,104448,104448,13056,"[13056, 13056, 13056, 13056, 13056, 13056, 13056, 13056]",73728,768,768,0.7269101142883301,0.0112665463238954,0.1,0.001,8.0,64.0,48.0,1.0,DGFMplus__eta-0p001__large_batch-64__restart_mixing_rounds-1__restart_period-48__small_batch-8,"{""eta"": 0.001, ""large_batch"": 64, ""restart_mixing_rounds"": 1, ""restart_period"": 48, ""small_batch"": 8}",,,,
DGFM+,DGFM+,432,432,8,x_bar,25.642847061157227,101,100101,200101,845318908,szo,117504,117504,14688,"[14688, 14688, 14688, 14688, 14688, 14688, 14688, 14688]",81920,864,864,0.7269248366355896,0.0114377848803997,0.1,0.001,8.0,64.0,48.0,1.0,DGFMplus__eta-0p001__large_batch-64__restart_mixing_rounds-1__restart_period-48__small_batch-8,"{""eta"": 0.001, ""large_batch"": 64, ""restart_mixing_rounds"": 1, ""restart_period"": 48, ""small_batch"": 8}",,,,
DGFM+,DGFM+,480,480,8,x_bar,28.505247354507446,101,100101,200101,845318908,szo,130560,130560,16320,"[16320, 16320, 16320, 16320, 16320, 16320, 16320, 16320]",90112,960,960,0.726922869682312,0.0106383394449949,0.1,0.001,8.0,64.0,48.0,1.0,DGFMplus__eta-0p001__large_batch-64__restart_mixing_rounds-1__restart_period-48__small_batch-8,"{""eta"": 0.001, ""large_batch"": 64, ""restart_mixing_rounds"": 1, ""restart_period"": 48, ""small_batch"": 8}",,,,
