method,base_method,iteration,round,block_id,worker_count,eval_point,delta,M,lr_or_eta,block_oracle_norm,time_sec,formal_seed,problem_seed,partition_seed,method_seed,oracle_type,work,total_work,per_worker_work_max,per_worker_work,eval_work,communication_round,depth,objective,stat_proxy,epoch_length,domain_radius,theory_multiplier,batch_size,small_batch,large_batch,restart_period,restart_mixing_rounds
NOG-FO,NOG,12,12,1.0,1,y_bar,0.1,12.0,0.3,0.009952874854207039,0.184950590133667,0,100000,200000,1621981262,sfo,7168,7168,7168,[7168],8192,14,14,0.729598343372345,0.009123164229094982,,,,,,,,
NOG-FO,NOG,60,60,5.0,1,y_bar,0.1,12.0,0.3,0.008862224407494068,0.6511557102203369,0,100000,200000,1621981262,sfo,31744,31744,31744,[31744],16384,62,62,0.7295395731925964,0.007788199000060558,,,,,,,,
NOG-FO,NOG,108,108,9.0,1,y_bar,0.1,12.0,0.3,0.00742293568328023,1.1180763244628906,0,100000,200000,1621981262,sfo,56320,56320,56320,[56320],24576,110,110,0.7294303178787231,0.0076805660501122475,,,,,,,,
NOG-FO,NOG,156,156,13.0,1,y_bar,0.1,12.0,0.3,0.007494733203202486,1.5963466167449951,0,100000,200000,1621981262,sfo,80896,80896,80896,[80896],32768,158,158,0.7293410301208496,0.007331824395805597,,,,,,,,
NOG-FO,NOG,204,204,17.0,1,y_bar,0.1,12.0,0.3,0.00701939407736063,2.092167615890503,0,100000,200000,1621981262,sfo,105472,105472,105472,[105472],40960,206,206,0.7292081117630005,0.007710583973675966,,,,,,,,
NOG-FO,NOG,252,252,21.0,1,y_bar,0.1,12.0,0.3,0.007548515219241381,2.5911970138549805,0,100000,200000,1621981262,sfo,130048,130048,130048,[130048],49152,254,254,0.7291085124015808,0.007383562624454498,,,,,,,,
NOG-FO,NOG,300,300,25.0,1,y_bar,0.1,12.0,0.3,0.006417831871658564,3.091672897338867,0,100000,200000,1621981262,sfo,154624,154624,154624,[154624],57344,302,302,0.7290652394294739,0.007496550213545561,,,,,,,,
NOG-FO,NOG,348,348,29.0,1,y_bar,0.1,12.0,0.3,0.008669821545481682,3.6113526821136475,0,100000,200000,1621981262,sfo,179200,179200,179200,[179200],65536,350,350,0.7288925051689148,0.007037242408841848,,,,,,,,
NOG-FO,NOG,396,396,33.0,1,y_bar,0.1,12.0,0.3,0.007415504660457373,4.082794189453125,0,100000,200000,1621981262,sfo,203776,203776,203776,[203776],73728,398,398,0.7288182377815247,0.007721487898379564,,,,,,,,
NOG-FO,NOG,444,444,37.0,1,y_bar,0.1,12.0,0.3,0.007862539030611515,4.594925165176392,0,100000,200000,1621981262,sfo,228352,228352,228352,[228352],81920,446,446,0.7287378311157227,0.0070165907964110374,,,,,,,,
NOG-FO,NOG,492,492,41.0,1,y_bar,0.1,12.0,0.3,0.007312794681638479,5.10552191734314,0,100000,200000,1621981262,sfo,252928,252928,252928,[252928],90112,494,494,0.72862309217453,0.0076630329713225365,,,,,,,,
NOG-FO,NOG,540,540,45.0,1,y_bar,0.1,12.0,0.3,0.007794268894940615,5.631678819656372,0,100000,200000,1621981262,sfo,277504,277504,277504,[277504],98304,542,542,0.7285018563270569,0.007315539754927158,,,,,,,,
NOG-FO,NOG,588,588,49.0,1,y_bar,0.1,12.0,0.3,0.007691723760217428,6.120142459869385,0,100000,200000,1621981262,sfo,302080,302080,302080,[302080],106496,590,590,0.7284227609634399,0.0074218991212546825,,,,,,,,
NOG-FO,NOG,636,636,53.0,1,y_bar,0.1,12.0,0.3,0.00725180609151721,6.619707107543945,0,100000,200000,1621981262,sfo,326656,326656,326656,[326656],114688,638,638,0.7282833456993103,0.007314042188227177,,,,,,,,
NOG-FO,NOG,684,684,57.0,1,y_bar,0.1,12.0,0.3,0.008273014798760414,7.102043151855469,0,100000,200000,1621981262,sfo,351232,351232,351232,[351232],122880,686,686,0.7281779646873474,0.007248666603118181,,,,,,,,
NOG-FO,NOG,732,732,61.0,1,y_bar,0.1,12.0,0.3,0.007753073237836361,7.581068992614746,0,100000,200000,1621981262,sfo,375808,375808,375808,[375808],131072,734,734,0.7280277013778687,0.007308994885534048,,,,,,,,
NOG-FO,NOG,780,780,65.0,1,y_bar,0.1,12.0,0.3,0.007448200602084398,8.048864364624023,0,100000,200000,1621981262,sfo,400384,400384,400384,[400384],139264,782,782,0.7279424667358398,0.007531814742833376,,,,,,,,
NOG-FO,NOG,828,828,69.0,1,y_bar,0.1,12.0,0.3,0.009447433054447174,8.532277345657349,0,100000,200000,1621981262,sfo,424960,424960,424960,[424960],147456,830,830,0.7278453707695007,0.00713940616697073,,,,,,,,
NOG-FO,NOG,876,876,73.0,1,y_bar,0.1,12.0,0.3,0.007298448588699102,9.024390935897827,0,100000,200000,1621981262,sfo,449536,449536,449536,[449536],155648,878,878,0.7276962399482727,0.007627951912581921,,,,,,,,
NOG-FO,NOG,924,924,77.0,1,y_bar,0.1,12.0,0.3,0.007502568420022726,9.503214836120605,0,100000,200000,1621981262,sfo,474112,474112,474112,[474112],163840,926,926,0.7275678515434265,0.007056346163153648,,,,,,,,
NOG-FO,NOG,960,960,80.0,1,y_bar,0.1,12.0,0.3,0.008614751510322094,9.875778913497925,0,100000,200000,1621981262,sfo,492544,492544,492544,[492544],172032,962,962,0.7273999452590942,0.007328745909035206,,,,,,,,
NOG-FO,NOG,12,12,1.0,2,y_bar,0.1,12.0,0.3,0.009968185797333717,0.27569079399108887,0,100000,200000,310902531,sfo,7168,7168,3584,"[3584, 3584]",8192,14,14,0.7296159863471985,0.009473499841988087,,,,,,,,
NOG-FO,NOG,60,60,5.0,2,y_bar,0.1,12.0,0.3,0.006712608505040407,1.1284480094909668,0,100000,200000,310902531,sfo,31744,31744,15872,"[15872, 15872]",16384,62,62,0.729516863822937,0.007960643619298935,,,,,,,,
NOG-FO,NOG,108,108,9.0,2,y_bar,0.1,12.0,0.3,0.007273857947438955,2.008566379547119,0,100000,200000,310902531,sfo,56320,56320,28160,"[28160, 28160]",24576,110,110,0.7294524908065796,0.007947348989546299,,,,,,,,
NOG-FO,NOG,156,156,13.0,2,y_bar,0.1,12.0,0.3,0.007436773274093866,2.8867835998535156,0,100000,200000,310902531,sfo,80896,80896,40448,"[40448, 40448]",32768,158,158,0.7294352054595947,0.0067403120920062065,,,,,,,,
NOG-FO,NOG,204,204,17.0,2,y_bar,0.1,12.0,0.3,0.008252130821347237,3.7202892303466797,0,100000,200000,310902531,sfo,105472,105472,52736,"[52736, 52736]",40960,206,206,0.7293186187744141,0.007536991033703089,,,,,,,,
NOG-FO,NOG,252,252,21.0,2,y_bar,0.1,12.0,0.3,0.007923152297735214,4.571628570556641,0,100000,200000,310902531,sfo,130048,130048,65024,"[65024, 65024]",49152,254,254,0.7291892766952515,0.0070595508441329,,,,,,,,
NOG-FO,NOG,300,300,25.0,2,y_bar,0.1,12.0,0.3,0.007583787199109793,5.417096853256226,0,100000,200000,310902531,sfo,154624,154624,77312,"[77312, 77312]",57344,302,302,0.7291290760040283,0.007419586647301912,,,,,,,,
NOG-FO,NOG,348,348,29.0,2,y_bar,0.1,12.0,0.3,0.007740723434835672,6.280392408370972,0,100000,200000,310902531,sfo,179200,179200,89600,"[89600, 89600]",65536,350,350,0.7290260791778564,0.006833940744400024,,,,,,,,
NOG-FO,NOG,396,396,33.0,2,y_bar,0.1,12.0,0.3,0.0078346012160182,7.159670829772949,0,100000,200000,310902531,sfo,203776,203776,101888,"[101888, 101888]",73728,398,398,0.7289282083511353,0.007265981752425432,,,,,,,,
NOG-FO,NOG,444,444,37.0,2,y_bar,0.1,12.0,0.3,0.007398735731840134,8.039441585540771,0,100000,200000,310902531,sfo,228352,228352,114176,"[114176, 114176]",81920,446,446,0.7288546562194824,0.006379025988280773,,,,,,,,
NOG-FO,NOG,492,492,41.0,2,y_bar,0.1,12.0,0.3,0.006665019318461418,8.876997709274292,0,100000,200000,310902531,sfo,252928,252928,126464,"[126464, 126464]",90112,494,494,0.7287836074829102,0.0074567473493516445,,,,,,,,
NOG-FO,NOG,540,540,45.0,2,y_bar,0.1,12.0,0.3,0.008507014252245426,9.695222854614258,0,100000,200000,310902531,sfo,277504,277504,138752,"[138752, 138752]",98304,542,542,0.7286824584007263,0.007409428711980581,,,,,,,,
NOG-FO,NOG,588,588,49.0,2,y_bar,0.1,12.0,0.3,0.007593633607029915,10.595561742782593,0,100000,200000,310902531,sfo,302080,302080,151040,"[151040, 151040]",106496,590,590,0.7285593152046204,0.007514445576816797,,,,,,,,
NOG-FO,NOG,636,636,53.0,2,y_bar,0.1,12.0,0.3,0.006599621381610632,11.524004459381104,0,100000,200000,310902531,sfo,326656,326656,163328,"[163328, 163328]",114688,638,638,0.728452205657959,0.0075303358025848866,,,,,,,,
NOG-FO,NOG,684,684,57.0,2,y_bar,0.1,12.0,0.3,0.007987283170223236,12.43938136100769,0,100000,200000,310902531,sfo,351232,351232,175616,"[175616, 175616]",122880,686,686,0.7283721566200256,0.006876474712044001,,,,,,,,
NOG-FO,NOG,732,732,61.0,2,y_bar,0.1,12.0,0.3,0.00825404655188322,13.271018981933594,0,100000,200000,310902531,sfo,375808,375808,187904,"[187904, 187904]",131072,734,734,0.7282463908195496,0.007015251088887453,,,,,,,,
NOG-FO,NOG,780,780,65.0,2,y_bar,0.1,12.0,0.3,0.008428362198174,14.072772741317749,0,100000,200000,310902531,sfo,400384,400384,200192,"[200192, 200192]",139264,782,782,0.7281028032302856,0.006545076612383127,,,,,,,,
NOG-FO,NOG,828,828,69.0,2,y_bar,0.1,12.0,0.3,0.00813905056566,14.954031705856323,0,100000,200000,310902531,sfo,424960,424960,212480,"[212480, 212480]",147456,830,830,0.7279574871063232,0.007515399716794491,,,,,,,,
NOG-FO,NOG,876,876,73.0,2,y_bar,0.1,12.0,0.3,0.006603378336876631,15.836125612258911,0,100000,200000,310902531,sfo,449536,449536,224768,"[224768, 224768]",155648,878,878,0.7278284430503845,0.00806926004588604,,,,,,,,
NOG-FO,NOG,924,924,77.0,2,y_bar,0.1,12.0,0.3,0.00842007901519537,16.785056591033936,0,100000,200000,310902531,sfo,474112,474112,237056,"[237056, 237056]",163840,926,926,0.7277193665504456,0.006831157021224499,,,,,,,,
NOG-FO,NOG,960,960,80.0,2,y_bar,0.1,12.0,0.3,0.00843716785311699,17.447263479232788,0,100000,200000,310902531,sfo,492544,492544,246272,"[246272, 246272]",172032,962,962,0.7276249527931213,0.007157871499657631,,,,,,,,
NOG-FO,NOG,12,12,1.0,4,y_bar,0.1,12.0,0.3,0.01008149329572916,0.4608027935028076,0,100000,200000,2137108057,sfo,7168,7168,1792,"[1792, 1792, 1792, 1792]",8192,14,14,0.7295747995376587,0.008833526633679867,,,,,,,,
NOG-FO,NOG,60,60,5.0,4,y_bar,0.1,12.0,0.3,0.006817283108830452,2.1196820735931396,0,100000,200000,2137108057,sfo,31744,31744,7936,"[7936, 7936, 7936, 7936]",16384,62,62,0.7295520901679993,0.007812383119016886,,,,,,,,
NOG-FO,NOG,108,108,9.0,4,y_bar,0.1,12.0,0.3,0.0077809058129787445,3.9166905879974365,0,100000,200000,2137108057,sfo,56320,56320,14080,"[14080, 14080, 14080, 14080]",24576,110,110,0.7294728755950928,0.007773923221975565,,,,,,,,
NOG-FO,NOG,156,156,13.0,4,y_bar,0.1,12.0,0.3,0.007208877708762884,5.604976177215576,0,100000,200000,2137108057,sfo,80896,80896,20224,"[20224, 20224, 20224, 20224]",32768,158,158,0.7293803691864014,0.007345922756940126,,,,,,,,
NOG-FO,NOG,204,204,17.0,4,y_bar,0.1,12.0,0.3,0.008262544870376587,7.297660827636719,0,100000,200000,2137108057,sfo,105472,105472,26368,"[26368, 26368, 26368, 26368]",40960,206,206,0.7292738556861877,0.007452167570590973,,,,,,,,
NOG-FO,NOG,252,252,21.0,4,y_bar,0.1,12.0,0.3,0.007716414984315634,8.938891649246216,0,100000,200000,2137108057,sfo,130048,130048,32512,"[32512, 32512, 32512, 32512]",49152,254,254,0.7291780710220337,0.007019954267889261,,,,,,,,
NOG-FO,NOG,300,300,25.0,4,y_bar,0.1,12.0,0.3,0.006721153389662504,10.61659550666809,0,100000,200000,2137108057,sfo,154624,154624,38656,"[38656, 38656, 38656, 38656]",57344,302,302,0.7290613651275635,0.007148779928684235,,,,,,,,
NOG-FO,NOG,348,348,29.0,4,y_bar,0.1,12.0,0.3,0.007493844721466303,12.252114534378052,0,100000,200000,2137108057,sfo,179200,179200,44800,"[44800, 44800, 44800, 44800]",65536,350,350,0.7289888262748718,0.00703032361343503,,,,,,,,
NOG-FO,NOG,396,396,33.0,4,y_bar,0.1,12.0,0.3,0.007678622379899025,13.89467740058899,0,100000,200000,2137108057,sfo,203776,203776,50944,"[50944, 50944, 50944, 50944]",73728,398,398,0.7288696765899658,0.007347847335040569,,,,,,,,
NOG-FO,NOG,444,444,37.0,4,y_bar,0.1,12.0,0.3,0.007559364661574364,15.533504247665405,0,100000,200000,2137108057,sfo,228352,228352,57088,"[57088, 57088, 57088, 57088]",81920,446,446,0.7288354635238647,0.006439764518290758,,,,,,,,
NOG-FO,NOG,492,492,41.0,4,y_bar,0.1,12.0,0.3,0.007985918782651424,17.166851043701172,0,100000,200000,2137108057,sfo,252928,252928,63232,"[63232, 63232, 63232, 63232]",90112,494,494,0.728720486164093,0.007238249760121107,,,,,,,,
NOG-FO,NOG,540,540,45.0,4,y_bar,0.1,12.0,0.3,0.006505033001303673,18.89117455482483,0,100000,200000,2137108057,sfo,277504,277504,69376,"[69376, 69376, 69376, 69376]",98304,542,542,0.7286165952682495,0.006820485927164555,,,,,,,,
NOG-FO,NOG,588,588,49.0,4,y_bar,0.1,12.0,0.3,0.006983309052884579,20.519267559051514,0,100000,200000,2137108057,sfo,302080,302080,75520,"[75520, 75520, 75520, 75520]",106496,590,590,0.7285475134849548,0.007414256688207388,,,,,,,,
NOG-FO,NOG,636,636,53.0,4,y_bar,0.1,12.0,0.3,0.007110553327947855,22.070374488830566,0,100000,200000,2137108057,sfo,326656,326656,81664,"[81664, 81664, 81664, 81664]",114688,638,638,0.7284080386161804,0.00719419913366437,,,,,,,,
NOG-FO,NOG,684,684,57.0,4,y_bar,0.1,12.0,0.3,0.007988648489117622,23.701513528823853,0,100000,200000,2137108057,sfo,351232,351232,87808,"[87808, 87808, 87808, 87808]",122880,686,686,0.7282840609550476,0.006639264058321714,,,,,,,,
NOG-FO,NOG,732,732,61.0,4,y_bar,0.1,12.0,0.3,0.008506014943122864,25.35250735282898,0,100000,200000,2137108057,sfo,375808,375808,93952,"[93952, 93952, 93952, 93952]",131072,734,734,0.7281560897827148,0.00673484243452549,,,,,,,,
NOG-FO,NOG,780,780,65.0,4,y_bar,0.1,12.0,0.3,0.007115353364497423,27.01333975791931,0,100000,200000,2137108057,sfo,400384,400384,100096,"[100096, 100096, 100096, 100096]",139264,782,782,0.7280316352844238,0.0070833745412528515,,,,,,,,
NOG-FO,NOG,828,828,69.0,4,y_bar,0.1,12.0,0.3,0.007973349653184414,28.69116187095642,0,100000,200000,2137108057,sfo,424960,424960,106240,"[106240, 106240, 106240, 106240]",147456,830,830,0.727909505367279,0.007468125317245722,,,,,,,,
NOG-FO,NOG,876,876,73.0,4,y_bar,0.1,12.0,0.3,0.008264018222689629,30.347854375839233,0,100000,200000,2137108057,sfo,449536,449536,112384,"[112384, 112384, 112384, 112384]",155648,878,878,0.7278074026107788,0.007730744779109955,,,,,,,,
NOG-FO,NOG,924,924,77.0,4,y_bar,0.1,12.0,0.3,0.007775713689625263,31.983548164367676,0,100000,200000,2137108057,sfo,474112,474112,118528,"[118528, 118528, 118528, 118528]",163840,926,926,0.7276940941810608,0.007324409671127796,,,,,,,,
NOG-FO,NOG,960,960,80.0,4,y_bar,0.1,12.0,0.3,0.00805521011352539,33.19728374481201,0,100000,200000,2137108057,sfo,492544,492544,123136,"[123136, 123136, 123136, 123136]",172032,962,962,0.7275747060775757,0.0072129592299461365,,,,,,,,
NOG-FO,NOG,12,12,1.0,8,y_bar,0.1,12.0,0.3,0.009220153093338013,0.8741328716278076,0,100000,200000,497076658,sfo,7168,7168,896,"[896, 896, 896, 896, 896, 896, 896, 896]",8192,14,14,0.7296084761619568,0.009370324201881886,,,,,,,,
NOG-FO,NOG,60,60,5.0,8,y_bar,0.1,12.0,0.3,0.007091712672263384,3.8708624839782715,0,100000,200000,497076658,sfo,31744,31744,3968,"[3968, 3968, 3968, 3968, 3968, 3968, 3968, 3968]",16384,62,62,0.7295594215393066,0.007738833781331778,,,,,,,,
NOG-FO,NOG,108,108,9.0,8,y_bar,0.1,12.0,0.3,0.007234045770019293,7.038814306259155,0,100000,200000,497076658,sfo,56320,56320,7040,"[7040, 7040, 7040, 7040, 7040, 7040, 7040, 7040]",24576,110,110,0.7294703722000122,0.007972032763063908,,,,,,,,
NOG-FO,NOG,156,156,13.0,8,y_bar,0.1,12.0,0.3,0.007906677201390266,10.030974626541138,0,100000,200000,497076658,sfo,80896,80896,10112,"[10112, 10112, 10112, 10112, 10112, 10112, 10112, 10112]",32768,158,158,0.7293739914894104,0.007435524836182594,,,,,,,,
NOG-FO,NOG,204,204,17.0,8,y_bar,0.1,12.0,0.3,0.007708802819252014,13.189477682113647,0,100000,200000,497076658,sfo,105472,105472,13184,"[13184, 13184, 13184, 13184, 13184, 13184, 13184, 13184]",40960,206,206,0.7292733788490295,0.00788690522313118,,,,,,,,
NOG-FO,NOG,252,252,21.0,8,y_bar,0.1,12.0,0.3,0.0069621349684894085,16.42517066001892,0,100000,200000,497076658,sfo,130048,130048,16256,"[16256, 16256, 16256, 16256, 16256, 16256, 16256, 16256]",49152,254,254,0.7291976809501648,0.007298172917217016,,,,,,,,
NOG-FO,NOG,300,300,25.0,8,y_bar,0.1,12.0,0.3,0.007908636704087257,19.867857217788696,0,100000,200000,497076658,sfo,154624,154624,19328,"[19328, 19328, 19328, 19328, 19328, 19328, 19328, 19328]",57344,302,302,0.7290768623352051,0.007832909934222698,,,,,,,,
NOG-FO,NOG,348,348,29.0,8,y_bar,0.1,12.0,0.3,0.007390450686216354,23.24950122833252,0,100000,200000,497076658,sfo,179200,179200,22400,"[22400, 22400, 22400, 22400, 22400, 22400, 22400, 22400]",65536,350,350,0.7289895415306091,0.007129203528165817,,,,,,,,
NOG-FO,NOG,396,396,33.0,8,y_bar,0.1,12.0,0.3,0.007920412346720695,26.61397910118103,0,100000,200000,497076658,sfo,203776,203776,25472,"[25472, 25472, 25472, 25472, 25472, 25472, 25472, 25472]",73728,398,398,0.7289182543754578,0.007951763458549976,,,,,,,,
NOG-FO,NOG,444,444,37.0,8,y_bar,0.1,12.0,0.3,0.007498837076127529,30.023530960083008,0,100000,200000,497076658,sfo,228352,228352,28544,"[28544, 28544, 28544, 28544, 28544, 28544, 28544, 28544]",81920,446,446,0.7288646101951599,0.006637222599238157,,,,,,,,
NOG-FO,NOG,492,492,41.0,8,y_bar,0.1,12.0,0.3,0.008243170566856861,33.415836334228516,0,100000,200000,497076658,sfo,252928,252928,31616,"[31616, 31616, 31616, 31616, 31616, 31616, 31616, 31616]",90112,494,494,0.7287082076072693,0.00752835301682353,,,,,,,,
NOG-FO,NOG,540,540,45.0,8,y_bar,0.1,12.0,0.3,0.007147865369915962,36.61825156211853,0,100000,200000,497076658,sfo,277504,277504,34688,"[34688, 34688, 34688, 34688, 34688, 34688, 34688, 34688]",98304,542,542,0.728649914264679,0.007289514876902103,,,,,,,,
NOG-FO,NOG,588,588,49.0,8,y_bar,0.1,12.0,0.3,0.007593187503516674,39.93688416481018,0,100000,200000,497076658,sfo,302080,302080,37760,"[37760, 37760, 37760, 37760, 37760, 37760, 37760, 37760]",106496,590,590,0.7285041213035583,0.007238633930683136,,,,,,,,
NOG-FO,NOG,636,636,53.0,8,y_bar,0.1,12.0,0.3,0.007920867763459682,43.257620096206665,0,100000,200000,497076658,sfo,326656,326656,40832,"[40832, 40832, 40832, 40832, 40832, 40832, 40832, 40832]",114688,638,638,0.7284401655197144,0.007307687774300575,,,,,,,,
NOG-FO,NOG,684,684,57.0,8,y_bar,0.1,12.0,0.3,0.0079837990924716,46.52639698982239,0,100000,200000,497076658,sfo,351232,351232,43904,"[43904, 43904, 43904, 43904, 43904, 43904, 43904, 43904]",122880,686,686,0.7283459901809692,0.006677671801298857,,,,,,,,
NOG-FO,NOG,732,732,61.0,8,y_bar,0.1,12.0,0.3,0.007911548018455505,49.79332494735718,0,100000,200000,497076658,sfo,375808,375808,46976,"[46976, 46976, 46976, 46976, 46976, 46976, 46976, 46976]",131072,734,734,0.7282421588897705,0.006994529161602259,,,,,,,,
NOG-FO,NOG,780,780,65.0,8,y_bar,0.1,12.0,0.3,0.00699613569304347,52.95308256149292,0,100000,200000,497076658,sfo,400384,400384,50048,"[50048, 50048, 50048, 50048, 50048, 50048, 50048, 50048]",139264,782,782,0.7281148433685303,0.00726389791816473,,,,,,,,
NOG-FO,NOG,828,828,69.0,8,y_bar,0.1,12.0,0.3,0.007699816022068262,55.95802021026611,0,100000,200000,497076658,sfo,424960,424960,53120,"[53120, 53120, 53120, 53120, 53120, 53120, 53120, 53120]",147456,830,830,0.728034257888794,0.0076679652556777,,,,,,,,
NOG-FO,NOG,876,876,73.0,8,y_bar,0.1,12.0,0.3,0.00736125698313117,59.05564904212952,0,100000,200000,497076658,sfo,449536,449536,56192,"[56192, 56192, 56192, 56192, 56192, 56192, 56192, 56192]",155648,878,878,0.7279156446456909,0.007671132683753967,,,,,,,,
NOG-FO,NOG,924,924,77.0,8,y_bar,0.1,12.0,0.3,0.007117100525647402,62.289406061172485,0,100000,200000,497076658,sfo,474112,474112,59264,"[59264, 59264, 59264, 59264, 59264, 59264, 59264, 59264]",163840,926,926,0.727785587310791,0.006669534370303154,,,,,,,,
NOG-FO,NOG,960,960,80.0,8,y_bar,0.1,12.0,0.3,0.00743701821193099,64.76460838317871,0,100000,200000,497076658,sfo,492544,492544,61568,"[61568, 61568, 61568, 61568, 61568, 61568, 61568, 61568]",172032,962,962,0.7276532053947449,0.007197549566626549,,,,,,,,
ME-DOL-FO,ME-DOL,12,12,,8,epoch_w_bar,0.1,,0.000637887953849786,,0.1869797706604004,0,100000,200000,1570699740,sfo,96,96,12,"[12, 12, 12, 12, 12, 12, 12, 12]",8192,12,12,0.7295529842376709,0.009871908463537693,12.0,0.002209708691207961,3.0,,,,,
ME-DOL-FO,ME-DOL,60,60,,8,epoch_w_bar,0.1,,0.000637887953849786,,0.6971611976623535,0,100000,200000,1570699740,sfo,480,480,60,"[60, 60, 60, 60, 60, 60, 60, 60]",16384,60,60,0.7295897006988525,0.01033961120992899,12.0,0.002209708691207961,3.0,,,,,
ME-DOL-FO,ME-DOL,108,108,,8,epoch_w_bar,0.1,,0.000637887953849786,,1.2336885929107666,0,100000,200000,1570699740,sfo,864,864,108,"[108, 108, 108, 108, 108, 108, 108, 108]",24576,108,108,0.7295941710472107,0.010922512039542198,12.0,0.002209708691207961,3.0,,,,,
ME-DOL-FO,ME-DOL,156,156,,8,epoch_w_bar,0.1,,0.000637887953849786,,1.7225918769836426,0,100000,200000,1570699740,sfo,1248,1248,156,"[156, 156, 156, 156, 156, 156, 156, 156]",32768,156,156,0.7295946478843689,0.009622075594961643,12.0,0.002209708691207961,3.0,,,,,
ME-DOL-FO,ME-DOL,204,204,,8,epoch_w_bar,0.1,,0.000637887953849786,,2.222029685974121,0,100000,200000,1570699740,sfo,1632,1632,204,"[204, 204, 204, 204, 204, 204, 204, 204]",40960,204,204,0.7295939922332764,0.010969363152980804,12.0,0.002209708691207961,3.0,,,,,
ME-DOL-FO,ME-DOL,252,252,,8,epoch_w_bar,0.1,,0.000637887953849786,,2.7278761863708496,0,100000,200000,1570699740,sfo,2016,2016,252,"[252, 252, 252, 252, 252, 252, 252, 252]",49152,252,252,0.7295986413955688,0.01012209802865982,12.0,0.002209708691207961,3.0,,,,,
ME-DOL-FO,ME-DOL,300,300,,8,epoch_w_bar,0.1,,0.000637887953849786,,3.2678937911987305,0,100000,200000,1570699740,sfo,2400,2400,300,"[300, 300, 300, 300, 300, 300, 300, 300]",57344,300,300,0.7296074032783508,0.010354720056056976,12.0,0.002209708691207961,3.0,,,,,
ME-DOL-FO,ME-DOL,348,348,,8,epoch_w_bar,0.1,,0.000637887953849786,,3.7828145027160645,0,100000,200000,1570699740,sfo,2784,2784,348,"[348, 348, 348, 348, 348, 348, 348, 348]",65536,348,348,0.7296055555343628,0.01013251580297947,12.0,0.002209708691207961,3.0,,,,,
ME-DOL-FO,ME-DOL,396,396,,8,epoch_w_bar,0.1,,0.000637887953849786,,4.324561834335327,0,100000,200000,1570699740,sfo,3168,3168,396,"[396, 396, 396, 396, 396, 396, 396, 396]",73728,396,396,0.7296064496040344,0.008888132870197296,12.0,0.002209708691207961,3.0,,,,,
ME-DOL-FO,ME-DOL,444,444,,8,epoch_w_bar,0.1,,0.000637887953849786,,4.826440334320068,0,100000,200000,1570699740,sfo,3552,3552,444,"[444, 444, 444, 444, 444, 444, 444, 444]",81920,444,444,0.7296068668365479,0.009311804547905922,12.0,0.002209708691207961,3.0,,,,,
ME-DOL-FO,ME-DOL,492,492,,8,epoch_w_bar,0.1,,0.000637887953849786,,5.330983638763428,0,100000,200000,1570699740,sfo,3936,3936,492,"[492, 492, 492, 492, 492, 492, 492, 492]",90112,492,492,0.7296068668365479,0.010608387179672718,12.0,0.002209708691207961,3.0,,,,,
ME-DOL-FO,ME-DOL,540,540,,8,epoch_w_bar,0.1,,0.000637887953849786,,5.827106475830078,0,100000,200000,1570699740,sfo,4320,4320,540,"[540, 540, 540, 540, 540, 540, 540, 540]",98304,540,540,0.7296086549758911,0.009616045281291008,12.0,0.002209708691207961,3.0,,,,,
ME-DOL-FO,ME-DOL,588,588,,8,epoch_w_bar,0.1,,0.000637887953849786,,6.380582332611084,0,100000,200000,1570699740,sfo,4704,4704,588,"[588, 588, 588, 588, 588, 588, 588, 588]",106496,588,588,0.7296111583709717,0.009973553940653801,12.0,0.002209708691207961,3.0,,,,,
ME-DOL-FO,ME-DOL,636,636,,8,epoch_w_bar,0.1,,0.000637887953849786,,6.960999011993408,0,100000,200000,1570699740,sfo,5088,5088,636,"[636, 636, 636, 636, 636, 636, 636, 636]",114688,636,636,0.7296105623245239,0.010165308602154255,12.0,0.002209708691207961,3.0,,,,,
ME-DOL-FO,ME-DOL,684,684,,8,epoch_w_bar,0.1,,0.000637887953849786,,7.549492359161377,0,100000,200000,1570699740,sfo,5472,5472,684,"[684, 684, 684, 684, 684, 684, 684, 684]",122880,684,684,0.7296088933944702,0.009929313324391842,12.0,0.002209708691207961,3.0,,,,,
ME-DOL-FO,ME-DOL,732,732,,8,epoch_w_bar,0.1,,0.000637887953849786,,8.13252878189087,0,100000,200000,1570699740,sfo,5856,5856,732,"[732, 732, 732, 732, 732, 732, 732, 732]",131072,732,732,0.7296121120452881,0.009388037025928497,12.0,0.002209708691207961,3.0,,,,,
ME-DOL-FO,ME-DOL,780,780,,8,epoch_w_bar,0.1,,0.000637887953849786,,8.680718183517456,0,100000,200000,1570699740,sfo,6240,6240,780,"[780, 780, 780, 780, 780, 780, 780, 780]",139264,780,780,0.7296055555343628,0.00981204491108656,12.0,0.002209708691207961,3.0,,,,,
ME-DOL-FO,ME-DOL,828,828,,8,epoch_w_bar,0.1,,0.000637887953849786,,9.234719276428223,0,100000,200000,1570699740,sfo,6624,6624,828,"[828, 828, 828, 828, 828, 828, 828, 828]",147456,828,828,0.7296079397201538,0.009405967779457569,12.0,0.002209708691207961,3.0,,,,,
ME-DOL-FO,ME-DOL,876,876,,8,epoch_w_bar,0.1,,0.000637887953849786,,9.79255986213684,0,100000,200000,1570699740,sfo,7008,7008,876,"[876, 876, 876, 876, 876, 876, 876, 876]",155648,876,876,0.7296027541160583,0.009759258478879929,12.0,0.002209708691207961,3.0,,,,,
ME-DOL-FO,ME-DOL,924,924,,8,epoch_w_bar,0.1,,0.000637887953849786,,10.353185415267944,0,100000,200000,1570699740,sfo,7392,7392,924,"[924, 924, 924, 924, 924, 924, 924, 924]",163840,924,924,0.7296013832092285,0.009516425430774689,12.0,0.002209708691207961,3.0,,,,,
ME-DOL-FO,ME-DOL,960,960,,8,epoch_w_bar,0.1,,0.000637887953849786,,10.784749746322632,0,100000,200000,1570699740,sfo,7680,7680,960,"[960, 960, 960, 960, 960, 960, 960, 960]",172032,960,960,0.7295998334884644,0.009967690333724022,12.0,0.002209708691207961,3.0,,,,,
NOG-ZO,NOG,12,12,1.0,1,y_bar,0.1,12.0,0.3,0.055624399334192276,0.12141942977905273,0,100000,200000,494194606,szo,14336,14336,14336,[14336],8192,14,14,0.7295985221862793,0.009699615649878979,,,,,,,,
NOG-ZO,NOG,60,60,5.0,1,y_bar,0.1,12.0,0.3,0.06486306339502335,0.41431522369384766,0,100000,200000,494194606,szo,63488,63488,63488,[63488],16384,62,62,0.729699969291687,0.01005432941019535,,,,,,,,
NOG-ZO,NOG,108,108,9.0,1,y_bar,0.1,12.0,0.3,0.07415717840194702,0.6968486309051514,0,100000,200000,494194606,szo,112640,112640,112640,[112640],24576,110,110,0.7297577261924744,0.010854753665626049,,,,,,,,
NOG-ZO,NOG,156,156,13.0,1,y_bar,0.1,12.0,0.3,0.06467697024345398,0.993211030960083,0,100000,200000,494194606,szo,161792,161792,161792,[161792],32768,158,158,0.7298223972320557,0.009543268010020256,,,,,,,,
NOG-ZO,NOG,204,204,17.0,1,y_bar,0.1,12.0,0.3,0.0681479349732399,1.3087608814239502,0,100000,200000,494194606,szo,210944,210944,210944,[210944],40960,206,206,0.729779064655304,0.010436827316880226,,,,,,,,
NOG-ZO,NOG,252,252,21.0,1,y_bar,0.1,12.0,0.3,0.06740818917751312,1.6035423278808594,0,100000,200000,494194606,szo,260096,260096,260096,[260096],49152,254,254,0.729769229888916,0.009811042807996273,,,,,,,,
NOG-ZO,NOG,300,300,25.0,1,y_bar,0.1,12.0,0.3,0.06725546717643738,1.8908350467681885,0,100000,200000,494194606,szo,309248,309248,309248,[309248],57344,302,302,0.7297696471214294,0.009711148217320442,,,,,,,,
NOG-ZO,NOG,348,348,29.0,1,y_bar,0.1,12.0,0.3,0.05849253758788109,2.1744415760040283,0,100000,200000,494194606,szo,358400,358400,358400,[358400],65536,350,350,0.7297716736793518,0.009593330323696136,,,,,,,,
NOG-ZO,NOG,396,396,33.0,1,y_bar,0.1,12.0,0.3,0.06903325766324997,2.464916467666626,0,100000,200000,494194606,szo,407552,407552,407552,[407552],73728,398,398,0.7297893166542053,0.008639146573841572,,,,,,,,
NOG-ZO,NOG,444,444,37.0,1,y_bar,0.1,12.0,0.3,0.07764212787151337,2.7618396282196045,0,100000,200000,494194606,szo,456704,456704,456704,[456704],81920,446,446,0.7298015356063843,0.008533273823559284,,,,,,,,
NOG-ZO,NOG,492,492,41.0,1,y_bar,0.1,12.0,0.3,0.08118273317813873,3.067715644836426,0,100000,200000,494194606,szo,505856,505856,505856,[505856],90112,494,494,0.7298011779785156,0.010031414218246937,,,,,,,,
NOG-ZO,NOG,540,540,45.0,1,y_bar,0.1,12.0,0.3,0.06868911534547806,3.3678221702575684,0,100000,200000,494194606,szo,555008,555008,555008,[555008],98304,542,542,0.7297909259796143,0.009432509541511536,,,,,,,,
NOG-ZO,NOG,588,588,49.0,1,y_bar,0.1,12.0,0.3,0.06905356794595718,3.650467872619629,0,100000,200000,494194606,szo,604160,604160,604160,[604160],106496,590,590,0.7298155426979065,0.009267132729291916,,,,,,,,
NOG-ZO,NOG,636,636,53.0,1,y_bar,0.1,12.0,0.3,0.05597341060638428,3.9443106651306152,0,100000,200000,494194606,szo,653312,653312,653312,[653312],114688,638,638,0.7297866940498352,0.00941263884305954,,,,,,,,
NOG-ZO,NOG,684,684,57.0,1,y_bar,0.1,12.0,0.3,0.06438135355710983,4.239702463150024,0,100000,200000,494194606,szo,702464,702464,702464,[702464],122880,686,686,0.7297969460487366,0.008582326583564281,,,,,,,,
NOG-ZO,NOG,732,732,61.0,1,y_bar,0.1,12.0,0.3,0.06772841513156891,4.532951593399048,0,100000,200000,494194606,szo,751616,751616,751616,[751616],131072,734,734,0.729830801486969,0.008937306702136993,,,,,,,,
NOG-ZO,NOG,780,780,65.0,1,y_bar,0.1,12.0,0.3,0.07527007907629013,4.824096441268921,0,100000,200000,494194606,szo,800768,800768,800768,[800768],139264,782,782,0.7298169732093811,0.009427034296095371,,,,,,,,
NOG-ZO,NOG,828,828,69.0,1,y_bar,0.1,12.0,0.3,0.07902112603187561,5.12112283706665,0,100000,200000,494194606,szo,849920,849920,849920,[849920],147456,830,830,0.7297938466072083,0.00898531824350357,,,,,,,,
NOG-ZO,NOG,876,876,73.0,1,y_bar,0.1,12.0,0.3,0.07531580328941345,5.417503356933594,0,100000,200000,494194606,szo,899072,899072,899072,[899072],155648,878,878,0.7297879457473755,0.00936011504381895,,,,,,,,
NOG-ZO,NOG,924,924,77.0,1,y_bar,0.1,12.0,0.3,0.06719766557216644,5.714928865432739,0,100000,200000,494194606,szo,948224,948224,948224,[948224],163840,926,926,0.7297681570053101,0.008601421490311623,,,,,,,,
NOG-ZO,NOG,960,960,80.0,1,y_bar,0.1,12.0,0.3,0.07472482323646545,5.957494497299194,0,100000,200000,494194606,szo,985088,985088,985088,[985088],172032,962,962,0.729763388633728,0.009586641564965248,,,,,,,,
NOG-ZO,NOG,12,12,1.0,2,y_bar,0.1,12.0,0.3,0.08666723221540451,0.17298412322998047,0,100000,200000,154970932,szo,14336,14336,7168,"[7168, 7168]",8192,14,14,0.7296123504638672,0.009878430515527725,,,,,,,,
NOG-ZO,NOG,60,60,5.0,2,y_bar,0.1,12.0,0.3,0.08019234240055084,0.6601266860961914,0,100000,200000,154970932,szo,63488,63488,31744,"[31744, 31744]",16384,62,62,0.7297768592834473,0.010398108512163162,,,,,,,,
NOG-ZO,NOG,108,108,9.0,2,y_bar,0.1,12.0,0.3,0.06900692731142044,1.1606760025024414,0,100000,200000,154970932,szo,112640,112640,56320,"[56320, 56320]",24576,110,110,0.7298023700714111,0.011273886077105999,,,,,,,,
NOG-ZO,NOG,156,156,13.0,2,y_bar,0.1,12.0,0.3,0.07154399156570435,1.6639134883880615,0,100000,200000,154970932,szo,161792,161792,80896,"[80896, 80896]",32768,158,158,0.7298887372016907,0.01013549230992794,,,,,,,,
NOG-ZO,NOG,204,204,17.0,2,y_bar,0.1,12.0,0.3,0.07305418699979782,2.16163969039917,0,100000,200000,154970932,szo,210944,210944,105472,"[105472, 105472]",40960,206,206,0.7298945784568787,0.011646831408143044,,,,,,,,
NOG-ZO,NOG,252,252,21.0,2,y_bar,0.1,12.0,0.3,0.07722502946853638,2.6467459201812744,0,100000,200000,154970932,szo,260096,260096,130048,"[130048, 130048]",49152,254,254,0.7299109101295471,0.011062117293477058,,,,,,,,
NOG-ZO,NOG,300,300,25.0,2,y_bar,0.1,12.0,0.3,0.09492779523134232,3.1522724628448486,0,100000,200000,154970932,szo,309248,309248,154624,"[154624, 154624]",57344,302,302,0.7299703359603882,0.011015795171260834,,,,,,,,
NOG-ZO,NOG,348,348,29.0,2,y_bar,0.1,12.0,0.3,0.0741301104426384,3.6385204792022705,0,100000,200000,154970932,szo,358400,358400,179200,"[179200, 179200]",65536,350,350,0.7299749255180359,0.010279865004122257,,,,,,,,
NOG-ZO,NOG,396,396,33.0,2,y_bar,0.1,12.0,0.3,0.07655221223831177,4.126553535461426,0,100000,200000,154970932,szo,407552,407552,203776,"[203776, 203776]",73728,398,398,0.7299874424934387,0.00954705011099577,,,,,,,,
NOG-ZO,NOG,444,444,37.0,2,y_bar,0.1,12.0,0.3,0.08120528608560562,4.612577199935913,0,100000,200000,154970932,szo,456704,456704,228352,"[228352, 228352]",81920,446,446,0.7299982905387878,0.0100232670083642,,,,,,,,
NOG-ZO,NOG,492,492,41.0,2,y_bar,0.1,12.0,0.3,0.07945412397384644,5.099457025527954,0,100000,200000,154970932,szo,505856,505856,252928,"[252928, 252928]",90112,494,494,0.729989230632782,0.011230329982936382,,,,,,,,
NOG-ZO,NOG,540,540,45.0,2,y_bar,0.1,12.0,0.3,0.08181691914796829,5.599564790725708,0,100000,200000,154970932,szo,555008,555008,277504,"[277504, 277504]",98304,542,542,0.7299803495407104,0.010111775249242783,,,,,,,,
NOG-ZO,NOG,588,588,49.0,2,y_bar,0.1,12.0,0.3,0.07471193373203278,6.095417499542236,0,100000,200000,154970932,szo,604160,604160,302080,"[302080, 302080]",106496,590,590,0.7299228310585022,0.01036696694791317,,,,,,,,
NOG-ZO,NOG,636,636,53.0,2,y_bar,0.1,12.0,0.3,0.08193343132734299,6.585993051528931,0,100000,200000,154970932,szo,653312,653312,326656,"[326656, 326656]",114688,638,638,0.7298849821090698,0.010131760500371456,,,,,,,,
NOG-ZO,NOG,684,684,57.0,2,y_bar,0.1,12.0,0.3,0.06818199902772903,7.0958311557769775,0,100000,200000,154970932,szo,702464,702464,351232,"[351232, 351232]",122880,686,686,0.7298710942268372,0.009412744082510471,,,,,,,,
NOG-ZO,NOG,732,732,61.0,2,y_bar,0.1,12.0,0.3,0.08592002093791962,7.589552164077759,0,100000,200000,154970932,szo,751616,751616,375808,"[375808, 375808]",131072,734,734,0.7298609614372253,0.009108006954193115,,,,,,,,
NOG-ZO,NOG,780,780,65.0,2,y_bar,0.1,12.0,0.3,0.07153580337762833,8.097694635391235,0,100000,200000,154970932,szo,800768,800768,400384,"[400384, 400384]",139264,782,782,0.7298307418823242,0.009527046233415604,,,,,,,,
NOG-ZO,NOG,828,828,69.0,2,y_bar,0.1,12.0,0.3,0.06723006814718246,8.601861238479614,0,100000,200000,154970932,szo,849920,849920,424960,"[424960, 424960]",147456,830,830,0.7298614382743835,0.008815459907054901,,,,,,,,
NOG-ZO,NOG,876,876,73.0,2,y_bar,0.1,12.0,0.3,0.07892533391714096,9.098539590835571,0,100000,200000,154970932,szo,899072,899072,449536,"[449536, 449536]",155648,878,878,0.7298543453216553,0.009390445426106453,,,,,,,,
NOG-ZO,NOG,924,924,77.0,2,y_bar,0.1,12.0,0.3,0.07414715737104416,9.59116792678833,0,100000,200000,154970932,szo,948224,948224,474112,"[474112, 474112]",163840,926,926,0.7298297882080078,0.009295645169913769,,,,,,,,
NOG-ZO,NOG,960,960,80.0,2,y_bar,0.1,12.0,0.3,0.08261588215827942,10.0303795337677,0,100000,200000,154970932,szo,985088,985088,492544,"[492544, 492544]",172032,962,962,0.7298141121864319,0.009602339006960392,,,,,,,,
NOG-ZO,NOG,12,12,1.0,4,y_bar,0.1,12.0,0.3,0.06181585043668747,0.27317070960998535,0,100000,200000,1491708253,szo,14336,14336,3584,"[3584, 3584, 3584, 3584]",8192,14,14,0.729609489440918,0.009897124022245407,,,,,,,,
NOG-ZO,NOG,60,60,5.0,4,y_bar,0.1,12.0,0.3,0.07038076967000961,1.1686785221099854,0,100000,200000,1491708253,szo,63488,63488,15872,"[15872, 15872, 15872, 15872]",16384,62,62,0.7297423481941223,0.01036048959940672,,,,,,,,
NOG-ZO,NOG,108,108,9.0,4,y_bar,0.1,12.0,0.3,0.07518745958805084,2.082895278930664,0,100000,200000,1491708253,szo,112640,112640,28160,"[28160, 28160, 28160, 28160]",24576,110,110,0.7297613620758057,0.01074353326112032,,,,,,,,
NOG-ZO,NOG,156,156,13.0,4,y_bar,0.1,12.0,0.3,0.08186611533164978,2.9832077026367188,0,100000,200000,1491708253,szo,161792,161792,40448,"[40448, 40448, 40448, 40448]",32768,158,158,0.7297754287719727,0.009782048873603344,,,,,,,,
NOG-ZO,NOG,204,204,17.0,4,y_bar,0.1,12.0,0.3,0.0754586011171341,3.892406940460205,0,100000,200000,1491708253,szo,210944,210944,52736,"[52736, 52736, 52736, 52736]",40960,206,206,0.7298133969306946,0.01097225770354271,,,,,,,,
NOG-ZO,NOG,252,252,21.0,4,y_bar,0.1,12.0,0.3,0.06998869776725769,4.78877329826355,0,100000,200000,1491708253,szo,260096,260096,65024,"[65024, 65024, 65024, 65024]",49152,254,254,0.7298363447189331,0.010335943661630154,,,,,,,,
NOG-ZO,NOG,300,300,25.0,4,y_bar,0.1,12.0,0.3,0.07886124402284622,5.6768457889556885,0,100000,200000,1491708253,szo,309248,309248,77312,"[77312, 77312, 77312, 77312]",57344,302,302,0.7298581600189209,0.010752894915640354,,,,,,,,
NOG-ZO,NOG,348,348,29.0,4,y_bar,0.1,12.0,0.3,0.07786669582128525,6.590048313140869,0,100000,200000,1491708253,szo,358400,358400,89600,"[89600, 89600, 89600, 89600]",65536,350,350,0.729843258857727,0.010205648839473724,,,,,,,,
NOG-ZO,NOG,396,396,33.0,4,y_bar,0.1,12.0,0.3,0.07464047521352768,7.495581865310669,0,100000,200000,1491708253,szo,407552,407552,101888,"[101888, 101888, 101888, 101888]",73728,398,398,0.7298707365989685,0.009723871015012264,,,,,,,,
NOG-ZO,NOG,444,444,37.0,4,y_bar,0.1,12.0,0.3,0.06745706498622894,8.399787664413452,0,100000,200000,1491708253,szo,456704,456704,114176,"[114176, 114176, 114176, 114176]",81920,446,446,0.7298782467842102,0.009548816829919815,,,,,,,,
NOG-ZO,NOG,492,492,41.0,4,y_bar,0.1,12.0,0.3,0.06983835250139236,9.305565118789673,0,100000,200000,1491708253,szo,505856,505856,126464,"[126464, 126464, 126464, 126464]",90112,494,494,0.7298731803894043,0.010026219300925732,,,,,,,,
NOG-ZO,NOG,540,540,45.0,4,y_bar,0.1,12.0,0.3,0.05943822115659714,10.261258840560913,0,100000,200000,1491708253,szo,555008,555008,138752,"[138752, 138752, 138752, 138752]",98304,542,542,0.7298470735549927,0.009415934793651104,,,,,,,,
NOG-ZO,NOG,588,588,49.0,4,y_bar,0.1,12.0,0.3,0.07795187830924988,11.146946430206299,0,100000,200000,1491708253,szo,604160,604160,151040,"[151040, 151040, 151040, 151040]",106496,590,590,0.7298427224159241,0.01003425382077694,,,,,,,,
NOG-ZO,NOG,636,636,53.0,4,y_bar,0.1,12.0,0.3,0.08023282885551453,12.038470983505249,0,100000,200000,1491708253,szo,653312,653312,163328,"[163328, 163328, 163328, 163328]",114688,638,638,0.7298610210418701,0.010030143894255161,,,,,,,,
NOG-ZO,NOG,684,684,57.0,4,y_bar,0.1,12.0,0.3,0.06315260380506516,12.932880640029907,0,100000,200000,1491708253,szo,702464,702464,175616,"[175616, 175616, 175616, 175616]",122880,686,686,0.7298755645751953,0.010007455013692379,,,,,,,,
NOG-ZO,NOG,732,732,61.0,4,y_bar,0.1,12.0,0.3,0.07521512359380722,13.828487396240234,0,100000,200000,1491708253,szo,751616,751616,187904,"[187904, 187904, 187904, 187904]",131072,734,734,0.7298659682273865,0.00903321523219347,,,,,,,,
NOG-ZO,NOG,780,780,65.0,4,y_bar,0.1,12.0,0.3,0.07483424991369247,14.71841835975647,0,100000,200000,1491708253,szo,800768,800768,200192,"[200192, 200192, 200192, 200192]",139264,782,782,0.729848325252533,0.009458966553211212,,,,,,,,
NOG-ZO,NOG,828,828,69.0,4,y_bar,0.1,12.0,0.3,0.07146402448415756,15.626249313354492,0,100000,200000,1491708253,szo,849920,849920,212480,"[212480, 212480, 212480, 212480]",147456,830,830,0.7298446893692017,0.008934387937188148,,,,,,,,
NOG-ZO,NOG,876,876,73.0,4,y_bar,0.1,12.0,0.3,0.0772906020283699,16.52169704437256,0,100000,200000,1491708253,szo,899072,899072,224768,"[224768, 224768, 224768, 224768]",155648,878,878,0.7298368811607361,0.0092970235273242,,,,,,,,
NOG-ZO,NOG,924,924,77.0,4,y_bar,0.1,12.0,0.3,0.07845338433980942,17.43908381462097,0,100000,200000,1491708253,szo,948224,948224,237056,"[237056, 237056, 237056, 237056]",163840,926,926,0.7298455834388733,0.0098351389169693,,,,,,,,
NOG-ZO,NOG,960,960,80.0,4,y_bar,0.1,12.0,0.3,0.0748734250664711,18.136265516281128,0,100000,200000,1491708253,szo,985088,985088,246272,"[246272, 246272, 246272, 246272]",172032,962,962,0.7298365235328674,0.009952359832823277,,,,,,,,
NOG-ZO,NOG,12,12,1.0,8,y_bar,0.1,12.0,0.3,0.07623589783906937,0.4823603630065918,0,100000,200000,952307147,szo,14336,14336,1792,"[1792, 1792, 1792, 1792, 1792, 1792, 1792, 1792]",8192,14,14,0.7296151518821716,0.009930313564836979,,,,,,,,
NOG-ZO,NOG,60,60,5.0,8,y_bar,0.1,12.0,0.3,0.06789985299110413,2.1763916015625,0,100000,200000,952307147,szo,63488,63488,7936,"[7936, 7936, 7936, 7936, 7936, 7936, 7936, 7936]",16384,62,62,0.7297452092170715,0.010572460480034351,,,,,,,,
NOG-ZO,NOG,108,108,9.0,8,y_bar,0.1,12.0,0.3,0.0741090178489685,3.889866352081299,0,100000,200000,952307147,szo,112640,112640,14080,"[14080, 14080, 14080, 14080, 14080, 14080, 14080, 14080]",24576,110,110,0.7297751307487488,0.010934441350400448,,,,,,,,
NOG-ZO,NOG,156,156,13.0,8,y_bar,0.1,12.0,0.3,0.06683120131492615,5.576184034347534,0,100000,200000,952307147,szo,161792,161792,20224,"[20224, 20224, 20224, 20224, 20224, 20224, 20224, 20224]",32768,158,158,0.7297998666763306,0.009332424029707909,,,,,,,,
NOG-ZO,NOG,204,204,17.0,8,y_bar,0.1,12.0,0.3,0.0789879634976387,7.257267236709595,0,100000,200000,952307147,szo,210944,210944,26368,"[26368, 26368, 26368, 26368, 26368, 26368, 26368, 26368]",40960,206,206,0.7298034429550171,0.010586255230009556,,,,,,,,
NOG-ZO,NOG,252,252,21.0,8,y_bar,0.1,12.0,0.3,0.08808755874633789,8.931603193283081,0,100000,200000,952307147,szo,260096,260096,32512,"[32512, 32512, 32512, 32512, 32512, 32512, 32512, 32512]",49152,254,254,0.729806661605835,0.01018507406115532,,,,,,,,
NOG-ZO,NOG,300,300,25.0,8,y_bar,0.1,12.0,0.3,0.06788758188486099,10.62278437614441,0,100000,200000,952307147,szo,309248,309248,38656,"[38656, 38656, 38656, 38656, 38656, 38656, 38656, 38656]",57344,302,302,0.7298070192337036,0.009826450608670712,,,,,,,,
NOG-ZO,NOG,348,348,29.0,8,y_bar,0.1,12.0,0.3,0.0793236643075943,12.328646421432495,0,100000,200000,952307147,szo,358400,358400,44800,"[44800, 44800, 44800, 44800, 44800, 44800, 44800, 44800]",65536,350,350,0.7297877669334412,0.009211765602231026,,,,,,,,
NOG-ZO,NOG,396,396,33.0,8,y_bar,0.1,12.0,0.3,0.06892099231481552,14.0266752243042,0,100000,200000,952307147,szo,407552,407552,50944,"[50944, 50944, 50944, 50944, 50944, 50944, 50944, 50944]",73728,398,398,0.7297908067703247,0.00830919574946165,,,,,,,,
NOG-ZO,NOG,444,444,37.0,8,y_bar,0.1,12.0,0.3,0.07373765856027603,15.739666938781738,0,100000,200000,952307147,szo,456704,456704,57088,"[57088, 57088, 57088, 57088, 57088, 57088, 57088, 57088]",81920,446,446,0.729754626750946,0.008199606090784073,,,,,,,,
NOG-ZO,NOG,492,492,41.0,8,y_bar,0.1,12.0,0.3,0.07716101408004761,17.456031560897827,0,100000,200000,952307147,szo,505856,505856,63232,"[63232, 63232, 63232, 63232, 63232, 63232, 63232, 63232]",90112,494,494,0.729779064655304,0.009613856673240662,,,,,,,,
NOG-ZO,NOG,540,540,45.0,8,y_bar,0.1,12.0,0.3,0.07626073807477951,19.166481733322144,0,100000,200000,952307147,szo,555008,555008,69376,"[69376, 69376, 69376, 69376, 69376, 69376, 69376, 69376]",98304,542,542,0.7297732830047607,0.008982238359749317,,,,,,,,
NOG-ZO,NOG,588,588,49.0,8,y_bar,0.1,12.0,0.3,0.07641513645648956,20.859997510910034,0,100000,200000,952307147,szo,604160,604160,75520,"[75520, 75520, 75520, 75520, 75520, 75520, 75520, 75520]",106496,590,590,0.7297747135162354,0.00920776091516018,,,,,,,,
NOG-ZO,NOG,636,636,53.0,8,y_bar,0.1,12.0,0.3,0.07383172959089279,22.59819722175598,0,100000,200000,952307147,szo,653312,653312,81664,"[81664, 81664, 81664, 81664, 81664, 81664, 81664, 81664]",114688,638,638,0.7297701239585876,0.009481827728450298,,,,,,,,
NOG-ZO,NOG,684,684,57.0,8,y_bar,0.1,12.0,0.3,0.07820161432027817,24.35334324836731,0,100000,200000,952307147,szo,702464,702464,87808,"[87808, 87808, 87808, 87808, 87808, 87808, 87808, 87808]",122880,686,686,0.7297600507736206,0.008979619480669498,,,,,,,,
NOG-ZO,NOG,732,732,61.0,8,y_bar,0.1,12.0,0.3,0.07413677126169205,26.062252521514893,0,100000,200000,952307147,szo,751616,751616,93952,"[93952, 93952, 93952, 93952, 93952, 93952, 93952, 93952]",131072,734,734,0.729777991771698,0.008359357714653015,,,,,,,,
NOG-ZO,NOG,780,780,65.0,8,y_bar,0.1,12.0,0.3,0.0742252841591835,27.818034648895264,0,100000,200000,952307147,szo,800768,800768,100096,"[100096, 100096, 100096, 100096, 100096, 100096, 100096, 100096]",139264,782,782,0.7297470569610596,0.009028536267578602,,,,,,,,
NOG-ZO,NOG,828,828,69.0,8,y_bar,0.1,12.0,0.3,0.08479722589254379,29.564037799835205,0,100000,200000,952307147,szo,849920,849920,106240,"[106240, 106240, 106240, 106240, 106240, 106240, 106240, 106240]",147456,830,830,0.729733943939209,0.008604195900261402,,,,,,,,
NOG-ZO,NOG,876,876,73.0,8,y_bar,0.1,12.0,0.3,0.06292718648910522,31.256382942199707,0,100000,200000,952307147,szo,899072,899072,112384,"[112384, 112384, 112384, 112384, 112384, 112384, 112384, 112384]",155648,878,878,0.7297276854515076,0.008779614232480526,,,,,,,,
NOG-ZO,NOG,924,924,77.0,8,y_bar,0.1,12.0,0.3,0.0774480551481247,32.94495344161987,0,100000,200000,952307147,szo,948224,948224,118528,"[118528, 118528, 118528, 118528, 118528, 118528, 118528, 118528]",163840,926,926,0.7297358512878418,0.008127454668283463,,,,,,,,
NOG-ZO,NOG,960,960,80.0,8,y_bar,0.1,12.0,0.3,0.08432036638259888,34.23156404495239,0,100000,200000,952307147,szo,985088,985088,123136,"[123136, 123136, 123136, 123136, 123136, 123136, 123136, 123136]",172032,962,962,0.729766845703125,0.009642940014600754,,,,,,,,
ME-DOL-ZO,ME-DOL,12,12,,8,epoch_w_bar,0.1,,0.00021262931794992866,,0.12259817123413086,0,100000,200000,729139937,szo,192,192,24,"[24, 24, 24, 24, 24, 24, 24, 24]",8192,12,12,0.7295563220977783,0.009867050684988499,12.0,0.000736569563735987,1.0,,,,,
ME-DOL-ZO,ME-DOL,60,60,,8,epoch_w_bar,0.1,,0.00021262931794992866,,0.4328451156616211,0,100000,200000,729139937,szo,960,960,120,"[120, 120, 120, 120, 120, 120, 120, 120]",16384,60,60,0.7295777201652527,0.0104069160297513,12.0,0.000736569563735987,1.0,,,,,
ME-DOL-ZO,ME-DOL,108,108,,8,epoch_w_bar,0.1,,0.00021262931794992866,,0.7366664409637451,0,100000,200000,729139937,szo,1728,1728,216,"[216, 216, 216, 216, 216, 216, 216, 216]",24576,108,108,0.7295898795127869,0.011155103333294392,12.0,0.000736569563735987,1.0,,,,,
ME-DOL-ZO,ME-DOL,156,156,,8,epoch_w_bar,0.1,,0.00021262931794992866,,1.0497782230377197,0,100000,200000,729139937,szo,2496,2496,312,"[312, 312, 312, 312, 312, 312, 312, 312]",32768,156,156,0.7296032309532166,0.00975153036415577,12.0,0.000736569563735987,1.0,,,,,
ME-DOL-ZO,ME-DOL,204,204,,8,epoch_w_bar,0.1,,0.00021262931794992866,,1.3600339889526367,0,100000,200000,729139937,szo,3264,3264,408,"[408, 408, 408, 408, 408, 408, 408, 408]",40960,204,204,0.7296201586723328,0.011554180644452572,12.0,0.000736569563735987,1.0,,,,,
ME-DOL-ZO,ME-DOL,252,252,,8,epoch_w_bar,0.1,,0.00021262931794992866,,1.6673214435577393,0,100000,200000,729139937,szo,4032,4032,504,"[504, 504, 504, 504, 504, 504, 504, 504]",49152,252,252,0.7296327948570251,0.010645212605595589,12.0,0.000736569563735987,1.0,,,,,
ME-DOL-ZO,ME-DOL,300,300,,8,epoch_w_bar,0.1,,0.00021262931794992866,,1.9860212802886963,0,100000,200000,729139937,szo,4800,4800,600,"[600, 600, 600, 600, 600, 600, 600, 600]",57344,300,300,0.7296470403671265,0.011026459746062756,12.0,0.000736569563735987,1.0,,,,,
ME-DOL-ZO,ME-DOL,348,348,,8,epoch_w_bar,0.1,,0.00021262931794992866,,2.2938568592071533,0,100000,200000,729139937,szo,5568,5568,696,"[696, 696, 696, 696, 696, 696, 696, 696]",65536,348,348,0.72965407371521,0.01072998158633709,12.0,0.000736569563735987,1.0,,,,,
ME-DOL-ZO,ME-DOL,396,396,,8,epoch_w_bar,0.1,,0.00021262931794992866,,2.612900733947754,0,100000,200000,729139937,szo,6336,6336,792,"[792, 792, 792, 792, 792, 792, 792, 792]",73728,396,396,0.7296565175056458,0.009568773210048676,12.0,0.000736569563735987,1.0,,,,,
ME-DOL-ZO,ME-DOL,444,444,,8,epoch_w_bar,0.1,,0.00021262931794992866,,2.939473867416382,0,100000,200000,729139937,szo,7104,7104,888,"[888, 888, 888, 888, 888, 888, 888, 888]",81920,444,444,0.7296634316444397,0.010185767896473408,12.0,0.000736569563735987,1.0,,,,,
ME-DOL-ZO,ME-DOL,492,492,,8,epoch_w_bar,0.1,,0.00021262931794992866,,3.2523648738861084,0,100000,200000,729139937,szo,7872,7872,984,"[984, 984, 984, 984, 984, 984, 984, 984]",90112,492,492,0.7296711206436157,0.011504440568387508,12.0,0.000736569563735987,1.0,,,,,
ME-DOL-ZO,ME-DOL,540,540,,8,epoch_w_bar,0.1,,0.00021262931794992866,,3.563551902770996,0,100000,200000,729139937,szo,8640,8640,1080,"[1080, 1080, 1080, 1080, 1080, 1080, 1080, 1080]",98304,540,540,0.7296777963638306,0.010687935166060925,12.0,0.000736569563735987,1.0,,,,,
ME-DOL-ZO,ME-DOL,588,588,,8,epoch_w_bar,0.1,,0.00021262931794992866,,3.872607946395874,0,100000,200000,729139937,szo,9408,9408,1176,"[1176, 1176, 1176, 1176, 1176, 1176, 1176, 1176]",106496,588,588,0.7296808362007141,0.011127490550279617,12.0,0.000736569563735987,1.0,,,,,
ME-DOL-ZO,ME-DOL,636,636,,8,epoch_w_bar,0.1,,0.00021262931794992866,,4.182675361633301,0,100000,200000,729139937,szo,10176,10176,1272,"[1272, 1272, 1272, 1272, 1272, 1272, 1272, 1272]",114688,636,636,0.7296913266181946,0.01124949473887682,12.0,0.000736569563735987,1.0,,,,,
ME-DOL-ZO,ME-DOL,684,684,,8,epoch_w_bar,0.1,,0.00021262931794992866,,4.492380857467651,0,100000,200000,729139937,szo,10944,10944,1368,"[1368, 1368, 1368, 1368, 1368, 1368, 1368, 1368]",122880,684,684,0.7296894192695618,0.010876818560063839,12.0,0.000736569563735987,1.0,,,,,
ME-DOL-ZO,ME-DOL,732,732,,8,epoch_w_bar,0.1,,0.00021262931794992866,,4.795724391937256,0,100000,200000,729139937,szo,11712,11712,1464,"[1464, 1464, 1464, 1464, 1464, 1464, 1464, 1464]",131072,732,732,0.7296992540359497,0.010596171952784061,12.0,0.000736569563735987,1.0,,,,,
ME-DOL-ZO,ME-DOL,780,780,,8,epoch_w_bar,0.1,,0.00021262931794992866,,5.106005430221558,0,100000,200000,729139937,szo,12480,12480,1560,"[1560, 1560, 1560, 1560, 1560, 1560, 1560, 1560]",139264,780,780,0.7297074794769287,0.01099312398582697,12.0,0.000736569563735987,1.0,,,,,
ME-DOL-ZO,ME-DOL,828,828,,8,epoch_w_bar,0.1,,0.00021262931794992866,,5.421671390533447,0,100000,200000,729139937,szo,13248,13248,1656,"[1656, 1656, 1656, 1656, 1656, 1656, 1656, 1656]",147456,828,828,0.7297073602676392,0.010541688650846481,12.0,0.000736569563735987,1.0,,,,,
ME-DOL-ZO,ME-DOL,876,876,,8,epoch_w_bar,0.1,,0.00021262931794992866,,5.7285356521606445,0,100000,200000,729139937,szo,14016,14016,1752,"[1752, 1752, 1752, 1752, 1752, 1752, 1752, 1752]",155648,876,876,0.7297266721725464,0.010737973265349865,12.0,0.000736569563735987,1.0,,,,,
ME-DOL-ZO,ME-DOL,924,924,,8,epoch_w_bar,0.1,,0.00021262931794992866,,6.039355039596558,0,100000,200000,729139937,szo,14784,14784,1848,"[1848, 1848, 1848, 1848, 1848, 1848, 1848, 1848]",163840,924,924,0.7297455668449402,0.011242859065532684,12.0,0.000736569563735987,1.0,,,,,
ME-DOL-ZO,ME-DOL,960,960,,8,epoch_w_bar,0.1,,0.00021262931794992866,,6.2870025634765625,0,100000,200000,729139937,szo,15360,15360,1920,"[1920, 1920, 1920, 1920, 1920, 1920, 1920, 1920]",172032,960,960,0.7297479510307312,0.011738098226487637,12.0,0.000736569563735987,1.0,,,,,
DGFM,DGFM,1,1,,8,x_bar,0.1,,0.001,,0.06743264198303223,0,100000,200000,2024481442,szo,16,16,2,"[2, 2, 2, 2, 2, 2, 2, 2]",8192,2,2,0.7295660972595215,0.010496537201106548,,,,1.0,,,,
DGFM,DGFM,48,48,,8,x_bar,0.1,,0.001,,0.3491032123565674,0,100000,200000,2024481442,szo,768,768,96,"[96, 96, 96, 96, 96, 96, 96, 96]",16384,96,96,0.7296525835990906,0.010976565070450306,,,,1.0,,,,
DGFM,DGFM,96,96,,8,x_bar,0.1,,0.001,,0.6438193321228027,0,100000,200000,2024481442,szo,1536,1536,192,"[192, 192, 192, 192, 192, 192, 192, 192]",24576,192,192,0.7296906113624573,0.010513681918382645,,,,1.0,,,,
DGFM,DGFM,144,144,,8,x_bar,0.1,,0.001,,0.9307632446289062,0,100000,200000,2024481442,szo,2304,2304,288,"[288, 288, 288, 288, 288, 288, 288, 288]",32768,288,288,0.7297059297561646,0.01098688319325447,,,,1.0,,,,
DGFM,DGFM,192,192,,8,x_bar,0.1,,0.001,,1.2221944332122803,0,100000,200000,2024481442,szo,3072,3072,384,"[384, 384, 384, 384, 384, 384, 384, 384]",40960,384,384,0.7297353744506836,0.010348116047680378,,,,1.0,,,,
DGFM,DGFM,240,240,,8,x_bar,0.1,,0.001,,1.5115694999694824,0,100000,200000,2024481442,szo,3840,3840,480,"[480, 480, 480, 480, 480, 480, 480, 480]",49152,480,480,0.7297622561454773,0.010628954507410526,,,,1.0,,,,
DGFM,DGFM,288,288,,8,x_bar,0.1,,0.001,,1.7988667488098145,0,100000,200000,2024481442,szo,4608,4608,576,"[576, 576, 576, 576, 576, 576, 576, 576]",57344,576,576,0.7297857403755188,0.010138039477169514,,,,1.0,,,,
DGFM,DGFM,336,336,,8,x_bar,0.1,,0.001,,2.088362455368042,0,100000,200000,2024481442,szo,5376,5376,672,"[672, 672, 672, 672, 672, 672, 672, 672]",65536,672,672,0.7298091650009155,0.011340584605932236,,,,1.0,,,,
DGFM,DGFM,384,384,,8,x_bar,0.1,,0.001,,2.3752529621124268,0,100000,200000,2024481442,szo,6144,6144,768,"[768, 768, 768, 768, 768, 768, 768, 768]",73728,768,768,0.7298225164413452,0.010865053161978722,,,,1.0,,,,
DGFM,DGFM,432,432,,8,x_bar,0.1,,0.001,,2.6684763431549072,0,100000,200000,2024481442,szo,6912,6912,864,"[864, 864, 864, 864, 864, 864, 864, 864]",81920,864,864,0.729851484298706,0.01054343394935131,,,,1.0,,,,
DGFM,DGFM,480,480,,8,x_bar,0.1,,0.001,,2.9550585746765137,0,100000,200000,2024481442,szo,7680,7680,960,"[960, 960, 960, 960, 960, 960, 960, 960]",90112,960,960,0.7298258543014526,0.011133563704788685,,,,1.0,,,,
DGFM,DGFM,528,528,,8,x_bar,0.1,,0.001,,3.247176170349121,0,100000,200000,2024481442,szo,8448,8448,1056,"[1056, 1056, 1056, 1056, 1056, 1056, 1056, 1056]",98304,1056,1056,0.7298731207847595,0.010712917894124985,,,,1.0,,,,
DGFM,DGFM,576,576,,8,x_bar,0.1,,0.001,,3.536555290222168,0,100000,200000,2024481442,szo,9216,9216,1152,"[1152, 1152, 1152, 1152, 1152, 1152, 1152, 1152]",106496,1152,1152,0.7298850417137146,0.010902922600507736,,,,1.0,,,,
DGFM,DGFM,624,624,,8,x_bar,0.1,,0.001,,3.82826828956604,0,100000,200000,2024481442,szo,9984,9984,1248,"[1248, 1248, 1248, 1248, 1248, 1248, 1248, 1248]",114688,1248,1248,0.7299177646636963,0.011182833462953568,,,,1.0,,,,
DGFM,DGFM,672,672,,8,x_bar,0.1,,0.001,,4.116807222366333,0,100000,200000,2024481442,szo,10752,10752,1344,"[1344, 1344, 1344, 1344, 1344, 1344, 1344, 1344]",122880,1344,1344,0.7299035787582397,0.011550911702215672,,,,1.0,,,,
DGFM,DGFM,720,720,,8,x_bar,0.1,,0.001,,4.405865430831909,0,100000,200000,2024481442,szo,11520,11520,1440,"[1440, 1440, 1440, 1440, 1440, 1440, 1440, 1440]",131072,1440,1440,0.7299127578735352,0.010554613545536995,,,,1.0,,,,
DGFM,DGFM,768,768,,8,x_bar,0.1,,0.001,,4.706294298171997,0,100000,200000,2024481442,szo,12288,12288,1536,"[1536, 1536, 1536, 1536, 1536, 1536, 1536, 1536]",139264,1536,1536,0.7299172282218933,0.01176414079964161,,,,1.0,,,,
DGFM,DGFM,816,816,,8,x_bar,0.1,,0.001,,4.999598979949951,0,100000,200000,2024481442,szo,13056,13056,1632,"[1632, 1632, 1632, 1632, 1632, 1632, 1632, 1632]",147456,1632,1632,0.7299491167068481,0.011000119149684906,,,,1.0,,,,
DGFM,DGFM,864,864,,8,x_bar,0.1,,0.001,,5.2947587966918945,0,100000,200000,2024481442,szo,13824,13824,1728,"[1728, 1728, 1728, 1728, 1728, 1728, 1728, 1728]",155648,1728,1728,0.7299674153327942,0.01086580939590931,,,,1.0,,,,
DGFM,DGFM,912,912,,8,x_bar,0.1,,0.001,,5.582012176513672,0,100000,200000,2024481442,szo,14592,14592,1824,"[1824, 1824, 1824, 1824, 1824, 1824, 1824, 1824]",163840,1824,1824,0.7299685478210449,0.01121334545314312,,,,1.0,,,,
DGFM,DGFM,960,960,,8,x_bar,0.1,,0.001,,5.868966579437256,0,100000,200000,2024481442,szo,15360,15360,1920,"[1920, 1920, 1920, 1920, 1920, 1920, 1920, 1920]",172032,1920,1920,0.7299729585647583,0.01195121556520462,,,,1.0,,,,
DGFM+,DGFM+,1,1,,8,x_bar,0.1,,0.001,,0.273421049118042,0,100000,200000,310546480,szo,1024,1024,128,"[128, 128, 128, 128, 128, 128, 128, 128]",8192,2,2,0.7295483350753784,0.010513526387512684,,,,,8.0,64.0,48.0,1.0
DGFM+,DGFM+,48,48,,8,x_bar,0.1,,0.001,,2.946190357208252,0,100000,200000,310546480,szo,13056,13056,1632,"[1632, 1632, 1632, 1632, 1632, 1632, 1632, 1632]",16384,96,96,0.7296490669250488,0.011063302867114544,,,,,8.0,64.0,48.0,1.0
DGFM+,DGFM+,96,96,,8,x_bar,0.1,,0.001,,5.847764015197754,0,100000,200000,310546480,szo,26112,26112,3264,"[3264, 3264, 3264, 3264, 3264, 3264, 3264, 3264]",24576,192,192,0.7296711206436157,0.010535822249948978,,,,,8.0,64.0,48.0,1.0
DGFM+,DGFM+,144,144,,8,x_bar,0.1,,0.001,,8.693225383758545,0,100000,200000,310546480,szo,39168,39168,4896,"[4896, 4896, 4896, 4896, 4896, 4896, 4896, 4896]",32768,288,288,0.729690432548523,0.01109952200204134,,,,,8.0,64.0,48.0,1.0
DGFM+,DGFM+,192,192,,8,x_bar,0.1,,0.001,,11.56428337097168,0,100000,200000,310546480,szo,52224,52224,6528,"[6528, 6528, 6528, 6528, 6528, 6528, 6528, 6528]",40960,384,384,0.7297055125236511,0.010304087772965431,,,,,8.0,64.0,48.0,1.0
DGFM+,DGFM+,240,240,,8,x_bar,0.1,,0.001,,14.454955816268921,0,100000,200000,310546480,szo,65280,65280,8160,"[8160, 8160, 8160, 8160, 8160, 8160, 8160, 8160]",49152,480,480,0.7297461032867432,0.010390096344053745,,,,,8.0,64.0,48.0,1.0
DGFM+,DGFM+,288,288,,8,x_bar,0.1,,0.001,,17.29236078262329,0,100000,200000,310546480,szo,78336,78336,9792,"[9792, 9792, 9792, 9792, 9792, 9792, 9792, 9792]",57344,576,576,0.7297309041023254,0.010298226960003376,,,,,8.0,64.0,48.0,1.0
DGFM+,DGFM+,336,336,,8,x_bar,0.1,,0.001,,20.153297424316406,0,100000,200000,310546480,szo,91392,91392,11424,"[11424, 11424, 11424, 11424, 11424, 11424, 11424, 11424]",65536,672,672,0.7297478318214417,0.010984445922076702,,,,,8.0,64.0,48.0,1.0
DGFM+,DGFM+,384,384,,8,x_bar,0.1,,0.001,,23.072019577026367,0,100000,200000,310546480,szo,104448,104448,13056,"[13056, 13056, 13056, 13056, 13056, 13056, 13056, 13056]",73728,768,768,0.7297835350036621,0.010235662572085857,,,,,8.0,64.0,48.0,1.0
DGFM+,DGFM+,432,432,,8,x_bar,0.1,,0.001,,25.918366193771362,0,100000,200000,310546480,szo,117504,117504,14688,"[14688, 14688, 14688, 14688, 14688, 14688, 14688, 14688]",81920,864,864,0.7298176288604736,0.01058079581707716,,,,,8.0,64.0,48.0,1.0
DGFM+,DGFM+,480,480,,8,x_bar,0.1,,0.001,,28.760441064834595,0,100000,200000,310546480,szo,130560,130560,16320,"[16320, 16320, 16320, 16320, 16320, 16320, 16320, 16320]",90112,960,960,0.7298550009727478,0.01162533089518547,,,,,8.0,64.0,48.0,1.0
DGFM+,DGFM+,528,528,,8,x_bar,0.1,,0.001,,31.62323021888733,0,100000,200000,310546480,szo,143616,143616,17952,"[17952, 17952, 17952, 17952, 17952, 17952, 17952, 17952]",98304,1056,1056,0.7298572063446045,0.010182833299040794,,,,,8.0,64.0,48.0,1.0
DGFM+,DGFM+,576,576,,8,x_bar,0.1,,0.001,,34.47832250595093,0,100000,200000,310546480,szo,156672,156672,19584,"[19584, 19584, 19584, 19584, 19584, 19584, 19584, 19584]",106496,1152,1152,0.7298707962036133,0.011123175732791424,,,,,8.0,64.0,48.0,1.0
DGFM+,DGFM+,624,624,,8,x_bar,0.1,,0.001,,37.34915280342102,0,100000,200000,310546480,szo,169728,169728,21216,"[21216, 21216, 21216, 21216, 21216, 21216, 21216, 21216]",114688,1248,1248,0.7298616766929626,0.011173710227012634,,,,,8.0,64.0,48.0,1.0
DGFM+,DGFM+,672,672,,8,x_bar,0.1,,0.001,,40.228652000427246,0,100000,200000,310546480,szo,182784,182784,22848,"[22848, 22848, 22848, 22848, 22848, 22848, 22848, 22848]",122880,1344,1344,0.7298551797866821,0.01129771489650011,,,,,8.0,64.0,48.0,1.0
DGFM+,DGFM+,720,720,,8,x_bar,0.1,,0.001,,43.13938021659851,0,100000,200000,310546480,szo,195840,195840,24480,"[24480, 24480, 24480, 24480, 24480, 24480, 24480, 24480]",131072,1440,1440,0.729834794998169,0.01050086971372366,,,,,8.0,64.0,48.0,1.0
DGFM+,DGFM+,768,768,,8,x_bar,0.1,,0.001,,46.01566028594971,0,100000,200000,310546480,szo,208896,208896,26112,"[26112, 26112, 26112, 26112, 26112, 26112, 26112, 26112]",139264,1536,1536,0.7298480868339539,0.011589856818318367,,,,,8.0,64.0,48.0,1.0
DGFM+,DGFM+,816,816,,8,x_bar,0.1,,0.001,,48.879274129867554,0,100000,200000,310546480,szo,221952,221952,27744,"[27744, 27744, 27744, 27744, 27744, 27744, 27744, 27744]",147456,1632,1632,0.7298494577407837,0.011113065294921398,,,,,8.0,64.0,48.0,1.0
DGFM+,DGFM+,864,864,,8,x_bar,0.1,,0.001,,51.74257779121399,0,100000,200000,310546480,szo,235008,235008,29376,"[29376, 29376, 29376, 29376, 29376, 29376, 29376, 29376]",155648,1728,1728,0.7298069000244141,0.010796422138810158,,,,,8.0,64.0,48.0,1.0
DGFM+,DGFM+,912,912,,8,x_bar,0.1,,0.001,,54.63127589225769,0,100000,200000,310546480,szo,248064,248064,31008,"[31008, 31008, 31008, 31008, 31008, 31008, 31008, 31008]",163840,1824,1824,0.7298253774642944,0.0105668930336833,,,,,8.0,64.0,48.0,1.0
DGFM+,DGFM+,960,960,,8,x_bar,0.1,,0.001,,57.543684244155884,0,100000,200000,310546480,szo,261120,261120,32640,"[32640, 32640, 32640, 32640, 32640, 32640, 32640, 32640]",172032,1920,1920,0.7298373579978943,0.01127627119421959,,,,,8.0,64.0,48.0,1.0
NOG-FO,NOG,12,12,1.0,1,y_bar,0.1,12.0,0.3,0.011110486462712288,0.1324172019958496,1,100001,200001,2056694152,sfo,7168,7168,7168,[7168],8192,14,14,0.7326968908309937,0.010011176578700542,,,,,,,,
NOG-FO,NOG,60,60,5.0,1,y_bar,0.1,12.0,0.3,0.008077043108642101,0.5866215229034424,1,100001,200001,2056694152,sfo,31744,31744,31744,[31744],16384,62,62,0.7326774597167969,0.007532935123890638,,,,,,,,
NOG-FO,NOG,108,108,9.0,1,y_bar,0.1,12.0,0.3,0.007084929849952459,1.0231587886810303,1,100001,200001,2056694152,sfo,56320,56320,56320,[56320],24576,110,110,0.7326099276542664,0.007253131363540888,,,,,,,,
NOG-FO,NOG,156,156,13.0,1,y_bar,0.1,12.0,0.3,0.008653984405100346,1.4935758113861084,1,100001,200001,2056694152,sfo,80896,80896,80896,[80896],32768,158,158,0.7325325608253479,0.007911250926554203,,,,,,,,
NOG-FO,NOG,204,204,17.0,1,y_bar,0.1,12.0,0.3,0.00864744558930397,1.9472897052764893,1,100001,200001,2056694152,sfo,105472,105472,105472,[105472],40960,206,206,0.7324196696281433,0.007751962170004845,,,,,,,,
NOG-FO,NOG,252,252,21.0,1,y_bar,0.1,12.0,0.3,0.007345676422119141,2.4130876064300537,1,100001,200001,2056694152,sfo,130048,130048,130048,[130048],49152,254,254,0.7323600649833679,0.007537011057138443,,,,,,,,
NOG-FO,NOG,300,300,25.0,1,y_bar,0.1,12.0,0.3,0.007115836720913649,2.8924758434295654,1,100001,200001,2056694152,sfo,154624,154624,154624,[154624],57344,302,302,0.7322385907173157,0.00845713634043932,,,,,,,,
NOG-FO,NOG,348,348,29.0,1,y_bar,0.1,12.0,0.3,0.008289101533591747,3.3385508060455322,1,100001,200001,2056694152,sfo,179200,179200,179200,[179200],65536,350,350,0.7322008609771729,0.006677704863250256,,,,,,,,
NOG-FO,NOG,396,396,33.0,1,y_bar,0.1,12.0,0.3,0.006912243086844683,3.812335968017578,1,100001,200001,2056694152,sfo,203776,203776,203776,[203776],73728,398,398,0.7320479154586792,0.006756298243999481,,,,,,,,
NOG-FO,NOG,444,444,37.0,1,y_bar,0.1,12.0,0.3,0.007502728141844273,4.2896974086761475,1,100001,200001,2056694152,sfo,228352,228352,228352,[228352],81920,446,446,0.7319936752319336,0.007454366888850927,,,,,,,,
NOG-FO,NOG,492,492,41.0,1,y_bar,0.1,12.0,0.3,0.007504861801862717,4.778408527374268,1,100001,200001,2056694152,sfo,252928,252928,252928,[252928],90112,494,494,0.7318540811538696,0.007057808805257082,,,,,,,,
NOG-FO,NOG,540,540,45.0,1,y_bar,0.1,12.0,0.3,0.007225922774523497,5.212663412094116,1,100001,200001,2056694152,sfo,277504,277504,277504,[277504],98304,542,542,0.7318243980407715,0.0073695736937224865,,,,,,,,
NOG-FO,NOG,588,588,49.0,1,y_bar,0.1,12.0,0.3,0.007767222356051207,5.683014154434204,1,100001,200001,2056694152,sfo,302080,302080,302080,[302080],106496,590,590,0.7317290902137756,0.007435067556798458,,,,,,,,
NOG-FO,NOG,636,636,53.0,1,y_bar,0.1,12.0,0.3,0.008233293890953064,6.144729375839233,1,100001,200001,2056694152,sfo,326656,326656,326656,[326656],114688,638,638,0.7315953373908997,0.008304442279040813,,,,,,,,
NOG-FO,NOG,684,684,57.0,1,y_bar,0.1,12.0,0.3,0.007779724895954132,6.623187780380249,1,100001,200001,2056694152,sfo,351232,351232,351232,[351232],122880,686,686,0.7314802408218384,0.0066099935211241245,,,,,,,,
NOG-FO,NOG,732,732,61.0,1,y_bar,0.1,12.0,0.3,0.00772177753970027,7.086628198623657,1,100001,200001,2056694152,sfo,375808,375808,375808,[375808],131072,734,734,0.7314059138298035,0.007827330380678177,,,,,,,,
NOG-FO,NOG,780,780,65.0,1,y_bar,0.1,12.0,0.3,0.00787686463445425,7.537247180938721,1,100001,200001,2056694152,sfo,400384,400384,400384,[400384],139264,782,782,0.7313298583030701,0.00705465953797102,,,,,,,,
NOG-FO,NOG,828,828,69.0,1,y_bar,0.1,12.0,0.3,0.0073211477138102055,7.9728357791900635,1,100001,200001,2056694152,sfo,424960,424960,424960,[424960],147456,830,830,0.7312139272689819,0.0074852751567959785,,,,,,,,
NOG-FO,NOG,876,876,73.0,1,y_bar,0.1,12.0,0.3,0.008456270210444927,8.414548635482788,1,100001,200001,2056694152,sfo,449536,449536,449536,[449536],155648,878,878,0.7311426401138306,0.007336783222854137,,,,,,,,
NOG-FO,NOG,924,924,77.0,1,y_bar,0.1,12.0,0.3,0.008411508984863758,8.870158672332764,1,100001,200001,2056694152,sfo,474112,474112,474112,[474112],163840,926,926,0.7310855984687805,0.006940114311873913,,,,,,,,
NOG-FO,NOG,960,960,80.0,1,y_bar,0.1,12.0,0.3,0.007685829885303974,9.208330392837524,1,100001,200001,2056694152,sfo,492544,492544,492544,[492544],172032,962,962,0.731029748916626,0.007079585455358028,,,,,,,,
NOG-FO,NOG,12,12,1.0,2,y_bar,0.1,12.0,0.3,0.010084434412419796,0.25115346908569336,1,100001,200001,1958777996,sfo,7168,7168,3584,"[3584, 3584]",8192,14,14,0.7327013611793518,0.009951218031346798,,,,,,,,
NOG-FO,NOG,60,60,5.0,2,y_bar,0.1,12.0,0.3,0.00865842029452324,1.0849132537841797,1,100001,200001,1958777996,sfo,31744,31744,15872,"[15872, 15872]",16384,62,62,0.7326703071594238,0.007738866843283176,,,,,,,,
NOG-FO,NOG,108,108,9.0,2,y_bar,0.1,12.0,0.3,0.007917001843452454,1.9039130210876465,1,100001,200001,1958777996,sfo,56320,56320,28160,"[28160, 28160]",24576,110,110,0.732584536075592,0.007435244973748922,,,,,,,,
NOG-FO,NOG,156,156,13.0,2,y_bar,0.1,12.0,0.3,0.007880871184170246,2.743539571762085,1,100001,200001,1958777996,sfo,80896,80896,40448,"[40448, 40448]",32768,158,158,0.7324987053871155,0.008081142790615559,,,,,,,,
NOG-FO,NOG,204,204,17.0,2,y_bar,0.1,12.0,0.3,0.007492545992136002,3.540142059326172,1,100001,200001,1958777996,sfo,105472,105472,52736,"[52736, 52736]",40960,206,206,0.7324209809303284,0.007397457491606474,,,,,,,,
NOG-FO,NOG,252,252,21.0,2,y_bar,0.1,12.0,0.3,0.007744207978248596,4.325097560882568,1,100001,200001,1958777996,sfo,130048,130048,65024,"[65024, 65024]",49152,254,254,0.7323536276817322,0.007385274861007929,,,,,,,,
NOG-FO,NOG,300,300,25.0,2,y_bar,0.1,12.0,0.3,0.007686533499509096,5.15437126159668,1,100001,200001,1958777996,sfo,154624,154624,77312,"[77312, 77312]",57344,302,302,0.7322248816490173,0.007781945634633303,,,,,,,,
NOG-FO,NOG,348,348,29.0,2,y_bar,0.1,12.0,0.3,0.0077704149298369884,5.969739675521851,1,100001,200001,1958777996,sfo,179200,179200,89600,"[89600, 89600]",65536,350,350,0.7321528792381287,0.006058379076421261,,,,,,,,
NOG-FO,NOG,396,396,33.0,2,y_bar,0.1,12.0,0.3,0.008237414993345737,6.807446002960205,1,100001,200001,1958777996,sfo,203776,203776,101888,"[101888, 101888]",73728,398,398,0.7320467233657837,0.0069964672438800335,,,,,,,,
NOG-FO,NOG,444,444,37.0,2,y_bar,0.1,12.0,0.3,0.007965058088302612,7.686721086502075,1,100001,200001,1958777996,sfo,228352,228352,114176,"[114176, 114176]",81920,446,446,0.7318950891494751,0.007571317721158266,,,,,,,,
NOG-FO,NOG,492,492,41.0,2,y_bar,0.1,12.0,0.3,0.00705544650554657,8.553325176239014,1,100001,200001,1958777996,sfo,252928,252928,126464,"[126464, 126464]",90112,494,494,0.731816291809082,0.006494466681033373,,,,,,,,
NOG-FO,NOG,540,540,45.0,2,y_bar,0.1,12.0,0.3,0.008106153458356857,9.423827886581421,1,100001,200001,1958777996,sfo,277504,277504,138752,"[138752, 138752]",98304,542,542,0.7317440509796143,0.006964655127376318,,,,,,,,
NOG-FO,NOG,588,588,49.0,2,y_bar,0.1,12.0,0.3,0.008484463207423687,10.301400184631348,1,100001,200001,1958777996,sfo,302080,302080,151040,"[151040, 151040]",106496,590,590,0.7316564321517944,0.007330040447413921,,,,,,,,
NOG-FO,NOG,636,636,53.0,2,y_bar,0.1,12.0,0.3,0.008186870254576206,11.172561883926392,1,100001,200001,1958777996,sfo,326656,326656,163328,"[163328, 163328]",114688,638,638,0.7315886616706848,0.007827977649867535,,,,,,,,
NOG-FO,NOG,684,684,57.0,2,y_bar,0.1,12.0,0.3,0.008211248554289341,12.054439783096313,1,100001,200001,1958777996,sfo,351232,351232,175616,"[175616, 175616]",122880,686,686,0.7315083742141724,0.006527729332447052,,,,,,,,
NOG-FO,NOG,732,732,61.0,2,y_bar,0.1,12.0,0.3,0.007459556218236685,12.91703486442566,1,100001,200001,1958777996,sfo,375808,375808,187904,"[187904, 187904]",131072,734,734,0.7313617467880249,0.00776068726554513,,,,,,,,
NOG-FO,NOG,780,780,65.0,2,y_bar,0.1,12.0,0.3,0.007004358805716038,13.783143997192383,1,100001,200001,1958777996,sfo,400384,400384,200192,"[200192, 200192]",139264,782,782,0.7313287258148193,0.006698357407003641,,,,,,,,
NOG-FO,NOG,828,828,69.0,2,y_bar,0.1,12.0,0.3,0.007921692915260792,14.656649351119995,1,100001,200001,1958777996,sfo,424960,424960,212480,"[212480, 212480]",147456,830,830,0.7312749624252319,0.007180963642895222,,,,,,,,
NOG-FO,NOG,876,876,73.0,2,y_bar,0.1,12.0,0.3,0.007867424748837948,15.555980682373047,1,100001,200001,1958777996,sfo,449536,449536,224768,"[224768, 224768]",155648,878,878,0.7311975359916687,0.007351388689130545,,,,,,,,
NOG-FO,NOG,924,924,77.0,2,y_bar,0.1,12.0,0.3,0.007440273184329271,16.41475248336792,1,100001,200001,1958777996,sfo,474112,474112,237056,"[237056, 237056]",163840,926,926,0.731112539768219,0.0068031488917768,,,,,,,,
NOG-FO,NOG,960,960,80.0,2,y_bar,0.1,12.0,0.3,0.007693866733461618,17.06723928451538,1,100001,200001,1958777996,sfo,492544,492544,246272,"[246272, 246272]",172032,962,962,0.7310545444488525,0.0071326205506920815,,,,,,,,
NOG-FO,NOG,12,12,1.0,4,y_bar,0.1,12.0,0.3,0.009063943289220333,0.45360231399536133,1,100001,200001,354853184,sfo,7168,7168,1792,"[1792, 1792, 1792, 1792]",8192,14,14,0.732703447341919,0.00994779635220766,,,,,,,,
NOG-FO,NOG,60,60,5.0,4,y_bar,0.1,12.0,0.3,0.007902644574642181,2.112767457962036,1,100001,200001,354853184,sfo,31744,31744,7936,"[7936, 7936, 7936, 7936]",16384,62,62,0.7326463460922241,0.007472014985978603,,,,,,,,
NOG-FO,NOG,108,108,9.0,4,y_bar,0.1,12.0,0.3,0.008788666687905788,3.7477385997772217,1,100001,200001,354853184,sfo,56320,56320,14080,"[14080, 14080, 14080, 14080]",24576,110,110,0.7325833439826965,0.0070009995251894,,,,,,,,
NOG-FO,NOG,156,156,13.0,4,y_bar,0.1,12.0,0.3,0.007958565838634968,5.343757152557373,1,100001,200001,354853184,sfo,80896,80896,20224,"[20224, 20224, 20224, 20224]",32768,158,158,0.7325000166893005,0.0076910750940442085,,,,,,,,
NOG-FO,NOG,204,204,17.0,4,y_bar,0.1,12.0,0.3,0.007827460765838623,6.933048725128174,1,100001,200001,354853184,sfo,105472,105472,26368,"[26368, 26368, 26368, 26368]",40960,206,206,0.7324531078338623,0.007519950158894062,,,,,,,,
NOG-FO,NOG,252,252,21.0,4,y_bar,0.1,12.0,0.3,0.007920215837657452,8.500092267990112,1,100001,200001,354853184,sfo,130048,130048,32512,"[32512, 32512, 32512, 32512]",49152,254,254,0.732345461845398,0.007536123041063547,,,,,,,,
NOG-FO,NOG,300,300,25.0,4,y_bar,0.1,12.0,0.3,0.007952618412673473,10.11073112487793,1,100001,200001,354853184,sfo,154624,154624,38656,"[38656, 38656, 38656, 38656]",57344,302,302,0.7322394847869873,0.008631838485598564,,,,,,,,
NOG-FO,NOG,348,348,29.0,4,y_bar,0.1,12.0,0.3,0.007891650311648846,11.678696155548096,1,100001,200001,354853184,sfo,179200,179200,44800,"[44800, 44800, 44800, 44800]",65536,350,350,0.7321790456771851,0.006130913272500038,,,,,,,,
NOG-FO,NOG,396,396,33.0,4,y_bar,0.1,12.0,0.3,0.007944920100271702,13.312489032745361,1,100001,200001,354853184,sfo,203776,203776,50944,"[50944, 50944, 50944, 50944]",73728,398,398,0.732088565826416,0.006785363424569368,,,,,,,,
NOG-FO,NOG,444,444,37.0,4,y_bar,0.1,12.0,0.3,0.008431782945990562,14.930903673171997,1,100001,200001,354853184,sfo,228352,228352,57088,"[57088, 57088, 57088, 57088]",81920,446,446,0.7319472432136536,0.007498830556869507,,,,,,,,
NOG-FO,NOG,492,492,41.0,4,y_bar,0.1,12.0,0.3,0.0072892941534519196,16.571358680725098,1,100001,200001,354853184,sfo,252928,252928,63232,"[63232, 63232, 63232, 63232]",90112,494,494,0.7318490147590637,0.006497499532997608,,,,,,,,
NOG-FO,NOG,540,540,45.0,4,y_bar,0.1,12.0,0.3,0.008146341890096664,18.240692138671875,1,100001,200001,354853184,sfo,277504,277504,69376,"[69376, 69376, 69376, 69376]",98304,542,542,0.7317628860473633,0.0066644917242228985,,,,,,,,
NOG-FO,NOG,588,588,49.0,4,y_bar,0.1,12.0,0.3,0.007265621796250343,19.974156618118286,1,100001,200001,354853184,sfo,302080,302080,75520,"[75520, 75520, 75520, 75520]",106496,590,590,0.7316474914550781,0.007046295329928398,,,,,,,,
NOG-FO,NOG,636,636,53.0,4,y_bar,0.1,12.0,0.3,0.008065559901297092,21.681344985961914,1,100001,200001,354853184,sfo,326656,326656,81664,"[81664, 81664, 81664, 81664]",114688,638,638,0.7315816283226013,0.008244255557656288,,,,,,,,
NOG-FO,NOG,684,684,57.0,4,y_bar,0.1,12.0,0.3,0.007578733377158642,23.337376832962036,1,100001,200001,354853184,sfo,351232,351232,87808,"[87808, 87808, 87808, 87808]",122880,686,686,0.731501042842865,0.0063737197779119015,,,,,,,,
NOG-FO,NOG,732,732,61.0,4,y_bar,0.1,12.0,0.3,0.007718943990767002,25.016212224960327,1,100001,200001,354853184,sfo,375808,375808,93952,"[93952, 93952, 93952, 93952]",131072,734,734,0.7314128875732422,0.007899035699665546,,,,,,,,
NOG-FO,NOG,780,780,65.0,4,y_bar,0.1,12.0,0.3,0.007703940849751234,26.58593511581421,1,100001,200001,354853184,sfo,400384,400384,100096,"[100096, 100096, 100096, 100096]",139264,782,782,0.7313469648361206,0.006544089410454035,,,,,,,,
NOG-FO,NOG,828,828,69.0,4,y_bar,0.1,12.0,0.3,0.007683848962187767,28.258845567703247,1,100001,200001,354853184,sfo,424960,424960,106240,"[106240, 106240, 106240, 106240]",147456,830,830,0.7312545776367188,0.0073651582933962345,,,,,,,,
NOG-FO,NOG,876,876,73.0,4,y_bar,0.1,12.0,0.3,0.007902441546320915,29.83759617805481,1,100001,200001,354853184,sfo,449536,449536,112384,"[112384, 112384, 112384, 112384]",155648,878,878,0.7311745882034302,0.007298665586858988,,,,,,,,
NOG-FO,NOG,924,924,77.0,4,y_bar,0.1,12.0,0.3,0.006967809051275253,31.426143169403076,1,100001,200001,354853184,sfo,474112,474112,118528,"[118528, 118528, 118528, 118528]",163840,926,926,0.7310912609100342,0.006740192417055368,,,,,,,,
NOG-FO,NOG,960,960,80.0,4,y_bar,0.1,12.0,0.3,0.007708752062171698,32.610981702804565,1,100001,200001,354853184,sfo,492544,492544,123136,"[123136, 123136, 123136, 123136]",172032,962,962,0.7310667037963867,0.0071625602431595325,,,,,,,,
NOG-FO,NOG,12,12,1.0,8,y_bar,0.1,12.0,0.3,0.010124942287802696,0.8188838958740234,1,100001,200001,129676976,sfo,7168,7168,896,"[896, 896, 896, 896, 896, 896, 896, 896]",8192,14,14,0.7327144742012024,0.009895846247673035,,,,,,,,
NOG-FO,NOG,60,60,5.0,8,y_bar,0.1,12.0,0.3,0.008650197647511959,3.9775750637054443,1,100001,200001,129676976,sfo,31744,31744,3968,"[3968, 3968, 3968, 3968, 3968, 3968, 3968, 3968]",16384,62,62,0.7326595783233643,0.00773471686989069,,,,,,,,
NOG-FO,NOG,108,108,9.0,8,y_bar,0.1,12.0,0.3,0.007288036402314901,7.152758836746216,1,100001,200001,129676976,sfo,56320,56320,7040,"[7040, 7040, 7040, 7040, 7040, 7040, 7040, 7040]",24576,110,110,0.7326169610023499,0.00742284907028079,,,,,,,,
NOG-FO,NOG,156,156,13.0,8,y_bar,0.1,12.0,0.3,0.00812075100839138,10.26024341583252,1,100001,200001,129676976,sfo,80896,80896,10112,"[10112, 10112, 10112, 10112, 10112, 10112, 10112, 10112]",32768,158,158,0.732479453086853,0.00776590034365654,,,,,,,,
NOG-FO,NOG,204,204,17.0,8,y_bar,0.1,12.0,0.3,0.007539067883044481,13.435665369033813,1,100001,200001,129676976,sfo,105472,105472,13184,"[13184, 13184, 13184, 13184, 13184, 13184, 13184, 13184]",40960,206,206,0.7324380874633789,0.007392140105366707,,,,,,,,
NOG-FO,NOG,252,252,21.0,8,y_bar,0.1,12.0,0.3,0.006955140270292759,16.582385540008545,1,100001,200001,129676976,sfo,130048,130048,16256,"[16256, 16256, 16256, 16256, 16256, 16256, 16256, 16256]",49152,254,254,0.7323614358901978,0.0069532557390630245,,,,,,,,
NOG-FO,NOG,300,300,25.0,8,y_bar,0.1,12.0,0.3,0.007661221548914909,19.76389479637146,1,100001,200001,129676976,sfo,154624,154624,19328,"[19328, 19328, 19328, 19328, 19328, 19328, 19328, 19328]",57344,302,302,0.7322371006011963,0.008322566747665405,,,,,,,,
NOG-FO,NOG,348,348,29.0,8,y_bar,0.1,12.0,0.3,0.008075736463069916,22.93183445930481,1,100001,200001,129676976,sfo,179200,179200,22400,"[22400, 22400, 22400, 22400, 22400, 22400, 22400, 22400]",65536,350,350,0.7321367263793945,0.006303164176642895,,,,,,,,
NOG-FO,NOG,396,396,33.0,8,y_bar,0.1,12.0,0.3,0.0076034837402403355,25.870142936706543,1,100001,200001,129676976,sfo,203776,203776,25472,"[25472, 25472, 25472, 25472, 25472, 25472, 25472, 25472]",73728,398,398,0.7320538759231567,0.006615139544010162,,,,,,,,
NOG-FO,NOG,444,444,37.0,8,y_bar,0.1,12.0,0.3,0.008332667872309685,28.974626541137695,1,100001,200001,129676976,sfo,228352,228352,28544,"[28544, 28544, 28544, 28544, 28544, 28544, 28544, 28544]",81920,446,446,0.731900155544281,0.007494868710637093,,,,,,,,
NOG-FO,NOG,492,492,41.0,8,y_bar,0.1,12.0,0.3,0.006839482579380274,32.22262787818909,1,100001,200001,129676976,sfo,252928,252928,31616,"[31616, 31616, 31616, 31616, 31616, 31616, 31616, 31616]",90112,494,494,0.7317785024642944,0.006486425641924143,,,,,,,,
NOG-FO,NOG,540,540,45.0,8,y_bar,0.1,12.0,0.3,0.008143799379467964,35.3791823387146,1,100001,200001,129676976,sfo,277504,277504,34688,"[34688, 34688, 34688, 34688, 34688, 34688, 34688, 34688]",98304,542,542,0.7316892743110657,0.006776951719075441,,,,,,,,
NOG-FO,NOG,588,588,49.0,8,y_bar,0.1,12.0,0.3,0.007270509842783213,38.45900106430054,1,100001,200001,129676976,sfo,302080,302080,37760,"[37760, 37760, 37760, 37760, 37760, 37760, 37760, 37760]",106496,590,590,0.7316139936447144,0.007410403341054916,,,,,,,,
NOG-FO,NOG,636,636,53.0,8,y_bar,0.1,12.0,0.3,0.007260072510689497,41.56814408302307,1,100001,200001,129676976,sfo,326656,326656,40832,"[40832, 40832, 40832, 40832, 40832, 40832, 40832, 40832]",114688,638,638,0.7315189838409424,0.008096035569906235,,,,,,,,
NOG-FO,NOG,684,684,57.0,8,y_bar,0.1,12.0,0.3,0.007795795798301697,44.70967936515808,1,100001,200001,129676976,sfo,351232,351232,43904,"[43904, 43904, 43904, 43904, 43904, 43904, 43904, 43904]",122880,686,686,0.731430172920227,0.006859106943011284,,,,,,,,
NOG-FO,NOG,732,732,61.0,8,y_bar,0.1,12.0,0.3,0.007231329567730427,47.81625843048096,1,100001,200001,129676976,sfo,375808,375808,46976,"[46976, 46976, 46976, 46976, 46976, 46976, 46976, 46976]",131072,734,734,0.7313894629478455,0.007704947609454393,,,,,,,,
NOG-FO,NOG,780,780,65.0,8,y_bar,0.1,12.0,0.3,0.008417701348662376,51.04989981651306,1,100001,200001,129676976,sfo,400384,400384,50048,"[50048, 50048, 50048, 50048, 50048, 50048, 50048, 50048]",139264,782,782,0.7313492298126221,0.0075593506917357445,,,,,,,,
NOG-FO,NOG,828,828,69.0,8,y_bar,0.1,12.0,0.3,0.007651197258383036,54.081037282943726,1,100001,200001,129676976,sfo,424960,424960,53120,"[53120, 53120, 53120, 53120, 53120, 53120, 53120, 53120]",147456,830,830,0.7312861680984497,0.007412344217300415,,,,,,,,
NOG-FO,NOG,876,876,73.0,8,y_bar,0.1,12.0,0.3,0.00824167300015688,57.04141640663147,1,100001,200001,129676976,sfo,449536,449536,56192,"[56192, 56192, 56192, 56192, 56192, 56192, 56192, 56192]",155648,878,878,0.7312127351760864,0.0070233335718512535,,,,,,,,
NOG-FO,NOG,924,924,77.0,8,y_bar,0.1,12.0,0.3,0.00831048097461462,60.200236082077026,1,100001,200001,129676976,sfo,474112,474112,59264,"[59264, 59264, 59264, 59264, 59264, 59264, 59264, 59264]",163840,926,926,0.7311562299728394,0.007083189208060503,,,,,,,,
NOG-FO,NOG,960,960,80.0,8,y_bar,0.1,12.0,0.3,0.007444531656801701,62.61485815048218,1,100001,200001,129676976,sfo,492544,492544,61568,"[61568, 61568, 61568, 61568, 61568, 61568, 61568, 61568]",172032,962,962,0.731098473072052,0.007539086975157261,,,,,,,,
ME-DOL-FO,ME-DOL,12,12,,8,epoch_w_bar,0.1,,0.000637887953849786,,0.18986845016479492,1,100001,200001,982006998,sfo,96,96,12,"[12, 12, 12, 12, 12, 12, 12, 12]",8192,12,12,0.7326535582542419,0.010678094811737537,12.0,0.002209708691207961,3.0,,,,,
ME-DOL-FO,ME-DOL,60,60,,8,epoch_w_bar,0.1,,0.000637887953849786,,0.6983604431152344,1,100001,200001,982006998,sfo,480,480,60,"[60, 60, 60, 60, 60, 60, 60, 60]",16384,60,60,0.7326789498329163,0.010505353100597858,12.0,0.002209708691207961,3.0,,,,,
ME-DOL-FO,ME-DOL,108,108,,8,epoch_w_bar,0.1,,0.000637887953849786,,1.2198841571807861,1,100001,200001,982006998,sfo,864,864,108,"[108, 108, 108, 108, 108, 108, 108, 108]",24576,108,108,0.7326828241348267,0.009749951772391796,12.0,0.002209708691207961,3.0,,,,,
ME-DOL-FO,ME-DOL,156,156,,8,epoch_w_bar,0.1,,0.000637887953849786,,1.709381103515625,1,100001,200001,982006998,sfo,1248,1248,156,"[156, 156, 156, 156, 156, 156, 156, 156]",32768,156,156,0.7326854467391968,0.010020271874964237,12.0,0.002209708691207961,3.0,,,,,
ME-DOL-FO,ME-DOL,204,204,,8,epoch_w_bar,0.1,,0.000637887953849786,,2.2075178623199463,1,100001,200001,982006998,sfo,1632,1632,204,"[204, 204, 204, 204, 204, 204, 204, 204]",40960,204,204,0.7326810359954834,0.009695030748844147,12.0,0.002209708691207961,3.0,,,,,
ME-DOL-FO,ME-DOL,252,252,,8,epoch_w_bar,0.1,,0.000637887953849786,,2.7011735439300537,1,100001,200001,982006998,sfo,2016,2016,252,"[252, 252, 252, 252, 252, 252, 252, 252]",49152,252,252,0.7326859831809998,0.010428953915834427,12.0,0.002209708691207961,3.0,,,,,
ME-DOL-FO,ME-DOL,300,300,,8,epoch_w_bar,0.1,,0.000637887953849786,,3.1997201442718506,1,100001,200001,982006998,sfo,2400,2400,300,"[300, 300, 300, 300, 300, 300, 300, 300]",57344,300,300,0.7326909899711609,0.012011773884296417,12.0,0.002209708691207961,3.0,,,,,
ME-DOL-FO,ME-DOL,348,348,,8,epoch_w_bar,0.1,,0.000637887953849786,,3.6455893516540527,1,100001,200001,982006998,sfo,2784,2784,348,"[348, 348, 348, 348, 348, 348, 348, 348]",65536,348,348,0.7326978445053101,0.009024880826473236,12.0,0.002209708691207961,3.0,,,,,
ME-DOL-FO,ME-DOL,396,396,,8,epoch_w_bar,0.1,,0.000637887953849786,,4.157221794128418,1,100001,200001,982006998,sfo,3168,3168,396,"[396, 396, 396, 396, 396, 396, 396, 396]",73728,396,396,0.7326998114585876,0.009509383700788021,12.0,0.002209708691207961,3.0,,,,,
ME-DOL-FO,ME-DOL,444,444,,8,epoch_w_bar,0.1,,0.000637887953849786,,4.675675630569458,1,100001,200001,982006998,sfo,3552,3552,444,"[444, 444, 444, 444, 444, 444, 444, 444]",81920,444,444,0.7327028512954712,0.009953456930816174,12.0,0.002209708691207961,3.0,,,,,
ME-DOL-FO,ME-DOL,492,492,,8,epoch_w_bar,0.1,,0.000637887953849786,,5.194234609603882,1,100001,200001,982006998,sfo,3936,3936,492,"[492, 492, 492, 492, 492, 492, 492, 492]",90112,492,492,0.7327105402946472,0.009744556620717049,12.0,0.002209708691207961,3.0,,,,,
ME-DOL-FO,ME-DOL,540,540,,8,epoch_w_bar,0.1,,0.000637887953849786,,5.692306280136108,1,100001,200001,982006998,sfo,4320,4320,540,"[540, 540, 540, 540, 540, 540, 540, 540]",98304,540,540,0.7327014207839966,0.009059729054570198,12.0,0.002209708691207961,3.0,,,,,
ME-DOL-FO,ME-DOL,588,588,,8,epoch_w_bar,0.1,,0.000637887953849786,,6.237524509429932,1,100001,200001,982006998,sfo,4704,4704,588,"[588, 588, 588, 588, 588, 588, 588, 588]",106496,588,588,0.7326985001564026,0.009781202301383018,12.0,0.002209708691207961,3.0,,,,,
ME-DOL-FO,ME-DOL,636,636,,8,epoch_w_bar,0.1,,0.000637887953849786,,6.7316060066223145,1,100001,200001,982006998,sfo,5088,5088,636,"[636, 636, 636, 636, 636, 636, 636, 636]",114688,636,636,0.7326924204826355,0.009434040635824203,12.0,0.002209708691207961,3.0,,,,,
ME-DOL-FO,ME-DOL,684,684,,8,epoch_w_bar,0.1,,0.000637887953849786,,7.270330905914307,1,100001,200001,982006998,sfo,5472,5472,684,"[684, 684, 684, 684, 684, 684, 684, 684]",122880,684,684,0.7326961755752563,0.009347587823867798,12.0,0.002209708691207961,3.0,,,,,
ME-DOL-FO,ME-DOL,732,732,,8,epoch_w_bar,0.1,,0.000637887953849786,,7.746315002441406,1,100001,200001,982006998,sfo,5856,5856,732,"[732, 732, 732, 732, 732, 732, 732, 732]",131072,732,732,0.7326987385749817,0.009866898879408836,12.0,0.002209708691207961,3.0,,,,,
ME-DOL-FO,ME-DOL,780,780,,8,epoch_w_bar,0.1,,0.000637887953849786,,8.27829098701477,1,100001,200001,982006998,sfo,6240,6240,780,"[780, 780, 780, 780, 780, 780, 780, 780]",139264,780,780,0.7326962947845459,0.01006578654050827,12.0,0.002209708691207961,3.0,,,,,
ME-DOL-FO,ME-DOL,828,828,,8,epoch_w_bar,0.1,,0.000637887953849786,,8.783802270889282,1,100001,200001,982006998,sfo,6624,6624,828,"[828, 828, 828, 828, 828, 828, 828, 828]",147456,828,828,0.7326949834823608,0.00986907072365284,12.0,0.002209708691207961,3.0,,,,,
ME-DOL-FO,ME-DOL,876,876,,8,epoch_w_bar,0.1,,0.000637887953849786,,9.300916194915771,1,100001,200001,982006998,sfo,7008,7008,876,"[876, 876, 876, 876, 876, 876, 876, 876]",155648,876,876,0.7326975464820862,0.01022339891642332,12.0,0.002209708691207961,3.0,,,,,
ME-DOL-FO,ME-DOL,924,924,,8,epoch_w_bar,0.1,,0.000637887953849786,,9.810791015625,1,100001,200001,982006998,sfo,7392,7392,924,"[924, 924, 924, 924, 924, 924, 924, 924]",163840,924,924,0.732704222202301,0.008786926046013832,12.0,0.002209708691207961,3.0,,,,,
ME-DOL-FO,ME-DOL,960,960,,8,epoch_w_bar,0.1,,0.000637887953849786,,10.227836847305298,1,100001,200001,982006998,sfo,7680,7680,960,"[960, 960, 960, 960, 960, 960, 960, 960]",172032,960,960,0.7327062487602234,0.009334273636341095,12.0,0.002209708691207961,3.0,,,,,
NOG-ZO,NOG,12,12,1.0,1,y_bar,0.1,12.0,0.3,0.07860416173934937,0.10953903198242188,1,100001,200001,455402669,szo,14336,14336,14336,[14336],8192,14,14,0.7327291369438171,0.0108156967908144,,,,,,,,
NOG-ZO,NOG,60,60,5.0,1,y_bar,0.1,12.0,0.3,0.06037959083914757,0.38707423210144043,1,100001,200001,455402669,szo,63488,63488,63488,[63488],16384,62,62,0.7328212857246399,0.010438185185194016,,,,,,,,
NOG-ZO,NOG,108,108,9.0,1,y_bar,0.1,12.0,0.3,0.08131338655948639,0.6719832420349121,1,100001,200001,455402669,szo,112640,112640,112640,[112640],24576,110,110,0.7328699231147766,0.009917481802403927,,,,,,,,
NOG-ZO,NOG,156,156,13.0,1,y_bar,0.1,12.0,0.3,0.06964588165283203,0.9538166522979736,1,100001,200001,455402669,szo,161792,161792,161792,[161792],32768,158,158,0.7329021692276001,0.010519657284021378,,,,,,,,
NOG-ZO,NOG,204,204,17.0,1,y_bar,0.1,12.0,0.3,0.06923354417085648,1.2446198463439941,1,100001,200001,455402669,szo,210944,210944,210944,[210944],40960,206,206,0.7329126596450806,0.009984041564166546,,,,,,,,
NOG-ZO,NOG,252,252,21.0,1,y_bar,0.1,12.0,0.3,0.07400646060705185,1.5266306400299072,1,100001,200001,455402669,szo,260096,260096,260096,[260096],49152,254,254,0.732893168926239,0.010514453984797001,,,,,,,,
NOG-ZO,NOG,300,300,25.0,1,y_bar,0.1,12.0,0.3,0.07930272072553635,1.8090887069702148,1,100001,200001,455402669,szo,309248,309248,309248,[309248],57344,302,302,0.732927680015564,0.011472966521978378,,,,,,,,
NOG-ZO,NOG,348,348,29.0,1,y_bar,0.1,12.0,0.3,0.07225750386714935,2.0881547927856445,1,100001,200001,455402669,szo,358400,358400,358400,[358400],65536,350,350,0.7329391837120056,0.008806541562080383,,,,,,,,
NOG-ZO,NOG,396,396,33.0,1,y_bar,0.1,12.0,0.3,0.07665745168924332,2.3972432613372803,1,100001,200001,455402669,szo,407552,407552,407552,[407552],73728,398,398,0.7329650521278381,0.009786823764443398,,,,,,,,
NOG-ZO,NOG,444,444,37.0,1,y_bar,0.1,12.0,0.3,0.06918717920780182,2.682291269302368,1,100001,200001,455402669,szo,456704,456704,456704,[456704],81920,446,446,0.732968270778656,0.010277194902300835,,,,,,,,
NOG-ZO,NOG,492,492,41.0,1,y_bar,0.1,12.0,0.3,0.06917555630207062,2.9627506732940674,1,100001,200001,455402669,szo,505856,505856,505856,[505856],90112,494,494,0.7329524159431458,0.00984538346529007,,,,,,,,
NOG-ZO,NOG,540,540,45.0,1,y_bar,0.1,12.0,0.3,0.07375865429639816,3.265953779220581,1,100001,200001,455402669,szo,555008,555008,555008,[555008],98304,542,542,0.7329158186912537,0.009232370182871819,,,,,,,,
NOG-ZO,NOG,588,588,49.0,1,y_bar,0.1,12.0,0.3,0.059244200587272644,3.558605432510376,1,100001,200001,455402669,szo,604160,604160,604160,[604160],106496,590,590,0.7328903079032898,0.00927688553929329,,,,,,,,
NOG-ZO,NOG,636,636,53.0,1,y_bar,0.1,12.0,0.3,0.06625628471374512,3.841390371322632,1,100001,200001,455402669,szo,653312,653312,653312,[653312],114688,638,638,0.7328855991363525,0.00960644893348217,,,,,,,,
NOG-ZO,NOG,684,684,57.0,1,y_bar,0.1,12.0,0.3,0.07341087609529495,4.142739534378052,1,100001,200001,455402669,szo,702464,702464,702464,[702464],122880,686,686,0.7329204082489014,0.009009743109345436,,,,,,,,
NOG-ZO,NOG,732,732,61.0,1,y_bar,0.1,12.0,0.3,0.08291009068489075,4.4310712814331055,1,100001,200001,455402669,szo,751616,751616,751616,[751616],131072,734,734,0.7329270243644714,0.010282470844686031,,,,,,,,
NOG-ZO,NOG,780,780,65.0,1,y_bar,0.1,12.0,0.3,0.07394993305206299,4.719013452529907,1,100001,200001,455402669,szo,800768,800768,800768,[800768],139264,782,782,0.7329273223876953,0.009486791677772999,,,,,,,,
NOG-ZO,NOG,828,828,69.0,1,y_bar,0.1,12.0,0.3,0.08078008890151978,5.01002836227417,1,100001,200001,455402669,szo,849920,849920,849920,[849920],147456,830,830,0.73296058177948,0.010070513002574444,,,,,,,,
NOG-ZO,NOG,876,876,73.0,1,y_bar,0.1,12.0,0.3,0.0742652490735054,5.307198524475098,1,100001,200001,455402669,szo,899072,899072,899072,[899072],155648,878,878,0.7329243421554565,0.009422093629837036,,,,,,,,
NOG-ZO,NOG,924,924,77.0,1,y_bar,0.1,12.0,0.3,0.06969901919364929,5.585278034210205,1,100001,200001,455402669,szo,948224,948224,948224,[948224],163840,926,926,0.7329269051551819,0.009146555326879025,,,,,,,,
NOG-ZO,NOG,960,960,80.0,1,y_bar,0.1,12.0,0.3,0.07070312649011612,5.822977542877197,1,100001,200001,455402669,szo,985088,985088,985088,[985088],172032,962,962,0.7329204678535461,0.009019345976412296,,,,,,,,
NOG-ZO,NOG,12,12,1.0,2,y_bar,0.1,12.0,0.3,0.07298321276903152,0.16785907745361328,1,100001,200001,883829,szo,14336,14336,7168,"[7168, 7168]",8192,14,14,0.7327090501785278,0.010714535601437092,,,,,,,,
NOG-ZO,NOG,60,60,5.0,2,y_bar,0.1,12.0,0.3,0.06855449080467224,0.6548881530761719,1,100001,200001,883829,szo,63488,63488,31744,"[31744, 31744]",16384,62,62,0.7328301072120667,0.01030721701681614,,,,,,,,
NOG-ZO,NOG,108,108,9.0,2,y_bar,0.1,12.0,0.3,0.0778048187494278,1.1456186771392822,1,100001,200001,883829,szo,112640,112640,56320,"[56320, 56320]",24576,110,110,0.732883095741272,0.009831113740801811,,,,,,,,
NOG-ZO,NOG,156,156,13.0,2,y_bar,0.1,12.0,0.3,0.0673833116889,1.6516079902648926,1,100001,200001,883829,szo,161792,161792,80896,"[80896, 80896]",32768,158,158,0.7328534126281738,0.009617791511118412,,,,,,,,
NOG-ZO,NOG,204,204,17.0,2,y_bar,0.1,12.0,0.3,0.08277034014463425,2.15177321434021,1,100001,200001,883829,szo,210944,210944,105472,"[105472, 105472]",40960,206,206,0.7328511476516724,0.0096959313377738,,,,,,,,
NOG-ZO,NOG,252,252,21.0,2,y_bar,0.1,12.0,0.3,0.07307177782058716,2.6509358882904053,1,100001,200001,883829,szo,260096,260096,130048,"[130048, 130048]",49152,254,254,0.7328745722770691,0.010410192422568798,,,,,,,,
NOG-ZO,NOG,300,300,25.0,2,y_bar,0.1,12.0,0.3,0.07024229317903519,3.150501251220703,1,100001,200001,883829,szo,309248,309248,154624,"[154624, 154624]",57344,302,302,0.732919454574585,0.011714846827089787,,,,,,,,
NOG-ZO,NOG,348,348,29.0,2,y_bar,0.1,12.0,0.3,0.08686951547861099,3.6390480995178223,1,100001,200001,883829,szo,358400,358400,179200,"[179200, 179200]",65536,350,350,0.732934832572937,0.00870394054800272,,,,,,,,
NOG-ZO,NOG,396,396,33.0,2,y_bar,0.1,12.0,0.3,0.07469825446605682,4.168826580047607,1,100001,200001,883829,szo,407552,407552,203776,"[203776, 203776]",73728,398,398,0.7329510450363159,0.00959174893796444,,,,,,,,
NOG-ZO,NOG,444,444,37.0,2,y_bar,0.1,12.0,0.3,0.07551834732294083,4.6747095584869385,1,100001,200001,883829,szo,456704,456704,228352,"[228352, 228352]",81920,446,446,0.7329765558242798,0.009888957254588604,,,,,,,,
NOG-ZO,NOG,492,492,41.0,2,y_bar,0.1,12.0,0.3,0.06689377874135971,5.155405759811401,1,100001,200001,883829,szo,505856,505856,252928,"[252928, 252928]",90112,494,494,0.7330096364021301,0.010011822916567326,,,,,,,,
NOG-ZO,NOG,540,540,45.0,2,y_bar,0.1,12.0,0.3,0.07909894734621048,5.643249273300171,1,100001,200001,883829,szo,555008,555008,277504,"[277504, 277504]",98304,542,542,0.7330211400985718,0.009257213212549686,,,,,,,,
NOG-ZO,NOG,588,588,49.0,2,y_bar,0.1,12.0,0.3,0.08255965262651443,6.123357057571411,1,100001,200001,883829,szo,604160,604160,302080,"[302080, 302080]",106496,590,590,0.7330283522605896,0.009426879696547985,,,,,,,,
NOG-ZO,NOG,636,636,53.0,2,y_bar,0.1,12.0,0.3,0.0791209265589714,6.6112892627716064,1,100001,200001,883829,szo,653312,653312,326656,"[326656, 326656]",114688,638,638,0.7329835295677185,0.009594250470399857,,,,,,,,
NOG-ZO,NOG,684,684,57.0,2,y_bar,0.1,12.0,0.3,0.07282224297523499,7.090834379196167,1,100001,200001,883829,szo,702464,702464,351232,"[351232, 351232]",122880,686,686,0.7329554557800293,0.009163344278931618,,,,,,,,
NOG-ZO,NOG,732,732,61.0,2,y_bar,0.1,12.0,0.3,0.06744682043790817,7.579901456832886,1,100001,200001,883829,szo,751616,751616,375808,"[375808, 375808]",131072,734,734,0.7329286336898804,0.009481833316385746,,,,,,,,
NOG-ZO,NOG,780,780,65.0,2,y_bar,0.1,12.0,0.3,0.07669747620820999,8.072191715240479,1,100001,200001,883829,szo,800768,800768,400384,"[400384, 400384]",139264,782,782,0.7328924536705017,0.00908163283020258,,,,,,,,
NOG-ZO,NOG,828,828,69.0,2,y_bar,0.1,12.0,0.3,0.08299054950475693,8.605813026428223,1,100001,200001,883829,szo,849920,849920,424960,"[424960, 424960]",147456,830,830,0.7329086065292358,0.009030302986502647,,,,,,,,
NOG-ZO,NOG,876,876,73.0,2,y_bar,0.1,12.0,0.3,0.07449961453676224,9.083894491195679,1,100001,200001,883829,szo,899072,899072,449536,"[449536, 449536]",155648,878,878,0.73288893699646,0.009502754546701908,,,,,,,,
NOG-ZO,NOG,924,924,77.0,2,y_bar,0.1,12.0,0.3,0.07549650222063065,9.572157859802246,1,100001,200001,883829,szo,948224,948224,474112,"[474112, 474112]",163840,926,926,0.7329506874084473,0.00794913712888956,,,,,,,,
NOG-ZO,NOG,960,960,80.0,2,y_bar,0.1,12.0,0.3,0.07324972748756409,9.947432041168213,1,100001,200001,883829,szo,985088,985088,492544,"[492544, 492544]",172032,962,962,0.7329391241073608,0.00881627295166254,,,,,,,,
NOG-ZO,NOG,12,12,1.0,4,y_bar,0.1,12.0,0.3,0.06295192986726761,0.26706504821777344,1,100001,200001,10169594,szo,14336,14336,3584,"[3584, 3584, 3584, 3584]",8192,14,14,0.7327103614807129,0.010760487988591194,,,,,,,,
NOG-ZO,NOG,60,60,5.0,4,y_bar,0.1,12.0,0.3,0.072278693318367,1.164006233215332,1,100001,200001,10169594,szo,63488,63488,15872,"[15872, 15872, 15872, 15872]",16384,62,62,0.7328090667724609,0.010367881506681442,,,,,,,,
NOG-ZO,NOG,108,108,9.0,4,y_bar,0.1,12.0,0.3,0.07012245059013367,2.0578291416168213,1,100001,200001,10169594,szo,112640,112640,28160,"[28160, 28160, 28160, 28160]",24576,110,110,0.7328572273254395,0.009725402109324932,,,,,,,,
NOG-ZO,NOG,156,156,13.0,4,y_bar,0.1,12.0,0.3,0.07124459743499756,3.0091423988342285,1,100001,200001,10169594,szo,161792,161792,40448,"[40448, 40448, 40448, 40448]",32768,158,158,0.7329273223876953,0.0096930842846632,,,,,,,,
NOG-ZO,NOG,204,204,17.0,4,y_bar,0.1,12.0,0.3,0.06166071444749832,3.9027533531188965,1,100001,200001,10169594,szo,210944,210944,52736,"[52736, 52736, 52736, 52736]",40960,206,206,0.732930600643158,0.010028238408267498,,,,,,,,
NOG-ZO,NOG,252,252,21.0,4,y_bar,0.1,12.0,0.3,0.07924181967973709,4.798400163650513,1,100001,200001,10169594,szo,260096,260096,65024,"[65024, 65024, 65024, 65024]",49152,254,254,0.7329532504081726,0.010613635182380676,,,,,,,,
NOG-ZO,NOG,300,300,25.0,4,y_bar,0.1,12.0,0.3,0.06470665335655212,5.703176975250244,1,100001,200001,10169594,szo,309248,309248,77312,"[77312, 77312, 77312, 77312]",57344,302,302,0.7329887747764587,0.011539612896740437,,,,,,,,
NOG-ZO,NOG,348,348,29.0,4,y_bar,0.1,12.0,0.3,0.06664512306451797,6.606097936630249,1,100001,200001,10169594,szo,358400,358400,89600,"[89600, 89600, 89600, 89600]",65536,350,350,0.7329634428024292,0.009173350408673286,,,,,,,,
NOG-ZO,NOG,396,396,33.0,4,y_bar,0.1,12.0,0.3,0.07657107710838318,7.511678695678711,1,100001,200001,10169594,szo,407552,407552,101888,"[101888, 101888, 101888, 101888]",73728,398,398,0.7329359650611877,0.009449787437915802,,,,,,,,
NOG-ZO,NOG,444,444,37.0,4,y_bar,0.1,12.0,0.3,0.06845680624246597,8.440923690795898,1,100001,200001,10169594,szo,456704,456704,114176,"[114176, 114176, 114176, 114176]",81920,446,446,0.7329011559486389,0.01004219613969326,,,,,,,,
NOG-ZO,NOG,492,492,41.0,4,y_bar,0.1,12.0,0.3,0.06758778542280197,9.37175703048706,1,100001,200001,10169594,szo,505856,505856,126464,"[126464, 126464, 126464, 126464]",90112,494,494,0.732909083366394,0.009361262433230877,,,,,,,,
NOG-ZO,NOG,540,540,45.0,4,y_bar,0.1,12.0,0.3,0.07704339921474457,10.306455850601196,1,100001,200001,10169594,szo,555008,555008,138752,"[138752, 138752, 138752, 138752]",98304,542,542,0.7329254746437073,0.009141565300524235,,,,,,,,
NOG-ZO,NOG,588,588,49.0,4,y_bar,0.1,12.0,0.3,0.07101774960756302,11.233118295669556,1,100001,200001,10169594,szo,604160,604160,151040,"[151040, 151040, 151040, 151040]",106496,590,590,0.7329132556915283,0.008408736437559128,,,,,,,,
NOG-ZO,NOG,636,636,53.0,4,y_bar,0.1,12.0,0.3,0.06440737843513489,12.163382291793823,1,100001,200001,10169594,szo,653312,653312,163328,"[163328, 163328, 163328, 163328]",114688,638,638,0.7329277992248535,0.009231063537299633,,,,,,,,
NOG-ZO,NOG,684,684,57.0,4,y_bar,0.1,12.0,0.3,0.08218060433864594,13.097892045974731,1,100001,200001,10169594,szo,702464,702464,175616,"[175616, 175616, 175616, 175616]",122880,686,686,0.7329487204551697,0.009994284249842167,,,,,,,,
NOG-ZO,NOG,732,732,61.0,4,y_bar,0.1,12.0,0.3,0.07675465941429138,14.001733779907227,1,100001,200001,10169594,szo,751616,751616,187904,"[187904, 187904, 187904, 187904]",131072,734,734,0.7329745292663574,0.00925252865999937,,,,,,,,
NOG-ZO,NOG,780,780,65.0,4,y_bar,0.1,12.0,0.3,0.06894417852163315,14.901479959487915,1,100001,200001,10169594,szo,800768,800768,200192,"[200192, 200192, 200192, 200192]",139264,782,782,0.7329623699188232,0.009737341664731503,,,,,,,,
NOG-ZO,NOG,828,828,69.0,4,y_bar,0.1,12.0,0.3,0.07526122033596039,15.815686702728271,1,100001,200001,10169594,szo,849920,849920,212480,"[212480, 212480, 212480, 212480]",147456,830,830,0.7329813241958618,0.009751717559993267,,,,,,,,
NOG-ZO,NOG,876,876,73.0,4,y_bar,0.1,12.0,0.3,0.07416672259569168,16.70231318473816,1,100001,200001,10169594,szo,899072,899072,224768,"[224768, 224768, 224768, 224768]",155648,878,878,0.7329545021057129,0.009862556122243404,,,,,,,,
NOG-ZO,NOG,924,924,77.0,4,y_bar,0.1,12.0,0.3,0.07472006976604462,17.591593742370605,1,100001,200001,10169594,szo,948224,948224,237056,"[237056, 237056, 237056, 237056]",163840,926,926,0.7329340577125549,0.009037567302584648,,,,,,,,
NOG-ZO,NOG,960,960,80.0,4,y_bar,0.1,12.0,0.3,0.07595302164554596,18.287962675094604,1,100001,200001,10169594,szo,985088,985088,246272,"[246272, 246272, 246272, 246272]",172032,962,962,0.7329165935516357,0.009397309273481369,,,,,,,,
NOG-ZO,NOG,12,12,1.0,8,y_bar,0.1,12.0,0.3,0.07177600264549255,0.4760100841522217,1,100001,200001,988732541,szo,14336,14336,1792,"[1792, 1792, 1792, 1792, 1792, 1792, 1792, 1792]",8192,14,14,0.7326980233192444,0.010737300850450993,,,,,,,,
NOG-ZO,NOG,60,60,5.0,8,y_bar,0.1,12.0,0.3,0.07489048689603806,2.1880431175231934,1,100001,200001,988732541,szo,63488,63488,7936,"[7936, 7936, 7936, 7936, 7936, 7936, 7936, 7936]",16384,62,62,0.7328084111213684,0.010081538930535316,,,,,,,,
NOG-ZO,NOG,108,108,9.0,8,y_bar,0.1,12.0,0.3,0.08188178390264511,3.917170763015747,1,100001,200001,988732541,szo,112640,112640,14080,"[14080, 14080, 14080, 14080, 14080, 14080, 14080, 14080]",24576,110,110,0.7328478693962097,0.009843188337981701,,,,,,,,
NOG-ZO,NOG,156,156,13.0,8,y_bar,0.1,12.0,0.3,0.07092492282390594,5.642858505249023,1,100001,200001,988732541,szo,161792,161792,20224,"[20224, 20224, 20224, 20224, 20224, 20224, 20224, 20224]",32768,158,158,0.7329204082489014,0.009754590690135956,,,,,,,,
NOG-ZO,NOG,204,204,17.0,8,y_bar,0.1,12.0,0.3,0.07336654514074326,7.386573076248169,1,100001,200001,988732541,szo,210944,210944,26368,"[26368, 26368, 26368, 26368, 26368, 26368, 26368, 26368]",40960,206,206,0.7329086661338806,0.010072515346109867,,,,,,,,
NOG-ZO,NOG,252,252,21.0,8,y_bar,0.1,12.0,0.3,0.0722043365240097,9.09123945236206,1,100001,200001,988732541,szo,260096,260096,32512,"[32512, 32512, 32512, 32512, 32512, 32512, 32512, 32512]",49152,254,254,0.7329177260398865,0.010597512125968933,,,,,,,,
NOG-ZO,NOG,300,300,25.0,8,y_bar,0.1,12.0,0.3,0.07928312569856644,10.797662734985352,1,100001,200001,988732541,szo,309248,309248,38656,"[38656, 38656, 38656, 38656, 38656, 38656, 38656, 38656]",57344,302,302,0.7329528331756592,0.011519528925418854,,,,,,,,
NOG-ZO,NOG,348,348,29.0,8,y_bar,0.1,12.0,0.3,0.0787588432431221,12.494011640548706,1,100001,200001,988732541,szo,358400,358400,44800,"[44800, 44800, 44800, 44800, 44800, 44800, 44800, 44800]",65536,350,350,0.7329854369163513,0.009011228568851948,,,,,,,,
NOG-ZO,NOG,396,396,33.0,8,y_bar,0.1,12.0,0.3,0.06689642369747162,14.197967052459717,1,100001,200001,988732541,szo,407552,407552,50944,"[50944, 50944, 50944, 50944, 50944, 50944, 50944, 50944]",73728,398,398,0.7329422235488892,0.009380767121911049,,,,,,,,
NOG-ZO,NOG,444,444,37.0,8,y_bar,0.1,12.0,0.3,0.0820443257689476,15.945405006408691,1,100001,200001,988732541,szo,456704,456704,57088,"[57088, 57088, 57088, 57088, 57088, 57088, 57088, 57088]",81920,446,446,0.7329594492912292,0.009603175334632397,,,,,,,,
NOG-ZO,NOG,492,492,41.0,8,y_bar,0.1,12.0,0.3,0.08585269004106522,17.698490381240845,1,100001,200001,988732541,szo,505856,505856,63232,"[63232, 63232, 63232, 63232, 63232, 63232, 63232, 63232]",90112,494,494,0.7329743504524231,0.009488135576248169,,,,,,,,
NOG-ZO,NOG,540,540,45.0,8,y_bar,0.1,12.0,0.3,0.06745996326208115,19.426374673843384,1,100001,200001,988732541,szo,555008,555008,69376,"[69376, 69376, 69376, 69376, 69376, 69376, 69376, 69376]",98304,542,542,0.7329652309417725,0.009091204963624477,,,,,,,,
NOG-ZO,NOG,588,588,49.0,8,y_bar,0.1,12.0,0.3,0.06747017055749893,21.21057677268982,1,100001,200001,988732541,szo,604160,604160,75520,"[75520, 75520, 75520, 75520, 75520, 75520, 75520, 75520]",106496,590,590,0.7329224348068237,0.009603793732821941,,,,,,,,
NOG-ZO,NOG,636,636,53.0,8,y_bar,0.1,12.0,0.3,0.07564451545476913,22.949822664260864,1,100001,200001,988732541,szo,653312,653312,81664,"[81664, 81664, 81664, 81664, 81664, 81664, 81664, 81664]",114688,638,638,0.7329042553901672,0.00929912831634283,,,,,,,,
NOG-ZO,NOG,684,684,57.0,8,y_bar,0.1,12.0,0.3,0.0664663016796112,24.714596271514893,1,100001,200001,988732541,szo,702464,702464,87808,"[87808, 87808, 87808, 87808, 87808, 87808, 87808, 87808]",122880,686,686,0.732919454574585,0.008544947020709515,,,,,,,,
NOG-ZO,NOG,732,732,61.0,8,y_bar,0.1,12.0,0.3,0.08551319688558578,26.485624074935913,1,100001,200001,988732541,szo,751616,751616,93952,"[93952, 93952, 93952, 93952, 93952, 93952, 93952, 93952]",131072,734,734,0.7329044938087463,0.009446301497519016,,,,,,,,
NOG-ZO,NOG,780,780,65.0,8,y_bar,0.1,12.0,0.3,0.08948801457881927,28.250187635421753,1,100001,200001,988732541,szo,800768,800768,100096,"[100096, 100096, 100096, 100096, 100096, 100096, 100096, 100096]",139264,782,782,0.7328781485557556,0.009452376514673233,,,,,,,,
NOG-ZO,NOG,828,828,69.0,8,y_bar,0.1,12.0,0.3,0.07672345638275146,29.955965518951416,1,100001,200001,988732541,szo,849920,849920,106240,"[106240, 106240, 106240, 106240, 106240, 106240, 106240, 106240]",147456,830,830,0.732897937297821,0.009511198848485947,,,,,,,,
NOG-ZO,NOG,876,876,73.0,8,y_bar,0.1,12.0,0.3,0.07433595508337021,31.653992176055908,1,100001,200001,988732541,szo,899072,899072,112384,"[112384, 112384, 112384, 112384, 112384, 112384, 112384, 112384]",155648,878,878,0.7329524755477905,0.009235639125108719,,,,,,,,
NOG-ZO,NOG,924,924,77.0,8,y_bar,0.1,12.0,0.3,0.07319363206624985,33.35070538520813,1,100001,200001,988732541,szo,948224,948224,118528,"[118528, 118528, 118528, 118528, 118528, 118528, 118528, 118528]",163840,926,926,0.7329338788986206,0.00807658676058054,,,,,,,,
NOG-ZO,NOG,960,960,80.0,8,y_bar,0.1,12.0,0.3,0.0706644207239151,34.650731801986694,1,100001,200001,988732541,szo,985088,985088,123136,"[123136, 123136, 123136, 123136, 123136, 123136, 123136, 123136]",172032,962,962,0.7329385280609131,0.00847228616476059,,,,,,,,
ME-DOL-ZO,ME-DOL,12,12,,8,epoch_w_bar,0.1,,0.00021262931794992866,,0.13252711296081543,1,100001,200001,548805954,szo,192,192,24,"[24, 24, 24, 24, 24, 24, 24, 24]",8192,12,12,0.732654333114624,0.010693543590605259,12.0,0.000736569563735987,1.0,,,,,
ME-DOL-ZO,ME-DOL,60,60,,8,epoch_w_bar,0.1,,0.00021262931794992866,,0.44852137565612793,1,100001,200001,548805954,szo,960,960,120,"[120, 120, 120, 120, 120, 120, 120, 120]",16384,60,60,0.7326903343200684,0.010529826395213604,12.0,0.000736569563735987,1.0,,,,,
ME-DOL-ZO,ME-DOL,108,108,,8,epoch_w_bar,0.1,,0.00021262931794992866,,0.7635135650634766,1,100001,200001,548805954,szo,1728,1728,216,"[216, 216, 216, 216, 216, 216, 216, 216]",24576,108,108,0.7327022552490234,0.010025170631706715,12.0,0.000736569563735987,1.0,,,,,
ME-DOL-ZO,ME-DOL,156,156,,8,epoch_w_bar,0.1,,0.00021262931794992866,,1.0858490467071533,1,100001,200001,548805954,szo,2496,2496,312,"[312, 312, 312, 312, 312, 312, 312, 312]",32768,156,156,0.7327060103416443,0.010272834450006485,12.0,0.000736569563735987,1.0,,,,,
ME-DOL-ZO,ME-DOL,204,204,,8,epoch_w_bar,0.1,,0.00021262931794992866,,1.4106574058532715,1,100001,200001,548805954,szo,3264,3264,408,"[408, 408, 408, 408, 408, 408, 408, 408]",40960,204,204,0.7327203750610352,0.010090255178511143,12.0,0.000736569563735987,1.0,,,,,
ME-DOL-ZO,ME-DOL,252,252,,8,epoch_w_bar,0.1,,0.00021262931794992866,,1.7312555313110352,1,100001,200001,548805954,szo,4032,4032,504,"[504, 504, 504, 504, 504, 504, 504, 504]",49152,252,252,0.7327263951301575,0.011022860184311867,12.0,0.000736569563735987,1.0,,,,,
ME-DOL-ZO,ME-DOL,300,300,,8,epoch_w_bar,0.1,,0.00021262931794992866,,2.061263084411621,1,100001,200001,548805954,szo,4800,4800,600,"[600, 600, 600, 600, 600, 600, 600, 600]",57344,300,300,0.732732892036438,0.012441463768482208,12.0,0.000736569563735987,1.0,,,,,
ME-DOL-ZO,ME-DOL,348,348,,8,epoch_w_bar,0.1,,0.00021262931794992866,,2.3845338821411133,1,100001,200001,548805954,szo,5568,5568,696,"[696, 696, 696, 696, 696, 696, 696, 696]",65536,348,348,0.7327471971511841,0.009527900256216526,12.0,0.000736569563735987,1.0,,,,,
ME-DOL-ZO,ME-DOL,396,396,,8,epoch_w_bar,0.1,,0.00021262931794992866,,2.708714485168457,1,100001,200001,548805954,szo,6336,6336,792,"[792, 792, 792, 792, 792, 792, 792, 792]",73728,396,396,0.7327494621276855,0.010154526680707932,12.0,0.000736569563735987,1.0,,,,,
ME-DOL-ZO,ME-DOL,444,444,,8,epoch_w_bar,0.1,,0.00021262931794992866,,3.0290720462799072,1,100001,200001,548805954,szo,7104,7104,888,"[888, 888, 888, 888, 888, 888, 888, 888]",81920,444,444,0.7327572107315063,0.010545102879405022,12.0,0.000736569563735987,1.0,,,,,
ME-DOL-ZO,ME-DOL,492,492,,8,epoch_w_bar,0.1,,0.00021262931794992866,,3.351224422454834,1,100001,200001,548805954,szo,7872,7872,984,"[984, 984, 984, 984, 984, 984, 984, 984]",90112,492,492,0.7327703237533569,0.010620323941111565,12.0,0.000736569563735987,1.0,,,,,
ME-DOL-ZO,ME-DOL,540,540,,8,epoch_w_bar,0.1,,0.00021262931794992866,,3.671189546585083,1,100001,200001,548805954,szo,8640,8640,1080,"[1080, 1080, 1080, 1080, 1080, 1080, 1080, 1080]",98304,540,540,0.73277348279953,0.0096654761582613,12.0,0.000736569563735987,1.0,,,,,
ME-DOL-ZO,ME-DOL,588,588,,8,epoch_w_bar,0.1,,0.00021262931794992866,,3.997100353240967,1,100001,200001,548805954,szo,9408,9408,1176,"[1176, 1176, 1176, 1176, 1176, 1176, 1176, 1176]",106496,588,588,0.7327784895896912,0.010719774290919304,12.0,0.000736569563735987,1.0,,,,,
ME-DOL-ZO,ME-DOL,636,636,,8,epoch_w_bar,0.1,,0.00021262931794992866,,4.3295578956604,1,100001,200001,548805954,szo,10176,10176,1272,"[1272, 1272, 1272, 1272, 1272, 1272, 1272, 1272]",114688,636,636,0.7327789664268494,0.010602748952805996,12.0,0.000736569563735987,1.0,,,,,
ME-DOL-ZO,ME-DOL,684,684,,8,epoch_w_bar,0.1,,0.00021262931794992866,,4.652688026428223,1,100001,200001,548805954,szo,10944,10944,1368,"[1368, 1368, 1368, 1368, 1368, 1368, 1368, 1368]",122880,684,684,0.7327808141708374,0.010165861807763577,12.0,0.000736569563735987,1.0,,,,,
ME-DOL-ZO,ME-DOL,732,732,,8,epoch_w_bar,0.1,,0.00021262931794992866,,4.984428405761719,1,100001,200001,548805954,szo,11712,11712,1464,"[1464, 1464, 1464, 1464, 1464, 1464, 1464, 1464]",131072,732,732,0.732785701751709,0.010857869870960712,12.0,0.000736569563735987,1.0,,,,,
ME-DOL-ZO,ME-DOL,780,780,,8,epoch_w_bar,0.1,,0.00021262931794992866,,5.29585862159729,1,100001,200001,548805954,szo,12480,12480,1560,"[1560, 1560, 1560, 1560, 1560, 1560, 1560, 1560]",139264,780,780,0.7327945828437805,0.011401760391891003,12.0,0.000736569563735987,1.0,,,,,
ME-DOL-ZO,ME-DOL,828,828,,8,epoch_w_bar,0.1,,0.00021262931794992866,,5.60833477973938,1,100001,200001,548805954,szo,13248,13248,1656,"[1656, 1656, 1656, 1656, 1656, 1656, 1656, 1656]",147456,828,828,0.7328002452850342,0.011085035279393196,12.0,0.000736569563735987,1.0,,,,,
ME-DOL-ZO,ME-DOL,876,876,,8,epoch_w_bar,0.1,,0.00021262931794992866,,5.919044733047485,1,100001,200001,548805954,szo,14016,14016,1752,"[1752, 1752, 1752, 1752, 1752, 1752, 1752, 1752]",155648,876,876,0.7328005433082581,0.011371922679245472,12.0,0.000736569563735987,1.0,,,,,
ME-DOL-ZO,ME-DOL,924,924,,8,epoch_w_bar,0.1,,0.00021262931794992866,,6.232385635375977,1,100001,200001,548805954,szo,14784,14784,1848,"[1848, 1848, 1848, 1848, 1848, 1848, 1848, 1848]",163840,924,924,0.7328037023544312,0.010380087420344353,12.0,0.000736569563735987,1.0,,,,,
ME-DOL-ZO,ME-DOL,960,960,,8,epoch_w_bar,0.1,,0.00021262931794992866,,6.4823386669158936,1,100001,200001,548805954,szo,15360,15360,1920,"[1920, 1920, 1920, 1920, 1920, 1920, 1920, 1920]",172032,960,960,0.732806384563446,0.010662950575351715,12.0,0.000736569563735987,1.0,,,,,
DGFM,DGFM,1,1,,8,x_bar,0.1,,0.001,,0.06627511978149414,1,100001,200001,1527951910,szo,16,16,2,"[2, 2, 2, 2, 2, 2, 2, 2]",8192,2,2,0.7326619625091553,0.010410464368760586,,,,1.0,,,,
DGFM,DGFM,48,48,,8,x_bar,0.1,,0.001,,0.36572980880737305,1,100001,200001,1527951910,szo,768,768,96,"[96, 96, 96, 96, 96, 96, 96, 96]",16384,96,96,0.7327602505683899,0.010339884087443352,,,,1.0,,,,
DGFM,DGFM,96,96,,8,x_bar,0.1,,0.001,,0.700258731842041,1,100001,200001,1527951910,szo,1536,1536,192,"[192, 192, 192, 192, 192, 192, 192, 192]",24576,192,192,0.7328241467475891,0.010293335653841496,,,,1.0,,,,
DGFM,DGFM,144,144,,8,x_bar,0.1,,0.001,,0.9949309825897217,1,100001,200001,1527951910,szo,2304,2304,288,"[288, 288, 288, 288, 288, 288, 288, 288]",32768,288,288,0.7328653335571289,0.011879341676831245,,,,1.0,,,,
DGFM,DGFM,192,192,,8,x_bar,0.1,,0.001,,1.2981696128845215,1,100001,200001,1527951910,szo,3072,3072,384,"[384, 384, 384, 384, 384, 384, 384, 384]",40960,384,384,0.7328931093215942,0.010888836346566677,,,,1.0,,,,
DGFM,DGFM,240,240,,8,x_bar,0.1,,0.001,,1.6057400703430176,1,100001,200001,1527951910,szo,3840,3840,480,"[480, 480, 480, 480, 480, 480, 480, 480]",49152,480,480,0.7329108119010925,0.010632102377712727,,,,1.0,,,,
DGFM,DGFM,288,288,,8,x_bar,0.1,,0.001,,1.9131009578704834,1,100001,200001,1527951910,szo,4608,4608,576,"[576, 576, 576, 576, 576, 576, 576, 576]",57344,576,576,0.7329316735267639,0.010952776297926903,,,,1.0,,,,
DGFM,DGFM,336,336,,8,x_bar,0.1,,0.001,,2.219489336013794,1,100001,200001,1527951910,szo,5376,5376,672,"[672, 672, 672, 672, 672, 672, 672, 672]",65536,672,672,0.7329388856887817,0.011387309990823269,,,,1.0,,,,
DGFM,DGFM,384,384,,8,x_bar,0.1,,0.001,,2.5011961460113525,1,100001,200001,1527951910,szo,6144,6144,768,"[768, 768, 768, 768, 768, 768, 768, 768]",73728,768,768,0.7329340577125549,0.011080457828938961,,,,1.0,,,,
DGFM,DGFM,432,432,,8,x_bar,0.1,,0.001,,2.787646770477295,1,100001,200001,1527951910,szo,6912,6912,864,"[864, 864, 864, 864, 864, 864, 864, 864]",81920,864,864,0.7329656481742859,0.011485333554446697,,,,1.0,,,,
DGFM,DGFM,480,480,,8,x_bar,0.1,,0.001,,3.0748727321624756,1,100001,200001,1527951910,szo,7680,7680,960,"[960, 960, 960, 960, 960, 960, 960, 960]",90112,960,960,0.7329946160316467,0.009797959588468075,,,,1.0,,,,
DGFM,DGFM,528,528,,8,x_bar,0.1,,0.001,,3.3665452003479004,1,100001,200001,1527951910,szo,8448,8448,1056,"[1056, 1056, 1056, 1056, 1056, 1056, 1056, 1056]",98304,1056,1056,0.7329791188240051,0.01027575321495533,,,,1.0,,,,
DGFM,DGFM,576,576,,8,x_bar,0.1,,0.001,,3.662503480911255,1,100001,200001,1527951910,szo,9216,9216,1152,"[1152, 1152, 1152, 1152, 1152, 1152, 1152, 1152]",106496,1152,1152,0.7330235242843628,0.01100010797381401,,,,1.0,,,,
DGFM,DGFM,624,624,,8,x_bar,0.1,,0.001,,3.951237678527832,1,100001,200001,1527951910,szo,9984,9984,1248,"[1248, 1248, 1248, 1248, 1248, 1248, 1248, 1248]",114688,1248,1248,0.7330569624900818,0.011640471406280994,,,,1.0,,,,
DGFM,DGFM,672,672,,8,x_bar,0.1,,0.001,,4.241093158721924,1,100001,200001,1527951910,szo,10752,10752,1344,"[1344, 1344, 1344, 1344, 1344, 1344, 1344, 1344]",122880,1344,1344,0.7330761551856995,0.010812660679221153,,,,1.0,,,,
DGFM,DGFM,720,720,,8,x_bar,0.1,,0.001,,4.532391309738159,1,100001,200001,1527951910,szo,11520,11520,1440,"[1440, 1440, 1440, 1440, 1440, 1440, 1440, 1440]",131072,1440,1440,0.7330702543258667,0.011131604202091694,,,,1.0,,,,
DGFM,DGFM,768,768,,8,x_bar,0.1,,0.001,,4.822652816772461,1,100001,200001,1527951910,szo,12288,12288,1536,"[1536, 1536, 1536, 1536, 1536, 1536, 1536, 1536]",139264,1536,1536,0.7330681681632996,0.01016046479344368,,,,1.0,,,,
DGFM,DGFM,816,816,,8,x_bar,0.1,,0.001,,5.111523389816284,1,100001,200001,1527951910,szo,13056,13056,1632,"[1632, 1632, 1632, 1632, 1632, 1632, 1632, 1632]",147456,1632,1632,0.7330893278121948,0.011354101821780205,,,,1.0,,,,
DGFM,DGFM,864,864,,8,x_bar,0.1,,0.001,,5.415058612823486,1,100001,200001,1527951910,szo,13824,13824,1728,"[1728, 1728, 1728, 1728, 1728, 1728, 1728, 1728]",155648,1728,1728,0.7330994009971619,0.010918360203504562,,,,1.0,,,,
DGFM,DGFM,912,912,,8,x_bar,0.1,,0.001,,5.713802099227905,1,100001,200001,1527951910,szo,14592,14592,1824,"[1824, 1824, 1824, 1824, 1824, 1824, 1824, 1824]",163840,1824,1824,0.7331213355064392,0.011252125725150108,,,,1.0,,,,
DGFM,DGFM,960,960,,8,x_bar,0.1,,0.001,,6.003708124160767,1,100001,200001,1527951910,szo,15360,15360,1920,"[1920, 1920, 1920, 1920, 1920, 1920, 1920, 1920]",172032,1920,1920,0.7331225872039795,0.011591886170208454,,,,1.0,,,,
DGFM+,DGFM+,1,1,,8,x_bar,0.1,,0.001,,0.2738516330718994,1,100001,200001,169987917,szo,1024,1024,128,"[128, 128, 128, 128, 128, 128, 128, 128]",8192,2,2,0.7326478362083435,0.010427436791360378,,,,,8.0,64.0,48.0,1.0
DGFM+,DGFM+,48,48,,8,x_bar,0.1,,0.001,,2.902147054672241,1,100001,200001,169987917,szo,13056,13056,1632,"[1632, 1632, 1632, 1632, 1632, 1632, 1632, 1632]",16384,96,96,0.7327466607093811,0.010109663009643555,,,,,8.0,64.0,48.0,1.0
DGFM+,DGFM+,96,96,,8,x_bar,0.1,,0.001,,5.738864898681641,1,100001,200001,169987917,szo,26112,26112,3264,"[3264, 3264, 3264, 3264, 3264, 3264, 3264, 3264]",24576,192,192,0.7328084111213684,0.010251685976982117,,,,,8.0,64.0,48.0,1.0
DGFM+,DGFM+,144,144,,8,x_bar,0.1,,0.001,,8.568418741226196,1,100001,200001,169987917,szo,39168,39168,4896,"[4896, 4896, 4896, 4896, 4896, 4896, 4896, 4896]",32768,288,288,0.7328433990478516,0.01204474363476038,,,,,8.0,64.0,48.0,1.0
DGFM+,DGFM+,192,192,,8,x_bar,0.1,,0.001,,11.438524723052979,1,100001,200001,169987917,szo,52224,52224,6528,"[6528, 6528, 6528, 6528, 6528, 6528, 6528, 6528]",40960,384,384,0.7328565120697021,0.010842658579349518,,,,,8.0,64.0,48.0,1.0
DGFM+,DGFM+,240,240,,8,x_bar,0.1,,0.001,,14.30844759941101,1,100001,200001,169987917,szo,65280,65280,8160,"[8160, 8160, 8160, 8160, 8160, 8160, 8160, 8160]",49152,480,480,0.7328522205352783,0.010152207687497139,,,,,8.0,64.0,48.0,1.0
DGFM+,DGFM+,288,288,,8,x_bar,0.1,,0.001,,17.17546772956848,1,100001,200001,169987917,szo,78336,78336,9792,"[9792, 9792, 9792, 9792, 9792, 9792, 9792, 9792]",57344,576,576,0.7328911423683167,0.01111194770783186,,,,,8.0,64.0,48.0,1.0
DGFM+,DGFM+,336,336,,8,x_bar,0.1,,0.001,,20.01618242263794,1,100001,200001,169987917,szo,91392,91392,11424,"[11424, 11424, 11424, 11424, 11424, 11424, 11424, 11424]",65536,672,672,0.7328936457633972,0.011286024935543537,,,,,8.0,64.0,48.0,1.0
DGFM+,DGFM+,384,384,,8,x_bar,0.1,,0.001,,22.87851357460022,1,100001,200001,169987917,szo,104448,104448,13056,"[13056, 13056, 13056, 13056, 13056, 13056, 13056, 13056]",73728,768,768,0.732894778251648,0.010696950368583202,,,,,8.0,64.0,48.0,1.0
DGFM+,DGFM+,432,432,,8,x_bar,0.1,,0.001,,25.76199460029602,1,100001,200001,169987917,szo,117504,117504,14688,"[14688, 14688, 14688, 14688, 14688, 14688, 14688, 14688]",81920,864,864,0.7329256534576416,0.01123923808336258,,,,,8.0,64.0,48.0,1.0
DGFM+,DGFM+,480,480,,8,x_bar,0.1,,0.001,,28.66657018661499,1,100001,200001,169987917,szo,130560,130560,16320,"[16320, 16320, 16320, 16320, 16320, 16320, 16320, 16320]",90112,960,960,0.7329072952270508,0.009698411449790001,,,,,8.0,64.0,48.0,1.0
DGFM+,DGFM+,528,528,,8,x_bar,0.1,,0.001,,31.51082420349121,1,100001,200001,169987917,szo,143616,143616,17952,"[17952, 17952, 17952, 17952, 17952, 17952, 17952, 17952]",98304,1056,1056,0.7329363822937012,0.010043847374618053,,,,,8.0,64.0,48.0,1.0
DGFM+,DGFM+,576,576,,8,x_bar,0.1,,0.001,,34.36801886558533,1,100001,200001,169987917,szo,156672,156672,19584,"[19584, 19584, 19584, 19584, 19584, 19584, 19584, 19584]",106496,1152,1152,0.7329511046409607,0.01068082731217146,,,,,8.0,64.0,48.0,1.0
DGFM+,DGFM+,624,624,,8,x_bar,0.1,,0.001,,37.23023200035095,1,100001,200001,169987917,szo,169728,169728,21216,"[21216, 21216, 21216, 21216, 21216, 21216, 21216, 21216]",114688,1248,1248,0.7329550385475159,0.01103364396840334,,,,,8.0,64.0,48.0,1.0
DGFM+,DGFM+,672,672,,8,x_bar,0.1,,0.001,,40.09434247016907,1,100001,200001,169987917,szo,182784,182784,22848,"[22848, 22848, 22848, 22848, 22848, 22848, 22848, 22848]",122880,1344,1344,0.7329850792884827,0.009699329733848572,,,,,8.0,64.0,48.0,1.0
DGFM+,DGFM+,720,720,,8,x_bar,0.1,,0.001,,42.966997146606445,1,100001,200001,169987917,szo,195840,195840,24480,"[24480, 24480, 24480, 24480, 24480, 24480, 24480, 24480]",131072,1440,1440,0.7329853177070618,0.010850172489881516,,,,,8.0,64.0,48.0,1.0
DGFM+,DGFM+,768,768,,8,x_bar,0.1,,0.001,,45.83216738700867,1,100001,200001,169987917,szo,208896,208896,26112,"[26112, 26112, 26112, 26112, 26112, 26112, 26112, 26112]",139264,1536,1536,0.7329901456832886,0.009946427308022976,,,,,8.0,64.0,48.0,1.0
DGFM+,DGFM+,816,816,,8,x_bar,0.1,,0.001,,48.730491638183594,1,100001,200001,169987917,szo,221952,221952,27744,"[27744, 27744, 27744, 27744, 27744, 27744, 27744, 27744]",147456,1632,1632,0.7330000400543213,0.011121856048703194,,,,,8.0,64.0,48.0,1.0
DGFM+,DGFM+,864,864,,8,x_bar,0.1,,0.001,,51.58937621116638,1,100001,200001,169987917,szo,235008,235008,29376,"[29376, 29376, 29376, 29376, 29376, 29376, 29376, 29376]",155648,1728,1728,0.7330054640769958,0.01116469968110323,,,,,8.0,64.0,48.0,1.0
DGFM+,DGFM+,912,912,,8,x_bar,0.1,,0.001,,54.45979571342468,1,100001,200001,169987917,szo,248064,248064,31008,"[31008, 31008, 31008, 31008, 31008, 31008, 31008, 31008]",163840,1824,1824,0.7330107688903809,0.011538034304976463,,,,,8.0,64.0,48.0,1.0
DGFM+,DGFM+,960,960,,8,x_bar,0.1,,0.001,,57.487725019454956,1,100001,200001,169987917,szo,261120,261120,32640,"[32640, 32640, 32640, 32640, 32640, 32640, 32640, 32640]",172032,1920,1920,0.7330109477043152,0.010577481240034103,,,,,8.0,64.0,48.0,1.0
NOG-FO,NOG,12,12,1.0,1,y_bar,0.1,12.0,0.3,0.011836242862045765,0.15474486351013184,2,100002,200002,1074901281,sfo,7168,7168,7168,[7168],8192,14,14,0.7174820303916931,0.0114034628495574,,,,,,,,
NOG-FO,NOG,60,60,5.0,1,y_bar,0.1,12.0,0.3,0.008789368905127048,0.6160843372344971,2,100002,200002,1074901281,sfo,31744,31744,31744,[31744],16384,62,62,0.7172324657440186,0.008388012647628784,,,,,,,,
NOG-FO,NOG,108,108,9.0,1,y_bar,0.1,12.0,0.3,0.009275977499783039,1.0807170867919922,2,100002,200002,1074901281,sfo,56320,56320,56320,[56320],24576,110,110,0.7170106172561646,0.0075894189067184925,,,,,,,,
NOG-FO,NOG,156,156,13.0,1,y_bar,0.1,12.0,0.3,0.00839797593653202,1.526803970336914,2,100002,200002,1074901281,sfo,80896,80896,80896,[80896],32768,158,158,0.7167626023292542,0.008156443014740944,,,,,,,,
NOG-FO,NOG,204,204,17.0,1,y_bar,0.1,12.0,0.3,0.008543145842850208,1.990809440612793,2,100002,200002,1074901281,sfo,105472,105472,105472,[105472],40960,206,206,0.7165334820747375,0.00890545267611742,,,,,,,,
NOG-FO,NOG,252,252,21.0,1,y_bar,0.1,12.0,0.3,0.009099315851926804,2.4387948513031006,2,100002,200002,1074901281,sfo,130048,130048,130048,[130048],49152,254,254,0.7162766456604004,0.008055675774812698,,,,,,,,
NOG-FO,NOG,300,300,25.0,1,y_bar,0.1,12.0,0.3,0.008843723684549332,2.8576877117156982,2,100002,200002,1074901281,sfo,154624,154624,154624,[154624],57344,302,302,0.71597820520401,0.008773831650614738,,,,,,,,
NOG-FO,NOG,348,348,29.0,1,y_bar,0.1,12.0,0.3,0.00906512700021267,3.3095998764038086,2,100002,200002,1074901281,sfo,179200,179200,179200,[179200],65536,350,350,0.715726375579834,0.007944697514176369,,,,,,,,
NOG-FO,NOG,396,396,33.0,1,y_bar,0.1,12.0,0.3,0.00831088051199913,3.769754409790039,2,100002,200002,1074901281,sfo,203776,203776,203776,[203776],73728,398,398,0.7154318690299988,0.008669727481901646,,,,,,,,
NOG-FO,NOG,444,444,37.0,1,y_bar,0.1,12.0,0.3,0.007914780639111996,4.22265625,2,100002,200002,1074901281,sfo,228352,228352,228352,[228352],81920,446,446,0.7151439189910889,0.007976962253451347,,,,,,,,
NOG-FO,NOG,492,492,41.0,1,y_bar,0.1,12.0,0.3,0.008471595123410225,4.693467855453491,2,100002,200002,1074901281,sfo,252928,252928,252928,[252928],90112,494,494,0.7148911356925964,0.008364754728972912,,,,,,,,
NOG-FO,NOG,540,540,45.0,1,y_bar,0.1,12.0,0.3,0.008500132709741592,5.1368491649627686,2,100002,200002,1074901281,sfo,277504,277504,277504,[277504],98304,542,542,0.7146363854408264,0.009431421756744385,,,,,,,,
NOG-FO,NOG,588,588,49.0,1,y_bar,0.1,12.0,0.3,0.009034045971930027,5.592432975769043,2,100002,200002,1074901281,sfo,302080,302080,302080,[302080],106496,590,590,0.7144416570663452,0.006890759337693453,,,,,,,,
NOG-FO,NOG,636,636,53.0,1,y_bar,0.1,12.0,0.3,0.00783911719918251,6.040366172790527,2,100002,200002,1074901281,sfo,326656,326656,326656,[326656],114688,638,638,0.714252233505249,0.007697915658354759,,,,,,,,
NOG-FO,NOG,684,684,57.0,1,y_bar,0.1,12.0,0.3,0.008046125061810017,6.499953985214233,2,100002,200002,1074901281,sfo,351232,351232,351232,[351232],122880,686,686,0.7140011787414551,0.007337504532188177,,,,,,,,
NOG-FO,NOG,732,732,61.0,1,y_bar,0.1,12.0,0.3,0.008180703036487103,6.954625606536865,2,100002,200002,1074901281,sfo,375808,375808,375808,[375808],131072,734,734,0.7138527631759644,0.007975923828780651,,,,,,,,
NOG-FO,NOG,780,780,65.0,1,y_bar,0.1,12.0,0.3,0.008017907850444317,7.409312963485718,2,100002,200002,1074901281,sfo,400384,400384,400384,[400384],139264,782,782,0.7136307954788208,0.007653046399354935,,,,,,,,
NOG-FO,NOG,828,828,69.0,1,y_bar,0.1,12.0,0.3,0.008704899810254574,7.883986949920654,2,100002,200002,1074901281,sfo,424960,424960,424960,[424960],147456,830,830,0.7133904695510864,0.008851387538015842,,,,,,,,
NOG-FO,NOG,876,876,73.0,1,y_bar,0.1,12.0,0.3,0.008612481877207756,8.345773458480835,2,100002,200002,1074901281,sfo,449536,449536,449536,[449536],155648,878,878,0.7131789922714233,0.00903104618191719,,,,,,,,
NOG-FO,NOG,924,924,77.0,1,y_bar,0.1,12.0,0.3,0.009499953128397465,8.781346797943115,2,100002,200002,1074901281,sfo,474112,474112,474112,[474112],163840,926,926,0.7129788994789124,0.0073588332161307335,,,,,,,,
NOG-FO,NOG,960,960,80.0,1,y_bar,0.1,12.0,0.3,0.008681556209921837,9.144174575805664,2,100002,200002,1074901281,sfo,492544,492544,492544,[492544],172032,962,962,0.7128362059593201,0.0075487056747078896,,,,,,,,
NOG-FO,NOG,12,12,1.0,2,y_bar,0.1,12.0,0.3,0.010783924721181393,0.25649356842041016,2,100002,200002,23703531,sfo,7168,7168,3584,"[3584, 3584]",8192,14,14,0.71750408411026,0.011290032416582108,,,,,,,,
NOG-FO,NOG,60,60,5.0,2,y_bar,0.1,12.0,0.3,0.009000186808407307,1.0710315704345703,2,100002,200002,23703531,sfo,31744,31744,15872,"[15872, 15872]",16384,62,62,0.7172176837921143,0.008247550576925278,,,,,,,,
NOG-FO,NOG,108,108,9.0,2,y_bar,0.1,12.0,0.3,0.009158364497125149,1.9090666770935059,2,100002,200002,23703531,sfo,56320,56320,28160,"[28160, 28160]",24576,110,110,0.7169815897941589,0.008187783882021904,,,,,,,,
NOG-FO,NOG,156,156,13.0,2,y_bar,0.1,12.0,0.3,0.008427560329437256,2.7421159744262695,2,100002,200002,23703531,sfo,80896,80896,40448,"[40448, 40448]",32768,158,158,0.7167123556137085,0.008117909543216228,,,,,,,,
NOG-FO,NOG,204,204,17.0,2,y_bar,0.1,12.0,0.3,0.008903756737709045,3.5758426189422607,2,100002,200002,23703531,sfo,105472,105472,52736,"[52736, 52736]",40960,206,206,0.7165247797966003,0.008790566585958004,,,,,,,,
NOG-FO,NOG,252,252,21.0,2,y_bar,0.1,12.0,0.3,0.008544213138520718,4.42409086227417,2,100002,200002,23703531,sfo,130048,130048,65024,"[65024, 65024]",49152,254,254,0.7163076400756836,0.007675149943679571,,,,,,,,
NOG-FO,NOG,300,300,25.0,2,y_bar,0.1,12.0,0.3,0.00846098456531763,5.236759662628174,2,100002,200002,23703531,sfo,154624,154624,77312,"[77312, 77312]",57344,302,302,0.7160570025444031,0.008497750386595726,,,,,,,,
NOG-FO,NOG,348,348,29.0,2,y_bar,0.1,12.0,0.3,0.00715707428753376,6.037514686584473,2,100002,200002,23703531,sfo,179200,179200,89600,"[89600, 89600]",65536,350,350,0.7158249020576477,0.0077647073194384575,,,,,,,,
NOG-FO,NOG,396,396,33.0,2,y_bar,0.1,12.0,0.3,0.008003834635019302,6.8614726066589355,2,100002,200002,23703531,sfo,203776,203776,101888,"[101888, 101888]",73728,398,398,0.7155609130859375,0.008189022541046143,,,,,,,,
NOG-FO,NOG,444,444,37.0,2,y_bar,0.1,12.0,0.3,0.007282999809831381,7.684056282043457,2,100002,200002,23703531,sfo,228352,228352,114176,"[114176, 114176]",81920,446,446,0.715327262878418,0.007276981137692928,,,,,,,,
NOG-FO,NOG,492,492,41.0,2,y_bar,0.1,12.0,0.3,0.008551649749279022,8.497583389282227,2,100002,200002,23703531,sfo,252928,252928,126464,"[126464, 126464]",90112,494,494,0.7149909138679504,0.008305574767291546,,,,,,,,
NOG-FO,NOG,540,540,45.0,2,y_bar,0.1,12.0,0.3,0.008630640804767609,9.293339490890503,2,100002,200002,23703531,sfo,277504,277504,138752,"[138752, 138752]",98304,542,542,0.7147534489631653,0.009030364453792572,,,,,,,,
NOG-FO,NOG,588,588,49.0,2,y_bar,0.1,12.0,0.3,0.007902687415480614,10.116779804229736,2,100002,200002,23703531,sfo,302080,302080,151040,"[151040, 151040]",106496,590,590,0.714518666267395,0.007103749085217714,,,,,,,,
NOG-FO,NOG,636,636,53.0,2,y_bar,0.1,12.0,0.3,0.007776331156492233,10.939158916473389,2,100002,200002,23703531,sfo,326656,326656,163328,"[163328, 163328]",114688,638,638,0.7142720222473145,0.007572406902909279,,,,,,,,
NOG-FO,NOG,684,684,57.0,2,y_bar,0.1,12.0,0.3,0.00817649532109499,11.773805618286133,2,100002,200002,23703531,sfo,351232,351232,175616,"[175616, 175616]",122880,686,686,0.7140913009643555,0.007801404222846031,,,,,,,,
NOG-FO,NOG,732,732,61.0,2,y_bar,0.1,12.0,0.3,0.009111435152590275,12.586168766021729,2,100002,200002,23703531,sfo,375808,375808,187904,"[187904, 187904]",131072,734,734,0.713855504989624,0.007921770215034485,,,,,,,,
NOG-FO,NOG,780,780,65.0,2,y_bar,0.1,12.0,0.3,0.007622563745826483,13.410995483398438,2,100002,200002,23703531,sfo,400384,400384,200192,"[200192, 200192]",139264,782,782,0.7136245965957642,0.007145738694816828,,,,,,,,
NOG-FO,NOG,828,828,69.0,2,y_bar,0.1,12.0,0.3,0.008453131653368473,14.22792649269104,2,100002,200002,23703531,sfo,424960,424960,212480,"[212480, 212480]",147456,830,830,0.7134438157081604,0.007893070578575134,,,,,,,,
NOG-FO,NOG,876,876,73.0,2,y_bar,0.1,12.0,0.3,0.008182310499250889,15.056881189346313,2,100002,200002,23703531,sfo,449536,449536,224768,"[224768, 224768]",155648,878,878,0.7133006453514099,0.009166675619781017,,,,,,,,
NOG-FO,NOG,924,924,77.0,2,y_bar,0.1,12.0,0.3,0.007840113714337349,15.910464763641357,2,100002,200002,23703531,sfo,474112,474112,237056,"[237056, 237056]",163840,926,926,0.7130853533744812,0.007574951276183128,,,,,,,,
NOG-FO,NOG,960,960,80.0,2,y_bar,0.1,12.0,0.3,0.007300972007215023,16.57045602798462,2,100002,200002,23703531,sfo,492544,492544,246272,"[246272, 246272]",172032,962,962,0.7129416465759277,0.006778392940759659,,,,,,,,
NOG-FO,NOG,12,12,1.0,4,y_bar,0.1,12.0,0.3,0.010699710808694363,0.4474034309387207,2,100002,200002,1473483745,sfo,7168,7168,1792,"[1792, 1792, 1792, 1792]",8192,14,14,0.7175101637840271,0.011479286476969719,,,,,,,,
NOG-FO,NOG,60,60,5.0,4,y_bar,0.1,12.0,0.3,0.007312685716897249,2.00612473487854,2,100002,200002,1473483745,sfo,31744,31744,7936,"[7936, 7936, 7936, 7936]",16384,62,62,0.7172517776489258,0.008395400829613209,,,,,,,,
NOG-FO,NOG,108,108,9.0,4,y_bar,0.1,12.0,0.3,0.008957884274423122,3.609367847442627,2,100002,200002,1473483745,sfo,56320,56320,14080,"[14080, 14080, 14080, 14080]",24576,110,110,0.7170228362083435,0.007802337873727083,,,,,,,,
NOG-FO,NOG,156,156,13.0,4,y_bar,0.1,12.0,0.3,0.008929025381803513,5.224188804626465,2,100002,200002,1473483745,sfo,80896,80896,20224,"[20224, 20224, 20224, 20224]",32768,158,158,0.7167285084724426,0.008103911764919758,,,,,,,,
NOG-FO,NOG,204,204,17.0,4,y_bar,0.1,12.0,0.3,0.009291965514421463,6.835289478302002,2,100002,200002,1473483745,sfo,105472,105472,26368,"[26368, 26368, 26368, 26368]",40960,206,206,0.7164895534515381,0.008881991729140282,,,,,,,,
NOG-FO,NOG,252,252,21.0,4,y_bar,0.1,12.0,0.3,0.00802650023251772,8.460569143295288,2,100002,200002,1473483745,sfo,130048,130048,32512,"[32512, 32512, 32512, 32512]",49152,254,254,0.716218888759613,0.007906070910394192,,,,,,,,
NOG-FO,NOG,300,300,25.0,4,y_bar,0.1,12.0,0.3,0.008494243957102299,10.127291679382324,2,100002,200002,1473483745,sfo,154624,154624,38656,"[38656, 38656, 38656, 38656]",57344,302,302,0.715960681438446,0.008838717825710773,,,,,,,,
NOG-FO,NOG,348,348,29.0,4,y_bar,0.1,12.0,0.3,0.008248255588114262,11.788794040679932,2,100002,200002,1473483745,sfo,179200,179200,44800,"[44800, 44800, 44800, 44800]",65536,350,350,0.7157397270202637,0.007754791993647814,,,,,,,,
NOG-FO,NOG,396,396,33.0,4,y_bar,0.1,12.0,0.3,0.008278562687337399,13.319448471069336,2,100002,200002,1473483745,sfo,203776,203776,50944,"[50944, 50944, 50944, 50944]",73728,398,398,0.7154990434646606,0.008368714712560177,,,,,,,,
NOG-FO,NOG,444,444,37.0,4,y_bar,0.1,12.0,0.3,0.009096537716686726,14.844576597213745,2,100002,200002,1473483745,sfo,228352,228352,57088,"[57088, 57088, 57088, 57088]",81920,446,446,0.7151944637298584,0.007831453345716,,,,,,,,
NOG-FO,NOG,492,492,41.0,4,y_bar,0.1,12.0,0.3,0.008011680096387863,16.43367099761963,2,100002,200002,1473483745,sfo,252928,252928,63232,"[63232, 63232, 63232, 63232]",90112,494,494,0.7149437665939331,0.0082514313980937,,,,,,,,
NOG-FO,NOG,540,540,45.0,4,y_bar,0.1,12.0,0.3,0.008605060167610645,18.031656742095947,2,100002,200002,1473483745,sfo,277504,277504,69376,"[69376, 69376, 69376, 69376]",98304,542,542,0.7147046327590942,0.00878041423857212,,,,,,,,
NOG-FO,NOG,588,588,49.0,4,y_bar,0.1,12.0,0.3,0.007702197413891554,19.585279941558838,2,100002,200002,1473483745,sfo,302080,302080,75520,"[75520, 75520, 75520, 75520]",106496,590,590,0.7144465446472168,0.007158644497394562,,,,,,,,
NOG-FO,NOG,636,636,53.0,4,y_bar,0.1,12.0,0.3,0.008501634933054447,21.166143655776978,2,100002,200002,1473483745,sfo,326656,326656,81664,"[81664, 81664, 81664, 81664]",114688,638,638,0.7141870856285095,0.007603885605931282,,,,,,,,
NOG-FO,NOG,684,684,57.0,4,y_bar,0.1,12.0,0.3,0.007824966683983803,22.76197099685669,2,100002,200002,1473483745,sfo,351232,351232,87808,"[87808, 87808, 87808, 87808]",122880,686,686,0.7139516472816467,0.007706502918154001,,,,,,,,
NOG-FO,NOG,732,732,61.0,4,y_bar,0.1,12.0,0.3,0.008176528848707676,24.316594123840332,2,100002,200002,1473483745,sfo,375808,375808,93952,"[93952, 93952, 93952, 93952]",131072,734,734,0.7137057781219482,0.008029735647141933,,,,,,,,
NOG-FO,NOG,780,780,65.0,4,y_bar,0.1,12.0,0.3,0.009102392010390759,25.9532573223114,2,100002,200002,1473483745,sfo,400384,400384,100096,"[100096, 100096, 100096, 100096]",139264,782,782,0.713535726070404,0.007830345071852207,,,,,,,,
NOG-FO,NOG,828,828,69.0,4,y_bar,0.1,12.0,0.3,0.008668825030326843,27.50627827644348,2,100002,200002,1473483745,sfo,424960,424960,106240,"[106240, 106240, 106240, 106240]",147456,830,830,0.7133074402809143,0.008402741514146328,,,,,,,,
NOG-FO,NOG,876,876,73.0,4,y_bar,0.1,12.0,0.3,0.009105943143367767,29.062464952468872,2,100002,200002,1473483745,sfo,449536,449536,112384,"[112384, 112384, 112384, 112384]",155648,878,878,0.7130966782569885,0.009088817983865738,,,,,,,,
NOG-FO,NOG,924,924,77.0,4,y_bar,0.1,12.0,0.3,0.007770278491079807,30.761220932006836,2,100002,200002,1473483745,sfo,474112,474112,118528,"[118528, 118528, 118528, 118528]",163840,926,926,0.7128936052322388,0.007168145850300789,,,,,,,,
NOG-FO,NOG,960,960,80.0,4,y_bar,0.1,12.0,0.3,0.008681852370500565,32.04259490966797,2,100002,200002,1473483745,sfo,492544,492544,123136,"[123136, 123136, 123136, 123136]",172032,962,962,0.7127951979637146,0.007641206495463848,,,,,,,,
NOG-FO,NOG,12,12,1.0,8,y_bar,0.1,12.0,0.3,0.01319880597293377,0.8446235656738281,2,100002,200002,1095244158,sfo,7168,7168,896,"[896, 896, 896, 896, 896, 896, 896, 896]",8192,14,14,0.7174893617630005,0.011199246160686016,,,,,,,,
NOG-FO,NOG,60,60,5.0,8,y_bar,0.1,12.0,0.3,0.008433623239398003,4.0789690017700195,2,100002,200002,1095244158,sfo,31744,31744,3968,"[3968, 3968, 3968, 3968, 3968, 3968, 3968, 3968]",16384,62,62,0.7172157764434814,0.008085926994681358,,,,,,,,
NOG-FO,NOG,108,108,9.0,8,y_bar,0.1,12.0,0.3,0.008313531056046486,7.246297597885132,2,100002,200002,1095244158,sfo,56320,56320,7040,"[7040, 7040, 7040, 7040, 7040, 7040, 7040, 7040]",24576,110,110,0.7169898152351379,0.0076140789315104485,,,,,,,,
NOG-FO,NOG,156,156,13.0,8,y_bar,0.1,12.0,0.3,0.00803289283066988,10.551194906234741,2,100002,200002,1095244158,sfo,80896,80896,10112,"[10112, 10112, 10112, 10112, 10112, 10112, 10112, 10112]",32768,158,158,0.7167587876319885,0.008306915871798992,,,,,,,,
NOG-FO,NOG,204,204,17.0,8,y_bar,0.1,12.0,0.3,0.009363208897411823,13.572170972824097,2,100002,200002,1095244158,sfo,105472,105472,13184,"[13184, 13184, 13184, 13184, 13184, 13184, 13184, 13184]",40960,206,206,0.7165613770484924,0.009277019649744034,,,,,,,,
NOG-FO,NOG,252,252,21.0,8,y_bar,0.1,12.0,0.3,0.00898694060742855,16.70734214782715,2,100002,200002,1095244158,sfo,130048,130048,16256,"[16256, 16256, 16256, 16256, 16256, 16256, 16256, 16256]",49152,254,254,0.716321587562561,0.008338904939591885,,,,,,,,
NOG-FO,NOG,300,300,25.0,8,y_bar,0.1,12.0,0.3,0.009019861929118633,19.89000630378723,2,100002,200002,1095244158,sfo,154624,154624,19328,"[19328, 19328, 19328, 19328, 19328, 19328, 19328, 19328]",57344,302,302,0.7160311937332153,0.008788302540779114,,,,,,,,
NOG-FO,NOG,348,348,29.0,8,y_bar,0.1,12.0,0.3,0.007847638800740242,22.998889446258545,2,100002,200002,1095244158,sfo,179200,179200,22400,"[22400, 22400, 22400, 22400, 22400, 22400, 22400, 22400]",65536,350,350,0.7157093286514282,0.007924637757241726,,,,,,,,
NOG-FO,NOG,396,396,33.0,8,y_bar,0.1,12.0,0.3,0.008624075911939144,26.149193048477173,2,100002,200002,1095244158,sfo,203776,203776,25472,"[25472, 25472, 25472, 25472, 25472, 25472, 25472, 25472]",73728,398,398,0.7154502868652344,0.008151727728545666,,,,,,,,
NOG-FO,NOG,444,444,37.0,8,y_bar,0.1,12.0,0.3,0.008625641465187073,29.252671718597412,2,100002,200002,1095244158,sfo,228352,228352,28544,"[28544, 28544, 28544, 28544, 28544, 28544, 28544, 28544]",81920,446,446,0.7152206301689148,0.0077722505666315556,,,,,,,,
NOG-FO,NOG,492,492,41.0,8,y_bar,0.1,12.0,0.3,0.008257633075118065,32.38437533378601,2,100002,200002,1095244158,sfo,252928,252928,31616,"[31616, 31616, 31616, 31616, 31616, 31616, 31616, 31616]",90112,494,494,0.7149342894554138,0.00793076679110527,,,,,,,,
NOG-FO,NOG,540,540,45.0,8,y_bar,0.1,12.0,0.3,0.008396881632506847,35.47166848182678,2,100002,200002,1095244158,sfo,277504,277504,34688,"[34688, 34688, 34688, 34688, 34688, 34688, 34688, 34688]",98304,542,542,0.7147426009178162,0.009329255670309067,,,,,,,,
NOG-FO,NOG,588,588,49.0,8,y_bar,0.1,12.0,0.3,0.007978091016411781,38.426862716674805,2,100002,200002,1095244158,sfo,302080,302080,37760,"[37760, 37760, 37760, 37760, 37760, 37760, 37760, 37760]",106496,590,590,0.7145164608955383,0.006831155624240637,,,,,,,,
NOG-FO,NOG,636,636,53.0,8,y_bar,0.1,12.0,0.3,0.007964788004755974,41.42727279663086,2,100002,200002,1095244158,sfo,326656,326656,40832,"[40832, 40832, 40832, 40832, 40832, 40832, 40832, 40832]",114688,638,638,0.7142859697341919,0.007733948528766632,,,,,,,,
NOG-FO,NOG,684,684,57.0,8,y_bar,0.1,12.0,0.3,0.00830812193453312,44.57076120376587,2,100002,200002,1095244158,sfo,351232,351232,43904,"[43904, 43904, 43904, 43904, 43904, 43904, 43904, 43904]",122880,686,686,0.7140394449234009,0.007439069915562868,,,,,,,,
NOG-FO,NOG,732,732,61.0,8,y_bar,0.1,12.0,0.3,0.007985733449459076,47.70241069793701,2,100002,200002,1095244158,sfo,375808,375808,46976,"[46976, 46976, 46976, 46976, 46976, 46976, 46976, 46976]",131072,734,734,0.7138463258743286,0.008181469514966011,,,,,,,,
NOG-FO,NOG,780,780,65.0,8,y_bar,0.1,12.0,0.3,0.0073399897664785385,50.86927366256714,2,100002,200002,1095244158,sfo,400384,400384,50048,"[50048, 50048, 50048, 50048, 50048, 50048, 50048, 50048]",139264,782,782,0.7136023640632629,0.007376557216048241,,,,,,,,
NOG-FO,NOG,828,828,69.0,8,y_bar,0.1,12.0,0.3,0.008316432125866413,54.003700733184814,2,100002,200002,1095244158,sfo,424960,424960,53120,"[53120, 53120, 53120, 53120, 53120, 53120, 53120, 53120]",147456,830,830,0.7134336829185486,0.00807228498160839,,,,,,,,
NOG-FO,NOG,876,876,73.0,8,y_bar,0.1,12.0,0.3,0.009736626408994198,57.151926040649414,2,100002,200002,1095244158,sfo,449536,449536,56192,"[56192, 56192, 56192, 56192, 56192, 56192, 56192, 56192]",155648,878,878,0.7132509350776672,0.009307564236223698,,,,,,,,
NOG-FO,NOG,924,924,77.0,8,y_bar,0.1,12.0,0.3,0.009891947731375694,60.33048963546753,2,100002,200002,1095244158,sfo,474112,474112,59264,"[59264, 59264, 59264, 59264, 59264, 59264, 59264, 59264]",163840,926,926,0.7130045294761658,0.006944532506167889,,,,,,,,
NOG-FO,NOG,960,960,80.0,8,y_bar,0.1,12.0,0.3,0.009096124209463596,62.65395665168762,2,100002,200002,1095244158,sfo,492544,492544,61568,"[61568, 61568, 61568, 61568, 61568, 61568, 61568, 61568]",172032,962,962,0.7128653526306152,0.007205525413155556,,,,,,,,
ME-DOL-FO,ME-DOL,12,12,,8,epoch_w_bar,0.1,,0.000637887953849786,,0.18256473541259766,2,100002,200002,1352842306,sfo,96,96,12,"[12, 12, 12, 12, 12, 12, 12, 12]",8192,12,12,0.7174907922744751,0.012326829135417938,12.0,0.002209708691207961,3.0,,,,,
ME-DOL-FO,ME-DOL,60,60,,8,epoch_w_bar,0.1,,0.000637887953849786,,0.6891055107116699,2,100002,200002,1352842306,sfo,480,480,60,"[60, 60, 60, 60, 60, 60, 60, 60]",16384,60,60,0.7175120711326599,0.012273242697119713,12.0,0.002209708691207961,3.0,,,,,
ME-DOL-FO,ME-DOL,108,108,,8,epoch_w_bar,0.1,,0.000637887953849786,,1.2132854461669922,2,100002,200002,1352842306,sfo,864,864,108,"[108, 108, 108, 108, 108, 108, 108, 108]",24576,108,108,0.717510998249054,0.011625832878053188,12.0,0.002209708691207961,3.0,,,,,
ME-DOL-FO,ME-DOL,156,156,,8,epoch_w_bar,0.1,,0.000637887953849786,,1.6991539001464844,2,100002,200002,1352842306,sfo,1248,1248,156,"[156, 156, 156, 156, 156, 156, 156, 156]",32768,156,156,0.7175188660621643,0.012182915583252907,12.0,0.002209708691207961,3.0,,,,,
ME-DOL-FO,ME-DOL,204,204,,8,epoch_w_bar,0.1,,0.000637887953849786,,2.222219705581665,2,100002,200002,1352842306,sfo,1632,1632,204,"[204, 204, 204, 204, 204, 204, 204, 204]",40960,204,204,0.7175103425979614,0.012316353619098663,12.0,0.002209708691207961,3.0,,,,,
ME-DOL-FO,ME-DOL,252,252,,8,epoch_w_bar,0.1,,0.000637887953849786,,2.7355194091796875,2,100002,200002,1352842306,sfo,2016,2016,252,"[252, 252, 252, 252, 252, 252, 252, 252]",49152,252,252,0.7175219655036926,0.010998325422406197,12.0,0.002209708691207961,3.0,,,,,
ME-DOL-FO,ME-DOL,300,300,,8,epoch_w_bar,0.1,,0.000637887953849786,,3.2619519233703613,2,100002,200002,1352842306,sfo,2400,2400,300,"[300, 300, 300, 300, 300, 300, 300, 300]",57344,300,300,0.7175247669219971,0.012580746784806252,12.0,0.002209708691207961,3.0,,,,,
ME-DOL-FO,ME-DOL,348,348,,8,epoch_w_bar,0.1,,0.000637887953849786,,3.7701523303985596,2,100002,200002,1352842306,sfo,2784,2784,348,"[348, 348, 348, 348, 348, 348, 348, 348]",65536,348,348,0.7175173759460449,0.011657689698040485,12.0,0.002209708691207961,3.0,,,,,
ME-DOL-FO,ME-DOL,396,396,,8,epoch_w_bar,0.1,,0.000637887953849786,,4.296743154525757,2,100002,200002,1352842306,sfo,3168,3168,396,"[396, 396, 396, 396, 396, 396, 396, 396]",73728,396,396,0.7175118327140808,0.011494816280901432,12.0,0.002209708691207961,3.0,,,,,
ME-DOL-FO,ME-DOL,444,444,,8,epoch_w_bar,0.1,,0.000637887953849786,,4.793853521347046,2,100002,200002,1352842306,sfo,3552,3552,444,"[444, 444, 444, 444, 444, 444, 444, 444]",81920,444,444,0.7175028920173645,0.01100954134017229,12.0,0.002209708691207961,3.0,,,,,
ME-DOL-FO,ME-DOL,492,492,,8,epoch_w_bar,0.1,,0.000637887953849786,,5.321181535720825,2,100002,200002,1352842306,sfo,3936,3936,492,"[492, 492, 492, 492, 492, 492, 492, 492]",90112,492,492,0.7174952030181885,0.010742983780801296,12.0,0.002209708691207961,3.0,,,,,
ME-DOL-FO,ME-DOL,540,540,,8,epoch_w_bar,0.1,,0.000637887953849786,,5.822733163833618,2,100002,200002,1352842306,sfo,4320,4320,540,"[540, 540, 540, 540, 540, 540, 540, 540]",98304,540,540,0.7174907922744751,0.012299848720431328,12.0,0.002209708691207961,3.0,,,,,
ME-DOL-FO,ME-DOL,588,588,,8,epoch_w_bar,0.1,,0.000637887953849786,,6.352099180221558,2,100002,200002,1352842306,sfo,4704,4704,588,"[588, 588, 588, 588, 588, 588, 588, 588]",106496,588,588,0.7174947261810303,0.01095686573535204,12.0,0.002209708691207961,3.0,,,,,
ME-DOL-FO,ME-DOL,636,636,,8,epoch_w_bar,0.1,,0.000637887953849786,,6.872067213058472,2,100002,200002,1352842306,sfo,5088,5088,636,"[636, 636, 636, 636, 636, 636, 636, 636]",114688,636,636,0.717494010925293,0.011352923698723316,12.0,0.002209708691207961,3.0,,,,,
ME-DOL-FO,ME-DOL,684,684,,8,epoch_w_bar,0.1,,0.000637887953849786,,7.394784450531006,2,100002,200002,1352842306,sfo,5472,5472,684,"[684, 684, 684, 684, 684, 684, 684, 684]",122880,684,684,0.7174855470657349,0.011634276248514652,12.0,0.002209708691207961,3.0,,,,,
ME-DOL-FO,ME-DOL,732,732,,8,epoch_w_bar,0.1,,0.000637887953849786,,7.902475357055664,2,100002,200002,1352842306,sfo,5856,5856,732,"[732, 732, 732, 732, 732, 732, 732, 732]",131072,732,732,0.717483639717102,0.011205394752323627,12.0,0.002209708691207961,3.0,,,,,
ME-DOL-FO,ME-DOL,780,780,,8,epoch_w_bar,0.1,,0.000637887953849786,,8.415331840515137,2,100002,200002,1352842306,sfo,6240,6240,780,"[780, 780, 780, 780, 780, 780, 780, 780]",139264,780,780,0.7174816131591797,0.010015665553510189,12.0,0.002209708691207961,3.0,,,,,
ME-DOL-FO,ME-DOL,828,828,,8,epoch_w_bar,0.1,,0.000637887953849786,,8.92419147491455,2,100002,200002,1352842306,sfo,6624,6624,828,"[828, 828, 828, 828, 828, 828, 828, 828]",147456,828,828,0.7174810171127319,0.011450499296188354,12.0,0.002209708691207961,3.0,,,,,
ME-DOL-FO,ME-DOL,876,876,,8,epoch_w_bar,0.1,,0.000637887953849786,,9.40384030342102,2,100002,200002,1352842306,sfo,7008,7008,876,"[876, 876, 876, 876, 876, 876, 876, 876]",155648,876,876,0.7174696326255798,0.01120755821466446,12.0,0.002209708691207961,3.0,,,,,
ME-DOL-FO,ME-DOL,924,924,,8,epoch_w_bar,0.1,,0.000637887953849786,,9.864913940429688,2,100002,200002,1352842306,sfo,7392,7392,924,"[924, 924, 924, 924, 924, 924, 924, 924]",163840,924,924,0.7174585461616516,0.010001104325056076,12.0,0.002209708691207961,3.0,,,,,
ME-DOL-FO,ME-DOL,960,960,,8,epoch_w_bar,0.1,,0.000637887953849786,,10.251797437667847,2,100002,200002,1352842306,sfo,7680,7680,960,"[960, 960, 960, 960, 960, 960, 960, 960]",172032,960,960,0.7174564599990845,0.009981418028473854,12.0,0.002209708691207961,3.0,,,,,
NOG-ZO,NOG,12,12,1.0,1,y_bar,0.1,12.0,0.3,0.07406435906887054,0.1128242015838623,2,100002,200002,606279217,szo,14336,14336,14336,[14336],8192,14,14,0.7175601124763489,0.012217620387673378,,,,,,,,
NOG-ZO,NOG,60,60,5.0,1,y_bar,0.1,12.0,0.3,0.07727845013141632,0.3983042240142822,2,100002,200002,606279217,szo,63488,63488,63488,[63488],16384,62,62,0.7176039218902588,0.011999297887086868,,,,,,,,
NOG-ZO,NOG,108,108,9.0,1,y_bar,0.1,12.0,0.3,0.07297725230455399,0.6811811923980713,2,100002,200002,606279217,szo,112640,112640,112640,[112640],24576,110,110,0.7176324725151062,0.011246035806834698,,,,,,,,
NOG-ZO,NOG,156,156,13.0,1,y_bar,0.1,12.0,0.3,0.08817747980356216,0.9715216159820557,2,100002,200002,606279217,szo,161792,161792,161792,[161792],32768,158,158,0.717660129070282,0.011494318023324013,,,,,,,,
NOG-ZO,NOG,204,204,17.0,1,y_bar,0.1,12.0,0.3,0.08158846199512482,1.2650132179260254,2,100002,200002,606279217,szo,210944,210944,210944,[210944],40960,206,206,0.7176323533058167,0.01171104982495308,,,,,,,,
NOG-ZO,NOG,252,252,21.0,1,y_bar,0.1,12.0,0.3,0.06511808186769485,1.5513901710510254,2,100002,200002,606279217,szo,260096,260096,260096,[260096],49152,254,254,0.7176445126533508,0.010560634545981884,,,,,,,,
NOG-ZO,NOG,300,300,25.0,1,y_bar,0.1,12.0,0.3,0.08420698344707489,1.8477113246917725,2,100002,200002,606279217,szo,309248,309248,309248,[309248],57344,302,302,0.717657744884491,0.011970284394919872,,,,,,,,
NOG-ZO,NOG,348,348,29.0,1,y_bar,0.1,12.0,0.3,0.08157366514205933,2.1374919414520264,2,100002,200002,606279217,szo,358400,358400,358400,[358400],65536,350,350,0.7176474332809448,0.010911370627582073,,,,,,,,
NOG-ZO,NOG,396,396,33.0,1,y_bar,0.1,12.0,0.3,0.06689640879631042,2.429654598236084,2,100002,200002,606279217,szo,407552,407552,407552,[407552],73728,398,398,0.7176474332809448,0.010792307555675507,,,,,,,,
NOG-ZO,NOG,444,444,37.0,1,y_bar,0.1,12.0,0.3,0.0762040764093399,2.727250099182129,2,100002,200002,606279217,szo,456704,456704,456704,[456704],81920,446,446,0.7176048755645752,0.010332566685974598,,,,,,,,
NOG-ZO,NOG,492,492,41.0,1,y_bar,0.1,12.0,0.3,0.07100481539964676,3.0084211826324463,2,100002,200002,606279217,szo,505856,505856,505856,[505856],90112,494,494,0.7176311612129211,0.0107789421454072,,,,,,,,
NOG-ZO,NOG,540,540,45.0,1,y_bar,0.1,12.0,0.3,0.08058010041713715,3.287153959274292,2,100002,200002,606279217,szo,555008,555008,555008,[555008],98304,542,542,0.7176713347434998,0.011903222650289536,,,,,,,,
NOG-ZO,NOG,588,588,49.0,1,y_bar,0.1,12.0,0.3,0.06706422567367554,3.566688060760498,2,100002,200002,606279217,szo,604160,604160,604160,[604160],106496,590,590,0.7176591157913208,0.010692925192415714,,,,,,,,
NOG-ZO,NOG,636,636,53.0,1,y_bar,0.1,12.0,0.3,0.08534377813339233,3.8497416973114014,2,100002,200002,606279217,szo,653312,653312,653312,[653312],114688,638,638,0.717703104019165,0.01125716045498848,,,,,,,,
NOG-ZO,NOG,684,684,57.0,1,y_bar,0.1,12.0,0.3,0.06688985228538513,4.13017463684082,2,100002,200002,606279217,szo,702464,702464,702464,[702464],122880,686,686,0.717685878276825,0.011645851656794548,,,,,,,,
NOG-ZO,NOG,732,732,61.0,1,y_bar,0.1,12.0,0.3,0.07989652454853058,4.411021709442139,2,100002,200002,606279217,szo,751616,751616,751616,[751616],131072,734,734,0.7176920175552368,0.01067716721445322,,,,,,,,
NOG-ZO,NOG,780,780,65.0,1,y_bar,0.1,12.0,0.3,0.06023438274860382,4.699911594390869,2,100002,200002,606279217,szo,800768,800768,800768,[800768],139264,782,782,0.7176476716995239,0.010193617083132267,,,,,,,,
NOG-ZO,NOG,828,828,69.0,1,y_bar,0.1,12.0,0.3,0.06813724339008331,4.977057456970215,2,100002,200002,606279217,szo,849920,849920,849920,[849920],147456,830,830,0.7176380157470703,0.011703968048095703,,,,,,,,
NOG-ZO,NOG,876,876,73.0,1,y_bar,0.1,12.0,0.3,0.0776357501745224,5.254668235778809,2,100002,200002,606279217,szo,899072,899072,899072,[899072],155648,878,878,0.7176289558410645,0.011837711557745934,,,,,,,,
NOG-ZO,NOG,924,924,77.0,1,y_bar,0.1,12.0,0.3,0.07831566035747528,5.5390613079071045,2,100002,200002,606279217,szo,948224,948224,948224,[948224],163840,926,926,0.7175675630569458,0.009896524250507355,,,,,,,,
NOG-ZO,NOG,960,960,80.0,1,y_bar,0.1,12.0,0.3,0.061739321798086166,5.769993543624878,2,100002,200002,606279217,szo,985088,985088,985088,[985088],172032,962,962,0.717544436454773,0.009537607431411743,,,,,,,,
NOG-ZO,NOG,12,12,1.0,2,y_bar,0.1,12.0,0.3,0.0914190411567688,0.16727590560913086,2,100002,200002,730580027,szo,14336,14336,7168,"[7168, 7168]",8192,14,14,0.7175604701042175,0.012181290425360203,,,,,,,,
NOG-ZO,NOG,60,60,5.0,2,y_bar,0.1,12.0,0.3,0.06886658817529678,0.6584303379058838,2,100002,200002,730580027,szo,63488,63488,31744,"[31744, 31744]",16384,62,62,0.7176582217216492,0.011760985478758812,,,,,,,,
NOG-ZO,NOG,108,108,9.0,2,y_bar,0.1,12.0,0.3,0.07192543894052505,1.148515224456787,2,100002,200002,730580027,szo,112640,112640,56320,"[56320, 56320]",24576,110,110,0.7176981568336487,0.01156249176710844,,,,,,,,
NOG-ZO,NOG,156,156,13.0,2,y_bar,0.1,12.0,0.3,0.08238115161657333,1.6300532817840576,2,100002,200002,730580027,szo,161792,161792,80896,"[80896, 80896]",32768,158,158,0.7177026271820068,0.012021039612591267,,,,,,,,
NOG-ZO,NOG,204,204,17.0,2,y_bar,0.1,12.0,0.3,0.08311837166547775,2.1182620525360107,2,100002,200002,730580027,szo,210944,210944,105472,"[105472, 105472]",40960,206,206,0.7176907658576965,0.011381261050701141,,,,,,,,
NOG-ZO,NOG,252,252,21.0,2,y_bar,0.1,12.0,0.3,0.08725301176309586,2.6001133918762207,2,100002,200002,730580027,szo,260096,260096,130048,"[130048, 130048]",49152,254,254,0.717677116394043,0.011159956455230713,,,,,,,,
NOG-ZO,NOG,300,300,25.0,2,y_bar,0.1,12.0,0.3,0.08529030531644821,3.0896964073181152,2,100002,200002,730580027,szo,309248,309248,154624,"[154624, 154624]",57344,302,302,0.7176802754402161,0.012270047329366207,,,,,,,,
NOG-ZO,NOG,348,348,29.0,2,y_bar,0.1,12.0,0.3,0.06656885147094727,3.5831198692321777,2,100002,200002,730580027,szo,358400,358400,179200,"[179200, 179200]",65536,350,350,0.7177020311355591,0.011105906218290329,,,,,,,,
NOG-ZO,NOG,396,396,33.0,2,y_bar,0.1,12.0,0.3,0.07550854235887527,4.075109243392944,2,100002,200002,730580027,szo,407552,407552,203776,"[203776, 203776]",73728,398,398,0.7177177667617798,0.01124588306993246,,,,,,,,
NOG-ZO,NOG,444,444,37.0,2,y_bar,0.1,12.0,0.3,0.0762406587600708,4.560497045516968,2,100002,200002,730580027,szo,456704,456704,228352,"[228352, 228352]",81920,446,446,0.7177205681800842,0.01127900741994381,,,,,,,,
NOG-ZO,NOG,492,492,41.0,2,y_bar,0.1,12.0,0.3,0.08037616312503815,5.0509302616119385,2,100002,200002,730580027,szo,505856,505856,252928,"[252928, 252928]",90112,494,494,0.7177737355232239,0.01155745331197977,,,,,,,,
NOG-ZO,NOG,540,540,45.0,2,y_bar,0.1,12.0,0.3,0.0746387243270874,5.534627676010132,2,100002,200002,730580027,szo,555008,555008,277504,"[277504, 277504]",98304,542,542,0.7177401185035706,0.012102355249226093,,,,,,,,
NOG-ZO,NOG,588,588,49.0,2,y_bar,0.1,12.0,0.3,0.07810971885919571,6.025440216064453,2,100002,200002,730580027,szo,604160,604160,302080,"[302080, 302080]",106496,590,590,0.7176880836486816,0.010900959372520447,,,,,,,,
NOG-ZO,NOG,636,636,53.0,2,y_bar,0.1,12.0,0.3,0.07622122019529343,6.507035732269287,2,100002,200002,730580027,szo,653312,653312,326656,"[326656, 326656]",114688,638,638,0.7176488637924194,0.010914534330368042,,,,,,,,
NOG-ZO,NOG,684,684,57.0,2,y_bar,0.1,12.0,0.3,0.08280336111783981,6.997375965118408,2,100002,200002,730580027,szo,702464,702464,351232,"[351232, 351232]",122880,686,686,0.7176122069358826,0.010459814220666885,,,,,,,,
NOG-ZO,NOG,732,732,61.0,2,y_bar,0.1,12.0,0.3,0.08364880084991455,7.478164911270142,2,100002,200002,730580027,szo,751616,751616,375808,"[375808, 375808]",131072,734,734,0.7175681591033936,0.01009015366435051,,,,,,,,
NOG-ZO,NOG,780,780,65.0,2,y_bar,0.1,12.0,0.3,0.05818619206547737,7.957298755645752,2,100002,200002,730580027,szo,800768,800768,400384,"[400384, 400384]",139264,782,782,0.7175204157829285,0.009369062259793282,,,,,,,,
NOG-ZO,NOG,828,828,69.0,2,y_bar,0.1,12.0,0.3,0.08362404257059097,8.440791606903076,2,100002,200002,730580027,szo,849920,849920,424960,"[424960, 424960]",147456,830,830,0.7174941897392273,0.010851302184164524,,,,,,,,
NOG-ZO,NOG,876,876,73.0,2,y_bar,0.1,12.0,0.3,0.09377622604370117,8.927184104919434,2,100002,200002,730580027,szo,899072,899072,449536,"[449536, 449536]",155648,878,878,0.7175290584564209,0.010376191698014736,,,,,,,,
NOG-ZO,NOG,924,924,77.0,2,y_bar,0.1,12.0,0.3,0.08198650926351547,9.407397270202637,2,100002,200002,730580027,szo,948224,948224,474112,"[474112, 474112]",163840,926,926,0.7175038456916809,0.00931102316826582,,,,,,,,
NOG-ZO,NOG,960,960,80.0,2,y_bar,0.1,12.0,0.3,0.07046792656183243,9.787257194519043,2,100002,200002,730580027,szo,985088,985088,492544,"[492544, 492544]",172032,962,962,0.7174777984619141,0.010398298501968384,,,,,,,,
NOG-ZO,NOG,12,12,1.0,4,y_bar,0.1,12.0,0.3,0.06730575859546661,0.27515149116516113,2,100002,200002,39788718,szo,14336,14336,3584,"[3584, 3584, 3584, 3584]",8192,14,14,0.7175451517105103,0.012280897237360477,,,,,,,,
NOG-ZO,NOG,60,60,5.0,4,y_bar,0.1,12.0,0.3,0.08580273389816284,1.1731822490692139,2,100002,200002,39788718,szo,63488,63488,15872,"[15872, 15872, 15872, 15872]",16384,62,62,0.7176088690757751,0.012002279050648212,,,,,,,,
NOG-ZO,NOG,108,108,9.0,4,y_bar,0.1,12.0,0.3,0.07813505083322525,2.0662283897399902,2,100002,200002,39788718,szo,112640,112640,28160,"[28160, 28160, 28160, 28160]",24576,110,110,0.7175970077514648,0.01095112506300211,,,,,,,,
NOG-ZO,NOG,156,156,13.0,4,y_bar,0.1,12.0,0.3,0.07678041607141495,2.989955425262451,2,100002,200002,39788718,szo,161792,161792,40448,"[40448, 40448, 40448, 40448]",32768,158,158,0.7176485657691956,0.011617874726653099,,,,,,,,
NOG-ZO,NOG,204,204,17.0,4,y_bar,0.1,12.0,0.3,0.07242044806480408,3.8965418338775635,2,100002,200002,39788718,szo,210944,210944,52736,"[52736, 52736, 52736, 52736]",40960,206,206,0.7176205515861511,0.011661375872790813,,,,,,,,
NOG-ZO,NOG,252,252,21.0,4,y_bar,0.1,12.0,0.3,0.08058952540159225,4.8025336265563965,2,100002,200002,39788718,szo,260096,260096,65024,"[65024, 65024, 65024, 65024]",49152,254,254,0.7176228165626526,0.010275599546730518,,,,,,,,
NOG-ZO,NOG,300,300,25.0,4,y_bar,0.1,12.0,0.3,0.07193000614643097,5.744641542434692,2,100002,200002,39788718,szo,309248,309248,77312,"[77312, 77312, 77312, 77312]",57344,302,302,0.7176086902618408,0.011685107834637165,,,,,,,,
NOG-ZO,NOG,348,348,29.0,4,y_bar,0.1,12.0,0.3,0.06196695566177368,6.6611456871032715,2,100002,200002,39788718,szo,358400,358400,89600,"[89600, 89600, 89600, 89600]",65536,350,350,0.7175663113594055,0.010361835360527039,,,,,,,,
NOG-ZO,NOG,396,396,33.0,4,y_bar,0.1,12.0,0.3,0.08176042139530182,7.582253694534302,2,100002,200002,39788718,szo,407552,407552,101888,"[101888, 101888, 101888, 101888]",73728,398,398,0.7175663709640503,0.010436794720590115,,,,,,,,
NOG-ZO,NOG,444,444,37.0,4,y_bar,0.1,12.0,0.3,0.07564585655927658,8.475278377532959,2,100002,200002,39788718,szo,456704,456704,114176,"[114176, 114176, 114176, 114176]",81920,446,446,0.717510998249054,0.009348115883767605,,,,,,,,
NOG-ZO,NOG,492,492,41.0,4,y_bar,0.1,12.0,0.3,0.08227045834064484,9.382882595062256,2,100002,200002,39788718,szo,505856,505856,126464,"[126464, 126464, 126464, 126464]",90112,494,494,0.7175238132476807,0.00986635871231556,,,,,,,,
NOG-ZO,NOG,540,540,45.0,4,y_bar,0.1,12.0,0.3,0.07905381172895432,10.285261154174805,2,100002,200002,39788718,szo,555008,555008,138752,"[138752, 138752, 138752, 138752]",98304,542,542,0.7175445556640625,0.011132069863379002,,,,,,,,
NOG-ZO,NOG,588,588,49.0,4,y_bar,0.1,12.0,0.3,0.07768110930919647,11.191646337509155,2,100002,200002,39788718,szo,604160,604160,151040,"[151040, 151040, 151040, 151040]",106496,590,590,0.7175542116165161,0.009760763496160507,,,,,,,,
NOG-ZO,NOG,636,636,53.0,4,y_bar,0.1,12.0,0.3,0.07625672221183777,12.095425844192505,2,100002,200002,39788718,szo,653312,653312,163328,"[163328, 163328, 163328, 163328]",114688,638,638,0.7175017595291138,0.010080373845994473,,,,,,,,
NOG-ZO,NOG,684,684,57.0,4,y_bar,0.1,12.0,0.3,0.07310385257005692,12.988460779190063,2,100002,200002,39788718,szo,702464,702464,175616,"[175616, 175616, 175616, 175616]",122880,686,686,0.7175068259239197,0.009739743545651436,,,,,,,,
NOG-ZO,NOG,732,732,61.0,4,y_bar,0.1,12.0,0.3,0.06363096833229065,13.886401653289795,2,100002,200002,39788718,szo,751616,751616,187904,"[187904, 187904, 187904, 187904]",131072,734,734,0.7175179719924927,0.00994249526411295,,,,,,,,
NOG-ZO,NOG,780,780,65.0,4,y_bar,0.1,12.0,0.3,0.06881269067525864,14.772398710250854,2,100002,200002,39788718,szo,800768,800768,200192,"[200192, 200192, 200192, 200192]",139264,782,782,0.717498779296875,0.009553576819598675,,,,,,,,
NOG-ZO,NOG,828,828,69.0,4,y_bar,0.1,12.0,0.3,0.07826999574899673,15.661726713180542,2,100002,200002,39788718,szo,849920,849920,212480,"[212480, 212480, 212480, 212480]",147456,830,830,0.7174956798553467,0.010515520349144936,,,,,,,,
NOG-ZO,NOG,876,876,73.0,4,y_bar,0.1,12.0,0.3,0.08499967306852341,16.547750234603882,2,100002,200002,39788718,szo,899072,899072,224768,"[224768, 224768, 224768, 224768]",155648,878,878,0.7174919843673706,0.010237187147140503,,,,,,,,
NOG-ZO,NOG,924,924,77.0,4,y_bar,0.1,12.0,0.3,0.0735422670841217,17.437188386917114,2,100002,200002,39788718,szo,948224,948224,237056,"[237056, 237056, 237056, 237056]",163840,926,926,0.7174863219261169,0.010280819609761238,,,,,,,,
NOG-ZO,NOG,960,960,80.0,4,y_bar,0.1,12.0,0.3,0.06507568061351776,18.12162446975708,2,100002,200002,39788718,szo,985088,985088,246272,"[246272, 246272, 246272, 246272]",172032,962,962,0.7174751162528992,0.009171835146844387,,,,,,,,
NOG-ZO,NOG,12,12,1.0,8,y_bar,0.1,12.0,0.3,0.07853084802627563,0.48044919967651367,2,100002,200002,1724320104,szo,14336,14336,1792,"[1792, 1792, 1792, 1792, 1792, 1792, 1792, 1792]",8192,14,14,0.7175582051277161,0.012239589355885983,,,,,,,,
NOG-ZO,NOG,60,60,5.0,8,y_bar,0.1,12.0,0.3,0.07286088168621063,2.1791858673095703,2,100002,200002,1724320104,szo,63488,63488,7936,"[7936, 7936, 7936, 7936, 7936, 7936, 7936, 7936]",16384,62,62,0.7176545858383179,0.011844083666801453,,,,,,,,
NOG-ZO,NOG,108,108,9.0,8,y_bar,0.1,12.0,0.3,0.07061231136322021,3.8781380653381348,2,100002,200002,1724320104,szo,112640,112640,14080,"[14080, 14080, 14080, 14080, 14080, 14080, 14080, 14080]",24576,110,110,0.7176660299301147,0.011513735167682171,,,,,,,,
NOG-ZO,NOG,156,156,13.0,8,y_bar,0.1,12.0,0.3,0.07683888077735901,5.5696938037872314,2,100002,200002,1724320104,szo,161792,161792,20224,"[20224, 20224, 20224, 20224, 20224, 20224, 20224, 20224]",32768,158,158,0.7176896333694458,0.011755622923374176,,,,,,,,
NOG-ZO,NOG,204,204,17.0,8,y_bar,0.1,12.0,0.3,0.0746854618191719,7.272581100463867,2,100002,200002,1724320104,szo,210944,210944,26368,"[26368, 26368, 26368, 26368, 26368, 26368, 26368, 26368]",40960,206,206,0.7177141904830933,0.011994397267699242,,,,,,,,
NOG-ZO,NOG,252,252,21.0,8,y_bar,0.1,12.0,0.3,0.07446479797363281,9.063545942306519,2,100002,200002,1724320104,szo,260096,260096,32512,"[32512, 32512, 32512, 32512, 32512, 32512, 32512, 32512]",49152,254,254,0.7176995277404785,0.011425831355154514,,,,,,,,
NOG-ZO,NOG,300,300,25.0,8,y_bar,0.1,12.0,0.3,0.07343180477619171,10.815563917160034,2,100002,200002,1724320104,szo,309248,309248,38656,"[38656, 38656, 38656, 38656, 38656, 38656, 38656, 38656]",57344,302,302,0.7176833152770996,0.012088820338249207,,,,,,,,
NOG-ZO,NOG,348,348,29.0,8,y_bar,0.1,12.0,0.3,0.07429396361112595,12.565956354141235,2,100002,200002,1724320104,szo,358400,358400,44800,"[44800, 44800, 44800, 44800, 44800, 44800, 44800, 44800]",65536,350,350,0.7176742553710938,0.010951964184641838,,,,,,,,
NOG-ZO,NOG,396,396,33.0,8,y_bar,0.1,12.0,0.3,0.07189878821372986,14.285275936126709,2,100002,200002,1724320104,szo,407552,407552,50944,"[50944, 50944, 50944, 50944, 50944, 50944, 50944, 50944]",73728,398,398,0.717625617980957,0.010322758927941322,,,,,,,,
NOG-ZO,NOG,444,444,37.0,8,y_bar,0.1,12.0,0.3,0.0787692666053772,16.029218673706055,2,100002,200002,1724320104,szo,456704,456704,57088,"[57088, 57088, 57088, 57088, 57088, 57088, 57088, 57088]",81920,446,446,0.7176220417022705,0.010183990001678467,,,,,,,,
NOG-ZO,NOG,492,492,41.0,8,y_bar,0.1,12.0,0.3,0.07987742125988007,17.73034119606018,2,100002,200002,1724320104,szo,505856,505856,63232,"[63232, 63232, 63232, 63232, 63232, 63232, 63232, 63232]",90112,494,494,0.7175828814506531,0.010290183126926422,,,,,,,,
NOG-ZO,NOG,540,540,45.0,8,y_bar,0.1,12.0,0.3,0.07218999415636063,19.436934232711792,2,100002,200002,1724320104,szo,555008,555008,69376,"[69376, 69376, 69376, 69376, 69376, 69376, 69376, 69376]",98304,542,542,0.717543363571167,0.011284535750746727,,,,,,,,
NOG-ZO,NOG,588,588,49.0,8,y_bar,0.1,12.0,0.3,0.07270538061857224,21.15509533882141,2,100002,200002,1724320104,szo,604160,604160,75520,"[75520, 75520, 75520, 75520, 75520, 75520, 75520, 75520]",106496,590,590,0.7175474166870117,0.009931868873536587,,,,,,,,
NOG-ZO,NOG,636,636,53.0,8,y_bar,0.1,12.0,0.3,0.07098131626844406,22.86357808113098,2,100002,200002,1724320104,szo,653312,653312,81664,"[81664, 81664, 81664, 81664, 81664, 81664, 81664, 81664]",114688,638,638,0.7175302505493164,0.010403377003967762,,,,,,,,
NOG-ZO,NOG,684,684,57.0,8,y_bar,0.1,12.0,0.3,0.07058626413345337,24.57012128829956,2,100002,200002,1724320104,szo,702464,702464,87808,"[87808, 87808, 87808, 87808, 87808, 87808, 87808, 87808]",122880,686,686,0.7175283432006836,0.010205423459410667,,,,,,,,
NOG-ZO,NOG,732,732,61.0,8,y_bar,0.1,12.0,0.3,0.08032974600791931,26.2806499004364,2,100002,200002,1724320104,szo,751616,751616,93952,"[93952, 93952, 93952, 93952, 93952, 93952, 93952, 93952]",131072,734,734,0.7174932360649109,0.010497250594198704,,,,,,,,
NOG-ZO,NOG,780,780,65.0,8,y_bar,0.1,12.0,0.3,0.06812505424022675,27.987916231155396,2,100002,200002,1724320104,szo,800768,800768,100096,"[100096, 100096, 100096, 100096, 100096, 100096, 100096, 100096]",139264,782,782,0.7174226641654968,0.008820932358503342,,,,,,,,
NOG-ZO,NOG,828,828,69.0,8,y_bar,0.1,12.0,0.3,0.07891102880239487,29.702902793884277,2,100002,200002,1724320104,szo,849920,849920,106240,"[106240, 106240, 106240, 106240, 106240, 106240, 106240, 106240]",147456,830,830,0.7174081206321716,0.010023191571235657,,,,,,,,
NOG-ZO,NOG,876,876,73.0,8,y_bar,0.1,12.0,0.3,0.07224763184785843,31.424537897109985,2,100002,200002,1724320104,szo,899072,899072,112384,"[112384, 112384, 112384, 112384, 112384, 112384, 112384, 112384]",155648,878,878,0.7174359560012817,0.01105092465877533,,,,,,,,
NOG-ZO,NOG,924,924,77.0,8,y_bar,0.1,12.0,0.3,0.07155641913414001,33.12591195106506,2,100002,200002,1724320104,szo,948224,948224,118528,"[118528, 118528, 118528, 118528, 118528, 118528, 118528, 118528]",163840,926,926,0.7174292206764221,0.009862937964498997,,,,,,,,
NOG-ZO,NOG,960,960,80.0,8,y_bar,0.1,12.0,0.3,0.07350312918424606,34.42835474014282,2,100002,200002,1724320104,szo,985088,985088,123136,"[123136, 123136, 123136, 123136, 123136, 123136, 123136, 123136]",172032,962,962,0.7174190282821655,0.009287134744226933,,,,,,,,
ME-DOL-ZO,ME-DOL,12,12,,8,epoch_w_bar,0.1,,0.00021262931794992866,,0.12946438789367676,2,100002,200002,1361389894,szo,192,192,24,"[24, 24, 24, 24, 24, 24, 24, 24]",8192,12,12,0.7174935936927795,0.012381878681480885,12.0,0.000736569563735987,1.0,,,,,
ME-DOL-ZO,ME-DOL,60,60,,8,epoch_w_bar,0.1,,0.00021262931794992866,,0.45209169387817383,2,100002,200002,1361389894,szo,960,960,120,"[120, 120, 120, 120, 120, 120, 120, 120]",16384,60,60,0.7175232768058777,0.012472572736442089,12.0,0.000736569563735987,1.0,,,,,
ME-DOL-ZO,ME-DOL,108,108,,8,epoch_w_bar,0.1,,0.00021262931794992866,,0.7576115131378174,2,100002,200002,1361389894,szo,1728,1728,216,"[216, 216, 216, 216, 216, 216, 216, 216]",24576,108,108,0.7175283432006836,0.01174978818744421,12.0,0.000736569563735987,1.0,,,,,
ME-DOL-ZO,ME-DOL,156,156,,8,epoch_w_bar,0.1,,0.00021262931794992866,,1.069216251373291,2,100002,200002,1361389894,szo,2496,2496,312,"[312, 312, 312, 312, 312, 312, 312, 312]",32768,156,156,0.7175350189208984,0.01240905188024044,12.0,0.000736569563735987,1.0,,,,,
ME-DOL-ZO,ME-DOL,204,204,,8,epoch_w_bar,0.1,,0.00021262931794992866,,1.3817355632781982,2,100002,200002,1361389894,szo,3264,3264,408,"[408, 408, 408, 408, 408, 408, 408, 408]",40960,204,204,0.717537522315979,0.012556537985801697,12.0,0.000736569563735987,1.0,,,,,
ME-DOL-ZO,ME-DOL,252,252,,8,epoch_w_bar,0.1,,0.00021262931794992866,,1.6957285404205322,2,100002,200002,1361389894,szo,4032,4032,504,"[504, 504, 504, 504, 504, 504, 504, 504]",49152,252,252,0.7175375819206238,0.011462648399174213,12.0,0.000736569563735987,1.0,,,,,
ME-DOL-ZO,ME-DOL,300,300,,8,epoch_w_bar,0.1,,0.00021262931794992866,,2.01478910446167,2,100002,200002,1361389894,szo,4800,4800,600,"[600, 600, 600, 600, 600, 600, 600, 600]",57344,300,300,0.7175376415252686,0.013184613548219204,12.0,0.000736569563735987,1.0,,,,,
ME-DOL-ZO,ME-DOL,348,348,,8,epoch_w_bar,0.1,,0.00021262931794992866,,2.32776141166687,2,100002,200002,1361389894,szo,5568,5568,696,"[696, 696, 696, 696, 696, 696, 696, 696]",65536,348,348,0.7175500988960266,0.012366180308163166,12.0,0.000736569563735987,1.0,,,,,
ME-DOL-ZO,ME-DOL,396,396,,8,epoch_w_bar,0.1,,0.00021262931794992866,,2.6424028873443604,2,100002,200002,1361389894,szo,6336,6336,792,"[792, 792, 792, 792, 792, 792, 792, 792]",73728,396,396,0.7175529599189758,0.01214824803173542,12.0,0.000736569563735987,1.0,,,,,
ME-DOL-ZO,ME-DOL,444,444,,8,epoch_w_bar,0.1,,0.00021262931794992866,,2.962935447692871,2,100002,200002,1361389894,szo,7104,7104,888,"[888, 888, 888, 888, 888, 888, 888, 888]",81920,444,444,0.7175451517105103,0.011944481171667576,12.0,0.000736569563735987,1.0,,,,,
ME-DOL-ZO,ME-DOL,492,492,,8,epoch_w_bar,0.1,,0.00021262931794992866,,3.2714345455169678,2,100002,200002,1361389894,szo,7872,7872,984,"[984, 984, 984, 984, 984, 984, 984, 984]",90112,492,492,0.7175474166870117,0.011856630444526672,12.0,0.000736569563735987,1.0,,,,,
ME-DOL-ZO,ME-DOL,540,540,,8,epoch_w_bar,0.1,,0.00021262931794992866,,3.5922422409057617,2,100002,200002,1361389894,szo,8640,8640,1080,"[1080, 1080, 1080, 1080, 1080, 1080, 1080, 1080]",98304,540,540,0.7175624966621399,0.01327440608292818,12.0,0.000736569563735987,1.0,,,,,
ME-DOL-ZO,ME-DOL,588,588,,8,epoch_w_bar,0.1,,0.00021262931794992866,,3.927020311355591,2,100002,200002,1361389894,szo,9408,9408,1176,"[1176, 1176, 1176, 1176, 1176, 1176, 1176, 1176]",106496,588,588,0.7175606489181519,0.012079923413693905,12.0,0.000736569563735987,1.0,,,,,
ME-DOL-ZO,ME-DOL,636,636,,8,epoch_w_bar,0.1,,0.00021262931794992866,,4.2549943923950195,2,100002,200002,1361389894,szo,10176,10176,1272,"[1272, 1272, 1272, 1272, 1272, 1272, 1272, 1272]",114688,636,636,0.7175636291503906,0.012279924005270004,12.0,0.000736569563735987,1.0,,,,,
ME-DOL-ZO,ME-DOL,684,684,,8,epoch_w_bar,0.1,,0.00021262931794992866,,4.573254823684692,2,100002,200002,1361389894,szo,10944,10944,1368,"[1368, 1368, 1368, 1368, 1368, 1368, 1368, 1368]",122880,684,684,0.7175670862197876,0.012642784044146538,12.0,0.000736569563735987,1.0,,,,,
ME-DOL-ZO,ME-DOL,732,732,,8,epoch_w_bar,0.1,,0.00021262931794992866,,4.88421630859375,2,100002,200002,1361389894,szo,11712,11712,1464,"[1464, 1464, 1464, 1464, 1464, 1464, 1464, 1464]",131072,732,732,0.7175700664520264,0.012259420938789845,12.0,0.000736569563735987,1.0,,,,,
ME-DOL-ZO,ME-DOL,780,780,,8,epoch_w_bar,0.1,,0.00021262931794992866,,5.196426630020142,2,100002,200002,1361389894,szo,12480,12480,1560,"[1560, 1560, 1560, 1560, 1560, 1560, 1560, 1560]",139264,780,780,0.7175719141960144,0.011388708837330341,12.0,0.000736569563735987,1.0,,,,,
ME-DOL-ZO,ME-DOL,828,828,,8,epoch_w_bar,0.1,,0.00021262931794992866,,5.509246826171875,2,100002,200002,1361389894,szo,13248,13248,1656,"[1656, 1656, 1656, 1656, 1656, 1656, 1656, 1656]",147456,828,828,0.7175773978233337,0.012830819934606552,12.0,0.000736569563735987,1.0,,,,,
ME-DOL-ZO,ME-DOL,876,876,,8,epoch_w_bar,0.1,,0.00021262931794992866,,5.81986141204834,2,100002,200002,1361389894,szo,14016,14016,1752,"[1752, 1752, 1752, 1752, 1752, 1752, 1752, 1752]",155648,876,876,0.7175836563110352,0.012511645443737507,12.0,0.000736569563735987,1.0,,,,,
ME-DOL-ZO,ME-DOL,924,924,,8,epoch_w_bar,0.1,,0.00021262931794992866,,6.133873462677002,2,100002,200002,1361389894,szo,14784,14784,1848,"[1848, 1848, 1848, 1848, 1848, 1848, 1848, 1848]",163840,924,924,0.7175890207290649,0.011744902469217777,12.0,0.000736569563735987,1.0,,,,,
ME-DOL-ZO,ME-DOL,960,960,,8,epoch_w_bar,0.1,,0.00021262931794992866,,6.386045932769775,2,100002,200002,1361389894,szo,15360,15360,1920,"[1920, 1920, 1920, 1920, 1920, 1920, 1920, 1920]",172032,960,960,0.7175887823104858,0.011490817181766033,12.0,0.000736569563735987,1.0,,,,,
DGFM,DGFM,1,1,,8,x_bar,0.1,,0.001,,0.07107758522033691,2,100002,200002,741198208,szo,16,16,2,"[2, 2, 2, 2, 2, 2, 2, 2]",8192,2,2,0.7175056338310242,0.012946744449436665,,,,1.0,,,,
DGFM,DGFM,48,48,,8,x_bar,0.1,,0.001,,0.3510420322418213,2,100002,200002,741198208,szo,768,768,96,"[96, 96, 96, 96, 96, 96, 96, 96]",16384,96,96,0.7175790667533875,0.011424468830227852,,,,1.0,,,,
DGFM,DGFM,96,96,,8,x_bar,0.1,,0.001,,0.6526069641113281,2,100002,200002,741198208,szo,1536,1536,192,"[192, 192, 192, 192, 192, 192, 192, 192]",24576,192,192,0.7175989747047424,0.01216254010796547,,,,1.0,,,,
DGFM,DGFM,144,144,,8,x_bar,0.1,,0.001,,0.9476470947265625,2,100002,200002,741198208,szo,2304,2304,288,"[288, 288, 288, 288, 288, 288, 288, 288]",32768,288,288,0.7176374793052673,0.012237000279128551,,,,1.0,,,,
DGFM,DGFM,192,192,,8,x_bar,0.1,,0.001,,1.2457005977630615,2,100002,200002,741198208,szo,3072,3072,384,"[384, 384, 384, 384, 384, 384, 384, 384]",40960,384,384,0.7176581025123596,0.013144411146640778,,,,1.0,,,,
DGFM,DGFM,240,240,,8,x_bar,0.1,,0.001,,1.5463693141937256,2,100002,200002,741198208,szo,3840,3840,480,"[480, 480, 480, 480, 480, 480, 480, 480]",49152,480,480,0.7176800966262817,0.011529653333127499,,,,1.0,,,,
DGFM,DGFM,288,288,,8,x_bar,0.1,,0.001,,1.8372938632965088,2,100002,200002,741198208,szo,4608,4608,576,"[576, 576, 576, 576, 576, 576, 576, 576]",57344,576,576,0.7177329659461975,0.012583875097334385,,,,1.0,,,,
DGFM,DGFM,336,336,,8,x_bar,0.1,,0.001,,2.133124828338623,2,100002,200002,741198208,szo,5376,5376,672,"[672, 672, 672, 672, 672, 672, 672, 672]",65536,672,672,0.7177338600158691,0.012697701342403889,,,,1.0,,,,
DGFM,DGFM,384,384,,8,x_bar,0.1,,0.001,,2.4237356185913086,2,100002,200002,741198208,szo,6144,6144,768,"[768, 768, 768, 768, 768, 768, 768, 768]",73728,768,768,0.7177416086196899,0.013028276152908802,,,,1.0,,,,
DGFM,DGFM,432,432,,8,x_bar,0.1,,0.001,,2.7144014835357666,2,100002,200002,741198208,szo,6912,6912,864,"[864, 864, 864, 864, 864, 864, 864, 864]",81920,864,864,0.717717707157135,0.012402999214828014,,,,1.0,,,,
DGFM,DGFM,480,480,,8,x_bar,0.1,,0.001,,3.0048487186431885,2,100002,200002,741198208,szo,7680,7680,960,"[960, 960, 960, 960, 960, 960, 960, 960]",90112,960,960,0.7177191376686096,0.012105443514883518,,,,1.0,,,,
DGFM,DGFM,528,528,,8,x_bar,0.1,,0.001,,3.2978813648223877,2,100002,200002,741198208,szo,8448,8448,1056,"[1056, 1056, 1056, 1056, 1056, 1056, 1056, 1056]",98304,1056,1056,0.7177207469940186,0.013090693391859531,,,,1.0,,,,
DGFM,DGFM,576,576,,8,x_bar,0.1,,0.001,,3.600498676300049,2,100002,200002,741198208,szo,9216,9216,1152,"[1152, 1152, 1152, 1152, 1152, 1152, 1152, 1152]",106496,1152,1152,0.7177162766456604,0.011254043318331242,,,,1.0,,,,
DGFM,DGFM,624,624,,8,x_bar,0.1,,0.001,,3.8954739570617676,2,100002,200002,741198208,szo,9984,9984,1248,"[1248, 1248, 1248, 1248, 1248, 1248, 1248, 1248]",114688,1248,1248,0.7177374362945557,0.012228009290993214,,,,1.0,,,,
DGFM,DGFM,672,672,,8,x_bar,0.1,,0.001,,4.1879448890686035,2,100002,200002,741198208,szo,10752,10752,1344,"[1344, 1344, 1344, 1344, 1344, 1344, 1344, 1344]",122880,1344,1344,0.7177266478538513,0.010861472226679325,,,,1.0,,,,
DGFM,DGFM,720,720,,8,x_bar,0.1,,0.001,,4.475944995880127,2,100002,200002,741198208,szo,11520,11520,1440,"[1440, 1440, 1440, 1440, 1440, 1440, 1440, 1440]",131072,1440,1440,0.7177178859710693,0.012014857493340969,,,,1.0,,,,
DGFM,DGFM,768,768,,8,x_bar,0.1,,0.001,,4.768837213516235,2,100002,200002,741198208,szo,12288,12288,1536,"[1536, 1536, 1536, 1536, 1536, 1536, 1536, 1536]",139264,1536,1536,0.7177402973175049,0.012227562256157398,,,,1.0,,,,
DGFM,DGFM,816,816,,8,x_bar,0.1,,0.001,,5.0608179569244385,2,100002,200002,741198208,szo,13056,13056,1632,"[1632, 1632, 1632, 1632, 1632, 1632, 1632, 1632]",147456,1632,1632,0.717739999294281,0.011481119319796562,,,,1.0,,,,
DGFM,DGFM,864,864,,8,x_bar,0.1,,0.001,,5.349115610122681,2,100002,200002,741198208,szo,13824,13824,1728,"[1728, 1728, 1728, 1728, 1728, 1728, 1728, 1728]",155648,1728,1728,0.7177691459655762,0.012464483268558979,,,,1.0,,,,
DGFM,DGFM,912,912,,8,x_bar,0.1,,0.001,,5.643413782119751,2,100002,200002,741198208,szo,14592,14592,1824,"[1824, 1824, 1824, 1824, 1824, 1824, 1824, 1824]",163840,1824,1824,0.7177684307098389,0.01196086872369051,,,,1.0,,,,
DGFM,DGFM,960,960,,8,x_bar,0.1,,0.001,,5.945204734802246,2,100002,200002,741198208,szo,15360,15360,1920,"[1920, 1920, 1920, 1920, 1920, 1920, 1920, 1920]",172032,1920,1920,0.7177783846855164,0.011487416923046112,,,,1.0,,,,
DGFM+,DGFM+,1,1,,8,x_bar,0.1,,0.001,,0.2844667434692383,2,100002,200002,393487922,szo,1024,1024,128,"[128, 128, 128, 128, 128, 128, 128, 128]",8192,2,2,0.7174872159957886,0.012993555516004562,,,,,8.0,64.0,48.0,1.0
DGFM+,DGFM+,48,48,,8,x_bar,0.1,,0.001,,2.932370662689209,2,100002,200002,393487922,szo,13056,13056,1632,"[1632, 1632, 1632, 1632, 1632, 1632, 1632, 1632]",16384,96,96,0.7175734639167786,0.011234584264457226,,,,,8.0,64.0,48.0,1.0
DGFM+,DGFM+,96,96,,8,x_bar,0.1,,0.001,,5.792654275894165,2,100002,200002,393487922,szo,26112,26112,3264,"[3264, 3264, 3264, 3264, 3264, 3264, 3264, 3264]",24576,192,192,0.7176154851913452,0.012458802200853825,,,,,8.0,64.0,48.0,1.0
DGFM+,DGFM+,144,144,,8,x_bar,0.1,,0.001,,8.678223848342896,2,100002,200002,393487922,szo,39168,39168,4896,"[4896, 4896, 4896, 4896, 4896, 4896, 4896, 4896]",32768,288,288,0.7176473140716553,0.01265134010463953,,,,,8.0,64.0,48.0,1.0
DGFM+,DGFM+,192,192,,8,x_bar,0.1,,0.001,,11.57686734199524,2,100002,200002,393487922,szo,52224,52224,6528,"[6528, 6528, 6528, 6528, 6528, 6528, 6528, 6528]",40960,384,384,0.7176557183265686,0.013703866861760616,,,,,8.0,64.0,48.0,1.0
DGFM+,DGFM+,240,240,,8,x_bar,0.1,,0.001,,14.442983388900757,2,100002,200002,393487922,szo,65280,65280,8160,"[8160, 8160, 8160, 8160, 8160, 8160, 8160, 8160]",49152,480,480,0.7176918983459473,0.01207935530692339,,,,,8.0,64.0,48.0,1.0
DGFM+,DGFM+,288,288,,8,x_bar,0.1,,0.001,,17.31753373146057,2,100002,200002,393487922,szo,78336,78336,9792,"[9792, 9792, 9792, 9792, 9792, 9792, 9792, 9792]",57344,576,576,0.7177101373672485,0.013269398361444473,,,,,8.0,64.0,48.0,1.0
DGFM+,DGFM+,336,336,,8,x_bar,0.1,,0.001,,20.173124313354492,2,100002,200002,393487922,szo,91392,91392,11424,"[11424, 11424, 11424, 11424, 11424, 11424, 11424, 11424]",65536,672,672,0.7177456021308899,0.012477437034249306,,,,,8.0,64.0,48.0,1.0
DGFM+,DGFM+,384,384,,8,x_bar,0.1,,0.001,,23.041481494903564,2,100002,200002,393487922,szo,104448,104448,13056,"[13056, 13056, 13056, 13056, 13056, 13056, 13056, 13056]",73728,768,768,0.7177852988243103,0.013177325017750263,,,,,8.0,64.0,48.0,1.0
DGFM+,DGFM+,432,432,,8,x_bar,0.1,,0.001,,25.886343955993652,2,100002,200002,393487922,szo,117504,117504,14688,"[14688, 14688, 14688, 14688, 14688, 14688, 14688, 14688]",81920,864,864,0.7178018093109131,0.013469835743308067,,,,,8.0,64.0,48.0,1.0
DGFM+,DGFM+,480,480,,8,x_bar,0.1,,0.001,,28.746753931045532,2,100002,200002,393487922,szo,130560,130560,16320,"[16320, 16320, 16320, 16320, 16320, 16320, 16320, 16320]",90112,960,960,0.7177945971488953,0.012611025013029575,,,,,8.0,64.0,48.0,1.0
DGFM+,DGFM+,528,528,,8,x_bar,0.1,,0.001,,31.60279083251953,2,100002,200002,393487922,szo,143616,143616,17952,"[17952, 17952, 17952, 17952, 17952, 17952, 17952, 17952]",98304,1056,1056,0.7177929878234863,0.013610834255814552,,,,,8.0,64.0,48.0,1.0
DGFM+,DGFM+,576,576,,8,x_bar,0.1,,0.001,,34.44522953033447,2,100002,200002,393487922,szo,156672,156672,19584,"[19584, 19584, 19584, 19584, 19584, 19584, 19584, 19584]",106496,1152,1152,0.7178150415420532,0.011721111834049225,,,,,8.0,64.0,48.0,1.0
DGFM+,DGFM+,624,624,,8,x_bar,0.1,,0.001,,37.288625717163086,2,100002,200002,393487922,szo,169728,169728,21216,"[21216, 21216, 21216, 21216, 21216, 21216, 21216, 21216]",114688,1248,1248,0.7178276777267456,0.013122152537107468,,,,,8.0,64.0,48.0,1.0
DGFM+,DGFM+,672,672,,8,x_bar,0.1,,0.001,,40.13119029998779,2,100002,200002,393487922,szo,182784,182784,22848,"[22848, 22848, 22848, 22848, 22848, 22848, 22848, 22848]",122880,1344,1344,0.7178305387496948,0.011952058412134647,,,,,8.0,64.0,48.0,1.0
DGFM+,DGFM+,720,720,,8,x_bar,0.1,,0.001,,42.98614311218262,2,100002,200002,393487922,szo,195840,195840,24480,"[24480, 24480, 24480, 24480, 24480, 24480, 24480, 24480]",131072,1440,1440,0.7178483009338379,0.012417349964380264,,,,,8.0,64.0,48.0,1.0
DGFM+,DGFM+,768,768,,8,x_bar,0.1,,0.001,,45.83066010475159,2,100002,200002,393487922,szo,208896,208896,26112,"[26112, 26112, 26112, 26112, 26112, 26112, 26112, 26112]",139264,1536,1536,0.7178560495376587,0.013032273389399052,,,,,8.0,64.0,48.0,1.0
DGFM+,DGFM+,816,816,,8,x_bar,0.1,,0.001,,48.69697546958923,2,100002,200002,393487922,szo,221952,221952,27744,"[27744, 27744, 27744, 27744, 27744, 27744, 27744, 27744]",147456,1632,1632,0.7178766131401062,0.012448225170373917,,,,,8.0,64.0,48.0,1.0
DGFM+,DGFM+,864,864,,8,x_bar,0.1,,0.001,,51.55154752731323,2,100002,200002,393487922,szo,235008,235008,29376,"[29376, 29376, 29376, 29376, 29376, 29376, 29376, 29376]",155648,1728,1728,0.7178748250007629,0.013253988698124886,,,,,8.0,64.0,48.0,1.0
DGFM+,DGFM+,912,912,,8,x_bar,0.1,,0.001,,54.4328236579895,2,100002,200002,393487922,szo,248064,248064,31008,"[31008, 31008, 31008, 31008, 31008, 31008, 31008, 31008]",163840,1824,1824,0.7178627252578735,0.01238721702247858,,,,,8.0,64.0,48.0,1.0
DGFM+,DGFM+,960,960,,8,x_bar,0.1,,0.001,,57.3920419216156,2,100002,200002,393487922,szo,261120,261120,32640,"[32640, 32640, 32640, 32640, 32640, 32640, 32640, 32640]",172032,1920,1920,0.7178683876991272,0.01206026878207922,,,,,8.0,64.0,48.0,1.0
NOG-FO,NOG,12,12,1.0,1,y_bar,0.1,12.0,0.3,0.01004863902926445,0.17500996589660645,3,100003,200003,988213251,sfo,7168,7168,7168,[7168],8192,14,14,0.7295726537704468,0.009866969659924507,,,,,,,,
NOG-FO,NOG,60,60,5.0,1,y_bar,0.1,12.0,0.3,0.0077287983149290085,0.6159746646881104,3,100003,200003,988213251,sfo,31744,31744,31744,[31744],16384,62,62,0.7295100688934326,0.007523283362388611,,,,,,,,
NOG-FO,NOG,108,108,9.0,1,y_bar,0.1,12.0,0.3,0.008862844668328762,1.1048955917358398,3,100003,200003,988213251,sfo,56320,56320,56320,[56320],24576,110,110,0.7294256687164307,0.008158897049725056,,,,,,,,
NOG-FO,NOG,156,156,13.0,1,y_bar,0.1,12.0,0.3,0.0076447115279734135,1.5983529090881348,3,100003,200003,988213251,sfo,80896,80896,80896,[80896],32768,158,158,0.7293460965156555,0.005973183084279299,,,,,,,,
NOG-FO,NOG,204,204,17.0,1,y_bar,0.1,12.0,0.3,0.008177937008440495,2.081143379211426,3,100003,200003,988213251,sfo,105472,105472,105472,[105472],40960,206,206,0.7292404770851135,0.0072052618488669395,,,,,,,,
NOG-FO,NOG,252,252,21.0,1,y_bar,0.1,12.0,0.3,0.007751500234007835,2.5699522495269775,3,100003,200003,988213251,sfo,130048,130048,130048,[130048],49152,254,254,0.7291382551193237,0.007007058709859848,,,,,,,,
NOG-FO,NOG,300,300,25.0,1,y_bar,0.1,12.0,0.3,0.007630604784935713,3.0566980838775635,3,100003,200003,988213251,sfo,154624,154624,154624,[154624],57344,302,302,0.7290152907371521,0.007001158315688372,,,,,,,,
NOG-FO,NOG,348,348,29.0,1,y_bar,0.1,12.0,0.3,0.007864238694310188,3.5269978046417236,3,100003,200003,988213251,sfo,179200,179200,179200,[179200],65536,350,350,0.7289280295372009,0.007162380497902632,,,,,,,,
NOG-FO,NOG,396,396,33.0,1,y_bar,0.1,12.0,0.3,0.00827967468649149,3.989006280899048,3,100003,200003,988213251,sfo,203776,203776,203776,[203776],73728,398,398,0.728779137134552,0.008189904503524303,,,,,,,,
NOG-FO,NOG,444,444,37.0,1,y_bar,0.1,12.0,0.3,0.007856490090489388,4.473001956939697,3,100003,200003,988213251,sfo,228352,228352,228352,[228352],81920,446,446,0.7286410331726074,0.007564696948975325,,,,,,,,
NOG-FO,NOG,492,492,41.0,1,y_bar,0.1,12.0,0.3,0.006841911002993584,4.9409873485565186,3,100003,200003,988213251,sfo,252928,252928,252928,[252928],90112,494,494,0.7285519242286682,0.008136657997965813,,,,,,,,
NOG-FO,NOG,540,540,45.0,1,y_bar,0.1,12.0,0.3,0.008226079866290092,5.445478677749634,3,100003,200003,988213251,sfo,277504,277504,277504,[277504],98304,542,542,0.7283537983894348,0.006814766209572554,,,,,,,,
NOG-FO,NOG,588,588,49.0,1,y_bar,0.1,12.0,0.3,0.007552305702120066,5.918368577957153,3,100003,200003,988213251,sfo,302080,302080,302080,[302080],106496,590,590,0.7282211780548096,0.006805293262004852,,,,,,,,
NOG-FO,NOG,636,636,53.0,1,y_bar,0.1,12.0,0.3,0.008222642354667187,6.422544479370117,3,100003,200003,988213251,sfo,326656,326656,326656,[326656],114688,638,638,0.7281321287155151,0.008648701943457127,,,,,,,,
NOG-FO,NOG,684,684,57.0,1,y_bar,0.1,12.0,0.3,0.008623541332781315,6.886612176895142,3,100003,200003,988213251,sfo,351232,351232,351232,[351232],122880,686,686,0.7280943393707275,0.007558002136647701,,,,,,,,
NOG-FO,NOG,732,732,61.0,1,y_bar,0.1,12.0,0.3,0.007973928935825825,7.378640174865723,3,100003,200003,988213251,sfo,375808,375808,375808,[375808],131072,734,734,0.727965772151947,0.007541647646576166,,,,,,,,
NOG-FO,NOG,780,780,65.0,1,y_bar,0.1,12.0,0.3,0.007489584386348724,7.8679423332214355,3,100003,200003,988213251,sfo,400384,400384,400384,[400384],139264,782,782,0.7279117107391357,0.00749258091673255,,,,,,,,
NOG-FO,NOG,828,828,69.0,1,y_bar,0.1,12.0,0.3,0.007120883092284203,8.355201005935669,3,100003,200003,988213251,sfo,424960,424960,424960,[424960],147456,830,830,0.7278839945793152,0.007066635414958,,,,,,,,
NOG-FO,NOG,876,876,73.0,1,y_bar,0.1,12.0,0.3,0.008044756017625332,8.776945114135742,3,100003,200003,988213251,sfo,449536,449536,449536,[449536],155648,878,878,0.7277449369430542,0.007111157290637493,,,,,,,,
NOG-FO,NOG,924,924,77.0,1,y_bar,0.1,12.0,0.3,0.008577409200370312,9.230987310409546,3,100003,200003,988213251,sfo,474112,474112,474112,[474112],163840,926,926,0.7276653051376343,0.006931682582944632,,,,,,,,
NOG-FO,NOG,960,960,80.0,1,y_bar,0.1,12.0,0.3,0.007859176024794579,9.60109257698059,3,100003,200003,988213251,sfo,492544,492544,492544,[492544],172032,962,962,0.7275698781013489,0.007314080372452736,,,,,,,,
NOG-FO,NOG,12,12,1.0,2,y_bar,0.1,12.0,0.3,0.009413333609700203,0.26128149032592773,3,100003,200003,2091228043,sfo,7168,7168,3584,"[3584, 3584]",8192,14,14,0.7295517325401306,0.0096296900883317,,,,,,,,
NOG-FO,NOG,60,60,5.0,2,y_bar,0.1,12.0,0.3,0.0071625239215791225,1.1536457538604736,3,100003,200003,2091228043,sfo,31744,31744,15872,"[15872, 15872]",16384,62,62,0.7295044660568237,0.00784499291330576,,,,,,,,
NOG-FO,NOG,108,108,9.0,2,y_bar,0.1,12.0,0.3,0.008277309127151966,2.0575881004333496,3,100003,200003,2091228043,sfo,56320,56320,28160,"[28160, 28160]",24576,110,110,0.7294073104858398,0.008321058936417103,,,,,,,,
NOG-FO,NOG,156,156,13.0,2,y_bar,0.1,12.0,0.3,0.008235967718064785,2.8749351501464844,3,100003,200003,2091228043,sfo,80896,80896,40448,"[40448, 40448]",32768,158,158,0.7293156385421753,0.006220428738743067,,,,,,,,
NOG-FO,NOG,204,204,17.0,2,y_bar,0.1,12.0,0.3,0.007351654581725597,3.690500497817993,3,100003,200003,2091228043,sfo,105472,105472,52736,"[52736, 52736]",40960,206,206,0.7291996479034424,0.007246720604598522,,,,,,,,
NOG-FO,NOG,252,252,21.0,2,y_bar,0.1,12.0,0.3,0.008115891367197037,4.500699996948242,3,100003,200003,2091228043,sfo,130048,130048,65024,"[65024, 65024]",49152,254,254,0.729025661945343,0.007388860918581486,,,,,,,,
NOG-FO,NOG,300,300,25.0,2,y_bar,0.1,12.0,0.3,0.0072955177165567875,5.312901973724365,3,100003,200003,2091228043,sfo,154624,154624,77312,"[77312, 77312]",57344,302,302,0.7289711236953735,0.007331437431275845,,,,,,,,
NOG-FO,NOG,348,348,29.0,2,y_bar,0.1,12.0,0.3,0.008432513102889061,6.1597900390625,3,100003,200003,2091228043,sfo,179200,179200,89600,"[89600, 89600]",65536,350,350,0.7288501858711243,0.0072101023979485035,,,,,,,,
NOG-FO,NOG,396,396,33.0,2,y_bar,0.1,12.0,0.3,0.00996739137917757,7.0434770584106445,3,100003,200003,2091228043,sfo,203776,203776,101888,"[101888, 101888]",73728,398,398,0.7287424206733704,0.007960609160363674,,,,,,,,
NOG-FO,NOG,444,444,37.0,2,y_bar,0.1,12.0,0.3,0.007117019966244698,7.885818004608154,3,100003,200003,2091228043,sfo,228352,228352,114176,"[114176, 114176]",81920,446,446,0.7286379337310791,0.007793125230818987,,,,,,,,
NOG-FO,NOG,492,492,41.0,2,y_bar,0.1,12.0,0.3,0.008111720904707909,8.73117446899414,3,100003,200003,2091228043,sfo,252928,252928,126464,"[126464, 126464]",90112,494,494,0.728448212146759,0.007779565639793873,,,,,,,,
NOG-FO,NOG,540,540,45.0,2,y_bar,0.1,12.0,0.3,0.00880502536892891,9.544512033462524,3,100003,200003,2091228043,sfo,277504,277504,138752,"[138752, 138752]",98304,542,542,0.7283207774162292,0.007197854109108448,,,,,,,,
NOG-FO,NOG,588,588,49.0,2,y_bar,0.1,12.0,0.3,0.007468963973224163,10.397632598876953,3,100003,200003,2091228043,sfo,302080,302080,151040,"[151040, 151040]",106496,590,590,0.7281902432441711,0.006526832468807697,,,,,,,,
NOG-FO,NOG,636,636,53.0,2,y_bar,0.1,12.0,0.3,0.007679463364183903,11.248496055603027,3,100003,200003,2091228043,sfo,326656,326656,163328,"[163328, 163328]",114688,638,638,0.7281214594841003,0.008089437149465084,,,,,,,,
NOG-FO,NOG,684,684,57.0,2,y_bar,0.1,12.0,0.3,0.00831257738173008,12.109777688980103,3,100003,200003,2091228043,sfo,351232,351232,175616,"[175616, 175616]",122880,686,686,0.728042483329773,0.007766237948089838,,,,,,,,
NOG-FO,NOG,732,732,61.0,2,y_bar,0.1,12.0,0.3,0.007013300899416208,12.958412885665894,3,100003,200003,2091228043,sfo,375808,375808,187904,"[187904, 187904]",131072,734,734,0.7279582619667053,0.007539516314864159,,,,,,,,
NOG-FO,NOG,780,780,65.0,2,y_bar,0.1,12.0,0.3,0.006977480836212635,13.818925857543945,3,100003,200003,2091228043,sfo,400384,400384,200192,"[200192, 200192]",139264,782,782,0.7278420925140381,0.0075146653689444065,,,,,,,,
NOG-FO,NOG,828,828,69.0,2,y_bar,0.1,12.0,0.3,0.0075723291374742985,14.698052406311035,3,100003,200003,2091228043,sfo,424960,424960,212480,"[212480, 212480]",147456,830,830,0.7277454733848572,0.007650155574083328,,,,,,,,
NOG-FO,NOG,876,876,73.0,2,y_bar,0.1,12.0,0.3,0.008166459389030933,15.560250520706177,3,100003,200003,2091228043,sfo,449536,449536,224768,"[224768, 224768]",155648,878,878,0.7276216745376587,0.007132641039788723,,,,,,,,
NOG-FO,NOG,924,924,77.0,2,y_bar,0.1,12.0,0.3,0.007696440909057856,16.3900728225708,3,100003,200003,2091228043,sfo,474112,474112,237056,"[237056, 237056]",163840,926,926,0.7275717854499817,0.006749397609382868,,,,,,,,
NOG-FO,NOG,960,960,80.0,2,y_bar,0.1,12.0,0.3,0.007801154628396034,17.052897691726685,3,100003,200003,2091228043,sfo,492544,492544,246272,"[246272, 246272]",172032,962,962,0.7275084257125854,0.007482070010155439,,,,,,,,
NOG-FO,NOG,12,12,1.0,4,y_bar,0.1,12.0,0.3,0.009250586852431297,0.4460434913635254,3,100003,200003,810120864,sfo,7168,7168,1792,"[1792, 1792, 1792, 1792]",8192,14,14,0.7295831441879272,0.009907427243888378,,,,,,,,
NOG-FO,NOG,60,60,5.0,4,y_bar,0.1,12.0,0.3,0.008249936625361443,1.9488985538482666,3,100003,200003,810120864,sfo,31744,31744,7936,"[7936, 7936, 7936, 7936]",16384,62,62,0.7295360565185547,0.008202742785215378,,,,,,,,
NOG-FO,NOG,108,108,9.0,4,y_bar,0.1,12.0,0.3,0.007836846634745598,3.5558691024780273,3,100003,200003,810120864,sfo,56320,56320,14080,"[14080, 14080, 14080, 14080]",24576,110,110,0.7294436097145081,0.008429311215877533,,,,,,,,
NOG-FO,NOG,156,156,13.0,4,y_bar,0.1,12.0,0.3,0.007408293429762125,5.180400371551514,3,100003,200003,810120864,sfo,80896,80896,20224,"[20224, 20224, 20224, 20224]",32768,158,158,0.729341447353363,0.006081209052354097,,,,,,,,
NOG-FO,NOG,204,204,17.0,4,y_bar,0.1,12.0,0.3,0.007552098948508501,6.898883581161499,3,100003,200003,810120864,sfo,105472,105472,26368,"[26368, 26368, 26368, 26368]",40960,206,206,0.7292470335960388,0.00725965341553092,,,,,,,,
NOG-FO,NOG,252,252,21.0,4,y_bar,0.1,12.0,0.3,0.008016233332455158,8.464422702789307,3,100003,200003,810120864,sfo,130048,130048,32512,"[32512, 32512, 32512, 32512]",49152,254,254,0.7291280627250671,0.006994008552283049,,,,,,,,
NOG-FO,NOG,300,300,25.0,4,y_bar,0.1,12.0,0.3,0.00765291228890419,10.055723667144775,3,100003,200003,810120864,sfo,154624,154624,38656,"[38656, 38656, 38656, 38656]",57344,302,302,0.7290045619010925,0.007508600130677223,,,,,,,,
NOG-FO,NOG,348,348,29.0,4,y_bar,0.1,12.0,0.3,0.007798701524734497,11.787960052490234,3,100003,200003,810120864,sfo,179200,179200,44800,"[44800, 44800, 44800, 44800]",65536,350,350,0.7288864850997925,0.007791940588504076,,,,,,,,
NOG-FO,NOG,396,396,33.0,4,y_bar,0.1,12.0,0.3,0.008456163108348846,13.457032442092896,3,100003,200003,810120864,sfo,203776,203776,50944,"[50944, 50944, 50944, 50944]",73728,398,398,0.7287210822105408,0.00811435841023922,,,,,,,,
NOG-FO,NOG,444,444,37.0,4,y_bar,0.1,12.0,0.3,0.00688287615776062,15.141003608703613,3,100003,200003,810120864,sfo,228352,228352,57088,"[57088, 57088, 57088, 57088]",81920,446,446,0.7285796403884888,0.007376481778919697,,,,,,,,
NOG-FO,NOG,492,492,41.0,4,y_bar,0.1,12.0,0.3,0.00714254193007946,16.828771591186523,3,100003,200003,810120864,sfo,252928,252928,63232,"[63232, 63232, 63232, 63232]",90112,494,494,0.7284558415412903,0.008208626881241798,,,,,,,,
NOG-FO,NOG,540,540,45.0,4,y_bar,0.1,12.0,0.3,0.008233043365180492,18.419597387313843,3,100003,200003,810120864,sfo,277504,277504,69376,"[69376, 69376, 69376, 69376]",98304,542,542,0.7283399105072021,0.006971001159399748,,,,,,,,
NOG-FO,NOG,588,588,49.0,4,y_bar,0.1,12.0,0.3,0.008204054087400436,20.00421905517578,3,100003,200003,810120864,sfo,302080,302080,75520,"[75520, 75520, 75520, 75520]",106496,590,590,0.7282474637031555,0.006691922899335623,,,,,,,,
NOG-FO,NOG,636,636,53.0,4,y_bar,0.1,12.0,0.3,0.007425935473293066,21.633976221084595,3,100003,200003,810120864,sfo,326656,326656,81664,"[81664, 81664, 81664, 81664]",114688,638,638,0.728179395198822,0.008061978965997696,,,,,,,,
NOG-FO,NOG,684,684,57.0,4,y_bar,0.1,12.0,0.3,0.007271934766322374,23.12055516242981,3,100003,200003,810120864,sfo,351232,351232,87808,"[87808, 87808, 87808, 87808]",122880,686,686,0.728114664554596,0.007815269753336906,,,,,,,,
NOG-FO,NOG,732,732,61.0,4,y_bar,0.1,12.0,0.3,0.007444927003234625,24.79943537712097,3,100003,200003,810120864,sfo,375808,375808,93952,"[93952, 93952, 93952, 93952]",131072,734,734,0.7279948592185974,0.007310065906494856,,,,,,,,
NOG-FO,NOG,780,780,65.0,4,y_bar,0.1,12.0,0.3,0.00716352416202426,26.465381622314453,3,100003,200003,810120864,sfo,400384,400384,100096,"[100096, 100096, 100096, 100096]",139264,782,782,0.7279172539710999,0.00783205684274435,,,,,,,,
NOG-FO,NOG,828,828,69.0,4,y_bar,0.1,12.0,0.3,0.008161983452737331,28.09220027923584,3,100003,200003,810120864,sfo,424960,424960,106240,"[106240, 106240, 106240, 106240]",147456,830,830,0.7278581857681274,0.007130301557481289,,,,,,,,
NOG-FO,NOG,876,876,73.0,4,y_bar,0.1,12.0,0.3,0.008534146472811699,29.709026098251343,3,100003,200003,810120864,sfo,449536,449536,112384,"[112384, 112384, 112384, 112384]",155648,878,878,0.7277545928955078,0.006686782464385033,,,,,,,,
NOG-FO,NOG,924,924,77.0,4,y_bar,0.1,12.0,0.3,0.007877921685576439,31.42377495765686,3,100003,200003,810120864,sfo,474112,474112,118528,"[118528, 118528, 118528, 118528]",163840,926,926,0.7276456356048584,0.006976407486945391,,,,,,,,
NOG-FO,NOG,960,960,80.0,4,y_bar,0.1,12.0,0.3,0.008022821508347988,32.78468704223633,3,100003,200003,810120864,sfo,492544,492544,123136,"[123136, 123136, 123136, 123136]",172032,962,962,0.7275988459587097,0.0071942973881959915,,,,,,,,
NOG-FO,NOG,12,12,1.0,8,y_bar,0.1,12.0,0.3,0.010075108148157597,0.8692691326141357,3,100003,200003,254086981,sfo,7168,7168,896,"[896, 896, 896, 896, 896, 896, 896, 896]",8192,14,14,0.729556143283844,0.00981208123266697,,,,,,,,
NOG-FO,NOG,60,60,5.0,8,y_bar,0.1,12.0,0.3,0.008620258420705795,4.068069934844971,3,100003,200003,254086981,sfo,31744,31744,3968,"[3968, 3968, 3968, 3968, 3968, 3968, 3968, 3968]",16384,62,62,0.7295333743095398,0.007708923425525427,,,,,,,,
NOG-FO,NOG,108,108,9.0,8,y_bar,0.1,12.0,0.3,0.008795770816504955,7.213443756103516,3,100003,200003,254086981,sfo,56320,56320,7040,"[7040, 7040, 7040, 7040, 7040, 7040, 7040, 7040]",24576,110,110,0.7294350862503052,0.00861649215221405,,,,,,,,
NOG-FO,NOG,156,156,13.0,8,y_bar,0.1,12.0,0.3,0.006226597353816032,10.443549394607544,3,100003,200003,254086981,sfo,80896,80896,10112,"[10112, 10112, 10112, 10112, 10112, 10112, 10112, 10112]",32768,158,158,0.7292870879173279,0.006416175980120897,,,,,,,,
NOG-FO,NOG,204,204,17.0,8,y_bar,0.1,12.0,0.3,0.007954834029078484,13.644892930984497,3,100003,200003,254086981,sfo,105472,105472,13184,"[13184, 13184, 13184, 13184, 13184, 13184, 13184, 13184]",40960,206,206,0.7292018532752991,0.007719037588685751,,,,,,,,
NOG-FO,NOG,252,252,21.0,8,y_bar,0.1,12.0,0.3,0.008044691756367683,16.642147064208984,3,100003,200003,254086981,sfo,130048,130048,16256,"[16256, 16256, 16256, 16256, 16256, 16256, 16256, 16256]",49152,254,254,0.7291115522384644,0.0076505448669195175,,,,,,,,
NOG-FO,NOG,300,300,25.0,8,y_bar,0.1,12.0,0.3,0.007531683426350355,19.886921644210815,3,100003,200003,254086981,sfo,154624,154624,19328,"[19328, 19328, 19328, 19328, 19328, 19328, 19328, 19328]",57344,302,302,0.7290005683898926,0.007492312230169773,,,,,,,,
NOG-FO,NOG,348,348,29.0,8,y_bar,0.1,12.0,0.3,0.008292902261018753,23.177666902542114,3,100003,200003,254086981,sfo,179200,179200,22400,"[22400, 22400, 22400, 22400, 22400, 22400, 22400, 22400]",65536,350,350,0.7288460731506348,0.007476940285414457,,,,,,,,
NOG-FO,NOG,396,396,33.0,8,y_bar,0.1,12.0,0.3,0.0063467854633927345,26.29193353652954,3,100003,200003,254086981,sfo,203776,203776,25472,"[25472, 25472, 25472, 25472, 25472, 25472, 25472, 25472]",73728,398,398,0.7287489175796509,0.007427284959703684,,,,,,,,
NOG-FO,NOG,444,444,37.0,8,y_bar,0.1,12.0,0.3,0.008695279248058796,29.407780170440674,3,100003,200003,254086981,sfo,228352,228352,28544,"[28544, 28544, 28544, 28544, 28544, 28544, 28544, 28544]",81920,446,446,0.7286083698272705,0.007300106808543205,,,,,,,,
NOG-FO,NOG,492,492,41.0,8,y_bar,0.1,12.0,0.3,0.009004470892250538,32.35419535636902,3,100003,200003,254086981,sfo,252928,252928,31616,"[31616, 31616, 31616, 31616, 31616, 31616, 31616, 31616]",90112,494,494,0.7285063862800598,0.00851133931428194,,,,,,,,
NOG-FO,NOG,540,540,45.0,8,y_bar,0.1,12.0,0.3,0.007497801911085844,35.54388403892517,3,100003,200003,254086981,sfo,277504,277504,34688,"[34688, 34688, 34688, 34688, 34688, 34688, 34688, 34688]",98304,542,542,0.7283698916435242,0.006707762833684683,,,,,,,,
NOG-FO,NOG,588,588,49.0,8,y_bar,0.1,12.0,0.3,0.007183120585978031,38.69646668434143,3,100003,200003,254086981,sfo,302080,302080,37760,"[37760, 37760, 37760, 37760, 37760, 37760, 37760, 37760]",106496,590,590,0.7282702922821045,0.00707284826785326,,,,,,,,
NOG-FO,NOG,636,636,53.0,8,y_bar,0.1,12.0,0.3,0.007553395815193653,41.8581919670105,3,100003,200003,254086981,sfo,326656,326656,40832,"[40832, 40832, 40832, 40832, 40832, 40832, 40832, 40832]",114688,638,638,0.7281753420829773,0.008412032388150692,,,,,,,,
NOG-FO,NOG,684,684,57.0,8,y_bar,0.1,12.0,0.3,0.008226766251027584,45.099857807159424,3,100003,200003,254086981,sfo,351232,351232,43904,"[43904, 43904, 43904, 43904, 43904, 43904, 43904, 43904]",122880,686,686,0.7280391454696655,0.007599056698381901,,,,,,,,
NOG-FO,NOG,732,732,61.0,8,y_bar,0.1,12.0,0.3,0.007740152068436146,48.323325872421265,3,100003,200003,254086981,sfo,375808,375808,46976,"[46976, 46976, 46976, 46976, 46976, 46976, 46976, 46976]",131072,734,734,0.7279770970344543,0.007947164587676525,,,,,,,,
NOG-FO,NOG,780,780,65.0,8,y_bar,0.1,12.0,0.3,0.008729911409318447,51.557838916778564,3,100003,200003,254086981,sfo,400384,400384,50048,"[50048, 50048, 50048, 50048, 50048, 50048, 50048, 50048]",139264,782,782,0.7279132008552551,0.007481404580175877,,,,,,,,
NOG-FO,NOG,828,828,69.0,8,y_bar,0.1,12.0,0.3,0.007371071260422468,54.848204135894775,3,100003,200003,254086981,sfo,424960,424960,53120,"[53120, 53120, 53120, 53120, 53120, 53120, 53120, 53120]",147456,830,830,0.7278191447257996,0.007293486502021551,,,,,,,,
NOG-FO,NOG,876,876,73.0,8,y_bar,0.1,12.0,0.3,0.007760790642350912,58.16542315483093,3,100003,200003,254086981,sfo,449536,449536,56192,"[56192, 56192, 56192, 56192, 56192, 56192, 56192, 56192]",155648,878,878,0.7276999354362488,0.0072226691991090775,,,,,,,,
NOG-FO,NOG,924,924,77.0,8,y_bar,0.1,12.0,0.3,0.008291536010801792,61.35336494445801,3,100003,200003,254086981,sfo,474112,474112,59264,"[59264, 59264, 59264, 59264, 59264, 59264, 59264, 59264]",163840,926,926,0.7276285886764526,0.007420549634844065,,,,,,,,
NOG-FO,NOG,960,960,80.0,8,y_bar,0.1,12.0,0.3,0.007434322033077478,63.85578370094299,3,100003,200003,254086981,sfo,492544,492544,61568,"[61568, 61568, 61568, 61568, 61568, 61568, 61568, 61568]",172032,962,962,0.7275456786155701,0.007212131284177303,,,,,,,,
ME-DOL-FO,ME-DOL,12,12,,8,epoch_w_bar,0.1,,0.000637887953849786,,0.18899750709533691,3,100003,200003,2118281078,sfo,96,96,12,"[12, 12, 12, 12, 12, 12, 12, 12]",8192,12,12,0.7295251488685608,0.01043205987662077,12.0,0.002209708691207961,3.0,,,,,
ME-DOL-FO,ME-DOL,60,60,,8,epoch_w_bar,0.1,,0.000637887953849786,,0.7148013114929199,3,100003,200003,2118281078,sfo,480,480,60,"[60, 60, 60, 60, 60, 60, 60, 60]",16384,60,60,0.7295581698417664,0.010522574186325073,12.0,0.002209708691207961,3.0,,,,,
ME-DOL-FO,ME-DOL,108,108,,8,epoch_w_bar,0.1,,0.000637887953849786,,1.2324087619781494,3,100003,200003,2118281078,sfo,864,864,108,"[108, 108, 108, 108, 108, 108, 108, 108]",24576,108,108,0.729560136795044,0.011138010770082474,12.0,0.002209708691207961,3.0,,,,,
ME-DOL-FO,ME-DOL,156,156,,8,epoch_w_bar,0.1,,0.000637887953849786,,1.7422661781311035,3,100003,200003,2118281078,sfo,1248,1248,156,"[156, 156, 156, 156, 156, 156, 156, 156]",32768,156,156,0.7295728325843811,0.009231874719262123,12.0,0.002209708691207961,3.0,,,,,
ME-DOL-FO,ME-DOL,204,204,,8,epoch_w_bar,0.1,,0.000637887953849786,,2.261884927749634,3,100003,200003,2118281078,sfo,1632,1632,204,"[204, 204, 204, 204, 204, 204, 204, 204]",40960,204,204,0.7295868396759033,0.010514577850699425,12.0,0.002209708691207961,3.0,,,,,
ME-DOL-FO,ME-DOL,252,252,,8,epoch_w_bar,0.1,,0.000637887953849786,,2.7345120906829834,3,100003,200003,2118281078,sfo,2016,2016,252,"[252, 252, 252, 252, 252, 252, 252, 252]",49152,252,252,0.7295961976051331,0.010321710258722305,12.0,0.002209708691207961,3.0,,,,,
ME-DOL-FO,ME-DOL,300,300,,8,epoch_w_bar,0.1,,0.000637887953849786,,3.241075038909912,3,100003,200003,2118281078,sfo,2400,2400,300,"[300, 300, 300, 300, 300, 300, 300, 300]",57344,300,300,0.7295933365821838,0.010160528123378754,12.0,0.002209708691207961,3.0,,,,,
ME-DOL-FO,ME-DOL,348,348,,8,epoch_w_bar,0.1,,0.000637887953849786,,3.7146549224853516,3,100003,200003,2118281078,sfo,2784,2784,348,"[348, 348, 348, 348, 348, 348, 348, 348]",65536,348,348,0.729595959186554,0.009547119028866291,12.0,0.002209708691207961,3.0,,,,,
ME-DOL-FO,ME-DOL,396,396,,8,epoch_w_bar,0.1,,0.000637887953849786,,4.221340179443359,3,100003,200003,2118281078,sfo,3168,3168,396,"[396, 396, 396, 396, 396, 396, 396, 396]",73728,396,396,0.7295945882797241,0.010571151040494442,12.0,0.002209708691207961,3.0,,,,,
ME-DOL-FO,ME-DOL,444,444,,8,epoch_w_bar,0.1,,0.000637887953849786,,4.7093634605407715,3,100003,200003,2118281078,sfo,3552,3552,444,"[444, 444, 444, 444, 444, 444, 444, 444]",81920,444,444,0.7295882105827332,0.010378087870776653,12.0,0.002209708691207961,3.0,,,,,
ME-DOL-FO,ME-DOL,492,492,,8,epoch_w_bar,0.1,,0.000637887953849786,,5.2238569259643555,3,100003,200003,2118281078,sfo,3936,3936,492,"[492, 492, 492, 492, 492, 492, 492, 492]",90112,492,492,0.7295880317687988,0.00895690731704235,12.0,0.002209708691207961,3.0,,,,,
ME-DOL-FO,ME-DOL,540,540,,8,epoch_w_bar,0.1,,0.000637887953849786,,5.739445924758911,3,100003,200003,2118281078,sfo,4320,4320,540,"[540, 540, 540, 540, 540, 540, 540, 540]",98304,540,540,0.7295941114425659,0.009064528159797192,12.0,0.002209708691207961,3.0,,,,,
ME-DOL-FO,ME-DOL,588,588,,8,epoch_w_bar,0.1,,0.000637887953849786,,6.251612663269043,3,100003,200003,2118281078,sfo,4704,4704,588,"[588, 588, 588, 588, 588, 588, 588, 588]",106496,588,588,0.7295886278152466,0.00924035906791687,12.0,0.002209708691207961,3.0,,,,,
ME-DOL-FO,ME-DOL,636,636,,8,epoch_w_bar,0.1,,0.000637887953849786,,6.748422622680664,3,100003,200003,2118281078,sfo,5088,5088,636,"[636, 636, 636, 636, 636, 636, 636, 636]",114688,636,636,0.7295808792114258,0.01131029799580574,12.0,0.002209708691207961,3.0,,,,,
ME-DOL-FO,ME-DOL,684,684,,8,epoch_w_bar,0.1,,0.000637887953849786,,7.2542784214019775,3,100003,200003,2118281078,sfo,5472,5472,684,"[684, 684, 684, 684, 684, 684, 684, 684]",122880,684,684,0.729581892490387,0.009996979497373104,12.0,0.002209708691207961,3.0,,,,,
ME-DOL-FO,ME-DOL,732,732,,8,epoch_w_bar,0.1,,0.000637887953849786,,7.7640345096588135,3,100003,200003,2118281078,sfo,5856,5856,732,"[732, 732, 732, 732, 732, 732, 732, 732]",131072,732,732,0.729576826095581,0.009729237295687199,12.0,0.002209708691207961,3.0,,,,,
ME-DOL-FO,ME-DOL,780,780,,8,epoch_w_bar,0.1,,0.000637887953849786,,8.273119926452637,3,100003,200003,2118281078,sfo,6240,6240,780,"[780, 780, 780, 780, 780, 780, 780, 780]",139264,780,780,0.7295778393745422,0.009652838110923767,12.0,0.002209708691207961,3.0,,,,,
ME-DOL-FO,ME-DOL,828,828,,8,epoch_w_bar,0.1,,0.000637887953849786,,8.739429950714111,3,100003,200003,2118281078,sfo,6624,6624,828,"[828, 828, 828, 828, 828, 828, 828, 828]",147456,828,828,0.7295787930488586,0.008713895455002785,12.0,0.002209708691207961,3.0,,,,,
ME-DOL-FO,ME-DOL,876,876,,8,epoch_w_bar,0.1,,0.000637887953849786,,9.245448350906372,3,100003,200003,2118281078,sfo,7008,7008,876,"[876, 876, 876, 876, 876, 876, 876, 876]",155648,876,876,0.7295722365379333,0.00884209480136633,12.0,0.002209708691207961,3.0,,,,,
ME-DOL-FO,ME-DOL,924,924,,8,epoch_w_bar,0.1,,0.000637887953849786,,9.732358932495117,3,100003,200003,2118281078,sfo,7392,7392,924,"[924, 924, 924, 924, 924, 924, 924, 924]",163840,924,924,0.7295714020729065,0.009021940641105175,12.0,0.002209708691207961,3.0,,,,,
ME-DOL-FO,ME-DOL,960,960,,8,epoch_w_bar,0.1,,0.000637887953849786,,10.095842838287354,3,100003,200003,2118281078,sfo,7680,7680,960,"[960, 960, 960, 960, 960, 960, 960, 960]",172032,960,960,0.7295759916305542,0.008724872954189777,12.0,0.002209708691207961,3.0,,,,,
NOG-ZO,NOG,12,12,1.0,1,y_bar,0.1,12.0,0.3,0.08702949434518814,0.11755228042602539,3,100003,200003,1823049628,szo,14336,14336,14336,[14336],8192,14,14,0.7295777201652527,0.010325949639081955,,,,,,,,
NOG-ZO,NOG,60,60,5.0,1,y_bar,0.1,12.0,0.3,0.069948710501194,0.39816927909851074,3,100003,200003,1823049628,szo,63488,63488,63488,[63488],16384,62,62,0.7296881079673767,0.010382844135165215,,,,,,,,
NOG-ZO,NOG,108,108,9.0,1,y_bar,0.1,12.0,0.3,0.0728960782289505,0.678591251373291,3,100003,200003,1823049628,szo,112640,112640,112640,[112640],24576,110,110,0.72975093126297,0.010943478904664516,,,,,,,,
NOG-ZO,NOG,156,156,13.0,1,y_bar,0.1,12.0,0.3,0.07852037250995636,0.9581973552703857,3,100003,200003,1823049628,szo,161792,161792,161792,[161792],32768,158,158,0.7297329902648926,0.008844222873449326,,,,,,,,
NOG-ZO,NOG,204,204,17.0,1,y_bar,0.1,12.0,0.3,0.06576036661863327,1.232797622680664,3,100003,200003,1823049628,szo,210944,210944,210944,[210944],40960,206,206,0.7297616600990295,0.010360831394791603,,,,,,,,
NOG-ZO,NOG,252,252,21.0,1,y_bar,0.1,12.0,0.3,0.09314707666635513,1.5095970630645752,3,100003,200003,1823049628,szo,260096,260096,260096,[260096],49152,254,254,0.7297589778900146,0.00966951996088028,,,,,,,,
NOG-ZO,NOG,300,300,25.0,1,y_bar,0.1,12.0,0.3,0.06898289173841476,1.7937276363372803,3,100003,200003,1823049628,szo,309248,309248,309248,[309248],57344,302,302,0.7297743558883667,0.010121679864823818,,,,,,,,
NOG-ZO,NOG,348,348,29.0,1,y_bar,0.1,12.0,0.3,0.07455364614725113,2.067359685897827,3,100003,200003,1823049628,szo,358400,358400,358400,[358400],65536,350,350,0.7297271490097046,0.008581950329244137,,,,,,,,
NOG-ZO,NOG,396,396,33.0,1,y_bar,0.1,12.0,0.3,0.08093956112861633,2.343963623046875,3,100003,200003,1823049628,szo,407552,407552,407552,[407552],73728,398,398,0.7297415733337402,0.009313048794865608,,,,,,,,
NOG-ZO,NOG,444,444,37.0,1,y_bar,0.1,12.0,0.3,0.06690315902233124,2.616196393966675,3,100003,200003,1823049628,szo,456704,456704,456704,[456704],81920,446,446,0.7297472953796387,0.009564963169395924,,,,,,,,
NOG-ZO,NOG,492,492,41.0,1,y_bar,0.1,12.0,0.3,0.06810586899518967,2.896138906478882,3,100003,200003,1823049628,szo,505856,505856,505856,[505856],90112,494,494,0.7297512292861938,0.008109710179269314,,,,,,,,
NOG-ZO,NOG,540,540,45.0,1,y_bar,0.1,12.0,0.3,0.08677300065755844,3.1781299114227295,3,100003,200003,1823049628,szo,555008,555008,555008,[555008],98304,542,542,0.729775607585907,0.00858183205127716,,,,,,,,
NOG-ZO,NOG,588,588,49.0,1,y_bar,0.1,12.0,0.3,0.07787919789552689,3.4527781009674072,3,100003,200003,1823049628,szo,604160,604160,604160,[604160],106496,590,590,0.7297714352607727,0.009096718393266201,,,,,,,,
NOG-ZO,NOG,636,636,53.0,1,y_bar,0.1,12.0,0.3,0.06999358534812927,3.735553741455078,3,100003,200003,1823049628,szo,653312,653312,653312,[653312],114688,638,638,0.7297776937484741,0.010990883223712444,,,,,,,,
NOG-ZO,NOG,684,684,57.0,1,y_bar,0.1,12.0,0.3,0.06347205489873886,4.012166738510132,3,100003,200003,1823049628,szo,702464,702464,702464,[702464],122880,686,686,0.7298076748847961,0.010100163519382477,,,,,,,,
NOG-ZO,NOG,732,732,61.0,1,y_bar,0.1,12.0,0.3,0.08080937713384628,4.293741703033447,3,100003,200003,1823049628,szo,751616,751616,751616,[751616],131072,734,734,0.7298223972320557,0.00924877729266882,,,,,,,,
NOG-ZO,NOG,780,780,65.0,1,y_bar,0.1,12.0,0.3,0.07976316660642624,4.571808099746704,3,100003,200003,1823049628,szo,800768,800768,800768,[800768],139264,782,782,0.729831874370575,0.009773915633559227,,,,,,,,
NOG-ZO,NOG,828,828,69.0,1,y_bar,0.1,12.0,0.3,0.07743129879236221,4.858646869659424,3,100003,200003,1823049628,szo,849920,849920,849920,[849920],147456,830,830,0.7298026084899902,0.009233402088284492,,,,,,,,
NOG-ZO,NOG,876,876,73.0,1,y_bar,0.1,12.0,0.3,0.06372729688882828,5.137036323547363,3,100003,200003,1823049628,szo,899072,899072,899072,[899072],155648,878,878,0.7297883629798889,0.008457575924694538,,,,,,,,
NOG-ZO,NOG,924,924,77.0,1,y_bar,0.1,12.0,0.3,0.06725795567035675,5.4157867431640625,3,100003,200003,1823049628,szo,948224,948224,948224,[948224],163840,926,926,0.7297933101654053,0.008939788676798344,,,,,,,,
NOG-ZO,NOG,960,960,80.0,1,y_bar,0.1,12.0,0.3,0.06882978975772858,5.629636526107788,3,100003,200003,1823049628,szo,985088,985088,985088,[985088],172032,962,962,0.7297957539558411,0.009069531224668026,,,,,,,,
NOG-ZO,NOG,12,12,1.0,2,y_bar,0.1,12.0,0.3,0.06693889945745468,0.16870355606079102,3,100003,200003,410878487,szo,14336,14336,7168,"[7168, 7168]",8192,14,14,0.7295888662338257,0.010470395907759666,,,,,,,,
NOG-ZO,NOG,60,60,5.0,2,y_bar,0.1,12.0,0.3,0.07767841964960098,0.6511313915252686,3,100003,200003,410878487,szo,63488,63488,31744,"[31744, 31744]",16384,62,62,0.7297084927558899,0.010668590664863586,,,,,,,,
NOG-ZO,NOG,108,108,9.0,2,y_bar,0.1,12.0,0.3,0.07973369210958481,1.1478683948516846,3,100003,200003,410878487,szo,112640,112640,56320,"[56320, 56320]",24576,110,110,0.7296940684318542,0.010691073723137379,,,,,,,,
NOG-ZO,NOG,156,156,13.0,2,y_bar,0.1,12.0,0.3,0.07883118093013763,1.6816442012786865,3,100003,200003,410878487,szo,161792,161792,80896,"[80896, 80896]",32768,158,158,0.7297618389129639,0.009345971047878265,,,,,,,,
NOG-ZO,NOG,204,204,17.0,2,y_bar,0.1,12.0,0.3,0.08391423523426056,2.1737489700317383,3,100003,200003,410878487,szo,210944,210944,105472,"[105472, 105472]",40960,206,206,0.7297935485839844,0.010139095596969128,,,,,,,,
NOG-ZO,NOG,252,252,21.0,2,y_bar,0.1,12.0,0.3,0.07344445586204529,2.6772844791412354,3,100003,200003,410878487,szo,260096,260096,130048,"[130048, 130048]",49152,254,254,0.7298154830932617,0.010488336905837059,,,,,,,,
NOG-ZO,NOG,300,300,25.0,2,y_bar,0.1,12.0,0.3,0.08238374441862106,3.162231683731079,3,100003,200003,410878487,szo,309248,309248,154624,"[154624, 154624]",57344,302,302,0.7298224568367004,0.010201368480920792,,,,,,,,
NOG-ZO,NOG,348,348,29.0,2,y_bar,0.1,12.0,0.3,0.07446848601102829,3.6511013507843018,3,100003,200003,410878487,szo,358400,358400,179200,"[179200, 179200]",65536,350,350,0.7298509478569031,0.009986013174057007,,,,,,,,
NOG-ZO,NOG,396,396,33.0,2,y_bar,0.1,12.0,0.3,0.07830972224473953,4.137536525726318,3,100003,200003,410878487,szo,407552,407552,203776,"[203776, 203776]",73728,398,398,0.7298377156257629,0.010572169907391071,,,,,,,,
NOG-ZO,NOG,444,444,37.0,2,y_bar,0.1,12.0,0.3,0.08606048673391342,4.623101711273193,3,100003,200003,410878487,szo,456704,456704,228352,"[228352, 228352]",81920,446,446,0.729833722114563,0.010488461703062057,,,,,,,,
NOG-ZO,NOG,492,492,41.0,2,y_bar,0.1,12.0,0.3,0.06853669881820679,5.106251955032349,3,100003,200003,410878487,szo,505856,505856,252928,"[252928, 252928]",90112,494,494,0.7298007011413574,0.008338524959981441,,,,,,,,
NOG-ZO,NOG,540,540,45.0,2,y_bar,0.1,12.0,0.3,0.07871130853891373,5.5958733558654785,3,100003,200003,410878487,szo,555008,555008,277504,"[277504, 277504]",98304,542,542,0.7298290133476257,0.008738158270716667,,,,,,,,
NOG-ZO,NOG,588,588,49.0,2,y_bar,0.1,12.0,0.3,0.09027489274740219,6.081380128860474,3,100003,200003,410878487,szo,604160,604160,302080,"[302080, 302080]",106496,590,590,0.7297965288162231,0.008514857850968838,,,,,,,,
NOG-ZO,NOG,636,636,53.0,2,y_bar,0.1,12.0,0.3,0.07433774322271347,6.57186484336853,3,100003,200003,410878487,szo,653312,653312,326656,"[326656, 326656]",114688,638,638,0.729786217212677,0.010964025743305683,,,,,,,,
NOG-ZO,NOG,684,684,57.0,2,y_bar,0.1,12.0,0.3,0.06801910698413849,7.0565080642700195,3,100003,200003,410878487,szo,702464,702464,351232,"[351232, 351232]",122880,686,686,0.729762852191925,0.009611919522285461,,,,,,,,
NOG-ZO,NOG,732,732,61.0,2,y_bar,0.1,12.0,0.3,0.07366815954446793,7.55765175819397,3,100003,200003,410878487,szo,751616,751616,375808,"[375808, 375808]",131072,734,734,0.7297760844230652,0.009047106839716434,,,,,,,,
NOG-ZO,NOG,780,780,65.0,2,y_bar,0.1,12.0,0.3,0.0732489824295044,8.041523694992065,3,100003,200003,410878487,szo,800768,800768,400384,"[400384, 400384]",139264,782,782,0.7297713756561279,0.009772536344826221,,,,,,,,
NOG-ZO,NOG,828,828,69.0,2,y_bar,0.1,12.0,0.3,0.07214292138814926,8.542900800704956,3,100003,200003,410878487,szo,849920,849920,424960,"[424960, 424960]",147456,830,830,0.7297967076301575,0.008104320615530014,,,,,,,,
NOG-ZO,NOG,876,876,73.0,2,y_bar,0.1,12.0,0.3,0.07108449190855026,9.037057638168335,3,100003,200003,410878487,szo,899072,899072,449536,"[449536, 449536]",155648,878,878,0.7298246622085571,0.00892603863030672,,,,,,,,
NOG-ZO,NOG,924,924,77.0,2,y_bar,0.1,12.0,0.3,0.07442288100719452,9.546252012252808,3,100003,200003,410878487,szo,948224,948224,474112,"[474112, 474112]",163840,926,926,0.7298069000244141,0.009392969310283661,,,,,,,,
NOG-ZO,NOG,960,960,80.0,2,y_bar,0.1,12.0,0.3,0.07566213607788086,9.926697015762329,3,100003,200003,410878487,szo,985088,985088,492544,"[492544, 492544]",172032,962,962,0.7298022508621216,0.009019991382956505,,,,,,,,
NOG-ZO,NOG,12,12,1.0,4,y_bar,0.1,12.0,0.3,0.07651523500680923,0.26697778701782227,3,100003,200003,918763096,szo,14336,14336,3584,"[3584, 3584, 3584, 3584]",8192,14,14,0.7295894026756287,0.010461617261171341,,,,,,,,
NOG-ZO,NOG,60,60,5.0,4,y_bar,0.1,12.0,0.3,0.07468510419130325,1.1716187000274658,3,100003,200003,918763096,szo,63488,63488,15872,"[15872, 15872, 15872, 15872]",16384,62,62,0.7297033071517944,0.01054448913782835,,,,,,,,
NOG-ZO,NOG,108,108,9.0,4,y_bar,0.1,12.0,0.3,0.0720706582069397,2.063244342803955,3,100003,200003,918763096,szo,112640,112640,28160,"[28160, 28160, 28160, 28160]",24576,110,110,0.729733407497406,0.010999061167240143,,,,,,,,
NOG-ZO,NOG,156,156,13.0,4,y_bar,0.1,12.0,0.3,0.08043859899044037,2.9590375423431396,3,100003,200003,918763096,szo,161792,161792,40448,"[40448, 40448, 40448, 40448]",32768,158,158,0.729728639125824,0.009053041227161884,,,,,,,,
NOG-ZO,NOG,204,204,17.0,4,y_bar,0.1,12.0,0.3,0.07586868107318878,3.8535783290863037,3,100003,200003,918763096,szo,210944,210944,52736,"[52736, 52736, 52736, 52736]",40960,206,206,0.729759931564331,0.010014292784035206,,,,,,,,
NOG-ZO,NOG,252,252,21.0,4,y_bar,0.1,12.0,0.3,0.06715145707130432,4.74924635887146,3,100003,200003,918763096,szo,260096,260096,65024,"[65024, 65024, 65024, 65024]",49152,254,254,0.7297437191009521,0.009308909066021442,,,,,,,,
NOG-ZO,NOG,300,300,25.0,4,y_bar,0.1,12.0,0.3,0.07479484379291534,5.642766237258911,3,100003,200003,918763096,szo,309248,309248,77312,"[77312, 77312, 77312, 77312]",57344,302,302,0.7297441363334656,0.009526921436190605,,,,,,,,
NOG-ZO,NOG,348,348,29.0,4,y_bar,0.1,12.0,0.3,0.06922563910484314,6.536290645599365,3,100003,200003,918763096,szo,358400,358400,89600,"[89600, 89600, 89600, 89600]",65536,350,350,0.7297305464744568,0.009081823751330376,,,,,,,,
NOG-ZO,NOG,396,396,33.0,4,y_bar,0.1,12.0,0.3,0.07000569999217987,7.408740520477295,3,100003,200003,918763096,szo,407552,407552,101888,"[101888, 101888, 101888, 101888]",73728,398,398,0.7297356724739075,0.010307904332876205,,,,,,,,
NOG-ZO,NOG,444,444,37.0,4,y_bar,0.1,12.0,0.3,0.07238063961267471,8.295786380767822,3,100003,200003,918763096,szo,456704,456704,114176,"[114176, 114176, 114176, 114176]",81920,446,446,0.7297595739364624,0.009477761574089527,,,,,,,,
NOG-ZO,NOG,492,492,41.0,4,y_bar,0.1,12.0,0.3,0.07948090881109238,9.263465166091919,3,100003,200003,918763096,szo,505856,505856,126464,"[126464, 126464, 126464, 126464]",90112,494,494,0.7297345995903015,0.007735474035143852,,,,,,,,
NOG-ZO,NOG,540,540,45.0,4,y_bar,0.1,12.0,0.3,0.07698403298854828,10.159934282302856,3,100003,200003,918763096,szo,555008,555008,138752,"[138752, 138752, 138752, 138752]",98304,542,542,0.7297146320343018,0.008325363509356976,,,,,,,,
NOG-ZO,NOG,588,588,49.0,4,y_bar,0.1,12.0,0.3,0.07438147813081741,11.061794996261597,3,100003,200003,918763096,szo,604160,604160,151040,"[151040, 151040, 151040, 151040]",106496,590,590,0.7297536134719849,0.008673680014908314,,,,,,,,
NOG-ZO,NOG,636,636,53.0,4,y_bar,0.1,12.0,0.3,0.07158347219228745,11.948321104049683,3,100003,200003,918763096,szo,653312,653312,163328,"[163328, 163328, 163328, 163328]",114688,638,638,0.7297568917274475,0.010969000868499279,,,,,,,,
NOG-ZO,NOG,684,684,57.0,4,y_bar,0.1,12.0,0.3,0.07005658000707626,12.839969873428345,3,100003,200003,918763096,szo,702464,702464,175616,"[175616, 175616, 175616, 175616]",122880,686,686,0.7297676801681519,0.009678563103079796,,,,,,,,
NOG-ZO,NOG,732,732,61.0,4,y_bar,0.1,12.0,0.3,0.07688190042972565,13.743385314941406,3,100003,200003,918763096,szo,751616,751616,187904,"[187904, 187904, 187904, 187904]",131072,734,734,0.729731023311615,0.009545995853841305,,,,,,,,
NOG-ZO,NOG,780,780,65.0,4,y_bar,0.1,12.0,0.3,0.07302677631378174,14.666399717330933,3,100003,200003,918763096,szo,800768,800768,200192,"[200192, 200192, 200192, 200192]",139264,782,782,0.7297234535217285,0.009569758549332619,,,,,,,,
NOG-ZO,NOG,828,828,69.0,4,y_bar,0.1,12.0,0.3,0.07271963357925415,15.58445143699646,3,100003,200003,918763096,szo,849920,849920,212480,"[212480, 212480, 212480, 212480]",147456,830,830,0.7297118902206421,0.0072245169430971146,,,,,,,,
NOG-ZO,NOG,876,876,73.0,4,y_bar,0.1,12.0,0.3,0.07171504944562912,16.480485200881958,3,100003,200003,918763096,szo,899072,899072,224768,"[224768, 224768, 224768, 224768]",155648,878,878,0.7297371625900269,0.00910658948123455,,,,,,,,
NOG-ZO,NOG,924,924,77.0,4,y_bar,0.1,12.0,0.3,0.08382200449705124,17.38596796989441,3,100003,200003,918763096,szo,948224,948224,237056,"[237056, 237056, 237056, 237056]",163840,926,926,0.7297093868255615,0.008517310954630375,,,,,,,,
NOG-ZO,NOG,960,960,80.0,4,y_bar,0.1,12.0,0.3,0.0869709849357605,18.085859775543213,3,100003,200003,918763096,szo,985088,985088,246272,"[246272, 246272, 246272, 246272]",172032,962,962,0.7297310829162598,0.009021058678627014,,,,,,,,
NOG-ZO,NOG,12,12,1.0,8,y_bar,0.1,12.0,0.3,0.08123590052127838,0.46971964836120605,3,100003,200003,1163900725,szo,14336,14336,1792,"[1792, 1792, 1792, 1792, 1792, 1792, 1792, 1792]",8192,14,14,0.7295821905136108,0.010443776845932007,,,,,,,,
NOG-ZO,NOG,60,60,5.0,8,y_bar,0.1,12.0,0.3,0.0693911463022232,2.154860496520996,3,100003,200003,1163900725,szo,63488,63488,7936,"[7936, 7936, 7936, 7936, 7936, 7936, 7936, 7936]",16384,62,62,0.7296974062919617,0.010368403978645802,,,,,,,,
NOG-ZO,NOG,108,108,9.0,8,y_bar,0.1,12.0,0.3,0.08042610436677933,3.8642845153808594,3,100003,200003,1163900725,szo,112640,112640,14080,"[14080, 14080, 14080, 14080, 14080, 14080, 14080, 14080]",24576,110,110,0.7297108173370361,0.010580376721918583,,,,,,,,
NOG-ZO,NOG,156,156,13.0,8,y_bar,0.1,12.0,0.3,0.0743560940027237,5.569045782089233,3,100003,200003,1163900725,szo,161792,161792,20224,"[20224, 20224, 20224, 20224, 20224, 20224, 20224, 20224]",32768,158,158,0.7297654747962952,0.009265011176466942,,,,,,,,
NOG-ZO,NOG,204,204,17.0,8,y_bar,0.1,12.0,0.3,0.07570519298315048,7.2640368938446045,3,100003,200003,1163900725,szo,210944,210944,26368,"[26368, 26368, 26368, 26368, 26368, 26368, 26368, 26368]",40960,206,206,0.72974693775177,0.009291662834584713,,,,,,,,
NOG-ZO,NOG,252,252,21.0,8,y_bar,0.1,12.0,0.3,0.07186926901340485,8.974851131439209,3,100003,200003,1163900725,szo,260096,260096,32512,"[32512, 32512, 32512, 32512, 32512, 32512, 32512, 32512]",49152,254,254,0.7297431826591492,0.009236936457455158,,,,,,,,
NOG-ZO,NOG,300,300,25.0,8,y_bar,0.1,12.0,0.3,0.07279325276613235,10.698813199996948,3,100003,200003,1163900725,szo,309248,309248,38656,"[38656, 38656, 38656, 38656, 38656, 38656, 38656, 38656]",57344,302,302,0.7297273874282837,0.009428171440958977,,,,,,,,
NOG-ZO,NOG,348,348,29.0,8,y_bar,0.1,12.0,0.3,0.07394653558731079,12.402959823608398,3,100003,200003,1163900725,szo,358400,358400,44800,"[44800, 44800, 44800, 44800, 44800, 44800, 44800, 44800]",65536,350,350,0.7297589778900146,0.009402791038155556,,,,,,,,
NOG-ZO,NOG,396,396,33.0,8,y_bar,0.1,12.0,0.3,0.08090661466121674,14.137403726577759,3,100003,200003,1163900725,szo,407552,407552,50944,"[50944, 50944, 50944, 50944, 50944, 50944, 50944, 50944]",73728,398,398,0.7297635674476624,0.010013042949140072,,,,,,,,
NOG-ZO,NOG,444,444,37.0,8,y_bar,0.1,12.0,0.3,0.07160114496946335,15.872199535369873,3,100003,200003,1163900725,szo,456704,456704,57088,"[57088, 57088, 57088, 57088, 57088, 57088, 57088, 57088]",81920,446,446,0.7297813892364502,0.009065128862857819,,,,,,,,
NOG-ZO,NOG,492,492,41.0,8,y_bar,0.1,12.0,0.3,0.07181829959154129,17.629719972610474,3,100003,200003,1163900725,szo,505856,505856,63232,"[63232, 63232, 63232, 63232, 63232, 63232, 63232, 63232]",90112,494,494,0.7297804355621338,0.008615469560027122,,,,,,,,
NOG-ZO,NOG,540,540,45.0,8,y_bar,0.1,12.0,0.3,0.0789211317896843,19.3690824508667,3,100003,200003,1163900725,szo,555008,555008,69376,"[69376, 69376, 69376, 69376, 69376, 69376, 69376, 69376]",98304,542,542,0.7297764420509338,0.008945496752858162,,,,,,,,
NOG-ZO,NOG,588,588,49.0,8,y_bar,0.1,12.0,0.3,0.08669526129961014,21.095040321350098,3,100003,200003,1163900725,szo,604160,604160,75520,"[75520, 75520, 75520, 75520, 75520, 75520, 75520, 75520]",106496,590,590,0.7297958731651306,0.008626016788184643,,,,,,,,
NOG-ZO,NOG,636,636,53.0,8,y_bar,0.1,12.0,0.3,0.0753738060593605,22.775290966033936,3,100003,200003,1163900725,szo,653312,653312,81664,"[81664, 81664, 81664, 81664, 81664, 81664, 81664, 81664]",114688,638,638,0.7298192977905273,0.010702937841415405,,,,,,,,
NOG-ZO,NOG,684,684,57.0,8,y_bar,0.1,12.0,0.3,0.07968108355998993,24.50950598716736,3,100003,200003,1163900725,szo,702464,702464,87808,"[87808, 87808, 87808, 87808, 87808, 87808, 87808, 87808]",122880,686,686,0.7298519611358643,0.009960811585187912,,,,,,,,
NOG-ZO,NOG,732,732,61.0,8,y_bar,0.1,12.0,0.3,0.07013023644685745,26.206114768981934,3,100003,200003,1163900725,szo,751616,751616,93952,"[93952, 93952, 93952, 93952, 93952, 93952, 93952, 93952]",131072,734,734,0.7298576235771179,0.009711766615509987,,,,,,,,
NOG-ZO,NOG,780,780,65.0,8,y_bar,0.1,12.0,0.3,0.07005120813846588,27.884804010391235,3,100003,200003,1163900725,szo,800768,800768,100096,"[100096, 100096, 100096, 100096, 100096, 100096, 100096, 100096]",139264,782,782,0.7298157215118408,0.009461083449423313,,,,,,,,
NOG-ZO,NOG,828,828,69.0,8,y_bar,0.1,12.0,0.3,0.07439661771059036,29.573909282684326,3,100003,200003,1163900725,szo,849920,849920,106240,"[106240, 106240, 106240, 106240, 106240, 106240, 106240, 106240]",147456,830,830,0.7298068404197693,0.008302554488182068,,,,,,,,
NOG-ZO,NOG,876,876,73.0,8,y_bar,0.1,12.0,0.3,0.07653267681598663,31.27572250366211,3,100003,200003,1163900725,szo,899072,899072,112384,"[112384, 112384, 112384, 112384, 112384, 112384, 112384, 112384]",155648,878,878,0.7298151254653931,0.008854611776769161,,,,,,,,
NOG-ZO,NOG,924,924,77.0,8,y_bar,0.1,12.0,0.3,0.07570210099220276,32.97598361968994,3,100003,200003,1163900725,szo,948224,948224,118528,"[118528, 118528, 118528, 118528, 118528, 118528, 118528, 118528]",163840,926,926,0.7298359870910645,0.008677412755787373,,,,,,,,
NOG-ZO,NOG,960,960,80.0,8,y_bar,0.1,12.0,0.3,0.07141691446304321,34.266977071762085,3,100003,200003,1163900725,szo,985088,985088,123136,"[123136, 123136, 123136, 123136, 123136, 123136, 123136, 123136]",172032,962,962,0.7298012971878052,0.00816996768116951,,,,,,,,
ME-DOL-ZO,ME-DOL,12,12,,8,epoch_w_bar,0.1,,0.00021262931794992866,,0.12699675559997559,3,100003,200003,1776905663,szo,192,192,24,"[24, 24, 24, 24, 24, 24, 24, 24]",8192,12,12,0.7295249104499817,0.010443124920129776,12.0,0.000736569563735987,1.0,,,,,
ME-DOL-ZO,ME-DOL,60,60,,8,epoch_w_bar,0.1,,0.00021262931794992866,,0.4400308132171631,3,100003,200003,1776905663,szo,960,960,120,"[120, 120, 120, 120, 120, 120, 120, 120]",16384,60,60,0.7295544743537903,0.01054673083126545,12.0,0.000736569563735987,1.0,,,,,
ME-DOL-ZO,ME-DOL,108,108,,8,epoch_w_bar,0.1,,0.00021262931794992866,,0.7625482082366943,3,100003,200003,1776905663,szo,1728,1728,216,"[216, 216, 216, 216, 216, 216, 216, 216]",24576,108,108,0.7295674085617065,0.01139805093407631,12.0,0.000736569563735987,1.0,,,,,
ME-DOL-ZO,ME-DOL,156,156,,8,epoch_w_bar,0.1,,0.00021262931794992866,,1.076554298400879,3,100003,200003,1776905663,szo,2496,2496,312,"[312, 312, 312, 312, 312, 312, 312, 312]",32768,156,156,0.7295812368392944,0.009406963363289833,12.0,0.000736569563735987,1.0,,,,,
ME-DOL-ZO,ME-DOL,204,204,,8,epoch_w_bar,0.1,,0.00021262931794992866,,1.3955926895141602,3,100003,200003,1776905663,szo,3264,3264,408,"[408, 408, 408, 408, 408, 408, 408, 408]",40960,204,204,0.7295871376991272,0.010609626770019531,12.0,0.000736569563735987,1.0,,,,,
ME-DOL-ZO,ME-DOL,252,252,,8,epoch_w_bar,0.1,,0.00021262931794992866,,1.7150306701660156,3,100003,200003,1776905663,szo,4032,4032,504,"[504, 504, 504, 504, 504, 504, 504, 504]",49152,252,252,0.7295954823493958,0.010451702401041985,12.0,0.000736569563735987,1.0,,,,,
ME-DOL-ZO,ME-DOL,300,300,,8,epoch_w_bar,0.1,,0.00021262931794992866,,2.032215118408203,3,100003,200003,1776905663,szo,4800,4800,600,"[600, 600, 600, 600, 600, 600, 600, 600]",57344,300,300,0.7295994758605957,0.010360420681536198,12.0,0.000736569563735987,1.0,,,,,
ME-DOL-ZO,ME-DOL,348,348,,8,epoch_w_bar,0.1,,0.00021262931794992866,,2.3531739711761475,3,100003,200003,1776905663,szo,5568,5568,696,"[696, 696, 696, 696, 696, 696, 696, 696]",65536,348,348,0.7296051383018494,0.009803553111851215,12.0,0.000736569563735987,1.0,,,,,
ME-DOL-ZO,ME-DOL,396,396,,8,epoch_w_bar,0.1,,0.00021262931794992866,,2.6754820346832275,3,100003,200003,1776905663,szo,6336,6336,792,"[792, 792, 792, 792, 792, 792, 792, 792]",73728,396,396,0.729611873626709,0.011151389218866825,12.0,0.000736569563735987,1.0,,,,,
ME-DOL-ZO,ME-DOL,444,444,,8,epoch_w_bar,0.1,,0.00021262931794992866,,2.9902334213256836,3,100003,200003,1776905663,szo,7104,7104,888,"[888, 888, 888, 888, 888, 888, 888, 888]",81920,444,444,0.7296170592308044,0.01102884579449892,12.0,0.000736569563735987,1.0,,,,,
ME-DOL-ZO,ME-DOL,492,492,,8,epoch_w_bar,0.1,,0.00021262931794992866,,3.301821708679199,3,100003,200003,1776905663,szo,7872,7872,984,"[984, 984, 984, 984, 984, 984, 984, 984]",90112,492,492,0.7296176552772522,0.009190179407596588,12.0,0.000736569563735987,1.0,,,,,
ME-DOL-ZO,ME-DOL,540,540,,8,epoch_w_bar,0.1,,0.00021262931794992866,,3.61053204536438,3,100003,200003,1776905663,szo,8640,8640,1080,"[1080, 1080, 1080, 1080, 1080, 1080, 1080, 1080]",98304,540,540,0.7296144366264343,0.00971902348101139,12.0,0.000736569563735987,1.0,,,,,
ME-DOL-ZO,ME-DOL,588,588,,8,epoch_w_bar,0.1,,0.00021262931794992866,,3.923611640930176,3,100003,200003,1776905663,szo,9408,9408,1176,"[1176, 1176, 1176, 1176, 1176, 1176, 1176, 1176]",106496,588,588,0.7296252250671387,0.009787469170987606,12.0,0.000736569563735987,1.0,,,,,
ME-DOL-ZO,ME-DOL,636,636,,8,epoch_w_bar,0.1,,0.00021262931794992866,,4.238018989562988,3,100003,200003,1776905663,szo,10176,10176,1272,"[1272, 1272, 1272, 1272, 1272, 1272, 1272, 1272]",114688,636,636,0.7296280264854431,0.012103855609893799,12.0,0.000736569563735987,1.0,,,,,
ME-DOL-ZO,ME-DOL,684,684,,8,epoch_w_bar,0.1,,0.00021262931794992866,,4.543891906738281,3,100003,200003,1776905663,szo,10944,10944,1368,"[1368, 1368, 1368, 1368, 1368, 1368, 1368, 1368]",122880,684,684,0.729629397392273,0.010790225118398666,12.0,0.000736569563735987,1.0,,,,,
ME-DOL-ZO,ME-DOL,732,732,,8,epoch_w_bar,0.1,,0.00021262931794992866,,4.857987880706787,3,100003,200003,1776905663,szo,11712,11712,1464,"[1464, 1464, 1464, 1464, 1464, 1464, 1464, 1464]",131072,732,732,0.7296379208564758,0.010612169280648232,12.0,0.000736569563735987,1.0,,,,,
ME-DOL-ZO,ME-DOL,780,780,,8,epoch_w_bar,0.1,,0.00021262931794992866,,5.175374507904053,3,100003,200003,1776905663,szo,12480,12480,1560,"[1560, 1560, 1560, 1560, 1560, 1560, 1560, 1560]",139264,780,780,0.7296461462974548,0.010611025616526604,12.0,0.000736569563735987,1.0,,,,,
ME-DOL-ZO,ME-DOL,828,828,,8,epoch_w_bar,0.1,,0.00021262931794992866,,5.490740537643433,3,100003,200003,1776905663,szo,13248,13248,1656,"[1656, 1656, 1656, 1656, 1656, 1656, 1656, 1656]",147456,828,828,0.7296430468559265,0.00947202742099762,12.0,0.000736569563735987,1.0,,,,,
ME-DOL-ZO,ME-DOL,876,876,,8,epoch_w_bar,0.1,,0.00021262931794992866,,5.812385320663452,3,100003,200003,1776905663,szo,14016,14016,1752,"[1752, 1752, 1752, 1752, 1752, 1752, 1752, 1752]",155648,876,876,0.729649007320404,0.009811763651669025,12.0,0.000736569563735987,1.0,,,,,
ME-DOL-ZO,ME-DOL,924,924,,8,epoch_w_bar,0.1,,0.00021262931794992866,,6.125420093536377,3,100003,200003,1776905663,szo,14784,14784,1848,"[1848, 1848, 1848, 1848, 1848, 1848, 1848, 1848]",163840,924,924,0.7296532988548279,0.010123185813426971,12.0,0.000736569563735987,1.0,,,,,
ME-DOL-ZO,ME-DOL,960,960,,8,epoch_w_bar,0.1,,0.00021262931794992866,,6.380807876586914,3,100003,200003,1776905663,szo,15360,15360,1920,"[1920, 1920, 1920, 1920, 1920, 1920, 1920, 1920]",172032,960,960,0.7296528220176697,0.009719888679683208,12.0,0.000736569563735987,1.0,,,,,
DGFM,DGFM,1,1,,8,x_bar,0.1,,0.001,,0.0619354248046875,3,100003,200003,1528288592,szo,16,16,2,"[2, 2, 2, 2, 2, 2, 2, 2]",8192,2,2,0.7295371294021606,0.01063893735408783,,,,1.0,,,,
DGFM,DGFM,48,48,,8,x_bar,0.1,,0.001,,0.3584165573120117,3,100003,200003,1528288592,szo,768,768,96,"[96, 96, 96, 96, 96, 96, 96, 96]",16384,96,96,0.7296393513679504,0.010744970291852951,,,,1.0,,,,
DGFM,DGFM,96,96,,8,x_bar,0.1,,0.001,,0.6599929332733154,3,100003,200003,1528288592,szo,1536,1536,192,"[192, 192, 192, 192, 192, 192, 192, 192]",24576,192,192,0.7296695113182068,0.00999737624078989,,,,1.0,,,,
DGFM,DGFM,144,144,,8,x_bar,0.1,,0.001,,0.9501850605010986,3,100003,200003,1528288592,szo,2304,2304,288,"[288, 288, 288, 288, 288, 288, 288, 288]",32768,288,288,0.7296821475028992,0.010304669849574566,,,,1.0,,,,
DGFM,DGFM,192,192,,8,x_bar,0.1,,0.001,,1.236271858215332,3,100003,200003,1528288592,szo,3072,3072,384,"[384, 384, 384, 384, 384, 384, 384, 384]",40960,384,384,0.7296873927116394,0.009863934479653835,,,,1.0,,,,
DGFM,DGFM,240,240,,8,x_bar,0.1,,0.001,,1.5271434783935547,3,100003,200003,1528288592,szo,3840,3840,480,"[480, 480, 480, 480, 480, 480, 480, 480]",49152,480,480,0.7296844124794006,0.010762030258774757,,,,1.0,,,,
DGFM,DGFM,288,288,,8,x_bar,0.1,,0.001,,1.8263263702392578,3,100003,200003,1528288592,szo,4608,4608,576,"[576, 576, 576, 576, 576, 576, 576, 576]",57344,576,576,0.7297174334526062,0.011016953736543655,,,,1.0,,,,
DGFM,DGFM,336,336,,8,x_bar,0.1,,0.001,,2.1185519695281982,3,100003,200003,1528288592,szo,5376,5376,672,"[672, 672, 672, 672, 672, 672, 672, 672]",65536,672,672,0.7297568917274475,0.010811387561261654,,,,1.0,,,,
DGFM,DGFM,384,384,,8,x_bar,0.1,,0.001,,2.4107463359832764,3,100003,200003,1528288592,szo,6144,6144,768,"[768, 768, 768, 768, 768, 768, 768, 768]",73728,768,768,0.7297781109809875,0.010814407840371132,,,,1.0,,,,
DGFM,DGFM,432,432,,8,x_bar,0.1,,0.001,,2.719967842102051,3,100003,200003,1528288592,szo,6912,6912,864,"[864, 864, 864, 864, 864, 864, 864, 864]",81920,864,864,0.7298188209533691,0.009764556773006916,,,,1.0,,,,
DGFM,DGFM,480,480,,8,x_bar,0.1,,0.001,,3.022019863128662,3,100003,200003,1528288592,szo,7680,7680,960,"[960, 960, 960, 960, 960, 960, 960, 960]",90112,960,960,0.7298386693000793,0.010841245763003826,,,,1.0,,,,
DGFM,DGFM,528,528,,8,x_bar,0.1,,0.001,,3.3261702060699463,3,100003,200003,1528288592,szo,8448,8448,1056,"[1056, 1056, 1056, 1056, 1056, 1056, 1056, 1056]",98304,1056,1056,0.7298719882965088,0.010560793802142143,,,,1.0,,,,
DGFM,DGFM,576,576,,8,x_bar,0.1,,0.001,,3.6214382648468018,3,100003,200003,1528288592,szo,9216,9216,1152,"[1152, 1152, 1152, 1152, 1152, 1152, 1152, 1152]",106496,1152,1152,0.7298751473426819,0.010613678023219109,,,,1.0,,,,
DGFM,DGFM,624,624,,8,x_bar,0.1,,0.001,,3.91546893119812,3,100003,200003,1528288592,szo,9984,9984,1248,"[1248, 1248, 1248, 1248, 1248, 1248, 1248, 1248]",114688,1248,1248,0.7299050688743591,0.01194001641124487,,,,1.0,,,,
DGFM,DGFM,672,672,,8,x_bar,0.1,,0.001,,4.220548391342163,3,100003,200003,1528288592,szo,10752,10752,1344,"[1344, 1344, 1344, 1344, 1344, 1344, 1344, 1344]",122880,1344,1344,0.7299355864524841,0.0114196902140975,,,,1.0,,,,
DGFM,DGFM,720,720,,8,x_bar,0.1,,0.001,,4.514862537384033,3,100003,200003,1528288592,szo,11520,11520,1440,"[1440, 1440, 1440, 1440, 1440, 1440, 1440, 1440]",131072,1440,1440,0.7299584150314331,0.01111126970499754,,,,1.0,,,,
DGFM,DGFM,768,768,,8,x_bar,0.1,,0.001,,4.809466600418091,3,100003,200003,1528288592,szo,12288,12288,1536,"[1536, 1536, 1536, 1536, 1536, 1536, 1536, 1536]",139264,1536,1536,0.7299882173538208,0.011045743711292744,,,,1.0,,,,
DGFM,DGFM,816,816,,8,x_bar,0.1,,0.001,,5.098370313644409,3,100003,200003,1528288592,szo,13056,13056,1632,"[1632, 1632, 1632, 1632, 1632, 1632, 1632, 1632]",147456,1632,1632,0.7300074696540833,0.011344381608068943,,,,1.0,,,,
DGFM,DGFM,864,864,,8,x_bar,0.1,,0.001,,5.391677141189575,3,100003,200003,1528288592,szo,13824,13824,1728,"[1728, 1728, 1728, 1728, 1728, 1728, 1728, 1728]",155648,1728,1728,0.7300194501876831,0.010977567173540592,,,,1.0,,,,
DGFM,DGFM,912,912,,8,x_bar,0.1,,0.001,,5.686526536941528,3,100003,200003,1528288592,szo,14592,14592,1824,"[1824, 1824, 1824, 1824, 1824, 1824, 1824, 1824]",163840,1824,1824,0.7300300598144531,0.012054037302732468,,,,1.0,,,,
DGFM,DGFM,960,960,,8,x_bar,0.1,,0.001,,5.981048107147217,3,100003,200003,1528288592,szo,15360,15360,1920,"[1920, 1920, 1920, 1920, 1920, 1920, 1920, 1920]",172032,1920,1920,0.7300471663475037,0.010741784237325191,,,,1.0,,,,
DGFM+,DGFM+,1,1,,8,x_bar,0.1,,0.001,,0.2825334072113037,3,100003,200003,410831931,szo,1024,1024,128,"[128, 128, 128, 128, 128, 128, 128, 128]",8192,2,2,0.7295188307762146,0.010639774613082409,,,,,8.0,64.0,48.0,1.0
DGFM+,DGFM+,48,48,,8,x_bar,0.1,,0.001,,2.910024642944336,3,100003,200003,410831931,szo,13056,13056,1632,"[1632, 1632, 1632, 1632, 1632, 1632, 1632, 1632]",16384,96,96,0.7296018600463867,0.010727543383836746,,,,,8.0,64.0,48.0,1.0
DGFM+,DGFM+,96,96,,8,x_bar,0.1,,0.001,,5.770277738571167,3,100003,200003,410831931,szo,26112,26112,3264,"[3264, 3264, 3264, 3264, 3264, 3264, 3264, 3264]",24576,192,192,0.7296451330184937,0.009651771746575832,,,,,8.0,64.0,48.0,1.0
DGFM+,DGFM+,144,144,,8,x_bar,0.1,,0.001,,8.62574577331543,3,100003,200003,410831931,szo,39168,39168,4896,"[4896, 4896, 4896, 4896, 4896, 4896, 4896, 4896]",32768,288,288,0.72965008020401,0.01056496798992157,,,,,8.0,64.0,48.0,1.0
DGFM+,DGFM+,192,192,,8,x_bar,0.1,,0.001,,11.469802379608154,3,100003,200003,410831931,szo,52224,52224,6528,"[6528, 6528, 6528, 6528, 6528, 6528, 6528, 6528]",40960,384,384,0.7296608090400696,0.009795023128390312,,,,,8.0,64.0,48.0,1.0
DGFM+,DGFM+,240,240,,8,x_bar,0.1,,0.001,,14.330659866333008,3,100003,200003,410831931,szo,65280,65280,8160,"[8160, 8160, 8160, 8160, 8160, 8160, 8160, 8160]",49152,480,480,0.7296997904777527,0.01050621084868908,,,,,8.0,64.0,48.0,1.0
DGFM+,DGFM+,288,288,,8,x_bar,0.1,,0.001,,17.202435970306396,3,100003,200003,410831931,szo,78336,78336,9792,"[9792, 9792, 9792, 9792, 9792, 9792, 9792, 9792]",57344,576,576,0.7297307252883911,0.010710135102272034,,,,,8.0,64.0,48.0,1.0
DGFM+,DGFM+,336,336,,8,x_bar,0.1,,0.001,,20.044774055480957,3,100003,200003,410831931,szo,91392,91392,11424,"[11424, 11424, 11424, 11424, 11424, 11424, 11424, 11424]",65536,672,672,0.7297410368919373,0.01052813045680523,,,,,8.0,64.0,48.0,1.0
DGFM+,DGFM+,384,384,,8,x_bar,0.1,,0.001,,22.88618755340576,3,100003,200003,410831931,szo,104448,104448,13056,"[13056, 13056, 13056, 13056, 13056, 13056, 13056, 13056]",73728,768,768,0.7297638058662415,0.010845408774912357,,,,,8.0,64.0,48.0,1.0
DGFM+,DGFM+,432,432,,8,x_bar,0.1,,0.001,,25.735657215118408,3,100003,200003,410831931,szo,117504,117504,14688,"[14688, 14688, 14688, 14688, 14688, 14688, 14688, 14688]",81920,864,864,0.729782223701477,0.010393110103905201,,,,,8.0,64.0,48.0,1.0
DGFM+,DGFM+,480,480,,8,x_bar,0.1,,0.001,,28.636730194091797,3,100003,200003,410831931,szo,130560,130560,16320,"[16320, 16320, 16320, 16320, 16320, 16320, 16320, 16320]",90112,960,960,0.7297929525375366,0.010643593966960907,,,,,8.0,64.0,48.0,1.0
DGFM+,DGFM+,528,528,,8,x_bar,0.1,,0.001,,31.680661916732788,3,100003,200003,410831931,szo,143616,143616,17952,"[17952, 17952, 17952, 17952, 17952, 17952, 17952, 17952]",98304,1056,1056,0.7298101186752319,0.010340960696339607,,,,,8.0,64.0,48.0,1.0
DGFM+,DGFM+,576,576,,8,x_bar,0.1,,0.001,,34.548731327056885,3,100003,200003,410831931,szo,156672,156672,19584,"[19584, 19584, 19584, 19584, 19584, 19584, 19584, 19584]",106496,1152,1152,0.7297972440719604,0.009981687180697918,,,,,8.0,64.0,48.0,1.0
DGFM+,DGFM+,624,624,,8,x_bar,0.1,,0.001,,37.4167103767395,3,100003,200003,410831931,szo,169728,169728,21216,"[21216, 21216, 21216, 21216, 21216, 21216, 21216, 21216]",114688,1248,1248,0.7298345565795898,0.011426957324147224,,,,,8.0,64.0,48.0,1.0
DGFM+,DGFM+,672,672,,8,x_bar,0.1,,0.001,,40.32854700088501,3,100003,200003,410831931,szo,182784,182784,22848,"[22848, 22848, 22848, 22848, 22848, 22848, 22848, 22848]",122880,1344,1344,0.7298213243484497,0.010775641538202763,,,,,8.0,64.0,48.0,1.0
DGFM+,DGFM+,720,720,,8,x_bar,0.1,,0.001,,43.178584814071655,3,100003,200003,410831931,szo,195840,195840,24480,"[24480, 24480, 24480, 24480, 24480, 24480, 24480, 24480]",131072,1440,1440,0.7298442125320435,0.010042527690529823,,,,,8.0,64.0,48.0,1.0
DGFM+,DGFM+,768,768,,8,x_bar,0.1,,0.001,,46.101953983306885,3,100003,200003,410831931,szo,208896,208896,26112,"[26112, 26112, 26112, 26112, 26112, 26112, 26112, 26112]",139264,1536,1536,0.7298591136932373,0.010176238603889942,,,,,8.0,64.0,48.0,1.0
DGFM+,DGFM+,816,816,,8,x_bar,0.1,,0.001,,48.964805364608765,3,100003,200003,410831931,szo,221952,221952,27744,"[27744, 27744, 27744, 27744, 27744, 27744, 27744, 27744]",147456,1632,1632,0.7298670411109924,0.01090247742831707,,,,,8.0,64.0,48.0,1.0
DGFM+,DGFM+,864,864,,8,x_bar,0.1,,0.001,,51.86021852493286,3,100003,200003,410831931,szo,235008,235008,29376,"[29376, 29376, 29376, 29376, 29376, 29376, 29376, 29376]",155648,1728,1728,0.7298840284347534,0.011007308028638363,,,,,8.0,64.0,48.0,1.0
DGFM+,DGFM+,912,912,,8,x_bar,0.1,,0.001,,54.75685453414917,3,100003,200003,410831931,szo,248064,248064,31008,"[31008, 31008, 31008, 31008, 31008, 31008, 31008, 31008]",163840,1824,1824,0.7299081087112427,0.011048279702663422,,,,,8.0,64.0,48.0,1.0
DGFM+,DGFM+,960,960,,8,x_bar,0.1,,0.001,,57.5986065864563,3,100003,200003,410831931,szo,261120,261120,32640,"[32640, 32640, 32640, 32640, 32640, 32640, 32640, 32640]",172032,1920,1920,0.7298964262008667,0.010332045145332813,,,,,8.0,64.0,48.0,1.0
NOG-FO,NOG,12,12,1.0,1,y_bar,0.1,12.0,0.3,0.011316368356347084,0.15876555442810059,4,100004,200004,1593696051,sfo,7168,7168,7168,[7168],8192,14,14,0.7274799346923828,0.010169598273932934,,,,,,,,
NOG-FO,NOG,60,60,5.0,1,y_bar,0.1,12.0,0.3,0.007759919855743647,0.6291744709014893,4,100004,200004,1593696051,sfo,31744,31744,31744,[31744],16384,62,62,0.7274085283279419,0.00841887854039669,,,,,,,,
NOG-FO,NOG,108,108,9.0,1,y_bar,0.1,12.0,0.3,0.007667986676096916,1.0891444683074951,4,100004,200004,1593696051,sfo,56320,56320,56320,[56320],24576,110,110,0.7273489832878113,0.007922517135739326,,,,,,,,
NOG-FO,NOG,156,156,13.0,1,y_bar,0.1,12.0,0.3,0.008672105148434639,1.5959153175354004,4,100004,200004,1593696051,sfo,80896,80896,80896,[80896],32768,158,158,0.7271921038627625,0.007715292740613222,,,,,,,,
NOG-FO,NOG,204,204,17.0,1,y_bar,0.1,12.0,0.3,0.007620865944772959,2.0626814365386963,4,100004,200004,1593696051,sfo,105472,105472,105472,[105472],40960,206,206,0.7271000146865845,0.007055150344967842,,,,,,,,
NOG-FO,NOG,252,252,21.0,1,y_bar,0.1,12.0,0.3,0.007017562631517649,2.536280632019043,4,100004,200004,1593696051,sfo,130048,130048,130048,[130048],49152,254,254,0.7270060777664185,0.00798675138503313,,,,,,,,
NOG-FO,NOG,300,300,25.0,1,y_bar,0.1,12.0,0.3,0.008249194361269474,3.009751319885254,4,100004,200004,1593696051,sfo,154624,154624,154624,[154624],57344,302,302,0.7268742918968201,0.0069705112837255,,,,,,,,
NOG-FO,NOG,348,348,29.0,1,y_bar,0.1,12.0,0.3,0.007324725855141878,3.4423625469207764,4,100004,200004,1593696051,sfo,179200,179200,179200,[179200],65536,350,350,0.7267876863479614,0.0072013880126178265,,,,,,,,
NOG-FO,NOG,396,396,33.0,1,y_bar,0.1,12.0,0.3,0.007465744856745005,3.9113621711730957,4,100004,200004,1593696051,sfo,203776,203776,203776,[203776],73728,398,398,0.7265963554382324,0.007250879425555468,,,,,,,,
NOG-FO,NOG,444,444,37.0,1,y_bar,0.1,12.0,0.3,0.008276592008769512,4.345503330230713,4,100004,200004,1593696051,sfo,228352,228352,228352,[228352],81920,446,446,0.7264555096626282,0.006695875432342291,,,,,,,,
NOG-FO,NOG,492,492,41.0,1,y_bar,0.1,12.0,0.3,0.008338029496371746,4.824822187423706,4,100004,200004,1593696051,sfo,252928,252928,252928,[252928],90112,494,494,0.7263424396514893,0.006986889522522688,,,,,,,,
NOG-FO,NOG,540,540,45.0,1,y_bar,0.1,12.0,0.3,0.008058284409344196,5.275336503982544,4,100004,200004,1593696051,sfo,277504,277504,277504,[277504],98304,542,542,0.7261936068534851,0.007467098534107208,,,,,,,,
NOG-FO,NOG,588,588,49.0,1,y_bar,0.1,12.0,0.3,0.008153465576469898,5.738762378692627,4,100004,200004,1593696051,sfo,302080,302080,302080,[302080],106496,590,590,0.726064920425415,0.00764815416187048,,,,,,,,
NOG-FO,NOG,636,636,53.0,1,y_bar,0.1,12.0,0.3,0.008383238688111305,6.203432321548462,4,100004,200004,1593696051,sfo,326656,326656,326656,[326656],114688,638,638,0.7259275317192078,0.006950960494577885,,,,,,,,
NOG-FO,NOG,684,684,57.0,1,y_bar,0.1,12.0,0.3,0.008647270500659943,6.672980070114136,4,100004,200004,1593696051,sfo,351232,351232,351232,[351232],122880,686,686,0.7257618308067322,0.007302701007574797,,,,,,,,
NOG-FO,NOG,732,732,61.0,1,y_bar,0.1,12.0,0.3,0.007742493413388729,7.141046524047852,4,100004,200004,1593696051,sfo,375808,375808,375808,[375808],131072,734,734,0.7256202101707458,0.008275741711258888,,,,,,,,
NOG-FO,NOG,780,780,65.0,1,y_bar,0.1,12.0,0.3,0.007605710532516241,7.6089653968811035,4,100004,200004,1593696051,sfo,400384,400384,400384,[400384],139264,782,782,0.7254865169525146,0.007218494545668364,,,,,,,,
NOG-FO,NOG,828,828,69.0,1,y_bar,0.1,12.0,0.3,0.008427116088569164,8.06011438369751,4,100004,200004,1593696051,sfo,424960,424960,424960,[424960],147456,830,830,0.7253731489181519,0.0067310454323887825,,,,,,,,
NOG-FO,NOG,876,876,73.0,1,y_bar,0.1,12.0,0.3,0.007032423280179501,8.519974946975708,4,100004,200004,1593696051,sfo,449536,449536,449536,[449536],155648,878,878,0.725264310836792,0.007539353799074888,,,,,,,,
NOG-FO,NOG,924,924,77.0,1,y_bar,0.1,12.0,0.3,0.006451809778809547,8.985615491867065,4,100004,200004,1593696051,sfo,474112,474112,474112,[474112],163840,926,926,0.7251572608947754,0.007880260236561298,,,,,,,,
NOG-FO,NOG,960,960,80.0,1,y_bar,0.1,12.0,0.3,0.0075019425712525845,9.347384691238403,4,100004,200004,1593696051,sfo,492544,492544,492544,[492544],172032,962,962,0.7250539064407349,0.007750034332275391,,,,,,,,
NOG-FO,NOG,12,12,1.0,2,y_bar,0.1,12.0,0.3,0.010431624948978424,0.26589035987854004,4,100004,200004,421877081,sfo,7168,7168,3584,"[3584, 3584]",8192,14,14,0.7274833917617798,0.01024993509054184,,,,,,,,
NOG-FO,NOG,60,60,5.0,2,y_bar,0.1,12.0,0.3,0.008237043395638466,1.1090831756591797,4,100004,200004,421877081,sfo,31744,31744,15872,"[15872, 15872]",16384,62,62,0.7274458408355713,0.008463897742331028,,,,,,,,
NOG-FO,NOG,108,108,9.0,2,y_bar,0.1,12.0,0.3,0.008103772066533566,1.9574458599090576,4,100004,200004,421877081,sfo,56320,56320,28160,"[28160, 28160]",24576,110,110,0.7273327112197876,0.007484064437448978,,,,,,,,
NOG-FO,NOG,156,156,13.0,2,y_bar,0.1,12.0,0.3,0.007414842490106821,2.776217222213745,4,100004,200004,421877081,sfo,80896,80896,40448,"[40448, 40448]",32768,158,158,0.727249264717102,0.007999151013791561,,,,,,,,
NOG-FO,NOG,204,204,17.0,2,y_bar,0.1,12.0,0.3,0.008382046595215797,3.649679660797119,4,100004,200004,421877081,sfo,105472,105472,52736,"[52736, 52736]",40960,206,206,0.7270891070365906,0.0072919270023703575,,,,,,,,
NOG-FO,NOG,252,252,21.0,2,y_bar,0.1,12.0,0.3,0.007311247754842043,4.507192373275757,4,100004,200004,421877081,sfo,130048,130048,65024,"[65024, 65024]",49152,254,254,0.7269684076309204,0.0071862866170704365,,,,,,,,
NOG-FO,NOG,300,300,25.0,2,y_bar,0.1,12.0,0.3,0.00713773351162672,5.3611414432525635,4,100004,200004,421877081,sfo,154624,154624,77312,"[77312, 77312]",57344,302,302,0.7268646359443665,0.0067185754887759686,,,,,,,,
NOG-FO,NOG,348,348,29.0,2,y_bar,0.1,12.0,0.3,0.007139276713132858,6.242562532424927,4,100004,200004,421877081,sfo,179200,179200,89600,"[89600, 89600]",65536,350,350,0.7267655730247498,0.007324270438402891,,,,,,,,
NOG-FO,NOG,396,396,33.0,2,y_bar,0.1,12.0,0.3,0.008315359242260456,7.07810378074646,4,100004,200004,421877081,sfo,203776,203776,101888,"[101888, 101888]",73728,398,398,0.7266643047332764,0.00718272477388382,,,,,,,,
NOG-FO,NOG,444,444,37.0,2,y_bar,0.1,12.0,0.3,0.008427847176790237,7.923731565475464,4,100004,200004,421877081,sfo,228352,228352,114176,"[114176, 114176]",81920,446,446,0.7265429496765137,0.006958359852433205,,,,,,,,
NOG-FO,NOG,492,492,41.0,2,y_bar,0.1,12.0,0.3,0.00784648209810257,8.770813226699829,4,100004,200004,421877081,sfo,252928,252928,126464,"[126464, 126464]",90112,494,494,0.7264540791511536,0.007355034817010164,,,,,,,,
NOG-FO,NOG,540,540,45.0,2,y_bar,0.1,12.0,0.3,0.007702233735471964,9.627780199050903,4,100004,200004,421877081,sfo,277504,277504,138752,"[138752, 138752]",98304,542,542,0.7263268828392029,0.0074704294092953205,,,,,,,,
NOG-FO,NOG,588,588,49.0,2,y_bar,0.1,12.0,0.3,0.008507737889885902,10.455521583557129,4,100004,200004,421877081,sfo,302080,302080,151040,"[151040, 151040]",106496,590,590,0.7261998653411865,0.007529417518526316,,,,,,,,
NOG-FO,NOG,636,636,53.0,2,y_bar,0.1,12.0,0.3,0.008379935286939144,11.340155601501465,4,100004,200004,421877081,sfo,326656,326656,163328,"[163328, 163328]",114688,638,638,0.7261451482772827,0.006509453058242798,,,,,,,,
NOG-FO,NOG,684,684,57.0,2,y_bar,0.1,12.0,0.3,0.00834974180907011,12.199624061584473,4,100004,200004,421877081,sfo,351232,351232,175616,"[175616, 175616]",122880,686,686,0.7259734272956848,0.007260684855282307,,,,,,,,
NOG-FO,NOG,732,732,61.0,2,y_bar,0.1,12.0,0.3,0.008153991773724556,13.054896831512451,4,100004,200004,421877081,sfo,375808,375808,187904,"[187904, 187904]",131072,734,734,0.7258597612380981,0.008082142099738121,,,,,,,,
NOG-FO,NOG,780,780,65.0,2,y_bar,0.1,12.0,0.3,0.008861389011144638,13.915526628494263,4,100004,200004,421877081,sfo,400384,400384,200192,"[200192, 200192]",139264,782,782,0.7257194519042969,0.007506169844418764,,,,,,,,
NOG-FO,NOG,828,828,69.0,2,y_bar,0.1,12.0,0.3,0.00830828957259655,14.814677953720093,4,100004,200004,421877081,sfo,424960,424960,212480,"[212480, 212480]",147456,830,830,0.7256086468696594,0.006638354621827602,,,,,,,,
NOG-FO,NOG,876,876,73.0,2,y_bar,0.1,12.0,0.3,0.008110640570521355,15.714487791061401,4,100004,200004,421877081,sfo,449536,449536,224768,"[224768, 224768]",155648,878,878,0.7254654765129089,0.007494097109884024,,,,,,,,
NOG-FO,NOG,924,924,77.0,2,y_bar,0.1,12.0,0.3,0.007122153881937265,16.61107301712036,4,100004,200004,421877081,sfo,474112,474112,237056,"[237056, 237056]",163840,926,926,0.7253339886665344,0.007241921499371529,,,,,,,,
NOG-FO,NOG,960,960,80.0,2,y_bar,0.1,12.0,0.3,0.007744707632809877,17.294918537139893,4,100004,200004,421877081,sfo,492544,492544,246272,"[246272, 246272]",172032,962,962,0.7252807021141052,0.007707356940954924,,,,,,,,
NOG-FO,NOG,12,12,1.0,4,y_bar,0.1,12.0,0.3,0.008851153776049614,0.466580867767334,4,100004,200004,1500831446,sfo,7168,7168,1792,"[1792, 1792, 1792, 1792]",8192,14,14,0.7274998426437378,0.010272227227687836,,,,,,,,
NOG-FO,NOG,60,60,5.0,4,y_bar,0.1,12.0,0.3,0.008817908354103565,2.095839738845825,4,100004,200004,1500831446,sfo,31744,31744,7936,"[7936, 7936, 7936, 7936]",16384,62,62,0.7274090647697449,0.00814344733953476,,,,,,,,
NOG-FO,NOG,108,108,9.0,4,y_bar,0.1,12.0,0.3,0.006856405641883612,3.7793190479278564,4,100004,200004,1500831446,sfo,56320,56320,14080,"[14080, 14080, 14080, 14080]",24576,110,110,0.7272985577583313,0.007601449266076088,,,,,,,,
NOG-FO,NOG,156,156,13.0,4,y_bar,0.1,12.0,0.3,0.008901418186724186,5.4174768924713135,4,100004,200004,1500831446,sfo,80896,80896,20224,"[20224, 20224, 20224, 20224]",32768,158,158,0.7272040843963623,0.00767267681658268,,,,,,,,
NOG-FO,NOG,204,204,17.0,4,y_bar,0.1,12.0,0.3,0.008340244181454182,7.117827653884888,4,100004,200004,1500831446,sfo,105472,105472,26368,"[26368, 26368, 26368, 26368]",40960,206,206,0.7270497679710388,0.007757187820971012,,,,,,,,
NOG-FO,NOG,252,252,21.0,4,y_bar,0.1,12.0,0.3,0.007752555422484875,8.752341747283936,4,100004,200004,1500831446,sfo,130048,130048,32512,"[32512, 32512, 32512, 32512]",49152,254,254,0.7269170880317688,0.00782314408570528,,,,,,,,
NOG-FO,NOG,300,300,25.0,4,y_bar,0.1,12.0,0.3,0.00827109906822443,10.30009651184082,4,100004,200004,1500831446,sfo,154624,154624,38656,"[38656, 38656, 38656, 38656]",57344,302,302,0.7268301248550415,0.00676120026037097,,,,,,,,
NOG-FO,NOG,348,348,29.0,4,y_bar,0.1,12.0,0.3,0.008964061737060547,12.05701470375061,4,100004,200004,1500831446,sfo,179200,179200,44800,"[44800, 44800, 44800, 44800]",65536,350,350,0.7266903519630432,0.0072730714455246925,,,,,,,,
NOG-FO,NOG,396,396,33.0,4,y_bar,0.1,12.0,0.3,0.007551876362413168,13.747003555297852,4,100004,200004,1500831446,sfo,203776,203776,50944,"[50944, 50944, 50944, 50944]",73728,398,398,0.7265810966491699,0.00693449517711997,,,,,,,,
NOG-FO,NOG,444,444,37.0,4,y_bar,0.1,12.0,0.3,0.00847767572849989,15.532596826553345,4,100004,200004,1500831446,sfo,228352,228352,57088,"[57088, 57088, 57088, 57088]",81920,446,446,0.7264679670333862,0.0072222561575472355,,,,,,,,
NOG-FO,NOG,492,492,41.0,4,y_bar,0.1,12.0,0.3,0.007199971470981836,17.233734846115112,4,100004,200004,1500831446,sfo,252928,252928,63232,"[63232, 63232, 63232, 63232]",90112,494,494,0.7263364195823669,0.007306517101824284,,,,,,,,
NOG-FO,NOG,540,540,45.0,4,y_bar,0.1,12.0,0.3,0.00882907398045063,18.93260669708252,4,100004,200004,1500831446,sfo,277504,277504,69376,"[69376, 69376, 69376, 69376]",98304,542,542,0.7261951565742493,0.007250532042235136,,,,,,,,
NOG-FO,NOG,588,588,49.0,4,y_bar,0.1,12.0,0.3,0.008329503238201141,20.553964376449585,4,100004,200004,1500831446,sfo,302080,302080,75520,"[75520, 75520, 75520, 75520]",106496,590,590,0.7260330319404602,0.007350153289735317,,,,,,,,
NOG-FO,NOG,636,636,53.0,4,y_bar,0.1,12.0,0.3,0.00812963955104351,22.197579860687256,4,100004,200004,1500831446,sfo,326656,326656,81664,"[81664, 81664, 81664, 81664]",114688,638,638,0.7259165048599243,0.006836736109107733,,,,,,,,
NOG-FO,NOG,684,684,57.0,4,y_bar,0.1,12.0,0.3,0.008100184611976147,23.840649366378784,4,100004,200004,1500831446,sfo,351232,351232,87808,"[87808, 87808, 87808, 87808]",122880,686,686,0.7257853746414185,0.007434063591063023,,,,,,,,
NOG-FO,NOG,732,732,61.0,4,y_bar,0.1,12.0,0.3,0.007862561382353306,25.45920205116272,4,100004,200004,1500831446,sfo,375808,375808,93952,"[93952, 93952, 93952, 93952]",131072,734,734,0.7256744503974915,0.007437477819621563,,,,,,,,
NOG-FO,NOG,780,780,65.0,4,y_bar,0.1,12.0,0.3,0.0075567481108009815,27.097460746765137,4,100004,200004,1500831446,sfo,400384,400384,100096,"[100096, 100096, 100096, 100096]",139264,782,782,0.7255403399467468,0.00744334002956748,,,,,,,,
NOG-FO,NOG,828,828,69.0,4,y_bar,0.1,12.0,0.3,0.006931304465979338,28.756040573120117,4,100004,200004,1500831446,sfo,424960,424960,106240,"[106240, 106240, 106240, 106240]",147456,830,830,0.7254102826118469,0.006520677823573351,,,,,,,,
NOG-FO,NOG,876,876,73.0,4,y_bar,0.1,12.0,0.3,0.007633042521774769,30.33324408531189,4,100004,200004,1500831446,sfo,449536,449536,112384,"[112384, 112384, 112384, 112384]",155648,878,878,0.7253211140632629,0.007684656418859959,,,,,,,,
NOG-FO,NOG,924,924,77.0,4,y_bar,0.1,12.0,0.3,0.008389622904360294,31.866373300552368,4,100004,200004,1500831446,sfo,474112,474112,118528,"[118528, 118528, 118528, 118528]",163840,926,926,0.7251874208450317,0.007674988824874163,,,,,,,,
NOG-FO,NOG,960,960,80.0,4,y_bar,0.1,12.0,0.3,0.007105155847966671,33.114749908447266,4,100004,200004,1500831446,sfo,492544,492544,123136,"[123136, 123136, 123136, 123136]",172032,962,962,0.7250875234603882,0.007740032393485308,,,,,,,,
NOG-FO,NOG,12,12,1.0,8,y_bar,0.1,12.0,0.3,0.010302660055458546,0.8774855136871338,4,100004,200004,1333647735,sfo,7168,7168,896,"[896, 896, 896, 896, 896, 896, 896, 896]",8192,14,14,0.7274634838104248,0.010236140340566635,,,,,,,,
NOG-FO,NOG,60,60,5.0,8,y_bar,0.1,12.0,0.3,0.007597071584314108,3.875392198562622,4,100004,200004,1333647735,sfo,31744,31744,3968,"[3968, 3968, 3968, 3968, 3968, 3968, 3968, 3968]",16384,62,62,0.7274487614631653,0.008078863844275475,,,,,,,,
NOG-FO,NOG,108,108,9.0,8,y_bar,0.1,12.0,0.3,0.008094624616205692,7.023717880249023,4,100004,200004,1333647735,sfo,56320,56320,7040,"[7040, 7040, 7040, 7040, 7040, 7040, 7040, 7040]",24576,110,110,0.727317214012146,0.007319140713661909,,,,,,,,
NOG-FO,NOG,156,156,13.0,8,y_bar,0.1,12.0,0.3,0.006971033755689859,10.229016065597534,4,100004,200004,1333647735,sfo,80896,80896,10112,"[10112, 10112, 10112, 10112, 10112, 10112, 10112, 10112]",32768,158,158,0.7272412180900574,0.00809160154312849,,,,,,,,
NOG-FO,NOG,204,204,17.0,8,y_bar,0.1,12.0,0.3,0.008006250485777855,13.395735263824463,4,100004,200004,1333647735,sfo,105472,105472,13184,"[13184, 13184, 13184, 13184, 13184, 13184, 13184, 13184]",40960,206,206,0.7271292805671692,0.007255692034959793,,,,,,,,
NOG-FO,NOG,252,252,21.0,8,y_bar,0.1,12.0,0.3,0.0076311007142066956,16.457903146743774,4,100004,200004,1333647735,sfo,130048,130048,16256,"[16256, 16256, 16256, 16256, 16256, 16256, 16256, 16256]",49152,254,254,0.7270152568817139,0.007751796394586563,,,,,,,,
NOG-FO,NOG,300,300,25.0,8,y_bar,0.1,12.0,0.3,0.00734679726883769,19.718957901000977,4,100004,200004,1333647735,sfo,154624,154624,19328,"[19328, 19328, 19328, 19328, 19328, 19328, 19328, 19328]",57344,302,302,0.7268983721733093,0.006761780008673668,,,,,,,,
NOG-FO,NOG,348,348,29.0,8,y_bar,0.1,12.0,0.3,0.00655817985534668,22.92395329475403,4,100004,200004,1333647735,sfo,179200,179200,22400,"[22400, 22400, 22400, 22400, 22400, 22400, 22400, 22400]",65536,350,350,0.7267410159111023,0.007779387291520834,,,,,,,,
NOG-FO,NOG,396,396,33.0,8,y_bar,0.1,12.0,0.3,0.007981504313647747,26.039899110794067,4,100004,200004,1333647735,sfo,203776,203776,25472,"[25472, 25472, 25472, 25472, 25472, 25472, 25472, 25472]",73728,398,398,0.7266632318496704,0.007353761699050665,,,,,,,,
NOG-FO,NOG,444,444,37.0,8,y_bar,0.1,12.0,0.3,0.007211701013147831,29.073915719985962,4,100004,200004,1333647735,sfo,228352,228352,28544,"[28544, 28544, 28544, 28544, 28544, 28544, 28544, 28544]",81920,446,446,0.726521909236908,0.006870641838759184,,,,,,,,
NOG-FO,NOG,492,492,41.0,8,y_bar,0.1,12.0,0.3,0.00779824610799551,32.191516160964966,4,100004,200004,1333647735,sfo,252928,252928,31616,"[31616, 31616, 31616, 31616, 31616, 31616, 31616, 31616]",90112,494,494,0.7264024615287781,0.007244385778903961,,,,,,,,
NOG-FO,NOG,540,540,45.0,8,y_bar,0.1,12.0,0.3,0.008753988891839981,35.38877725601196,4,100004,200004,1333647735,sfo,277504,277504,34688,"[34688, 34688, 34688, 34688, 34688, 34688, 34688, 34688]",98304,542,542,0.7262593507766724,0.007631516549736261,,,,,,,,
NOG-FO,NOG,588,588,49.0,8,y_bar,0.1,12.0,0.3,0.008281785994768143,38.53768491744995,4,100004,200004,1333647735,sfo,302080,302080,37760,"[37760, 37760, 37760, 37760, 37760, 37760, 37760, 37760]",106496,590,590,0.7260985374450684,0.008014795370399952,,,,,,,,
NOG-FO,NOG,636,636,53.0,8,y_bar,0.1,12.0,0.3,0.008000535890460014,41.63793659210205,4,100004,200004,1333647735,sfo,326656,326656,40832,"[40832, 40832, 40832, 40832, 40832, 40832, 40832, 40832]",114688,638,638,0.725972592830658,0.006533578969538212,,,,,,,,
NOG-FO,NOG,684,684,57.0,8,y_bar,0.1,12.0,0.3,0.007981894537806511,44.834152698516846,4,100004,200004,1333647735,sfo,351232,351232,43904,"[43904, 43904, 43904, 43904, 43904, 43904, 43904, 43904]",122880,686,686,0.7258267402648926,0.007175394333899021,,,,,,,,
NOG-FO,NOG,732,732,61.0,8,y_bar,0.1,12.0,0.3,0.006477866321802139,48.2504026889801,4,100004,200004,1333647735,sfo,375808,375808,46976,"[46976, 46976, 46976, 46976, 46976, 46976, 46976, 46976]",131072,734,734,0.7257237434387207,0.007827051915228367,,,,,,,,
NOG-FO,NOG,780,780,65.0,8,y_bar,0.1,12.0,0.3,0.008267507888376713,51.30254626274109,4,100004,200004,1333647735,sfo,400384,400384,50048,"[50048, 50048, 50048, 50048, 50048, 50048, 50048, 50048]",139264,782,782,0.7256256937980652,0.00722438283264637,,,,,,,,
NOG-FO,NOG,828,828,69.0,8,y_bar,0.1,12.0,0.3,0.007826898247003555,54.37880563735962,4,100004,200004,1333647735,sfo,424960,424960,53120,"[53120, 53120, 53120, 53120, 53120, 53120, 53120, 53120]",147456,830,830,0.725551962852478,0.0065033952705562115,,,,,,,,
NOG-FO,NOG,876,876,73.0,8,y_bar,0.1,12.0,0.3,0.0076970309019088745,57.33894872665405,4,100004,200004,1333647735,sfo,449536,449536,56192,"[56192, 56192, 56192, 56192, 56192, 56192, 56192, 56192]",155648,878,878,0.7254292368888855,0.007419615983963013,,,,,,,,
NOG-FO,NOG,924,924,77.0,8,y_bar,0.1,12.0,0.3,0.009142503142356873,60.55005121231079,4,100004,200004,1333647735,sfo,474112,474112,59264,"[59264, 59264, 59264, 59264, 59264, 59264, 59264, 59264]",163840,926,926,0.7253061532974243,0.007660601753741503,,,,,,,,
NOG-FO,NOG,960,960,80.0,8,y_bar,0.1,12.0,0.3,0.00849831011146307,63.019548654556274,4,100004,200004,1333647735,sfo,492544,492544,61568,"[61568, 61568, 61568, 61568, 61568, 61568, 61568, 61568]",172032,962,962,0.7252592444419861,0.007400864735245705,,,,,,,,
ME-DOL-FO,ME-DOL,12,12,,8,epoch_w_bar,0.1,,0.000637887953849786,,0.18334364891052246,4,100004,200004,643728399,sfo,96,96,12,"[12, 12, 12, 12, 12, 12, 12, 12]",8192,12,12,0.7274344563484192,0.011051568202674389,12.0,0.002209708691207961,3.0,,,,,
ME-DOL-FO,ME-DOL,60,60,,8,epoch_w_bar,0.1,,0.000637887953849786,,0.6947102546691895,4,100004,200004,643728399,sfo,480,480,60,"[60, 60, 60, 60, 60, 60, 60, 60]",16384,60,60,0.7274642586708069,0.011296956799924374,12.0,0.002209708691207961,3.0,,,,,
ME-DOL-FO,ME-DOL,108,108,,8,epoch_w_bar,0.1,,0.000637887953849786,,1.2293510437011719,4,100004,200004,643728399,sfo,864,864,108,"[108, 108, 108, 108, 108, 108, 108, 108]",24576,108,108,0.7274689078330994,0.010714144445955753,12.0,0.002209708691207961,3.0,,,,,
ME-DOL-FO,ME-DOL,156,156,,8,epoch_w_bar,0.1,,0.000637887953849786,,1.750385046005249,4,100004,200004,643728399,sfo,1248,1248,156,"[156, 156, 156, 156, 156, 156, 156, 156]",32768,156,156,0.7274721264839172,0.010210038162767887,12.0,0.002209708691207961,3.0,,,,,
ME-DOL-FO,ME-DOL,204,204,,8,epoch_w_bar,0.1,,0.000637887953849786,,2.28761625289917,4,100004,200004,643728399,sfo,1632,1632,204,"[204, 204, 204, 204, 204, 204, 204, 204]",40960,204,204,0.7274686694145203,0.010828136466443539,12.0,0.002209708691207961,3.0,,,,,
ME-DOL-FO,ME-DOL,252,252,,8,epoch_w_bar,0.1,,0.000637887953849786,,2.772629976272583,4,100004,200004,643728399,sfo,2016,2016,252,"[252, 252, 252, 252, 252, 252, 252, 252]",49152,252,252,0.7274834513664246,0.010821206495165825,12.0,0.002209708691207961,3.0,,,,,
ME-DOL-FO,ME-DOL,300,300,,8,epoch_w_bar,0.1,,0.000637887953849786,,3.2823221683502197,4,100004,200004,643728399,sfo,2400,2400,300,"[300, 300, 300, 300, 300, 300, 300, 300]",57344,300,300,0.7274855375289917,0.009938305243849754,12.0,0.002209708691207961,3.0,,,,,
ME-DOL-FO,ME-DOL,348,348,,8,epoch_w_bar,0.1,,0.000637887953849786,,3.7861216068267822,4,100004,200004,643728399,sfo,2784,2784,348,"[348, 348, 348, 348, 348, 348, 348, 348]",65536,348,348,0.7274905443191528,0.010576017200946808,12.0,0.002209708691207961,3.0,,,,,
ME-DOL-FO,ME-DOL,396,396,,8,epoch_w_bar,0.1,,0.000637887953849786,,4.2934019565582275,4,100004,200004,643728399,sfo,3168,3168,396,"[396, 396, 396, 396, 396, 396, 396, 396]",73728,396,396,0.7275044322013855,0.009977906942367554,12.0,0.002209708691207961,3.0,,,,,
ME-DOL-FO,ME-DOL,444,444,,8,epoch_w_bar,0.1,,0.000637887953849786,,4.786523818969727,4,100004,200004,643728399,sfo,3552,3552,444,"[444, 444, 444, 444, 444, 444, 444, 444]",81920,444,444,0.7274995446205139,0.010049901902675629,12.0,0.002209708691207961,3.0,,,,,
ME-DOL-FO,ME-DOL,492,492,,8,epoch_w_bar,0.1,,0.000637887953849786,,5.2923829555511475,4,100004,200004,643728399,sfo,3936,3936,492,"[492, 492, 492, 492, 492, 492, 492, 492]",90112,492,492,0.7275000214576721,0.01045733317732811,12.0,0.002209708691207961,3.0,,,,,
ME-DOL-FO,ME-DOL,540,540,,8,epoch_w_bar,0.1,,0.000637887953849786,,5.738305568695068,4,100004,200004,643728399,sfo,4320,4320,540,"[540, 540, 540, 540, 540, 540, 540, 540]",98304,540,540,0.7274976372718811,0.010194533504545689,12.0,0.002209708691207961,3.0,,,,,
ME-DOL-FO,ME-DOL,588,588,,8,epoch_w_bar,0.1,,0.000637887953849786,,6.239047050476074,4,100004,200004,643728399,sfo,4704,4704,588,"[588, 588, 588, 588, 588, 588, 588, 588]",106496,588,588,0.7275009751319885,0.010701172985136509,12.0,0.002209708691207961,3.0,,,,,
ME-DOL-FO,ME-DOL,636,636,,8,epoch_w_bar,0.1,,0.000637887953849786,,6.742784738540649,4,100004,200004,643728399,sfo,5088,5088,636,"[636, 636, 636, 636, 636, 636, 636, 636]",114688,636,636,0.7274948358535767,0.009421559982001781,12.0,0.002209708691207961,3.0,,,,,
ME-DOL-FO,ME-DOL,684,684,,8,epoch_w_bar,0.1,,0.000637887953849786,,7.277555227279663,4,100004,200004,643728399,sfo,5472,5472,684,"[684, 684, 684, 684, 684, 684, 684, 684]",122880,684,684,0.7274957299232483,0.00953629333525896,12.0,0.002209708691207961,3.0,,,,,
ME-DOL-FO,ME-DOL,732,732,,8,epoch_w_bar,0.1,,0.000637887953849786,,7.803381681442261,4,100004,200004,643728399,sfo,5856,5856,732,"[732, 732, 732, 732, 732, 732, 732, 732]",131072,732,732,0.7274887561798096,0.010381273925304413,12.0,0.002209708691207961,3.0,,,,,
ME-DOL-FO,ME-DOL,780,780,,8,epoch_w_bar,0.1,,0.000637887953849786,,8.329564332962036,4,100004,200004,643728399,sfo,6240,6240,780,"[780, 780, 780, 780, 780, 780, 780, 780]",139264,780,780,0.7274835109710693,0.009294365532696247,12.0,0.002209708691207961,3.0,,,,,
ME-DOL-FO,ME-DOL,828,828,,8,epoch_w_bar,0.1,,0.000637887953849786,,8.83102035522461,4,100004,200004,643728399,sfo,6624,6624,828,"[828, 828, 828, 828, 828, 828, 828, 828]",147456,828,828,0.7274811267852783,0.00901076477020979,12.0,0.002209708691207961,3.0,,,,,
ME-DOL-FO,ME-DOL,876,876,,8,epoch_w_bar,0.1,,0.000637887953849786,,9.355778932571411,4,100004,200004,643728399,sfo,7008,7008,876,"[876, 876, 876, 876, 876, 876, 876, 876]",155648,876,876,0.7274868488311768,0.009772765450179577,12.0,0.002209708691207961,3.0,,,,,
ME-DOL-FO,ME-DOL,924,924,,8,epoch_w_bar,0.1,,0.000637887953849786,,9.858686685562134,4,100004,200004,643728399,sfo,7392,7392,924,"[924, 924, 924, 924, 924, 924, 924, 924]",163840,924,924,0.7274860739707947,0.009676648303866386,12.0,0.002209708691207961,3.0,,,,,
ME-DOL-FO,ME-DOL,960,960,,8,epoch_w_bar,0.1,,0.000637887953849786,,10.268938302993774,4,100004,200004,643728399,sfo,7680,7680,960,"[960, 960, 960, 960, 960, 960, 960, 960]",172032,960,960,0.7274848818778992,0.009617500007152557,12.0,0.002209708691207961,3.0,,,,,
NOG-ZO,NOG,12,12,1.0,1,y_bar,0.1,12.0,0.3,0.08099998533725739,0.11871695518493652,4,100004,200004,580675833,szo,14336,14336,14336,[14336],8192,14,14,0.7274954319000244,0.011052863672375679,,,,,,,,
NOG-ZO,NOG,60,60,5.0,1,y_bar,0.1,12.0,0.3,0.06323029845952988,0.403888463973999,4,100004,200004,580675833,szo,63488,63488,63488,[63488],16384,62,62,0.7276193499565125,0.011112088337540627,,,,,,,,
NOG-ZO,NOG,108,108,9.0,1,y_bar,0.1,12.0,0.3,0.07095179706811905,0.68099045753479,4,100004,200004,580675833,szo,112640,112640,112640,[112640],24576,110,110,0.7276725769042969,0.010905920527875423,,,,,,,,
NOG-ZO,NOG,156,156,13.0,1,y_bar,0.1,12.0,0.3,0.07207697629928589,0.962956428527832,4,100004,200004,580675833,szo,161792,161792,161792,[161792],32768,158,158,0.7276846170425415,0.01092459075152874,,,,,,,,
NOG-ZO,NOG,204,204,17.0,1,y_bar,0.1,12.0,0.3,0.08030685037374496,1.23884916305542,4,100004,200004,580675833,szo,210944,210944,210944,[210944],40960,206,206,0.7276855111122131,0.010766132734715939,,,,,,,,
NOG-ZO,NOG,252,252,21.0,1,y_bar,0.1,12.0,0.3,0.06381760537624359,1.5226209163665771,4,100004,200004,580675833,szo,260096,260096,260096,[260096],49152,254,254,0.7276657223701477,0.010592509992420673,,,,,,,,
NOG-ZO,NOG,300,300,25.0,1,y_bar,0.1,12.0,0.3,0.07847856730222702,1.8007071018218994,4,100004,200004,580675833,szo,309248,309248,309248,[309248],57344,302,302,0.7276824116706848,0.009734215214848518,,,,,,,,
NOG-ZO,NOG,348,348,29.0,1,y_bar,0.1,12.0,0.3,0.07991651445627213,2.0860159397125244,4,100004,200004,580675833,szo,358400,358400,358400,[358400],65536,350,350,0.7276716232299805,0.010541487485170364,,,,,,,,
NOG-ZO,NOG,396,396,33.0,1,y_bar,0.1,12.0,0.3,0.06534972786903381,2.3753068447113037,4,100004,200004,580675833,szo,407552,407552,407552,[407552],73728,398,398,0.7276394963264465,0.009266878478229046,,,,,,,,
NOG-ZO,NOG,444,444,37.0,1,y_bar,0.1,12.0,0.3,0.07322818785905838,2.6573309898376465,4,100004,200004,580675833,szo,456704,456704,456704,[456704],81920,446,446,0.7276556491851807,0.009273453615605831,,,,,,,,
NOG-ZO,NOG,492,492,41.0,1,y_bar,0.1,12.0,0.3,0.07741259038448334,2.935918092727661,4,100004,200004,580675833,szo,505856,505856,505856,[505856],90112,494,494,0.727649986743927,0.010022774338722229,,,,,,,,
NOG-ZO,NOG,540,540,45.0,1,y_bar,0.1,12.0,0.3,0.07120930403470993,3.2106196880340576,4,100004,200004,580675833,szo,555008,555008,555008,[555008],98304,542,542,0.72765052318573,0.00983786303550005,,,,,,,,
NOG-ZO,NOG,588,588,49.0,1,y_bar,0.1,12.0,0.3,0.07621176540851593,3.489286184310913,4,100004,200004,580675833,szo,604160,604160,604160,[604160],106496,590,590,0.7276251316070557,0.01028446201235056,,,,,,,,
NOG-ZO,NOG,636,636,53.0,1,y_bar,0.1,12.0,0.3,0.0637778490781784,3.7669010162353516,4,100004,200004,580675833,szo,653312,653312,653312,[653312],114688,638,638,0.7276539206504822,0.009210341610014439,,,,,,,,
NOG-ZO,NOG,684,684,57.0,1,y_bar,0.1,12.0,0.3,0.07380468398332596,4.046850204467773,4,100004,200004,580675833,szo,702464,702464,702464,[702464],122880,686,686,0.7276317477226257,0.009379244409501553,,,,,,,,
NOG-ZO,NOG,732,732,61.0,1,y_bar,0.1,12.0,0.3,0.09246393293142319,4.336548566818237,4,100004,200004,580675833,szo,751616,751616,751616,[751616],131072,734,734,0.7276419401168823,0.009629283100366592,,,,,,,,
NOG-ZO,NOG,780,780,65.0,1,y_bar,0.1,12.0,0.3,0.0826248973608017,4.6184470653533936,4,100004,200004,580675833,szo,800768,800768,800768,[800768],139264,782,782,0.7276232838630676,0.00819426029920578,,,,,,,,
NOG-ZO,NOG,828,828,69.0,1,y_bar,0.1,12.0,0.3,0.06438048183917999,4.90025520324707,4,100004,200004,580675833,szo,849920,849920,849920,[849920],147456,830,830,0.7276514172554016,0.008095639757812023,,,,,,,,
NOG-ZO,NOG,876,876,73.0,1,y_bar,0.1,12.0,0.3,0.06654449552297592,5.170521020889282,4,100004,200004,580675833,szo,899072,899072,899072,[899072],155648,878,878,0.727636456489563,0.008817986585199833,,,,,,,,
NOG-ZO,NOG,924,924,77.0,1,y_bar,0.1,12.0,0.3,0.07145869731903076,5.452724456787109,4,100004,200004,580675833,szo,948224,948224,948224,[948224],163840,926,926,0.7276437282562256,0.00834084302186966,,,,,,,,
NOG-ZO,NOG,960,960,80.0,1,y_bar,0.1,12.0,0.3,0.07652192562818527,5.679553508758545,4,100004,200004,580675833,szo,985088,985088,985088,[985088],172032,962,962,0.7276483774185181,0.00880361907184124,,,,,,,,
NOG-ZO,NOG,12,12,1.0,2,y_bar,0.1,12.0,0.3,0.07465521991252899,0.16863179206848145,4,100004,200004,2095656556,szo,14336,14336,7168,"[7168, 7168]",8192,14,14,0.7275159358978271,0.011131826788187027,,,,,,,,
NOG-ZO,NOG,60,60,5.0,2,y_bar,0.1,12.0,0.3,0.0854480192065239,0.6556344032287598,4,100004,200004,2095656556,szo,63488,63488,31744,"[31744, 31744]",16384,62,62,0.7276156544685364,0.011379735544323921,,,,,,,,
NOG-ZO,NOG,108,108,9.0,2,y_bar,0.1,12.0,0.3,0.0814555361866951,1.134383201599121,4,100004,200004,2095656556,szo,112640,112640,56320,"[56320, 56320]",24576,110,110,0.7276778817176819,0.010765466839075089,,,,,,,,
NOG-ZO,NOG,156,156,13.0,2,y_bar,0.1,12.0,0.3,0.07467688620090485,1.6184768676757812,4,100004,200004,2095656556,szo,161792,161792,80896,"[80896, 80896]",32768,158,158,0.7276611328125,0.010363461449742317,,,,,,,,
NOG-ZO,NOG,204,204,17.0,2,y_bar,0.1,12.0,0.3,0.07314866781234741,2.102654218673706,4,100004,200004,2095656556,szo,210944,210944,105472,"[105472, 105472]",40960,206,206,0.7277121543884277,0.011446258053183556,,,,,,,,
NOG-ZO,NOG,252,252,21.0,2,y_bar,0.1,12.0,0.3,0.07672793418169022,2.589824676513672,4,100004,200004,2095656556,szo,260096,260096,130048,"[130048, 130048]",49152,254,254,0.7277235388755798,0.010525265708565712,,,,,,,,
NOG-ZO,NOG,300,300,25.0,2,y_bar,0.1,12.0,0.3,0.0730462446808815,3.0708160400390625,4,100004,200004,2095656556,szo,309248,309248,154624,"[154624, 154624]",57344,302,302,0.7277156710624695,0.009921418502926826,,,,,,,,
NOG-ZO,NOG,348,348,29.0,2,y_bar,0.1,12.0,0.3,0.07411379367113113,3.556466817855835,4,100004,200004,2095656556,szo,358400,358400,179200,"[179200, 179200]",65536,350,350,0.7277017831802368,0.010208218358457088,,,,,,,,
NOG-ZO,NOG,396,396,33.0,2,y_bar,0.1,12.0,0.3,0.08519626408815384,4.041132211685181,4,100004,200004,2095656556,szo,407552,407552,203776,"[203776, 203776]",73728,398,398,0.7276842594146729,0.009629558771848679,,,,,,,,
NOG-ZO,NOG,444,444,37.0,2,y_bar,0.1,12.0,0.3,0.08130812644958496,4.539752960205078,4,100004,200004,2095656556,szo,456704,456704,228352,"[228352, 228352]",81920,446,446,0.7276816368103027,0.009287260472774506,,,,,,,,
NOG-ZO,NOG,492,492,41.0,2,y_bar,0.1,12.0,0.3,0.079424649477005,5.03803014755249,4,100004,200004,2095656556,szo,505856,505856,252928,"[252928, 252928]",90112,494,494,0.7276660203933716,0.009449410252273083,,,,,,,,
NOG-ZO,NOG,540,540,45.0,2,y_bar,0.1,12.0,0.3,0.07714394479990005,5.539735555648804,4,100004,200004,2095656556,szo,555008,555008,277504,"[277504, 277504]",98304,542,542,0.7276740074157715,0.009181017056107521,,,,,,,,
NOG-ZO,NOG,588,588,49.0,2,y_bar,0.1,12.0,0.3,0.07926204055547714,6.017592191696167,4,100004,200004,2095656556,szo,604160,604160,302080,"[302080, 302080]",106496,590,590,0.7276507019996643,0.009554240852594376,,,,,,,,
NOG-ZO,NOG,636,636,53.0,2,y_bar,0.1,12.0,0.3,0.0865992084145546,6.495519161224365,4,100004,200004,2095656556,szo,653312,653312,326656,"[326656, 326656]",114688,638,638,0.7276173233985901,0.008417468518018723,,,,,,,,
NOG-ZO,NOG,684,684,57.0,2,y_bar,0.1,12.0,0.3,0.07397910952568054,6.986513614654541,4,100004,200004,2095656556,szo,702464,702464,351232,"[351232, 351232]",122880,686,686,0.7276584506034851,0.009257998317480087,,,,,,,,
NOG-ZO,NOG,732,732,61.0,2,y_bar,0.1,12.0,0.3,0.08338688313961029,7.495962381362915,4,100004,200004,2095656556,szo,751616,751616,375808,"[375808, 375808]",131072,734,734,0.7276667356491089,0.009963568300008774,,,,,,,,
NOG-ZO,NOG,780,780,65.0,2,y_bar,0.1,12.0,0.3,0.06678692996501923,7.99982213973999,4,100004,200004,2095656556,szo,800768,800768,400384,"[400384, 400384]",139264,782,782,0.7276634573936462,0.008715487085282803,,,,,,,,
NOG-ZO,NOG,828,828,69.0,2,y_bar,0.1,12.0,0.3,0.07111820578575134,8.516677618026733,4,100004,200004,2095656556,szo,849920,849920,424960,"[424960, 424960]",147456,830,830,0.7276209592819214,0.008526685647666454,,,,,,,,
NOG-ZO,NOG,876,876,73.0,2,y_bar,0.1,12.0,0.3,0.07931825518608093,9.010130882263184,4,100004,200004,2095656556,szo,899072,899072,449536,"[449536, 449536]",155648,878,878,0.7276071906089783,0.008551320061087608,,,,,,,,
NOG-ZO,NOG,924,924,77.0,2,y_bar,0.1,12.0,0.3,0.07486867904663086,9.517454147338867,4,100004,200004,2095656556,szo,948224,948224,474112,"[474112, 474112]",163840,926,926,0.7276096940040588,0.008790592662990093,,,,,,,,
NOG-ZO,NOG,960,960,80.0,2,y_bar,0.1,12.0,0.3,0.07013076543807983,9.919411420822144,4,100004,200004,2095656556,szo,985088,985088,492544,"[492544, 492544]",172032,962,962,0.7275957465171814,0.009064569137990475,,,,,,,,
NOG-ZO,NOG,12,12,1.0,4,y_bar,0.1,12.0,0.3,0.08203957229852676,0.26952528953552246,4,100004,200004,402500822,szo,14336,14336,3584,"[3584, 3584, 3584, 3584]",8192,14,14,0.727498471736908,0.011011006310582161,,,,,,,,
NOG-ZO,NOG,60,60,5.0,4,y_bar,0.1,12.0,0.3,0.06801170855760574,1.1752307415008545,4,100004,200004,402500822,szo,63488,63488,15872,"[15872, 15872, 15872, 15872]",16384,62,62,0.7276025414466858,0.011109177954494953,,,,,,,,
NOG-ZO,NOG,108,108,9.0,4,y_bar,0.1,12.0,0.3,0.07196949422359467,2.0888102054595947,4,100004,200004,402500822,szo,112640,112640,28160,"[28160, 28160, 28160, 28160]",24576,110,110,0.7276596426963806,0.010636448860168457,,,,,,,,
NOG-ZO,NOG,156,156,13.0,4,y_bar,0.1,12.0,0.3,0.07095939666032791,2.9811172485351562,4,100004,200004,402500822,szo,161792,161792,40448,"[40448, 40448, 40448, 40448]",32768,158,158,0.727669358253479,0.010462594218552113,,,,,,,,
NOG-ZO,NOG,204,204,17.0,4,y_bar,0.1,12.0,0.3,0.07140962034463882,3.8715081214904785,4,100004,200004,402500822,szo,210944,210944,52736,"[52736, 52736, 52736, 52736]",40960,206,206,0.7276462316513062,0.010404858738183975,,,,,,,,
NOG-ZO,NOG,252,252,21.0,4,y_bar,0.1,12.0,0.3,0.07615852355957031,4.746984004974365,4,100004,200004,402500822,szo,260096,260096,65024,"[65024, 65024, 65024, 65024]",49152,254,254,0.7276962995529175,0.010701846331357956,,,,,,,,
NOG-ZO,NOG,300,300,25.0,4,y_bar,0.1,12.0,0.3,0.07934080809354782,5.646099090576172,4,100004,200004,402500822,szo,309248,309248,77312,"[77312, 77312, 77312, 77312]",57344,302,302,0.7276891469955444,0.00985600147396326,,,,,,,,
NOG-ZO,NOG,348,348,29.0,4,y_bar,0.1,12.0,0.3,0.07305999100208282,6.539003849029541,4,100004,200004,402500822,szo,358400,358400,89600,"[89600, 89600, 89600, 89600]",65536,350,350,0.7276918292045593,0.010392808355391026,,,,,,,,
NOG-ZO,NOG,396,396,33.0,4,y_bar,0.1,12.0,0.3,0.07129383087158203,7.428652048110962,4,100004,200004,402500822,szo,407552,407552,101888,"[101888, 101888, 101888, 101888]",73728,398,398,0.7276857495307922,0.00963104423135519,,,,,,,,
NOG-ZO,NOG,444,444,37.0,4,y_bar,0.1,12.0,0.3,0.06572922319173813,8.334534406661987,4,100004,200004,402500822,szo,456704,456704,114176,"[114176, 114176, 114176, 114176]",81920,446,446,0.7277110815048218,0.009637665934860706,,,,,,,,
NOG-ZO,NOG,492,492,41.0,4,y_bar,0.1,12.0,0.3,0.07126932591199875,9.23190975189209,4,100004,200004,402500822,szo,505856,505856,126464,"[126464, 126464, 126464, 126464]",90112,494,494,0.7276961207389832,0.009624836035072803,,,,,,,,
NOG-ZO,NOG,540,540,45.0,4,y_bar,0.1,12.0,0.3,0.0778517872095108,10.131917238235474,4,100004,200004,402500822,szo,555008,555008,138752,"[138752, 138752, 138752, 138752]",98304,542,542,0.7276968955993652,0.009032961912453175,,,,,,,,
NOG-ZO,NOG,588,588,49.0,4,y_bar,0.1,12.0,0.3,0.08541911840438843,11.02563762664795,4,100004,200004,402500822,szo,604160,604160,151040,"[151040, 151040, 151040, 151040]",106496,590,590,0.7276739478111267,0.009958622045814991,,,,,,,,
NOG-ZO,NOG,636,636,53.0,4,y_bar,0.1,12.0,0.3,0.06741441786289215,11.91926908493042,4,100004,200004,402500822,szo,653312,653312,163328,"[163328, 163328, 163328, 163328]",114688,638,638,0.7276604175567627,0.008349001407623291,,,,,,,,
NOG-ZO,NOG,684,684,57.0,4,y_bar,0.1,12.0,0.3,0.07421773672103882,12.802624225616455,4,100004,200004,402500822,szo,702464,702464,175616,"[175616, 175616, 175616, 175616]",122880,686,686,0.7276607751846313,0.00893491879105568,,,,,,,,
NOG-ZO,NOG,732,732,61.0,4,y_bar,0.1,12.0,0.3,0.07416566461324692,13.702744245529175,4,100004,200004,402500822,szo,751616,751616,187904,"[187904, 187904, 187904, 187904]",131072,734,734,0.7276555299758911,0.009717445820569992,,,,,,,,
NOG-ZO,NOG,780,780,65.0,4,y_bar,0.1,12.0,0.3,0.07996957749128342,14.606487512588501,4,100004,200004,402500822,szo,800768,800768,200192,"[200192, 200192, 200192, 200192]",139264,782,782,0.7276521325111389,0.008402431383728981,,,,,,,,
NOG-ZO,NOG,828,828,69.0,4,y_bar,0.1,12.0,0.3,0.06713800877332687,15.491638660430908,4,100004,200004,402500822,szo,849920,849920,212480,"[212480, 212480, 212480, 212480]",147456,830,830,0.7276492714881897,0.008147232234477997,,,,,,,,
NOG-ZO,NOG,876,876,73.0,4,y_bar,0.1,12.0,0.3,0.06534536182880402,16.380643844604492,4,100004,200004,402500822,szo,899072,899072,224768,"[224768, 224768, 224768, 224768]",155648,878,878,0.7276772260665894,0.00912015326321125,,,,,,,,
NOG-ZO,NOG,924,924,77.0,4,y_bar,0.1,12.0,0.3,0.06711088120937347,17.25774621963501,4,100004,200004,402500822,szo,948224,948224,237056,"[237056, 237056, 237056, 237056]",163840,926,926,0.727649450302124,0.008497469127178192,,,,,,,,
NOG-ZO,NOG,960,960,80.0,4,y_bar,0.1,12.0,0.3,0.07670082151889801,17.937008142471313,4,100004,200004,402500822,szo,985088,985088,246272,"[246272, 246272, 246272, 246272]",172032,962,962,0.7276393175125122,0.009087800979614258,,,,,,,,
NOG-ZO,NOG,12,12,1.0,8,y_bar,0.1,12.0,0.3,0.07234767079353333,0.4732186794281006,4,100004,200004,1021134146,szo,14336,14336,1792,"[1792, 1792, 1792, 1792, 1792, 1792, 1792, 1792]",8192,14,14,0.7275086045265198,0.011082222685217857,,,,,,,,
NOG-ZO,NOG,60,60,5.0,8,y_bar,0.1,12.0,0.3,0.07455983012914658,2.1647720336914062,4,100004,200004,1021134146,szo,63488,63488,7936,"[7936, 7936, 7936, 7936, 7936, 7936, 7936, 7936]",16384,62,62,0.7276343107223511,0.01149031613022089,,,,,,,,
NOG-ZO,NOG,108,108,9.0,8,y_bar,0.1,12.0,0.3,0.07752223312854767,3.846450090408325,4,100004,200004,1021134146,szo,112640,112640,14080,"[14080, 14080, 14080, 14080, 14080, 14080, 14080, 14080]",24576,110,110,0.7277165651321411,0.010858729481697083,,,,,,,,
NOG-ZO,NOG,156,156,13.0,8,y_bar,0.1,12.0,0.3,0.06571640074253082,5.552977561950684,4,100004,200004,1021134146,szo,161792,161792,20224,"[20224, 20224, 20224, 20224, 20224, 20224, 20224, 20224]",32768,158,158,0.727733314037323,0.011050493456423283,,,,,,,,
NOG-ZO,NOG,204,204,17.0,8,y_bar,0.1,12.0,0.3,0.07508710771799088,7.2705397605896,4,100004,200004,1021134146,szo,210944,210944,26368,"[26368, 26368, 26368, 26368, 26368, 26368, 26368, 26368]",40960,206,206,0.7277471423149109,0.011087702587246895,,,,,,,,
NOG-ZO,NOG,252,252,21.0,8,y_bar,0.1,12.0,0.3,0.07574104517698288,8.989214420318604,4,100004,200004,1021134146,szo,260096,260096,32512,"[32512, 32512, 32512, 32512, 32512, 32512, 32512, 32512]",49152,254,254,0.7277781963348389,0.011091111227869987,,,,,,,,
NOG-ZO,NOG,300,300,25.0,8,y_bar,0.1,12.0,0.3,0.0674867033958435,10.734057903289795,4,100004,200004,1021134146,szo,309248,309248,38656,"[38656, 38656, 38656, 38656, 38656, 38656, 38656, 38656]",57344,302,302,0.7277812361717224,0.010541076771914959,,,,,,,,
NOG-ZO,NOG,348,348,29.0,8,y_bar,0.1,12.0,0.3,0.07756281644105911,12.447357416152954,4,100004,200004,1021134146,szo,358400,358400,44800,"[44800, 44800, 44800, 44800, 44800, 44800, 44800, 44800]",65536,350,350,0.7277642488479614,0.010422145016491413,,,,,,,,
NOG-ZO,NOG,396,396,33.0,8,y_bar,0.1,12.0,0.3,0.08192852139472961,14.157899618148804,4,100004,200004,1021134146,szo,407552,407552,50944,"[50944, 50944, 50944, 50944, 50944, 50944, 50944, 50944]",73728,398,398,0.7277439832687378,0.010044220834970474,,,,,,,,
NOG-ZO,NOG,444,444,37.0,8,y_bar,0.1,12.0,0.3,0.06786590069532394,15.862213373184204,4,100004,200004,1021134146,szo,456704,456704,57088,"[57088, 57088, 57088, 57088, 57088, 57088, 57088, 57088]",81920,446,446,0.7277027368545532,0.009729077108204365,,,,,,,,
NOG-ZO,NOG,492,492,41.0,8,y_bar,0.1,12.0,0.3,0.07778052985668182,17.572882890701294,4,100004,200004,1021134146,szo,505856,505856,63232,"[63232, 63232, 63232, 63232, 63232, 63232, 63232, 63232]",90112,494,494,0.7276795506477356,0.01024052407592535,,,,,,,,
NOG-ZO,NOG,540,540,45.0,8,y_bar,0.1,12.0,0.3,0.08425930887460709,19.267743349075317,4,100004,200004,1021134146,szo,555008,555008,69376,"[69376, 69376, 69376, 69376, 69376, 69376, 69376, 69376]",98304,542,542,0.7276691794395447,0.01000895630568266,,,,,,,,
NOG-ZO,NOG,588,588,49.0,8,y_bar,0.1,12.0,0.3,0.07688432186841965,20.954805850982666,4,100004,200004,1021134146,szo,604160,604160,75520,"[75520, 75520, 75520, 75520, 75520, 75520, 75520, 75520]",106496,590,590,0.7276912331581116,0.009709890000522137,,,,,,,,
NOG-ZO,NOG,636,636,53.0,8,y_bar,0.1,12.0,0.3,0.07557724416255951,22.658185720443726,4,100004,200004,1021134146,szo,653312,653312,81664,"[81664, 81664, 81664, 81664, 81664, 81664, 81664, 81664]",114688,638,638,0.727694571018219,0.009448121301829815,,,,,,,,
NOG-ZO,NOG,684,684,57.0,8,y_bar,0.1,12.0,0.3,0.08489472419023514,24.365697622299194,4,100004,200004,1021134146,szo,702464,702464,87808,"[87808, 87808, 87808, 87808, 87808, 87808, 87808, 87808]",122880,686,686,0.7276797890663147,0.009188991971313953,,,,,,,,
NOG-ZO,NOG,732,732,61.0,8,y_bar,0.1,12.0,0.3,0.07558242976665497,26.078015089035034,4,100004,200004,1021134146,szo,751616,751616,93952,"[93952, 93952, 93952, 93952, 93952, 93952, 93952, 93952]",131072,734,734,0.7276570796966553,0.010029972530901432,,,,,,,,
NOG-ZO,NOG,780,780,65.0,8,y_bar,0.1,12.0,0.3,0.06642995774745941,27.76881980895996,4,100004,200004,1021134146,szo,800768,800768,100096,"[100096, 100096, 100096, 100096, 100096, 100096, 100096, 100096]",139264,782,782,0.7276571989059448,0.008792480453848839,,,,,,,,
NOG-ZO,NOG,828,828,69.0,8,y_bar,0.1,12.0,0.3,0.07560838758945465,29.452171802520752,4,100004,200004,1021134146,szo,849920,849920,106240,"[106240, 106240, 106240, 106240, 106240, 106240, 106240, 106240]",147456,830,830,0.7276223301887512,0.008255929686129093,,,,,,,,
NOG-ZO,NOG,876,876,73.0,8,y_bar,0.1,12.0,0.3,0.07979492843151093,31.136491298675537,4,100004,200004,1021134146,szo,899072,899072,112384,"[112384, 112384, 112384, 112384, 112384, 112384, 112384, 112384]",155648,878,878,0.72761470079422,0.0088867312297225,,,,,,,,
NOG-ZO,NOG,924,924,77.0,8,y_bar,0.1,12.0,0.3,0.07717745006084442,32.81730651855469,4,100004,200004,1021134146,szo,948224,948224,118528,"[118528, 118528, 118528, 118528, 118528, 118528, 118528, 118528]",163840,926,926,0.7275996804237366,0.008901379071176052,,,,,,,,
NOG-ZO,NOG,960,960,80.0,8,y_bar,0.1,12.0,0.3,0.07180008292198181,34.09980583190918,4,100004,200004,1021134146,szo,985088,985088,123136,"[123136, 123136, 123136, 123136, 123136, 123136, 123136, 123136]",172032,962,962,0.7276288270950317,0.009305601008236408,,,,,,,,
ME-DOL-ZO,ME-DOL,12,12,,8,epoch_w_bar,0.1,,0.00021262931794992866,,0.13193106651306152,4,100004,200004,1095070260,szo,192,192,24,"[24, 24, 24, 24, 24, 24, 24, 24]",8192,12,12,0.7274367809295654,0.011033687740564346,12.0,0.000736569563735987,1.0,,,,,
ME-DOL-ZO,ME-DOL,60,60,,8,epoch_w_bar,0.1,,0.00021262931794992866,,0.44973087310791016,4,100004,200004,1095070260,szo,960,960,120,"[120, 120, 120, 120, 120, 120, 120, 120]",16384,60,60,0.7274714708328247,0.011440860107541084,12.0,0.000736569563735987,1.0,,,,,
ME-DOL-ZO,ME-DOL,108,108,,8,epoch_w_bar,0.1,,0.00021262931794992866,,0.7701895236968994,4,100004,200004,1095070260,szo,1728,1728,216,"[216, 216, 216, 216, 216, 216, 216, 216]",24576,108,108,0.7274797558784485,0.010892948135733604,12.0,0.000736569563735987,1.0,,,,,
ME-DOL-ZO,ME-DOL,156,156,,8,epoch_w_bar,0.1,,0.00021262931794992866,,1.0944244861602783,4,100004,200004,1095070260,szo,2496,2496,312,"[312, 312, 312, 312, 312, 312, 312, 312]",32768,156,156,0.7274951338768005,0.01052041258662939,12.0,0.000736569563735987,1.0,,,,,
ME-DOL-ZO,ME-DOL,204,204,,8,epoch_w_bar,0.1,,0.00021262931794992866,,1.4065780639648438,4,100004,200004,1095070260,szo,3264,3264,408,"[408, 408, 408, 408, 408, 408, 408, 408]",40960,204,204,0.7275076508522034,0.011141983792185783,12.0,0.000736569563735987,1.0,,,,,
ME-DOL-ZO,ME-DOL,252,252,,8,epoch_w_bar,0.1,,0.00021262931794992866,,1.7270843982696533,4,100004,200004,1095070260,szo,4032,4032,504,"[504, 504, 504, 504, 504, 504, 504, 504]",49152,252,252,0.7275139689445496,0.011139536276459694,12.0,0.000736569563735987,1.0,,,,,
ME-DOL-ZO,ME-DOL,300,300,,8,epoch_w_bar,0.1,,0.00021262931794992866,,2.042585849761963,4,100004,200004,1095070260,szo,4800,4800,600,"[600, 600, 600, 600, 600, 600, 600, 600]",57344,300,300,0.7275257110595703,0.010294695384800434,12.0,0.000736569563735987,1.0,,,,,
ME-DOL-ZO,ME-DOL,348,348,,8,epoch_w_bar,0.1,,0.00021262931794992866,,2.354973793029785,4,100004,200004,1095070260,szo,5568,5568,696,"[696, 696, 696, 696, 696, 696, 696, 696]",65536,348,348,0.727528989315033,0.011115474626421928,12.0,0.000736569563735987,1.0,,,,,
ME-DOL-ZO,ME-DOL,396,396,,8,epoch_w_bar,0.1,,0.00021262931794992866,,2.6667978763580322,4,100004,200004,1095070260,szo,6336,6336,792,"[792, 792, 792, 792, 792, 792, 792, 792]",73728,396,396,0.7275300025939941,0.010670353658497334,12.0,0.000736569563735987,1.0,,,,,
ME-DOL-ZO,ME-DOL,444,444,,8,epoch_w_bar,0.1,,0.00021262931794992866,,2.9774317741394043,4,100004,200004,1095070260,szo,7104,7104,888,"[888, 888, 888, 888, 888, 888, 888, 888]",81920,444,444,0.727540910243988,0.010841522365808487,12.0,0.000736569563735987,1.0,,,,,
ME-DOL-ZO,ME-DOL,492,492,,8,epoch_w_bar,0.1,,0.00021262931794992866,,3.295457601547241,4,100004,200004,1095070260,szo,7872,7872,984,"[984, 984, 984, 984, 984, 984, 984, 984]",90112,492,492,0.7275460362434387,0.011216038838028908,12.0,0.000736569563735987,1.0,,,,,
ME-DOL-ZO,ME-DOL,540,540,,8,epoch_w_bar,0.1,,0.00021262931794992866,,3.6212685108184814,4,100004,200004,1095070260,szo,8640,8640,1080,"[1080, 1080, 1080, 1080, 1080, 1080, 1080, 1080]",98304,540,540,0.7275328636169434,0.010817688889801502,12.0,0.000736569563735987,1.0,,,,,
ME-DOL-ZO,ME-DOL,588,588,,8,epoch_w_bar,0.1,,0.00021262931794992866,,3.9387025833129883,4,100004,200004,1095070260,szo,9408,9408,1176,"[1176, 1176, 1176, 1176, 1176, 1176, 1176, 1176]",106496,588,588,0.7275396585464478,0.011461767368018627,12.0,0.000736569563735987,1.0,,,,,
ME-DOL-ZO,ME-DOL,636,636,,8,epoch_w_bar,0.1,,0.00021262931794992866,,4.2542564868927,4,100004,200004,1095070260,szo,10176,10176,1272,"[1272, 1272, 1272, 1272, 1272, 1272, 1272, 1272]",114688,636,636,0.7275546193122864,0.010351881384849548,12.0,0.000736569563735987,1.0,,,,,
ME-DOL-ZO,ME-DOL,684,684,,8,epoch_w_bar,0.1,,0.00021262931794992866,,4.580524682998657,4,100004,200004,1095070260,szo,10944,10944,1368,"[1368, 1368, 1368, 1368, 1368, 1368, 1368, 1368]",122880,684,684,0.7275503277778625,0.010336152277886868,12.0,0.000736569563735987,1.0,,,,,
ME-DOL-ZO,ME-DOL,732,732,,8,epoch_w_bar,0.1,,0.00021262931794992866,,4.900383472442627,4,100004,200004,1095070260,szo,11712,11712,1464,"[1464, 1464, 1464, 1464, 1464, 1464, 1464, 1464]",131072,732,732,0.7275521159172058,0.01120663806796074,12.0,0.000736569563735987,1.0,,,,,
ME-DOL-ZO,ME-DOL,780,780,,8,epoch_w_bar,0.1,,0.00021262931794992866,,5.221681356430054,4,100004,200004,1095070260,szo,12480,12480,1560,"[1560, 1560, 1560, 1560, 1560, 1560, 1560, 1560]",139264,780,780,0.7275625467300415,0.010234447196125984,12.0,0.000736569563735987,1.0,,,,,
ME-DOL-ZO,ME-DOL,828,828,,8,epoch_w_bar,0.1,,0.00021262931794992866,,5.538875341415405,4,100004,200004,1095070260,szo,13248,13248,1656,"[1656, 1656, 1656, 1656, 1656, 1656, 1656, 1656]",147456,828,828,0.7275637984275818,0.010153375566005707,12.0,0.000736569563735987,1.0,,,,,
ME-DOL-ZO,ME-DOL,876,876,,8,epoch_w_bar,0.1,,0.00021262931794992866,,5.862186670303345,4,100004,200004,1095070260,szo,14016,14016,1752,"[1752, 1752, 1752, 1752, 1752, 1752, 1752, 1752]",155648,876,876,0.7275744080543518,0.010670849122107029,12.0,0.000736569563735987,1.0,,,,,
ME-DOL-ZO,ME-DOL,924,924,,8,epoch_w_bar,0.1,,0.00021262931794992866,,6.17659330368042,4,100004,200004,1095070260,szo,14784,14784,1848,"[1848, 1848, 1848, 1848, 1848, 1848, 1848, 1848]",163840,924,924,0.727576494216919,0.010783303529024124,12.0,0.000736569563735987,1.0,,,,,
ME-DOL-ZO,ME-DOL,960,960,,8,epoch_w_bar,0.1,,0.00021262931794992866,,6.425404071807861,4,100004,200004,1095070260,szo,15360,15360,1920,"[1920, 1920, 1920, 1920, 1920, 1920, 1920, 1920]",172032,960,960,0.7275807857513428,0.010533995926380157,12.0,0.000736569563735987,1.0,,,,,
DGFM,DGFM,1,1,,8,x_bar,0.1,,0.001,,0.06580519676208496,4,100004,200004,196979118,szo,16,16,2,"[2, 2, 2, 2, 2, 2, 2, 2]",8192,2,2,0.7274388670921326,0.010126912035048008,,,,1.0,,,,
DGFM,DGFM,48,48,,8,x_bar,0.1,,0.001,,0.35810303688049316,4,100004,200004,196979118,szo,768,768,96,"[96, 96, 96, 96, 96, 96, 96, 96]",16384,96,96,0.7275251746177673,0.011289090849459171,,,,1.0,,,,
DGFM,DGFM,96,96,,8,x_bar,0.1,,0.001,,0.643606424331665,4,100004,200004,196979118,szo,1536,1536,192,"[192, 192, 192, 192, 192, 192, 192, 192]",24576,192,192,0.7275612950325012,0.010740081779658794,,,,1.0,,,,
DGFM,DGFM,144,144,,8,x_bar,0.1,,0.001,,0.9357421398162842,4,100004,200004,196979118,szo,2304,2304,288,"[288, 288, 288, 288, 288, 288, 288, 288]",32768,288,288,0.7275910973548889,0.010381678119301796,,,,1.0,,,,
DGFM,DGFM,192,192,,8,x_bar,0.1,,0.001,,1.275409460067749,4,100004,200004,196979118,szo,3072,3072,384,"[384, 384, 384, 384, 384, 384, 384, 384]",40960,384,384,0.7276178002357483,0.00973688717931509,,,,1.0,,,,
DGFM,DGFM,240,240,,8,x_bar,0.1,,0.001,,1.5934462547302246,4,100004,200004,196979118,szo,3840,3840,480,"[480, 480, 480, 480, 480, 480, 480, 480]",49152,480,480,0.7276557683944702,0.00992216169834137,,,,1.0,,,,
DGFM,DGFM,288,288,,8,x_bar,0.1,,0.001,,1.923764944076538,4,100004,200004,196979118,szo,4608,4608,576,"[576, 576, 576, 576, 576, 576, 576, 576]",57344,576,576,0.727709174156189,0.010609094053506851,,,,1.0,,,,
DGFM,DGFM,336,336,,8,x_bar,0.1,,0.001,,2.2520275115966797,4,100004,200004,196979118,szo,5376,5376,672,"[672, 672, 672, 672, 672, 672, 672, 672]",65536,672,672,0.727734386920929,0.011519595980644226,,,,1.0,,,,
DGFM,DGFM,384,384,,8,x_bar,0.1,,0.001,,2.5595571994781494,4,100004,200004,196979118,szo,6144,6144,768,"[768, 768, 768, 768, 768, 768, 768, 768]",73728,768,768,0.7277370095252991,0.011350998654961586,,,,1.0,,,,
DGFM,DGFM,432,432,,8,x_bar,0.1,,0.001,,2.854248046875,4,100004,200004,196979118,szo,6912,6912,864,"[864, 864, 864, 864, 864, 864, 864, 864]",81920,864,864,0.7277434468269348,0.010447023436427116,,,,1.0,,,,
DGFM,DGFM,480,480,,8,x_bar,0.1,,0.001,,3.1962170600891113,4,100004,200004,196979118,szo,7680,7680,960,"[960, 960, 960, 960, 960, 960, 960, 960]",90112,960,960,0.7277259230613708,0.011596235446631908,,,,1.0,,,,
DGFM,DGFM,528,528,,8,x_bar,0.1,,0.001,,3.5037834644317627,4,100004,200004,196979118,szo,8448,8448,1056,"[1056, 1056, 1056, 1056, 1056, 1056, 1056, 1056]",98304,1056,1056,0.7277477979660034,0.011237281374633312,,,,1.0,,,,
DGFM,DGFM,576,576,,8,x_bar,0.1,,0.001,,3.8006463050842285,4,100004,200004,196979118,szo,9216,9216,1152,"[1152, 1152, 1152, 1152, 1152, 1152, 1152, 1152]",106496,1152,1152,0.7277593016624451,0.01080112811177969,,,,1.0,,,,
DGFM,DGFM,624,624,,8,x_bar,0.1,,0.001,,4.11566948890686,4,100004,200004,196979118,szo,9984,9984,1248,"[1248, 1248, 1248, 1248, 1248, 1248, 1248, 1248]",114688,1248,1248,0.7278000712394714,0.011528688482940197,,,,1.0,,,,
DGFM,DGFM,672,672,,8,x_bar,0.1,,0.001,,4.420040130615234,4,100004,200004,196979118,szo,10752,10752,1344,"[1344, 1344, 1344, 1344, 1344, 1344, 1344, 1344]",122880,1344,1344,0.7278177738189697,0.010562046431005001,,,,1.0,,,,
DGFM,DGFM,720,720,,8,x_bar,0.1,,0.001,,4.715208053588867,4,100004,200004,196979118,szo,11520,11520,1440,"[1440, 1440, 1440, 1440, 1440, 1440, 1440, 1440]",131072,1440,1440,0.7277971506118774,0.011520108208060265,,,,1.0,,,,
DGFM,DGFM,768,768,,8,x_bar,0.1,,0.001,,5.020284414291382,4,100004,200004,196979118,szo,12288,12288,1536,"[1536, 1536, 1536, 1536, 1536, 1536, 1536, 1536]",139264,1536,1536,0.7278122305870056,0.01075686700642109,,,,1.0,,,,
DGFM,DGFM,816,816,,8,x_bar,0.1,,0.001,,5.328067779541016,4,100004,200004,196979118,szo,13056,13056,1632,"[1632, 1632, 1632, 1632, 1632, 1632, 1632, 1632]",147456,1632,1632,0.7278238534927368,0.010827695950865746,,,,1.0,,,,
DGFM,DGFM,864,864,,8,x_bar,0.1,,0.001,,5.638427495956421,4,100004,200004,196979118,szo,13824,13824,1728,"[1728, 1728, 1728, 1728, 1728, 1728, 1728, 1728]",155648,1728,1728,0.7278178334236145,0.011467363685369492,,,,1.0,,,,
DGFM,DGFM,912,912,,8,x_bar,0.1,,0.001,,5.944181203842163,4,100004,200004,196979118,szo,14592,14592,1824,"[1824, 1824, 1824, 1824, 1824, 1824, 1824, 1824]",163840,1824,1824,0.7277881503105164,0.011077389121055603,,,,1.0,,,,
DGFM,DGFM,960,960,,8,x_bar,0.1,,0.001,,6.250947713851929,4,100004,200004,196979118,szo,15360,15360,1920,"[1920, 1920, 1920, 1920, 1920, 1920, 1920, 1920]",172032,1920,1920,0.7277777791023254,0.010851617902517319,,,,1.0,,,,
DGFM+,DGFM+,1,1,,8,x_bar,0.1,,0.001,,0.29416537284851074,4,100004,200004,323536455,szo,1024,1024,128,"[128, 128, 128, 128, 128, 128, 128, 128]",8192,2,2,0.7274302840232849,0.010115103796124458,,,,,8.0,64.0,48.0,1.0
DGFM+,DGFM+,48,48,,8,x_bar,0.1,,0.001,,3.0677080154418945,4,100004,200004,323536455,szo,13056,13056,1632,"[1632, 1632, 1632, 1632, 1632, 1632, 1632, 1632]",16384,96,96,0.7275117039680481,0.011311397887766361,,,,,8.0,64.0,48.0,1.0
DGFM+,DGFM+,96,96,,8,x_bar,0.1,,0.001,,5.969889402389526,4,100004,200004,323536455,szo,26112,26112,3264,"[3264, 3264, 3264, 3264, 3264, 3264, 3264, 3264]",24576,192,192,0.7275230884552002,0.01047937199473381,,,,,8.0,64.0,48.0,1.0
DGFM+,DGFM+,144,144,,8,x_bar,0.1,,0.001,,8.845454454421997,4,100004,200004,323536455,szo,39168,39168,4896,"[4896, 4896, 4896, 4896, 4896, 4896, 4896, 4896]",32768,288,288,0.7275632619857788,0.010477044619619846,,,,,8.0,64.0,48.0,1.0
DGFM+,DGFM+,192,192,,8,x_bar,0.1,,0.001,,11.736602783203125,4,100004,200004,323536455,szo,52224,52224,6528,"[6528, 6528, 6528, 6528, 6528, 6528, 6528, 6528]",40960,384,384,0.7275683283805847,0.009662844240665436,,,,,8.0,64.0,48.0,1.0
DGFM+,DGFM+,240,240,,8,x_bar,0.1,,0.001,,14.588127851486206,4,100004,200004,323536455,szo,65280,65280,8160,"[8160, 8160, 8160, 8160, 8160, 8160, 8160, 8160]",49152,480,480,0.7275903820991516,0.00993822980672121,,,,,8.0,64.0,48.0,1.0
DGFM+,DGFM+,288,288,,8,x_bar,0.1,,0.001,,17.506161212921143,4,100004,200004,323536455,szo,78336,78336,9792,"[9792, 9792, 9792, 9792, 9792, 9792, 9792, 9792]",57344,576,576,0.7276033163070679,0.010185298509895802,,,,,8.0,64.0,48.0,1.0
DGFM+,DGFM+,336,336,,8,x_bar,0.1,,0.001,,20.39674472808838,4,100004,200004,323536455,szo,91392,91392,11424,"[11424, 11424, 11424, 11424, 11424, 11424, 11424, 11424]",65536,672,672,0.7276279926300049,0.011178871616721153,,,,,8.0,64.0,48.0,1.0
DGFM+,DGFM+,384,384,,8,x_bar,0.1,,0.001,,23.237754344940186,4,100004,200004,323536455,szo,104448,104448,13056,"[13056, 13056, 13056, 13056, 13056, 13056, 13056, 13056]",73728,768,768,0.7276394963264465,0.011041635647416115,,,,,8.0,64.0,48.0,1.0
DGFM+,DGFM+,432,432,,8,x_bar,0.1,,0.001,,26.151585817337036,4,100004,200004,323536455,szo,117504,117504,14688,"[14688, 14688, 14688, 14688, 14688, 14688, 14688, 14688]",81920,864,864,0.7276679277420044,0.010013784281909466,,,,,8.0,64.0,48.0,1.0
DGFM+,DGFM+,480,480,,8,x_bar,0.1,,0.001,,29.023759603500366,4,100004,200004,323536455,szo,130560,130560,16320,"[16320, 16320, 16320, 16320, 16320, 16320, 16320, 16320]",90112,960,960,0.7276801466941833,0.010618392378091812,,,,,8.0,64.0,48.0,1.0
DGFM+,DGFM+,528,528,,8,x_bar,0.1,,0.001,,31.897831678390503,4,100004,200004,323536455,szo,143616,143616,17952,"[17952, 17952, 17952, 17952, 17952, 17952, 17952, 17952]",98304,1056,1056,0.7276696562767029,0.010886861011385918,,,,,8.0,64.0,48.0,1.0
DGFM+,DGFM+,576,576,,8,x_bar,0.1,,0.001,,34.759888887405396,4,100004,200004,323536455,szo,156672,156672,19584,"[19584, 19584, 19584, 19584, 19584, 19584, 19584, 19584]",106496,1152,1152,0.727695643901825,0.010888778604567051,,,,,8.0,64.0,48.0,1.0
DGFM+,DGFM+,624,624,,8,x_bar,0.1,,0.001,,37.63157939910889,4,100004,200004,323536455,szo,169728,169728,21216,"[21216, 21216, 21216, 21216, 21216, 21216, 21216, 21216]",114688,1248,1248,0.7277156710624695,0.011066158302128315,,,,,8.0,64.0,48.0,1.0
DGFM+,DGFM+,672,672,,8,x_bar,0.1,,0.001,,40.47970008850098,4,100004,200004,323536455,szo,182784,182784,22848,"[22848, 22848, 22848, 22848, 22848, 22848, 22848, 22848]",122880,1344,1344,0.7277320027351379,0.010041640140116215,,,,,8.0,64.0,48.0,1.0
DGFM+,DGFM+,720,720,,8,x_bar,0.1,,0.001,,43.4659423828125,4,100004,200004,323536455,szo,195840,195840,24480,"[24480, 24480, 24480, 24480, 24480, 24480, 24480, 24480]",131072,1440,1440,0.7277505397796631,0.011939268559217453,,,,,8.0,64.0,48.0,1.0
DGFM+,DGFM+,768,768,,8,x_bar,0.1,,0.001,,46.40860319137573,4,100004,200004,323536455,szo,208896,208896,26112,"[26112, 26112, 26112, 26112, 26112, 26112, 26112, 26112]",139264,1536,1536,0.7277847528457642,0.010843535885214806,,,,,8.0,64.0,48.0,1.0
DGFM+,DGFM+,816,816,,8,x_bar,0.1,,0.001,,49.27621340751648,4,100004,200004,323536455,szo,221952,221952,27744,"[27744, 27744, 27744, 27744, 27744, 27744, 27744, 27744]",147456,1632,1632,0.7277610301971436,0.011000597849488258,,,,,8.0,64.0,48.0,1.0
DGFM+,DGFM+,864,864,,8,x_bar,0.1,,0.001,,52.13124465942383,4,100004,200004,323536455,szo,235008,235008,29376,"[29376, 29376, 29376, 29376, 29376, 29376, 29376, 29376]",155648,1728,1728,0.7277745008468628,0.01150595024228096,,,,,8.0,64.0,48.0,1.0
DGFM+,DGFM+,912,912,,8,x_bar,0.1,,0.001,,54.96835446357727,4,100004,200004,323536455,szo,248064,248064,31008,"[31008, 31008, 31008, 31008, 31008, 31008, 31008, 31008]",163840,1824,1824,0.7277584671974182,0.0112523278221488,,,,,8.0,64.0,48.0,1.0
DGFM+,DGFM+,960,960,,8,x_bar,0.1,,0.001,,57.79507756233215,4,100004,200004,323536455,szo,261120,261120,32640,"[32640, 32640, 32640, 32640, 32640, 32640, 32640, 32640]",172032,1920,1920,0.7277730107307434,0.010869507677853107,,,,,8.0,64.0,48.0,1.0
