dimension,method,formal_seed,epsilon,scope,hit,first_hit_depth,first_hit_work,first_hit_stat_proxy,censor_depth,censor_work,capped_depth,capped_work
25,NOG-ZO,0,0.05,primary,True,148.0,151552.0,0.0487342327833175,960.0,983040.0,148.0,151552.0
25,NOG-ZO,0,0.03,primary,True,160.0,163840.0,0.027044316753745,960.0,983040.0,160.0,163840.0
25,NOG-ZO,0,0.02,descriptive,True,168.0,172032.0,0.0157148241996765,960.0,983040.0,168.0,172032.0
25,NOG-ZO,0,0.018,descriptive,True,168.0,172032.0,0.0157148241996765,960.0,983040.0,168.0,172032.0
25,NOG-ZO,0,0.016,descriptive,True,168.0,172032.0,0.0157148241996765,960.0,983040.0,168.0,172032.0
25,NOG-ZO,0,0.015,descriptive,True,172.0,176128.0,0.0130742359906435,960.0,983040.0,172.0,176128.0
25,NOG-ZO,0,0.01,descriptive,False,,,,960.0,983040.0,960.0,983040.0
25,NOG-ZO,1,0.05,primary,True,148.0,151552.0,0.0444225035607814,960.0,983040.0,148.0,151552.0
25,NOG-ZO,1,0.03,primary,True,156.0,159744.0,0.0286541897803545,960.0,983040.0,156.0,159744.0
25,NOG-ZO,1,0.02,descriptive,True,164.0,167936.0,0.015692776069045,960.0,983040.0,164.0,167936.0
25,NOG-ZO,1,0.018,descriptive,True,164.0,167936.0,0.015692776069045,960.0,983040.0,164.0,167936.0
25,NOG-ZO,1,0.016,descriptive,True,164.0,167936.0,0.015692776069045,960.0,983040.0,164.0,167936.0
25,NOG-ZO,1,0.015,descriptive,True,168.0,172032.0,0.0127769345417618,960.0,983040.0,168.0,172032.0
25,NOG-ZO,1,0.01,descriptive,False,,,,960.0,983040.0,960.0,983040.0
25,NOG-ZO,2,0.05,primary,True,148.0,151552.0,0.0455188527703285,960.0,983040.0,148.0,151552.0
25,NOG-ZO,2,0.03,primary,True,160.0,163840.0,0.0232135746628046,960.0,983040.0,160.0,163840.0
25,NOG-ZO,2,0.02,descriptive,True,164.0,167936.0,0.0179509539157152,960.0,983040.0,164.0,167936.0
25,NOG-ZO,2,0.018,descriptive,True,164.0,167936.0,0.0179509539157152,960.0,983040.0,164.0,167936.0
25,NOG-ZO,2,0.016,descriptive,True,168.0,172032.0,0.0132291875779628,960.0,983040.0,168.0,172032.0
25,NOG-ZO,2,0.015,descriptive,True,168.0,172032.0,0.0132291875779628,960.0,983040.0,168.0,172032.0
25,NOG-ZO,2,0.01,descriptive,False,,,,960.0,983040.0,960.0,983040.0
25,NOG-ZO,3,0.05,primary,True,148.0,151552.0,0.0494789108633995,960.0,983040.0,148.0,151552.0
25,NOG-ZO,3,0.03,primary,True,160.0,163840.0,0.0263574905693531,960.0,983040.0,160.0,163840.0
25,NOG-ZO,3,0.02,descriptive,True,164.0,167936.0,0.0190900638699531,960.0,983040.0,164.0,167936.0
25,NOG-ZO,3,0.018,descriptive,True,168.0,172032.0,0.0128198778256773,960.0,983040.0,168.0,172032.0
25,NOG-ZO,3,0.016,descriptive,True,168.0,172032.0,0.0128198778256773,960.0,983040.0,168.0,172032.0
25,NOG-ZO,3,0.015,descriptive,True,168.0,172032.0,0.0128198778256773,960.0,983040.0,168.0,172032.0
25,NOG-ZO,3,0.01,descriptive,False,,,,960.0,983040.0,960.0,983040.0
25,NOG-ZO,4,0.05,primary,True,148.0,151552.0,0.0440025739371776,960.0,983040.0,148.0,151552.0
25,NOG-ZO,4,0.03,primary,True,156.0,159744.0,0.028751878067851,960.0,983040.0,156.0,159744.0
25,NOG-ZO,4,0.02,descriptive,True,164.0,167936.0,0.015004850924015,960.0,983040.0,164.0,167936.0
25,NOG-ZO,4,0.018,descriptive,True,164.0,167936.0,0.015004850924015,960.0,983040.0,164.0,167936.0
25,NOG-ZO,4,0.016,descriptive,True,164.0,167936.0,0.015004850924015,960.0,983040.0,164.0,167936.0
25,NOG-ZO,4,0.015,descriptive,True,168.0,172032.0,0.0115843033418059,960.0,983040.0,168.0,172032.0
25,NOG-ZO,4,0.01,descriptive,False,,,,960.0,983040.0,960.0,983040.0
25,NOG-ZO,5,0.05,primary,True,148.0,151552.0,0.0479740016162395,960.0,983040.0,148.0,151552.0
25,NOG-ZO,5,0.03,primary,True,160.0,163840.0,0.0257840901613235,960.0,983040.0,160.0,163840.0
25,NOG-ZO,5,0.02,descriptive,True,164.0,167936.0,0.0181899946182966,960.0,983040.0,164.0,167936.0
25,NOG-ZO,5,0.018,descriptive,True,168.0,172032.0,0.0121290227398276,960.0,983040.0,168.0,172032.0
25,NOG-ZO,5,0.016,descriptive,True,168.0,172032.0,0.0121290227398276,960.0,983040.0,168.0,172032.0
25,NOG-ZO,5,0.015,descriptive,True,168.0,172032.0,0.0121290227398276,960.0,983040.0,168.0,172032.0
25,NOG-ZO,5,0.01,descriptive,False,,,,960.0,983040.0,960.0,983040.0
25,NOG-ZO,6,0.05,primary,True,148.0,151552.0,0.0460102893412113,960.0,983040.0,148.0,151552.0
25,NOG-ZO,6,0.03,primary,True,160.0,163840.0,0.023762296885252,960.0,983040.0,160.0,163840.0
25,NOG-ZO,6,0.02,descriptive,True,164.0,167936.0,0.0170848034322261,960.0,983040.0,164.0,167936.0
25,NOG-ZO,6,0.018,descriptive,True,164.0,167936.0,0.0170848034322261,960.0,983040.0,164.0,167936.0
25,NOG-ZO,6,0.016,descriptive,True,168.0,172032.0,0.0126390848308801,960.0,983040.0,168.0,172032.0
25,NOG-ZO,6,0.015,descriptive,True,168.0,172032.0,0.0126390848308801,960.0,983040.0,168.0,172032.0
25,NOG-ZO,6,0.01,descriptive,False,,,,960.0,983040.0,960.0,983040.0
25,NOG-ZO,7,0.05,primary,True,148.0,151552.0,0.0472419746220111,960.0,983040.0,148.0,151552.0
25,NOG-ZO,7,0.03,primary,True,160.0,163840.0,0.0253957118839025,960.0,983040.0,160.0,163840.0
25,NOG-ZO,7,0.02,descriptive,True,164.0,167936.0,0.0187797676771879,960.0,983040.0,164.0,167936.0
25,NOG-ZO,7,0.018,descriptive,True,168.0,172032.0,0.0148522518575191,960.0,983040.0,168.0,172032.0
25,NOG-ZO,7,0.016,descriptive,True,168.0,172032.0,0.0148522518575191,960.0,983040.0,168.0,172032.0
25,NOG-ZO,7,0.015,descriptive,True,168.0,172032.0,0.0148522518575191,960.0,983040.0,168.0,172032.0
25,NOG-ZO,7,0.01,descriptive,False,,,,960.0,983040.0,960.0,983040.0
25,NOG-ZO,8,0.05,primary,True,148.0,151552.0,0.0477434359490871,960.0,983040.0,148.0,151552.0
25,NOG-ZO,8,0.03,primary,True,160.0,163840.0,0.0247059799730777,960.0,983040.0,160.0,163840.0
25,NOG-ZO,8,0.02,descriptive,True,164.0,167936.0,0.0179675985127687,960.0,983040.0,164.0,167936.0
25,NOG-ZO,8,0.018,descriptive,True,164.0,167936.0,0.0179675985127687,960.0,983040.0,164.0,167936.0
25,NOG-ZO,8,0.016,descriptive,True,168.0,172032.0,0.0130862165242433,960.0,983040.0,168.0,172032.0
25,NOG-ZO,8,0.015,descriptive,True,168.0,172032.0,0.0130862165242433,960.0,983040.0,168.0,172032.0
25,NOG-ZO,8,0.01,descriptive,False,,,,960.0,983040.0,960.0,983040.0
25,NOG-ZO,9,0.05,primary,True,148.0,151552.0,0.0459609776735305,960.0,983040.0,148.0,151552.0
25,NOG-ZO,9,0.03,primary,True,156.0,159744.0,0.0297622643411159,960.0,983040.0,156.0,159744.0
25,NOG-ZO,9,0.02,descriptive,True,164.0,167936.0,0.0161144956946373,960.0,983040.0,164.0,167936.0
25,NOG-ZO,9,0.018,descriptive,True,164.0,167936.0,0.0161144956946373,960.0,983040.0,164.0,167936.0
25,NOG-ZO,9,0.016,descriptive,True,168.0,172032.0,0.0114729180932044,960.0,983040.0,168.0,172032.0
25,NOG-ZO,9,0.015,descriptive,True,168.0,172032.0,0.0114729180932044,960.0,983040.0,168.0,172032.0
25,NOG-ZO,9,0.01,descriptive,False,,,,960.0,983040.0,960.0,983040.0
25,NOG-ZO,10,0.05,primary,True,148.0,151552.0,0.0480038896203041,960.0,983040.0,148.0,151552.0
25,NOG-ZO,10,0.03,primary,True,160.0,163840.0,0.0258460044860839,960.0,983040.0,160.0,163840.0
25,NOG-ZO,10,0.02,descriptive,True,164.0,167936.0,0.0193130485713481,960.0,983040.0,164.0,167936.0
25,NOG-ZO,10,0.018,descriptive,True,168.0,172032.0,0.0158241409808397,960.0,983040.0,168.0,172032.0
25,NOG-ZO,10,0.016,descriptive,True,168.0,172032.0,0.0158241409808397,960.0,983040.0,168.0,172032.0
25,NOG-ZO,10,0.015,descriptive,False,,,,960.0,983040.0,960.0,983040.0
25,NOG-ZO,10,0.01,descriptive,False,,,,960.0,983040.0,960.0,983040.0
25,NOG-ZO,11,0.05,primary,True,148.0,151552.0,0.0464626401662826,960.0,983040.0,148.0,151552.0
25,NOG-ZO,11,0.03,primary,True,160.0,163840.0,0.0234475042670965,960.0,983040.0,160.0,163840.0
25,NOG-ZO,11,0.02,descriptive,True,164.0,167936.0,0.0173207856714725,960.0,983040.0,164.0,167936.0
25,NOG-ZO,11,0.018,descriptive,True,164.0,167936.0,0.0173207856714725,960.0,983040.0,164.0,167936.0
25,NOG-ZO,11,0.016,descriptive,True,168.0,172032.0,0.0129795037209987,960.0,983040.0,168.0,172032.0
25,NOG-ZO,11,0.015,descriptive,True,168.0,172032.0,0.0129795037209987,960.0,983040.0,168.0,172032.0
25,NOG-ZO,11,0.01,descriptive,False,,,,960.0,983040.0,960.0,983040.0
25,NOG-ZO,12,0.05,primary,True,148.0,151552.0,0.0476116724312305,960.0,983040.0,148.0,151552.0
25,NOG-ZO,12,0.03,primary,True,160.0,163840.0,0.0239527504891157,960.0,983040.0,160.0,163840.0
25,NOG-ZO,12,0.02,descriptive,True,164.0,167936.0,0.0176407881081104,960.0,983040.0,164.0,167936.0
25,NOG-ZO,12,0.018,descriptive,True,164.0,167936.0,0.0176407881081104,960.0,983040.0,164.0,167936.0
25,NOG-ZO,12,0.016,descriptive,True,168.0,172032.0,0.0125564057379961,960.0,983040.0,168.0,172032.0
25,NOG-ZO,12,0.015,descriptive,True,168.0,172032.0,0.0125564057379961,960.0,983040.0,168.0,172032.0
25,NOG-ZO,12,0.01,descriptive,False,,,,960.0,983040.0,960.0,983040.0
25,NOG-ZO,13,0.05,primary,True,148.0,151552.0,0.0488116294145584,960.0,983040.0,148.0,151552.0
25,NOG-ZO,13,0.03,primary,True,160.0,163840.0,0.026065707206726,960.0,983040.0,160.0,163840.0
25,NOG-ZO,13,0.02,descriptive,True,164.0,167936.0,0.0187547132372856,960.0,983040.0,164.0,167936.0
25,NOG-ZO,13,0.018,descriptive,True,168.0,172032.0,0.0133682740852236,960.0,983040.0,168.0,172032.0
25,NOG-ZO,13,0.016,descriptive,True,168.0,172032.0,0.0133682740852236,960.0,983040.0,168.0,172032.0
25,NOG-ZO,13,0.015,descriptive,True,168.0,172032.0,0.0133682740852236,960.0,983040.0,168.0,172032.0
25,NOG-ZO,13,0.01,descriptive,False,,,,960.0,983040.0,960.0,983040.0
25,NOG-ZO,14,0.05,primary,True,148.0,151552.0,0.0484485514461994,960.0,983040.0,148.0,151552.0
25,NOG-ZO,14,0.03,primary,True,160.0,163840.0,0.0249047353863716,960.0,983040.0,160.0,163840.0
25,NOG-ZO,14,0.02,descriptive,True,164.0,167936.0,0.0181765668094158,960.0,983040.0,164.0,167936.0
25,NOG-ZO,14,0.018,descriptive,True,168.0,172032.0,0.013129036873579,960.0,983040.0,168.0,172032.0
25,NOG-ZO,14,0.016,descriptive,True,168.0,172032.0,0.013129036873579,960.0,983040.0,168.0,172032.0
25,NOG-ZO,14,0.015,descriptive,True,168.0,172032.0,0.013129036873579,960.0,983040.0,168.0,172032.0
25,NOG-ZO,14,0.01,descriptive,False,,,,960.0,983040.0,960.0,983040.0
25,NOG-ZO,15,0.05,primary,True,152.0,155648.0,0.0430619306862354,960.0,983040.0,152.0,155648.0
25,NOG-ZO,15,0.03,primary,True,160.0,163840.0,0.0281871054321527,960.0,983040.0,160.0,163840.0
25,NOG-ZO,15,0.02,descriptive,True,168.0,172032.0,0.0142603060230612,960.0,983040.0,168.0,172032.0
25,NOG-ZO,15,0.018,descriptive,True,168.0,172032.0,0.0142603060230612,960.0,983040.0,168.0,172032.0
25,NOG-ZO,15,0.016,descriptive,True,168.0,172032.0,0.0142603060230612,960.0,983040.0,168.0,172032.0
25,NOG-ZO,15,0.015,descriptive,True,168.0,172032.0,0.0142603060230612,960.0,983040.0,168.0,172032.0
25,NOG-ZO,15,0.01,descriptive,False,,,,960.0,983040.0,960.0,983040.0
25,NOG-ZO,16,0.05,primary,True,148.0,151552.0,0.0465271435678005,960.0,983040.0,148.0,151552.0
25,NOG-ZO,16,0.03,primary,True,160.0,163840.0,0.0219792518764734,960.0,983040.0,160.0,163840.0
25,NOG-ZO,16,0.02,descriptive,True,164.0,167936.0,0.0164255611598491,960.0,983040.0,164.0,167936.0
25,NOG-ZO,16,0.018,descriptive,True,164.0,167936.0,0.0164255611598491,960.0,983040.0,164.0,167936.0
25,NOG-ZO,16,0.016,descriptive,True,168.0,172032.0,0.0107591124251484,960.0,983040.0,168.0,172032.0
25,NOG-ZO,16,0.015,descriptive,True,168.0,172032.0,0.0107591124251484,960.0,983040.0,168.0,172032.0
25,NOG-ZO,16,0.01,descriptive,False,,,,960.0,983040.0,960.0,983040.0
25,NOG-ZO,17,0.05,primary,True,148.0,151552.0,0.04992401227355,960.0,983040.0,148.0,151552.0
25,NOG-ZO,17,0.03,primary,True,160.0,163840.0,0.0268572214990854,960.0,983040.0,160.0,163840.0
25,NOG-ZO,17,0.02,descriptive,True,164.0,167936.0,0.0199516005814075,960.0,983040.0,164.0,167936.0
25,NOG-ZO,17,0.018,descriptive,True,168.0,172032.0,0.0150312269106507,960.0,983040.0,168.0,172032.0
25,NOG-ZO,17,0.016,descriptive,True,168.0,172032.0,0.0150312269106507,960.0,983040.0,168.0,172032.0
25,NOG-ZO,17,0.015,descriptive,True,172.0,176128.0,0.0118680726736783,960.0,983040.0,172.0,176128.0
25,NOG-ZO,17,0.01,descriptive,False,,,,960.0,983040.0,960.0,983040.0
25,NOG-ZO,18,0.05,primary,True,148.0,151552.0,0.0472730807960033,960.0,983040.0,148.0,151552.0
25,NOG-ZO,18,0.03,primary,True,160.0,163840.0,0.0246854573488235,960.0,983040.0,160.0,163840.0
25,NOG-ZO,18,0.02,descriptive,True,164.0,167936.0,0.018421184271574,960.0,983040.0,164.0,167936.0
25,NOG-ZO,18,0.018,descriptive,True,168.0,172032.0,0.0133061651140451,960.0,983040.0,168.0,172032.0
25,NOG-ZO,18,0.016,descriptive,True,168.0,172032.0,0.0133061651140451,960.0,983040.0,168.0,172032.0
25,NOG-ZO,18,0.015,descriptive,True,168.0,172032.0,0.0133061651140451,960.0,983040.0,168.0,172032.0
25,NOG-ZO,18,0.01,descriptive,False,,,,960.0,983040.0,960.0,983040.0
25,NOG-ZO,19,0.05,primary,True,148.0,151552.0,0.0493785552680492,960.0,983040.0,148.0,151552.0
25,NOG-ZO,19,0.03,primary,True,160.0,163840.0,0.0276570115238428,960.0,983040.0,160.0,163840.0
25,NOG-ZO,19,0.02,descriptive,True,168.0,172032.0,0.0172919780015945,960.0,983040.0,168.0,172032.0
25,NOG-ZO,19,0.018,descriptive,True,168.0,172032.0,0.0172919780015945,960.0,983040.0,168.0,172032.0
25,NOG-ZO,19,0.016,descriptive,False,,,,960.0,983040.0,960.0,983040.0
25,NOG-ZO,19,0.015,descriptive,False,,,,960.0,983040.0,960.0,983040.0
25,NOG-ZO,19,0.01,descriptive,False,,,,960.0,983040.0,960.0,983040.0
25,ME-DOL-ZO,0,0.05,primary,True,348.0,89088.0,0.0491423457860946,3840.0,983040.0,348.0,89088.0
25,ME-DOL-ZO,0,0.03,primary,True,456.0,116736.0,0.0292351488023996,3840.0,983040.0,456.0,116736.0
25,ME-DOL-ZO,0,0.02,descriptive,True,564.0,144384.0,0.0181116349995136,3840.0,983040.0,564.0,144384.0
25,ME-DOL-ZO,0,0.018,descriptive,True,576.0,147456.0,0.017172610387206,3840.0,983040.0,576.0,147456.0
25,ME-DOL-ZO,0,0.016,descriptive,True,612.0,156672.0,0.0150713417679071,3840.0,983040.0,612.0,156672.0
25,ME-DOL-ZO,0,0.015,descriptive,True,624.0,159744.0,0.0145783964544534,3840.0,983040.0,624.0,159744.0
25,ME-DOL-ZO,0,0.01,descriptive,True,876.0,224256.0,0.0096415383741259,3840.0,983040.0,876.0,224256.0
25,ME-DOL-ZO,1,0.05,primary,True,336.0,86016.0,0.0486636124551296,3840.0,983040.0,336.0,86016.0
25,ME-DOL-ZO,1,0.03,primary,True,456.0,116736.0,0.0296768844127655,3840.0,983040.0,456.0,116736.0
25,ME-DOL-ZO,1,0.02,descriptive,True,528.0,135168.0,0.019776877015829,3840.0,983040.0,528.0,135168.0
25,ME-DOL-ZO,1,0.018,descriptive,True,540.0,138240.0,0.0178998298943042,3840.0,983040.0,540.0,138240.0
25,ME-DOL-ZO,1,0.016,descriptive,True,564.0,144384.0,0.015538609586656,3840.0,983040.0,564.0,144384.0
25,ME-DOL-ZO,1,0.015,descriptive,True,576.0,147456.0,0.0149334110319614,3840.0,983040.0,576.0,147456.0
25,ME-DOL-ZO,1,0.01,descriptive,True,1404.0,359424.0,0.0095407981425523,3840.0,983040.0,1404.0,359424.0
25,ME-DOL-ZO,2,0.05,primary,True,336.0,86016.0,0.048111192882061,3840.0,983040.0,336.0,86016.0
25,ME-DOL-ZO,2,0.03,primary,True,432.0,110592.0,0.0277020148932933,3840.0,983040.0,432.0,110592.0
25,ME-DOL-ZO,2,0.02,descriptive,True,480.0,122880.0,0.0188541021198034,3840.0,983040.0,480.0,122880.0
25,ME-DOL-ZO,2,0.018,descriptive,True,492.0,125952.0,0.0170768238604068,3840.0,983040.0,492.0,125952.0
25,ME-DOL-ZO,2,0.016,descriptive,True,732.0,187392.0,0.0158478431403636,3840.0,983040.0,732.0,187392.0
25,ME-DOL-ZO,2,0.015,descriptive,True,876.0,224256.0,0.0148959113284945,3840.0,983040.0,876.0,224256.0
25,ME-DOL-ZO,2,0.01,descriptive,True,3828.0,979968.0,0.0096918940544128,3840.0,983040.0,3828.0,979968.0
25,ME-DOL-ZO,3,0.05,primary,True,372.0,95232.0,0.0482713058590889,3840.0,983040.0,372.0,95232.0
25,ME-DOL-ZO,3,0.03,primary,True,432.0,110592.0,0.0296224988996982,3840.0,983040.0,432.0,110592.0
25,ME-DOL-ZO,3,0.02,descriptive,True,528.0,135168.0,0.0185625981539487,3840.0,983040.0,528.0,135168.0
25,ME-DOL-ZO,3,0.018,descriptive,True,588.0,150528.0,0.0170623436570167,3840.0,983040.0,588.0,150528.0
25,ME-DOL-ZO,3,0.016,descriptive,True,600.0,153600.0,0.0157468244433403,3840.0,983040.0,600.0,153600.0
25,ME-DOL-ZO,3,0.015,descriptive,True,612.0,156672.0,0.0144045064225792,3840.0,983040.0,612.0,156672.0
25,ME-DOL-ZO,3,0.01,descriptive,True,2652.0,678912.0,0.0097403191030025,3840.0,983040.0,2652.0,678912.0
25,ME-DOL-ZO,4,0.05,primary,True,336.0,86016.0,0.0483320094645023,3840.0,983040.0,336.0,86016.0
25,ME-DOL-ZO,4,0.03,primary,True,432.0,110592.0,0.0278912559151649,3840.0,983040.0,432.0,110592.0
25,ME-DOL-ZO,4,0.02,descriptive,True,504.0,129024.0,0.0191940329968929,3840.0,983040.0,504.0,129024.0
25,ME-DOL-ZO,4,0.018,descriptive,True,600.0,153600.0,0.017365526407957,3840.0,983040.0,600.0,153600.0
25,ME-DOL-ZO,4,0.016,descriptive,True,624.0,159744.0,0.0152432452887296,3840.0,983040.0,624.0,159744.0
25,ME-DOL-ZO,4,0.015,descriptive,True,636.0,162816.0,0.0139592736959457,3840.0,983040.0,636.0,162816.0
25,ME-DOL-ZO,4,0.01,descriptive,True,708.0,181248.0,0.0099638625979423,3840.0,983040.0,708.0,181248.0
25,ME-DOL-ZO,5,0.05,primary,True,360.0,92160.0,0.0479272156953811,3840.0,983040.0,360.0,92160.0
25,ME-DOL-ZO,5,0.03,primary,True,456.0,116736.0,0.0283710695803165,3840.0,983040.0,456.0,116736.0
25,ME-DOL-ZO,5,0.02,descriptive,True,588.0,150528.0,0.0199564658105373,3840.0,983040.0,588.0,150528.0
25,ME-DOL-ZO,5,0.018,descriptive,True,612.0,156672.0,0.0172714572399854,3840.0,983040.0,612.0,156672.0
25,ME-DOL-ZO,5,0.016,descriptive,True,660.0,168960.0,0.0145700946450233,3840.0,983040.0,660.0,168960.0
25,ME-DOL-ZO,5,0.015,descriptive,True,660.0,168960.0,0.0145700946450233,3840.0,983040.0,660.0,168960.0
25,ME-DOL-ZO,5,0.01,descriptive,True,1008.0,258048.0,0.0096168266609311,3840.0,983040.0,1008.0,258048.0
25,ME-DOL-ZO,6,0.05,primary,True,324.0,82944.0,0.0487488880753517,3840.0,983040.0,324.0,82944.0
25,ME-DOL-ZO,6,0.03,primary,True,396.0,101376.0,0.0277796667069196,3840.0,983040.0,396.0,101376.0
25,ME-DOL-ZO,6,0.02,descriptive,True,540.0,138240.0,0.0185619387775659,3840.0,983040.0,540.0,138240.0
25,ME-DOL-ZO,6,0.018,descriptive,True,552.0,141312.0,0.0166998244822025,3840.0,983040.0,552.0,141312.0
25,ME-DOL-ZO,6,0.016,descriptive,True,564.0,144384.0,0.0153333162888884,3840.0,983040.0,564.0,144384.0
25,ME-DOL-ZO,6,0.015,descriptive,True,576.0,147456.0,0.0140416650101542,3840.0,983040.0,576.0,147456.0
25,ME-DOL-ZO,6,0.01,descriptive,True,1572.0,402432.0,0.0097213387489318,3840.0,983040.0,1572.0,402432.0
25,ME-DOL-ZO,7,0.05,primary,True,336.0,86016.0,0.0487407147884368,3840.0,983040.0,336.0,86016.0
25,ME-DOL-ZO,7,0.03,primary,True,432.0,110592.0,0.0291437450796365,3840.0,983040.0,432.0,110592.0
25,ME-DOL-ZO,7,0.02,descriptive,True,504.0,129024.0,0.0199677571654319,3840.0,983040.0,504.0,129024.0
25,ME-DOL-ZO,7,0.018,descriptive,True,528.0,135168.0,0.0175763145089149,3840.0,983040.0,528.0,135168.0
25,ME-DOL-ZO,7,0.016,descriptive,True,540.0,138240.0,0.0150978593155741,3840.0,983040.0,540.0,138240.0
25,ME-DOL-ZO,7,0.015,descriptive,True,552.0,141312.0,0.0146423950791358,3840.0,983040.0,552.0,141312.0
25,ME-DOL-ZO,7,0.01,descriptive,True,3384.0,866304.0,0.0097836041823029,3840.0,983040.0,3384.0,866304.0
25,ME-DOL-ZO,8,0.05,primary,True,360.0,92160.0,0.0478884316980838,3840.0,983040.0,360.0,92160.0
25,ME-DOL-ZO,8,0.03,primary,True,456.0,116736.0,0.0297994371503591,3840.0,983040.0,456.0,116736.0
25,ME-DOL-ZO,8,0.02,descriptive,True,552.0,141312.0,0.0191026907414197,3840.0,983040.0,552.0,141312.0
25,ME-DOL-ZO,8,0.018,descriptive,True,600.0,153600.0,0.0173013340681791,3840.0,983040.0,600.0,153600.0
25,ME-DOL-ZO,8,0.016,descriptive,True,660.0,168960.0,0.0153965475037693,3840.0,983040.0,660.0,168960.0
25,ME-DOL-ZO,8,0.015,descriptive,True,684.0,175104.0,0.013472294434905,3840.0,983040.0,684.0,175104.0
25,ME-DOL-ZO,8,0.01,descriptive,True,1116.0,285696.0,0.0093417838215827,3840.0,983040.0,1116.0,285696.0
25,ME-DOL-ZO,9,0.05,primary,True,348.0,89088.0,0.0479631721973419,3840.0,983040.0,348.0,89088.0
25,ME-DOL-ZO,9,0.03,primary,True,408.0,104448.0,0.0297499783337116,3840.0,983040.0,408.0,104448.0
25,ME-DOL-ZO,9,0.02,descriptive,True,528.0,135168.0,0.0184603445231914,3840.0,983040.0,528.0,135168.0
25,ME-DOL-ZO,9,0.018,descriptive,True,540.0,138240.0,0.0167170092463493,3840.0,983040.0,540.0,138240.0
25,ME-DOL-ZO,9,0.016,descriptive,True,588.0,150528.0,0.0150613393634557,3840.0,983040.0,588.0,150528.0
25,ME-DOL-ZO,9,0.015,descriptive,True,600.0,153600.0,0.0144273806363344,3840.0,983040.0,600.0,153600.0
25,ME-DOL-ZO,9,0.01,descriptive,True,2244.0,574464.0,0.0098743289709091,3840.0,983040.0,2244.0,574464.0
25,ME-DOL-ZO,10,0.05,primary,True,324.0,82944.0,0.0477852635085582,3840.0,983040.0,324.0,82944.0
25,ME-DOL-ZO,10,0.03,primary,True,432.0,110592.0,0.0286431480199098,3840.0,983040.0,432.0,110592.0
25,ME-DOL-ZO,10,0.02,descriptive,True,672.0,172032.0,0.019985256716609,3840.0,983040.0,672.0,172032.0
25,ME-DOL-ZO,10,0.018,descriptive,True,708.0,181248.0,0.0177798476070165,3840.0,983040.0,708.0,181248.0
25,ME-DOL-ZO,10,0.016,descriptive,True,756.0,193536.0,0.01590490154922,3840.0,983040.0,756.0,193536.0
25,ME-DOL-ZO,10,0.015,descriptive,True,864.0,221184.0,0.0136387981474399,3840.0,983040.0,864.0,221184.0
25,ME-DOL-ZO,10,0.01,descriptive,False,,,,3840.0,983040.0,3840.0,983040.0
25,ME-DOL-ZO,11,0.05,primary,True,324.0,82944.0,0.0496927239000797,3840.0,983040.0,324.0,82944.0
25,ME-DOL-ZO,11,0.03,primary,True,408.0,104448.0,0.0299086775630712,3840.0,983040.0,408.0,104448.0
25,ME-DOL-ZO,11,0.02,descriptive,True,600.0,153600.0,0.0195975061506032,3840.0,983040.0,600.0,153600.0
25,ME-DOL-ZO,11,0.018,descriptive,True,636.0,162816.0,0.0167072229087352,3840.0,983040.0,636.0,162816.0
25,ME-DOL-ZO,11,0.016,descriptive,True,696.0,178176.0,0.0159181393682956,3840.0,983040.0,696.0,178176.0
25,ME-DOL-ZO,11,0.015,descriptive,True,708.0,181248.0,0.0143494959920644,3840.0,983040.0,708.0,181248.0
25,ME-DOL-ZO,11,0.01,descriptive,False,,,,3840.0,983040.0,3840.0,983040.0
25,ME-DOL-ZO,12,0.05,primary,True,348.0,89088.0,0.0480960048735141,3840.0,983040.0,348.0,89088.0
25,ME-DOL-ZO,12,0.03,primary,True,456.0,116736.0,0.0279662869870662,3840.0,983040.0,456.0,116736.0
25,ME-DOL-ZO,12,0.02,descriptive,True,636.0,162816.0,0.0191950388252735,3840.0,983040.0,636.0,162816.0
25,ME-DOL-ZO,12,0.018,descriptive,True,648.0,165888.0,0.0178937818855047,3840.0,983040.0,648.0,165888.0
25,ME-DOL-ZO,12,0.016,descriptive,True,828.0,211968.0,0.0152302663773298,3840.0,983040.0,828.0,211968.0
25,ME-DOL-ZO,12,0.015,descriptive,True,1104.0,282624.0,0.0149973602965474,3840.0,983040.0,1104.0,282624.0
25,ME-DOL-ZO,12,0.01,descriptive,False,,,,3840.0,983040.0,3840.0,983040.0
25,ME-DOL-ZO,13,0.05,primary,True,336.0,86016.0,0.048033233731985,3840.0,983040.0,336.0,86016.0
25,ME-DOL-ZO,13,0.03,primary,True,420.0,107520.0,0.0298070926219224,3840.0,983040.0,420.0,107520.0
25,ME-DOL-ZO,13,0.02,descriptive,True,468.0,119808.0,0.0194698125123977,3840.0,983040.0,468.0,119808.0
25,ME-DOL-ZO,13,0.018,descriptive,True,516.0,132096.0,0.0172482430934906,3840.0,983040.0,516.0,132096.0
25,ME-DOL-ZO,13,0.016,descriptive,True,528.0,135168.0,0.0158517099916934,3840.0,983040.0,528.0,135168.0
25,ME-DOL-ZO,13,0.015,descriptive,True,540.0,138240.0,0.014810549095273,3840.0,983040.0,540.0,138240.0
25,ME-DOL-ZO,13,0.01,descriptive,True,732.0,187392.0,0.0098991449922323,3840.0,983040.0,732.0,187392.0
25,ME-DOL-ZO,14,0.05,primary,True,336.0,86016.0,0.0479069277644157,3840.0,983040.0,336.0,86016.0
25,ME-DOL-ZO,14,0.03,primary,True,456.0,116736.0,0.0291057657450437,3840.0,983040.0,456.0,116736.0
25,ME-DOL-ZO,14,0.02,descriptive,True,528.0,135168.0,0.0196635462343692,3840.0,983040.0,528.0,135168.0
25,ME-DOL-ZO,14,0.018,descriptive,True,588.0,150528.0,0.0177709236741065,3840.0,983040.0,588.0,150528.0
25,ME-DOL-ZO,14,0.016,descriptive,True,612.0,156672.0,0.0147916134446859,3840.0,983040.0,612.0,156672.0
25,ME-DOL-ZO,14,0.015,descriptive,True,612.0,156672.0,0.0147916134446859,3840.0,983040.0,612.0,156672.0
25,ME-DOL-ZO,14,0.01,descriptive,True,2244.0,574464.0,0.0096200369298458,3840.0,983040.0,2244.0,574464.0
25,ME-DOL-ZO,15,0.05,primary,True,324.0,82944.0,0.0473869778215885,3840.0,983040.0,324.0,82944.0
25,ME-DOL-ZO,15,0.03,primary,True,456.0,116736.0,0.0283391661942005,3840.0,983040.0,456.0,116736.0
25,ME-DOL-ZO,15,0.02,descriptive,True,504.0,129024.0,0.0195173788815736,3840.0,983040.0,504.0,129024.0
25,ME-DOL-ZO,15,0.018,descriptive,True,540.0,138240.0,0.0175016392022371,3840.0,983040.0,540.0,138240.0
25,ME-DOL-ZO,15,0.016,descriptive,True,588.0,150528.0,0.015157300978899,3840.0,983040.0,588.0,150528.0
25,ME-DOL-ZO,15,0.015,descriptive,True,600.0,153600.0,0.0138164870440959,3840.0,983040.0,600.0,153600.0
25,ME-DOL-ZO,15,0.01,descriptive,True,2136.0,546816.0,0.0099848033860325,3840.0,983040.0,2136.0,546816.0
25,ME-DOL-ZO,16,0.05,primary,True,348.0,89088.0,0.0494958832859993,3840.0,983040.0,348.0,89088.0
25,ME-DOL-ZO,16,0.03,primary,True,456.0,116736.0,0.0299995336681604,3840.0,983040.0,456.0,116736.0
25,ME-DOL-ZO,16,0.02,descriptive,True,588.0,150528.0,0.0197945144027471,3840.0,983040.0,588.0,150528.0
25,ME-DOL-ZO,16,0.018,descriptive,True,636.0,162816.0,0.0179208610206842,3840.0,983040.0,636.0,162816.0
25,ME-DOL-ZO,16,0.016,descriptive,True,804.0,205824.0,0.0157423298805952,3840.0,983040.0,804.0,205824.0
25,ME-DOL-ZO,16,0.015,descriptive,True,816.0,208896.0,0.0146602159366011,3840.0,983040.0,816.0,208896.0
25,ME-DOL-ZO,16,0.01,descriptive,True,3348.0,857088.0,0.0098862163722515,3840.0,983040.0,3348.0,857088.0
25,ME-DOL-ZO,17,0.05,primary,True,348.0,89088.0,0.0471516475081443,3840.0,983040.0,348.0,89088.0
25,ME-DOL-ZO,17,0.03,primary,True,432.0,110592.0,0.0288440287113189,3840.0,983040.0,432.0,110592.0
25,ME-DOL-ZO,17,0.02,descriptive,True,492.0,125952.0,0.0191360004246234,3840.0,983040.0,492.0,125952.0
25,ME-DOL-ZO,17,0.018,descriptive,True,528.0,135168.0,0.0171301495283842,3840.0,983040.0,528.0,135168.0
25,ME-DOL-ZO,17,0.016,descriptive,True,600.0,153600.0,0.0145402317866683,3840.0,983040.0,600.0,153600.0
25,ME-DOL-ZO,17,0.015,descriptive,True,600.0,153600.0,0.0145402317866683,3840.0,983040.0,600.0,153600.0
25,ME-DOL-ZO,17,0.01,descriptive,True,696.0,178176.0,0.0098255025222897,3840.0,983040.0,696.0,178176.0
25,ME-DOL-ZO,18,0.05,primary,True,372.0,95232.0,0.0469660013914108,3840.0,983040.0,372.0,95232.0
25,ME-DOL-ZO,18,0.03,primary,True,444.0,113664.0,0.028338374570012,3840.0,983040.0,444.0,113664.0
25,ME-DOL-ZO,18,0.02,descriptive,True,588.0,150528.0,0.0187599901109933,3840.0,983040.0,588.0,150528.0
25,ME-DOL-ZO,18,0.018,descriptive,True,600.0,153600.0,0.0177446436136961,3840.0,983040.0,600.0,153600.0
25,ME-DOL-ZO,18,0.016,descriptive,True,624.0,159744.0,0.0158426444977521,3840.0,983040.0,624.0,159744.0
25,ME-DOL-ZO,18,0.015,descriptive,True,804.0,205824.0,0.0146987317129969,3840.0,983040.0,804.0,205824.0
25,ME-DOL-ZO,18,0.01,descriptive,True,936.0,239616.0,0.0096397120505571,3840.0,983040.0,936.0,239616.0
25,ME-DOL-ZO,19,0.05,primary,True,336.0,86016.0,0.049985121935606,3840.0,983040.0,336.0,86016.0
25,ME-DOL-ZO,19,0.03,primary,True,456.0,116736.0,0.0288856849074363,3840.0,983040.0,456.0,116736.0
25,ME-DOL-ZO,19,0.02,descriptive,True,564.0,144384.0,0.0199486799538135,3840.0,983040.0,564.0,144384.0
25,ME-DOL-ZO,19,0.018,descriptive,True,612.0,156672.0,0.0176521763205528,3840.0,983040.0,612.0,156672.0
25,ME-DOL-ZO,19,0.016,descriptive,True,756.0,193536.0,0.0152784874662756,3840.0,983040.0,756.0,193536.0
25,ME-DOL-ZO,19,0.015,descriptive,True,768.0,196608.0,0.0142130693420767,3840.0,983040.0,768.0,196608.0
25,ME-DOL-ZO,19,0.01,descriptive,True,1488.0,380928.0,0.0098589332774281,3840.0,983040.0,1488.0,380928.0
25,DGFM,0,0.05,primary,True,992.0,126976.0,0.0498028993606567,7680.0,983040.0,992.0,126976.0
25,DGFM,0,0.03,primary,True,1232.0,157696.0,0.0297632552683353,7680.0,983040.0,1232.0,157696.0
25,DGFM,0,0.02,descriptive,True,1544.0,197632.0,0.0195265263319015,7680.0,983040.0,1544.0,197632.0
25,DGFM,0,0.018,descriptive,True,1576.0,201728.0,0.0174728315323591,7680.0,983040.0,1576.0,201728.0
25,DGFM,0,0.016,descriptive,True,1664.0,212992.0,0.0154243521392345,7680.0,983040.0,1664.0,212992.0
25,DGFM,0,0.015,descriptive,True,1776.0,227328.0,0.0147040067240595,7680.0,983040.0,1776.0,227328.0
25,DGFM,0,0.01,descriptive,True,1992.0,254976.0,0.0098723405972123,7680.0,983040.0,1992.0,254976.0
25,DGFM,1,0.05,primary,True,960.0,122880.0,0.0498726740479469,7680.0,983040.0,960.0,122880.0
25,DGFM,1,0.03,primary,True,1224.0,156672.0,0.0289906058460474,7680.0,983040.0,1224.0,156672.0
25,DGFM,1,0.02,descriptive,True,1456.0,186368.0,0.0199968330562114,7680.0,983040.0,1456.0,186368.0
25,DGFM,1,0.018,descriptive,True,1528.0,195584.0,0.0173670407384634,7680.0,983040.0,1528.0,195584.0
25,DGFM,1,0.016,descriptive,True,1688.0,216064.0,0.0156188970431685,7680.0,983040.0,1688.0,216064.0
25,DGFM,1,0.015,descriptive,True,1768.0,226304.0,0.0144574837759137,7680.0,983040.0,1768.0,226304.0
25,DGFM,1,0.01,descriptive,True,2008.0,257024.0,0.0097668245434761,7680.0,983040.0,2008.0,257024.0
25,DGFM,2,0.05,primary,True,904.0,115712.0,0.0491150803864002,7680.0,983040.0,904.0,115712.0
25,DGFM,2,0.03,primary,True,1152.0,147456.0,0.0297154821455478,7680.0,983040.0,1152.0,147456.0
25,DGFM,2,0.02,descriptive,True,1304.0,166912.0,0.0198832955211401,7680.0,983040.0,1304.0,166912.0
25,DGFM,2,0.018,descriptive,True,1328.0,169984.0,0.0179845448583364,7680.0,983040.0,1328.0,169984.0
25,DGFM,2,0.016,descriptive,True,1360.0,174080.0,0.0157947372645139,7680.0,983040.0,1360.0,174080.0
25,DGFM,2,0.015,descriptive,True,1408.0,180224.0,0.0149413980543613,7680.0,983040.0,1408.0,180224.0
25,DGFM,2,0.01,descriptive,True,1744.0,223232.0,0.0096849724650383,7680.0,983040.0,1744.0,223232.0
25,DGFM,3,0.05,primary,True,1024.0,131072.0,0.04964504763484,7680.0,983040.0,1024.0,131072.0
25,DGFM,3,0.03,primary,True,1344.0,172032.0,0.0298003535717725,7680.0,983040.0,1344.0,172032.0
25,DGFM,3,0.02,descriptive,True,1560.0,199680.0,0.0197799429297447,7680.0,983040.0,1560.0,199680.0
25,DGFM,3,0.018,descriptive,True,1632.0,208896.0,0.0177678577601909,7680.0,983040.0,1632.0,208896.0
25,DGFM,3,0.016,descriptive,True,1712.0,219136.0,0.0157068129628896,7680.0,983040.0,1712.0,219136.0
25,DGFM,3,0.015,descriptive,True,1760.0,225280.0,0.0147449951618909,7680.0,983040.0,1760.0,225280.0
25,DGFM,3,0.01,descriptive,True,1848.0,236544.0,0.0098098814487457,7680.0,983040.0,1848.0,236544.0
25,DGFM,4,0.05,primary,True,904.0,115712.0,0.0494923181831836,7680.0,983040.0,904.0,115712.0
25,DGFM,4,0.03,primary,True,1152.0,147456.0,0.0298801623284816,7680.0,983040.0,1152.0,147456.0
25,DGFM,4,0.02,descriptive,True,1504.0,192512.0,0.0190061051398515,7680.0,983040.0,1504.0,192512.0
25,DGFM,4,0.018,descriptive,True,1608.0,205824.0,0.0179435685276985,7680.0,983040.0,1608.0,205824.0
25,DGFM,4,0.016,descriptive,True,1736.0,222208.0,0.01558427978307,7680.0,983040.0,1736.0,222208.0
25,DGFM,4,0.015,descriptive,True,1744.0,223232.0,0.0147387534379959,7680.0,983040.0,1744.0,223232.0
25,DGFM,4,0.01,descriptive,True,2760.0,353280.0,0.0097190821543335,7680.0,983040.0,2760.0,353280.0
25,DGFM,5,0.05,primary,True,960.0,122880.0,0.0494860224425792,7680.0,983040.0,960.0,122880.0
25,DGFM,5,0.03,primary,True,1248.0,159744.0,0.0294709466397762,7680.0,983040.0,1248.0,159744.0
25,DGFM,5,0.02,descriptive,True,1448.0,185344.0,0.0197935122996568,7680.0,983040.0,1448.0,185344.0
25,DGFM,5,0.018,descriptive,True,1512.0,193536.0,0.0176875349134206,7680.0,983040.0,1512.0,193536.0
25,DGFM,5,0.016,descriptive,True,1552.0,198656.0,0.0158819500356912,7680.0,983040.0,1552.0,198656.0
25,DGFM,5,0.015,descriptive,True,1616.0,206848.0,0.0143140722066164,7680.0,983040.0,1616.0,206848.0
25,DGFM,5,0.01,descriptive,True,1808.0,231424.0,0.0092590367421507,7680.0,983040.0,1808.0,231424.0
25,DGFM,6,0.05,primary,True,968.0,123904.0,0.0486942082643508,7680.0,983040.0,968.0,123904.0
25,DGFM,6,0.03,primary,True,1240.0,158720.0,0.0297875367105007,7680.0,983040.0,1240.0,158720.0
25,DGFM,6,0.02,descriptive,True,1464.0,187392.0,0.0198474060744047,7680.0,983040.0,1464.0,187392.0
25,DGFM,6,0.018,descriptive,True,1648.0,210944.0,0.0178890600800514,7680.0,983040.0,1648.0,210944.0
25,DGFM,6,0.016,descriptive,True,1752.0,224256.0,0.0156440418213605,7680.0,983040.0,1752.0,224256.0
25,DGFM,6,0.015,descriptive,True,1792.0,229376.0,0.0147087611258029,7680.0,983040.0,1792.0,229376.0
25,DGFM,6,0.01,descriptive,True,2336.0,299008.0,0.0096344873309135,7680.0,983040.0,2336.0,299008.0
25,DGFM,7,0.05,primary,True,896.0,114688.0,0.0496471896767616,7680.0,983040.0,896.0,114688.0
25,DGFM,7,0.03,primary,True,1208.0,154624.0,0.0297347418963909,7680.0,983040.0,1208.0,154624.0
25,DGFM,7,0.02,descriptive,True,1432.0,183296.0,0.0198512729257345,7680.0,983040.0,1432.0,183296.0
25,DGFM,7,0.018,descriptive,True,1464.0,187392.0,0.0176608692854642,7680.0,983040.0,1464.0,187392.0
25,DGFM,7,0.016,descriptive,True,1568.0,200704.0,0.0156702678650617,7680.0,983040.0,1568.0,200704.0
25,DGFM,7,0.015,descriptive,True,1648.0,210944.0,0.01452362164855,7680.0,983040.0,1648.0,210944.0
25,DGFM,7,0.01,descriptive,True,1936.0,247808.0,0.0099066626280546,7680.0,983040.0,1936.0,247808.0
25,DGFM,8,0.05,primary,True,896.0,114688.0,0.0497781373560428,7680.0,983040.0,896.0,114688.0
25,DGFM,8,0.03,primary,True,1136.0,145408.0,0.0299940761178731,7680.0,983040.0,1136.0,145408.0
25,DGFM,8,0.02,descriptive,True,1344.0,172032.0,0.0197449810802936,7680.0,983040.0,1344.0,172032.0
25,DGFM,8,0.018,descriptive,True,1456.0,186368.0,0.0175649896264076,7680.0,983040.0,1456.0,186368.0
25,DGFM,8,0.016,descriptive,True,1512.0,193536.0,0.0158495400100946,7680.0,983040.0,1512.0,193536.0
25,DGFM,8,0.015,descriptive,True,1616.0,206848.0,0.0146301966160535,7680.0,983040.0,1616.0,206848.0
25,DGFM,8,0.01,descriptive,True,2328.0,297984.0,0.0098416376858949,7680.0,983040.0,2328.0,297984.0
25,DGFM,9,0.05,primary,True,904.0,115712.0,0.0488313734531402,7680.0,983040.0,904.0,115712.0
25,DGFM,9,0.03,primary,True,1232.0,157696.0,0.0293673258274793,7680.0,983040.0,1232.0,157696.0
25,DGFM,9,0.02,descriptive,True,1440.0,184320.0,0.0197774954140186,7680.0,983040.0,1440.0,184320.0
25,DGFM,9,0.018,descriptive,True,1456.0,186368.0,0.0177314952015876,7680.0,983040.0,1456.0,186368.0
25,DGFM,9,0.016,descriptive,True,1512.0,193536.0,0.0158865805715322,7680.0,983040.0,1512.0,193536.0
25,DGFM,9,0.015,descriptive,True,1520.0,194560.0,0.0149564007297158,7680.0,983040.0,1520.0,194560.0
25,DGFM,9,0.01,descriptive,True,1816.0,232448.0,0.0097285518422722,7680.0,983040.0,1816.0,232448.0
25,DGFM,10,0.05,primary,True,920.0,117760.0,0.0495148375630378,7680.0,983040.0,920.0,117760.0
25,DGFM,10,0.03,primary,True,1144.0,146432.0,0.0294855423271656,7680.0,983040.0,1144.0,146432.0
25,DGFM,10,0.02,descriptive,True,1320.0,168960.0,0.0198690742254257,7680.0,983040.0,1320.0,168960.0
25,DGFM,10,0.018,descriptive,True,1432.0,183296.0,0.0178017616271972,7680.0,983040.0,1432.0,183296.0
25,DGFM,10,0.016,descriptive,True,1544.0,197632.0,0.0155108906328678,7680.0,983040.0,1544.0,197632.0
25,DGFM,10,0.015,descriptive,True,1608.0,205824.0,0.0148391332477331,7680.0,983040.0,1608.0,205824.0
25,DGFM,10,0.01,descriptive,True,2408.0,308224.0,0.0099405692890286,7680.0,983040.0,2408.0,308224.0
25,DGFM,11,0.05,primary,True,912.0,116736.0,0.0498951189219951,7680.0,983040.0,912.0,116736.0
25,DGFM,11,0.03,primary,True,1168.0,149504.0,0.0294408779591321,7680.0,983040.0,1168.0,149504.0
25,DGFM,11,0.02,descriptive,True,1400.0,179200.0,0.0199932511895895,7680.0,983040.0,1400.0,179200.0
25,DGFM,11,0.018,descriptive,True,1472.0,188416.0,0.0177109390497207,7680.0,983040.0,1472.0,188416.0
25,DGFM,11,0.016,descriptive,True,1512.0,193536.0,0.0156503077596426,7680.0,983040.0,1512.0,193536.0
25,DGFM,11,0.015,descriptive,True,1552.0,198656.0,0.0148568172007799,7680.0,983040.0,1552.0,198656.0
25,DGFM,11,0.01,descriptive,True,1912.0,244736.0,0.0099749537184834,7680.0,983040.0,1912.0,244736.0
25,DGFM,12,0.05,primary,True,912.0,116736.0,0.0499169714748859,7680.0,983040.0,912.0,116736.0
25,DGFM,12,0.03,primary,True,1152.0,147456.0,0.02924070879817,7680.0,983040.0,1152.0,147456.0
25,DGFM,12,0.02,descriptive,True,1432.0,183296.0,0.0198609270155429,7680.0,983040.0,1432.0,183296.0
25,DGFM,12,0.018,descriptive,True,1552.0,198656.0,0.0178506728261709,7680.0,983040.0,1552.0,198656.0
25,DGFM,12,0.016,descriptive,True,1672.0,214016.0,0.0158449113368988,7680.0,983040.0,1672.0,214016.0
25,DGFM,12,0.015,descriptive,True,1736.0,222208.0,0.0146627910435199,7680.0,983040.0,1736.0,222208.0
25,DGFM,12,0.01,descriptive,True,2120.0,271360.0,0.0097930328920483,7680.0,983040.0,2120.0,271360.0
25,DGFM,13,0.05,primary,True,968.0,123904.0,0.0498913787305355,7680.0,983040.0,968.0,123904.0
25,DGFM,13,0.03,primary,True,1224.0,156672.0,0.029913043603301,7680.0,983040.0,1224.0,156672.0
25,DGFM,13,0.02,descriptive,True,1440.0,184320.0,0.0199148692190647,7680.0,983040.0,1440.0,184320.0
25,DGFM,13,0.018,descriptive,True,1496.0,191488.0,0.017660291865468,7680.0,983040.0,1496.0,191488.0
25,DGFM,13,0.016,descriptive,True,1584.0,202752.0,0.0152041111141443,7680.0,983040.0,1584.0,202752.0
25,DGFM,13,0.015,descriptive,True,1736.0,222208.0,0.0143720973283052,7680.0,983040.0,1736.0,222208.0
25,DGFM,13,0.01,descriptive,True,2368.0,303104.0,0.0099153788760304,7680.0,983040.0,2368.0,303104.0
25,DGFM,14,0.05,primary,True,896.0,114688.0,0.0498647019267082,7680.0,983040.0,896.0,114688.0
25,DGFM,14,0.03,primary,True,1184.0,151552.0,0.029802206903696,7680.0,983040.0,1184.0,151552.0
25,DGFM,14,0.02,descriptive,True,1416.0,181248.0,0.0199631080031394,7680.0,983040.0,1416.0,181248.0
25,DGFM,14,0.018,descriptive,True,1456.0,186368.0,0.0176983792334795,7680.0,983040.0,1456.0,186368.0
25,DGFM,14,0.016,descriptive,True,1536.0,196608.0,0.0158993136137723,7680.0,983040.0,1536.0,196608.0
25,DGFM,14,0.015,descriptive,True,1560.0,199680.0,0.0144539400935173,7680.0,983040.0,1560.0,199680.0
25,DGFM,14,0.01,descriptive,True,1832.0,234496.0,0.0099390111863613,7680.0,983040.0,1832.0,234496.0
25,DGFM,15,0.05,primary,True,952.0,121856.0,0.0498817637562751,7680.0,983040.0,952.0,121856.0
25,DGFM,15,0.03,primary,True,1224.0,156672.0,0.0292899068444967,7680.0,983040.0,1224.0,156672.0
25,DGFM,15,0.02,descriptive,True,1520.0,194560.0,0.0195372924208641,7680.0,983040.0,1520.0,194560.0
25,DGFM,15,0.018,descriptive,True,1568.0,200704.0,0.0176683999598026,7680.0,983040.0,1568.0,200704.0
25,DGFM,15,0.016,descriptive,True,1800.0,230400.0,0.0155281862244009,7680.0,983040.0,1800.0,230400.0
25,DGFM,15,0.015,descriptive,True,1848.0,236544.0,0.0145152546465396,7680.0,983040.0,1848.0,236544.0
25,DGFM,15,0.01,descriptive,True,2192.0,280576.0,0.0097005916759371,7680.0,983040.0,2192.0,280576.0
25,DGFM,16,0.05,primary,True,888.0,113664.0,0.049321062862873,7680.0,983040.0,888.0,113664.0
25,DGFM,16,0.03,primary,True,1216.0,155648.0,0.0293497703969478,7680.0,983040.0,1216.0,155648.0
25,DGFM,16,0.02,descriptive,True,1392.0,178176.0,0.0197374168783426,7680.0,983040.0,1392.0,178176.0
25,DGFM,16,0.018,descriptive,True,1480.0,189440.0,0.0178315211087465,7680.0,983040.0,1480.0,189440.0
25,DGFM,16,0.016,descriptive,True,1576.0,201728.0,0.014799578115344,7680.0,983040.0,1576.0,201728.0
25,DGFM,16,0.015,descriptive,True,1576.0,201728.0,0.014799578115344,7680.0,983040.0,1576.0,201728.0
25,DGFM,16,0.01,descriptive,True,2208.0,282624.0,0.0099919810891151,7680.0,983040.0,2208.0,282624.0
25,DGFM,17,0.05,primary,True,952.0,121856.0,0.049117524176836,7680.0,983040.0,952.0,121856.0
25,DGFM,17,0.03,primary,True,1160.0,148480.0,0.0296206250786781,7680.0,983040.0,1160.0,148480.0
25,DGFM,17,0.02,descriptive,True,1368.0,175104.0,0.0199157670140266,7680.0,983040.0,1368.0,175104.0
25,DGFM,17,0.018,descriptive,True,1392.0,178176.0,0.0178072471171617,7680.0,983040.0,1392.0,178176.0
25,DGFM,17,0.016,descriptive,True,1480.0,189440.0,0.0159602109342813,7680.0,983040.0,1480.0,189440.0
25,DGFM,17,0.015,descriptive,True,1488.0,190464.0,0.0148571040481328,7680.0,983040.0,1488.0,190464.0
25,DGFM,17,0.01,descriptive,True,1728.0,221184.0,0.0099697513505816,7680.0,983040.0,1728.0,221184.0
25,DGFM,18,0.05,primary,True,976.0,124928.0,0.0495096743106842,7680.0,983040.0,976.0,124928.0
25,DGFM,18,0.03,primary,True,1280.0,163840.0,0.0290522649884223,7680.0,983040.0,1280.0,163840.0
25,DGFM,18,0.02,descriptive,True,1512.0,193536.0,0.0199170503765344,7680.0,983040.0,1512.0,193536.0
25,DGFM,18,0.018,descriptive,True,1600.0,204800.0,0.0177800096571445,7680.0,983040.0,1600.0,204800.0
25,DGFM,18,0.016,descriptive,True,1688.0,216064.0,0.0159476865082979,7680.0,983040.0,1688.0,216064.0
25,DGFM,18,0.015,descriptive,True,1712.0,219136.0,0.0149320689961314,7680.0,983040.0,1712.0,219136.0
25,DGFM,18,0.01,descriptive,True,1952.0,249856.0,0.0096537284553051,7680.0,983040.0,1952.0,249856.0
25,DGFM,19,0.05,primary,True,952.0,121856.0,0.0495355650782585,7680.0,983040.0,952.0,121856.0
25,DGFM,19,0.03,primary,True,1184.0,151552.0,0.0294514410197734,7680.0,983040.0,1184.0,151552.0
25,DGFM,19,0.02,descriptive,True,1344.0,172032.0,0.019249889999628,7680.0,983040.0,1344.0,172032.0
25,DGFM,19,0.018,descriptive,True,1392.0,178176.0,0.0175625793635845,7680.0,983040.0,1392.0,178176.0
25,DGFM,19,0.016,descriptive,True,1448.0,185344.0,0.0157528482377529,7680.0,983040.0,1448.0,185344.0
25,DGFM,19,0.015,descriptive,True,1520.0,194560.0,0.0145552214235067,7680.0,983040.0,1520.0,194560.0
25,DGFM,19,0.01,descriptive,True,2136.0,273408.0,0.0095652053132653,7680.0,983040.0,2136.0,273408.0
25,DGFM+,0,0.05,primary,True,1056.0,143616.0,0.0499367080628871,7224.0,983040.0,1056.0,143616.0
25,DGFM+,0,0.03,primary,True,1648.0,224768.0,0.0298478621989488,7224.0,983040.0,1648.0,224768.0
25,DGFM+,0,0.02,descriptive,False,,,,7224.0,983040.0,7224.0,983040.0
25,DGFM+,0,0.018,descriptive,False,,,,7224.0,983040.0,7224.0,983040.0
25,DGFM+,0,0.016,descriptive,False,,,,7224.0,983040.0,7224.0,983040.0
25,DGFM+,0,0.015,descriptive,False,,,,7224.0,983040.0,7224.0,983040.0
25,DGFM+,0,0.01,descriptive,False,,,,7224.0,983040.0,7224.0,983040.0
25,DGFM+,1,0.05,primary,True,976.0,133376.0,0.0494506619870662,7224.0,983040.0,976.0,133376.0
25,DGFM+,1,0.03,primary,True,1696.0,230912.0,0.0299741625785827,7224.0,983040.0,1696.0,230912.0
25,DGFM+,1,0.02,descriptive,False,,,,7224.0,983040.0,7224.0,983040.0
25,DGFM+,1,0.018,descriptive,False,,,,7224.0,983040.0,7224.0,983040.0
25,DGFM+,1,0.016,descriptive,False,,,,7224.0,983040.0,7224.0,983040.0
25,DGFM+,1,0.015,descriptive,False,,,,7224.0,983040.0,7224.0,983040.0
25,DGFM+,1,0.01,descriptive,False,,,,7224.0,983040.0,7224.0,983040.0
25,DGFM+,2,0.05,primary,True,1024.0,139520.0,0.049186710268259,7224.0,983040.0,1024.0,139520.0
25,DGFM+,2,0.03,primary,True,1376.0,187648.0,0.0293221604079008,7224.0,983040.0,1376.0,187648.0
25,DGFM+,2,0.02,descriptive,True,1648.0,224768.0,0.0199566036462783,7224.0,983040.0,1648.0,224768.0
25,DGFM+,2,0.018,descriptive,False,,,,7224.0,983040.0,7224.0,983040.0
25,DGFM+,2,0.016,descriptive,False,,,,7224.0,983040.0,7224.0,983040.0
25,DGFM+,2,0.015,descriptive,False,,,,7224.0,983040.0,7224.0,983040.0
25,DGFM+,2,0.01,descriptive,False,,,,7224.0,983040.0,7224.0,983040.0
25,DGFM+,3,0.05,primary,True,1128.0,153600.0,0.0495984181761741,7224.0,983040.0,1128.0,153600.0
25,DGFM+,3,0.03,primary,True,1936.0,263936.0,0.0293487161397933,7224.0,983040.0,1936.0,263936.0
25,DGFM+,3,0.02,descriptive,True,2448.0,333312.0,0.019855361431837,7224.0,983040.0,2448.0,333312.0
25,DGFM+,3,0.018,descriptive,True,4904.0,667648.0,0.0179280657321214,7224.0,983040.0,4904.0,667648.0
25,DGFM+,3,0.016,descriptive,False,,,,7224.0,983040.0,7224.0,983040.0
25,DGFM+,3,0.015,descriptive,False,,,,7224.0,983040.0,7224.0,983040.0
25,DGFM+,3,0.01,descriptive,False,,,,7224.0,983040.0,7224.0,983040.0
25,DGFM+,4,0.05,primary,True,1024.0,139520.0,0.049213271588087,7224.0,983040.0,1024.0,139520.0
25,DGFM+,4,0.03,primary,True,1408.0,191744.0,0.0298268627375364,7224.0,983040.0,1408.0,191744.0
25,DGFM+,4,0.02,descriptive,False,,,,7224.0,983040.0,7224.0,983040.0
25,DGFM+,4,0.018,descriptive,False,,,,7224.0,983040.0,7224.0,983040.0
25,DGFM+,4,0.016,descriptive,False,,,,7224.0,983040.0,7224.0,983040.0
25,DGFM+,4,0.015,descriptive,False,,,,7224.0,983040.0,7224.0,983040.0
25,DGFM+,4,0.01,descriptive,False,,,,7224.0,983040.0,7224.0,983040.0
25,DGFM+,5,0.05,primary,True,896.0,122368.0,0.0493467077612876,7224.0,983040.0,896.0,122368.0
25,DGFM+,5,0.03,primary,True,1520.0,206848.0,0.0298069454729557,7224.0,983040.0,1520.0,206848.0
25,DGFM+,5,0.02,descriptive,True,7168.0,975104.0,0.0199697166681289,7224.0,983040.0,7168.0,975104.0
25,DGFM+,5,0.018,descriptive,False,,,,7224.0,983040.0,7224.0,983040.0
25,DGFM+,5,0.016,descriptive,False,,,,7224.0,983040.0,7224.0,983040.0
25,DGFM+,5,0.015,descriptive,False,,,,7224.0,983040.0,7224.0,983040.0
25,DGFM+,5,0.01,descriptive,False,,,,7224.0,983040.0,7224.0,983040.0
25,DGFM+,6,0.05,primary,True,1032.0,140544.0,0.0490876957774162,7224.0,983040.0,1032.0,140544.0
25,DGFM+,6,0.03,primary,True,1472.0,200704.0,0.0298806950449943,7224.0,983040.0,1472.0,200704.0
25,DGFM+,6,0.02,descriptive,False,,,,7224.0,983040.0,7224.0,983040.0
25,DGFM+,6,0.018,descriptive,False,,,,7224.0,983040.0,7224.0,983040.0
25,DGFM+,6,0.016,descriptive,False,,,,7224.0,983040.0,7224.0,983040.0
25,DGFM+,6,0.015,descriptive,False,,,,7224.0,983040.0,7224.0,983040.0
25,DGFM+,6,0.01,descriptive,False,,,,7224.0,983040.0,7224.0,983040.0
25,DGFM+,7,0.05,primary,True,1160.0,158464.0,0.0492896400392055,7224.0,983040.0,1160.0,158464.0
25,DGFM+,7,0.03,primary,True,1536.0,208896.0,0.0298488698899745,7224.0,983040.0,1536.0,208896.0
25,DGFM+,7,0.02,descriptive,False,,,,7224.0,983040.0,7224.0,983040.0
25,DGFM+,7,0.018,descriptive,False,,,,7224.0,983040.0,7224.0,983040.0
25,DGFM+,7,0.016,descriptive,False,,,,7224.0,983040.0,7224.0,983040.0
25,DGFM+,7,0.015,descriptive,False,,,,7224.0,983040.0,7224.0,983040.0
25,DGFM+,7,0.01,descriptive,False,,,,7224.0,983040.0,7224.0,983040.0
25,DGFM+,8,0.05,primary,True,840.0,114432.0,0.0486809313297271,7224.0,983040.0,840.0,114432.0
25,DGFM+,8,0.03,primary,True,1744.0,237824.0,0.0298010259866714,7224.0,983040.0,1744.0,237824.0
25,DGFM+,8,0.02,descriptive,False,,,,7224.0,983040.0,7224.0,983040.0
25,DGFM+,8,0.018,descriptive,False,,,,7224.0,983040.0,7224.0,983040.0
25,DGFM+,8,0.016,descriptive,False,,,,7224.0,983040.0,7224.0,983040.0
25,DGFM+,8,0.015,descriptive,False,,,,7224.0,983040.0,7224.0,983040.0
25,DGFM+,8,0.01,descriptive,False,,,,7224.0,983040.0,7224.0,983040.0
25,DGFM+,9,0.05,primary,True,1248.0,169728.0,0.0497622974216938,7224.0,983040.0,1248.0,169728.0
25,DGFM+,9,0.03,primary,True,1832.0,249856.0,0.0299316793680191,7224.0,983040.0,1832.0,249856.0
25,DGFM+,9,0.02,descriptive,False,,,,7224.0,983040.0,7224.0,983040.0
25,DGFM+,9,0.018,descriptive,False,,,,7224.0,983040.0,7224.0,983040.0
25,DGFM+,9,0.016,descriptive,False,,,,7224.0,983040.0,7224.0,983040.0
25,DGFM+,9,0.015,descriptive,False,,,,7224.0,983040.0,7224.0,983040.0
25,DGFM+,9,0.01,descriptive,False,,,,7224.0,983040.0,7224.0,983040.0
25,DGFM+,10,0.05,primary,True,984.0,134400.0,0.049738947302103,7224.0,983040.0,984.0,134400.0
25,DGFM+,10,0.03,primary,True,1616.0,219904.0,0.0298754107207059,7224.0,983040.0,1616.0,219904.0
25,DGFM+,10,0.02,descriptive,True,6536.0,889600.0,0.0197609793394804,7224.0,983040.0,6536.0,889600.0
25,DGFM+,10,0.018,descriptive,False,,,,7224.0,983040.0,7224.0,983040.0
25,DGFM+,10,0.016,descriptive,False,,,,7224.0,983040.0,7224.0,983040.0
25,DGFM+,10,0.015,descriptive,False,,,,7224.0,983040.0,7224.0,983040.0
25,DGFM+,10,0.01,descriptive,False,,,,7224.0,983040.0,7224.0,983040.0
25,DGFM+,11,0.05,primary,True,952.0,129536.0,0.0494381599128246,7224.0,983040.0,952.0,129536.0
25,DGFM+,11,0.03,primary,True,1584.0,215808.0,0.0297836177051067,7224.0,983040.0,1584.0,215808.0
25,DGFM+,11,0.02,descriptive,True,3752.0,510976.0,0.019914299249649,7224.0,983040.0,3752.0,510976.0
25,DGFM+,11,0.018,descriptive,False,,,,7224.0,983040.0,7224.0,983040.0
25,DGFM+,11,0.016,descriptive,False,,,,7224.0,983040.0,7224.0,983040.0
25,DGFM+,11,0.015,descriptive,False,,,,7224.0,983040.0,7224.0,983040.0
25,DGFM+,11,0.01,descriptive,False,,,,7224.0,983040.0,7224.0,983040.0
25,DGFM+,12,0.05,primary,True,1024.0,139520.0,0.0494028255343437,7224.0,983040.0,1024.0,139520.0
25,DGFM+,12,0.03,primary,True,3208.0,436736.0,0.0299689695239067,7224.0,983040.0,3208.0,436736.0
25,DGFM+,12,0.02,descriptive,False,,,,7224.0,983040.0,7224.0,983040.0
25,DGFM+,12,0.018,descriptive,False,,,,7224.0,983040.0,7224.0,983040.0
25,DGFM+,12,0.016,descriptive,False,,,,7224.0,983040.0,7224.0,983040.0
25,DGFM+,12,0.015,descriptive,False,,,,7224.0,983040.0,7224.0,983040.0
25,DGFM+,12,0.01,descriptive,False,,,,7224.0,983040.0,7224.0,983040.0
25,DGFM+,13,0.05,primary,True,1184.0,161536.0,0.0495437867939472,7224.0,983040.0,1184.0,161536.0
25,DGFM+,13,0.03,primary,True,2400.0,326400.0,0.029747225344181,7224.0,983040.0,2400.0,326400.0
25,DGFM+,13,0.02,descriptive,False,,,,7224.0,983040.0,7224.0,983040.0
25,DGFM+,13,0.018,descriptive,False,,,,7224.0,983040.0,7224.0,983040.0
25,DGFM+,13,0.016,descriptive,False,,,,7224.0,983040.0,7224.0,983040.0
25,DGFM+,13,0.015,descriptive,False,,,,7224.0,983040.0,7224.0,983040.0
25,DGFM+,13,0.01,descriptive,False,,,,7224.0,983040.0,7224.0,983040.0
25,DGFM+,14,0.05,primary,True,1000.0,136448.0,0.0498721562325954,7224.0,983040.0,1000.0,136448.0
25,DGFM+,14,0.03,primary,True,1688.0,229888.0,0.029837867245078,7224.0,983040.0,1688.0,229888.0
25,DGFM+,14,0.02,descriptive,False,,,,7224.0,983040.0,7224.0,983040.0
25,DGFM+,14,0.018,descriptive,False,,,,7224.0,983040.0,7224.0,983040.0
25,DGFM+,14,0.016,descriptive,False,,,,7224.0,983040.0,7224.0,983040.0
25,DGFM+,14,0.015,descriptive,False,,,,7224.0,983040.0,7224.0,983040.0
25,DGFM+,14,0.01,descriptive,False,,,,7224.0,983040.0,7224.0,983040.0
25,DGFM+,15,0.05,primary,True,1104.0,150528.0,0.0497414693236351,7224.0,983040.0,1104.0,150528.0
25,DGFM+,15,0.03,primary,True,1416.0,192768.0,0.0296850726008415,7224.0,983040.0,1416.0,192768.0
25,DGFM+,15,0.02,descriptive,True,1704.0,231936.0,0.0198713913559913,7224.0,983040.0,1704.0,231936.0
25,DGFM+,15,0.018,descriptive,False,,,,7224.0,983040.0,7224.0,983040.0
25,DGFM+,15,0.016,descriptive,False,,,,7224.0,983040.0,7224.0,983040.0
25,DGFM+,15,0.015,descriptive,False,,,,7224.0,983040.0,7224.0,983040.0
25,DGFM+,15,0.01,descriptive,False,,,,7224.0,983040.0,7224.0,983040.0
25,DGFM+,16,0.05,primary,True,1040.0,141568.0,0.04966327175498,7224.0,983040.0,1040.0,141568.0
25,DGFM+,16,0.03,primary,True,1600.0,217856.0,0.0297553576529026,7224.0,983040.0,1600.0,217856.0
25,DGFM+,16,0.02,descriptive,False,,,,7224.0,983040.0,7224.0,983040.0
25,DGFM+,16,0.018,descriptive,False,,,,7224.0,983040.0,7224.0,983040.0
25,DGFM+,16,0.016,descriptive,False,,,,7224.0,983040.0,7224.0,983040.0
25,DGFM+,16,0.015,descriptive,False,,,,7224.0,983040.0,7224.0,983040.0
25,DGFM+,16,0.01,descriptive,False,,,,7224.0,983040.0,7224.0,983040.0
25,DGFM+,17,0.05,primary,True,1152.0,156672.0,0.0499208457767963,7224.0,983040.0,1152.0,156672.0
25,DGFM+,17,0.03,primary,True,1392.0,189696.0,0.0296105667948722,7224.0,983040.0,1392.0,189696.0
25,DGFM+,17,0.02,descriptive,False,,,,7224.0,983040.0,7224.0,983040.0
25,DGFM+,17,0.018,descriptive,False,,,,7224.0,983040.0,7224.0,983040.0
25,DGFM+,17,0.016,descriptive,False,,,,7224.0,983040.0,7224.0,983040.0
25,DGFM+,17,0.015,descriptive,False,,,,7224.0,983040.0,7224.0,983040.0
25,DGFM+,17,0.01,descriptive,False,,,,7224.0,983040.0,7224.0,983040.0
25,DGFM+,18,0.05,primary,True,1056.0,143616.0,0.0494755953550338,7224.0,983040.0,1056.0,143616.0
25,DGFM+,18,0.03,primary,True,2208.0,300288.0,0.0299332998692989,7224.0,983040.0,2208.0,300288.0
25,DGFM+,18,0.02,descriptive,True,4160.0,566272.0,0.0198458842933177,7224.0,983040.0,4160.0,566272.0
25,DGFM+,18,0.018,descriptive,False,,,,7224.0,983040.0,7224.0,983040.0
25,DGFM+,18,0.016,descriptive,False,,,,7224.0,983040.0,7224.0,983040.0
25,DGFM+,18,0.015,descriptive,False,,,,7224.0,983040.0,7224.0,983040.0
25,DGFM+,18,0.01,descriptive,False,,,,7224.0,983040.0,7224.0,983040.0
25,DGFM+,19,0.05,primary,True,1120.0,152576.0,0.049228698015213,7224.0,983040.0,1120.0,152576.0
25,DGFM+,19,0.03,primary,True,1336.0,181760.0,0.0296124462038278,7224.0,983040.0,1336.0,181760.0
25,DGFM+,19,0.02,descriptive,True,2728.0,371456.0,0.0198754407465457,7224.0,983040.0,2728.0,371456.0
25,DGFM+,19,0.018,descriptive,False,,,,7224.0,983040.0,7224.0,983040.0
25,DGFM+,19,0.016,descriptive,False,,,,7224.0,983040.0,7224.0,983040.0
25,DGFM+,19,0.015,descriptive,False,,,,7224.0,983040.0,7224.0,983040.0
25,DGFM+,19,0.01,descriptive,False,,,,7224.0,983040.0,7224.0,983040.0
50,NOG-ZO,0,0.05,primary,True,184.0,188416.0,0.0434421822428703,960.0,983040.0,184.0,188416.0
50,NOG-ZO,0,0.03,primary,True,196.0,200704.0,0.0245085395872592,960.0,983040.0,196.0,200704.0
50,NOG-ZO,0,0.02,descriptive,True,200.0,204800.0,0.01950079575181,960.0,983040.0,200.0,204800.0
50,NOG-ZO,0,0.018,descriptive,True,204.0,208896.0,0.0155908409506082,960.0,983040.0,204.0,208896.0
50,NOG-ZO,0,0.016,descriptive,True,204.0,208896.0,0.0155908409506082,960.0,983040.0,204.0,208896.0
50,NOG-ZO,0,0.015,descriptive,True,208.0,212992.0,0.0131397387012839,960.0,983040.0,208.0,212992.0
50,NOG-ZO,0,0.01,descriptive,False,,,,960.0,983040.0,960.0,983040.0
50,NOG-ZO,1,0.05,primary,True,180.0,184320.0,0.0478734970092773,960.0,983040.0,180.0,184320.0
50,NOG-ZO,1,0.03,primary,True,192.0,196608.0,0.0285587199032306,960.0,983040.0,192.0,196608.0
50,NOG-ZO,1,0.02,descriptive,True,200.0,204800.0,0.0176074896007776,960.0,983040.0,200.0,204800.0
50,NOG-ZO,1,0.018,descriptive,True,200.0,204800.0,0.0176074896007776,960.0,983040.0,200.0,204800.0
50,NOG-ZO,1,0.016,descriptive,True,204.0,208896.0,0.0140854567289352,960.0,983040.0,204.0,208896.0
50,NOG-ZO,1,0.015,descriptive,True,204.0,208896.0,0.0140854567289352,960.0,983040.0,204.0,208896.0
50,NOG-ZO,1,0.01,descriptive,False,,,,960.0,983040.0,960.0,983040.0
50,NOG-ZO,2,0.05,primary,True,180.0,184320.0,0.0476466715335845,960.0,983040.0,180.0,184320.0
50,NOG-ZO,2,0.03,primary,True,192.0,196608.0,0.0284740570932626,960.0,983040.0,192.0,196608.0
50,NOG-ZO,2,0.02,descriptive,True,200.0,204800.0,0.018162528052926,960.0,983040.0,200.0,204800.0
50,NOG-ZO,2,0.018,descriptive,True,204.0,208896.0,0.0148597527295351,960.0,983040.0,204.0,208896.0
50,NOG-ZO,2,0.016,descriptive,True,204.0,208896.0,0.0148597527295351,960.0,983040.0,204.0,208896.0
50,NOG-ZO,2,0.015,descriptive,True,204.0,208896.0,0.0148597527295351,960.0,983040.0,204.0,208896.0
50,NOG-ZO,2,0.01,descriptive,False,,,,960.0,983040.0,960.0,983040.0
50,NOG-ZO,3,0.05,primary,True,180.0,184320.0,0.049790684133768,960.0,983040.0,180.0,184320.0
50,NOG-ZO,3,0.03,primary,True,196.0,200704.0,0.0244812257587909,960.0,983040.0,196.0,200704.0
50,NOG-ZO,3,0.02,descriptive,True,200.0,204800.0,0.01991325058043,960.0,983040.0,200.0,204800.0
50,NOG-ZO,3,0.018,descriptive,True,204.0,208896.0,0.0153570352122187,960.0,983040.0,204.0,208896.0
50,NOG-ZO,3,0.016,descriptive,True,204.0,208896.0,0.0153570352122187,960.0,983040.0,204.0,208896.0
50,NOG-ZO,3,0.015,descriptive,True,208.0,212992.0,0.0130361746996641,960.0,983040.0,208.0,212992.0
50,NOG-ZO,3,0.01,descriptive,False,,,,960.0,983040.0,960.0,983040.0
50,NOG-ZO,4,0.05,primary,True,180.0,184320.0,0.0440036281943321,960.0,983040.0,180.0,184320.0
50,NOG-ZO,4,0.03,primary,True,192.0,196608.0,0.0253445580601692,960.0,983040.0,192.0,196608.0
50,NOG-ZO,4,0.02,descriptive,True,196.0,200704.0,0.0195927135646343,960.0,983040.0,196.0,200704.0
50,NOG-ZO,4,0.018,descriptive,True,200.0,204800.0,0.0154975559562444,960.0,983040.0,200.0,204800.0
50,NOG-ZO,4,0.016,descriptive,True,200.0,204800.0,0.0154975559562444,960.0,983040.0,200.0,204800.0
50,NOG-ZO,4,0.015,descriptive,True,204.0,208896.0,0.0134511524811387,960.0,983040.0,204.0,208896.0
50,NOG-ZO,4,0.01,descriptive,False,,,,960.0,983040.0,960.0,983040.0
50,NOG-ZO,5,0.05,primary,True,180.0,184320.0,0.0482492409646511,960.0,983040.0,180.0,184320.0
50,NOG-ZO,5,0.03,primary,True,192.0,196608.0,0.0293252617120742,960.0,983040.0,192.0,196608.0
50,NOG-ZO,5,0.02,descriptive,True,200.0,204800.0,0.0184029582887887,960.0,983040.0,200.0,204800.0
50,NOG-ZO,5,0.018,descriptive,True,204.0,208896.0,0.0140918791294097,960.0,983040.0,204.0,208896.0
50,NOG-ZO,5,0.016,descriptive,True,204.0,208896.0,0.0140918791294097,960.0,983040.0,204.0,208896.0
50,NOG-ZO,5,0.015,descriptive,True,204.0,208896.0,0.0140918791294097,960.0,983040.0,204.0,208896.0
50,NOG-ZO,5,0.01,descriptive,False,,,,960.0,983040.0,960.0,983040.0
50,NOG-ZO,6,0.05,primary,True,180.0,184320.0,0.0495122522115707,960.0,983040.0,180.0,184320.0
50,NOG-ZO,6,0.03,primary,True,192.0,196608.0,0.0297106821089983,960.0,983040.0,192.0,196608.0
50,NOG-ZO,6,0.02,descriptive,True,200.0,204800.0,0.0183007810264825,960.0,983040.0,200.0,204800.0
50,NOG-ZO,6,0.018,descriptive,True,204.0,208896.0,0.0138837015256285,960.0,983040.0,204.0,208896.0
50,NOG-ZO,6,0.016,descriptive,True,204.0,208896.0,0.0138837015256285,960.0,983040.0,204.0,208896.0
50,NOG-ZO,6,0.015,descriptive,True,204.0,208896.0,0.0138837015256285,960.0,983040.0,204.0,208896.0
50,NOG-ZO,6,0.01,descriptive,False,,,,960.0,983040.0,960.0,983040.0
50,NOG-ZO,7,0.05,primary,True,180.0,184320.0,0.0498454086482524,960.0,983040.0,180.0,184320.0
50,NOG-ZO,7,0.03,primary,True,196.0,200704.0,0.0252113137394189,960.0,983040.0,196.0,200704.0
50,NOG-ZO,7,0.02,descriptive,True,204.0,208896.0,0.0160242039710283,960.0,983040.0,204.0,208896.0
50,NOG-ZO,7,0.018,descriptive,True,204.0,208896.0,0.0160242039710283,960.0,983040.0,204.0,208896.0
50,NOG-ZO,7,0.016,descriptive,True,208.0,212992.0,0.0138900764286518,960.0,983040.0,208.0,212992.0
50,NOG-ZO,7,0.015,descriptive,True,208.0,212992.0,0.0138900764286518,960.0,983040.0,208.0,212992.0
50,NOG-ZO,7,0.01,descriptive,False,,,,960.0,983040.0,960.0,983040.0
50,NOG-ZO,8,0.05,primary,True,184.0,188416.0,0.0457045324146747,960.0,983040.0,184.0,188416.0
50,NOG-ZO,8,0.03,primary,True,196.0,200704.0,0.0263846740126609,960.0,983040.0,196.0,200704.0
50,NOG-ZO,8,0.02,descriptive,True,204.0,208896.0,0.0161215085536241,960.0,983040.0,204.0,208896.0
50,NOG-ZO,8,0.018,descriptive,True,204.0,208896.0,0.0161215085536241,960.0,983040.0,204.0,208896.0
50,NOG-ZO,8,0.016,descriptive,True,208.0,212992.0,0.0126125728711485,960.0,983040.0,208.0,212992.0
50,NOG-ZO,8,0.015,descriptive,True,208.0,212992.0,0.0126125728711485,960.0,983040.0,208.0,212992.0
50,NOG-ZO,8,0.01,descriptive,False,,,,960.0,983040.0,960.0,983040.0
50,NOG-ZO,9,0.05,primary,True,184.0,188416.0,0.0446661822497844,960.0,983040.0,184.0,188416.0
50,NOG-ZO,9,0.03,primary,True,196.0,200704.0,0.0267458520829677,960.0,983040.0,196.0,200704.0
50,NOG-ZO,9,0.02,descriptive,True,204.0,208896.0,0.0164359752088785,960.0,983040.0,204.0,208896.0
50,NOG-ZO,9,0.018,descriptive,True,204.0,208896.0,0.0164359752088785,960.0,983040.0,204.0,208896.0
50,NOG-ZO,9,0.016,descriptive,True,208.0,212992.0,0.0138291763141751,960.0,983040.0,208.0,212992.0
50,NOG-ZO,9,0.015,descriptive,True,208.0,212992.0,0.0138291763141751,960.0,983040.0,208.0,212992.0
50,NOG-ZO,9,0.01,descriptive,False,,,,960.0,983040.0,960.0,983040.0
50,NOG-ZO,10,0.05,primary,True,180.0,184320.0,0.0470661260187625,960.0,983040.0,180.0,184320.0
50,NOG-ZO,10,0.03,primary,True,192.0,196608.0,0.0285587590187788,960.0,983040.0,192.0,196608.0
50,NOG-ZO,10,0.02,descriptive,True,200.0,204800.0,0.0173749532550573,960.0,983040.0,200.0,204800.0
50,NOG-ZO,10,0.018,descriptive,True,200.0,204800.0,0.0173749532550573,960.0,983040.0,200.0,204800.0
50,NOG-ZO,10,0.016,descriptive,True,204.0,208896.0,0.0131257744506001,960.0,983040.0,204.0,208896.0
50,NOG-ZO,10,0.015,descriptive,True,204.0,208896.0,0.0131257744506001,960.0,983040.0,204.0,208896.0
50,NOG-ZO,10,0.01,descriptive,False,,,,960.0,983040.0,960.0,983040.0
50,NOG-ZO,11,0.05,primary,True,180.0,184320.0,0.0458367988467216,960.0,983040.0,180.0,184320.0
50,NOG-ZO,11,0.03,primary,True,192.0,196608.0,0.0259301029145717,960.0,983040.0,192.0,196608.0
50,NOG-ZO,11,0.02,descriptive,True,200.0,204800.0,0.015610247850418,960.0,983040.0,200.0,204800.0
50,NOG-ZO,11,0.018,descriptive,True,200.0,204800.0,0.015610247850418,960.0,983040.0,200.0,204800.0
50,NOG-ZO,11,0.016,descriptive,True,200.0,204800.0,0.015610247850418,960.0,983040.0,200.0,204800.0
50,NOG-ZO,11,0.015,descriptive,True,204.0,208896.0,0.0125421592965722,960.0,983040.0,204.0,208896.0
50,NOG-ZO,11,0.01,descriptive,False,,,,960.0,983040.0,960.0,983040.0
50,NOG-ZO,12,0.05,primary,True,184.0,188416.0,0.0454707778990268,960.0,983040.0,184.0,188416.0
50,NOG-ZO,12,0.03,primary,True,196.0,200704.0,0.0259941797703504,960.0,983040.0,196.0,200704.0
50,NOG-ZO,12,0.02,descriptive,True,204.0,208896.0,0.0159706100821495,960.0,983040.0,204.0,208896.0
50,NOG-ZO,12,0.018,descriptive,True,204.0,208896.0,0.0159706100821495,960.0,983040.0,204.0,208896.0
50,NOG-ZO,12,0.016,descriptive,True,204.0,208896.0,0.0159706100821495,960.0,983040.0,204.0,208896.0
50,NOG-ZO,12,0.015,descriptive,True,208.0,212992.0,0.0133011387661099,960.0,983040.0,208.0,212992.0
50,NOG-ZO,12,0.01,descriptive,False,,,,960.0,983040.0,960.0,983040.0
50,NOG-ZO,13,0.05,primary,True,184.0,188416.0,0.0497883521020412,960.0,983040.0,184.0,188416.0
50,NOG-ZO,13,0.03,primary,True,200.0,204800.0,0.0256010945886373,960.0,983040.0,200.0,204800.0
50,NOG-ZO,13,0.02,descriptive,True,204.0,208896.0,0.0198791529983282,960.0,983040.0,204.0,208896.0
50,NOG-ZO,13,0.018,descriptive,True,208.0,212992.0,0.0155554581433534,960.0,983040.0,208.0,212992.0
50,NOG-ZO,13,0.016,descriptive,True,208.0,212992.0,0.0155554581433534,960.0,983040.0,208.0,212992.0
50,NOG-ZO,13,0.015,descriptive,True,212.0,217088.0,0.0126296821981668,960.0,983040.0,212.0,217088.0
50,NOG-ZO,13,0.01,descriptive,False,,,,960.0,983040.0,960.0,983040.0
50,NOG-ZO,14,0.05,primary,True,184.0,188416.0,0.0431990772485733,960.0,983040.0,184.0,188416.0
50,NOG-ZO,14,0.03,primary,True,196.0,200704.0,0.0265015270560979,960.0,983040.0,196.0,200704.0
50,NOG-ZO,14,0.02,descriptive,True,204.0,208896.0,0.0177310034632682,960.0,983040.0,204.0,208896.0
50,NOG-ZO,14,0.018,descriptive,True,204.0,208896.0,0.0177310034632682,960.0,983040.0,204.0,208896.0
50,NOG-ZO,14,0.016,descriptive,False,,,,960.0,983040.0,960.0,983040.0
50,NOG-ZO,14,0.015,descriptive,False,,,,960.0,983040.0,960.0,983040.0
50,NOG-ZO,14,0.01,descriptive,False,,,,960.0,983040.0,960.0,983040.0
50,NOG-ZO,15,0.05,primary,True,184.0,188416.0,0.0456633269786834,960.0,983040.0,184.0,188416.0
50,NOG-ZO,15,0.03,primary,True,196.0,200704.0,0.027047274634242,960.0,983040.0,196.0,200704.0
50,NOG-ZO,15,0.02,descriptive,True,204.0,208896.0,0.0166625790297985,960.0,983040.0,204.0,208896.0
50,NOG-ZO,15,0.018,descriptive,True,204.0,208896.0,0.0166625790297985,960.0,983040.0,204.0,208896.0
50,NOG-ZO,15,0.016,descriptive,True,208.0,212992.0,0.0127970166504383,960.0,983040.0,208.0,212992.0
50,NOG-ZO,15,0.015,descriptive,True,208.0,212992.0,0.0127970166504383,960.0,983040.0,208.0,212992.0
50,NOG-ZO,15,0.01,descriptive,False,,,,960.0,983040.0,960.0,983040.0
50,NOG-ZO,16,0.05,primary,True,184.0,188416.0,0.0426750518381595,960.0,983040.0,184.0,188416.0
50,NOG-ZO,16,0.03,primary,True,196.0,200704.0,0.0238695722073316,960.0,983040.0,196.0,200704.0
50,NOG-ZO,16,0.02,descriptive,True,200.0,204800.0,0.0191238578408956,960.0,983040.0,200.0,204800.0
50,NOG-ZO,16,0.018,descriptive,True,204.0,208896.0,0.015293838456273,960.0,983040.0,204.0,208896.0
50,NOG-ZO,16,0.016,descriptive,True,204.0,208896.0,0.015293838456273,960.0,983040.0,204.0,208896.0
50,NOG-ZO,16,0.015,descriptive,True,208.0,212992.0,0.012924050912261,960.0,983040.0,208.0,212992.0
50,NOG-ZO,16,0.01,descriptive,False,,,,960.0,983040.0,960.0,983040.0
50,NOG-ZO,17,0.05,primary,True,184.0,188416.0,0.0442997589707374,960.0,983040.0,184.0,188416.0
50,NOG-ZO,17,0.03,primary,True,196.0,200704.0,0.0258672125637531,960.0,983040.0,196.0,200704.0
50,NOG-ZO,17,0.02,descriptive,True,204.0,208896.0,0.0162283927202224,960.0,983040.0,204.0,208896.0
50,NOG-ZO,17,0.018,descriptive,True,204.0,208896.0,0.0162283927202224,960.0,983040.0,204.0,208896.0
50,NOG-ZO,17,0.016,descriptive,True,208.0,212992.0,0.0135618653148412,960.0,983040.0,208.0,212992.0
50,NOG-ZO,17,0.015,descriptive,True,208.0,212992.0,0.0135618653148412,960.0,983040.0,208.0,212992.0
50,NOG-ZO,17,0.01,descriptive,False,,,,960.0,983040.0,960.0,983040.0
50,NOG-ZO,18,0.05,primary,True,184.0,188416.0,0.0444575548171997,960.0,983040.0,184.0,188416.0
50,NOG-ZO,18,0.03,primary,True,196.0,200704.0,0.0268758665770292,960.0,983040.0,196.0,200704.0
50,NOG-ZO,18,0.02,descriptive,True,204.0,208896.0,0.017638687044382,960.0,983040.0,204.0,208896.0
50,NOG-ZO,18,0.018,descriptive,True,204.0,208896.0,0.017638687044382,960.0,983040.0,204.0,208896.0
50,NOG-ZO,18,0.016,descriptive,True,208.0,212992.0,0.0151556581258773,960.0,983040.0,208.0,212992.0
50,NOG-ZO,18,0.015,descriptive,False,,,,960.0,983040.0,960.0,983040.0
50,NOG-ZO,18,0.01,descriptive,False,,,,960.0,983040.0,960.0,983040.0
50,NOG-ZO,19,0.05,primary,True,184.0,188416.0,0.0448623485863208,960.0,983040.0,184.0,188416.0
50,NOG-ZO,19,0.03,primary,True,196.0,200704.0,0.0259258579462766,960.0,983040.0,196.0,200704.0
50,NOG-ZO,19,0.02,descriptive,True,204.0,208896.0,0.0162756107747554,960.0,983040.0,204.0,208896.0
50,NOG-ZO,19,0.018,descriptive,True,204.0,208896.0,0.0162756107747554,960.0,983040.0,204.0,208896.0
50,NOG-ZO,19,0.016,descriptive,True,208.0,212992.0,0.0133292451500892,960.0,983040.0,208.0,212992.0
50,NOG-ZO,19,0.015,descriptive,True,208.0,212992.0,0.0133292451500892,960.0,983040.0,208.0,212992.0
50,NOG-ZO,19,0.01,descriptive,False,,,,960.0,983040.0,960.0,983040.0
50,ME-DOL-ZO,0,0.05,primary,True,408.0,104448.0,0.0480545498430728,3840.0,983040.0,408.0,104448.0
50,ME-DOL-ZO,0,0.03,primary,True,516.0,132096.0,0.0296350978314876,3840.0,983040.0,516.0,132096.0
50,ME-DOL-ZO,0,0.02,descriptive,True,600.0,153600.0,0.0196104124188423,3840.0,983040.0,600.0,153600.0
50,ME-DOL-ZO,0,0.018,descriptive,True,624.0,159744.0,0.0171583946794271,3840.0,983040.0,624.0,159744.0
50,ME-DOL-ZO,0,0.016,descriptive,True,648.0,165888.0,0.0158843528479337,3840.0,983040.0,648.0,165888.0
50,ME-DOL-ZO,0,0.015,descriptive,True,804.0,205824.0,0.0149554666131734,3840.0,983040.0,804.0,205824.0
50,ME-DOL-ZO,0,0.01,descriptive,False,,,,3840.0,983040.0,3840.0,983040.0
50,ME-DOL-ZO,1,0.05,primary,True,396.0,101376.0,0.0484434254467487,3840.0,983040.0,396.0,101376.0
50,ME-DOL-ZO,1,0.03,primary,True,504.0,129024.0,0.0287608355283737,3840.0,983040.0,504.0,129024.0
50,ME-DOL-ZO,1,0.02,descriptive,True,624.0,159744.0,0.0198854729533195,3840.0,983040.0,624.0,159744.0
50,ME-DOL-ZO,1,0.018,descriptive,True,684.0,175104.0,0.0174288600683212,3840.0,983040.0,684.0,175104.0
50,ME-DOL-ZO,1,0.016,descriptive,True,756.0,193536.0,0.0155906816944479,3840.0,983040.0,756.0,193536.0
50,ME-DOL-ZO,1,0.015,descriptive,True,816.0,208896.0,0.0149200391024351,3840.0,983040.0,816.0,208896.0
50,ME-DOL-ZO,1,0.01,descriptive,False,,,,3840.0,983040.0,3840.0,983040.0
50,ME-DOL-ZO,2,0.05,primary,True,420.0,107520.0,0.0490714162588119,3840.0,983040.0,420.0,107520.0
50,ME-DOL-ZO,2,0.03,primary,True,600.0,153600.0,0.0294143408536911,3840.0,983040.0,600.0,153600.0
50,ME-DOL-ZO,2,0.02,descriptive,True,708.0,181248.0,0.0199965424835681,3840.0,983040.0,708.0,181248.0
50,ME-DOL-ZO,2,0.018,descriptive,True,756.0,193536.0,0.017593614757061,3840.0,983040.0,756.0,193536.0
50,ME-DOL-ZO,2,0.016,descriptive,True,816.0,208896.0,0.0155745288357138,3840.0,983040.0,816.0,208896.0
50,ME-DOL-ZO,2,0.015,descriptive,True,852.0,218112.0,0.0142255593091249,3840.0,983040.0,852.0,218112.0
50,ME-DOL-ZO,2,0.01,descriptive,False,,,,3840.0,983040.0,3840.0,983040.0
50,ME-DOL-ZO,3,0.05,primary,True,420.0,107520.0,0.045827992260456,3840.0,983040.0,420.0,107520.0
50,ME-DOL-ZO,3,0.03,primary,True,528.0,135168.0,0.0293830744922161,3840.0,983040.0,528.0,135168.0
50,ME-DOL-ZO,3,0.02,descriptive,True,720.0,184320.0,0.0197297744452953,3840.0,983040.0,720.0,184320.0
50,ME-DOL-ZO,3,0.018,descriptive,True,816.0,208896.0,0.0177520494908094,3840.0,983040.0,816.0,208896.0
50,ME-DOL-ZO,3,0.016,descriptive,True,924.0,236544.0,0.015750354155898,3840.0,983040.0,924.0,236544.0
50,ME-DOL-ZO,3,0.015,descriptive,True,984.0,251904.0,0.0149326967075467,3840.0,983040.0,984.0,251904.0
50,ME-DOL-ZO,3,0.01,descriptive,False,,,,3840.0,983040.0,3840.0,983040.0
50,ME-DOL-ZO,4,0.05,primary,True,420.0,107520.0,0.0475004464387893,3840.0,983040.0,420.0,107520.0
50,ME-DOL-ZO,4,0.03,primary,True,540.0,138240.0,0.0287477411329746,3840.0,983040.0,540.0,138240.0
50,ME-DOL-ZO,4,0.02,descriptive,True,660.0,168960.0,0.0189926661550998,3840.0,983040.0,660.0,168960.0
50,ME-DOL-ZO,4,0.018,descriptive,True,720.0,184320.0,0.0174677520990371,3840.0,983040.0,720.0,184320.0
50,ME-DOL-ZO,4,0.016,descriptive,True,768.0,196608.0,0.0157069601118564,3840.0,983040.0,768.0,196608.0
50,ME-DOL-ZO,4,0.015,descriptive,True,852.0,218112.0,0.0148359583690762,3840.0,983040.0,852.0,218112.0
50,ME-DOL-ZO,4,0.01,descriptive,False,,,,3840.0,983040.0,3840.0,983040.0
50,ME-DOL-ZO,5,0.05,primary,True,408.0,104448.0,0.0486884824931621,3840.0,983040.0,408.0,104448.0
50,ME-DOL-ZO,5,0.03,primary,True,540.0,138240.0,0.0292646288871765,3840.0,983040.0,540.0,138240.0
50,ME-DOL-ZO,5,0.02,descriptive,True,648.0,165888.0,0.0195540804415941,3840.0,983040.0,648.0,165888.0
50,ME-DOL-ZO,5,0.018,descriptive,True,732.0,187392.0,0.0170503798872232,3840.0,983040.0,732.0,187392.0
50,ME-DOL-ZO,5,0.016,descriptive,True,768.0,196608.0,0.0152263892814517,3840.0,983040.0,768.0,196608.0
50,ME-DOL-ZO,5,0.015,descriptive,True,852.0,218112.0,0.0146743627265095,3840.0,983040.0,852.0,218112.0
50,ME-DOL-ZO,5,0.01,descriptive,False,,,,3840.0,983040.0,3840.0,983040.0
50,ME-DOL-ZO,6,0.05,primary,True,420.0,107520.0,0.0488872043788433,3840.0,983040.0,420.0,107520.0
50,ME-DOL-ZO,6,0.03,primary,True,528.0,135168.0,0.0290273446589708,3840.0,983040.0,528.0,135168.0
50,ME-DOL-ZO,6,0.02,descriptive,True,744.0,190464.0,0.0196163337677717,3840.0,983040.0,744.0,190464.0
50,ME-DOL-ZO,6,0.018,descriptive,True,780.0,199680.0,0.0174116361886262,3840.0,983040.0,780.0,199680.0
50,ME-DOL-ZO,6,0.016,descriptive,True,816.0,208896.0,0.0158102605491876,3840.0,983040.0,816.0,208896.0
50,ME-DOL-ZO,6,0.015,descriptive,True,1116.0,285696.0,0.0139975873753428,3840.0,983040.0,1116.0,285696.0
50,ME-DOL-ZO,6,0.01,descriptive,False,,,,3840.0,983040.0,3840.0,983040.0
50,ME-DOL-ZO,7,0.05,primary,True,444.0,113664.0,0.0487874895334243,3840.0,983040.0,444.0,113664.0
50,ME-DOL-ZO,7,0.03,primary,True,612.0,156672.0,0.0281288754194974,3840.0,983040.0,612.0,156672.0
50,ME-DOL-ZO,7,0.02,descriptive,True,696.0,178176.0,0.0191363468766212,3840.0,983040.0,696.0,178176.0
50,ME-DOL-ZO,7,0.018,descriptive,True,720.0,184320.0,0.0176160186529159,3840.0,983040.0,720.0,184320.0
50,ME-DOL-ZO,7,0.016,descriptive,True,744.0,190464.0,0.015846649184823,3840.0,983040.0,744.0,190464.0
50,ME-DOL-ZO,7,0.015,descriptive,True,768.0,196608.0,0.0146646574139595,3840.0,983040.0,768.0,196608.0
50,ME-DOL-ZO,7,0.01,descriptive,False,,,,3840.0,983040.0,3840.0,983040.0
50,ME-DOL-ZO,8,0.05,primary,True,420.0,107520.0,0.0488564372062683,3840.0,983040.0,420.0,107520.0
50,ME-DOL-ZO,8,0.03,primary,True,516.0,132096.0,0.0287630818784236,3840.0,983040.0,516.0,132096.0
50,ME-DOL-ZO,8,0.02,descriptive,True,636.0,162816.0,0.0190503392368555,3840.0,983040.0,636.0,162816.0
50,ME-DOL-ZO,8,0.018,descriptive,True,648.0,165888.0,0.0178404487669467,3840.0,983040.0,648.0,165888.0
50,ME-DOL-ZO,8,0.016,descriptive,True,672.0,172032.0,0.0157690495252609,3840.0,983040.0,672.0,172032.0
50,ME-DOL-ZO,8,0.015,descriptive,True,708.0,181248.0,0.0149542363360524,3840.0,983040.0,708.0,181248.0
50,ME-DOL-ZO,8,0.01,descriptive,False,,,,3840.0,983040.0,3840.0,983040.0
50,ME-DOL-ZO,9,0.05,primary,True,420.0,107520.0,0.0497201308608055,3840.0,983040.0,420.0,107520.0
50,ME-DOL-ZO,9,0.03,primary,True,528.0,135168.0,0.0297385938465595,3840.0,983040.0,528.0,135168.0
50,ME-DOL-ZO,9,0.02,descriptive,True,624.0,159744.0,0.0195899195969104,3840.0,983040.0,624.0,159744.0
50,ME-DOL-ZO,9,0.018,descriptive,True,636.0,162816.0,0.017947981134057,3840.0,983040.0,636.0,162816.0
50,ME-DOL-ZO,9,0.016,descriptive,True,648.0,165888.0,0.0158326234668493,3840.0,983040.0,648.0,165888.0
50,ME-DOL-ZO,9,0.015,descriptive,True,660.0,168960.0,0.0147333079949021,3840.0,983040.0,660.0,168960.0
50,ME-DOL-ZO,9,0.01,descriptive,False,,,,3840.0,983040.0,3840.0,983040.0
50,ME-DOL-ZO,10,0.05,primary,True,396.0,101376.0,0.0491528734564781,3840.0,983040.0,396.0,101376.0
50,ME-DOL-ZO,10,0.03,primary,True,552.0,141312.0,0.0294762309640645,3840.0,983040.0,552.0,141312.0
50,ME-DOL-ZO,10,0.02,descriptive,True,624.0,159744.0,0.0196179114282131,3840.0,983040.0,624.0,159744.0
50,ME-DOL-ZO,10,0.018,descriptive,True,708.0,181248.0,0.0173795111477375,3840.0,983040.0,708.0,181248.0
50,ME-DOL-ZO,10,0.016,descriptive,True,960.0,245760.0,0.0158651378005743,3840.0,983040.0,960.0,245760.0
50,ME-DOL-ZO,10,0.015,descriptive,True,1152.0,294912.0,0.0149269588291645,3840.0,983040.0,1152.0,294912.0
50,ME-DOL-ZO,10,0.01,descriptive,False,,,,3840.0,983040.0,3840.0,983040.0
50,ME-DOL-ZO,11,0.05,primary,True,408.0,104448.0,0.0481376014649868,3840.0,983040.0,408.0,104448.0
50,ME-DOL-ZO,11,0.03,primary,True,528.0,135168.0,0.0280476361513137,3840.0,983040.0,528.0,135168.0
50,ME-DOL-ZO,11,0.02,descriptive,True,672.0,172032.0,0.0196285899728536,3840.0,983040.0,672.0,172032.0
50,ME-DOL-ZO,11,0.018,descriptive,True,732.0,187392.0,0.0172467902302742,3840.0,983040.0,732.0,187392.0
50,ME-DOL-ZO,11,0.016,descriptive,True,864.0,221184.0,0.0157046969980001,3840.0,983040.0,864.0,221184.0
50,ME-DOL-ZO,11,0.015,descriptive,True,936.0,239616.0,0.0142207173630595,3840.0,983040.0,936.0,239616.0
50,ME-DOL-ZO,11,0.01,descriptive,False,,,,3840.0,983040.0,3840.0,983040.0
50,ME-DOL-ZO,12,0.05,primary,True,420.0,107520.0,0.0489249229431152,3840.0,983040.0,420.0,107520.0
50,ME-DOL-ZO,12,0.03,primary,True,528.0,135168.0,0.0294004753232002,3840.0,983040.0,528.0,135168.0
50,ME-DOL-ZO,12,0.02,descriptive,True,636.0,162816.0,0.0188327450305223,3840.0,983040.0,636.0,162816.0
50,ME-DOL-ZO,12,0.018,descriptive,True,648.0,165888.0,0.0179099105298519,3840.0,983040.0,648.0,165888.0
50,ME-DOL-ZO,12,0.016,descriptive,True,720.0,184320.0,0.0157527420669794,3840.0,983040.0,720.0,184320.0
50,ME-DOL-ZO,12,0.015,descriptive,True,732.0,187392.0,0.014878561720252,3840.0,983040.0,732.0,187392.0
50,ME-DOL-ZO,12,0.01,descriptive,False,,,,3840.0,983040.0,3840.0,983040.0
50,ME-DOL-ZO,13,0.05,primary,True,420.0,107520.0,0.0491712614893913,3840.0,983040.0,420.0,107520.0
50,ME-DOL-ZO,13,0.03,primary,True,552.0,141312.0,0.0295710396021604,3840.0,983040.0,552.0,141312.0
50,ME-DOL-ZO,13,0.02,descriptive,True,672.0,172032.0,0.019875107333064,3840.0,983040.0,672.0,172032.0
50,ME-DOL-ZO,13,0.018,descriptive,True,684.0,175104.0,0.0176115594804286,3840.0,983040.0,684.0,175104.0
50,ME-DOL-ZO,13,0.016,descriptive,True,720.0,184320.0,0.0156373418867588,3840.0,983040.0,720.0,184320.0
50,ME-DOL-ZO,13,0.015,descriptive,True,1128.0,288768.0,0.0149687333032488,3840.0,983040.0,1128.0,288768.0
50,ME-DOL-ZO,13,0.01,descriptive,False,,,,3840.0,983040.0,3840.0,983040.0
50,ME-DOL-ZO,14,0.05,primary,True,408.0,104448.0,0.0495760776102542,3840.0,983040.0,408.0,104448.0
50,ME-DOL-ZO,14,0.03,primary,True,504.0,129024.0,0.028865847736597,3840.0,983040.0,504.0,129024.0
50,ME-DOL-ZO,14,0.02,descriptive,True,588.0,150528.0,0.0199118182063102,3840.0,983040.0,588.0,150528.0
50,ME-DOL-ZO,14,0.018,descriptive,True,636.0,162816.0,0.0175331532955169,3840.0,983040.0,636.0,162816.0
50,ME-DOL-ZO,14,0.016,descriptive,True,720.0,184320.0,0.0156292542815208,3840.0,983040.0,720.0,184320.0
50,ME-DOL-ZO,14,0.015,descriptive,True,852.0,218112.0,0.014860313385725,3840.0,983040.0,852.0,218112.0
50,ME-DOL-ZO,14,0.01,descriptive,False,,,,3840.0,983040.0,3840.0,983040.0
50,ME-DOL-ZO,15,0.05,primary,True,420.0,107520.0,0.0493540205061435,3840.0,983040.0,420.0,107520.0
50,ME-DOL-ZO,15,0.03,primary,True,552.0,141312.0,0.0297266636043787,3840.0,983040.0,552.0,141312.0
50,ME-DOL-ZO,15,0.02,descriptive,True,696.0,178176.0,0.019547838717699,3840.0,983040.0,696.0,178176.0
50,ME-DOL-ZO,15,0.018,descriptive,True,816.0,208896.0,0.0178383681923151,3840.0,983040.0,816.0,208896.0
50,ME-DOL-ZO,15,0.016,descriptive,True,864.0,221184.0,0.0158110205084085,3840.0,983040.0,864.0,221184.0
50,ME-DOL-ZO,15,0.015,descriptive,True,936.0,239616.0,0.0149444043636322,3840.0,983040.0,936.0,239616.0
50,ME-DOL-ZO,15,0.01,descriptive,False,,,,3840.0,983040.0,3840.0,983040.0
50,ME-DOL-ZO,16,0.05,primary,True,432.0,110592.0,0.0498683713376522,3840.0,983040.0,432.0,110592.0
50,ME-DOL-ZO,16,0.03,primary,True,552.0,141312.0,0.0294211488217115,3840.0,983040.0,552.0,141312.0
50,ME-DOL-ZO,16,0.02,descriptive,True,696.0,178176.0,0.0194192677736282,3840.0,983040.0,696.0,178176.0
50,ME-DOL-ZO,16,0.018,descriptive,True,708.0,181248.0,0.0178746078163385,3840.0,983040.0,708.0,181248.0
50,ME-DOL-ZO,16,0.016,descriptive,True,756.0,193536.0,0.015961829572916,3840.0,983040.0,756.0,193536.0
50,ME-DOL-ZO,16,0.015,descriptive,True,804.0,205824.0,0.0148726403713226,3840.0,983040.0,804.0,205824.0
50,ME-DOL-ZO,16,0.01,descriptive,False,,,,3840.0,983040.0,3840.0,983040.0
50,ME-DOL-ZO,17,0.05,primary,True,420.0,107520.0,0.0472074300050735,3840.0,983040.0,420.0,107520.0
50,ME-DOL-ZO,17,0.03,primary,True,564.0,144384.0,0.0295955874025821,3840.0,983040.0,564.0,144384.0
50,ME-DOL-ZO,17,0.02,descriptive,True,660.0,168960.0,0.0198685768991708,3840.0,983040.0,660.0,168960.0
50,ME-DOL-ZO,17,0.018,descriptive,True,696.0,178176.0,0.0176851525902748,3840.0,983040.0,696.0,178176.0
50,ME-DOL-ZO,17,0.016,descriptive,True,792.0,202752.0,0.0156999211758375,3840.0,983040.0,792.0,202752.0
50,ME-DOL-ZO,17,0.015,descriptive,True,804.0,205824.0,0.0149897672235965,3840.0,983040.0,804.0,205824.0
50,ME-DOL-ZO,17,0.01,descriptive,False,,,,3840.0,983040.0,3840.0,983040.0
50,ME-DOL-ZO,18,0.05,primary,True,432.0,110592.0,0.0494072251021862,3840.0,983040.0,432.0,110592.0
50,ME-DOL-ZO,18,0.03,primary,True,564.0,144384.0,0.0282975994050502,3840.0,983040.0,564.0,144384.0
50,ME-DOL-ZO,18,0.02,descriptive,True,720.0,184320.0,0.019671956077218,3840.0,983040.0,720.0,184320.0
50,ME-DOL-ZO,18,0.018,descriptive,True,744.0,190464.0,0.0171479862183332,3840.0,983040.0,744.0,190464.0
50,ME-DOL-ZO,18,0.016,descriptive,True,840.0,215040.0,0.0159061830490827,3840.0,983040.0,840.0,215040.0
50,ME-DOL-ZO,18,0.015,descriptive,True,888.0,227328.0,0.014765728265047,3840.0,983040.0,888.0,227328.0
50,ME-DOL-ZO,18,0.01,descriptive,False,,,,3840.0,983040.0,3840.0,983040.0
50,ME-DOL-ZO,19,0.05,primary,True,432.0,110592.0,0.047349777072668,3840.0,983040.0,432.0,110592.0
50,ME-DOL-ZO,19,0.03,primary,True,552.0,141312.0,0.0280364863574504,3840.0,983040.0,552.0,141312.0
50,ME-DOL-ZO,19,0.02,descriptive,True,684.0,175104.0,0.0195576902478933,3840.0,983040.0,684.0,175104.0
50,ME-DOL-ZO,19,0.018,descriptive,True,696.0,178176.0,0.0174789000302553,3840.0,983040.0,696.0,178176.0
50,ME-DOL-ZO,19,0.016,descriptive,True,732.0,187392.0,0.0157470870763063,3840.0,983040.0,732.0,187392.0
50,ME-DOL-ZO,19,0.015,descriptive,True,756.0,193536.0,0.0147047089412808,3840.0,983040.0,756.0,193536.0
50,ME-DOL-ZO,19,0.01,descriptive,False,,,,3840.0,983040.0,3840.0,983040.0
50,DGFM,0,0.05,primary,True,1144.0,146432.0,0.0498642139136791,7680.0,983040.0,1144.0,146432.0
50,DGFM,0,0.03,primary,True,1488.0,190464.0,0.0297002214938402,7680.0,983040.0,1488.0,190464.0
50,DGFM,0,0.02,descriptive,True,1824.0,233472.0,0.0199962724000215,7680.0,983040.0,1824.0,233472.0
50,DGFM,0,0.018,descriptive,True,1904.0,243712.0,0.0177722573280334,7680.0,983040.0,1904.0,243712.0
50,DGFM,0,0.016,descriptive,True,2296.0,293888.0,0.0157468505203723,7680.0,983040.0,2296.0,293888.0
50,DGFM,0,0.015,descriptive,True,2376.0,304128.0,0.0146646257489919,7680.0,983040.0,2376.0,304128.0
50,DGFM,0,0.01,descriptive,True,5424.0,694272.0,0.0099903829395771,7680.0,983040.0,5424.0,694272.0
50,DGFM,1,0.05,primary,True,1176.0,150528.0,0.0498963892459869,7680.0,983040.0,1176.0,150528.0
50,DGFM,1,0.03,primary,True,1504.0,192512.0,0.0296007022261619,7680.0,983040.0,1504.0,192512.0
50,DGFM,1,0.02,descriptive,True,1800.0,230400.0,0.0196114350110292,7680.0,983040.0,1800.0,230400.0
50,DGFM,1,0.018,descriptive,True,1872.0,239616.0,0.0179921928793191,7680.0,983040.0,1872.0,239616.0
50,DGFM,1,0.016,descriptive,True,1968.0,251904.0,0.0159399025142192,7680.0,983040.0,1968.0,251904.0
50,DGFM,1,0.015,descriptive,True,1992.0,254976.0,0.0149685237556695,7680.0,983040.0,1992.0,254976.0
50,DGFM,1,0.01,descriptive,True,3016.0,386048.0,0.0099879959598183,7680.0,983040.0,3016.0,386048.0
50,DGFM,2,0.05,primary,True,1168.0,149504.0,0.0491625405848026,7680.0,983040.0,1168.0,149504.0
50,DGFM,2,0.03,primary,True,1424.0,182272.0,0.0299217216670513,7680.0,983040.0,1424.0,182272.0
50,DGFM,2,0.02,descriptive,True,1768.0,226304.0,0.0198254007846117,7680.0,983040.0,1768.0,226304.0
50,DGFM,2,0.018,descriptive,True,1968.0,251904.0,0.0179243385791778,7680.0,983040.0,1968.0,251904.0
50,DGFM,2,0.016,descriptive,True,2048.0,262144.0,0.0159180480986833,7680.0,983040.0,2048.0,262144.0
50,DGFM,2,0.015,descriptive,True,2080.0,266240.0,0.014825633727014,7680.0,983040.0,2080.0,266240.0
50,DGFM,2,0.01,descriptive,True,2968.0,379904.0,0.0099248811602592,7680.0,983040.0,2968.0,379904.0
50,DGFM,3,0.05,primary,True,1120.0,143360.0,0.0489489696919918,7680.0,983040.0,1120.0,143360.0
50,DGFM,3,0.03,primary,True,1432.0,183296.0,0.0299943294376134,7680.0,983040.0,1432.0,183296.0
50,DGFM,3,0.02,descriptive,True,1704.0,218112.0,0.0195832923054695,7680.0,983040.0,1704.0,218112.0
50,DGFM,3,0.018,descriptive,True,1768.0,226304.0,0.0179274566471576,7680.0,983040.0,1768.0,226304.0
50,DGFM,3,0.016,descriptive,True,1880.0,240640.0,0.0159186422824859,7680.0,983040.0,1880.0,240640.0
50,DGFM,3,0.015,descriptive,True,1952.0,249856.0,0.0149263031780719,7680.0,983040.0,1952.0,249856.0
50,DGFM,3,0.01,descriptive,True,2616.0,334848.0,0.0098803704604506,7680.0,983040.0,2616.0,334848.0
50,DGFM,4,0.05,primary,True,1152.0,147456.0,0.0499263927340507,7680.0,983040.0,1152.0,147456.0
50,DGFM,4,0.03,primary,True,1488.0,190464.0,0.0298777315765619,7680.0,983040.0,1488.0,190464.0
50,DGFM,4,0.02,descriptive,True,1688.0,216064.0,0.0197469852864742,7680.0,983040.0,1688.0,216064.0
50,DGFM,4,0.018,descriptive,True,1744.0,223232.0,0.0177993737161159,7680.0,983040.0,1744.0,223232.0
50,DGFM,4,0.016,descriptive,True,1912.0,244736.0,0.0157344546169042,7680.0,983040.0,1912.0,244736.0
50,DGFM,4,0.015,descriptive,True,1928.0,246784.0,0.0148309497162699,7680.0,983040.0,1928.0,246784.0
50,DGFM,4,0.01,descriptive,True,2440.0,312320.0,0.0099775595590472,7680.0,983040.0,2440.0,312320.0
50,DGFM,5,0.05,primary,True,1168.0,149504.0,0.0491125769913196,7680.0,983040.0,1168.0,149504.0
50,DGFM,5,0.03,primary,True,1488.0,190464.0,0.0293666571378707,7680.0,983040.0,1488.0,190464.0
50,DGFM,5,0.02,descriptive,True,1736.0,222208.0,0.0198293775320053,7680.0,983040.0,1736.0,222208.0
50,DGFM,5,0.018,descriptive,True,1856.0,237568.0,0.01745524443686,7680.0,983040.0,1856.0,237568.0
50,DGFM,5,0.016,descriptive,True,1936.0,247808.0,0.0155402589589357,7680.0,983040.0,1936.0,247808.0
50,DGFM,5,0.015,descriptive,True,1952.0,249856.0,0.0143959466367959,7680.0,983040.0,1952.0,249856.0
50,DGFM,5,0.01,descriptive,True,4944.0,632832.0,0.0099181625992059,7680.0,983040.0,4944.0,632832.0
50,DGFM,6,0.05,primary,True,1176.0,150528.0,0.049830287694931,7680.0,983040.0,1176.0,150528.0
50,DGFM,6,0.03,primary,True,1504.0,192512.0,0.0298371277749538,7680.0,983040.0,1504.0,192512.0
50,DGFM,6,0.02,descriptive,True,1688.0,216064.0,0.0197228118777275,7680.0,983040.0,1688.0,216064.0
50,DGFM,6,0.018,descriptive,True,1768.0,226304.0,0.0175685007125139,7680.0,983040.0,1768.0,226304.0
50,DGFM,6,0.016,descriptive,True,1912.0,244736.0,0.015698866918683,7680.0,983040.0,1912.0,244736.0
50,DGFM,6,0.015,descriptive,True,1960.0,250880.0,0.0145623870193958,7680.0,983040.0,1960.0,250880.0
50,DGFM,6,0.01,descriptive,True,4192.0,536576.0,0.009934252128005,7680.0,983040.0,4192.0,536576.0
50,DGFM,7,0.05,primary,True,1128.0,144384.0,0.0498232766985893,7680.0,983040.0,1128.0,144384.0
50,DGFM,7,0.03,primary,True,1408.0,180224.0,0.0296819917857646,7680.0,983040.0,1408.0,180224.0
50,DGFM,7,0.02,descriptive,True,1920.0,245760.0,0.0199014116078615,7680.0,983040.0,1920.0,245760.0
50,DGFM,7,0.018,descriptive,True,2040.0,261120.0,0.0178172159940004,7680.0,983040.0,2040.0,261120.0
50,DGFM,7,0.016,descriptive,True,2176.0,278528.0,0.0158868730068206,7680.0,983040.0,2176.0,278528.0
50,DGFM,7,0.015,descriptive,True,2248.0,287744.0,0.0149710569530725,7680.0,983040.0,2248.0,287744.0
50,DGFM,7,0.01,descriptive,True,2872.0,367616.0,0.0099708037450909,7680.0,983040.0,2872.0,367616.0
50,DGFM,8,0.05,primary,True,1192.0,152576.0,0.0497240051627159,7680.0,983040.0,1192.0,152576.0
50,DGFM,8,0.03,primary,True,1568.0,200704.0,0.0296527259051799,7680.0,983040.0,1568.0,200704.0
50,DGFM,8,0.02,descriptive,True,1816.0,232448.0,0.0197477806359529,7680.0,983040.0,1816.0,232448.0
50,DGFM,8,0.018,descriptive,True,1944.0,248832.0,0.0176501758396625,7680.0,983040.0,1944.0,248832.0
50,DGFM,8,0.016,descriptive,True,1992.0,254976.0,0.0158960241824388,7680.0,983040.0,1992.0,254976.0
50,DGFM,8,0.015,descriptive,True,2056.0,263168.0,0.0148185193538665,7680.0,983040.0,2056.0,263168.0
50,DGFM,8,0.01,descriptive,True,2256.0,288768.0,0.0098546687513589,7680.0,983040.0,2256.0,288768.0
50,DGFM,9,0.05,primary,True,1184.0,151552.0,0.0498557239770889,7680.0,983040.0,1184.0,151552.0
50,DGFM,9,0.03,primary,True,1528.0,195584.0,0.0297278445214033,7680.0,983040.0,1528.0,195584.0
50,DGFM,9,0.02,descriptive,True,1720.0,220160.0,0.0193519555032253,7680.0,983040.0,1720.0,220160.0
50,DGFM,9,0.018,descriptive,True,1744.0,223232.0,0.0177599247545003,7680.0,983040.0,1744.0,223232.0
50,DGFM,9,0.016,descriptive,True,1816.0,232448.0,0.0159231387078762,7680.0,983040.0,1816.0,232448.0
50,DGFM,9,0.015,descriptive,True,1856.0,237568.0,0.0146581782028079,7680.0,983040.0,1856.0,237568.0
50,DGFM,9,0.01,descriptive,True,2552.0,326656.0,0.0096399430185556,7680.0,983040.0,2552.0,326656.0
50,DGFM,10,0.05,primary,True,1152.0,147456.0,0.0497188754379749,7680.0,983040.0,1152.0,147456.0
50,DGFM,10,0.03,primary,True,1448.0,185344.0,0.0297948606312274,7680.0,983040.0,1448.0,185344.0
50,DGFM,10,0.02,descriptive,True,1816.0,232448.0,0.0199571307748556,7680.0,983040.0,1816.0,232448.0
50,DGFM,10,0.018,descriptive,True,1872.0,239616.0,0.0177289824932813,7680.0,983040.0,1872.0,239616.0
50,DGFM,10,0.016,descriptive,True,1936.0,247808.0,0.0159813333302736,7680.0,983040.0,1936.0,247808.0
50,DGFM,10,0.015,descriptive,True,2008.0,257024.0,0.0146966250613331,7680.0,983040.0,2008.0,257024.0
50,DGFM,10,0.01,descriptive,True,3864.0,494592.0,0.0097138676792383,7680.0,983040.0,3864.0,494592.0
50,DGFM,11,0.05,primary,True,1128.0,144384.0,0.0498260781168937,7680.0,983040.0,1128.0,144384.0
50,DGFM,11,0.03,primary,True,1488.0,190464.0,0.0293722506612539,7680.0,983040.0,1488.0,190464.0
50,DGFM,11,0.02,descriptive,True,1728.0,221184.0,0.0192510690540075,7680.0,983040.0,1728.0,221184.0
50,DGFM,11,0.018,descriptive,True,1760.0,225280.0,0.0177505742758512,7680.0,983040.0,1760.0,225280.0
50,DGFM,11,0.016,descriptive,True,1848.0,236544.0,0.015555310063064,7680.0,983040.0,1848.0,236544.0
50,DGFM,11,0.015,descriptive,True,1928.0,246784.0,0.0148446690291166,7680.0,983040.0,1928.0,246784.0
50,DGFM,11,0.01,descriptive,True,5664.0,724992.0,0.0099581396207213,7680.0,983040.0,5664.0,724992.0
50,DGFM,12,0.05,primary,True,1152.0,147456.0,0.049464326351881,7680.0,983040.0,1152.0,147456.0
50,DGFM,12,0.03,primary,True,1456.0,186368.0,0.0292214509099721,7680.0,983040.0,1456.0,186368.0
50,DGFM,12,0.02,descriptive,True,1728.0,221184.0,0.0198520179837942,7680.0,983040.0,1728.0,221184.0
50,DGFM,12,0.018,descriptive,True,1824.0,233472.0,0.017984876409173,7680.0,983040.0,1824.0,233472.0
50,DGFM,12,0.016,descriptive,True,1880.0,240640.0,0.0156473144888877,7680.0,983040.0,1880.0,240640.0
50,DGFM,12,0.015,descriptive,True,1888.0,241664.0,0.0144318602979183,7680.0,983040.0,1888.0,241664.0
50,DGFM,12,0.01,descriptive,True,2192.0,280576.0,0.0099716130644083,7680.0,983040.0,2192.0,280576.0
50,DGFM,13,0.05,primary,True,1192.0,152576.0,0.0489950515329837,7680.0,983040.0,1192.0,152576.0
50,DGFM,13,0.03,primary,True,1504.0,192512.0,0.0299530122429132,7680.0,983040.0,1504.0,192512.0
50,DGFM,13,0.02,descriptive,True,1904.0,243712.0,0.0197419635951519,7680.0,983040.0,1904.0,243712.0
50,DGFM,13,0.018,descriptive,True,2096.0,268288.0,0.0179657321423292,7680.0,983040.0,2096.0,268288.0
50,DGFM,13,0.016,descriptive,True,2272.0,290816.0,0.0159360226243734,7680.0,983040.0,2272.0,290816.0
50,DGFM,13,0.015,descriptive,True,2376.0,304128.0,0.0148202758282423,7680.0,983040.0,2376.0,304128.0
50,DGFM,13,0.01,descriptive,True,4392.0,562176.0,0.0098050013184547,7680.0,983040.0,4392.0,562176.0
50,DGFM,14,0.05,primary,True,1144.0,146432.0,0.0491143465042114,7680.0,983040.0,1144.0,146432.0
50,DGFM,14,0.03,primary,True,1504.0,192512.0,0.0296473894268274,7680.0,983040.0,1504.0,192512.0
50,DGFM,14,0.02,descriptive,True,1768.0,226304.0,0.0196421034634113,7680.0,983040.0,1768.0,226304.0
50,DGFM,14,0.018,descriptive,True,1872.0,239616.0,0.0179156959056854,7680.0,983040.0,1872.0,239616.0
50,DGFM,14,0.016,descriptive,True,1976.0,252928.0,0.0158560443669557,7680.0,983040.0,1976.0,252928.0
50,DGFM,14,0.015,descriptive,True,2024.0,259072.0,0.0149654736742377,7680.0,983040.0,2024.0,259072.0
50,DGFM,14,0.01,descriptive,True,3128.0,400384.0,0.0099505688995122,7680.0,983040.0,3128.0,400384.0
50,DGFM,15,0.05,primary,True,1224.0,156672.0,0.048840295523405,7680.0,983040.0,1224.0,156672.0
50,DGFM,15,0.03,primary,True,1528.0,195584.0,0.0299423895776271,7680.0,983040.0,1528.0,195584.0
50,DGFM,15,0.02,descriptive,True,1848.0,236544.0,0.0198969561606645,7680.0,983040.0,1848.0,236544.0
50,DGFM,15,0.018,descriptive,True,1944.0,248832.0,0.0179352331906557,7680.0,983040.0,1944.0,248832.0
50,DGFM,15,0.016,descriptive,True,2040.0,261120.0,0.0152877597138285,7680.0,983040.0,2040.0,261120.0
50,DGFM,15,0.015,descriptive,True,2056.0,263168.0,0.0148153314366936,7680.0,983040.0,2056.0,263168.0
50,DGFM,15,0.01,descriptive,True,2352.0,301056.0,0.0099480953067541,7680.0,983040.0,2352.0,301056.0
50,DGFM,16,0.05,primary,True,1152.0,147456.0,0.0497547052800655,7680.0,983040.0,1152.0,147456.0
50,DGFM,16,0.03,primary,True,1568.0,200704.0,0.0298903789371252,7680.0,983040.0,1568.0,200704.0
50,DGFM,16,0.02,descriptive,True,1848.0,236544.0,0.019843403249979,7680.0,983040.0,1848.0,236544.0
50,DGFM,16,0.018,descriptive,True,2000.0,256000.0,0.0178866814821958,7680.0,983040.0,2000.0,256000.0
50,DGFM,16,0.016,descriptive,True,2064.0,264192.0,0.0159934125840663,7680.0,983040.0,2064.0,264192.0
50,DGFM,16,0.015,descriptive,True,2320.0,296960.0,0.0149368792772293,7680.0,983040.0,2320.0,296960.0
50,DGFM,16,0.01,descriptive,True,4968.0,635904.0,0.0099800452589988,7680.0,983040.0,4968.0,635904.0
50,DGFM,17,0.05,primary,True,1096.0,140288.0,0.0498848333954811,7680.0,983040.0,1096.0,140288.0
50,DGFM,17,0.03,primary,True,1352.0,173056.0,0.0299468133598566,7680.0,983040.0,1352.0,173056.0
50,DGFM,17,0.02,descriptive,True,1624.0,207872.0,0.0195859428495168,7680.0,983040.0,1624.0,207872.0
50,DGFM,17,0.018,descriptive,True,1800.0,230400.0,0.0173485372215509,7680.0,983040.0,1800.0,230400.0
50,DGFM,17,0.016,descriptive,True,1864.0,238592.0,0.015894191339612,7680.0,983040.0,1864.0,238592.0
50,DGFM,17,0.015,descriptive,True,2056.0,263168.0,0.0149014117196202,7680.0,983040.0,2056.0,263168.0
50,DGFM,17,0.01,descriptive,True,2864.0,366592.0,0.0099082980304956,7680.0,983040.0,2864.0,366592.0
50,DGFM,18,0.05,primary,True,1160.0,148480.0,0.0493386685848236,7680.0,983040.0,1160.0,148480.0
50,DGFM,18,0.03,primary,True,1536.0,196608.0,0.0289634801447391,7680.0,983040.0,1536.0,196608.0
50,DGFM,18,0.02,descriptive,True,1880.0,240640.0,0.0199057795107364,7680.0,983040.0,1880.0,240640.0
50,DGFM,18,0.018,descriptive,True,2088.0,267264.0,0.017833424732089,7680.0,983040.0,2088.0,267264.0
50,DGFM,18,0.016,descriptive,True,2232.0,285696.0,0.0157682765275239,7680.0,983040.0,2232.0,285696.0
50,DGFM,18,0.015,descriptive,True,2312.0,295936.0,0.0149865560233592,7680.0,983040.0,2312.0,295936.0
50,DGFM,18,0.01,descriptive,True,2944.0,376832.0,0.0099082514643669,7680.0,983040.0,2944.0,376832.0
50,DGFM,19,0.05,primary,True,1128.0,144384.0,0.0492465756833553,7680.0,983040.0,1128.0,144384.0
50,DGFM,19,0.03,primary,True,1400.0,179200.0,0.0298031140118837,7680.0,983040.0,1400.0,179200.0
50,DGFM,19,0.02,descriptive,True,1656.0,211968.0,0.0199336931109428,7680.0,983040.0,1656.0,211968.0
50,DGFM,19,0.018,descriptive,True,1816.0,232448.0,0.0177192650735378,7680.0,983040.0,1816.0,232448.0
50,DGFM,19,0.016,descriptive,True,1984.0,253952.0,0.01585154235363,7680.0,983040.0,1984.0,253952.0
50,DGFM,19,0.015,descriptive,True,2088.0,267264.0,0.0144614838063716,7680.0,983040.0,2088.0,267264.0
50,DGFM,19,0.01,descriptive,True,2608.0,333824.0,0.0098347375169396,7680.0,983040.0,2608.0,333824.0
50,DGFM+,0,0.05,primary,True,1168.0,159488.0,0.0496845990419387,7224.0,983040.0,1168.0,159488.0
50,DGFM+,0,0.03,primary,True,1584.0,215808.0,0.0297644212841987,7224.0,983040.0,1584.0,215808.0
50,DGFM+,0,0.02,descriptive,False,,,,7224.0,983040.0,7224.0,983040.0
50,DGFM+,0,0.018,descriptive,False,,,,7224.0,983040.0,7224.0,983040.0
50,DGFM+,0,0.016,descriptive,False,,,,7224.0,983040.0,7224.0,983040.0
50,DGFM+,0,0.015,descriptive,False,,,,7224.0,983040.0,7224.0,983040.0
50,DGFM+,0,0.01,descriptive,False,,,,7224.0,983040.0,7224.0,983040.0
50,DGFM+,1,0.05,primary,True,1224.0,166656.0,0.0497196950018405,7224.0,983040.0,1224.0,166656.0
50,DGFM+,1,0.03,primary,True,1744.0,237824.0,0.0296898651868104,7224.0,983040.0,1744.0,237824.0
50,DGFM+,1,0.02,descriptive,False,,,,7224.0,983040.0,7224.0,983040.0
50,DGFM+,1,0.018,descriptive,False,,,,7224.0,983040.0,7224.0,983040.0
50,DGFM+,1,0.016,descriptive,False,,,,7224.0,983040.0,7224.0,983040.0
50,DGFM+,1,0.015,descriptive,False,,,,7224.0,983040.0,7224.0,983040.0
50,DGFM+,1,0.01,descriptive,False,,,,7224.0,983040.0,7224.0,983040.0
50,DGFM+,2,0.05,primary,True,1320.0,179712.0,0.0499095395207405,7224.0,983040.0,1320.0,179712.0
50,DGFM+,2,0.03,primary,True,2088.0,284160.0,0.0299583375453948,7224.0,983040.0,2088.0,284160.0
50,DGFM+,2,0.02,descriptive,False,,,,7224.0,983040.0,7224.0,983040.0
50,DGFM+,2,0.018,descriptive,False,,,,7224.0,983040.0,7224.0,983040.0
50,DGFM+,2,0.016,descriptive,False,,,,7224.0,983040.0,7224.0,983040.0
50,DGFM+,2,0.015,descriptive,False,,,,7224.0,983040.0,7224.0,983040.0
50,DGFM+,2,0.01,descriptive,False,,,,7224.0,983040.0,7224.0,983040.0
50,DGFM+,3,0.05,primary,True,1264.0,172544.0,0.0498741529881954,7224.0,983040.0,1264.0,172544.0
50,DGFM+,3,0.03,primary,True,1664.0,226816.0,0.0299494620412588,7224.0,983040.0,1664.0,226816.0
50,DGFM+,3,0.02,descriptive,False,,,,7224.0,983040.0,7224.0,983040.0
50,DGFM+,3,0.018,descriptive,False,,,,7224.0,983040.0,7224.0,983040.0
50,DGFM+,3,0.016,descriptive,False,,,,7224.0,983040.0,7224.0,983040.0
50,DGFM+,3,0.015,descriptive,False,,,,7224.0,983040.0,7224.0,983040.0
50,DGFM+,3,0.01,descriptive,False,,,,7224.0,983040.0,7224.0,983040.0
50,DGFM+,4,0.05,primary,True,1280.0,174592.0,0.0496510528028011,7224.0,983040.0,1280.0,174592.0
50,DGFM+,4,0.03,primary,True,2336.0,318208.0,0.0297479685395956,7224.0,983040.0,2336.0,318208.0
50,DGFM+,4,0.02,descriptive,False,,,,7224.0,983040.0,7224.0,983040.0
50,DGFM+,4,0.018,descriptive,False,,,,7224.0,983040.0,7224.0,983040.0
50,DGFM+,4,0.016,descriptive,False,,,,7224.0,983040.0,7224.0,983040.0
50,DGFM+,4,0.015,descriptive,False,,,,7224.0,983040.0,7224.0,983040.0
50,DGFM+,4,0.01,descriptive,False,,,,7224.0,983040.0,7224.0,983040.0
50,DGFM+,5,0.05,primary,True,1240.0,168704.0,0.0498962886631488,7224.0,983040.0,1240.0,168704.0
50,DGFM+,5,0.03,primary,True,2136.0,291072.0,0.0295807383954525,7224.0,983040.0,2136.0,291072.0
50,DGFM+,5,0.02,descriptive,False,,,,7224.0,983040.0,7224.0,983040.0
50,DGFM+,5,0.018,descriptive,False,,,,7224.0,983040.0,7224.0,983040.0
50,DGFM+,5,0.016,descriptive,False,,,,7224.0,983040.0,7224.0,983040.0
50,DGFM+,5,0.015,descriptive,False,,,,7224.0,983040.0,7224.0,983040.0
50,DGFM+,5,0.01,descriptive,False,,,,7224.0,983040.0,7224.0,983040.0
50,DGFM+,6,0.05,primary,True,1144.0,155648.0,0.0499222539365291,7224.0,983040.0,1144.0,155648.0
50,DGFM+,6,0.03,primary,True,2008.0,273152.0,0.0299225486814975,7224.0,983040.0,2008.0,273152.0
50,DGFM+,6,0.02,descriptive,False,,,,7224.0,983040.0,7224.0,983040.0
50,DGFM+,6,0.018,descriptive,False,,,,7224.0,983040.0,7224.0,983040.0
50,DGFM+,6,0.016,descriptive,False,,,,7224.0,983040.0,7224.0,983040.0
50,DGFM+,6,0.015,descriptive,False,,,,7224.0,983040.0,7224.0,983040.0
50,DGFM+,6,0.01,descriptive,False,,,,7224.0,983040.0,7224.0,983040.0
50,DGFM+,7,0.05,primary,True,1024.0,139520.0,0.0495156459510326,7224.0,983040.0,1024.0,139520.0
50,DGFM+,7,0.03,primary,True,1696.0,230912.0,0.0299234874546527,7224.0,983040.0,1696.0,230912.0
50,DGFM+,7,0.02,descriptive,False,,,,7224.0,983040.0,7224.0,983040.0
50,DGFM+,7,0.018,descriptive,False,,,,7224.0,983040.0,7224.0,983040.0
50,DGFM+,7,0.016,descriptive,False,,,,7224.0,983040.0,7224.0,983040.0
50,DGFM+,7,0.015,descriptive,False,,,,7224.0,983040.0,7224.0,983040.0
50,DGFM+,7,0.01,descriptive,False,,,,7224.0,983040.0,7224.0,983040.0
50,DGFM+,8,0.05,primary,True,1304.0,177664.0,0.0495045855641365,7224.0,983040.0,1304.0,177664.0
50,DGFM+,8,0.03,primary,True,1824.0,248064.0,0.0298311505466699,7224.0,983040.0,1824.0,248064.0
50,DGFM+,8,0.02,descriptive,False,,,,7224.0,983040.0,7224.0,983040.0
50,DGFM+,8,0.018,descriptive,False,,,,7224.0,983040.0,7224.0,983040.0
50,DGFM+,8,0.016,descriptive,False,,,,7224.0,983040.0,7224.0,983040.0
50,DGFM+,8,0.015,descriptive,False,,,,7224.0,983040.0,7224.0,983040.0
50,DGFM+,8,0.01,descriptive,False,,,,7224.0,983040.0,7224.0,983040.0
50,DGFM+,9,0.05,primary,True,1400.0,190720.0,0.0496956072747707,7224.0,983040.0,1400.0,190720.0
50,DGFM+,9,0.03,primary,True,2104.0,286208.0,0.0299231372773647,7224.0,983040.0,2104.0,286208.0
50,DGFM+,9,0.02,descriptive,False,,,,7224.0,983040.0,7224.0,983040.0
50,DGFM+,9,0.018,descriptive,False,,,,7224.0,983040.0,7224.0,983040.0
50,DGFM+,9,0.016,descriptive,False,,,,7224.0,983040.0,7224.0,983040.0
50,DGFM+,9,0.015,descriptive,False,,,,7224.0,983040.0,7224.0,983040.0
50,DGFM+,9,0.01,descriptive,False,,,,7224.0,983040.0,7224.0,983040.0
50,DGFM+,10,0.05,primary,True,1344.0,182784.0,0.0497163720428943,7224.0,983040.0,1344.0,182784.0
50,DGFM+,10,0.03,primary,True,1616.0,219904.0,0.0298253614455461,7224.0,983040.0,1616.0,219904.0
50,DGFM+,10,0.02,descriptive,False,,,,7224.0,983040.0,7224.0,983040.0
50,DGFM+,10,0.018,descriptive,False,,,,7224.0,983040.0,7224.0,983040.0
50,DGFM+,10,0.016,descriptive,False,,,,7224.0,983040.0,7224.0,983040.0
50,DGFM+,10,0.015,descriptive,False,,,,7224.0,983040.0,7224.0,983040.0
50,DGFM+,10,0.01,descriptive,False,,,,7224.0,983040.0,7224.0,983040.0
50,DGFM+,11,0.05,primary,True,1176.0,160512.0,0.0492730066180229,7224.0,983040.0,1176.0,160512.0
50,DGFM+,11,0.03,primary,True,1688.0,229888.0,0.029740635305643,7224.0,983040.0,1688.0,229888.0
50,DGFM+,11,0.02,descriptive,False,,,,7224.0,983040.0,7224.0,983040.0
50,DGFM+,11,0.018,descriptive,False,,,,7224.0,983040.0,7224.0,983040.0
50,DGFM+,11,0.016,descriptive,False,,,,7224.0,983040.0,7224.0,983040.0
50,DGFM+,11,0.015,descriptive,False,,,,7224.0,983040.0,7224.0,983040.0
50,DGFM+,11,0.01,descriptive,False,,,,7224.0,983040.0,7224.0,983040.0
50,DGFM+,12,0.05,primary,True,1176.0,160512.0,0.049341682344675,7224.0,983040.0,1176.0,160512.0
50,DGFM+,12,0.03,primary,True,1960.0,267008.0,0.0298798605799675,7224.0,983040.0,1960.0,267008.0
50,DGFM+,12,0.02,descriptive,False,,,,7224.0,983040.0,7224.0,983040.0
50,DGFM+,12,0.018,descriptive,False,,,,7224.0,983040.0,7224.0,983040.0
50,DGFM+,12,0.016,descriptive,False,,,,7224.0,983040.0,7224.0,983040.0
50,DGFM+,12,0.015,descriptive,False,,,,7224.0,983040.0,7224.0,983040.0
50,DGFM+,12,0.01,descriptive,False,,,,7224.0,983040.0,7224.0,983040.0
50,DGFM+,13,0.05,primary,True,1192.0,162560.0,0.0489909574389457,7224.0,983040.0,1192.0,162560.0
50,DGFM+,13,0.03,primary,True,1400.0,190720.0,0.0295986682176589,7224.0,983040.0,1400.0,190720.0
50,DGFM+,13,0.02,descriptive,False,,,,7224.0,983040.0,7224.0,983040.0
50,DGFM+,13,0.018,descriptive,False,,,,7224.0,983040.0,7224.0,983040.0
50,DGFM+,13,0.016,descriptive,False,,,,7224.0,983040.0,7224.0,983040.0
50,DGFM+,13,0.015,descriptive,False,,,,7224.0,983040.0,7224.0,983040.0
50,DGFM+,13,0.01,descriptive,False,,,,7224.0,983040.0,7224.0,983040.0
50,DGFM+,14,0.05,primary,True,1064.0,145408.0,0.0495430119335651,7224.0,983040.0,1064.0,145408.0
50,DGFM+,14,0.03,primary,True,1976.0,269056.0,0.0297044031322002,7224.0,983040.0,1976.0,269056.0
50,DGFM+,14,0.02,descriptive,False,,,,7224.0,983040.0,7224.0,983040.0
50,DGFM+,14,0.018,descriptive,False,,,,7224.0,983040.0,7224.0,983040.0
50,DGFM+,14,0.016,descriptive,False,,,,7224.0,983040.0,7224.0,983040.0
50,DGFM+,14,0.015,descriptive,False,,,,7224.0,983040.0,7224.0,983040.0
50,DGFM+,14,0.01,descriptive,False,,,,7224.0,983040.0,7224.0,983040.0
50,DGFM+,15,0.05,primary,True,1104.0,150528.0,0.0492020063102245,7224.0,983040.0,1104.0,150528.0
50,DGFM+,15,0.03,primary,True,1712.0,232960.0,0.0298902858048677,7224.0,983040.0,1712.0,232960.0
50,DGFM+,15,0.02,descriptive,False,,,,7224.0,983040.0,7224.0,983040.0
50,DGFM+,15,0.018,descriptive,False,,,,7224.0,983040.0,7224.0,983040.0
50,DGFM+,15,0.016,descriptive,False,,,,7224.0,983040.0,7224.0,983040.0
50,DGFM+,15,0.015,descriptive,False,,,,7224.0,983040.0,7224.0,983040.0
50,DGFM+,15,0.01,descriptive,False,,,,7224.0,983040.0,7224.0,983040.0
50,DGFM+,16,0.05,primary,True,1256.0,171520.0,0.0497410744428634,7224.0,983040.0,1256.0,171520.0
50,DGFM+,16,0.03,primary,True,2240.0,305152.0,0.0298534445464611,7224.0,983040.0,2240.0,305152.0
50,DGFM+,16,0.02,descriptive,False,,,,7224.0,983040.0,7224.0,983040.0
50,DGFM+,16,0.018,descriptive,False,,,,7224.0,983040.0,7224.0,983040.0
50,DGFM+,16,0.016,descriptive,False,,,,7224.0,983040.0,7224.0,983040.0
50,DGFM+,16,0.015,descriptive,False,,,,7224.0,983040.0,7224.0,983040.0
50,DGFM+,16,0.01,descriptive,False,,,,7224.0,983040.0,7224.0,983040.0
50,DGFM+,17,0.05,primary,True,1464.0,199680.0,0.0499701201915741,7224.0,983040.0,1464.0,199680.0
50,DGFM+,17,0.03,primary,True,1936.0,263936.0,0.0298661459237337,7224.0,983040.0,1936.0,263936.0
50,DGFM+,17,0.02,descriptive,False,,,,7224.0,983040.0,7224.0,983040.0
50,DGFM+,17,0.018,descriptive,False,,,,7224.0,983040.0,7224.0,983040.0
50,DGFM+,17,0.016,descriptive,False,,,,7224.0,983040.0,7224.0,983040.0
50,DGFM+,17,0.015,descriptive,False,,,,7224.0,983040.0,7224.0,983040.0
50,DGFM+,17,0.01,descriptive,False,,,,7224.0,983040.0,7224.0,983040.0
50,DGFM+,18,0.05,primary,True,1352.0,184576.0,0.0495864823460578,7224.0,983040.0,1352.0,184576.0
50,DGFM+,18,0.03,primary,True,2248.0,306176.0,0.0299757551401853,7224.0,983040.0,2248.0,306176.0
50,DGFM+,18,0.02,descriptive,False,,,,7224.0,983040.0,7224.0,983040.0
50,DGFM+,18,0.018,descriptive,False,,,,7224.0,983040.0,7224.0,983040.0
50,DGFM+,18,0.016,descriptive,False,,,,7224.0,983040.0,7224.0,983040.0
50,DGFM+,18,0.015,descriptive,False,,,,7224.0,983040.0,7224.0,983040.0
50,DGFM+,18,0.01,descriptive,False,,,,7224.0,983040.0,7224.0,983040.0
50,DGFM+,19,0.05,primary,True,1280.0,174592.0,0.0496951043605804,7224.0,983040.0,1280.0,174592.0
50,DGFM+,19,0.03,primary,True,1904.0,259072.0,0.0299571976065635,7224.0,983040.0,1904.0,259072.0
50,DGFM+,19,0.02,descriptive,False,,,,7224.0,983040.0,7224.0,983040.0
50,DGFM+,19,0.018,descriptive,False,,,,7224.0,983040.0,7224.0,983040.0
50,DGFM+,19,0.016,descriptive,False,,,,7224.0,983040.0,7224.0,983040.0
50,DGFM+,19,0.015,descriptive,False,,,,7224.0,983040.0,7224.0,983040.0
50,DGFM+,19,0.01,descriptive,False,,,,7224.0,983040.0,7224.0,983040.0
200,NOG-ZO,0,0.05,primary,True,248.0,253952.0,0.0497615858912467,960.0,983040.0,248.0,253952.0
200,NOG-ZO,0,0.03,primary,True,268.0,274432.0,0.0261810887604951,960.0,983040.0,268.0,274432.0
200,NOG-ZO,0,0.02,descriptive,True,276.0,282624.0,0.0192615445703268,960.0,983040.0,276.0,282624.0
200,NOG-ZO,0,0.018,descriptive,True,280.0,286720.0,0.0170823149383068,960.0,983040.0,280.0,286720.0
200,NOG-ZO,0,0.016,descriptive,False,,,,960.0,983040.0,960.0,983040.0
200,NOG-ZO,0,0.015,descriptive,False,,,,960.0,983040.0,960.0,983040.0
200,NOG-ZO,0,0.01,descriptive,False,,,,960.0,983040.0,960.0,983040.0
200,NOG-ZO,1,0.05,primary,True,248.0,253952.0,0.0489940047264099,960.0,983040.0,248.0,253952.0
200,NOG-ZO,1,0.03,primary,True,264.0,270336.0,0.0285756029188632,960.0,983040.0,264.0,270336.0
200,NOG-ZO,1,0.02,descriptive,True,276.0,282624.0,0.0180592499673366,960.0,983040.0,276.0,282624.0
200,NOG-ZO,1,0.018,descriptive,True,280.0,286720.0,0.0162224192172288,960.0,983040.0,280.0,286720.0
200,NOG-ZO,1,0.016,descriptive,False,,,,960.0,983040.0,960.0,983040.0
200,NOG-ZO,1,0.015,descriptive,False,,,,960.0,983040.0,960.0,983040.0
200,NOG-ZO,1,0.01,descriptive,False,,,,960.0,983040.0,960.0,983040.0
200,NOG-ZO,2,0.05,primary,True,248.0,253952.0,0.0457998923957347,960.0,983040.0,248.0,253952.0
200,NOG-ZO,2,0.03,primary,True,264.0,270336.0,0.0269519817084074,960.0,983040.0,264.0,270336.0
200,NOG-ZO,2,0.02,descriptive,True,272.0,278528.0,0.0199119374155998,960.0,983040.0,272.0,278528.0
200,NOG-ZO,2,0.018,descriptive,True,276.0,282624.0,0.0177862979471683,960.0,983040.0,276.0,282624.0
200,NOG-ZO,2,0.016,descriptive,False,,,,960.0,983040.0,960.0,983040.0
200,NOG-ZO,2,0.015,descriptive,False,,,,960.0,983040.0,960.0,983040.0
200,NOG-ZO,2,0.01,descriptive,False,,,,960.0,983040.0,960.0,983040.0
200,NOG-ZO,3,0.05,primary,True,252.0,258048.0,0.0467700585722923,960.0,983040.0,252.0,258048.0
200,NOG-ZO,3,0.03,primary,True,268.0,274432.0,0.0276221223175525,960.0,983040.0,268.0,274432.0
200,NOG-ZO,3,0.02,descriptive,True,280.0,286720.0,0.0184345338493585,960.0,983040.0,280.0,286720.0
200,NOG-ZO,3,0.018,descriptive,True,284.0,290816.0,0.0174128729850053,960.0,983040.0,284.0,290816.0
200,NOG-ZO,3,0.016,descriptive,False,,,,960.0,983040.0,960.0,983040.0
200,NOG-ZO,3,0.015,descriptive,False,,,,960.0,983040.0,960.0,983040.0
200,NOG-ZO,3,0.01,descriptive,False,,,,960.0,983040.0,960.0,983040.0
200,NOG-ZO,4,0.05,primary,True,252.0,258048.0,0.0448494777083396,960.0,983040.0,252.0,258048.0
200,NOG-ZO,4,0.03,primary,True,268.0,274432.0,0.0269688256084918,960.0,983040.0,268.0,274432.0
200,NOG-ZO,4,0.02,descriptive,True,276.0,282624.0,0.0195541884750127,960.0,983040.0,276.0,282624.0
200,NOG-ZO,4,0.018,descriptive,True,280.0,286720.0,0.0174774676561355,960.0,983040.0,280.0,286720.0
200,NOG-ZO,4,0.016,descriptive,False,,,,960.0,983040.0,960.0,983040.0
200,NOG-ZO,4,0.015,descriptive,False,,,,960.0,983040.0,960.0,983040.0
200,NOG-ZO,4,0.01,descriptive,False,,,,960.0,983040.0,960.0,983040.0
200,NOG-ZO,5,0.05,primary,True,252.0,258048.0,0.0443102531135082,960.0,983040.0,252.0,258048.0
200,NOG-ZO,5,0.03,primary,True,264.0,270336.0,0.0297606438398361,960.0,983040.0,264.0,270336.0
200,NOG-ZO,5,0.02,descriptive,True,276.0,282624.0,0.0183957908302545,960.0,983040.0,276.0,282624.0
200,NOG-ZO,5,0.018,descriptive,True,280.0,286720.0,0.0163737833499908,960.0,983040.0,280.0,286720.0
200,NOG-ZO,5,0.016,descriptive,False,,,,960.0,983040.0,960.0,983040.0
200,NOG-ZO,5,0.015,descriptive,False,,,,960.0,983040.0,960.0,983040.0
200,NOG-ZO,5,0.01,descriptive,False,,,,960.0,983040.0,960.0,983040.0
200,NOG-ZO,6,0.05,primary,True,252.0,258048.0,0.0457987934350967,960.0,983040.0,252.0,258048.0
200,NOG-ZO,6,0.03,primary,True,268.0,274432.0,0.0270300433039665,960.0,983040.0,268.0,274432.0
200,NOG-ZO,6,0.02,descriptive,True,276.0,282624.0,0.0197189170867204,960.0,983040.0,276.0,282624.0
200,NOG-ZO,6,0.018,descriptive,True,280.0,286720.0,0.0175345446914434,960.0,983040.0,280.0,286720.0
200,NOG-ZO,6,0.016,descriptive,False,,,,960.0,983040.0,960.0,983040.0
200,NOG-ZO,6,0.015,descriptive,False,,,,960.0,983040.0,960.0,983040.0
200,NOG-ZO,6,0.01,descriptive,False,,,,960.0,983040.0,960.0,983040.0
200,NOG-ZO,7,0.05,primary,True,252.0,258048.0,0.04731410369277,960.0,983040.0,252.0,258048.0
200,NOG-ZO,7,0.03,primary,True,268.0,274432.0,0.0279785245656967,960.0,983040.0,268.0,274432.0
200,NOG-ZO,7,0.02,descriptive,True,280.0,286720.0,0.0184254702180624,960.0,983040.0,280.0,286720.0
200,NOG-ZO,7,0.018,descriptive,True,284.0,290816.0,0.0172068532556295,960.0,983040.0,284.0,290816.0
200,NOG-ZO,7,0.016,descriptive,False,,,,960.0,983040.0,960.0,983040.0
200,NOG-ZO,7,0.015,descriptive,False,,,,960.0,983040.0,960.0,983040.0
200,NOG-ZO,7,0.01,descriptive,False,,,,960.0,983040.0,960.0,983040.0
200,NOG-ZO,8,0.05,primary,True,248.0,253952.0,0.0495760738849639,960.0,983040.0,248.0,253952.0
200,NOG-ZO,8,0.03,primary,True,264.0,270336.0,0.0292493123561143,960.0,983040.0,264.0,270336.0
200,NOG-ZO,8,0.02,descriptive,True,276.0,282624.0,0.0184346195310354,960.0,983040.0,276.0,282624.0
200,NOG-ZO,8,0.018,descriptive,True,280.0,286720.0,0.0164965260773897,960.0,983040.0,280.0,286720.0
200,NOG-ZO,8,0.016,descriptive,False,,,,960.0,983040.0,960.0,983040.0
200,NOG-ZO,8,0.015,descriptive,False,,,,960.0,983040.0,960.0,983040.0
200,NOG-ZO,8,0.01,descriptive,False,,,,960.0,983040.0,960.0,983040.0
200,NOG-ZO,9,0.05,primary,True,248.0,253952.0,0.0496914498507976,960.0,983040.0,248.0,253952.0
200,NOG-ZO,9,0.03,primary,True,264.0,270336.0,0.0294068697839975,960.0,983040.0,264.0,270336.0
200,NOG-ZO,9,0.02,descriptive,True,276.0,282624.0,0.0180149432271718,960.0,983040.0,276.0,282624.0
200,NOG-ZO,9,0.018,descriptive,True,280.0,286720.0,0.0164128523319959,960.0,983040.0,280.0,286720.0
200,NOG-ZO,9,0.016,descriptive,False,,,,960.0,983040.0,960.0,983040.0
200,NOG-ZO,9,0.015,descriptive,False,,,,960.0,983040.0,960.0,983040.0
200,NOG-ZO,9,0.01,descriptive,False,,,,960.0,983040.0,960.0,983040.0
200,NOG-ZO,10,0.05,primary,True,252.0,258048.0,0.0453759655356407,960.0,983040.0,252.0,258048.0
200,NOG-ZO,10,0.03,primary,True,268.0,274432.0,0.0267076324671506,960.0,983040.0,268.0,274432.0
200,NOG-ZO,10,0.02,descriptive,True,276.0,282624.0,0.0189794972538948,960.0,983040.0,276.0,282624.0
200,NOG-ZO,10,0.018,descriptive,True,280.0,286720.0,0.0169274490326643,960.0,983040.0,280.0,286720.0
200,NOG-ZO,10,0.016,descriptive,False,,,,960.0,983040.0,960.0,983040.0
200,NOG-ZO,10,0.015,descriptive,False,,,,960.0,983040.0,960.0,983040.0
200,NOG-ZO,10,0.01,descriptive,False,,,,960.0,983040.0,960.0,983040.0
200,NOG-ZO,11,0.05,primary,True,248.0,253952.0,0.0482684224843978,960.0,983040.0,248.0,253952.0
200,NOG-ZO,11,0.03,primary,True,264.0,270336.0,0.0282383374869823,960.0,983040.0,264.0,270336.0
200,NOG-ZO,11,0.02,descriptive,True,276.0,282624.0,0.0178255904465913,960.0,983040.0,276.0,282624.0
200,NOG-ZO,11,0.018,descriptive,True,276.0,282624.0,0.0178255904465913,960.0,983040.0,276.0,282624.0
200,NOG-ZO,11,0.016,descriptive,False,,,,960.0,983040.0,960.0,983040.0
200,NOG-ZO,11,0.015,descriptive,False,,,,960.0,983040.0,960.0,983040.0
200,NOG-ZO,11,0.01,descriptive,False,,,,960.0,983040.0,960.0,983040.0
200,NOG-ZO,12,0.05,primary,True,248.0,253952.0,0.0476192124187946,960.0,983040.0,248.0,253952.0
200,NOG-ZO,12,0.03,primary,True,264.0,270336.0,0.0275722816586494,960.0,983040.0,264.0,270336.0
200,NOG-ZO,12,0.02,descriptive,True,272.0,278528.0,0.0199764277786016,960.0,983040.0,272.0,278528.0
200,NOG-ZO,12,0.018,descriptive,True,276.0,282624.0,0.0174758583307266,960.0,983040.0,276.0,282624.0
200,NOG-ZO,12,0.016,descriptive,False,,,,960.0,983040.0,960.0,983040.0
200,NOG-ZO,12,0.015,descriptive,False,,,,960.0,983040.0,960.0,983040.0
200,NOG-ZO,12,0.01,descriptive,False,,,,960.0,983040.0,960.0,983040.0
200,NOG-ZO,13,0.05,primary,True,252.0,258048.0,0.0471422895789146,960.0,983040.0,252.0,258048.0
200,NOG-ZO,13,0.03,primary,True,268.0,274432.0,0.0279928632080554,960.0,983040.0,268.0,274432.0
200,NOG-ZO,13,0.02,descriptive,True,280.0,286720.0,0.017729440703988,960.0,983040.0,280.0,286720.0
200,NOG-ZO,13,0.018,descriptive,True,280.0,286720.0,0.017729440703988,960.0,983040.0,280.0,286720.0
200,NOG-ZO,13,0.016,descriptive,False,,,,960.0,983040.0,960.0,983040.0
200,NOG-ZO,13,0.015,descriptive,False,,,,960.0,983040.0,960.0,983040.0
200,NOG-ZO,13,0.01,descriptive,False,,,,960.0,983040.0,960.0,983040.0
200,NOG-ZO,14,0.05,primary,True,248.0,253952.0,0.0483401156961917,960.0,983040.0,248.0,253952.0
200,NOG-ZO,14,0.03,primary,True,264.0,270336.0,0.0294171385467052,960.0,983040.0,264.0,270336.0
200,NOG-ZO,14,0.02,descriptive,True,276.0,282624.0,0.0188519321382045,960.0,983040.0,276.0,282624.0
200,NOG-ZO,14,0.018,descriptive,True,280.0,286720.0,0.0172744039446115,960.0,983040.0,280.0,286720.0
200,NOG-ZO,14,0.016,descriptive,False,,,,960.0,983040.0,960.0,983040.0
200,NOG-ZO,14,0.015,descriptive,False,,,,960.0,983040.0,960.0,983040.0
200,NOG-ZO,14,0.01,descriptive,False,,,,960.0,983040.0,960.0,983040.0
200,NOG-ZO,15,0.05,primary,True,252.0,258048.0,0.047051154077053,960.0,983040.0,252.0,258048.0
200,NOG-ZO,15,0.03,primary,True,268.0,274432.0,0.0282618198543787,960.0,983040.0,268.0,274432.0
200,NOG-ZO,15,0.02,descriptive,True,280.0,286720.0,0.0187466293573379,960.0,983040.0,280.0,286720.0
200,NOG-ZO,15,0.018,descriptive,True,284.0,290816.0,0.0174039155244827,960.0,983040.0,284.0,290816.0
200,NOG-ZO,15,0.016,descriptive,False,,,,960.0,983040.0,960.0,983040.0
200,NOG-ZO,15,0.015,descriptive,False,,,,960.0,983040.0,960.0,983040.0
200,NOG-ZO,15,0.01,descriptive,False,,,,960.0,983040.0,960.0,983040.0
200,NOG-ZO,16,0.05,primary,True,252.0,258048.0,0.0455770529806613,960.0,983040.0,252.0,258048.0
200,NOG-ZO,16,0.03,primary,True,268.0,274432.0,0.0273287110030651,960.0,983040.0,268.0,274432.0
200,NOG-ZO,16,0.02,descriptive,True,280.0,286720.0,0.0187307596206665,960.0,983040.0,280.0,286720.0
200,NOG-ZO,16,0.018,descriptive,False,,,,960.0,983040.0,960.0,983040.0
200,NOG-ZO,16,0.016,descriptive,False,,,,960.0,983040.0,960.0,983040.0
200,NOG-ZO,16,0.015,descriptive,False,,,,960.0,983040.0,960.0,983040.0
200,NOG-ZO,16,0.01,descriptive,False,,,,960.0,983040.0,960.0,983040.0
200,NOG-ZO,17,0.05,primary,True,252.0,258048.0,0.0456205755472183,960.0,983040.0,252.0,258048.0
200,NOG-ZO,17,0.03,primary,True,268.0,274432.0,0.0266639627516269,960.0,983040.0,268.0,274432.0
200,NOG-ZO,17,0.02,descriptive,True,280.0,286720.0,0.0176312830299139,960.0,983040.0,280.0,286720.0
200,NOG-ZO,17,0.018,descriptive,True,280.0,286720.0,0.0176312830299139,960.0,983040.0,280.0,286720.0
200,NOG-ZO,17,0.016,descriptive,False,,,,960.0,983040.0,960.0,983040.0
200,NOG-ZO,17,0.015,descriptive,False,,,,960.0,983040.0,960.0,983040.0
200,NOG-ZO,17,0.01,descriptive,False,,,,960.0,983040.0,960.0,983040.0
200,NOG-ZO,18,0.05,primary,True,248.0,253952.0,0.0496952533721923,960.0,983040.0,248.0,253952.0
200,NOG-ZO,18,0.03,primary,True,264.0,270336.0,0.0298758000135421,960.0,983040.0,264.0,270336.0
200,NOG-ZO,18,0.02,descriptive,True,276.0,282624.0,0.0187551081180572,960.0,983040.0,276.0,282624.0
200,NOG-ZO,18,0.018,descriptive,True,280.0,286720.0,0.0166320092976093,960.0,983040.0,280.0,286720.0
200,NOG-ZO,18,0.016,descriptive,False,,,,960.0,983040.0,960.0,983040.0
200,NOG-ZO,18,0.015,descriptive,False,,,,960.0,983040.0,960.0,983040.0
200,NOG-ZO,18,0.01,descriptive,False,,,,960.0,983040.0,960.0,983040.0
200,NOG-ZO,19,0.05,primary,True,248.0,253952.0,0.0472208149731159,960.0,983040.0,248.0,253952.0
200,NOG-ZO,19,0.03,primary,True,264.0,270336.0,0.0274143666028976,960.0,983040.0,264.0,270336.0
200,NOG-ZO,19,0.02,descriptive,True,272.0,278528.0,0.0199449155479669,960.0,983040.0,272.0,278528.0
200,NOG-ZO,19,0.018,descriptive,True,276.0,282624.0,0.0174362361431121,960.0,983040.0,276.0,282624.0
200,NOG-ZO,19,0.016,descriptive,False,,,,960.0,983040.0,960.0,983040.0
200,NOG-ZO,19,0.015,descriptive,False,,,,960.0,983040.0,960.0,983040.0
200,NOG-ZO,19,0.01,descriptive,False,,,,960.0,983040.0,960.0,983040.0
200,ME-DOL-ZO,0,0.05,primary,True,672.0,172032.0,0.0491817742586135,3840.0,983040.0,672.0,172032.0
200,ME-DOL-ZO,0,0.03,primary,True,804.0,205824.0,0.0299494266510009,3840.0,983040.0,804.0,205824.0
200,ME-DOL-ZO,0,0.02,descriptive,True,984.0,251904.0,0.019515560939908,3840.0,983040.0,984.0,251904.0
200,ME-DOL-ZO,0,0.018,descriptive,True,1056.0,270336.0,0.0179791953414678,3840.0,983040.0,1056.0,270336.0
200,ME-DOL-ZO,0,0.016,descriptive,True,2316.0,592896.0,0.0158678237348794,3840.0,983040.0,2316.0,592896.0
200,ME-DOL-ZO,0,0.015,descriptive,False,,,,3840.0,983040.0,3840.0,983040.0
200,ME-DOL-ZO,0,0.01,descriptive,False,,,,3840.0,983040.0,3840.0,983040.0
200,ME-DOL-ZO,1,0.05,primary,True,624.0,159744.0,0.0495818220078945,3840.0,983040.0,624.0,159744.0
200,ME-DOL-ZO,1,0.03,primary,True,780.0,199680.0,0.0290801655501127,3840.0,983040.0,780.0,199680.0
200,ME-DOL-ZO,1,0.02,descriptive,True,960.0,245760.0,0.0196880791336298,3840.0,983040.0,960.0,245760.0
200,ME-DOL-ZO,1,0.018,descriptive,True,1008.0,258048.0,0.0174879785627126,3840.0,983040.0,1008.0,258048.0
200,ME-DOL-ZO,1,0.016,descriptive,True,2196.0,562176.0,0.0158986635506153,3840.0,983040.0,2196.0,562176.0
200,ME-DOL-ZO,1,0.015,descriptive,False,,,,3840.0,983040.0,3840.0,983040.0
200,ME-DOL-ZO,1,0.01,descriptive,False,,,,3840.0,983040.0,3840.0,983040.0
200,ME-DOL-ZO,2,0.05,primary,True,648.0,165888.0,0.0475607365369796,3840.0,983040.0,648.0,165888.0
200,ME-DOL-ZO,2,0.03,primary,True,768.0,196608.0,0.0284849926829338,3840.0,983040.0,768.0,196608.0
200,ME-DOL-ZO,2,0.02,descriptive,True,1020.0,261120.0,0.0199928432703018,3840.0,983040.0,1020.0,261120.0
200,ME-DOL-ZO,2,0.018,descriptive,True,1284.0,328704.0,0.0175478402525186,3840.0,983040.0,1284.0,328704.0
200,ME-DOL-ZO,2,0.016,descriptive,True,2496.0,638976.0,0.0159160383045673,3840.0,983040.0,2496.0,638976.0
200,ME-DOL-ZO,2,0.015,descriptive,False,,,,3840.0,983040.0,3840.0,983040.0
200,ME-DOL-ZO,2,0.01,descriptive,False,,,,3840.0,983040.0,3840.0,983040.0
200,ME-DOL-ZO,3,0.05,primary,True,648.0,165888.0,0.0483926460146904,3840.0,983040.0,648.0,165888.0
200,ME-DOL-ZO,3,0.03,primary,True,792.0,202752.0,0.0295748058706522,3840.0,983040.0,792.0,202752.0
200,ME-DOL-ZO,3,0.02,descriptive,True,1020.0,261120.0,0.0196491479873657,3840.0,983040.0,1020.0,261120.0
200,ME-DOL-ZO,3,0.018,descriptive,True,1092.0,279552.0,0.0177822113037109,3840.0,983040.0,1092.0,279552.0
200,ME-DOL-ZO,3,0.016,descriptive,True,2328.0,595968.0,0.0158937945961952,3840.0,983040.0,2328.0,595968.0
200,ME-DOL-ZO,3,0.015,descriptive,False,,,,3840.0,983040.0,3840.0,983040.0
200,ME-DOL-ZO,3,0.01,descriptive,False,,,,3840.0,983040.0,3840.0,983040.0
200,ME-DOL-ZO,4,0.05,primary,True,660.0,168960.0,0.048232153058052,3840.0,983040.0,660.0,168960.0
200,ME-DOL-ZO,4,0.03,primary,True,840.0,215040.0,0.0293969847261905,3840.0,983040.0,840.0,215040.0
200,ME-DOL-ZO,4,0.02,descriptive,True,1008.0,258048.0,0.0198752041906118,3840.0,983040.0,1008.0,258048.0
200,ME-DOL-ZO,4,0.018,descriptive,True,1308.0,334848.0,0.0178644992411136,3840.0,983040.0,1308.0,334848.0
200,ME-DOL-ZO,4,0.016,descriptive,True,1896.0,485376.0,0.0159618109464645,3840.0,983040.0,1896.0,485376.0
200,ME-DOL-ZO,4,0.015,descriptive,False,,,,3840.0,983040.0,3840.0,983040.0
200,ME-DOL-ZO,4,0.01,descriptive,False,,,,3840.0,983040.0,3840.0,983040.0
200,ME-DOL-ZO,5,0.05,primary,True,636.0,162816.0,0.0472247377038002,3840.0,983040.0,636.0,162816.0
200,ME-DOL-ZO,5,0.03,primary,True,792.0,202752.0,0.0291222184896469,3840.0,983040.0,792.0,202752.0
200,ME-DOL-ZO,5,0.02,descriptive,True,960.0,245760.0,0.019848920404911,3840.0,983040.0,960.0,245760.0
200,ME-DOL-ZO,5,0.018,descriptive,True,1116.0,285696.0,0.0179183445870876,3840.0,983040.0,1116.0,285696.0
200,ME-DOL-ZO,5,0.016,descriptive,True,2640.0,675840.0,0.0158316083252429,3840.0,983040.0,2640.0,675840.0
200,ME-DOL-ZO,5,0.015,descriptive,False,,,,3840.0,983040.0,3840.0,983040.0
200,ME-DOL-ZO,5,0.01,descriptive,False,,,,3840.0,983040.0,3840.0,983040.0
200,ME-DOL-ZO,6,0.05,primary,True,648.0,165888.0,0.0496535189449787,3840.0,983040.0,648.0,165888.0
200,ME-DOL-ZO,6,0.03,primary,True,792.0,202752.0,0.0298882350325584,3840.0,983040.0,792.0,202752.0
200,ME-DOL-ZO,6,0.02,descriptive,True,936.0,239616.0,0.0196721274405717,3840.0,983040.0,936.0,239616.0
200,ME-DOL-ZO,6,0.018,descriptive,True,1056.0,270336.0,0.0179892685264349,3840.0,983040.0,1056.0,270336.0
200,ME-DOL-ZO,6,0.016,descriptive,True,1260.0,322560.0,0.0159544758498668,3840.0,983040.0,1260.0,322560.0
200,ME-DOL-ZO,6,0.015,descriptive,False,,,,3840.0,983040.0,3840.0,983040.0
200,ME-DOL-ZO,6,0.01,descriptive,False,,,,3840.0,983040.0,3840.0,983040.0
200,ME-DOL-ZO,7,0.05,primary,True,612.0,156672.0,0.0490323454141616,3840.0,983040.0,612.0,156672.0
200,ME-DOL-ZO,7,0.03,primary,True,768.0,196608.0,0.0295055713504552,3840.0,983040.0,768.0,196608.0
200,ME-DOL-ZO,7,0.02,descriptive,True,1020.0,261120.0,0.0198012460023164,3840.0,983040.0,1020.0,261120.0
200,ME-DOL-ZO,7,0.018,descriptive,True,1080.0,276480.0,0.0178959816694259,3840.0,983040.0,1080.0,276480.0
200,ME-DOL-ZO,7,0.016,descriptive,True,2112.0,540672.0,0.0159994568675756,3840.0,983040.0,2112.0,540672.0
200,ME-DOL-ZO,7,0.015,descriptive,False,,,,3840.0,983040.0,3840.0,983040.0
200,ME-DOL-ZO,7,0.01,descriptive,False,,,,3840.0,983040.0,3840.0,983040.0
200,ME-DOL-ZO,8,0.05,primary,True,624.0,159744.0,0.0483600161969661,3840.0,983040.0,624.0,159744.0
200,ME-DOL-ZO,8,0.03,primary,True,756.0,193536.0,0.0298471543937921,3840.0,983040.0,756.0,193536.0
200,ME-DOL-ZO,8,0.02,descriptive,True,936.0,239616.0,0.0194269455969333,3840.0,983040.0,936.0,239616.0
200,ME-DOL-ZO,8,0.018,descriptive,True,1008.0,258048.0,0.0179734174162149,3840.0,983040.0,1008.0,258048.0
200,ME-DOL-ZO,8,0.016,descriptive,True,2364.0,605184.0,0.0159679483622312,3840.0,983040.0,2364.0,605184.0
200,ME-DOL-ZO,8,0.015,descriptive,True,3648.0,933888.0,0.0148471351712942,3840.0,983040.0,3648.0,933888.0
200,ME-DOL-ZO,8,0.01,descriptive,False,,,,3840.0,983040.0,3840.0,983040.0
200,ME-DOL-ZO,9,0.05,primary,True,648.0,165888.0,0.0485893078148365,3840.0,983040.0,648.0,165888.0
200,ME-DOL-ZO,9,0.03,primary,True,780.0,199680.0,0.0295695420354604,3840.0,983040.0,780.0,199680.0
200,ME-DOL-ZO,9,0.02,descriptive,True,984.0,251904.0,0.0197422392666339,3840.0,983040.0,984.0,251904.0
200,ME-DOL-ZO,9,0.018,descriptive,True,1116.0,285696.0,0.0179269947111606,3840.0,983040.0,1116.0,285696.0
200,ME-DOL-ZO,9,0.016,descriptive,True,1692.0,433152.0,0.015940573066473,3840.0,983040.0,1692.0,433152.0
200,ME-DOL-ZO,9,0.015,descriptive,False,,,,3840.0,983040.0,3840.0,983040.0
200,ME-DOL-ZO,9,0.01,descriptive,False,,,,3840.0,983040.0,3840.0,983040.0
200,ME-DOL-ZO,10,0.05,primary,True,648.0,165888.0,0.0486057549715042,3840.0,983040.0,648.0,165888.0
200,ME-DOL-ZO,10,0.03,primary,True,792.0,202752.0,0.0289246588945388,3840.0,983040.0,792.0,202752.0
200,ME-DOL-ZO,10,0.02,descriptive,True,936.0,239616.0,0.0196429286152124,3840.0,983040.0,936.0,239616.0
200,ME-DOL-ZO,10,0.018,descriptive,True,1032.0,264192.0,0.0179611630737781,3840.0,983040.0,1032.0,264192.0
200,ME-DOL-ZO,10,0.016,descriptive,True,1920.0,491520.0,0.0158503986895084,3840.0,983040.0,1920.0,491520.0
200,ME-DOL-ZO,10,0.015,descriptive,True,3300.0,844800.0,0.0149653293192386,3840.0,983040.0,3300.0,844800.0
200,ME-DOL-ZO,10,0.01,descriptive,False,,,,3840.0,983040.0,3840.0,983040.0
200,ME-DOL-ZO,11,0.05,primary,True,648.0,165888.0,0.0472666323184967,3840.0,983040.0,648.0,165888.0
200,ME-DOL-ZO,11,0.03,primary,True,792.0,202752.0,0.0290652010589838,3840.0,983040.0,792.0,202752.0
200,ME-DOL-ZO,11,0.02,descriptive,True,948.0,242688.0,0.0194220785051584,3840.0,983040.0,948.0,242688.0
200,ME-DOL-ZO,11,0.018,descriptive,True,1080.0,276480.0,0.017944049090147,3840.0,983040.0,1080.0,276480.0
200,ME-DOL-ZO,11,0.016,descriptive,True,1800.0,460800.0,0.0159620065242052,3840.0,983040.0,1800.0,460800.0
200,ME-DOL-ZO,11,0.015,descriptive,False,,,,3840.0,983040.0,3840.0,983040.0
200,ME-DOL-ZO,11,0.01,descriptive,False,,,,3840.0,983040.0,3840.0,983040.0
200,ME-DOL-ZO,12,0.05,primary,True,624.0,159744.0,0.048143845051527,3840.0,983040.0,624.0,159744.0
200,ME-DOL-ZO,12,0.03,primary,True,744.0,190464.0,0.0295047964900732,3840.0,983040.0,744.0,190464.0
200,ME-DOL-ZO,12,0.02,descriptive,True,888.0,227328.0,0.0197473969310522,3840.0,983040.0,888.0,227328.0
200,ME-DOL-ZO,12,0.018,descriptive,True,972.0,248832.0,0.0178941488265991,3840.0,983040.0,972.0,248832.0
200,ME-DOL-ZO,12,0.016,descriptive,True,1524.0,390144.0,0.015695845708251,3840.0,983040.0,1524.0,390144.0
200,ME-DOL-ZO,12,0.015,descriptive,True,3384.0,866304.0,0.0148320496082305,3840.0,983040.0,3384.0,866304.0
200,ME-DOL-ZO,12,0.01,descriptive,False,,,,3840.0,983040.0,3840.0,983040.0
200,ME-DOL-ZO,13,0.05,primary,True,672.0,172032.0,0.0481264032423496,3840.0,983040.0,672.0,172032.0
200,ME-DOL-ZO,13,0.03,primary,True,804.0,205824.0,0.0294036772102117,3840.0,983040.0,804.0,205824.0
200,ME-DOL-ZO,13,0.02,descriptive,True,996.0,254976.0,0.0199711304157972,3840.0,983040.0,996.0,254976.0
200,ME-DOL-ZO,13,0.018,descriptive,True,1104.0,282624.0,0.0178911332041025,3840.0,983040.0,1104.0,282624.0
200,ME-DOL-ZO,13,0.016,descriptive,True,2112.0,540672.0,0.0157959293574094,3840.0,983040.0,2112.0,540672.0
200,ME-DOL-ZO,13,0.015,descriptive,True,3156.0,807936.0,0.0149866202846169,3840.0,983040.0,3156.0,807936.0
200,ME-DOL-ZO,13,0.01,descriptive,False,,,,3840.0,983040.0,3840.0,983040.0
200,ME-DOL-ZO,14,0.05,primary,True,636.0,162816.0,0.0473256558179855,3840.0,983040.0,636.0,162816.0
200,ME-DOL-ZO,14,0.03,primary,True,744.0,190464.0,0.0299502797424793,3840.0,983040.0,744.0,190464.0
200,ME-DOL-ZO,14,0.02,descriptive,True,960.0,245760.0,0.0199392847716808,3840.0,983040.0,960.0,245760.0
200,ME-DOL-ZO,14,0.018,descriptive,True,1056.0,270336.0,0.0178711004555225,3840.0,983040.0,1056.0,270336.0
200,ME-DOL-ZO,14,0.016,descriptive,False,,,,3840.0,983040.0,3840.0,983040.0
200,ME-DOL-ZO,14,0.015,descriptive,False,,,,3840.0,983040.0,3840.0,983040.0
200,ME-DOL-ZO,14,0.01,descriptive,False,,,,3840.0,983040.0,3840.0,983040.0
200,ME-DOL-ZO,15,0.05,primary,True,672.0,172032.0,0.0487157851457595,3840.0,983040.0,672.0,172032.0
200,ME-DOL-ZO,15,0.03,primary,True,828.0,211968.0,0.0298079438507556,3840.0,983040.0,828.0,211968.0
200,ME-DOL-ZO,15,0.02,descriptive,True,1020.0,261120.0,0.019754834473133,3840.0,983040.0,1020.0,261120.0
200,ME-DOL-ZO,15,0.018,descriptive,True,1104.0,282624.0,0.0177984554320573,3840.0,983040.0,1104.0,282624.0
200,ME-DOL-ZO,15,0.016,descriptive,True,1572.0,402432.0,0.0157843772321939,3840.0,983040.0,1572.0,402432.0
200,ME-DOL-ZO,15,0.015,descriptive,False,,,,3840.0,983040.0,3840.0,983040.0
200,ME-DOL-ZO,15,0.01,descriptive,False,,,,3840.0,983040.0,3840.0,983040.0
200,ME-DOL-ZO,16,0.05,primary,True,636.0,162816.0,0.0497941635549068,3840.0,983040.0,636.0,162816.0
200,ME-DOL-ZO,16,0.03,primary,True,780.0,199680.0,0.0293451603502035,3840.0,983040.0,780.0,199680.0
200,ME-DOL-ZO,16,0.02,descriptive,True,996.0,254976.0,0.01980603300035,3840.0,983040.0,996.0,254976.0
200,ME-DOL-ZO,16,0.018,descriptive,True,1092.0,279552.0,0.0178081933408975,3840.0,983040.0,1092.0,279552.0
200,ME-DOL-ZO,16,0.016,descriptive,True,1656.0,423936.0,0.0159924644976854,3840.0,983040.0,1656.0,423936.0
200,ME-DOL-ZO,16,0.015,descriptive,False,,,,3840.0,983040.0,3840.0,983040.0
200,ME-DOL-ZO,16,0.01,descriptive,False,,,,3840.0,983040.0,3840.0,983040.0
200,ME-DOL-ZO,17,0.05,primary,True,636.0,162816.0,0.0481934882700443,3840.0,983040.0,636.0,162816.0
200,ME-DOL-ZO,17,0.03,primary,True,780.0,199680.0,0.0289789550006389,3840.0,983040.0,780.0,199680.0
200,ME-DOL-ZO,17,0.02,descriptive,True,1020.0,261120.0,0.0196831319481134,3840.0,983040.0,1020.0,261120.0
200,ME-DOL-ZO,17,0.018,descriptive,True,1128.0,288768.0,0.0179919712245464,3840.0,983040.0,1128.0,288768.0
200,ME-DOL-ZO,17,0.016,descriptive,True,2472.0,632832.0,0.0159434434026479,3840.0,983040.0,2472.0,632832.0
200,ME-DOL-ZO,17,0.015,descriptive,False,,,,3840.0,983040.0,3840.0,983040.0
200,ME-DOL-ZO,17,0.01,descriptive,False,,,,3840.0,983040.0,3840.0,983040.0
200,ME-DOL-ZO,18,0.05,primary,True,648.0,165888.0,0.0468577295541763,3840.0,983040.0,648.0,165888.0
200,ME-DOL-ZO,18,0.03,primary,True,768.0,196608.0,0.029277479276061,3840.0,983040.0,768.0,196608.0
200,ME-DOL-ZO,18,0.02,descriptive,True,900.0,230400.0,0.0194816440343856,3840.0,983040.0,900.0,230400.0
200,ME-DOL-ZO,18,0.018,descriptive,True,1020.0,261120.0,0.0178932826966047,3840.0,983040.0,1020.0,261120.0
200,ME-DOL-ZO,18,0.016,descriptive,True,2376.0,608256.0,0.0159926451742649,3840.0,983040.0,2376.0,608256.0
200,ME-DOL-ZO,18,0.015,descriptive,True,3528.0,903168.0,0.0148861641064286,3840.0,983040.0,3528.0,903168.0
200,ME-DOL-ZO,18,0.01,descriptive,False,,,,3840.0,983040.0,3840.0,983040.0
200,ME-DOL-ZO,19,0.05,primary,True,648.0,165888.0,0.0476258061826229,3840.0,983040.0,648.0,165888.0
200,ME-DOL-ZO,19,0.03,primary,True,792.0,202752.0,0.0291571523994207,3840.0,983040.0,792.0,202752.0
200,ME-DOL-ZO,19,0.02,descriptive,True,1020.0,261120.0,0.0196884423494339,3840.0,983040.0,1020.0,261120.0
200,ME-DOL-ZO,19,0.018,descriptive,True,1068.0,273408.0,0.0178132075816392,3840.0,983040.0,1068.0,273408.0
200,ME-DOL-ZO,19,0.016,descriptive,True,1164.0,297984.0,0.0158208329230546,3840.0,983040.0,1164.0,297984.0
200,ME-DOL-ZO,19,0.015,descriptive,False,,,,3840.0,983040.0,3840.0,983040.0
200,ME-DOL-ZO,19,0.01,descriptive,False,,,,3840.0,983040.0,3840.0,983040.0
200,DGFM,0,0.05,primary,True,1368.0,175104.0,0.0499366447329521,7680.0,983040.0,1368.0,175104.0
200,DGFM,0,0.03,primary,True,1736.0,222208.0,0.029567465186119,7680.0,983040.0,1736.0,222208.0
200,DGFM,0,0.02,descriptive,True,2088.0,267264.0,0.0199863612651824,7680.0,983040.0,2088.0,267264.0
200,DGFM,0,0.018,descriptive,True,2312.0,295936.0,0.0179999731481075,7680.0,983040.0,2312.0,295936.0
200,DGFM,0,0.016,descriptive,True,2640.0,337920.0,0.0159492921084165,7680.0,983040.0,2640.0,337920.0
200,DGFM,0,0.015,descriptive,True,3384.0,433152.0,0.0148580390959978,7680.0,983040.0,3384.0,433152.0
200,DGFM,0,0.01,descriptive,False,,,,7680.0,983040.0,7680.0,983040.0
200,DGFM,1,0.05,primary,True,1352.0,173056.0,0.0495830252766609,7680.0,983040.0,1352.0,173056.0
200,DGFM,1,0.03,primary,True,1704.0,218112.0,0.0297869239002466,7680.0,983040.0,1704.0,218112.0
200,DGFM,1,0.02,descriptive,True,2120.0,271360.0,0.0198997687548398,7680.0,983040.0,2120.0,271360.0
200,DGFM,1,0.018,descriptive,True,2280.0,291840.0,0.0178239624947309,7680.0,983040.0,2280.0,291840.0
200,DGFM,1,0.016,descriptive,True,2536.0,324608.0,0.0159891154617071,7680.0,983040.0,2536.0,324608.0
200,DGFM,1,0.015,descriptive,True,2888.0,369664.0,0.0149948159232735,7680.0,983040.0,2888.0,369664.0
200,DGFM,1,0.01,descriptive,False,,,,7680.0,983040.0,7680.0,983040.0
200,DGFM,2,0.05,primary,True,1376.0,176128.0,0.0499058999121189,7680.0,983040.0,1376.0,176128.0
200,DGFM,2,0.03,primary,True,1736.0,222208.0,0.0298483856022357,7680.0,983040.0,1736.0,222208.0
200,DGFM,2,0.02,descriptive,True,2032.0,260096.0,0.0198482368141412,7680.0,983040.0,2032.0,260096.0
200,DGFM,2,0.018,descriptive,True,2176.0,278528.0,0.0178855471312999,7680.0,983040.0,2176.0,278528.0
200,DGFM,2,0.016,descriptive,True,2368.0,303104.0,0.0159441605210304,7680.0,983040.0,2368.0,303104.0
200,DGFM,2,0.015,descriptive,True,3080.0,394240.0,0.0149228749796748,7680.0,983040.0,3080.0,394240.0
200,DGFM,2,0.01,descriptive,False,,,,7680.0,983040.0,7680.0,983040.0
200,DGFM,3,0.05,primary,True,1408.0,180224.0,0.0499470941722393,7680.0,983040.0,1408.0,180224.0
200,DGFM,3,0.03,primary,True,1808.0,231424.0,0.0299713518470525,7680.0,983040.0,1808.0,231424.0
200,DGFM,3,0.02,descriptive,True,2296.0,293888.0,0.0197948366403579,7680.0,983040.0,2296.0,293888.0
200,DGFM,3,0.018,descriptive,True,2456.0,314368.0,0.0179629325866699,7680.0,983040.0,2456.0,314368.0
200,DGFM,3,0.016,descriptive,True,2920.0,373760.0,0.0159415807574987,7680.0,983040.0,2920.0,373760.0
200,DGFM,3,0.015,descriptive,True,3384.0,433152.0,0.014925374649465,7680.0,983040.0,3384.0,433152.0
200,DGFM,3,0.01,descriptive,False,,,,7680.0,983040.0,7680.0,983040.0
200,DGFM,4,0.05,primary,True,1432.0,183296.0,0.0497980006039142,7680.0,983040.0,1432.0,183296.0
200,DGFM,4,0.03,primary,True,1848.0,236544.0,0.0299128647893667,7680.0,983040.0,1848.0,236544.0
200,DGFM,4,0.02,descriptive,True,2224.0,284672.0,0.0199440959841012,7680.0,983040.0,2224.0,284672.0
200,DGFM,4,0.018,descriptive,True,2384.0,305152.0,0.0179637838155031,7680.0,983040.0,2384.0,305152.0
200,DGFM,4,0.016,descriptive,True,2984.0,381952.0,0.0159396678209304,7680.0,983040.0,2984.0,381952.0
200,DGFM,4,0.015,descriptive,True,3376.0,432128.0,0.0149803413078188,7680.0,983040.0,3376.0,432128.0
200,DGFM,4,0.01,descriptive,False,,,,7680.0,983040.0,7680.0,983040.0
200,DGFM,5,0.05,primary,True,1392.0,178176.0,0.0497900359332561,7680.0,983040.0,1392.0,178176.0
200,DGFM,5,0.03,primary,True,1856.0,237568.0,0.0299514792859554,7680.0,983040.0,1856.0,237568.0
200,DGFM,5,0.02,descriptive,True,2336.0,299008.0,0.0197537392377853,7680.0,983040.0,2336.0,299008.0
200,DGFM,5,0.018,descriptive,True,2496.0,319488.0,0.0179943535476923,7680.0,983040.0,2496.0,319488.0
200,DGFM,5,0.016,descriptive,True,2800.0,358400.0,0.0159083995968103,7680.0,983040.0,2800.0,358400.0
200,DGFM,5,0.015,descriptive,True,3208.0,410624.0,0.0149655509740114,7680.0,983040.0,3208.0,410624.0
200,DGFM,5,0.01,descriptive,False,,,,7680.0,983040.0,7680.0,983040.0
200,DGFM,6,0.05,primary,True,1384.0,177152.0,0.0496795289218425,7680.0,983040.0,1384.0,177152.0
200,DGFM,6,0.03,primary,True,1776.0,227328.0,0.029909323900938,7680.0,983040.0,1776.0,227328.0
200,DGFM,6,0.02,descriptive,True,2192.0,280576.0,0.019952991977334,7680.0,983040.0,2192.0,280576.0
200,DGFM,6,0.018,descriptive,True,2320.0,296960.0,0.0177696142345666,7680.0,983040.0,2320.0,296960.0
200,DGFM,6,0.016,descriptive,True,2648.0,338944.0,0.0158047396689653,7680.0,983040.0,2648.0,338944.0
200,DGFM,6,0.015,descriptive,True,3440.0,440320.0,0.014889414422214,7680.0,983040.0,3440.0,440320.0
200,DGFM,6,0.01,descriptive,False,,,,7680.0,983040.0,7680.0,983040.0
200,DGFM,7,0.05,primary,True,1384.0,177152.0,0.049652237445116,7680.0,983040.0,1384.0,177152.0
200,DGFM,7,0.03,primary,True,1736.0,222208.0,0.0298869255930185,7680.0,983040.0,1736.0,222208.0
200,DGFM,7,0.02,descriptive,True,2104.0,269312.0,0.019906373694539,7680.0,983040.0,2104.0,269312.0
200,DGFM,7,0.018,descriptive,True,2264.0,289792.0,0.0179004725068807,7680.0,983040.0,2264.0,289792.0
200,DGFM,7,0.016,descriptive,True,2528.0,323584.0,0.0159442387521266,7680.0,983040.0,2528.0,323584.0
200,DGFM,7,0.015,descriptive,True,2800.0,358400.0,0.0149787897244095,7680.0,983040.0,2800.0,358400.0
200,DGFM,7,0.01,descriptive,False,,,,7680.0,983040.0,7680.0,983040.0
200,DGFM,8,0.05,primary,True,1464.0,187392.0,0.0493304133415222,7680.0,983040.0,1464.0,187392.0
200,DGFM,8,0.03,primary,True,1848.0,236544.0,0.0298846364021301,7680.0,983040.0,1848.0,236544.0
200,DGFM,8,0.02,descriptive,True,2272.0,290816.0,0.0198940578848123,7680.0,983040.0,2272.0,290816.0
200,DGFM,8,0.018,descriptive,True,2448.0,313344.0,0.0176372863352298,7680.0,983040.0,2448.0,313344.0
200,DGFM,8,0.016,descriptive,True,2752.0,352256.0,0.0159409362822771,7680.0,983040.0,2752.0,352256.0
200,DGFM,8,0.015,descriptive,True,3216.0,411648.0,0.0149348611012101,7680.0,983040.0,3216.0,411648.0
200,DGFM,8,0.01,descriptive,False,,,,7680.0,983040.0,7680.0,983040.0
200,DGFM,9,0.05,primary,True,1368.0,175104.0,0.0495078563690185,7680.0,983040.0,1368.0,175104.0
200,DGFM,9,0.03,primary,True,1696.0,217088.0,0.0298960916697978,7680.0,983040.0,1696.0,217088.0
200,DGFM,9,0.02,descriptive,True,2152.0,275456.0,0.0199721790850162,7680.0,983040.0,2152.0,275456.0
200,DGFM,9,0.018,descriptive,True,2320.0,296960.0,0.0179628189653158,7680.0,983040.0,2320.0,296960.0
200,DGFM,9,0.016,descriptive,True,2608.0,333824.0,0.0159834045916795,7680.0,983040.0,2608.0,333824.0
200,DGFM,9,0.015,descriptive,True,2872.0,367616.0,0.0148260314017534,7680.0,983040.0,2872.0,367616.0
200,DGFM,9,0.01,descriptive,False,,,,7680.0,983040.0,7680.0,983040.0
200,DGFM,10,0.05,primary,True,1384.0,177152.0,0.049330934882164,7680.0,983040.0,1384.0,177152.0
200,DGFM,10,0.03,primary,True,1760.0,225280.0,0.0295770969241857,7680.0,983040.0,1760.0,225280.0
200,DGFM,10,0.02,descriptive,True,2096.0,268288.0,0.0198622420430183,7680.0,983040.0,2096.0,268288.0
200,DGFM,10,0.018,descriptive,True,2224.0,284672.0,0.0178217235952615,7680.0,983040.0,2224.0,284672.0
200,DGFM,10,0.016,descriptive,True,2488.0,318464.0,0.0159700009971857,7680.0,983040.0,2488.0,318464.0
200,DGFM,10,0.015,descriptive,True,2768.0,354304.0,0.0149271450936794,7680.0,983040.0,2768.0,354304.0
200,DGFM,10,0.01,descriptive,False,,,,7680.0,983040.0,7680.0,983040.0
200,DGFM,11,0.05,primary,True,1408.0,180224.0,0.0496841594576835,7680.0,983040.0,1408.0,180224.0
200,DGFM,11,0.03,primary,True,1768.0,226304.0,0.0295743513852357,7680.0,983040.0,1768.0,226304.0
200,DGFM,11,0.02,descriptive,True,2240.0,286720.0,0.0198832489550113,7680.0,983040.0,2240.0,286720.0
200,DGFM,11,0.018,descriptive,True,2376.0,304128.0,0.0178424585610628,7680.0,983040.0,2376.0,304128.0
200,DGFM,11,0.016,descriptive,True,2616.0,334848.0,0.0159533657133579,7680.0,983040.0,2616.0,334848.0
200,DGFM,11,0.015,descriptive,True,3152.0,403456.0,0.0149668520316481,7680.0,983040.0,3152.0,403456.0
200,DGFM,11,0.01,descriptive,False,,,,7680.0,983040.0,7680.0,983040.0
200,DGFM,12,0.05,primary,True,1352.0,173056.0,0.0499094240367412,7680.0,983040.0,1352.0,173056.0
200,DGFM,12,0.03,primary,True,1728.0,221184.0,0.0296667777001857,7680.0,983040.0,1728.0,221184.0
200,DGFM,12,0.02,descriptive,True,2112.0,270336.0,0.0199026484042406,7680.0,983040.0,2112.0,270336.0
200,DGFM,12,0.018,descriptive,True,2408.0,308224.0,0.0178976934403181,7680.0,983040.0,2408.0,308224.0
200,DGFM,12,0.016,descriptive,True,2856.0,365568.0,0.0159336030483245,7680.0,983040.0,2856.0,365568.0
200,DGFM,12,0.015,descriptive,True,3424.0,438272.0,0.0149335097521543,7680.0,983040.0,3424.0,438272.0
200,DGFM,12,0.01,descriptive,False,,,,7680.0,983040.0,7680.0,983040.0
200,DGFM,13,0.05,primary,True,1456.0,186368.0,0.0499698482453823,7680.0,983040.0,1456.0,186368.0
200,DGFM,13,0.03,primary,True,1824.0,233472.0,0.0295792426913976,7680.0,983040.0,1824.0,233472.0
200,DGFM,13,0.02,descriptive,True,2200.0,281600.0,0.0199473425745964,7680.0,983040.0,2200.0,281600.0
200,DGFM,13,0.018,descriptive,True,2344.0,300032.0,0.0179165787994861,7680.0,983040.0,2344.0,300032.0
200,DGFM,13,0.016,descriptive,True,3136.0,401408.0,0.0158879105001688,7680.0,983040.0,3136.0,401408.0
200,DGFM,13,0.015,descriptive,True,3928.0,502784.0,0.0149854458868503,7680.0,983040.0,3928.0,502784.0
200,DGFM,13,0.01,descriptive,False,,,,7680.0,983040.0,7680.0,983040.0
200,DGFM,14,0.05,primary,True,1360.0,174080.0,0.0498110093176364,7680.0,983040.0,1360.0,174080.0
200,DGFM,14,0.03,primary,True,1728.0,221184.0,0.0298644099384546,7680.0,983040.0,1728.0,221184.0
200,DGFM,14,0.02,descriptive,True,2096.0,268288.0,0.0198759622871875,7680.0,983040.0,2096.0,268288.0
200,DGFM,14,0.018,descriptive,True,2272.0,290816.0,0.0179086215794086,7680.0,983040.0,2272.0,290816.0
200,DGFM,14,0.016,descriptive,True,2872.0,367616.0,0.015949310734868,7680.0,983040.0,2872.0,367616.0
200,DGFM,14,0.015,descriptive,True,3304.0,422912.0,0.014904691837728,7680.0,983040.0,3304.0,422912.0
200,DGFM,14,0.01,descriptive,False,,,,7680.0,983040.0,7680.0,983040.0
200,DGFM,15,0.05,primary,True,1424.0,182272.0,0.0497724562883377,7680.0,983040.0,1424.0,182272.0
200,DGFM,15,0.03,primary,True,1856.0,237568.0,0.0299159958958625,7680.0,983040.0,1856.0,237568.0
200,DGFM,15,0.02,descriptive,True,2352.0,301056.0,0.0198695491999387,7680.0,983040.0,2352.0,301056.0
200,DGFM,15,0.018,descriptive,True,2584.0,330752.0,0.0179598126560449,7680.0,983040.0,2584.0,330752.0
200,DGFM,15,0.016,descriptive,True,2760.0,353280.0,0.0159874204546213,7680.0,983040.0,2760.0,353280.0
200,DGFM,15,0.015,descriptive,True,3304.0,422912.0,0.014976380392909,7680.0,983040.0,3304.0,422912.0
200,DGFM,15,0.01,descriptive,False,,,,7680.0,983040.0,7680.0,983040.0
200,DGFM,16,0.05,primary,True,1360.0,174080.0,0.0497770681977272,7680.0,983040.0,1360.0,174080.0
200,DGFM,16,0.03,primary,True,1784.0,228352.0,0.0299797300249338,7680.0,983040.0,1784.0,228352.0
200,DGFM,16,0.02,descriptive,True,2216.0,283648.0,0.0195512920618057,7680.0,983040.0,2216.0,283648.0
200,DGFM,16,0.018,descriptive,True,2448.0,313344.0,0.0179262962192296,7680.0,983040.0,2448.0,313344.0
200,DGFM,16,0.016,descriptive,True,2824.0,361472.0,0.0159466005861759,7680.0,983040.0,2824.0,361472.0
200,DGFM,16,0.015,descriptive,True,3008.0,385024.0,0.0149401882663369,7680.0,983040.0,3008.0,385024.0
200,DGFM,16,0.01,descriptive,False,,,,7680.0,983040.0,7680.0,983040.0
200,DGFM,17,0.05,primary,True,1360.0,174080.0,0.0498827509582042,7680.0,983040.0,1360.0,174080.0
200,DGFM,17,0.03,primary,True,1800.0,230400.0,0.0299205556511878,7680.0,983040.0,1800.0,230400.0
200,DGFM,17,0.02,descriptive,True,2352.0,301056.0,0.0199283473193645,7680.0,983040.0,2352.0,301056.0
200,DGFM,17,0.018,descriptive,True,2440.0,312320.0,0.0175665467977523,7680.0,983040.0,2440.0,312320.0
200,DGFM,17,0.016,descriptive,True,2592.0,331776.0,0.0159834660589694,7680.0,983040.0,2592.0,331776.0
200,DGFM,17,0.015,descriptive,True,3056.0,391168.0,0.0149367256090044,7680.0,983040.0,3056.0,391168.0
200,DGFM,17,0.01,descriptive,False,,,,7680.0,983040.0,7680.0,983040.0
200,DGFM,18,0.05,primary,True,1408.0,180224.0,0.0497075952589511,7680.0,983040.0,1408.0,180224.0
200,DGFM,18,0.03,primary,True,1816.0,232448.0,0.0297193955630064,7680.0,983040.0,1816.0,232448.0
200,DGFM,18,0.02,descriptive,True,2256.0,288768.0,0.0197608340531587,7680.0,983040.0,2256.0,288768.0
200,DGFM,18,0.018,descriptive,True,2544.0,325632.0,0.0177395567297935,7680.0,983040.0,2544.0,325632.0
200,DGFM,18,0.016,descriptive,True,2936.0,375808.0,0.0158139485865831,7680.0,983040.0,2936.0,375808.0
200,DGFM,18,0.015,descriptive,True,3192.0,408576.0,0.0149787683039903,7680.0,983040.0,3192.0,408576.0
200,DGFM,18,0.01,descriptive,False,,,,7680.0,983040.0,7680.0,983040.0
200,DGFM,19,0.05,primary,True,1336.0,171008.0,0.0489788576960563,7680.0,983040.0,1336.0,171008.0
200,DGFM,19,0.03,primary,True,1672.0,214016.0,0.0298057403415441,7680.0,983040.0,1672.0,214016.0
200,DGFM,19,0.02,descriptive,True,2232.0,285696.0,0.019758416339755,7680.0,983040.0,2232.0,285696.0
200,DGFM,19,0.018,descriptive,True,2440.0,312320.0,0.0179837457835674,7680.0,983040.0,2440.0,312320.0
200,DGFM,19,0.016,descriptive,True,2856.0,365568.0,0.0159816853702068,7680.0,983040.0,2856.0,365568.0
200,DGFM,19,0.015,descriptive,True,3216.0,411648.0,0.0149051258340477,7680.0,983040.0,3216.0,411648.0
200,DGFM,19,0.01,descriptive,False,,,,7680.0,983040.0,7680.0,983040.0
200,DGFM+,0,0.05,primary,True,1512.0,205824.0,0.0497662164270877,7224.0,983040.0,1512.0,205824.0
200,DGFM+,0,0.03,primary,True,2672.0,363520.0,0.029925636947155,7224.0,983040.0,2672.0,363520.0
200,DGFM+,0,0.02,descriptive,False,,,,7224.0,983040.0,7224.0,983040.0
200,DGFM+,0,0.018,descriptive,False,,,,7224.0,983040.0,7224.0,983040.0
200,DGFM+,0,0.016,descriptive,False,,,,7224.0,983040.0,7224.0,983040.0
200,DGFM+,0,0.015,descriptive,False,,,,7224.0,983040.0,7224.0,983040.0
200,DGFM+,0,0.01,descriptive,False,,,,7224.0,983040.0,7224.0,983040.0
200,DGFM+,1,0.05,primary,True,1576.0,214784.0,0.049883522093296,7224.0,983040.0,1576.0,214784.0
200,DGFM+,1,0.03,primary,True,2344.0,319232.0,0.0299643129110336,7224.0,983040.0,2344.0,319232.0
200,DGFM+,1,0.02,descriptive,False,,,,7224.0,983040.0,7224.0,983040.0
200,DGFM+,1,0.018,descriptive,False,,,,7224.0,983040.0,7224.0,983040.0
200,DGFM+,1,0.016,descriptive,False,,,,7224.0,983040.0,7224.0,983040.0
200,DGFM+,1,0.015,descriptive,False,,,,7224.0,983040.0,7224.0,983040.0
200,DGFM+,1,0.01,descriptive,False,,,,7224.0,983040.0,7224.0,983040.0
200,DGFM+,2,0.05,primary,True,1568.0,213760.0,0.0494022741913795,7224.0,983040.0,1568.0,213760.0
200,DGFM+,2,0.03,primary,True,2360.0,321280.0,0.0299737341701984,7224.0,983040.0,2360.0,321280.0
200,DGFM+,2,0.02,descriptive,False,,,,7224.0,983040.0,7224.0,983040.0
200,DGFM+,2,0.018,descriptive,False,,,,7224.0,983040.0,7224.0,983040.0
200,DGFM+,2,0.016,descriptive,False,,,,7224.0,983040.0,7224.0,983040.0
200,DGFM+,2,0.015,descriptive,False,,,,7224.0,983040.0,7224.0,983040.0
200,DGFM+,2,0.01,descriptive,False,,,,7224.0,983040.0,7224.0,983040.0
200,DGFM+,3,0.05,primary,True,1480.0,201728.0,0.0497371293604373,7224.0,983040.0,1480.0,201728.0
200,DGFM+,3,0.03,primary,True,2384.0,324352.0,0.0299771632999181,7224.0,983040.0,2384.0,324352.0
200,DGFM+,3,0.02,descriptive,False,,,,7224.0,983040.0,7224.0,983040.0
200,DGFM+,3,0.018,descriptive,False,,,,7224.0,983040.0,7224.0,983040.0
200,DGFM+,3,0.016,descriptive,False,,,,7224.0,983040.0,7224.0,983040.0
200,DGFM+,3,0.015,descriptive,False,,,,7224.0,983040.0,7224.0,983040.0
200,DGFM+,3,0.01,descriptive,False,,,,7224.0,983040.0,7224.0,983040.0
200,DGFM+,4,0.05,primary,True,1440.0,195840.0,0.0497246608138084,7224.0,983040.0,1440.0,195840.0
200,DGFM+,4,0.03,primary,True,3000.0,408576.0,0.0299544837325811,7224.0,983040.0,3000.0,408576.0
200,DGFM+,4,0.02,descriptive,False,,,,7224.0,983040.0,7224.0,983040.0
200,DGFM+,4,0.018,descriptive,False,,,,7224.0,983040.0,7224.0,983040.0
200,DGFM+,4,0.016,descriptive,False,,,,7224.0,983040.0,7224.0,983040.0
200,DGFM+,4,0.015,descriptive,False,,,,7224.0,983040.0,7224.0,983040.0
200,DGFM+,4,0.01,descriptive,False,,,,7224.0,983040.0,7224.0,983040.0
200,DGFM+,5,0.05,primary,True,1496.0,203776.0,0.049887478351593,7224.0,983040.0,1496.0,203776.0
200,DGFM+,5,0.03,primary,True,2280.0,310272.0,0.0298785381019115,7224.0,983040.0,2280.0,310272.0
200,DGFM+,5,0.02,descriptive,False,,,,7224.0,983040.0,7224.0,983040.0
200,DGFM+,5,0.018,descriptive,False,,,,7224.0,983040.0,7224.0,983040.0
200,DGFM+,5,0.016,descriptive,False,,,,7224.0,983040.0,7224.0,983040.0
200,DGFM+,5,0.015,descriptive,False,,,,7224.0,983040.0,7224.0,983040.0
200,DGFM+,5,0.01,descriptive,False,,,,7224.0,983040.0,7224.0,983040.0
200,DGFM+,6,0.05,primary,True,1472.0,200704.0,0.0499271340668201,7224.0,983040.0,1472.0,200704.0
200,DGFM+,6,0.03,primary,True,2160.0,294144.0,0.0299697425216436,7224.0,983040.0,2160.0,294144.0
200,DGFM+,6,0.02,descriptive,False,,,,7224.0,983040.0,7224.0,983040.0
200,DGFM+,6,0.018,descriptive,False,,,,7224.0,983040.0,7224.0,983040.0
200,DGFM+,6,0.016,descriptive,False,,,,7224.0,983040.0,7224.0,983040.0
200,DGFM+,6,0.015,descriptive,False,,,,7224.0,983040.0,7224.0,983040.0
200,DGFM+,6,0.01,descriptive,False,,,,7224.0,983040.0,7224.0,983040.0
200,DGFM+,7,0.05,primary,True,1656.0,225792.0,0.0499093756079673,7224.0,983040.0,1656.0,225792.0
200,DGFM+,7,0.03,primary,True,2240.0,305152.0,0.0299062095582485,7224.0,983040.0,2240.0,305152.0
200,DGFM+,7,0.02,descriptive,False,,,,7224.0,983040.0,7224.0,983040.0
200,DGFM+,7,0.018,descriptive,False,,,,7224.0,983040.0,7224.0,983040.0
200,DGFM+,7,0.016,descriptive,False,,,,7224.0,983040.0,7224.0,983040.0
200,DGFM+,7,0.015,descriptive,False,,,,7224.0,983040.0,7224.0,983040.0
200,DGFM+,7,0.01,descriptive,False,,,,7224.0,983040.0,7224.0,983040.0
200,DGFM+,8,0.05,primary,True,1416.0,192768.0,0.0495868697762489,7224.0,983040.0,1416.0,192768.0
200,DGFM+,8,0.03,primary,True,2640.0,359424.0,0.0299607776105403,7224.0,983040.0,2640.0,359424.0
200,DGFM+,8,0.02,descriptive,False,,,,7224.0,983040.0,7224.0,983040.0
200,DGFM+,8,0.018,descriptive,False,,,,7224.0,983040.0,7224.0,983040.0
200,DGFM+,8,0.016,descriptive,False,,,,7224.0,983040.0,7224.0,983040.0
200,DGFM+,8,0.015,descriptive,False,,,,7224.0,983040.0,7224.0,983040.0
200,DGFM+,8,0.01,descriptive,False,,,,7224.0,983040.0,7224.0,983040.0
200,DGFM+,9,0.05,primary,True,1632.0,221952.0,0.0499311909079551,7224.0,983040.0,1632.0,221952.0
200,DGFM+,9,0.03,primary,True,2592.0,352512.0,0.0299467407166957,7224.0,983040.0,2592.0,352512.0
200,DGFM+,9,0.02,descriptive,False,,,,7224.0,983040.0,7224.0,983040.0
200,DGFM+,9,0.018,descriptive,False,,,,7224.0,983040.0,7224.0,983040.0
200,DGFM+,9,0.016,descriptive,False,,,,7224.0,983040.0,7224.0,983040.0
200,DGFM+,9,0.015,descriptive,False,,,,7224.0,983040.0,7224.0,983040.0
200,DGFM+,9,0.01,descriptive,False,,,,7224.0,983040.0,7224.0,983040.0
200,DGFM+,10,0.05,primary,True,1568.0,213760.0,0.0499474257230758,7224.0,983040.0,1568.0,213760.0
200,DGFM+,10,0.03,primary,True,3288.0,447744.0,0.0299896076321601,7224.0,983040.0,3288.0,447744.0
200,DGFM+,10,0.02,descriptive,False,,,,7224.0,983040.0,7224.0,983040.0
200,DGFM+,10,0.018,descriptive,False,,,,7224.0,983040.0,7224.0,983040.0
200,DGFM+,10,0.016,descriptive,False,,,,7224.0,983040.0,7224.0,983040.0
200,DGFM+,10,0.015,descriptive,False,,,,7224.0,983040.0,7224.0,983040.0
200,DGFM+,10,0.01,descriptive,False,,,,7224.0,983040.0,7224.0,983040.0
200,DGFM+,11,0.05,primary,True,1560.0,212736.0,0.049814898520708,7224.0,983040.0,1560.0,212736.0
200,DGFM+,11,0.03,primary,True,2432.0,331264.0,0.0299310516566038,7224.0,983040.0,2432.0,331264.0
200,DGFM+,11,0.02,descriptive,False,,,,7224.0,983040.0,7224.0,983040.0
200,DGFM+,11,0.018,descriptive,False,,,,7224.0,983040.0,7224.0,983040.0
200,DGFM+,11,0.016,descriptive,False,,,,7224.0,983040.0,7224.0,983040.0
200,DGFM+,11,0.015,descriptive,False,,,,7224.0,983040.0,7224.0,983040.0
200,DGFM+,11,0.01,descriptive,False,,,,7224.0,983040.0,7224.0,983040.0
200,DGFM+,12,0.05,primary,True,1448.0,197632.0,0.0497168973088264,7224.0,983040.0,1448.0,197632.0
200,DGFM+,12,0.03,primary,True,2424.0,330240.0,0.0299944002181291,7224.0,983040.0,2424.0,330240.0
200,DGFM+,12,0.02,descriptive,False,,,,7224.0,983040.0,7224.0,983040.0
200,DGFM+,12,0.018,descriptive,False,,,,7224.0,983040.0,7224.0,983040.0
200,DGFM+,12,0.016,descriptive,False,,,,7224.0,983040.0,7224.0,983040.0
200,DGFM+,12,0.015,descriptive,False,,,,7224.0,983040.0,7224.0,983040.0
200,DGFM+,12,0.01,descriptive,False,,,,7224.0,983040.0,7224.0,983040.0
200,DGFM+,13,0.05,primary,True,1592.0,216832.0,0.0499992072582244,7224.0,983040.0,1592.0,216832.0
200,DGFM+,13,0.03,primary,True,2744.0,373504.0,0.029975987970829,7224.0,983040.0,2744.0,373504.0
200,DGFM+,13,0.02,descriptive,False,,,,7224.0,983040.0,7224.0,983040.0
200,DGFM+,13,0.018,descriptive,False,,,,7224.0,983040.0,7224.0,983040.0
200,DGFM+,13,0.016,descriptive,False,,,,7224.0,983040.0,7224.0,983040.0
200,DGFM+,13,0.015,descriptive,False,,,,7224.0,983040.0,7224.0,983040.0
200,DGFM+,13,0.01,descriptive,False,,,,7224.0,983040.0,7224.0,983040.0
200,DGFM+,14,0.05,primary,True,1520.0,206848.0,0.0497184358537197,7224.0,983040.0,1520.0,206848.0
200,DGFM+,14,0.03,primary,True,2440.0,332288.0,0.0299027003347873,7224.0,983040.0,2440.0,332288.0
200,DGFM+,14,0.02,descriptive,False,,,,7224.0,983040.0,7224.0,983040.0
200,DGFM+,14,0.018,descriptive,False,,,,7224.0,983040.0,7224.0,983040.0
200,DGFM+,14,0.016,descriptive,False,,,,7224.0,983040.0,7224.0,983040.0
200,DGFM+,14,0.015,descriptive,False,,,,7224.0,983040.0,7224.0,983040.0
200,DGFM+,14,0.01,descriptive,False,,,,7224.0,983040.0,7224.0,983040.0
200,DGFM+,15,0.05,primary,True,1592.0,216832.0,0.0495770722627639,7224.0,983040.0,1592.0,216832.0
200,DGFM+,15,0.03,primary,True,3688.0,502016.0,0.0299796182662248,7224.0,983040.0,3688.0,502016.0
200,DGFM+,15,0.02,descriptive,False,,,,7224.0,983040.0,7224.0,983040.0
200,DGFM+,15,0.018,descriptive,False,,,,7224.0,983040.0,7224.0,983040.0
200,DGFM+,15,0.016,descriptive,False,,,,7224.0,983040.0,7224.0,983040.0
200,DGFM+,15,0.015,descriptive,False,,,,7224.0,983040.0,7224.0,983040.0
200,DGFM+,15,0.01,descriptive,False,,,,7224.0,983040.0,7224.0,983040.0
200,DGFM+,16,0.05,primary,True,1472.0,200704.0,0.0498565062880516,7224.0,983040.0,1472.0,200704.0
200,DGFM+,16,0.03,primary,True,2768.0,376576.0,0.0299121737480163,7224.0,983040.0,2768.0,376576.0
200,DGFM+,16,0.02,descriptive,False,,,,7224.0,983040.0,7224.0,983040.0
200,DGFM+,16,0.018,descriptive,False,,,,7224.0,983040.0,7224.0,983040.0
200,DGFM+,16,0.016,descriptive,False,,,,7224.0,983040.0,7224.0,983040.0
200,DGFM+,16,0.015,descriptive,False,,,,7224.0,983040.0,7224.0,983040.0
200,DGFM+,16,0.01,descriptive,False,,,,7224.0,983040.0,7224.0,983040.0
200,DGFM+,17,0.05,primary,True,1512.0,205824.0,0.0499005690217018,7224.0,983040.0,1512.0,205824.0
200,DGFM+,17,0.03,primary,True,2408.0,328192.0,0.029879430308938,7224.0,983040.0,2408.0,328192.0
200,DGFM+,17,0.02,descriptive,False,,,,7224.0,983040.0,7224.0,983040.0
200,DGFM+,17,0.018,descriptive,False,,,,7224.0,983040.0,7224.0,983040.0
200,DGFM+,17,0.016,descriptive,False,,,,7224.0,983040.0,7224.0,983040.0
200,DGFM+,17,0.015,descriptive,False,,,,7224.0,983040.0,7224.0,983040.0
200,DGFM+,17,0.01,descriptive,False,,,,7224.0,983040.0,7224.0,983040.0
200,DGFM+,18,0.05,primary,True,1576.0,214784.0,0.049560260027647,7224.0,983040.0,1576.0,214784.0
200,DGFM+,18,0.03,primary,True,2504.0,341248.0,0.0299864057451486,7224.0,983040.0,2504.0,341248.0
200,DGFM+,18,0.02,descriptive,False,,,,7224.0,983040.0,7224.0,983040.0
200,DGFM+,18,0.018,descriptive,False,,,,7224.0,983040.0,7224.0,983040.0
200,DGFM+,18,0.016,descriptive,False,,,,7224.0,983040.0,7224.0,983040.0
200,DGFM+,18,0.015,descriptive,False,,,,7224.0,983040.0,7224.0,983040.0
200,DGFM+,18,0.01,descriptive,False,,,,7224.0,983040.0,7224.0,983040.0
200,DGFM+,19,0.05,primary,True,1496.0,203776.0,0.0499888844788074,7224.0,983040.0,1496.0,203776.0
200,DGFM+,19,0.03,primary,True,2728.0,371456.0,0.0299902576953172,7224.0,983040.0,2728.0,371456.0
200,DGFM+,19,0.02,descriptive,False,,,,7224.0,983040.0,7224.0,983040.0
200,DGFM+,19,0.018,descriptive,False,,,,7224.0,983040.0,7224.0,983040.0
200,DGFM+,19,0.016,descriptive,False,,,,7224.0,983040.0,7224.0,983040.0
200,DGFM+,19,0.015,descriptive,False,,,,7224.0,983040.0,7224.0,983040.0
200,DGFM+,19,0.01,descriptive,False,,,,7224.0,983040.0,7224.0,983040.0
100,NOG-ZO,0,0.05,primary,True,216.0,221184.0,0.0490647330880165,960.0,983040.0,216.0,221184.0
100,NOG-ZO,0,0.03,primary,True,232.0,237568.0,0.0267838202416896,960.0,983040.0,232.0,237568.0
100,NOG-ZO,0,0.02,descriptive,True,240.0,245760.0,0.0184948556125164,960.0,983040.0,240.0,245760.0
100,NOG-ZO,0,0.018,descriptive,True,244.0,249856.0,0.0152969853952527,960.0,983040.0,244.0,249856.0
100,NOG-ZO,0,0.016,descriptive,True,244.0,249856.0,0.0152969853952527,960.0,983040.0,244.0,249856.0
100,NOG-ZO,0,0.015,descriptive,True,248.0,253952.0,0.0140111437067389,960.0,983040.0,248.0,253952.0
100,NOG-ZO,0,0.01,descriptive,False,,,,960.0,983040.0,960.0,983040.0
100,NOG-ZO,1,0.05,primary,True,216.0,221184.0,0.0453683026134967,960.0,983040.0,216.0,221184.0
100,NOG-ZO,1,0.03,primary,True,228.0,233472.0,0.0296236164867877,960.0,983040.0,228.0,233472.0
100,NOG-ZO,1,0.02,descriptive,True,236.0,241664.0,0.0197732616215944,960.0,983040.0,236.0,241664.0
100,NOG-ZO,1,0.018,descriptive,True,240.0,245760.0,0.0163775440305471,960.0,983040.0,240.0,245760.0
100,NOG-ZO,1,0.016,descriptive,True,244.0,249856.0,0.0143285598605871,960.0,983040.0,244.0,249856.0
100,NOG-ZO,1,0.015,descriptive,True,244.0,249856.0,0.0143285598605871,960.0,983040.0,244.0,249856.0
100,NOG-ZO,1,0.01,descriptive,False,,,,960.0,983040.0,960.0,983040.0
100,NOG-ZO,2,0.05,primary,True,216.0,221184.0,0.0443560592830181,960.0,983040.0,216.0,221184.0
100,NOG-ZO,2,0.03,primary,True,228.0,233472.0,0.0284747332334518,960.0,983040.0,228.0,233472.0
100,NOG-ZO,2,0.02,descriptive,True,236.0,241664.0,0.0198020469397306,960.0,983040.0,236.0,241664.0
100,NOG-ZO,2,0.018,descriptive,True,240.0,245760.0,0.0163400266319513,960.0,983040.0,240.0,245760.0
100,NOG-ZO,2,0.016,descriptive,True,244.0,249856.0,0.0148586509749293,960.0,983040.0,244.0,249856.0
100,NOG-ZO,2,0.015,descriptive,False,,,,960.0,983040.0,960.0,983040.0
100,NOG-ZO,2,0.01,descriptive,False,,,,960.0,983040.0,960.0,983040.0
100,NOG-ZO,3,0.05,primary,True,216.0,221184.0,0.0453707948327064,960.0,983040.0,216.0,221184.0
100,NOG-ZO,3,0.03,primary,True,228.0,233472.0,0.0289374031126499,960.0,983040.0,228.0,233472.0
100,NOG-ZO,3,0.02,descriptive,True,236.0,241664.0,0.0188394114375114,960.0,983040.0,236.0,241664.0
100,NOG-ZO,3,0.018,descriptive,True,240.0,245760.0,0.0156320817768573,960.0,983040.0,240.0,245760.0
100,NOG-ZO,3,0.016,descriptive,True,240.0,245760.0,0.0156320817768573,960.0,983040.0,240.0,245760.0
100,NOG-ZO,3,0.015,descriptive,True,244.0,249856.0,0.0132242124527692,960.0,983040.0,244.0,249856.0
100,NOG-ZO,3,0.01,descriptive,False,,,,960.0,983040.0,960.0,983040.0
100,NOG-ZO,4,0.05,primary,True,216.0,221184.0,0.0471812523901462,960.0,983040.0,216.0,221184.0
100,NOG-ZO,4,0.03,primary,True,232.0,237568.0,0.0261211208999156,960.0,983040.0,232.0,237568.0
100,NOG-ZO,4,0.02,descriptive,True,240.0,245760.0,0.0173985455185174,960.0,983040.0,240.0,245760.0
100,NOG-ZO,4,0.018,descriptive,True,240.0,245760.0,0.0173985455185174,960.0,983040.0,240.0,245760.0
100,NOG-ZO,4,0.016,descriptive,True,244.0,249856.0,0.0151370866224169,960.0,983040.0,244.0,249856.0
100,NOG-ZO,4,0.015,descriptive,False,,,,960.0,983040.0,960.0,983040.0
100,NOG-ZO,4,0.01,descriptive,False,,,,960.0,983040.0,960.0,983040.0
100,NOG-ZO,5,0.05,primary,True,216.0,221184.0,0.0443415641784668,960.0,983040.0,216.0,221184.0
100,NOG-ZO,5,0.03,primary,True,228.0,233472.0,0.0282260160893201,960.0,983040.0,228.0,233472.0
100,NOG-ZO,5,0.02,descriptive,True,236.0,241664.0,0.0188092160969972,960.0,983040.0,236.0,241664.0
100,NOG-ZO,5,0.018,descriptive,True,240.0,245760.0,0.0160153452306985,960.0,983040.0,240.0,245760.0
100,NOG-ZO,5,0.016,descriptive,True,244.0,249856.0,0.0144581673666834,960.0,983040.0,244.0,249856.0
100,NOG-ZO,5,0.015,descriptive,True,244.0,249856.0,0.0144581673666834,960.0,983040.0,244.0,249856.0
100,NOG-ZO,5,0.01,descriptive,False,,,,960.0,983040.0,960.0,983040.0
100,NOG-ZO,6,0.05,primary,True,212.0,217088.0,0.0498092211782932,960.0,983040.0,212.0,217088.0
100,NOG-ZO,6,0.03,primary,True,228.0,233472.0,0.0271396767348051,960.0,983040.0,228.0,233472.0
100,NOG-ZO,6,0.02,descriptive,True,236.0,241664.0,0.0180531293153762,960.0,983040.0,236.0,241664.0
100,NOG-ZO,6,0.018,descriptive,True,240.0,245760.0,0.0150774046778678,960.0,983040.0,240.0,245760.0
100,NOG-ZO,6,0.016,descriptive,True,240.0,245760.0,0.0150774046778678,960.0,983040.0,240.0,245760.0
100,NOG-ZO,6,0.015,descriptive,True,244.0,249856.0,0.0137605490162968,960.0,983040.0,244.0,249856.0
100,NOG-ZO,6,0.01,descriptive,False,,,,960.0,983040.0,960.0,983040.0
100,NOG-ZO,7,0.05,primary,True,216.0,221184.0,0.0463594198226928,960.0,983040.0,216.0,221184.0
100,NOG-ZO,7,0.03,primary,True,232.0,237568.0,0.0253148581832647,960.0,983040.0,232.0,237568.0
100,NOG-ZO,7,0.02,descriptive,True,240.0,245760.0,0.0178156103938817,960.0,983040.0,240.0,245760.0
100,NOG-ZO,7,0.018,descriptive,True,240.0,245760.0,0.0178156103938817,960.0,983040.0,240.0,245760.0
100,NOG-ZO,7,0.016,descriptive,True,244.0,249856.0,0.0151766175404191,960.0,983040.0,244.0,249856.0
100,NOG-ZO,7,0.015,descriptive,False,,,,960.0,983040.0,960.0,983040.0
100,NOG-ZO,7,0.01,descriptive,False,,,,960.0,983040.0,960.0,983040.0
100,NOG-ZO,8,0.05,primary,True,212.0,217088.0,0.04791771620512,960.0,983040.0,212.0,217088.0
100,NOG-ZO,8,0.03,primary,True,228.0,233472.0,0.0267795082181692,960.0,983040.0,228.0,233472.0
100,NOG-ZO,8,0.02,descriptive,True,236.0,241664.0,0.0182505343109369,960.0,983040.0,236.0,241664.0
100,NOG-ZO,8,0.018,descriptive,True,240.0,245760.0,0.0152630731463432,960.0,983040.0,240.0,245760.0
100,NOG-ZO,8,0.016,descriptive,True,240.0,245760.0,0.0152630731463432,960.0,983040.0,240.0,245760.0
100,NOG-ZO,8,0.015,descriptive,False,,,,960.0,983040.0,960.0,983040.0
100,NOG-ZO,8,0.01,descriptive,False,,,,960.0,983040.0,960.0,983040.0
100,NOG-ZO,9,0.05,primary,True,216.0,221184.0,0.0447139739990234,960.0,983040.0,216.0,221184.0
100,NOG-ZO,9,0.03,primary,True,228.0,233472.0,0.0273981057107448,960.0,983040.0,228.0,233472.0
100,NOG-ZO,9,0.02,descriptive,True,236.0,241664.0,0.0191148612648248,960.0,983040.0,236.0,241664.0
100,NOG-ZO,9,0.018,descriptive,True,240.0,245760.0,0.0155250132083892,960.0,983040.0,240.0,245760.0
100,NOG-ZO,9,0.016,descriptive,True,240.0,245760.0,0.0155250132083892,960.0,983040.0,240.0,245760.0
100,NOG-ZO,9,0.015,descriptive,True,244.0,249856.0,0.0140419658273458,960.0,983040.0,244.0,249856.0
100,NOG-ZO,9,0.01,descriptive,False,,,,960.0,983040.0,960.0,983040.0
100,NOG-ZO,10,0.05,primary,True,212.0,217088.0,0.04879105463624,960.0,983040.0,212.0,217088.0
100,NOG-ZO,10,0.03,primary,True,228.0,233472.0,0.0267901085317134,960.0,983040.0,228.0,233472.0
100,NOG-ZO,10,0.02,descriptive,True,236.0,241664.0,0.0172550808638334,960.0,983040.0,236.0,241664.0
100,NOG-ZO,10,0.018,descriptive,True,236.0,241664.0,0.0172550808638334,960.0,983040.0,236.0,241664.0
100,NOG-ZO,10,0.016,descriptive,True,240.0,245760.0,0.0147108463570475,960.0,983040.0,240.0,245760.0
100,NOG-ZO,10,0.015,descriptive,True,240.0,245760.0,0.0147108463570475,960.0,983040.0,240.0,245760.0
100,NOG-ZO,10,0.01,descriptive,False,,,,960.0,983040.0,960.0,983040.0
100,NOG-ZO,11,0.05,primary,True,212.0,217088.0,0.0477556362748146,960.0,983040.0,212.0,217088.0
100,NOG-ZO,11,0.03,primary,True,228.0,233472.0,0.0267143677920103,960.0,983040.0,228.0,233472.0
100,NOG-ZO,11,0.02,descriptive,True,236.0,241664.0,0.0180611778050661,960.0,983040.0,236.0,241664.0
100,NOG-ZO,11,0.018,descriptive,True,240.0,245760.0,0.0155353555455803,960.0,983040.0,240.0,245760.0
100,NOG-ZO,11,0.016,descriptive,True,240.0,245760.0,0.0155353555455803,960.0,983040.0,240.0,245760.0
100,NOG-ZO,11,0.015,descriptive,False,,,,960.0,983040.0,960.0,983040.0
100,NOG-ZO,11,0.01,descriptive,False,,,,960.0,983040.0,960.0,983040.0
100,NOG-ZO,12,0.05,primary,True,212.0,217088.0,0.0499127879738807,960.0,983040.0,212.0,217088.0
100,NOG-ZO,12,0.03,primary,True,228.0,233472.0,0.0279428586363792,960.0,983040.0,228.0,233472.0
100,NOG-ZO,12,0.02,descriptive,True,236.0,241664.0,0.0181583408266305,960.0,983040.0,236.0,241664.0
100,NOG-ZO,12,0.018,descriptive,True,240.0,245760.0,0.0152115942910313,960.0,983040.0,240.0,245760.0
100,NOG-ZO,12,0.016,descriptive,True,240.0,245760.0,0.0152115942910313,960.0,983040.0,240.0,245760.0
100,NOG-ZO,12,0.015,descriptive,True,244.0,249856.0,0.0136038456112146,960.0,983040.0,244.0,249856.0
100,NOG-ZO,12,0.01,descriptive,False,,,,960.0,983040.0,960.0,983040.0
100,NOG-ZO,13,0.05,primary,True,216.0,221184.0,0.0466715693473815,960.0,983040.0,216.0,221184.0
100,NOG-ZO,13,0.03,primary,True,232.0,237568.0,0.0259758085012435,960.0,983040.0,232.0,237568.0
100,NOG-ZO,13,0.02,descriptive,True,240.0,245760.0,0.0182904936373233,960.0,983040.0,240.0,245760.0
100,NOG-ZO,13,0.018,descriptive,True,244.0,249856.0,0.015332793816924,960.0,983040.0,244.0,249856.0
100,NOG-ZO,13,0.016,descriptive,True,244.0,249856.0,0.015332793816924,960.0,983040.0,244.0,249856.0
100,NOG-ZO,13,0.015,descriptive,False,,,,960.0,983040.0,960.0,983040.0
100,NOG-ZO,13,0.01,descriptive,False,,,,960.0,983040.0,960.0,983040.0
100,NOG-ZO,14,0.05,primary,True,212.0,217088.0,0.0488375909626483,960.0,983040.0,212.0,217088.0
100,NOG-ZO,14,0.03,primary,True,228.0,233472.0,0.0267906133085489,960.0,983040.0,228.0,233472.0
100,NOG-ZO,14,0.02,descriptive,True,236.0,241664.0,0.0181391835212707,960.0,983040.0,236.0,241664.0
100,NOG-ZO,14,0.018,descriptive,True,240.0,245760.0,0.0163768623024225,960.0,983040.0,240.0,245760.0
100,NOG-ZO,14,0.016,descriptive,False,,,,960.0,983040.0,960.0,983040.0
100,NOG-ZO,14,0.015,descriptive,False,,,,960.0,983040.0,960.0,983040.0
100,NOG-ZO,14,0.01,descriptive,False,,,,960.0,983040.0,960.0,983040.0
100,NOG-ZO,15,0.05,primary,True,216.0,221184.0,0.0478105582296848,960.0,983040.0,216.0,221184.0
100,NOG-ZO,15,0.03,primary,True,232.0,237568.0,0.0260650180280208,960.0,983040.0,232.0,237568.0
100,NOG-ZO,15,0.02,descriptive,True,240.0,245760.0,0.0174480844289064,960.0,983040.0,240.0,245760.0
100,NOG-ZO,15,0.018,descriptive,True,240.0,245760.0,0.0174480844289064,960.0,983040.0,240.0,245760.0
100,NOG-ZO,15,0.016,descriptive,True,244.0,249856.0,0.0146319027990102,960.0,983040.0,244.0,249856.0
100,NOG-ZO,15,0.015,descriptive,True,244.0,249856.0,0.0146319027990102,960.0,983040.0,244.0,249856.0
100,NOG-ZO,15,0.01,descriptive,False,,,,960.0,983040.0,960.0,983040.0
100,NOG-ZO,16,0.05,primary,True,212.0,217088.0,0.0487891510128974,960.0,983040.0,212.0,217088.0
100,NOG-ZO,16,0.03,primary,True,228.0,233472.0,0.0269119832664728,960.0,983040.0,228.0,233472.0
100,NOG-ZO,16,0.02,descriptive,True,236.0,241664.0,0.018120776861906,960.0,983040.0,236.0,241664.0
100,NOG-ZO,16,0.018,descriptive,True,240.0,245760.0,0.0150982532650232,960.0,983040.0,240.0,245760.0
100,NOG-ZO,16,0.016,descriptive,True,240.0,245760.0,0.0150982532650232,960.0,983040.0,240.0,245760.0
100,NOG-ZO,16,0.015,descriptive,True,244.0,249856.0,0.0138391572982072,960.0,983040.0,244.0,249856.0
100,NOG-ZO,16,0.01,descriptive,False,,,,960.0,983040.0,960.0,983040.0
100,NOG-ZO,17,0.05,primary,True,216.0,221184.0,0.0460435561835765,960.0,983040.0,216.0,221184.0
100,NOG-ZO,17,0.03,primary,True,232.0,237568.0,0.0252922140061855,960.0,983040.0,232.0,237568.0
100,NOG-ZO,17,0.02,descriptive,True,240.0,245760.0,0.0174804423004388,960.0,983040.0,240.0,245760.0
100,NOG-ZO,17,0.018,descriptive,True,240.0,245760.0,0.0174804423004388,960.0,983040.0,240.0,245760.0
100,NOG-ZO,17,0.016,descriptive,True,244.0,249856.0,0.0155069595202803,960.0,983040.0,244.0,249856.0
100,NOG-ZO,17,0.015,descriptive,False,,,,960.0,983040.0,960.0,983040.0
100,NOG-ZO,17,0.01,descriptive,False,,,,960.0,983040.0,960.0,983040.0
100,NOG-ZO,18,0.05,primary,True,212.0,217088.0,0.0490404367446899,960.0,983040.0,212.0,217088.0
100,NOG-ZO,18,0.03,primary,True,228.0,233472.0,0.0282760709524154,960.0,983040.0,228.0,233472.0
100,NOG-ZO,18,0.02,descriptive,True,236.0,241664.0,0.019840084016323,960.0,983040.0,236.0,241664.0
100,NOG-ZO,18,0.018,descriptive,True,240.0,245760.0,0.0168655794113874,960.0,983040.0,240.0,245760.0
100,NOG-ZO,18,0.016,descriptive,False,,,,960.0,983040.0,960.0,983040.0
100,NOG-ZO,18,0.015,descriptive,False,,,,960.0,983040.0,960.0,983040.0
100,NOG-ZO,18,0.01,descriptive,False,,,,960.0,983040.0,960.0,983040.0
100,NOG-ZO,19,0.05,primary,True,216.0,221184.0,0.0448190309107303,960.0,983040.0,216.0,221184.0
100,NOG-ZO,19,0.03,primary,True,228.0,233472.0,0.0281568560749292,960.0,983040.0,228.0,233472.0
100,NOG-ZO,19,0.02,descriptive,True,236.0,241664.0,0.0189622733741998,960.0,983040.0,236.0,241664.0
100,NOG-ZO,19,0.018,descriptive,True,240.0,245760.0,0.0153315933421254,960.0,983040.0,240.0,245760.0
100,NOG-ZO,19,0.016,descriptive,True,240.0,245760.0,0.0153315933421254,960.0,983040.0,240.0,245760.0
100,NOG-ZO,19,0.015,descriptive,True,244.0,249856.0,0.0139936059713363,960.0,983040.0,244.0,249856.0
100,NOG-ZO,19,0.01,descriptive,False,,,,960.0,983040.0,960.0,983040.0
100,ME-DOL-ZO,0,0.05,primary,True,504.0,129024.0,0.0499242544174194,3840.0,983040.0,504.0,129024.0
100,ME-DOL-ZO,0,0.03,primary,True,660.0,168960.0,0.0296314284205436,3840.0,983040.0,660.0,168960.0
100,ME-DOL-ZO,0,0.02,descriptive,True,828.0,211968.0,0.0194153692573308,3840.0,983040.0,828.0,211968.0
100,ME-DOL-ZO,0,0.018,descriptive,True,912.0,233472.0,0.0179528910666704,3840.0,983040.0,912.0,233472.0
100,ME-DOL-ZO,0,0.016,descriptive,True,1104.0,282624.0,0.0156678855419158,3840.0,983040.0,1104.0,282624.0
100,ME-DOL-ZO,0,0.015,descriptive,True,1200.0,307200.0,0.0147581072524189,3840.0,983040.0,1200.0,307200.0
100,ME-DOL-ZO,0,0.01,descriptive,False,,,,3840.0,983040.0,3840.0,983040.0
100,ME-DOL-ZO,1,0.05,primary,True,528.0,135168.0,0.0492083393037319,3840.0,983040.0,528.0,135168.0
100,ME-DOL-ZO,1,0.03,primary,True,648.0,165888.0,0.0293026566505432,3840.0,983040.0,648.0,165888.0
100,ME-DOL-ZO,1,0.02,descriptive,True,804.0,205824.0,0.0197830405086278,3840.0,983040.0,804.0,205824.0
100,ME-DOL-ZO,1,0.018,descriptive,True,876.0,224256.0,0.0177319440990686,3840.0,983040.0,876.0,224256.0
100,ME-DOL-ZO,1,0.016,descriptive,True,1068.0,273408.0,0.015874532982707,3840.0,983040.0,1068.0,273408.0
100,ME-DOL-ZO,1,0.015,descriptive,True,2316.0,592896.0,0.014922622591257,3840.0,983040.0,2316.0,592896.0
100,ME-DOL-ZO,1,0.01,descriptive,False,,,,3840.0,983040.0,3840.0,983040.0
100,ME-DOL-ZO,2,0.05,primary,True,468.0,119808.0,0.0485195629298687,3840.0,983040.0,468.0,119808.0
100,ME-DOL-ZO,2,0.03,primary,True,600.0,153600.0,0.0293275564908981,3840.0,983040.0,600.0,153600.0
100,ME-DOL-ZO,2,0.02,descriptive,True,888.0,227328.0,0.0193170793354511,3840.0,983040.0,888.0,227328.0
100,ME-DOL-ZO,2,0.018,descriptive,True,924.0,236544.0,0.0179555341601371,3840.0,983040.0,924.0,236544.0
100,ME-DOL-ZO,2,0.016,descriptive,True,1008.0,258048.0,0.0159859620034694,3840.0,983040.0,1008.0,258048.0
100,ME-DOL-ZO,2,0.015,descriptive,True,1116.0,285696.0,0.0147911589592695,3840.0,983040.0,1116.0,285696.0
100,ME-DOL-ZO,2,0.01,descriptive,False,,,,3840.0,983040.0,3840.0,983040.0
100,ME-DOL-ZO,3,0.05,primary,True,504.0,129024.0,0.0483129806816577,3840.0,983040.0,504.0,129024.0
100,ME-DOL-ZO,3,0.03,primary,True,624.0,159744.0,0.0281104519963264,3840.0,983040.0,624.0,159744.0
100,ME-DOL-ZO,3,0.02,descriptive,True,768.0,196608.0,0.0195181630551815,3840.0,983040.0,768.0,196608.0
100,ME-DOL-ZO,3,0.018,descriptive,True,852.0,218112.0,0.0173597931861877,3840.0,983040.0,852.0,218112.0
100,ME-DOL-ZO,3,0.016,descriptive,True,936.0,239616.0,0.0159932356327772,3840.0,983040.0,936.0,239616.0
100,ME-DOL-ZO,3,0.015,descriptive,True,1104.0,282624.0,0.0147042917087674,3840.0,983040.0,1104.0,282624.0
100,ME-DOL-ZO,3,0.01,descriptive,False,,,,3840.0,983040.0,3840.0,983040.0
100,ME-DOL-ZO,4,0.05,primary,True,504.0,129024.0,0.0484577789902687,3840.0,983040.0,504.0,129024.0
100,ME-DOL-ZO,4,0.03,primary,True,648.0,165888.0,0.0285356640815734,3840.0,983040.0,648.0,165888.0
100,ME-DOL-ZO,4,0.02,descriptive,True,768.0,196608.0,0.0192419346421957,3840.0,983040.0,768.0,196608.0
100,ME-DOL-ZO,4,0.018,descriptive,True,984.0,251904.0,0.0175686795264482,3840.0,983040.0,984.0,251904.0
100,ME-DOL-ZO,4,0.016,descriptive,True,1092.0,279552.0,0.0159616116434335,3840.0,983040.0,1092.0,279552.0
100,ME-DOL-ZO,4,0.015,descriptive,True,1200.0,307200.0,0.0146685019135475,3840.0,983040.0,1200.0,307200.0
100,ME-DOL-ZO,4,0.01,descriptive,False,,,,3840.0,983040.0,3840.0,983040.0
100,ME-DOL-ZO,5,0.05,primary,True,492.0,125952.0,0.0493952743709087,3840.0,983040.0,492.0,125952.0
100,ME-DOL-ZO,5,0.03,primary,True,612.0,156672.0,0.0296979565173387,3840.0,983040.0,612.0,156672.0
100,ME-DOL-ZO,5,0.02,descriptive,True,792.0,202752.0,0.0199805311858654,3840.0,983040.0,792.0,202752.0
100,ME-DOL-ZO,5,0.018,descriptive,True,924.0,236544.0,0.0179234351962804,3840.0,983040.0,924.0,236544.0
100,ME-DOL-ZO,5,0.016,descriptive,True,1176.0,301056.0,0.015803474932909,3840.0,983040.0,1176.0,301056.0
100,ME-DOL-ZO,5,0.015,descriptive,True,1272.0,325632.0,0.0149109782651066,3840.0,983040.0,1272.0,325632.0
100,ME-DOL-ZO,5,0.01,descriptive,False,,,,3840.0,983040.0,3840.0,983040.0
100,ME-DOL-ZO,6,0.05,primary,True,516.0,132096.0,0.049461904913187,3840.0,983040.0,516.0,132096.0
100,ME-DOL-ZO,6,0.03,primary,True,660.0,168960.0,0.0290195792913436,3840.0,983040.0,660.0,168960.0
100,ME-DOL-ZO,6,0.02,descriptive,True,792.0,202752.0,0.0190927945077419,3840.0,983040.0,792.0,202752.0
100,ME-DOL-ZO,6,0.018,descriptive,True,852.0,218112.0,0.0178943462669849,3840.0,983040.0,852.0,218112.0
100,ME-DOL-ZO,6,0.016,descriptive,True,960.0,245760.0,0.0159069150686264,3840.0,983040.0,960.0,245760.0
100,ME-DOL-ZO,6,0.015,descriptive,True,1416.0,362496.0,0.0148717621341347,3840.0,983040.0,1416.0,362496.0
100,ME-DOL-ZO,6,0.01,descriptive,False,,,,3840.0,983040.0,3840.0,983040.0
100,ME-DOL-ZO,7,0.05,primary,True,492.0,125952.0,0.0483906641602516,3840.0,983040.0,492.0,125952.0
100,ME-DOL-ZO,7,0.03,primary,True,600.0,153600.0,0.029181133955717,3840.0,983040.0,600.0,153600.0
100,ME-DOL-ZO,7,0.02,descriptive,True,804.0,205824.0,0.0195624399930238,3840.0,983040.0,804.0,205824.0
100,ME-DOL-ZO,7,0.018,descriptive,True,852.0,218112.0,0.0179817173629999,3840.0,983040.0,852.0,218112.0
100,ME-DOL-ZO,7,0.016,descriptive,True,924.0,236544.0,0.0159441828727722,3840.0,983040.0,924.0,236544.0
100,ME-DOL-ZO,7,0.015,descriptive,True,1032.0,264192.0,0.0148840714246034,3840.0,983040.0,1032.0,264192.0
100,ME-DOL-ZO,7,0.01,descriptive,False,,,,3840.0,983040.0,3840.0,983040.0
100,ME-DOL-ZO,8,0.05,primary,True,492.0,125952.0,0.0499758385121822,3840.0,983040.0,492.0,125952.0
100,ME-DOL-ZO,8,0.03,primary,True,636.0,162816.0,0.0295883826911449,3840.0,983040.0,636.0,162816.0
100,ME-DOL-ZO,8,0.02,descriptive,True,744.0,190464.0,0.0198563821613788,3840.0,983040.0,744.0,190464.0
100,ME-DOL-ZO,8,0.018,descriptive,True,780.0,199680.0,0.0173353217542171,3840.0,983040.0,780.0,199680.0
100,ME-DOL-ZO,8,0.016,descriptive,True,804.0,205824.0,0.0158731509000062,3840.0,983040.0,804.0,205824.0
100,ME-DOL-ZO,8,0.015,descriptive,True,1200.0,307200.0,0.014566158875823,3840.0,983040.0,1200.0,307200.0
100,ME-DOL-ZO,8,0.01,descriptive,False,,,,3840.0,983040.0,3840.0,983040.0
100,ME-DOL-ZO,9,0.05,primary,True,504.0,129024.0,0.0471160858869552,3840.0,983040.0,504.0,129024.0
100,ME-DOL-ZO,9,0.03,primary,True,612.0,156672.0,0.0291938241571187,3840.0,983040.0,612.0,156672.0
100,ME-DOL-ZO,9,0.02,descriptive,True,720.0,184320.0,0.0195525996387004,3840.0,983040.0,720.0,184320.0
100,ME-DOL-ZO,9,0.018,descriptive,True,816.0,208896.0,0.0178269539028406,3840.0,983040.0,816.0,208896.0
100,ME-DOL-ZO,9,0.016,descriptive,True,912.0,233472.0,0.015970503911376,3840.0,983040.0,912.0,233472.0
100,ME-DOL-ZO,9,0.015,descriptive,True,1332.0,340992.0,0.0147557184100151,3840.0,983040.0,1332.0,340992.0
100,ME-DOL-ZO,9,0.01,descriptive,False,,,,3840.0,983040.0,3840.0,983040.0
100,ME-DOL-ZO,10,0.05,primary,True,480.0,122880.0,0.0496511049568653,3840.0,983040.0,480.0,122880.0
100,ME-DOL-ZO,10,0.03,primary,True,588.0,150528.0,0.0296777822077274,3840.0,983040.0,588.0,150528.0
100,ME-DOL-ZO,10,0.02,descriptive,True,696.0,178176.0,0.0199002288281917,3840.0,983040.0,696.0,178176.0
100,ME-DOL-ZO,10,0.018,descriptive,True,732.0,187392.0,0.0172860417515039,3840.0,983040.0,732.0,187392.0
100,ME-DOL-ZO,10,0.016,descriptive,True,804.0,205824.0,0.0159505177289247,3840.0,983040.0,804.0,205824.0
100,ME-DOL-ZO,10,0.015,descriptive,True,948.0,242688.0,0.0149466767907142,3840.0,983040.0,948.0,242688.0
100,ME-DOL-ZO,10,0.01,descriptive,False,,,,3840.0,983040.0,3840.0,983040.0
100,ME-DOL-ZO,11,0.05,primary,True,504.0,129024.0,0.0479050055146217,3840.0,983040.0,504.0,129024.0
100,ME-DOL-ZO,11,0.03,primary,True,624.0,159744.0,0.0289969816803932,3840.0,983040.0,624.0,159744.0
100,ME-DOL-ZO,11,0.02,descriptive,True,816.0,208896.0,0.0197652839124202,3840.0,983040.0,816.0,208896.0
100,ME-DOL-ZO,11,0.018,descriptive,True,864.0,221184.0,0.017669815570116,3840.0,983040.0,864.0,221184.0
100,ME-DOL-ZO,11,0.016,descriptive,True,1128.0,288768.0,0.0157163348048925,3840.0,983040.0,1128.0,288768.0
100,ME-DOL-ZO,11,0.015,descriptive,True,1296.0,331776.0,0.0147757101804018,3840.0,983040.0,1296.0,331776.0
100,ME-DOL-ZO,11,0.01,descriptive,False,,,,3840.0,983040.0,3840.0,983040.0
100,ME-DOL-ZO,12,0.05,primary,True,480.0,122880.0,0.0496929474174976,3840.0,983040.0,480.0,122880.0
100,ME-DOL-ZO,12,0.03,primary,True,576.0,147456.0,0.0299176722764968,3840.0,983040.0,576.0,147456.0
100,ME-DOL-ZO,12,0.02,descriptive,True,708.0,181248.0,0.0194448828697204,3840.0,983040.0,708.0,181248.0
100,ME-DOL-ZO,12,0.018,descriptive,True,828.0,211968.0,0.0174634773284196,3840.0,983040.0,828.0,211968.0
100,ME-DOL-ZO,12,0.016,descriptive,True,888.0,227328.0,0.0159909352660179,3840.0,983040.0,888.0,227328.0
100,ME-DOL-ZO,12,0.015,descriptive,True,1056.0,270336.0,0.0149376131594181,3840.0,983040.0,1056.0,270336.0
100,ME-DOL-ZO,12,0.01,descriptive,False,,,,3840.0,983040.0,3840.0,983040.0
100,ME-DOL-ZO,13,0.05,primary,True,492.0,125952.0,0.0487469136714935,3840.0,983040.0,492.0,125952.0
100,ME-DOL-ZO,13,0.03,primary,True,624.0,159744.0,0.0295300129801034,3840.0,983040.0,624.0,159744.0
100,ME-DOL-ZO,13,0.02,descriptive,True,780.0,199680.0,0.0196550823748111,3840.0,983040.0,780.0,199680.0
100,ME-DOL-ZO,13,0.018,descriptive,True,852.0,218112.0,0.0177247617393732,3840.0,983040.0,852.0,218112.0
100,ME-DOL-ZO,13,0.016,descriptive,True,924.0,236544.0,0.0153940301388502,3840.0,983040.0,924.0,236544.0
100,ME-DOL-ZO,13,0.015,descriptive,True,1032.0,264192.0,0.0149575304239988,3840.0,983040.0,1032.0,264192.0
100,ME-DOL-ZO,13,0.01,descriptive,False,,,,3840.0,983040.0,3840.0,983040.0
100,ME-DOL-ZO,14,0.05,primary,True,504.0,129024.0,0.0491547025740146,3840.0,983040.0,504.0,129024.0
100,ME-DOL-ZO,14,0.03,primary,True,648.0,165888.0,0.0294098984450101,3840.0,983040.0,648.0,165888.0
100,ME-DOL-ZO,14,0.02,descriptive,True,792.0,202752.0,0.019384192302823,3840.0,983040.0,792.0,202752.0
100,ME-DOL-ZO,14,0.018,descriptive,True,828.0,211968.0,0.0173214431852102,3840.0,983040.0,828.0,211968.0
100,ME-DOL-ZO,14,0.016,descriptive,True,888.0,227328.0,0.0156123545020818,3840.0,983040.0,888.0,227328.0
100,ME-DOL-ZO,14,0.015,descriptive,True,912.0,233472.0,0.0148660968989133,3840.0,983040.0,912.0,233472.0
100,ME-DOL-ZO,14,0.01,descriptive,False,,,,3840.0,983040.0,3840.0,983040.0
100,ME-DOL-ZO,15,0.05,primary,True,492.0,125952.0,0.0498623475432395,3840.0,983040.0,492.0,125952.0
100,ME-DOL-ZO,15,0.03,primary,True,648.0,165888.0,0.029782447963953,3840.0,983040.0,648.0,165888.0
100,ME-DOL-ZO,15,0.02,descriptive,True,804.0,205824.0,0.019315542653203,3840.0,983040.0,804.0,205824.0
100,ME-DOL-ZO,15,0.018,descriptive,True,840.0,215040.0,0.0178436450660228,3840.0,983040.0,840.0,215040.0
100,ME-DOL-ZO,15,0.016,descriptive,True,912.0,233472.0,0.0159020964056253,3840.0,983040.0,912.0,233472.0
100,ME-DOL-ZO,15,0.015,descriptive,True,1332.0,340992.0,0.0149467336013913,3840.0,983040.0,1332.0,340992.0
100,ME-DOL-ZO,15,0.01,descriptive,False,,,,3840.0,983040.0,3840.0,983040.0
100,ME-DOL-ZO,16,0.05,primary,True,504.0,129024.0,0.0493878833949565,3840.0,983040.0,504.0,129024.0
100,ME-DOL-ZO,16,0.03,primary,True,612.0,156672.0,0.0297651980072259,3840.0,983040.0,612.0,156672.0
100,ME-DOL-ZO,16,0.02,descriptive,True,756.0,193536.0,0.0195296611636877,3840.0,983040.0,756.0,193536.0
100,ME-DOL-ZO,16,0.018,descriptive,True,804.0,205824.0,0.0178888533264398,3840.0,983040.0,804.0,205824.0
100,ME-DOL-ZO,16,0.016,descriptive,True,1068.0,273408.0,0.0156093565747141,3840.0,983040.0,1068.0,273408.0
100,ME-DOL-ZO,16,0.015,descriptive,True,1704.0,436224.0,0.0149432187899947,3840.0,983040.0,1704.0,436224.0
100,ME-DOL-ZO,16,0.01,descriptive,False,,,,3840.0,983040.0,3840.0,983040.0
100,ME-DOL-ZO,17,0.05,primary,True,480.0,122880.0,0.0494342781603336,3840.0,983040.0,480.0,122880.0
100,ME-DOL-ZO,17,0.03,primary,True,612.0,156672.0,0.0291405767202377,3840.0,983040.0,612.0,156672.0
100,ME-DOL-ZO,17,0.02,descriptive,True,756.0,193536.0,0.0198732893913984,3840.0,983040.0,756.0,193536.0
100,ME-DOL-ZO,17,0.018,descriptive,True,804.0,205824.0,0.0178363472223281,3840.0,983040.0,804.0,205824.0
100,ME-DOL-ZO,17,0.016,descriptive,True,1128.0,288768.0,0.0158324148505926,3840.0,983040.0,1128.0,288768.0
100,ME-DOL-ZO,17,0.015,descriptive,True,1176.0,301056.0,0.0149625902995467,3840.0,983040.0,1176.0,301056.0
100,ME-DOL-ZO,17,0.01,descriptive,False,,,,3840.0,983040.0,3840.0,983040.0
100,ME-DOL-ZO,18,0.05,primary,True,468.0,119808.0,0.0488385446369648,3840.0,983040.0,468.0,119808.0
100,ME-DOL-ZO,18,0.03,primary,True,576.0,147456.0,0.0299464408308267,3840.0,983040.0,576.0,147456.0
100,ME-DOL-ZO,18,0.02,descriptive,True,744.0,190464.0,0.0196275077760219,3840.0,983040.0,744.0,190464.0
100,ME-DOL-ZO,18,0.018,descriptive,True,804.0,205824.0,0.0177578069269657,3840.0,983040.0,804.0,205824.0
100,ME-DOL-ZO,18,0.016,descriptive,True,852.0,218112.0,0.0153152085840702,3840.0,983040.0,852.0,218112.0
100,ME-DOL-ZO,18,0.015,descriptive,True,864.0,221184.0,0.0148327052593231,3840.0,983040.0,864.0,221184.0
100,ME-DOL-ZO,18,0.01,descriptive,False,,,,3840.0,983040.0,3840.0,983040.0
100,ME-DOL-ZO,19,0.05,primary,True,516.0,132096.0,0.0496130809187889,3840.0,983040.0,516.0,132096.0
100,ME-DOL-ZO,19,0.03,primary,True,648.0,165888.0,0.0287773367017507,3840.0,983040.0,648.0,165888.0
100,ME-DOL-ZO,19,0.02,descriptive,True,852.0,218112.0,0.0196009706705808,3840.0,983040.0,852.0,218112.0
100,ME-DOL-ZO,19,0.018,descriptive,True,912.0,233472.0,0.0177737213671207,3840.0,983040.0,912.0,233472.0
100,ME-DOL-ZO,19,0.016,descriptive,True,1260.0,322560.0,0.0159303378313779,3840.0,983040.0,1260.0,322560.0
100,ME-DOL-ZO,19,0.015,descriptive,True,1440.0,368640.0,0.0149893648922443,3840.0,983040.0,1440.0,368640.0
100,ME-DOL-ZO,19,0.01,descriptive,False,,,,3840.0,983040.0,3840.0,983040.0
100,DGFM,0,0.05,primary,True,1312.0,167936.0,0.0493481233716011,7680.0,983040.0,1312.0,167936.0
100,DGFM,0,0.03,primary,True,1712.0,219136.0,0.0299846194684505,7680.0,983040.0,1712.0,219136.0
100,DGFM,0,0.02,descriptive,True,2080.0,266240.0,0.0198306906968355,7680.0,983040.0,2080.0,266240.0
100,DGFM,0,0.018,descriptive,True,2176.0,278528.0,0.0179310161620378,7680.0,983040.0,2176.0,278528.0
100,DGFM,0,0.016,descriptive,True,2320.0,296960.0,0.0157778393477201,7680.0,983040.0,2320.0,296960.0
100,DGFM,0,0.015,descriptive,True,2552.0,326656.0,0.0149722835049033,7680.0,983040.0,2552.0,326656.0
100,DGFM,0,0.01,descriptive,False,,,,7680.0,983040.0,7680.0,983040.0
100,DGFM,1,0.05,primary,True,1336.0,171008.0,0.0492375865578651,7680.0,983040.0,1336.0,171008.0
100,DGFM,1,0.03,primary,True,1664.0,212992.0,0.0294868145138025,7680.0,983040.0,1664.0,212992.0
100,DGFM,1,0.02,descriptive,True,2008.0,257024.0,0.0198813620954751,7680.0,983040.0,2008.0,257024.0
100,DGFM,1,0.018,descriptive,True,2120.0,271360.0,0.017874427139759,7680.0,983040.0,2120.0,271360.0
100,DGFM,1,0.016,descriptive,True,2240.0,286720.0,0.015824569389224,7680.0,983040.0,2240.0,286720.0
100,DGFM,1,0.015,descriptive,True,2328.0,297984.0,0.0149305379018187,7680.0,983040.0,2328.0,297984.0
100,DGFM,1,0.01,descriptive,False,,,,7680.0,983040.0,7680.0,983040.0
100,DGFM,2,0.05,primary,True,1280.0,163840.0,0.0495153777301311,7680.0,983040.0,1280.0,163840.0
100,DGFM,2,0.03,primary,True,1608.0,205824.0,0.0297200195491313,7680.0,983040.0,1608.0,205824.0
100,DGFM,2,0.02,descriptive,True,1888.0,241664.0,0.0199163425713777,7680.0,983040.0,1888.0,241664.0
100,DGFM,2,0.018,descriptive,True,1984.0,253952.0,0.017989644780755,7680.0,983040.0,1984.0,253952.0
100,DGFM,2,0.016,descriptive,True,2152.0,275456.0,0.0157526861876249,7680.0,983040.0,2152.0,275456.0
100,DGFM,2,0.015,descriptive,True,2200.0,281600.0,0.0146412663161754,7680.0,983040.0,2200.0,281600.0
100,DGFM,2,0.01,descriptive,False,,,,7680.0,983040.0,7680.0,983040.0
100,DGFM,3,0.05,primary,True,1296.0,165888.0,0.0497208535671234,7680.0,983040.0,1296.0,165888.0
100,DGFM,3,0.03,primary,True,1720.0,220160.0,0.0296646319329738,7680.0,983040.0,1720.0,220160.0
100,DGFM,3,0.02,descriptive,True,2048.0,262144.0,0.0197249911725521,7680.0,983040.0,2048.0,262144.0
100,DGFM,3,0.018,descriptive,True,2176.0,278528.0,0.0178392268717288,7680.0,983040.0,2176.0,278528.0
100,DGFM,3,0.016,descriptive,True,2472.0,316416.0,0.0158363915979862,7680.0,983040.0,2472.0,316416.0
100,DGFM,3,0.015,descriptive,True,2656.0,339968.0,0.0149127142503857,7680.0,983040.0,2656.0,339968.0
100,DGFM,3,0.01,descriptive,False,,,,7680.0,983040.0,7680.0,983040.0
100,DGFM,4,0.05,primary,True,1352.0,173056.0,0.0494939498603343,7680.0,983040.0,1352.0,173056.0
100,DGFM,4,0.03,primary,True,1744.0,223232.0,0.0294234734028577,7680.0,983040.0,1744.0,223232.0
100,DGFM,4,0.02,descriptive,True,2072.0,265216.0,0.0198140386492013,7680.0,983040.0,2072.0,265216.0
100,DGFM,4,0.018,descriptive,True,2248.0,287744.0,0.0173433236777782,7680.0,983040.0,2248.0,287744.0
100,DGFM,4,0.016,descriptive,True,2432.0,311296.0,0.0159499030560255,7680.0,983040.0,2432.0,311296.0
100,DGFM,4,0.015,descriptive,True,2496.0,319488.0,0.0148312430828809,7680.0,983040.0,2496.0,319488.0
100,DGFM,4,0.01,descriptive,False,,,,7680.0,983040.0,7680.0,983040.0
100,DGFM,5,0.05,primary,True,1272.0,162816.0,0.0495460741221904,7680.0,983040.0,1272.0,162816.0
100,DGFM,5,0.03,primary,True,1608.0,205824.0,0.029869845137,7680.0,983040.0,1608.0,205824.0
100,DGFM,5,0.02,descriptive,True,1976.0,252928.0,0.0199736692011356,7680.0,983040.0,1976.0,252928.0
100,DGFM,5,0.018,descriptive,True,2144.0,274432.0,0.0178894437849521,7680.0,983040.0,2144.0,274432.0
100,DGFM,5,0.016,descriptive,True,2240.0,286720.0,0.0157268662005662,7680.0,983040.0,2240.0,286720.0
100,DGFM,5,0.015,descriptive,True,2320.0,296960.0,0.0147552983835339,7680.0,983040.0,2320.0,296960.0
100,DGFM,5,0.01,descriptive,False,,,,7680.0,983040.0,7680.0,983040.0
100,DGFM,6,0.05,primary,True,1280.0,163840.0,0.0493964366614818,7680.0,983040.0,1280.0,163840.0
100,DGFM,6,0.03,primary,True,1632.0,208896.0,0.0299626216292381,7680.0,983040.0,1632.0,208896.0
100,DGFM,6,0.02,descriptive,True,1944.0,248832.0,0.019908171147108,7680.0,983040.0,1944.0,248832.0
100,DGFM,6,0.018,descriptive,True,2128.0,272384.0,0.0179562885314226,7680.0,983040.0,2128.0,272384.0
100,DGFM,6,0.016,descriptive,True,2264.0,289792.0,0.0159989856183528,7680.0,983040.0,2264.0,289792.0
100,DGFM,6,0.015,descriptive,True,2432.0,311296.0,0.0146021582186222,7680.0,983040.0,2432.0,311296.0
100,DGFM,6,0.01,descriptive,False,,,,7680.0,983040.0,7680.0,983040.0
100,DGFM,7,0.05,primary,True,1320.0,168960.0,0.0499310530722141,7680.0,983040.0,1320.0,168960.0
100,DGFM,7,0.03,primary,True,1632.0,208896.0,0.0294479522854089,7680.0,983040.0,1632.0,208896.0
100,DGFM,7,0.02,descriptive,True,2016.0,258048.0,0.0198651403188705,7680.0,983040.0,2016.0,258048.0
100,DGFM,7,0.018,descriptive,True,2112.0,270336.0,0.0178027469664812,7680.0,983040.0,2112.0,270336.0
100,DGFM,7,0.016,descriptive,True,2256.0,288768.0,0.0158805549144744,7680.0,983040.0,2256.0,288768.0
100,DGFM,7,0.015,descriptive,True,2328.0,297984.0,0.0148632004857063,7680.0,983040.0,2328.0,297984.0
100,DGFM,7,0.01,descriptive,False,,,,7680.0,983040.0,7680.0,983040.0
100,DGFM,8,0.05,primary,True,1296.0,165888.0,0.0488876961171627,7680.0,983040.0,1296.0,165888.0
100,DGFM,8,0.03,primary,True,1688.0,216064.0,0.0297823082655668,7680.0,983040.0,1688.0,216064.0
100,DGFM,8,0.02,descriptive,True,2072.0,265216.0,0.0197285655885934,7680.0,983040.0,2072.0,265216.0
100,DGFM,8,0.018,descriptive,True,2192.0,280576.0,0.0177988745272159,7680.0,983040.0,2192.0,280576.0
100,DGFM,8,0.016,descriptive,True,2384.0,305152.0,0.0158033389598131,7680.0,983040.0,2384.0,305152.0
100,DGFM,8,0.015,descriptive,True,2520.0,322560.0,0.0147873759269714,7680.0,983040.0,2520.0,322560.0
100,DGFM,8,0.01,descriptive,False,,,,7680.0,983040.0,7680.0,983040.0
100,DGFM,9,0.05,primary,True,1296.0,165888.0,0.0497656166553497,7680.0,983040.0,1296.0,165888.0
100,DGFM,9,0.03,primary,True,1656.0,211968.0,0.0298402290791273,7680.0,983040.0,1656.0,211968.0
100,DGFM,9,0.02,descriptive,True,2008.0,257024.0,0.0192789901047945,7680.0,983040.0,2008.0,257024.0
100,DGFM,9,0.018,descriptive,True,2176.0,278528.0,0.0176903959363698,7680.0,983040.0,2176.0,278528.0
100,DGFM,9,0.016,descriptive,True,2384.0,305152.0,0.0159710254520177,7680.0,983040.0,2384.0,305152.0
100,DGFM,9,0.015,descriptive,True,2432.0,311296.0,0.0149705186486244,7680.0,983040.0,2432.0,311296.0
100,DGFM,9,0.01,descriptive,False,,,,7680.0,983040.0,7680.0,983040.0
100,DGFM,10,0.05,primary,True,1264.0,161792.0,0.0495232231914997,7680.0,983040.0,1264.0,161792.0
100,DGFM,10,0.03,primary,True,1568.0,200704.0,0.0299040339887142,7680.0,983040.0,1568.0,200704.0
100,DGFM,10,0.02,descriptive,True,1856.0,237568.0,0.019727187231183,7680.0,983040.0,1856.0,237568.0
100,DGFM,10,0.018,descriptive,True,2000.0,256000.0,0.0177003871649503,7680.0,983040.0,2000.0,256000.0
100,DGFM,10,0.016,descriptive,True,2064.0,264192.0,0.0157715827226638,7680.0,983040.0,2064.0,264192.0
100,DGFM,10,0.015,descriptive,True,2344.0,300032.0,0.0147688994184136,7680.0,983040.0,2344.0,300032.0
100,DGFM,10,0.01,descriptive,False,,,,7680.0,983040.0,7680.0,983040.0
100,DGFM,11,0.05,primary,True,1288.0,164864.0,0.0495888441801071,7680.0,983040.0,1288.0,164864.0
100,DGFM,11,0.03,primary,True,1680.0,215040.0,0.0297774318605661,7680.0,983040.0,1680.0,215040.0
100,DGFM,11,0.02,descriptive,True,1904.0,243712.0,0.0195492599159479,7680.0,983040.0,1904.0,243712.0
100,DGFM,11,0.018,descriptive,True,1968.0,251904.0,0.0179378446191549,7680.0,983040.0,1968.0,251904.0
100,DGFM,11,0.016,descriptive,True,2320.0,296960.0,0.0156161310151219,7680.0,983040.0,2320.0,296960.0
100,DGFM,11,0.015,descriptive,True,2384.0,305152.0,0.0149981305003166,7680.0,983040.0,2384.0,305152.0
100,DGFM,11,0.01,descriptive,False,,,,7680.0,983040.0,7680.0,983040.0
100,DGFM,12,0.05,primary,True,1304.0,166912.0,0.0494884029030799,7680.0,983040.0,1304.0,166912.0
100,DGFM,12,0.03,primary,True,1696.0,217088.0,0.0296870451420545,7680.0,983040.0,1696.0,217088.0
100,DGFM,12,0.02,descriptive,True,1992.0,254976.0,0.0196529179811477,7680.0,983040.0,1992.0,254976.0
100,DGFM,12,0.018,descriptive,True,2136.0,273408.0,0.0179701726883649,7680.0,983040.0,2136.0,273408.0
100,DGFM,12,0.016,descriptive,True,2272.0,290816.0,0.0157876871526241,7680.0,983040.0,2272.0,290816.0
100,DGFM,12,0.015,descriptive,True,2528.0,323584.0,0.0147823886945843,7680.0,983040.0,2528.0,323584.0
100,DGFM,12,0.01,descriptive,False,,,,7680.0,983040.0,7680.0,983040.0
100,DGFM,13,0.05,primary,True,1328.0,169984.0,0.0487604402005672,7680.0,983040.0,1328.0,169984.0
100,DGFM,13,0.03,primary,True,1656.0,211968.0,0.0295419953763484,7680.0,983040.0,1656.0,211968.0
100,DGFM,13,0.02,descriptive,True,2016.0,258048.0,0.0198477953672409,7680.0,983040.0,2016.0,258048.0
100,DGFM,13,0.018,descriptive,True,2096.0,268288.0,0.0179913751780986,7680.0,983040.0,2096.0,268288.0
100,DGFM,13,0.016,descriptive,True,2240.0,286720.0,0.0158945973962545,7680.0,983040.0,2240.0,286720.0
100,DGFM,13,0.015,descriptive,True,2360.0,302080.0,0.014939003624022,7680.0,983040.0,2360.0,302080.0
100,DGFM,13,0.01,descriptive,False,,,,7680.0,983040.0,7680.0,983040.0
100,DGFM,14,0.05,primary,True,1280.0,163840.0,0.0498463846743106,7680.0,983040.0,1280.0,163840.0
100,DGFM,14,0.03,primary,True,1616.0,206848.0,0.0297179147601127,7680.0,983040.0,1616.0,206848.0
100,DGFM,14,0.02,descriptive,True,2104.0,269312.0,0.0197769217193126,7680.0,983040.0,2104.0,269312.0
100,DGFM,14,0.018,descriptive,True,2296.0,293888.0,0.0177138745784759,7680.0,983040.0,2296.0,293888.0
100,DGFM,14,0.016,descriptive,True,2392.0,306176.0,0.0159880779683589,7680.0,983040.0,2392.0,306176.0
100,DGFM,14,0.015,descriptive,True,2496.0,319488.0,0.0146778104826807,7680.0,983040.0,2496.0,319488.0
100,DGFM,14,0.01,descriptive,False,,,,7680.0,983040.0,7680.0,983040.0
100,DGFM,15,0.05,primary,True,1288.0,164864.0,0.0496116057038307,7680.0,983040.0,1288.0,164864.0
100,DGFM,15,0.03,primary,True,1624.0,207872.0,0.0299035720527172,7680.0,983040.0,1624.0,207872.0
100,DGFM,15,0.02,descriptive,True,2072.0,265216.0,0.019883394241333,7680.0,983040.0,2072.0,265216.0
100,DGFM,15,0.018,descriptive,True,2144.0,274432.0,0.0178052652627229,7680.0,983040.0,2144.0,274432.0
100,DGFM,15,0.016,descriptive,True,2232.0,285696.0,0.0157463289797306,7680.0,983040.0,2232.0,285696.0
100,DGFM,15,0.015,descriptive,True,2280.0,291840.0,0.0149080250412225,7680.0,983040.0,2280.0,291840.0
100,DGFM,15,0.01,descriptive,False,,,,7680.0,983040.0,7680.0,983040.0
100,DGFM,16,0.05,primary,True,1296.0,165888.0,0.0493479035794734,7680.0,983040.0,1296.0,165888.0
100,DGFM,16,0.03,primary,True,1592.0,203776.0,0.0299186985939741,7680.0,983040.0,1592.0,203776.0
100,DGFM,16,0.02,descriptive,True,1896.0,242688.0,0.0195854902267456,7680.0,983040.0,1896.0,242688.0
100,DGFM,16,0.018,descriptive,True,1960.0,250880.0,0.0177353024482727,7680.0,983040.0,1960.0,250880.0
100,DGFM,16,0.016,descriptive,True,2088.0,267264.0,0.0159683134406805,7680.0,983040.0,2088.0,267264.0
100,DGFM,16,0.015,descriptive,True,2216.0,283648.0,0.0149890985339879,7680.0,983040.0,2216.0,283648.0
100,DGFM,16,0.01,descriptive,False,,,,7680.0,983040.0,7680.0,983040.0
100,DGFM,17,0.05,primary,True,1256.0,160768.0,0.0493211597204208,7680.0,983040.0,1256.0,160768.0
100,DGFM,17,0.03,primary,True,1624.0,207872.0,0.0294434148818254,7680.0,983040.0,1624.0,207872.0
100,DGFM,17,0.02,descriptive,True,2000.0,256000.0,0.0197940431535244,7680.0,983040.0,2000.0,256000.0
100,DGFM,17,0.018,descriptive,True,2112.0,270336.0,0.0178702473640441,7680.0,983040.0,2112.0,270336.0
100,DGFM,17,0.016,descriptive,True,2328.0,297984.0,0.0158618595451116,7680.0,983040.0,2328.0,297984.0
100,DGFM,17,0.015,descriptive,True,2376.0,304128.0,0.0148967867717146,7680.0,983040.0,2376.0,304128.0
100,DGFM,17,0.01,descriptive,False,,,,7680.0,983040.0,7680.0,983040.0
100,DGFM,18,0.05,primary,True,1256.0,160768.0,0.0498995520174503,7680.0,983040.0,1256.0,160768.0
100,DGFM,18,0.03,primary,True,1600.0,204800.0,0.0298922564834356,7680.0,983040.0,1600.0,204800.0
100,DGFM,18,0.02,descriptive,True,1856.0,237568.0,0.0197879131883382,7680.0,983040.0,1856.0,237568.0
100,DGFM,18,0.018,descriptive,True,1952.0,249856.0,0.0177751779556274,7680.0,983040.0,1952.0,249856.0
100,DGFM,18,0.016,descriptive,True,2112.0,270336.0,0.0158788878470659,7680.0,983040.0,2112.0,270336.0
100,DGFM,18,0.015,descriptive,True,2248.0,287744.0,0.0145998690277338,7680.0,983040.0,2248.0,287744.0
100,DGFM,18,0.01,descriptive,False,,,,7680.0,983040.0,7680.0,983040.0
100,DGFM,19,0.05,primary,True,1320.0,168960.0,0.0497022084891796,7680.0,983040.0,1320.0,168960.0
100,DGFM,19,0.03,primary,True,1728.0,221184.0,0.0293391421437263,7680.0,983040.0,1728.0,221184.0
100,DGFM,19,0.02,descriptive,True,2064.0,264192.0,0.0198388062417507,7680.0,983040.0,2064.0,264192.0
100,DGFM,19,0.018,descriptive,True,2112.0,270336.0,0.0177475176751613,7680.0,983040.0,2112.0,270336.0
100,DGFM,19,0.016,descriptive,True,2208.0,282624.0,0.0158410277217626,7680.0,983040.0,2208.0,282624.0
100,DGFM,19,0.015,descriptive,True,2360.0,302080.0,0.0148663213476538,7680.0,983040.0,2360.0,302080.0
100,DGFM,19,0.01,descriptive,False,,,,7680.0,983040.0,7680.0,983040.0
100,DGFM+,0,0.05,primary,True,1544.0,210688.0,0.0499723888933658,7224.0,983040.0,1544.0,210688.0
100,DGFM+,0,0.03,primary,True,2208.0,300288.0,0.0299940705299377,7224.0,983040.0,2208.0,300288.0
100,DGFM+,0,0.02,descriptive,False,,,,7224.0,983040.0,7224.0,983040.0
100,DGFM+,0,0.018,descriptive,False,,,,7224.0,983040.0,7224.0,983040.0
100,DGFM+,0,0.016,descriptive,False,,,,7224.0,983040.0,7224.0,983040.0
100,DGFM+,0,0.015,descriptive,False,,,,7224.0,983040.0,7224.0,983040.0
100,DGFM+,0,0.01,descriptive,False,,,,7224.0,983040.0,7224.0,983040.0
100,DGFM+,1,0.05,primary,True,1424.0,193792.0,0.0497284494340419,7224.0,983040.0,1424.0,193792.0
100,DGFM+,1,0.03,primary,True,2488.0,338432.0,0.029927834868431,7224.0,983040.0,2488.0,338432.0
100,DGFM+,1,0.02,descriptive,False,,,,7224.0,983040.0,7224.0,983040.0
100,DGFM+,1,0.018,descriptive,False,,,,7224.0,983040.0,7224.0,983040.0
100,DGFM+,1,0.016,descriptive,False,,,,7224.0,983040.0,7224.0,983040.0
100,DGFM+,1,0.015,descriptive,False,,,,7224.0,983040.0,7224.0,983040.0
100,DGFM+,1,0.01,descriptive,False,,,,7224.0,983040.0,7224.0,983040.0
100,DGFM+,2,0.05,primary,True,1488.0,202752.0,0.0496882870793342,7224.0,983040.0,1488.0,202752.0
100,DGFM+,2,0.03,primary,True,3688.0,502016.0,0.0299420095980167,7224.0,983040.0,3688.0,502016.0
100,DGFM+,2,0.02,descriptive,False,,,,7224.0,983040.0,7224.0,983040.0
100,DGFM+,2,0.018,descriptive,False,,,,7224.0,983040.0,7224.0,983040.0
100,DGFM+,2,0.016,descriptive,False,,,,7224.0,983040.0,7224.0,983040.0
100,DGFM+,2,0.015,descriptive,False,,,,7224.0,983040.0,7224.0,983040.0
100,DGFM+,2,0.01,descriptive,False,,,,7224.0,983040.0,7224.0,983040.0
100,DGFM+,3,0.05,primary,True,1400.0,190720.0,0.0494960770010948,7224.0,983040.0,1400.0,190720.0
100,DGFM+,3,0.03,primary,True,2608.0,355328.0,0.0298002082854509,7224.0,983040.0,2608.0,355328.0
100,DGFM+,3,0.02,descriptive,False,,,,7224.0,983040.0,7224.0,983040.0
100,DGFM+,3,0.018,descriptive,False,,,,7224.0,983040.0,7224.0,983040.0
100,DGFM+,3,0.016,descriptive,False,,,,7224.0,983040.0,7224.0,983040.0
100,DGFM+,3,0.015,descriptive,False,,,,7224.0,983040.0,7224.0,983040.0
100,DGFM+,3,0.01,descriptive,False,,,,7224.0,983040.0,7224.0,983040.0
100,DGFM+,4,0.05,primary,True,1416.0,192768.0,0.0498227439820766,7224.0,983040.0,1416.0,192768.0
100,DGFM+,4,0.03,primary,True,3656.0,497920.0,0.0299861002713441,7224.0,983040.0,3656.0,497920.0
100,DGFM+,4,0.02,descriptive,False,,,,7224.0,983040.0,7224.0,983040.0
100,DGFM+,4,0.018,descriptive,False,,,,7224.0,983040.0,7224.0,983040.0
100,DGFM+,4,0.016,descriptive,False,,,,7224.0,983040.0,7224.0,983040.0
100,DGFM+,4,0.015,descriptive,False,,,,7224.0,983040.0,7224.0,983040.0
100,DGFM+,4,0.01,descriptive,False,,,,7224.0,983040.0,7224.0,983040.0
100,DGFM+,5,0.05,primary,True,1408.0,191744.0,0.0496820136904716,7224.0,983040.0,1408.0,191744.0
100,DGFM+,5,0.03,primary,True,2232.0,304128.0,0.0298789329826831,7224.0,983040.0,2232.0,304128.0
100,DGFM+,5,0.02,descriptive,False,,,,7224.0,983040.0,7224.0,983040.0
100,DGFM+,5,0.018,descriptive,False,,,,7224.0,983040.0,7224.0,983040.0
100,DGFM+,5,0.016,descriptive,False,,,,7224.0,983040.0,7224.0,983040.0
100,DGFM+,5,0.015,descriptive,False,,,,7224.0,983040.0,7224.0,983040.0
100,DGFM+,5,0.01,descriptive,False,,,,7224.0,983040.0,7224.0,983040.0
100,DGFM+,6,0.05,primary,True,1368.0,186624.0,0.0499347001314163,7224.0,983040.0,1368.0,186624.0
100,DGFM+,6,0.03,primary,True,2616.0,356352.0,0.0298855863511562,7224.0,983040.0,2616.0,356352.0
100,DGFM+,6,0.02,descriptive,False,,,,7224.0,983040.0,7224.0,983040.0
100,DGFM+,6,0.018,descriptive,False,,,,7224.0,983040.0,7224.0,983040.0
100,DGFM+,6,0.016,descriptive,False,,,,7224.0,983040.0,7224.0,983040.0
100,DGFM+,6,0.015,descriptive,False,,,,7224.0,983040.0,7224.0,983040.0
100,DGFM+,6,0.01,descriptive,False,,,,7224.0,983040.0,7224.0,983040.0
100,DGFM+,7,0.05,primary,True,1448.0,197632.0,0.0499878302216529,7224.0,983040.0,1448.0,197632.0
100,DGFM+,7,0.03,primary,True,2552.0,347392.0,0.0299257785081863,7224.0,983040.0,2552.0,347392.0
100,DGFM+,7,0.02,descriptive,False,,,,7224.0,983040.0,7224.0,983040.0
100,DGFM+,7,0.018,descriptive,False,,,,7224.0,983040.0,7224.0,983040.0
100,DGFM+,7,0.016,descriptive,False,,,,7224.0,983040.0,7224.0,983040.0
100,DGFM+,7,0.015,descriptive,False,,,,7224.0,983040.0,7224.0,983040.0
100,DGFM+,7,0.01,descriptive,False,,,,7224.0,983040.0,7224.0,983040.0
100,DGFM+,8,0.05,primary,True,1224.0,166656.0,0.0493929348886013,7224.0,983040.0,1224.0,166656.0
100,DGFM+,8,0.03,primary,True,3544.0,482048.0,0.029998118057847,7224.0,983040.0,3544.0,482048.0
100,DGFM+,8,0.02,descriptive,False,,,,7224.0,983040.0,7224.0,983040.0
100,DGFM+,8,0.018,descriptive,False,,,,7224.0,983040.0,7224.0,983040.0
100,DGFM+,8,0.016,descriptive,False,,,,7224.0,983040.0,7224.0,983040.0
100,DGFM+,8,0.015,descriptive,False,,,,7224.0,983040.0,7224.0,983040.0
100,DGFM+,8,0.01,descriptive,False,,,,7224.0,983040.0,7224.0,983040.0
100,DGFM+,9,0.05,primary,True,1288.0,175616.0,0.0493794381618499,7224.0,983040.0,1288.0,175616.0
100,DGFM+,9,0.03,primary,True,1800.0,244992.0,0.029912032186985,7224.0,983040.0,1800.0,244992.0
100,DGFM+,9,0.02,descriptive,False,,,,7224.0,983040.0,7224.0,983040.0
100,DGFM+,9,0.018,descriptive,False,,,,7224.0,983040.0,7224.0,983040.0
100,DGFM+,9,0.016,descriptive,False,,,,7224.0,983040.0,7224.0,983040.0
100,DGFM+,9,0.015,descriptive,False,,,,7224.0,983040.0,7224.0,983040.0
100,DGFM+,9,0.01,descriptive,False,,,,7224.0,983040.0,7224.0,983040.0
100,DGFM+,10,0.05,primary,True,1432.0,194816.0,0.0498374551534652,7224.0,983040.0,1432.0,194816.0
100,DGFM+,10,0.03,primary,True,3312.0,450816.0,0.0299525447189807,7224.0,983040.0,3312.0,450816.0
100,DGFM+,10,0.02,descriptive,False,,,,7224.0,983040.0,7224.0,983040.0
100,DGFM+,10,0.018,descriptive,False,,,,7224.0,983040.0,7224.0,983040.0
100,DGFM+,10,0.016,descriptive,False,,,,7224.0,983040.0,7224.0,983040.0
100,DGFM+,10,0.015,descriptive,False,,,,7224.0,983040.0,7224.0,983040.0
100,DGFM+,10,0.01,descriptive,False,,,,7224.0,983040.0,7224.0,983040.0
100,DGFM+,11,0.05,primary,True,1488.0,202752.0,0.0496886521577835,7224.0,983040.0,1488.0,202752.0
100,DGFM+,11,0.03,primary,True,1976.0,269056.0,0.0299116913229227,7224.0,983040.0,1976.0,269056.0
100,DGFM+,11,0.02,descriptive,False,,,,7224.0,983040.0,7224.0,983040.0
100,DGFM+,11,0.018,descriptive,False,,,,7224.0,983040.0,7224.0,983040.0
100,DGFM+,11,0.016,descriptive,False,,,,7224.0,983040.0,7224.0,983040.0
100,DGFM+,11,0.015,descriptive,False,,,,7224.0,983040.0,7224.0,983040.0
100,DGFM+,11,0.01,descriptive,False,,,,7224.0,983040.0,7224.0,983040.0
100,DGFM+,12,0.05,primary,True,1480.0,201728.0,0.0496893785893917,7224.0,983040.0,1480.0,201728.0
100,DGFM+,12,0.03,primary,True,2600.0,354304.0,0.0299415774643421,7224.0,983040.0,2600.0,354304.0
100,DGFM+,12,0.02,descriptive,False,,,,7224.0,983040.0,7224.0,983040.0
100,DGFM+,12,0.018,descriptive,False,,,,7224.0,983040.0,7224.0,983040.0
100,DGFM+,12,0.016,descriptive,False,,,,7224.0,983040.0,7224.0,983040.0
100,DGFM+,12,0.015,descriptive,False,,,,7224.0,983040.0,7224.0,983040.0
100,DGFM+,12,0.01,descriptive,False,,,,7224.0,983040.0,7224.0,983040.0
100,DGFM+,13,0.05,primary,True,1376.0,187648.0,0.0499664172530174,7224.0,983040.0,1376.0,187648.0
100,DGFM+,13,0.03,primary,True,2456.0,334336.0,0.029969872906804,7224.0,983040.0,2456.0,334336.0
100,DGFM+,13,0.02,descriptive,False,,,,7224.0,983040.0,7224.0,983040.0
100,DGFM+,13,0.018,descriptive,False,,,,7224.0,983040.0,7224.0,983040.0
100,DGFM+,13,0.016,descriptive,False,,,,7224.0,983040.0,7224.0,983040.0
100,DGFM+,13,0.015,descriptive,False,,,,7224.0,983040.0,7224.0,983040.0
100,DGFM+,13,0.01,descriptive,False,,,,7224.0,983040.0,7224.0,983040.0
100,DGFM+,14,0.05,primary,True,1240.0,168704.0,0.0496613755822181,7224.0,983040.0,1240.0,168704.0
100,DGFM+,14,0.03,primary,True,2728.0,371456.0,0.0299775768071413,7224.0,983040.0,2728.0,371456.0
100,DGFM+,14,0.02,descriptive,False,,,,7224.0,983040.0,7224.0,983040.0
100,DGFM+,14,0.018,descriptive,False,,,,7224.0,983040.0,7224.0,983040.0
100,DGFM+,14,0.016,descriptive,False,,,,7224.0,983040.0,7224.0,983040.0
100,DGFM+,14,0.015,descriptive,False,,,,7224.0,983040.0,7224.0,983040.0
100,DGFM+,14,0.01,descriptive,False,,,,7224.0,983040.0,7224.0,983040.0
100,DGFM+,15,0.05,primary,True,1400.0,190720.0,0.0499105304479599,7224.0,983040.0,1400.0,190720.0
100,DGFM+,15,0.03,primary,True,1832.0,249856.0,0.0298385489732027,7224.0,983040.0,1832.0,249856.0
100,DGFM+,15,0.02,descriptive,False,,,,7224.0,983040.0,7224.0,983040.0
100,DGFM+,15,0.018,descriptive,False,,,,7224.0,983040.0,7224.0,983040.0
100,DGFM+,15,0.016,descriptive,False,,,,7224.0,983040.0,7224.0,983040.0
100,DGFM+,15,0.015,descriptive,False,,,,7224.0,983040.0,7224.0,983040.0
100,DGFM+,15,0.01,descriptive,False,,,,7224.0,983040.0,7224.0,983040.0
100,DGFM+,16,0.05,primary,True,1424.0,193792.0,0.0498681627213954,7224.0,983040.0,1424.0,193792.0
100,DGFM+,16,0.03,primary,True,2000.0,272128.0,0.0299537684768438,7224.0,983040.0,2000.0,272128.0
100,DGFM+,16,0.02,descriptive,False,,,,7224.0,983040.0,7224.0,983040.0
100,DGFM+,16,0.018,descriptive,False,,,,7224.0,983040.0,7224.0,983040.0
100,DGFM+,16,0.016,descriptive,False,,,,7224.0,983040.0,7224.0,983040.0
100,DGFM+,16,0.015,descriptive,False,,,,7224.0,983040.0,7224.0,983040.0
100,DGFM+,16,0.01,descriptive,False,,,,7224.0,983040.0,7224.0,983040.0
100,DGFM+,17,0.05,primary,True,1680.0,228864.0,0.0496629737317562,7224.0,983040.0,1680.0,228864.0
100,DGFM+,17,0.03,primary,True,2784.0,378624.0,0.0299584977328777,7224.0,983040.0,2784.0,378624.0
100,DGFM+,17,0.02,descriptive,False,,,,7224.0,983040.0,7224.0,983040.0
100,DGFM+,17,0.018,descriptive,False,,,,7224.0,983040.0,7224.0,983040.0
100,DGFM+,17,0.016,descriptive,False,,,,7224.0,983040.0,7224.0,983040.0
100,DGFM+,17,0.015,descriptive,False,,,,7224.0,983040.0,7224.0,983040.0
100,DGFM+,17,0.01,descriptive,False,,,,7224.0,983040.0,7224.0,983040.0
100,DGFM+,18,0.05,primary,True,1248.0,169728.0,0.0498789474368095,7224.0,983040.0,1248.0,169728.0
100,DGFM+,18,0.03,primary,True,2224.0,303104.0,0.0297514125704765,7224.0,983040.0,2224.0,303104.0
100,DGFM+,18,0.02,descriptive,False,,,,7224.0,983040.0,7224.0,983040.0
100,DGFM+,18,0.018,descriptive,False,,,,7224.0,983040.0,7224.0,983040.0
100,DGFM+,18,0.016,descriptive,False,,,,7224.0,983040.0,7224.0,983040.0
100,DGFM+,18,0.015,descriptive,False,,,,7224.0,983040.0,7224.0,983040.0
100,DGFM+,18,0.01,descriptive,False,,,,7224.0,983040.0,7224.0,983040.0
100,DGFM+,19,0.05,primary,True,1424.0,193792.0,0.0498499274253845,7224.0,983040.0,1424.0,193792.0
100,DGFM+,19,0.03,primary,True,2888.0,393472.0,0.0297912433743476,7224.0,983040.0,2888.0,393472.0
100,DGFM+,19,0.02,descriptive,False,,,,7224.0,983040.0,7224.0,983040.0
100,DGFM+,19,0.018,descriptive,False,,,,7224.0,983040.0,7224.0,983040.0
100,DGFM+,19,0.016,descriptive,False,,,,7224.0,983040.0,7224.0,983040.0
100,DGFM+,19,0.015,descriptive,False,,,,7224.0,983040.0,7224.0,983040.0
100,DGFM+,19,0.01,descriptive,False,,,,7224.0,983040.0,7224.0,983040.0
