method,seed,round,block_id,work,eval_work,communication_round,time_sec,d,delta,M,lr_or_eta,eval_point,objective,stat_proxy,objective_x,stat_proxy_x,objective_ybar,stat_proxy_ybar,block_oracle_norm,sweep_M,sweep_eta,sweep_grid_id
NOG,10000,4,1.0,3072,16384,4,0.15980911254882812,50,0.1,4.0,0.1,y_bar,0.7281602621078491,0.011248467490077019,0.72819983959198,0.010643775574862957,0.7281602621078491,0.011248467490077019,0.012836293317377567,4.0,0.1,M4_eta0.1
NOG,10000,68,17.0,35840,32768,68,0.8532326221466064,50,0.1,4.0,0.1,y_bar,0.7260996699333191,0.00770755996927619,0.7260004281997681,0.007858894765377045,0.7260996699333191,0.00770755996927619,0.013749738223850727,4.0,0.1,M4_eta0.1
NOG,10000,132,33.0,68608,49152,132,1.5029118061065674,50,0.1,4.0,0.1,y_bar,0.7225196957588196,0.009301061742007732,0.722407877445221,0.009534576907753944,0.7225196957588196,0.009301061742007732,0.010530136525630951,4.0,0.1,M4_eta0.1
NOG,10000,196,49.0,101376,65536,196,2.1828932762145996,50,0.1,4.0,0.1,y_bar,0.7194496989250183,0.010259801521897316,0.7193596959114075,0.01120631955564022,0.7194496989250183,0.010259801521897316,0.015444002114236355,4.0,0.1,M4_eta0.1
NOG,10000,260,65.0,134144,81920,260,2.809077024459839,50,0.1,4.0,0.1,y_bar,0.7168864011764526,0.008854326792061329,0.7168155312538147,0.008569847792387009,0.7168864011764526,0.008854326792061329,0.014914121478796005,4.0,0.1,M4_eta0.1
NOG,10000,324,81.0,166912,98304,324,3.4399960041046143,50,0.1,4.0,0.1,y_bar,0.7143217921257019,0.010160611011087894,0.7142593860626221,0.007995172403752804,0.7143217921257019,0.010160611011087894,0.014885609969496727,4.0,0.1,M4_eta0.1
NOG,10000,388,97.0,199680,114688,388,4.082205772399902,50,0.1,4.0,0.1,y_bar,0.7129058837890625,0.007554117124527693,0.71291184425354,0.007710536476224661,0.7129058837890625,0.007554117124527693,0.014554943889379501,4.0,0.1,M4_eta0.1
NOG,10000,452,113.0,232448,131072,452,4.671324014663696,50,0.1,4.0,0.1,y_bar,0.7119342088699341,0.00907627772539854,0.7118921875953674,0.00786716490983963,0.7119342088699341,0.00907627772539854,0.01474764384329319,4.0,0.1,M4_eta0.1
NOG,10000,516,129.0,265216,147456,516,5.29163122177124,50,0.1,4.0,0.1,y_bar,0.7103089690208435,0.010941925458610058,0.7102230787277222,0.010822398588061333,0.7103089690208435,0.010941925458610058,0.012756875716149807,4.0,0.1,M4_eta0.1
NOG,10000,580,145.0,297984,163840,580,5.955123424530029,50,0.1,4.0,0.1,y_bar,0.707444429397583,0.009422252885997295,0.7073850035667419,0.008016850799322128,0.707444429397583,0.009422252885997295,0.01343582570552826,4.0,0.1,M4_eta0.1
NOG,10000,644,161.0,330752,180224,644,6.660689830780029,50,0.1,4.0,0.1,y_bar,0.706318199634552,0.010525593534111977,0.7062264084815979,0.007714306935667992,0.706318199634552,0.010525593534111977,0.015836207196116447,4.0,0.1,M4_eta0.1
NOG,10000,708,177.0,363520,196608,708,7.244288444519043,50,0.1,4.0,0.1,y_bar,0.7051783800125122,0.009872883558273315,0.7051762342453003,0.009766146540641785,0.7051783800125122,0.009872883558273315,0.01301590260118246,4.0,0.1,M4_eta0.1
NOG,10000,772,193.0,396288,212992,772,7.984984874725342,50,0.1,4.0,0.1,y_bar,0.7040502429008484,0.01108704973012209,0.7039930820465088,0.01046738214790821,0.7040502429008484,0.01108704973012209,0.017502157017588615,4.0,0.1,M4_eta0.1
NOG,10000,836,209.0,429056,229376,836,8.599199056625366,50,0.1,4.0,0.1,y_bar,0.7036037445068359,0.009698502719402313,0.7036219835281372,0.010247776284813881,0.7036037445068359,0.009698502719402313,0.01339062862098217,4.0,0.1,M4_eta0.1
NOG,10000,900,225.0,461824,245760,900,9.215471029281616,50,0.1,4.0,0.1,y_bar,0.703134298324585,0.01032641064375639,0.7031832933425903,0.008346717804670334,0.703134298324585,0.01032641064375639,0.014419907703995705,4.0,0.1,M4_eta0.1
NOG,10000,960,240.0,492544,262144,960,9.804543733596802,50,0.1,4.0,0.1,y_bar,0.7033238410949707,0.008634478785097599,0.7032787203788757,0.0082541573792696,0.7033238410949707,0.008634478785097599,0.01414659433066845,4.0,0.1,M4_eta0.1
NOG,10000,4,1.0,3072,16384,4,0.18864750862121582,50,0.1,4.0,0.2,y_bar,0.7281996011734009,0.011024155654013157,0.7282722592353821,0.010414703749120235,0.7281996011734009,0.011024155654013157,0.012533837929368019,4.0,0.2,M4_eta0.2
NOG,10000,68,17.0,35840,32768,68,0.8537647724151611,50,0.1,4.0,0.2,y_bar,0.7256681323051453,0.007286941632628441,0.7255871891975403,0.0070549375377595425,0.7256681323051453,0.007286941632628441,0.013842318207025528,4.0,0.2,M4_eta0.2
NOG,10000,132,33.0,68608,49152,132,1.5741779804229736,50,0.1,4.0,0.2,y_bar,0.7228129506111145,0.009330709464848042,0.7227352857589722,0.00992539245635271,0.7228129506111145,0.009330709464848042,0.010449085384607315,4.0,0.2,M4_eta0.2
NOG,10000,196,49.0,101376,65536,196,2.2370402812957764,50,0.1,4.0,0.2,y_bar,0.7203076481819153,0.008097643032670021,0.7202870845794678,0.008463526144623756,0.7203076481819153,0.008097643032670021,0.014987262897193432,4.0,0.2,M4_eta0.2
NOG,10000,260,65.0,134144,81920,260,2.802213430404663,50,0.1,4.0,0.2,y_bar,0.7189790606498718,0.01008166279643774,0.7188595533370972,0.007285116706043482,0.7189790606498718,0.01008166279643774,0.013998055830597878,4.0,0.2,M4_eta0.2
NOG,10000,324,81.0,166912,98304,324,3.383415699005127,50,0.1,4.0,0.2,y_bar,0.7164272665977478,0.008026215247809887,0.7163227200508118,0.008497892878949642,0.7164272665977478,0.008026215247809887,0.013550994917750359,4.0,0.2,M4_eta0.2
NOG,10000,388,97.0,199680,114688,388,4.112680196762085,50,0.1,4.0,0.2,y_bar,0.7143300175666809,0.008188881911337376,0.7142658233642578,0.008527622558176517,0.7143300175666809,0.008188881911337376,0.013891085051000118,4.0,0.2,M4_eta0.2
NOG,10000,452,113.0,232448,131072,452,4.841370105743408,50,0.1,4.0,0.2,y_bar,0.7129273414611816,0.008186228573322296,0.7128761410713196,0.009072165004909039,0.7129273414611816,0.008186228573322296,0.01526407990604639,4.0,0.2,M4_eta0.2
NOG,10000,516,129.0,265216,147456,516,5.477826118469238,50,0.1,4.0,0.2,y_bar,0.7116431593894958,0.00869064498692751,0.7116032838821411,0.008363926783204079,0.7116431593894958,0.00869064498692751,0.01238527987152338,4.0,0.2,M4_eta0.2
NOG,10000,580,145.0,297984,163840,580,6.062399625778198,50,0.1,4.0,0.2,y_bar,0.710142195224762,0.008943343535065651,0.710105836391449,0.008533231914043427,0.710142195224762,0.008943343535065651,0.013694063760340214,4.0,0.2,M4_eta0.2
NOG,10000,644,161.0,330752,180224,644,6.673034906387329,50,0.1,4.0,0.2,y_bar,0.7091364860534668,0.009436197578907013,0.7090986371040344,0.009803775697946548,0.7091364860534668,0.009436197578907013,0.015705464407801628,4.0,0.2,M4_eta0.2
NOG,10000,708,177.0,363520,196608,708,7.296927213668823,50,0.1,4.0,0.2,y_bar,0.7083621025085449,0.008008657023310661,0.7083041667938232,0.00933123379945755,0.7083621025085449,0.008008657023310661,0.015560547821223736,4.0,0.2,M4_eta0.2
NOG,10000,772,193.0,396288,212992,772,7.913994550704956,50,0.1,4.0,0.2,y_bar,0.7079115509986877,0.00997961312532425,0.7078604102134705,0.00835669320076704,0.7079115509986877,0.00997961312532425,0.01640155538916588,4.0,0.2,M4_eta0.2
NOG,10000,836,209.0,429056,229376,836,8.512121438980103,50,0.1,4.0,0.2,y_bar,0.7071378231048584,0.00936977006494999,0.7071397304534912,0.007085515186190605,0.7071378231048584,0.00936977006494999,0.013017681427299976,4.0,0.2,M4_eta0.2
NOG,10000,900,225.0,461824,245760,900,9.19467306137085,50,0.1,4.0,0.2,y_bar,0.7055394053459167,0.009674876928329468,0.7054826617240906,0.009341582655906677,0.7055394053459167,0.009674876928329468,0.016246192157268524,4.0,0.2,M4_eta0.2
NOG,10000,960,240.0,492544,262144,960,9.864741325378418,50,0.1,4.0,0.2,y_bar,0.7053033113479614,0.009496898390352726,0.7053325772285461,0.008889530785381794,0.7053033113479614,0.009496898390352726,0.01636606827378273,4.0,0.2,M4_eta0.2
NOG,10000,4,1.0,3072,16384,4,0.17114782333374023,50,0.1,4.0,0.3,y_bar,0.7282374501228333,0.010944035835564137,0.7283422350883484,0.010425311513245106,0.7282374501228333,0.010944035835564137,0.012442567385733128,4.0,0.3,M4_eta0.3
NOG,10000,68,17.0,35840,32768,68,0.7703146934509277,50,0.1,4.0,0.3,y_bar,0.7260220646858215,0.007550524082034826,0.7260137796401978,0.007213773671537638,0.7260220646858215,0.007550524082034826,0.012825424782931805,4.0,0.3,M4_eta0.3
NOG,10000,132,33.0,68608,49152,132,1.3268404006958008,50,0.1,4.0,0.3,y_bar,0.7237000465393066,0.008841670118272305,0.7236716151237488,0.008499512448906898,0.7237000465393066,0.008841670118272305,0.010587615892291069,4.0,0.3,M4_eta0.3
NOG,10000,196,49.0,101376,65536,196,1.946761131286621,50,0.1,4.0,0.3,y_bar,0.7211642265319824,0.009442456997931004,0.7211412787437439,0.008732914924621582,0.7211642265319824,0.009442456997931004,0.013682551681995392,4.0,0.3,M4_eta0.3
NOG,10000,260,65.0,134144,81920,260,2.63103985786438,50,0.1,4.0,0.3,y_bar,0.7197116613388062,0.007680660113692284,0.7196760177612305,0.007316005881875753,0.7197116613388062,0.007680660113692284,0.011618293821811676,4.0,0.3,M4_eta0.3
NOG,10000,324,81.0,166912,98304,324,3.2911994457244873,50,0.1,4.0,0.3,y_bar,0.7183114886283875,0.008134246803820133,0.7182263135910034,0.008705249056220055,0.7183114886283875,0.008134246803820133,0.012631915509700775,4.0,0.3,M4_eta0.3
NOG,10000,388,97.0,199680,114688,388,3.8592758178710938,50,0.1,4.0,0.3,y_bar,0.7166209816932678,0.00892129447311163,0.7165647149085999,0.007684880867600441,0.7166209816932678,0.00892129447311163,0.011630390770733356,4.0,0.3,M4_eta0.3
NOG,10000,452,113.0,232448,131072,452,4.48749852180481,50,0.1,4.0,0.3,y_bar,0.7149298191070557,0.008026186376810074,0.7148588299751282,0.009965506382286549,0.7149298191070557,0.008026186376810074,0.01538297813385725,4.0,0.3,M4_eta0.3
NOG,10000,516,129.0,265216,147456,516,5.1575822830200195,50,0.1,4.0,0.3,y_bar,0.7135878801345825,0.009790252894163132,0.7135199904441833,0.008552135899662971,0.7135878801345825,0.009790252894163132,0.012823067605495453,4.0,0.3,M4_eta0.3
NOG,10000,580,145.0,297984,163840,580,5.834745168685913,50,0.1,4.0,0.3,y_bar,0.7125033736228943,0.007680177688598633,0.7124850153923035,0.0073492564260959625,0.7125033736228943,0.007680177688598633,0.01497966144233942,4.0,0.3,M4_eta0.3
NOG,10000,644,161.0,330752,180224,644,6.502331256866455,50,0.1,4.0,0.3,y_bar,0.7108604907989502,0.009586816653609276,0.7107750773429871,0.00862268265336752,0.7108604907989502,0.009586816653609276,0.014500713907182217,4.0,0.3,M4_eta0.3
NOG,10000,708,177.0,363520,196608,708,7.115491628646851,50,0.1,4.0,0.3,y_bar,0.7089900970458984,0.007218345534056425,0.7089643478393555,0.0074697090312838554,0.7089900970458984,0.007218345534056425,0.017575059086084366,4.0,0.3,M4_eta0.3
NOG,10000,772,193.0,396288,212992,772,7.767719745635986,50,0.1,4.0,0.3,y_bar,0.7080345749855042,0.008669322356581688,0.7079983949661255,0.00878961943089962,0.7080345749855042,0.008669322356581688,0.013500574976205826,4.0,0.3,M4_eta0.3
NOG,10000,836,209.0,429056,229376,836,8.434235334396362,50,0.1,4.0,0.3,y_bar,0.7074950337409973,0.00975544098764658,0.7074552774429321,0.007159157656133175,0.7074950337409973,0.00975544098764658,0.015085860155522823,4.0,0.3,M4_eta0.3
NOG,10000,900,225.0,461824,245760,900,9.10204815864563,50,0.1,4.0,0.3,y_bar,0.7071177363395691,0.008902705274522305,0.7071349024772644,0.010095241479575634,0.7071177363395691,0.008902705274522305,0.01424309704452753,4.0,0.3,M4_eta0.3
NOG,10000,960,240.0,492544,262144,960,9.71308708190918,50,0.1,4.0,0.3,y_bar,0.7068021893501282,0.007923955097794533,0.7067291140556335,0.008504179306328297,0.7068021893501282,0.007923955097794533,0.01479534711688757,4.0,0.3,M4_eta0.3
NOG,10000,4,1.0,3072,16384,4,0.18015432357788086,50,0.1,4.0,0.5,y_bar,0.7282589077949524,0.010888438671827316,0.728360652923584,0.010415156371891499,0.7282589077949524,0.010888438671827316,0.012377161532640457,4.0,0.5,M4_eta0.5
NOG,10000,68,17.0,35840,32768,68,0.9429154396057129,50,0.1,4.0,0.5,y_bar,0.7267611026763916,0.006670863833278418,0.726747989654541,0.006196696776896715,0.7267611026763916,0.006670863833278418,0.013152171857655048,4.0,0.5,M4_eta0.5
NOG,10000,132,33.0,68608,49152,132,1.4986088275909424,50,0.1,4.0,0.5,y_bar,0.7253409028053284,0.008482442237436771,0.7252994179725647,0.008082159794867039,0.7253409028053284,0.008482442237436771,0.012127682566642761,4.0,0.5,M4_eta0.5
NOG,10000,196,49.0,101376,65536,196,2.154181718826294,50,0.1,4.0,0.5,y_bar,0.7240027189254761,0.008760088123381138,0.723995566368103,0.007983691059052944,0.7240027189254761,0.008760088123381138,0.014042388647794724,4.0,0.5,M4_eta0.5
NOG,10000,260,65.0,134144,81920,260,2.849886178970337,50,0.1,4.0,0.5,y_bar,0.7224184274673462,0.007923386059701443,0.7223828434944153,0.007932065986096859,0.7224184274673462,0.007923386059701443,0.011270453222095966,4.0,0.5,M4_eta0.5
NOG,10000,324,81.0,166912,98304,324,3.500408411026001,50,0.1,4.0,0.5,y_bar,0.7213138937950134,0.007860658690333366,0.7212866544723511,0.008396181277930737,0.7213138937950134,0.007860658690333366,0.011843704618513584,4.0,0.5,M4_eta0.5
NOG,10000,388,97.0,199680,114688,388,4.189522981643677,50,0.1,4.0,0.5,y_bar,0.7202141880989075,0.007826501503586769,0.7201839685440063,0.008389906026422977,0.7202141880989075,0.007826501503586769,0.01092024240642786,4.0,0.5,M4_eta0.5
NOG,10000,452,113.0,232448,131072,452,4.898043155670166,50,0.1,4.0,0.5,y_bar,0.7194918990135193,0.007570402231067419,0.7194440364837646,0.007422848604619503,0.7194918990135193,0.007570402231067419,0.013057022355496883,4.0,0.5,M4_eta0.5
NOG,10000,516,129.0,265216,147456,516,5.603991270065308,50,0.1,4.0,0.5,y_bar,0.7191202044487,0.007320634555071592,0.7191475033760071,0.008043681271374226,0.7191202044487,0.007320634555071592,0.012792570516467094,4.0,0.5,M4_eta0.5
NOG,10000,580,145.0,297984,163840,580,6.223116874694824,50,0.1,4.0,0.5,y_bar,0.7183341979980469,0.007437768392264843,0.7183252573013306,0.007386781275272369,0.7183341979980469,0.007437768392264843,0.01305138599127531,4.0,0.5,M4_eta0.5
NOG,10000,644,161.0,330752,180224,644,6.885268449783325,50,0.1,4.0,0.5,y_bar,0.7172566652297974,0.008439868688583374,0.7172242403030396,0.007769209332764149,0.7172566652297974,0.008439868688583374,0.012832945212721825,4.0,0.5,M4_eta0.5
NOG,10000,708,177.0,363520,196608,708,7.539478540420532,50,0.1,4.0,0.5,y_bar,0.7160888314247131,0.007615233305841684,0.7160696387290955,0.006671770475804806,0.7160888314247131,0.007615233305841684,0.014356059953570366,4.0,0.5,M4_eta0.5
NOG,10000,772,193.0,396288,212992,772,8.186338186264038,50,0.1,4.0,0.5,y_bar,0.7144272923469543,0.008275480009615421,0.7144266963005066,0.008695997297763824,0.7144272923469543,0.008275480009615421,0.013227904215455055,4.0,0.5,M4_eta0.5
NOG,10000,836,209.0,429056,229376,836,8.878866195678711,50,0.1,4.0,0.5,y_bar,0.7129270434379578,0.009415226057171822,0.7128929495811462,0.008153511211276054,0.7129270434379578,0.009415226057171822,0.013459237292408943,4.0,0.5,M4_eta0.5
NOG,10000,900,225.0,461824,245760,900,9.555696249008179,50,0.1,4.0,0.5,y_bar,0.7113097310066223,0.007682557683438063,0.7112410068511963,0.008967059664428234,0.7113097310066223,0.007682557683438063,0.014827815815806389,4.0,0.5,M4_eta0.5
NOG,10000,960,240.0,492544,262144,960,10.228773832321167,50,0.1,4.0,0.5,y_bar,0.7100456357002258,0.0076352935284376144,0.7100589275360107,0.007777029182761908,0.7100456357002258,0.0076352935284376144,0.01194339245557785,4.0,0.5,M4_eta0.5
NOG,10000,8,1.0,5120,16384,8,0.1632695198059082,50,0.1,8.0,0.1,y_bar,0.7281938791275024,0.009321457706391811,0.7282652854919434,0.009381807409226894,0.7281938791275024,0.009321457706391811,0.010762635618448257,8.0,0.1,M8_eta0.1
NOG,10000,72,9.0,37888,32768,72,0.8151359558105469,50,0.1,8.0,0.1,y_bar,0.7268142104148865,0.007945743389427662,0.7267521023750305,0.008383766748011112,0.7268142104148865,0.007945743389427662,0.00921076163649559,8.0,0.1,M8_eta0.1
NOG,10000,136,17.0,70656,49152,136,1.5249497890472412,50,0.1,8.0,0.1,y_bar,0.7251847386360168,0.0068846940994262695,0.7251230478286743,0.007372879423201084,0.7251847386360168,0.0068846940994262695,0.008313597179949284,8.0,0.1,M8_eta0.1
NOG,10000,200,25.0,103424,65536,200,2.2502222061157227,50,0.1,8.0,0.1,y_bar,0.7237564921379089,0.0077278525568544865,0.7236714363098145,0.007459751795977354,0.7237564921379089,0.0077278525568544865,0.010533375665545464,8.0,0.1,M8_eta0.1
NOG,10000,264,33.0,136192,81920,264,2.915611743927002,50,0.1,8.0,0.1,y_bar,0.7220358848571777,0.007331187836825848,0.7219515442848206,0.0070198774337768555,0.7220358848571777,0.007331187836825848,0.007952389307320118,8.0,0.1,M8_eta0.1
NOG,10000,328,41.0,168960,98304,328,3.551527261734009,50,0.1,8.0,0.1,y_bar,0.7208153009414673,0.008110380731523037,0.7207922339439392,0.008034656755626202,0.7208153009414673,0.008110380731523037,0.010019793175160885,8.0,0.1,M8_eta0.1
NOG,10000,392,49.0,201728,114688,392,4.285265207290649,50,0.1,8.0,0.1,y_bar,0.7196595072746277,0.00873999297618866,0.719603955745697,0.00785810686647892,0.7196595072746277,0.00873999297618866,0.009823150001466274,8.0,0.1,M8_eta0.1
NOG,10000,456,57.0,234496,131072,456,4.908276557922363,50,0.1,8.0,0.1,y_bar,0.7186673283576965,0.008862266317009926,0.7185285687446594,0.009241090156137943,0.7186673283576965,0.008862266317009926,0.010653597302734852,8.0,0.1,M8_eta0.1
NOG,10000,520,65.0,267264,147456,520,5.612486839294434,50,0.1,8.0,0.1,y_bar,0.7171246409416199,0.00893269944936037,0.7170535922050476,0.00817161239683628,0.7171246409416199,0.00893269944936037,0.009216969832777977,8.0,0.1,M8_eta0.1
NOG,10000,584,73.0,300032,163840,584,6.242555141448975,50,0.1,8.0,0.1,y_bar,0.7157914042472839,0.008619331754744053,0.7156925797462463,0.008360076695680618,0.7157914042472839,0.008619331754744053,0.00975158903747797,8.0,0.1,M8_eta0.1
NOG,10000,648,81.0,332800,180224,648,6.929043292999268,50,0.1,8.0,0.1,y_bar,0.7139651775360107,0.008708364330232143,0.7138708233833313,0.006487564649432898,0.7139651775360107,0.008708364330232143,0.010685424320399761,8.0,0.1,M8_eta0.1
NOG,10000,712,89.0,365568,196608,712,7.587068796157837,50,0.1,8.0,0.1,y_bar,0.7126891613006592,0.008479499258100986,0.7126179933547974,0.007151436991989613,0.7126891613006592,0.008479499258100986,0.009752425365149975,8.0,0.1,M8_eta0.1
NOG,10000,776,97.0,398336,212992,776,8.231894493103027,50,0.1,8.0,0.1,y_bar,0.7119873762130737,0.008018088527023792,0.7119396328926086,0.007923336699604988,0.7119873762130737,0.008018088527023792,0.01110765989869833,8.0,0.1,M8_eta0.1
NOG,10000,840,105.0,431104,229376,840,8.893293857574463,50,0.1,8.0,0.1,y_bar,0.7107396721839905,0.008326424285769463,0.7106680870056152,0.009171370416879654,0.7107396721839905,0.008326424285769463,0.010223358869552612,8.0,0.1,M8_eta0.1
NOG,10000,904,113.0,463872,245760,904,9.536102771759033,50,0.1,8.0,0.1,y_bar,0.7096887826919556,0.008087581023573875,0.7096719145774841,0.009038051590323448,0.7096887826919556,0.008087581023573875,0.010424342006444931,8.0,0.1,M8_eta0.1
NOG,10000,960,120.0,492544,262144,960,10.078027486801147,50,0.1,8.0,0.1,y_bar,0.7089688181877136,0.007255349308252335,0.7089523673057556,0.00877902377396822,0.7089688181877136,0.007255349308252335,0.010781842283904552,8.0,0.1,M8_eta0.1
NOG,10000,8,1.0,5120,16384,8,0.2080390453338623,50,0.1,8.0,0.2,y_bar,0.7282357811927795,0.00923076830804348,0.728305995464325,0.009415743872523308,0.7282357811927795,0.00923076830804348,0.010440725833177567,8.0,0.2,M8_eta0.2
NOG,10000,72,9.0,37888,32768,72,0.8582203388214111,50,0.1,8.0,0.2,y_bar,0.7271634936332703,0.007910525426268578,0.7271469831466675,0.008139966055750847,0.7271634936332703,0.007910525426268578,0.008843453601002693,8.0,0.2,M8_eta0.2
NOG,10000,136,17.0,70656,49152,136,1.5051839351654053,50,0.1,8.0,0.2,y_bar,0.7261435389518738,0.007011923938989639,0.7260947823524475,0.006854643113911152,0.7261435389518738,0.007011923938989639,0.007596462499350309,8.0,0.2,M8_eta0.2
NOG,10000,200,25.0,103424,65536,200,2.118177890777588,50,0.1,8.0,0.2,y_bar,0.7252006530761719,0.007662089541554451,0.7251584529876709,0.007625009398907423,0.7252006530761719,0.007662089541554451,0.010415622033178806,8.0,0.2,M8_eta0.2
NOG,10000,264,33.0,136192,81920,264,2.8417365550994873,50,0.1,8.0,0.2,y_bar,0.724109411239624,0.0072178891859948635,0.724049985408783,0.007183584850281477,0.724109411239624,0.0072178891859948635,0.00871612410992384,8.0,0.2,M8_eta0.2
NOG,10000,328,41.0,168960,98304,328,3.460434675216675,50,0.1,8.0,0.2,y_bar,0.7233315110206604,0.008132613264024258,0.723301112651825,0.006531713996082544,0.7233315110206604,0.008132613264024258,0.009162682108581066,8.0,0.2,M8_eta0.2
NOG,10000,392,49.0,201728,114688,392,4.142279863357544,50,0.1,8.0,0.2,y_bar,0.722427487373352,0.00715586356818676,0.7224387526512146,0.007683297153562307,0.722427487373352,0.00715586356818676,0.00963502936065197,8.0,0.2,M8_eta0.2
NOG,10000,456,57.0,234496,131072,456,4.837683916091919,50,0.1,8.0,0.2,y_bar,0.7218608856201172,0.00873939972370863,0.7218191027641296,0.00840451568365097,0.7218608856201172,0.00873939972370863,0.009103882126510143,8.0,0.2,M8_eta0.2
NOG,10000,520,65.0,267264,147456,520,5.493529319763184,50,0.1,8.0,0.2,y_bar,0.7211179137229919,0.009182089939713478,0.7210336327552795,0.007675993721932173,0.7211179137229919,0.009182089939713478,0.00896021630614996,8.0,0.2,M8_eta0.2
NOG,10000,584,73.0,300032,163840,584,6.129024505615234,50,0.1,8.0,0.2,y_bar,0.7203607559204102,0.00873471423983574,0.720379650592804,0.008738073520362377,0.7203607559204102,0.00873471423983574,0.010842840187251568,8.0,0.2,M8_eta0.2
NOG,10000,648,81.0,332800,180224,648,6.848082542419434,50,0.1,8.0,0.2,y_bar,0.7198694348335266,0.007638626731932163,0.7198175191879272,0.0062206038273870945,0.7198694348335266,0.007638626731932163,0.012410660274326801,8.0,0.2,M8_eta0.2
NOG,10000,712,89.0,365568,196608,712,7.601830720901489,50,0.1,8.0,0.2,y_bar,0.7193707823753357,0.008047941140830517,0.7193246483802795,0.008047398179769516,0.7193707823753357,0.008047941140830517,0.009888432919979095,8.0,0.2,M8_eta0.2
NOG,10000,776,97.0,398336,212992,776,8.187092065811157,50,0.1,8.0,0.2,y_bar,0.7189399600028992,0.006309556774795055,0.7189522385597229,0.00848496425896883,0.7189399600028992,0.006309556774795055,0.009233782067894936,8.0,0.2,M8_eta0.2
NOG,10000,840,105.0,431104,229376,840,8.844916343688965,50,0.1,8.0,0.2,y_bar,0.7180194854736328,0.007818391546607018,0.7180036902427673,0.008058018982410431,0.7180194854736328,0.007818391546607018,0.009505926631391048,8.0,0.2,M8_eta0.2
NOG,10000,904,113.0,463872,245760,904,9.436410188674927,50,0.1,8.0,0.2,y_bar,0.7176048159599304,0.007956361398100853,0.7175866365432739,0.008477315306663513,0.7176048159599304,0.007956361398100853,0.009667574428021908,8.0,0.2,M8_eta0.2
NOG,10000,960,120.0,492544,262144,960,9.960893630981445,50,0.1,8.0,0.2,y_bar,0.7169729471206665,0.009240173734724522,0.716937243938446,0.00788643304258585,0.7169729471206665,0.009240173734724522,0.011218303814530373,8.0,0.2,M8_eta0.2
NOG,10000,8,1.0,5120,16384,8,0.1756598949432373,50,0.1,8.0,0.3,y_bar,0.7282098531723022,0.009242693893611431,0.7282537221908569,0.009402027353644371,0.7282098531723022,0.009242693893611431,0.01049326453357935,8.0,0.3,M8_eta0.3
NOG,10000,72,9.0,37888,32768,72,0.6943135261535645,50,0.1,8.0,0.3,y_bar,0.7275614142417908,0.007911802269518375,0.7275577187538147,0.007933362387120724,0.7275614142417908,0.007911802269518375,0.00879787839949131,8.0,0.3,M8_eta0.3
NOG,10000,136,17.0,70656,49152,136,1.3651816844940186,50,0.1,8.0,0.3,y_bar,0.7268564105033875,0.0074610779993236065,0.7268127202987671,0.007116027642041445,0.7268564105033875,0.0074610779993236065,0.007938939146697521,8.0,0.3,M8_eta0.3
NOG,10000,200,25.0,103424,65536,200,2.0108742713928223,50,0.1,8.0,0.3,y_bar,0.7262498140335083,0.008028479292988777,0.7262440919876099,0.008067338727414608,0.7262498140335083,0.008028479292988777,0.009838669560849667,8.0,0.3,M8_eta0.3
NOG,10000,264,33.0,136192,81920,264,2.6624608039855957,50,0.1,8.0,0.3,y_bar,0.7257266640663147,0.006957350764423609,0.725668728351593,0.007533722557127476,0.7257266640663147,0.006957350764423609,0.00915493629872799,8.0,0.3,M8_eta0.3
NOG,10000,328,41.0,168960,98304,328,3.300102949142456,50,0.1,8.0,0.3,y_bar,0.7251759767532349,0.00799386017024517,0.7251280546188354,0.007169247139245272,0.7251759767532349,0.00799386017024517,0.010327707044780254,8.0,0.3,M8_eta0.3
NOG,10000,392,49.0,201728,114688,392,3.917282819747925,50,0.1,8.0,0.3,y_bar,0.7246102690696716,0.007548170629888773,0.7246167063713074,0.00807134434580803,0.7246102690696716,0.007548170629888773,0.009642666205763817,8.0,0.3,M8_eta0.3
NOG,10000,456,57.0,234496,131072,456,4.54172945022583,50,0.1,8.0,0.3,y_bar,0.7241690158843994,0.007433382794260979,0.7241403460502625,0.008061652071774006,0.7241690158843994,0.007433382794260979,0.009284339845180511,8.0,0.3,M8_eta0.3
NOG,10000,520,65.0,267264,147456,520,5.169540643692017,50,0.1,8.0,0.3,y_bar,0.7237166166305542,0.00915531162172556,0.7236936092376709,0.007918148301541805,0.7237166166305542,0.00915531162172556,0.009121093899011612,8.0,0.3,M8_eta0.3
NOG,10000,584,73.0,300032,163840,584,5.72043776512146,50,0.1,8.0,0.3,y_bar,0.7231869697570801,0.007596518378704786,0.7231680750846863,0.00858526211231947,0.7231869697570801,0.007596518378704786,0.009333278052508831,8.0,0.3,M8_eta0.3
NOG,10000,648,81.0,332800,180224,648,6.351996421813965,50,0.1,8.0,0.3,y_bar,0.7225759029388428,0.0071205501444637775,0.7225077152252197,0.007266859989613295,0.7225759029388428,0.0071205501444637775,0.01070432085543871,8.0,0.3,M8_eta0.3
NOG,10000,712,89.0,365568,196608,712,7.065639972686768,50,0.1,8.0,0.3,y_bar,0.7221164703369141,0.008344515226781368,0.7220930457115173,0.008348205126821995,0.7221164703369141,0.008344515226781368,0.009643061086535454,8.0,0.3,M8_eta0.3
NOG,10000,776,97.0,398336,212992,776,7.737070083618164,50,0.1,8.0,0.3,y_bar,0.7218368649482727,0.00602059718221426,0.7218217849731445,0.00810195505619049,0.7218368649482727,0.00602059718221426,0.01026708073914051,8.0,0.3,M8_eta0.3
NOG,10000,840,105.0,431104,229376,840,8.449367761611938,50,0.1,8.0,0.3,y_bar,0.7214595079421997,0.007629868574440479,0.7214345932006836,0.008912130258977413,0.7214595079421997,0.007629868574440479,0.00920176226645708,8.0,0.3,M8_eta0.3
NOG,10000,904,113.0,463872,245760,904,9.08318042755127,50,0.1,8.0,0.3,y_bar,0.7209997773170471,0.007182009983807802,0.7209751605987549,0.007549632806330919,0.7209997773170471,0.007182009983807802,0.009739126078784466,8.0,0.3,M8_eta0.3
NOG,10000,960,120.0,492544,262144,960,9.667505264282227,50,0.1,8.0,0.3,y_bar,0.7206393480300903,0.008417651988565922,0.7206377983093262,0.007987692952156067,0.7206393480300903,0.008417651988565922,0.009781756438314915,8.0,0.3,M8_eta0.3
NOG,10000,8,1.0,5120,16384,8,0.1701948642730713,50,0.1,8.0,0.5,y_bar,0.7281839847564697,0.009269175119698048,0.7282114028930664,0.009526924230158329,0.7281839847564697,0.009269175119698048,0.010700958780944347,8.0,0.5,M8_eta0.5
NOG,10000,72,9.0,37888,32768,72,0.8488078117370605,50,0.1,8.0,0.5,y_bar,0.7278433442115784,0.007874694652855396,0.7278491258621216,0.007560522295534611,0.7278433442115784,0.007874694652855396,0.008444960229098797,8.0,0.5,M8_eta0.5
NOG,10000,136,17.0,70656,49152,136,1.5228848457336426,50,0.1,8.0,0.5,y_bar,0.7274574041366577,0.007360863499343395,0.7274290323257446,0.007695087697356939,0.7274574041366577,0.007360863499343395,0.007691874168813229,8.0,0.5,M8_eta0.5
NOG,10000,200,25.0,103424,65536,200,2.186919689178467,50,0.1,8.0,0.5,y_bar,0.7269849181175232,0.008031477220356464,0.7269898056983948,0.008021284826099873,0.7269849181175232,0.008031477220356464,0.010104773566126823,8.0,0.5,M8_eta0.5
NOG,10000,264,33.0,136192,81920,264,2.849487543106079,50,0.1,8.0,0.5,y_bar,0.7266068458557129,0.00674697058275342,0.7265849709510803,0.007928120903670788,0.7266068458557129,0.00674697058275342,0.008763909339904785,8.0,0.5,M8_eta0.5
NOG,10000,328,41.0,168960,98304,328,3.484665870666504,50,0.1,8.0,0.5,y_bar,0.7263088226318359,0.007515617646276951,0.7262821793556213,0.006475748028606176,0.7263088226318359,0.007515617646276951,0.009428241290152073,8.0,0.5,M8_eta0.5
NOG,10000,392,49.0,201728,114688,392,4.154867649078369,50,0.1,8.0,0.5,y_bar,0.726015567779541,0.008031769655644894,0.7260082364082336,0.007817228324711323,0.726015567779541,0.008031769655644894,0.00935986265540123,8.0,0.5,M8_eta0.5
NOG,10000,456,57.0,234496,131072,456,4.794719457626343,50,0.1,8.0,0.5,y_bar,0.7257158756256104,0.007860350422561169,0.7256982922554016,0.00855729728937149,0.7257158756256104,0.007860350422561169,0.01022779569029808,8.0,0.5,M8_eta0.5
NOG,10000,520,65.0,267264,147456,520,5.495347023010254,50,0.1,8.0,0.5,y_bar,0.7253665328025818,0.00866970419883728,0.7253527045249939,0.007936608977615833,0.7253665328025818,0.00866970419883728,0.009053691290318966,8.0,0.5,M8_eta0.5
NOG,10000,584,73.0,300032,163840,584,6.237894296646118,50,0.1,8.0,0.5,y_bar,0.7250944972038269,0.007221293170005083,0.7250534892082214,0.00785741675645113,0.7250944972038269,0.007221293170005083,0.010776485316455364,8.0,0.5,M8_eta0.5
NOG,10000,648,81.0,332800,180224,648,6.910755395889282,50,0.1,8.0,0.5,y_bar,0.7247525453567505,0.007194871548563242,0.7247316837310791,0.0070131742395460606,0.7247525453567505,0.007194871548563242,0.010872948914766312,8.0,0.5,M8_eta0.5
NOG,10000,712,89.0,365568,196608,712,7.530724763870239,50,0.1,8.0,0.5,y_bar,0.7244380116462708,0.008515947498381138,0.7244089841842651,0.007582676596939564,0.7244380116462708,0.008515947498381138,0.01010219193994999,8.0,0.5,M8_eta0.5
NOG,10000,776,97.0,398336,212992,776,8.288272142410278,50,0.1,8.0,0.5,y_bar,0.724183201789856,0.006470497231930494,0.7241783738136292,0.008127331733703613,0.724183201789856,0.006470497231930494,0.010384096764028072,8.0,0.5,M8_eta0.5
NOG,10000,840,105.0,431104,229376,840,8.974554538726807,50,0.1,8.0,0.5,y_bar,0.7240176200866699,0.007419602479785681,0.7239961624145508,0.008094977587461472,0.7240176200866699,0.007419602479785681,0.008901169523596764,8.0,0.5,M8_eta0.5
NOG,10000,904,113.0,463872,245760,904,9.63680362701416,50,0.1,8.0,0.5,y_bar,0.723779559135437,0.0068649169988930225,0.7237522006034851,0.0070100692100822926,0.723779559135437,0.0068649169988930225,0.01036156713962555,8.0,0.5,M8_eta0.5
NOG,10000,960,120.0,492544,262144,960,10.243735313415527,50,0.1,8.0,0.5,y_bar,0.7235158681869507,0.007700486574321985,0.7235310673713684,0.006969093810766935,0.7235158681869507,0.007700486574321985,0.01062210462987423,8.0,0.5,M8_eta0.5
NOG,10000,12,1.0,7168,16384,12,0.2194199562072754,50,0.1,12.0,0.1,y_bar,0.7282124757766724,0.011229101568460464,0.7282730937004089,0.00908181443810463,0.7282124757766724,0.011229101568460464,0.009933951310813427,12.0,0.1,M12_eta0.1
NOG,10000,84,7.0,44032,32768,84,0.900111198425293,50,0.1,12.0,0.1,y_bar,0.7272409200668335,0.007532763760536909,0.7271729707717896,0.008885306306183338,0.7272409200668335,0.007532763760536909,0.009274772368371487,12.0,0.1,M12_eta0.1
NOG,10000,156,13.0,80896,49152,156,1.5853254795074463,50,0.1,12.0,0.1,y_bar,0.7262818217277527,0.008075340650975704,0.7262424230575562,0.008340912871062756,0.7262818217277527,0.008075340650975704,0.007081321906298399,12.0,0.1,M12_eta0.1
NOG,10000,228,19.0,117760,65536,228,2.3651959896087646,50,0.1,12.0,0.1,y_bar,0.7251491546630859,0.008406518027186394,0.7250455617904663,0.006948787719011307,0.7251491546630859,0.008406518027186394,0.007775997743010521,12.0,0.1,M12_eta0.1
NOG,10000,300,25.0,154624,81920,300,3.029900312423706,50,0.1,12.0,0.1,y_bar,0.7240169048309326,0.00926603190600872,0.7239992618560791,0.007251873146742582,0.7240169048309326,0.00926603190600872,0.006939557380974293,12.0,0.1,M12_eta0.1
NOG,10000,372,31.0,191488,98304,372,3.7745184898376465,50,0.1,12.0,0.1,y_bar,0.723304033279419,0.009281391277909279,0.7232018113136292,0.009149070829153061,0.723304033279419,0.009281391277909279,0.00947517715394497,12.0,0.1,M12_eta0.1
NOG,10000,444,37.0,228352,114688,444,4.5896735191345215,50,0.1,12.0,0.1,y_bar,0.7224961519241333,0.007712787017226219,0.7224594950675964,0.007352624554187059,0.7224961519241333,0.007712787017226219,0.008552809245884418,12.0,0.1,M12_eta0.1
NOG,10000,516,43.0,265216,131072,516,5.3232927322387695,50,0.1,12.0,0.1,y_bar,0.7216847538948059,0.007461024448275566,0.7216619849205017,0.006678028032183647,0.7216847538948059,0.007461024448275566,0.007912633009254932,12.0,0.1,M12_eta0.1
NOG,10000,588,49.0,302080,147456,588,6.090278148651123,50,0.1,12.0,0.1,y_bar,0.7208224534988403,0.008320529013872147,0.7207712531089783,0.007407739758491516,0.7208224534988403,0.008320529013872147,0.009058346971869469,12.0,0.1,M12_eta0.1
NOG,10000,660,55.0,338944,163840,660,6.819844484329224,50,0.1,12.0,0.1,y_bar,0.7202508449554443,0.008203850127756596,0.7201983332633972,0.007355646695941687,0.7202508449554443,0.008203850127756596,0.008105521090328693,12.0,0.1,M12_eta0.1
NOG,10000,732,61.0,375808,180224,732,7.605503797531128,50,0.1,12.0,0.1,y_bar,0.71971195936203,0.007926106452941895,0.7196650505065918,0.007506883703172207,0.71971195936203,0.007926106452941895,0.007458334788680077,12.0,0.1,M12_eta0.1
NOG,10000,804,67.0,412672,196608,804,8.34894061088562,50,0.1,12.0,0.1,y_bar,0.7193869948387146,0.006619740277528763,0.7193213105201721,0.008500193245708942,0.7193869948387146,0.006619740277528763,0.008434703573584557,12.0,0.1,M12_eta0.1
NOG,10000,876,73.0,449536,212992,876,9.177170991897583,50,0.1,12.0,0.1,y_bar,0.7186701893806458,0.007794700097292662,0.7186222076416016,0.007124865893274546,0.7186701893806458,0.007794700097292662,0.009899063967168331,12.0,0.1,M12_eta0.1
NOG,10000,948,79.0,486400,229376,948,9.909959316253662,50,0.1,12.0,0.1,y_bar,0.7181357741355896,0.00861816294491291,0.7180899381637573,0.006568397860974073,0.7181357741355896,0.00861816294491291,0.009725836105644703,12.0,0.1,M12_eta0.1
NOG,10000,960,80.0,492544,245760,960,10.155869007110596,50,0.1,12.0,0.1,y_bar,0.7180200815200806,0.009127375669777393,0.7179633975028992,0.007599320728331804,0.7180200815200806,0.009127375669777393,0.008229224011301994,12.0,0.1,M12_eta0.1
NOG,10000,12,1.0,7168,16384,12,0.25383830070495605,50,0.1,12.0,0.2,y_bar,0.7281853556632996,0.01127309538424015,0.728212296962738,0.0091702900826931,0.7281853556632996,0.01127309538424015,0.009975672699511051,12.0,0.2,M12_eta0.2
NOG,10000,84,7.0,44032,32768,84,0.960594892501831,50,0.1,12.0,0.2,y_bar,0.7277513742446899,0.007187622133642435,0.7277107238769531,0.009349780157208443,0.7277513742446899,0.007187622133642435,0.008823379874229431,12.0,0.2,M12_eta0.2
NOG,10000,156,13.0,80896,49152,156,1.705286979675293,50,0.1,12.0,0.2,y_bar,0.7271947264671326,0.007922829128801823,0.7271567583084106,0.007135964930057526,0.7271947264671326,0.007922829128801823,0.007102297153323889,12.0,0.2,M12_eta0.2
NOG,10000,228,19.0,117760,65536,228,2.3754160404205322,50,0.1,12.0,0.2,y_bar,0.7266200184822083,0.007580280769616365,0.7265582084655762,0.007658667862415314,0.7266200184822083,0.007580280769616365,0.007705045398324728,12.0,0.2,M12_eta0.2
NOG,10000,300,25.0,154624,81920,300,3.2308430671691895,50,0.1,12.0,0.2,y_bar,0.7262275218963623,0.009114277549088001,0.7262219786643982,0.006696232594549656,0.7262275218963623,0.009114277549088001,0.006992189679294825,12.0,0.2,M12_eta0.2
NOG,10000,372,31.0,191488,98304,372,4.041347980499268,50,0.1,12.0,0.2,y_bar,0.7257524728775024,0.008102976717054844,0.7257005572319031,0.0072467816062271595,0.7257524728775024,0.008102976717054844,0.00920967198908329,12.0,0.2,M12_eta0.2
NOG,10000,444,37.0,228352,114688,444,4.784860372543335,50,0.1,12.0,0.2,y_bar,0.7252359986305237,0.006649094168096781,0.7251976132392883,0.008104369044303894,0.7252359986305237,0.006649094168096781,0.008681838400661945,12.0,0.2,M12_eta0.2
NOG,10000,516,43.0,265216,131072,516,5.631130695343018,50,0.1,12.0,0.2,y_bar,0.7248162031173706,0.00842479057610035,0.724800705909729,0.007830880582332611,0.7248162031173706,0.00842479057610035,0.008574696257710457,12.0,0.2,M12_eta0.2
NOG,10000,588,49.0,302080,147456,588,6.3750104904174805,50,0.1,12.0,0.2,y_bar,0.7243608236312866,0.008890670724213123,0.7243413925170898,0.006457326002418995,0.7243608236312866,0.008890670724213123,0.0083199767395854,12.0,0.2,M12_eta0.2
NOG,10000,660,55.0,338944,163840,660,7.110330820083618,50,0.1,12.0,0.2,y_bar,0.723935067653656,0.007964042015373707,0.7239038944244385,0.007001837249845266,0.723935067653656,0.007964042015373707,0.008147120475769043,12.0,0.2,M12_eta0.2
NOG,10000,732,61.0,375808,180224,732,7.844591379165649,50,0.1,12.0,0.2,y_bar,0.7235838174819946,0.007974323816597462,0.723557710647583,0.007121852599084377,0.7235838174819946,0.007974323816597462,0.007249529007822275,12.0,0.2,M12_eta0.2
NOG,10000,804,67.0,412672,196608,804,8.560616254806519,50,0.1,12.0,0.2,y_bar,0.7233351469039917,0.007282272446900606,0.72333163022995,0.008210771717131138,0.7233351469039917,0.007282272446900606,0.007145219948142767,12.0,0.2,M12_eta0.2
NOG,10000,876,73.0,449536,212992,876,9.25927209854126,50,0.1,12.0,0.2,y_bar,0.7229765057563782,0.007069536484777927,0.7229235172271729,0.007206826936453581,0.7229765057563782,0.007069536484777927,0.009945635683834553,12.0,0.2,M12_eta0.2
NOG,10000,948,79.0,486400,229376,948,9.985533952713013,50,0.1,12.0,0.2,y_bar,0.7225880026817322,0.007339452393352985,0.7225613594055176,0.0056421272456645966,0.7225880026817322,0.007339452393352985,0.008930849842727184,12.0,0.2,M12_eta0.2
NOG,10000,960,80.0,492544,245760,960,10.188920259475708,50,0.1,12.0,0.2,y_bar,0.7225117683410645,0.0068219443783164024,0.722510576248169,0.007654744666069746,0.7225117683410645,0.0068219443783164024,0.008051326498389244,12.0,0.2,M12_eta0.2
NOG,10000,12,1.0,7168,16384,12,0.2928767204284668,50,0.1,12.0,0.3,y_bar,0.7281675934791565,0.011369798332452774,0.7281850576400757,0.009489578194916248,0.7281675934791565,0.011369798332452774,0.010290487669408321,12.0,0.3,M12_eta0.3
NOG,10000,84,7.0,44032,32768,84,1.0354969501495361,50,0.1,12.0,0.3,y_bar,0.7279048562049866,0.0068449173122644424,0.7278775572776794,0.00937239732593298,0.7279048562049866,0.0068449173122644424,0.008396304212510586,12.0,0.3,M12_eta0.3
NOG,10000,156,13.0,80896,49152,156,1.788194179534912,50,0.1,12.0,0.3,y_bar,0.7276118993759155,0.007746752817183733,0.727599024772644,0.006923952605575323,0.7276118993759155,0.007746752817183733,0.007127624005079269,12.0,0.3,M12_eta0.3
NOG,10000,228,19.0,117760,65536,228,2.618725061416626,50,0.1,12.0,0.3,y_bar,0.7272826433181763,0.007398407440632582,0.7272416353225708,0.007792409043759108,0.7272826433181763,0.007398407440632582,0.00741190742701292,12.0,0.3,M12_eta0.3
NOG,10000,300,25.0,154624,81920,300,3.3607656955718994,50,0.1,12.0,0.3,y_bar,0.7269574999809265,0.008958947844803333,0.7269553542137146,0.0068717156536877155,0.7269574999809265,0.008958947844803333,0.007327891420572996,12.0,0.3,M12_eta0.3
NOG,10000,372,31.0,191488,98304,372,4.156768321990967,50,0.1,12.0,0.3,y_bar,0.7265881896018982,0.007400504779070616,0.7265885472297668,0.0071705905720591545,0.7265881896018982,0.007400504779070616,0.008566934615373611,12.0,0.3,M12_eta0.3
NOG,10000,444,37.0,228352,114688,444,5.014843702316284,50,0.1,12.0,0.3,y_bar,0.7263078689575195,0.0067280856892466545,0.7262850999832153,0.007412004750221968,0.7263078689575195,0.0067280856892466545,0.008255934342741966,12.0,0.3,M12_eta0.3
NOG,10000,516,43.0,265216,131072,516,5.771061182022095,50,0.1,12.0,0.3,y_bar,0.7260459065437317,0.007474005222320557,0.7260424494743347,0.00753743527457118,0.7260459065437317,0.007474005222320557,0.008450645953416824,12.0,0.3,M12_eta0.3
NOG,10000,588,49.0,302080,147456,588,6.614359140396118,50,0.1,12.0,0.3,y_bar,0.7257381081581116,0.008638870902359486,0.7257258296012878,0.006662779953330755,0.7257381081581116,0.008638870902359486,0.008243714459240437,12.0,0.3,M12_eta0.3
NOG,10000,660,55.0,338944,163840,660,7.433878421783447,50,0.1,12.0,0.3,y_bar,0.725448727607727,0.008017470128834248,0.7254207730293274,0.007233104668557644,0.725448727607727,0.008017470128834248,0.007899781689047813,12.0,0.3,M12_eta0.3
NOG,10000,732,61.0,375808,180224,732,8.19294023513794,50,0.1,12.0,0.3,y_bar,0.7252074480056763,0.0073000346310436726,0.725192129611969,0.007335626520216465,0.7252074480056763,0.0073000346310436726,0.007110907230526209,12.0,0.3,M12_eta0.3
NOG,10000,804,67.0,412672,196608,804,8.96406602859497,50,0.1,12.0,0.3,y_bar,0.7249724864959717,0.00779039366170764,0.724968433380127,0.007736328989267349,0.7249724864959717,0.00779039366170764,0.0069800447672605515,12.0,0.3,M12_eta0.3
NOG,10000,876,73.0,449536,212992,876,9.727458477020264,50,0.1,12.0,0.3,y_bar,0.7246731519699097,0.007560332305729389,0.7246354818344116,0.006845320574939251,0.7246731519699097,0.007560332305729389,0.009270009584724903,12.0,0.3,M12_eta0.3
NOG,10000,948,79.0,486400,229376,948,10.48894214630127,50,0.1,12.0,0.3,y_bar,0.7243490219116211,0.006195151247084141,0.72431880235672,0.005430290009826422,0.7243490219116211,0.006195151247084141,0.008842217735946178,12.0,0.3,M12_eta0.3
NOG,10000,960,80.0,492544,245760,960,10.707143783569336,50,0.1,12.0,0.3,y_bar,0.7242981791496277,0.007410126738250256,0.7243053913116455,0.007890710607171059,0.7242981791496277,0.007410126738250256,0.008130164816975594,12.0,0.3,M12_eta0.3
NOG,10000,12,1.0,7168,16384,12,0.2301936149597168,50,0.1,12.0,0.5,y_bar,0.7281570434570312,0.01153916958719492,0.7281694412231445,0.00957487616688013,0.7281570434570312,0.01153916958719492,0.010411178693175316,12.0,0.5,M12_eta0.5
NOG,10000,84,7.0,44032,32768,84,0.947277307510376,50,0.1,12.0,0.5,y_bar,0.7279713153839111,0.00692392885684967,0.7279536724090576,0.009435881860554218,0.7279713153839111,0.00692392885684967,0.008443394675850868,12.0,0.5,M12_eta0.5
NOG,10000,156,13.0,80896,49152,156,1.6760940551757812,50,0.1,12.0,0.5,y_bar,0.7277756333351135,0.00761067308485508,0.7277705669403076,0.007089562714099884,0.7277756333351135,0.00761067308485508,0.007142995949834585,12.0,0.5,M12_eta0.5
NOG,10000,228,19.0,117760,65536,228,2.421809673309326,50,0.1,12.0,0.5,y_bar,0.72757488489151,0.007433664985001087,0.7275627255439758,0.007477885112166405,0.72757488489151,0.007433664985001087,0.007265409454703331,12.0,0.5,M12_eta0.5
NOG,10000,300,25.0,154624,81920,300,3.2593860626220703,50,0.1,12.0,0.5,y_bar,0.7273771166801453,0.00864327047020197,0.7273771166801453,0.006615435238927603,0.7273771166801453,0.00864327047020197,0.007645666133612394,12.0,0.5,M12_eta0.5
NOG,10000,372,31.0,191488,98304,372,4.037402629852295,50,0.1,12.0,0.5,y_bar,0.7270974516868591,0.007777543738484383,0.7270973920822144,0.00704787764698267,0.7270974516868591,0.007777543738484383,0.008547445759177208,12.0,0.5,M12_eta0.5
NOG,10000,444,37.0,228352,114688,444,4.788837671279907,50,0.1,12.0,0.5,y_bar,0.7268882393836975,0.006835023406893015,0.7268632650375366,0.007470041513442993,0.7268882393836975,0.006835023406893015,0.008196454495191574,12.0,0.5,M12_eta0.5
NOG,10000,516,43.0,265216,131072,516,5.532580375671387,50,0.1,12.0,0.5,y_bar,0.7266900539398193,0.00704036233946681,0.7266908884048462,0.008018896915018559,0.7266900539398193,0.00704036233946681,0.00867746863514185,12.0,0.5,M12_eta0.5
NOG,10000,588,49.0,302080,147456,588,6.283205270767212,50,0.1,12.0,0.5,y_bar,0.726463258266449,0.008494170382618904,0.7264454960823059,0.006617726758122444,0.726463258266449,0.008494170382618904,0.008616497740149498,12.0,0.5,M12_eta0.5
NOG,10000,660,55.0,338944,163840,660,7.029711008071899,50,0.1,12.0,0.5,y_bar,0.7262645363807678,0.00796715822070837,0.7262469530105591,0.0069074551574885845,0.7262645363807678,0.00796715822070837,0.00787285529077053,12.0,0.5,M12_eta0.5
NOG,10000,732,61.0,375808,180224,732,7.774422883987427,50,0.1,12.0,0.5,y_bar,0.7260982990264893,0.007642269600182772,0.7260822653770447,0.0079793781042099,0.7260982990264893,0.007642269600182772,0.0073557524010539055,12.0,0.5,M12_eta0.5
NOG,10000,804,67.0,412672,196608,804,8.45430302619934,50,0.1,12.0,0.5,y_bar,0.7259455323219299,0.007436246611177921,0.7259521484375,0.007337762042880058,0.7259455323219299,0.007436246611177921,0.0068907905369997025,12.0,0.5,M12_eta0.5
NOG,10000,876,73.0,449536,212992,876,9.129109621047974,50,0.1,12.0,0.5,y_bar,0.7257660627365112,0.007810164708644152,0.7257503271102905,0.006347084883600473,0.7257660627365112,0.007810164708644152,0.00872523058205843,12.0,0.5,M12_eta0.5
NOG,10000,948,79.0,486400,229376,948,9.817456483840942,50,0.1,12.0,0.5,y_bar,0.7255387902259827,0.0062906574457883835,0.7255094647407532,0.006138913333415985,0.7255387902259827,0.0062906574457883835,0.008487616665661335,12.0,0.5,M12_eta0.5
NOG,10000,960,80.0,492544,245760,960,10.048727035522461,50,0.1,12.0,0.5,y_bar,0.725500762462616,0.0069876620545983315,0.7255054712295532,0.008519010618329048,0.725500762462616,0.0069876620545983315,0.007599491626024246,12.0,0.5,M12_eta0.5
NOG,10000,16,1.0,9216,16384,16,0.25814056396484375,50,0.1,16.0,0.1,y_bar,0.7281870245933533,0.010730243287980556,0.7281683683395386,0.009055586531758308,0.7281870245933533,0.010730243287980556,0.008774333633482456,16.0,0.1,M16_eta0.1
NOG,10000,80,5.0,41984,32768,80,0.9264833927154541,50,0.1,16.0,0.1,y_bar,0.7276723980903625,0.008243261836469173,0.7276462912559509,0.006924058776348829,0.7276723980903625,0.008243261836469173,0.005928424187004566,16.0,0.1,M16_eta0.1
NOG,10000,144,9.0,74752,49152,144,1.604285717010498,50,0.1,16.0,0.1,y_bar,0.7270663380622864,0.007834123447537422,0.7269856333732605,0.008163338527083397,0.7270663380622864,0.007834123447537422,0.006986387073993683,16.0,0.1,M16_eta0.1
NOG,10000,208,13.0,107520,65536,208,2.237884759902954,50,0.1,16.0,0.1,y_bar,0.7264894843101501,0.007475919555872679,0.7264436483383179,0.0071157896891236305,0.7264894843101501,0.007475919555872679,0.006714991293847561,16.0,0.1,M16_eta0.1
NOG,10000,272,17.0,140288,81920,272,2.8550922870635986,50,0.1,16.0,0.1,y_bar,0.7260022163391113,0.006751313339918852,0.7259390950202942,0.008261292241513729,0.7260022163391113,0.006751313339918852,0.006924519315361977,16.0,0.1,M16_eta0.1
NOG,10000,336,21.0,173056,98304,336,3.4905588626861572,50,0.1,16.0,0.1,y_bar,0.7255075573921204,0.008109386079013348,0.7254462838172913,0.007804496213793755,0.7255075573921204,0.008109386079013348,0.008015817031264305,16.0,0.1,M16_eta0.1
NOG,10000,400,25.0,205824,114688,400,4.007207155227661,50,0.1,16.0,0.1,y_bar,0.7249130010604858,0.005876692943274975,0.7248924970626831,0.007863322272896767,0.7249130010604858,0.005876692943274975,0.006468498148024082,16.0,0.1,M16_eta0.1
NOG,10000,464,29.0,238592,131072,464,4.533293724060059,50,0.1,16.0,0.1,y_bar,0.724518895149231,0.00668221153318882,0.724473237991333,0.007783669047057629,0.724518895149231,0.00668221153318882,0.007831745781004429,16.0,0.1,M16_eta0.1
NOG,10000,528,33.0,271360,147456,528,5.169208526611328,50,0.1,16.0,0.1,y_bar,0.7240746021270752,0.006806899793446064,0.7240034937858582,0.007652992382645607,0.7240746021270752,0.006806899793446064,0.006524607073515654,16.0,0.1,M16_eta0.1
NOG,10000,592,37.0,304128,163840,592,5.802368879318237,50,0.1,16.0,0.1,y_bar,0.7236040830612183,0.007566091138869524,0.7235515713691711,0.009044383652508259,0.7236040830612183,0.007566091138869524,0.007761500775814056,16.0,0.1,M16_eta0.1
NOG,10000,656,41.0,336896,180224,656,6.493147850036621,50,0.1,16.0,0.1,y_bar,0.7231833338737488,0.009121643379330635,0.7231252193450928,0.007010035682469606,0.7231833338737488,0.009121643379330635,0.008264592848718166,16.0,0.1,M16_eta0.1
NOG,10000,720,45.0,369664,196608,720,7.143805980682373,50,0.1,16.0,0.1,y_bar,0.7227210402488708,0.00904258992522955,0.7226877212524414,0.006719921715557575,0.7227210402488708,0.00904258992522955,0.00711500970646739,16.0,0.1,M16_eta0.1
NOG,10000,784,49.0,402432,212992,784,7.776381015777588,50,0.1,16.0,0.1,y_bar,0.7224522829055786,0.006475550588220358,0.7224025726318359,0.0067041190341115,0.7224522829055786,0.006475550588220358,0.0071496739983558655,16.0,0.1,M16_eta0.1
NOG,10000,848,53.0,435200,229376,848,8.417045593261719,50,0.1,16.0,0.1,y_bar,0.7220406532287598,0.005320984870195389,0.7220250368118286,0.007449427619576454,0.7220406532287598,0.005320984870195389,0.007116127293556929,16.0,0.1,M16_eta0.1
NOG,10000,912,57.0,467968,245760,912,9.090566396713257,50,0.1,16.0,0.1,y_bar,0.7217843532562256,0.007443228270858526,0.7217304706573486,0.00708096893504262,0.7217843532562256,0.007443228270858526,0.0063623390160501,16.0,0.1,M16_eta0.1
NOG,10000,960,60.0,492544,262144,960,9.579253196716309,50,0.1,16.0,0.1,y_bar,0.7215174436569214,0.008025123737752438,0.7215133309364319,0.007677897345274687,0.7215174436569214,0.008025123737752438,0.0071425545029342175,16.0,0.1,M16_eta0.1
NOG,10000,16,1.0,9216,16384,16,0.2592458724975586,50,0.1,16.0,0.2,y_bar,0.7281535863876343,0.010805830359458923,0.7281350493431091,0.009307884611189365,0.7281535863876343,0.010805830359458923,0.009048190899193287,16.0,0.2,M16_eta0.2
NOG,10000,80,5.0,41984,32768,80,0.9012115001678467,50,0.1,16.0,0.2,y_bar,0.7279456257820129,0.008459021337330341,0.7279359102249146,0.0069444747641682625,0.7279456257820129,0.008459021337330341,0.006063115783035755,16.0,0.2,M16_eta0.2
NOG,10000,144,9.0,74752,49152,144,1.4869673252105713,50,0.1,16.0,0.2,y_bar,0.7277433276176453,0.007826993241906166,0.7277065515518188,0.007692315615713596,0.7277433276176453,0.007826993241906166,0.00621134415268898,16.0,0.2,M16_eta0.2
NOG,10000,208,13.0,107520,65536,208,2.049165964126587,50,0.1,16.0,0.2,y_bar,0.7275072336196899,0.007487278897315264,0.7274854779243469,0.006776933558285236,0.7275072336196899,0.007487278897315264,0.007120208814740181,16.0,0.2,M16_eta0.2
NOG,10000,272,17.0,140288,81920,272,2.6443049907684326,50,0.1,16.0,0.2,y_bar,0.727264404296875,0.007072967942804098,0.7272229790687561,0.007756134029477835,0.727264404296875,0.007072967942804098,0.007107310462743044,16.0,0.2,M16_eta0.2
NOG,10000,336,21.0,173056,98304,336,3.2433252334594727,50,0.1,16.0,0.2,y_bar,0.7269731163978577,0.007562840823084116,0.7269313335418701,0.007725006900727749,0.7269731163978577,0.007562840823084116,0.008190372958779335,16.0,0.2,M16_eta0.2
NOG,10000,400,25.0,205824,114688,400,3.8548896312713623,50,0.1,16.0,0.2,y_bar,0.7267615795135498,0.006394715514034033,0.7267536520957947,0.006863763555884361,0.7267615795135498,0.006394715514034033,0.0073266117833554745,16.0,0.2,M16_eta0.2
NOG,10000,464,29.0,238592,131072,464,4.4570393562316895,50,0.1,16.0,0.2,y_bar,0.7265877723693848,0.00654656020924449,0.7265625596046448,0.007420729845762253,0.7265877723693848,0.00654656020924449,0.007663102354854345,16.0,0.2,M16_eta0.2
NOG,10000,528,33.0,271360,147456,528,5.09074330329895,50,0.1,16.0,0.2,y_bar,0.7263070940971375,0.007071382366120815,0.7262618541717529,0.006617939565330744,0.7263070940971375,0.007071382366120815,0.006680500693619251,16.0,0.2,M16_eta0.2
NOG,10000,592,37.0,304128,163840,592,5.7290358543396,50,0.1,16.0,0.2,y_bar,0.7260962724685669,0.007562341168522835,0.726051390171051,0.00832115113735199,0.7260962724685669,0.007562341168522835,0.008381354622542858,16.0,0.2,M16_eta0.2
NOG,10000,656,41.0,336896,180224,656,6.337790489196777,50,0.1,16.0,0.2,y_bar,0.7258665561676025,0.008332972414791584,0.7258453369140625,0.00704958476126194,0.7258665561676025,0.008332972414791584,0.00721818907186389,16.0,0.2,M16_eta0.2
NOG,10000,720,45.0,369664,196608,720,6.948454141616821,50,0.1,16.0,0.2,y_bar,0.7256369590759277,0.0085820984095335,0.7256121039390564,0.006918027065694332,0.7256369590759277,0.0085820984095335,0.007992924191057682,16.0,0.2,M16_eta0.2
NOG,10000,784,49.0,402432,212992,784,7.579740285873413,50,0.1,16.0,0.2,y_bar,0.7254490852355957,0.007087512873113155,0.7254311442375183,0.007009223569184542,0.7254490852355957,0.007087512873113155,0.0066468301229178905,16.0,0.2,M16_eta0.2
NOG,10000,848,53.0,435200,229376,848,8.241233587265015,50,0.1,16.0,0.2,y_bar,0.7252501249313354,0.006816329434514046,0.7252236604690552,0.007080342620611191,0.7252501249313354,0.006816329434514046,0.007309939246624708,16.0,0.2,M16_eta0.2
NOG,10000,912,57.0,467968,245760,912,8.854244709014893,50,0.1,16.0,0.2,y_bar,0.7250633239746094,0.006423581391572952,0.7250477075576782,0.008230479434132576,0.7250633239746094,0.006423581391572952,0.006699773482978344,16.0,0.2,M16_eta0.2
NOG,10000,960,60.0,492544,262144,960,9.408686876296997,50,0.1,16.0,0.2,y_bar,0.7249316573143005,0.007407409138977528,0.7249181270599365,0.006356222555041313,0.7249316573143005,0.007407409138977528,0.006983238272368908,16.0,0.2,M16_eta0.2
NOG,10000,16,1.0,9216,16384,16,0.22046589851379395,50,0.1,16.0,0.3,y_bar,0.7281449437141418,0.010849342681467533,0.7281286120414734,0.009409739635884762,0.7281449437141418,0.010849342681467533,0.009347623214125633,16.0,0.3,M16_eta0.3
NOG,10000,80,5.0,41984,32768,80,0.7969927787780762,50,0.1,16.0,0.3,y_bar,0.7279943823814392,0.008715723641216755,0.7279860973358154,0.0069171288050711155,0.7279943823814392,0.008715723641216755,0.006460153963416815,16.0,0.3,M16_eta0.3
NOG,10000,144,9.0,74752,49152,144,1.4960649013519287,50,0.1,16.0,0.3,y_bar,0.7278532385826111,0.007673757150769234,0.7278242707252502,0.007752707693725824,0.7278532385826111,0.007673757150769234,0.006281531415879726,16.0,0.3,M16_eta0.3
NOG,10000,208,13.0,107520,65536,208,2.100541591644287,50,0.1,16.0,0.3,y_bar,0.7277110815048218,0.007320948410779238,0.7276938557624817,0.006467646919190884,0.7277110815048218,0.007320948410779238,0.006987016182392836,16.0,0.3,M16_eta0.3
NOG,10000,272,17.0,140288,81920,272,2.697234869003296,50,0.1,16.0,0.3,y_bar,0.7275581359863281,0.006749450229108334,0.7275273203849792,0.007303111255168915,0.7275581359863281,0.006749450229108334,0.00714031932875514,16.0,0.3,M16_eta0.3
NOG,10000,336,21.0,173056,98304,336,3.3588929176330566,50,0.1,16.0,0.3,y_bar,0.7273659110069275,0.007435362786054611,0.7273384928703308,0.0075622680597007275,0.7273659110069275,0.007435362786054611,0.00848233513534069,16.0,0.3,M16_eta0.3
NOG,10000,400,25.0,205824,114688,400,3.928835391998291,50,0.1,16.0,0.3,y_bar,0.7272260189056396,0.006301609333604574,0.7272082567214966,0.006551166530698538,0.7272260189056396,0.006301609333604574,0.0071363626047968864,16.0,0.3,M16_eta0.3
NOG,10000,464,29.0,238592,131072,464,4.4880242347717285,50,0.1,16.0,0.3,y_bar,0.7270751595497131,0.006597297731786966,0.7270509600639343,0.007285038474947214,0.7270751595497131,0.006597297731786966,0.007513107731938362,16.0,0.3,M16_eta0.3
NOG,10000,528,33.0,271360,147456,528,5.173565864562988,50,0.1,16.0,0.3,y_bar,0.7268709540367126,0.007644730154424906,0.7268373966217041,0.0067097642458975315,0.7268709540367126,0.007644730154424906,0.007049062289297581,16.0,0.3,M16_eta0.3
NOG,10000,592,37.0,304128,163840,592,5.793091297149658,50,0.1,16.0,0.3,y_bar,0.7266992926597595,0.007142255548387766,0.7266645431518555,0.007863124832510948,0.7266992926597595,0.007142255548387766,0.008022147230803967,16.0,0.3,M16_eta0.3
NOG,10000,656,41.0,336896,180224,656,6.3688812255859375,50,0.1,16.0,0.3,y_bar,0.7265368103981018,0.00813857838511467,0.7265286445617676,0.00698288157582283,0.7265368103981018,0.00813857838511467,0.006932483986020088,16.0,0.3,M16_eta0.3
NOG,10000,720,45.0,369664,196608,720,7.007641315460205,50,0.1,16.0,0.3,y_bar,0.7264005541801453,0.008726486004889011,0.7263836860656738,0.007011966314166784,0.7264005541801453,0.008726486004889011,0.008335236459970474,16.0,0.3,M16_eta0.3
NOG,10000,784,49.0,402432,212992,784,7.724524259567261,50,0.1,16.0,0.3,y_bar,0.7262747287750244,0.007355026435106993,0.7262579202651978,0.0074195098131895065,0.7262747287750244,0.007355026435106993,0.006804217118769884,16.0,0.3,M16_eta0.3
NOG,10000,848,53.0,435200,229376,848,8.301513671875,50,0.1,16.0,0.3,y_bar,0.7261332273483276,0.006817423738539219,0.7261046171188354,0.007258405908942223,0.7261332273483276,0.006817423738539219,0.007519690785557032,16.0,0.3,M16_eta0.3
NOG,10000,912,57.0,467968,245760,912,8.856336116790771,50,0.1,16.0,0.3,y_bar,0.725964367389679,0.006590573582798243,0.7259477972984314,0.008666097186505795,0.725964367389679,0.006590573582798243,0.006515475921332836,16.0,0.3,M16_eta0.3
NOG,10000,960,60.0,492544,262144,960,9.27918267250061,50,0.1,16.0,0.3,y_bar,0.7258620858192444,0.007878928445279598,0.7258469462394714,0.006086441222578287,0.7258620858192444,0.007878928445279598,0.00686818640679121,16.0,0.3,M16_eta0.3
NOG,10000,16,1.0,9216,16384,16,0.2414999008178711,50,0.1,16.0,0.5,y_bar,0.7281399369239807,0.010897516272962093,0.7281257510185242,0.009537646546959877,0.7281399369239807,0.010897516272962093,0.009491880424320698,16.0,0.5,M16_eta0.5
NOG,10000,80,5.0,41984,32768,80,0.9904537200927734,50,0.1,16.0,0.5,y_bar,0.7280207276344299,0.009088407270610332,0.7280129194259644,0.007103195413947105,0.7280207276344299,0.009088407270610332,0.006684872787445784,16.0,0.5,M16_eta0.5
NOG,10000,144,9.0,74752,49152,144,1.5903551578521729,50,0.1,16.0,0.5,y_bar,0.7279056310653687,0.007811053190380335,0.7278828024864197,0.007824064232409,0.7279056310653687,0.007811053190380335,0.006382090505212545,16.0,0.5,M16_eta0.5
NOG,10000,208,13.0,107520,65536,208,2.169098377227783,50,0.1,16.0,0.5,y_bar,0.7278029918670654,0.007229125127196312,0.7277935743331909,0.006386786233633757,0.7278029918670654,0.007229125127196312,0.007027928717434406,16.0,0.5,M16_eta0.5
NOG,10000,272,17.0,140288,81920,272,2.7396955490112305,50,0.1,16.0,0.5,y_bar,0.7276942729949951,0.006633900571614504,0.7276726961135864,0.007224292494356632,0.7276942729949951,0.006633900571614504,0.007120713125914335,16.0,0.5,M16_eta0.5
NOG,10000,336,21.0,173056,98304,336,3.3619496822357178,50,0.1,16.0,0.5,y_bar,0.7275545597076416,0.0075278072617948055,0.7275363802909851,0.007337110582739115,0.7275545597076416,0.0075278072617948055,0.008456620387732983,16.0,0.5,M16_eta0.5
NOG,10000,400,25.0,205824,114688,400,4.013987302780151,50,0.1,16.0,0.5,y_bar,0.7274711728096008,0.006229030899703503,0.7274585366249084,0.006395578384399414,0.7274711728096008,0.006229030899703503,0.006888044998049736,16.0,0.5,M16_eta0.5
NOG,10000,464,29.0,238592,131072,464,4.661409616470337,50,0.1,16.0,0.5,y_bar,0.7273656725883484,0.006592001765966415,0.7273454070091248,0.007163797505199909,0.7273656725883484,0.006592001765966415,0.007851136848330498,16.0,0.5,M16_eta0.5
NOG,10000,528,33.0,271360,147456,528,5.200149059295654,50,0.1,16.0,0.5,y_bar,0.7272151112556458,0.00763993663713336,0.7271823883056641,0.006930530536919832,0.7272151112556458,0.00763993663713336,0.007113187108188868,16.0,0.5,M16_eta0.5
NOG,10000,592,37.0,304128,163840,592,5.762638807296753,50,0.1,16.0,0.5,y_bar,0.7270812392234802,0.0073096477426588535,0.7270544171333313,0.00788907054811716,0.7270812392234802,0.0073096477426588535,0.007867582142353058,16.0,0.5,M16_eta0.5
NOG,10000,656,41.0,336896,180224,656,6.353939533233643,50,0.1,16.0,0.5,y_bar,0.7269384264945984,0.008131513372063637,0.7269299030303955,0.007108412683010101,0.7269384264945984,0.008131513372063637,0.00692688999697566,16.0,0.5,M16_eta0.5
NOG,10000,720,45.0,369664,196608,720,6.938470125198364,50,0.1,16.0,0.5,y_bar,0.7268257141113281,0.008959525264799595,0.7268018126487732,0.007066093850880861,0.7268257141113281,0.008959525264799595,0.008403240703046322,16.0,0.5,M16_eta0.5
NOG,10000,784,49.0,402432,212992,784,7.636380195617676,50,0.1,16.0,0.5,y_bar,0.7267037034034729,0.00732403201982379,0.726684033870697,0.007631830405443907,0.7267037034034729,0.00732403201982379,0.006970809306949377,16.0,0.5,M16_eta0.5
NOG,10000,848,53.0,435200,229376,848,8.315448999404907,50,0.1,16.0,0.5,y_bar,0.726577877998352,0.00688538420945406,0.7265616655349731,0.00738193653523922,0.726577877998352,0.00688538420945406,0.007336167618632317,16.0,0.5,M16_eta0.5
NOG,10000,912,57.0,467968,245760,912,8.916474103927612,50,0.1,16.0,0.5,y_bar,0.7264542579650879,0.006806623190641403,0.7264434695243835,0.008829283528029919,0.7264542579650879,0.006806623190641403,0.006449425593018532,16.0,0.5,M16_eta0.5
NOG,10000,960,60.0,492544,262144,960,9.383403062820435,50,0.1,16.0,0.5,y_bar,0.7263778448104858,0.007671252824366093,0.7263703346252441,0.005812108516693115,0.7263778448104858,0.007671252824366093,0.006752837914973497,16.0,0.5,M16_eta0.5
SmoothedSGD,20000,1,,512,8192,1,0.0735616683959961,50,0.1,,0.05,x,0.728122353553772,0.01043266337364912,0.728122353553772,0.01043266337364912,,,,,0.05,SmoothedSGD
SmoothedSGD,20000,64,,32768,16384,64,0.5607607364654541,50,0.1,,0.05,x,0.728081464767456,0.008948451839387417,0.728081464767456,0.008948451839387417,,,,,0.05,SmoothedSGD
SmoothedSGD,20000,128,,65536,24576,128,1.094696283340454,50,0.1,,0.05,x,0.7280488610267639,0.008326130919158459,0.7280488610267639,0.008326130919158459,,,,,0.05,SmoothedSGD
SmoothedSGD,20000,192,,98304,32768,192,1.6507582664489746,50,0.1,,0.05,x,0.7280129194259644,0.008138991892337799,0.7280129194259644,0.008138991892337799,,,,,0.05,SmoothedSGD
SmoothedSGD,20000,256,,131072,40960,256,2.202125072479248,50,0.1,,0.05,x,0.727975070476532,0.007414993830025196,0.727975070476532,0.007414993830025196,,,,,0.05,SmoothedSGD
SmoothedSGD,20000,320,,163840,49152,320,2.7872726917266846,50,0.1,,0.05,x,0.7279358506202698,0.008482608944177628,0.7279358506202698,0.008482608944177628,,,,,0.05,SmoothedSGD
SmoothedSGD,20000,384,,196608,57344,384,3.379061460494995,50,0.1,,0.05,x,0.7278985977172852,0.007691880222409964,0.7278985977172852,0.007691880222409964,,,,,0.05,SmoothedSGD
SmoothedSGD,20000,448,,229376,65536,448,3.943366765975952,50,0.1,,0.05,x,0.7278740406036377,0.0064078448340296745,0.7278740406036377,0.0064078448340296745,,,,,0.05,SmoothedSGD
SmoothedSGD,20000,512,,262144,73728,512,4.522696256637573,50,0.1,,0.05,x,0.7278406620025635,0.007695082109421492,0.7278406620025635,0.007695082109421492,,,,,0.05,SmoothedSGD
SmoothedSGD,20000,576,,294912,81920,576,5.106287479400635,50,0.1,,0.05,x,0.7278002500534058,0.007402036804705858,0.7278002500534058,0.007402036804705858,,,,,0.05,SmoothedSGD
SmoothedSGD,20000,640,,327680,90112,640,5.685966491699219,50,0.1,,0.05,x,0.72777259349823,0.007430672645568848,0.72777259349823,0.007430672645568848,,,,,0.05,SmoothedSGD
SmoothedSGD,20000,704,,360448,98304,704,6.300464153289795,50,0.1,,0.05,x,0.7277361154556274,0.008118481375277042,0.7277361154556274,0.008118481375277042,,,,,0.05,SmoothedSGD
SmoothedSGD,20000,768,,393216,106496,768,6.8142969608306885,50,0.1,,0.05,x,0.7276961207389832,0.007177082356065512,0.7276961207389832,0.007177082356065512,,,,,0.05,SmoothedSGD
SmoothedSGD,20000,832,,425984,114688,832,7.313787221908569,50,0.1,,0.05,x,0.7276561260223389,0.007830370217561722,0.7276561260223389,0.007830370217561722,,,,,0.05,SmoothedSGD
SmoothedSGD,20000,896,,458752,122880,896,7.8548970222473145,50,0.1,,0.05,x,0.7276211380958557,0.006705255713313818,0.7276211380958557,0.006705255713313818,,,,,0.05,SmoothedSGD
SmoothedSGD,20000,960,,491520,131072,960,8.384199857711792,50,0.1,,0.05,x,0.7275841236114502,0.008666394278407097,0.7275841236114502,0.008666394278407097,,,,,0.05,SmoothedSGD
NOG,10001,4,1.0,3072,16384,4,0.1315288543701172,50,0.1,4.0,0.1,y_bar,0.7279772758483887,0.009889229200780392,0.7280014753341675,0.009353344328701496,0.7279772758483887,0.009889229200780392,0.01585923694074154,4.0,0.1,M4_eta0.1
NOG,10001,68,17.0,35840,32768,68,0.6577644348144531,50,0.1,4.0,0.1,y_bar,0.726372241973877,0.009189475327730179,0.726305365562439,0.007821615785360336,0.726372241973877,0.009189475327730179,0.014526286162436008,4.0,0.1,M4_eta0.1
NOG,10001,132,33.0,68608,49152,132,1.3276429176330566,50,0.1,4.0,0.1,y_bar,0.724297046661377,0.009344534017145634,0.7242100238800049,0.008560074493288994,0.724297046661377,0.009344534017145634,0.013545606285333633,4.0,0.1,M4_eta0.1
NOG,10001,196,49.0,101376,65536,196,2.0280394554138184,50,0.1,4.0,0.1,y_bar,0.7232165932655334,0.009831136092543602,0.723204493522644,0.008719637989997864,0.7232165932655334,0.009831136092543602,0.015989677980542183,4.0,0.1,M4_eta0.1
NOG,10001,260,65.0,134144,81920,260,2.71402645111084,50,0.1,4.0,0.1,y_bar,0.7227344512939453,0.010464269667863846,0.7226973176002502,0.010322628542780876,0.7227344512939453,0.010464269667863846,0.015845052897930145,4.0,0.1,M4_eta0.1
NOG,10001,324,81.0,166912,98304,324,3.3591346740722656,50,0.1,4.0,0.1,y_bar,0.7210744023323059,0.009476366452872753,0.7210706472396851,0.010079029016196728,0.7210744023323059,0.009476366452872753,0.01440923847258091,4.0,0.1,M4_eta0.1
NOG,10001,388,97.0,199680,114688,388,3.934082269668579,50,0.1,4.0,0.1,y_bar,0.7194322347640991,0.009791422635316849,0.7193307280540466,0.011318190954625607,0.7194322347640991,0.009791422635316849,0.01446468848735094,4.0,0.1,M4_eta0.1
NOG,10001,452,113.0,232448,131072,452,4.513454437255859,50,0.1,4.0,0.1,y_bar,0.7174591422080994,0.008961419574916363,0.7173947691917419,0.008070848882198334,0.7174591422080994,0.008961419574916363,0.014392802491784096,4.0,0.1,M4_eta0.1
NOG,10001,516,129.0,265216,147456,516,5.0866851806640625,50,0.1,4.0,0.1,y_bar,0.7152040600776672,0.008770084008574486,0.7151568531990051,0.01063921395689249,0.7152040600776672,0.008770084008574486,0.013151410035789013,4.0,0.1,M4_eta0.1
NOG,10001,580,145.0,297984,163840,580,5.63204026222229,50,0.1,4.0,0.1,y_bar,0.7154422998428345,0.009776529856026173,0.7155147194862366,0.009495209902524948,0.7154422998428345,0.009776529856026173,0.016866693273186684,4.0,0.1,M4_eta0.1
NOG,10001,644,161.0,330752,180224,644,6.196043014526367,50,0.1,4.0,0.1,y_bar,0.7175604104995728,0.010784902609884739,0.7174975275993347,0.011797831393778324,0.7175604104995728,0.010784902609884739,0.016373993828892708,4.0,0.1,M4_eta0.1
NOG,10001,708,177.0,363520,196608,708,6.854605436325073,50,0.1,4.0,0.1,y_bar,0.71552973985672,0.009932618588209152,0.7154732942581177,0.007635190151631832,0.71552973985672,0.009932618588209152,0.015033465810120106,4.0,0.1,M4_eta0.1
NOG,10001,772,193.0,396288,212992,772,7.538038730621338,50,0.1,4.0,0.1,y_bar,0.7163465619087219,0.010817117989063263,0.7163820862770081,0.011341733857989311,0.7163465619087219,0.010817117989063263,0.016924334689974785,4.0,0.1,M4_eta0.1
NOG,10001,836,209.0,429056,229376,836,8.279726266860962,50,0.1,4.0,0.1,y_bar,0.7158772945404053,0.011137534864246845,0.7157908082008362,0.009936271235346794,0.7158772945404053,0.011137534864246845,0.014315067790448666,4.0,0.1,M4_eta0.1
NOG,10001,900,225.0,461824,245760,900,8.992542743682861,50,0.1,4.0,0.1,y_bar,0.7160303592681885,0.009178436361253262,0.7160423398017883,0.009848728775978088,0.7160303592681885,0.009178436361253262,0.015157008543610573,4.0,0.1,M4_eta0.1
NOG,10001,960,240.0,492544,262144,960,9.598331212997437,50,0.1,4.0,0.1,y_bar,0.7152316570281982,0.008622257970273495,0.7153254747390747,0.009373024106025696,0.7152316570281982,0.008622257970273495,0.013100656680762768,4.0,0.1,M4_eta0.1
NOG,10001,4,1.0,3072,16384,4,0.15534663200378418,50,0.1,4.0,0.2,y_bar,0.7280213236808777,0.00986048486083746,0.7280676364898682,0.009032413363456726,0.7280213236808777,0.00986048486083746,0.015550477430224419,4.0,0.2,M4_eta0.2
NOG,10001,68,17.0,35840,32768,68,0.6986908912658691,50,0.1,4.0,0.2,y_bar,0.726189136505127,0.009204551577568054,0.7260555624961853,0.007811515126377344,0.726189136505127,0.009204551577568054,0.015404559671878815,4.0,0.2,M4_eta0.2
NOG,10001,132,33.0,68608,49152,132,1.2704970836639404,50,0.1,4.0,0.2,y_bar,0.7237546443939209,0.009460275061428547,0.7237139940261841,0.008053945377469063,0.7237546443939209,0.009460275061428547,0.013095919974148273,4.0,0.2,M4_eta0.2
NOG,10001,196,49.0,101376,65536,196,1.8205170631408691,50,0.1,4.0,0.2,y_bar,0.7227609753608704,0.00972482655197382,0.7226996421813965,0.009795848280191422,0.7227609753608704,0.00972482655197382,0.016447873786091805,4.0,0.2,M4_eta0.2
NOG,10001,260,65.0,134144,81920,260,2.3683998584747314,50,0.1,4.0,0.2,y_bar,0.7219204902648926,0.008895567618310452,0.7219216823577881,0.009754849597811699,0.7219204902648926,0.008895567618310452,0.01653512381017208,4.0,0.2,M4_eta0.2
NOG,10001,324,81.0,166912,98304,324,2.958216428756714,50,0.1,4.0,0.2,y_bar,0.7211913466453552,0.007741163484752178,0.7211369872093201,0.00895179994404316,0.7211913466453552,0.007741163484752178,0.013527094386518002,4.0,0.2,M4_eta0.2
NOG,10001,388,97.0,199680,114688,388,3.5460891723632812,50,0.1,4.0,0.2,y_bar,0.719591498374939,0.00787443295121193,0.7196077108383179,0.009392648003995419,0.719591498374939,0.00787443295121193,0.016072532162070274,4.0,0.2,M4_eta0.2
NOG,10001,452,113.0,232448,131072,452,4.210595369338989,50,0.1,4.0,0.2,y_bar,0.71885746717453,0.0086372010409832,0.7188512086868286,0.008933227509260178,0.71885746717453,0.0086372010409832,0.012884444557130337,4.0,0.2,M4_eta0.2
NOG,10001,516,129.0,265216,147456,516,4.824381589889526,50,0.1,4.0,0.2,y_bar,0.718669056892395,0.0069723729975521564,0.7186873555183411,0.008678311482071877,0.718669056892395,0.0069723729975521564,0.011977571062743664,4.0,0.2,M4_eta0.2
NOG,10001,580,145.0,297984,163840,580,5.458921909332275,50,0.1,4.0,0.2,y_bar,0.717380166053772,0.00854579545557499,0.7173043489456177,0.007874579168856144,0.717380166053772,0.00854579545557499,0.016134658828377724,4.0,0.2,M4_eta0.2
NOG,10001,644,161.0,330752,180224,644,6.121406316757202,50,0.1,4.0,0.2,y_bar,0.7165964245796204,0.008785771206021309,0.716587483882904,0.008364588022232056,0.7165964245796204,0.008785771206021309,0.012810244224965572,4.0,0.2,M4_eta0.2
NOG,10001,708,177.0,363520,196608,708,6.8201048374176025,50,0.1,4.0,0.2,y_bar,0.7155070304870605,0.008089498616755009,0.7155240178108215,0.007824474014341831,0.7155070304870605,0.008089498616755009,0.015951456502079964,4.0,0.2,M4_eta0.2
NOG,10001,772,193.0,396288,212992,772,7.494810342788696,50,0.1,4.0,0.2,y_bar,0.7150945663452148,0.008388207294046879,0.7150917649269104,0.007336189039051533,0.7150945663452148,0.008388207294046879,0.017242370173335075,4.0,0.2,M4_eta0.2
NOG,10001,836,209.0,429056,229376,836,8.059015035629272,50,0.1,4.0,0.2,y_bar,0.7147478461265564,0.009737701155245304,0.7148340940475464,0.006693831644952297,0.7147478461265564,0.009737701155245304,0.012932206504046917,4.0,0.2,M4_eta0.2
NOG,10001,900,225.0,461824,245760,900,8.636815309524536,50,0.1,4.0,0.2,y_bar,0.7149539589881897,0.007907490245997906,0.7149938344955444,0.008529708720743656,0.7149539589881897,0.007907490245997906,0.01578284427523613,4.0,0.2,M4_eta0.2
NOG,10001,960,240.0,492544,262144,960,9.183205604553223,50,0.1,4.0,0.2,y_bar,0.7144610285758972,0.00955464318394661,0.7144445776939392,0.008045471273362637,0.7144610285758972,0.00955464318394661,0.015410166233778,4.0,0.2,M4_eta0.2
NOG,10001,4,1.0,3072,16384,4,0.1509537696838379,50,0.1,4.0,0.3,y_bar,0.7280623316764832,0.00982666015625,0.7281271815299988,0.008933666162192822,0.7280623316764832,0.00982666015625,0.015389426611363888,4.0,0.3,M4_eta0.3
NOG,10001,68,17.0,35840,32768,68,0.7226290702819824,50,0.1,4.0,0.3,y_bar,0.7260810732841492,0.00973839033395052,0.7259469628334045,0.0077103134244680405,0.7260810732841492,0.00973839033395052,0.014967558905482292,4.0,0.3,M4_eta0.3
NOG,10001,132,33.0,68608,49152,132,1.299522876739502,50,0.1,4.0,0.3,y_bar,0.7243984937667847,0.009507373906672001,0.7243643999099731,0.00813991203904152,0.7243984937667847,0.009507373906672001,0.01317696925252676,4.0,0.3,M4_eta0.3
NOG,10001,196,49.0,101376,65536,196,1.8737123012542725,50,0.1,4.0,0.3,y_bar,0.7233760952949524,0.008491522632539272,0.723291277885437,0.009163334034383297,0.7233760952949524,0.008491522632539272,0.015503734350204468,4.0,0.3,M4_eta0.3
NOG,10001,260,65.0,134144,81920,260,2.4761173725128174,50,0.1,4.0,0.3,y_bar,0.7221604585647583,0.009820623323321342,0.7221643328666687,0.009812669828534126,0.7221604585647583,0.009820623323321342,0.0158208180218935,4.0,0.3,M4_eta0.3
NOG,10001,324,81.0,166912,98304,324,3.1114273071289062,50,0.1,4.0,0.3,y_bar,0.7213542461395264,0.006861820351332426,0.7213114500045776,0.008812238462269306,0.7213542461395264,0.006861820351332426,0.013318061828613281,4.0,0.3,M4_eta0.3
NOG,10001,388,97.0,199680,114688,388,3.792748212814331,50,0.1,4.0,0.3,y_bar,0.7202480435371399,0.006738986354321241,0.7201703190803528,0.009403134696185589,0.7202480435371399,0.006738986354321241,0.0172136090695858,4.0,0.3,M4_eta0.3
NOG,10001,452,113.0,232448,131072,452,4.3986570835113525,50,0.1,4.0,0.3,y_bar,0.7199093699455261,0.008205659687519073,0.7198498845100403,0.008126982487738132,0.7199093699455261,0.008205659687519073,0.014521380886435509,4.0,0.3,M4_eta0.3
NOG,10001,516,129.0,265216,147456,516,5.083326101303101,50,0.1,4.0,0.3,y_bar,0.7196547985076904,0.007329972926527262,0.7195720672607422,0.009212215431034565,0.7196547985076904,0.007329972926527262,0.012913953512907028,4.0,0.3,M4_eta0.3
NOG,10001,580,145.0,297984,163840,580,5.737968683242798,50,0.1,4.0,0.3,y_bar,0.7186942100524902,0.008219397626817226,0.7186155319213867,0.007896910421550274,0.7186942100524902,0.008219397626817226,0.014285935088992119,4.0,0.3,M4_eta0.3
NOG,10001,644,161.0,330752,180224,644,6.412336587905884,50,0.1,4.0,0.3,y_bar,0.7183190584182739,0.008158066309988499,0.7183395028114319,0.008993885479867458,0.7183190584182739,0.008158066309988499,0.011184093542397022,4.0,0.3,M4_eta0.3
NOG,10001,708,177.0,363520,196608,708,7.012445449829102,50,0.1,4.0,0.3,y_bar,0.7172248959541321,0.00832693837583065,0.7172145843505859,0.00869831070303917,0.7172248959541321,0.00832693837583065,0.015325218439102173,4.0,0.3,M4_eta0.3
NOG,10001,772,193.0,396288,212992,772,7.569305419921875,50,0.1,4.0,0.3,y_bar,0.7166710495948792,0.008958178572356701,0.7166106104850769,0.009323417209088802,0.7166710495948792,0.008958178572356701,0.016040930524468422,4.0,0.3,M4_eta0.3
NOG,10001,836,209.0,429056,229376,836,8.140523672103882,50,0.1,4.0,0.3,y_bar,0.7157637476921082,0.008910244330763817,0.7157521843910217,0.007407519966363907,0.7157637476921082,0.008910244330763817,0.013438424095511436,4.0,0.3,M4_eta0.3
NOG,10001,900,225.0,461824,245760,900,8.711175441741943,50,0.1,4.0,0.3,y_bar,0.7149870991706848,0.008824219927191734,0.7150078415870667,0.008948789909482002,0.7149870991706848,0.008824219927191734,0.01334059052169323,4.0,0.3,M4_eta0.3
NOG,10001,960,240.0,492544,262144,960,9.244582653045654,50,0.1,4.0,0.3,y_bar,0.7149887681007385,0.008472111076116562,0.7149605751037598,0.008000402711331844,0.7149887681007385,0.008472111076116562,0.0135147450491786,4.0,0.3,M4_eta0.3
NOG,10001,4,1.0,3072,16384,4,0.13537383079528809,50,0.1,4.0,0.5,y_bar,0.7280658483505249,0.009861181490123272,0.728120744228363,0.00891182478517294,0.7280658483505249,0.009861181490123272,0.015324028208851814,4.0,0.5,M4_eta0.5
NOG,10001,68,17.0,35840,32768,68,0.6856615543365479,50,0.1,4.0,0.5,y_bar,0.7264349460601807,0.009011759422719479,0.7263758182525635,0.0069629130885005,0.7264349460601807,0.009011759422719479,0.013704398646950722,4.0,0.5,M4_eta0.5
NOG,10001,132,33.0,68608,49152,132,1.2307357788085938,50,0.1,4.0,0.5,y_bar,0.7254161238670349,0.008629054762423038,0.7253857851028442,0.007280989084392786,0.7254161238670349,0.008629054762423038,0.01319092232733965,4.0,0.5,M4_eta0.5
NOG,10001,196,49.0,101376,65536,196,1.7991244792938232,50,0.1,4.0,0.5,y_bar,0.7245750427246094,0.006763830315321684,0.724526047706604,0.007440782617777586,0.7245750427246094,0.006763830315321684,0.014873298816382885,4.0,0.5,M4_eta0.5
NOG,10001,260,65.0,134144,81920,260,2.3800837993621826,50,0.1,4.0,0.5,y_bar,0.7238968014717102,0.009359749034047127,0.723908543586731,0.008967412635684013,0.7238968014717102,0.009359749034047127,0.014648264274001122,4.0,0.5,M4_eta0.5
NOG,10001,324,81.0,166912,98304,324,3.1179914474487305,50,0.1,4.0,0.5,y_bar,0.7233524322509766,0.006651761010289192,0.7233054041862488,0.007805153261870146,0.7233524322509766,0.006651761010289192,0.011499052867293358,4.0,0.5,M4_eta0.5
NOG,10001,388,97.0,199680,114688,388,3.772679328918457,50,0.1,4.0,0.5,y_bar,0.7226369380950928,0.007118685636669397,0.7226230502128601,0.008584344759583473,0.7226369380950928,0.007118685636669397,0.016969691962003708,4.0,0.5,M4_eta0.5
NOG,10001,452,113.0,232448,131072,452,4.432153224945068,50,0.1,4.0,0.5,y_bar,0.722161054611206,0.008042820729315281,0.7221548557281494,0.006835531443357468,0.722161054611206,0.008042820729315281,0.013621901161968708,4.0,0.5,M4_eta0.5
NOG,10001,516,129.0,265216,147456,516,5.090466260910034,50,0.1,4.0,0.5,y_bar,0.7219713926315308,0.007388648577034473,0.7219655513763428,0.007301989011466503,0.7219713926315308,0.007388648577034473,0.013120066374540329,4.0,0.5,M4_eta0.5
NOG,10001,580,145.0,297984,163840,580,5.762029409408569,50,0.1,4.0,0.5,y_bar,0.721897304058075,0.0076480102725327015,0.7219336032867432,0.008196966722607613,0.721897304058075,0.0076480102725327015,0.014062250033020973,4.0,0.5,M4_eta0.5
NOG,10001,644,161.0,330752,180224,644,6.38800048828125,50,0.1,4.0,0.5,y_bar,0.7214715480804443,0.007820912636816502,0.7215018272399902,0.008737795986235142,0.7214715480804443,0.007820912636816502,0.012274310924112797,4.0,0.5,M4_eta0.5
NOG,10001,708,177.0,363520,196608,708,7.066657781600952,50,0.1,4.0,0.5,y_bar,0.7212733626365662,0.00794153567403555,0.7212668657302856,0.007137688342481852,0.7212733626365662,0.00794153567403555,0.01476991456001997,4.0,0.5,M4_eta0.5
NOG,10001,772,193.0,396288,212992,772,7.751069784164429,50,0.1,4.0,0.5,y_bar,0.7210672497749329,0.0076502165757119656,0.721016526222229,0.009067056700587273,0.7210672497749329,0.0076502165757119656,0.015191834419965744,4.0,0.5,M4_eta0.5
NOG,10001,836,209.0,429056,229376,836,8.34648871421814,50,0.1,4.0,0.5,y_bar,0.7206734418869019,0.008155290968716145,0.7206970453262329,0.008459465578198433,0.7206734418869019,0.008155290968716145,0.013876854442059994,4.0,0.5,M4_eta0.5
NOG,10001,900,225.0,461824,245760,900,8.931851863861084,50,0.1,4.0,0.5,y_bar,0.72027188539505,0.007604729849845171,0.7203166484832764,0.008180731907486916,0.72027188539505,0.007604729849845171,0.013017116114497185,4.0,0.5,M4_eta0.5
NOG,10001,960,240.0,492544,262144,960,9.476794481277466,50,0.1,4.0,0.5,y_bar,0.720204770565033,0.009060870856046677,0.7202306985855103,0.009485850110650063,0.720204770565033,0.009060870856046677,0.013712716288864613,4.0,0.5,M4_eta0.5
NOG,10001,8,1.0,5120,16384,8,0.1566307544708252,50,0.1,8.0,0.1,y_bar,0.7279874682426453,0.01157697569578886,0.7279999256134033,0.010229603387415409,0.7279874682426453,0.01157697569578886,0.011462066322565079,8.0,0.1,M8_eta0.1
NOG,10001,72,9.0,37888,32768,72,0.7282454967498779,50,0.1,8.0,0.1,y_bar,0.726675271987915,0.008584965020418167,0.7265903353691101,0.00725814513862133,0.726675271987915,0.008584965020418167,0.009954296983778477,8.0,0.1,M8_eta0.1
NOG,10001,136,17.0,70656,49152,136,1.321131706237793,50,0.1,8.0,0.1,y_bar,0.7254641056060791,0.00894626323133707,0.7254073023796082,0.00868318509310484,0.7254641056060791,0.00894626323133707,0.011062398552894592,8.0,0.1,M8_eta0.1
NOG,10001,200,25.0,103424,65536,200,1.8845183849334717,50,0.1,8.0,0.1,y_bar,0.7243673205375671,0.00761835090816021,0.724303126335144,0.00792459025979042,0.7243673205375671,0.00761835090816021,0.010082893073558807,8.0,0.1,M8_eta0.1
NOG,10001,264,33.0,136192,81920,264,2.432021379470825,50,0.1,8.0,0.1,y_bar,0.7235379815101624,0.007582290563732386,0.7234858870506287,0.008189423941075802,0.7235379815101624,0.007582290563732386,0.01220149826258421,8.0,0.1,M8_eta0.1
NOG,10001,328,41.0,168960,98304,328,2.939440965652466,50,0.1,8.0,0.1,y_bar,0.7227181792259216,0.007765668909996748,0.7226248979568481,0.006770252715796232,0.7227181792259216,0.007765668909996748,0.010868131183087826,8.0,0.1,M8_eta0.1
NOG,10001,392,49.0,201728,114688,392,3.448011875152588,50,0.1,8.0,0.1,y_bar,0.7219410538673401,0.00939019676297903,0.7218740582466125,0.007511165924370289,0.7219410538673401,0.00939019676297903,0.011582654900848866,8.0,0.1,M8_eta0.1
NOG,10001,456,57.0,234496,131072,456,4.020148992538452,50,0.1,8.0,0.1,y_bar,0.7215756773948669,0.008143424056470394,0.7215316891670227,0.007813979871571064,0.7215756773948669,0.008143424056470394,0.011216395534574986,8.0,0.1,M8_eta0.1
NOG,10001,520,65.0,267264,147456,520,4.743910312652588,50,0.1,8.0,0.1,y_bar,0.7210434079170227,0.008707149885594845,0.7210183143615723,0.00710750836879015,0.7210434079170227,0.008707149885594845,0.00929773598909378,8.0,0.1,M8_eta0.1
NOG,10001,584,73.0,300032,163840,584,5.334120512008667,50,0.1,8.0,0.1,y_bar,0.7206079959869385,0.009705718606710434,0.7205370664596558,0.007653829175978899,0.7206079959869385,0.009705718606710434,0.009458637796342373,8.0,0.1,M8_eta0.1
NOG,10001,648,81.0,332800,180224,648,6.053729772567749,50,0.1,8.0,0.1,y_bar,0.7200847268104553,0.008066732436418533,0.7200925946235657,0.009087294340133667,0.7200847268104553,0.008066732436418533,0.007544336840510368,8.0,0.1,M8_eta0.1
NOG,10001,712,89.0,365568,196608,712,6.686472654342651,50,0.1,8.0,0.1,y_bar,0.720005989074707,0.008011565543711185,0.7200444340705872,0.009416568093001842,0.720005989074707,0.008011565543711185,0.008859274908900261,8.0,0.1,M8_eta0.1
NOG,10001,776,97.0,398336,212992,776,7.330239534378052,50,0.1,8.0,0.1,y_bar,0.7195571660995483,0.007830721326172352,0.7195268869400024,0.008442932739853859,0.7195571660995483,0.007830721326172352,0.009216494858264923,8.0,0.1,M8_eta0.1
NOG,10001,840,105.0,431104,229376,840,7.919459819793701,50,0.1,8.0,0.1,y_bar,0.719365119934082,0.009480330161750317,0.7193208336830139,0.008405249565839767,0.719365119934082,0.009480330161750317,0.010448068380355835,8.0,0.1,M8_eta0.1
NOG,10001,904,113.0,463872,245760,904,8.455073356628418,50,0.1,8.0,0.1,y_bar,0.7184710502624512,0.007854316383600235,0.7184566855430603,0.007487424183636904,0.7184710502624512,0.007854316383600235,0.010195384733378887,8.0,0.1,M8_eta0.1
NOG,10001,960,120.0,492544,262144,960,8.9821195602417,50,0.1,8.0,0.1,y_bar,0.7179578542709351,0.008570429868996143,0.7179350256919861,0.009057680144906044,0.7179578542709351,0.008570429868996143,0.009108508937060833,8.0,0.1,M8_eta0.1
NOG,10001,8,1.0,5120,16384,8,0.17052721977233887,50,0.1,8.0,0.2,y_bar,0.7280124425888062,0.011506796814501286,0.7280052900314331,0.010055211372673512,0.7280124425888062,0.011506796814501286,0.011214017868041992,8.0,0.2,M8_eta0.2
NOG,10001,72,9.0,37888,32768,72,0.8370304107666016,50,0.1,8.0,0.2,y_bar,0.7268311977386475,0.008027436211705208,0.7267734408378601,0.006600924767553806,0.7268311977386475,0.008027436211705208,0.009523259475827217,8.0,0.2,M8_eta0.2
NOG,10001,136,17.0,70656,49152,136,1.4783730506896973,50,0.1,8.0,0.2,y_bar,0.7262502908706665,0.008779135532677174,0.7261879444122314,0.008387335576117039,0.7262502908706665,0.008779135532677174,0.010197194293141365,8.0,0.2,M8_eta0.2
NOG,10001,200,25.0,103424,65536,200,2.022268295288086,50,0.1,8.0,0.2,y_bar,0.7254265546798706,0.0066489242017269135,0.7253603935241699,0.00784193817526102,0.7254265546798706,0.0066489242017269135,0.010849020443856716,8.0,0.2,M8_eta0.2
NOG,10001,264,33.0,136192,81920,264,2.59456205368042,50,0.1,8.0,0.2,y_bar,0.7247517704963684,0.007986987009644508,0.7247538566589355,0.008370784111320972,0.7247517704963684,0.007986987009644508,0.010646450333297253,8.0,0.2,M8_eta0.2
NOG,10001,328,41.0,168960,98304,328,3.2010459899902344,50,0.1,8.0,0.2,y_bar,0.7242348790168762,0.007845963351428509,0.7242013216018677,0.007295825053006411,0.7242348790168762,0.007845963351428509,0.009693535044789314,8.0,0.2,M8_eta0.2
NOG,10001,392,49.0,201728,114688,392,3.775881767272949,50,0.1,8.0,0.2,y_bar,0.723625123500824,0.009100760333240032,0.7236067056655884,0.0075844754464924335,0.723625123500824,0.009100760333240032,0.009750120341777802,8.0,0.2,M8_eta0.2
NOG,10001,456,57.0,234496,131072,456,4.325764894485474,50,0.1,8.0,0.2,y_bar,0.723136305809021,0.008691337890923023,0.7231210470199585,0.007969830185174942,0.723136305809021,0.008691337890923023,0.010057514533400536,8.0,0.2,M8_eta0.2
NOG,10001,520,65.0,267264,147456,520,4.877870798110962,50,0.1,8.0,0.2,y_bar,0.7226487994194031,0.00849919579923153,0.7226223945617676,0.006817379500716925,0.7226487994194031,0.00849919579923153,0.0095648979768157,8.0,0.2,M8_eta0.2
NOG,10001,584,73.0,300032,163840,584,5.435760021209717,50,0.1,8.0,0.2,y_bar,0.7223619222640991,0.008171296678483486,0.7223938703536987,0.00695939501747489,0.7223619222640991,0.008171296678483486,0.010166534222662449,8.0,0.2,M8_eta0.2
NOG,10001,648,81.0,332800,180224,648,6.035580396652222,50,0.1,8.0,0.2,y_bar,0.7220464944839478,0.007434364873915911,0.7220686674118042,0.008995892480015755,0.7220464944839478,0.007434364873915911,0.006878559943288565,8.0,0.2,M8_eta0.2
NOG,10001,712,89.0,365568,196608,712,6.565416574478149,50,0.1,8.0,0.2,y_bar,0.7219007611274719,0.0074377902783453465,0.7219089269638062,0.009751830250024796,0.7219007611274719,0.0074377902783453465,0.008702004328370094,8.0,0.2,M8_eta0.2
NOG,10001,776,97.0,398336,212992,776,7.116302728652954,50,0.1,8.0,0.2,y_bar,0.72164386510849,0.0068578459322452545,0.7216199040412903,0.00801241584122181,0.72164386510849,0.0068578459322452545,0.008047452196478844,8.0,0.2,M8_eta0.2
NOG,10001,840,105.0,431104,229376,840,7.685512542724609,50,0.1,8.0,0.2,y_bar,0.7212982773780823,0.00738930469378829,0.7212962508201599,0.008406917564570904,0.7212982773780823,0.00738930469378829,0.01112790871411562,8.0,0.2,M8_eta0.2
NOG,10001,904,113.0,463872,245760,904,8.265244483947754,50,0.1,8.0,0.2,y_bar,0.7211629748344421,0.006612875033169985,0.7211870551109314,0.007311818189918995,0.7211629748344421,0.006612875033169985,0.009145497344434261,8.0,0.2,M8_eta0.2
NOG,10001,960,120.0,492544,262144,960,8.867031812667847,50,0.1,8.0,0.2,y_bar,0.7212033867835999,0.008419688791036606,0.7212502360343933,0.008032632060348988,0.7212033867835999,0.008419688791036606,0.009767147712409496,8.0,0.2,M8_eta0.2
NOG,10001,8,1.0,5120,16384,8,0.19088125228881836,50,0.1,8.0,0.3,y_bar,0.7279850840568542,0.011561224237084389,0.7279559969902039,0.010162089951336384,0.7279850840568542,0.011561224237084389,0.011179284192621708,8.0,0.3,M8_eta0.3
NOG,10001,72,9.0,37888,32768,72,0.7359774112701416,50,0.1,8.0,0.3,y_bar,0.7272047996520996,0.007806470617651939,0.7271548509597778,0.007129947189241648,0.7272047996520996,0.007806470617651939,0.009408712387084961,8.0,0.3,M8_eta0.3
NOG,10001,136,17.0,70656,49152,136,1.3147473335266113,50,0.1,8.0,0.3,y_bar,0.7267159819602966,0.008892389014363289,0.7266862988471985,0.0078265480697155,0.7267159819602966,0.008892389014363289,0.009661422111093998,8.0,0.3,M8_eta0.3
NOG,10001,200,25.0,103424,65536,200,1.920335292816162,50,0.1,8.0,0.3,y_bar,0.7262812852859497,0.007256494835019112,0.7262380123138428,0.007878589443862438,0.7262812852859497,0.007256494835019112,0.010658566839993,8.0,0.3,M8_eta0.3
NOG,10001,264,33.0,136192,81920,264,2.590773105621338,50,0.1,8.0,0.3,y_bar,0.7257974743843079,0.008168556727468967,0.7258005738258362,0.008019472472369671,0.7257974743843079,0.008168556727468967,0.010260817594826221,8.0,0.3,M8_eta0.3
NOG,10001,328,41.0,168960,98304,328,3.141857385635376,50,0.1,8.0,0.3,y_bar,0.7253291606903076,0.008642611093819141,0.7253042459487915,0.007325512822717428,0.7253291606903076,0.008642611093819141,0.009817101992666721,8.0,0.3,M8_eta0.3
NOG,10001,392,49.0,201728,114688,392,3.8303120136260986,50,0.1,8.0,0.3,y_bar,0.7248956561088562,0.008793896995484829,0.7248847484588623,0.00765986880287528,0.7248956561088562,0.008793896995484829,0.009209861978888512,8.0,0.3,M8_eta0.3
NOG,10001,456,57.0,234496,131072,456,4.514564514160156,50,0.1,8.0,0.3,y_bar,0.7244585752487183,0.008787060156464577,0.7244700789451599,0.007681619841605425,0.7244585752487183,0.008787060156464577,0.009996131993830204,8.0,0.3,M8_eta0.3
NOG,10001,520,65.0,267264,147456,520,5.2086265087127686,50,0.1,8.0,0.3,y_bar,0.7240021228790283,0.008062047883868217,0.7239972949028015,0.00847830530256033,0.7240021228790283,0.008062047883868217,0.009338748641312122,8.0,0.3,M8_eta0.3
NOG,10001,584,73.0,300032,163840,584,5.836633920669556,50,0.1,8.0,0.3,y_bar,0.7237235307693481,0.007645698264241219,0.7237403988838196,0.007674821652472019,0.7237235307693481,0.007645698264241219,0.00979592464864254,8.0,0.3,M8_eta0.3
NOG,10001,648,81.0,332800,180224,648,6.511600732803345,50,0.1,8.0,0.3,y_bar,0.7234501242637634,0.007406916003674269,0.7234271764755249,0.008327122777700424,0.7234501242637634,0.007406916003674269,0.008486663922667503,8.0,0.3,M8_eta0.3
NOG,10001,712,89.0,365568,196608,712,7.19448447227478,50,0.1,8.0,0.3,y_bar,0.7232618927955627,0.008135023526847363,0.7232796549797058,0.008897845633327961,0.7232618927955627,0.008135023526847363,0.008083093911409378,8.0,0.3,M8_eta0.3
NOG,10001,776,97.0,398336,212992,776,7.85809063911438,50,0.1,8.0,0.3,y_bar,0.7230709195137024,0.006565263960510492,0.723068118095398,0.0073549943044781685,0.7230709195137024,0.006565263960510492,0.007416245993226767,8.0,0.3,M8_eta0.3
NOG,10001,840,105.0,431104,229376,840,8.419121980667114,50,0.1,8.0,0.3,y_bar,0.7227699756622314,0.006667414680123329,0.7227630019187927,0.007101799827069044,0.7227699756622314,0.006667414680123329,0.010513111017644405,8.0,0.3,M8_eta0.3
NOG,10001,904,113.0,463872,245760,904,8.952135562896729,50,0.1,8.0,0.3,y_bar,0.7226890921592712,0.007097443100064993,0.7226856350898743,0.006843577604740858,0.7226890921592712,0.007097443100064993,0.009114466607570648,8.0,0.3,M8_eta0.3
NOG,10001,960,120.0,492544,262144,960,9.463278532028198,50,0.1,8.0,0.3,y_bar,0.722573459148407,0.007485929410904646,0.7225630879402161,0.006578974891453981,0.722573459148407,0.007485929410904646,0.009639708325266838,8.0,0.3,M8_eta0.3
NOG,10001,8,1.0,5120,16384,8,0.1531374454498291,50,0.1,8.0,0.5,y_bar,0.7279676795005798,0.01160106249153614,0.727936327457428,0.01019404549151659,0.7279676795005798,0.01160106249153614,0.011327789165079594,8.0,0.5,M8_eta0.5
NOG,10001,72,9.0,37888,32768,72,0.6991662979125977,50,0.1,8.0,0.5,y_bar,0.7275186777114868,0.007895932532846928,0.7274852395057678,0.007478761952370405,0.7275186777114868,0.007895932532846928,0.009901158511638641,8.0,0.5,M8_eta0.5
NOG,10001,136,17.0,70656,49152,136,1.2353575229644775,50,0.1,8.0,0.5,y_bar,0.7272071242332458,0.008912192657589912,0.7271732687950134,0.007849400863051414,0.7272071242332458,0.008912192657589912,0.009982343763113022,8.0,0.5,M8_eta0.5
NOG,10001,200,25.0,103424,65536,200,1.843907117843628,50,0.1,8.0,0.5,y_bar,0.7268410921096802,0.007056721020489931,0.7268331050872803,0.0078092170879244804,0.7268410921096802,0.007056721020489931,0.009760834276676178,8.0,0.5,M8_eta0.5
NOG,10001,264,33.0,136192,81920,264,2.425196409225464,50,0.1,8.0,0.5,y_bar,0.7265866994857788,0.00757588492706418,0.7265892624855042,0.008015569299459457,0.7265866994857788,0.00757588492706418,0.00978552270680666,8.0,0.5,M8_eta0.5
NOG,10001,328,41.0,168960,98304,328,2.9894773960113525,50,0.1,8.0,0.5,y_bar,0.726283609867096,0.008230486884713173,0.7262588143348694,0.007435542996972799,0.726283609867096,0.008230486884713173,0.009774956852197647,8.0,0.5,M8_eta0.5
NOG,10001,392,49.0,201728,114688,392,3.4996895790100098,50,0.1,8.0,0.5,y_bar,0.7259817123413086,0.008782204240560532,0.7259774804115295,0.0072377147153019905,0.7259817123413086,0.008782204240560532,0.009138409979641438,8.0,0.5,M8_eta0.5
NOG,10001,456,57.0,234496,131072,456,4.067103385925293,50,0.1,8.0,0.5,y_bar,0.7256932258605957,0.008567116223275661,0.7256954312324524,0.007590706460177898,0.7256932258605957,0.008567116223275661,0.01003202237188816,8.0,0.5,M8_eta0.5
NOG,10001,520,65.0,267264,147456,520,4.641523122787476,50,0.1,8.0,0.5,y_bar,0.7252868413925171,0.007466352544724941,0.725292980670929,0.008105502463877201,0.7252868413925171,0.007466352544724941,0.008427472785115242,8.0,0.5,M8_eta0.5
NOG,10001,584,73.0,300032,163840,584,5.15920090675354,50,0.1,8.0,0.5,y_bar,0.7250932455062866,0.007324534002691507,0.7250899076461792,0.006870131939649582,0.7250932455062866,0.007324534002691507,0.009221990592777729,8.0,0.5,M8_eta0.5
NOG,10001,648,81.0,332800,180224,648,5.675344467163086,50,0.1,8.0,0.5,y_bar,0.7248677015304565,0.007339087780565023,0.7248516082763672,0.007759926840662956,0.7248677015304565,0.007339087780565023,0.008029810152947903,8.0,0.5,M8_eta0.5
NOG,10001,712,89.0,365568,196608,712,6.2890625,50,0.1,8.0,0.5,y_bar,0.7246434092521667,0.007094032596796751,0.7246564626693726,0.008303717710077763,0.7246434092521667,0.007094032596796751,0.008298881351947784,8.0,0.5,M8_eta0.5
NOG,10001,776,97.0,398336,212992,776,6.943802356719971,50,0.1,8.0,0.5,y_bar,0.7244768142700195,0.006901572924107313,0.7244729995727539,0.0076508354395627975,0.7244768142700195,0.006901572924107313,0.0074821654707193375,8.0,0.5,M8_eta0.5
NOG,10001,840,105.0,431104,229376,840,7.630082845687866,50,0.1,8.0,0.5,y_bar,0.7243033647537231,0.0061852652579545975,0.7242910265922546,0.00727168470621109,0.7243033647537231,0.0061852652579545975,0.010041620582342148,8.0,0.5,M8_eta0.5
NOG,10001,904,113.0,463872,245760,904,8.291510343551636,50,0.1,8.0,0.5,y_bar,0.7241326570510864,0.007136023137718439,0.7241181135177612,0.006402317900210619,0.7241326570510864,0.007136023137718439,0.0086458008736372,8.0,0.5,M8_eta0.5
NOG,10001,960,120.0,492544,262144,960,8.870577335357666,50,0.1,8.0,0.5,y_bar,0.724027156829834,0.008121000602841377,0.7240192294120789,0.005609773565083742,0.724027156829834,0.008121000602841377,0.009762759320437908,8.0,0.5,M8_eta0.5
NOG,10001,12,1.0,7168,16384,12,0.178466796875,50,0.1,12.0,0.1,y_bar,0.7279813289642334,0.009194142185151577,0.7279494404792786,0.009424138814210892,0.7279813289642334,0.009194142185151577,0.009619111195206642,12.0,0.1,M12_eta0.1
NOG,10001,84,7.0,44032,32768,84,0.9337015151977539,50,0.1,12.0,0.1,y_bar,0.7268519997596741,0.0071277800016105175,0.7268075942993164,0.007061747368425131,0.7268519997596741,0.0071277800016105175,0.00841230247169733,12.0,0.1,M12_eta0.1
NOG,10001,156,13.0,80896,49152,156,1.6172492504119873,50,0.1,12.0,0.1,y_bar,0.7259986996650696,0.00698560755699873,0.7259129881858826,0.007029105443507433,0.7259986996650696,0.00698560755699873,0.007827868685126305,12.0,0.1,M12_eta0.1
NOG,10001,228,19.0,117760,65536,228,2.325592517852783,50,0.1,12.0,0.1,y_bar,0.7251887321472168,0.007390448357909918,0.7251250147819519,0.008601744659245014,0.7251887321472168,0.007390448357909918,0.008735994808375835,12.0,0.1,M12_eta0.1
NOG,10001,300,25.0,154624,81920,300,3.0047967433929443,50,0.1,12.0,0.1,y_bar,0.7244037985801697,0.007726635318249464,0.7243720889091492,0.00817413441836834,0.7244037985801697,0.007726635318249464,0.007738776039332151,12.0,0.1,M12_eta0.1
NOG,10001,372,31.0,191488,98304,372,3.6947240829467773,50,0.1,12.0,0.1,y_bar,0.723760724067688,0.008104239590466022,0.7237365245819092,0.007778221275657415,0.723760724067688,0.008104239590466022,0.009087922051548958,12.0,0.1,M12_eta0.1
NOG,10001,444,37.0,228352,114688,444,4.429224729537964,50,0.1,12.0,0.1,y_bar,0.7232798337936401,0.007321294862776995,0.7232065796852112,0.00787829328328371,0.7232798337936401,0.007321294862776995,0.00835525430738926,12.0,0.1,M12_eta0.1
NOG,10001,516,43.0,265216,131072,516,5.081663608551025,50,0.1,12.0,0.1,y_bar,0.7227535843849182,0.007134411949664354,0.722702145576477,0.00839520338922739,0.7227535843849182,0.007134411949664354,0.009131073020398617,12.0,0.1,M12_eta0.1
NOG,10001,588,49.0,302080,147456,588,5.8227784633636475,50,0.1,12.0,0.1,y_bar,0.7224051356315613,0.00842296238988638,0.7223580479621887,0.008448067121207714,0.7224051356315613,0.00842296238988638,0.008344586938619614,12.0,0.1,M12_eta0.1
NOG,10001,660,55.0,338944,163840,660,6.61012077331543,50,0.1,12.0,0.1,y_bar,0.7219722867012024,0.007178964093327522,0.721971333026886,0.008189993910491467,0.7219722867012024,0.007178964093327522,0.007313182577490807,12.0,0.1,M12_eta0.1
NOG,10001,732,61.0,375808,180224,732,7.241390228271484,50,0.1,12.0,0.1,y_bar,0.7219809889793396,0.008443894796073437,0.7219148278236389,0.0078016892075538635,0.7219809889793396,0.008443894796073437,0.007863183505833149,12.0,0.1,M12_eta0.1
NOG,10001,804,67.0,412672,196608,804,7.899486303329468,50,0.1,12.0,0.1,y_bar,0.7214688062667847,0.006841684225946665,0.7213965058326721,0.008480267599225044,0.7214688062667847,0.006841684225946665,0.007168902549892664,12.0,0.1,M12_eta0.1
NOG,10001,876,73.0,449536,212992,876,8.506706714630127,50,0.1,12.0,0.1,y_bar,0.7208917140960693,0.006596419028937817,0.7208353877067566,0.006496796850115061,0.7208917140960693,0.006596419028937817,0.008149994537234306,12.0,0.1,M12_eta0.1
NOG,10001,948,79.0,486400,229376,948,9.118504047393799,50,0.1,12.0,0.1,y_bar,0.720571756362915,0.006905031390488148,0.7205691337585449,0.008313813246786594,0.720571756362915,0.006905031390488148,0.006430534180253744,12.0,0.1,M12_eta0.1
NOG,10001,960,80.0,492544,245760,960,9.325477123260498,50,0.1,12.0,0.1,y_bar,0.7205306887626648,0.006887946743518114,0.7204893231391907,0.007735639810562134,0.7205306887626648,0.006887946743518114,0.007866386324167252,12.0,0.1,M12_eta0.1
NOG,10001,12,1.0,7168,16384,12,0.17719173431396484,50,0.1,12.0,0.2,y_bar,0.7279499769210815,0.009220586158335209,0.7279109358787537,0.009372967295348644,0.7279499769210815,0.009220586158335209,0.009682225063443184,12.0,0.2,M12_eta0.2
NOG,10001,84,7.0,44032,32768,84,0.8014359474182129,50,0.1,12.0,0.2,y_bar,0.7273407578468323,0.007362077943980694,0.7273210883140564,0.007500987965613604,0.7273407578468323,0.007362077943980694,0.008475023321807384,12.0,0.2,M12_eta0.2
NOG,10001,156,13.0,80896,49152,156,1.4106240272521973,50,0.1,12.0,0.2,y_bar,0.7268086671829224,0.006927341688424349,0.7267729640007019,0.006896574050188065,0.7268086671829224,0.006927341688424349,0.008248277939856052,12.0,0.2,M12_eta0.2
NOG,10001,228,19.0,117760,65536,228,2.010708808898926,50,0.1,12.0,0.2,y_bar,0.7263563871383667,0.007410708349198103,0.7263090014457703,0.008969833143055439,0.7263563871383667,0.007410708349198103,0.008959849365055561,12.0,0.2,M12_eta0.2
NOG,10001,300,25.0,154624,81920,300,2.6683359146118164,50,0.1,12.0,0.2,y_bar,0.7259442210197449,0.00699523463845253,0.7259308695793152,0.008398456498980522,0.7259442210197449,0.00699523463845253,0.006701002828776836,12.0,0.2,M12_eta0.2
NOG,10001,372,31.0,191488,98304,372,3.291714906692505,50,0.1,12.0,0.2,y_bar,0.7255390286445618,0.008706262335181236,0.7255271077156067,0.007510179653763771,0.7255390286445618,0.008706262335181236,0.008346740156412125,12.0,0.2,M12_eta0.2
NOG,10001,444,37.0,228352,114688,444,3.885795831680298,50,0.1,12.0,0.2,y_bar,0.7251676917076111,0.006296001840382814,0.7251377105712891,0.006838291417807341,0.7251676917076111,0.006296001840382814,0.008158929646015167,12.0,0.2,M12_eta0.2
NOG,10001,516,43.0,265216,131072,516,4.515405654907227,50,0.1,12.0,0.2,y_bar,0.7248031497001648,0.007089019287377596,0.7247727513313293,0.006942526903003454,0.7248031497001648,0.007089019287377596,0.008847514167428017,12.0,0.2,M12_eta0.2
NOG,10001,588,49.0,302080,147456,588,5.140890598297119,50,0.1,12.0,0.2,y_bar,0.7246086597442627,0.0075743962079286575,0.7245909571647644,0.006608667783439159,0.7246086597442627,0.0075743962079286575,0.007401305250823498,12.0,0.2,M12_eta0.2
NOG,10001,660,55.0,338944,163840,660,5.720311164855957,50,0.1,12.0,0.2,y_bar,0.7243072390556335,0.006816181819885969,0.7242791652679443,0.008298862725496292,0.7243072390556335,0.006816181819885969,0.007373793516308069,12.0,0.2,M12_eta0.2
NOG,10001,732,61.0,375808,180224,732,6.382703065872192,50,0.1,12.0,0.2,y_bar,0.7240304946899414,0.00721139507368207,0.7240116000175476,0.007131245918571949,0.7240304946899414,0.00721139507368207,0.0060745044611394405,12.0,0.2,M12_eta0.2
NOG,10001,804,67.0,412672,196608,804,7.143091678619385,50,0.1,12.0,0.2,y_bar,0.7237688899040222,0.006679436657577753,0.7237269282341003,0.00795747246593237,0.7237688899040222,0.006679436657577753,0.007315564900636673,12.0,0.2,M12_eta0.2
NOG,10001,876,73.0,449536,212992,876,7.912507772445679,50,0.1,12.0,0.2,y_bar,0.7235876321792603,0.006593654397875071,0.7235705256462097,0.0064206793904304504,0.7235876321792603,0.006593654397875071,0.007077543064951897,12.0,0.2,M12_eta0.2
NOG,10001,948,79.0,486400,229376,948,8.691059827804565,50,0.1,12.0,0.2,y_bar,0.7234731912612915,0.0075514353811740875,0.7234640717506409,0.007386892568320036,0.7234731912612915,0.0075514353811740875,0.0063977595418691635,12.0,0.2,M12_eta0.2
NOG,10001,960,80.0,492544,245760,960,8.913073062896729,50,0.1,12.0,0.2,y_bar,0.7234280705451965,0.006923486012965441,0.7234048247337341,0.007086027879267931,0.7234280705451965,0.006923486012965441,0.0071510314010083675,12.0,0.2,M12_eta0.2
NOG,10001,12,1.0,7168,16384,12,0.20592355728149414,50,0.1,12.0,0.3,y_bar,0.7279409766197205,0.009309518150985241,0.7279239296913147,0.009659191593527794,0.7279409766197205,0.009309518150985241,0.00981935765594244,12.0,0.3,M12_eta0.3
NOG,10001,84,7.0,44032,32768,84,0.9499988555908203,50,0.1,12.0,0.3,y_bar,0.7275568246841431,0.007443463429808617,0.7275562882423401,0.007461249828338623,0.7275568246841431,0.007443463429808617,0.008614499121904373,12.0,0.3,M12_eta0.3
NOG,10001,156,13.0,80896,49152,156,1.676011562347412,50,0.1,12.0,0.3,y_bar,0.7271925806999207,0.006625051610171795,0.7271720767021179,0.006922097876667976,0.7271925806999207,0.006625051610171795,0.008386627770960331,12.0,0.3,M12_eta0.3
NOG,10001,228,19.0,117760,65536,228,2.30562424659729,50,0.1,12.0,0.3,y_bar,0.7268778085708618,0.007473179139196873,0.7268397212028503,0.009104790166020393,0.7268778085708618,0.007473179139196873,0.009484196081757545,12.0,0.3,M12_eta0.3
NOG,10001,300,25.0,154624,81920,300,3.051950693130493,50,0.1,12.0,0.3,y_bar,0.7266313433647156,0.007106381002813578,0.7266128659248352,0.008001520298421383,0.7266313433647156,0.007106381002813578,0.006902969907969236,12.0,0.3,M12_eta0.3
NOG,10001,372,31.0,191488,98304,372,3.771085500717163,50,0.1,12.0,0.3,y_bar,0.7263007760047913,0.008480722084641457,0.7262824773788452,0.007618582807481289,0.7263007760047913,0.008480722084641457,0.007948300801217556,12.0,0.3,M12_eta0.3
NOG,10001,444,37.0,228352,114688,444,4.555774211883545,50,0.1,12.0,0.3,y_bar,0.7260375618934631,0.006504472345113754,0.7260060906410217,0.006511739455163479,0.7260375618934631,0.006504472345113754,0.008322205394506454,12.0,0.3,M12_eta0.3
NOG,10001,516,43.0,265216,131072,516,5.307950258255005,50,0.1,12.0,0.3,y_bar,0.725740909576416,0.007586375344544649,0.7257096171379089,0.0069229439832270145,0.725740909576416,0.007586375344544649,0.008795693516731262,12.0,0.3,M12_eta0.3
NOG,10001,588,49.0,302080,147456,588,6.002884149551392,50,0.1,12.0,0.3,y_bar,0.7255420088768005,0.0070510320365428925,0.7255203723907471,0.0060088252648711205,0.7255420088768005,0.0070510320365428925,0.007153881713747978,12.0,0.3,M12_eta0.3
NOG,10001,660,55.0,338944,163840,660,6.735593557357788,50,0.1,12.0,0.3,y_bar,0.7253530025482178,0.007011303212493658,0.725318431854248,0.008276140317320824,0.7253530025482178,0.007011303212493658,0.008195502683520317,12.0,0.3,M12_eta0.3
NOG,10001,732,61.0,375808,180224,732,7.391474485397339,50,0.1,12.0,0.3,y_bar,0.7251514196395874,0.0075990320183336735,0.72514408826828,0.007255212403833866,0.7251514196395874,0.0075990320183336735,0.006512764375656843,12.0,0.3,M12_eta0.3
NOG,10001,804,67.0,412672,196608,804,8.089507818222046,50,0.1,12.0,0.3,y_bar,0.7249673008918762,0.006954939570277929,0.724941611289978,0.00783974677324295,0.7249673008918762,0.006954939570277929,0.0076609160751104355,12.0,0.3,M12_eta0.3
NOG,10001,876,73.0,449536,212992,876,8.735363483428955,50,0.1,12.0,0.3,y_bar,0.7247616052627563,0.006821315735578537,0.7247650027275085,0.006332938559353352,0.7247616052627563,0.006821315735578537,0.006610217038542032,12.0,0.3,M12_eta0.3
NOG,10001,948,79.0,486400,229376,948,9.386057376861572,50,0.1,12.0,0.3,y_bar,0.72467440366745,0.007765220012515783,0.7246605753898621,0.007776207290589809,0.72467440366745,0.007765220012515783,0.007555099669843912,12.0,0.3,M12_eta0.3
NOG,10001,960,80.0,492544,245760,960,9.565097570419312,50,0.1,12.0,0.3,y_bar,0.7246487140655518,0.006840072572231293,0.7246354222297668,0.006243196781724691,0.7246487140655518,0.006840072572231293,0.007562657352536917,12.0,0.3,M12_eta0.3
NOG,10001,12,1.0,7168,16384,12,0.18901777267456055,50,0.1,12.0,0.5,y_bar,0.7279391884803772,0.009343433193862438,0.7279364466667175,0.009901302866637707,0.7279391884803772,0.009343433193862438,0.010047693736851215,12.0,0.5,M12_eta0.5
NOG,10001,84,7.0,44032,32768,84,0.8072836399078369,50,0.1,12.0,0.5,y_bar,0.7276700735092163,0.007581514306366444,0.7276692986488342,0.0074974549934268,0.7276700735092163,0.007581514306366444,0.00880680326372385,12.0,0.5,M12_eta0.5
NOG,10001,156,13.0,80896,49152,156,1.4638593196868896,50,0.1,12.0,0.5,y_bar,0.7274110317230225,0.006787384394556284,0.7273923754692078,0.007183584850281477,0.7274110317230225,0.006787384394556284,0.00827470887452364,12.0,0.5,M12_eta0.5
NOG,10001,228,19.0,117760,65536,228,2.0684661865234375,50,0.1,12.0,0.5,y_bar,0.7271700501441956,0.007414317689836025,0.7271395325660706,0.009049369022250175,0.7271700501441956,0.007414317689836025,0.009261103346943855,12.0,0.5,M12_eta0.5
NOG,10001,300,25.0,154624,81920,300,2.732708692550659,50,0.1,12.0,0.5,y_bar,0.7269827127456665,0.007028066553175449,0.7269760370254517,0.008168492466211319,0.7269827127456665,0.007028066553175449,0.006637093145400286,12.0,0.5,M12_eta0.5
NOG,10001,372,31.0,191488,98304,372,3.419614791870117,50,0.1,12.0,0.5,y_bar,0.7267559170722961,0.008456741459667683,0.7267383337020874,0.008077340200543404,0.7267559170722961,0.008456741459667683,0.008108815178275108,12.0,0.5,M12_eta0.5
NOG,10001,444,37.0,228352,114688,444,4.046871662139893,50,0.1,12.0,0.5,y_bar,0.7265276908874512,0.006405459251254797,0.7265036702156067,0.006380715873092413,0.7265276908874512,0.006405459251254797,0.0085981460288167,12.0,0.5,M12_eta0.5
NOG,10001,516,43.0,265216,131072,516,4.701520204544067,50,0.1,12.0,0.5,y_bar,0.7262961268424988,0.00772202480584383,0.7262751460075378,0.007130270358175039,0.7262961268424988,0.00772202480584383,0.008839915506541729,12.0,0.5,M12_eta0.5
NOG,10001,588,49.0,302080,147456,588,5.3377134799957275,50,0.1,12.0,0.5,y_bar,0.7261611223220825,0.007122599985450506,0.7261554002761841,0.0055432915687561035,0.7261611223220825,0.007122599985450506,0.0070421937853097916,12.0,0.5,M12_eta0.5
NOG,10001,660,55.0,338944,163840,660,5.971081733703613,50,0.1,12.0,0.5,y_bar,0.7260195016860962,0.0070671942085027695,0.7259911894798279,0.0082698380574584,0.7260195016860962,0.0070671942085027695,0.00829949788749218,12.0,0.5,M12_eta0.5
NOG,10001,732,61.0,375808,180224,732,6.610814809799194,50,0.1,12.0,0.5,y_bar,0.7258628606796265,0.007815839722752571,0.7258594036102295,0.006796717643737793,0.7258628606796265,0.007815839722752571,0.00712131941691041,12.0,0.5,M12_eta0.5
NOG,10001,804,67.0,412672,196608,804,7.232239484786987,50,0.1,12.0,0.5,y_bar,0.7256972789764404,0.007336062379181385,0.7256815433502197,0.007704851217567921,0.7256972789764404,0.007336062379181385,0.007718391716480255,12.0,0.5,M12_eta0.5
NOG,10001,876,73.0,449536,212992,876,7.893169641494751,50,0.1,12.0,0.5,y_bar,0.7255271077156067,0.0069119976833462715,0.7255192995071411,0.006571468897163868,0.7255271077156067,0.0069119976833462715,0.007015401031821966,12.0,0.5,M12_eta0.5
NOG,10001,948,79.0,486400,229376,948,8.487251281738281,50,0.1,12.0,0.5,y_bar,0.7254313230514526,0.007790896575897932,0.7254239916801453,0.00803037453442812,0.7254313230514526,0.007790896575897932,0.007769148331135511,12.0,0.5,M12_eta0.5
NOG,10001,960,80.0,492544,245760,960,8.66428804397583,50,0.1,12.0,0.5,y_bar,0.7254065275192261,0.007019347976893187,0.7253888845443726,0.00609640683978796,0.7254065275192261,0.007019347976893187,0.007703355047851801,12.0,0.5,M12_eta0.5
NOG,10001,16,1.0,9216,16384,16,0.20525836944580078,50,0.1,16.0,0.1,y_bar,0.7279471755027771,0.009992987848818302,0.7278805375099182,0.010120179504156113,0.7279471755027771,0.009992987848818302,0.008970243856310844,16.0,0.1,M16_eta0.1
NOG,10001,80,5.0,41984,32768,80,0.9159448146820068,50,0.1,16.0,0.1,y_bar,0.7273370027542114,0.007235859986394644,0.7272536754608154,0.0070557976141572,0.7273370027542114,0.007235859986394644,0.007303971331566572,16.0,0.1,M16_eta0.1
NOG,10001,144,9.0,74752,49152,144,1.5835115909576416,50,0.1,16.0,0.1,y_bar,0.7268282175064087,0.0069206650368869305,0.7267423272132874,0.007450203876942396,0.7268282175064087,0.0069206650368869305,0.007727387361228466,16.0,0.1,M16_eta0.1
NOG,10001,208,13.0,107520,65536,208,2.133896827697754,50,0.1,16.0,0.1,y_bar,0.7263864278793335,0.007328553590923548,0.7262973189353943,0.00814293883740902,0.7263864278793335,0.007328553590923548,0.008440311066806316,16.0,0.1,M16_eta0.1
NOG,10001,272,17.0,140288,81920,272,2.7976367473602295,50,0.1,16.0,0.1,y_bar,0.7259061336517334,0.0065913014113903046,0.7258809208869934,0.008481721393764019,0.7259061336517334,0.0065913014113903046,0.007201502099633217,16.0,0.1,M16_eta0.1
NOG,10001,336,21.0,173056,98304,336,3.4357686042785645,50,0.1,16.0,0.1,y_bar,0.7254953384399414,0.00747646065428853,0.7254278659820557,0.007664725184440613,0.7254953384399414,0.00747646065428853,0.007632461376488209,16.0,0.1,M16_eta0.1
NOG,10001,400,25.0,205824,114688,400,4.062880992889404,50,0.1,16.0,0.1,y_bar,0.7251171469688416,0.008566857315599918,0.7250861525535583,0.007368147373199463,0.7251171469688416,0.008566857315599918,0.006353487726300955,16.0,0.1,M16_eta0.1
NOG,10001,464,29.0,238592,131072,464,4.712881565093994,50,0.1,16.0,0.1,y_bar,0.7246851325035095,0.007620764430612326,0.7246206402778625,0.007423675153404474,0.7246851325035095,0.007620764430612326,0.007783835753798485,16.0,0.1,M16_eta0.1
NOG,10001,528,33.0,271360,147456,528,5.356476068496704,50,0.1,16.0,0.1,y_bar,0.7242369055747986,0.007487698458135128,0.7242439389228821,0.007661853916943073,0.7242369055747986,0.007487698458135128,0.005905357655137777,16.0,0.1,M16_eta0.1
NOG,10001,592,37.0,304128,163840,592,6.003602504730225,50,0.1,16.0,0.1,y_bar,0.7239767909049988,0.007794409058988094,0.7239454984664917,0.006893515586853027,0.7239767909049988,0.007794409058988094,0.007617381401360035,16.0,0.1,M16_eta0.1
NOG,10001,656,41.0,336896,180224,656,6.621811866760254,50,0.1,16.0,0.1,y_bar,0.723682165145874,0.007596051786094904,0.7236570715904236,0.008399692364037037,0.723682165145874,0.007596051786094904,0.006060608197003603,16.0,0.1,M16_eta0.1
NOG,10001,720,45.0,369664,196608,720,7.339781999588013,50,0.1,16.0,0.1,y_bar,0.7234874367713928,0.006981202866882086,0.7234771847724915,0.008249822072684765,0.7234874367713928,0.006981202866882086,0.005548880901187658,16.0,0.1,M16_eta0.1
NOG,10001,784,49.0,402432,212992,784,7.9513843059539795,50,0.1,16.0,0.1,y_bar,0.7232272028923035,0.00900481827557087,0.7231889367103577,0.006608958356082439,0.7232272028923035,0.00900481827557087,0.0066730245016515255,16.0,0.1,M16_eta0.1
NOG,10001,848,53.0,435200,229376,848,8.707205533981323,50,0.1,16.0,0.1,y_bar,0.7228981256484985,0.008448410779237747,0.7228628993034363,0.007704165764153004,0.7228981256484985,0.008448410779237747,0.006082691717892885,16.0,0.1,M16_eta0.1
NOG,10001,912,57.0,467968,245760,912,9.355348110198975,50,0.1,16.0,0.1,y_bar,0.7227567434310913,0.007911741733551025,0.722709059715271,0.007082424126565456,0.7227567434310913,0.007911741733551025,0.007309986278414726,16.0,0.1,M16_eta0.1
NOG,10001,960,60.0,492544,262144,960,9.787976026535034,50,0.1,16.0,0.1,y_bar,0.7226036787033081,0.007510461378842592,0.7226328253746033,0.006052709184587002,0.7226036787033081,0.007510461378842592,0.0062959990464150906,16.0,0.1,M16_eta0.1
NOG,10001,16,1.0,9216,16384,16,0.28154706954956055,50,0.1,16.0,0.2,y_bar,0.7279289364814758,0.010322241112589836,0.7278925180435181,0.010582217946648598,0.7279289364814758,0.010322241112589836,0.009217471815645695,16.0,0.2,M16_eta0.2
NOG,10001,80,5.0,41984,32768,80,0.9196195602416992,50,0.1,16.0,0.2,y_bar,0.7276475429534912,0.007535765878856182,0.7276078462600708,0.007388710975646973,0.7276475429534912,0.007535765878856182,0.00795682892203331,16.0,0.2,M16_eta0.2
NOG,10001,144,9.0,74752,49152,144,1.6190872192382812,50,0.1,16.0,0.2,y_bar,0.7274129390716553,0.007232635281980038,0.7273496985435486,0.00815005972981453,0.7274129390716553,0.007232635281980038,0.00798726174980402,16.0,0.2,M16_eta0.2
NOG,10001,208,13.0,107520,65536,208,2.367417573928833,50,0.1,16.0,0.2,y_bar,0.7271393537521362,0.0067360433749854565,0.7271044254302979,0.007852986454963684,0.7271393537521362,0.0067360433749854565,0.008727912791073322,16.0,0.2,M16_eta0.2
NOG,10001,272,17.0,140288,81920,272,2.936370611190796,50,0.1,16.0,0.2,y_bar,0.72695392370224,0.006282377522438765,0.7269273996353149,0.008081975392997265,0.72695392370224,0.006282377522438765,0.007042517885565758,16.0,0.2,M16_eta0.2
NOG,10001,336,21.0,173056,98304,336,3.5308070182800293,50,0.1,16.0,0.2,y_bar,0.7267079949378967,0.007530373055487871,0.7266778349876404,0.007920918054878712,0.7267079949378967,0.007530373055487871,0.007313024252653122,16.0,0.2,M16_eta0.2
NOG,10001,400,25.0,205824,114688,400,4.123296499252319,50,0.1,16.0,0.2,y_bar,0.7264963984489441,0.008335663005709648,0.7264819741249084,0.007685876917093992,0.7264963984489441,0.008335663005709648,0.005850734189152718,16.0,0.2,M16_eta0.2
NOG,10001,464,29.0,238592,131072,464,4.68908429145813,50,0.1,16.0,0.2,y_bar,0.7263036966323853,0.007553194649517536,0.726272702217102,0.007755266036838293,0.7263036966323853,0.007553194649517536,0.007873534224927425,16.0,0.2,M16_eta0.2
NOG,10001,528,33.0,271360,147456,528,5.2983238697052,50,0.1,16.0,0.2,y_bar,0.7260661125183105,0.00812670961022377,0.726063072681427,0.0074353693053126335,0.7260661125183105,0.00812670961022377,0.006284322589635849,16.0,0.2,M16_eta0.2
NOG,10001,592,37.0,304128,163840,592,5.908470153808594,50,0.1,16.0,0.2,y_bar,0.725894570350647,0.007950426079332829,0.7258833646774292,0.0061400895938277245,0.725894570350647,0.007950426079332829,0.006969193462282419,16.0,0.2,M16_eta0.2
NOG,10001,656,41.0,336896,180224,656,6.4808595180511475,50,0.1,16.0,0.2,y_bar,0.7257187962532043,0.008695927448570728,0.7256996631622314,0.007513987831771374,0.7257187962532043,0.008695927448570728,0.0058707124553620815,16.0,0.2,M16_eta0.2
NOG,10001,720,45.0,369664,196608,720,7.010830640792847,50,0.1,16.0,0.2,y_bar,0.7255362868309021,0.006392601411789656,0.7255189418792725,0.007498766761273146,0.7255362868309021,0.006392601411789656,0.006129249930381775,16.0,0.2,M16_eta0.2
NOG,10001,784,49.0,402432,212992,784,7.575550556182861,50,0.1,16.0,0.2,y_bar,0.7253829836845398,0.009205104783177376,0.7253666520118713,0.006806834135204554,0.7253829836845398,0.009205104783177376,0.006984534673392773,16.0,0.2,M16_eta0.2
NOG,10001,848,53.0,435200,229376,848,8.100294828414917,50,0.1,16.0,0.2,y_bar,0.7252219915390015,0.007937547750771046,0.7251906991004944,0.005946379620581865,0.7252219915390015,0.007937547750771046,0.006486757658421993,16.0,0.2,M16_eta0.2
NOG,10001,912,57.0,467968,245760,912,8.699465036392212,50,0.1,16.0,0.2,y_bar,0.7250785827636719,0.007266956381499767,0.7250524163246155,0.006181673612445593,0.7250785827636719,0.007266956381499767,0.006455839145928621,16.0,0.2,M16_eta0.2
NOG,10001,960,60.0,492544,262144,960,9.158789873123169,50,0.1,16.0,0.2,y_bar,0.7249923348426819,0.007782542146742344,0.7249619960784912,0.005822245962917805,0.7249923348426819,0.007782542146742344,0.00681315828114748,16.0,0.2,M16_eta0.2
NOG,10001,16,1.0,9216,16384,16,0.22650742530822754,50,0.1,16.0,0.3,y_bar,0.7279297113418579,0.010473047383129597,0.7279035449028015,0.010680129751563072,0.7279297113418579,0.010473047383129597,0.009464265778660774,16.0,0.3,M16_eta0.3
NOG,10001,80,5.0,41984,32768,80,0.789268970489502,50,0.1,16.0,0.3,y_bar,0.7277315258979797,0.0077465735375881195,0.7277045249938965,0.007554925978183746,0.7277315258979797,0.0077465735375881195,0.00821660179644823,16.0,0.3,M16_eta0.3
NOG,10001,144,9.0,74752,49152,144,1.3575377464294434,50,0.1,16.0,0.3,y_bar,0.7275574207305908,0.007168459240347147,0.7275158762931824,0.008128889836370945,0.7275574207305908,0.007168459240347147,0.007889111526310444,16.0,0.3,M16_eta0.3
NOG,10001,208,13.0,107520,65536,208,1.937279224395752,50,0.1,16.0,0.3,y_bar,0.7273557782173157,0.006819082889705896,0.7273267507553101,0.007805307861417532,0.7273557782173157,0.006819082889705896,0.008829933591187,16.0,0.3,M16_eta0.3
NOG,10001,272,17.0,140288,81920,272,2.4961624145507812,50,0.1,16.0,0.3,y_bar,0.7272101044654846,0.006364106200635433,0.7271867990493774,0.008142070844769478,0.7272101044654846,0.006364106200635433,0.007248516660183668,16.0,0.3,M16_eta0.3
NOG,10001,336,21.0,173056,98304,336,3.056063175201416,50,0.1,16.0,0.3,y_bar,0.7270391583442688,0.007453644648194313,0.7270153164863586,0.007865027524530888,0.7270391583442688,0.007453644648194313,0.007269948720932007,16.0,0.3,M16_eta0.3
NOG,10001,400,25.0,205824,114688,400,3.617738962173462,50,0.1,16.0,0.3,y_bar,0.7268697023391724,0.008115657605230808,0.7268526554107666,0.008027552627027035,0.7268697023391724,0.008115657605230808,0.006019462365657091,16.0,0.3,M16_eta0.3
NOG,10001,464,29.0,238592,131072,464,4.1759257316589355,50,0.1,16.0,0.3,y_bar,0.7267193794250488,0.007664132863283157,0.7266924977302551,0.007788060232996941,0.7267193794250488,0.007664132863283157,0.007949489168822765,16.0,0.3,M16_eta0.3
NOG,10001,528,33.0,271360,147456,528,4.756786584854126,50,0.1,16.0,0.3,y_bar,0.7265520095825195,0.008180649019777775,0.7265473008155823,0.007157319225370884,0.7265520095825195,0.008180649019777775,0.00631371047347784,16.0,0.3,M16_eta0.3
NOG,10001,592,37.0,304128,163840,592,5.355551481246948,50,0.1,16.0,0.3,y_bar,0.7264242172241211,0.007718883454799652,0.7264124751091003,0.005983985960483551,0.7264242172241211,0.007718883454799652,0.007126795593649149,16.0,0.3,M16_eta0.3
NOG,10001,656,41.0,336896,180224,656,6.011981964111328,50,0.1,16.0,0.3,y_bar,0.7262797951698303,0.009015700779855251,0.7262731790542603,0.007758630905300379,0.7262797951698303,0.009015700779855251,0.005987097043544054,16.0,0.3,M16_eta0.3
NOG,10001,720,45.0,369664,196608,720,6.620921850204468,50,0.1,16.0,0.3,y_bar,0.7261730432510376,0.006610465701669455,0.7261597514152527,0.007681181188672781,0.7261730432510376,0.006610465701669455,0.006374894641339779,16.0,0.3,M16_eta0.3
NOG,10001,784,49.0,402432,212992,784,7.277792930603027,50,0.1,16.0,0.3,y_bar,0.7260366678237915,0.009214972145855427,0.7260220050811768,0.00667612673714757,0.7260366678237915,0.009214972145855427,0.006941015366464853,16.0,0.3,M16_eta0.3
NOG,10001,848,53.0,435200,229376,848,7.9077372550964355,50,0.1,16.0,0.3,y_bar,0.725924551486969,0.00755592156201601,0.7259116172790527,0.00609991792589426,0.725924551486969,0.00755592156201601,0.00643971236422658,16.0,0.3,M16_eta0.3
NOG,10001,912,57.0,467968,245760,912,8.503297090530396,50,0.1,16.0,0.3,y_bar,0.7258144021034241,0.007607156876474619,0.7257984280586243,0.00606496399268508,0.7258144021034241,0.007607156876474619,0.006828563753515482,16.0,0.3,M16_eta0.3
NOG,10001,960,60.0,492544,262144,960,8.991765260696411,50,0.1,16.0,0.3,y_bar,0.7257344126701355,0.008108267560601234,0.7257115244865417,0.006506513804197311,0.7257344126701355,0.008108267560601234,0.007434283383190632,16.0,0.3,M16_eta0.3
NOG,10001,16,1.0,9216,16384,16,0.23760700225830078,50,0.1,16.0,0.5,y_bar,0.7279307842254639,0.010539884679019451,0.7279123067855835,0.01078366581350565,0.7279307842254639,0.010539884679019451,0.009584546089172363,16.0,0.5,M16_eta0.5
NOG,10001,80,5.0,41984,32768,80,0.8535299301147461,50,0.1,16.0,0.5,y_bar,0.7277719974517822,0.007771277334541082,0.7277519106864929,0.007682608440518379,0.7277719974517822,0.007771277334541082,0.008447809144854546,16.0,0.5,M16_eta0.5
NOG,10001,144,9.0,74752,49152,144,1.51613187789917,50,0.1,16.0,0.5,y_bar,0.7276275753974915,0.007251853588968515,0.7275986671447754,0.008222008123993874,0.7276275753974915,0.007251853588968515,0.008007900789380074,16.0,0.5,M16_eta0.5
NOG,10001,208,13.0,107520,65536,208,2.1822988986968994,50,0.1,16.0,0.5,y_bar,0.7274839878082275,0.006737226154655218,0.727462649345398,0.007954468950629234,0.7274839878082275,0.006737226154655218,0.008739436976611614,16.0,0.5,M16_eta0.5
NOG,10001,272,17.0,140288,81920,272,2.75398588180542,50,0.1,16.0,0.5,y_bar,0.7273619771003723,0.006232293322682381,0.7273419499397278,0.008304557763040066,0.7273619771003723,0.006232293322682381,0.0072582135908305645,16.0,0.5,M16_eta0.5
NOG,10001,336,21.0,173056,98304,336,3.5060341358184814,50,0.1,16.0,0.5,y_bar,0.7272254228591919,0.007812367752194405,0.7272090911865234,0.008026777766644955,0.7272254228591919,0.007812367752194405,0.007362945470958948,16.0,0.5,M16_eta0.5
NOG,10001,400,25.0,205824,114688,400,4.157850742340088,50,0.1,16.0,0.5,y_bar,0.727084219455719,0.008042978122830391,0.7270688414573669,0.008386731147766113,0.727084219455719,0.008042978122830391,0.006162035278975964,16.0,0.5,M16_eta0.5
NOG,10001,464,29.0,238592,131072,464,4.7467591762542725,50,0.1,16.0,0.5,y_bar,0.7269566059112549,0.007602432742714882,0.7269333600997925,0.007776471320539713,0.7269566059112549,0.007602432742714882,0.00803110096603632,16.0,0.5,M16_eta0.5
NOG,10001,528,33.0,271360,147456,528,5.432511568069458,50,0.1,16.0,0.5,y_bar,0.7268238067626953,0.00837845541536808,0.7268132567405701,0.007432117592543364,0.7268238067626953,0.00837845541536808,0.006409788504242897,16.0,0.5,M16_eta0.5
NOG,10001,592,37.0,304128,163840,592,6.0990681648254395,50,0.1,16.0,0.5,y_bar,0.7267109751701355,0.0077461740002036095,0.72669917345047,0.006276985630393028,0.7267109751701355,0.0077461740002036095,0.007171791512519121,16.0,0.5,M16_eta0.5
NOG,10001,656,41.0,336896,180224,656,6.773385524749756,50,0.1,16.0,0.5,y_bar,0.7265864014625549,0.009065208025276661,0.7265790700912476,0.007932762615382671,0.7265864014625549,0.009065208025276661,0.005987009033560753,16.0,0.5,M16_eta0.5
NOG,10001,720,45.0,369664,196608,720,7.404804229736328,50,0.1,16.0,0.5,y_bar,0.7264882922172546,0.006518601439893246,0.7264752984046936,0.007495235186070204,0.7264882922172546,0.006518601439893246,0.006473732180893421,16.0,0.5,M16_eta0.5
NOG,10001,784,49.0,402432,212992,784,8.040570497512817,50,0.1,16.0,0.5,y_bar,0.7263765335083008,0.009000170975923538,0.7263672351837158,0.006963244639337063,0.7263765335083008,0.009000170975923538,0.0067396340891718864,16.0,0.5,M16_eta0.5
NOG,10001,848,53.0,435200,229376,848,8.733449697494507,50,0.1,16.0,0.5,y_bar,0.7262980937957764,0.007478758227080107,0.7262856960296631,0.005902912933379412,0.7262980937957764,0.007478758227080107,0.006281874142587185,16.0,0.5,M16_eta0.5
NOG,10001,912,57.0,467968,245760,912,9.315226078033447,50,0.1,16.0,0.5,y_bar,0.7262102365493774,0.007667072117328644,0.7261976599693298,0.005999071057885885,0.7262102365493774,0.007667072117328644,0.006891417317092419,16.0,0.5,M16_eta0.5
NOG,10001,960,60.0,492544,262144,960,9.781618118286133,50,0.1,16.0,0.5,y_bar,0.7261435985565186,0.007796956691890955,0.7261305451393127,0.006607606075704098,0.7261435985565186,0.007796956691890955,0.007467343006283045,16.0,0.5,M16_eta0.5
SmoothedSGD,20001,1,,512,8192,1,0.07410264015197754,50,0.1,,0.05,x,0.7279368042945862,0.010699987411499023,0.7279368042945862,0.010699987411499023,,,,,0.05,SmoothedSGD
SmoothedSGD,20001,64,,32768,16384,64,0.6240448951721191,50,0.1,,0.05,x,0.7278739809989929,0.009587319567799568,0.7278739809989929,0.009587319567799568,,,,,0.05,SmoothedSGD
SmoothedSGD,20001,128,,65536,24576,128,1.1382899284362793,50,0.1,,0.05,x,0.727809727191925,0.008642078377306461,0.727809727191925,0.008642078377306461,,,,,0.05,SmoothedSGD
SmoothedSGD,20001,192,,98304,32768,192,1.6288890838623047,50,0.1,,0.05,x,0.7277601957321167,0.00999507587403059,0.7277601957321167,0.00999507587403059,,,,,0.05,SmoothedSGD
SmoothedSGD,20001,256,,131072,40960,256,2.2493488788604736,50,0.1,,0.05,x,0.7277097702026367,0.008007482625544071,0.7277097702026367,0.008007482625544071,,,,,0.05,SmoothedSGD
SmoothedSGD,20001,320,,163840,49152,320,2.7591662406921387,50,0.1,,0.05,x,0.7276561856269836,0.007457414176315069,0.7276561856269836,0.007457414176315069,,,,,0.05,SmoothedSGD
SmoothedSGD,20001,384,,196608,57344,384,3.2610371112823486,50,0.1,,0.05,x,0.7276130318641663,0.007408373989164829,0.7276130318641663,0.007408373989164829,,,,,0.05,SmoothedSGD
SmoothedSGD,20001,448,,229376,65536,448,3.776123285293579,50,0.1,,0.05,x,0.7275791168212891,0.007846329361200333,0.7275791168212891,0.007846329361200333,,,,,0.05,SmoothedSGD
SmoothedSGD,20001,512,,262144,73728,512,4.235383033752441,50,0.1,,0.05,x,0.7275354862213135,0.006925065070390701,0.7275354862213135,0.006925065070390701,,,,,0.05,SmoothedSGD
SmoothedSGD,20001,576,,294912,81920,576,4.756975173950195,50,0.1,,0.05,x,0.7274860143661499,0.007125264964997768,0.7274860143661499,0.007125264964997768,,,,,0.05,SmoothedSGD
SmoothedSGD,20001,640,,327680,90112,640,5.272878646850586,50,0.1,,0.05,x,0.7274364829063416,0.0078090764582157135,0.7274364829063416,0.0078090764582157135,,,,,0.05,SmoothedSGD
SmoothedSGD,20001,704,,360448,98304,704,5.783548831939697,50,0.1,,0.05,x,0.7273814082145691,0.007871158421039581,0.7273814082145691,0.007871158421039581,,,,,0.05,SmoothedSGD
SmoothedSGD,20001,768,,393216,106496,768,6.292129039764404,50,0.1,,0.05,x,0.7273293137550354,0.006655124947428703,0.7273293137550354,0.006655124947428703,,,,,0.05,SmoothedSGD
SmoothedSGD,20001,832,,425984,114688,832,6.769850015640259,50,0.1,,0.05,x,0.7272805571556091,0.007998770102858543,0.7272805571556091,0.007998770102858543,,,,,0.05,SmoothedSGD
SmoothedSGD,20001,896,,458752,122880,896,7.265838861465454,50,0.1,,0.05,x,0.7272233963012695,0.0078028361313045025,0.7272233963012695,0.0078028361313045025,,,,,0.05,SmoothedSGD
SmoothedSGD,20001,960,,491520,131072,960,7.796902894973755,50,0.1,,0.05,x,0.7271778583526611,0.00724060321226716,0.7271778583526611,0.00724060321226716,,,,,0.05,SmoothedSGD
NOG,10002,4,1.0,3072,16384,4,0.12613916397094727,50,0.1,4.0,0.1,y_bar,0.7232535481452942,0.010238030925393105,0.7232916951179504,0.009810276329517365,0.7232535481452942,0.010238030925393105,0.013501549139618874,4.0,0.1,M4_eta0.1
NOG,10002,68,17.0,35840,32768,68,0.6795687675476074,50,0.1,4.0,0.1,y_bar,0.7211898565292358,0.008655494078993797,0.7210389971733093,0.009036933071911335,0.7211898565292358,0.008655494078993797,0.012771849520504475,4.0,0.1,M4_eta0.1
NOG,10002,132,33.0,68608,49152,132,1.2739591598510742,50,0.1,4.0,0.1,y_bar,0.7167497277259827,0.009696858003735542,0.7165687084197998,0.010324347764253616,0.7167497277259827,0.009696858003735542,0.015324494801461697,4.0,0.1,M4_eta0.1
NOG,10002,196,49.0,101376,65536,196,1.8481724262237549,50,0.1,4.0,0.1,y_bar,0.7136107683181763,0.009395123459398746,0.7135569453239441,0.008406194858253002,0.7136107683181763,0.009395123459398746,0.013581237755715847,4.0,0.1,M4_eta0.1
NOG,10002,260,65.0,134144,81920,260,2.433847665786743,50,0.1,4.0,0.1,y_bar,0.7120484113693237,0.007611462380737066,0.7119858860969543,0.007500155363231897,0.7120484113693237,0.007611462380737066,0.014854414388537407,4.0,0.1,M4_eta0.1
NOG,10002,324,81.0,166912,98304,324,3.0196330547332764,50,0.1,4.0,0.1,y_bar,0.7117781639099121,0.008714545518159866,0.7118028998374939,0.008625817485153675,0.7117781639099121,0.008714545518159866,0.01205376349389553,4.0,0.1,M4_eta0.1
NOG,10002,388,97.0,199680,114688,388,3.5551679134368896,50,0.1,4.0,0.1,y_bar,0.7106268405914307,0.009050553664565086,0.7105022668838501,0.00887257419526577,0.7106268405914307,0.009050553664565086,0.015122932381927967,4.0,0.1,M4_eta0.1
NOG,10002,452,113.0,232448,131072,452,4.1036341190338135,50,0.1,4.0,0.1,y_bar,0.7092646360397339,0.009589413180947304,0.709182858467102,0.010447461158037186,0.7092646360397339,0.009589413180947304,0.018482130020856857,4.0,0.1,M4_eta0.1
NOG,10002,516,129.0,265216,147456,516,4.682240009307861,50,0.1,4.0,0.1,y_bar,0.7079482078552246,0.009917185641825199,0.7079247832298279,0.009158807806670666,0.7079482078552246,0.009917185641825199,0.017024556174874306,4.0,0.1,M4_eta0.1
NOG,10002,580,145.0,297984,163840,580,5.237202167510986,50,0.1,4.0,0.1,y_bar,0.7057926654815674,0.009356614202260971,0.7057852745056152,0.008619227446615696,0.7057926654815674,0.009356614202260971,0.014526606537401676,4.0,0.1,M4_eta0.1
NOG,10002,644,161.0,330752,180224,644,5.8218817710876465,50,0.1,4.0,0.1,y_bar,0.7064868807792664,0.009959711693227291,0.7065581679344177,0.009625384584069252,0.7064868807792664,0.009959711693227291,0.014571263454854488,4.0,0.1,M4_eta0.1
NOG,10002,708,177.0,363520,196608,708,6.365972518920898,50,0.1,4.0,0.1,y_bar,0.7058396339416504,0.010454198345541954,0.705798327922821,0.012128818780183792,0.7058396339416504,0.010454198345541954,0.01588059403002262,4.0,0.1,M4_eta0.1
NOG,10002,772,193.0,396288,212992,772,6.973541736602783,50,0.1,4.0,0.1,y_bar,0.70558762550354,0.0097376499325037,0.7056119441986084,0.009594966657459736,0.70558762550354,0.0097376499325037,0.014514266513288021,4.0,0.1,M4_eta0.1
NOG,10002,836,209.0,429056,229376,836,7.5250444412231445,50,0.1,4.0,0.1,y_bar,0.7067835330963135,0.00975627452135086,0.7067157030105591,0.009522554464638233,0.7067835330963135,0.00975627452135086,0.015930285677313805,4.0,0.1,M4_eta0.1
NOG,10002,900,225.0,461824,245760,900,8.074299097061157,50,0.1,4.0,0.1,y_bar,0.7052625417709351,0.010453369468450546,0.7052838802337646,0.009006179869174957,0.7052625417709351,0.010453369468450546,0.013231511227786541,4.0,0.1,M4_eta0.1
NOG,10002,960,240.0,492544,262144,960,8.559222936630249,50,0.1,4.0,0.1,y_bar,0.7051165699958801,0.010069205425679684,0.7049992084503174,0.00929566565901041,0.7051165699958801,0.010069205425679684,0.01810387149453163,4.0,0.1,M4_eta0.1
NOG,10002,4,1.0,3072,16384,4,0.11590218544006348,50,0.1,4.0,0.2,y_bar,0.7232897877693176,0.01014457643032074,0.7233633995056152,0.00988971721380949,0.7232897877693176,0.01014457643032074,0.013340302743017673,4.0,0.2,M4_eta0.2
NOG,10002,68,17.0,35840,32768,68,0.8211240768432617,50,0.1,4.0,0.2,y_bar,0.7206650972366333,0.008220705203711987,0.7205615043640137,0.009396555833518505,0.7206650972366333,0.008220705203711987,0.011836456134915352,4.0,0.2,M4_eta0.2
NOG,10002,132,33.0,68608,49152,132,1.436732530593872,50,0.1,4.0,0.2,y_bar,0.7158480286598206,0.008492616936564445,0.7157464027404785,0.008699493482708931,0.7158480286598206,0.008492616936564445,0.013366959057748318,4.0,0.2,M4_eta0.2
NOG,10002,196,49.0,101376,65536,196,2.059985876083374,50,0.1,4.0,0.2,y_bar,0.7133080363273621,0.008203274570405483,0.713217556476593,0.006896745413541794,0.7133080363273621,0.008203274570405483,0.013599635101854801,4.0,0.2,M4_eta0.2
NOG,10002,260,65.0,134144,81920,260,2.6225874423980713,50,0.1,4.0,0.2,y_bar,0.712557315826416,0.007844703271985054,0.7125213742256165,0.007916536182165146,0.712557315826416,0.007844703271985054,0.014285849407315254,4.0,0.2,M4_eta0.2
NOG,10002,324,81.0,166912,98304,324,3.239003896713257,50,0.1,4.0,0.2,y_bar,0.7109894752502441,0.008516107685863972,0.7109712362289429,0.008718397468328476,0.7109894752502441,0.008516107685863972,0.012303588911890984,4.0,0.2,M4_eta0.2
NOG,10002,388,97.0,199680,114688,388,3.869368314743042,50,0.1,4.0,0.2,y_bar,0.7106643915176392,0.008421871811151505,0.7106457948684692,0.008524528704583645,0.7106643915176392,0.008421871811151505,0.014557972550392151,4.0,0.2,M4_eta0.2
NOG,10002,452,113.0,232448,131072,452,4.62389349937439,50,0.1,4.0,0.2,y_bar,0.7090988755226135,0.009007499553263187,0.709073543548584,0.00858251377940178,0.7090988755226135,0.009007499553263187,0.013652121648192406,4.0,0.2,M4_eta0.2
NOG,10002,516,129.0,265216,147456,516,5.154029607772827,50,0.1,4.0,0.2,y_bar,0.7072097659111023,0.008098410442471504,0.707180917263031,0.007924458011984825,0.7072097659111023,0.008098410442471504,0.013729839585721493,4.0,0.2,M4_eta0.2
NOG,10002,580,145.0,297984,163840,580,5.712581157684326,50,0.1,4.0,0.2,y_bar,0.7061906456947327,0.00827756617218256,0.7061901092529297,0.008657451719045639,0.7061906456947327,0.00827756617218256,0.01448286883533001,4.0,0.2,M4_eta0.2
NOG,10002,644,161.0,330752,180224,644,6.352643728256226,50,0.1,4.0,0.2,y_bar,0.7056781649589539,0.009500357322394848,0.7056500315666199,0.00715069891884923,0.7056781649589539,0.009500357322394848,0.014812598004937172,4.0,0.2,M4_eta0.2
NOG,10002,708,177.0,363520,196608,708,6.959115982055664,50,0.1,4.0,0.2,y_bar,0.7055690288543701,0.007502302061766386,0.7055816054344177,0.009973306208848953,0.7055690288543701,0.007502302061766386,0.01489696092903614,4.0,0.2,M4_eta0.2
NOG,10002,772,193.0,396288,212992,772,7.505829095840454,50,0.1,4.0,0.2,y_bar,0.7054277062416077,0.009240768849849701,0.7054675817489624,0.008034076541662216,0.7054277062416077,0.009240768849849701,0.014290919527411461,4.0,0.2,M4_eta0.2
NOG,10002,836,209.0,429056,229376,836,8.1265709400177,50,0.1,4.0,0.2,y_bar,0.7053238749504089,0.008111156523227692,0.7053034901618958,0.007882148958742619,0.7053238749504089,0.008111156523227692,0.01683112606406212,4.0,0.2,M4_eta0.2
NOG,10002,900,225.0,461824,245760,900,8.720228433609009,50,0.1,4.0,0.2,y_bar,0.7044994235038757,0.00914742797613144,0.7044838070869446,0.008873469196259975,0.7044994235038757,0.00914742797613144,0.013355073519051075,4.0,0.2,M4_eta0.2
NOG,10002,960,240.0,492544,262144,960,9.343311786651611,50,0.1,4.0,0.2,y_bar,0.7039869427680969,0.007835537195205688,0.7039990425109863,0.008687835186719894,0.7039869427680969,0.007835537195205688,0.016175998374819756,4.0,0.2,M4_eta0.2
NOG,10002,4,1.0,3072,16384,4,0.17897462844848633,50,0.1,4.0,0.3,y_bar,0.7233216166496277,0.010053150355815887,0.7234218120574951,0.009799596853554249,0.7233216166496277,0.010053150355815887,0.012961980886757374,4.0,0.3,M4_eta0.3
NOG,10002,68,17.0,35840,32768,68,0.7900717258453369,50,0.1,4.0,0.3,y_bar,0.721010684967041,0.008415870368480682,0.7209030985832214,0.009024280123412609,0.721010684967041,0.008415870368480682,0.013027120381593704,4.0,0.3,M4_eta0.3
NOG,10002,132,33.0,68608,49152,132,1.473294734954834,50,0.1,4.0,0.3,y_bar,0.716981828212738,0.009217096492648125,0.7168371081352234,0.009180830791592598,0.716981828212738,0.009217096492648125,0.012988445349037647,4.0,0.3,M4_eta0.3
NOG,10002,196,49.0,101376,65536,196,2.1702804565429688,50,0.1,4.0,0.3,y_bar,0.714327871799469,0.007474453188478947,0.7142934203147888,0.007106707897037268,0.714327871799469,0.007474453188478947,0.011969264596700668,4.0,0.3,M4_eta0.3
NOG,10002,260,65.0,134144,81920,260,2.8105225563049316,50,0.1,4.0,0.3,y_bar,0.713059663772583,0.007671758066862822,0.7130461931228638,0.007382455747574568,0.713059663772583,0.007671758066862822,0.015122403390705585,4.0,0.3,M4_eta0.3
NOG,10002,324,81.0,166912,98304,324,3.3756823539733887,50,0.1,4.0,0.3,y_bar,0.7122735381126404,0.008216306567192078,0.7122218012809753,0.007131932303309441,0.7122735381126404,0.008216306567192078,0.013761062175035477,4.0,0.3,M4_eta0.3
NOG,10002,388,97.0,199680,114688,388,3.908886671066284,50,0.1,4.0,0.3,y_bar,0.7118695378303528,0.007909242063760757,0.7118967175483704,0.007466364651918411,0.7118695378303528,0.007909242063760757,0.013745994307100773,4.0,0.3,M4_eta0.3
NOG,10002,452,113.0,232448,131072,452,4.46109676361084,50,0.1,4.0,0.3,y_bar,0.7107893228530884,0.00878905039280653,0.7108132839202881,0.008213306777179241,0.7107893228530884,0.00878905039280653,0.012242665514349937,4.0,0.3,M4_eta0.3
NOG,10002,516,129.0,265216,147456,516,4.992523908615112,50,0.1,4.0,0.3,y_bar,0.7101951837539673,0.006798058748245239,0.7102205753326416,0.007835928350687027,0.7101951837539673,0.006798058748245239,0.015488110482692719,4.0,0.3,M4_eta0.3
NOG,10002,580,145.0,297984,163840,580,5.6078736782073975,50,0.1,4.0,0.3,y_bar,0.709723949432373,0.006541223265230656,0.7096683979034424,0.008015935309231281,0.709723949432373,0.006541223265230656,0.01400771364569664,4.0,0.3,M4_eta0.3
NOG,10002,644,161.0,330752,180224,644,6.291319847106934,50,0.1,4.0,0.3,y_bar,0.7097362875938416,0.00875267293304205,0.7097668647766113,0.006441009696573019,0.7097362875938416,0.00875267293304205,0.01433013379573822,4.0,0.3,M4_eta0.3
NOG,10002,708,177.0,363520,196608,708,6.903488874435425,50,0.1,4.0,0.3,y_bar,0.7089307308197021,0.007357883732765913,0.7089427709579468,0.008909367024898529,0.7089307308197021,0.007357883732765913,0.014215008355677128,4.0,0.3,M4_eta0.3
NOG,10002,772,193.0,396288,212992,772,7.482468128204346,50,0.1,4.0,0.3,y_bar,0.708702802658081,0.008971814066171646,0.7087384462356567,0.008286120370030403,0.708702802658081,0.008971814066171646,0.014033840037882328,4.0,0.3,M4_eta0.3
NOG,10002,836,209.0,429056,229376,836,8.012861013412476,50,0.1,4.0,0.3,y_bar,0.7082297205924988,0.009095367044210434,0.708232581615448,0.009679460898041725,0.7082297205924988,0.009095367044210434,0.015980064868927002,4.0,0.3,M4_eta0.3
NOG,10002,900,225.0,461824,245760,900,8.557651281356812,50,0.1,4.0,0.3,y_bar,0.7074873447418213,0.008114016614854336,0.707517147064209,0.008381524123251438,0.7074873447418213,0.008114016614854336,0.013822464272379875,4.0,0.3,M4_eta0.3
NOG,10002,960,240.0,492544,262144,960,9.10212230682373,50,0.1,4.0,0.3,y_bar,0.7075487971305847,0.008070033974945545,0.707517683506012,0.0076942723244428635,0.7075487971305847,0.008070033974945545,0.016426723450422287,4.0,0.3,M4_eta0.3
NOG,10002,4,1.0,3072,16384,4,0.12470197677612305,50,0.1,4.0,0.5,y_bar,0.7233564853668213,0.010055133141577244,0.7234601974487305,0.009899006225168705,0.7233564853668213,0.010055133141577244,0.012854905799031258,4.0,0.5,M4_eta0.5
NOG,10002,68,17.0,35840,32768,68,0.6957755088806152,50,0.1,4.0,0.5,y_bar,0.7218356728553772,0.00822310522198677,0.7217820882797241,0.008376727811992168,0.7218356728553772,0.00822310522198677,0.011982670053839684,4.0,0.5,M4_eta0.5
NOG,10002,132,33.0,68608,49152,132,1.227764368057251,50,0.1,4.0,0.5,y_bar,0.7197632193565369,0.009298576973378658,0.7196022272109985,0.009837193414568901,0.7197632193565369,0.009298576973378658,0.0144919753074646,4.0,0.5,M4_eta0.5
NOG,10002,196,49.0,101376,65536,196,1.8129889965057373,50,0.1,4.0,0.5,y_bar,0.7171857357025146,0.007097593042999506,0.7171050906181335,0.008184988051652908,0.7171857357025146,0.007097593042999506,0.013339678756892681,4.0,0.5,M4_eta0.5
NOG,10002,260,65.0,134144,81920,260,2.3546457290649414,50,0.1,4.0,0.5,y_bar,0.7154384255409241,0.007295500952750444,0.7153843641281128,0.007673053070902824,0.7154384255409241,0.007295500952750444,0.014808198437094688,4.0,0.5,M4_eta0.5
NOG,10002,324,81.0,166912,98304,324,2.9045212268829346,50,0.1,4.0,0.5,y_bar,0.7142104506492615,0.007846774533390999,0.7141967415809631,0.006979587022215128,0.7142104506492615,0.007846774533390999,0.012908613309264183,4.0,0.5,M4_eta0.5
NOG,10002,388,97.0,199680,114688,388,3.5423202514648438,50,0.1,4.0,0.5,y_bar,0.7131079435348511,0.0077603599056601524,0.7131239175796509,0.00687848636880517,0.7131079435348511,0.0077603599056601524,0.014239114709198475,4.0,0.5,M4_eta0.5
NOG,10002,452,113.0,232448,131072,452,4.113597393035889,50,0.1,4.0,0.5,y_bar,0.7121971249580383,0.009413265623152256,0.7121923565864563,0.007349737454205751,0.7121971249580383,0.009413265623152256,0.0117875374853611,4.0,0.5,M4_eta0.5
NOG,10002,516,129.0,265216,147456,516,4.689358472824097,50,0.1,4.0,0.5,y_bar,0.7118170261383057,0.00810695718973875,0.7117998600006104,0.00697743333876133,0.7118170261383057,0.00810695718973875,0.015103762969374657,4.0,0.5,M4_eta0.5
NOG,10002,580,145.0,297984,163840,580,5.236958742141724,50,0.1,4.0,0.5,y_bar,0.7114899158477783,0.007185179740190506,0.7114552855491638,0.007987549528479576,0.7114899158477783,0.007185179740190506,0.013587803579866886,4.0,0.5,M4_eta0.5
NOG,10002,644,161.0,330752,180224,644,5.768702030181885,50,0.1,4.0,0.5,y_bar,0.7112257480621338,0.008085021749138832,0.7111822366714478,0.005623232573270798,0.7112257480621338,0.008085021749138832,0.015475315041840076,4.0,0.5,M4_eta0.5
NOG,10002,708,177.0,363520,196608,708,6.337364673614502,50,0.1,4.0,0.5,y_bar,0.7109023928642273,0.007139548193663359,0.7109143137931824,0.008629785850644112,0.7109023928642273,0.007139548193663359,0.012307248078286648,4.0,0.5,M4_eta0.5
NOG,10002,772,193.0,396288,212992,772,6.858216762542725,50,0.1,4.0,0.5,y_bar,0.7106313109397888,0.008350755088031292,0.7106396555900574,0.007874997332692146,0.7106313109397888,0.008350755088031292,0.012524743564426899,4.0,0.5,M4_eta0.5
NOG,10002,836,209.0,429056,229376,836,7.437591075897217,50,0.1,4.0,0.5,y_bar,0.7103514671325684,0.007468684110790491,0.7103512287139893,0.00837210938334465,0.7103514671325684,0.007468684110790491,0.012981060892343521,4.0,0.5,M4_eta0.5
NOG,10002,900,225.0,461824,245760,900,8.01902985572815,50,0.1,4.0,0.5,y_bar,0.7102970480918884,0.007212168537080288,0.7103040218353271,0.006797023117542267,0.7102970480918884,0.007212168537080288,0.012004547752439976,4.0,0.5,M4_eta0.5
NOG,10002,960,240.0,492544,262144,960,8.525405406951904,50,0.1,4.0,0.5,y_bar,0.7101515531539917,0.007692175451666117,0.7101511359214783,0.007191414479166269,0.7101515531539917,0.007692175451666117,0.011451399885118008,4.0,0.5,M4_eta0.5
NOG,10002,8,1.0,5120,16384,8,0.1567058563232422,50,0.1,8.0,0.1,y_bar,0.7232736945152283,0.011280765756964684,0.7232909202575684,0.010210513137280941,0.7232736945152283,0.011280765756964684,0.010306139476597309,8.0,0.1,M8_eta0.1
NOG,10002,72,9.0,37888,32768,72,0.6667327880859375,50,0.1,8.0,0.1,y_bar,0.7218592762947083,0.00964811909943819,0.7217687964439392,0.008354735560715199,0.7218592762947083,0.00964811909943819,0.01028421986848116,8.0,0.1,M8_eta0.1
NOG,10002,136,17.0,70656,49152,136,1.2751836776733398,50,0.1,8.0,0.1,y_bar,0.7195354700088501,0.008567574433982372,0.7193273901939392,0.00938743818551302,0.7195354700088501,0.008567574433982372,0.012624621391296387,8.0,0.1,M8_eta0.1
NOG,10002,200,25.0,103424,65536,200,1.8305838108062744,50,0.1,8.0,0.1,y_bar,0.7170192003250122,0.00899587944149971,0.7168794274330139,0.009181834757328033,0.7170192003250122,0.00899587944149971,0.010790005326271057,8.0,0.1,M8_eta0.1
NOG,10002,264,33.0,136192,81920,264,2.3543429374694824,50,0.1,8.0,0.1,y_bar,0.7150483131408691,0.008889690972864628,0.7149564027786255,0.008535918779671192,0.7150483131408691,0.008889690972864628,0.010289749130606651,8.0,0.1,M8_eta0.1
NOG,10002,328,41.0,168960,98304,328,2.8761746883392334,50,0.1,8.0,0.1,y_bar,0.713813841342926,0.007087890058755875,0.7137836217880249,0.008603186346590519,0.713813841342926,0.007087890058755875,0.008970831520855427,8.0,0.1,M8_eta0.1
NOG,10002,392,49.0,201728,114688,392,3.447803258895874,50,0.1,8.0,0.1,y_bar,0.7129619121551514,0.008167901076376438,0.7129571437835693,0.008470878936350346,0.7129619121551514,0.008167901076376438,0.008383370004594326,8.0,0.1,M8_eta0.1
NOG,10002,456,57.0,234496,131072,456,4.015704393386841,50,0.1,8.0,0.1,y_bar,0.7120734453201294,0.007050793152302504,0.7119978666305542,0.007031449116766453,0.7120734453201294,0.007050793152302504,0.0105725834146142,8.0,0.1,M8_eta0.1
NOG,10002,520,65.0,267264,147456,520,4.578345060348511,50,0.1,8.0,0.1,y_bar,0.711646556854248,0.008378289639949799,0.7116027474403381,0.007999717257916927,0.711646556854248,0.008378289639949799,0.011455494910478592,8.0,0.1,M8_eta0.1
NOG,10002,584,73.0,300032,163840,584,5.234463930130005,50,0.1,8.0,0.1,y_bar,0.7108755111694336,0.0072552841156721115,0.7108903527259827,0.006760912016034126,0.7108755111694336,0.0072552841156721115,0.00831456296145916,8.0,0.1,M8_eta0.1
NOG,10002,648,81.0,332800,180224,648,5.927385330200195,50,0.1,8.0,0.1,y_bar,0.7110999822616577,0.008947166614234447,0.7111334800720215,0.006983904168009758,0.7110999822616577,0.008947166614234447,0.010016653686761856,8.0,0.1,M8_eta0.1
NOG,10002,712,89.0,365568,196608,712,6.502291917800903,50,0.1,8.0,0.1,y_bar,0.7105992436408997,0.009377418085932732,0.7105945348739624,0.0077687581069767475,0.7105992436408997,0.009377418085932732,0.011513576842844486,8.0,0.1,M8_eta0.1
NOG,10002,776,97.0,398336,212992,776,7.100336074829102,50,0.1,8.0,0.1,y_bar,0.7103639245033264,0.007823590189218521,0.7103713154792786,0.00835274439305067,0.7103639245033264,0.007823590189218521,0.009823814034461975,8.0,0.1,M8_eta0.1
NOG,10002,840,105.0,431104,229376,840,7.629723310470581,50,0.1,8.0,0.1,y_bar,0.7103306651115417,0.00902128592133522,0.7103285193443298,0.007808373775333166,0.7103306651115417,0.00902128592133522,0.009958277456462383,8.0,0.1,M8_eta0.1
NOG,10002,904,113.0,463872,245760,904,8.246857404708862,50,0.1,8.0,0.1,y_bar,0.7097381949424744,0.0073453946970403194,0.7097204923629761,0.008604325354099274,0.7097381949424744,0.0073453946970403194,0.009850716218352318,8.0,0.1,M8_eta0.1
NOG,10002,960,120.0,492544,262144,960,8.832693099975586,50,0.1,8.0,0.1,y_bar,0.7094237804412842,0.008641250431537628,0.709338366985321,0.007487312890589237,0.7094237804412842,0.008641250431537628,0.010431946255266666,8.0,0.1,M8_eta0.1
NOG,10002,8,1.0,5120,16384,8,0.18694853782653809,50,0.1,8.0,0.2,y_bar,0.7233100533485413,0.011334865354001522,0.7233264446258545,0.01010835450142622,0.7233100533485413,0.011334865354001522,0.01015414111316204,8.0,0.2,M8_eta0.2
NOG,10002,72,9.0,37888,32768,72,0.8234221935272217,50,0.1,8.0,0.2,y_bar,0.7221697568893433,0.008786706253886223,0.7221134305000305,0.008257864974439144,0.7221697568893433,0.008786706253886223,0.010456990450620651,8.0,0.2,M8_eta0.2
NOG,10002,136,17.0,70656,49152,136,1.4141638278961182,50,0.1,8.0,0.2,y_bar,0.72098308801651,0.008649101480841637,0.7208518385887146,0.008636124432086945,0.72098308801651,0.008649101480841637,0.012176346965134144,8.0,0.2,M8_eta0.2
NOG,10002,200,25.0,103424,65536,200,2.0693225860595703,50,0.1,8.0,0.2,y_bar,0.7194772362709045,0.009847834706306458,0.7193527817726135,0.007950440049171448,0.7194772362709045,0.009847834706306458,0.01037322822958231,8.0,0.2,M8_eta0.2
NOG,10002,264,33.0,136192,81920,264,2.698542356491089,50,0.1,8.0,0.2,y_bar,0.7179487943649292,0.00842257309705019,0.7178675532341003,0.008393430151045322,0.7179487943649292,0.00842257309705019,0.0104756411164999,8.0,0.2,M8_eta0.2
NOG,10002,328,41.0,168960,98304,328,3.3311173915863037,50,0.1,8.0,0.2,y_bar,0.7164860367774963,0.007210718467831612,0.7164278030395508,0.007742157205939293,0.7164860367774963,0.007210718467831612,0.009068132378160954,8.0,0.2,M8_eta0.2
NOG,10002,392,49.0,201728,114688,392,3.8908779621124268,50,0.1,8.0,0.2,y_bar,0.715483546257019,0.00939580425620079,0.7154443264007568,0.007736493833363056,0.715483546257019,0.00939580425620079,0.009167580865323544,8.0,0.2,M8_eta0.2
NOG,10002,456,57.0,234496,131072,456,4.5566442012786865,50,0.1,8.0,0.2,y_bar,0.7145644426345825,0.00683181919157505,0.7144740223884583,0.0076565220952034,0.7145644426345825,0.00683181919157505,0.010065000504255295,8.0,0.2,M8_eta0.2
NOG,10002,520,65.0,267264,147456,520,5.204851388931274,50,0.1,8.0,0.2,y_bar,0.7135784029960632,0.00739238690584898,0.713555634021759,0.0084012970328331,0.7135784029960632,0.00739238690584898,0.010769998654723167,8.0,0.2,M8_eta0.2
NOG,10002,584,73.0,300032,163840,584,5.880389928817749,50,0.1,8.0,0.2,y_bar,0.7128043174743652,0.007388146594166756,0.7127622961997986,0.0071540032513439655,0.7128043174743652,0.007388146594166756,0.009889086708426476,8.0,0.2,M8_eta0.2
NOG,10002,648,81.0,332800,180224,648,6.469919919967651,50,0.1,8.0,0.2,y_bar,0.7124470472335815,0.0060777789913117886,0.7124252319335938,0.007018099073320627,0.7124470472335815,0.0060777789913117886,0.010458618402481079,8.0,0.2,M8_eta0.2
NOG,10002,712,89.0,365568,196608,712,7.07802414894104,50,0.1,8.0,0.2,y_bar,0.7121074795722961,0.009061288088560104,0.7120671272277832,0.008659509010612965,0.7121074795722961,0.009061288088560104,0.009304850362241268,8.0,0.2,M8_eta0.2
NOG,10002,776,97.0,398336,212992,776,7.7020134925842285,50,0.1,8.0,0.2,y_bar,0.7114956378936768,0.005438163876533508,0.7115004658699036,0.007557633798569441,0.7114956378936768,0.005438163876533508,0.009965063072741032,8.0,0.2,M8_eta0.2
NOG,10002,840,105.0,431104,229376,840,8.293274879455566,50,0.1,8.0,0.2,y_bar,0.7112546563148499,0.007851380854845047,0.7112456560134888,0.008322370238602161,0.7112546563148499,0.007851380854845047,0.007915880531072617,8.0,0.2,M8_eta0.2
NOG,10002,904,113.0,463872,245760,904,8.972151041030884,50,0.1,8.0,0.2,y_bar,0.710934579372406,0.007681078743189573,0.7109194993972778,0.006154144182801247,0.710934579372406,0.007681078743189573,0.010800892487168312,8.0,0.2,M8_eta0.2
NOG,10002,960,120.0,492544,262144,960,9.455465078353882,50,0.1,8.0,0.2,y_bar,0.7107679843902588,0.006969834677875042,0.7107471227645874,0.007329890504479408,0.7107679843902588,0.006969834677875042,0.008827541023492813,8.0,0.2,M8_eta0.2
NOG,10002,8,1.0,5120,16384,8,0.22040653228759766,50,0.1,8.0,0.3,y_bar,0.7232842445373535,0.011243737302720547,0.7232803106307983,0.0102533595636487,0.7232842445373535,0.011243737302720547,0.01019367016851902,8.0,0.3,M8_eta0.3
NOG,10002,72,9.0,37888,32768,72,0.898967981338501,50,0.1,8.0,0.3,y_bar,0.7225233316421509,0.008606602437794209,0.722511351108551,0.007884451188147068,0.7225233316421509,0.008606602437794209,0.009639919735491276,8.0,0.3,M8_eta0.3
NOG,10002,136,17.0,70656,49152,136,1.5121736526489258,50,0.1,8.0,0.3,y_bar,0.7218607068061829,0.008122051134705544,0.7217709422111511,0.007770637981593609,0.7218607068061829,0.008122051134705544,0.011376239359378815,8.0,0.3,M8_eta0.3
NOG,10002,200,25.0,103424,65536,200,2.095519542694092,50,0.1,8.0,0.3,y_bar,0.7211635708808899,0.008648811839520931,0.7211125493049622,0.007655298337340355,0.7211635708808899,0.008648811839520931,0.009825708344578743,8.0,0.3,M8_eta0.3
NOG,10002,264,33.0,136192,81920,264,2.657052516937256,50,0.1,8.0,0.3,y_bar,0.7204990983009338,0.007715696003288031,0.7204234600067139,0.008786890655755997,0.7204990983009338,0.007715696003288031,0.010139618068933487,8.0,0.3,M8_eta0.3
NOG,10002,328,41.0,168960,98304,328,3.3043079376220703,50,0.1,8.0,0.3,y_bar,0.7194230556488037,0.007937374524772167,0.7193551659584045,0.008957872167229652,0.7194230556488037,0.007937374524772167,0.009875599294900894,8.0,0.3,M8_eta0.3
NOG,10002,392,49.0,201728,114688,392,3.8839802742004395,50,0.1,8.0,0.3,y_bar,0.718343198299408,0.00905140396207571,0.7182935476303101,0.00841022189706564,0.718343198299408,0.00905140396207571,0.009671160019934177,8.0,0.3,M8_eta0.3
NOG,10002,456,57.0,234496,131072,456,4.503676176071167,50,0.1,8.0,0.3,y_bar,0.7173153758049011,0.006738204043358564,0.7172887325286865,0.008746877312660217,0.7173153758049011,0.006738204043358564,0.009104992263019085,8.0,0.3,M8_eta0.3
NOG,10002,520,65.0,267264,147456,520,5.069519996643066,50,0.1,8.0,0.3,y_bar,0.7165540456771851,0.006773259490728378,0.7165389060974121,0.009050707332789898,0.7165540456771851,0.006773259490728378,0.010307339951395988,8.0,0.3,M8_eta0.3
NOG,10002,584,73.0,300032,163840,584,5.624332666397095,50,0.1,8.0,0.3,y_bar,0.7159228324890137,0.007862336933612823,0.7158883810043335,0.007550795562565327,0.7159228324890137,0.007862336933612823,0.008545379154384136,8.0,0.3,M8_eta0.3
NOG,10002,648,81.0,332800,180224,648,6.30972957611084,50,0.1,8.0,0.3,y_bar,0.7153885960578918,0.006198384799063206,0.7153623700141907,0.008017356507480145,0.7153885960578918,0.006198384799063206,0.009953400120139122,8.0,0.3,M8_eta0.3
NOG,10002,712,89.0,365568,196608,712,6.941918849945068,50,0.1,8.0,0.3,y_bar,0.7150628566741943,0.008179056458175182,0.7150096893310547,0.007805668283253908,0.7150628566741943,0.008179056458175182,0.010640918277204037,8.0,0.3,M8_eta0.3
NOG,10002,776,97.0,398336,212992,776,7.461833715438843,50,0.1,8.0,0.3,y_bar,0.7146037817001343,0.007035665214061737,0.7146011590957642,0.008706910535693169,0.7146037817001343,0.007035665214061737,0.009533192031085491,8.0,0.3,M8_eta0.3
NOG,10002,840,105.0,431104,229376,840,8.016327857971191,50,0.1,8.0,0.3,y_bar,0.713992714881897,0.006880280561745167,0.7139933109283447,0.008910794742405415,0.713992714881897,0.006880280561745167,0.009011697955429554,8.0,0.3,M8_eta0.3
NOG,10002,904,113.0,463872,245760,904,8.591516256332397,50,0.1,8.0,0.3,y_bar,0.7135124802589417,0.007925393059849739,0.7134889960289001,0.006526472978293896,0.7135124802589417,0.007925393059849739,0.009558825753629208,8.0,0.3,M8_eta0.3
NOG,10002,960,120.0,492544,262144,960,9.113348007202148,50,0.1,8.0,0.3,y_bar,0.7131387591362,0.007625850383192301,0.7130963802337646,0.0071441978216171265,0.7131387591362,0.007625850383192301,0.009501961059868336,8.0,0.3,M8_eta0.3
NOG,10002,8,1.0,5120,16384,8,0.1507120132446289,50,0.1,8.0,0.5,y_bar,0.7232571840286255,0.011267002671957016,0.7232542634010315,0.010474147275090218,0.7232571840286255,0.011267002671957016,0.010361708700656891,8.0,0.5,M8_eta0.5
NOG,10002,72,9.0,37888,32768,72,0.714367151260376,50,0.1,8.0,0.5,y_bar,0.7227766513824463,0.00909572932869196,0.7227705121040344,0.007892322726547718,0.7227766513824463,0.00909572932869196,0.009329504333436489,8.0,0.5,M8_eta0.5
NOG,10002,136,17.0,70656,49152,136,1.3168220520019531,50,0.1,8.0,0.5,y_bar,0.7223532199859619,0.007715510204434395,0.7223146557807922,0.007635278627276421,0.7223532199859619,0.007715510204434395,0.010748626664280891,8.0,0.5,M8_eta0.5
NOG,10002,200,25.0,103424,65536,200,1.8731210231781006,50,0.1,8.0,0.5,y_bar,0.722072422504425,0.008029247634112835,0.7220444083213806,0.007148710545152426,0.722072422504425,0.008029247634112835,0.009401973336935043,8.0,0.5,M8_eta0.5
NOG,10002,264,33.0,136192,81920,264,2.4283483028411865,50,0.1,8.0,0.5,y_bar,0.7218830585479736,0.006919179577380419,0.7218649387359619,0.007785784546285868,0.7218830585479736,0.006919179577380419,0.00845369603484869,8.0,0.5,M8_eta0.5
NOG,10002,328,41.0,168960,98304,328,2.9837775230407715,50,0.1,8.0,0.5,y_bar,0.7215456366539001,0.007057403679937124,0.7215099334716797,0.00764167495071888,0.7215456366539001,0.007057403679937124,0.009481756947934628,8.0,0.5,M8_eta0.5
NOG,10002,392,49.0,201728,114688,392,3.5239932537078857,50,0.1,8.0,0.5,y_bar,0.7211498618125916,0.008904931135475636,0.7211238145828247,0.007938351482152939,0.7211498618125916,0.008904931135475636,0.008665839210152626,8.0,0.5,M8_eta0.5
NOG,10002,456,57.0,234496,131072,456,4.138385534286499,50,0.1,8.0,0.5,y_bar,0.7206166982650757,0.00682551646605134,0.720600962638855,0.008817068301141262,0.7206166982650757,0.00682551646605134,0.010278033092617989,8.0,0.5,M8_eta0.5
NOG,10002,520,65.0,267264,147456,520,4.703434944152832,50,0.1,8.0,0.5,y_bar,0.720175564289093,0.00709810433909297,0.7201408743858337,0.008629570715129375,0.720175564289093,0.00709810433909297,0.010098719969391823,8.0,0.5,M8_eta0.5
NOG,10002,584,73.0,300032,163840,584,5.300222873687744,50,0.1,8.0,0.5,y_bar,0.7196440100669861,0.008462841622531414,0.7196001410484314,0.006978427059948444,0.7196440100669861,0.008462841622531414,0.009809182025492191,8.0,0.5,M8_eta0.5
NOG,10002,648,81.0,332800,180224,648,5.930824518203735,50,0.1,8.0,0.5,y_bar,0.7191087007522583,0.006358276586979628,0.7190935015678406,0.008335667662322521,0.7191087007522583,0.006358276586979628,0.008484482765197754,8.0,0.5,M8_eta0.5
NOG,10002,712,89.0,365568,196608,712,6.481315612792969,50,0.1,8.0,0.5,y_bar,0.7187339067459106,0.008118205703794956,0.7186897993087769,0.007867547683417797,0.7187339067459106,0.008118205703794956,0.010342704132199287,8.0,0.5,M8_eta0.5
NOG,10002,776,97.0,398336,212992,776,7.119498014450073,50,0.1,8.0,0.5,y_bar,0.718373715877533,0.007983299903571606,0.7183505296707153,0.009383590891957283,0.718373715877533,0.007983299903571606,0.010243858210742474,8.0,0.5,M8_eta0.5
NOG,10002,840,105.0,431104,229376,840,7.6496686935424805,50,0.1,8.0,0.5,y_bar,0.7179260849952698,0.006798629183322191,0.7179082036018372,0.008370213210582733,0.7179260849952698,0.006798629183322191,0.00998773891478777,8.0,0.5,M8_eta0.5
NOG,10002,904,113.0,463872,245760,904,8.152116298675537,50,0.1,8.0,0.5,y_bar,0.7173993587493896,0.008365663699805737,0.7173792123794556,0.006987838074564934,0.7173993587493896,0.008365663699805737,0.009101715870201588,8.0,0.5,M8_eta0.5
NOG,10002,960,120.0,492544,262144,960,8.657548904418945,50,0.1,8.0,0.5,y_bar,0.7168785929679871,0.007568811997771263,0.7168423533439636,0.008052470162510872,0.7168785929679871,0.007568811997771263,0.00899928156286478,8.0,0.5,M8_eta0.5
NOG,10002,12,1.0,7168,16384,12,0.1911485195159912,50,0.1,12.0,0.1,y_bar,0.7232694625854492,0.01000340934842825,0.7232441902160645,0.009778358042240143,0.7232694625854492,0.01000340934842825,0.009007793851196766,12.0,0.1,M12_eta0.1
NOG,10002,84,7.0,44032,32768,84,0.8427317142486572,50,0.1,12.0,0.1,y_bar,0.7221975326538086,0.00817150715738535,0.7220887541770935,0.007318123243749142,0.7221975326538086,0.00817150715738535,0.009548024274408817,12.0,0.1,M12_eta0.1
NOG,10002,156,13.0,80896,49152,156,1.4703567028045654,50,0.1,12.0,0.1,y_bar,0.7208579778671265,0.0074488273821771145,0.7207714915275574,0.00825976300984621,0.7208579778671265,0.0074488273821771145,0.008733516559004784,12.0,0.1,M12_eta0.1
NOG,10002,228,19.0,117760,65536,228,2.087749719619751,50,0.1,12.0,0.1,y_bar,0.719463050365448,0.008650241419672966,0.719330906867981,0.009203026071190834,0.719463050365448,0.008650241419672966,0.009370077401399612,12.0,0.1,M12_eta0.1
NOG,10002,300,25.0,154624,81920,300,2.7003533840179443,50,0.1,12.0,0.1,y_bar,0.7181090116500854,0.008555139414966106,0.7180216312408447,0.00740587804466486,0.7181090116500854,0.008555139414966106,0.00874392967671156,12.0,0.1,M12_eta0.1
NOG,10002,372,31.0,191488,98304,372,3.3255534172058105,50,0.1,12.0,0.1,y_bar,0.7167554497718811,0.007931225933134556,0.7166529893875122,0.00808797962963581,0.7167554497718811,0.007931225933134556,0.008204163052141666,12.0,0.1,M12_eta0.1
NOG,10002,444,37.0,228352,114688,444,3.9977731704711914,50,0.1,12.0,0.1,y_bar,0.7157183289527893,0.006301368121057749,0.7157389521598816,0.00826207920908928,0.7157183289527893,0.006301368121057749,0.0087286327034235,12.0,0.1,M12_eta0.1
NOG,10002,516,43.0,265216,131072,516,4.615643501281738,50,0.1,12.0,0.1,y_bar,0.715095043182373,0.009114022366702557,0.7150648236274719,0.007946946658194065,0.715095043182373,0.009114022366702557,0.007605348713696003,12.0,0.1,M12_eta0.1
NOG,10002,588,49.0,302080,147456,588,5.263473987579346,50,0.1,12.0,0.1,y_bar,0.7144094705581665,0.008028466254472733,0.7143739461898804,0.0064996713772416115,0.7144094705581665,0.008028466254472733,0.007639768999069929,12.0,0.1,M12_eta0.1
NOG,10002,660,55.0,338944,163840,660,5.8430235385894775,50,0.1,12.0,0.1,y_bar,0.7136143445968628,0.008623652160167694,0.7135734558105469,0.008421375416219234,0.7136143445968628,0.008623652160167694,0.008022024296224117,12.0,0.1,M12_eta0.1
NOG,10002,732,61.0,375808,180224,732,6.441793203353882,50,0.1,12.0,0.1,y_bar,0.7131529450416565,0.0064727929420769215,0.7131121158599854,0.008044524118304253,0.7131529450416565,0.0064727929420769215,0.008256063796579838,12.0,0.1,M12_eta0.1
NOG,10002,804,67.0,412672,196608,804,7.050649881362915,50,0.1,12.0,0.1,y_bar,0.7127290964126587,0.00841246172785759,0.7127294540405273,0.00713771115988493,0.7127290964126587,0.00841246172785759,0.0075719039887189865,12.0,0.1,M12_eta0.1
NOG,10002,876,73.0,449536,212992,876,7.782843589782715,50,0.1,12.0,0.1,y_bar,0.7124495506286621,0.007768555544316769,0.7123844027519226,0.007174892351031303,0.7124495506286621,0.007768555544316769,0.008536421693861485,12.0,0.1,M12_eta0.1
NOG,10002,948,79.0,486400,229376,948,8.492547750473022,50,0.1,12.0,0.1,y_bar,0.712219774723053,0.007956425659358501,0.7122071981430054,0.007248825393617153,0.712219774723053,0.007956425659358501,0.008335470221936703,12.0,0.1,M12_eta0.1
NOG,10002,960,80.0,492544,245760,960,8.699287414550781,50,0.1,12.0,0.1,y_bar,0.7121807336807251,0.008130578324198723,0.7121536135673523,0.0077579268254339695,0.7121807336807251,0.008130578324198723,0.008162373676896095,12.0,0.1,M12_eta0.1
NOG,10002,12,1.0,7168,16384,12,0.2370438575744629,50,0.1,12.0,0.2,y_bar,0.7232456803321838,0.010026351548731327,0.723201334476471,0.00989343412220478,0.7232456803321838,0.010026351548731327,0.009125867858529091,12.0,0.2,M12_eta0.2
NOG,10002,84,7.0,44032,32768,84,0.8565747737884521,50,0.1,12.0,0.2,y_bar,0.7226106524467468,0.008109470829367638,0.7225421667098999,0.007384579628705978,0.7226106524467468,0.008109470829367638,0.00948435440659523,12.0,0.2,M12_eta0.2
NOG,10002,156,13.0,80896,49152,156,1.5116424560546875,50,0.1,12.0,0.2,y_bar,0.7220126986503601,0.007088168524205685,0.7220157980918884,0.007935024797916412,0.7220126986503601,0.007088168524205685,0.008647692389786243,12.0,0.2,M12_eta0.2
NOG,10002,228,19.0,117760,65536,228,2.1406075954437256,50,0.1,12.0,0.2,y_bar,0.7215743064880371,0.007806049194186926,0.7215240001678467,0.007939111441373825,0.7215743064880371,0.007806049194186926,0.008644646033644676,12.0,0.2,M12_eta0.2
NOG,10002,300,25.0,154624,81920,300,2.8234596252441406,50,0.1,12.0,0.2,y_bar,0.7210302352905273,0.008288121782243252,0.7209978103637695,0.0073445579037070274,0.7210302352905273,0.008288121782243252,0.008752832189202309,12.0,0.2,M12_eta0.2
NOG,10002,372,31.0,191488,98304,372,3.5636637210845947,50,0.1,12.0,0.2,y_bar,0.7203473448753357,0.007610672619193792,0.7202724814414978,0.008427298627793789,0.7203473448753357,0.007610672619193792,0.007628479972481728,12.0,0.2,M12_eta0.2
NOG,10002,444,37.0,228352,114688,444,4.2604193687438965,50,0.1,12.0,0.2,y_bar,0.7194680571556091,0.007053016684949398,0.7194423675537109,0.009138847701251507,0.7194680571556091,0.007053016684949398,0.008003616705536842,12.0,0.2,M12_eta0.2
NOG,10002,516,43.0,265216,131072,516,4.900457859039307,50,0.1,12.0,0.2,y_bar,0.7189206480979919,0.008400904014706612,0.7189033627510071,0.007728304713964462,0.7189206480979919,0.008400904014706612,0.008195594884455204,12.0,0.2,M12_eta0.2
NOG,10002,588,49.0,302080,147456,588,5.641900539398193,50,0.1,12.0,0.2,y_bar,0.7182773351669312,0.008983702398836613,0.7182188034057617,0.00823318213224411,0.7182773351669312,0.008983702398836613,0.007376627065241337,12.0,0.2,M12_eta0.2
NOG,10002,660,55.0,338944,163840,660,6.38988184928894,50,0.1,12.0,0.2,y_bar,0.717654287815094,0.007750322110950947,0.7176161408424377,0.009055969305336475,0.717654287815094,0.007750322110950947,0.007718756329268217,12.0,0.2,M12_eta0.2
NOG,10002,732,61.0,375808,180224,732,7.085404872894287,50,0.1,12.0,0.2,y_bar,0.7171701788902283,0.009400781244039536,0.7171068787574768,0.008925970643758774,0.7171701788902283,0.009400781244039536,0.00845926720649004,12.0,0.2,M12_eta0.2
NOG,10002,804,67.0,412672,196608,804,7.75787353515625,50,0.1,12.0,0.2,y_bar,0.7165654897689819,0.0092995660379529,0.7165355086326599,0.006258297711610794,0.7165654897689819,0.0092995660379529,0.008389752358198166,12.0,0.2,M12_eta0.2
NOG,10002,876,73.0,449536,212992,876,8.437225341796875,50,0.1,12.0,0.2,y_bar,0.7160129547119141,0.008258205838501453,0.7159631252288818,0.007094000466167927,0.7160129547119141,0.008258205838501453,0.009517334401607513,12.0,0.2,M12_eta0.2
NOG,10002,948,79.0,486400,229376,948,9.157937049865723,50,0.1,12.0,0.2,y_bar,0.7155745029449463,0.008120561949908733,0.7155498266220093,0.0076618557795882225,0.7155745029449463,0.008120561949908733,0.008489694446325302,12.0,0.2,M12_eta0.2
NOG,10002,960,80.0,492544,245760,960,9.393158674240112,50,0.1,12.0,0.2,y_bar,0.7155060768127441,0.007888378575444221,0.7154580354690552,0.008385749533772469,0.7155060768127441,0.007888378575444221,0.008722417056560516,12.0,0.2,M12_eta0.2
NOG,10002,12,1.0,7168,16384,12,0.26923322677612305,50,0.1,12.0,0.3,y_bar,0.7232325673103333,0.010063599795103073,0.7231975793838501,0.01005310844630003,0.7232325673103333,0.010063599795103073,0.009294074960052967,12.0,0.3,M12_eta0.3
NOG,10002,84,7.0,44032,32768,84,0.8874475955963135,50,0.1,12.0,0.3,y_bar,0.7227951288223267,0.008248287253081799,0.7227475643157959,0.007257541175931692,0.7227951288223267,0.008248287253081799,0.00977461040019989,12.0,0.3,M12_eta0.3
NOG,10002,156,13.0,80896,49152,156,1.5141096115112305,50,0.1,12.0,0.3,y_bar,0.7223852276802063,0.0070741912350058556,0.7223879098892212,0.008045332506299019,0.7223852276802063,0.0070741912350058556,0.008860421366989613,12.0,0.3,M12_eta0.3
NOG,10002,228,19.0,117760,65536,228,2.142958402633667,50,0.1,12.0,0.3,y_bar,0.7221430540084839,0.008097204379737377,0.7221126556396484,0.00794491171836853,0.7221430540084839,0.008097204379737377,0.00789732951670885,12.0,0.3,M12_eta0.3
NOG,10002,300,25.0,154624,81920,300,2.864311695098877,50,0.1,12.0,0.3,y_bar,0.7218830585479736,0.00731919938698411,0.7218700051307678,0.006409080233424902,0.7218830585479736,0.00731919938698411,0.008266227319836617,12.0,0.3,M12_eta0.3
NOG,10002,372,31.0,191488,98304,372,3.576274871826172,50,0.1,12.0,0.3,y_bar,0.7216500639915466,0.0069122230634093285,0.7216293215751648,0.007358777802437544,0.7216500639915466,0.0069122230634093285,0.007015298120677471,12.0,0.3,M12_eta0.3
NOG,10002,444,37.0,228352,114688,444,4.258862733840942,50,0.1,12.0,0.3,y_bar,0.7212809920310974,0.006690519861876965,0.7212638854980469,0.008940915577113628,0.7212809920310974,0.006690519861876965,0.008234058506786823,12.0,0.3,M12_eta0.3
NOG,10002,516,43.0,265216,131072,516,4.882714748382568,50,0.1,12.0,0.3,y_bar,0.7209014892578125,0.008281637914478779,0.7208938598632812,0.007933730259537697,0.7209014892578125,0.008281637914478779,0.008294504135847092,12.0,0.3,M12_eta0.3
NOG,10002,588,49.0,302080,147456,588,5.55514931678772,50,0.1,12.0,0.3,y_bar,0.7204626798629761,0.008541206829249859,0.7204262018203735,0.00804485846310854,0.7204626798629761,0.008541206829249859,0.007552980910986662,12.0,0.3,M12_eta0.3
NOG,10002,660,55.0,338944,163840,660,6.277345180511475,50,0.1,12.0,0.3,y_bar,0.7199848890304565,0.007749141193926334,0.7199428677558899,0.009431394748389721,0.7199848890304565,0.007749141193926334,0.008480779826641083,12.0,0.3,M12_eta0.3
NOG,10002,732,61.0,375808,180224,732,6.920384645462036,50,0.1,12.0,0.3,y_bar,0.7195883989334106,0.00969668384641409,0.7195295095443726,0.008732224814593792,0.7195883989334106,0.00969668384641409,0.008914430625736713,12.0,0.3,M12_eta0.3
NOG,10002,804,67.0,412672,196608,804,7.640500783920288,50,0.1,12.0,0.3,y_bar,0.7191575169563293,0.009458609856665134,0.7191371917724609,0.006218396592885256,0.7191575169563293,0.009458609856665134,0.008911236189305782,12.0,0.3,M12_eta0.3
NOG,10002,876,73.0,449536,212992,876,8.316421747207642,50,0.1,12.0,0.3,y_bar,0.7188262939453125,0.008059389889240265,0.7188013792037964,0.006923206616193056,0.7188262939453125,0.008059389889240265,0.009267110377550125,12.0,0.3,M12_eta0.3
NOG,10002,948,79.0,486400,229376,948,9.030125617980957,50,0.1,12.0,0.3,y_bar,0.7185502648353577,0.007812741212546825,0.7185233235359192,0.008098993450403214,0.7185502648353577,0.007812741212546825,0.008210347965359688,12.0,0.3,M12_eta0.3
NOG,10002,960,80.0,492544,245760,960,9.201022624969482,50,0.1,12.0,0.3,y_bar,0.7184765934944153,0.008602321147918701,0.7184434533119202,0.008879940956830978,0.7184765934944153,0.008602321147918701,0.008028843440115452,12.0,0.3,M12_eta0.3
NOG,10002,12,1.0,7168,16384,12,0.165924072265625,50,0.1,12.0,0.5,y_bar,0.7232288122177124,0.010142259299755096,0.7232008576393127,0.010246196761727333,0.7232288122177124,0.010142259299755096,0.009449673816561699,12.0,0.5,M12_eta0.5
NOG,10002,84,7.0,44032,32768,84,0.8982100486755371,50,0.1,12.0,0.5,y_bar,0.7228947877883911,0.00854662898927927,0.722866415977478,0.007667415775358677,0.7228947877883911,0.00854662898927927,0.009928921237587929,12.0,0.5,M12_eta0.5
NOG,10002,156,13.0,80896,49152,156,1.5324053764343262,50,0.1,12.0,0.5,y_bar,0.7226011753082275,0.007348860148340464,0.7226055264472961,0.008337351493537426,0.7226011753082275,0.007348860148340464,0.008664407767355442,12.0,0.5,M12_eta0.5
NOG,10002,228,19.0,117760,65536,228,2.1685471534729004,50,0.1,12.0,0.5,y_bar,0.7224237322807312,0.008095609955489635,0.7224021553993225,0.007894570007920265,0.7224237322807312,0.008095609955489635,0.007724007125943899,12.0,0.5,M12_eta0.5
NOG,10002,300,25.0,154624,81920,300,2.833303689956665,50,0.1,12.0,0.5,y_bar,0.7222307920455933,0.007224339060485363,0.7222209572792053,0.006095583550632,0.7222307920455933,0.007224339060485363,0.008166762068867683,12.0,0.5,M12_eta0.5
NOG,10002,372,31.0,191488,98304,372,3.533006191253662,50,0.1,12.0,0.5,y_bar,0.7220838069915771,0.006627898663282394,0.7220677137374878,0.006956134922802448,0.7220838069915771,0.006627898663282394,0.006885059177875519,12.0,0.5,M12_eta0.5
NOG,10002,444,37.0,228352,114688,444,4.2725303173065186,50,0.1,12.0,0.5,y_bar,0.7218943238258362,0.006268324796110392,0.7218902707099915,0.00816415436565876,0.7218943238258362,0.006268324796110392,0.007885842584073544,12.0,0.5,M12_eta0.5
NOG,10002,516,43.0,265216,131072,516,4.96582818031311,50,0.1,12.0,0.5,y_bar,0.7217252254486084,0.0073595051653683186,0.7217245697975159,0.0076269544661045074,0.7217252254486084,0.0073595051653683186,0.007915399968624115,12.0,0.5,M12_eta0.5
NOG,10002,588,49.0,302080,147456,588,5.551074504852295,50,0.1,12.0,0.5,y_bar,0.7215362787246704,0.00786635559052229,0.7215258479118347,0.007249774876981974,0.7215362787246704,0.00786635559052229,0.007776999846100807,12.0,0.5,M12_eta0.5
NOG,10002,660,55.0,338944,163840,660,6.349494457244873,50,0.1,12.0,0.5,y_bar,0.7212809920310974,0.006985954008996487,0.7212572693824768,0.008758571930229664,0.7212809920310974,0.006985954008996487,0.0077798268757760525,12.0,0.5,M12_eta0.5
NOG,10002,732,61.0,375808,180224,732,7.069232702255249,50,0.1,12.0,0.5,y_bar,0.7210652828216553,0.008985057473182678,0.7210302948951721,0.007569899316877127,0.7210652828216553,0.008985057473182678,0.008703325875103474,12.0,0.5,M12_eta0.5
NOG,10002,804,67.0,412672,196608,804,7.693558931350708,50,0.1,12.0,0.5,y_bar,0.7208319306373596,0.00917242281138897,0.7208006381988525,0.006688614375889301,0.7208319306373596,0.00917242281138897,0.009588961489498615,12.0,0.5,M12_eta0.5
NOG,10002,876,73.0,449536,212992,876,8.361412763595581,50,0.1,12.0,0.5,y_bar,0.7205613255500793,0.00862195622175932,0.7205420732498169,0.0070579033344984055,0.7205613255500793,0.00862195622175932,0.009133611805737019,12.0,0.5,M12_eta0.5
NOG,10002,948,79.0,486400,229376,948,8.961487054824829,50,0.1,12.0,0.5,y_bar,0.7203197479248047,0.00828345213085413,0.7203001976013184,0.008050191216170788,0.7203197479248047,0.00828345213085413,0.008218851871788502,12.0,0.5,M12_eta0.5
NOG,10002,960,80.0,492544,245760,960,9.154553174972534,50,0.1,12.0,0.5,y_bar,0.7202746868133545,0.008285717107355595,0.7202491164207458,0.009067513979971409,0.7202746868133545,0.008285717107355595,0.008065550588071346,12.0,0.5,M12_eta0.5
NOG,10002,16,1.0,9216,16384,16,0.23715591430664062,50,0.1,16.0,0.1,y_bar,0.7232339382171631,0.01190144382417202,0.7231549620628357,0.00888790562748909,0.7232339382171631,0.01190144382417202,0.009231128729879856,16.0,0.1,M16_eta0.1
NOG,10002,80,5.0,41984,32768,80,0.7824745178222656,50,0.1,16.0,0.1,y_bar,0.7225775718688965,0.00752175971865654,0.7225058078765869,0.0075637600384652615,0.7225775718688965,0.00752175971865654,0.007749116513878107,16.0,0.1,M16_eta0.1
NOG,10002,144,9.0,74752,49152,144,1.3244476318359375,50,0.1,16.0,0.1,y_bar,0.7219623923301697,0.006579933688044548,0.721882700920105,0.007175371050834656,0.7219623923301697,0.006579933688044548,0.008616200648248196,16.0,0.1,M16_eta0.1
NOG,10002,208,13.0,107520,65536,208,1.8746111392974854,50,0.1,16.0,0.1,y_bar,0.7214900255203247,0.007777814287692308,0.7214292883872986,0.007934425957500935,0.7214900255203247,0.007777814287692308,0.0072302427142858505,16.0,0.1,M16_eta0.1
NOG,10002,272,17.0,140288,81920,272,2.476388931274414,50,0.1,16.0,0.1,y_bar,0.7210219502449036,0.008431078866124153,0.7209160327911377,0.006279474124312401,0.7210219502449036,0.008431078866124153,0.007936104200780392,16.0,0.1,M16_eta0.1
NOG,10002,336,21.0,173056,98304,336,3.030223846435547,50,0.1,16.0,0.1,y_bar,0.7202287316322327,0.00775537034496665,0.7201327681541443,0.009738768450915813,0.7202287316322327,0.00775537034496665,0.007036473136395216,16.0,0.1,M16_eta0.1
NOG,10002,400,25.0,205824,114688,400,3.5832979679107666,50,0.1,16.0,0.1,y_bar,0.719319760799408,0.007825839333236217,0.7192063927650452,0.00811015348881483,0.719319760799408,0.007825839333236217,0.008005078881978989,16.0,0.1,M16_eta0.1
NOG,10002,464,29.0,238592,131072,464,4.180558919906616,50,0.1,16.0,0.1,y_bar,0.7185534238815308,0.0088277542963624,0.7184943556785583,0.0071803731843829155,0.7185534238815308,0.0088277542963624,0.008057340048253536,16.0,0.1,M16_eta0.1
NOG,10002,528,33.0,271360,147456,528,4.748675346374512,50,0.1,16.0,0.1,y_bar,0.7179533243179321,0.007932535372674465,0.7178632020950317,0.007279378827661276,0.7179533243179321,0.007932535372674465,0.007603538688272238,16.0,0.1,M16_eta0.1
NOG,10002,592,37.0,304128,163840,592,5.291757345199585,50,0.1,16.0,0.1,y_bar,0.7172800302505493,0.00859689712524414,0.7171739339828491,0.007330012042075396,0.7172800302505493,0.00859689712524414,0.008114964701235294,16.0,0.1,M16_eta0.1
NOG,10002,656,41.0,336896,180224,656,5.942126035690308,50,0.1,16.0,0.1,y_bar,0.7165482640266418,0.007882652804255486,0.7164619565010071,0.006948363501578569,0.7165482640266418,0.007882652804255486,0.007780835498124361,16.0,0.1,M16_eta0.1
NOG,10002,720,45.0,369664,196608,720,6.513186693191528,50,0.1,16.0,0.1,y_bar,0.7160098552703857,0.008419201709330082,0.7159261703491211,0.007683824747800827,0.7160098552703857,0.008419201709330082,0.007917243987321854,16.0,0.1,M16_eta0.1
NOG,10002,784,49.0,402432,212992,784,7.113097190856934,50,0.1,16.0,0.1,y_bar,0.7156016230583191,0.007880369201302528,0.7155821323394775,0.007969432510435581,0.7156016230583191,0.007880369201302528,0.007581543643027544,16.0,0.1,M16_eta0.1
NOG,10002,848,53.0,435200,229376,848,7.713294506072998,50,0.1,16.0,0.1,y_bar,0.7152120471000671,0.008138084784150124,0.7151464819908142,0.007712339051067829,0.7152120471000671,0.008138084784150124,0.007476734463125467,16.0,0.1,M16_eta0.1
NOG,10002,912,57.0,467968,245760,912,8.296524286270142,50,0.1,16.0,0.1,y_bar,0.7147387266159058,0.007703396491706371,0.7146895527839661,0.007602619007229805,0.7147387266159058,0.007703396491706371,0.007017798256129026,16.0,0.1,M16_eta0.1
NOG,10002,960,60.0,492544,262144,960,8.762530326843262,50,0.1,16.0,0.1,y_bar,0.7143265604972839,0.007454905193299055,0.7142336368560791,0.007741151377558708,0.7143265604972839,0.007454905193299055,0.009153665043413639,16.0,0.1,M16_eta0.1
NOG,10002,16,1.0,9216,16384,16,0.23188424110412598,50,0.1,16.0,0.2,y_bar,0.7232112288475037,0.011970234103500843,0.7231589555740356,0.009320738725364208,0.7232112288475037,0.011970234103500843,0.00959266722202301,16.0,0.2,M16_eta0.2
NOG,10002,80,5.0,41984,32768,80,0.7977423667907715,50,0.1,16.0,0.2,y_bar,0.7228802442550659,0.007798183709383011,0.7228313684463501,0.007317333482205868,0.7228802442550659,0.007798183709383011,0.008037741295993328,16.0,0.2,M16_eta0.2
NOG,10002,144,9.0,74752,49152,144,1.341498851776123,50,0.1,16.0,0.2,y_bar,0.7225423455238342,0.007116681896150112,0.7224972248077393,0.007126450538635254,0.7225423455238342,0.007116681896150112,0.008570903912186623,16.0,0.2,M16_eta0.2
NOG,10002,208,13.0,107520,65536,208,1.967644453048706,50,0.1,16.0,0.2,y_bar,0.7223361730575562,0.006956517696380615,0.7223029732704163,0.008092370815575123,0.7223361730575562,0.006956517696380615,0.00729051697999239,16.0,0.2,M16_eta0.2
NOG,10002,272,17.0,140288,81920,272,2.561868190765381,50,0.1,16.0,0.2,y_bar,0.7221967577934265,0.008061549626290798,0.7221572995185852,0.006772599648684263,0.7221967577934265,0.008061549626290798,0.007344731595367193,16.0,0.2,M16_eta0.2
NOG,10002,336,21.0,173056,98304,336,3.182586908340454,50,0.1,16.0,0.2,y_bar,0.7219913601875305,0.006739020347595215,0.7219800353050232,0.008330559358000755,0.7219913601875305,0.006739020347595215,0.006163598038256168,16.0,0.2,M16_eta0.2
NOG,10002,400,25.0,205824,114688,400,3.737374782562256,50,0.1,16.0,0.2,y_bar,0.7218443155288696,0.0074699800461530685,0.7218164801597595,0.00735566858202219,0.7218443155288696,0.0074699800461530685,0.006589997559785843,16.0,0.2,M16_eta0.2
NOG,10002,464,29.0,238592,131072,464,4.308293342590332,50,0.1,16.0,0.2,y_bar,0.7216408252716064,0.008128848858177662,0.7216052412986755,0.00728721683844924,0.7216408252716064,0.008128848858177662,0.007857891730964184,16.0,0.2,M16_eta0.2
NOG,10002,528,33.0,271360,147456,528,4.928797483444214,50,0.1,16.0,0.2,y_bar,0.721383273601532,0.007419951260089874,0.7213501334190369,0.00800563395023346,0.721383273601532,0.007419951260089874,0.0070692081935703754,16.0,0.2,M16_eta0.2
NOG,10002,592,37.0,304128,163840,592,5.452973365783691,50,0.1,16.0,0.2,y_bar,0.7210987210273743,0.008295901119709015,0.7210456728935242,0.008604980073869228,0.7210987210273743,0.008295901119709015,0.008350537158548832,16.0,0.2,M16_eta0.2
NOG,10002,656,41.0,336896,180224,656,6.043620586395264,50,0.1,16.0,0.2,y_bar,0.7207828164100647,0.007711544167250395,0.7207316756248474,0.006658852566033602,0.7207828164100647,0.007711544167250395,0.007524113170802593,16.0,0.2,M16_eta0.2
NOG,10002,720,45.0,369664,196608,720,6.617377519607544,50,0.1,16.0,0.2,y_bar,0.7204550504684448,0.009776255115866661,0.7203952074050903,0.007915076799690723,0.7204550504684448,0.009776255115866661,0.007981968112289906,16.0,0.2,M16_eta0.2
NOG,10002,784,49.0,402432,212992,784,7.208953619003296,50,0.1,16.0,0.2,y_bar,0.7201348543167114,0.008551647886633873,0.7200509309768677,0.007690539117902517,0.7201348543167114,0.008551647886633873,0.00938551314175129,16.0,0.2,M16_eta0.2
NOG,10002,848,53.0,435200,229376,848,7.787213087081909,50,0.1,16.0,0.2,y_bar,0.7197938561439514,0.007959396578371525,0.7197774648666382,0.008341108448803425,0.7197938561439514,0.007959396578371525,0.007591676898300648,16.0,0.2,M16_eta0.2
NOG,10002,912,57.0,467968,245760,912,8.33237600326538,50,0.1,16.0,0.2,y_bar,0.7194845080375671,0.008081372827291489,0.7194410562515259,0.00861821323633194,0.7194845080375671,0.008081372827291489,0.007775455247610807,16.0,0.2,M16_eta0.2
NOG,10002,960,60.0,492544,262144,960,8.813061475753784,50,0.1,16.0,0.2,y_bar,0.719231367111206,0.007315367925912142,0.7191875576972961,0.007151524070650339,0.719231367111206,0.007315367925912142,0.00802161917090416,16.0,0.2,M16_eta0.2
NOG,10002,16,1.0,9216,16384,16,0.20934319496154785,50,0.1,16.0,0.3,y_bar,0.7232099175453186,0.012012600898742676,0.7231722474098206,0.009612156078219414,0.7232099175453186,0.012012600898742676,0.009742598980665207,16.0,0.3,M16_eta0.3
NOG,10002,80,5.0,41984,32768,80,0.7789182662963867,50,0.1,16.0,0.3,y_bar,0.7229582667350769,0.00795377790927887,0.7229214906692505,0.0075145503506064415,0.7229582667350769,0.00795377790927887,0.008129788562655449,16.0,0.3,M16_eta0.3
NOG,10002,144,9.0,74752,49152,144,1.3561034202575684,50,0.1,16.0,0.3,y_bar,0.722711443901062,0.007133036386221647,0.7226858139038086,0.007236811798065901,0.722711443901062,0.007133036386221647,0.008597686886787415,16.0,0.3,M16_eta0.3
NOG,10002,208,13.0,107520,65536,208,1.9414787292480469,50,0.1,16.0,0.3,y_bar,0.722553014755249,0.006862514652311802,0.7225272059440613,0.008011976256966591,0.722553014755249,0.006862514652311802,0.007524713408201933,16.0,0.3,M16_eta0.3
NOG,10002,272,17.0,140288,81920,272,2.5895943641662598,50,0.1,16.0,0.3,y_bar,0.7224366664886475,0.008296268060803413,0.7224078178405762,0.006748741492629051,0.7224366664886475,0.008296268060803413,0.0075414446182549,16.0,0.3,M16_eta0.3
NOG,10002,336,21.0,173056,98304,336,3.1214730739593506,50,0.1,16.0,0.3,y_bar,0.7222890257835388,0.006731803994625807,0.722274899482727,0.008443756029009819,0.7222890257835388,0.006731803994625807,0.00640147365629673,16.0,0.3,M16_eta0.3
NOG,10002,400,25.0,205824,114688,400,3.7088770866394043,50,0.1,16.0,0.3,y_bar,0.7221919894218445,0.00738834124058485,0.7221726179122925,0.00707375118508935,0.7221919894218445,0.00738834124058485,0.006420515477657318,16.0,0.3,M16_eta0.3
NOG,10002,464,29.0,238592,131072,464,4.244749307632446,50,0.1,16.0,0.3,y_bar,0.7220591902732849,0.008069721981883049,0.7220374941825867,0.0072115748189389706,0.7220591902732849,0.008069721981883049,0.007602311205118895,16.0,0.3,M16_eta0.3
NOG,10002,528,33.0,271360,147456,528,4.852034330368042,50,0.1,16.0,0.3,y_bar,0.7219054698944092,0.007085976656526327,0.7218933701515198,0.0076053855009377,0.7219054698944092,0.007085976656526327,0.006673045922070742,16.0,0.3,M16_eta0.3
NOG,10002,592,37.0,304128,163840,592,5.380146265029907,50,0.1,16.0,0.3,y_bar,0.7217950224876404,0.00796734169125557,0.7217723727226257,0.008929979987442493,0.7217950224876404,0.00796734169125557,0.007818923331797123,16.0,0.3,M16_eta0.3
NOG,10002,656,41.0,336896,180224,656,6.096850633621216,50,0.1,16.0,0.3,y_bar,0.7216478586196899,0.007148836739361286,0.7216230034828186,0.006066348869353533,0.7216478586196899,0.007148836739361286,0.006800985895097256,16.0,0.3,M16_eta0.3
NOG,10002,720,45.0,369664,196608,720,6.709794521331787,50,0.1,16.0,0.3,y_bar,0.7214885950088501,0.0088157057762146,0.7214587926864624,0.007185913622379303,0.7214885950088501,0.0088157057762146,0.007818986661732197,16.0,0.3,M16_eta0.3
NOG,10002,784,49.0,402432,212992,784,7.368537902832031,50,0.1,16.0,0.3,y_bar,0.7213482856750488,0.0079452870413661,0.7213065028190613,0.007032298482954502,0.7213482856750488,0.0079452870413661,0.008830482140183449,16.0,0.3,M16_eta0.3
NOG,10002,848,53.0,435200,229376,848,8.046151638031006,50,0.1,16.0,0.3,y_bar,0.7211447358131409,0.007893683388829231,0.7211384773254395,0.007944452576339245,0.7211447358131409,0.007893683388829231,0.008067377842962742,16.0,0.3,M16_eta0.3
NOG,10002,912,57.0,467968,245760,912,8.612781047821045,50,0.1,16.0,0.3,y_bar,0.7209884524345398,0.007664898410439491,0.7209462523460388,0.008401621133089066,0.7209884524345398,0.007664898410439491,0.008041717112064362,16.0,0.3,M16_eta0.3
NOG,10002,960,60.0,492544,262144,960,9.136964797973633,50,0.1,16.0,0.3,y_bar,0.7208148837089539,0.007210947573184967,0.7207816243171692,0.00746768806129694,0.7208148837089539,0.007210947573184967,0.008240289054811,16.0,0.3,M16_eta0.3
NOG,10002,16,1.0,9216,16384,16,0.20386552810668945,50,0.1,16.0,0.5,y_bar,0.7232104539871216,0.012073200196027756,0.7231821417808533,0.009917492046952248,0.7232104539871216,0.012073200196027756,0.00986452866345644,16.0,0.5,M16_eta0.5
NOG,10002,80,5.0,41984,32768,80,0.8369412422180176,50,0.1,16.0,0.5,y_bar,0.7230072021484375,0.00820092111825943,0.7229762673377991,0.007765807211399078,0.7230072021484375,0.00820092111825943,0.00839200709015131,16.0,0.5,M16_eta0.5
NOG,10002,144,9.0,74752,49152,144,1.4441173076629639,50,0.1,16.0,0.5,y_bar,0.7228077054023743,0.007134867832064629,0.7227910757064819,0.0073693920858204365,0.7228077054023743,0.007134867832064629,0.008679723367094994,16.0,0.5,M16_eta0.5
NOG,10002,208,13.0,107520,65536,208,2.145508289337158,50,0.1,16.0,0.5,y_bar,0.7226831316947937,0.006822596769779921,0.7226624488830566,0.008007948286831379,0.7226831316947937,0.006822596769779921,0.007752363104373217,16.0,0.5,M16_eta0.5
NOG,10002,272,17.0,140288,81920,272,2.739440679550171,50,0.1,16.0,0.5,y_bar,0.7225778102874756,0.008455773815512657,0.7225572466850281,0.006609431467950344,0.7225778102874756,0.008455773815512657,0.007709844037890434,16.0,0.5,M16_eta0.5
NOG,10002,336,21.0,173056,98304,336,3.3264238834381104,50,0.1,16.0,0.5,y_bar,0.7224628329277039,0.007003149949014187,0.7224509716033936,0.008832097053527832,0.7224628329277039,0.007003149949014187,0.006201277021318674,16.0,0.5,M16_eta0.5
NOG,10002,400,25.0,205824,114688,400,3.9523682594299316,50,0.1,16.0,0.5,y_bar,0.7223836183547974,0.007454697974026203,0.7223702669143677,0.007157903164625168,0.7223836183547974,0.007454697974026203,0.006475465372204781,16.0,0.5,M16_eta0.5
NOG,10002,464,29.0,238592,131072,464,4.538600206375122,50,0.1,16.0,0.5,y_bar,0.7222697734832764,0.007819495163857937,0.7222540378570557,0.007250556256622076,0.7222697734832764,0.007819495163857937,0.007547680288553238,16.0,0.5,M16_eta0.5
NOG,10002,528,33.0,271360,147456,528,5.177259206771851,50,0.1,16.0,0.5,y_bar,0.7221376895904541,0.0070994640700519085,0.7221323251724243,0.007702800910919905,0.7221376895904541,0.0070994640700519085,0.006947225425392389,16.0,0.5,M16_eta0.5
NOG,10002,592,37.0,304128,163840,592,5.805885314941406,50,0.1,16.0,0.5,y_bar,0.7220588326454163,0.00802356842905283,0.7220427393913269,0.008918008767068386,0.7220588326454163,0.00802356842905283,0.007754792924970388,16.0,0.5,M16_eta0.5
NOG,10002,656,41.0,336896,180224,656,6.380774974822998,50,0.1,16.0,0.5,y_bar,0.721960723400116,0.007183730602264404,0.7219420671463013,0.005576041527092457,0.721960723400116,0.007183730602264404,0.007098461501300335,16.0,0.5,M16_eta0.5
NOG,10002,720,45.0,369664,196608,720,6.92946982383728,50,0.1,16.0,0.5,y_bar,0.7218614220619202,0.0082849757745862,0.7218450307846069,0.006853969302028418,0.7218614220619202,0.0082849757745862,0.007601069752126932,16.0,0.5,M16_eta0.5
NOG,10002,784,49.0,402432,212992,784,7.608721733093262,50,0.1,16.0,0.5,y_bar,0.7217621207237244,0.0074433633126318455,0.7217373847961426,0.006851303856819868,0.7217621207237244,0.0074433633126318455,0.008601713925600052,16.0,0.5,M16_eta0.5
NOG,10002,848,53.0,435200,229376,848,8.231302738189697,50,0.1,16.0,0.5,y_bar,0.7216451168060303,0.007443079259246588,0.7216466665267944,0.007826591841876507,0.7216451168060303,0.007443079259246588,0.007888886146247387,16.0,0.5,M16_eta0.5
NOG,10002,912,57.0,467968,245760,912,8.933528900146484,50,0.1,16.0,0.5,y_bar,0.7215569615364075,0.007166103459894657,0.7215393781661987,0.007695216219872236,0.7215569615364075,0.007166103459894657,0.0073940809816122055,16.0,0.5,M16_eta0.5
NOG,10002,960,60.0,492544,262144,960,9.434008836746216,50,0.1,16.0,0.5,y_bar,0.7214740514755249,0.006477850954979658,0.7214552760124207,0.006880883127450943,0.7214740514755249,0.006477850954979658,0.007823375053703785,16.0,0.5,M16_eta0.5
SmoothedSGD,20002,1,,512,8192,1,0.07060885429382324,50,0.1,,0.05,x,0.723220944404602,0.010942762717604637,0.723220944404602,0.010942762717604637,,,,,0.05,SmoothedSGD
SmoothedSGD,20002,64,,32768,16384,64,0.5921354293823242,50,0.1,,0.05,x,0.7231497168540955,0.009483703412115574,0.7231497168540955,0.009483703412115574,,,,,0.05,SmoothedSGD
SmoothedSGD,20002,128,,65536,24576,128,1.074591875076294,50,0.1,,0.05,x,0.7230889797210693,0.008890446275472641,0.7230889797210693,0.008890446275472641,,,,,0.05,SmoothedSGD
SmoothedSGD,20002,192,,98304,32768,192,1.7011361122131348,50,0.1,,0.05,x,0.723032534122467,0.007019171956926584,0.723032534122467,0.007019171956926584,,,,,0.05,SmoothedSGD
SmoothedSGD,20002,256,,131072,40960,256,2.2942888736724854,50,0.1,,0.05,x,0.7229686379432678,0.00849153008311987,0.7229686379432678,0.00849153008311987,,,,,0.05,SmoothedSGD
SmoothedSGD,20002,320,,163840,49152,320,2.8721842765808105,50,0.1,,0.05,x,0.7229354977607727,0.006822585128247738,0.7229354977607727,0.006822585128247738,,,,,0.05,SmoothedSGD
SmoothedSGD,20002,384,,196608,57344,384,3.457247734069824,50,0.1,,0.05,x,0.722904622554779,0.006381022743880749,0.722904622554779,0.006381022743880749,,,,,0.05,SmoothedSGD
SmoothedSGD,20002,448,,229376,65536,448,3.980241060256958,50,0.1,,0.05,x,0.7228454947471619,0.006938251666724682,0.7228454947471619,0.006938251666724682,,,,,0.05,SmoothedSGD
SmoothedSGD,20002,512,,262144,73728,512,4.5074121952056885,50,0.1,,0.05,x,0.7227917909622192,0.007277707103639841,0.7227917909622192,0.007277707103639841,,,,,0.05,SmoothedSGD
SmoothedSGD,20002,576,,294912,81920,576,5.00412130355835,50,0.1,,0.05,x,0.7227363586425781,0.00758959399536252,0.7227363586425781,0.00758959399536252,,,,,0.05,SmoothedSGD
SmoothedSGD,20002,640,,327680,90112,640,5.570089817047119,50,0.1,,0.05,x,0.7226835489273071,0.0076388465240597725,0.7226835489273071,0.0076388465240597725,,,,,0.05,SmoothedSGD
SmoothedSGD,20002,704,,360448,98304,704,6.115654230117798,50,0.1,,0.05,x,0.722630500793457,0.00811411440372467,0.722630500793457,0.00811411440372467,,,,,0.05,SmoothedSGD
SmoothedSGD,20002,768,,393216,106496,768,6.668816089630127,50,0.1,,0.05,x,0.7225918769836426,0.009226322174072266,0.7225918769836426,0.009226322174072266,,,,,0.05,SmoothedSGD
SmoothedSGD,20002,832,,425984,114688,832,7.1977198123931885,50,0.1,,0.05,x,0.7225527167320251,0.007093505002558231,0.7225527167320251,0.007093505002558231,,,,,0.05,SmoothedSGD
SmoothedSGD,20002,896,,458752,122880,896,7.763238430023193,50,0.1,,0.05,x,0.7225151062011719,0.006638882681727409,0.7225151062011719,0.006638882681727409,,,,,0.05,SmoothedSGD
SmoothedSGD,20002,960,,491520,131072,960,8.27712893486023,50,0.1,,0.05,x,0.7224745750427246,0.008028920739889145,0.7224745750427246,0.008028920739889145,,,,,0.05,SmoothedSGD
NOG,10003,4,1.0,3072,16384,4,0.13479971885681152,50,0.1,4.0,0.1,y_bar,0.7174415588378906,0.01171274296939373,0.717452347278595,0.010760798119008541,0.7174415588378906,0.01171274296939373,0.015395617112517357,4.0,0.1,M4_eta0.1
NOG,10003,68,17.0,35840,32768,68,0.7694394588470459,50,0.1,4.0,0.1,y_bar,0.7148480415344238,0.009067613631486893,0.7147435545921326,0.009401044808328152,0.7148480415344238,0.009067613631486893,0.014591854065656662,4.0,0.1,M4_eta0.1
NOG,10003,132,33.0,68608,49152,132,1.4166643619537354,50,0.1,4.0,0.1,y_bar,0.7134937644004822,0.008149588480591774,0.7134486436843872,0.008646883070468903,0.7134937644004822,0.008149588480591774,0.014937006868422031,4.0,0.1,M4_eta0.1
NOG,10003,196,49.0,101376,65536,196,2.001378297805786,50,0.1,4.0,0.1,y_bar,0.7129757404327393,0.009386816993355751,0.7128881216049194,0.010725888423621655,0.7129757404327393,0.009386816993355751,0.017244558781385422,4.0,0.1,M4_eta0.1
NOG,10003,260,65.0,134144,81920,260,2.5435078144073486,50,0.1,4.0,0.1,y_bar,0.7123795747756958,0.008959582075476646,0.7123916149139404,0.01023329421877861,0.7123795747756958,0.008959582075476646,0.014058037661015987,4.0,0.1,M4_eta0.1
NOG,10003,324,81.0,166912,98304,324,3.0934910774230957,50,0.1,4.0,0.1,y_bar,0.7115296125411987,0.011138503439724445,0.7115142345428467,0.010049158707261086,0.7115296125411987,0.011138503439724445,0.01264722179621458,4.0,0.1,M4_eta0.1
NOG,10003,388,97.0,199680,114688,388,3.634676456451416,50,0.1,4.0,0.1,y_bar,0.7114186882972717,0.011234822683036327,0.7114108204841614,0.009727462194859982,0.7114186882972717,0.011234822683036327,0.014558429829776287,4.0,0.1,M4_eta0.1
NOG,10003,452,113.0,232448,131072,452,4.1632115840911865,50,0.1,4.0,0.1,y_bar,0.7102842330932617,0.00990262534469366,0.7103301882743835,0.009665551595389843,0.7102842330932617,0.00990262534469366,0.012067447416484356,4.0,0.1,M4_eta0.1
NOG,10003,516,129.0,265216,147456,516,4.75230073928833,50,0.1,4.0,0.1,y_bar,0.7093480229377747,0.010203945450484753,0.7093095779418945,0.010500716976821423,0.7093480229377747,0.010203945450484753,0.012713978067040443,4.0,0.1,M4_eta0.1
NOG,10003,580,145.0,297984,163840,580,5.3101091384887695,50,0.1,4.0,0.1,y_bar,0.7080732583999634,0.009685197845101357,0.7080954909324646,0.011168203316628933,0.7080732583999634,0.009685197845101357,0.01900426857173443,4.0,0.1,M4_eta0.1
NOG,10003,644,161.0,330752,180224,644,5.896929979324341,50,0.1,4.0,0.1,y_bar,0.7078867554664612,0.011353990994393826,0.7078527212142944,0.008114157244563103,0.7078867554664612,0.011353990994393826,0.016247333958745003,4.0,0.1,M4_eta0.1
NOG,10003,708,177.0,363520,196608,708,6.501628875732422,50,0.1,4.0,0.1,y_bar,0.707362174987793,0.011113385669887066,0.7072810530662537,0.010224008932709694,0.707362174987793,0.011113385669887066,0.015813816338777542,4.0,0.1,M4_eta0.1
NOG,10003,772,193.0,396288,212992,772,7.099719285964966,50,0.1,4.0,0.1,y_bar,0.706769585609436,0.010622291825711727,0.7067759037017822,0.011078540235757828,0.706769585609436,0.010622291825711727,0.01670828089118004,4.0,0.1,M4_eta0.1
NOG,10003,836,209.0,429056,229376,836,7.703692197799683,50,0.1,4.0,0.1,y_bar,0.7061387300491333,0.010149682871997356,0.7060695886611938,0.009854819625616074,0.7061387300491333,0.010149682871997356,0.014655648730695248,4.0,0.1,M4_eta0.1
NOG,10003,900,225.0,461824,245760,900,8.279139041900635,50,0.1,4.0,0.1,y_bar,0.7063671946525574,0.009619979187846184,0.7064143419265747,0.009296836331486702,0.7063671946525574,0.009619979187846184,0.01627562753856182,4.0,0.1,M4_eta0.1
NOG,10003,960,240.0,492544,262144,960,8.835886001586914,50,0.1,4.0,0.1,y_bar,0.7065390348434448,0.010255726985633373,0.7064811587333679,0.008646847680211067,0.7065390348434448,0.010255726985633373,0.014068718068301678,4.0,0.1,M4_eta0.1
NOG,10003,4,1.0,3072,16384,4,0.14561963081359863,50,0.1,4.0,0.2,y_bar,0.717462420463562,0.011540863662958145,0.7174817323684692,0.010133430361747742,0.717462420463562,0.011540863662958145,0.015227057039737701,4.0,0.2,M4_eta0.2
NOG,10003,68,17.0,35840,32768,68,0.6780843734741211,50,0.1,4.0,0.2,y_bar,0.7143688201904297,0.008621005341410637,0.7142780423164368,0.008440113626420498,0.7143688201904297,0.008621005341410637,0.014641057699918747,4.0,0.2,M4_eta0.2
NOG,10003,132,33.0,68608,49152,132,1.2895467281341553,50,0.1,4.0,0.2,y_bar,0.7133298516273499,0.00800600927323103,0.7132825255393982,0.007421307265758514,0.7133298516273499,0.00800600927323103,0.014041966758668423,4.0,0.2,M4_eta0.2
NOG,10003,196,49.0,101376,65536,196,1.879479169845581,50,0.1,4.0,0.2,y_bar,0.712277889251709,0.00780280539765954,0.7121774554252625,0.00835527665913105,0.712277889251709,0.00780280539765954,0.016028787940740585,4.0,0.2,M4_eta0.2
NOG,10003,260,65.0,134144,81920,260,2.396016836166382,50,0.1,4.0,0.2,y_bar,0.7112328410148621,0.007575732655823231,0.7112277746200562,0.007827099412679672,0.7112328410148621,0.007575732655823231,0.014270776882767677,4.0,0.2,M4_eta0.2
NOG,10003,324,81.0,166912,98304,324,2.959120512008667,50,0.1,4.0,0.2,y_bar,0.7109135985374451,0.010026737116277218,0.7109599709510803,0.009917523711919785,0.7109135985374451,0.010026737116277218,0.012745985761284828,4.0,0.2,M4_eta0.2
NOG,10003,388,97.0,199680,114688,388,3.5357415676116943,50,0.1,4.0,0.2,y_bar,0.7107802629470825,0.008827914483845234,0.710742175579071,0.008604747243225574,0.7107802629470825,0.008827914483845234,0.013871158473193645,4.0,0.2,M4_eta0.2
NOG,10003,452,113.0,232448,131072,452,4.0957465171813965,50,0.1,4.0,0.2,y_bar,0.7104078531265259,0.008711248636245728,0.7104403972625732,0.009092905558645725,0.7104078531265259,0.008711248636245728,0.011945425532758236,4.0,0.2,M4_eta0.2
NOG,10003,516,129.0,265216,147456,516,4.677933216094971,50,0.1,4.0,0.2,y_bar,0.710810124874115,0.009089723229408264,0.7108424305915833,0.008299869485199451,0.710810124874115,0.009089723229408264,0.014750729314982891,4.0,0.2,M4_eta0.2
NOG,10003,580,145.0,297984,163840,580,5.198440074920654,50,0.1,4.0,0.2,y_bar,0.7108923196792603,0.009345175698399544,0.7109497785568237,0.00972782913595438,0.7108923196792603,0.009345175698399544,0.014896925538778305,4.0,0.2,M4_eta0.2
NOG,10003,644,161.0,330752,180224,644,5.712846755981445,50,0.1,4.0,0.2,y_bar,0.7100922465324402,0.00900160800665617,0.7101415395736694,0.00936154741793871,0.7100922465324402,0.00900160800665617,0.013246475718915462,4.0,0.2,M4_eta0.2
NOG,10003,708,177.0,363520,196608,708,6.272061824798584,50,0.1,4.0,0.2,y_bar,0.7092676162719727,0.008216271176934242,0.7092892527580261,0.008385422639548779,0.7092676162719727,0.008216271176934242,0.012628806754946709,4.0,0.2,M4_eta0.2
NOG,10003,772,193.0,396288,212992,772,6.85176682472229,50,0.1,4.0,0.2,y_bar,0.7084649801254272,0.008103525266051292,0.708551287651062,0.009006143547594547,0.7084649801254272,0.008103525266051292,0.014035560190677643,4.0,0.2,M4_eta0.2
NOG,10003,836,209.0,429056,229376,836,7.432970762252808,50,0.1,4.0,0.2,y_bar,0.7079508304595947,0.009201684966683388,0.7079201340675354,0.007338216062635183,0.7079508304595947,0.009201684966683388,0.013596338219940662,4.0,0.2,M4_eta0.2
NOG,10003,900,225.0,461824,245760,900,7.940072774887085,50,0.1,4.0,0.2,y_bar,0.7077625393867493,0.008875690400600433,0.7076733708381653,0.008818313479423523,0.7077625393867493,0.008875690400600433,0.014304679818451405,4.0,0.2,M4_eta0.2
NOG,10003,960,240.0,492544,262144,960,8.51120400428772,50,0.1,4.0,0.2,y_bar,0.7071399092674255,0.008272327482700348,0.7071694135665894,0.009048734791576862,0.7071399092674255,0.008272327482700348,0.01382115762680769,4.0,0.2,M4_eta0.2
NOG,10003,4,1.0,3072,16384,4,0.13129377365112305,50,0.1,4.0,0.3,y_bar,0.7174829244613647,0.011354904621839523,0.7175120711326599,0.01006676722317934,0.7174829244613647,0.011354904621839523,0.014928688295185566,4.0,0.3,M4_eta0.3
NOG,10003,68,17.0,35840,32768,68,0.7094864845275879,50,0.1,4.0,0.3,y_bar,0.714585542678833,0.008507934398949146,0.7145465612411499,0.008251412771642208,0.714585542678833,0.008507934398949146,0.013958096504211426,4.0,0.3,M4_eta0.3
NOG,10003,132,33.0,68608,49152,132,1.2994163036346436,50,0.1,4.0,0.3,y_bar,0.7135918736457825,0.00765368202701211,0.7135728597640991,0.006985774729400873,0.7135918736457825,0.00765368202701211,0.013930073007941246,4.0,0.3,M4_eta0.3
NOG,10003,196,49.0,101376,65536,196,1.8926992416381836,50,0.1,4.0,0.3,y_bar,0.7123022079467773,0.0070955585688352585,0.7122306227684021,0.007415613625198603,0.7123022079467773,0.0070955585688352585,0.015947584062814713,4.0,0.3,M4_eta0.3
NOG,10003,260,65.0,134144,81920,260,2.44154953956604,50,0.1,4.0,0.3,y_bar,0.7116974592208862,0.0068192994222044945,0.7116631269454956,0.00837730709463358,0.7116974592208862,0.0068192994222044945,0.014171292074024677,4.0,0.3,M4_eta0.3
NOG,10003,324,81.0,166912,98304,324,2.9968512058258057,50,0.1,4.0,0.3,y_bar,0.710904598236084,0.009479185566306114,0.7109154462814331,0.010385491885244846,0.710904598236084,0.009479185566306114,0.013442792929708958,4.0,0.3,M4_eta0.3
NOG,10003,388,97.0,199680,114688,388,3.53371000289917,50,0.1,4.0,0.3,y_bar,0.7107144594192505,0.008905995637178421,0.7107264995574951,0.008305584080517292,0.7107144594192505,0.008905995637178421,0.012040471658110619,4.0,0.3,M4_eta0.3
NOG,10003,452,113.0,232448,131072,452,4.110098123550415,50,0.1,4.0,0.3,y_bar,0.7104668021202087,0.00867281574755907,0.7104659080505371,0.00814121589064598,0.7104668021202087,0.00867281574755907,0.011086800135672092,4.0,0.3,M4_eta0.3
NOG,10003,516,129.0,265216,147456,516,4.687758922576904,50,0.1,4.0,0.3,y_bar,0.710379421710968,0.008350679650902748,0.7103973031044006,0.006681807339191437,0.710379421710968,0.008350679650902748,0.015218120999634266,4.0,0.3,M4_eta0.3
NOG,10003,580,145.0,297984,163840,580,5.248687267303467,50,0.1,4.0,0.3,y_bar,0.7104925513267517,0.010235646739602089,0.7105972766876221,0.01020027045160532,0.7104925513267517,0.010235646739602089,0.014958342537283897,4.0,0.3,M4_eta0.3
NOG,10003,644,161.0,330752,180224,644,5.80618953704834,50,0.1,4.0,0.3,y_bar,0.7104544043540955,0.007905368693172932,0.7104808688163757,0.007113453466445208,0.7104544043540955,0.007905368693172932,0.015333544462919235,4.0,0.3,M4_eta0.3
NOG,10003,708,177.0,363520,196608,708,6.39885950088501,50,0.1,4.0,0.3,y_bar,0.7102782726287842,0.007958278991281986,0.7102932333946228,0.009309944696724415,0.7102782726287842,0.007958278991281986,0.013581235893070698,4.0,0.3,M4_eta0.3
NOG,10003,772,193.0,396288,212992,772,6.997269630432129,50,0.1,4.0,0.3,y_bar,0.7102463841438293,0.008509892039000988,0.7102068066596985,0.007165072485804558,0.7102463841438293,0.008509892039000988,0.015832174569368362,4.0,0.3,M4_eta0.3
NOG,10003,836,209.0,429056,229376,836,7.565918207168579,50,0.1,4.0,0.3,y_bar,0.7098453640937805,0.010223191231489182,0.7097563743591309,0.007866966538131237,0.7098453640937805,0.010223191231489182,0.013136500492691994,4.0,0.3,M4_eta0.3
NOG,10003,900,225.0,461824,245760,900,8.107476949691772,50,0.1,4.0,0.3,y_bar,0.7093303799629211,0.00955048855394125,0.7093377113342285,0.009140868671238422,0.7093303799629211,0.00955048855394125,0.015116478316485882,4.0,0.3,M4_eta0.3
NOG,10003,960,240.0,492544,262144,960,8.628713369369507,50,0.1,4.0,0.3,y_bar,0.7094746232032776,0.00757765443995595,0.7094533443450928,0.008752723224461079,0.7094746232032776,0.00757765443995595,0.014404651708900928,4.0,0.3,M4_eta0.3
NOG,10003,4,1.0,3072,16384,4,0.152604341506958,50,0.1,4.0,0.5,y_bar,0.7174835801124573,0.011288342997431755,0.7174984216690063,0.009874153882265091,0.7174835801124573,0.011288342997431755,0.014809625223279,4.0,0.5,M4_eta0.5
NOG,10003,68,17.0,35840,32768,68,0.7597441673278809,50,0.1,4.0,0.5,y_bar,0.7153693437576294,0.008511866442859173,0.7153201699256897,0.007622946053743362,0.7153693437576294,0.008511866442859173,0.012820934876799583,4.0,0.5,M4_eta0.5
NOG,10003,132,33.0,68608,49152,132,1.4445931911468506,50,0.1,4.0,0.5,y_bar,0.7143104672431946,0.008159655146300793,0.7142557501792908,0.006079679820686579,0.7143104672431946,0.008159655146300793,0.014900199137628078,4.0,0.5,M4_eta0.5
NOG,10003,196,49.0,101376,65536,196,2.0949137210845947,50,0.1,4.0,0.5,y_bar,0.7134633660316467,0.008366894908249378,0.7134002447128296,0.006315325386822224,0.7134633660316467,0.008366894908249378,0.013990659266710281,4.0,0.5,M4_eta0.5
NOG,10003,260,65.0,134144,81920,260,2.709912061691284,50,0.1,4.0,0.5,y_bar,0.7124835848808289,0.008208246901631355,0.7124823331832886,0.008331543765962124,0.7124835848808289,0.008208246901631355,0.013651207089424133,4.0,0.5,M4_eta0.5
NOG,10003,324,81.0,166912,98304,324,3.2586567401885986,50,0.1,4.0,0.5,y_bar,0.7116498351097107,0.007940440438687801,0.7116391658782959,0.008532164618372917,0.7116498351097107,0.007940440438687801,0.01211481261998415,4.0,0.5,M4_eta0.5
NOG,10003,388,97.0,199680,114688,388,3.8870387077331543,50,0.1,4.0,0.5,y_bar,0.7112171053886414,0.010365316644310951,0.7112240195274353,0.008234618231654167,0.7112171053886414,0.010365316644310951,0.012636751867830753,4.0,0.5,M4_eta0.5
NOG,10003,452,113.0,232448,131072,452,4.500145435333252,50,0.1,4.0,0.5,y_bar,0.7110864520072937,0.008234553970396519,0.711046576499939,0.006716173142194748,0.7110864520072937,0.008234553970396519,0.012697258964180946,4.0,0.5,M4_eta0.5
NOG,10003,516,129.0,265216,147456,516,5.055994749069214,50,0.1,4.0,0.5,y_bar,0.7109330892562866,0.007796555757522583,0.7109489440917969,0.007196986582130194,0.7109330892562866,0.007796555757522583,0.016573190689086914,4.0,0.5,M4_eta0.5
NOG,10003,580,145.0,297984,163840,580,5.673170328140259,50,0.1,4.0,0.5,y_bar,0.7108065485954285,0.010195695795118809,0.710774302482605,0.009615746326744556,0.7108065485954285,0.010195695795118809,0.015984799712896347,4.0,0.5,M4_eta0.5
NOG,10003,644,161.0,330752,180224,644,6.220312118530273,50,0.1,4.0,0.5,y_bar,0.7104282975196838,0.006237476132810116,0.7104095816612244,0.007001936435699463,0.7104282975196838,0.006237476132810116,0.013285159133374691,4.0,0.5,M4_eta0.5
NOG,10003,708,177.0,363520,196608,708,6.892576456069946,50,0.1,4.0,0.5,y_bar,0.7099787592887878,0.006889139302074909,0.7099840641021729,0.007959425449371338,0.7099787592887878,0.006889139302074909,0.01430666632950306,4.0,0.5,M4_eta0.5
NOG,10003,772,193.0,396288,212992,772,7.561415910720825,50,0.1,4.0,0.5,y_bar,0.7099688053131104,0.008085778914391994,0.709943950176239,0.006435563787817955,0.7099688053131104,0.008085778914391994,0.014964569360017776,4.0,0.5,M4_eta0.5
NOG,10003,836,209.0,429056,229376,836,8.169517993927002,50,0.1,4.0,0.5,y_bar,0.7098138332366943,0.008955973200500011,0.7098135352134705,0.00730151729658246,0.7098138332366943,0.008955973200500011,0.011310482397675514,4.0,0.5,M4_eta0.5
NOG,10003,900,225.0,461824,245760,900,8.694658517837524,50,0.1,4.0,0.5,y_bar,0.7096754908561707,0.007878643460571766,0.7096473574638367,0.008104851469397545,0.7096754908561707,0.007878643460571766,0.013625459745526314,4.0,0.5,M4_eta0.5
NOG,10003,960,240.0,492544,262144,960,9.302945852279663,50,0.1,4.0,0.5,y_bar,0.7096238732337952,0.007099291309714317,0.7096198797225952,0.007475041784346104,0.7096238732337952,0.007099291309714317,0.014664953574538231,4.0,0.5,M4_eta0.5
NOG,10003,8,1.0,5120,16384,8,0.16333270072937012,50,0.1,8.0,0.1,y_bar,0.7174298763275146,0.010657990351319313,0.717391312122345,0.008400682359933853,0.7174298763275146,0.010657990351319313,0.014033911749720573,8.0,0.1,M8_eta0.1
NOG,10003,72,9.0,37888,32768,72,0.8121531009674072,50,0.1,8.0,0.1,y_bar,0.71565842628479,0.008100712671875954,0.7155301570892334,0.008704139851033688,0.71565842628479,0.008100712671875954,0.010839688591659069,8.0,0.1,M8_eta0.1
NOG,10003,136,17.0,70656,49152,136,1.3351762294769287,50,0.1,8.0,0.1,y_bar,0.7142810821533203,0.008304531686007977,0.7142103910446167,0.007226014509797096,0.7142810821533203,0.008304531686007977,0.010220496915280819,8.0,0.1,M8_eta0.1
NOG,10003,200,25.0,103424,65536,200,2.031930923461914,50,0.1,8.0,0.1,y_bar,0.7132850885391235,0.005944308824837208,0.7132262587547302,0.007336361333727837,0.7132850885391235,0.005944308824837208,0.0102122463285923,8.0,0.1,M8_eta0.1
NOG,10003,264,33.0,136192,81920,264,2.676388740539551,50,0.1,8.0,0.1,y_bar,0.7121356129646301,0.007962572388350964,0.7120924592018127,0.008238205686211586,0.7121356129646301,0.007962572388350964,0.009125354699790478,8.0,0.1,M8_eta0.1
NOG,10003,328,41.0,168960,98304,328,3.223142147064209,50,0.1,8.0,0.1,y_bar,0.7114375233650208,0.009114237502217293,0.7113752961158752,0.008555899374186993,0.7114375233650208,0.009114237502217293,0.011228295974433422,8.0,0.1,M8_eta0.1
NOG,10003,392,49.0,201728,114688,392,3.827763795852661,50,0.1,8.0,0.1,y_bar,0.7106313109397888,0.006385676562786102,0.710576593875885,0.007128116209059954,0.7106313109397888,0.006385676562786102,0.010068527422845364,8.0,0.1,M8_eta0.1
NOG,10003,456,57.0,234496,131072,456,4.3422181606292725,50,0.1,8.0,0.1,y_bar,0.7102940678596497,0.006509596016258001,0.7102785110473633,0.008845234289765358,0.7102940678596497,0.006509596016258001,0.009128252975642681,8.0,0.1,M8_eta0.1
NOG,10003,520,65.0,267264,147456,520,4.9439756870269775,50,0.1,8.0,0.1,y_bar,0.7106703519821167,0.008414690382778645,0.7107071876525879,0.009549809619784355,0.7106703519821167,0.008414690382778645,0.012526504695415497,8.0,0.1,M8_eta0.1
NOG,10003,584,73.0,300032,163840,584,5.526425361633301,50,0.1,8.0,0.1,y_bar,0.71012943983078,0.00656748004257679,0.7101220488548279,0.009244219399988651,0.71012943983078,0.00656748004257679,0.012514334172010422,8.0,0.1,M8_eta0.1
NOG,10003,648,81.0,332800,180224,648,6.111027956008911,50,0.1,8.0,0.1,y_bar,0.7098650932312012,0.009320076555013657,0.7098871469497681,0.008123073726892471,0.7098650932312012,0.009320076555013657,0.010585778392851353,8.0,0.1,M8_eta0.1
NOG,10003,712,89.0,365568,196608,712,6.63066291809082,50,0.1,8.0,0.1,y_bar,0.7098583579063416,0.008970782160758972,0.7099377512931824,0.008055465295910835,0.7098583579063416,0.008970782160758972,0.00888113398104906,8.0,0.1,M8_eta0.1
NOG,10003,776,97.0,398336,212992,776,7.17587685585022,50,0.1,8.0,0.1,y_bar,0.7097249031066895,0.00805442314594984,0.7096766233444214,0.0074751051142811775,0.7097249031066895,0.00805442314594984,0.009937171824276447,8.0,0.1,M8_eta0.1
NOG,10003,840,105.0,431104,229376,840,7.737913370132446,50,0.1,8.0,0.1,y_bar,0.7099024653434753,0.009140297770500183,0.7098467946052551,0.009761389344930649,0.7099024653434753,0.009140297770500183,0.011879258789122105,8.0,0.1,M8_eta0.1
NOG,10003,904,113.0,463872,245760,904,8.380163192749023,50,0.1,8.0,0.1,y_bar,0.7093549966812134,0.007030370179563761,0.709355890750885,0.008126485161483288,0.7093549966812134,0.007030370179563761,0.009093721397221088,8.0,0.1,M8_eta0.1
NOG,10003,960,120.0,492544,262144,960,9.005178689956665,50,0.1,8.0,0.1,y_bar,0.7093518376350403,0.007929868996143341,0.7093670964241028,0.009029139764606953,0.7093518376350403,0.007929868996143341,0.011729870922863483,8.0,0.1,M8_eta0.1
NOG,10003,8,1.0,5120,16384,8,0.1885533332824707,50,0.1,8.0,0.2,y_bar,0.717440664768219,0.010656755417585373,0.7173898816108704,0.008227013982832432,0.717440664768219,0.010656755417585373,0.013856231234967709,8.0,0.2,M8_eta0.2
NOG,10003,72,9.0,37888,32768,72,0.8068418502807617,50,0.1,8.0,0.2,y_bar,0.7161134481430054,0.008212484419345856,0.716045081615448,0.007752185687422752,0.7161134481430054,0.008212484419345856,0.010515381582081318,8.0,0.2,M8_eta0.2
NOG,10003,136,17.0,70656,49152,136,1.357590675354004,50,0.1,8.0,0.2,y_bar,0.7150031924247742,0.0080043263733387,0.7149614095687866,0.0069182817824184895,0.7150031924247742,0.0080043263733387,0.009094081819057465,8.0,0.2,M8_eta0.2
NOG,10003,200,25.0,103424,65536,200,1.975794792175293,50,0.1,8.0,0.2,y_bar,0.714314341545105,0.006671783979982138,0.7142249345779419,0.007319245953112841,0.714314341545105,0.006671783979982138,0.010314637795090675,8.0,0.2,M8_eta0.2
NOG,10003,264,33.0,136192,81920,264,2.583608388900757,50,0.1,8.0,0.2,y_bar,0.7132911086082458,0.008032253943383694,0.713258683681488,0.007603927049785852,0.7132911086082458,0.008032253943383694,0.00905455183237791,8.0,0.2,M8_eta0.2
NOG,10003,328,41.0,168960,98304,328,3.1424102783203125,50,0.1,8.0,0.2,y_bar,0.7126408815383911,0.008743669837713242,0.7125473618507385,0.007923540659248829,0.7126408815383911,0.008743669837713242,0.010667883791029453,8.0,0.2,M8_eta0.2
NOG,10003,392,49.0,201728,114688,392,3.8404312133789062,50,0.1,8.0,0.2,y_bar,0.7118142247200012,0.006235598586499691,0.7118130326271057,0.006948854774236679,0.7118142247200012,0.006235598586499691,0.009652127511799335,8.0,0.2,M8_eta0.2
NOG,10003,456,57.0,234496,131072,456,4.452679395675659,50,0.1,8.0,0.2,y_bar,0.711469292640686,0.00897100567817688,0.7114156484603882,0.008132923394441605,0.711469292640686,0.00897100567817688,0.009094581939280033,8.0,0.2,M8_eta0.2
NOG,10003,520,65.0,267264,147456,520,5.137989282608032,50,0.1,8.0,0.2,y_bar,0.7112933993339539,0.0067574819549918175,0.71126389503479,0.008340436033904552,0.7112933993339539,0.0067574819549918175,0.012205922044813633,8.0,0.2,M8_eta0.2
NOG,10003,584,73.0,300032,163840,584,5.800484895706177,50,0.1,8.0,0.2,y_bar,0.7110922932624817,0.0060567595064640045,0.7110870480537415,0.009461941197514534,0.7110922932624817,0.0060567595064640045,0.011629373766481876,8.0,0.2,M8_eta0.2
NOG,10003,648,81.0,332800,180224,648,6.46344518661499,50,0.1,8.0,0.2,y_bar,0.7108643651008606,0.007992607541382313,0.7108665704727173,0.007799524813890457,0.7108643651008606,0.007992607541382313,0.008958781138062477,8.0,0.2,M8_eta0.2
NOG,10003,712,89.0,365568,196608,712,7.077449560165405,50,0.1,8.0,0.2,y_bar,0.7106022238731384,0.007965701632201672,0.7105993032455444,0.007754206657409668,0.7106022238731384,0.007965701632201672,0.009917053394019604,8.0,0.2,M8_eta0.2
NOG,10003,776,97.0,398336,212992,776,7.649287223815918,50,0.1,8.0,0.2,y_bar,0.7102481722831726,0.008231463842093945,0.7102133631706238,0.007506967056542635,0.7102481722831726,0.008231463842093945,0.008505118079483509,8.0,0.2,M8_eta0.2
NOG,10003,840,105.0,431104,229376,840,8.35339069366455,50,0.1,8.0,0.2,y_bar,0.7100263833999634,0.007633413188159466,0.7099362015724182,0.007778257597237825,0.7100263833999634,0.007633413188159466,0.010052932426333427,8.0,0.2,M8_eta0.2
NOG,10003,904,113.0,463872,245760,904,9.030616760253906,50,0.1,8.0,0.2,y_bar,0.7097107768058777,0.007050259504467249,0.7097119688987732,0.008020862936973572,0.7097107768058777,0.007050259504467249,0.00902467966079712,8.0,0.2,M8_eta0.2
NOG,10003,960,120.0,492544,262144,960,9.603260040283203,50,0.1,8.0,0.2,y_bar,0.7096766829490662,0.007576401811093092,0.7096446752548218,0.0076404535211622715,0.7096766829490662,0.007576401811093092,0.010007611475884914,8.0,0.2,M8_eta0.2
NOG,10003,8,1.0,5120,16384,8,0.20560121536254883,50,0.1,8.0,0.3,y_bar,0.7174195647239685,0.010707576759159565,0.7173792719841003,0.008442649617791176,0.7174195647239685,0.010707576759159565,0.01393724512308836,8.0,0.3,M8_eta0.3
NOG,10003,72,9.0,37888,32768,72,0.8403687477111816,50,0.1,8.0,0.3,y_bar,0.7165514826774597,0.008567974902689457,0.7165318727493286,0.007672341540455818,0.7165514826774597,0.008567974902689457,0.01048003975301981,8.0,0.3,M8_eta0.3
NOG,10003,136,17.0,70656,49152,136,1.4769213199615479,50,0.1,8.0,0.3,y_bar,0.7158464789390564,0.009090709500014782,0.7158011794090271,0.0064461808651685715,0.7158464789390564,0.009090709500014782,0.009169768542051315,8.0,0.3,M8_eta0.3
NOG,10003,200,25.0,103424,65536,200,2.008831739425659,50,0.1,8.0,0.3,y_bar,0.7151830792427063,0.007011624984443188,0.7151307463645935,0.006723351776599884,0.7151830792427063,0.007011624984443188,0.010032269172370434,8.0,0.3,M8_eta0.3
NOG,10003,264,33.0,136192,81920,264,2.6256070137023926,50,0.1,8.0,0.3,y_bar,0.7145124673843384,0.007113123312592506,0.71446692943573,0.007816855795681477,0.7145124673843384,0.007113123312592506,0.008956912904977798,8.0,0.3,M8_eta0.3
NOG,10003,328,41.0,168960,98304,328,3.2715096473693848,50,0.1,8.0,0.3,y_bar,0.7140616178512573,0.008659092709422112,0.7140072584152222,0.007818572223186493,0.7140616178512573,0.008659092709422112,0.010202975943684578,8.0,0.3,M8_eta0.3
NOG,10003,392,49.0,201728,114688,392,3.873054027557373,50,0.1,8.0,0.3,y_bar,0.7134090662002563,0.005742951761931181,0.7133924961090088,0.0066326516680419445,0.7134090662002563,0.005742951761931181,0.008793866261839867,8.0,0.3,M8_eta0.3
NOG,10003,456,57.0,234496,131072,456,4.422861814498901,50,0.1,8.0,0.3,y_bar,0.7128939032554626,0.008539354428648949,0.7128593921661377,0.007939442992210388,0.7128939032554626,0.008539354428648949,0.008678944781422615,8.0,0.3,M8_eta0.3
NOG,10003,520,65.0,267264,147456,520,5.065178632736206,50,0.1,8.0,0.3,y_bar,0.7125551700592041,0.008217709138989449,0.7125402092933655,0.00799152534455061,0.7125551700592041,0.008217709138989449,0.011822223663330078,8.0,0.3,M8_eta0.3
NOG,10003,584,73.0,300032,163840,584,5.717140197753906,50,0.1,8.0,0.3,y_bar,0.712296187877655,0.006103979889303446,0.7122995257377625,0.008134606294333935,0.712296187877655,0.006103979889303446,0.011094536632299423,8.0,0.3,M8_eta0.3
NOG,10003,648,81.0,332800,180224,648,6.253429174423218,50,0.1,8.0,0.3,y_bar,0.7120798230171204,0.00766327790915966,0.7120579481124878,0.007579955272376537,0.7120798230171204,0.00766327790915966,0.007362484931945801,8.0,0.3,M8_eta0.3
NOG,10003,712,89.0,365568,196608,712,6.8833699226379395,50,0.1,8.0,0.3,y_bar,0.7117730975151062,0.007428348064422607,0.7117447853088379,0.006983695551753044,0.7117730975151062,0.007428348064422607,0.010985232889652252,8.0,0.3,M8_eta0.3
NOG,10003,776,97.0,398336,212992,776,7.537006855010986,50,0.1,8.0,0.3,y_bar,0.7115402221679688,0.007957584224641323,0.7115574479103088,0.007186210248619318,0.7115402221679688,0.007957584224641323,0.00865962728857994,8.0,0.3,M8_eta0.3
NOG,10003,840,105.0,431104,229376,840,8.110871076583862,50,0.1,8.0,0.3,y_bar,0.7114514708518982,0.0068989098072052,0.7114471197128296,0.007716863416135311,0.7114514708518982,0.0068989098072052,0.010175921022891998,8.0,0.3,M8_eta0.3
NOG,10003,904,113.0,463872,245760,904,8.691386938095093,50,0.1,8.0,0.3,y_bar,0.7112285494804382,0.006631757598370314,0.7112594246864319,0.007883567363023758,0.7112285494804382,0.006631757598370314,0.008814808912575245,8.0,0.3,M8_eta0.3
NOG,10003,960,120.0,492544,262144,960,9.239267826080322,50,0.1,8.0,0.3,y_bar,0.7110779285430908,0.00703071104362607,0.7110687494277954,0.006697042379528284,0.7110779285430908,0.00703071104362607,0.010083273984491825,8.0,0.3,M8_eta0.3
NOG,10003,8,1.0,5120,16384,8,0.1832435131072998,50,0.1,8.0,0.5,y_bar,0.7174161672592163,0.01074489951133728,0.7173891663551331,0.008679758757352829,0.7174161672592163,0.01074489951133728,0.01401483453810215,8.0,0.5,M8_eta0.5
NOG,10003,72,9.0,37888,32768,72,0.8185772895812988,50,0.1,8.0,0.5,y_bar,0.7169153690338135,0.008603994734585285,0.7168951630592346,0.007721021305769682,0.7169153690338135,0.008603994734585285,0.010586385615170002,8.0,0.5,M8_eta0.5
NOG,10003,136,17.0,70656,49152,136,1.3258442878723145,50,0.1,8.0,0.5,y_bar,0.7165344953536987,0.008532369509339333,0.7165155410766602,0.006584800314158201,0.7165344953536987,0.008532369509339333,0.008785692043602467,8.0,0.5,M8_eta0.5
NOG,10003,200,25.0,103424,65536,200,2.0135629177093506,50,0.1,8.0,0.5,y_bar,0.7161638140678406,0.007397220004349947,0.716123104095459,0.006991332862526178,0.7161638140678406,0.007397220004349947,0.010396605357527733,8.0,0.5,M8_eta0.5
NOG,10003,264,33.0,136192,81920,264,2.6731224060058594,50,0.1,8.0,0.5,y_bar,0.7157003283500671,0.007483175955712795,0.7156512141227722,0.007884347811341286,0.7157003283500671,0.007483175955712795,0.008702302351593971,8.0,0.5,M8_eta0.5
NOG,10003,328,41.0,168960,98304,328,3.322160482406616,50,0.1,8.0,0.5,y_bar,0.7153233885765076,0.00875419843941927,0.7152650952339172,0.007495630998164415,0.7153233885765076,0.00875419843941927,0.010304098017513752,8.0,0.5,M8_eta0.5
NOG,10003,392,49.0,201728,114688,392,3.8812451362609863,50,0.1,8.0,0.5,y_bar,0.7148789167404175,0.0058190892450511456,0.7148529291152954,0.0067859552800655365,0.7148789167404175,0.0058190892450511456,0.008143754675984383,8.0,0.5,M8_eta0.5
NOG,10003,456,57.0,234496,131072,456,4.480056524276733,50,0.1,8.0,0.5,y_bar,0.7145488262176514,0.008191193453967571,0.7145370841026306,0.007742886431515217,0.7145488262176514,0.008191193453967571,0.009655081667006016,8.0,0.5,M8_eta0.5
NOG,10003,520,65.0,267264,147456,520,5.044130086898804,50,0.1,8.0,0.5,y_bar,0.7142890095710754,0.007760691922158003,0.7142939567565918,0.00777908880263567,0.7142890095710754,0.007760691922158003,0.010307619348168373,8.0,0.5,M8_eta0.5
NOG,10003,584,73.0,300032,163840,584,5.581925868988037,50,0.1,8.0,0.5,y_bar,0.7140331864356995,0.0059876772575080395,0.7140299677848816,0.008462290279567242,0.7140331864356995,0.0059876772575080395,0.010692794807255268,8.0,0.5,M8_eta0.5
NOG,10003,648,81.0,332800,180224,648,6.17617654800415,50,0.1,8.0,0.5,y_bar,0.7137844562530518,0.007530380971729755,0.7137737274169922,0.007888898253440857,0.7137844562530518,0.007530380971729755,0.007958613336086273,8.0,0.5,M8_eta0.5
NOG,10003,712,89.0,365568,196608,712,6.793072700500488,50,0.1,8.0,0.5,y_bar,0.7134610414505005,0.007267442531883717,0.7134386897087097,0.006625885143876076,0.7134610414505005,0.007267442531883717,0.011059995740652084,8.0,0.5,M8_eta0.5
NOG,10003,776,97.0,398336,212992,776,7.3790764808654785,50,0.1,8.0,0.5,y_bar,0.7132263779640198,0.007839254103600979,0.7132291793823242,0.007320210803300142,0.7132263779640198,0.007839254103600979,0.008039114996790886,8.0,0.5,M8_eta0.5
NOG,10003,840,105.0,431104,229376,840,7.923765659332275,50,0.1,8.0,0.5,y_bar,0.7131596803665161,0.007993655279278755,0.7131544947624207,0.0068032401613891125,0.7131596803665161,0.007993655279278755,0.00997125543653965,8.0,0.5,M8_eta0.5
NOG,10003,904,113.0,463872,245760,904,8.44938325881958,50,0.1,8.0,0.5,y_bar,0.7130159735679626,0.00664253206923604,0.713025689125061,0.007579030469059944,0.7130159735679626,0.00664253206923604,0.008719776757061481,8.0,0.5,M8_eta0.5
NOG,10003,960,120.0,492544,262144,960,8.949907302856445,50,0.1,8.0,0.5,y_bar,0.7128256559371948,0.006751577369868755,0.712829053401947,0.007713100407272577,0.7128256559371948,0.006751577369868755,0.0109714949503541,8.0,0.5,M8_eta0.5
NOG,10003,12,1.0,7168,16384,12,0.18903398513793945,50,0.1,12.0,0.1,y_bar,0.7174060344696045,0.009580946527421474,0.7173413634300232,0.00977309886366129,0.7174060344696045,0.009580946527421474,0.010489706881344318,12.0,0.1,M12_eta0.1
NOG,10003,84,7.0,44032,32768,84,0.7952108383178711,50,0.1,12.0,0.1,y_bar,0.7162339091300964,0.007233959622681141,0.7161695957183838,0.008655492216348648,0.7162339091300964,0.007233959622681141,0.00883249007165432,12.0,0.1,M12_eta0.1
NOG,10003,156,13.0,80896,49152,156,1.4060673713684082,50,0.1,12.0,0.1,y_bar,0.7151810526847839,0.007413536310195923,0.715108335018158,0.007709017023444176,0.7151810526847839,0.007413536310195923,0.006693569011986256,12.0,0.1,M12_eta0.1
NOG,10003,228,19.0,117760,65536,228,2.062196731567383,50,0.1,12.0,0.1,y_bar,0.7142503261566162,0.007963727228343487,0.7141959071159363,0.007257457822561264,0.7142503261566162,0.007963727228343487,0.007863786071538925,12.0,0.1,M12_eta0.1
NOG,10003,300,25.0,154624,81920,300,2.6663284301757812,50,0.1,12.0,0.1,y_bar,0.7134345173835754,0.007527050096541643,0.7134056687355042,0.007366746198385954,0.7134345173835754,0.007527050096541643,0.009145953692495823,12.0,0.1,M12_eta0.1
NOG,10003,372,31.0,191488,98304,372,3.2660915851593018,50,0.1,12.0,0.1,y_bar,0.7128444910049438,0.007834261283278465,0.7127547264099121,0.00827717687934637,0.7128444910049438,0.007834261283278465,0.008661686442792416,12.0,0.1,M12_eta0.1
NOG,10003,444,37.0,228352,114688,444,3.8835601806640625,50,0.1,12.0,0.1,y_bar,0.7121037244796753,0.007583971135318279,0.7120437622070312,0.006836325861513615,0.7121037244796753,0.007583971135318279,0.009367501363158226,12.0,0.1,M12_eta0.1
NOG,10003,516,43.0,265216,131072,516,4.562987804412842,50,0.1,12.0,0.1,y_bar,0.7117971777915955,0.007725345436483622,0.7117583751678467,0.008028550073504448,0.7117971777915955,0.007725345436483622,0.008060440421104431,12.0,0.1,M12_eta0.1
NOG,10003,588,49.0,302080,147456,588,5.1649696826934814,50,0.1,12.0,0.1,y_bar,0.7115744352340698,0.008183126337826252,0.711558997631073,0.009220282547175884,0.7115744352340698,0.008183126337826252,0.007389052305370569,12.0,0.1,M12_eta0.1
NOG,10003,660,55.0,338944,163840,660,5.807838439941406,50,0.1,12.0,0.1,y_bar,0.7114169001579285,0.006786023266613483,0.7113701701164246,0.007799628656357527,0.7114169001579285,0.006786023266613483,0.009514709934592247,12.0,0.1,M12_eta0.1
NOG,10003,732,61.0,375808,180224,732,6.385554313659668,50,0.1,12.0,0.1,y_bar,0.7110505700111389,0.0070963152684271336,0.7110834717750549,0.006242459639906883,0.7110505700111389,0.0070963152684271336,0.006944248452782631,12.0,0.1,M12_eta0.1
NOG,10003,804,67.0,412672,196608,804,7.015370607376099,50,0.1,12.0,0.1,y_bar,0.7108672261238098,0.007228630594909191,0.7108210921287537,0.006507238373160362,0.7108672261238098,0.007228630594909191,0.0071150860749185085,12.0,0.1,M12_eta0.1
NOG,10003,876,73.0,449536,212992,876,7.620225191116333,50,0.1,12.0,0.1,y_bar,0.710711658000946,0.007521667517721653,0.7107527852058411,0.007339698262512684,0.710711658000946,0.007521667517721653,0.008007477968931198,12.0,0.1,M12_eta0.1
NOG,10003,948,79.0,486400,229376,948,8.254695892333984,50,0.1,12.0,0.1,y_bar,0.7104164958000183,0.006236267741769552,0.7103981375694275,0.006241037510335445,0.7104164958000183,0.006236267741769552,0.007626903243362904,12.0,0.1,M12_eta0.1
NOG,10003,960,80.0,492544,245760,960,8.47360372543335,50,0.1,12.0,0.1,y_bar,0.7103503942489624,0.007571586407721043,0.7103792428970337,0.007378628943115473,0.7103503942489624,0.007571586407721043,0.008684220723807812,12.0,0.1,M12_eta0.1
NOG,10003,12,1.0,7168,16384,12,0.17684078216552734,50,0.1,12.0,0.2,y_bar,0.7173997759819031,0.009659717790782452,0.7173542976379395,0.010179821401834488,0.7173997759819031,0.009659717790782452,0.010602336376905441,12.0,0.2,M12_eta0.2
NOG,10003,84,7.0,44032,32768,84,0.7843153476715088,50,0.1,12.0,0.2,y_bar,0.7168242931365967,0.007218669634312391,0.7167966961860657,0.008683324791491032,0.7168242931365967,0.007218669634312391,0.00865247007459402,12.0,0.2,M12_eta0.2
NOG,10003,156,13.0,80896,49152,156,1.4386546611785889,50,0.1,12.0,0.2,y_bar,0.7162984609603882,0.007343143690377474,0.7162491679191589,0.007960385642945766,0.7162984609603882,0.007343143690377474,0.006766012404114008,12.0,0.2,M12_eta0.2
NOG,10003,228,19.0,117760,65536,228,2.0562846660614014,50,0.1,12.0,0.2,y_bar,0.7157083749771118,0.007521199062466621,0.7156695127487183,0.007509666960686445,0.7157083749771118,0.007521199062466621,0.007924147881567478,12.0,0.2,M12_eta0.2
NOG,10003,300,25.0,154624,81920,300,2.689600944519043,50,0.1,12.0,0.2,y_bar,0.7151293754577637,0.007497353013604879,0.7151018977165222,0.007255814503878355,0.7151293754577637,0.007497353013604879,0.00840484444051981,12.0,0.2,M12_eta0.2
NOG,10003,372,31.0,191488,98304,372,3.3202102184295654,50,0.1,12.0,0.2,y_bar,0.7147658467292786,0.006731784902513027,0.7147234082221985,0.007784420624375343,0.7147658467292786,0.006731784902513027,0.008384729735553265,12.0,0.2,M12_eta0.2
NOG,10003,444,37.0,228352,114688,444,3.967134714126587,50,0.1,12.0,0.2,y_bar,0.7145218253135681,0.00827050767838955,0.7144859433174133,0.006546940188854933,0.7145218253135681,0.00827050767838955,0.009334255941212177,12.0,0.2,M12_eta0.2
NOG,10003,516,43.0,265216,131072,516,4.583841800689697,50,0.1,12.0,0.2,y_bar,0.7140951156616211,0.007363300304859877,0.7140624523162842,0.007637778762727976,0.7140951156616211,0.007363300304859877,0.008493252098560333,12.0,0.2,M12_eta0.2
NOG,10003,588,49.0,302080,147456,588,5.196236610412598,50,0.1,12.0,0.2,y_bar,0.7137888073921204,0.007214741315692663,0.7137696146965027,0.008123505860567093,0.7137888073921204,0.007214741315692663,0.006777235306799412,12.0,0.2,M12_eta0.2
NOG,10003,660,55.0,338944,163840,660,5.788998603820801,50,0.1,12.0,0.2,y_bar,0.7134862542152405,0.006932807620614767,0.7134716510772705,0.006959705613553524,0.7134862542152405,0.006932807620614767,0.0076854536309838295,12.0,0.2,M12_eta0.2
NOG,10003,732,61.0,375808,180224,732,6.467746019363403,50,0.1,12.0,0.2,y_bar,0.7131249904632568,0.0073086475022137165,0.7130823135375977,0.007580135017633438,0.7131249904632568,0.0073086475022137165,0.007576978299766779,12.0,0.2,M12_eta0.2
NOG,10003,804,67.0,412672,196608,804,7.0685951709747314,50,0.1,12.0,0.2,y_bar,0.7127344012260437,0.007112341001629829,0.7127239108085632,0.00741307158023119,0.7127344012260437,0.007112341001629829,0.007575518451631069,12.0,0.2,M12_eta0.2
NOG,10003,876,73.0,449536,212992,876,7.716958999633789,50,0.1,12.0,0.2,y_bar,0.7125856280326843,0.00760588888078928,0.7126071453094482,0.008078979328274727,0.7125856280326843,0.00760588888078928,0.007848192937672138,12.0,0.2,M12_eta0.2
NOG,10003,948,79.0,486400,229376,948,8.338980436325073,50,0.1,12.0,0.2,y_bar,0.7123368382453918,0.006420729216188192,0.7123071551322937,0.006691331975162029,0.7123368382453918,0.006420729216188192,0.007112571038305759,12.0,0.2,M12_eta0.2
NOG,10003,960,80.0,492544,245760,960,8.555502891540527,50,0.1,12.0,0.2,y_bar,0.712279736995697,0.006924866698682308,0.7122869491577148,0.007252685260027647,0.712279736995697,0.006924866698682308,0.007977773435413837,12.0,0.2,M12_eta0.2
NOG,10003,12,1.0,7168,16384,12,0.1735079288482666,50,0.1,12.0,0.3,y_bar,0.7174035310745239,0.009735257364809513,0.7173771262168884,0.01063014380633831,0.7174035310745239,0.009735257364809513,0.010919882915914059,12.0,0.3,M12_eta0.3
NOG,10003,84,7.0,44032,32768,84,0.8037660121917725,50,0.1,12.0,0.3,y_bar,0.7170311808586121,0.0071608806028962135,0.7170108556747437,0.008769716136157513,0.7170311808586121,0.0071608806028962135,0.008997752331197262,12.0,0.3,M12_eta0.3
NOG,10003,156,13.0,80896,49152,156,1.4113867282867432,50,0.1,12.0,0.3,y_bar,0.716735303401947,0.007443348877131939,0.7167075872421265,0.007563389837741852,0.716735303401947,0.007443348877131939,0.006577779073268175,12.0,0.3,M12_eta0.3
NOG,10003,228,19.0,117760,65536,228,2.0802106857299805,50,0.1,12.0,0.3,y_bar,0.716375470161438,0.006882795132696629,0.7163558006286621,0.007359626702964306,0.716375470161438,0.006882795132696629,0.008182486519217491,12.0,0.3,M12_eta0.3
NOG,10003,300,25.0,154624,81920,300,2.6932830810546875,50,0.1,12.0,0.3,y_bar,0.7159984707832336,0.007376519497483969,0.715990424156189,0.007191707845777273,0.7159984707832336,0.007376519497483969,0.008185327053070068,12.0,0.3,M12_eta0.3
NOG,10003,372,31.0,191488,98304,372,3.2992002964019775,50,0.1,12.0,0.3,y_bar,0.7156690359115601,0.007388641592115164,0.7156257629394531,0.00833060871809721,0.7156690359115601,0.007388641592115164,0.008820170536637306,12.0,0.3,M12_eta0.3
NOG,10003,444,37.0,228352,114688,444,3.9295711517333984,50,0.1,12.0,0.3,y_bar,0.7153597474098206,0.008651402778923512,0.7153224945068359,0.00764872832223773,0.7153597474098206,0.008651402778923512,0.009465105831623077,12.0,0.3,M12_eta0.3
NOG,10003,516,43.0,265216,131072,516,4.590565204620361,50,0.1,12.0,0.3,y_bar,0.7150323390960693,0.007758450694382191,0.7150155305862427,0.007441908121109009,0.7150323390960693,0.007758450694382191,0.008095547556877136,12.0,0.3,M12_eta0.3
NOG,10003,588,49.0,302080,147456,588,5.206749677658081,50,0.1,12.0,0.3,y_bar,0.7147992849349976,0.00694406870752573,0.7147800326347351,0.007717835251241922,0.7147992849349976,0.00694406870752573,0.007232845760881901,12.0,0.3,M12_eta0.3
NOG,10003,660,55.0,338944,163840,660,5.808206081390381,50,0.1,12.0,0.3,y_bar,0.7146068215370178,0.0062712025828659534,0.7145922780036926,0.006916194688528776,0.7146068215370178,0.0062712025828659534,0.007663615979254246,12.0,0.3,M12_eta0.3
NOG,10003,732,61.0,375808,180224,732,6.595909357070923,50,0.1,12.0,0.3,y_bar,0.7143993973731995,0.007727911230176687,0.7143803238868713,0.007280114106833935,0.7143993973731995,0.007727911230176687,0.007012199144810438,12.0,0.3,M12_eta0.3
NOG,10003,804,67.0,412672,196608,804,7.309109449386597,50,0.1,12.0,0.3,y_bar,0.7140982747077942,0.006445367820560932,0.7140871286392212,0.006487535312771797,0.7140982747077942,0.006445367820560932,0.0084822503849864,12.0,0.3,M12_eta0.3
NOG,10003,876,73.0,449536,212992,876,8.018318176269531,50,0.1,12.0,0.3,y_bar,0.7139130234718323,0.007674260996282101,0.7139057517051697,0.008355257101356983,0.7139130234718323,0.007674260996282101,0.008368459530174732,12.0,0.3,M12_eta0.3
NOG,10003,948,79.0,486400,229376,948,8.742110013961792,50,0.1,12.0,0.3,y_bar,0.7136825323104858,0.007128424942493439,0.7136528491973877,0.008592436090111732,0.7136825323104858,0.007128424942493439,0.007994606159627438,12.0,0.3,M12_eta0.3
NOG,10003,960,80.0,492544,245760,960,8.974679946899414,50,0.1,12.0,0.3,y_bar,0.7136152982711792,0.007350573316216469,0.7136035561561584,0.00814147014170885,0.7136152982711792,0.007350573316216469,0.009145951829850674,12.0,0.3,M12_eta0.3
NOG,10003,12,1.0,7168,16384,12,0.22328877449035645,50,0.1,12.0,0.5,y_bar,0.7174074649810791,0.009801755659282207,0.7173935174942017,0.010872138664126396,0.7174074649810791,0.009801755659282207,0.011285390704870224,12.0,0.5,M12_eta0.5
NOG,10003,84,7.0,44032,32768,84,0.8516044616699219,50,0.1,12.0,0.5,y_bar,0.717136800289154,0.007259021513164043,0.717117428779602,0.008871650323271751,0.717136800289154,0.007259021513164043,0.009088996797800064,12.0,0.5,M12_eta0.5
NOG,10003,156,13.0,80896,49152,156,1.480879783630371,50,0.1,12.0,0.5,y_bar,0.7169432640075684,0.007672421634197235,0.7169303894042969,0.00748949171975255,0.7169432640075684,0.007672421634197235,0.0062823002226650715,12.0,0.5,M12_eta0.5
NOG,10003,228,19.0,117760,65536,228,2.1145033836364746,50,0.1,12.0,0.5,y_bar,0.716698944568634,0.006499050185084343,0.71669602394104,0.00746921356767416,0.716698944568634,0.006499050185084343,0.008131330832839012,12.0,0.5,M12_eta0.5
NOG,10003,300,25.0,154624,81920,300,2.9070024490356445,50,0.1,12.0,0.5,y_bar,0.7164425253868103,0.007344700396060944,0.7164401412010193,0.006979919504374266,0.7164425253868103,0.007344700396060944,0.008268834091722965,12.0,0.5,M12_eta0.5
NOG,10003,372,31.0,191488,98304,372,3.6547627449035645,50,0.1,12.0,0.5,y_bar,0.7162386178970337,0.0073943412862718105,0.7162153124809265,0.008060279302299023,0.7162386178970337,0.0073943412862718105,0.008841152302920818,12.0,0.5,M12_eta0.5
NOG,10003,444,37.0,228352,114688,444,4.37159538269043,50,0.1,12.0,0.5,y_bar,0.7160194516181946,0.008708203211426735,0.7159894108772278,0.0075336662121117115,0.7160194516181946,0.008708203211426735,0.009386180900037289,12.0,0.5,M12_eta0.5
NOG,10003,516,43.0,265216,131072,516,5.0935211181640625,50,0.1,12.0,0.5,y_bar,0.7157614231109619,0.007771206088364124,0.7157477140426636,0.007547576911747456,0.7157614231109619,0.007771206088364124,0.008230885490775108,12.0,0.5,M12_eta0.5
NOG,10003,588,49.0,302080,147456,588,5.743370056152344,50,0.1,12.0,0.5,y_bar,0.7155875563621521,0.007129907142370939,0.7155725359916687,0.007844451814889908,0.7155875563621521,0.007129907142370939,0.007013122551143169,12.0,0.5,M12_eta0.5
NOG,10003,660,55.0,338944,163840,660,6.356382131576538,50,0.1,12.0,0.5,y_bar,0.7153553366661072,0.006449664011597633,0.7153372764587402,0.0067888908088207245,0.7153553366661072,0.006449664011597633,0.007902372628450394,12.0,0.5,M12_eta0.5
NOG,10003,732,61.0,375808,180224,732,7.112456798553467,50,0.1,12.0,0.5,y_bar,0.7151174545288086,0.008060329593718052,0.7151057124137878,0.007111235987395048,0.7151174545288086,0.008060329593718052,0.006928255315870047,12.0,0.5,M12_eta0.5
NOG,10003,804,67.0,412672,196608,804,7.900734186172485,50,0.1,12.0,0.5,y_bar,0.7148876786231995,0.006479439791291952,0.7148745656013489,0.00682548712939024,0.7148876786231995,0.006479439791291952,0.00915769673883915,12.0,0.5,M12_eta0.5
NOG,10003,876,73.0,449536,212992,876,8.580276489257812,50,0.1,12.0,0.5,y_bar,0.71476811170578,0.007281824946403503,0.7147628664970398,0.008607377298176289,0.71476811170578,0.007281824946403503,0.008533384650945663,12.0,0.5,M12_eta0.5
NOG,10003,948,79.0,486400,229376,948,9.323632717132568,50,0.1,12.0,0.5,y_bar,0.7146415710449219,0.006811909843236208,0.7146190404891968,0.008039277978241444,0.7146415710449219,0.006811909843236208,0.00813608430325985,12.0,0.5,M12_eta0.5
NOG,10003,960,80.0,492544,245760,960,9.54141354560852,50,0.1,12.0,0.5,y_bar,0.7145958542823792,0.007142030168324709,0.7145845293998718,0.008354967460036278,0.7145958542823792,0.007142030168324709,0.009471863508224487,12.0,0.5,M12_eta0.5
NOG,10003,16,1.0,9216,16384,16,0.27526283264160156,50,0.1,16.0,0.1,y_bar,0.7173886895179749,0.010628125630319118,0.7173367142677307,0.009469435550272465,0.7173886895179749,0.010628125630319118,0.009810796007514,16.0,0.1,M16_eta0.1
NOG,10003,80,5.0,41984,32768,80,0.8466968536376953,50,0.1,16.0,0.1,y_bar,0.7167831063270569,0.008044440299272537,0.7167469263076782,0.008576847612857819,0.7167831063270569,0.008044440299272537,0.006851064041256905,16.0,0.1,M16_eta0.1
NOG,10003,144,9.0,74752,49152,144,1.4217729568481445,50,0.1,16.0,0.1,y_bar,0.7162460088729858,0.007385589182376862,0.7162095308303833,0.008524731732904911,0.7162460088729858,0.007385589182376862,0.006229888182133436,16.0,0.1,M16_eta0.1
NOG,10003,208,13.0,107520,65536,208,2.0660834312438965,50,0.1,16.0,0.1,y_bar,0.7156712412834167,0.008142282254993916,0.7155739665031433,0.007618499454110861,0.7156712412834167,0.008142282254993916,0.007023646030575037,16.0,0.1,M16_eta0.1
NOG,10003,272,17.0,140288,81920,272,2.673436164855957,50,0.1,16.0,0.1,y_bar,0.7149905562400818,0.008179250173270702,0.7149314880371094,0.007500561885535717,0.7149905562400818,0.008179250173270702,0.0073141600005328655,16.0,0.1,M16_eta0.1
NOG,10003,336,21.0,173056,98304,336,3.2541537284851074,50,0.1,16.0,0.1,y_bar,0.7146463990211487,0.008672457188367844,0.7145715355873108,0.007658820133656263,0.7146463990211487,0.008672457188367844,0.007725714705884457,16.0,0.1,M16_eta0.1
NOG,10003,400,25.0,205824,114688,400,3.841688394546509,50,0.1,16.0,0.1,y_bar,0.7141757011413574,0.007337013725191355,0.7141261100769043,0.008169332519173622,0.7141757011413574,0.007337013725191355,0.005449220072478056,16.0,0.1,M16_eta0.1
NOG,10003,464,29.0,238592,131072,464,4.446511507034302,50,0.1,16.0,0.1,y_bar,0.7136296033859253,0.008342107757925987,0.7135939002037048,0.006487947888672352,0.7136296033859253,0.008342107757925987,0.006740899290889502,16.0,0.1,M16_eta0.1
NOG,10003,528,33.0,271360,147456,528,5.118083238601685,50,0.1,16.0,0.1,y_bar,0.7132626175880432,0.007755405735224485,0.7132498025894165,0.0074061620980501175,0.7132626175880432,0.007755405735224485,0.007581700105220079,16.0,0.1,M16_eta0.1
NOG,10003,592,37.0,304128,163840,592,5.695641756057739,50,0.1,16.0,0.1,y_bar,0.713024914264679,0.008622254244983196,0.713000476360321,0.008029520511627197,0.713024914264679,0.008622254244983196,0.007955646142363548,16.0,0.1,M16_eta0.1
NOG,10003,656,41.0,336896,180224,656,6.252094268798828,50,0.1,16.0,0.1,y_bar,0.7127686142921448,0.007588063832372427,0.71274334192276,0.007516233250498772,0.7127686142921448,0.007588063832372427,0.00667417049407959,16.0,0.1,M16_eta0.1
NOG,10003,720,45.0,369664,196608,720,6.891226530075073,50,0.1,16.0,0.1,y_bar,0.7124177813529968,0.006811304017901421,0.7123939394950867,0.00717821903526783,0.7124177813529968,0.006811304017901421,0.00762737775221467,16.0,0.1,M16_eta0.1
NOG,10003,784,49.0,402432,212992,784,7.537236213684082,50,0.1,16.0,0.1,y_bar,0.7121330499649048,0.006367144640535116,0.7121404409408569,0.0068430243991315365,0.7121330499649048,0.006367144640535116,0.005505752749741077,16.0,0.1,M16_eta0.1
NOG,10003,848,53.0,435200,229376,848,8.114997863769531,50,0.1,16.0,0.1,y_bar,0.7119517922401428,0.009103556163609028,0.7119095325469971,0.008427678607404232,0.7119517922401428,0.009103556163609028,0.007420259062200785,16.0,0.1,M16_eta0.1
NOG,10003,912,57.0,467968,245760,912,8.765984058380127,50,0.1,16.0,0.1,y_bar,0.7116422653198242,0.007534339092671871,0.7116215229034424,0.008560797199606895,0.7116422653198242,0.007534339092671871,0.006693029310554266,16.0,0.1,M16_eta0.1
NOG,10003,960,60.0,492544,262144,960,9.325089931488037,50,0.1,16.0,0.1,y_bar,0.7114126682281494,0.0072524454444646835,0.7113794088363647,0.0070153698325157166,0.7114126682281494,0.0072524454444646835,0.007151253521442413,16.0,0.1,M16_eta0.1
NOG,10003,16,1.0,9216,16384,16,0.2497866153717041,50,0.1,16.0,0.2,y_bar,0.7173957824707031,0.01077342126518488,0.7173773050308228,0.009946619160473347,0.7173957824707031,0.01077342126518488,0.010345187969505787,16.0,0.2,M16_eta0.2
NOG,10003,80,5.0,41984,32768,80,0.8734290599822998,50,0.1,16.0,0.2,y_bar,0.7170994877815247,0.007911983877420425,0.7171018719673157,0.009075605310499668,0.7170994877815247,0.007911983877420425,0.007030015345662832,16.0,0.2,M16_eta0.2
NOG,10003,144,9.0,74752,49152,144,1.4685747623443604,50,0.1,16.0,0.2,y_bar,0.7169057726860046,0.00744805159047246,0.7169075012207031,0.008288492448627949,0.7169057726860046,0.00744805159047246,0.006317209918051958,16.0,0.2,M16_eta0.2
NOG,10003,208,13.0,107520,65536,208,1.9747047424316406,50,0.1,16.0,0.2,y_bar,0.7166615128517151,0.007841946557164192,0.7166316509246826,0.0072660669684410095,0.7166615128517151,0.007841946557164192,0.006901351734995842,16.0,0.2,M16_eta0.2
NOG,10003,272,17.0,140288,81920,272,2.658215045928955,50,0.1,16.0,0.2,y_bar,0.7164087295532227,0.008151104673743248,0.7163824439048767,0.0072846547700464725,0.7164087295532227,0.008151104673743248,0.007087330333888531,16.0,0.2,M16_eta0.2
NOG,10003,336,21.0,173056,98304,336,3.3148834705352783,50,0.1,16.0,0.2,y_bar,0.716210126876831,0.00899736862629652,0.7161782383918762,0.00823631975799799,0.716210126876831,0.00899736862629652,0.006648911628872156,16.0,0.2,M16_eta0.2
NOG,10003,400,25.0,205824,114688,400,3.950766086578369,50,0.1,16.0,0.2,y_bar,0.7159134745597839,0.008323948830366135,0.7158884406089783,0.0075273760594427586,0.7159134745597839,0.008323948830366135,0.005700298119336367,16.0,0.2,M16_eta0.2
NOG,10003,464,29.0,238592,131072,464,4.618780851364136,50,0.1,16.0,0.2,y_bar,0.7156283855438232,0.007836035452783108,0.7156193256378174,0.007756840903311968,0.7156283855438232,0.007836035452783108,0.007323272526264191,16.0,0.2,M16_eta0.2
NOG,10003,528,33.0,271360,147456,528,5.197575092315674,50,0.1,16.0,0.2,y_bar,0.7153560519218445,0.008083146065473557,0.7153381705284119,0.007783785928040743,0.7153560519218445,0.008083146065473557,0.006955837365239859,16.0,0.2,M16_eta0.2
NOG,10003,592,37.0,304128,163840,592,5.846833229064941,50,0.1,16.0,0.2,y_bar,0.7151685953140259,0.008159824647009373,0.7151604294776917,0.007442761212587357,0.7151685953140259,0.008159824647009373,0.007977228611707687,16.0,0.2,M16_eta0.2
NOG,10003,656,41.0,336896,180224,656,6.430020093917847,50,0.1,16.0,0.2,y_bar,0.7149584293365479,0.008863979019224644,0.7149296402931213,0.006648659706115723,0.7149584293365479,0.008863979019224644,0.006421432364732027,16.0,0.2,M16_eta0.2
NOG,10003,720,45.0,369664,196608,720,6.9834043979644775,50,0.1,16.0,0.2,y_bar,0.7147457599639893,0.006882793270051479,0.7147462368011475,0.00798359140753746,0.7147457599639893,0.006882793270051479,0.006871987134218216,16.0,0.2,M16_eta0.2
NOG,10003,784,49.0,402432,212992,784,7.6507463455200195,50,0.1,16.0,0.2,y_bar,0.7145723700523376,0.006705934181809425,0.7145541906356812,0.007209133356809616,0.7145723700523376,0.006705934181809425,0.007082609925419092,16.0,0.2,M16_eta0.2
NOG,10003,848,53.0,435200,229376,848,8.289960384368896,50,0.1,16.0,0.2,y_bar,0.7144370079040527,0.008296559564769268,0.7144159078598022,0.008462592028081417,0.7144370079040527,0.008296559564769268,0.007056523580104113,16.0,0.2,M16_eta0.2
NOG,10003,912,57.0,467968,245760,912,8.97407841682434,50,0.1,16.0,0.2,y_bar,0.714282214641571,0.007592618931084871,0.7142757773399353,0.008809366263449192,0.714282214641571,0.007592618931084871,0.006323999259620905,16.0,0.2,M16_eta0.2
NOG,10003,960,60.0,492544,262144,960,9.445186376571655,50,0.1,16.0,0.2,y_bar,0.7141281962394714,0.007563011255115271,0.7140998840332031,0.007236437872052193,0.7141281962394714,0.007563011255115271,0.008093567565083504,16.0,0.2,M16_eta0.2
NOG,10003,16,1.0,9216,16384,16,0.2726876735687256,50,0.1,16.0,0.3,y_bar,0.7174010872840881,0.010857443325221539,0.7173898220062256,0.010186505503952503,0.7174010872840881,0.010857443325221539,0.010629361495375633,16.0,0.3,M16_eta0.3
NOG,10003,80,5.0,41984,32768,80,0.8772294521331787,50,0.1,16.0,0.3,y_bar,0.717180073261261,0.008021276444196701,0.7171801328659058,0.00911229569464922,0.717180073261261,0.008021276444196701,0.0072850133292376995,16.0,0.3,M16_eta0.3
NOG,10003,144,9.0,74752,49152,144,1.5298359394073486,50,0.1,16.0,0.3,y_bar,0.7170352935791016,0.007479176856577396,0.7170416116714478,0.008313782513141632,0.7170352935791016,0.007479176856577396,0.006379650440067053,16.0,0.3,M16_eta0.3
NOG,10003,208,13.0,107520,65536,208,2.089656352996826,50,0.1,16.0,0.3,y_bar,0.7168806195259094,0.007651438005268574,0.7168614268302917,0.007448071148246527,0.7168806195259094,0.007651438005268574,0.006898217368870974,16.0,0.3,M16_eta0.3
NOG,10003,272,17.0,140288,81920,272,2.638514280319214,50,0.1,16.0,0.3,y_bar,0.7167155742645264,0.00810333900153637,0.7166960835456848,0.007104179356247187,0.7167155742645264,0.00810333900153637,0.006935464683920145,16.0,0.3,M16_eta0.3
NOG,10003,336,21.0,173056,98304,336,3.278695821762085,50,0.1,16.0,0.3,y_bar,0.7165939211845398,0.0089145852252841,0.7165666222572327,0.00823812372982502,0.7165939211845398,0.0089145852252841,0.006784194149076939,16.0,0.3,M16_eta0.3
NOG,10003,400,25.0,205824,114688,400,3.9482579231262207,50,0.1,16.0,0.3,y_bar,0.716384768486023,0.008405192755162716,0.7163568735122681,0.007404795847833157,0.716384768486023,0.008405192755162716,0.00583821814507246,16.0,0.3,M16_eta0.3
NOG,10003,464,29.0,238592,131072,464,4.64185094833374,50,0.1,16.0,0.3,y_bar,0.7162097692489624,0.007797457277774811,0.7162148952484131,0.007854965515434742,0.7162097692489624,0.007797457277774811,0.00743865966796875,16.0,0.3,M16_eta0.3
NOG,10003,528,33.0,271360,147456,528,5.299371719360352,50,0.1,16.0,0.3,y_bar,0.7160220742225647,0.007897318340837955,0.7160065174102783,0.007678481750190258,0.7160220742225647,0.007897318340837955,0.006995772942900658,16.0,0.3,M16_eta0.3
NOG,10003,592,37.0,304128,163840,592,5.978893041610718,50,0.1,16.0,0.3,y_bar,0.7159096002578735,0.008317810483276844,0.7158870100975037,0.007751460187137127,0.7159096002578735,0.008317810483276844,0.008505022153258324,16.0,0.3,M16_eta0.3
NOG,10003,656,41.0,336896,180224,656,6.643513202667236,50,0.1,16.0,0.3,y_bar,0.7157017588615417,0.00927784200757742,0.7156740427017212,0.007026112638413906,0.7157017588615417,0.00927784200757742,0.00657611945644021,16.0,0.3,M16_eta0.3
NOG,10003,720,45.0,369664,196608,720,7.262934446334839,50,0.1,16.0,0.3,y_bar,0.7155001759529114,0.007473268546164036,0.7154752612113953,0.00823440682142973,0.7155001759529114,0.007473268546164036,0.007352675776928663,16.0,0.3,M16_eta0.3
NOG,10003,784,49.0,402432,212992,784,8.024463415145874,50,0.1,16.0,0.3,y_bar,0.7152730822563171,0.007001515943557024,0.7152443528175354,0.006979106925427914,0.7152730822563171,0.007001515943557024,0.008043291047215462,16.0,0.3,M16_eta0.3
NOG,10003,848,53.0,435200,229376,848,8.67529559135437,50,0.1,16.0,0.3,y_bar,0.7151221036911011,0.008233795873820782,0.7151035070419312,0.008588791824877262,0.7151221036911011,0.008233795873820782,0.007182604633271694,16.0,0.3,M16_eta0.3
NOG,10003,912,57.0,467968,245760,912,9.297919988632202,50,0.1,16.0,0.3,y_bar,0.7149773240089417,0.007271554786711931,0.7149620056152344,0.008591591380536556,0.7149773240089417,0.007271554786711931,0.006687552202492952,16.0,0.3,M16_eta0.3
NOG,10003,960,60.0,492544,262144,960,9.738696336746216,50,0.1,16.0,0.3,y_bar,0.7148827314376831,0.007711287587881088,0.7148615121841431,0.0069910394959151745,0.7148827314376831,0.007711287587881088,0.008042620494961739,16.0,0.3,M16_eta0.3
NOG,10003,16,1.0,9216,16384,16,0.27823305130004883,50,0.1,16.0,0.5,y_bar,0.7174047827720642,0.011030497029423714,0.7173964977264404,0.010327993892133236,0.7174047827720642,0.011030497029423714,0.010784613899886608,16.0,0.5,M16_eta0.5
NOG,10003,80,5.0,41984,32768,80,0.9093666076660156,50,0.1,16.0,0.5,y_bar,0.7172248959541321,0.008233195170760155,0.7172200083732605,0.00949399545788765,0.7172248959541321,0.008233195170760155,0.007615361362695694,16.0,0.5,M16_eta0.5
NOG,10003,144,9.0,74752,49152,144,1.521970272064209,50,0.1,16.0,0.5,y_bar,0.7171003818511963,0.007497564423829317,0.7171044945716858,0.008486277423799038,0.7171003818511963,0.007497564423829317,0.0064411284402012825,16.0,0.5,M16_eta0.5
NOG,10003,208,13.0,107520,65536,208,2.10650897026062,50,0.1,16.0,0.5,y_bar,0.7169812321662903,0.007631374057382345,0.7169666886329651,0.007501996587961912,0.7169812321662903,0.007631374057382345,0.0069248974323272705,16.0,0.5,M16_eta0.5
NOG,10003,272,17.0,140288,81920,272,2.665187358856201,50,0.1,16.0,0.5,y_bar,0.7168585658073425,0.008152785710990429,0.7168433666229248,0.007209394127130508,0.7168585658073425,0.008152785710990429,0.007087300065904856,16.0,0.5,M16_eta0.5
NOG,10003,336,21.0,173056,98304,336,3.4319498538970947,50,0.1,16.0,0.5,y_bar,0.7167642116546631,0.00884570088237524,0.7167436480522156,0.008280256763100624,0.7167642116546631,0.00884570088237524,0.00676089758053422,16.0,0.5,M16_eta0.5
NOG,10003,400,25.0,205824,114688,400,4.116422653198242,50,0.1,16.0,0.5,y_bar,0.7166105508804321,0.00857114139944315,0.7165862321853638,0.007253582123667002,0.7166105508804321,0.00857114139944315,0.005859458353370428,16.0,0.5,M16_eta0.5
NOG,10003,464,29.0,238592,131072,464,4.736116647720337,50,0.1,16.0,0.5,y_bar,0.7164609432220459,0.007920079864561558,0.7164672017097473,0.007826574146747589,0.7164609432220459,0.007920079864561558,0.0075162253342568874,16.0,0.5,M16_eta0.5
NOG,10003,528,33.0,271360,147456,528,5.2524473667144775,50,0.1,16.0,0.5,y_bar,0.7163286805152893,0.0079340860247612,0.7163203358650208,0.007603954989463091,0.7163286805152893,0.0079340860247612,0.006973570212721825,16.0,0.5,M16_eta0.5
NOG,10003,592,37.0,304128,163840,592,5.840368986129761,50,0.1,16.0,0.5,y_bar,0.7162482738494873,0.008435040712356567,0.7162351608276367,0.007807028014212847,0.7162482738494873,0.008435040712356567,0.008681109175086021,16.0,0.5,M16_eta0.5
NOG,10003,656,41.0,336896,180224,656,6.38855767250061,50,0.1,16.0,0.5,y_bar,0.7161040902137756,0.009423292241990566,0.7160834670066833,0.007353590801358223,0.7161040902137756,0.009423292241990566,0.0064101614989340305,16.0,0.5,M16_eta0.5
NOG,10003,720,45.0,369664,196608,720,6.963309288024902,50,0.1,16.0,0.5,y_bar,0.7159584760665894,0.007200478110462427,0.7159407734870911,0.008258198387920856,0.7159584760665894,0.007200478110462427,0.007033516652882099,16.0,0.5,M16_eta0.5
NOG,10003,784,49.0,402432,212992,784,7.550302267074585,50,0.1,16.0,0.5,y_bar,0.7157791256904602,0.0071449982933700085,0.7157534956932068,0.007466261740773916,0.7157791256904602,0.0071449982933700085,0.007961025461554527,16.0,0.5,M16_eta0.5
NOG,10003,848,53.0,435200,229376,848,8.091644763946533,50,0.1,16.0,0.5,y_bar,0.7156490683555603,0.007827852852642536,0.7156308889389038,0.008713621646165848,0.7156490683555603,0.007827852852642536,0.0068611688911914825,16.0,0.5,M16_eta0.5
NOG,10003,912,57.0,467968,245760,912,8.662903547286987,50,0.1,16.0,0.5,y_bar,0.7155057191848755,0.0071433489210903645,0.715488612651825,0.009206450544297695,0.7155057191848755,0.0071433489210903645,0.007035467308014631,16.0,0.5,M16_eta0.5
NOG,10003,960,60.0,492544,262144,960,9.115817308425903,50,0.1,16.0,0.5,y_bar,0.715391218662262,0.007680921815335751,0.7153680324554443,0.007347634062170982,0.715391218662262,0.007680921815335751,0.008296258747577667,16.0,0.5,M16_eta0.5
SmoothedSGD,20003,1,,512,8192,1,0.061377763748168945,50,0.1,,0.05,x,0.717423141002655,0.011225092224776745,0.717423141002655,0.011225092224776745,,,,,0.05,SmoothedSGD
SmoothedSGD,20003,64,,32768,16384,64,0.5231492519378662,50,0.1,,0.05,x,0.7173425555229187,0.010667238384485245,0.7173425555229187,0.010667238384485245,,,,,0.05,SmoothedSGD
SmoothedSGD,20003,128,,65536,24576,128,1.05340576171875,50,0.1,,0.05,x,0.717269778251648,0.00790991447865963,0.717269778251648,0.00790991447865963,,,,,0.05,SmoothedSGD
SmoothedSGD,20003,192,,98304,32768,192,1.5522549152374268,50,0.1,,0.05,x,0.7172298431396484,0.009125333279371262,0.7172298431396484,0.009125333279371262,,,,,0.05,SmoothedSGD
SmoothedSGD,20003,256,,131072,40960,256,2.049039125442505,50,0.1,,0.05,x,0.7171719074249268,0.008105982095003128,0.7171719074249268,0.008105982095003128,,,,,0.05,SmoothedSGD
SmoothedSGD,20003,320,,163840,49152,320,2.573540210723877,50,0.1,,0.05,x,0.7171149849891663,0.008709262125194073,0.7171149849891663,0.008709262125194073,,,,,0.05,SmoothedSGD
SmoothedSGD,20003,384,,196608,57344,384,3.038681745529175,50,0.1,,0.05,x,0.7170637845993042,0.00834425538778305,0.7170637845993042,0.00834425538778305,,,,,0.05,SmoothedSGD
SmoothedSGD,20003,448,,229376,65536,448,3.50663423538208,50,0.1,,0.05,x,0.7170239090919495,0.009051007218658924,0.7170239090919495,0.009051007218658924,,,,,0.05,SmoothedSGD
SmoothedSGD,20003,512,,262144,73728,512,4.002856969833374,50,0.1,,0.05,x,0.7169790863990784,0.007145762909203768,0.7169790863990784,0.007145762909203768,,,,,0.05,SmoothedSGD
SmoothedSGD,20003,576,,294912,81920,576,4.485761642456055,50,0.1,,0.05,x,0.7169392108917236,0.009116368368268013,0.7169392108917236,0.009116368368268013,,,,,0.05,SmoothedSGD
SmoothedSGD,20003,640,,327680,90112,640,4.9887778759002686,50,0.1,,0.05,x,0.7169008851051331,0.007160824723541737,0.7169008851051331,0.007160824723541737,,,,,0.05,SmoothedSGD
SmoothedSGD,20003,704,,360448,98304,704,5.471184253692627,50,0.1,,0.05,x,0.716858983039856,0.008227488026022911,0.716858983039856,0.008227488026022911,,,,,0.05,SmoothedSGD
SmoothedSGD,20003,768,,393216,106496,768,5.951577663421631,50,0.1,,0.05,x,0.7168235182762146,0.00696242181584239,0.7168235182762146,0.00696242181584239,,,,,0.05,SmoothedSGD
SmoothedSGD,20003,832,,425984,114688,832,6.4378063678741455,50,0.1,,0.05,x,0.7167694568634033,0.007626744452863932,0.7167694568634033,0.007626744452863932,,,,,0.05,SmoothedSGD
SmoothedSGD,20003,896,,458752,122880,896,6.91958212852478,50,0.1,,0.05,x,0.7167330980300903,0.007326214108616114,0.7167330980300903,0.007326214108616114,,,,,0.05,SmoothedSGD
SmoothedSGD,20003,960,,491520,131072,960,7.439209222793579,50,0.1,,0.05,x,0.7166756987571716,0.005838918965309858,0.7166756987571716,0.005838918965309858,,,,,0.05,SmoothedSGD
NOG,10004,4,1.0,3072,16384,4,0.1423802375793457,50,0.1,4.0,0.1,y_bar,0.7162255644798279,0.012278173118829727,0.7162268757820129,0.011674839071929455,0.7162255644798279,0.012278173118829727,0.012403026223182678,4.0,0.1,M4_eta0.1
NOG,10004,68,17.0,35840,32768,68,0.7299084663391113,50,0.1,4.0,0.1,y_bar,0.7131348848342896,0.007899601943790913,0.713076651096344,0.00814136303961277,0.7131348848342896,0.007899601943790913,0.015086018480360508,4.0,0.1,M4_eta0.1
NOG,10004,132,33.0,68608,49152,132,1.3049261569976807,50,0.1,4.0,0.1,y_bar,0.7121047377586365,0.009823404252529144,0.7120972275733948,0.008724946528673172,0.7121047377586365,0.009823404252529144,0.01725473813712597,4.0,0.1,M4_eta0.1
NOG,10004,196,49.0,101376,65536,196,1.8599333763122559,50,0.1,4.0,0.1,y_bar,0.7132242918014526,0.009993968531489372,0.7132180333137512,0.009909520857036114,0.7132242918014526,0.009993968531489372,0.015051393769681454,4.0,0.1,M4_eta0.1
NOG,10004,260,65.0,134144,81920,260,2.4255530834198,50,0.1,4.0,0.1,y_bar,0.7119485139846802,0.00851036049425602,0.7119200825691223,0.008939367718994617,0.7119485139846802,0.00851036049425602,0.01587924174964428,4.0,0.1,M4_eta0.1
NOG,10004,324,81.0,166912,98304,324,2.9601757526397705,50,0.1,4.0,0.1,y_bar,0.7115418314933777,0.00910226907581091,0.7115710377693176,0.008422544226050377,0.7115418314933777,0.00910226907581091,0.013448399491608143,4.0,0.1,M4_eta0.1
NOG,10004,388,97.0,199680,114688,388,3.545830011367798,50,0.1,4.0,0.1,y_bar,0.710583508014679,0.009897522628307343,0.7105357646942139,0.009274987503886223,0.710583508014679,0.009897522628307343,0.015813302248716354,4.0,0.1,M4_eta0.1
NOG,10004,452,113.0,232448,131072,452,4.135976076126099,50,0.1,4.0,0.1,y_bar,0.7097070217132568,0.008826791308820248,0.7097788453102112,0.008681072853505611,0.7097070217132568,0.008826791308820248,0.016402078792452812,4.0,0.1,M4_eta0.1
NOG,10004,516,129.0,265216,147456,516,4.702328205108643,50,0.1,4.0,0.1,y_bar,0.7105391621589661,0.010046188719570637,0.7106137275695801,0.009776199236512184,0.7105391621589661,0.010046188719570637,0.01641008071601391,4.0,0.1,M4_eta0.1
NOG,10004,580,145.0,297984,163840,580,5.307608604431152,50,0.1,4.0,0.1,y_bar,0.7112112045288086,0.011701423674821854,0.7111526727676392,0.010118668898940086,0.7112112045288086,0.011701423674821854,0.015327020548284054,4.0,0.1,M4_eta0.1
NOG,10004,644,161.0,330752,180224,644,5.876688003540039,50,0.1,4.0,0.1,y_bar,0.7097814083099365,0.009181389585137367,0.709816038608551,0.010190596804022789,0.7097814083099365,0.009181389585137367,0.015231619589030743,4.0,0.1,M4_eta0.1
NOG,10004,708,177.0,363520,196608,708,6.465227365493774,50,0.1,4.0,0.1,y_bar,0.710063636302948,0.01015681866556406,0.7099699378013611,0.010250539518892765,0.710063636302948,0.01015681866556406,0.013281408697366714,4.0,0.1,M4_eta0.1
NOG,10004,772,193.0,396288,212992,772,7.031266689300537,50,0.1,4.0,0.1,y_bar,0.7089478969573975,0.00973612628877163,0.7089887261390686,0.009371249005198479,0.7089478969573975,0.00973612628877163,0.01586039364337921,4.0,0.1,M4_eta0.1
NOG,10004,836,209.0,429056,229376,836,7.5860230922698975,50,0.1,4.0,0.1,y_bar,0.7092865109443665,0.012258623726665974,0.709230899810791,0.011018828488886356,0.7092865109443665,0.012258623726665974,0.014080469496548176,4.0,0.1,M4_eta0.1
NOG,10004,900,225.0,461824,245760,900,8.1838698387146,50,0.1,4.0,0.1,y_bar,0.7083590030670166,0.008127737790346146,0.7083435654640198,0.011071337386965752,0.7083590030670166,0.008127737790346146,0.01300197932869196,4.0,0.1,M4_eta0.1
NOG,10004,960,240.0,492544,262144,960,8.683170795440674,50,0.1,4.0,0.1,y_bar,0.7078260183334351,0.008528556674718857,0.7078615427017212,0.00758246798068285,0.7078260183334351,0.008528556674718857,0.01584957353770733,4.0,0.1,M4_eta0.1
NOG,10004,4,1.0,3072,16384,4,0.1542832851409912,50,0.1,4.0,0.2,y_bar,0.7162379026412964,0.012088920921087265,0.7162365317344666,0.011342623271048069,0.7162379026412964,0.012088920921087265,0.012074116617441177,4.0,0.2,M4_eta0.2
NOG,10004,68,17.0,35840,32768,68,0.7513532638549805,50,0.1,4.0,0.2,y_bar,0.7127106785774231,0.007988979108631611,0.7126434445381165,0.008377828635275364,0.7127106785774231,0.007988979108631611,0.014524404890835285,4.0,0.2,M4_eta0.2
NOG,10004,132,33.0,68608,49152,132,1.327516794204712,50,0.1,4.0,0.2,y_bar,0.7112609148025513,0.008773923851549625,0.7113000750541687,0.007416012696921825,0.7112609148025513,0.008773923851549625,0.015145859681069851,4.0,0.2,M4_eta0.2
NOG,10004,196,49.0,101376,65536,196,1.921562671661377,50,0.1,4.0,0.2,y_bar,0.7112955451011658,0.0067870053462684155,0.7113681435585022,0.007418703753501177,0.7112955451011658,0.0067870053462684155,0.012705511413514614,4.0,0.2,M4_eta0.2
NOG,10004,260,65.0,134144,81920,260,2.503955841064453,50,0.1,4.0,0.2,y_bar,0.7111465334892273,0.008566075935959816,0.7111110091209412,0.007534169126302004,0.7111465334892273,0.008566075935959816,0.01391252875328064,4.0,0.2,M4_eta0.2
NOG,10004,324,81.0,166912,98304,324,3.091236114501953,50,0.1,4.0,0.2,y_bar,0.7108252048492432,0.008377913385629654,0.7108278274536133,0.009311258792877197,0.7108252048492432,0.008377913385629654,0.016013043001294136,4.0,0.2,M4_eta0.2
NOG,10004,388,97.0,199680,114688,388,3.6914732456207275,50,0.1,4.0,0.2,y_bar,0.7105931043624878,0.008109647780656815,0.7105705738067627,0.006397383287549019,0.7105931043624878,0.008109647780656815,0.015966711565852165,4.0,0.2,M4_eta0.2
NOG,10004,452,113.0,232448,131072,452,4.242690324783325,50,0.1,4.0,0.2,y_bar,0.7108446359634399,0.009263543412089348,0.7108334302902222,0.008986243046820164,0.7108446359634399,0.009263543412089348,0.010874093510210514,4.0,0.2,M4_eta0.2
NOG,10004,516,129.0,265216,147456,516,4.785863161087036,50,0.1,4.0,0.2,y_bar,0.7099257707595825,0.007554139941930771,0.7099376320838928,0.008637577295303345,0.7099257707595825,0.007554139941930771,0.014133377000689507,4.0,0.2,M4_eta0.2
NOG,10004,580,145.0,297984,163840,580,5.352835178375244,50,0.1,4.0,0.2,y_bar,0.7106059193611145,0.007508342154324055,0.7105863094329834,0.008399523794651031,0.7106059193611145,0.007508342154324055,0.014203066937625408,4.0,0.2,M4_eta0.2
NOG,10004,644,161.0,330752,180224,644,5.89860200881958,50,0.1,4.0,0.2,y_bar,0.7100176215171814,0.008558652363717556,0.7099571824073792,0.007536959368735552,0.7100176215171814,0.008558652363717556,0.015317722223699093,4.0,0.2,M4_eta0.2
NOG,10004,708,177.0,363520,196608,708,6.465909957885742,50,0.1,4.0,0.2,y_bar,0.7098628878593445,0.00868565496057272,0.7099294662475586,0.009925196878612041,0.7098628878593445,0.00868565496057272,0.01285078376531601,4.0,0.2,M4_eta0.2
NOG,10004,772,193.0,396288,212992,772,7.0576629638671875,50,0.1,4.0,0.2,y_bar,0.7093564867973328,0.009050479158759117,0.7094042897224426,0.008927052840590477,0.7093564867973328,0.009050479158759117,0.015437280759215355,4.0,0.2,M4_eta0.2
NOG,10004,836,209.0,429056,229376,836,7.604586124420166,50,0.1,4.0,0.2,y_bar,0.7084921598434448,0.009721887297928333,0.7083901762962341,0.007437678519636393,0.7084921598434448,0.009721887297928333,0.015008772723376751,4.0,0.2,M4_eta0.2
NOG,10004,900,225.0,461824,245760,900,8.17089319229126,50,0.1,4.0,0.2,y_bar,0.7081289291381836,0.007724028546363115,0.7081818580627441,0.008309796452522278,0.7081289291381836,0.007724028546363115,0.01240005623549223,4.0,0.2,M4_eta0.2
NOG,10004,960,240.0,492544,262144,960,8.747143983840942,50,0.1,4.0,0.2,y_bar,0.7084760665893555,0.009634096175432205,0.7084900140762329,0.008883464150130749,0.7084760665893555,0.009634096175432205,0.015138811431825161,4.0,0.2,M4_eta0.2
NOG,10004,4,1.0,3072,16384,4,0.15372347831726074,50,0.1,4.0,0.3,y_bar,0.7162484526634216,0.011944660916924477,0.7162442207336426,0.011187727563083172,0.7162484526634216,0.011944660916924477,0.011969409883022308,4.0,0.3,M4_eta0.3
NOG,10004,68,17.0,35840,32768,68,0.758091926574707,50,0.1,4.0,0.3,y_bar,0.712811291217804,0.008072013035416603,0.7126907706260681,0.008241638541221619,0.712811291217804,0.008072013035416603,0.015026642009615898,4.0,0.3,M4_eta0.3
NOG,10004,132,33.0,68608,49152,132,1.3006081581115723,50,0.1,4.0,0.3,y_bar,0.7110764384269714,0.008333701640367508,0.7110635638237,0.006388199049979448,0.7110764384269714,0.008333701640367508,0.016025487333536148,4.0,0.3,M4_eta0.3
NOG,10004,196,49.0,101376,65536,196,1.8571007251739502,50,0.1,4.0,0.3,y_bar,0.7112096548080444,0.007357684895396233,0.7112398147583008,0.007501585874706507,0.7112096548080444,0.007357684895396233,0.01277579739689827,4.0,0.3,M4_eta0.3
NOG,10004,260,65.0,134144,81920,260,2.430635929107666,50,0.1,4.0,0.3,y_bar,0.7105680704116821,0.007927287369966507,0.7105382084846497,0.00691249780356884,0.7105680704116821,0.007927287369966507,0.013637871481478214,4.0,0.3,M4_eta0.3
NOG,10004,324,81.0,166912,98304,324,3.040163993835449,50,0.1,4.0,0.3,y_bar,0.7102522850036621,0.007808757480233908,0.7102344036102295,0.007209930568933487,0.7102522850036621,0.007808757480233908,0.01655280776321888,4.0,0.3,M4_eta0.3
NOG,10004,388,97.0,199680,114688,388,3.623934268951416,50,0.1,4.0,0.3,y_bar,0.7103173136711121,0.007656238041818142,0.7104029655456543,0.007425212301313877,0.7103173136711121,0.007656238041818142,0.01459584105759859,4.0,0.3,M4_eta0.3
NOG,10004,452,113.0,232448,131072,452,4.170058965682983,50,0.1,4.0,0.3,y_bar,0.7097476720809937,0.008907283656299114,0.7098159193992615,0.008642097935080528,0.7097476720809937,0.008907283656299114,0.012411043979227543,4.0,0.3,M4_eta0.3
NOG,10004,516,129.0,265216,147456,516,4.875875473022461,50,0.1,4.0,0.3,y_bar,0.7093695402145386,0.007723360322415829,0.7093777656555176,0.007173921912908554,0.7093695402145386,0.007723360322415829,0.014398842118680477,4.0,0.3,M4_eta0.3
NOG,10004,580,145.0,297984,163840,580,5.478940725326538,50,0.1,4.0,0.3,y_bar,0.7094903588294983,0.008476641029119492,0.7094024419784546,0.007685471326112747,0.7094903588294983,0.008476641029119492,0.014612141065299511,4.0,0.3,M4_eta0.3
NOG,10004,644,161.0,330752,180224,644,6.07134485244751,50,0.1,4.0,0.3,y_bar,0.7093468308448792,0.009712764993309975,0.7093377113342285,0.0060408334247767925,0.7093468308448792,0.009712764993309975,0.014812498353421688,4.0,0.3,M4_eta0.3
NOG,10004,708,177.0,363520,196608,708,6.737899303436279,50,0.1,4.0,0.3,y_bar,0.7092638611793518,0.009493795223534107,0.7092628479003906,0.007778052240610123,0.7092638611793518,0.009493795223534107,0.012953700497746468,4.0,0.3,M4_eta0.3
NOG,10004,772,193.0,396288,212992,772,7.276910066604614,50,0.1,4.0,0.3,y_bar,0.7086946368217468,0.008791385218501091,0.7087582945823669,0.007988911122083664,0.7086946368217468,0.008791385218501091,0.013750222511589527,4.0,0.3,M4_eta0.3
NOG,10004,836,209.0,429056,229376,836,7.885153293609619,50,0.1,4.0,0.3,y_bar,0.7078133225440979,0.008409908972680569,0.7078102231025696,0.00846931803971529,0.7078133225440979,0.008409908972680569,0.014540817588567734,4.0,0.3,M4_eta0.3
NOG,10004,900,225.0,461824,245760,900,8.480995893478394,50,0.1,4.0,0.3,y_bar,0.7079740762710571,0.008812897838652134,0.7080273032188416,0.00797210168093443,0.7079740762710571,0.008812897838652134,0.012567354366183281,4.0,0.3,M4_eta0.3
NOG,10004,960,240.0,492544,262144,960,8.999470710754395,50,0.1,4.0,0.3,y_bar,0.7082675099372864,0.00923874694854021,0.7082563638687134,0.008830958977341652,0.7082675099372864,0.00923874694854021,0.014956437982618809,4.0,0.3,M4_eta0.3
NOG,10004,4,1.0,3072,16384,4,0.12231302261352539,50,0.1,4.0,0.5,y_bar,0.7162521481513977,0.011916546151041985,0.7162436246871948,0.011177386157214642,0.7162521481513977,0.011916546151041985,0.011799553409218788,4.0,0.5,M4_eta0.5
NOG,10004,68,17.0,35840,32768,68,0.6780414581298828,50,0.1,4.0,0.5,y_bar,0.7134822010993958,0.008247101679444313,0.7134283185005188,0.00788181833922863,0.7134822010993958,0.008247101679444313,0.014094706624746323,4.0,0.5,M4_eta0.5
NOG,10004,132,33.0,68608,49152,132,1.3546109199523926,50,0.1,4.0,0.5,y_bar,0.711929440498352,0.007557430304586887,0.7119271755218506,0.007289593107998371,0.711929440498352,0.007557430304586887,0.015520989894866943,4.0,0.5,M4_eta0.5
NOG,10004,196,49.0,101376,65536,196,1.9643187522888184,50,0.1,4.0,0.5,y_bar,0.7115151882171631,0.006818095222115517,0.711503267288208,0.0073684281669557095,0.7115151882171631,0.006818095222115517,0.012282183393836021,4.0,0.5,M4_eta0.5
NOG,10004,260,65.0,134144,81920,260,2.6569931507110596,50,0.1,4.0,0.5,y_bar,0.7108364105224609,0.008555847220122814,0.7108594179153442,0.006916203070431948,0.7108364105224609,0.008555847220122814,0.013180801644921303,4.0,0.5,M4_eta0.5
NOG,10004,324,81.0,166912,98304,324,3.2823431491851807,50,0.1,4.0,0.5,y_bar,0.7106791734695435,0.007404420059174299,0.7106658220291138,0.007249521557241678,0.7106791734695435,0.007404420059174299,0.01607067883014679,4.0,0.5,M4_eta0.5
NOG,10004,388,97.0,199680,114688,388,3.9581832885742188,50,0.1,4.0,0.5,y_bar,0.71067875623703,0.007618118543177843,0.7106788158416748,0.006580754648894072,0.71067875623703,0.007618118543177843,0.014538390561938286,4.0,0.5,M4_eta0.5
NOG,10004,452,113.0,232448,131072,452,4.561818838119507,50,0.1,4.0,0.5,y_bar,0.710486888885498,0.0076787457801401615,0.7105259299278259,0.008656712248921394,0.710486888885498,0.0076787457801401615,0.013406900689005852,4.0,0.5,M4_eta0.5
NOG,10004,516,129.0,265216,147456,516,5.167206764221191,50,0.1,4.0,0.5,y_bar,0.710598886013031,0.00837770290672779,0.710614025592804,0.006015916354954243,0.710598886013031,0.00837770290672779,0.013552780263125896,4.0,0.5,M4_eta0.5
NOG,10004,580,145.0,297984,163840,580,5.765692472457886,50,0.1,4.0,0.5,y_bar,0.7105345129966736,0.007632306311279535,0.7105213403701782,0.008362957276403904,0.7105345129966736,0.007632306311279535,0.01331752073019743,4.0,0.5,M4_eta0.5
NOG,10004,644,161.0,330752,180224,644,6.351178407669067,50,0.1,4.0,0.5,y_bar,0.7102382779121399,0.008154384791851044,0.7102617025375366,0.007825329899787903,0.7102382779121399,0.008154384791851044,0.015373434871435165,4.0,0.5,M4_eta0.5
NOG,10004,708,177.0,363520,196608,708,6.973071575164795,50,0.1,4.0,0.5,y_bar,0.7101526856422424,0.007314799353480339,0.7101806998252869,0.007107328623533249,0.7101526856422424,0.007314799353480339,0.011602445505559444,4.0,0.5,M4_eta0.5
NOG,10004,772,193.0,396288,212992,772,7.63448691368103,50,0.1,4.0,0.5,y_bar,0.7101244926452637,0.008034557104110718,0.7101680636405945,0.00844468455761671,0.7101244926452637,0.008034557104110718,0.01320454478263855,4.0,0.5,M4_eta0.5
NOG,10004,836,209.0,429056,229376,836,8.261599063873291,50,0.1,4.0,0.5,y_bar,0.709856390953064,0.00853350106626749,0.7098658680915833,0.008332927711308002,0.709856390953064,0.00853350106626749,0.013658748008310795,4.0,0.5,M4_eta0.5
NOG,10004,900,225.0,461824,245760,900,8.878067016601562,50,0.1,4.0,0.5,y_bar,0.7097638845443726,0.008946494199335575,0.7098163962364197,0.008660461753606796,0.7097638845443726,0.008946494199335575,0.012482189573347569,4.0,0.5,M4_eta0.5
NOG,10004,960,240.0,492544,262144,960,9.423430919647217,50,0.1,4.0,0.5,y_bar,0.7098130583763123,0.007717854343354702,0.7098312973976135,0.006149010267108679,0.7098130583763123,0.007717854343354702,0.015089047141373158,4.0,0.5,M4_eta0.5
NOG,10004,8,1.0,5120,16384,8,0.18314623832702637,50,0.1,8.0,0.1,y_bar,0.7162190079689026,0.01192485447973013,0.7161978483200073,0.010269573889672756,0.7162190079689026,0.01192485447973013,0.01102251186966896,8.0,0.1,M8_eta0.1
NOG,10004,72,9.0,37888,32768,72,0.7218751907348633,50,0.1,8.0,0.1,y_bar,0.7139554023742676,0.008554354310035706,0.7138245105743408,0.008628970943391323,0.7139554023742676,0.008554354310035706,0.010228758677840233,8.0,0.1,M8_eta0.1
NOG,10004,136,17.0,70656,49152,136,1.2448899745941162,50,0.1,8.0,0.1,y_bar,0.7120099067687988,0.008392036892473698,0.7119486927986145,0.0077813356183469296,0.7120099067687988,0.008392036892473698,0.011034616269171238,8.0,0.1,M8_eta0.1
NOG,10004,200,25.0,103424,65536,200,1.8842592239379883,50,0.1,8.0,0.1,y_bar,0.7115768790245056,0.00918283686041832,0.71153724193573,0.0070855021476745605,0.7115768790245056,0.00918283686041832,0.011077548377215862,8.0,0.1,M8_eta0.1
NOG,10004,264,33.0,136192,81920,264,2.6109132766723633,50,0.1,8.0,0.1,y_bar,0.7110328078269958,0.007261818274855614,0.7109701633453369,0.007120272610336542,0.7110328078269958,0.007261818274855614,0.00957564078271389,8.0,0.1,M8_eta0.1
NOG,10004,328,41.0,168960,98304,328,3.3082849979400635,50,0.1,8.0,0.1,y_bar,0.7104429006576538,0.007584588136523962,0.7103468179702759,0.008534738793969154,0.7104429006576538,0.007584588136523962,0.014585476368665695,8.0,0.1,M8_eta0.1
NOG,10004,392,49.0,201728,114688,392,3.886432409286499,50,0.1,8.0,0.1,y_bar,0.7104904055595398,0.007352558430284262,0.7105075716972351,0.008166228421032429,0.7104904055595398,0.007352558430284262,0.010824788361787796,8.0,0.1,M8_eta0.1
NOG,10004,456,57.0,234496,131072,456,4.496173858642578,50,0.1,8.0,0.1,y_bar,0.7102869749069214,0.008543784730136395,0.7102537751197815,0.009359353221952915,0.7102869749069214,0.008543784730136395,0.010969174094498158,8.0,0.1,M8_eta0.1
NOG,10004,520,65.0,267264,147456,520,5.10191011428833,50,0.1,8.0,0.1,y_bar,0.7098278999328613,0.007236377336084843,0.709867537021637,0.0072777667082846165,0.7098278999328613,0.007236377336084843,0.009486612863838673,8.0,0.1,M8_eta0.1
NOG,10004,584,73.0,300032,163840,584,5.689019203186035,50,0.1,8.0,0.1,y_bar,0.7101625204086304,0.0071428921073675156,0.7101340889930725,0.007749828509986401,0.7101625204086304,0.0071428921073675156,0.009851658716797829,8.0,0.1,M8_eta0.1
NOG,10004,648,81.0,332800,180224,648,6.2705769538879395,50,0.1,8.0,0.1,y_bar,0.7098533511161804,0.006946972571313381,0.7098477482795715,0.007782881613820791,0.7098533511161804,0.006946972571313381,0.009593481197953224,8.0,0.1,M8_eta0.1
NOG,10004,712,89.0,365568,196608,712,6.798908710479736,50,0.1,8.0,0.1,y_bar,0.7093973755836487,0.007795858662575483,0.7093899846076965,0.008852952159941196,0.7093973755836487,0.007795858662575483,0.009810799732804298,8.0,0.1,M8_eta0.1
NOG,10004,776,97.0,398336,212992,776,7.405513525009155,50,0.1,8.0,0.1,y_bar,0.7090326547622681,0.009168095886707306,0.7090063095092773,0.006488862447440624,0.7090326547622681,0.009168095886707306,0.008997712284326553,8.0,0.1,M8_eta0.1
NOG,10004,840,105.0,431104,229376,840,8.011166334152222,50,0.1,8.0,0.1,y_bar,0.7088429927825928,0.008725485764443874,0.708865761756897,0.00936454813927412,0.7088429927825928,0.008725485764443874,0.011230806820094585,8.0,0.1,M8_eta0.1
NOG,10004,904,113.0,463872,245760,904,8.680503845214844,50,0.1,8.0,0.1,y_bar,0.708954930305481,0.008323521353304386,0.7089458703994751,0.009087746031582355,0.708954930305481,0.008323521353304386,0.010692163370549679,8.0,0.1,M8_eta0.1
NOG,10004,960,120.0,492544,262144,960,9.182000637054443,50,0.1,8.0,0.1,y_bar,0.70884770154953,0.008891566656529903,0.7088963389396667,0.009051121771335602,0.70884770154953,0.008891566656529903,0.010249930433928967,8.0,0.1,M8_eta0.1
NOG,10004,8,1.0,5120,16384,8,0.16527724266052246,50,0.1,8.0,0.2,y_bar,0.7162235975265503,0.011864335276186466,0.7161818146705627,0.009970981627702713,0.7162235975265503,0.011864335276186466,0.010580447502434254,8.0,0.2,M8_eta0.2
NOG,10004,72,9.0,37888,32768,72,0.7415204048156738,50,0.1,8.0,0.2,y_bar,0.7143144607543945,0.008780108764767647,0.7142221927642822,0.009388551115989685,0.7143144607543945,0.008780108764767647,0.0096769193187356,8.0,0.2,M8_eta0.2
NOG,10004,136,17.0,70656,49152,136,1.340977668762207,50,0.1,8.0,0.2,y_bar,0.7127957940101624,0.008436880074441433,0.7127172946929932,0.007621470373123884,0.7127957940101624,0.008436880074441433,0.010126147419214249,8.0,0.2,M8_eta0.2
NOG,10004,200,25.0,103424,65536,200,1.9301347732543945,50,0.1,8.0,0.2,y_bar,0.7119284868240356,0.007970214821398258,0.7118853330612183,0.00797312892973423,0.7119284868240356,0.007970214821398258,0.009993305429816246,8.0,0.2,M8_eta0.2
NOG,10004,264,33.0,136192,81920,264,2.579028367996216,50,0.1,8.0,0.2,y_bar,0.7114938497543335,0.008130955509841442,0.7114836573600769,0.007250269874930382,0.7114938497543335,0.008130955509841442,0.008776762522757053,8.0,0.2,M8_eta0.2
NOG,10004,328,41.0,168960,98304,328,3.109185218811035,50,0.1,8.0,0.2,y_bar,0.7110425233840942,0.007050565909594297,0.7110521793365479,0.007578201591968536,0.7110425233840942,0.007050565909594297,0.0130515331402421,8.0,0.2,M8_eta0.2
NOG,10004,392,49.0,201728,114688,392,3.6542928218841553,50,0.1,8.0,0.2,y_bar,0.7108646631240845,0.007337487302720547,0.7108738422393799,0.007456891238689423,0.7108646631240845,0.007337487302720547,0.009246757254004478,8.0,0.2,M8_eta0.2
NOG,10004,456,57.0,234496,131072,456,4.3343400955200195,50,0.1,8.0,0.2,y_bar,0.7106324434280396,0.007384313270449638,0.7106398344039917,0.00938655249774456,0.7106324434280396,0.007384313270449638,0.009321278892457485,8.0,0.2,M8_eta0.2
NOG,10004,520,65.0,267264,147456,520,5.033853054046631,50,0.1,8.0,0.2,y_bar,0.7106398940086365,0.007837553508579731,0.7106358408927917,0.0075774225406348705,0.7106398940086365,0.007837553508579731,0.009376665577292442,8.0,0.2,M8_eta0.2
NOG,10004,584,73.0,300032,163840,584,5.738029718399048,50,0.1,8.0,0.2,y_bar,0.7104318737983704,0.0069487858563661575,0.7104323506355286,0.007298838347196579,0.7104318737983704,0.0069487858563661575,0.008962863124907017,8.0,0.2,M8_eta0.2
NOG,10004,648,81.0,332800,180224,648,6.349050521850586,50,0.1,8.0,0.2,y_bar,0.7102959752082825,0.00625049602240324,0.7103204727172852,0.008684691041707993,0.7102959752082825,0.00625049602240324,0.008454293943941593,8.0,0.2,M8_eta0.2
NOG,10004,712,89.0,365568,196608,712,6.953118562698364,50,0.1,8.0,0.2,y_bar,0.710133969783783,0.00681331055238843,0.7101240754127502,0.008055800572037697,0.710133969783783,0.00681331055238843,0.01087824534624815,8.0,0.2,M8_eta0.2
NOG,10004,776,97.0,398336,212992,776,7.5893495082855225,50,0.1,8.0,0.2,y_bar,0.7101759910583496,0.006835918873548508,0.7101688385009766,0.007546629756689072,0.7101759910583496,0.006835918873548508,0.008848092518746853,8.0,0.2,M8_eta0.2
NOG,10004,840,105.0,431104,229376,840,8.193655490875244,50,0.1,8.0,0.2,y_bar,0.7101184129714966,0.008002805523574352,0.7101149559020996,0.00975686777383089,0.7101184129714966,0.008002805523574352,0.010465472005307674,8.0,0.2,M8_eta0.2
NOG,10004,904,113.0,463872,245760,904,8.770351648330688,50,0.1,8.0,0.2,y_bar,0.7099225521087646,0.008212345652282238,0.7099658846855164,0.008144093677401543,0.7099225521087646,0.008212345652282238,0.009050551801919937,8.0,0.2,M8_eta0.2
NOG,10004,960,120.0,492544,262144,960,9.250158548355103,50,0.1,8.0,0.2,y_bar,0.7100560665130615,0.007656193803995848,0.7100432515144348,0.0069605144672095776,0.7100560665130615,0.007656193803995848,0.010925623588263988,8.0,0.2,M8_eta0.2
NOG,10004,8,1.0,5120,16384,8,0.20041155815124512,50,0.1,8.0,0.3,y_bar,0.7162142992019653,0.0118718221783638,0.7161774635314941,0.010228576138615608,0.7162142992019653,0.0118718221783638,0.010759102180600166,8.0,0.3,M8_eta0.3
NOG,10004,72,9.0,37888,32768,72,0.867398738861084,50,0.1,8.0,0.3,y_bar,0.7148995399475098,0.00917532667517662,0.7148561477661133,0.009524347260594368,0.7148995399475098,0.00917532667517662,0.009549262002110481,8.0,0.3,M8_eta0.3
NOG,10004,136,17.0,70656,49152,136,1.4392993450164795,50,0.1,8.0,0.3,y_bar,0.7138117551803589,0.00902807991951704,0.7137455940246582,0.007299619261175394,0.7138117551803589,0.00902807991951704,0.00942062959074974,8.0,0.3,M8_eta0.3
NOG,10004,200,25.0,103424,65536,200,2.1301794052124023,50,0.1,8.0,0.3,y_bar,0.7129817008972168,0.008295427076518536,0.7129404544830322,0.008808891288936138,0.7129817008972168,0.008295427076518536,0.009598457254469395,8.0,0.3,M8_eta0.3
NOG,10004,264,33.0,136192,81920,264,2.820070266723633,50,0.1,8.0,0.3,y_bar,0.7124295830726624,0.007879615761339664,0.7124345898628235,0.007797700818628073,0.7124295830726624,0.007879615761339664,0.008756170980632305,8.0,0.3,M8_eta0.3
NOG,10004,328,41.0,168960,98304,328,3.4784798622131348,50,0.1,8.0,0.3,y_bar,0.7119566798210144,0.006317339837551117,0.711946427822113,0.00756353884935379,0.7119566798210144,0.006317339837551117,0.013623383827507496,8.0,0.3,M8_eta0.3
NOG,10004,392,49.0,201728,114688,392,4.057121992111206,50,0.1,8.0,0.3,y_bar,0.7117328643798828,0.007181298453360796,0.7117243409156799,0.007075172383338213,0.7117328643798828,0.007181298453360796,0.009193371050059795,8.0,0.3,M8_eta0.3
NOG,10004,456,57.0,234496,131072,456,4.70134162902832,50,0.1,8.0,0.3,y_bar,0.7114756107330322,0.00664809113368392,0.7114713788032532,0.008615012280642986,0.7114756107330322,0.00664809113368392,0.008784341625869274,8.0,0.3,M8_eta0.3
NOG,10004,520,65.0,267264,147456,520,5.246126890182495,50,0.1,8.0,0.3,y_bar,0.711260199546814,0.007239517290145159,0.7112604379653931,0.007551271002739668,0.711260199546814,0.007239517290145159,0.010202284902334213,8.0,0.3,M8_eta0.3
NOG,10004,584,73.0,300032,163840,584,5.789433240890503,50,0.1,8.0,0.3,y_bar,0.7110816836357117,0.006476921029388905,0.711084246635437,0.007169421296566725,0.7110816836357117,0.006476921029388905,0.009863070212304592,8.0,0.3,M8_eta0.3
NOG,10004,648,81.0,332800,180224,648,6.466554641723633,50,0.1,8.0,0.3,y_bar,0.7109010219573975,0.006087213288992643,0.7109296917915344,0.008424492552876472,0.7109010219573975,0.006087213288992643,0.009711056016385555,8.0,0.3,M8_eta0.3
NOG,10004,712,89.0,365568,196608,712,7.2088682651519775,50,0.1,8.0,0.3,y_bar,0.7107916474342346,0.0059522418305277824,0.7107797861099243,0.008093739859759808,0.7107916474342346,0.0059522418305277824,0.010740857571363449,8.0,0.3,M8_eta0.3
NOG,10004,776,97.0,398336,212992,776,7.91192364692688,50,0.1,8.0,0.3,y_bar,0.7107044458389282,0.006932133808732033,0.710712730884552,0.007231384050101042,0.7107044458389282,0.006932133808732033,0.00811325665563345,8.0,0.3,M8_eta0.3
NOG,10004,840,105.0,431104,229376,840,8.508009910583496,50,0.1,8.0,0.3,y_bar,0.7105506658554077,0.006671851500868797,0.7105266451835632,0.00918126106262207,0.7105506658554077,0.006671851500868797,0.010369437746703625,8.0,0.3,M8_eta0.3
NOG,10004,904,113.0,463872,245760,904,9.056814670562744,50,0.1,8.0,0.3,y_bar,0.7104746699333191,0.008174845948815346,0.7104782462120056,0.008518368005752563,0.7104746699333191,0.008174845948815346,0.007988270372152328,8.0,0.3,M8_eta0.3
NOG,10004,960,120.0,492544,262144,960,9.55574655532837,50,0.1,8.0,0.3,y_bar,0.710494875907898,0.007351747248321772,0.7104730010032654,0.0070579769089818,0.710494875907898,0.007351747248321772,0.010815959423780441,8.0,0.3,M8_eta0.3
NOG,10004,8,1.0,5120,16384,8,0.18278002738952637,50,0.1,8.0,0.5,y_bar,0.7162102460861206,0.011880941689014435,0.7161787748336792,0.010431516915559769,0.7162102460861206,0.011880941689014435,0.011022810824215412,8.0,0.5,M8_eta0.5
NOG,10004,72,9.0,37888,32768,72,0.8380937576293945,50,0.1,8.0,0.5,y_bar,0.7153927087783813,0.00928027555346489,0.7153775095939636,0.009480951353907585,0.7153927087783813,0.00928027555346489,0.00959287490695715,8.0,0.5,M8_eta0.5
NOG,10004,136,17.0,70656,49152,136,1.3898541927337646,50,0.1,8.0,0.5,y_bar,0.7146813273429871,0.009624851867556572,0.71463942527771,0.007891828194260597,0.7146813273429871,0.009624851867556572,0.009747838601469994,8.0,0.5,M8_eta0.5
NOG,10004,200,25.0,103424,65536,200,2.0393409729003906,50,0.1,8.0,0.5,y_bar,0.7139952182769775,0.008351357653737068,0.7139467597007751,0.008759235963225365,0.7139952182769775,0.008351357653737068,0.010271447710692883,8.0,0.5,M8_eta0.5
NOG,10004,264,33.0,136192,81920,264,2.6301305294036865,50,0.1,8.0,0.5,y_bar,0.7135626077651978,0.008062787353992462,0.713568389415741,0.007531212642788887,0.7135626077651978,0.008062787353992462,0.008262337185442448,8.0,0.5,M8_eta0.5
NOG,10004,328,41.0,168960,98304,328,3.279078483581543,50,0.1,8.0,0.5,y_bar,0.713177502155304,0.006879101041704416,0.7131471037864685,0.007650126237422228,0.713177502155304,0.006879101041704416,0.014001404866576195,8.0,0.5,M8_eta0.5
NOG,10004,392,49.0,201728,114688,392,3.8772873878479004,50,0.1,8.0,0.5,y_bar,0.7128289341926575,0.00800362229347229,0.7128360271453857,0.009323762729763985,0.7128289341926575,0.00800362229347229,0.009788354858756065,8.0,0.5,M8_eta0.5
NOG,10004,456,57.0,234496,131072,456,4.489659070968628,50,0.1,8.0,0.5,y_bar,0.7124624252319336,0.007535008247941732,0.7124407887458801,0.008238150738179684,0.7124624252319336,0.007535008247941732,0.008354445919394493,8.0,0.5,M8_eta0.5
NOG,10004,520,65.0,267264,147456,520,5.085078716278076,50,0.1,8.0,0.5,y_bar,0.7121908664703369,0.006779612973332405,0.7121643424034119,0.007950511761009693,0.7121908664703369,0.006779612973332405,0.010313085280358791,8.0,0.5,M8_eta0.5
NOG,10004,584,73.0,300032,163840,584,5.711130857467651,50,0.1,8.0,0.5,y_bar,0.7119442224502563,0.006745025049895048,0.7119401693344116,0.006951335351914167,0.7119442224502563,0.006745025049895048,0.00880583468824625,8.0,0.5,M8_eta0.5
NOG,10004,648,81.0,332800,180224,648,6.333757400512695,50,0.1,8.0,0.5,y_bar,0.7116849422454834,0.005742216017097235,0.7116931080818176,0.00824753101915121,0.7116849422454834,0.005742216017097235,0.009621851146221161,8.0,0.5,M8_eta0.5
NOG,10004,712,89.0,365568,196608,712,6.908653497695923,50,0.1,8.0,0.5,y_bar,0.711506724357605,0.006122262682765722,0.7114993333816528,0.007994376122951508,0.711506724357605,0.006122262682765722,0.010815957561135292,8.0,0.5,M8_eta0.5
NOG,10004,776,97.0,398336,212992,776,7.55699348449707,50,0.1,8.0,0.5,y_bar,0.711431622505188,0.007181586232036352,0.7114178538322449,0.007003175560384989,0.711431622505188,0.007181586232036352,0.009137872606515884,8.0,0.5,M8_eta0.5
NOG,10004,840,105.0,431104,229376,840,8.250652551651001,50,0.1,8.0,0.5,y_bar,0.7113557457923889,0.006819852162152529,0.711332380771637,0.008990742266178131,0.7113557457923889,0.006819852162152529,0.009428502060472965,8.0,0.5,M8_eta0.5
NOG,10004,904,113.0,463872,245760,904,8.880382299423218,50,0.1,8.0,0.5,y_bar,0.7112401723861694,0.00806809775531292,0.7112220525741577,0.008650143630802631,0.7112401723861694,0.00806809775531292,0.007606815081089735,8.0,0.5,M8_eta0.5
NOG,10004,960,120.0,492544,262144,960,9.425023078918457,50,0.1,8.0,0.5,y_bar,0.7111503481864929,0.00787421129643917,0.7111426591873169,0.007683377712965012,0.7111503481864929,0.00787421129643917,0.010481615550816059,8.0,0.5,M8_eta0.5
NOG,10004,12,1.0,7168,16384,12,0.19891142845153809,50,0.1,12.0,0.1,y_bar,0.7161989808082581,0.011099559254944324,0.716113269329071,0.010391372255980968,0.7161989808082581,0.011099559254944324,0.010505501180887222,12.0,0.1,M12_eta0.1
NOG,10004,84,7.0,44032,32768,84,0.8593442440032959,50,0.1,12.0,0.1,y_bar,0.7144513726234436,0.008068494498729706,0.7142874002456665,0.00819370523095131,0.7144513726234436,0.008068494498729706,0.01126097422093153,12.0,0.1,M12_eta0.1
NOG,10004,156,13.0,80896,49152,156,1.4770827293395996,50,0.1,12.0,0.1,y_bar,0.712931752204895,0.008036026731133461,0.7128641605377197,0.008748924359679222,0.712931752204895,0.008036026731133461,0.006966667715460062,12.0,0.1,M12_eta0.1
NOG,10004,228,19.0,117760,65536,228,2.061014175415039,50,0.1,12.0,0.1,y_bar,0.7120588421821594,0.007374684792011976,0.7120112180709839,0.00682905875146389,0.7120588421821594,0.007374684792011976,0.008528592064976692,12.0,0.1,M12_eta0.1
NOG,10004,300,25.0,154624,81920,300,2.6864004135131836,50,0.1,12.0,0.1,y_bar,0.7115159034729004,0.008836237713694572,0.711473286151886,0.007425963878631592,0.7115159034729004,0.008836237713694572,0.0076631102710962296,12.0,0.1,M12_eta0.1
NOG,10004,372,31.0,191488,98304,372,3.2658395767211914,50,0.1,12.0,0.1,y_bar,0.7110183835029602,0.008792832493782043,0.7110060453414917,0.008024859242141247,0.7110183835029602,0.008792832493782043,0.007797116879373789,12.0,0.1,M12_eta0.1
NOG,10004,444,37.0,228352,114688,444,3.85201358795166,50,0.1,12.0,0.1,y_bar,0.7108617424964905,0.008144205436110497,0.7107917070388794,0.008072511292994022,0.7108617424964905,0.008144205436110497,0.00801850575953722,12.0,0.1,M12_eta0.1
NOG,10004,516,43.0,265216,131072,516,4.505158185958862,50,0.1,12.0,0.1,y_bar,0.7106001973152161,0.008469042368233204,0.710621178150177,0.00817439891397953,0.7106001973152161,0.008469042368233204,0.008582381531596184,12.0,0.1,M12_eta0.1
NOG,10004,588,49.0,302080,147456,588,5.14656925201416,50,0.1,12.0,0.1,y_bar,0.7105727195739746,0.009729594923555851,0.7105799913406372,0.007325629238039255,0.7105727195739746,0.009729594923555851,0.006917397025972605,12.0,0.1,M12_eta0.1
NOG,10004,660,55.0,338944,163840,660,5.789168119430542,50,0.1,12.0,0.1,y_bar,0.7103633880615234,0.007668078877031803,0.7103536128997803,0.006981027778238058,0.7103633880615234,0.007668078877031803,0.008427228778600693,12.0,0.1,M12_eta0.1
NOG,10004,732,61.0,375808,180224,732,6.4071948528289795,50,0.1,12.0,0.1,y_bar,0.7100563049316406,0.007238566409796476,0.7100914716720581,0.007540606427937746,0.7100563049316406,0.007238566409796476,0.008466252125799656,12.0,0.1,M12_eta0.1
NOG,10004,804,67.0,412672,196608,804,7.064318656921387,50,0.1,12.0,0.1,y_bar,0.7101331949234009,0.007976613938808441,0.7101172208786011,0.006940496154129505,0.7101331949234009,0.007976613938808441,0.00900971982628107,12.0,0.1,M12_eta0.1
NOG,10004,876,73.0,449536,212992,876,7.647868871688843,50,0.1,12.0,0.1,y_bar,0.710100531578064,0.007271767593920231,0.7101333141326904,0.00855722650885582,0.710100531578064,0.007271767593920231,0.009214072488248348,12.0,0.1,M12_eta0.1
NOG,10004,948,79.0,486400,229376,948,8.220785140991211,50,0.1,12.0,0.1,y_bar,0.7101163268089294,0.006259305868297815,0.7101361751556396,0.009035482071340084,0.7101163268089294,0.006259305868297815,0.007948333397507668,12.0,0.1,M12_eta0.1
NOG,10004,960,80.0,492544,245760,960,8.400013208389282,50,0.1,12.0,0.1,y_bar,0.7100986242294312,0.007667769677937031,0.7101240158081055,0.007931021973490715,0.7100986242294312,0.007667769677937031,0.008213015273213387,12.0,0.1,M12_eta0.1
NOG,10004,12,1.0,7168,16384,12,0.19037365913391113,50,0.1,12.0,0.2,y_bar,0.7161909937858582,0.011174360290169716,0.7161113619804382,0.010575532913208008,0.7161909937858582,0.011174360290169716,0.010531227104365826,12.0,0.2,M12_eta0.2
NOG,10004,84,7.0,44032,32768,84,0.7774052619934082,50,0.1,12.0,0.2,y_bar,0.7151690721511841,0.00776356365531683,0.7150526642799377,0.007880090735852718,0.7151690721511841,0.00776356365531683,0.011667261831462383,12.0,0.2,M12_eta0.2
NOG,10004,156,13.0,80896,49152,156,1.3949191570281982,50,0.1,12.0,0.2,y_bar,0.7141806483268738,0.00824443157762289,0.7141276001930237,0.008807288482785225,0.7141806483268738,0.00824443157762289,0.007001929916441441,12.0,0.2,M12_eta0.2
NOG,10004,228,19.0,117760,65536,228,2.009247064590454,50,0.1,12.0,0.2,y_bar,0.7135732769966125,0.007522531319409609,0.7135174870491028,0.006346387322992086,0.7135732769966125,0.007522531319409609,0.00841827504336834,12.0,0.2,M12_eta0.2
NOG,10004,300,25.0,154624,81920,300,2.60675311088562,50,0.1,12.0,0.2,y_bar,0.7130342125892639,0.008747054263949394,0.7129826545715332,0.007729328237473965,0.7130342125892639,0.008747054263949394,0.00881175510585308,12.0,0.2,M12_eta0.2
NOG,10004,372,31.0,191488,98304,372,3.2365787029266357,50,0.1,12.0,0.2,y_bar,0.7124759554862976,0.008450759574770927,0.7124529480934143,0.008088373579084873,0.7124759554862976,0.008450759574770927,0.008231407962739468,12.0,0.2,M12_eta0.2
NOG,10004,444,37.0,228352,114688,444,3.8691859245300293,50,0.1,12.0,0.2,y_bar,0.7120953798294067,0.008350919000804424,0.7120749354362488,0.0075800479389727116,0.7120953798294067,0.008350919000804424,0.007791889365762472,12.0,0.2,M12_eta0.2
NOG,10004,516,43.0,265216,131072,516,4.533599615097046,50,0.1,12.0,0.2,y_bar,0.7117796540260315,0.007890623062849045,0.7118189930915833,0.008519507944583893,0.7117796540260315,0.007890623062849045,0.008342774584889412,12.0,0.2,M12_eta0.2
NOG,10004,588,49.0,302080,147456,588,5.1634557247161865,50,0.1,12.0,0.2,y_bar,0.7116480469703674,0.00814630277454853,0.7116310596466064,0.00725532928481698,0.7116480469703674,0.00814630277454853,0.007330072578042746,12.0,0.2,M12_eta0.2
NOG,10004,660,55.0,338944,163840,660,5.793968915939331,50,0.1,12.0,0.2,y_bar,0.7114353775978088,0.0077489023096859455,0.7114167213439941,0.007300856988877058,0.7114353775978088,0.0077489023096859455,0.008269820362329483,12.0,0.2,M12_eta0.2
NOG,10004,732,61.0,375808,180224,732,6.405205965042114,50,0.1,12.0,0.2,y_bar,0.7112641334533691,0.006971490569412708,0.7112380266189575,0.007129661738872528,0.7112641334533691,0.006971490569412708,0.00887562707066536,12.0,0.2,M12_eta0.2
NOG,10004,804,67.0,412672,196608,804,7.028702020645142,50,0.1,12.0,0.2,y_bar,0.7111411094665527,0.007507632486522198,0.711152195930481,0.006388496607542038,0.7111411094665527,0.007507632486522198,0.008333567529916763,12.0,0.2,M12_eta0.2
NOG,10004,876,73.0,449536,212992,876,7.669402360916138,50,0.1,12.0,0.2,y_bar,0.7110409140586853,0.006294236518442631,0.7110438942909241,0.009122624062001705,0.7110409140586853,0.006294236518442631,0.008934889920055866,12.0,0.2,M12_eta0.2
NOG,10004,948,79.0,486400,229376,948,8.251973867416382,50,0.1,12.0,0.2,y_bar,0.7108594179153442,0.00635299040004611,0.7108616232872009,0.008675895631313324,0.7108594179153442,0.00635299040004611,0.008233405649662018,12.0,0.2,M12_eta0.2
NOG,10004,960,80.0,492544,245760,960,8.444962978363037,50,0.1,12.0,0.2,y_bar,0.7108670473098755,0.006672779098153114,0.7108970880508423,0.00724243326112628,0.7108670473098755,0.006672779098153114,0.007013306487351656,12.0,0.2,M12_eta0.2
NOG,10004,12,1.0,7168,16384,12,0.17200422286987305,50,0.1,12.0,0.3,y_bar,0.7161906361579895,0.011387871578335762,0.7161321640014648,0.010792134329676628,0.7161906361579895,0.011387871578335762,0.010771147906780243,12.0,0.3,M12_eta0.3
NOG,10004,84,7.0,44032,32768,84,0.8091411590576172,50,0.1,12.0,0.3,y_bar,0.7155019044876099,0.007713533937931061,0.7154223918914795,0.008049248717725277,0.7155019044876099,0.007713533937931061,0.011484646238386631,12.0,0.3,M12_eta0.3
NOG,10004,156,13.0,80896,49152,156,1.4279394149780273,50,0.1,12.0,0.3,y_bar,0.7148168683052063,0.008157624863088131,0.7147831916809082,0.008955225348472595,0.7148168683052063,0.008157624863088131,0.007612618617713451,12.0,0.3,M12_eta0.3
NOG,10004,228,19.0,117760,65536,228,2.0547163486480713,50,0.1,12.0,0.3,y_bar,0.7142679691314697,0.007478130050003529,0.7142212986946106,0.006628167815506458,0.7142679691314697,0.007478130050003529,0.008888894692063332,12.0,0.3,M12_eta0.3
NOG,10004,300,25.0,154624,81920,300,2.7003509998321533,50,0.1,12.0,0.3,y_bar,0.7138643860816956,0.00873913336545229,0.7138169407844543,0.007730484940111637,0.7138643860816956,0.00873913336545229,0.00915562640875578,12.0,0.3,M12_eta0.3
NOG,10004,372,31.0,191488,98304,372,3.3315236568450928,50,0.1,12.0,0.3,y_bar,0.7134200930595398,0.008249713107943535,0.7133929133415222,0.008234867826104164,0.7134200930595398,0.008249713107943535,0.008390262722969055,12.0,0.3,M12_eta0.3
NOG,10004,444,37.0,228352,114688,444,3.954828977584839,50,0.1,12.0,0.3,y_bar,0.7130760550498962,0.008524294942617416,0.7130407094955444,0.00782452430576086,0.7130760550498962,0.008524294942617416,0.007582010235637426,12.0,0.3,M12_eta0.3
NOG,10004,516,43.0,265216,131072,516,4.545027256011963,50,0.1,12.0,0.3,y_bar,0.7127378582954407,0.008327585645020008,0.7127545475959778,0.00838540680706501,0.7127378582954407,0.008327585645020008,0.007934303022921085,12.0,0.3,M12_eta0.3
NOG,10004,588,49.0,302080,147456,588,5.136147737503052,50,0.1,12.0,0.3,y_bar,0.7124876976013184,0.008019775152206421,0.7124759554862976,0.00793528463691473,0.7124876976013184,0.008019775152206421,0.007822741754353046,12.0,0.3,M12_eta0.3
NOG,10004,660,55.0,338944,163840,660,5.777446031570435,50,0.1,12.0,0.3,y_bar,0.7122094035148621,0.00782084185630083,0.7121946215629578,0.008084275759756565,0.7122094035148621,0.00782084185630083,0.008875722996890545,12.0,0.3,M12_eta0.3
NOG,10004,732,61.0,375808,180224,732,6.403990745544434,50,0.1,12.0,0.3,y_bar,0.7119956612586975,0.006824254058301449,0.711976945400238,0.007324515841901302,0.7119956612586975,0.006824254058301449,0.009126497432589531,12.0,0.3,M12_eta0.3
NOG,10004,804,67.0,412672,196608,804,7.102274656295776,50,0.1,12.0,0.3,y_bar,0.7118604183197021,0.0076216659508645535,0.7118514180183411,0.00659761019051075,0.7118604183197021,0.0076216659508645535,0.008444334380328655,12.0,0.3,M12_eta0.3
NOG,10004,876,73.0,449536,212992,876,7.772013425827026,50,0.1,12.0,0.3,y_bar,0.7117282748222351,0.006511461455374956,0.7117331624031067,0.008968252688646317,0.7117282748222351,0.006511461455374956,0.008991492912173271,12.0,0.3,M12_eta0.3
NOG,10004,948,79.0,486400,229376,948,8.363401651382446,50,0.1,12.0,0.3,y_bar,0.7116065621376038,0.006433203816413879,0.7115988731384277,0.008726978674530983,0.7116065621376038,0.006433203816413879,0.007809535600244999,12.0,0.3,M12_eta0.3
NOG,10004,960,80.0,492544,245760,960,8.577951908111572,50,0.1,12.0,0.3,y_bar,0.7116057276725769,0.007511982694268227,0.711627185344696,0.007948535494506359,0.7116057276725769,0.007511982694268227,0.007025671657174826,12.0,0.3,M12_eta0.3
NOG,10004,12,1.0,7168,16384,12,0.22525954246520996,50,0.1,12.0,0.5,y_bar,0.7161920666694641,0.011438573710620403,0.7161529660224915,0.011142457835376263,0.7161920666694641,0.011438573710620403,0.010957871563732624,12.0,0.5,M12_eta0.5
NOG,10004,84,7.0,44032,32768,84,0.8801243305206299,50,0.1,12.0,0.5,y_bar,0.7156939506530762,0.007626769132912159,0.7156436443328857,0.008254703134298325,0.7156939506530762,0.007626769132912159,0.011767889373004436,12.0,0.5,M12_eta0.5
NOG,10004,156,13.0,80896,49152,156,1.5363171100616455,50,0.1,12.0,0.5,y_bar,0.7152084112167358,0.00859044399112463,0.715183436870575,0.00919132400304079,0.7152084112167358,0.00859044399112463,0.00766834057867527,12.0,0.5,M12_eta0.5
NOG,10004,228,19.0,117760,65536,228,2.1317391395568848,50,0.1,12.0,0.5,y_bar,0.7147772908210754,0.00731888459995389,0.7147315740585327,0.006743922363966703,0.7147772908210754,0.00731888459995389,0.008761757053434849,12.0,0.5,M12_eta0.5
NOG,10004,300,25.0,154624,81920,300,2.7702574729919434,50,0.1,12.0,0.5,y_bar,0.7144301533699036,0.008939969353377819,0.7143957614898682,0.008246933110058308,0.7144301533699036,0.008939969353377819,0.009724564850330353,12.0,0.5,M12_eta0.5
NOG,10004,372,31.0,191488,98304,372,3.3840413093566895,50,0.1,12.0,0.5,y_bar,0.714046061038971,0.008660741150379181,0.7140145897865295,0.008653689175844193,0.714046061038971,0.008660741150379181,0.008745272643864155,12.0,0.5,M12_eta0.5
NOG,10004,444,37.0,228352,114688,444,4.014452934265137,50,0.1,12.0,0.5,y_bar,0.7137569785118103,0.009019630029797554,0.7137288451194763,0.007843468338251114,0.7137569785118103,0.009019630029797554,0.007869813591241837,12.0,0.5,M12_eta0.5
NOG,10004,516,43.0,265216,131072,516,4.627769231796265,50,0.1,12.0,0.5,y_bar,0.7134900093078613,0.008533360436558723,0.7134865522384644,0.008251063525676727,0.7134900093078613,0.008533360436558723,0.007623469457030296,12.0,0.5,M12_eta0.5
NOG,10004,588,49.0,302080,147456,588,5.26251482963562,50,0.1,12.0,0.5,y_bar,0.7132829427719116,0.008512869477272034,0.7132712602615356,0.008443431928753853,0.7132829427719116,0.008512869477272034,0.007883209735155106,12.0,0.5,M12_eta0.5
NOG,10004,660,55.0,338944,163840,660,5.878447532653809,50,0.1,12.0,0.5,y_bar,0.7130191922187805,0.008052500896155834,0.7129894495010376,0.00811587180942297,0.7130191922187805,0.008052500896155834,0.00948590412735939,12.0,0.5,M12_eta0.5
NOG,10004,732,61.0,375808,180224,732,6.520537853240967,50,0.1,12.0,0.5,y_bar,0.7127926349639893,0.007524737156927586,0.7127710580825806,0.008028137497603893,0.7127926349639893,0.007524737156927586,0.009622263722121716,12.0,0.5,M12_eta0.5
NOG,10004,804,67.0,412672,196608,804,7.202014446258545,50,0.1,12.0,0.5,y_bar,0.7126161456108093,0.0073838732205331326,0.712594211101532,0.0067873564548790455,0.7126161456108093,0.0073838732205331326,0.00850818119943142,12.0,0.5,M12_eta0.5
NOG,10004,876,73.0,449536,212992,876,7.847787618637085,50,0.1,12.0,0.5,y_bar,0.7124402523040771,0.007430058438330889,0.7124412655830383,0.009395554661750793,0.7124402523040771,0.007430058438330889,0.009007611311972141,12.0,0.5,M12_eta0.5
NOG,10004,948,79.0,486400,229376,948,8.464388370513916,50,0.1,12.0,0.5,y_bar,0.7122847437858582,0.006895276252180338,0.7122776508331299,0.009024729020893574,0.7122847437858582,0.006895276252180338,0.007915250957012177,12.0,0.5,M12_eta0.5
NOG,10004,960,80.0,492544,245760,960,8.66038966178894,50,0.1,12.0,0.5,y_bar,0.7122799158096313,0.007936373353004456,0.7122833728790283,0.007998834364116192,0.7122799158096313,0.007936373353004456,0.0077085793018341064,12.0,0.5,M12_eta0.5
NOG,10004,16,1.0,9216,16384,16,0.2272956371307373,50,0.1,16.0,0.1,y_bar,0.7161741256713867,0.010548369958996773,0.7160741686820984,0.011270903050899506,0.7161741256713867,0.010548369958996773,0.01022936962544918,16.0,0.1,M16_eta0.1
NOG,10004,80,5.0,41984,32768,80,0.8344564437866211,50,0.1,16.0,0.1,y_bar,0.7151573300361633,0.00858400296419859,0.7150384187698364,0.011059774085879326,0.7151573300361633,0.00858400296419859,0.009637447074055672,16.0,0.1,M16_eta0.1
NOG,10004,144,9.0,74752,49152,144,1.418105125427246,50,0.1,16.0,0.1,y_bar,0.7141401171684265,0.008363943547010422,0.7140126824378967,0.008569659665226936,0.7141401171684265,0.008363943547010422,0.0074971397407352924,16.0,0.1,M16_eta0.1
NOG,10004,208,13.0,107520,65536,208,1.9707119464874268,50,0.1,16.0,0.1,y_bar,0.7133984565734863,0.00776659557595849,0.713333785533905,0.007911440916359425,0.7133984565734863,0.00776659557595849,0.006392304785549641,16.0,0.1,M16_eta0.1
NOG,10004,272,17.0,140288,81920,272,2.5523476600646973,50,0.1,16.0,0.1,y_bar,0.7128562331199646,0.0081925168633461,0.7128162980079651,0.007627538871020079,0.7128562331199646,0.0081925168633461,0.007873297668993473,16.0,0.1,M16_eta0.1
NOG,10004,336,21.0,173056,98304,336,3.0997424125671387,50,0.1,16.0,0.1,y_bar,0.7123762965202332,0.006635548081248999,0.7123023271560669,0.0075080436654388905,0.7123762965202332,0.006635548081248999,0.010672779753804207,16.0,0.1,M16_eta0.1
NOG,10004,400,25.0,205824,114688,400,3.68802809715271,50,0.1,16.0,0.1,y_bar,0.7119900584220886,0.008659635670483112,0.7119890451431274,0.0074507929384708405,0.7119900584220886,0.008659635670483112,0.005649743601679802,16.0,0.1,M16_eta0.1
NOG,10004,464,29.0,238592,131072,464,4.248558044433594,50,0.1,16.0,0.1,y_bar,0.7116820216178894,0.006261681206524372,0.7116713523864746,0.006769360043108463,0.7116820216178894,0.006261681206524372,0.005450529046356678,16.0,0.1,M16_eta0.1
NOG,10004,528,33.0,271360,147456,528,4.905471324920654,50,0.1,16.0,0.1,y_bar,0.7115112543106079,0.006544699892401695,0.7114908695220947,0.007033873349428177,0.7115112543106079,0.006544699892401695,0.007289820816367865,16.0,0.1,M16_eta0.1
NOG,10004,592,37.0,304128,163840,592,5.596181631088257,50,0.1,16.0,0.1,y_bar,0.7112857699394226,0.008021943271160126,0.711277961730957,0.006920830812305212,0.7112857699394226,0.008021943271160126,0.0066782389767467976,16.0,0.1,M16_eta0.1
NOG,10004,656,41.0,336896,180224,656,6.2085936069488525,50,0.1,16.0,0.1,y_bar,0.7110593914985657,0.005843169521540403,0.7110838890075684,0.008452516049146652,0.7110593914985657,0.005843169521540403,0.007021566387265921,16.0,0.1,M16_eta0.1
NOG,10004,720,45.0,369664,196608,720,6.850449800491333,50,0.1,16.0,0.1,y_bar,0.710996687412262,0.006743793375790119,0.7110082507133484,0.006239031907171011,0.710996687412262,0.006743793375790119,0.006492557004094124,16.0,0.1,M16_eta0.1
NOG,10004,784,49.0,402432,212992,784,7.510541915893555,50,0.1,16.0,0.1,y_bar,0.710908830165863,0.0068568279966712,0.7108901739120483,0.008715089410543442,0.710908830165863,0.0068568279966712,0.00588966766372323,16.0,0.1,M16_eta0.1
NOG,10004,848,53.0,435200,229376,848,8.081905126571655,50,0.1,16.0,0.1,y_bar,0.7107749581336975,0.0070820217952132225,0.710766613483429,0.007266626227647066,0.7107749581336975,0.0070820217952132225,0.007793139666318893,16.0,0.1,M16_eta0.1
NOG,10004,912,57.0,467968,245760,912,8.677484273910522,50,0.1,16.0,0.1,y_bar,0.7106609344482422,0.00686854962259531,0.710675835609436,0.006002620328217745,0.7106609344482422,0.00686854962259531,0.006716485135257244,16.0,0.1,M16_eta0.1
NOG,10004,960,60.0,492544,262144,960,9.14916706085205,50,0.1,16.0,0.1,y_bar,0.7106921076774597,0.007350353989750147,0.7106711268424988,0.007365701720118523,0.7106921076774597,0.007350353989750147,0.007410342805087566,16.0,0.1,M16_eta0.1
NOG,10004,16,1.0,9216,16384,16,0.23479151725769043,50,0.1,16.0,0.2,y_bar,0.7161791920661926,0.01079453993588686,0.7161213755607605,0.011699658818542957,0.7161791920661926,0.01079453993588686,0.010684558190405369,16.0,0.2,M16_eta0.2
NOG,10004,80,5.0,41984,32768,80,0.8403010368347168,50,0.1,16.0,0.2,y_bar,0.715660572052002,0.008397895842790604,0.715591311454773,0.010946247726678848,0.715660572052002,0.008397895842790604,0.010064852423965931,16.0,0.2,M16_eta0.2
NOG,10004,144,9.0,74752,49152,144,1.3907513618469238,50,0.1,16.0,0.2,y_bar,0.7151345610618591,0.008407250046730042,0.7150618433952332,0.00932450219988823,0.7151345610618591,0.008407250046730042,0.008043274283409119,16.0,0.2,M16_eta0.2
NOG,10004,208,13.0,107520,65536,208,1.9495577812194824,50,0.1,16.0,0.2,y_bar,0.7146373987197876,0.0077773467637598515,0.7146067023277283,0.008448696695268154,0.7146373987197876,0.0077773467637598515,0.007339931093156338,16.0,0.2,M16_eta0.2
NOG,10004,272,17.0,140288,81920,272,2.609691858291626,50,0.1,16.0,0.2,y_bar,0.7143014669418335,0.009073620662093163,0.7142703533172607,0.008088650181889534,0.7143014669418335,0.009073620662093163,0.008433380164206028,16.0,0.2,M16_eta0.2
NOG,10004,336,21.0,173056,98304,336,3.2289812564849854,50,0.1,16.0,0.2,y_bar,0.7139636874198914,0.006728638894855976,0.7139118313789368,0.007603402249515057,0.7139636874198914,0.006728638894855976,0.010933983139693737,16.0,0.2,M16_eta0.2
NOG,10004,400,25.0,205824,114688,400,3.8780930042266846,50,0.1,16.0,0.2,y_bar,0.7136703729629517,0.008518523536622524,0.7136552929878235,0.007869324646890163,0.7136703729629517,0.008518523536622524,0.006518913432955742,16.0,0.2,M16_eta0.2
NOG,10004,464,29.0,238592,131072,464,4.504385471343994,50,0.1,16.0,0.2,y_bar,0.7133733630180359,0.005853316280990839,0.7133426070213318,0.007965087890625,0.7133733630180359,0.005853316280990839,0.006392086390405893,16.0,0.2,M16_eta0.2
NOG,10004,528,33.0,271360,147456,528,5.1175737380981445,50,0.1,16.0,0.2,y_bar,0.713154137134552,0.006280169356614351,0.7130880355834961,0.006663230713456869,0.713154137134552,0.006280169356614351,0.007683918811380863,16.0,0.2,M16_eta0.2
NOG,10004,592,37.0,304128,163840,592,5.708263158798218,50,0.1,16.0,0.2,y_bar,0.7129160165786743,0.00792625267058611,0.7128902077674866,0.007308745291084051,0.7129160165786743,0.00792625267058611,0.007582521997392178,16.0,0.2,M16_eta0.2
NOG,10004,656,41.0,336896,180224,656,6.2622458934783936,50,0.1,16.0,0.2,y_bar,0.7126495242118835,0.0062482040375471115,0.7126092314720154,0.008058005943894386,0.7126495242118835,0.0062482040375471115,0.007919352501630783,16.0,0.2,M16_eta0.2
NOG,10004,720,45.0,369664,196608,720,6.8197197914123535,50,0.1,16.0,0.2,y_bar,0.7124003171920776,0.007833598181605339,0.7123624086380005,0.006988737732172012,0.7124003171920776,0.007833598181605339,0.007475836202502251,16.0,0.2,M16_eta0.2
NOG,10004,784,49.0,402432,212992,784,7.4371819496154785,50,0.1,16.0,0.2,y_bar,0.7122458219528198,0.007066384889185429,0.7122002243995667,0.007968981750309467,0.7122458219528198,0.007066384889185429,0.00621290598064661,16.0,0.2,M16_eta0.2
NOG,10004,848,53.0,435200,229376,848,8.132254362106323,50,0.1,16.0,0.2,y_bar,0.7120376825332642,0.006836181040853262,0.7119989395141602,0.00756637891754508,0.7120376825332642,0.006836181040853262,0.0077305263839662075,16.0,0.2,M16_eta0.2
NOG,10004,912,57.0,467968,245760,912,8.804126024246216,50,0.1,16.0,0.2,y_bar,0.7118669152259827,0.0081243384629488,0.7118645310401917,0.006692609749734402,0.7118669152259827,0.0081243384629488,0.006638870574533939,16.0,0.2,M16_eta0.2
NOG,10004,960,60.0,492544,262144,960,9.292633533477783,50,0.1,16.0,0.2,y_bar,0.7117970585823059,0.007040055934339762,0.7117812633514404,0.007104005664587021,0.7117970585823059,0.007040055934339762,0.007079724688082933,16.0,0.2,M16_eta0.2
NOG,10004,16,1.0,9216,16384,16,0.21704602241516113,50,0.1,16.0,0.3,y_bar,0.7161847352981567,0.010909675620496273,0.716145932674408,0.011976496316492558,0.7161847352981567,0.010909675620496273,0.010828626342117786,16.0,0.3,M16_eta0.3
NOG,10004,80,5.0,41984,32768,80,0.8411176204681396,50,0.1,16.0,0.3,y_bar,0.7157995104789734,0.008512083441019058,0.7157490849494934,0.010846077464520931,0.7157995104789734,0.008512083441019058,0.010073836892843246,16.0,0.3,M16_eta0.3
NOG,10004,144,9.0,74752,49152,144,1.441319465637207,50,0.1,16.0,0.3,y_bar,0.7154389023780823,0.008393306285142899,0.7153809070587158,0.009520779363811016,0.7154389023780823,0.008393306285142899,0.008035936392843723,16.0,0.3,M16_eta0.3
NOG,10004,208,13.0,107520,65536,208,2.025850296020508,50,0.1,16.0,0.3,y_bar,0.7150496244430542,0.00795698631554842,0.7150249481201172,0.008446266874670982,0.7150496244430542,0.00795698631554842,0.007697990629822016,16.0,0.3,M16_eta0.3
NOG,10004,272,17.0,140288,81920,272,2.623953342437744,50,0.1,16.0,0.3,y_bar,0.7147808074951172,0.009392710402607918,0.7147545218467712,0.008135069161653519,0.7147808074951172,0.009392710402607918,0.00848192349076271,16.0,0.3,M16_eta0.3
NOG,10004,336,21.0,173056,98304,336,3.2089786529541016,50,0.1,16.0,0.3,y_bar,0.714516282081604,0.007138230837881565,0.7144700884819031,0.0080881267786026,0.714516282081604,0.007138230837881565,0.011312549002468586,16.0,0.3,M16_eta0.3
NOG,10004,400,25.0,205824,114688,400,3.7242913246154785,50,0.1,16.0,0.3,y_bar,0.7142319679260254,0.008629179559648037,0.7142133712768555,0.008051622658967972,0.7142319679260254,0.008629179559648037,0.00700007751584053,16.0,0.3,M16_eta0.3
NOG,10004,464,29.0,238592,131072,464,4.330949306488037,50,0.1,16.0,0.3,y_bar,0.7139946818351746,0.005936560221016407,0.7139716744422913,0.008472511544823647,0.7139946818351746,0.005936560221016407,0.006888083182275295,16.0,0.3,M16_eta0.3
NOG,10004,528,33.0,271360,147456,528,4.974994659423828,50,0.1,16.0,0.3,y_bar,0.7137638926506042,0.006428050808608532,0.7137198448181152,0.006776620168238878,0.7137638926506042,0.006428050808608532,0.008002514950931072,16.0,0.3,M16_eta0.3
NOG,10004,592,37.0,304128,163840,592,5.643019676208496,50,0.1,16.0,0.3,y_bar,0.7135658860206604,0.007792278192937374,0.713540256023407,0.007188218645751476,0.7135658860206604,0.007792278192937374,0.007856304757297039,16.0,0.3,M16_eta0.3
NOG,10004,656,41.0,336896,180224,656,6.278672695159912,50,0.1,16.0,0.3,y_bar,0.7133280038833618,0.007088787388056517,0.7132943868637085,0.008021286688745022,0.7133280038833618,0.007088787388056517,0.008345161564648151,16.0,0.3,M16_eta0.3
NOG,10004,720,45.0,369664,196608,720,6.887440919876099,50,0.1,16.0,0.3,y_bar,0.7131386399269104,0.008238100446760654,0.7131118774414062,0.007278406526893377,0.7131386399269104,0.008238100446760654,0.007634674198925495,16.0,0.3,M16_eta0.3
NOG,10004,784,49.0,402432,212992,784,7.520342111587524,50,0.1,16.0,0.3,y_bar,0.7130162119865417,0.007617885712534189,0.7129887342453003,0.008294341154396534,0.7130162119865417,0.007617885712534189,0.006285369396209717,16.0,0.3,M16_eta0.3
NOG,10004,848,53.0,435200,229376,848,8.168834686279297,50,0.1,16.0,0.3,y_bar,0.7128435373306274,0.006806790363043547,0.7128201723098755,0.007920767180621624,0.7128435373306274,0.006806790363043547,0.008626110851764679,16.0,0.3,M16_eta0.3
NOG,10004,912,57.0,467968,245760,912,8.816419839859009,50,0.1,16.0,0.3,y_bar,0.7126901149749756,0.008444014005362988,0.712682843208313,0.006853834260255098,0.7126901149749756,0.008444014005362988,0.0069160014390945435,16.0,0.3,M16_eta0.3
NOG,10004,960,60.0,492544,262144,960,9.283788442611694,50,0.1,16.0,0.3,y_bar,0.7125958800315857,0.007253388408571482,0.712587833404541,0.00629880977794528,0.7125958800315857,0.007253388408571482,0.007193947676569223,16.0,0.3,M16_eta0.3
NOG,10004,16,1.0,9216,16384,16,0.20472049713134766,50,0.1,16.0,0.5,y_bar,0.7161887884140015,0.010999668389558792,0.7161612510681152,0.012076287530362606,0.7161887884140015,0.010999668389558792,0.010919579304754734,16.0,0.5,M16_eta0.5
NOG,10004,80,5.0,41984,32768,80,0.7627456188201904,50,0.1,16.0,0.5,y_bar,0.7158779501914978,0.008801247924566269,0.7158353328704834,0.010821301490068436,0.7158779501914978,0.008801247924566269,0.01029291469603777,16.0,0.5,M16_eta0.5
NOG,10004,144,9.0,74752,49152,144,1.483297348022461,50,0.1,16.0,0.5,y_bar,0.7156011462211609,0.008375397883355618,0.7155556678771973,0.009489872492849827,0.7156011462211609,0.008375397883355618,0.007918587885797024,16.0,0.5,M16_eta0.5
NOG,10004,208,13.0,107520,65536,208,2.1366660594940186,50,0.1,16.0,0.5,y_bar,0.7152916789054871,0.008238742128014565,0.7152755260467529,0.00835092831403017,0.7152916789054871,0.008238742128014565,0.007889624685049057,16.0,0.5,M16_eta0.5
NOG,10004,272,17.0,140288,81920,272,2.802201271057129,50,0.1,16.0,0.5,y_bar,0.7150647044181824,0.009442953392863274,0.715042233467102,0.008394471369683743,0.7150647044181824,0.009442953392863274,0.008745593950152397,16.0,0.5,M16_eta0.5
NOG,10004,336,21.0,173056,98304,336,3.4279098510742188,50,0.1,16.0,0.5,y_bar,0.7148401141166687,0.0070533170364797115,0.7147986888885498,0.008501137606799603,0.7148401141166687,0.0070533170364797115,0.011391247622668743,16.0,0.5,M16_eta0.5
NOG,10004,400,25.0,205824,114688,400,4.062686443328857,50,0.1,16.0,0.5,y_bar,0.7146093845367432,0.008739949204027653,0.7145965099334717,0.008141543716192245,0.7146093845367432,0.008739949204027653,0.007263372652232647,16.0,0.5,M16_eta0.5
NOG,10004,464,29.0,238592,131072,464,4.634336471557617,50,0.1,16.0,0.5,y_bar,0.7144016623497009,0.005881329067051411,0.7143837809562683,0.008360826410353184,0.7144016623497009,0.005881329067051411,0.007024443708360195,16.0,0.5,M16_eta0.5
NOG,10004,528,33.0,271360,147456,528,5.240890979766846,50,0.1,16.0,0.5,y_bar,0.7142003178596497,0.006563619710505009,0.7141664028167725,0.006874007638543844,0.7142003178596497,0.006563619710505009,0.008136014454066753,16.0,0.5,M16_eta0.5
NOG,10004,592,37.0,304128,163840,592,5.875497817993164,50,0.1,16.0,0.5,y_bar,0.7140051126480103,0.008058177307248116,0.7139710187911987,0.007459708955138922,0.7140051126480103,0.008058177307248116,0.008359424769878387,16.0,0.5,M16_eta0.5
NOG,10004,656,41.0,336896,180224,656,6.400136232376099,50,0.1,16.0,0.5,y_bar,0.7137694358825684,0.00743739353492856,0.7137398719787598,0.007858115248382092,0.7137694358825684,0.00743739353492856,0.00834092777222395,16.0,0.5,M16_eta0.5
NOG,10004,720,45.0,369664,196608,720,6.968235969543457,50,0.1,16.0,0.5,y_bar,0.7135910391807556,0.008664658293128014,0.7135794162750244,0.007779332809150219,0.7135910391807556,0.008664658293128014,0.007907026447355747,16.0,0.5,M16_eta0.5
NOG,10004,784,49.0,402432,212992,784,7.505338430404663,50,0.1,16.0,0.5,y_bar,0.7134758234024048,0.007869359105825424,0.7134585380554199,0.008428573608398438,0.7134758234024048,0.007869359105825424,0.0063225021585822105,16.0,0.5,M16_eta0.5
NOG,10004,848,53.0,435200,229376,848,8.197963237762451,50,0.1,16.0,0.5,y_bar,0.7133474349975586,0.007172636222094297,0.7133299708366394,0.00806831382215023,0.7133474349975586,0.007172636222094297,0.008614657446742058,16.0,0.5,M16_eta0.5
NOG,10004,912,57.0,467968,245760,912,8.810133457183838,50,0.1,16.0,0.5,y_bar,0.7132110595703125,0.008306587114930153,0.7132026553153992,0.006870431359857321,0.7132110595703125,0.008306587114930153,0.006873398087918758,16.0,0.5,M16_eta0.5
NOG,10004,960,60.0,492544,262144,960,9.36949896812439,50,0.1,16.0,0.5,y_bar,0.7131304740905762,0.007503008935600519,0.7131249308586121,0.006324657704681158,0.7131304740905762,0.007503008935600519,0.007092224899679422,16.0,0.5,M16_eta0.5
SmoothedSGD,20004,1,,512,8192,1,0.06891822814941406,50,0.1,,0.05,x,0.7162139415740967,0.011336758732795715,0.7162139415740967,0.011336758732795715,,,,,0.05,SmoothedSGD
SmoothedSGD,20004,64,,32768,16384,64,0.5954844951629639,50,0.1,,0.05,x,0.7161045074462891,0.009164009243249893,0.7161045074462891,0.009164009243249893,,,,,0.05,SmoothedSGD
SmoothedSGD,20004,128,,65536,24576,128,1.136645793914795,50,0.1,,0.05,x,0.7159910202026367,0.008922617882490158,0.7159910202026367,0.008922617882490158,,,,,0.05,SmoothedSGD
SmoothedSGD,20004,192,,98304,32768,192,1.7142236232757568,50,0.1,,0.05,x,0.7159023880958557,0.009521393105387688,0.7159023880958557,0.009521393105387688,,,,,0.05,SmoothedSGD
SmoothedSGD,20004,256,,131072,40960,256,2.2196898460388184,50,0.1,,0.05,x,0.7158117294311523,0.009816802106797695,0.7158117294311523,0.009816802106797695,,,,,0.05,SmoothedSGD
SmoothedSGD,20004,320,,163840,49152,320,2.8110129833221436,50,0.1,,0.05,x,0.7156972289085388,0.0095656868070364,0.7156972289085388,0.0095656868070364,,,,,0.05,SmoothedSGD
SmoothedSGD,20004,384,,196608,57344,384,3.3579623699188232,50,0.1,,0.05,x,0.7155905365943909,0.010056802071630955,0.7155905365943909,0.010056802071630955,,,,,0.05,SmoothedSGD
SmoothedSGD,20004,448,,229376,65536,448,3.789919137954712,50,0.1,,0.05,x,0.7154919505119324,0.008557852357625961,0.7154919505119324,0.008557852357625961,,,,,0.05,SmoothedSGD
SmoothedSGD,20004,512,,262144,73728,512,4.233049631118774,50,0.1,,0.05,x,0.7153833508491516,0.008302024565637112,0.7153833508491516,0.008302024565637112,,,,,0.05,SmoothedSGD
SmoothedSGD,20004,576,,294912,81920,576,4.767915725708008,50,0.1,,0.05,x,0.7152767181396484,0.0082028117030859,0.7152767181396484,0.0082028117030859,,,,,0.05,SmoothedSGD
SmoothedSGD,20004,640,,327680,90112,640,5.328273057937622,50,0.1,,0.05,x,0.7151849865913391,0.010189375840127468,0.7151849865913391,0.010189375840127468,,,,,0.05,SmoothedSGD
SmoothedSGD,20004,704,,360448,98304,704,5.9384942054748535,50,0.1,,0.05,x,0.7151040434837341,0.008678876794874668,0.7151040434837341,0.008678876794874668,,,,,0.05,SmoothedSGD
SmoothedSGD,20004,768,,393216,106496,768,6.515117883682251,50,0.1,,0.05,x,0.7150282859802246,0.008167758584022522,0.7150282859802246,0.008167758584022522,,,,,0.05,SmoothedSGD
SmoothedSGD,20004,832,,425984,114688,832,7.041445732116699,50,0.1,,0.05,x,0.7149378657341003,0.007418589200824499,0.7149378657341003,0.007418589200824499,,,,,0.05,SmoothedSGD
SmoothedSGD,20004,896,,458752,122880,896,7.543233633041382,50,0.1,,0.05,x,0.714844822883606,0.006625025067478418,0.714844822883606,0.006625025067478418,,,,,0.05,SmoothedSGD
SmoothedSGD,20004,960,,491520,131072,960,8.031564950942993,50,0.1,,0.05,x,0.7147571444511414,0.007033819332718849,0.7147571444511414,0.007033819332718849,,,,,0.05,SmoothedSGD
NOG,10005,4,1.0,3072,16384,4,0.1260523796081543,50,0.1,4.0,0.1,y_bar,0.7287915349006653,0.01173455361276865,0.7288079261779785,0.010442622005939484,0.7287915349006653,0.01173455361276865,0.01633339375257492,4.0,0.1,M4_eta0.1
NOG,10005,68,17.0,35840,32768,68,0.7209353446960449,50,0.1,4.0,0.1,y_bar,0.7262574434280396,0.008388757705688477,0.7261881828308105,0.007179830223321915,0.7262574434280396,0.008388757705688477,0.016188500449061394,4.0,0.1,M4_eta0.1
NOG,10005,132,33.0,68608,49152,132,1.3904929161071777,50,0.1,4.0,0.1,y_bar,0.7239251732826233,0.009387760423123837,0.7238056063652039,0.0078050605952739716,0.7239251732826233,0.009387760423123837,0.012660341337323189,4.0,0.1,M4_eta0.1
NOG,10005,196,49.0,101376,65536,196,1.9869635105133057,50,0.1,4.0,0.1,y_bar,0.7219269275665283,0.008617769926786423,0.7219104170799255,0.008574369363486767,0.7219269275665283,0.008617769926786423,0.015116431750357151,4.0,0.1,M4_eta0.1
NOG,10005,260,65.0,134144,81920,260,2.5310168266296387,50,0.1,4.0,0.1,y_bar,0.7198281288146973,0.009139718487858772,0.7197346687316895,0.008119678124785423,0.7198281288146973,0.009139718487858772,0.013023133389651775,4.0,0.1,M4_eta0.1
NOG,10005,324,81.0,166912,98304,324,3.2036383152008057,50,0.1,4.0,0.1,y_bar,0.7197374701499939,0.010299154557287693,0.7198143601417542,0.009446992538869381,0.7197374701499939,0.010299154557287693,0.016753461211919785,4.0,0.1,M4_eta0.1
NOG,10005,388,97.0,199680,114688,388,3.7907886505126953,50,0.1,4.0,0.1,y_bar,0.718799889087677,0.009103097952902317,0.718818724155426,0.009443373419344425,0.718799889087677,0.009103097952902317,0.01552880834788084,4.0,0.1,M4_eta0.1
NOG,10005,452,113.0,232448,131072,452,4.343262195587158,50,0.1,4.0,0.1,y_bar,0.7174976468086243,0.01058062631636858,0.7174400091171265,0.009245786815881729,0.7174976468086243,0.01058062631636858,0.012529871426522732,4.0,0.1,M4_eta0.1
NOG,10005,516,129.0,265216,147456,516,4.941106557846069,50,0.1,4.0,0.1,y_bar,0.714664101600647,0.009402863681316376,0.7145922780036926,0.009757249616086483,0.714664101600647,0.009402863681316376,0.015515697188675404,4.0,0.1,M4_eta0.1
NOG,10005,580,145.0,297984,163840,580,5.593515634536743,50,0.1,4.0,0.1,y_bar,0.7132882475852966,0.010808182880282402,0.7132461667060852,0.009204113855957985,0.7132882475852966,0.010808182880282402,0.014835893176496029,4.0,0.1,M4_eta0.1
NOG,10005,644,161.0,330752,180224,644,6.200516939163208,50,0.1,4.0,0.1,y_bar,0.7116296887397766,0.009754128754138947,0.7115942239761353,0.009090881794691086,0.7116296887397766,0.009754128754138947,0.014717362821102142,4.0,0.1,M4_eta0.1
NOG,10005,708,177.0,363520,196608,708,6.749076843261719,50,0.1,4.0,0.1,y_bar,0.7111680507659912,0.0097770094871521,0.7111461162567139,0.00971656572073698,0.7111680507659912,0.0097770094871521,0.012452748604118824,4.0,0.1,M4_eta0.1
NOG,10005,772,193.0,396288,212992,772,7.366952657699585,50,0.1,4.0,0.1,y_bar,0.7120800614356995,0.009733621031045914,0.7121291160583496,0.008970366790890694,0.7120800614356995,0.009733621031045914,0.01287850085645914,4.0,0.1,M4_eta0.1
NOG,10005,836,209.0,429056,229376,836,7.9743382930755615,50,0.1,4.0,0.1,y_bar,0.7113996744155884,0.009276306256651878,0.7114433646202087,0.010625301860272884,0.7113996744155884,0.009276306256651878,0.01524160522967577,4.0,0.1,M4_eta0.1
NOG,10005,900,225.0,461824,245760,900,8.580085754394531,50,0.1,4.0,0.1,y_bar,0.7120451331138611,0.010410439223051071,0.7120019793510437,0.009500653482973576,0.7120451331138611,0.010410439223051071,0.017571598291397095,4.0,0.1,M4_eta0.1
NOG,10005,960,240.0,492544,262144,960,9.12469220161438,50,0.1,4.0,0.1,y_bar,0.7102729082107544,0.008746493607759476,0.7102547883987427,0.010139738209545612,0.7102729082107544,0.008746493607759476,0.015446703881025314,4.0,0.1,M4_eta0.1
NOG,10005,4,1.0,3072,16384,4,0.18381667137145996,50,0.1,4.0,0.2,y_bar,0.7288286685943604,0.011648638173937798,0.7288558483123779,0.010206256993114948,0.7288286685943604,0.011648638173937798,0.016246922314167023,4.0,0.2,M4_eta0.2
NOG,10005,68,17.0,35840,32768,68,0.7784271240234375,50,0.1,4.0,0.2,y_bar,0.7260765433311462,0.008462374098598957,0.7260145545005798,0.007596631068736315,0.7260765433311462,0.008462374098598957,0.016310153529047966,4.0,0.2,M4_eta0.2
NOG,10005,132,33.0,68608,49152,132,1.4025843143463135,50,0.1,4.0,0.2,y_bar,0.7233180403709412,0.008139405399560928,0.7231783866882324,0.007901289500296116,0.7233180403709412,0.008139405399560928,0.012619989924132824,4.0,0.2,M4_eta0.2
NOG,10005,196,49.0,101376,65536,196,2.049484968185425,50,0.1,4.0,0.2,y_bar,0.7209011316299438,0.008784676901996136,0.7208542227745056,0.007853642106056213,0.7209011316299438,0.008784676901996136,0.015389932319521904,4.0,0.2,M4_eta0.2
NOG,10005,260,65.0,134144,81920,260,2.6756272315979004,50,0.1,4.0,0.2,y_bar,0.7185072898864746,0.008113081566989422,0.7185278534889221,0.007011357229202986,0.7185072898864746,0.008113081566989422,0.011580447666347027,4.0,0.2,M4_eta0.2
NOG,10005,324,81.0,166912,98304,324,3.304743528366089,50,0.1,4.0,0.2,y_bar,0.7175610065460205,0.007803516928106546,0.7175416946411133,0.00899667851626873,0.7175610065460205,0.007803516928106546,0.017775222659111023,4.0,0.2,M4_eta0.2
NOG,10005,388,97.0,199680,114688,388,3.8628528118133545,50,0.1,4.0,0.2,y_bar,0.7162642478942871,0.007868013344705105,0.7162073254585266,0.009005092084407806,0.7162642478942871,0.007868013344705105,0.013639207929372787,4.0,0.2,M4_eta0.2
NOG,10005,452,113.0,232448,131072,452,4.460220813751221,50,0.1,4.0,0.2,y_bar,0.7137587070465088,0.009848796762526035,0.7137287855148315,0.006529981270432472,0.7137587070465088,0.009848796762526035,0.014735673554241657,4.0,0.2,M4_eta0.2
NOG,10005,516,129.0,265216,147456,516,5.063498258590698,50,0.1,4.0,0.2,y_bar,0.7129469513893127,0.008846130222082138,0.712877094745636,0.010484660044312477,0.7129469513893127,0.008846130222082138,0.014647598378360271,4.0,0.2,M4_eta0.2
NOG,10005,580,145.0,297984,163840,580,5.596474885940552,50,0.1,4.0,0.2,y_bar,0.7124079465866089,0.010267005302011967,0.7124096155166626,0.007479459047317505,0.7124079465866089,0.010267005302011967,0.015292746014893055,4.0,0.2,M4_eta0.2
NOG,10005,644,161.0,330752,180224,644,6.16388463973999,50,0.1,4.0,0.2,y_bar,0.7116450071334839,0.010526814498007298,0.7116118669509888,0.00796306412667036,0.7116450071334839,0.010526814498007298,0.014089185744524002,4.0,0.2,M4_eta0.2
NOG,10005,708,177.0,363520,196608,708,6.776323556900024,50,0.1,4.0,0.2,y_bar,0.7114267349243164,0.0098539087921381,0.711388349533081,0.009758836589753628,0.7114267349243164,0.0098539087921381,0.014184043742716312,4.0,0.2,M4_eta0.2
NOG,10005,772,193.0,396288,212992,772,7.378832578659058,50,0.1,4.0,0.2,y_bar,0.7114716172218323,0.009451341815292835,0.7114077806472778,0.0078024351969361305,0.7114716172218323,0.009451341815292835,0.0140376603230834,4.0,0.2,M4_eta0.2
NOG,10005,836,209.0,429056,229376,836,7.982199668884277,50,0.1,4.0,0.2,y_bar,0.7113146185874939,0.008756236173212528,0.7113175988197327,0.008298037573695183,0.7113146185874939,0.008756236173212528,0.013726616278290749,4.0,0.2,M4_eta0.2
NOG,10005,900,225.0,461824,245760,900,8.62932300567627,50,0.1,4.0,0.2,y_bar,0.7112468481063843,0.008959637023508549,0.7112284302711487,0.010028094984591007,0.7112468481063843,0.008959637023508549,0.013712712563574314,4.0,0.2,M4_eta0.2
NOG,10005,960,240.0,492544,262144,960,9.254051923751831,50,0.1,4.0,0.2,y_bar,0.7114378213882446,0.009200284257531166,0.711458683013916,0.009458305314183235,0.7114378213882446,0.009200284257531166,0.015748245641589165,4.0,0.2,M4_eta0.2
NOG,10005,4,1.0,3072,16384,4,0.17306041717529297,50,0.1,4.0,0.3,y_bar,0.7288641333580017,0.011574641801416874,0.7289055585861206,0.0102855758741498,0.7288641333580017,0.011574641801416874,0.016120268031954765,4.0,0.3,M4_eta0.3
NOG,10005,68,17.0,35840,32768,68,0.7391691207885742,50,0.1,4.0,0.3,y_bar,0.7265251278877258,0.008115031756460667,0.726495623588562,0.007282440084964037,0.7265251278877258,0.008115031756460667,0.016311390325427055,4.0,0.3,M4_eta0.3
NOG,10005,132,33.0,68608,49152,132,1.357132911682129,50,0.1,4.0,0.3,y_bar,0.7239715456962585,0.007832598872482777,0.7238578200340271,0.0078536132350564,0.7239715456962585,0.007832598872482777,0.0124514140188694,4.0,0.3,M4_eta0.3
NOG,10005,196,49.0,101376,65536,196,2.0005085468292236,50,0.1,4.0,0.3,y_bar,0.7217398285865784,0.007759561762213707,0.7217328548431396,0.007351022679358721,0.7217398285865784,0.007759561762213707,0.0140403276309371,4.0,0.3,M4_eta0.3
NOG,10005,260,65.0,134144,81920,260,2.557640790939331,50,0.1,4.0,0.3,y_bar,0.7197985053062439,0.009519045241177082,0.7197690010070801,0.008887995034456253,0.7197985053062439,0.009519045241177082,0.011276310309767723,4.0,0.3,M4_eta0.3
NOG,10005,324,81.0,166912,98304,324,3.146059513092041,50,0.1,4.0,0.3,y_bar,0.7181996703147888,0.007815931923687458,0.7181774973869324,0.009214919060468674,0.7181996703147888,0.007815931923687458,0.016930416226387024,4.0,0.3,M4_eta0.3
NOG,10005,388,97.0,199680,114688,388,3.7527151107788086,50,0.1,4.0,0.3,y_bar,0.717631459236145,0.007408286444842815,0.7176848649978638,0.008946607820689678,0.717631459236145,0.007408286444842815,0.01371792796999216,4.0,0.3,M4_eta0.3
NOG,10005,452,113.0,232448,131072,452,4.303090810775757,50,0.1,4.0,0.3,y_bar,0.7162491083145142,0.009865470230579376,0.7161610722541809,0.0077598984353244305,0.7162491083145142,0.009865470230579376,0.013493419624865055,4.0,0.3,M4_eta0.3
NOG,10005,516,129.0,265216,147456,516,4.86725926399231,50,0.1,4.0,0.3,y_bar,0.7145115733146667,0.008466026745736599,0.7145147919654846,0.009282020851969719,0.7145115733146667,0.008466026745736599,0.013454619795084,4.0,0.3,M4_eta0.3
NOG,10005,580,145.0,297984,163840,580,5.589712381362915,50,0.1,4.0,0.3,y_bar,0.7137266397476196,0.009072402492165565,0.7137095928192139,0.00848339218646288,0.7137266397476196,0.009072402492165565,0.015624397434294224,4.0,0.3,M4_eta0.3
NOG,10005,644,161.0,330752,180224,644,6.331738710403442,50,0.1,4.0,0.3,y_bar,0.7122783660888672,0.009253274649381638,0.7122524976730347,0.006906586699187756,0.7122783660888672,0.009253274649381638,0.014426873065531254,4.0,0.3,M4_eta0.3
NOG,10005,708,177.0,363520,196608,708,6.895773410797119,50,0.1,4.0,0.3,y_bar,0.7110350131988525,0.009366605430841446,0.7110405564308167,0.008794418536126614,0.7110350131988525,0.009366605430841446,0.014719914644956589,4.0,0.3,M4_eta0.3
NOG,10005,772,193.0,396288,212992,772,7.4365949630737305,50,0.1,4.0,0.3,y_bar,0.7106800079345703,0.007669116370379925,0.7107048630714417,0.007666599005460739,0.7106800079345703,0.007669116370379925,0.01295509934425354,4.0,0.3,M4_eta0.3
NOG,10005,836,209.0,429056,229376,836,8.008213996887207,50,0.1,4.0,0.3,y_bar,0.71058189868927,0.008477361872792244,0.710536003112793,0.007636091206222773,0.71058189868927,0.008477361872792244,0.012922779656946659,4.0,0.3,M4_eta0.3
NOG,10005,900,225.0,461824,245760,900,8.56956934928894,50,0.1,4.0,0.3,y_bar,0.7104266881942749,0.008158959448337555,0.71048504114151,0.00913431029766798,0.7104266881942749,0.008158959448337555,0.012022504583001137,4.0,0.3,M4_eta0.3
NOG,10005,960,240.0,492544,262144,960,9.252743244171143,50,0.1,4.0,0.3,y_bar,0.7102057337760925,0.00812815222889185,0.7102271318435669,0.008794615045189857,0.7102057337760925,0.00812815222889185,0.014256080612540245,4.0,0.3,M4_eta0.3
NOG,10005,4,1.0,3072,16384,4,0.1428358554840088,50,0.1,4.0,0.5,y_bar,0.7288917303085327,0.01158091053366661,0.7289127707481384,0.010301124304533005,0.7288917303085327,0.01158091053366661,0.015904342755675316,4.0,0.5,M4_eta0.5
NOG,10005,68,17.0,35840,32768,68,0.7507505416870117,50,0.1,4.0,0.5,y_bar,0.727143406867981,0.008143753744661808,0.7271456718444824,0.006879410240799189,0.727143406867981,0.008143753744661808,0.016107529401779175,4.0,0.5,M4_eta0.5
NOG,10005,132,33.0,68608,49152,132,1.413137674331665,50,0.1,4.0,0.5,y_bar,0.7254478335380554,0.007609204854816198,0.7254078984260559,0.007807003799825907,0.7254478335380554,0.007609204854816198,0.012439637444913387,4.0,0.5,M4_eta0.5
NOG,10005,196,49.0,101376,65536,196,2.0200648307800293,50,0.1,4.0,0.5,y_bar,0.7240883111953735,0.00857558287680149,0.7240710854530334,0.007156768348067999,0.7240883111953735,0.00857558287680149,0.01242989394813776,4.0,0.5,M4_eta0.5
NOG,10005,260,65.0,134144,81920,260,2.6876628398895264,50,0.1,4.0,0.5,y_bar,0.7226429581642151,0.010436959564685822,0.7225886583328247,0.009329406544566154,0.7226429581642151,0.010436959564685822,0.013025193475186825,4.0,0.5,M4_eta0.5
NOG,10005,324,81.0,166912,98304,324,3.3424079418182373,50,0.1,4.0,0.5,y_bar,0.7210623621940613,0.008873594924807549,0.7210504412651062,0.008988937363028526,0.7210623621940613,0.008873594924807549,0.014439957216382027,4.0,0.5,M4_eta0.5
NOG,10005,388,97.0,199680,114688,388,3.9725751876831055,50,0.1,4.0,0.5,y_bar,0.7201000452041626,0.00899231806397438,0.72006756067276,0.009029687382280827,0.7201000452041626,0.00899231806397438,0.012957880273461342,4.0,0.5,M4_eta0.5
NOG,10005,452,113.0,232448,131072,452,4.627054214477539,50,0.1,4.0,0.5,y_bar,0.7190000414848328,0.008184032514691353,0.7190106511116028,0.006458747666329145,0.7190000414848328,0.008184032514691353,0.012191660702228546,4.0,0.5,M4_eta0.5
NOG,10005,516,129.0,265216,147456,516,5.237533807754517,50,0.1,4.0,0.5,y_bar,0.7183877229690552,0.00936085544526577,0.7183256149291992,0.00843868963420391,0.7183877229690552,0.00936085544526577,0.01407275628298521,4.0,0.5,M4_eta0.5
NOG,10005,580,145.0,297984,163840,580,5.801885366439819,50,0.1,4.0,0.5,y_bar,0.7167571783065796,0.007316364906728268,0.7167282104492188,0.00876122061163187,0.7167571783065796,0.007316364906728268,0.01251228153705597,4.0,0.5,M4_eta0.5
NOG,10005,644,161.0,330752,180224,644,6.4302544593811035,50,0.1,4.0,0.5,y_bar,0.7160531878471375,0.008024764247238636,0.7159833908081055,0.008551109582185745,0.7160531878471375,0.008024764247238636,0.0154597582295537,4.0,0.5,M4_eta0.5
NOG,10005,708,177.0,363520,196608,708,7.004359722137451,50,0.1,4.0,0.5,y_bar,0.7156263589859009,0.00842953845858574,0.7156142592430115,0.008341438136994839,0.7156263589859009,0.00842953845858574,0.013532043434679508,4.0,0.5,M4_eta0.5
NOG,10005,772,193.0,396288,212992,772,7.5272979736328125,50,0.1,4.0,0.5,y_bar,0.715070366859436,0.0078051392920315266,0.7150979042053223,0.007322936784476042,0.715070366859436,0.0078051392920315266,0.012322916649281979,4.0,0.5,M4_eta0.5
NOG,10005,836,209.0,429056,229376,836,8.180323839187622,50,0.1,4.0,0.5,y_bar,0.7143810987472534,0.007842415943741798,0.7144023180007935,0.007834957912564278,0.7143810987472534,0.007842415943741798,0.014210126362740993,4.0,0.5,M4_eta0.5
NOG,10005,900,225.0,461824,245760,900,8.832760095596313,50,0.1,4.0,0.5,y_bar,0.7139012813568115,0.007101132068783045,0.7139120101928711,0.008451993577182293,0.7139012813568115,0.007101132068783045,0.013361976481974125,4.0,0.5,M4_eta0.5
NOG,10005,960,240.0,492544,262144,960,9.38452959060669,50,0.1,4.0,0.5,y_bar,0.713560938835144,0.009144055657088757,0.7135623097419739,0.007812765426933765,0.713560938835144,0.009144055657088757,0.012555288150906563,4.0,0.5,M4_eta0.5
NOG,10005,8,1.0,5120,16384,8,0.14030909538269043,50,0.1,8.0,0.1,y_bar,0.7287812829017639,0.010465789586305618,0.7287502288818359,0.010359670035541058,0.7287812829017639,0.010465789586305618,0.011067206971347332,8.0,0.1,M8_eta0.1
NOG,10005,72,9.0,37888,32768,72,0.6757028102874756,50,0.1,8.0,0.1,y_bar,0.7270106077194214,0.0077350749634206295,0.7269645929336548,0.007092101499438286,0.7270106077194214,0.0077350749634206295,0.01149737648665905,8.0,0.1,M8_eta0.1
NOG,10005,136,17.0,70656,49152,136,1.2761924266815186,50,0.1,8.0,0.1,y_bar,0.7255541086196899,0.008596127852797508,0.7253928780555725,0.007309058681130409,0.7255541086196899,0.008596127852797508,0.011331133544445038,8.0,0.1,M8_eta0.1
NOG,10005,200,25.0,103424,65536,200,1.782099723815918,50,0.1,8.0,0.1,y_bar,0.7241176962852478,0.008161159232258797,0.7240297198295593,0.007909628562629223,0.7241176962852478,0.008161159232258797,0.008751044981181622,8.0,0.1,M8_eta0.1
NOG,10005,264,33.0,136192,81920,264,2.416722536087036,50,0.1,8.0,0.1,y_bar,0.7225589752197266,0.008092984557151794,0.7225017547607422,0.007272462826222181,0.7225589752197266,0.008092984557151794,0.008711461909115314,8.0,0.1,M8_eta0.1
NOG,10005,328,41.0,168960,98304,328,3.1247458457946777,50,0.1,8.0,0.1,y_bar,0.7211238145828247,0.010748001746833324,0.7209931015968323,0.009269986301660538,0.7211238145828247,0.010748001746833324,0.011672348715364933,8.0,0.1,M8_eta0.1
NOG,10005,392,49.0,201728,114688,392,3.7899160385131836,50,0.1,8.0,0.1,y_bar,0.7198150753974915,0.008926727809011936,0.7197862267494202,0.00783336628228426,0.7198150753974915,0.008926727809011936,0.011405514553189278,8.0,0.1,M8_eta0.1
NOG,10005,456,57.0,234496,131072,456,4.422139644622803,50,0.1,8.0,0.1,y_bar,0.7186530232429504,0.006777566391974688,0.7185958027839661,0.007025574799627066,0.7186530232429504,0.006777566391974688,0.008056133054196835,8.0,0.1,M8_eta0.1
NOG,10005,520,65.0,267264,147456,520,5.083984613418579,50,0.1,8.0,0.1,y_bar,0.7177416086196899,0.00943822879344225,0.7176766991615295,0.009566396474838257,0.7177416086196899,0.00943822879344225,0.010587324388325214,8.0,0.1,M8_eta0.1
NOG,10005,584,73.0,300032,163840,584,5.689136981964111,50,0.1,8.0,0.1,y_bar,0.7165622711181641,0.007572995964437723,0.7164990901947021,0.007922999560832977,0.7165622711181641,0.007572995964437723,0.010214710608124733,8.0,0.1,M8_eta0.1
NOG,10005,648,81.0,332800,180224,648,6.332170009613037,50,0.1,8.0,0.1,y_bar,0.7154583930969238,0.00803434569388628,0.7153604030609131,0.007329224608838558,0.7154583930969238,0.00803434569388628,0.011846593581140041,8.0,0.1,M8_eta0.1
NOG,10005,712,89.0,365568,196608,712,6.917625427246094,50,0.1,8.0,0.1,y_bar,0.7145687341690063,0.008322992362082005,0.7145483493804932,0.009201683104038239,0.7145687341690063,0.008322992362082005,0.010227848775684834,8.0,0.1,M8_eta0.1
NOG,10005,776,97.0,398336,212992,776,7.440621852874756,50,0.1,8.0,0.1,y_bar,0.7142574787139893,0.009991580620408058,0.7142641544342041,0.009354867041110992,0.7142574787139893,0.009991580620408058,0.011065734550356865,8.0,0.1,M8_eta0.1
NOG,10005,840,105.0,431104,229376,840,8.140944004058838,50,0.1,8.0,0.1,y_bar,0.7139326930046082,0.009207675233483315,0.7138857245445251,0.00789380818605423,0.7139326930046082,0.009207675233483315,0.010071884840726852,8.0,0.1,M8_eta0.1
NOG,10005,904,113.0,463872,245760,904,8.783229112625122,50,0.1,8.0,0.1,y_bar,0.7129461765289307,0.007381056435406208,0.7129413485527039,0.006601734086871147,0.7129461765289307,0.007381056435406208,0.00750189833343029,8.0,0.1,M8_eta0.1
NOG,10005,960,120.0,492544,262144,960,9.380206823348999,50,0.1,8.0,0.1,y_bar,0.7127278447151184,0.009074954316020012,0.7127088308334351,0.007983868941664696,0.7127278447151184,0.009074954316020012,0.011112633161246777,8.0,0.1,M8_eta0.1
NOG,10005,8,1.0,5120,16384,8,0.20196962356567383,50,0.1,8.0,0.2,y_bar,0.7288040518760681,0.010313354432582855,0.7287477850914001,0.010147398337721825,0.7288040518760681,0.010313354432582855,0.010908476077020168,8.0,0.2,M8_eta0.2
NOG,10005,72,9.0,37888,32768,72,0.8249502182006836,50,0.1,8.0,0.2,y_bar,0.7274872660636902,0.007822562009096146,0.7274709343910217,0.007159614935517311,0.7274872660636902,0.007822562009096146,0.011193688027560711,8.0,0.2,M8_eta0.2
NOG,10005,136,17.0,70656,49152,136,1.4928009510040283,50,0.1,8.0,0.2,y_bar,0.7266198396682739,0.008689035661518574,0.7266162633895874,0.006776698864996433,0.7266198396682739,0.008689035661518574,0.009814847260713577,8.0,0.2,M8_eta0.2
NOG,10005,200,25.0,103424,65536,200,2.107433319091797,50,0.1,8.0,0.2,y_bar,0.7257485389709473,0.008225644938647747,0.7256824374198914,0.008206941187381744,0.7257485389709473,0.008225644938647747,0.008239662274718285,8.0,0.2,M8_eta0.2
NOG,10005,264,33.0,136192,81920,264,2.6748523712158203,50,0.1,8.0,0.2,y_bar,0.7247297167778015,0.007968835532665253,0.724682092666626,0.007602865807712078,0.7247297167778015,0.007968835532665253,0.009655793197453022,8.0,0.2,M8_eta0.2
NOG,10005,328,41.0,168960,98304,328,3.1917827129364014,50,0.1,8.0,0.2,y_bar,0.7234163880348206,0.009202194400131702,0.7233826518058777,0.00879791472107172,0.7234163880348206,0.009202194400131702,0.010656212456524372,8.0,0.2,M8_eta0.2
NOG,10005,392,49.0,201728,114688,392,3.8585996627807617,50,0.1,8.0,0.2,y_bar,0.7226037383079529,0.008121930994093418,0.722568929195404,0.007198038510978222,0.7226037383079529,0.008121930994093418,0.010168962180614471,8.0,0.2,M8_eta0.2
NOG,10005,456,57.0,234496,131072,456,4.522611618041992,50,0.1,8.0,0.2,y_bar,0.721668004989624,0.006023252848535776,0.7216394543647766,0.007434947416186333,0.721668004989624,0.006023252848535776,0.007775664329528809,8.0,0.2,M8_eta0.2
NOG,10005,520,65.0,267264,147456,520,5.16723370552063,50,0.1,8.0,0.2,y_bar,0.7209956645965576,0.008551139384508133,0.7209036350250244,0.0086791617795825,0.7209956645965576,0.008551139384508133,0.010195787996053696,8.0,0.2,M8_eta0.2
NOG,10005,584,73.0,300032,163840,584,5.857572317123413,50,0.1,8.0,0.2,y_bar,0.7198948264122009,0.008654133416712284,0.7198451161384583,0.007607990875840187,0.7198948264122009,0.008654133416712284,0.009105844423174858,8.0,0.2,M8_eta0.2
NOG,10005,648,81.0,332800,180224,648,6.482947111129761,50,0.1,8.0,0.2,y_bar,0.7194311022758484,0.006603817455470562,0.7193832993507385,0.0063730450347065926,0.7194311022758484,0.006603817455470562,0.009986389428377151,8.0,0.2,M8_eta0.2
NOG,10005,712,89.0,365568,196608,712,7.090490818023682,50,0.1,8.0,0.2,y_bar,0.7192373871803284,0.00847591646015644,0.7191889882087708,0.007539454847574234,0.7192373871803284,0.00847591646015644,0.010430719703435898,8.0,0.2,M8_eta0.2
NOG,10005,776,97.0,398336,212992,776,7.650303363800049,50,0.1,8.0,0.2,y_bar,0.7186729907989502,0.008529005572199821,0.7186278700828552,0.0077464282512664795,0.7186729907989502,0.008529005572199821,0.010849128477275372,8.0,0.2,M8_eta0.2
NOG,10005,840,105.0,431104,229376,840,8.21120285987854,50,0.1,8.0,0.2,y_bar,0.718406617641449,0.0093609057366848,0.718372642993927,0.007604609709233046,0.718406617641449,0.0093609057366848,0.011480179615318775,8.0,0.2,M8_eta0.2
NOG,10005,904,113.0,463872,245760,904,8.82133173942566,50,0.1,8.0,0.2,y_bar,0.717782199382782,0.006826312746852636,0.7177911996841431,0.006287174299359322,0.717782199382782,0.006826312746852636,0.007982897572219372,8.0,0.2,M8_eta0.2
NOG,10005,960,120.0,492544,262144,960,9.399415016174316,50,0.1,8.0,0.2,y_bar,0.717494547367096,0.007883209735155106,0.717494547367096,0.006460356991738081,0.717494547367096,0.007883209735155106,0.009705406613647938,8.0,0.2,M8_eta0.2
NOG,10005,8,1.0,5120,16384,8,0.20072007179260254,50,0.1,8.0,0.3,y_bar,0.7287757992744446,0.010253055021166801,0.7287266850471497,0.01032294426113367,0.7287757992744446,0.010253055021166801,0.010913863778114319,8.0,0.3,M8_eta0.3
NOG,10005,72,9.0,37888,32768,72,0.8978028297424316,50,0.1,8.0,0.3,y_bar,0.7278522849082947,0.007790935225784779,0.7278201580047607,0.007088653277605772,0.7278522849082947,0.007790935225784779,0.01131542306393385,8.0,0.3,M8_eta0.3
NOG,10005,136,17.0,70656,49152,136,1.5325398445129395,50,0.1,8.0,0.3,y_bar,0.7271251678466797,0.008933446370065212,0.7271175980567932,0.0067978352308273315,0.7271251678466797,0.008933446370065212,0.009936979040503502,8.0,0.3,M8_eta0.3
NOG,10005,200,25.0,103424,65536,200,2.2711801528930664,50,0.1,8.0,0.3,y_bar,0.7267598509788513,0.007527336478233337,0.7267330884933472,0.007917792536318302,0.7267598509788513,0.007527336478233337,0.00727855646982789,8.0,0.3,M8_eta0.3
NOG,10005,264,33.0,136192,81920,264,2.9079360961914062,50,0.1,8.0,0.3,y_bar,0.7262584567070007,0.006735637318342924,0.7262499928474426,0.007124656345695257,0.7262584567070007,0.006735637318342924,0.00861962977796793,8.0,0.3,M8_eta0.3
NOG,10005,328,41.0,168960,98304,328,3.4477932453155518,50,0.1,8.0,0.3,y_bar,0.7256300449371338,0.008756134659051895,0.725600004196167,0.008309883065521717,0.7256300449371338,0.008756134659051895,0.010851354338228703,8.0,0.3,M8_eta0.3
NOG,10005,392,49.0,201728,114688,392,4.000226259231567,50,0.1,8.0,0.3,y_bar,0.7250638008117676,0.008080333471298218,0.7250187993049622,0.0075310044921934605,0.7250638008117676,0.008080333471298218,0.009855112060904503,8.0,0.3,M8_eta0.3
NOG,10005,456,57.0,234496,131072,456,4.636134386062622,50,0.1,8.0,0.3,y_bar,0.7243426442146301,0.006775956135243177,0.7243129014968872,0.007417912594974041,0.7243426442146301,0.006775956135243177,0.008243813179433346,8.0,0.3,M8_eta0.3
NOG,10005,520,65.0,267264,147456,520,5.235154867172241,50,0.1,8.0,0.3,y_bar,0.7237669229507446,0.008224312216043472,0.7236956357955933,0.009775344282388687,0.7237669229507446,0.008224312216043472,0.009520153515040874,8.0,0.3,M8_eta0.3
NOG,10005,584,73.0,300032,163840,584,5.808396816253662,50,0.1,8.0,0.3,y_bar,0.7229764461517334,0.008304965682327747,0.7229339480400085,0.007653902284801006,0.7229764461517334,0.008304965682327747,0.010455572046339512,8.0,0.3,M8_eta0.3
NOG,10005,648,81.0,332800,180224,648,6.402695655822754,50,0.1,8.0,0.3,y_bar,0.7224048972129822,0.007587588857859373,0.7223779559135437,0.006147304549813271,0.7224048972129822,0.007587588857859373,0.00927687156945467,8.0,0.3,M8_eta0.3
NOG,10005,712,89.0,365568,196608,712,7.018315553665161,50,0.1,8.0,0.3,y_bar,0.7221163511276245,0.008187588304281235,0.7220945358276367,0.007496779318898916,0.7221163511276245,0.008187588304281235,0.010700324550271034,8.0,0.3,M8_eta0.3
NOG,10005,776,97.0,398336,212992,776,7.67398738861084,50,0.1,8.0,0.3,y_bar,0.7214816212654114,0.00866664294153452,0.7214615345001221,0.00816929992288351,0.7214816212654114,0.00866664294153452,0.010126730427145958,8.0,0.3,M8_eta0.3
NOG,10005,840,105.0,431104,229376,840,8.30032205581665,50,0.1,8.0,0.3,y_bar,0.7209905982017517,0.007761835586279631,0.7209524512290955,0.008258485235273838,0.7209905982017517,0.007761835586279631,0.010226261802017689,8.0,0.3,M8_eta0.3
NOG,10005,904,113.0,463872,245760,904,8.905903577804565,50,0.1,8.0,0.3,y_bar,0.7204089164733887,0.0073786950670182705,0.720369815826416,0.006089565809816122,0.7204089164733887,0.0073786950670182705,0.007792171090841293,8.0,0.3,M8_eta0.3
NOG,10005,960,120.0,492544,262144,960,9.478814840316772,50,0.1,8.0,0.3,y_bar,0.7199416160583496,0.007802874781191349,0.7199453711509705,0.0060575553216040134,0.7199416160583496,0.007802874781191349,0.009547439403831959,8.0,0.3,M8_eta0.3
NOG,10005,8,1.0,5120,16384,8,0.1828453540802002,50,0.1,8.0,0.5,y_bar,0.7287632822990417,0.010467528365552425,0.7287429571151733,0.010756204836070538,0.7287632822990417,0.010467528365552425,0.011048822663724422,8.0,0.5,M8_eta0.5
NOG,10005,72,9.0,37888,32768,72,0.7954761981964111,50,0.1,8.0,0.5,y_bar,0.7281533479690552,0.008424482308328152,0.7281171083450317,0.006874382961541414,0.7281533479690552,0.008424482308328152,0.01198494154959917,8.0,0.5,M8_eta0.5
NOG,10005,136,17.0,70656,49152,136,1.407827377319336,50,0.1,8.0,0.5,y_bar,0.7276361584663391,0.009392202831804752,0.7276446223258972,0.007329149171710014,0.7276361584663391,0.009392202831804752,0.010277951136231422,8.0,0.5,M8_eta0.5
NOG,10005,200,25.0,103424,65536,200,2.0140469074249268,50,0.1,8.0,0.5,y_bar,0.7273862957954407,0.007412656210362911,0.727367639541626,0.008017254061996937,0.7273862957954407,0.007412656210362911,0.008197094313800335,8.0,0.5,M8_eta0.5
NOG,10005,264,33.0,136192,81920,264,2.571627378463745,50,0.1,8.0,0.5,y_bar,0.7270845174789429,0.0068489364348351955,0.7270689010620117,0.007470922544598579,0.7270845174789429,0.0068489364348351955,0.008253082633018494,8.0,0.5,M8_eta0.5
NOG,10005,328,41.0,168960,98304,328,3.2102365493774414,50,0.1,8.0,0.5,y_bar,0.7267671823501587,0.007870527915656567,0.7267524003982544,0.008615384809672832,0.7267671823501587,0.007870527915656567,0.009959370829164982,8.0,0.5,M8_eta0.5
NOG,10005,392,49.0,201728,114688,392,3.8440890312194824,50,0.1,8.0,0.5,y_bar,0.7264173626899719,0.007818937301635742,0.7263983488082886,0.00757385790348053,0.7264173626899719,0.007818937301635742,0.008808341808617115,8.0,0.5,M8_eta0.5
NOG,10005,456,57.0,234496,131072,456,4.447939872741699,50,0.1,8.0,0.5,y_bar,0.7261239290237427,0.006146356929093599,0.7261078953742981,0.007359405513852835,0.7261239290237427,0.006146356929093599,0.00832344964146614,8.0,0.5,M8_eta0.5
NOG,10005,520,65.0,267264,147456,520,5.120574712753296,50,0.1,8.0,0.5,y_bar,0.725929319858551,0.008088665083050728,0.7259215712547302,0.009324520826339722,0.725929319858551,0.008088665083050728,0.009277597069740295,8.0,0.5,M8_eta0.5
NOG,10005,584,73.0,300032,163840,584,5.81437349319458,50,0.1,8.0,0.5,y_bar,0.725583553314209,0.007544585969299078,0.7255722284317017,0.0067903343588113785,0.725583553314209,0.007544585969299078,0.010029296390712261,8.0,0.5,M8_eta0.5
NOG,10005,648,81.0,332800,180224,648,6.519688606262207,50,0.1,8.0,0.5,y_bar,0.7253089547157288,0.007329098414629698,0.7252771854400635,0.005885792896151543,0.7253089547157288,0.007329098414629698,0.00914023071527481,8.0,0.5,M8_eta0.5
NOG,10005,712,89.0,365568,196608,712,7.155930042266846,50,0.1,8.0,0.5,y_bar,0.725038468837738,0.007721127942204475,0.7250332236289978,0.00792168453335762,0.725038468837738,0.007721127942204475,0.010304814204573631,8.0,0.5,M8_eta0.5
NOG,10005,776,97.0,398336,212992,776,7.743216276168823,50,0.1,8.0,0.5,y_bar,0.7246216535568237,0.007599621079862118,0.7246127724647522,0.007551249582320452,0.7246216535568237,0.007599621079862118,0.0094796447083354,8.0,0.5,M8_eta0.5
NOG,10005,840,105.0,431104,229376,840,8.382856369018555,50,0.1,8.0,0.5,y_bar,0.7242122888565063,0.007566395681351423,0.7241883873939514,0.007818116806447506,0.7242122888565063,0.007566395681351423,0.009758168831467628,8.0,0.5,M8_eta0.5
NOG,10005,904,113.0,463872,245760,904,8.984943628311157,50,0.1,8.0,0.5,y_bar,0.7237744331359863,0.00786746945232153,0.7237535119056702,0.006523776799440384,0.7237744331359863,0.00786746945232153,0.009953439235687256,8.0,0.5,M8_eta0.5
NOG,10005,960,120.0,492544,262144,960,9.477805376052856,50,0.1,8.0,0.5,y_bar,0.723391056060791,0.00802778359502554,0.7233554720878601,0.005801492836326361,0.723391056060791,0.00802778359502554,0.011224412359297276,8.0,0.5,M8_eta0.5
NOG,10005,12,1.0,7168,16384,12,0.18323135375976562,50,0.1,12.0,0.1,y_bar,0.7287523150444031,0.011599184945225716,0.728684663772583,0.009883567690849304,0.7287523150444031,0.011599184945225716,0.00934075191617012,12.0,0.1,M12_eta0.1
NOG,10005,84,7.0,44032,32768,84,0.9007556438446045,50,0.1,12.0,0.1,y_bar,0.7275637984275818,0.007415084168314934,0.727484941482544,0.0067363339476287365,0.7275637984275818,0.007415084168314934,0.009360686875879765,12.0,0.1,M12_eta0.1
NOG,10005,156,13.0,80896,49152,156,1.6013057231903076,50,0.1,12.0,0.1,y_bar,0.7266328930854797,0.007686834316700697,0.7265745997428894,0.007497644517570734,0.7266328930854797,0.007686834316700697,0.008295928128063679,12.0,0.1,M12_eta0.1
NOG,10005,228,19.0,117760,65536,228,2.3209519386291504,50,0.1,12.0,0.1,y_bar,0.7255678176879883,0.00898386724293232,0.7254649996757507,0.0071329823695123196,0.7255678176879883,0.00898386724293232,0.007786767557263374,12.0,0.1,M12_eta0.1
NOG,10005,300,25.0,154624,81920,300,3.022704839706421,50,0.1,12.0,0.1,y_bar,0.7247342467308044,0.006434575188905001,0.7246236801147461,0.007659828290343285,0.7247342467308044,0.006434575188905001,0.007849598303437233,12.0,0.1,M12_eta0.1
NOG,10005,372,31.0,191488,98304,372,3.6997718811035156,50,0.1,12.0,0.1,y_bar,0.7236454486846924,0.008785669691860676,0.7235538363456726,0.008207591250538826,0.7236454486846924,0.008785669691860676,0.00932452455163002,12.0,0.1,M12_eta0.1
NOG,10005,444,37.0,228352,114688,444,4.449856758117676,50,0.1,12.0,0.1,y_bar,0.722827136516571,0.0074692219495773315,0.7227298617362976,0.007315153256058693,0.722827136516571,0.0074692219495773315,0.009883428923785686,12.0,0.1,M12_eta0.1
NOG,10005,516,43.0,265216,131072,516,5.172019958496094,50,0.1,12.0,0.1,y_bar,0.7220385670661926,0.006756182294338942,0.7219914197921753,0.007521177176386118,0.7220385670661926,0.006756182294338942,0.008248888887465,12.0,0.1,M12_eta0.1
NOG,10005,588,49.0,302080,147456,588,5.829432249069214,50,0.1,12.0,0.1,y_bar,0.7214261889457703,0.007751327473670244,0.7213372588157654,0.007778160739690065,0.7214261889457703,0.007751327473670244,0.009581797756254673,12.0,0.1,M12_eta0.1
NOG,10005,660,55.0,338944,163840,660,6.616836309432983,50,0.1,12.0,0.1,y_bar,0.7206211686134338,0.007024810183793306,0.7205316424369812,0.007651716470718384,0.7206211686134338,0.007024810183793306,0.007174023427069187,12.0,0.1,M12_eta0.1
NOG,10005,732,61.0,375808,180224,732,7.365966081619263,50,0.1,12.0,0.1,y_bar,0.7198721170425415,0.008208093233406544,0.7197695970535278,0.007845606654882431,0.7198721170425415,0.008208093233406544,0.008680402301251888,12.0,0.1,M12_eta0.1
NOG,10005,804,67.0,412672,196608,804,8.103647470474243,50,0.1,12.0,0.1,y_bar,0.7192105054855347,0.00800280924886465,0.7191253304481506,0.007059906609356403,0.7192105054855347,0.00800280924886465,0.008855677209794521,12.0,0.1,M12_eta0.1
NOG,10005,876,73.0,449536,212992,876,8.747802019119263,50,0.1,12.0,0.1,y_bar,0.7185180187225342,0.007767660077661276,0.7184607982635498,0.00790614727884531,0.7185180187225342,0.007767660077661276,0.008817661553621292,12.0,0.1,M12_eta0.1
NOG,10005,948,79.0,486400,229376,948,9.431397914886475,50,0.1,12.0,0.1,y_bar,0.717766284942627,0.00776571175083518,0.7177474498748779,0.008620326407253742,0.717766284942627,0.00776571175083518,0.00923739094287157,12.0,0.1,M12_eta0.1
NOG,10005,960,80.0,492544,245760,960,9.62816309928894,50,0.1,12.0,0.1,y_bar,0.7177242636680603,0.00738927349448204,0.7177078127861023,0.008144045248627663,0.7177242636680603,0.00738927349448204,0.008636708371341228,12.0,0.1,M12_eta0.1
NOG,10005,12,1.0,7168,16384,12,0.2280287742614746,50,0.1,12.0,0.2,y_bar,0.728742241859436,0.01179168839007616,0.7286937832832336,0.01011038850992918,0.728742241859436,0.01179168839007616,0.009475215338170528,12.0,0.2,M12_eta0.2
NOG,10005,84,7.0,44032,32768,84,0.9095995426177979,50,0.1,12.0,0.2,y_bar,0.7280222773551941,0.007257416844367981,0.7279824614524841,0.007283358369022608,0.7280222773551941,0.007257416844367981,0.00952344574034214,12.0,0.2,M12_eta0.2
NOG,10005,156,13.0,80896,49152,156,1.5910212993621826,50,0.1,12.0,0.2,y_bar,0.7274203896522522,0.00717152701690793,0.7273783683776855,0.007495699916034937,0.7274203896522522,0.00717152701690793,0.008563222363591194,12.0,0.2,M12_eta0.2
NOG,10005,228,19.0,117760,65536,228,2.265402317047119,50,0.1,12.0,0.2,y_bar,0.7269415259361267,0.008783024735748768,0.7269221544265747,0.006234555505216122,0.7269415259361267,0.008783024735748768,0.007646593730896711,12.0,0.2,M12_eta0.2
NOG,10005,300,25.0,154624,81920,300,2.9245355129241943,50,0.1,12.0,0.2,y_bar,0.7265991568565369,0.006238609552383423,0.7265668511390686,0.007838907651603222,0.7265991568565369,0.006238609552383423,0.007072254549711943,12.0,0.2,M12_eta0.2
NOG,10005,372,31.0,191488,98304,372,3.602550506591797,50,0.1,12.0,0.2,y_bar,0.7261043190956116,0.007985809817910194,0.7260391712188721,0.008405003696680069,0.7261043190956116,0.007985809817910194,0.00933855026960373,12.0,0.2,M12_eta0.2
NOG,10005,444,37.0,228352,114688,444,4.292839765548706,50,0.1,12.0,0.2,y_bar,0.7257512807846069,0.006842711474746466,0.7257388830184937,0.006898869760334492,0.7257512807846069,0.006842711474746466,0.008030378259718418,12.0,0.2,M12_eta0.2
NOG,10005,516,43.0,265216,131072,516,4.997267246246338,50,0.1,12.0,0.2,y_bar,0.7253355383872986,0.00703025609254837,0.7253029942512512,0.007155155763030052,0.7253355383872986,0.00703025609254837,0.008212906308472157,12.0,0.2,M12_eta0.2
NOG,10005,588,49.0,302080,147456,588,5.69292688369751,50,0.1,12.0,0.2,y_bar,0.7249070405960083,0.008295882493257523,0.7248071432113647,0.007950385101139545,0.7249070405960083,0.008295882493257523,0.009390626102685928,12.0,0.2,M12_eta0.2
NOG,10005,660,55.0,338944,163840,660,6.428768157958984,50,0.1,12.0,0.2,y_bar,0.7243328094482422,0.007647690363228321,0.7242851257324219,0.006465792190283537,0.7243328094482422,0.007647690363228321,0.007448670454323292,12.0,0.2,M12_eta0.2
NOG,10005,732,61.0,375808,180224,732,7.152905702590942,50,0.1,12.0,0.2,y_bar,0.7238540053367615,0.00912096444517374,0.7237939238548279,0.008460373617708683,0.7238540053367615,0.00912096444517374,0.008554290048778057,12.0,0.2,M12_eta0.2
NOG,10005,804,67.0,412672,196608,804,7.822901725769043,50,0.1,12.0,0.2,y_bar,0.7232800126075745,0.008381163701415062,0.723259687423706,0.008758462965488434,0.7232800126075745,0.008381163701415062,0.007446307688951492,12.0,0.2,M12_eta0.2
NOG,10005,876,73.0,449536,212992,876,8.510286808013916,50,0.1,12.0,0.2,y_bar,0.7228758335113525,0.007363893557339907,0.7228519916534424,0.007729488890618086,0.7228758335113525,0.007363893557339907,0.008189030922949314,12.0,0.2,M12_eta0.2
NOG,10005,948,79.0,486400,229376,948,9.14840841293335,50,0.1,12.0,0.2,y_bar,0.7224059700965881,0.007219451013952494,0.7224013805389404,0.007705138996243477,0.7224059700965881,0.007219451013952494,0.008589004166424274,12.0,0.2,M12_eta0.2
NOG,10005,960,80.0,492544,245760,960,9.352038860321045,50,0.1,12.0,0.2,y_bar,0.7223726511001587,0.008666795678436756,0.7223515510559082,0.00750980107113719,0.7223726511001587,0.008666795678436756,0.009105358272790909,12.0,0.2,M12_eta0.2
NOG,10005,12,1.0,7168,16384,12,0.21512055397033691,50,0.1,12.0,0.3,y_bar,0.7287427186965942,0.0118743060156703,0.7287174463272095,0.010351626202464104,0.7287427186965942,0.0118743060156703,0.009664012119174004,12.0,0.3,M12_eta0.3
NOG,10005,84,7.0,44032,32768,84,0.9121224880218506,50,0.1,12.0,0.3,y_bar,0.7282428741455078,0.007312275469303131,0.7282187342643738,0.007650131359696388,0.7282428741455078,0.007312275469303131,0.009738615714013577,12.0,0.3,M12_eta0.3
NOG,10005,156,13.0,80896,49152,156,1.5955462455749512,50,0.1,12.0,0.3,y_bar,0.7277893424034119,0.007472089491784573,0.7277405261993408,0.007501149084419012,0.7277893424034119,0.007472089491784573,0.008835933171212673,12.0,0.3,M12_eta0.3
NOG,10005,228,19.0,117760,65536,228,2.3008065223693848,50,0.1,12.0,0.3,y_bar,0.7274371981620789,0.008709966205060482,0.7274290323257446,0.0063804821111261845,0.7274371981620789,0.008709966205060482,0.008148547261953354,12.0,0.3,M12_eta0.3
NOG,10005,300,25.0,154624,81920,300,2.942415475845337,50,0.1,12.0,0.3,y_bar,0.7272014021873474,0.006554765626788139,0.7271766662597656,0.0074850465171039104,0.7272014021873474,0.006554765626788139,0.00688951974734664,12.0,0.3,M12_eta0.3
NOG,10005,372,31.0,191488,98304,372,3.5722899436950684,50,0.1,12.0,0.3,y_bar,0.7268588542938232,0.0079145273193717,0.7268162965774536,0.008717327378690243,0.7268588542938232,0.0079145273193717,0.009140062145888805,12.0,0.3,M12_eta0.3
NOG,10005,444,37.0,228352,114688,444,4.26580548286438,50,0.1,12.0,0.3,y_bar,0.7266421318054199,0.006670046132057905,0.7266222834587097,0.006953793112188578,0.7266421318054199,0.006670046132057905,0.007688354700803757,12.0,0.3,M12_eta0.3
NOG,10005,516,43.0,265216,131072,516,5.038401126861572,50,0.1,12.0,0.3,y_bar,0.7264177799224854,0.006062011234462261,0.7263980507850647,0.006688098888844252,0.7264177799224854,0.006062011234462261,0.008383050560951233,12.0,0.3,M12_eta0.3
NOG,10005,588,49.0,302080,147456,588,5.692409038543701,50,0.1,12.0,0.3,y_bar,0.7261443138122559,0.0078039164654910564,0.7260915637016296,0.007381305564194918,0.7261443138122559,0.0078039164654910564,0.008997558616101742,12.0,0.3,M12_eta0.3
NOG,10005,660,55.0,338944,163840,660,6.359271764755249,50,0.1,12.0,0.3,y_bar,0.7258793711662292,0.006911609321832657,0.725851833820343,0.006369583774358034,0.7258793711662292,0.006911609321832657,0.007024570368230343,12.0,0.3,M12_eta0.3
NOG,10005,732,61.0,375808,180224,732,7.033512353897095,50,0.1,12.0,0.3,y_bar,0.7256746292114258,0.008364998735487461,0.725658118724823,0.008024513721466064,0.7256746292114258,0.008364998735487461,0.007872924208641052,12.0,0.3,M12_eta0.3
NOG,10005,804,67.0,412672,196608,804,7.680982828140259,50,0.1,12.0,0.3,y_bar,0.7254193425178528,0.007895738817751408,0.725406289100647,0.00909584853798151,0.7254193425178528,0.007895738817751408,0.007032913155853748,12.0,0.3,M12_eta0.3
NOG,10005,876,73.0,449536,212992,876,8.309718132019043,50,0.1,12.0,0.3,y_bar,0.7252031564712524,0.0079765310510993,0.725196123123169,0.007796929217875004,0.7252031564712524,0.0079765310510993,0.00806240364909172,12.0,0.3,M12_eta0.3
NOG,10005,948,79.0,486400,229376,948,9.123961925506592,50,0.1,12.0,0.3,y_bar,0.7249128818511963,0.006587066221982241,0.7248903512954712,0.007420946378260851,0.7249128818511963,0.006587066221982241,0.0075305369682610035,12.0,0.3,M12_eta0.3
NOG,10005,960,80.0,492544,245760,960,9.39028787612915,50,0.1,12.0,0.3,y_bar,0.7248485684394836,0.008316772989928722,0.7248138785362244,0.007062813732773066,0.7248485684394836,0.008316772989928722,0.009204649366438389,12.0,0.3,M12_eta0.3
NOG,10005,12,1.0,7168,16384,12,0.23850083351135254,50,0.1,12.0,0.5,y_bar,0.7287455201148987,0.011948565021157265,0.7287282943725586,0.010484711267054081,0.7287455201148987,0.011948565021157265,0.009809901937842369,12.0,0.5,M12_eta0.5
NOG,10005,84,7.0,44032,32768,84,0.857417106628418,50,0.1,12.0,0.5,y_bar,0.7283679842948914,0.007745439186692238,0.7283502221107483,0.00785490870475769,0.7283679842948914,0.007745439186692238,0.010235323570668697,12.0,0.5,M12_eta0.5
NOG,10005,156,13.0,80896,49152,156,1.4852845668792725,50,0.1,12.0,0.5,y_bar,0.7280469536781311,0.007875886745750904,0.7280059456825256,0.007796162273734808,0.7280469536781311,0.007875886745750904,0.009012570604681969,12.0,0.5,M12_eta0.5
NOG,10005,228,19.0,117760,65536,228,2.154921054840088,50,0.1,12.0,0.5,y_bar,0.7277352213859558,0.009065326303243637,0.7277243733406067,0.006590873468667269,0.7277352213859558,0.009065326303243637,0.007923631928861141,12.0,0.5,M12_eta0.5
NOG,10005,300,25.0,154624,81920,300,2.8897008895874023,50,0.1,12.0,0.5,y_bar,0.7275157570838928,0.006479024887084961,0.7274981737136841,0.007503365632146597,0.7275157570838928,0.006479024887084961,0.007417785003781319,12.0,0.5,M12_eta0.5
NOG,10005,372,31.0,191488,98304,372,3.579228401184082,50,0.1,12.0,0.5,y_bar,0.7272820472717285,0.008523216471076012,0.7272495627403259,0.00864996388554573,0.7272820472717285,0.008523216471076012,0.008858556859195232,12.0,0.5,M12_eta0.5
NOG,10005,444,37.0,228352,114688,444,4.36823844909668,50,0.1,12.0,0.5,y_bar,0.7271199226379395,0.006740667391568422,0.7271112203598022,0.006523382384330034,0.7271199226379395,0.006740667391568422,0.007415506988763809,12.0,0.5,M12_eta0.5
NOG,10005,516,43.0,265216,131072,516,5.075622320175171,50,0.1,12.0,0.5,y_bar,0.7269566059112549,0.005821507424116135,0.7269414067268372,0.0070172143168747425,0.7269566059112549,0.005821507424116135,0.00791916809976101,12.0,0.5,M12_eta0.5
NOG,10005,588,49.0,302080,147456,588,5.77558445930481,50,0.1,12.0,0.5,y_bar,0.7267670035362244,0.007993710227310658,0.7267290353775024,0.007523120380938053,0.7267670035362244,0.007993710227310658,0.00867657270282507,12.0,0.5,M12_eta0.5
NOG,10005,660,55.0,338944,163840,660,6.496836185455322,50,0.1,12.0,0.5,y_bar,0.7265563011169434,0.007112249732017517,0.7265428304672241,0.006802498362958431,0.7265563011169434,0.007112249732017517,0.006873450241982937,12.0,0.5,M12_eta0.5
NOG,10005,732,61.0,375808,180224,732,7.21995735168457,50,0.1,12.0,0.5,y_bar,0.7264068126678467,0.008454425260424614,0.726396381855011,0.008251854218542576,0.7264068126678467,0.008454425260424614,0.007771617267280817,12.0,0.5,M12_eta0.5
NOG,10005,804,67.0,412672,196608,804,7.812848806381226,50,0.1,12.0,0.5,y_bar,0.7262069582939148,0.008105192333459854,0.7261974215507507,0.008895769715309143,0.7262069582939148,0.008105192333459854,0.006775544490665197,12.0,0.5,M12_eta0.5
NOG,10005,876,73.0,449536,212992,876,8.580900430679321,50,0.1,12.0,0.5,y_bar,0.7260473370552063,0.008453617803752422,0.7260372638702393,0.007771792821586132,0.7260473370552063,0.008453617803752422,0.007767679635435343,12.0,0.5,M12_eta0.5
NOG,10005,948,79.0,486400,229376,948,9.2560555934906,50,0.1,12.0,0.5,y_bar,0.7258665561676025,0.0065434942953288555,0.7258473634719849,0.006946190260350704,0.7258665561676025,0.0065434942953288555,0.007952808402478695,12.0,0.5,M12_eta0.5
NOG,10005,960,80.0,492544,245760,960,9.462754726409912,50,0.1,12.0,0.5,y_bar,0.725824773311615,0.007799235638231039,0.7258018255233765,0.006871439516544342,0.725824773311615,0.007799235638231039,0.009025989100337029,12.0,0.5,M12_eta0.5
NOG,10005,16,1.0,9216,16384,16,0.22820115089416504,50,0.1,16.0,0.1,y_bar,0.7287288308143616,0.009448173455893993,0.7286496162414551,0.010865907184779644,0.7287288308143616,0.009448173455893993,0.008191687054932117,16.0,0.1,M16_eta0.1
NOG,10005,80,5.0,41984,32768,80,0.8928079605102539,50,0.1,16.0,0.1,y_bar,0.7279571890830994,0.009378009475767612,0.7279074192047119,0.0077051278203725815,0.7279571890830994,0.009378009475767612,0.008315316401422024,16.0,0.1,M16_eta0.1
NOG,10005,144,9.0,74752,49152,144,1.5494003295898438,50,0.1,16.0,0.1,y_bar,0.727351188659668,0.00867859274148941,0.7273053526878357,0.008138283155858517,0.727351188659668,0.00867859274148941,0.006898169405758381,16.0,0.1,M16_eta0.1
NOG,10005,208,13.0,107520,65536,208,2.1818294525146484,50,0.1,16.0,0.1,y_bar,0.7269715666770935,0.005758732091635466,0.7269180417060852,0.007102480158209801,0.7269715666770935,0.005758732091635466,0.006594658363610506,16.0,0.1,M16_eta0.1
NOG,10005,272,17.0,140288,81920,272,2.746406078338623,50,0.1,16.0,0.1,y_bar,0.7265418171882629,0.0072457087226212025,0.7264951467514038,0.009579681791365147,0.7265418171882629,0.0072457087226212025,0.006665074732154608,16.0,0.1,M16_eta0.1
NOG,10005,336,21.0,173056,98304,336,3.4317591190338135,50,0.1,16.0,0.1,y_bar,0.7260081171989441,0.008196238428354263,0.7259515523910522,0.00775819132104516,0.7260081171989441,0.008196238428354263,0.009002624079585075,16.0,0.1,M16_eta0.1
NOG,10005,400,25.0,205824,114688,400,4.0085532665252686,50,0.1,16.0,0.1,y_bar,0.7254486680030823,0.008221293799579144,0.7253916263580322,0.008157333359122276,0.7254486680030823,0.008221293799579144,0.007725919596850872,16.0,0.1,M16_eta0.1
NOG,10005,464,29.0,238592,131072,464,4.6370275020599365,50,0.1,16.0,0.1,y_bar,0.7249933481216431,0.007021358236670494,0.7249571681022644,0.00755244679749012,0.7249933481216431,0.007021358236670494,0.0055635604076087475,16.0,0.1,M16_eta0.1
NOG,10005,528,33.0,271360,147456,528,5.225899934768677,50,0.1,16.0,0.1,y_bar,0.7244998216629028,0.008510246872901917,0.7244219183921814,0.007886110804975033,0.7244998216629028,0.008510246872901917,0.007630534004420042,16.0,0.1,M16_eta0.1
NOG,10005,592,37.0,304128,163840,592,5.775243043899536,50,0.1,16.0,0.1,y_bar,0.723760724067688,0.007465394679456949,0.7236678004264832,0.008269380778074265,0.723760724067688,0.007465394679456949,0.00884859636425972,16.0,0.1,M16_eta0.1
NOG,10005,656,41.0,336896,180224,656,6.348739385604858,50,0.1,16.0,0.1,y_bar,0.7232934832572937,0.007409449201077223,0.7232198119163513,0.006328882183879614,0.7232934832572937,0.007409449201077223,0.00736383767798543,16.0,0.1,M16_eta0.1
NOG,10005,720,45.0,369664,196608,720,6.972318887710571,50,0.1,16.0,0.1,y_bar,0.7228015065193176,0.00748335849493742,0.722760021686554,0.009293066337704659,0.7228015065193176,0.00748335849493742,0.007960054092109203,16.0,0.1,M16_eta0.1
NOG,10005,784,49.0,402432,212992,784,7.7089457511901855,50,0.1,16.0,0.1,y_bar,0.7221449613571167,0.008042002096772194,0.7221102118492126,0.0072700148448348045,0.7221449613571167,0.008042002096772194,0.006554733496159315,16.0,0.1,M16_eta0.1
NOG,10005,848,53.0,435200,229376,848,8.383099794387817,50,0.1,16.0,0.1,y_bar,0.7216349244117737,0.006064587738364935,0.7216001152992249,0.008075988851487637,0.7216349244117737,0.006064587738364935,0.00824961718171835,16.0,0.1,M16_eta0.1
NOG,10005,912,57.0,467968,245760,912,9.011857748031616,50,0.1,16.0,0.1,y_bar,0.7210801839828491,0.00820219051092863,0.720995306968689,0.007354050874710083,0.7210801839828491,0.00820219051092863,0.007383253891021013,16.0,0.1,M16_eta0.1
NOG,10005,960,60.0,492544,262144,960,9.46859359741211,50,0.1,16.0,0.1,y_bar,0.7206249237060547,0.007370005361735821,0.7205530405044556,0.0061978683806955814,0.7206249237060547,0.007370005361735821,0.008998972363770008,16.0,0.1,M16_eta0.1
NOG,10005,16,1.0,9216,16384,16,0.2558019161224365,50,0.1,16.0,0.2,y_bar,0.7287312746047974,0.00954765547066927,0.7286936640739441,0.011061662808060646,0.7287312746047974,0.00954765547066927,0.008609592914581299,16.0,0.2,M16_eta0.2
NOG,10005,80,5.0,41984,32768,80,0.9226939678192139,50,0.1,16.0,0.2,y_bar,0.7283332347869873,0.009714077226817608,0.7283057570457458,0.007869558408856392,0.7283332347869873,0.009714077226817608,0.008770007640123367,16.0,0.2,M16_eta0.2
NOG,10005,144,9.0,74752,49152,144,1.5522503852844238,50,0.1,16.0,0.2,y_bar,0.7279800176620483,0.008966682478785515,0.7279638051986694,0.00785781815648079,0.7279800176620483,0.008966682478785515,0.007331474684178829,16.0,0.2,M16_eta0.2
NOG,10005,208,13.0,107520,65536,208,2.2244768142700195,50,0.1,16.0,0.2,y_bar,0.7277402281761169,0.005841173231601715,0.7276944518089294,0.006990528199821711,0.7277402281761169,0.005841173231601715,0.007613521534949541,16.0,0.2,M16_eta0.2
NOG,10005,272,17.0,140288,81920,272,2.90118670463562,50,0.1,16.0,0.2,y_bar,0.7275259494781494,0.007045475300401449,0.7274872064590454,0.00939734186977148,0.7275259494781494,0.007045475300401449,0.006762712262570858,16.0,0.2,M16_eta0.2
NOG,10005,336,21.0,173056,98304,336,3.550861358642578,50,0.1,16.0,0.2,y_bar,0.7272781133651733,0.007984287105500698,0.7272458672523499,0.007238179445266724,0.7272781133651733,0.007984287105500698,0.008326797746121883,16.0,0.2,M16_eta0.2
NOG,10005,400,25.0,205824,114688,400,4.195130109786987,50,0.1,16.0,0.2,y_bar,0.7270348072052002,0.007807102054357529,0.7270175814628601,0.007664934266358614,0.7270348072052002,0.007807102054357529,0.007740257773548365,16.0,0.2,M16_eta0.2
NOG,10005,464,29.0,238592,131072,464,4.834572076797485,50,0.1,16.0,0.2,y_bar,0.7268690466880798,0.006713853217661381,0.7268520593643188,0.007318912073969841,0.7268690466880798,0.006713853217661381,0.00571624469012022,16.0,0.2,M16_eta0.2
NOG,10005,528,33.0,271360,147456,528,5.432702541351318,50,0.1,16.0,0.2,y_bar,0.7267405986785889,0.007406506221741438,0.7267328500747681,0.006659415550529957,0.7267405986785889,0.007406506221741438,0.005901511758565903,16.0,0.2,M16_eta0.2
NOG,10005,592,37.0,304128,163840,592,6.001687288284302,50,0.1,16.0,0.2,y_bar,0.7265315651893616,0.007372771855443716,0.726516604423523,0.0077562895603477955,0.7265315651893616,0.007372771855443716,0.007065405137836933,16.0,0.2,M16_eta0.2
NOG,10005,656,41.0,336896,180224,656,6.646743059158325,50,0.1,16.0,0.2,y_bar,0.7263594269752502,0.007152523845434189,0.7263206243515015,0.00674809655174613,0.7263594269752502,0.007152523845434189,0.006975322961807251,16.0,0.2,M16_eta0.2
NOG,10005,720,45.0,369664,196608,720,7.286884069442749,50,0.1,16.0,0.2,y_bar,0.7261937856674194,0.008226931095123291,0.7261725068092346,0.00810138788074255,0.7261937856674194,0.008226931095123291,0.006930922158062458,16.0,0.2,M16_eta0.2
NOG,10005,784,49.0,402432,212992,784,7.883753299713135,50,0.1,16.0,0.2,y_bar,0.7259730696678162,0.0071889786049723625,0.7259541749954224,0.007190602365881205,0.7259730696678162,0.0071889786049723625,0.007031554356217384,16.0,0.2,M16_eta0.2
NOG,10005,848,53.0,435200,229376,848,8.460013628005981,50,0.1,16.0,0.2,y_bar,0.7258104681968689,0.006963355466723442,0.7258024215698242,0.007661296986043453,0.7258104681968689,0.006963355466723442,0.007489953190088272,16.0,0.2,M16_eta0.2
NOG,10005,912,57.0,467968,245760,912,9.010696411132812,50,0.1,16.0,0.2,y_bar,0.7256012558937073,0.007381804287433624,0.7255715727806091,0.0071754250675439835,0.7256012558937073,0.007381804287433624,0.007104311138391495,16.0,0.2,M16_eta0.2
NOG,10005,960,60.0,492544,262144,960,9.54945707321167,50,0.1,16.0,0.2,y_bar,0.7254656553268433,0.007449592929333448,0.7254279255867004,0.006181778851896524,0.7254656553268433,0.007449592929333448,0.008459173142910004,16.0,0.2,M16_eta0.2
NOG,10005,16,1.0,9216,16384,16,0.27880167961120605,50,0.1,16.0,0.3,y_bar,0.7287361025810242,0.009653111919760704,0.7287111282348633,0.01129185687750578,0.7287361025810242,0.009653111919760704,0.008875071071088314,16.0,0.3,M16_eta0.3
NOG,10005,80,5.0,41984,32768,80,0.9339115619659424,50,0.1,16.0,0.3,y_bar,0.7284358739852905,0.010017801076173782,0.7284116744995117,0.007830582559108734,0.7284358739852905,0.010017801076173782,0.009132075123488903,16.0,0.3,M16_eta0.3
NOG,10005,144,9.0,74752,49152,144,1.5520737171173096,50,0.1,16.0,0.3,y_bar,0.7281690239906311,0.009072024375200272,0.7281622886657715,0.008011932484805584,0.7281690239906311,0.009072024375200272,0.007599308621138334,16.0,0.3,M16_eta0.3
NOG,10005,208,13.0,107520,65536,208,2.177963972091675,50,0.1,16.0,0.3,y_bar,0.7279866337776184,0.005935539025813341,0.7279518246650696,0.007128777913749218,0.7279866337776184,0.005935539025813341,0.00814047921448946,16.0,0.3,M16_eta0.3
NOG,10005,272,17.0,140288,81920,272,2.8253912925720215,50,0.1,16.0,0.3,y_bar,0.7277883887290955,0.007275162730365992,0.7277551293373108,0.009631897322833538,0.7277883887290955,0.007275162730365992,0.007064600475132465,16.0,0.3,M16_eta0.3
NOG,10005,336,21.0,173056,98304,336,3.4394195079803467,50,0.1,16.0,0.3,y_bar,0.7275923490524292,0.008340543136000633,0.7275660037994385,0.006960452068597078,0.7275923490524292,0.008340543136000633,0.00856772717088461,16.0,0.3,M16_eta0.3
NOG,10005,400,25.0,205824,114688,400,3.9913506507873535,50,0.1,16.0,0.3,y_bar,0.7274022102355957,0.0074948654510080814,0.7273909449577332,0.007640953175723553,0.7274022102355957,0.0074948654510080814,0.007993985898792744,16.0,0.3,M16_eta0.3
NOG,10005,464,29.0,238592,131072,464,4.598695516586304,50,0.1,16.0,0.3,y_bar,0.7272860407829285,0.0068665798753499985,0.7272776365280151,0.007375853136181831,0.7272860407829285,0.0068665798753499985,0.00610055448487401,16.0,0.3,M16_eta0.3
NOG,10005,528,33.0,271360,147456,528,5.191688537597656,50,0.1,16.0,0.3,y_bar,0.727192223072052,0.006848710123449564,0.7271822690963745,0.006542897317558527,0.727192223072052,0.006848710123449564,0.006350813899189234,16.0,0.3,M16_eta0.3
NOG,10005,592,37.0,304128,163840,592,5.838357210159302,50,0.1,16.0,0.3,y_bar,0.7270281314849854,0.007677612826228142,0.7270111441612244,0.007717036176472902,0.7270281314849854,0.007677612826228142,0.007108175661414862,16.0,0.3,M16_eta0.3
NOG,10005,656,41.0,336896,180224,656,6.534693002700806,50,0.1,16.0,0.3,y_bar,0.7268995642662048,0.006853816099464893,0.726872444152832,0.006739642471075058,0.7268995642662048,0.006853816099464893,0.0069615221582353115,16.0,0.3,M16_eta0.3
NOG,10005,720,45.0,369664,196608,720,7.138822317123413,50,0.1,16.0,0.3,y_bar,0.7267633080482483,0.008373696357011795,0.7267490029335022,0.00751169677823782,0.7267633080482483,0.008373696357011795,0.006545061711221933,16.0,0.3,M16_eta0.3
NOG,10005,784,49.0,402432,212992,784,7.834950685501099,50,0.1,16.0,0.3,y_bar,0.7266306281089783,0.007168747019022703,0.7266176342964172,0.006899544503539801,0.7266306281089783,0.007168747019022703,0.006743987090885639,16.0,0.3,M16_eta0.3
NOG,10005,848,53.0,435200,229376,848,8.556789875030518,50,0.1,16.0,0.3,y_bar,0.7264928817749023,0.006788188591599464,0.7264826893806458,0.0077444943599402905,0.7264928817749023,0.006788188591599464,0.007658974267542362,16.0,0.3,M16_eta0.3
NOG,10005,912,57.0,467968,245760,912,9.178438425064087,50,0.1,16.0,0.3,y_bar,0.7263593673706055,0.007697265595197678,0.7263320088386536,0.007701090071350336,0.7263593673706055,0.007697265595197678,0.0069988747127354145,16.0,0.3,M16_eta0.3
NOG,10005,960,60.0,492544,262144,960,9.683855772018433,50,0.1,16.0,0.3,y_bar,0.7262702584266663,0.007592570502310991,0.7262392044067383,0.006437435746192932,0.7262702584266663,0.007592570502310991,0.00861792080104351,16.0,0.3,M16_eta0.3
NOG,10005,16,1.0,9216,16384,16,0.2698237895965576,50,0.1,16.0,0.5,y_bar,0.7287399172782898,0.009833438321948051,0.7287219762802124,0.011421199887990952,0.7287399172782898,0.009833438321948051,0.009030119515955448,16.0,0.5,M16_eta0.5
NOG,10005,80,5.0,41984,32768,80,0.9618346691131592,50,0.1,16.0,0.5,y_bar,0.7284964323043823,0.010193752124905586,0.7284761071205139,0.007965551689267159,0.7284964323043823,0.010193752124905586,0.009462304413318634,16.0,0.5,M16_eta0.5
NOG,10005,144,9.0,74752,49152,144,1.5998327732086182,50,0.1,16.0,0.5,y_bar,0.7282741665840149,0.009098098613321781,0.7282696962356567,0.007969220168888569,0.7282741665840149,0.009098098613321781,0.007901433855295181,16.0,0.5,M16_eta0.5
NOG,10005,208,13.0,107520,65536,208,2.168534278869629,50,0.1,16.0,0.5,y_bar,0.7281304001808167,0.005998688284307718,0.728101372718811,0.007193691097199917,0.7281304001808167,0.005998688284307718,0.00851472932845354,16.0,0.5,M16_eta0.5
NOG,10005,272,17.0,140288,81920,272,2.8457696437835693,50,0.1,16.0,0.5,y_bar,0.7279634475708008,0.007362012285739183,0.7279337048530579,0.009565740823745728,0.7279634475708008,0.007362012285739183,0.007226808462291956,16.0,0.5,M16_eta0.5
NOG,10005,336,21.0,173056,98304,336,3.459378242492676,50,0.1,16.0,0.5,y_bar,0.7277915477752686,0.008217298425734043,0.7277625203132629,0.007269814610481262,0.7277915477752686,0.008217298425734043,0.008869081735610962,16.0,0.5,M16_eta0.5
NOG,10005,400,25.0,205824,114688,400,4.024692535400391,50,0.1,16.0,0.5,y_bar,0.7276294827461243,0.007309840526431799,0.7276208996772766,0.007599241100251675,0.7276294827461243,0.007309840526431799,0.007867375388741493,16.0,0.5,M16_eta0.5
NOG,10005,464,29.0,238592,131072,464,4.622711420059204,50,0.1,16.0,0.5,y_bar,0.7275301814079285,0.007289188448339701,0.7275208830833435,0.007731966208666563,0.7275301814079285,0.007289188448339701,0.00626030657440424,16.0,0.5,M16_eta0.5
NOG,10005,528,33.0,271360,147456,528,5.216004848480225,50,0.1,16.0,0.5,y_bar,0.7274479269981384,0.007261714432388544,0.7274365425109863,0.006643208675086498,0.7274479269981384,0.007261714432388544,0.0067409370094537735,16.0,0.5,M16_eta0.5
NOG,10005,592,37.0,304128,163840,592,5.801185607910156,50,0.1,16.0,0.5,y_bar,0.7273198366165161,0.007538614794611931,0.7273126840591431,0.007512188516557217,0.7273198366165161,0.007538614794611931,0.006933116819709539,16.0,0.5,M16_eta0.5
NOG,10005,656,41.0,336896,180224,656,6.4442853927612305,50,0.1,16.0,0.5,y_bar,0.7272236347198486,0.006812862120568752,0.7272022366523743,0.006789708510041237,0.7272236347198486,0.006812862120568752,0.007344846148043871,16.0,0.5,M16_eta0.5
NOG,10005,720,45.0,369664,196608,720,7.073753595352173,50,0.1,16.0,0.5,y_bar,0.7271187901496887,0.008469818159937859,0.727104902267456,0.007582066580653191,0.7271187901496887,0.008469818159937859,0.006939678452908993,16.0,0.5,M16_eta0.5
NOG,10005,784,49.0,402432,212992,784,7.723589897155762,50,0.1,16.0,0.5,y_bar,0.7270148992538452,0.007164036855101585,0.7270030975341797,0.006914667785167694,0.7270148992538452,0.007164036855101585,0.006942691281437874,16.0,0.5,M16_eta0.5
NOG,10005,848,53.0,435200,229376,848,8.360581159591675,50,0.1,16.0,0.5,y_bar,0.7268978953361511,0.007339055649936199,0.7268848419189453,0.007599357515573502,0.7268978953361511,0.007339055649936199,0.007575842551887035,16.0,0.5,M16_eta0.5
NOG,10005,912,57.0,467968,245760,912,8.954083442687988,50,0.1,16.0,0.5,y_bar,0.7267819046974182,0.00781827699393034,0.726759672164917,0.007686878554522991,0.7267819046974182,0.00781827699393034,0.006926070433109999,16.0,0.5,M16_eta0.5
NOG,10005,960,60.0,492544,262144,960,9.42357063293457,50,0.1,16.0,0.5,y_bar,0.7267208099365234,0.007518783211708069,0.7266994714736938,0.0061052460223436356,0.7267208099365234,0.007518783211708069,0.008509719744324684,16.0,0.5,M16_eta0.5
SmoothedSGD,20005,1,,512,8192,1,0.07231903076171875,50,0.1,,0.05,x,0.7287552952766418,0.01017265859991312,0.7287552952766418,0.01017265859991312,,,,,0.05,SmoothedSGD
SmoothedSGD,20005,64,,32768,16384,64,0.5581562519073486,50,0.1,,0.05,x,0.7286607027053833,0.0097701670601964,0.7286607027053833,0.0097701670601964,,,,,0.05,SmoothedSGD
SmoothedSGD,20005,128,,65536,24576,128,1.090195655822754,50,0.1,,0.05,x,0.7285783886909485,0.010302315466105938,0.7285783886909485,0.010302315466105938,,,,,0.05,SmoothedSGD
SmoothedSGD,20005,192,,98304,32768,192,1.6570770740509033,50,0.1,,0.05,x,0.7284972667694092,0.00828480813652277,0.7284972667694092,0.00828480813652277,,,,,0.05,SmoothedSGD
SmoothedSGD,20005,256,,131072,40960,256,2.2377450466156006,50,0.1,,0.05,x,0.7284209132194519,0.008849207311868668,0.7284209132194519,0.008849207311868668,,,,,0.05,SmoothedSGD
SmoothedSGD,20005,320,,163840,49152,320,2.8249876499176025,50,0.1,,0.05,x,0.7283484935760498,0.008114725351333618,0.7283484935760498,0.008114725351333618,,,,,0.05,SmoothedSGD
SmoothedSGD,20005,384,,196608,57344,384,3.3449552059173584,50,0.1,,0.05,x,0.7282747626304626,0.00870693288743496,0.7282747626304626,0.00870693288743496,,,,,0.05,SmoothedSGD
SmoothedSGD,20005,448,,229376,65536,448,3.9025840759277344,50,0.1,,0.05,x,0.7282172441482544,0.007801155559718609,0.7282172441482544,0.007801155559718609,,,,,0.05,SmoothedSGD
SmoothedSGD,20005,512,,262144,73728,512,4.412820339202881,50,0.1,,0.05,x,0.7281638383865356,0.007146310992538929,0.7281638383865356,0.007146310992538929,,,,,0.05,SmoothedSGD
SmoothedSGD,20005,576,,294912,81920,576,4.935024261474609,50,0.1,,0.05,x,0.7281091809272766,0.0075770774856209755,0.7281091809272766,0.0075770774856209755,,,,,0.05,SmoothedSGD
SmoothedSGD,20005,640,,327680,90112,640,5.504613399505615,50,0.1,,0.05,x,0.7280517816543579,0.008497524075210094,0.7280517816543579,0.008497524075210094,,,,,0.05,SmoothedSGD
SmoothedSGD,20005,704,,360448,98304,704,6.038835763931274,50,0.1,,0.05,x,0.7279821634292603,0.006335106212645769,0.7279821634292603,0.006335106212645769,,,,,0.05,SmoothedSGD
SmoothedSGD,20005,768,,393216,106496,768,6.573148012161255,50,0.1,,0.05,x,0.7279250025749207,0.007423567585647106,0.7279250025749207,0.007423567585647106,,,,,0.05,SmoothedSGD
SmoothedSGD,20005,832,,425984,114688,832,7.102206468582153,50,0.1,,0.05,x,0.7278594374656677,0.008060609921813011,0.7278594374656677,0.008060609921813011,,,,,0.05,SmoothedSGD
SmoothedSGD,20005,896,,458752,122880,896,7.6108479499816895,50,0.1,,0.05,x,0.7278032302856445,0.006499986629933119,0.7278032302856445,0.006499986629933119,,,,,0.05,SmoothedSGD
SmoothedSGD,20005,960,,491520,131072,960,8.137436151504517,50,0.1,,0.05,x,0.7277417182922363,0.00785512663424015,0.7277417182922363,0.00785512663424015,,,,,0.05,SmoothedSGD
NOG,10006,4,1.0,3072,16384,4,0.17066287994384766,50,0.1,4.0,0.1,y_bar,0.7226097583770752,0.01138562336564064,0.722626805305481,0.011920129880309105,0.7226097583770752,0.01138562336564064,0.016762642189860344,4.0,0.1,M4_eta0.1
NOG,10006,68,17.0,35840,32768,68,0.7934615612030029,50,0.1,4.0,0.1,y_bar,0.7197751402854919,0.009511304087936878,0.7195977568626404,0.009457310661673546,0.7197751402854919,0.009511304087936878,0.014041267335414886,4.0,0.1,M4_eta0.1
NOG,10006,132,33.0,68608,49152,132,1.5007522106170654,50,0.1,4.0,0.1,y_bar,0.7145225405693054,0.009361441247165203,0.7144112586975098,0.008814629167318344,0.7145225405693054,0.009361441247165203,0.014279264025390148,4.0,0.1,M4_eta0.1
NOG,10006,196,49.0,101376,65536,196,2.0871424674987793,50,0.1,4.0,0.1,y_bar,0.7115893363952637,0.00781808141618967,0.7115007638931274,0.008531110361218452,0.7115893363952637,0.00781808141618967,0.013158343732357025,4.0,0.1,M4_eta0.1
NOG,10006,260,65.0,134144,81920,260,2.684800863265991,50,0.1,4.0,0.1,y_bar,0.7104002833366394,0.008743884041905403,0.7104215621948242,0.008846229873597622,0.7104002833366394,0.008743884041905403,0.013569378294050694,4.0,0.1,M4_eta0.1
NOG,10006,324,81.0,166912,98304,324,3.302241802215576,50,0.1,4.0,0.1,y_bar,0.7098620533943176,0.008982191793620586,0.7098052501678467,0.008249246515333652,0.7098620533943176,0.008982191793620586,0.014929256401956081,4.0,0.1,M4_eta0.1
NOG,10006,388,97.0,199680,114688,388,3.868159532546997,50,0.1,4.0,0.1,y_bar,0.7092227935791016,0.007885056547820568,0.7091808319091797,0.009577961638569832,0.7092227935791016,0.007885056547820568,0.015051178634166718,4.0,0.1,M4_eta0.1
NOG,10006,452,113.0,232448,131072,452,4.487385511398315,50,0.1,4.0,0.1,y_bar,0.7088960409164429,0.009732232429087162,0.7089067101478577,0.009305719286203384,0.7088960409164429,0.009732232429087162,0.014820067211985588,4.0,0.1,M4_eta0.1
NOG,10006,516,129.0,265216,147456,516,5.0386576652526855,50,0.1,4.0,0.1,y_bar,0.7081711292266846,0.010743149556219578,0.7081642746925354,0.01123473234474659,0.7081711292266846,0.010743149556219578,0.0150754414498806,4.0,0.1,M4_eta0.1
NOG,10006,580,145.0,297984,163840,580,5.6798176765441895,50,0.1,4.0,0.1,y_bar,0.7088083624839783,0.010745247825980186,0.7088200449943542,0.009371615014970303,0.7088083624839783,0.010745247825980186,0.016893915832042694,4.0,0.1,M4_eta0.1
NOG,10006,644,161.0,330752,180224,644,6.3466956615448,50,0.1,4.0,0.1,y_bar,0.7085865139961243,0.009976758621633053,0.7085306644439697,0.010050801560282707,0.7085865139961243,0.009976758621633053,0.01551377959549427,4.0,0.1,M4_eta0.1
NOG,10006,708,177.0,363520,196608,708,6.90450644493103,50,0.1,4.0,0.1,y_bar,0.708876371383667,0.010226871818304062,0.708876371383667,0.011482968926429749,0.708876371383667,0.010226871818304062,0.01676478609442711,4.0,0.1,M4_eta0.1
NOG,10006,772,193.0,396288,212992,772,7.470457077026367,50,0.1,4.0,0.1,y_bar,0.7088400721549988,0.01101721916347742,0.7087388038635254,0.01131723914295435,0.7088400721549988,0.01101721916347742,0.01801452785730362,4.0,0.1,M4_eta0.1
NOG,10006,836,209.0,429056,229376,836,8.060173273086548,50,0.1,4.0,0.1,y_bar,0.7064790725708008,0.009734328836202621,0.7064567804336548,0.007483777590095997,0.7064790725708008,0.009734328836202621,0.013962425291538239,4.0,0.1,M4_eta0.1
NOG,10006,900,225.0,461824,245760,900,8.7769193649292,50,0.1,4.0,0.1,y_bar,0.7057533860206604,0.009586568921804428,0.7057263851165771,0.00956626608967781,0.7057533860206604,0.009586568921804428,0.014803645201027393,4.0,0.1,M4_eta0.1
NOG,10006,960,240.0,492544,262144,960,9.389062881469727,50,0.1,4.0,0.1,y_bar,0.7056853771209717,0.010604949668049812,0.7056361436843872,0.009008772671222687,0.7056853771209717,0.010604949668049812,0.014552009291946888,4.0,0.1,M4_eta0.1
NOG,10006,4,1.0,3072,16384,4,0.1581130027770996,50,0.1,4.0,0.2,y_bar,0.7226381897926331,0.011165354400873184,0.7226757407188416,0.011440436355769634,0.7226381897926331,0.011165354400873184,0.01646658219397068,4.0,0.2,M4_eta0.2
NOG,10006,68,17.0,35840,32768,68,0.859250545501709,50,0.1,4.0,0.2,y_bar,0.7194060683250427,0.009498684667050838,0.7192402482032776,0.009204210713505745,0.7194060683250427,0.009498684667050838,0.0129750557243824,4.0,0.2,M4_eta0.2
NOG,10006,132,33.0,68608,49152,132,1.4397926330566406,50,0.1,4.0,0.2,y_bar,0.7151142358779907,0.008967708796262741,0.7149841785430908,0.010132377035915852,0.7151142358779907,0.008967708796262741,0.013507211580872536,4.0,0.2,M4_eta0.2
NOG,10006,196,49.0,101376,65536,196,2.0138843059539795,50,0.1,4.0,0.2,y_bar,0.7114464640617371,0.008039211854338646,0.7113888263702393,0.008010162971913815,0.7114464640617371,0.008039211854338646,0.012532820925116539,4.0,0.2,M4_eta0.2
NOG,10006,260,65.0,134144,81920,260,2.617630958557129,50,0.1,4.0,0.2,y_bar,0.7099449038505554,0.009438058361411095,0.7098897695541382,0.0090314457193017,0.7099449038505554,0.009438058361411095,0.014501812867820263,4.0,0.2,M4_eta0.2
NOG,10006,324,81.0,166912,98304,324,3.2246479988098145,50,0.1,4.0,0.2,y_bar,0.7085105776786804,0.008945472538471222,0.7084971070289612,0.008318101987242699,0.7085105776786804,0.008945472538471222,0.014530347660183907,4.0,0.2,M4_eta0.2
NOG,10006,388,97.0,199680,114688,388,3.866481065750122,50,0.1,4.0,0.2,y_bar,0.7078948020935059,0.008469580672681332,0.7079433798789978,0.009829253889620304,0.7078948020935059,0.008469580672681332,0.015927359461784363,4.0,0.2,M4_eta0.2
NOG,10006,452,113.0,232448,131072,452,4.550269842147827,50,0.1,4.0,0.2,y_bar,0.7075180411338806,0.009370512329041958,0.7074843049049377,0.007976491004228592,0.7075180411338806,0.009370512329041958,0.013739939779043198,4.0,0.2,M4_eta0.2
NOG,10006,516,129.0,265216,147456,516,5.269978761672974,50,0.1,4.0,0.2,y_bar,0.7076442241668701,0.008466592989861965,0.7076850533485413,0.009259190410375595,0.7076442241668701,0.008466592989861965,0.012820656411349773,4.0,0.2,M4_eta0.2
NOG,10006,580,145.0,297984,163840,580,5.95842170715332,50,0.1,4.0,0.2,y_bar,0.7073877453804016,0.009735858999192715,0.7074015140533447,0.009432606399059296,0.7073877453804016,0.009735858999192715,0.01577128656208515,4.0,0.2,M4_eta0.2
NOG,10006,644,161.0,330752,180224,644,6.5938720703125,50,0.1,4.0,0.2,y_bar,0.7069931030273438,0.008056596852838993,0.7068920135498047,0.008480162359774113,0.7069931030273438,0.008056596852838993,0.013318630866706371,4.0,0.2,M4_eta0.2
NOG,10006,708,177.0,363520,196608,708,7.172859191894531,50,0.1,4.0,0.2,y_bar,0.7060448527336121,0.0077519589103758335,0.7060441374778748,0.00907434057444334,0.7060448527336121,0.0077519589103758335,0.013488149270415306,4.0,0.2,M4_eta0.2
NOG,10006,772,193.0,396288,212992,772,7.773903131484985,50,0.1,4.0,0.2,y_bar,0.705193281173706,0.008774821646511555,0.7051869034767151,0.007822242565453053,0.705193281173706,0.008774821646511555,0.014197032898664474,4.0,0.2,M4_eta0.2
NOG,10006,836,209.0,429056,229376,836,8.478302717208862,50,0.1,4.0,0.2,y_bar,0.7049701809883118,0.010114428587257862,0.7049554586410522,0.0073270951397717,0.7049701809883118,0.010114428587257862,0.013740235939621925,4.0,0.2,M4_eta0.2
NOG,10006,900,225.0,461824,245760,900,9.088400602340698,50,0.1,4.0,0.2,y_bar,0.7049599885940552,0.008347109891474247,0.7048885822296143,0.006893959362059832,0.7049599885940552,0.008347109891474247,0.015767840668559074,4.0,0.2,M4_eta0.2
NOG,10006,960,240.0,492544,262144,960,9.750131607055664,50,0.1,4.0,0.2,y_bar,0.7043507099151611,0.009320961311459541,0.704375684261322,0.010329066775739193,0.7043507099151611,0.009320961311459541,0.012838659808039665,4.0,0.2,M4_eta0.2
NOG,10006,4,1.0,3072,16384,4,0.16704511642456055,50,0.1,4.0,0.3,y_bar,0.7226663827896118,0.011143648065626621,0.7227218747138977,0.011382513679564,0.7226663827896118,0.011143648065626621,0.01613704115152359,4.0,0.3,M4_eta0.3
NOG,10006,68,17.0,35840,32768,68,0.8023631572723389,50,0.1,4.0,0.3,y_bar,0.7194645404815674,0.008880537934601307,0.7193431854248047,0.008634462021291256,0.7194645404815674,0.008880537934601307,0.013693009503185749,4.0,0.3,M4_eta0.3
NOG,10006,132,33.0,68608,49152,132,1.393705129623413,50,0.1,4.0,0.3,y_bar,0.7160463929176331,0.008780302479863167,0.7159527540206909,0.010380269028246403,0.7160463929176331,0.008780302479863167,0.013936095871031284,4.0,0.3,M4_eta0.3
NOG,10006,196,49.0,101376,65536,196,2.0217766761779785,50,0.1,4.0,0.3,y_bar,0.7125598192214966,0.00801424216479063,0.712468683719635,0.00796152651309967,0.7125598192214966,0.00801424216479063,0.013708675280213356,4.0,0.3,M4_eta0.3
NOG,10006,260,65.0,134144,81920,260,2.729807138442993,50,0.1,4.0,0.3,y_bar,0.7109214067459106,0.00891006551682949,0.7108950018882751,0.0091825807467103,0.7109214067459106,0.00891006551682949,0.012673967517912388,4.0,0.3,M4_eta0.3
NOG,10006,324,81.0,166912,98304,324,3.423192262649536,50,0.1,4.0,0.3,y_bar,0.7100440263748169,0.008246499113738537,0.7100032567977905,0.008602258749306202,0.7100440263748169,0.008246499113738537,0.014176318421959877,4.0,0.3,M4_eta0.3
NOG,10006,388,97.0,199680,114688,388,4.016616344451904,50,0.1,4.0,0.3,y_bar,0.7089948654174805,0.008951292373239994,0.7090123295783997,0.009178876876831055,0.7089948654174805,0.008951292373239994,0.01471620611846447,4.0,0.3,M4_eta0.3
NOG,10006,452,113.0,232448,131072,452,4.608380317687988,50,0.1,4.0,0.3,y_bar,0.7081307172775269,0.007928358390927315,0.7081379890441895,0.007316009607166052,0.7081307172775269,0.007928358390927315,0.014589713886380196,4.0,0.3,M4_eta0.3
NOG,10006,516,129.0,265216,147456,516,5.178621292114258,50,0.1,4.0,0.3,y_bar,0.7077139616012573,0.008619989268481731,0.7077182531356812,0.009081610478460789,0.7077139616012573,0.008619989268481731,0.013013813644647598,4.0,0.3,M4_eta0.3
NOG,10006,580,145.0,297984,163840,580,5.812243938446045,50,0.1,4.0,0.3,y_bar,0.7075216770172119,0.008256379514932632,0.7074999809265137,0.008697373792529106,0.7075216770172119,0.008256379514932632,0.015649449080228806,4.0,0.3,M4_eta0.3
NOG,10006,644,161.0,330752,180224,644,6.3867785930633545,50,0.1,4.0,0.3,y_bar,0.7079058885574341,0.008749098517000675,0.7078526020050049,0.00626380043104291,0.7079058885574341,0.008749098517000675,0.013279067352414131,4.0,0.3,M4_eta0.3
NOG,10006,708,177.0,363520,196608,708,6.971064805984497,50,0.1,4.0,0.3,y_bar,0.7073338627815247,0.00798742100596428,0.7073714733123779,0.008296925574541092,0.7073338627815247,0.00798742100596428,0.014975194819271564,4.0,0.3,M4_eta0.3
NOG,10006,772,193.0,396288,212992,772,7.5791099071502686,50,0.1,4.0,0.3,y_bar,0.7075527310371399,0.008094808086752892,0.7075299620628357,0.009436936117708683,0.7075527310371399,0.008094808086752892,0.016863612458109856,4.0,0.3,M4_eta0.3
NOG,10006,836,209.0,429056,229376,836,8.16573715209961,50,0.1,4.0,0.3,y_bar,0.707197904586792,0.010210511274635792,0.7071826457977295,0.008352523669600487,0.707197904586792,0.010210511274635792,0.012509426102042198,4.0,0.3,M4_eta0.3
NOG,10006,900,225.0,461824,245760,900,8.735383749008179,50,0.1,4.0,0.3,y_bar,0.7072402238845825,0.008898231200873852,0.7072963118553162,0.007187706883996725,0.7072402238845825,0.008898231200873852,0.013170696794986725,4.0,0.3,M4_eta0.3
NOG,10006,960,240.0,492544,262144,960,9.302917003631592,50,0.1,4.0,0.3,y_bar,0.7069776058197021,0.009128561243414879,0.7069673538208008,0.007849548012018204,0.7069776058197021,0.009128561243414879,0.01395424921065569,4.0,0.3,M4_eta0.3
NOG,10006,4,1.0,3072,16384,4,0.15357565879821777,50,0.1,4.0,0.5,y_bar,0.7227005362510681,0.01109268143773079,0.7227349877357483,0.011371036991477013,0.7227005362510681,0.01109268143773079,0.016116339713335037,4.0,0.5,M4_eta0.5
NOG,10006,68,17.0,35840,32768,68,0.7542891502380371,50,0.1,4.0,0.5,y_bar,0.7203158736228943,0.008244640193879604,0.720247209072113,0.008136129006743431,0.7203158736228943,0.008244640193879604,0.013516717590391636,4.0,0.5,M4_eta0.5
NOG,10006,132,33.0,68608,49152,132,1.3600046634674072,50,0.1,4.0,0.5,y_bar,0.7181974649429321,0.008911780081689358,0.7181291580200195,0.00913225393742323,0.7181974649429321,0.008911780081689358,0.013493100181221962,4.0,0.5,M4_eta0.5
NOG,10006,196,49.0,101376,65536,196,1.988030195236206,50,0.1,4.0,0.5,y_bar,0.7156782150268555,0.008396574296057224,0.7155951261520386,0.008848531171679497,0.7156782150268555,0.008396574296057224,0.013879947364330292,4.0,0.5,M4_eta0.5
NOG,10006,260,65.0,134144,81920,260,2.6037724018096924,50,0.1,4.0,0.5,y_bar,0.7139682769775391,0.008296039886772633,0.713919997215271,0.009302325546741486,0.7139682769775391,0.008296039886772633,0.013096739538013935,4.0,0.5,M4_eta0.5
NOG,10006,324,81.0,166912,98304,324,3.2700629234313965,50,0.1,4.0,0.5,y_bar,0.7125975489616394,0.007279407698661089,0.7125484347343445,0.009195100516080856,0.7125975489616394,0.007279407698661089,0.014612962491810322,4.0,0.5,M4_eta0.5
NOG,10006,388,97.0,199680,114688,388,3.7830207347869873,50,0.1,4.0,0.5,y_bar,0.7116254568099976,0.008529097773134708,0.7116508483886719,0.008375805802643299,0.7116254568099976,0.008529097773134708,0.0135511988773942,4.0,0.5,M4_eta0.5
NOG,10006,452,113.0,232448,131072,452,4.449920415878296,50,0.1,4.0,0.5,y_bar,0.7106910347938538,0.007634173147380352,0.710686206817627,0.008734017610549927,0.7106910347938538,0.007634173147380352,0.014798547141253948,4.0,0.5,M4_eta0.5
NOG,10006,516,129.0,265216,147456,516,5.092625856399536,50,0.1,4.0,0.5,y_bar,0.7099500298500061,0.0071045951917767525,0.7099514007568359,0.008817643858492374,0.7099500298500061,0.0071045951917767525,0.012683425098657608,4.0,0.5,M4_eta0.5
NOG,10006,580,145.0,297984,163840,580,5.695539474487305,50,0.1,4.0,0.5,y_bar,0.7094171643257141,0.007935256697237492,0.70942622423172,0.009529752656817436,0.7094171643257141,0.007935256697237492,0.015946723520755768,4.0,0.5,M4_eta0.5
NOG,10006,644,161.0,330752,180224,644,6.3200037479400635,50,0.1,4.0,0.5,y_bar,0.7092543840408325,0.009300746023654938,0.7092946171760559,0.007293792441487312,0.7092543840408325,0.009300746023654938,0.013463624753057957,4.0,0.5,M4_eta0.5
NOG,10006,708,177.0,363520,196608,708,6.986790418624878,50,0.1,4.0,0.5,y_bar,0.7087922692298889,0.007925535552203655,0.7087993621826172,0.007475432939827442,0.7087922692298889,0.007925535552203655,0.015035636723041534,4.0,0.5,M4_eta0.5
NOG,10006,772,193.0,396288,212992,772,7.58318018913269,50,0.1,4.0,0.5,y_bar,0.7085568904876709,0.007868116721510887,0.7085791230201721,0.007443203125149012,0.7085568904876709,0.007868116721510887,0.014790688641369343,4.0,0.5,M4_eta0.5
NOG,10006,836,209.0,429056,229376,836,8.263453006744385,50,0.1,4.0,0.5,y_bar,0.7079566717147827,0.008107722736895084,0.7079373002052307,0.006647628732025623,0.7079566717147827,0.008107722736895084,0.013111705891788006,4.0,0.5,M4_eta0.5
NOG,10006,900,225.0,461824,245760,900,8.861366033554077,50,0.1,4.0,0.5,y_bar,0.7074149250984192,0.008227142505347729,0.7074195742607117,0.007871625944972038,0.7074149250984192,0.008227142505347729,0.013644499704241753,4.0,0.5,M4_eta0.5
NOG,10006,960,240.0,492544,262144,960,9.425840139389038,50,0.1,4.0,0.5,y_bar,0.7070566415786743,0.007269848138093948,0.7070340514183044,0.007264405954629183,0.7070566415786743,0.007269848138093948,0.014830959029495716,4.0,0.5,M4_eta0.5
NOG,10006,8,1.0,5120,16384,8,0.19821524620056152,50,0.1,8.0,0.1,y_bar,0.7226083278656006,0.01270641665905714,0.7226009964942932,0.009809811599552631,0.7226083278656006,0.01270641665905714,0.013249872252345085,8.0,0.1,M8_eta0.1
NOG,10006,72,9.0,37888,32768,72,0.8294732570648193,50,0.1,8.0,0.1,y_bar,0.7203585505485535,0.008425646461546421,0.7202251553535461,0.0075937295332551,0.7203585505485535,0.008425646461546421,0.010272904299199581,8.0,0.1,M8_eta0.1
NOG,10006,136,17.0,70656,49152,136,1.5021140575408936,50,0.1,8.0,0.1,y_bar,0.7181538343429565,0.007800450082868338,0.7180328965187073,0.008974164724349976,0.7181538343429565,0.007800450082868338,0.01193960104137659,8.0,0.1,M8_eta0.1
NOG,10006,200,25.0,103424,65536,200,2.1049351692199707,50,0.1,8.0,0.1,y_bar,0.7157642245292664,0.0085469214245677,0.7156089544296265,0.009151835925877094,0.7157642245292664,0.0085469214245677,0.010309437289834023,8.0,0.1,M8_eta0.1
NOG,10006,264,33.0,136192,81920,264,2.702322483062744,50,0.1,8.0,0.1,y_bar,0.7139183282852173,0.009869612753391266,0.7138375639915466,0.0081124072894454,0.7139183282852173,0.009869612753391266,0.009005497209727764,8.0,0.1,M8_eta0.1
NOG,10006,328,41.0,168960,98304,328,3.321742534637451,50,0.1,8.0,0.1,y_bar,0.7126153707504272,0.007974041625857353,0.712539792060852,0.007853646762669086,0.7126153707504272,0.007974041625857353,0.009977529756724834,8.0,0.1,M8_eta0.1
NOG,10006,392,49.0,201728,114688,392,3.962035894393921,50,0.1,8.0,0.1,y_bar,0.7115005254745483,0.008806655183434486,0.7114499807357788,0.009066035971045494,0.7115005254745483,0.008806655183434486,0.009142176248133183,8.0,0.1,M8_eta0.1
NOG,10006,456,57.0,234496,131072,456,4.614225149154663,50,0.1,8.0,0.1,y_bar,0.7103679776191711,0.008443097583949566,0.7102746367454529,0.007780832704156637,0.7103679776191711,0.008443097583949566,0.010887461714446545,8.0,0.1,M8_eta0.1
NOG,10006,520,65.0,267264,147456,520,5.302517890930176,50,0.1,8.0,0.1,y_bar,0.7096448540687561,0.007763864006847143,0.7096582651138306,0.008410877548158169,0.7096448540687561,0.007763864006847143,0.008505064062774181,8.0,0.1,M8_eta0.1
NOG,10006,584,73.0,300032,163840,584,5.940311431884766,50,0.1,8.0,0.1,y_bar,0.7092190980911255,0.009200302883982658,0.7091792225837708,0.007416366599500179,0.7092190980911255,0.009200302883982658,0.011156382039189339,8.0,0.1,M8_eta0.1
NOG,10006,648,81.0,332800,180224,648,6.541813135147095,50,0.1,8.0,0.1,y_bar,0.7089616060256958,0.008703838102519512,0.7090073823928833,0.009600979276001453,0.7089616060256958,0.008703838102519512,0.00995954405516386,8.0,0.1,M8_eta0.1
NOG,10006,712,89.0,365568,196608,712,7.18930196762085,50,0.1,8.0,0.1,y_bar,0.7090216279029846,0.007930909283459187,0.7090010046958923,0.008085056208074093,0.7090216279029846,0.007930909283459187,0.008892128244042397,8.0,0.1,M8_eta0.1
NOG,10006,776,97.0,398336,212992,776,7.767724514007568,50,0.1,8.0,0.1,y_bar,0.708869457244873,0.007995500229299068,0.7088347673416138,0.008400368504226208,0.708869457244873,0.007995500229299068,0.011428196914494038,8.0,0.1,M8_eta0.1
NOG,10006,840,105.0,431104,229376,840,8.407320737838745,50,0.1,8.0,0.1,y_bar,0.7085510492324829,0.008422069251537323,0.7084888219833374,0.006545834243297577,0.7085510492324829,0.008422069251537323,0.011352524161338806,8.0,0.1,M8_eta0.1
NOG,10006,904,113.0,463872,245760,904,9.034145832061768,50,0.1,8.0,0.1,y_bar,0.7078715562820435,0.008536962792277336,0.7078818082809448,0.008854025974869728,0.7078715562820435,0.008536962792277336,0.008516448549926281,8.0,0.1,M8_eta0.1
NOG,10006,960,120.0,492544,262144,960,9.544017791748047,50,0.1,8.0,0.1,y_bar,0.7072127461433411,0.00817870069295168,0.7071943283081055,0.009005757048726082,0.7072127461433411,0.00817870069295168,0.007890800945460796,8.0,0.1,M8_eta0.1
NOG,10006,8,1.0,5120,16384,8,0.22445893287658691,50,0.1,8.0,0.2,y_bar,0.7226239442825317,0.012522093020379543,0.7225968837738037,0.009645783342421055,0.7226239442825317,0.012522093020379543,0.012925893068313599,8.0,0.2,M8_eta0.2
NOG,10006,72,9.0,37888,32768,72,0.8002064228057861,50,0.1,8.0,0.2,y_bar,0.7208513617515564,0.00899568572640419,0.7207345962524414,0.0071865711361169815,0.7208513617515564,0.00899568572640419,0.010604767128825188,8.0,0.2,M8_eta0.2
NOG,10006,136,17.0,70656,49152,136,1.4526417255401611,50,0.1,8.0,0.2,y_bar,0.7196425199508667,0.007827123627066612,0.7195349335670471,0.008674913085997105,0.7196425199508667,0.007827123627066612,0.010930347256362438,8.0,0.2,M8_eta0.2
NOG,10006,200,25.0,103424,65536,200,2.079683303833008,50,0.1,8.0,0.2,y_bar,0.7180958986282349,0.00810838770121336,0.7180034518241882,0.00822371430695057,0.7180958986282349,0.00810838770121336,0.009821786545217037,8.0,0.2,M8_eta0.2
NOG,10006,264,33.0,136192,81920,264,2.7471907138824463,50,0.1,8.0,0.2,y_bar,0.7167187929153442,0.009438825771212578,0.7166014313697815,0.00788668729364872,0.7167187929153442,0.009438825771212578,0.009555239230394363,8.0,0.2,M8_eta0.2
NOG,10006,328,41.0,168960,98304,328,3.3223021030426025,50,0.1,8.0,0.2,y_bar,0.7154218554496765,0.009400651790201664,0.7153374552726746,0.0073612588457763195,0.7154218554496765,0.009400651790201664,0.009961318224668503,8.0,0.2,M8_eta0.2
NOG,10006,392,49.0,201728,114688,392,3.836015224456787,50,0.1,8.0,0.2,y_bar,0.714371383190155,0.008228813298046589,0.7143223881721497,0.008441389538347721,0.714371383190155,0.008228813298046589,0.009450811892747879,8.0,0.2,M8_eta0.2
NOG,10006,456,57.0,234496,131072,456,4.545579671859741,50,0.1,8.0,0.2,y_bar,0.7131896615028381,0.00875620823353529,0.7130917310714722,0.008411778137087822,0.7131896615028381,0.00875620823353529,0.011800777167081833,8.0,0.2,M8_eta0.2
NOG,10006,520,65.0,267264,147456,520,5.16522216796875,50,0.1,8.0,0.2,y_bar,0.7121771574020386,0.007622344419360161,0.7121229767799377,0.007605894468724728,0.7121771574020386,0.007622344419360161,0.00981326773762703,8.0,0.2,M8_eta0.2
NOG,10006,584,73.0,300032,163840,584,5.773872137069702,50,0.1,8.0,0.2,y_bar,0.7115741968154907,0.008267863653600216,0.7115554213523865,0.008224493823945522,0.7115741968154907,0.008267863653600216,0.010989397764205933,8.0,0.2,M8_eta0.2
NOG,10006,648,81.0,332800,180224,648,6.395967721939087,50,0.1,8.0,0.2,y_bar,0.7112069725990295,0.00813643354922533,0.7111499905586243,0.007893881760537624,0.7112069725990295,0.00813643354922533,0.009892342612147331,8.0,0.2,M8_eta0.2
NOG,10006,712,89.0,365568,196608,712,7.035999298095703,50,0.1,8.0,0.2,y_bar,0.7108302116394043,0.007651591207832098,0.7108284831047058,0.007761192042380571,0.7108302116394043,0.007651591207832098,0.009196213446557522,8.0,0.2,M8_eta0.2
NOG,10006,776,97.0,398336,212992,776,7.581945180892944,50,0.1,8.0,0.2,y_bar,0.7103605270385742,0.006834105588495731,0.7103654146194458,0.007977550849318504,0.7103605270385742,0.006834105588495731,0.010336942970752716,8.0,0.2,M8_eta0.2
NOG,10006,840,105.0,431104,229376,840,8.172857999801636,50,0.1,8.0,0.2,y_bar,0.7103082537651062,0.00693674897775054,0.7102890014648438,0.007467490155249834,0.7103082537651062,0.00693674897775054,0.009507406502962112,8.0,0.2,M8_eta0.2
NOG,10006,904,113.0,463872,245760,904,8.744332790374756,50,0.1,8.0,0.2,y_bar,0.710114061832428,0.007913332432508469,0.7101080417633057,0.007787084672600031,0.710114061832428,0.007913332432508469,0.01100236363708973,8.0,0.2,M8_eta0.2
NOG,10006,960,120.0,492544,262144,960,9.379024982452393,50,0.1,8.0,0.2,y_bar,0.7098442912101746,0.008036228828132153,0.7098619341850281,0.007286783307790756,0.7098442912101746,0.008036228828132153,0.009571047499775887,8.0,0.2,M8_eta0.2
NOG,10006,8,1.0,5120,16384,8,0.20527911186218262,50,0.1,8.0,0.3,y_bar,0.7226166725158691,0.012558845803141594,0.7225732803344727,0.009715157561004162,0.7226166725158691,0.012558845803141594,0.013111534528434277,8.0,0.3,M8_eta0.3
NOG,10006,72,9.0,37888,32768,72,0.7404029369354248,50,0.1,8.0,0.3,y_bar,0.7214537262916565,0.008914423175156116,0.7213626503944397,0.007438589818775654,0.7214537262916565,0.008914423175156116,0.010838082991540432,8.0,0.3,M8_eta0.3
NOG,10006,136,17.0,70656,49152,136,1.3103079795837402,50,0.1,8.0,0.3,y_bar,0.720553457736969,0.007737802341580391,0.7205097079277039,0.008454345166683197,0.720553457736969,0.007737802341580391,0.011429033242166042,8.0,0.3,M8_eta0.3
NOG,10006,200,25.0,103424,65536,200,1.8692688941955566,50,0.1,8.0,0.3,y_bar,0.7196030616760254,0.0076666539534926414,0.7195488810539246,0.008075675927102566,0.7196030616760254,0.0076666539534926414,0.009485709480941296,8.0,0.3,M8_eta0.3
NOG,10006,264,33.0,136192,81920,264,2.5061559677124023,50,0.1,8.0,0.3,y_bar,0.7189810872077942,0.00846366211771965,0.7189385890960693,0.006955448538064957,0.7189810872077942,0.00846366211771965,0.009101981297135353,8.0,0.3,M8_eta0.3
NOG,10006,328,41.0,168960,98304,328,3.149958372116089,50,0.1,8.0,0.3,y_bar,0.7182115316390991,0.00913993176072836,0.7181549668312073,0.00745707843452692,0.7182115316390991,0.00913993176072836,0.01077271532267332,8.0,0.3,M8_eta0.3
NOG,10006,392,49.0,201728,114688,392,3.76850962638855,50,0.1,8.0,0.3,y_bar,0.717272162437439,0.009023470804095268,0.7172266840934753,0.00868482980877161,0.717272162437439,0.009023470804095268,0.009484325535595417,8.0,0.3,M8_eta0.3
NOG,10006,456,57.0,234496,131072,456,4.3862528800964355,50,0.1,8.0,0.3,y_bar,0.7162362933158875,0.008932591415941715,0.7161316871643066,0.00807569082826376,0.7162362933158875,0.008932591415941715,0.012857653200626373,8.0,0.3,M8_eta0.3
NOG,10006,520,65.0,267264,147456,520,5.010111570358276,50,0.1,8.0,0.3,y_bar,0.7153960466384888,0.007231086026877165,0.7153750658035278,0.008126383647322655,0.7153960466384888,0.007231086026877165,0.009818094782531261,8.0,0.3,M8_eta0.3
NOG,10006,584,73.0,300032,163840,584,5.659247398376465,50,0.1,8.0,0.3,y_bar,0.7148699164390564,0.0077746170572936535,0.7148264646530151,0.008019911125302315,0.7148699164390564,0.0077746170572936535,0.009691400453448296,8.0,0.3,M8_eta0.3
NOG,10006,648,81.0,332800,180224,648,6.294782400131226,50,0.1,8.0,0.3,y_bar,0.714301347732544,0.0077943354845047,0.7142674326896667,0.008220590651035309,0.714301347732544,0.0077943354845047,0.010339156724512577,8.0,0.3,M8_eta0.3
NOG,10006,712,89.0,365568,196608,712,6.897268772125244,50,0.1,8.0,0.3,y_bar,0.7136561274528503,0.007997334003448486,0.7136117219924927,0.007648484315723181,0.7136561274528503,0.007997334003448486,0.010124150663614273,8.0,0.3,M8_eta0.3
NOG,10006,776,97.0,398336,212992,776,7.520085334777832,50,0.1,8.0,0.3,y_bar,0.712855339050293,0.008810861967504025,0.7128415107727051,0.009155994281172752,0.712855339050293,0.008810861967504025,0.009375759400427341,8.0,0.3,M8_eta0.3
NOG,10006,840,105.0,431104,229376,840,8.118778228759766,50,0.1,8.0,0.3,y_bar,0.7124320268630981,0.0077664912678301334,0.7123927474021912,0.00784708745777607,0.7124320268630981,0.0077664912678301334,0.00967899989336729,8.0,0.3,M8_eta0.3
NOG,10006,904,113.0,463872,245760,904,8.752084732055664,50,0.1,8.0,0.3,y_bar,0.7120480537414551,0.007639812771230936,0.7120288014411926,0.007871612906455994,0.7120480537414551,0.007639812771230936,0.009957286529242992,8.0,0.3,M8_eta0.3
NOG,10006,960,120.0,492544,262144,960,9.278899431228638,50,0.1,8.0,0.3,y_bar,0.7116503119468689,0.007801185827702284,0.7116163372993469,0.005624511279165745,0.7116503119468689,0.007801185827702284,0.01056747604161501,8.0,0.3,M8_eta0.3
NOG,10006,8,1.0,5120,16384,8,0.2014772891998291,50,0.1,8.0,0.5,y_bar,0.7226022481918335,0.012670496478676796,0.7225610613822937,0.010112421587109566,0.7226022481918335,0.012670496478676796,0.01319164875894785,8.0,0.5,M8_eta0.5
NOG,10006,72,9.0,37888,32768,72,0.9048795700073242,50,0.1,8.0,0.5,y_bar,0.7219404578208923,0.008634353056550026,0.7218884229660034,0.0071431491523981094,0.7219404578208923,0.008634353056550026,0.010613592341542244,8.0,0.5,M8_eta0.5
NOG,10006,136,17.0,70656,49152,136,1.5963499546051025,50,0.1,8.0,0.5,y_bar,0.7213252186775208,0.008474578149616718,0.7212826013565063,0.008065410889685154,0.7213252186775208,0.008474578149616718,0.01106004137545824,8.0,0.5,M8_eta0.5
NOG,10006,200,25.0,103424,65536,200,2.272880792617798,50,0.1,8.0,0.5,y_bar,0.7206324338912964,0.007532030809670687,0.7205797433853149,0.00863554421812296,0.7206324338912964,0.007532030809670687,0.010222427546977997,8.0,0.5,M8_eta0.5
NOG,10006,264,33.0,136192,81920,264,2.951117992401123,50,0.1,8.0,0.5,y_bar,0.7202979922294617,0.00779662374407053,0.7202627062797546,0.00731683848425746,0.7202979922294617,0.00779662374407053,0.009198049083352089,8.0,0.5,M8_eta0.5
NOG,10006,328,41.0,168960,98304,328,3.522321939468384,50,0.1,8.0,0.5,y_bar,0.7198930382728577,0.008642211556434631,0.719865620136261,0.006293255835771561,0.7198930382728577,0.008642211556434631,0.010283324867486954,8.0,0.5,M8_eta0.5
NOG,10006,392,49.0,201728,114688,392,4.220291376113892,50,0.1,8.0,0.5,y_bar,0.7194444537162781,0.007001243997365236,0.7194394469261169,0.007641936186701059,0.7194444537162781,0.007001243997365236,0.00904732197523117,8.0,0.5,M8_eta0.5
NOG,10006,456,57.0,234496,131072,456,4.809044122695923,50,0.1,8.0,0.5,y_bar,0.7188888788223267,0.008163596503436565,0.7188513875007629,0.007949644699692726,0.7188888788223267,0.008163596503436565,0.011864864267408848,8.0,0.5,M8_eta0.5
NOG,10006,520,65.0,267264,147456,520,5.4735753536224365,50,0.1,8.0,0.5,y_bar,0.7184146642684937,0.007562227547168732,0.718366265296936,0.008133399300277233,0.7184146642684937,0.007562227547168732,0.010273702442646027,8.0,0.5,M8_eta0.5
NOG,10006,584,73.0,300032,163840,584,6.072346448898315,50,0.1,8.0,0.5,y_bar,0.7178318500518799,0.007895607501268387,0.7177952527999878,0.007228020578622818,0.7178318500518799,0.007895607501268387,0.009953447617590427,8.0,0.5,M8_eta0.5
NOG,10006,648,81.0,332800,180224,648,6.680802345275879,50,0.1,8.0,0.5,y_bar,0.7173382639884949,0.008129758760333061,0.7173054814338684,0.007774951867759228,0.7173382639884949,0.008129758760333061,0.010930323973298073,8.0,0.5,M8_eta0.5
NOG,10006,712,89.0,365568,196608,712,7.290611982345581,50,0.1,8.0,0.5,y_bar,0.7168987989425659,0.008411876857280731,0.7168501019477844,0.00765450531616807,0.7168987989425659,0.008411876857280731,0.010151874274015427,8.0,0.5,M8_eta0.5
NOG,10006,776,97.0,398336,212992,776,7.942391872406006,50,0.1,8.0,0.5,y_bar,0.7163417339324951,0.008392507210373878,0.7163490653038025,0.008594084531068802,0.7163417339324951,0.008392507210373878,0.00959859974682331,8.0,0.5,M8_eta0.5
NOG,10006,840,105.0,431104,229376,840,8.647165060043335,50,0.1,8.0,0.5,y_bar,0.7159626483917236,0.00831373780965805,0.7159038186073303,0.007465607952326536,0.7159626483917236,0.00831373780965805,0.009673898108303547,8.0,0.5,M8_eta0.5
NOG,10006,904,113.0,463872,245760,904,9.216901063919067,50,0.1,8.0,0.5,y_bar,0.7155138850212097,0.007725200615823269,0.7154825925827026,0.006562491413205862,0.7155138850212097,0.007725200615823269,0.010305267758667469,8.0,0.5,M8_eta0.5
NOG,10006,960,120.0,492544,262144,960,9.774024486541748,50,0.1,8.0,0.5,y_bar,0.7150781154632568,0.008862074464559555,0.7150253057479858,0.006609064526855946,0.7150781154632568,0.008862074464559555,0.010412020608782768,8.0,0.5,M8_eta0.5
NOG,10006,12,1.0,7168,16384,12,0.21142053604125977,50,0.1,12.0,0.1,y_bar,0.7225946187973022,0.010265308432281017,0.7225548028945923,0.010574962012469769,0.7225946187973022,0.010265308432281017,0.012497767806053162,12.0,0.1,M12_eta0.1
NOG,10006,84,7.0,44032,32768,84,0.8981406688690186,50,0.1,12.0,0.1,y_bar,0.7209851145744324,0.008140859194099903,0.7208290100097656,0.008445712737739086,0.7209851145744324,0.008140859194099903,0.009202612563967705,12.0,0.1,M12_eta0.1
NOG,10006,156,13.0,80896,49152,156,1.5823554992675781,50,0.1,12.0,0.1,y_bar,0.7196775078773499,0.00801695417612791,0.7195754051208496,0.008908558636903763,0.7196775078773499,0.00801695417612791,0.009052889421582222,12.0,0.1,M12_eta0.1
NOG,10006,228,19.0,117760,65536,228,2.268885612487793,50,0.1,12.0,0.1,y_bar,0.71824711561203,0.008043041452765465,0.7181559205055237,0.008054744452238083,0.71824711561203,0.008043041452765465,0.008969507180154324,12.0,0.1,M12_eta0.1
NOG,10006,300,25.0,154624,81920,300,2.99934458732605,50,0.1,12.0,0.1,y_bar,0.7169152498245239,0.008087758906185627,0.7168110013008118,0.009420666843652725,0.7169152498245239,0.008087758906185627,0.008327902294695377,12.0,0.1,M12_eta0.1
NOG,10006,372,31.0,191488,98304,372,3.743515729904175,50,0.1,12.0,0.1,y_bar,0.7154768705368042,0.00883546844124794,0.715381920337677,0.0067022088915109634,0.7154768705368042,0.00883546844124794,0.008124379441142082,12.0,0.1,M12_eta0.1
NOG,10006,444,37.0,228352,114688,444,4.446951389312744,50,0.1,12.0,0.1,y_bar,0.7145830988883972,0.008130989968776703,0.7144790887832642,0.007283302955329418,0.7145830988883972,0.008130989968776703,0.009487586095929146,12.0,0.1,M12_eta0.1
NOG,10006,516,43.0,265216,131072,516,5.215224742889404,50,0.1,12.0,0.1,y_bar,0.7131816148757935,0.006639075931161642,0.7130914926528931,0.007196583319455385,0.7131816148757935,0.006639075931161642,0.009255994111299515,12.0,0.1,M12_eta0.1
NOG,10006,588,49.0,302080,147456,588,5.893436670303345,50,0.1,12.0,0.1,y_bar,0.7122374176979065,0.0070617650635540485,0.7121904492378235,0.007845127955079079,0.7122374176979065,0.0070617650635540485,0.0072183976881206036,12.0,0.1,M12_eta0.1
NOG,10006,660,55.0,338944,163840,660,6.664523124694824,50,0.1,12.0,0.1,y_bar,0.711649477481842,0.005354506429284811,0.7116524577140808,0.007105585187673569,0.711649477481842,0.005354506429284811,0.00808113906532526,12.0,0.1,M12_eta0.1
NOG,10006,732,61.0,375808,180224,732,7.29553484916687,50,0.1,12.0,0.1,y_bar,0.7111207246780396,0.008187387138605118,0.7110506892204285,0.00775105832144618,0.7111207246780396,0.008187387138605118,0.009156759828329086,12.0,0.1,M12_eta0.1
NOG,10006,804,67.0,412672,196608,804,8.046410083770752,50,0.1,12.0,0.1,y_bar,0.7106317281723022,0.007154056802392006,0.7106569409370422,0.007688365411013365,0.7106317281723022,0.007154056802392006,0.008261121809482574,12.0,0.1,M12_eta0.1
NOG,10006,876,73.0,449536,212992,876,8.76405930519104,50,0.1,12.0,0.1,y_bar,0.710595428943634,0.007451434154063463,0.7105762958526611,0.0056998832151293755,0.710595428943634,0.007451434154063463,0.007018007338047028,12.0,0.1,M12_eta0.1
NOG,10006,948,79.0,486400,229376,948,9.509964942932129,50,0.1,12.0,0.1,y_bar,0.7102167010307312,0.007306413259357214,0.7101486325263977,0.008298319764435291,0.7102167010307312,0.007306413259357214,0.007084423676133156,12.0,0.1,M12_eta0.1
NOG,10006,960,80.0,492544,245760,960,9.752288103103638,50,0.1,12.0,0.1,y_bar,0.7101024389266968,0.006713906303048134,0.7100862264633179,0.00582492770627141,0.7101024389266968,0.006713906303048134,0.007492177188396454,12.0,0.1,M12_eta0.1
NOG,10006,12,1.0,7168,16384,12,0.20885396003723145,50,0.1,12.0,0.2,y_bar,0.7225820422172546,0.01032835990190506,0.7225255966186523,0.010757398791611195,0.7225820422172546,0.01032835990190506,0.012581749819219112,12.0,0.2,M12_eta0.2
NOG,10006,84,7.0,44032,32768,84,0.8370211124420166,50,0.1,12.0,0.2,y_bar,0.7216756939888,0.008577730506658554,0.7215913534164429,0.00827169232070446,0.7216756939888,0.008577730506658554,0.00936429388821125,12.0,0.2,M12_eta0.2
NOG,10006,156,13.0,80896,49152,156,1.4870007038116455,50,0.1,12.0,0.2,y_bar,0.7208947539329529,0.00807375367730856,0.7208210229873657,0.008476155810058117,0.7208947539329529,0.00807375367730856,0.00935391429811716,12.0,0.2,M12_eta0.2
NOG,10006,228,19.0,117760,65536,228,2.1787428855895996,50,0.1,12.0,0.2,y_bar,0.7201897501945496,0.007704191841185093,0.7201862931251526,0.006899929605424404,0.7201897501945496,0.007704191841185093,0.00818206463009119,12.0,0.2,M12_eta0.2
NOG,10006,300,25.0,154624,81920,300,2.8522236347198486,50,0.1,12.0,0.2,y_bar,0.7197234630584717,0.008435721509158611,0.7197058796882629,0.008290315978229046,0.7197234630584717,0.008435721509158611,0.007688247133046389,12.0,0.2,M12_eta0.2
NOG,10006,372,31.0,191488,98304,372,3.538656711578369,50,0.1,12.0,0.2,y_bar,0.7191284894943237,0.008548005484044552,0.7190969586372375,0.007648027036339045,0.7191284894943237,0.008548005484044552,0.007909582927823067,12.0,0.2,M12_eta0.2
NOG,10006,444,37.0,228352,114688,444,4.173035621643066,50,0.1,12.0,0.2,y_bar,0.7185513973236084,0.007547994609922171,0.718492329120636,0.007709845434874296,0.7185513973236084,0.007547994609922171,0.008542120456695557,12.0,0.2,M12_eta0.2
NOG,10006,516,43.0,265216,131072,516,4.852588891983032,50,0.1,12.0,0.2,y_bar,0.7177108526229858,0.00716026546433568,0.7176648378372192,0.008585075847804546,0.7177108526229858,0.00716026546433568,0.008246791549026966,12.0,0.2,M12_eta0.2
NOG,10006,588,49.0,302080,147456,588,5.536407470703125,50,0.1,12.0,0.2,y_bar,0.7170189619064331,0.006844146642833948,0.7169647216796875,0.008613517507910728,0.7170189619064331,0.006844146642833948,0.009375183843076229,12.0,0.2,M12_eta0.2
NOG,10006,660,55.0,338944,163840,660,6.228120803833008,50,0.1,12.0,0.2,y_bar,0.7161645889282227,0.0076636336743831635,0.7161162495613098,0.008248988538980484,0.7161645889282227,0.0076636336743831635,0.009405381977558136,12.0,0.2,M12_eta0.2
NOG,10006,732,61.0,375808,180224,732,6.926434755325317,50,0.1,12.0,0.2,y_bar,0.7154107093811035,0.007855705916881561,0.7153711915016174,0.007853768765926361,0.7154107093811035,0.007855705916881561,0.00949152372777462,12.0,0.2,M12_eta0.2
NOG,10006,804,67.0,412672,196608,804,7.642199993133545,50,0.1,12.0,0.2,y_bar,0.7149993181228638,0.007537818048149347,0.7149734497070312,0.009142897091805935,0.7149993181228638,0.007537818048149347,0.009147628210484982,12.0,0.2,M12_eta0.2
NOG,10006,876,73.0,449536,212992,876,8.425102472305298,50,0.1,12.0,0.2,y_bar,0.714603066444397,0.007966355420649052,0.7145641446113586,0.005211242940276861,0.714603066444397,0.007966355420649052,0.007810804061591625,12.0,0.2,M12_eta0.2
NOG,10006,948,79.0,486400,229376,948,9.185606241226196,50,0.1,12.0,0.2,y_bar,0.7142464518547058,0.006229985971003771,0.7141868472099304,0.008578178472816944,0.7142464518547058,0.006229985971003771,0.007330479100346565,12.0,0.2,M12_eta0.2
NOG,10006,960,80.0,492544,245760,960,9.40074634552002,50,0.1,12.0,0.2,y_bar,0.7141529321670532,0.006705165840685368,0.7141172289848328,0.00668727234005928,0.7141529321670532,0.006705165840685368,0.007910693064332008,12.0,0.2,M12_eta0.2
NOG,10006,12,1.0,7168,16384,12,0.19391965866088867,50,0.1,12.0,0.3,y_bar,0.7225785255432129,0.01043675746768713,0.7225401401519775,0.011016362346708775,0.7225785255432129,0.01043675746768713,0.012762597762048244,12.0,0.3,M12_eta0.3
NOG,10006,84,7.0,44032,32768,84,0.8521561622619629,50,0.1,12.0,0.3,y_bar,0.7219906449317932,0.008623718284070492,0.7219436168670654,0.008264631032943726,0.7219906449317932,0.008623718284070492,0.009078798815608025,12.0,0.3,M12_eta0.3
NOG,10006,156,13.0,80896,49152,156,1.5140526294708252,50,0.1,12.0,0.3,y_bar,0.7214949131011963,0.008000022731721401,0.7214499115943909,0.00828339159488678,0.7214949131011963,0.008000022731721401,0.00918993167579174,12.0,0.3,M12_eta0.3
NOG,10006,228,19.0,117760,65536,228,2.1770076751708984,50,0.1,12.0,0.3,y_bar,0.7209478616714478,0.00765318563207984,0.7209248542785645,0.007802994456142187,0.7209478616714478,0.00765318563207984,0.008547364734113216,12.0,0.3,M12_eta0.3
NOG,10006,300,25.0,154624,81920,300,2.82450795173645,50,0.1,12.0,0.3,y_bar,0.7206014394760132,0.008810731582343578,0.7205821871757507,0.008714928291738033,0.7206014394760132,0.008810731582343578,0.008235577493906021,12.0,0.3,M12_eta0.3
NOG,10006,372,31.0,191488,98304,372,3.573169708251953,50,0.1,12.0,0.3,y_bar,0.7201933860778809,0.00819197203963995,0.7201834321022034,0.007383266929537058,0.7201933860778809,0.00819197203963995,0.00788973830640316,12.0,0.3,M12_eta0.3
NOG,10006,444,37.0,228352,114688,444,4.3273797035217285,50,0.1,12.0,0.3,y_bar,0.719871997833252,0.0076928106136620045,0.7198562026023865,0.0072251735255122185,0.719871997833252,0.0076928106136620045,0.007354839704930782,12.0,0.3,M12_eta0.3
NOG,10006,516,43.0,265216,131072,516,4.9281392097473145,50,0.1,12.0,0.3,y_bar,0.719404399394989,0.007217876613140106,0.7193751335144043,0.008286802098155022,0.719404399394989,0.007217876613140106,0.008515648543834686,12.0,0.3,M12_eta0.3
NOG,10006,588,49.0,302080,147456,588,5.618524551391602,50,0.1,12.0,0.3,y_bar,0.7189443707466125,0.006570274475961924,0.7189130783081055,0.00806464347988367,0.7189443707466125,0.006570274475961924,0.009199729189276695,12.0,0.3,M12_eta0.3
NOG,10006,660,55.0,338944,163840,660,6.333965301513672,50,0.1,12.0,0.3,y_bar,0.7185293436050415,0.006793319247663021,0.7185036540031433,0.007590916473418474,0.7185293436050415,0.006793319247663021,0.00890984758734703,12.0,0.3,M12_eta0.3
NOG,10006,732,61.0,375808,180224,732,7.0769243240356445,50,0.1,12.0,0.3,y_bar,0.718123733997345,0.008367492817342281,0.718117892742157,0.00838067103177309,0.718123733997345,0.008367492817342281,0.007962580770254135,12.0,0.3,M12_eta0.3
NOG,10006,804,67.0,412672,196608,804,7.724100828170776,50,0.1,12.0,0.3,y_bar,0.7177558541297913,0.006704291794449091,0.7177292704582214,0.009146871976554394,0.7177558541297913,0.006704291794449091,0.009446226060390472,12.0,0.3,M12_eta0.3
NOG,10006,876,73.0,449536,212992,876,8.462199926376343,50,0.1,12.0,0.3,y_bar,0.7172549366950989,0.007674538530409336,0.7172031402587891,0.007147471886128187,0.7172549366950989,0.007674538530409336,0.00844776351004839,12.0,0.3,M12_eta0.3
NOG,10006,948,79.0,486400,229376,948,9.126630306243896,50,0.1,12.0,0.3,y_bar,0.7168942093849182,0.0070344069972634315,0.7168679237365723,0.008900905959308147,0.7168942093849182,0.0070344069972634315,0.007434983272105455,12.0,0.3,M12_eta0.3
NOG,10006,960,80.0,492544,245760,960,9.30498480796814,50,0.1,12.0,0.3,y_bar,0.7168291807174683,0.00635372381657362,0.7168258428573608,0.007041248958557844,0.7168291807174683,0.00635372381657362,0.008055485785007477,12.0,0.3,M12_eta0.3
NOG,10006,12,1.0,7168,16384,12,0.1777019500732422,50,0.1,12.0,0.5,y_bar,0.7225792407989502,0.010596184991300106,0.7225536108016968,0.011331779882311821,0.7225792407989502,0.010596184991300106,0.012992184609174728,12.0,0.5,M12_eta0.5
NOG,10006,84,7.0,44032,32768,84,0.9109315872192383,50,0.1,12.0,0.5,y_bar,0.7221491932868958,0.009007603861391544,0.7221168279647827,0.008059543557465076,0.7221491932868958,0.009007603861391544,0.009027608670294285,12.0,0.5,M12_eta0.5
NOG,10006,156,13.0,80896,49152,156,1.6105940341949463,50,0.1,12.0,0.5,y_bar,0.721817135810852,0.007901102304458618,0.7217864990234375,0.008424635045230389,0.721817135810852,0.007901102304458618,0.009236784651875496,12.0,0.5,M12_eta0.5
NOG,10006,228,19.0,117760,65536,228,2.3009090423583984,50,0.1,12.0,0.5,y_bar,0.7214226126670837,0.0072273374535143375,0.7214051485061646,0.008420065976679325,0.7214226126670837,0.0072273374535143375,0.008752976544201374,12.0,0.5,M12_eta0.5
NOG,10006,300,25.0,154624,81920,300,2.946748733520508,50,0.1,12.0,0.5,y_bar,0.7211422324180603,0.008675681427121162,0.7211272716522217,0.008608836680650711,0.7211422324180603,0.008675681427121162,0.008285718970000744,12.0,0.5,M12_eta0.5
NOG,10006,372,31.0,191488,98304,372,3.568927049636841,50,0.1,12.0,0.5,y_bar,0.7208125591278076,0.008917711675167084,0.7208064794540405,0.007941526360809803,0.7208125591278076,0.008917711675167084,0.008191619999706745,12.0,0.5,M12_eta0.5
NOG,10006,444,37.0,228352,114688,444,4.258551120758057,50,0.1,12.0,0.5,y_bar,0.7205144166946411,0.008499473333358765,0.7204994559288025,0.007912696339190006,0.7205144166946411,0.008499473333358765,0.007648865692317486,12.0,0.5,M12_eta0.5
NOG,10006,516,43.0,265216,131072,516,4.920618772506714,50,0.1,12.0,0.5,y_bar,0.7201827764511108,0.007456004153937101,0.7201665043830872,0.008517337031662464,0.7201827764511108,0.007456004153937101,0.008475326001644135,12.0,0.5,M12_eta0.5
NOG,10006,588,49.0,302080,147456,588,5.544541597366333,50,0.1,12.0,0.5,y_bar,0.7199341058731079,0.0063230483792722225,0.7199188470840454,0.00793822854757309,0.7199341058731079,0.0063230483792722225,0.009128429926931858,12.0,0.5,M12_eta0.5
NOG,10006,660,55.0,338944,163840,660,6.198060989379883,50,0.1,12.0,0.5,y_bar,0.719624936580658,0.006463289260864258,0.7196043133735657,0.0070403036661446095,0.719624936580658,0.006463289260864258,0.009486740455031395,12.0,0.5,M12_eta0.5
NOG,10006,732,61.0,375808,180224,732,6.901570796966553,50,0.1,12.0,0.5,y_bar,0.7193213105201721,0.007911855354905128,0.7193069458007812,0.007972471415996552,0.7193213105201721,0.007911855354905128,0.007756754755973816,12.0,0.5,M12_eta0.5
NOG,10006,804,67.0,412672,196608,804,7.63722562789917,50,0.1,12.0,0.5,y_bar,0.7190655469894409,0.007180613931268454,0.7190538048744202,0.00888192281126976,0.7190655469894409,0.007180613931268454,0.009352624416351318,12.0,0.5,M12_eta0.5
NOG,10006,876,73.0,449536,212992,876,8.346069574356079,50,0.1,12.0,0.5,y_bar,0.7187637090682983,0.008067285642027855,0.718727707862854,0.006791132967919111,0.7187637090682983,0.008067285642027855,0.008629928342998028,12.0,0.5,M12_eta0.5
NOG,10006,948,79.0,486400,229376,948,9.007543087005615,50,0.1,12.0,0.5,y_bar,0.7185139656066895,0.007922830991446972,0.7185084223747253,0.008556435815989971,0.7185139656066895,0.007922830991446972,0.007531704381108284,12.0,0.5,M12_eta0.5
NOG,10006,960,80.0,492544,245760,960,9.211145401000977,50,0.1,12.0,0.5,y_bar,0.7184764742851257,0.006155791692435741,0.7184776663780212,0.0069722398184239864,0.7184764742851257,0.006155791692435741,0.008537469431757927,12.0,0.5,M12_eta0.5
NOG,10006,16,1.0,9216,16384,16,0.2635512351989746,50,0.1,16.0,0.1,y_bar,0.7225685119628906,0.010553860105574131,0.7224770188331604,0.010513484477996826,0.7225685119628906,0.010553860105574131,0.010856750421226025,16.0,0.1,M16_eta0.1
NOG,10006,80,5.0,41984,32768,80,0.9697935581207275,50,0.1,16.0,0.1,y_bar,0.7216514945030212,0.010230769403278828,0.7215359210968018,0.009471290744841099,0.7216514945030212,0.010230769403278828,0.008759358897805214,16.0,0.1,M16_eta0.1
NOG,10006,144,9.0,74752,49152,144,1.6525535583496094,50,0.1,16.0,0.1,y_bar,0.7208447456359863,0.00800726655870676,0.7207413911819458,0.007237328682094812,0.7208447456359863,0.00800726655870676,0.007689016871154308,16.0,0.1,M16_eta0.1
NOG,10006,208,13.0,107520,65536,208,2.296354293823242,50,0.1,16.0,0.1,y_bar,0.720093846321106,0.006787410471588373,0.7200101017951965,0.008547541685402393,0.720093846321106,0.006787410471588373,0.006790058687329292,16.0,0.1,M16_eta0.1
NOG,10006,272,17.0,140288,81920,272,3.0431220531463623,50,0.1,16.0,0.1,y_bar,0.7195534110069275,0.009260183200240135,0.7194550037384033,0.008093723095953465,0.7195534110069275,0.009260183200240135,0.008428361266851425,16.0,0.1,M16_eta0.1
NOG,10006,336,21.0,173056,98304,336,3.760491132736206,50,0.1,16.0,0.1,y_bar,0.7188876867294312,0.008334950543940067,0.7188165187835693,0.007754437625408173,0.7188876867294312,0.008334950543940067,0.007143924478441477,16.0,0.1,M16_eta0.1
NOG,10006,400,25.0,205824,114688,400,4.443922519683838,50,0.1,16.0,0.1,y_bar,0.7181639671325684,0.007935241796076298,0.7180795669555664,0.009206601418554783,0.7181639671325684,0.007935241796076298,0.006991004105657339,16.0,0.1,M16_eta0.1
NOG,10006,464,29.0,238592,131072,464,5.140525817871094,50,0.1,16.0,0.1,y_bar,0.7173174023628235,0.007444137707352638,0.7172081470489502,0.007519993465393782,0.7173174023628235,0.007444137707352638,0.009197525680065155,16.0,0.1,M16_eta0.1
NOG,10006,528,33.0,271360,147456,528,5.814724445343018,50,0.1,16.0,0.1,y_bar,0.7165409326553345,0.0070786322467029095,0.716439425945282,0.008404443971812725,0.7165409326553345,0.0070786322467029095,0.007569469977170229,16.0,0.1,M16_eta0.1
NOG,10006,592,37.0,304128,163840,592,6.410633087158203,50,0.1,16.0,0.1,y_bar,0.7158637046813965,0.006719702389091253,0.7157890200614929,0.007913065142929554,0.7158637046813965,0.006719702389091253,0.007213888689875603,16.0,0.1,M16_eta0.1
NOG,10006,656,41.0,336896,180224,656,7.101311683654785,50,0.1,16.0,0.1,y_bar,0.7151753306388855,0.007598747033625841,0.7151108980178833,0.008540389128029346,0.7151753306388855,0.007598747033625841,0.008091621100902557,16.0,0.1,M16_eta0.1
NOG,10006,720,45.0,369664,196608,720,7.7940967082977295,50,0.1,16.0,0.1,y_bar,0.7147724032402039,0.008022313006222248,0.7147290110588074,0.007818382233381271,0.7147724032402039,0.008022313006222248,0.006576509214937687,16.0,0.1,M16_eta0.1
NOG,10006,784,49.0,402432,212992,784,8.443233013153076,50,0.1,16.0,0.1,y_bar,0.7141675353050232,0.008125131018459797,0.7140973210334778,0.007718303706496954,0.7141675353050232,0.008125131018459797,0.007700929418206215,16.0,0.1,M16_eta0.1
NOG,10006,848,53.0,435200,229376,848,9.133498191833496,50,0.1,16.0,0.1,y_bar,0.7135043740272522,0.007774910423904657,0.7133968472480774,0.007722366601228714,0.7135043740272522,0.007774910423904657,0.007713356055319309,16.0,0.1,M16_eta0.1
NOG,10006,912,57.0,467968,245760,912,9.848316192626953,50,0.1,16.0,0.1,y_bar,0.7128926515579224,0.009064310230314732,0.7128409147262573,0.010102661326527596,0.7128926515579224,0.009064310230314732,0.008167041465640068,16.0,0.1,M16_eta0.1
NOG,10006,960,60.0,492544,262144,960,10.425604104995728,50,0.1,16.0,0.1,y_bar,0.7124583125114441,0.007847866974771023,0.7123986482620239,0.006713174749165773,0.7124583125114441,0.007847866974771023,0.006573408376425505,16.0,0.1,M16_eta0.1
NOG,10006,16,1.0,9216,16384,16,0.2482471466064453,50,0.1,16.0,0.2,y_bar,0.7225629091262817,0.01096002385020256,0.7225046157836914,0.010847178287804127,0.7225629091262817,0.01096002385020256,0.011137816123664379,16.0,0.2,M16_eta0.2
NOG,10006,80,5.0,41984,32768,80,0.8295352458953857,50,0.1,16.0,0.2,y_bar,0.7221187949180603,0.009832135401666164,0.722058892250061,0.009649336338043213,0.7221187949180603,0.009832135401666164,0.00869641825556755,16.0,0.2,M16_eta0.2
NOG,10006,144,9.0,74752,49152,144,1.4807465076446533,50,0.1,16.0,0.2,y_bar,0.7217488884925842,0.008502913638949394,0.7216914892196655,0.007333881221711636,0.7217488884925842,0.008502913638949394,0.0076026301831007,16.0,0.2,M16_eta0.2
NOG,10006,208,13.0,107520,65536,208,2.114405632019043,50,0.1,16.0,0.2,y_bar,0.7213296890258789,0.007670059334486723,0.7212960124015808,0.009706778451800346,0.7213296890258789,0.007670059334486723,0.0070467134937644005,16.0,0.2,M16_eta0.2
NOG,10006,272,17.0,140288,81920,272,2.7590935230255127,50,0.1,16.0,0.2,y_bar,0.7210100293159485,0.008432318456470966,0.7209722399711609,0.008439610712230206,0.7210100293159485,0.008432318456470966,0.008393818512558937,16.0,0.2,M16_eta0.2
NOG,10006,336,21.0,173056,98304,336,3.4471595287323,50,0.1,16.0,0.2,y_bar,0.720655620098114,0.008400741033256054,0.7206278443336487,0.008058547042310238,0.720655620098114,0.008400741033256054,0.00714997248724103,16.0,0.2,M16_eta0.2
NOG,10006,400,25.0,205824,114688,400,4.093945026397705,50,0.1,16.0,0.2,y_bar,0.7203451991081238,0.007287930231541395,0.7203243374824524,0.008399194106459618,0.7203451991081238,0.007287930231541395,0.0062926048412919044,16.0,0.2,M16_eta0.2
NOG,10006,464,29.0,238592,131072,464,4.688011646270752,50,0.1,16.0,0.2,y_bar,0.7201007604598999,0.007787012495100498,0.7200533151626587,0.0067064957693219185,0.7201007604598999,0.007787012495100498,0.008898479864001274,16.0,0.2,M16_eta0.2
NOG,10006,528,33.0,271360,147456,528,5.292751789093018,50,0.1,16.0,0.2,y_bar,0.7198236584663391,0.00657283142209053,0.7197779417037964,0.00818429235368967,0.7198236584663391,0.00657283142209053,0.00734536862000823,16.0,0.2,M16_eta0.2
NOG,10006,592,37.0,304128,163840,592,5.975891590118408,50,0.1,16.0,0.2,y_bar,0.7194811105728149,0.007538381963968277,0.7194428443908691,0.007870359346270561,0.7194811105728149,0.007538381963968277,0.008054056204855442,16.0,0.2,M16_eta0.2
NOG,10006,656,41.0,336896,180224,656,6.5893235206604,50,0.1,16.0,0.2,y_bar,0.71912682056427,0.0074089765548706055,0.7190690636634827,0.007539333309978247,0.71912682056427,0.0074089765548706055,0.008878523483872414,16.0,0.2,M16_eta0.2
NOG,10006,720,45.0,369664,196608,720,7.2156805992126465,50,0.1,16.0,0.2,y_bar,0.7188448905944824,0.0076958611607551575,0.7188208699226379,0.00732720922678709,0.7188448905944824,0.0076958611607551575,0.006979507859796286,16.0,0.2,M16_eta0.2
NOG,10006,784,49.0,402432,212992,784,7.753944158554077,50,0.1,16.0,0.2,y_bar,0.7186093926429749,0.008198300376534462,0.7186045050621033,0.007583336438983679,0.7186093926429749,0.008198300376534462,0.006268883123993874,16.0,0.2,M16_eta0.2
NOG,10006,848,53.0,435200,229376,848,8.35615062713623,50,0.1,16.0,0.2,y_bar,0.718320369720459,0.00800471380352974,0.7182996869087219,0.008282562717795372,0.718320369720459,0.00800471380352974,0.008071730844676495,16.0,0.2,M16_eta0.2
NOG,10006,912,57.0,467968,245760,912,8.965074300765991,50,0.1,16.0,0.2,y_bar,0.7179794907569885,0.008890064433217049,0.7179442048072815,0.007395901717245579,0.7179794907569885,0.008890064433217049,0.008647410199046135,16.0,0.2,M16_eta0.2
NOG,10006,960,60.0,492544,262144,960,9.484274625778198,50,0.1,16.0,0.2,y_bar,0.7177392840385437,0.008403646759688854,0.7176642417907715,0.00633576326072216,0.7177392840385437,0.008403646759688854,0.00873560644686222,16.0,0.2,M16_eta0.2
NOG,10006,16,1.0,9216,16384,16,0.24456143379211426,50,0.1,16.0,0.3,y_bar,0.7225663661956787,0.01116811204701662,0.7225242853164673,0.011066424660384655,0.7225663661956787,0.01116811204701662,0.011398770846426487,16.0,0.3,M16_eta0.3
NOG,10006,80,5.0,41984,32768,80,0.9261009693145752,50,0.1,16.0,0.3,y_bar,0.7222360372543335,0.01007600873708725,0.7221910357475281,0.00998038798570633,0.7222360372543335,0.01007600873708725,0.008846109732985497,16.0,0.3,M16_eta0.3
NOG,10006,144,9.0,74752,49152,144,1.5681543350219727,50,0.1,16.0,0.3,y_bar,0.7219875454902649,0.008527056314051151,0.7219507694244385,0.007608374115079641,0.7219875454902649,0.008527056314051151,0.007659691385924816,16.0,0.3,M16_eta0.3
NOG,10006,208,13.0,107520,65536,208,2.2179386615753174,50,0.1,16.0,0.3,y_bar,0.721694827079773,0.007559502962976694,0.7216759324073792,0.00978302676230669,0.721694827079773,0.007559502962976694,0.0072575518861413,16.0,0.3,M16_eta0.3
NOG,10006,272,17.0,140288,81920,272,2.820631265640259,50,0.1,16.0,0.3,y_bar,0.7214624285697937,0.008155729621648788,0.7214334607124329,0.008474540896713734,0.7214624285697937,0.008155729621648788,0.008579135872423649,16.0,0.3,M16_eta0.3
NOG,10006,336,21.0,173056,98304,336,3.3665268421173096,50,0.1,16.0,0.3,y_bar,0.7211849093437195,0.008325150236487389,0.7211582064628601,0.0081328134983778,0.7211849093437195,0.008325150236487389,0.007066368591040373,16.0,0.3,M16_eta0.3
NOG,10006,400,25.0,205824,114688,400,3.9174447059631348,50,0.1,16.0,0.3,y_bar,0.7209010124206543,0.0076926895417273045,0.7208802700042725,0.008457462303340435,0.7209010124206543,0.0076926895417273045,0.006887862924486399,16.0,0.3,M16_eta0.3
NOG,10006,464,29.0,238592,131072,464,4.402224779129028,50,0.1,16.0,0.3,y_bar,0.7206658124923706,0.008221968077123165,0.7206317782402039,0.006932874675840139,0.7206658124923706,0.008221968077123165,0.009046345949172974,16.0,0.3,M16_eta0.3
NOG,10006,528,33.0,271360,147456,528,5.1038243770599365,50,0.1,16.0,0.3,y_bar,0.7204535007476807,0.006354177836328745,0.7204300761222839,0.008341873995959759,0.7204535007476807,0.006354177836328745,0.007519097067415714,16.0,0.3,M16_eta0.3
NOG,10006,592,37.0,304128,163840,592,5.647022485733032,50,0.1,16.0,0.3,y_bar,0.7202543020248413,0.007638364098966122,0.7202351093292236,0.00855299737304449,0.7202543020248413,0.007638364098966122,0.008233037777245045,16.0,0.3,M16_eta0.3
NOG,10006,656,41.0,336896,180224,656,6.159324645996094,50,0.1,16.0,0.3,y_bar,0.7200526595115662,0.007216327358037233,0.7200120091438293,0.007448120508342981,0.7200526595115662,0.007216327358037233,0.008370795287191868,16.0,0.3,M16_eta0.3
NOG,10006,720,45.0,369664,196608,720,6.8388144969940186,50,0.1,16.0,0.3,y_bar,0.7198488712310791,0.0073959557339549065,0.7198455929756165,0.006720899138599634,0.7198488712310791,0.0073959557339549065,0.007276942953467369,16.0,0.3,M16_eta0.3
NOG,10006,784,49.0,402432,212992,784,7.417743682861328,50,0.1,16.0,0.3,y_bar,0.7196610569953918,0.007948954589664936,0.719650387763977,0.0076997047290205956,0.7196610569953918,0.007948954589664936,0.00589752709493041,16.0,0.3,M16_eta0.3
NOG,10006,848,53.0,435200,229376,848,7.995255947113037,50,0.1,16.0,0.3,y_bar,0.7194674015045166,0.008332723751664162,0.719452977180481,0.008306432515382767,0.7194674015045166,0.008332723751664162,0.0074469889514148235,16.0,0.3,M16_eta0.3
NOG,10006,912,57.0,467968,245760,912,8.69359540939331,50,0.1,16.0,0.3,y_bar,0.7192273139953613,0.00855996459722519,0.719209611415863,0.00755552900955081,0.7192273139953613,0.00855996459722519,0.00843270868062973,16.0,0.3,M16_eta0.3
NOG,10006,960,60.0,492544,262144,960,9.20241379737854,50,0.1,16.0,0.3,y_bar,0.7190667986869812,0.008530684746801853,0.7190191745758057,0.006614270154386759,0.7190667986869812,0.008530684746801853,0.007692468818277121,16.0,0.3,M16_eta0.3
NOG,10006,16,1.0,9216,16384,16,0.2436232566833496,50,0.1,16.0,0.5,y_bar,0.7225703597068787,0.011317785829305649,0.7225369215011597,0.01124113705009222,0.7225703597068787,0.011317785829305649,0.01161413174122572,16.0,0.5,M16_eta0.5
NOG,10006,80,5.0,41984,32768,80,0.8772873878479004,50,0.1,16.0,0.5,y_bar,0.722294807434082,0.010319960303604603,0.7222602367401123,0.01026591844856739,0.722294807434082,0.010319960303604603,0.009006529115140438,16.0,0.5,M16_eta0.5
NOG,10006,144,9.0,74752,49152,144,1.4892258644104004,50,0.1,16.0,0.5,y_bar,0.7221024632453918,0.00846212636679411,0.7220732569694519,0.0076537346467375755,0.7221024632453918,0.00846212636679411,0.007757018785923719,16.0,0.5,M16_eta0.5
NOG,10006,208,13.0,107520,65536,208,2.088766098022461,50,0.1,16.0,0.5,y_bar,0.7218859791755676,0.0075347814708948135,0.7218716144561768,0.009727111086249352,0.7218859791755676,0.0075347814708948135,0.007187971845269203,16.0,0.5,M16_eta0.5
NOG,10006,272,17.0,140288,81920,272,2.7585108280181885,50,0.1,16.0,0.5,y_bar,0.7217034697532654,0.008004941046237946,0.7216814160346985,0.008424804545938969,0.7217034697532654,0.008004941046237946,0.008621337823569775,16.0,0.5,M16_eta0.5
NOG,10006,336,21.0,173056,98304,336,3.3684537410736084,50,0.1,16.0,0.5,y_bar,0.7214849591255188,0.008411112241446972,0.7214623093605042,0.008035033941268921,0.7214849591255188,0.008411112241446972,0.007149341981858015,16.0,0.5,M16_eta0.5
NOG,10006,400,25.0,205824,114688,400,4.011699676513672,50,0.1,16.0,0.5,y_bar,0.721244215965271,0.007979230023920536,0.7212321758270264,0.008564119227230549,0.721244215965271,0.007979230023920536,0.0069073899649083614,16.0,0.5,M16_eta0.5
NOG,10006,464,29.0,238592,131072,464,4.60962986946106,50,0.1,16.0,0.5,y_bar,0.7210414409637451,0.008222508244216442,0.7210202217102051,0.007159910164773464,0.7210414409637451,0.008222508244216442,0.008613995276391506,16.0,0.5,M16_eta0.5
NOG,10006,528,33.0,271360,147456,528,5.2071826457977295,50,0.1,16.0,0.5,y_bar,0.7208585143089294,0.006499246694147587,0.7208432555198669,0.00823882594704628,0.7208585143089294,0.006499246694147587,0.007660908158868551,16.0,0.5,M16_eta0.5
NOG,10006,592,37.0,304128,163840,592,5.778566837310791,50,0.1,16.0,0.5,y_bar,0.7206841111183167,0.007764853537082672,0.7206692099571228,0.008533279411494732,0.7206841111183167,0.007764853537082672,0.008143090642988682,16.0,0.5,M16_eta0.5
NOG,10006,656,41.0,336896,180224,656,6.398666620254517,50,0.1,16.0,0.5,y_bar,0.7205017805099487,0.007439866662025452,0.720471203327179,0.0072044082917273045,0.7205017805099487,0.007439866662025452,0.008219431154429913,16.0,0.5,M16_eta0.5
NOG,10006,720,45.0,369664,196608,720,7.066628456115723,50,0.1,16.0,0.5,y_bar,0.7203322052955627,0.007411394268274307,0.7203288674354553,0.006600463297218084,0.7203322052955627,0.007411394268274307,0.00715662632137537,16.0,0.5,M16_eta0.5
NOG,10006,784,49.0,402432,212992,784,7.650301218032837,50,0.1,16.0,0.5,y_bar,0.7202041745185852,0.00769421411678195,0.7202020883560181,0.007741072215139866,0.7202041745185852,0.00769421411678195,0.005495027173310518,16.0,0.5,M16_eta0.5
NOG,10006,848,53.0,435200,229376,848,8.228353500366211,50,0.1,16.0,0.5,y_bar,0.7200701832771301,0.008140251971781254,0.7200583815574646,0.007683680858463049,0.7200701832771301,0.008140251971781254,0.007245219312608242,16.0,0.5,M16_eta0.5
NOG,10006,912,57.0,467968,245760,912,8.899842262268066,50,0.1,16.0,0.5,y_bar,0.7199222445487976,0.008482567965984344,0.7199044227600098,0.007567053660750389,0.7199222445487976,0.008482567965984344,0.008297882042825222,16.0,0.5,M16_eta0.5
NOG,10006,960,60.0,492544,262144,960,9.369040727615356,50,0.1,16.0,0.5,y_bar,0.7198130488395691,0.008788574486970901,0.719785749912262,0.006618923041969538,0.7198130488395691,0.008788574486970901,0.007376848254352808,16.0,0.5,M16_eta0.5
SmoothedSGD,20006,1,,512,8192,1,0.07437396049499512,50,0.1,,0.05,x,0.7225841283798218,0.014146761037409306,0.7225841283798218,0.014146761037409306,,,,,0.05,SmoothedSGD
SmoothedSGD,20006,64,,32768,16384,64,0.5432345867156982,50,0.1,,0.05,x,0.7224625945091248,0.01047944650053978,0.7224625945091248,0.01047944650053978,,,,,0.05,SmoothedSGD
SmoothedSGD,20006,128,,65536,24576,128,1.0814802646636963,50,0.1,,0.05,x,0.7223557829856873,0.010034213773906231,0.7223557829856873,0.010034213773906231,,,,,0.05,SmoothedSGD
SmoothedSGD,20006,192,,98304,32768,192,1.600248098373413,50,0.1,,0.05,x,0.7222766876220703,0.008812838234007359,0.7222766876220703,0.008812838234007359,,,,,0.05,SmoothedSGD
SmoothedSGD,20006,256,,131072,40960,256,2.1662087440490723,50,0.1,,0.05,x,0.7222014665603638,0.008659816347062588,0.7222014665603638,0.008659816347062588,,,,,0.05,SmoothedSGD
SmoothedSGD,20006,320,,163840,49152,320,2.7150723934173584,50,0.1,,0.05,x,0.7221298217773438,0.008336435072124004,0.7221298217773438,0.008336435072124004,,,,,0.05,SmoothedSGD
SmoothedSGD,20006,384,,196608,57344,384,3.283019542694092,50,0.1,,0.05,x,0.7220702171325684,0.008849955163896084,0.7220702171325684,0.008849955163896084,,,,,0.05,SmoothedSGD
SmoothedSGD,20006,448,,229376,65536,448,3.7966701984405518,50,0.1,,0.05,x,0.7219871878623962,0.008137096650898457,0.7219871878623962,0.008137096650898457,,,,,0.05,SmoothedSGD
SmoothedSGD,20006,512,,262144,73728,512,4.3055455684661865,50,0.1,,0.05,x,0.721929132938385,0.008627166040241718,0.721929132938385,0.008627166040241718,,,,,0.05,SmoothedSGD
SmoothedSGD,20006,576,,294912,81920,576,4.815813064575195,50,0.1,,0.05,x,0.7218631505966187,0.007496247533708811,0.7218631505966187,0.007496247533708811,,,,,0.05,SmoothedSGD
SmoothedSGD,20006,640,,327680,90112,640,5.3925251960754395,50,0.1,,0.05,x,0.7217990159988403,0.00893790740519762,0.7217990159988403,0.00893790740519762,,,,,0.05,SmoothedSGD
SmoothedSGD,20006,704,,360448,98304,704,5.896802663803101,50,0.1,,0.05,x,0.7217398285865784,0.009015755727887154,0.7217398285865784,0.009015755727887154,,,,,0.05,SmoothedSGD
SmoothedSGD,20006,768,,393216,106496,768,6.423289775848389,50,0.1,,0.05,x,0.7216742038726807,0.006648324429988861,0.7216742038726807,0.006648324429988861,,,,,0.05,SmoothedSGD
SmoothedSGD,20006,832,,425984,114688,832,7.020733833312988,50,0.1,,0.05,x,0.7215959429740906,0.007693138439208269,0.7215959429740906,0.007693138439208269,,,,,0.05,SmoothedSGD
SmoothedSGD,20006,896,,458752,122880,896,7.530651330947876,50,0.1,,0.05,x,0.7215139865875244,0.008511521853506565,0.7215139865875244,0.008511521853506565,,,,,0.05,SmoothedSGD
SmoothedSGD,20006,960,,491520,131072,960,8.10789704322815,50,0.1,,0.05,x,0.7214425206184387,0.008134976029396057,0.7214425206184387,0.008134976029396057,,,,,0.05,SmoothedSGD
NOG,10007,4,1.0,3072,16384,4,0.1764833927154541,50,0.1,4.0,0.1,y_bar,0.7209471464157104,0.01106265652924776,0.720952570438385,0.010411527939140797,0.7209471464157104,0.01106265652924776,0.01631525717675686,4.0,0.1,M4_eta0.1
NOG,10007,68,17.0,35840,32768,68,0.821234941482544,50,0.1,4.0,0.1,y_bar,0.7180938124656677,0.008139653131365776,0.7179814577102661,0.008696254342794418,0.7180938124656677,0.008139653131365776,0.010970233008265495,4.0,0.1,M4_eta0.1
NOG,10007,132,33.0,68608,49152,132,1.4843528270721436,50,0.1,4.0,0.1,y_bar,0.7140716910362244,0.009417107328772545,0.7139660716056824,0.009092023596167564,0.7140716910362244,0.009417107328772545,0.015811897814273834,4.0,0.1,M4_eta0.1
NOG,10007,196,49.0,101376,65536,196,2.1893181800842285,50,0.1,4.0,0.1,y_bar,0.7118284106254578,0.008812982589006424,0.7117838859558105,0.008897967636585236,0.7118284106254578,0.008812982589006424,0.015608259476721287,4.0,0.1,M4_eta0.1
NOG,10007,260,65.0,134144,81920,260,2.8847122192382812,50,0.1,4.0,0.1,y_bar,0.7096747159957886,0.00938485935330391,0.7096456289291382,0.008083500899374485,0.7096747159957886,0.00938485935330391,0.015850646421313286,4.0,0.1,M4_eta0.1
NOG,10007,324,81.0,166912,98304,324,3.5395774841308594,50,0.1,4.0,0.1,y_bar,0.70920729637146,0.009677013382315636,0.7091708183288574,0.008275234140455723,0.70920729637146,0.009677013382315636,0.015217134729027748,4.0,0.1,M4_eta0.1
NOG,10007,388,97.0,199680,114688,388,4.162475824356079,50,0.1,4.0,0.1,y_bar,0.7080249190330505,0.009194992482662201,0.7080367207527161,0.010324278846383095,0.7080249190330505,0.009194992482662201,0.01362009346485138,4.0,0.1,M4_eta0.1
NOG,10007,452,113.0,232448,131072,452,4.863751173019409,50,0.1,4.0,0.1,y_bar,0.7070055603981018,0.010391541756689548,0.7069517374038696,0.00908026471734047,0.7070055603981018,0.010391541756689548,0.01673412136733532,4.0,0.1,M4_eta0.1
NOG,10007,516,129.0,265216,147456,516,5.50008225440979,50,0.1,4.0,0.1,y_bar,0.705651044845581,0.009031357243657112,0.7056769132614136,0.0100523317232728,0.705651044845581,0.009031357243657112,0.01382267102599144,4.0,0.1,M4_eta0.1
NOG,10007,580,145.0,297984,163840,580,6.064171314239502,50,0.1,4.0,0.1,y_bar,0.7041512131690979,0.00826615747064352,0.7041931748390198,0.010931161232292652,0.7041512131690979,0.00826615747064352,0.014616296626627445,4.0,0.1,M4_eta0.1
NOG,10007,644,161.0,330752,180224,644,6.6808459758758545,50,0.1,4.0,0.1,y_bar,0.7046159505844116,0.009185884147882462,0.7045781016349792,0.008774212561547756,0.7046159505844116,0.009185884147882462,0.016157737001776695,4.0,0.1,M4_eta0.1
NOG,10007,708,177.0,363520,196608,708,7.343024969100952,50,0.1,4.0,0.1,y_bar,0.7052186131477356,0.009272766299545765,0.7052253484725952,0.00965716689825058,0.7052186131477356,0.009272766299545765,0.017082298174500465,4.0,0.1,M4_eta0.1
NOG,10007,772,193.0,396288,212992,772,7.984401702880859,50,0.1,4.0,0.1,y_bar,0.7051494121551514,0.00976473931223154,0.705125629901886,0.00885056983679533,0.7051494121551514,0.00976473931223154,0.016762567684054375,4.0,0.1,M4_eta0.1
NOG,10007,836,209.0,429056,229376,836,8.5574369430542,50,0.1,4.0,0.1,y_bar,0.7047961354255676,0.010054174810647964,0.7047563195228577,0.010353608056902885,0.7047961354255676,0.010054174810647964,0.015518559142947197,4.0,0.1,M4_eta0.1
NOG,10007,900,225.0,461824,245760,900,9.17022967338562,50,0.1,4.0,0.1,y_bar,0.7037590742111206,0.010312258265912533,0.703803539276123,0.0085262106731534,0.7037590742111206,0.010312258265912533,0.01482393965125084,4.0,0.1,M4_eta0.1
NOG,10007,960,240.0,492544,262144,960,9.706697702407837,50,0.1,4.0,0.1,y_bar,0.7041506171226501,0.00920085422694683,0.704195499420166,0.010458948090672493,0.7041506171226501,0.00920085422694683,0.017225930467247963,4.0,0.1,M4_eta0.1
NOG,10007,4,1.0,3072,16384,4,0.14225244522094727,50,0.1,4.0,0.2,y_bar,0.7209674715995789,0.010808803141117096,0.7209779024124146,0.010029280558228493,0.7209674715995789,0.010808803141117096,0.01609542779624462,4.0,0.2,M4_eta0.2
NOG,10007,68,17.0,35840,32768,68,0.7295479774475098,50,0.1,4.0,0.2,y_bar,0.7178385853767395,0.008089052513241768,0.7177426218986511,0.00880792923271656,0.7178385853767395,0.008089052513241768,0.011955155059695244,4.0,0.2,M4_eta0.2
NOG,10007,132,33.0,68608,49152,132,1.2516558170318604,50,0.1,4.0,0.2,y_bar,0.7148170471191406,0.009411362931132317,0.7147012948989868,0.009600984863936901,0.7148170471191406,0.009411362931132317,0.015630608424544334,4.0,0.2,M4_eta0.2
NOG,10007,196,49.0,101376,65536,196,1.928849458694458,50,0.1,4.0,0.2,y_bar,0.7121099233627319,0.008441335521638393,0.712091863155365,0.00821732822805643,0.7121099233627319,0.008441335521638393,0.014955493621528149,4.0,0.2,M4_eta0.2
NOG,10007,260,65.0,134144,81920,260,2.5313265323638916,50,0.1,4.0,0.2,y_bar,0.7102874517440796,0.007148644886910915,0.7102599740028381,0.007207769434899092,0.7102874517440796,0.007148644886910915,0.013857226818799973,4.0,0.2,M4_eta0.2
NOG,10007,324,81.0,166912,98304,324,3.085761785507202,50,0.1,4.0,0.2,y_bar,0.7088180780410767,0.009571950882673264,0.7087148427963257,0.008075239136815071,0.7088180780410767,0.009571950882673264,0.012950253672897816,4.0,0.2,M4_eta0.2
NOG,10007,388,97.0,199680,114688,388,3.6318089962005615,50,0.1,4.0,0.2,y_bar,0.7072585821151733,0.00865237507969141,0.7073233127593994,0.007815028540790081,0.7072585821151733,0.00865237507969141,0.01310089323669672,4.0,0.2,M4_eta0.2
NOG,10007,452,113.0,232448,131072,452,4.288600206375122,50,0.1,4.0,0.2,y_bar,0.7069385647773743,0.00884665735065937,0.706926167011261,0.008458966389298439,0.7069385647773743,0.00884665735065937,0.01426478661596775,4.0,0.2,M4_eta0.2
NOG,10007,516,129.0,265216,147456,516,4.942791223526001,50,0.1,4.0,0.2,y_bar,0.7055966258049011,0.007509473245590925,0.7054820656776428,0.008394389413297176,0.7055966258049011,0.007509473245590925,0.013234509155154228,4.0,0.2,M4_eta0.2
NOG,10007,580,145.0,297984,163840,580,5.552308797836304,50,0.1,4.0,0.2,y_bar,0.7035488486289978,0.007153664715588093,0.7035524845123291,0.009899024851620197,0.7035488486289978,0.007153664715588093,0.014421225525438786,4.0,0.2,M4_eta0.2
NOG,10007,644,161.0,330752,180224,644,6.201647758483887,50,0.1,4.0,0.2,y_bar,0.7030932903289795,0.008385295048356056,0.7030808329582214,0.008906436152756214,0.7030932903289795,0.008385295048356056,0.015443016774952412,4.0,0.2,M4_eta0.2
NOG,10007,708,177.0,363520,196608,708,6.822802543640137,50,0.1,4.0,0.2,y_bar,0.7035029530525208,0.01011249702423811,0.7034331560134888,0.008845314383506775,0.7035029530525208,0.01011249702423811,0.014014525339007378,4.0,0.2,M4_eta0.2
NOG,10007,772,193.0,396288,212992,772,7.539153337478638,50,0.1,4.0,0.2,y_bar,0.7030420303344727,0.00922477338463068,0.7030458450317383,0.009440166875720024,0.7030420303344727,0.00922477338463068,0.014940505847334862,4.0,0.2,M4_eta0.2
NOG,10007,836,209.0,429056,229376,836,8.176649570465088,50,0.1,4.0,0.2,y_bar,0.703372061252594,0.006932659540325403,0.7033244371414185,0.007996635511517525,0.703372061252594,0.006932659540325403,0.014783994294703007,4.0,0.2,M4_eta0.2
NOG,10007,900,225.0,461824,245760,900,8.778881311416626,50,0.1,4.0,0.2,y_bar,0.7027587890625,0.008375704288482666,0.7027546763420105,0.008177941665053368,0.7027587890625,0.008375704288482666,0.015216443687677383,4.0,0.2,M4_eta0.2
NOG,10007,960,240.0,492544,262144,960,9.35958480834961,50,0.1,4.0,0.2,y_bar,0.702739953994751,0.008908151648938656,0.7026972770690918,0.01003329548984766,0.702739953994751,0.008908151648938656,0.013115440495312214,4.0,0.2,M4_eta0.2
NOG,10007,4,1.0,3072,16384,4,0.1435856819152832,50,0.1,4.0,0.3,y_bar,0.7209855914115906,0.010573615320026875,0.7210003137588501,0.009690480306744576,0.7209855914115906,0.010573615320026875,0.0158550888299942,4.0,0.3,M4_eta0.3
NOG,10007,68,17.0,35840,32768,68,0.7911877632141113,50,0.1,4.0,0.3,y_bar,0.7183154821395874,0.00870832335203886,0.7183122634887695,0.008551856502890587,0.7183154821395874,0.00870832335203886,0.011575620621442795,4.0,0.3,M4_eta0.3
NOG,10007,132,33.0,68608,49152,132,1.3657236099243164,50,0.1,4.0,0.3,y_bar,0.7160895466804504,0.009035606868565083,0.7160719037055969,0.00915487203747034,0.7160895466804504,0.009035606868565083,0.014724808745086193,4.0,0.3,M4_eta0.3
NOG,10007,196,49.0,101376,65536,196,2.015460968017578,50,0.1,4.0,0.3,y_bar,0.7138692140579224,0.008847018703818321,0.7138276696205139,0.008560881949961185,0.7138692140579224,0.008847018703818321,0.01360929012298584,4.0,0.3,M4_eta0.3
NOG,10007,260,65.0,134144,81920,260,2.6594960689544678,50,0.1,4.0,0.3,y_bar,0.7115552425384521,0.008497712202370167,0.7115078568458557,0.008620926178991795,0.7115552425384521,0.008497712202370167,0.015747204422950745,4.0,0.3,M4_eta0.3
NOG,10007,324,81.0,166912,98304,324,3.2154040336608887,50,0.1,4.0,0.3,y_bar,0.7097468376159668,0.007736558094620705,0.7096816897392273,0.008053626865148544,0.7097468376159668,0.007736558094620705,0.0123824467882514,4.0,0.3,M4_eta0.3
NOG,10007,388,97.0,199680,114688,388,3.7977218627929688,50,0.1,4.0,0.3,y_bar,0.7087557911872864,0.007237229961901903,0.7087578773498535,0.00830992590636015,0.7087557911872864,0.007237229961901903,0.014040452428162098,4.0,0.3,M4_eta0.3
NOG,10007,452,113.0,232448,131072,452,4.450485467910767,50,0.1,4.0,0.3,y_bar,0.7081981897354126,0.008636767975986004,0.7081988453865051,0.009442235343158245,0.7081981897354126,0.008636767975986004,0.013809960335493088,4.0,0.3,M4_eta0.3
NOG,10007,516,129.0,265216,147456,516,5.2024805545806885,50,0.1,4.0,0.3,y_bar,0.7076419591903687,0.006911342032253742,0.7076545357704163,0.007531370967626572,0.7076419591903687,0.006911342032253742,0.014663252979516983,4.0,0.3,M4_eta0.3
NOG,10007,580,145.0,297984,163840,580,5.861186742782593,50,0.1,4.0,0.3,y_bar,0.7070274949073792,0.00688064843416214,0.706996500492096,0.007537309546023607,0.7070274949073792,0.00688064843416214,0.014074690639972687,4.0,0.3,M4_eta0.3
NOG,10007,644,161.0,330752,180224,644,6.5602943897247314,50,0.1,4.0,0.3,y_bar,0.7070657014846802,0.008422113955020905,0.70702064037323,0.008337216451764107,0.7070657014846802,0.008422113955020905,0.01647350750863552,4.0,0.3,M4_eta0.3
NOG,10007,708,177.0,363520,196608,708,7.13453221321106,50,0.1,4.0,0.3,y_bar,0.7065698504447937,0.009110434912145138,0.7065596580505371,0.007310533430427313,0.7065698504447937,0.009110434912145138,0.013130690902471542,4.0,0.3,M4_eta0.3
NOG,10007,772,193.0,396288,212992,772,7.789395809173584,50,0.1,4.0,0.3,y_bar,0.7058255672454834,0.007772994227707386,0.7058307528495789,0.00807681493461132,0.7058255672454834,0.007772994227707386,0.015925351530313492,4.0,0.3,M4_eta0.3
NOG,10007,836,209.0,429056,229376,836,8.471067428588867,50,0.1,4.0,0.3,y_bar,0.7047320008277893,0.007528645917773247,0.7046816945075989,0.0071490746922791,0.7047320008277893,0.007528645917773247,0.014350133016705513,4.0,0.3,M4_eta0.3
NOG,10007,900,225.0,461824,245760,900,9.163268566131592,50,0.1,4.0,0.3,y_bar,0.7041085958480835,0.007631391286849976,0.704082727432251,0.007278164383023977,0.7041085958480835,0.007631391286849976,0.015873506665229797,4.0,0.3,M4_eta0.3
NOG,10007,960,240.0,492544,262144,960,9.766227722167969,50,0.1,4.0,0.3,y_bar,0.703993022441864,0.007691049017012119,0.7040084600448608,0.007500657346099615,0.703993022441864,0.007691049017012119,0.012236898764967918,4.0,0.3,M4_eta0.3
NOG,10007,4,1.0,3072,16384,4,0.14174985885620117,50,0.1,4.0,0.5,y_bar,0.7209980487823486,0.010523427277803421,0.7210008502006531,0.009540832601487637,0.7209980487823486,0.010523427277803421,0.01573963649570942,4.0,0.5,M4_eta0.5
NOG,10007,68,17.0,35840,32768,68,0.7566862106323242,50,0.1,4.0,0.5,y_bar,0.7193281054496765,0.008451739326119423,0.7192836403846741,0.007936304435133934,0.7193281054496765,0.008451739326119423,0.011083961464464664,4.0,0.5,M4_eta0.5
NOG,10007,132,33.0,68608,49152,132,1.3508012294769287,50,0.1,4.0,0.5,y_bar,0.7178516387939453,0.00896110013127327,0.7178536057472229,0.008700977079570293,0.7178516387939453,0.00896110013127327,0.01397990994155407,4.0,0.5,M4_eta0.5
NOG,10007,196,49.0,101376,65536,196,1.9325828552246094,50,0.1,4.0,0.5,y_bar,0.7165157198905945,0.007854198105633259,0.7165191173553467,0.0082841906696558,0.7165157198905945,0.007854198105633259,0.012833476066589355,4.0,0.5,M4_eta0.5
NOG,10007,260,65.0,134144,81920,260,2.6008944511413574,50,0.1,4.0,0.5,y_bar,0.7147723436355591,0.009036422707140446,0.7146562337875366,0.00839304644614458,0.7147723436355591,0.009036422707140446,0.017111919820308685,4.0,0.5,M4_eta0.5
NOG,10007,324,81.0,166912,98304,324,3.2785022258758545,50,0.1,4.0,0.5,y_bar,0.71291184425354,0.00884407851845026,0.7128874063491821,0.007722028065472841,0.71291184425354,0.00884407851845026,0.012612051330506802,4.0,0.5,M4_eta0.5
NOG,10007,388,97.0,199680,114688,388,3.9503724575042725,50,0.1,4.0,0.5,y_bar,0.7113785147666931,0.007277933415025473,0.7113010287284851,0.008990387432277203,0.7113785147666931,0.007277933415025473,0.014920895919203758,4.0,0.5,M4_eta0.5
NOG,10007,452,113.0,232448,131072,452,4.589361667633057,50,0.1,4.0,0.5,y_bar,0.709620475769043,0.00811556726694107,0.7096089124679565,0.007533691823482513,0.709620475769043,0.00811556726694107,0.013725779950618744,4.0,0.5,M4_eta0.5
NOG,10007,516,129.0,265216,147456,516,5.1988677978515625,50,0.1,4.0,0.5,y_bar,0.7085184454917908,0.007739648688584566,0.7085171341896057,0.008983766660094261,0.7085184454917908,0.007739648688584566,0.013056821189820766,4.0,0.5,M4_eta0.5
NOG,10007,580,145.0,297984,163840,580,5.788437128067017,50,0.1,4.0,0.5,y_bar,0.7074750661849976,0.006294148042798042,0.7074875831604004,0.008695795200765133,0.7074750661849976,0.006294148042798042,0.010034763254225254,4.0,0.5,M4_eta0.5
NOG,10007,644,161.0,330752,180224,644,6.377063512802124,50,0.1,4.0,0.5,y_bar,0.7072911262512207,0.007510228548198938,0.7072492241859436,0.008060360327363014,0.7072911262512207,0.007510228548198938,0.016151398420333862,4.0,0.5,M4_eta0.5
NOG,10007,708,177.0,363520,196608,708,7.030067443847656,50,0.1,4.0,0.5,y_bar,0.7064093351364136,0.009258151054382324,0.7064015865325928,0.007887516170740128,0.7064093351364136,0.009258151054382324,0.017328370362520218,4.0,0.5,M4_eta0.5
NOG,10007,772,193.0,396288,212992,772,7.617079019546509,50,0.1,4.0,0.5,y_bar,0.7061218023300171,0.00871092826128006,0.7061491012573242,0.008246797136962414,0.7061218023300171,0.00871092826128006,0.015445412136614323,4.0,0.5,M4_eta0.5
NOG,10007,836,209.0,429056,229376,836,8.244293928146362,50,0.1,4.0,0.5,y_bar,0.7057115435600281,0.007465685717761517,0.7056949734687805,0.007753655780106783,0.7057115435600281,0.007465685717761517,0.013493550941348076,4.0,0.5,M4_eta0.5
NOG,10007,900,225.0,461824,245760,900,8.85727858543396,50,0.1,4.0,0.5,y_bar,0.7054499983787537,0.007894364185631275,0.7054709196090698,0.0071981786750257015,0.7054499983787537,0.007894364185631275,0.016482632607221603,4.0,0.5,M4_eta0.5
NOG,10007,960,240.0,492544,262144,960,9.434647560119629,50,0.1,4.0,0.5,y_bar,0.7050251364707947,0.007418999448418617,0.7049984931945801,0.008842077106237411,0.7050251364707947,0.007418999448418617,0.014830964617431164,4.0,0.5,M4_eta0.5
NOG,10007,8,1.0,5120,16384,8,0.1971733570098877,50,0.1,8.0,0.1,y_bar,0.7209479808807373,0.009457782842218876,0.7209377288818359,0.00975126214325428,0.7209479808807373,0.009457782842218876,0.011416031047701836,8.0,0.1,M8_eta0.1
NOG,10007,72,9.0,37888,32768,72,0.8370943069458008,50,0.1,8.0,0.1,y_bar,0.7193233966827393,0.008293134160339832,0.7192202210426331,0.007740970700979233,0.7193233966827393,0.008293134160339832,0.00897962599992752,8.0,0.1,M8_eta0.1
NOG,10007,136,17.0,70656,49152,136,1.4765245914459229,50,0.1,8.0,0.1,y_bar,0.7176916599273682,0.008256910368800163,0.7176022529602051,0.006506713107228279,0.7176916599273682,0.008256910368800163,0.010561701841652393,8.0,0.1,M8_eta0.1
NOG,10007,200,25.0,103424,65536,200,2.1042561531066895,50,0.1,8.0,0.1,y_bar,0.7159513831138611,0.009392092004418373,0.7158353328704834,0.008000755682587624,0.7159513831138611,0.009392092004418373,0.009257408790290356,8.0,0.1,M8_eta0.1
NOG,10007,264,33.0,136192,81920,264,2.6894662380218506,50,0.1,8.0,0.1,y_bar,0.7139989733695984,0.00889804307371378,0.7138745188713074,0.009223888628184795,0.7139989733695984,0.00889804307371378,0.013515043072402477,8.0,0.1,M8_eta0.1
NOG,10007,328,41.0,168960,98304,328,3.3565425872802734,50,0.1,8.0,0.1,y_bar,0.7121506333351135,0.007351521868258715,0.7120293974876404,0.007481926586478949,0.7121506333351135,0.007351521868258715,0.009449612349271774,8.0,0.1,M8_eta0.1
NOG,10007,392,49.0,201728,114688,392,3.9664299488067627,50,0.1,8.0,0.1,y_bar,0.7105937004089355,0.008272649720311165,0.7104959487915039,0.007529047317802906,0.7105937004089355,0.008272649720311165,0.009527447633445263,8.0,0.1,M8_eta0.1
NOG,10007,456,57.0,234496,131072,456,4.6468281745910645,50,0.1,8.0,0.1,y_bar,0.7090728282928467,0.007786588743329048,0.7090018391609192,0.007059692870825529,0.7090728282928467,0.007786588743329048,0.00947371032088995,8.0,0.1,M8_eta0.1
NOG,10007,520,65.0,267264,147456,520,5.233624458312988,50,0.1,8.0,0.1,y_bar,0.7081168293952942,0.008148140273988247,0.7080950140953064,0.007386880461126566,0.7081168293952942,0.008148140273988247,0.008736180141568184,8.0,0.1,M8_eta0.1
NOG,10007,584,73.0,300032,163840,584,5.8910136222839355,50,0.1,8.0,0.1,y_bar,0.7073303461074829,0.008223666809499264,0.7072816491127014,0.007323946338146925,0.7073303461074829,0.008223666809499264,0.009396056644618511,8.0,0.1,M8_eta0.1
NOG,10007,648,81.0,332800,180224,648,6.496257781982422,50,0.1,8.0,0.1,y_bar,0.7069300413131714,0.008689763955771923,0.706902265548706,0.007335742004215717,0.7069300413131714,0.008689763955771923,0.009664332494139671,8.0,0.1,M8_eta0.1
NOG,10007,712,89.0,365568,196608,712,7.027750492095947,50,0.1,8.0,0.1,y_bar,0.7061976790428162,0.008963990956544876,0.7061545848846436,0.008426644839346409,0.7061976790428162,0.008963990956544876,0.01159538235515356,8.0,0.1,M8_eta0.1
NOG,10007,776,97.0,398336,212992,776,7.654362201690674,50,0.1,8.0,0.1,y_bar,0.7058231830596924,0.006805491168051958,0.7058224081993103,0.00928738433867693,0.7058231830596924,0.006805491168051958,0.012654569000005722,8.0,0.1,M8_eta0.1
NOG,10007,840,105.0,431104,229376,840,8.267277956008911,50,0.1,8.0,0.1,y_bar,0.7055980563163757,0.008002354763448238,0.7055404186248779,0.00639832578599453,0.7055980563163757,0.008002354763448238,0.011607484892010689,8.0,0.1,M8_eta0.1
NOG,10007,904,113.0,463872,245760,904,8.884709119796753,50,0.1,8.0,0.1,y_bar,0.7051135301589966,0.007891692221164703,0.7050975561141968,0.007362751755863428,0.7051135301589966,0.007891692221164703,0.009771505370736122,8.0,0.1,M8_eta0.1
NOG,10007,960,120.0,492544,262144,960,9.373894691467285,50,0.1,8.0,0.1,y_bar,0.7050918936729431,0.007155802566558123,0.7051499485969543,0.00784915778785944,0.7050918936729431,0.007155802566558123,0.011439003050327301,8.0,0.1,M8_eta0.1
NOG,10007,8,1.0,5120,16384,8,0.19205021858215332,50,0.1,8.0,0.2,y_bar,0.7209679484367371,0.00924499798566103,0.7209447026252747,0.009698471054434776,0.7209679484367371,0.00924499798566103,0.011141516268253326,8.0,0.2,M8_eta0.2
NOG,10007,72,9.0,37888,32768,72,0.8065392971038818,50,0.1,8.0,0.2,y_bar,0.7199133038520813,0.007822716608643532,0.7198463678359985,0.007640668656677008,0.7199133038520813,0.007822716608643532,0.008707902394235134,8.0,0.2,M8_eta0.2
NOG,10007,136,17.0,70656,49152,136,1.4455862045288086,50,0.1,8.0,0.2,y_bar,0.7187258005142212,0.00783576350659132,0.7186810970306396,0.007651484105736017,0.7187258005142212,0.00783576350659132,0.01051164511591196,8.0,0.2,M8_eta0.2
NOG,10007,200,25.0,103424,65536,200,2.080481767654419,50,0.1,8.0,0.2,y_bar,0.7178551554679871,0.008982609957456589,0.7177911996841431,0.008609018288552761,0.7178551554679871,0.008982609957456589,0.00987242255359888,8.0,0.2,M8_eta0.2
NOG,10007,264,33.0,136192,81920,264,2.7619688510894775,50,0.1,8.0,0.2,y_bar,0.7168369293212891,0.008497493341565132,0.7167506217956543,0.00949015561491251,0.7168369293212891,0.008497493341565132,0.013067184947431087,8.0,0.2,M8_eta0.2
NOG,10007,328,41.0,168960,98304,328,3.3702316284179688,50,0.1,8.0,0.2,y_bar,0.7154672741889954,0.008248831145465374,0.7153640389442444,0.007644780445843935,0.7154672741889954,0.008248831145465374,0.011125749908387661,8.0,0.2,M8_eta0.2
NOG,10007,392,49.0,201728,114688,392,4.014636993408203,50,0.1,8.0,0.2,y_bar,0.714150071144104,0.008355079218745232,0.7140249013900757,0.006192948669195175,0.714150071144104,0.008355079218745232,0.010324787348508835,8.0,0.2,M8_eta0.2
NOG,10007,456,57.0,234496,131072,456,4.616398096084595,50,0.1,8.0,0.2,y_bar,0.7129755616188049,0.008820582181215286,0.7129309177398682,0.00867055356502533,0.7129755616188049,0.008820582181215286,0.00906072836369276,8.0,0.2,M8_eta0.2
NOG,10007,520,65.0,267264,147456,520,5.289891719818115,50,0.1,8.0,0.2,y_bar,0.7122155427932739,0.00777057558298111,0.712170422077179,0.008049705997109413,0.7122155427932739,0.00777057558298111,0.007958962582051754,8.0,0.2,M8_eta0.2
NOG,10007,584,73.0,300032,163840,584,5.857436656951904,50,0.1,8.0,0.2,y_bar,0.7111170887947083,0.008762973360717297,0.7110171914100647,0.007242441177368164,0.7111170887947083,0.008762973360717297,0.0090803112834692,8.0,0.2,M8_eta0.2
NOG,10007,648,81.0,332800,180224,648,6.427480459213257,50,0.1,8.0,0.2,y_bar,0.7100764513015747,0.00851591769605875,0.7099846005439758,0.007489963434636593,0.7100764513015747,0.00851591769605875,0.009387478232383728,8.0,0.2,M8_eta0.2
NOG,10007,712,89.0,365568,196608,712,7.062408447265625,50,0.1,8.0,0.2,y_bar,0.7090840339660645,0.008597079664468765,0.709030032157898,0.00791970081627369,0.7090840339660645,0.008597079664468765,0.010832692496478558,8.0,0.2,M8_eta0.2
NOG,10007,776,97.0,398336,212992,776,7.661206007003784,50,0.1,8.0,0.2,y_bar,0.7082791924476624,0.007289011962711811,0.7082818746566772,0.008996664546430111,0.7082791924476624,0.007289011962711811,0.011371830478310585,8.0,0.2,M8_eta0.2
NOG,10007,840,105.0,431104,229376,840,8.296659708023071,50,0.1,8.0,0.2,y_bar,0.7077926993370056,0.00781218521296978,0.7077571749687195,0.006636449135839939,0.7077926993370056,0.00781218521296978,0.010966041125357151,8.0,0.2,M8_eta0.2
NOG,10007,904,113.0,463872,245760,904,8.963122367858887,50,0.1,8.0,0.2,y_bar,0.7072494029998779,0.006074476987123489,0.7072368264198303,0.006970888469368219,0.7072494029998779,0.006074476987123489,0.009207090362906456,8.0,0.2,M8_eta0.2
NOG,10007,960,120.0,492544,262144,960,9.66015625,50,0.1,8.0,0.2,y_bar,0.7068929076194763,0.008444295264780521,0.7068609595298767,0.007841542363166809,0.7068929076194763,0.008444295264780521,0.009362534619867802,8.0,0.2,M8_eta0.2
NOG,10007,8,1.0,5120,16384,8,0.16474270820617676,50,0.1,8.0,0.3,y_bar,0.7209505438804626,0.00931774452328682,0.7209250330924988,0.00972217507660389,0.7209505438804626,0.00931774452328682,0.01110471785068512,8.0,0.3,M8_eta0.3
NOG,10007,72,9.0,37888,32768,72,0.8305482864379883,50,0.1,8.0,0.3,y_bar,0.7203283905982971,0.007737205363810062,0.7202768325805664,0.007154562510550022,0.7203283905982971,0.007737205363810062,0.008984725922346115,8.0,0.3,M8_eta0.3
NOG,10007,136,17.0,70656,49152,136,1.5345780849456787,50,0.1,8.0,0.3,y_bar,0.7196314930915833,0.007500980515033007,0.7196040153503418,0.007441085763275623,0.7196314930915833,0.007500980515033007,0.010419858619570732,8.0,0.3,M8_eta0.3
NOG,10007,200,25.0,103424,65536,200,2.1103780269622803,50,0.1,8.0,0.3,y_bar,0.7189772129058838,0.009163006208837032,0.7189431190490723,0.008904818445444107,0.7189772129058838,0.009163006208837032,0.009304367005825043,8.0,0.3,M8_eta0.3
NOG,10007,264,33.0,136192,81920,264,2.738231658935547,50,0.1,8.0,0.3,y_bar,0.7183071970939636,0.007002576719969511,0.7182372212409973,0.009004226885735989,0.7183071970939636,0.007002576719969511,0.01240032073110342,8.0,0.3,M8_eta0.3
NOG,10007,328,41.0,168960,98304,328,3.3937129974365234,50,0.1,8.0,0.3,y_bar,0.7176856398582458,0.00720860343426466,0.7176518440246582,0.006622057408094406,0.7176856398582458,0.00720860343426466,0.0102257514372468,8.0,0.3,M8_eta0.3
NOG,10007,392,49.0,201728,114688,392,3.973423480987549,50,0.1,8.0,0.3,y_bar,0.717154860496521,0.007780766114592552,0.7171009182929993,0.007424615323543549,0.717154860496521,0.007780766114592552,0.009804228320717812,8.0,0.3,M8_eta0.3
NOG,10007,456,57.0,234496,131072,456,4.5424628257751465,50,0.1,8.0,0.3,y_bar,0.7164223194122314,0.00886012613773346,0.716387927532196,0.008175048977136612,0.7164223194122314,0.00886012613773346,0.009141666814684868,8.0,0.3,M8_eta0.3
NOG,10007,520,65.0,267264,147456,520,5.128007173538208,50,0.1,8.0,0.3,y_bar,0.7157859206199646,0.008154136128723621,0.7157244682312012,0.008192957378923893,0.7157859206199646,0.008154136128723621,0.007820830680429935,8.0,0.3,M8_eta0.3
NOG,10007,584,73.0,300032,163840,584,5.653332948684692,50,0.1,8.0,0.3,y_bar,0.7146919965744019,0.008553494699299335,0.7146028280258179,0.00807237159460783,0.7146919965744019,0.008553494699299335,0.009083799086511135,8.0,0.3,M8_eta0.3
NOG,10007,648,81.0,332800,180224,648,6.327710866928101,50,0.1,8.0,0.3,y_bar,0.713681697845459,0.009927090257406235,0.7136269211769104,0.007510900963097811,0.713681697845459,0.009927090257406235,0.010391405783593655,8.0,0.3,M8_eta0.3
NOG,10007,712,89.0,365568,196608,712,7.013676881790161,50,0.1,8.0,0.3,y_bar,0.7129775285720825,0.00805572047829628,0.7129256129264832,0.008663276210427284,0.7129775285720825,0.00805572047829628,0.010786247439682484,8.0,0.3,M8_eta0.3
NOG,10007,776,97.0,398336,212992,776,7.610581159591675,50,0.1,8.0,0.3,y_bar,0.7123939990997314,0.00740778399631381,0.7123535871505737,0.008216619491577148,0.7123939990997314,0.00740778399631381,0.011748107150197029,8.0,0.3,M8_eta0.3
NOG,10007,840,105.0,431104,229376,840,8.232689619064331,50,0.1,8.0,0.3,y_bar,0.7118285894393921,0.00804086308926344,0.7117758393287659,0.006049888674169779,0.7118285894393921,0.00804086308926344,0.01087102573364973,8.0,0.3,M8_eta0.3
NOG,10007,904,113.0,463872,245760,904,8.821895837783813,50,0.1,8.0,0.3,y_bar,0.711283802986145,0.006550843361765146,0.7112203240394592,0.0074348170310258865,0.711283802986145,0.006550843361765146,0.010216260328888893,8.0,0.3,M8_eta0.3
NOG,10007,960,120.0,492544,262144,960,9.404690027236938,50,0.1,8.0,0.3,y_bar,0.7107565402984619,0.008748551830649376,0.7106881141662598,0.007798891048878431,0.7107565402984619,0.008748551830649376,0.010613788850605488,8.0,0.3,M8_eta0.3
NOG,10007,8,1.0,5120,16384,8,0.20378541946411133,50,0.1,8.0,0.5,y_bar,0.7209405899047852,0.009349789470434189,0.7209165692329407,0.009942686185240746,0.7209405899047852,0.009349789470434189,0.011296544224023819,8.0,0.5,M8_eta0.5
NOG,10007,72,9.0,37888,32768,72,0.8723790645599365,50,0.1,8.0,0.5,y_bar,0.7205890417098999,0.0077814082615077496,0.7205708622932434,0.0071573564782738686,0.7205890417098999,0.0077814082615077496,0.009053506888449192,8.0,0.5,M8_eta0.5
NOG,10007,136,17.0,70656,49152,136,1.4888269901275635,50,0.1,8.0,0.5,y_bar,0.7202272415161133,0.007026955019682646,0.7201995849609375,0.007464464753866196,0.7202272415161133,0.007026955019682646,0.010179399512708187,8.0,0.5,M8_eta0.5
NOG,10007,200,25.0,103424,65536,200,2.150012731552124,50,0.1,8.0,0.5,y_bar,0.719913125038147,0.009047835133969784,0.7198967337608337,0.008353292010724545,0.719913125038147,0.009047835133969784,0.009962793439626694,8.0,0.5,M8_eta0.5
NOG,10007,264,33.0,136192,81920,264,2.7888877391815186,50,0.1,8.0,0.5,y_bar,0.7194797992706299,0.006896739825606346,0.7194374799728394,0.008735334500670433,0.7194797992706299,0.006896739825606346,0.011994569562375546,8.0,0.5,M8_eta0.5
NOG,10007,328,41.0,168960,98304,328,3.3116400241851807,50,0.1,8.0,0.5,y_bar,0.7190262675285339,0.007852854207158089,0.7189989686012268,0.006589774042367935,0.7190262675285339,0.007852854207158089,0.010369758121669292,8.0,0.5,M8_eta0.5
NOG,10007,392,49.0,201728,114688,392,3.960874080657959,50,0.1,8.0,0.5,y_bar,0.7186529040336609,0.007226977497339249,0.7186189293861389,0.0072833336889743805,0.7186529040336609,0.007226977497339249,0.009169944562017918,8.0,0.5,M8_eta0.5
NOG,10007,456,57.0,234496,131072,456,4.621426105499268,50,0.1,8.0,0.5,y_bar,0.7182519435882568,0.008597367443144321,0.7182295918464661,0.008063756860792637,0.7182519435882568,0.008597367443144321,0.009516931138932705,8.0,0.5,M8_eta0.5
NOG,10007,520,65.0,267264,147456,520,5.220947265625,50,0.1,8.0,0.5,y_bar,0.7179768085479736,0.007201941683888435,0.7179735898971558,0.007499950472265482,0.7179768085479736,0.007201941683888435,0.007157723419368267,8.0,0.5,M8_eta0.5
NOG,10007,584,73.0,300032,163840,584,5.804758787155151,50,0.1,8.0,0.5,y_bar,0.7176359295845032,0.007283046841621399,0.7176171541213989,0.007699725683778524,0.7176359295845032,0.007283046841621399,0.008883964270353317,8.0,0.5,M8_eta0.5
NOG,10007,648,81.0,332800,180224,648,6.436670780181885,50,0.1,8.0,0.5,y_bar,0.7173557877540588,0.008403558284044266,0.7173373699188232,0.007669459097087383,0.7173557877540588,0.008403558284044266,0.009435347281396389,8.0,0.5,M8_eta0.5
NOG,10007,712,89.0,365568,196608,712,7.081192493438721,50,0.1,8.0,0.5,y_bar,0.7170682549476624,0.007802222389727831,0.7170538902282715,0.008520014584064484,0.7170682549476624,0.007802222389727831,0.010915074497461319,8.0,0.5,M8_eta0.5
NOG,10007,776,97.0,398336,212992,776,7.630284547805786,50,0.1,8.0,0.5,y_bar,0.7166979312896729,0.0073633817955851555,0.7167034149169922,0.008023270405828953,0.7166979312896729,0.0073633817955851555,0.011465414427220821,8.0,0.5,M8_eta0.5
NOG,10007,840,105.0,431104,229376,840,8.298344850540161,50,0.1,8.0,0.5,y_bar,0.7163605690002441,0.00756240077316761,0.7163403034210205,0.005880771670490503,0.7163605690002441,0.00756240077316761,0.01010807789862156,8.0,0.5,M8_eta0.5
NOG,10007,904,113.0,463872,245760,904,8.953933954238892,50,0.1,8.0,0.5,y_bar,0.7160146236419678,0.006937878206372261,0.7159916758537292,0.006953205913305283,0.7160146236419678,0.006937878206372261,0.009390082210302353,8.0,0.5,M8_eta0.5
NOG,10007,960,120.0,492544,262144,960,9.467501878738403,50,0.1,8.0,0.5,y_bar,0.7157238125801086,0.008471573702991009,0.7157062292098999,0.007689138408750296,0.7157238125801086,0.008471573702991009,0.008924159221351147,8.0,0.5,M8_eta0.5
NOG,10007,12,1.0,7168,16384,12,0.20957088470458984,50,0.1,12.0,0.1,y_bar,0.7209421396255493,0.009727392345666885,0.720939040184021,0.00905583519488573,0.7209421396255493,0.009727392345666885,0.009769769385457039,12.0,0.1,M12_eta0.1
NOG,10007,84,7.0,44032,32768,84,0.9013292789459229,50,0.1,12.0,0.1,y_bar,0.7199676632881165,0.008121701888740063,0.7198777198791504,0.007369144819676876,0.7199676632881165,0.008121701888740063,0.008673595264554024,12.0,0.1,M12_eta0.1
NOG,10007,156,13.0,80896,49152,156,1.5879809856414795,50,0.1,12.0,0.1,y_bar,0.7188082337379456,0.008705870248377323,0.718708336353302,0.009385804645717144,0.7188082337379456,0.008705870248377323,0.008047780953347683,12.0,0.1,M12_eta0.1
NOG,10007,228,19.0,117760,65536,228,2.275355100631714,50,0.1,12.0,0.1,y_bar,0.7178651094436646,0.009671982377767563,0.7177990078926086,0.008456219919025898,0.7178651094436646,0.009671982377767563,0.008708791807293892,12.0,0.1,M12_eta0.1
NOG,10007,300,25.0,154624,81920,300,2.9355030059814453,50,0.1,12.0,0.1,y_bar,0.7170789241790771,0.008775888942182064,0.7170590758323669,0.008041076362133026,0.7170789241790771,0.008775888942182064,0.008186837658286095,12.0,0.1,M12_eta0.1
NOG,10007,372,31.0,191488,98304,372,3.618914842605591,50,0.1,12.0,0.1,y_bar,0.7160444259643555,0.008059102110564709,0.7159880995750427,0.008506327867507935,0.7160444259643555,0.008059102110564709,0.00930632371455431,12.0,0.1,M12_eta0.1
NOG,10007,444,37.0,228352,114688,444,4.284657001495361,50,0.1,12.0,0.1,y_bar,0.7146884799003601,0.00794193521142006,0.7145616412162781,0.009102488867938519,0.7146884799003601,0.00794193521142006,0.009093940258026123,12.0,0.1,M12_eta0.1
NOG,10007,516,43.0,265216,131072,516,5.035043239593506,50,0.1,12.0,0.1,y_bar,0.7134736180305481,0.00813538022339344,0.7133848071098328,0.007619483862072229,0.7134736180305481,0.00813538022339344,0.009272584691643715,12.0,0.1,M12_eta0.1
NOG,10007,588,49.0,302080,147456,588,5.7417309284210205,50,0.1,12.0,0.1,y_bar,0.712354302406311,0.008937333710491657,0.7122510671615601,0.007339721545577049,0.712354302406311,0.008937333710491657,0.009049994871020317,12.0,0.1,M12_eta0.1
NOG,10007,660,55.0,338944,163840,660,6.4884560108184814,50,0.1,12.0,0.1,y_bar,0.7112709283828735,0.008315294981002808,0.7112020254135132,0.006693919654935598,0.7112709283828735,0.008315294981002808,0.008481118828058243,12.0,0.1,M12_eta0.1
NOG,10007,732,61.0,375808,180224,732,7.200651407241821,50,0.1,12.0,0.1,y_bar,0.7103933691978455,0.009139789268374443,0.7103139162063599,0.008952084928750992,0.7103933691978455,0.009139789268374443,0.007648887578397989,12.0,0.1,M12_eta0.1
NOG,10007,804,67.0,412672,196608,804,7.886845111846924,50,0.1,12.0,0.1,y_bar,0.7094355821609497,0.009103398770093918,0.7093530297279358,0.0068057021126151085,0.7094355821609497,0.009103398770093918,0.009897466748952866,12.0,0.1,M12_eta0.1
NOG,10007,876,73.0,449536,212992,876,8.60547924041748,50,0.1,12.0,0.1,y_bar,0.7088209986686707,0.008549855090677738,0.7088000178337097,0.009098312817513943,0.7088209986686707,0.008549855090677738,0.00843906495720148,12.0,0.1,M12_eta0.1
NOG,10007,948,79.0,486400,229376,948,9.273450136184692,50,0.1,12.0,0.1,y_bar,0.7082484364509583,0.007635610178112984,0.708193302154541,0.007817060686647892,0.7082484364509583,0.007635610178112984,0.009544950909912586,12.0,0.1,M12_eta0.1
NOG,10007,960,80.0,492544,245760,960,9.517577886581421,50,0.1,12.0,0.1,y_bar,0.7080957293510437,0.007874472998082638,0.708035409450531,0.008824536576867104,0.7080957293510437,0.007874472998082638,0.00820827390998602,12.0,0.1,M12_eta0.1
NOG,10007,12,1.0,7168,16384,12,0.19919943809509277,50,0.1,12.0,0.2,y_bar,0.7209354639053345,0.00977039709687233,0.7209330201148987,0.009369142353534698,0.7209354639053345,0.00977039709687233,0.009790176525712013,12.0,0.2,M12_eta0.2
NOG,10007,84,7.0,44032,32768,84,0.9064905643463135,50,0.1,12.0,0.2,y_bar,0.7204856276512146,0.008006013929843903,0.7204439043998718,0.007116411346942186,0.7204856276512146,0.008006013929843903,0.008368050679564476,12.0,0.2,M12_eta0.2
NOG,10007,156,13.0,80896,49152,156,1.65447998046875,50,0.1,12.0,0.2,y_bar,0.7200123071670532,0.008454084396362305,0.7199782729148865,0.009027664549648762,0.7200123071670532,0.008454084396362305,0.007489342242479324,12.0,0.2,M12_eta0.2
NOG,10007,228,19.0,117760,65536,228,2.3262245655059814,50,0.1,12.0,0.2,y_bar,0.7195714712142944,0.00886035617440939,0.7195327281951904,0.008453079499304295,0.7195714712142944,0.00886035617440939,0.008252092637121677,12.0,0.2,M12_eta0.2
NOG,10007,300,25.0,154624,81920,300,3.0045247077941895,50,0.1,12.0,0.2,y_bar,0.7190724015235901,0.00846050214022398,0.719034731388092,0.007842200808227062,0.7190724015235901,0.00846050214022398,0.00873298104852438,12.0,0.2,M12_eta0.2
NOG,10007,372,31.0,191488,98304,372,3.6748886108398438,50,0.1,12.0,0.2,y_bar,0.7186005115509033,0.008226389065384865,0.7185624837875366,0.007695559412240982,0.7186005115509033,0.008226389065384865,0.009632510133087635,12.0,0.2,M12_eta0.2
NOG,10007,444,37.0,228352,114688,444,4.367490291595459,50,0.1,12.0,0.2,y_bar,0.7181987166404724,0.007446701172739267,0.7181596159934998,0.007940176874399185,0.7181987166404724,0.007446701172739267,0.009564417414367199,12.0,0.2,M12_eta0.2
NOG,10007,516,43.0,265216,131072,516,4.995119094848633,50,0.1,12.0,0.2,y_bar,0.7178575396537781,0.007152130827307701,0.717835545539856,0.008157669566571712,0.7178575396537781,0.007152130827307701,0.008349793963134289,12.0,0.2,M12_eta0.2
NOG,10007,588,49.0,302080,147456,588,5.642202377319336,50,0.1,12.0,0.2,y_bar,0.7174150943756104,0.007257706020027399,0.7173778414726257,0.007921487092971802,0.7174150943756104,0.007257706020027399,0.009639507159590721,12.0,0.2,M12_eta0.2
NOG,10007,660,55.0,338944,163840,660,6.292254447937012,50,0.1,12.0,0.2,y_bar,0.716978132724762,0.007995057851076126,0.7169528603553772,0.006544857751578093,0.716978132724762,0.007995057851076126,0.0067923832684755325,12.0,0.2,M12_eta0.2
NOG,10007,732,61.0,375808,180224,732,6.958356142044067,50,0.1,12.0,0.2,y_bar,0.7166010141372681,0.008732949383556843,0.7165619134902954,0.00850637722760439,0.7166010141372681,0.008732949383556843,0.007147595286369324,12.0,0.2,M12_eta0.2
NOG,10007,804,67.0,412672,196608,804,7.6850905418396,50,0.1,12.0,0.2,y_bar,0.7162015438079834,0.007209498435258865,0.7161692380905151,0.00690437899902463,0.7162015438079834,0.007209498435258865,0.009552430361509323,12.0,0.2,M12_eta0.2
NOG,10007,876,73.0,449536,212992,876,8.422569751739502,50,0.1,12.0,0.2,y_bar,0.7156816720962524,0.007989429868757725,0.7156266570091248,0.008546819910407066,0.7156816720962524,0.007989429868757725,0.00954348873347044,12.0,0.2,M12_eta0.2
NOG,10007,948,79.0,486400,229376,948,9.18254828453064,50,0.1,12.0,0.2,y_bar,0.715162456035614,0.0077246930450201035,0.7151249647140503,0.007851843722164631,0.715162456035614,0.0077246930450201035,0.008882841095328331,12.0,0.2,M12_eta0.2
NOG,10007,960,80.0,492544,245760,960,9.386279582977295,50,0.1,12.0,0.2,y_bar,0.7150645852088928,0.007612422574311495,0.7150256633758545,0.009786615148186684,0.7150645852088928,0.007612422574311495,0.008475356735289097,12.0,0.2,M12_eta0.2
NOG,10007,12,1.0,7168,16384,12,0.26544189453125,50,0.1,12.0,0.3,y_bar,0.7209329009056091,0.009753814898431301,0.720939576625824,0.009609716013073921,0.7209329009056091,0.009753814898431301,0.01005565095692873,12.0,0.3,M12_eta0.3
NOG,10007,84,7.0,44032,32768,84,0.8915205001831055,50,0.1,12.0,0.3,y_bar,0.7206510901451111,0.00802583247423172,0.7206240892410278,0.007213118486106396,0.7206510901451111,0.00802583247423172,0.008393457159399986,12.0,0.3,M12_eta0.3
NOG,10007,156,13.0,80896,49152,156,1.5861542224884033,50,0.1,12.0,0.3,y_bar,0.7203735709190369,0.008091593161225319,0.7203572988510132,0.008850042708218098,0.7203735709190369,0.008091593161225319,0.007247003260999918,12.0,0.3,M12_eta0.3
NOG,10007,228,19.0,117760,65536,228,2.308492660522461,50,0.1,12.0,0.3,y_bar,0.7201173305511475,0.008703179657459259,0.7201006412506104,0.008182577788829803,0.7201173305511475,0.008703179657459259,0.008483950980007648,12.0,0.3,M12_eta0.3
NOG,10007,300,25.0,154624,81920,300,3.061269998550415,50,0.1,12.0,0.3,y_bar,0.7198140621185303,0.008043194189667702,0.7197870016098022,0.007642478682100773,0.7198140621185303,0.008043194189667702,0.008395561948418617,12.0,0.3,M12_eta0.3
NOG,10007,372,31.0,191488,98304,372,3.7468323707580566,50,0.1,12.0,0.3,y_bar,0.7195249795913696,0.008387450128793716,0.7195176482200623,0.007460018154233694,0.7195249795913696,0.008387450128793716,0.009599418379366398,12.0,0.3,M12_eta0.3
NOG,10007,444,37.0,228352,114688,444,4.426947116851807,50,0.1,12.0,0.3,y_bar,0.7192198038101196,0.00749655207619071,0.7191750407218933,0.008436126634478569,0.7192198038101196,0.00749655207619071,0.00948459841310978,12.0,0.3,M12_eta0.3
NOG,10007,516,43.0,265216,131072,516,5.195967435836792,50,0.1,12.0,0.3,y_bar,0.7188798785209656,0.007834194228053093,0.7188519239425659,0.008657984435558319,0.7188798785209656,0.007834194228053093,0.008725468069314957,12.0,0.3,M12_eta0.3
NOG,10007,588,49.0,302080,147456,588,6.000175714492798,50,0.1,12.0,0.3,y_bar,0.7185432314872742,0.008068930357694626,0.7185170650482178,0.007347785402089357,0.7185432314872742,0.008068930357694626,0.009401611983776093,12.0,0.3,M12_eta0.3
NOG,10007,660,55.0,338944,163840,660,6.830220699310303,50,0.1,12.0,0.3,y_bar,0.7182424068450928,0.008744219318032265,0.7182129621505737,0.006241358816623688,0.7182424068450928,0.008744219318032265,0.007635130081325769,12.0,0.3,M12_eta0.3
NOG,10007,732,61.0,375808,180224,732,7.602951526641846,50,0.1,12.0,0.3,y_bar,0.7179800868034363,0.008181615732610226,0.7179888486862183,0.007892809808254242,0.7179800868034363,0.008181615732610226,0.007301243022084236,12.0,0.3,M12_eta0.3
NOG,10007,804,67.0,412672,196608,804,8.4521005153656,50,0.1,12.0,0.3,y_bar,0.7178125381469727,0.006553389597684145,0.7178067564964294,0.006020475644618273,0.7178125381469727,0.006553389597684145,0.009412026964128017,12.0,0.3,M12_eta0.3
NOG,10007,876,73.0,449536,212992,876,9.190913200378418,50,0.1,12.0,0.3,y_bar,0.7176172137260437,0.007252648007124662,0.717582643032074,0.008477815426886082,0.7176172137260437,0.007252648007124662,0.009625039994716644,12.0,0.3,M12_eta0.3
NOG,10007,948,79.0,486400,229376,948,9.968924283981323,50,0.1,12.0,0.3,y_bar,0.717383086681366,0.007214780431240797,0.7173693180084229,0.0076247029937803745,0.717383086681366,0.007214780431240797,0.008820326998829842,12.0,0.3,M12_eta0.3
NOG,10007,960,80.0,492544,245760,960,10.202523708343506,50,0.1,12.0,0.3,y_bar,0.7173438668251038,0.007536615710705519,0.7173376083374023,0.008894164115190506,0.7173438668251038,0.007536615710705519,0.00868826825171709,12.0,0.3,M12_eta0.3
NOG,10007,12,1.0,7168,16384,12,0.24167633056640625,50,0.1,12.0,0.5,y_bar,0.7209318280220032,0.009753651916980743,0.7209413051605225,0.00983670074492693,0.7209318280220032,0.009753651916980743,0.010296332649886608,12.0,0.5,M12_eta0.5
NOG,10007,84,7.0,44032,32768,84,0.9781253337860107,50,0.1,12.0,0.5,y_bar,0.7207226753234863,0.008160802535712719,0.7207048535346985,0.007402289658784866,0.7207226753234863,0.008160802535712719,0.008528906852006912,12.0,0.5,M12_eta0.5
NOG,10007,156,13.0,80896,49152,156,1.738267421722412,50,0.1,12.0,0.5,y_bar,0.7205502390861511,0.008154517970979214,0.7205398678779602,0.008738002739846706,0.7205502390861511,0.008154517970979214,0.007431271020323038,12.0,0.5,M12_eta0.5
NOG,10007,228,19.0,117760,65536,228,2.3789265155792236,50,0.1,12.0,0.5,y_bar,0.7203711271286011,0.008618507534265518,0.7203584909439087,0.008086202666163445,0.7203711271286011,0.008618507534265518,0.008348541334271431,12.0,0.5,M12_eta0.5
NOG,10007,300,25.0,154624,81920,300,3.12532114982605,50,0.1,12.0,0.5,y_bar,0.7201574444770813,0.008269010111689568,0.720146894454956,0.007757548242807388,0.7201574444770813,0.008269010111689568,0.008630124852061272,12.0,0.5,M12_eta0.5
NOG,10007,372,31.0,191488,98304,372,3.8762500286102295,50,0.1,12.0,0.5,y_bar,0.7199664115905762,0.008314789272844791,0.719968855381012,0.007794973906129599,0.7199664115905762,0.008314789272844791,0.009648936800658703,12.0,0.5,M12_eta0.5
NOG,10007,444,37.0,228352,114688,444,4.573206901550293,50,0.1,12.0,0.5,y_bar,0.7197798490524292,0.007347079925239086,0.719761073589325,0.008317987434566021,0.7197798490524292,0.007347079925239086,0.009175503626465797,12.0,0.5,M12_eta0.5
NOG,10007,516,43.0,265216,131072,516,5.2605297565460205,50,0.1,12.0,0.5,y_bar,0.7195862531661987,0.007776896934956312,0.71956866979599,0.008768348023295403,0.7195862531661987,0.007776896934956312,0.008906560018658638,12.0,0.5,M12_eta0.5
NOG,10007,588,49.0,302080,147456,588,5.931092739105225,50,0.1,12.0,0.5,y_bar,0.7193384766578674,0.007915837690234184,0.7193321585655212,0.007078871130943298,0.7193384766578674,0.007915837690234184,0.009431315585970879,12.0,0.5,M12_eta0.5
NOG,10007,660,55.0,338944,163840,660,6.681977033615112,50,0.1,12.0,0.5,y_bar,0.7190906405448914,0.009109489619731903,0.7190662622451782,0.005774053744971752,0.7190906405448914,0.009109489619731903,0.007592834532260895,12.0,0.5,M12_eta0.5
NOG,10007,732,61.0,375808,180224,732,7.444119691848755,50,0.1,12.0,0.5,y_bar,0.7189202308654785,0.008398468606173992,0.7189144492149353,0.007751891855150461,0.7189202308654785,0.008398468606173992,0.007331192959100008,12.0,0.5,M12_eta0.5
NOG,10007,804,67.0,412672,196608,804,8.131158113479614,50,0.1,12.0,0.5,y_bar,0.7187091708183289,0.007037284784018993,0.7186896800994873,0.006914948578923941,0.7187091708183289,0.007037284784018993,0.009563708677887917,12.0,0.5,M12_eta0.5
NOG,10007,876,73.0,449536,212992,876,8.926461935043335,50,0.1,12.0,0.5,y_bar,0.7184843420982361,0.007022928912192583,0.7184619903564453,0.008596441708505154,0.7184843420982361,0.007022928912192583,0.009217559359967709,12.0,0.5,M12_eta0.5
NOG,10007,948,79.0,486400,229376,948,9.625752687454224,50,0.1,12.0,0.5,y_bar,0.7182912826538086,0.00782050471752882,0.7182893753051758,0.008280085399746895,0.7182912826538086,0.00782050471752882,0.008666092529892921,12.0,0.5,M12_eta0.5
NOG,10007,960,80.0,492544,245760,960,9.830052375793457,50,0.1,12.0,0.5,y_bar,0.7182595729827881,0.006973764393478632,0.7182494401931763,0.008624018169939518,0.7182595729827881,0.006973764393478632,0.008281572721898556,12.0,0.5,M12_eta0.5
NOG,10007,16,1.0,9216,16384,16,0.2727925777435303,50,0.1,16.0,0.1,y_bar,0.7209327816963196,0.01075136847794056,0.7209033966064453,0.009853060357272625,0.7209327816963196,0.01075136847794056,0.009011653251945972,16.0,0.1,M16_eta0.1
NOG,10007,80,5.0,41984,32768,80,0.9559071063995361,50,0.1,16.0,0.1,y_bar,0.7204491496086121,0.008896943181753159,0.7203885912895203,0.007959888316690922,0.7204491496086121,0.008896943181753159,0.007354364730417728,16.0,0.1,M16_eta0.1
NOG,10007,144,9.0,74752,49152,144,1.5865914821624756,50,0.1,16.0,0.1,y_bar,0.7198911309242249,0.008427203632891178,0.7198227047920227,0.007751417811959982,0.7198911309242249,0.008427203632891178,0.007495460100471973,16.0,0.1,M16_eta0.1
NOG,10007,208,13.0,107520,65536,208,2.221193313598633,50,0.1,16.0,0.1,y_bar,0.7193648219108582,0.007335640490055084,0.7192893028259277,0.0069515760987997055,0.7193648219108582,0.007335640490055084,0.007816387340426445,16.0,0.1,M16_eta0.1
NOG,10007,272,17.0,140288,81920,272,2.87424373626709,50,0.1,16.0,0.1,y_bar,0.7186921238899231,0.007546999957412481,0.7186225652694702,0.007850621826946735,0.7186921238899231,0.007546999957412481,0.00867392122745514,16.0,0.1,M16_eta0.1
NOG,10007,336,21.0,173056,98304,336,3.4902660846710205,50,0.1,16.0,0.1,y_bar,0.7181251049041748,0.00778313260525465,0.7180477976799011,0.00754114193841815,0.7181251049041748,0.00778313260525465,0.008253291249275208,16.0,0.1,M16_eta0.1
NOG,10007,400,25.0,205824,114688,400,4.106200456619263,50,0.1,16.0,0.1,y_bar,0.7177643179893494,0.009199841879308224,0.717673122882843,0.006260244641453028,0.7177643179893494,0.009199841879308224,0.007936917245388031,16.0,0.1,M16_eta0.1
NOG,10007,464,29.0,238592,131072,464,4.7593371868133545,50,0.1,16.0,0.1,y_bar,0.7172290682792664,0.007526688277721405,0.7172051668167114,0.007742360699921846,0.7172290682792664,0.007526688277721405,0.0076011791825294495,16.0,0.1,M16_eta0.1
NOG,10007,528,33.0,271360,147456,528,5.355606555938721,50,0.1,16.0,0.1,y_bar,0.7168241739273071,0.008061961270868778,0.71673583984375,0.008450540713965893,0.7168241739273071,0.008061961270868778,0.0059145363047719,16.0,0.1,M16_eta0.1
NOG,10007,592,37.0,304128,163840,592,6.022140741348267,50,0.1,16.0,0.1,y_bar,0.7161852717399597,0.0070644221268594265,0.7161159515380859,0.008729864843189716,0.7161852717399597,0.0070644221268594265,0.007045896723866463,16.0,0.1,M16_eta0.1
NOG,10007,656,41.0,336896,180224,656,6.694002628326416,50,0.1,16.0,0.1,y_bar,0.7155585289001465,0.008285658434033394,0.7154763340950012,0.00822983868420124,0.7155585289001465,0.008285658434033394,0.00821112934499979,16.0,0.1,M16_eta0.1
NOG,10007,720,45.0,369664,196608,720,7.3092029094696045,50,0.1,16.0,0.1,y_bar,0.7148517966270447,0.008303939364850521,0.7147589921951294,0.008569981902837753,0.7148517966270447,0.008303939364850521,0.007907524704933167,16.0,0.1,M16_eta0.1
NOG,10007,784,49.0,402432,212992,784,8.003834009170532,50,0.1,16.0,0.1,y_bar,0.7141117453575134,0.008197478950023651,0.7140690088272095,0.007675650529563427,0.7141117453575134,0.008197478950023651,0.006837622262537479,16.0,0.1,M16_eta0.1
NOG,10007,848,53.0,435200,229376,848,8.641849517822266,50,0.1,16.0,0.1,y_bar,0.7135381102561951,0.007590229157358408,0.7134779691696167,0.009471061639487743,0.7135381102561951,0.007590229157358408,0.007249409332871437,16.0,0.1,M16_eta0.1
NOG,10007,912,57.0,467968,245760,912,9.3189058303833,50,0.1,16.0,0.1,y_bar,0.7129537463188171,0.007344389334321022,0.7128849625587463,0.008087034337222576,0.7129537463188171,0.007344389334321022,0.008330151438713074,16.0,0.1,M16_eta0.1
NOG,10007,960,60.0,492544,262144,960,9.818215370178223,50,0.1,16.0,0.1,y_bar,0.7125725150108337,0.00860101543366909,0.7125044465065002,0.007625997997820377,0.7125725150108337,0.00860101543366909,0.006732915062457323,16.0,0.1,M16_eta0.1
NOG,10007,16,1.0,9216,16384,16,0.2359905242919922,50,0.1,16.0,0.2,y_bar,0.7209269404411316,0.010912464931607246,0.7209100723266602,0.010303868912160397,0.7209269404411316,0.010912464931607246,0.009369563311338425,16.0,0.2,M16_eta0.2
NOG,10007,80,5.0,41984,32768,80,0.8360929489135742,50,0.1,16.0,0.2,y_bar,0.7207013964653015,0.008786166086792946,0.7206905484199524,0.007993487641215324,0.7207013964653015,0.008786166086792946,0.007360334508121014,16.0,0.2,M16_eta0.2
NOG,10007,144,9.0,74752,49152,144,1.4132847785949707,50,0.1,16.0,0.2,y_bar,0.7204902172088623,0.008310910314321518,0.7204673290252686,0.007671927567571402,0.7204902172088623,0.008310910314321518,0.006940563675016165,16.0,0.2,M16_eta0.2
NOG,10007,208,13.0,107520,65536,208,2.034308433532715,50,0.1,16.0,0.2,y_bar,0.7202990651130676,0.006873168982565403,0.7202730178833008,0.006559834815561771,0.7202990651130676,0.006873168982565403,0.007031142245978117,16.0,0.2,M16_eta0.2
NOG,10007,272,17.0,140288,81920,272,2.6462719440460205,50,0.1,16.0,0.2,y_bar,0.7200260758399963,0.007252848707139492,0.7199965715408325,0.007637630216777325,0.7200260758399963,0.007252848707139492,0.008070366457104683,16.0,0.2,M16_eta0.2
NOG,10007,336,21.0,173056,98304,336,3.329022169113159,50,0.1,16.0,0.2,y_bar,0.7197813391685486,0.006979485973715782,0.719752848148346,0.007652128115296364,0.7197813391685486,0.006979485973715782,0.007948191836476326,16.0,0.2,M16_eta0.2
NOG,10007,400,25.0,205824,114688,400,3.954113483428955,50,0.1,16.0,0.2,y_bar,0.7195762395858765,0.009379866532981396,0.7195543050765991,0.006382269319146872,0.7195762395858765,0.009379866532981396,0.007493714801967144,16.0,0.2,M16_eta0.2
NOG,10007,464,29.0,238592,131072,464,4.521360874176025,50,0.1,16.0,0.2,y_bar,0.7192915081977844,0.007515046279877424,0.7192730903625488,0.007443541195243597,0.7192915081977844,0.007515046279877424,0.007653762586414814,16.0,0.2,M16_eta0.2
NOG,10007,528,33.0,271360,147456,528,5.175765752792358,50,0.1,16.0,0.2,y_bar,0.7190349698066711,0.008928659372031689,0.7190095782279968,0.008068564347922802,0.7190349698066711,0.008928659372031689,0.005757235921919346,16.0,0.2,M16_eta0.2
NOG,10007,592,37.0,304128,163840,592,5.913163900375366,50,0.1,16.0,0.2,y_bar,0.7187201380729675,0.007092049811035395,0.7186835408210754,0.008252632804214954,0.7187201380729675,0.007092049811035395,0.007887556217610836,16.0,0.2,M16_eta0.2
NOG,10007,656,41.0,336896,180224,656,6.547178268432617,50,0.1,16.0,0.2,y_bar,0.7184591293334961,0.008301803842186928,0.7184342741966248,0.007124849129468203,0.7184591293334961,0.008301803842186928,0.007845799438655376,16.0,0.2,M16_eta0.2
NOG,10007,720,45.0,369664,196608,720,7.135807991027832,50,0.1,16.0,0.2,y_bar,0.718290388584137,0.007920663803815842,0.7182636857032776,0.007559292949736118,0.718290388584137,0.007920663803815842,0.007332314271479845,16.0,0.2,M16_eta0.2
NOG,10007,784,49.0,402432,212992,784,7.764096021652222,50,0.1,16.0,0.2,y_bar,0.7180887460708618,0.007489270996302366,0.7180883288383484,0.007410544902086258,0.7180887460708618,0.007489270996302366,0.006508721970021725,16.0,0.2,M16_eta0.2
NOG,10007,848,53.0,435200,229376,848,8.349514245986938,50,0.1,16.0,0.2,y_bar,0.7179237604141235,0.007472107652574778,0.7179086208343506,0.00875734444707632,0.7179237604141235,0.007472107652574778,0.00768930371850729,16.0,0.2,M16_eta0.2
NOG,10007,912,57.0,467968,245760,912,9.016885757446289,50,0.1,16.0,0.2,y_bar,0.7177702188491821,0.007120838388800621,0.717757523059845,0.00770209776237607,0.7177702188491821,0.007120838388800621,0.007481497712433338,16.0,0.2,M16_eta0.2
NOG,10007,960,60.0,492544,262144,960,9.522719383239746,50,0.1,16.0,0.2,y_bar,0.7176313400268555,0.007683213334530592,0.717606246471405,0.008335057646036148,0.7176313400268555,0.007683213334530592,0.006401432678103447,16.0,0.2,M16_eta0.2
NOG,10007,16,1.0,9216,16384,16,0.28341007232666016,50,0.1,16.0,0.3,y_bar,0.7209271788597107,0.011048690415918827,0.7209138870239258,0.010416512377560139,0.7209271788597107,0.011048690415918827,0.009641638025641441,16.0,0.3,M16_eta0.3
NOG,10007,80,5.0,41984,32768,80,0.9365673065185547,50,0.1,16.0,0.3,y_bar,0.7207616567611694,0.00894219521433115,0.720752477645874,0.008176947012543678,0.7207616567611694,0.00894219521433115,0.007638075388967991,16.0,0.3,M16_eta0.3
NOG,10007,144,9.0,74752,49152,144,1.5817291736602783,50,0.1,16.0,0.3,y_bar,0.7206156253814697,0.008266735821962357,0.7206059694290161,0.00797493476420641,0.7206156253814697,0.008266735821962357,0.007069731596857309,16.0,0.3,M16_eta0.3
NOG,10007,208,13.0,107520,65536,208,2.249769926071167,50,0.1,16.0,0.3,y_bar,0.7204987406730652,0.006990894675254822,0.7204815745353699,0.006564232986420393,0.7204987406730652,0.006990894675254822,0.007274147123098373,16.0,0.3,M16_eta0.3
NOG,10007,272,17.0,140288,81920,272,2.920926094055176,50,0.1,16.0,0.3,y_bar,0.7203091979026794,0.006920353509485722,0.7202894687652588,0.0078772883862257,0.7203091979026794,0.006920353509485722,0.00778533099219203,16.0,0.3,M16_eta0.3
NOG,10007,336,21.0,173056,98304,336,3.5323193073272705,50,0.1,16.0,0.3,y_bar,0.7201253771781921,0.007147648837417364,0.7201068997383118,0.0074204569682478905,0.7201253771781921,0.007147648837417364,0.007900678552687168,16.0,0.3,M16_eta0.3
NOG,10007,400,25.0,205824,114688,400,4.177400350570679,50,0.1,16.0,0.3,y_bar,0.7199908494949341,0.009101894684135914,0.719976544380188,0.0062689813785254955,0.7199908494949341,0.009101894684135914,0.007019295822829008,16.0,0.3,M16_eta0.3
NOG,10007,464,29.0,238592,131072,464,4.882420063018799,50,0.1,16.0,0.3,y_bar,0.7198165059089661,0.0070616984739899635,0.7197975516319275,0.007500118110328913,0.7198165059089661,0.0070616984739899635,0.007623985875397921,16.0,0.3,M16_eta0.3
NOG,10007,528,33.0,271360,147456,528,5.572862863540649,50,0.1,16.0,0.3,y_bar,0.7196289300918579,0.008733822032809258,0.7196133732795715,0.007980692200362682,0.7196289300918579,0.008733822032809258,0.006046612747013569,16.0,0.3,M16_eta0.3
NOG,10007,592,37.0,304128,163840,592,6.150990724563599,50,0.1,16.0,0.3,y_bar,0.7194649577140808,0.007405532989650965,0.7194363474845886,0.00821184553205967,0.7194649577140808,0.007405532989650965,0.007854744791984558,16.0,0.3,M16_eta0.3
NOG,10007,656,41.0,336896,180224,656,6.698683977127075,50,0.1,16.0,0.3,y_bar,0.7192557454109192,0.008484586142003536,0.7192333936691284,0.007387899793684483,0.7192557454109192,0.008484586142003536,0.007709254045039415,16.0,0.3,M16_eta0.3
NOG,10007,720,45.0,369664,196608,720,7.342278242111206,50,0.1,16.0,0.3,y_bar,0.7191116213798523,0.008087841793894768,0.7190884947776794,0.007502499036490917,0.7191116213798523,0.008087841793894768,0.007464392110705376,16.0,0.3,M16_eta0.3
NOG,10007,784,49.0,402432,212992,784,7.929414510726929,50,0.1,16.0,0.3,y_bar,0.7189271450042725,0.007353710010647774,0.7189134359359741,0.007076401263475418,0.7189271450042725,0.007353710010647774,0.006403155624866486,16.0,0.3,M16_eta0.3
NOG,10007,848,53.0,435200,229376,848,8.651912689208984,50,0.1,16.0,0.3,y_bar,0.7187339663505554,0.007472084369510412,0.7187132239341736,0.0088658994063735,0.7187339663505554,0.007472084369510412,0.007369886618107557,16.0,0.3,M16_eta0.3
NOG,10007,912,57.0,467968,245760,912,9.259013175964355,50,0.1,16.0,0.3,y_bar,0.7185739278793335,0.00706824753433466,0.718564510345459,0.007616192102432251,0.7185739278793335,0.00706824753433466,0.007333729416131973,16.0,0.3,M16_eta0.3
NOG,10007,960,60.0,492544,262144,960,9.820115089416504,50,0.1,16.0,0.3,y_bar,0.7184637188911438,0.007513406686484814,0.7184479832649231,0.007636379916220903,0.7184637188911438,0.007513406686484814,0.006486586295068264,16.0,0.3,M16_eta0.3
NOG,10007,16,1.0,9216,16384,16,0.25563883781433105,50,0.1,16.0,0.5,y_bar,0.7209272384643555,0.011153542436659336,0.7209163308143616,0.010527015663683414,0.7209272384643555,0.011153542436659336,0.009759556502103806,16.0,0.5,M16_eta0.5
NOG,10007,80,5.0,41984,32768,80,0.8927738666534424,50,0.1,16.0,0.5,y_bar,0.7207937240600586,0.009200409054756165,0.720787525177002,0.00843909289687872,0.7207937240600586,0.009200409054756165,0.007871785201132298,16.0,0.5,M16_eta0.5
NOG,10007,144,9.0,74752,49152,144,1.5629029273986816,50,0.1,16.0,0.5,y_bar,0.720681369304657,0.008372717536985874,0.7206747531890869,0.007935586385428905,0.720681369304657,0.008372717536985874,0.007332436740398407,16.0,0.5,M16_eta0.5
NOG,10007,208,13.0,107520,65536,208,2.240370273590088,50,0.1,16.0,0.5,y_bar,0.7205936312675476,0.007027956657111645,0.7205808758735657,0.006483156234025955,0.7205936312675476,0.007027956657111645,0.007444753777235746,16.0,0.5,M16_eta0.5
NOG,10007,272,17.0,140288,81920,272,2.915273904800415,50,0.1,16.0,0.5,y_bar,0.7204562425613403,0.006830614060163498,0.7204358577728271,0.007814180105924606,0.7204562425613403,0.006830614060163498,0.007911148481070995,16.0,0.5,M16_eta0.5
NOG,10007,336,21.0,173056,98304,336,3.553173303604126,50,0.1,16.0,0.5,y_bar,0.7203058004379272,0.007095246110111475,0.7202929854393005,0.007363780867308378,0.7203058004379272,0.007095246110111475,0.008006731048226357,16.0,0.5,M16_eta0.5
NOG,10007,400,25.0,205824,114688,400,4.183399200439453,50,0.1,16.0,0.5,y_bar,0.7202145457267761,0.009135576896369457,0.7202037572860718,0.00629339087754488,0.7202145457267761,0.009135576896369457,0.006817257963120937,16.0,0.5,M16_eta0.5
NOG,10007,464,29.0,238592,131072,464,4.876618385314941,50,0.1,16.0,0.5,y_bar,0.7200779914855957,0.006824183277785778,0.720061719417572,0.007400468923151493,0.7200779914855957,0.006824183277785778,0.007600621785968542,16.0,0.5,M16_eta0.5
NOG,10007,528,33.0,271360,147456,528,5.490314722061157,50,0.1,16.0,0.5,y_bar,0.7199296951293945,0.00871212873607874,0.7199199199676514,0.008272197097539902,0.7199296951293945,0.00871212873607874,0.005943546071648598,16.0,0.5,M16_eta0.5
NOG,10007,592,37.0,304128,163840,592,6.1297221183776855,50,0.1,16.0,0.5,y_bar,0.7198027968406677,0.007340091280639172,0.7197802662849426,0.008162477053701878,0.7198027968406677,0.007340091280639172,0.007908533327281475,16.0,0.5,M16_eta0.5
NOG,10007,656,41.0,336896,180224,656,6.78515625,50,0.1,16.0,0.5,y_bar,0.7196651101112366,0.008514809422194958,0.719650387763977,0.007486800663173199,0.7196651101112366,0.008514809422194958,0.007531899493187666,16.0,0.5,M16_eta0.5
NOG,10007,720,45.0,369664,196608,720,7.468284606933594,50,0.1,16.0,0.5,y_bar,0.7195753455162048,0.008153428323566914,0.7195640802383423,0.007286108564585447,0.7195753455162048,0.008153428323566914,0.007138801738619804,16.0,0.5,M16_eta0.5
NOG,10007,784,49.0,402432,212992,784,8.144723415374756,50,0.1,16.0,0.5,y_bar,0.7194615602493286,0.007501714862883091,0.7194490432739258,0.006892338860780001,0.7194615602493286,0.007501714862883091,0.006487819366157055,16.0,0.5,M16_eta0.5
NOG,10007,848,53.0,435200,229376,848,8.823680400848389,50,0.1,16.0,0.5,y_bar,0.7193079590797424,0.007520248647779226,0.7192880511283875,0.00893950555473566,0.7193079590797424,0.007520248647779226,0.007408447097986937,16.0,0.5,M16_eta0.5
NOG,10007,912,57.0,467968,245760,912,9.473050594329834,50,0.1,16.0,0.5,y_bar,0.7191784977912903,0.007397607434540987,0.7191683053970337,0.0076590487733483315,0.7191784977912903,0.007397607434540987,0.0073015824891626835,16.0,0.5,M16_eta0.5
NOG,10007,960,60.0,492544,262144,960,10.039205074310303,50,0.1,16.0,0.5,y_bar,0.7190852761268616,0.007991437800228596,0.7190656661987305,0.007584521546959877,0.7190852761268616,0.007991437800228596,0.007183435373008251,16.0,0.5,M16_eta0.5
SmoothedSGD,20007,1,,512,8192,1,0.06349992752075195,50,0.1,,0.05,x,0.7209302186965942,0.010503162629902363,0.7209302186965942,0.010503162629902363,,,,,0.05,SmoothedSGD
SmoothedSGD,20007,64,,32768,16384,64,0.6933786869049072,50,0.1,,0.05,x,0.7208765149116516,0.0092468848451972,0.7208765149116516,0.0092468848451972,,,,,0.05,SmoothedSGD
SmoothedSGD,20007,128,,65536,24576,128,1.2577080726623535,50,0.1,,0.05,x,0.7208248376846313,0.00821306649595499,0.7208248376846313,0.00821306649595499,,,,,0.05,SmoothedSGD
SmoothedSGD,20007,192,,98304,32768,192,1.828446865081787,50,0.1,,0.05,x,0.7207737565040588,0.00933114718645811,0.7207737565040588,0.00933114718645811,,,,,0.05,SmoothedSGD
SmoothedSGD,20007,256,,131072,40960,256,2.4149324893951416,50,0.1,,0.05,x,0.7207328081130981,0.007154752966016531,0.7207328081130981,0.007154752966016531,,,,,0.05,SmoothedSGD
SmoothedSGD,20007,320,,163840,49152,320,2.9716391563415527,50,0.1,,0.05,x,0.7206791639328003,0.008898665197193623,0.7206791639328003,0.008898665197193623,,,,,0.05,SmoothedSGD
SmoothedSGD,20007,384,,196608,57344,384,3.546365737915039,50,0.1,,0.05,x,0.7206360101699829,0.007664763368666172,0.7206360101699829,0.007664763368666172,,,,,0.05,SmoothedSGD
SmoothedSGD,20007,448,,229376,65536,448,4.127907991409302,50,0.1,,0.05,x,0.7206109762191772,0.0070068384520709515,0.7206109762191772,0.0070068384520709515,,,,,0.05,SmoothedSGD
SmoothedSGD,20007,512,,262144,73728,512,4.719722509384155,50,0.1,,0.05,x,0.7205650210380554,0.007164988666772842,0.7205650210380554,0.007164988666772842,,,,,0.05,SmoothedSGD
SmoothedSGD,20007,576,,294912,81920,576,5.321866273880005,50,0.1,,0.05,x,0.7205279469490051,0.006572490558028221,0.7205279469490051,0.006572490558028221,,,,,0.05,SmoothedSGD
SmoothedSGD,20007,640,,327680,90112,640,5.920390844345093,50,0.1,,0.05,x,0.7204893231391907,0.00819066260010004,0.7204893231391907,0.00819066260010004,,,,,0.05,SmoothedSGD
SmoothedSGD,20007,704,,360448,98304,704,6.582558631896973,50,0.1,,0.05,x,0.7204524278640747,0.007014919072389603,0.7204524278640747,0.007014919072389603,,,,,0.05,SmoothedSGD
SmoothedSGD,20007,768,,393216,106496,768,7.177474021911621,50,0.1,,0.05,x,0.7204097509384155,0.007349810563027859,0.7204097509384155,0.007349810563027859,,,,,0.05,SmoothedSGD
SmoothedSGD,20007,832,,425984,114688,832,7.777650833129883,50,0.1,,0.05,x,0.7203660607337952,0.007989753037691116,0.7203660607337952,0.007989753037691116,,,,,0.05,SmoothedSGD
SmoothedSGD,20007,896,,458752,122880,896,8.355604887008667,50,0.1,,0.05,x,0.7203266024589539,0.008240686729550362,0.7203266024589539,0.008240686729550362,,,,,0.05,SmoothedSGD
SmoothedSGD,20007,960,,491520,131072,960,8.981183052062988,50,0.1,,0.05,x,0.7202890515327454,0.006866696756333113,0.7202890515327454,0.006866696756333113,,,,,0.05,SmoothedSGD
NOG,10008,4,1.0,3072,16384,4,0.17519569396972656,50,0.1,4.0,0.1,y_bar,0.7210156917572021,0.011041120626032352,0.7210234999656677,0.010164542123675346,0.7210156917572021,0.011041120626032352,0.018377164378762245,4.0,0.1,M4_eta0.1
NOG,10008,68,17.0,35840,32768,68,0.8659319877624512,50,0.1,4.0,0.1,y_bar,0.7193228006362915,0.008161675184965134,0.7193524837493896,0.008652545511722565,0.7193228006362915,0.008161675184965134,0.012988326139748096,4.0,0.1,M4_eta0.1
NOG,10008,132,33.0,68608,49152,132,1.5629074573516846,50,0.1,4.0,0.1,y_bar,0.7192788124084473,0.008576273918151855,0.7192763090133667,0.010036447085440159,0.7192788124084473,0.008576273918151855,0.013497871346771717,4.0,0.1,M4_eta0.1
NOG,10008,196,49.0,101376,65536,196,2.2464516162872314,50,0.1,4.0,0.1,y_bar,0.7194496989250183,0.008865883573889732,0.7194588780403137,0.00858051236718893,0.7194496989250183,0.008865883573889732,0.016235653311014175,4.0,0.1,M4_eta0.1
NOG,10008,260,65.0,134144,81920,260,2.941741704940796,50,0.1,4.0,0.1,y_bar,0.7182070016860962,0.010634427890181541,0.7182010412216187,0.00888932403177023,0.7182070016860962,0.010634427890181541,0.014818151481449604,4.0,0.1,M4_eta0.1
NOG,10008,324,81.0,166912,98304,324,3.62003231048584,50,0.1,4.0,0.1,y_bar,0.717329740524292,0.009270729497075081,0.7173936367034912,0.010429807007312775,0.717329740524292,0.009270729497075081,0.013205303810536861,4.0,0.1,M4_eta0.1
NOG,10008,388,97.0,199680,114688,388,4.28509783744812,50,0.1,4.0,0.1,y_bar,0.7180255651473999,0.009743633680045605,0.7179979681968689,0.009620423428714275,0.7180255651473999,0.009743633680045605,0.015230798162519932,4.0,0.1,M4_eta0.1
NOG,10008,452,113.0,232448,131072,452,4.94517970085144,50,0.1,4.0,0.1,y_bar,0.717324435710907,0.009274331852793694,0.7173207998275757,0.009184339083731174,0.717324435710907,0.009274331852793694,0.0136616425588727,4.0,0.1,M4_eta0.1
NOG,10008,516,129.0,265216,147456,516,5.594752073287964,50,0.1,4.0,0.1,y_bar,0.7167718410491943,0.00947809498757124,0.7167276740074158,0.010964810848236084,0.7167718410491943,0.00947809498757124,0.014992841519415379,4.0,0.1,M4_eta0.1
NOG,10008,580,145.0,297984,163840,580,6.259160280227661,50,0.1,4.0,0.1,y_bar,0.7149686217308044,0.010662578977644444,0.7149283289909363,0.008604875765740871,0.7149686217308044,0.010662578977644444,0.015477451495826244,4.0,0.1,M4_eta0.1
NOG,10008,644,161.0,330752,180224,644,6.93594217300415,50,0.1,4.0,0.1,y_bar,0.7156728506088257,0.010074093006551266,0.7156821489334106,0.008469677530229092,0.7156728506088257,0.010074093006551266,0.014581907540559769,4.0,0.1,M4_eta0.1
NOG,10008,708,177.0,363520,196608,708,7.599891901016235,50,0.1,4.0,0.1,y_bar,0.7152752876281738,0.010464200749993324,0.7151966691017151,0.010142682120203972,0.7152752876281738,0.010464200749993324,0.01373567245900631,4.0,0.1,M4_eta0.1
NOG,10008,772,193.0,396288,212992,772,8.278875589370728,50,0.1,4.0,0.1,y_bar,0.7135268449783325,0.008963392116129398,0.7135049700737,0.010873769409954548,0.7135268449783325,0.008963392116129398,0.01504376158118248,4.0,0.1,M4_eta0.1
NOG,10008,836,209.0,429056,229376,836,8.96509861946106,50,0.1,4.0,0.1,y_bar,0.7142409682273865,0.008622069843113422,0.7142826318740845,0.010425527580082417,0.7142409682273865,0.008622069843113422,0.016023023054003716,4.0,0.1,M4_eta0.1
NOG,10008,900,225.0,461824,245760,900,9.64232349395752,50,0.1,4.0,0.1,y_bar,0.7143580317497253,0.008762526325881481,0.7144086956977844,0.011345885694026947,0.7143580317497253,0.008762526325881481,0.014195235446095467,4.0,0.1,M4_eta0.1
NOG,10008,960,240.0,492544,262144,960,10.283854484558105,50,0.1,4.0,0.1,y_bar,0.7137384414672852,0.010633029974997044,0.713670551776886,0.010728090070188046,0.7137384414672852,0.010633029974997044,0.016340285539627075,4.0,0.1,M4_eta0.1
NOG,10008,4,1.0,3072,16384,4,0.16449642181396484,50,0.1,4.0,0.2,y_bar,0.7210312485694885,0.010856779292225838,0.7210440039634705,0.00999296922236681,0.7210312485694885,0.010856779292225838,0.017904331907629967,4.0,0.2,M4_eta0.2
NOG,10008,68,17.0,35840,32768,68,0.831993579864502,50,0.1,4.0,0.2,y_bar,0.7192749381065369,0.008823508396744728,0.7192575335502625,0.008421296253800392,0.7192749381065369,0.008823508396744728,0.01420333981513977,4.0,0.2,M4_eta0.2
NOG,10008,132,33.0,68608,49152,132,1.5272650718688965,50,0.1,4.0,0.2,y_bar,0.7185617685317993,0.007835361175239086,0.7185375690460205,0.009593714028596878,0.7185617685317993,0.007835361175239086,0.014599556103348732,4.0,0.2,M4_eta0.2
NOG,10008,196,49.0,101376,65536,196,2.0816242694854736,50,0.1,4.0,0.2,y_bar,0.71753990650177,0.007687026634812355,0.7175277471542358,0.00803033635020256,0.71753990650177,0.007687026634812355,0.013447915203869343,4.0,0.2,M4_eta0.2
NOG,10008,260,65.0,134144,81920,260,2.6855885982513428,50,0.1,4.0,0.2,y_bar,0.7165665030479431,0.008244792930781841,0.7165575623512268,0.009382971562445164,0.7165665030479431,0.008244792930781841,0.014476791955530643,4.0,0.2,M4_eta0.2
NOG,10008,324,81.0,166912,98304,324,3.3058419227600098,50,0.1,4.0,0.2,y_bar,0.7160456776618958,0.009502649307250977,0.7160294651985168,0.008348051458597183,0.7160456776618958,0.009502649307250977,0.01405259408056736,4.0,0.2,M4_eta0.2
NOG,10008,388,97.0,199680,114688,388,3.9861466884613037,50,0.1,4.0,0.2,y_bar,0.7158569097518921,0.009307743981480598,0.7158568501472473,0.009500676766037941,0.7158569097518921,0.009307743981480598,0.013393843546509743,4.0,0.2,M4_eta0.2
NOG,10008,452,113.0,232448,131072,452,4.637206077575684,50,0.1,4.0,0.2,y_bar,0.7154155969619751,0.007735380437225103,0.7154374718666077,0.007713171187788248,0.7154155969619751,0.007735380437225103,0.01317294966429472,4.0,0.2,M4_eta0.2
NOG,10008,516,129.0,265216,147456,516,5.261571884155273,50,0.1,4.0,0.2,y_bar,0.7151580452919006,0.008890047669410706,0.7151360511779785,0.008784289471805096,0.7151580452919006,0.008890047669410706,0.014533021487295628,4.0,0.2,M4_eta0.2
NOG,10008,580,145.0,297984,163840,580,5.862672805786133,50,0.1,4.0,0.2,y_bar,0.7144845724105835,0.00950105581432581,0.7145035862922668,0.007631335407495499,0.7144845724105835,0.00950105581432581,0.016053341329097748,4.0,0.2,M4_eta0.2
NOG,10008,644,161.0,330752,180224,644,6.480826139450073,50,0.1,4.0,0.2,y_bar,0.715190589427948,0.009978831745684147,0.7152109742164612,0.008902358822524548,0.715190589427948,0.009978831745684147,0.01534324325621128,4.0,0.2,M4_eta0.2
NOG,10008,708,177.0,363520,196608,708,7.111055612564087,50,0.1,4.0,0.2,y_bar,0.7147865891456604,0.009535156190395355,0.7148571014404297,0.008473489433526993,0.7147865891456604,0.009535156190395355,0.012156620621681213,4.0,0.2,M4_eta0.2
NOG,10008,772,193.0,396288,212992,772,7.7320237159729,50,0.1,4.0,0.2,y_bar,0.7145206332206726,0.007817301899194717,0.7144834995269775,0.008654135279357433,0.7145206332206726,0.007817301899194717,0.014671090990304947,4.0,0.2,M4_eta0.2
NOG,10008,836,209.0,429056,229376,836,8.346846103668213,50,0.1,4.0,0.2,y_bar,0.7143462896347046,0.01067119650542736,0.7143386602401733,0.009693708270788193,0.7143462896347046,0.01067119650542736,0.017807593569159508,4.0,0.2,M4_eta0.2
NOG,10008,900,225.0,461824,245760,900,8.930917024612427,50,0.1,4.0,0.2,y_bar,0.7142536044120789,0.00934503972530365,0.7142544984817505,0.009345229715108871,0.7142536044120789,0.00934503972530365,0.016232255846261978,4.0,0.2,M4_eta0.2
NOG,10008,960,240.0,492544,262144,960,9.540710926055908,50,0.1,4.0,0.2,y_bar,0.7137209177017212,0.009109001606702805,0.7137045860290527,0.008185571990907192,0.7137209177017212,0.009109001606702805,0.014627429656684399,4.0,0.2,M4_eta0.2
NOG,10008,4,1.0,3072,16384,4,0.12652873992919922,50,0.1,4.0,0.3,y_bar,0.7210476398468018,0.010745050385594368,0.7210664749145508,0.010020933113992214,0.7210476398468018,0.010745050385594368,0.017934318631887436,4.0,0.3,M4_eta0.3
NOG,10008,68,17.0,35840,32768,68,0.7518589496612549,50,0.1,4.0,0.3,y_bar,0.7193958759307861,0.008620942011475563,0.7193339467048645,0.008060937747359276,0.7193958759307861,0.008620942011475563,0.014344322495162487,4.0,0.3,M4_eta0.3
NOG,10008,132,33.0,68608,49152,132,1.3850178718566895,50,0.1,4.0,0.3,y_bar,0.7184678316116333,0.00828519742935896,0.718454897403717,0.008659958839416504,0.7184678316116333,0.00828519742935896,0.015678247436881065,4.0,0.3,M4_eta0.3
NOG,10008,196,49.0,101376,65536,196,2.036168336868286,50,0.1,4.0,0.3,y_bar,0.7175771594047546,0.007716815918684006,0.7175676226615906,0.007518231403082609,0.7175771594047546,0.007716815918684006,0.012995440512895584,4.0,0.3,M4_eta0.3
NOG,10008,260,65.0,134144,81920,260,2.642707586288452,50,0.1,4.0,0.3,y_bar,0.717181384563446,0.007216772064566612,0.7172001600265503,0.007906448096036911,0.717181384563446,0.007216772064566612,0.011175951920449734,4.0,0.3,M4_eta0.3
NOG,10008,324,81.0,166912,98304,324,3.237555503845215,50,0.1,4.0,0.3,y_bar,0.716919481754303,0.009730245918035507,0.7168646454811096,0.007974060252308846,0.716919481754303,0.009730245918035507,0.015011594630777836,4.0,0.3,M4_eta0.3
NOG,10008,388,97.0,199680,114688,388,3.899412155151367,50,0.1,4.0,0.3,y_bar,0.7163208723068237,0.0076239448972046375,0.7163361310958862,0.0075880116783082485,0.7163208723068237,0.0076239448972046375,0.012667370028793812,4.0,0.3,M4_eta0.3
NOG,10008,452,113.0,232448,131072,452,4.557083606719971,50,0.1,4.0,0.3,y_bar,0.7159735560417175,0.007542818784713745,0.7159953713417053,0.008742115460336208,0.7159735560417175,0.007542818784713745,0.01525800209492445,4.0,0.3,M4_eta0.3
NOG,10008,516,129.0,265216,147456,516,5.187198638916016,50,0.1,4.0,0.3,y_bar,0.7160372734069824,0.008928988128900528,0.7160912752151489,0.009778914041817188,0.7160372734069824,0.008928988128900528,0.01426139660179615,4.0,0.3,M4_eta0.3
NOG,10008,580,145.0,297984,163840,580,5.892598628997803,50,0.1,4.0,0.3,y_bar,0.7158834934234619,0.008401656523346901,0.7158966660499573,0.008342449553310871,0.7158834934234619,0.008401656523346901,0.014540198259055614,4.0,0.3,M4_eta0.3
NOG,10008,644,161.0,330752,180224,644,6.497870445251465,50,0.1,4.0,0.3,y_bar,0.7154814004898071,0.00827307440340519,0.7155047059059143,0.006311340257525444,0.7154814004898071,0.00827307440340519,0.015249328687787056,4.0,0.3,M4_eta0.3
NOG,10008,708,177.0,363520,196608,708,7.135961294174194,50,0.1,4.0,0.3,y_bar,0.7151305079460144,0.008340326137840748,0.7151185274124146,0.0074540614150464535,0.7151305079460144,0.008340326137840748,0.015900347381830215,4.0,0.3,M4_eta0.3
NOG,10008,772,193.0,396288,212992,772,7.7769763469696045,50,0.1,4.0,0.3,y_bar,0.7146731615066528,0.007487164344638586,0.7146558165550232,0.007499312050640583,0.7146731615066528,0.007487164344638586,0.012262746691703796,4.0,0.3,M4_eta0.3
NOG,10008,836,209.0,429056,229376,836,8.345841646194458,50,0.1,4.0,0.3,y_bar,0.7145997285842896,0.007923983037471771,0.7146812677383423,0.008429884910583496,0.7145997285842896,0.007923983037471771,0.015614105388522148,4.0,0.3,M4_eta0.3
NOG,10008,900,225.0,461824,245760,900,9.057902574539185,50,0.1,4.0,0.3,y_bar,0.7147780656814575,0.008296345360577106,0.7147846221923828,0.008558787405490875,0.7147780656814575,0.008296345360577106,0.013920517638325691,4.0,0.3,M4_eta0.3
NOG,10008,960,240.0,492544,262144,960,9.632194995880127,50,0.1,4.0,0.3,y_bar,0.7141468524932861,0.008387732319533825,0.7141690254211426,0.008494400419294834,0.7141468524932861,0.008387732319533825,0.013885105028748512,4.0,0.3,M4_eta0.3
NOG,10008,4,1.0,3072,16384,4,0.12593817710876465,50,0.1,4.0,0.5,y_bar,0.7210454344749451,0.01074980664998293,0.721041738986969,0.009791621007025242,0.7210454344749451,0.01074980664998293,0.01791749708354473,4.0,0.5,M4_eta0.5
NOG,10008,68,17.0,35840,32768,68,0.6811623573303223,50,0.1,4.0,0.5,y_bar,0.7198281288146973,0.009006188251078129,0.7197814583778381,0.008215203881263733,0.7198281288146973,0.009006188251078129,0.014109024778008461,4.0,0.5,M4_eta0.5
NOG,10008,132,33.0,68608,49152,132,1.3025217056274414,50,0.1,4.0,0.5,y_bar,0.7186540961265564,0.00830797292292118,0.7186428308486938,0.007913065142929554,0.7186540961265564,0.00830797292292118,0.014064148999750614,4.0,0.5,M4_eta0.5
NOG,10008,196,49.0,101376,65536,196,1.9146051406860352,50,0.1,4.0,0.5,y_bar,0.7185636758804321,0.008762842044234276,0.7185809016227722,0.007572101429104805,0.7185636758804321,0.008762842044234276,0.011322920210659504,4.0,0.5,M4_eta0.5
NOG,10008,260,65.0,134144,81920,260,2.4925875663757324,50,0.1,4.0,0.5,y_bar,0.7183188796043396,0.008559591136872768,0.718343198299408,0.008540153503417969,0.7183188796043396,0.008559591136872768,0.01109250821173191,4.0,0.5,M4_eta0.5
NOG,10008,324,81.0,166912,98304,324,3.133429765701294,50,0.1,4.0,0.5,y_bar,0.71796715259552,0.00812526699155569,0.7179612517356873,0.007295623421669006,0.71796715259552,0.00812526699155569,0.014702633023262024,4.0,0.5,M4_eta0.5
NOG,10008,388,97.0,199680,114688,388,3.739567518234253,50,0.1,4.0,0.5,y_bar,0.7176740169525146,0.006947354879230261,0.7176551222801208,0.007396292872726917,0.7176740169525146,0.006947354879230261,0.01430451963096857,4.0,0.5,M4_eta0.5
NOG,10008,452,113.0,232448,131072,452,4.300374984741211,50,0.1,4.0,0.5,y_bar,0.7172507643699646,0.008682969026267529,0.7172505855560303,0.0066794222220778465,0.7172507643699646,0.008682969026267529,0.012984877452254295,4.0,0.5,M4_eta0.5
NOG,10008,516,129.0,265216,147456,516,4.889185905456543,50,0.1,4.0,0.5,y_bar,0.716856062412262,0.007963449694216251,0.7168987393379211,0.00860988162457943,0.716856062412262,0.007963449694216251,0.013737346045672894,4.0,0.5,M4_eta0.5
NOG,10008,580,145.0,297984,163840,580,5.588354110717773,50,0.1,4.0,0.5,y_bar,0.7166253328323364,0.007038355339318514,0.7166197299957275,0.00775370467454195,0.7166253328323364,0.007038355339318514,0.013613269664347172,4.0,0.5,M4_eta0.5
NOG,10008,644,161.0,330752,180224,644,6.195883274078369,50,0.1,4.0,0.5,y_bar,0.7165077924728394,0.007299230899661779,0.7165164351463318,0.0067527717910707,0.7165077924728394,0.007299230899661779,0.012212426401674747,4.0,0.5,M4_eta0.5
NOG,10008,708,177.0,363520,196608,708,6.759839296340942,50,0.1,4.0,0.5,y_bar,0.7163302898406982,0.007309955079108477,0.7163661122322083,0.006755382753908634,0.7163302898406982,0.007309955079108477,0.011781960725784302,4.0,0.5,M4_eta0.5
NOG,10008,772,193.0,396288,212992,772,7.371549367904663,50,0.1,4.0,0.5,y_bar,0.7159144878387451,0.0071381437592208385,0.7159355282783508,0.007220333907753229,0.7159144878387451,0.0071381437592208385,0.014971640892326832,4.0,0.5,M4_eta0.5
NOG,10008,836,209.0,429056,229376,836,8.034318208694458,50,0.1,4.0,0.5,y_bar,0.7155379056930542,0.006750939879566431,0.7155442833900452,0.008822217583656311,0.7155379056930542,0.006750939879566431,0.015240320935845375,4.0,0.5,M4_eta0.5
NOG,10008,900,225.0,461824,245760,900,8.61447024345398,50,0.1,4.0,0.5,y_bar,0.7150744795799255,0.008560895919799805,0.7150155901908875,0.008391366340219975,0.7150744795799255,0.008560895919799805,0.015078368596732616,4.0,0.5,M4_eta0.5
NOG,10008,960,240.0,492544,262144,960,9.132215976715088,50,0.1,4.0,0.5,y_bar,0.7142682671546936,0.00814022496342659,0.7142335772514343,0.008587083779275417,0.7142682671546936,0.00814022496342659,0.011450186371803284,4.0,0.5,M4_eta0.5
NOG,10008,8,1.0,5120,16384,8,0.14314627647399902,50,0.1,8.0,0.1,y_bar,0.7210045456886292,0.010369554162025452,0.7209783792495728,0.007981142960488796,0.7210045456886292,0.010369554162025452,0.013133144937455654,8.0,0.1,M8_eta0.1
NOG,10008,72,9.0,37888,32768,72,0.7297987937927246,50,0.1,8.0,0.1,y_bar,0.7198119759559631,0.007905233651399612,0.7197449207305908,0.009548384696245193,0.7198119759559631,0.007905233651399612,0.01061013899743557,8.0,0.1,M8_eta0.1
NOG,10008,136,17.0,70656,49152,136,1.3513474464416504,50,0.1,8.0,0.1,y_bar,0.7186459898948669,0.007091608364135027,0.7186198234558105,0.006948431488126516,0.7186459898948669,0.007091608364135027,0.010220935568213463,8.0,0.1,M8_eta0.1
NOG,10008,200,25.0,103424,65536,200,2.0430285930633545,50,0.1,8.0,0.1,y_bar,0.7184551954269409,0.00750445993617177,0.7184478640556335,0.008633407764136791,0.7184551954269409,0.00750445993617177,0.010789331048727036,8.0,0.1,M8_eta0.1
NOG,10008,264,33.0,136192,81920,264,2.6397294998168945,50,0.1,8.0,0.1,y_bar,0.7179916501045227,0.008133064955472946,0.7179632782936096,0.007457032799720764,0.7179916501045227,0.008133064955472946,0.007832663133740425,8.0,0.1,M8_eta0.1
NOG,10008,328,41.0,168960,98304,328,3.2116692066192627,50,0.1,8.0,0.1,y_bar,0.7174497842788696,0.007763579487800598,0.7174170017242432,0.006754135712981224,0.7174497842788696,0.007763579487800598,0.0107260225340724,8.0,0.1,M8_eta0.1
NOG,10008,392,49.0,201728,114688,392,3.782327651977539,50,0.1,8.0,0.1,y_bar,0.717097818851471,0.00913903210312128,0.7171233892440796,0.008969364687800407,0.717097818851471,0.00913903210312128,0.0091643575578928,8.0,0.1,M8_eta0.1
NOG,10008,456,57.0,234496,131072,456,4.363913536071777,50,0.1,8.0,0.1,y_bar,0.7168835401535034,0.007709404453635216,0.7168620228767395,0.007070218212902546,0.7168835401535034,0.007709404453635216,0.009491471573710442,8.0,0.1,M8_eta0.1
NOG,10008,520,65.0,267264,147456,520,4.952387809753418,50,0.1,8.0,0.1,y_bar,0.7167582511901855,0.007724448572844267,0.7167060971260071,0.00827401876449585,0.7167582511901855,0.007724448572844267,0.011837879195809364,8.0,0.1,M8_eta0.1
NOG,10008,584,73.0,300032,163840,584,5.524187803268433,50,0.1,8.0,0.1,y_bar,0.716512143611908,0.007970420643687248,0.7164987325668335,0.006416209042072296,0.716512143611908,0.007970420643687248,0.01121057290583849,8.0,0.1,M8_eta0.1
NOG,10008,648,81.0,332800,180224,648,6.198084354400635,50,0.1,8.0,0.1,y_bar,0.7162626385688782,0.007820411585271358,0.7162768840789795,0.0089369872584939,0.7162626385688782,0.007820411585271358,0.011516114696860313,8.0,0.1,M8_eta0.1
NOG,10008,712,89.0,365568,196608,712,6.776439666748047,50,0.1,8.0,0.1,y_bar,0.7161881327629089,0.007685420103371143,0.7161303758621216,0.00872158631682396,0.7161881327629089,0.007685420103371143,0.010433795861899853,8.0,0.1,M8_eta0.1
NOG,10008,776,97.0,398336,212992,776,7.33326530456543,50,0.1,8.0,0.1,y_bar,0.7156782150268555,0.010226749815046787,0.7155997157096863,0.006757521070539951,0.7156782150268555,0.010226749815046787,0.011469520628452301,8.0,0.1,M8_eta0.1
NOG,10008,840,105.0,431104,229376,840,7.879359245300293,50,0.1,8.0,0.1,y_bar,0.7151691913604736,0.008320867083966732,0.7151029109954834,0.009421049617230892,0.7151691913604736,0.008320867083966732,0.009940534830093384,8.0,0.1,M8_eta0.1
NOG,10008,904,113.0,463872,245760,904,8.43459439277649,50,0.1,8.0,0.1,y_bar,0.7146087884902954,0.007702482398599386,0.7145925760269165,0.007048489525914192,0.7146087884902954,0.007702482398599386,0.009456992149353027,8.0,0.1,M8_eta0.1
NOG,10008,960,120.0,492544,262144,960,9.016272068023682,50,0.1,8.0,0.1,y_bar,0.7146131992340088,0.009326010011136532,0.7145951986312866,0.00910297129303217,0.7146131992340088,0.009326010011136532,0.010631106793880463,8.0,0.1,M8_eta0.1
NOG,10008,8,1.0,5120,16384,8,0.16472816467285156,50,0.1,8.0,0.2,y_bar,0.7210016250610352,0.010177729651331902,0.7209672927856445,0.007706108037382364,0.7210016250610352,0.010177729651331902,0.012875980697572231,8.0,0.2,M8_eta0.2
NOG,10008,72,9.0,37888,32768,72,0.8063521385192871,50,0.1,8.0,0.2,y_bar,0.7201755046844482,0.007821748964488506,0.7200926542282104,0.009287009947001934,0.7201755046844482,0.007821748964488506,0.010952661745250225,8.0,0.2,M8_eta0.2
NOG,10008,136,17.0,70656,49152,136,1.448434829711914,50,0.1,8.0,0.2,y_bar,0.719248354434967,0.008050477132201195,0.719240128993988,0.0074545955285429955,0.719248354434967,0.008050477132201195,0.009339508600533009,8.0,0.2,M8_eta0.2
NOG,10008,200,25.0,103424,65536,200,2.1204476356506348,50,0.1,8.0,0.2,y_bar,0.7187278866767883,0.006380470469594002,0.7187140583992004,0.007281303405761719,0.7187278866767883,0.006380470469594002,0.01037106104195118,8.0,0.2,M8_eta0.2
NOG,10008,264,33.0,136192,81920,264,2.7758877277374268,50,0.1,8.0,0.2,y_bar,0.7185544967651367,0.007658618502318859,0.718540608882904,0.006766162347048521,0.7185544967651367,0.007658618502318859,0.008103500120341778,8.0,0.2,M8_eta0.2
NOG,10008,328,41.0,168960,98304,328,3.4432103633880615,50,0.1,8.0,0.2,y_bar,0.7181191444396973,0.007476702332496643,0.7181258201599121,0.006625128909945488,0.7181191444396973,0.007476702332496643,0.009589827619493008,8.0,0.2,M8_eta0.2
NOG,10008,392,49.0,201728,114688,392,4.101172208786011,50,0.1,8.0,0.2,y_bar,0.7179111838340759,0.008338645100593567,0.7179070711135864,0.008205235004425049,0.7179111838340759,0.008338645100593567,0.00782017968595028,8.0,0.2,M8_eta0.2
NOG,10008,456,57.0,234496,131072,456,4.640873908996582,50,0.1,8.0,0.2,y_bar,0.7175819277763367,0.007184525486081839,0.7175809741020203,0.007122226525098085,0.7175819277763367,0.007184525486081839,0.008727123029530048,8.0,0.2,M8_eta0.2
NOG,10008,520,65.0,267264,147456,520,5.170629262924194,50,0.1,8.0,0.2,y_bar,0.7174610495567322,0.007448425050824881,0.7174885869026184,0.006648610346019268,0.7174610495567322,0.007448425050824881,0.010016359388828278,8.0,0.2,M8_eta0.2
NOG,10008,584,73.0,300032,163840,584,5.737240314483643,50,0.1,8.0,0.2,y_bar,0.7173669934272766,0.007834183983504772,0.717397928237915,0.006980143021792173,0.7173669934272766,0.007834183983504772,0.011575701646506786,8.0,0.2,M8_eta0.2
NOG,10008,648,81.0,332800,180224,648,6.325509071350098,50,0.1,8.0,0.2,y_bar,0.7171648740768433,0.0076364791020751,0.7171511054039001,0.00841524638235569,0.7171648740768433,0.0076364791020751,0.011301166377961636,8.0,0.2,M8_eta0.2
NOG,10008,712,89.0,365568,196608,712,6.925612688064575,50,0.1,8.0,0.2,y_bar,0.7171307802200317,0.007584515027701855,0.7170979976654053,0.0070418850518763065,0.7171307802200317,0.007584515027701855,0.009507286362349987,8.0,0.2,M8_eta0.2
NOG,10008,776,97.0,398336,212992,776,7.641194581985474,50,0.1,8.0,0.2,y_bar,0.7169496417045593,0.008479530923068523,0.7169628143310547,0.007495001424103975,0.7169496417045593,0.008479530923068523,0.009739870205521584,8.0,0.2,M8_eta0.2
NOG,10008,840,105.0,431104,229376,840,8.389809131622314,50,0.1,8.0,0.2,y_bar,0.7167751789093018,0.007300560362637043,0.7167678475379944,0.008720677345991135,0.7167751789093018,0.007300560362637043,0.010956177487969398,8.0,0.2,M8_eta0.2
NOG,10008,904,113.0,463872,245760,904,9.12760305404663,50,0.1,8.0,0.2,y_bar,0.7166697382926941,0.008276134729385376,0.7166454792022705,0.0073775192722678185,0.7166697382926941,0.008276134729385376,0.00979274045675993,8.0,0.2,M8_eta0.2
NOG,10008,960,120.0,492544,262144,960,9.656529664993286,50,0.1,8.0,0.2,y_bar,0.7165620923042297,0.008612314239144325,0.7165428400039673,0.008170217275619507,0.7165620923042297,0.008612314239144325,0.009593325667083263,8.0,0.2,M8_eta0.2
NOG,10008,8,1.0,5120,16384,8,0.15361428260803223,50,0.1,8.0,0.3,y_bar,0.720991849899292,0.01032040175050497,0.7209694385528564,0.007861243560910225,0.720991849899292,0.01032040175050497,0.012936265207827091,8.0,0.3,M8_eta0.3
NOG,10008,72,9.0,37888,32768,72,0.7406949996948242,50,0.1,8.0,0.3,y_bar,0.7204519510269165,0.00773712620139122,0.7203996181488037,0.009182125329971313,0.7204519510269165,0.00773712620139122,0.010390969924628735,8.0,0.3,M8_eta0.3
NOG,10008,136,17.0,70656,49152,136,1.2934694290161133,50,0.1,8.0,0.3,y_bar,0.7198407053947449,0.008161882869899273,0.719848096370697,0.006976818200200796,0.7198407053947449,0.008161882869899273,0.00878711137920618,8.0,0.3,M8_eta0.3
NOG,10008,200,25.0,103424,65536,200,1.8543367385864258,50,0.1,8.0,0.3,y_bar,0.7193479537963867,0.006904239766299725,0.7193430066108704,0.00740125123411417,0.7193479537963867,0.006904239766299725,0.00975719466805458,8.0,0.3,M8_eta0.3
NOG,10008,264,33.0,136192,81920,264,2.395158052444458,50,0.1,8.0,0.3,y_bar,0.7189772129058838,0.007428089156746864,0.7189874053001404,0.006815562956035137,0.7189772129058838,0.007428089156746864,0.007604755461215973,8.0,0.3,M8_eta0.3
NOG,10008,328,41.0,168960,98304,328,2.974323034286499,50,0.1,8.0,0.3,y_bar,0.7187070250511169,0.007512276526540518,0.7187082171440125,0.005826603155583143,0.7187070250511169,0.007512276526540518,0.008994131349027157,8.0,0.3,M8_eta0.3
NOG,10008,392,49.0,201728,114688,392,3.588052988052368,50,0.1,8.0,0.3,y_bar,0.7185699343681335,0.008078722283244133,0.7185460329055786,0.00809350237250328,0.7185699343681335,0.008078722283244133,0.008193198591470718,8.0,0.3,M8_eta0.3
NOG,10008,456,57.0,234496,131072,456,4.2730021476745605,50,0.1,8.0,0.3,y_bar,0.71830153465271,0.007464172784239054,0.7183213233947754,0.007086549885571003,0.71830153465271,0.007464172784239054,0.008035012520849705,8.0,0.3,M8_eta0.3
NOG,10008,520,65.0,267264,147456,520,4.954140901565552,50,0.1,8.0,0.3,y_bar,0.7181286811828613,0.00758303003385663,0.7181165218353271,0.006698340643197298,0.7181286811828613,0.00758303003385663,0.009395564906299114,8.0,0.3,M8_eta0.3
NOG,10008,584,73.0,300032,163840,584,5.6459362506866455,50,0.1,8.0,0.3,y_bar,0.7179505825042725,0.007888576947152615,0.7179632186889648,0.007748069241642952,0.7179505825042725,0.007888576947152615,0.011616634204983711,8.0,0.3,M8_eta0.3
NOG,10008,648,81.0,332800,180224,648,6.245159149169922,50,0.1,8.0,0.3,y_bar,0.7177717089653015,0.006570890545845032,0.717768132686615,0.007926082238554955,0.7177717089653015,0.006570890545845032,0.011071122251451015,8.0,0.3,M8_eta0.3
NOG,10008,712,89.0,365568,196608,712,6.7827417850494385,50,0.1,8.0,0.3,y_bar,0.7177128791809082,0.00759374862536788,0.7176687717437744,0.007341714110225439,0.7177128791809082,0.00759374862536788,0.0095641128718853,8.0,0.3,M8_eta0.3
NOG,10008,776,97.0,398336,212992,776,7.315358400344849,50,0.1,8.0,0.3,y_bar,0.7175769805908203,0.008691146969795227,0.7175572514533997,0.007364675402641296,0.7175769805908203,0.008691146969795227,0.009833231568336487,8.0,0.3,M8_eta0.3
NOG,10008,840,105.0,431104,229376,840,7.907171010971069,50,0.1,8.0,0.3,y_bar,0.7174874544143677,0.007286766078323126,0.7174772024154663,0.00891886930912733,0.7174874544143677,0.007286766078323126,0.010534699074923992,8.0,0.3,M8_eta0.3
NOG,10008,904,113.0,463872,245760,904,8.42824387550354,50,0.1,8.0,0.3,y_bar,0.7174147367477417,0.007839729078114033,0.7173986434936523,0.007431515958160162,0.7174147367477417,0.007839729078114033,0.009050671011209488,8.0,0.3,M8_eta0.3
NOG,10008,960,120.0,492544,262144,960,8.928642988204956,50,0.1,8.0,0.3,y_bar,0.7173018455505371,0.007827818393707275,0.7173011898994446,0.007699178531765938,0.7173018455505371,0.007827818393707275,0.009671092964708805,8.0,0.3,M8_eta0.3
NOG,10008,8,1.0,5120,16384,8,0.16831135749816895,50,0.1,8.0,0.5,y_bar,0.7209925055503845,0.010532662272453308,0.7209784388542175,0.008502300828695297,0.7209925055503845,0.010532662272453308,0.013086742721498013,8.0,0.5,M8_eta0.5
NOG,10008,72,9.0,37888,32768,72,0.7061753273010254,50,0.1,8.0,0.5,y_bar,0.7206489443778992,0.007875124923884869,0.7206258773803711,0.008794629946351051,0.7206489443778992,0.007875124923884869,0.009769512340426445,8.0,0.5,M8_eta0.5
NOG,10008,136,17.0,70656,49152,136,1.395179271697998,50,0.1,8.0,0.5,y_bar,0.7202742099761963,0.0076598599553108215,0.7202957272529602,0.007349175866693258,0.7202742099761963,0.0076598599553108215,0.009358608163893223,8.0,0.5,M8_eta0.5
NOG,10008,200,25.0,103424,65536,200,2.054792642593384,50,0.1,8.0,0.5,y_bar,0.7199803590774536,0.007347906939685345,0.7199785113334656,0.007237093523144722,0.7199803590774536,0.007347906939685345,0.00977922324091196,8.0,0.5,M8_eta0.5
NOG,10008,264,33.0,136192,81920,264,2.7767579555511475,50,0.1,8.0,0.5,y_bar,0.7197444438934326,0.0076253367587924,0.7197447419166565,0.007297414820641279,0.7197444438934326,0.0076253367587924,0.007326662540435791,8.0,0.5,M8_eta0.5
NOG,10008,328,41.0,168960,98304,328,3.4178237915039062,50,0.1,8.0,0.5,y_bar,0.7194913029670715,0.007481944747269154,0.7194885015487671,0.005799264181405306,0.7194913029670715,0.007481944747269154,0.00865715928375721,8.0,0.5,M8_eta0.5
NOG,10008,392,49.0,201728,114688,392,4.068450689315796,50,0.1,8.0,0.5,y_bar,0.719270646572113,0.0077401441521942616,0.7192569971084595,0.007712197490036488,0.719270646572113,0.0077401441521942616,0.008518186397850513,8.0,0.5,M8_eta0.5
NOG,10008,456,57.0,234496,131072,456,4.68756365776062,50,0.1,8.0,0.5,y_bar,0.7189850807189941,0.007907926104962826,0.7189856767654419,0.007021873723715544,0.7189850807189941,0.007907926104962826,0.00860679242759943,8.0,0.5,M8_eta0.5
NOG,10008,520,65.0,267264,147456,520,5.22871994972229,50,0.1,8.0,0.5,y_bar,0.7187932729721069,0.00775267044082284,0.7187729477882385,0.006721639074385166,0.7187932729721069,0.00775267044082284,0.010086975060403347,8.0,0.5,M8_eta0.5
NOG,10008,584,73.0,300032,163840,584,5.744652271270752,50,0.1,8.0,0.5,y_bar,0.718610942363739,0.008157631382346153,0.7186105847358704,0.007397770415991545,0.718610942363739,0.008157631382346153,0.011545546352863312,8.0,0.5,M8_eta0.5
NOG,10008,648,81.0,332800,180224,648,6.300673723220825,50,0.1,8.0,0.5,y_bar,0.7184976935386658,0.007146127987653017,0.7184828519821167,0.008346508257091045,0.7184976935386658,0.007146127987653017,0.010606378316879272,8.0,0.5,M8_eta0.5
NOG,10008,712,89.0,365568,196608,712,6.830847501754761,50,0.1,8.0,0.5,y_bar,0.7183974385261536,0.007178777363151312,0.7183829545974731,0.007119541522115469,0.7183974385261536,0.007178777363151312,0.009316493757069111,8.0,0.5,M8_eta0.5
NOG,10008,776,97.0,398336,212992,776,7.413282155990601,50,0.1,8.0,0.5,y_bar,0.7183319926261902,0.007910662330687046,0.7183199524879456,0.007002910599112511,0.7183319926261902,0.007910662330687046,0.00929503608494997,8.0,0.5,M8_eta0.5
NOG,10008,840,105.0,431104,229376,840,7.9783852100372314,50,0.1,8.0,0.5,y_bar,0.7182289361953735,0.007139972411096096,0.718231201171875,0.00863298773765564,0.7182289361953735,0.007139972411096096,0.010425914078950882,8.0,0.5,M8_eta0.5
NOG,10008,904,113.0,463872,245760,904,8.539610147476196,50,0.1,8.0,0.5,y_bar,0.718165934085846,0.0078304847702384,0.7181615233421326,0.007383767981082201,0.718165934085846,0.0078304847702384,0.008620948530733585,8.0,0.5,M8_eta0.5
NOG,10008,960,120.0,492544,262144,960,9.179553747177124,50,0.1,8.0,0.5,y_bar,0.7180935144424438,0.007867967709898949,0.7180929183959961,0.0074638547375798225,0.7180935144424438,0.007867967709898949,0.008489682339131832,8.0,0.5,M8_eta0.5
NOG,10008,12,1.0,7168,16384,12,0.23999714851379395,50,0.1,12.0,0.1,y_bar,0.720989465713501,0.010214709676802158,0.7209629416465759,0.009114256128668785,0.720989465713501,0.010214709676802158,0.010683458298444748,12.0,0.1,M12_eta0.1
NOG,10008,84,7.0,44032,32768,84,1.0262024402618408,50,0.1,12.0,0.1,y_bar,0.7201600074768066,0.009041564539074898,0.7201034426689148,0.007583228405565023,0.7201600074768066,0.009041564539074898,0.008715479634702206,12.0,0.1,M12_eta0.1
NOG,10008,156,13.0,80896,49152,156,1.7810184955596924,50,0.1,12.0,0.1,y_bar,0.7193564176559448,0.008477181196212769,0.7193317413330078,0.008984839543700218,0.7193564176559448,0.008477181196212769,0.00808248482644558,12.0,0.1,M12_eta0.1
NOG,10008,228,19.0,117760,65536,228,2.441272735595703,50,0.1,12.0,0.1,y_bar,0.7187387347221375,0.008162622340023518,0.7187532186508179,0.008828897029161453,0.7187387347221375,0.008162622340023518,0.008054530248045921,12.0,0.1,M12_eta0.1
NOG,10008,300,25.0,154624,81920,300,3.2169151306152344,50,0.1,12.0,0.1,y_bar,0.7184332609176636,0.0085908779874444,0.7183865904808044,0.00636111106723547,0.7184332609176636,0.0085908779874444,0.009740701876580715,12.0,0.1,M12_eta0.1
NOG,10008,372,31.0,191488,98304,372,3.912032127380371,50,0.1,12.0,0.1,y_bar,0.7181249856948853,0.008507759310305119,0.7181286811828613,0.007771235890686512,0.7181249856948853,0.008507759310305119,0.007371409330517054,12.0,0.1,M12_eta0.1
NOG,10008,444,37.0,228352,114688,444,4.5086328983306885,50,0.1,12.0,0.1,y_bar,0.7178922891616821,0.0073555405251681805,0.7178415656089783,0.006786029320210218,0.7178922891616821,0.0073555405251681805,0.009321172721683979,12.0,0.1,M12_eta0.1
NOG,10008,516,43.0,265216,131072,516,5.1330649852752686,50,0.1,12.0,0.1,y_bar,0.7176191210746765,0.008188186213374138,0.7176381349563599,0.008757528848946095,0.7176191210746765,0.008188186213374138,0.008266144432127476,12.0,0.1,M12_eta0.1
NOG,10008,588,49.0,302080,147456,588,5.729498386383057,50,0.1,12.0,0.1,y_bar,0.7172046899795532,0.007790279109030962,0.717158854007721,0.007139116059988737,0.7172046899795532,0.007790279109030962,0.009713019244372845,12.0,0.1,M12_eta0.1
NOG,10008,660,55.0,338944,163840,660,6.30325174331665,50,0.1,12.0,0.1,y_bar,0.7167734503746033,0.007281183265149593,0.7167063355445862,0.008323505520820618,0.7167734503746033,0.007281183265149593,0.008398005738854408,12.0,0.1,M12_eta0.1
NOG,10008,732,61.0,375808,180224,732,6.947570562362671,50,0.1,12.0,0.1,y_bar,0.7164096832275391,0.008225063793361187,0.7163912653923035,0.00865245796740055,0.7164096832275391,0.008225063793361187,0.007440637331455946,12.0,0.1,M12_eta0.1
NOG,10008,804,67.0,412672,196608,804,7.586511611938477,50,0.1,12.0,0.1,y_bar,0.7159855961799622,0.0051801130175590515,0.7159394025802612,0.007310784887522459,0.7159855961799622,0.0051801130175590515,0.008239726535975933,12.0,0.1,M12_eta0.1
NOG,10008,876,73.0,449536,212992,876,8.146554946899414,50,0.1,12.0,0.1,y_bar,0.7157931327819824,0.007327700033783913,0.7157334089279175,0.007394955027848482,0.7157931327819824,0.007327700033783913,0.00891071930527687,12.0,0.1,M12_eta0.1
NOG,10008,948,79.0,486400,229376,948,8.807024002075195,50,0.1,12.0,0.1,y_bar,0.7155162692070007,0.006620901636779308,0.7154973149299622,0.008530504070222378,0.7155162692070007,0.006620901636779308,0.007363516371697187,12.0,0.1,M12_eta0.1
NOG,10008,960,80.0,492544,245760,960,9.02427864074707,50,0.1,12.0,0.1,y_bar,0.7154541015625,0.006242182571440935,0.7154285907745361,0.008518170565366745,0.7154541015625,0.006242182571440935,0.00907524861395359,12.0,0.1,M12_eta0.1
NOG,10008,12,1.0,7168,16384,12,0.25800371170043945,50,0.1,12.0,0.2,y_bar,0.7209821939468384,0.010232498869299889,0.7209849953651428,0.009393584914505482,0.7209821939468384,0.010232498869299889,0.010807344689965248,12.0,0.2,M12_eta0.2
NOG,10008,84,7.0,44032,32768,84,0.9803652763366699,50,0.1,12.0,0.2,y_bar,0.7205354571342468,0.009029118344187737,0.7205198407173157,0.007391938474029303,0.7205354571342468,0.009029118344187737,0.00825048889964819,12.0,0.2,M12_eta0.2
NOG,10008,156,13.0,80896,49152,156,1.69211745262146,50,0.1,12.0,0.2,y_bar,0.7201169729232788,0.00835411436855793,0.7200777530670166,0.008313387632369995,0.7201169729232788,0.00835411436855793,0.009008037857711315,12.0,0.2,M12_eta0.2
NOG,10008,228,19.0,117760,65536,228,2.3791916370391846,50,0.1,12.0,0.2,y_bar,0.7197616696357727,0.007321251556277275,0.7197118997573853,0.007874070666730404,0.7197616696357727,0.007321251556277275,0.008778166025876999,12.0,0.2,M12_eta0.2
NOG,10008,300,25.0,154624,81920,300,3.031724452972412,50,0.1,12.0,0.2,y_bar,0.7193805575370789,0.007759273052215576,0.7193707227706909,0.005970838945358992,0.7193805575370789,0.007759273052215576,0.009405742399394512,12.0,0.2,M12_eta0.2
NOG,10008,372,31.0,191488,98304,372,3.733895778656006,50,0.1,12.0,0.2,y_bar,0.7190549373626709,0.008311240933835506,0.7190337181091309,0.007813582196831703,0.7190549373626709,0.008311240933835506,0.007486116141080856,12.0,0.2,M12_eta0.2
NOG,10008,444,37.0,228352,114688,444,4.421392440795898,50,0.1,12.0,0.2,y_bar,0.718723714351654,0.007719653658568859,0.7187276482582092,0.00766643276438117,0.718723714351654,0.007719653658568859,0.009082872420549393,12.0,0.2,M12_eta0.2
NOG,10008,516,43.0,265216,131072,516,5.085412979125977,50,0.1,12.0,0.2,y_bar,0.718436598777771,0.007030311971902847,0.7184441089630127,0.007861493155360222,0.718436598777771,0.007030311971902847,0.007415201049298048,12.0,0.2,M12_eta0.2
NOG,10008,588,49.0,302080,147456,588,5.747498989105225,50,0.1,12.0,0.2,y_bar,0.7182461619377136,0.007792668882757425,0.7182398438453674,0.007878140546381474,0.7182461619377136,0.007792668882757425,0.008038674481213093,12.0,0.2,M12_eta0.2
NOG,10008,660,55.0,338944,163840,660,6.3196070194244385,50,0.1,12.0,0.2,y_bar,0.7181366682052612,0.007842929102480412,0.7181239128112793,0.00804284866899252,0.7181366682052612,0.007842929102480412,0.008383047766983509,12.0,0.2,M12_eta0.2
NOG,10008,732,61.0,375808,180224,732,6.944486141204834,50,0.1,12.0,0.2,y_bar,0.7180061936378479,0.006647230591624975,0.7179911732673645,0.0077532012946903706,0.7180061936378479,0.006647230591624975,0.007422515191137791,12.0,0.2,M12_eta0.2
NOG,10008,804,67.0,412672,196608,804,7.57688045501709,50,0.1,12.0,0.2,y_bar,0.7178793549537659,0.005579081829637289,0.717869222164154,0.006765506695955992,0.7178793549537659,0.005579081829637289,0.007863818667829037,12.0,0.2,M12_eta0.2
NOG,10008,876,73.0,449536,212992,876,8.222492694854736,50,0.1,12.0,0.2,y_bar,0.7176802754402161,0.006617589853703976,0.717673659324646,0.007923566736280918,0.7176802754402161,0.006617589853703976,0.00774588156491518,12.0,0.2,M12_eta0.2
NOG,10008,948,79.0,486400,229376,948,8.819637298583984,50,0.1,12.0,0.2,y_bar,0.7175247669219971,0.006980080157518387,0.7175262570381165,0.008027349598705769,0.7175247669219971,0.006980080157518387,0.00649745250120759,12.0,0.2,M12_eta0.2
NOG,10008,960,80.0,492544,245760,960,8.99858832359314,50,0.1,12.0,0.2,y_bar,0.7175005078315735,0.006462602410465479,0.7174965739250183,0.0072224801406264305,0.7175005078315735,0.006462602410465479,0.007641233969479799,12.0,0.2,M12_eta0.2
NOG,10008,12,1.0,7168,16384,12,0.20933198928833008,50,0.1,12.0,0.3,y_bar,0.7209868431091309,0.010391333140432835,0.7209933400154114,0.009663570672273636,0.7209868431091309,0.010391333140432835,0.011048664338886738,12.0,0.3,M12_eta0.3
NOG,10008,84,7.0,44032,32768,84,0.8383736610412598,50,0.1,12.0,0.3,y_bar,0.7206799983978271,0.00926205050200224,0.7206664085388184,0.007238877937197685,0.7206799983978271,0.00926205050200224,0.008282226510345936,12.0,0.3,M12_eta0.3
NOG,10008,156,13.0,80896,49152,156,1.4425175189971924,50,0.1,12.0,0.3,y_bar,0.7203828692436218,0.008254526183009148,0.7203530669212341,0.008138483390212059,0.7203828692436218,0.008254526183009148,0.009232842363417149,12.0,0.3,M12_eta0.3
NOG,10008,228,19.0,117760,65536,228,2.036595106124878,50,0.1,12.0,0.3,y_bar,0.7201552391052246,0.0072533562779426575,0.7201096415519714,0.0076757860369980335,0.7201552391052246,0.0072533562779426575,0.008955799974501133,12.0,0.3,M12_eta0.3
NOG,10008,300,25.0,154624,81920,300,2.7202579975128174,50,0.1,12.0,0.3,y_bar,0.7198968529701233,0.007259807083755732,0.7198716402053833,0.005839127115905285,0.7198968529701233,0.007259807083755732,0.009395510889589787,12.0,0.3,M12_eta0.3
NOG,10008,372,31.0,191488,98304,372,3.3758397102355957,50,0.1,12.0,0.3,y_bar,0.7197417616844177,0.008007249794900417,0.7197155356407166,0.007410633843392134,0.7197417616844177,0.008007249794900417,0.007563597057014704,12.0,0.3,M12_eta0.3
NOG,10008,444,37.0,228352,114688,444,4.137085676193237,50,0.1,12.0,0.3,y_bar,0.7194631099700928,0.008221833035349846,0.7194596529006958,0.00781627930700779,0.7194631099700928,0.008221833035349846,0.008942623622715473,12.0,0.3,M12_eta0.3
NOG,10008,516,43.0,265216,131072,516,4.895017623901367,50,0.1,12.0,0.3,y_bar,0.7192006707191467,0.006997192744165659,0.7191867232322693,0.008108512498438358,0.7192006707191467,0.006997192744165659,0.007966071367263794,12.0,0.3,M12_eta0.3
NOG,10008,588,49.0,302080,147456,588,5.625130653381348,50,0.1,12.0,0.3,y_bar,0.71891850233078,0.00795822124928236,0.7189158797264099,0.008408994413912296,0.71891850233078,0.00795822124928236,0.007467619609087706,12.0,0.3,M12_eta0.3
NOG,10008,660,55.0,338944,163840,660,6.233168840408325,50,0.1,12.0,0.3,y_bar,0.7187153697013855,0.008123368956148624,0.7186857461929321,0.008338185958564281,0.7187153697013855,0.008123368956148624,0.008441676385700703,12.0,0.3,M12_eta0.3
NOG,10008,732,61.0,375808,180224,732,6.9716269969940186,50,0.1,12.0,0.3,y_bar,0.7185333371162415,0.005947675555944443,0.7185103893280029,0.007890184409916401,0.7185333371162415,0.005947675555944443,0.008650832809507847,12.0,0.3,M12_eta0.3
NOG,10008,804,67.0,412672,196608,804,7.7012999057769775,50,0.1,12.0,0.3,y_bar,0.7184175252914429,0.006193887442350388,0.7184185981750488,0.0060294573195278645,0.7184175252914429,0.006193887442350388,0.0070916288532316685,12.0,0.3,M12_eta0.3
NOG,10008,876,73.0,449536,212992,876,8.326985359191895,50,0.1,12.0,0.3,y_bar,0.7183232307434082,0.006391975097358227,0.7183179259300232,0.007549808360636234,0.7183232307434082,0.006391975097358227,0.00773838022723794,12.0,0.3,M12_eta0.3
NOG,10008,948,79.0,486400,229376,948,9.006888151168823,50,0.1,12.0,0.3,y_bar,0.7182848453521729,0.006404793355613947,0.7182793021202087,0.007707711774855852,0.7182848453521729,0.006404793355613947,0.006119058467447758,12.0,0.3,M12_eta0.3
NOG,10008,960,80.0,492544,245760,960,9.168331861495972,50,0.1,12.0,0.3,y_bar,0.7182722687721252,0.006483101285994053,0.7182608842849731,0.006616446189582348,0.7182722687721252,0.006483101285994053,0.007162516936659813,12.0,0.3,M12_eta0.3
NOG,10008,12,1.0,7168,16384,12,0.2185192108154297,50,0.1,12.0,0.5,y_bar,0.7209898233413696,0.010487602092325687,0.7209997177124023,0.00980981532484293,0.7209898233413696,0.010487602092325687,0.01123317051678896,12.0,0.5,M12_eta0.5
NOG,10008,84,7.0,44032,32768,84,0.8423857688903809,50,0.1,12.0,0.5,y_bar,0.7207688093185425,0.009625151753425598,0.7207592725753784,0.007144600618630648,0.7207688093185425,0.009625151753425598,0.008384340442717075,12.0,0.5,M12_eta0.5
NOG,10008,156,13.0,80896,49152,156,1.4837701320648193,50,0.1,12.0,0.5,y_bar,0.7205405235290527,0.008377132005989552,0.7205236554145813,0.007962304167449474,0.7205405235290527,0.008377132005989552,0.009251583367586136,12.0,0.5,M12_eta0.5
NOG,10008,228,19.0,117760,65536,228,2.139209508895874,50,0.1,12.0,0.5,y_bar,0.720389187335968,0.007331180386245251,0.72036212682724,0.007734064478427172,0.720389187335968,0.007331180386245251,0.008757107891142368,12.0,0.5,M12_eta0.5
NOG,10008,300,25.0,154624,81920,300,2.7826988697052,50,0.1,12.0,0.5,y_bar,0.7201939225196838,0.00757422111928463,0.7201810479164124,0.005776137113571167,0.7201939225196838,0.00757422111928463,0.00968729704618454,12.0,0.5,M12_eta0.5
NOG,10008,372,31.0,191488,98304,372,3.408794641494751,50,0.1,12.0,0.5,y_bar,0.7200751900672913,0.008026670664548874,0.7200519442558289,0.007253708317875862,0.7200751900672913,0.008026670664548874,0.007693376392126083,12.0,0.5,M12_eta0.5
NOG,10008,444,37.0,228352,114688,444,4.026842832565308,50,0.1,12.0,0.5,y_bar,0.7199094891548157,0.008277461864054203,0.7199028730392456,0.007500313222408295,0.7199094891548157,0.008277461864054203,0.008938289247453213,12.0,0.5,M12_eta0.5
NOG,10008,516,43.0,265216,131072,516,4.648254156112671,50,0.1,12.0,0.5,y_bar,0.7197293043136597,0.00693498132750392,0.719702959060669,0.007757426239550114,0.7197293043136597,0.00693498132750392,0.008151949383318424,12.0,0.5,M12_eta0.5
NOG,10008,588,49.0,302080,147456,588,5.2481606006622314,50,0.1,12.0,0.5,y_bar,0.7195355892181396,0.008009099401533604,0.7195226550102234,0.008490977808833122,0.7195355892181396,0.008009099401533604,0.007345040328800678,12.0,0.5,M12_eta0.5
NOG,10008,660,55.0,338944,163840,660,6.023008108139038,50,0.1,12.0,0.5,y_bar,0.7193628549575806,0.008358757942914963,0.7193461656570435,0.008476744405925274,0.7193628549575806,0.008358757942914963,0.008114603348076344,12.0,0.5,M12_eta0.5
NOG,10008,732,61.0,375808,180224,732,6.73358941078186,50,0.1,12.0,0.5,y_bar,0.7191362977027893,0.006050430238246918,0.719110906124115,0.008077447302639484,0.7191362977027893,0.006050430238246918,0.008985052816569805,12.0,0.5,M12_eta0.5
NOG,10008,804,67.0,412672,196608,804,7.463617324829102,50,0.1,12.0,0.5,y_bar,0.7189536690711975,0.007509239017963409,0.7189525961875916,0.006817525252699852,0.7189536690711975,0.007509239017963409,0.007485584355890751,12.0,0.5,M12_eta0.5
NOG,10008,876,73.0,449536,212992,876,8.12749981880188,50,0.1,12.0,0.5,y_bar,0.7188018560409546,0.006692728027701378,0.7187803983688354,0.007514565717428923,0.7188018560409546,0.006692728027701378,0.008920719847083092,12.0,0.5,M12_eta0.5
NOG,10008,948,79.0,486400,229376,948,8.853560209274292,50,0.1,12.0,0.5,y_bar,0.7186918258666992,0.006351836957037449,0.7186833620071411,0.007070221938192844,0.7186918258666992,0.006351836957037449,0.006171188782900572,12.0,0.5,M12_eta0.5
NOG,10008,960,80.0,492544,245760,960,9.0782949924469,50,0.1,12.0,0.5,y_bar,0.7186801433563232,0.007223323918879032,0.7186669707298279,0.006764461286365986,0.7186801433563232,0.007223323918879032,0.007276792544871569,12.0,0.5,M12_eta0.5
NOG,10008,16,1.0,9216,16384,16,0.20866703987121582,50,0.1,16.0,0.1,y_bar,0.7209768891334534,0.010116137564182281,0.7209566235542297,0.009108129888772964,0.7209768891334534,0.010116137564182281,0.009563907980918884,16.0,0.1,M16_eta0.1
NOG,10008,80,5.0,41984,32768,80,0.8699610233306885,50,0.1,16.0,0.1,y_bar,0.7205280661582947,0.007871311157941818,0.7204767465591431,0.008223075419664383,0.7205280661582947,0.007871311157941818,0.007733773440122604,16.0,0.1,M16_eta0.1
NOG,10008,144,9.0,74752,49152,144,1.5230097770690918,50,0.1,16.0,0.1,y_bar,0.7200573086738586,0.0074074226431548595,0.7200251817703247,0.007706051226705313,0.7200573086738586,0.0074074226431548595,0.0067922030575573444,16.0,0.1,M16_eta0.1
NOG,10008,208,13.0,107520,65536,208,2.148542881011963,50,0.1,16.0,0.1,y_bar,0.7195820212364197,0.006749064661562443,0.7195255160331726,0.009611346758902073,0.7195820212364197,0.006749064661562443,0.007465263828635216,16.0,0.1,M16_eta0.1
NOG,10008,272,17.0,140288,81920,272,2.844435214996338,50,0.1,16.0,0.1,y_bar,0.7191914916038513,0.006524236407130957,0.7191357016563416,0.007611225824803114,0.7191914916038513,0.006524236407130957,0.007463274523615837,16.0,0.1,M16_eta0.1
NOG,10008,336,21.0,173056,98304,336,3.5312366485595703,50,0.1,16.0,0.1,y_bar,0.7188313007354736,0.007235546596348286,0.7188037037849426,0.007296718657016754,0.7188313007354736,0.007235546596348286,0.006354667712002993,16.0,0.1,M16_eta0.1
NOG,10008,400,25.0,205824,114688,400,4.088361024856567,50,0.1,16.0,0.1,y_bar,0.7186527252197266,0.00796516053378582,0.7186238765716553,0.006825863383710384,0.7186527252197266,0.00796516053378582,0.0055362447164952755,16.0,0.1,M16_eta0.1
NOG,10008,464,29.0,238592,131072,464,4.674161195755005,50,0.1,16.0,0.1,y_bar,0.7184077501296997,0.008563293144106865,0.718410074710846,0.0076469192281365395,0.7184077501296997,0.008563293144106865,0.006614788435399532,16.0,0.1,M16_eta0.1
NOG,10008,528,33.0,271360,147456,528,5.210241317749023,50,0.1,16.0,0.1,y_bar,0.7182128429412842,0.007486044429242611,0.71818608045578,0.006709846667945385,0.7182128429412842,0.007486044429242611,0.006906788796186447,16.0,0.1,M16_eta0.1
NOG,10008,592,37.0,304128,163840,592,5.775951623916626,50,0.1,16.0,0.1,y_bar,0.7180469632148743,0.008496761322021484,0.7180253863334656,0.006673554424196482,0.7180469632148743,0.008496761322021484,0.007647275924682617,16.0,0.1,M16_eta0.1
NOG,10008,656,41.0,336896,180224,656,6.371284008026123,50,0.1,16.0,0.1,y_bar,0.7178075909614563,0.006914368364959955,0.7177923321723938,0.007421385496854782,0.7178075909614563,0.006914368364959955,0.007471358869224787,16.0,0.1,M16_eta0.1
NOG,10008,720,45.0,369664,196608,720,6.962095737457275,50,0.1,16.0,0.1,y_bar,0.7177128195762634,0.00725799473002553,0.7176706790924072,0.008337657898664474,0.7177128195762634,0.00725799473002553,0.0076177106238901615,16.0,0.1,M16_eta0.1
NOG,10008,784,49.0,402432,212992,784,7.521155834197998,50,0.1,16.0,0.1,y_bar,0.7175779938697815,0.00731824291869998,0.7175559401512146,0.007283355575054884,0.7175779938697815,0.00731824291869998,0.006532418541610241,16.0,0.1,M16_eta0.1
NOG,10008,848,53.0,435200,229376,848,8.103134870529175,50,0.1,16.0,0.1,y_bar,0.7175204753875732,0.007537353318184614,0.7175048589706421,0.00725757097825408,0.7175204753875732,0.007537353318184614,0.007195691578090191,16.0,0.1,M16_eta0.1
NOG,10008,912,57.0,467968,245760,912,8.63184404373169,50,0.1,16.0,0.1,y_bar,0.717444658279419,0.007612727582454681,0.717443585395813,0.006411672569811344,0.717444658279419,0.007612727582454681,0.006209437269717455,16.0,0.1,M16_eta0.1
NOG,10008,960,60.0,492544,262144,960,9.059001207351685,50,0.1,16.0,0.1,y_bar,0.7173405289649963,0.008616548031568527,0.7173373699188232,0.007841143757104874,0.7173405289649963,0.008616548031568527,0.007233079988509417,16.0,0.1,M16_eta0.1
NOG,10008,16,1.0,9216,16384,16,0.20499491691589355,50,0.1,16.0,0.2,y_bar,0.7209873795509338,0.0102449432015419,0.7209823727607727,0.010020392946898937,0.7209873795509338,0.0102449432015419,0.009978612884879112,16.0,0.2,M16_eta0.2
NOG,10008,80,5.0,41984,32768,80,0.7510426044464111,50,0.1,16.0,0.2,y_bar,0.7207460999488831,0.008014462888240814,0.7207207083702087,0.008350640535354614,0.7207460999488831,0.008014462888240814,0.007944644428789616,16.0,0.2,M16_eta0.2
NOG,10008,144,9.0,74752,49152,144,1.358314037322998,50,0.1,16.0,0.2,y_bar,0.7205278873443604,0.007465043105185032,0.7205097675323486,0.0074323671869933605,0.7205278873443604,0.007465043105185032,0.006846537813544273,16.0,0.2,M16_eta0.2
NOG,10008,208,13.0,107520,65536,208,1.9383418560028076,50,0.1,16.0,0.2,y_bar,0.7203266620635986,0.007017700932919979,0.7203118801116943,0.009531279094517231,0.7203266620635986,0.007017700932919979,0.007382878568023443,16.0,0.2,M16_eta0.2
NOG,10008,272,17.0,140288,81920,272,2.5433144569396973,50,0.1,16.0,0.2,y_bar,0.7201529741287231,0.0075205001048743725,0.7201113700866699,0.007696471177041531,0.7201529741287231,0.0075205001048743725,0.007803215179592371,16.0,0.2,M16_eta0.2
NOG,10008,336,21.0,173056,98304,336,3.2609612941741943,50,0.1,16.0,0.2,y_bar,0.719959020614624,0.00724665354937315,0.719937801361084,0.0077996402978897095,0.719959020614624,0.00724665354937315,0.006693911738693714,16.0,0.2,M16_eta0.2
NOG,10008,400,25.0,205824,114688,400,3.8580424785614014,50,0.1,16.0,0.2,y_bar,0.7198121547698975,0.008349495939910412,0.7198092341423035,0.006542209070175886,0.7198121547698975,0.008349495939910412,0.005798750557005405,16.0,0.2,M16_eta0.2
NOG,10008,464,29.0,238592,131072,464,4.504950284957886,50,0.1,16.0,0.2,y_bar,0.7196592688560486,0.007901947014033794,0.7196583151817322,0.0073600453324615955,0.7196592688560486,0.007901947014033794,0.006664446089416742,16.0,0.2,M16_eta0.2
NOG,10008,528,33.0,271360,147456,528,5.119063854217529,50,0.1,16.0,0.2,y_bar,0.7194745540618896,0.007648742292076349,0.7194360494613647,0.00808105617761612,0.7194745540618896,0.007648742292076349,0.007394279818981886,16.0,0.2,M16_eta0.2
NOG,10008,592,37.0,304128,163840,592,5.699346542358398,50,0.1,16.0,0.2,y_bar,0.7192692160606384,0.00851050578057766,0.7192514538764954,0.006883563473820686,0.7192692160606384,0.00851050578057766,0.007441037800163031,16.0,0.2,M16_eta0.2
NOG,10008,656,41.0,336896,180224,656,6.3861212730407715,50,0.1,16.0,0.2,y_bar,0.7190791368484497,0.00725614745169878,0.7190595865249634,0.00745009258389473,0.7190791368484497,0.00725614745169878,0.007819444872438908,16.0,0.2,M16_eta0.2
NOG,10008,720,45.0,369664,196608,720,7.006634950637817,50,0.1,16.0,0.2,y_bar,0.7189291715621948,0.007488855626434088,0.7189098596572876,0.00811244547367096,0.7189291715621948,0.007488855626434088,0.007127775810658932,16.0,0.2,M16_eta0.2
NOG,10008,784,49.0,402432,212992,784,7.67596435546875,50,0.1,16.0,0.2,y_bar,0.7187943458557129,0.007903272286057472,0.7187764644622803,0.005992928519845009,0.7187943458557129,0.007903272286057472,0.006744712591171265,16.0,0.2,M16_eta0.2
NOG,10008,848,53.0,435200,229376,848,8.351355791091919,50,0.1,16.0,0.2,y_bar,0.7186252474784851,0.00784475076943636,0.7186049222946167,0.008255532942712307,0.7186252474784851,0.00784475076943636,0.007184843998402357,16.0,0.2,M16_eta0.2
NOG,10008,912,57.0,467968,245760,912,8.97754979133606,50,0.1,16.0,0.2,y_bar,0.7185236215591431,0.007999004796147346,0.7185099720954895,0.006797585170716047,0.7185236215591431,0.007999004796147346,0.006193617824465036,16.0,0.2,M16_eta0.2
NOG,10008,960,60.0,492544,262144,960,9.509612083435059,50,0.1,16.0,0.2,y_bar,0.7184562683105469,0.007995622232556343,0.718451976776123,0.007269509136676788,0.7184562683105469,0.007995622232556343,0.006991995498538017,16.0,0.2,M16_eta0.2
NOG,10008,16,1.0,9216,16384,16,0.26507043838500977,50,0.1,16.0,0.3,y_bar,0.7209901809692383,0.010464131832122803,0.7209877371788025,0.010352757759392262,0.7209901809692383,0.010464131832122803,0.010227212682366371,16.0,0.3,M16_eta0.3
NOG,10008,80,5.0,41984,32768,80,0.8768470287322998,50,0.1,16.0,0.3,y_bar,0.7208175659179688,0.008236992172896862,0.720793604850769,0.008766071870923042,0.7208175659179688,0.008236992172896862,0.008169358596205711,16.0,0.3,M16_eta0.3
NOG,10008,144,9.0,74752,49152,144,1.4922056198120117,50,0.1,16.0,0.3,y_bar,0.7206462025642395,0.007568420376628637,0.720635175704956,0.007787314243614674,0.7206462025642395,0.007568420376628637,0.007079970557242632,16.0,0.3,M16_eta0.3
NOG,10008,208,13.0,107520,65536,208,2.0367250442504883,50,0.1,16.0,0.3,y_bar,0.7205088138580322,0.007146432064473629,0.7204999327659607,0.009342529810965061,0.7205088138580322,0.007146432064473629,0.007248633075505495,16.0,0.3,M16_eta0.3
NOG,10008,272,17.0,140288,81920,272,2.557814359664917,50,0.1,16.0,0.3,y_bar,0.7203911542892456,0.007575411349534988,0.7203695774078369,0.007782529108226299,0.7203911542892456,0.007575411349534988,0.00789235532283783,16.0,0.3,M16_eta0.3
NOG,10008,336,21.0,173056,98304,336,3.108497142791748,50,0.1,16.0,0.3,y_bar,0.7202589511871338,0.007633037865161896,0.7202340364456177,0.008310454897582531,0.7202589511871338,0.007633037865161896,0.006996994372457266,16.0,0.3,M16_eta0.3
NOG,10008,400,25.0,205824,114688,400,3.6726415157318115,50,0.1,16.0,0.3,y_bar,0.7201428413391113,0.008371999487280846,0.7201343178749084,0.006766099948436022,0.7201428413391113,0.008371999487280846,0.006031602621078491,16.0,0.3,M16_eta0.3
NOG,10008,464,29.0,238592,131072,464,4.226665496826172,50,0.1,16.0,0.3,y_bar,0.7200162410736084,0.007739669177681208,0.7200073599815369,0.007473657839000225,0.7200162410736084,0.007739669177681208,0.006771455518901348,16.0,0.3,M16_eta0.3
NOG,10008,528,33.0,271360,147456,528,4.808078050613403,50,0.1,16.0,0.3,y_bar,0.719883382320404,0.007582663092762232,0.7198591232299805,0.007702597416937351,0.719883382320404,0.007582663092762232,0.0073479777202010155,16.0,0.3,M16_eta0.3
NOG,10008,592,37.0,304128,163840,592,5.420296907424927,50,0.1,16.0,0.3,y_bar,0.719774603843689,0.008202433586120605,0.7197666764259338,0.006990318186581135,0.719774603843689,0.008202433586120605,0.007053685840219259,16.0,0.3,M16_eta0.3
NOG,10008,656,41.0,336896,180224,656,5.956881523132324,50,0.1,16.0,0.3,y_bar,0.719657838344574,0.0074679977260529995,0.7196406722068787,0.007340938318520784,0.719657838344574,0.0074679977260529995,0.007682006806135178,16.0,0.3,M16_eta0.3
NOG,10008,720,45.0,369664,196608,720,6.525082111358643,50,0.1,16.0,0.3,y_bar,0.7195281386375427,0.0074183158576488495,0.7195152640342712,0.008344887755811214,0.7195281386375427,0.0074183158576488495,0.007335333153605461,16.0,0.3,M16_eta0.3
NOG,10008,784,49.0,402432,212992,784,7.059749126434326,50,0.1,16.0,0.3,y_bar,0.7194084525108337,0.00825332012027502,0.7194024920463562,0.005995316430926323,0.7194084525108337,0.00825332012027502,0.0068205236457288265,16.0,0.3,M16_eta0.3
NOG,10008,848,53.0,435200,229376,848,7.622517347335815,50,0.1,16.0,0.3,y_bar,0.7192405462265015,0.008451555855572224,0.719218909740448,0.008505581878125668,0.7192405462265015,0.008451555855572224,0.008003383874893188,16.0,0.3,M16_eta0.3
NOG,10008,912,57.0,467968,245760,912,8.186316013336182,50,0.1,16.0,0.3,y_bar,0.7191163897514343,0.007890117354691029,0.7191094756126404,0.007012534886598587,0.7191163897514343,0.007890117354691029,0.0063585322350263596,16.0,0.3,M16_eta0.3
NOG,10008,960,60.0,492544,262144,960,8.628004550933838,50,0.1,16.0,0.3,y_bar,0.71902996301651,0.007839716970920563,0.7190132141113281,0.007454647216945887,0.71902996301651,0.007839716970920563,0.007868709973990917,16.0,0.3,M16_eta0.3
NOG,10008,16,1.0,9216,16384,16,0.2287600040435791,50,0.1,16.0,0.5,y_bar,0.720992386341095,0.010630602948367596,0.7209920287132263,0.010469549335539341,0.720992386341095,0.010630602948367596,0.010312261059880257,16.0,0.5,M16_eta0.5
NOG,10008,80,5.0,41984,32768,80,0.8076908588409424,50,0.1,16.0,0.5,y_bar,0.7208542823791504,0.008353512734174728,0.7208338975906372,0.00890339445322752,0.7208542823791504,0.008353512734174728,0.008445859886705875,16.0,0.5,M16_eta0.5
NOG,10008,144,9.0,74752,49152,144,1.3139967918395996,50,0.1,16.0,0.5,y_bar,0.7207067012786865,0.007750140503048897,0.720700740814209,0.008109995163977146,0.7207067012786865,0.007750140503048897,0.007082865573465824,16.0,0.5,M16_eta0.5
NOG,10008,208,13.0,107520,65536,208,1.8531725406646729,50,0.1,16.0,0.5,y_bar,0.7206062078475952,0.007217680104076862,0.7205988168716431,0.009342559613287449,0.7206062078475952,0.007217680104076862,0.007276817690581083,16.0,0.5,M16_eta0.5
NOG,10008,272,17.0,140288,81920,272,2.4847843647003174,50,0.1,16.0,0.5,y_bar,0.7205178737640381,0.007500342559069395,0.7204990386962891,0.007662515621632338,0.7205178737640381,0.007500342559069395,0.008058679290115833,16.0,0.5,M16_eta0.5
NOG,10008,336,21.0,173056,98304,336,3.0138282775878906,50,0.1,16.0,0.5,y_bar,0.7204158306121826,0.007768123876303434,0.7203971147537231,0.008156082592904568,0.7204158306121826,0.007768123876303434,0.006927523761987686,16.0,0.5,M16_eta0.5
NOG,10008,400,25.0,205824,114688,400,3.6437222957611084,50,0.1,16.0,0.5,y_bar,0.7203267812728882,0.008225204423069954,0.7203201055526733,0.0068059503100812435,0.7203267812728882,0.008225204423069954,0.006172658875584602,16.0,0.5,M16_eta0.5
NOG,10008,464,29.0,238592,131072,464,4.234281539916992,50,0.1,16.0,0.5,y_bar,0.7202194929122925,0.007765841204673052,0.7202135324478149,0.007421389222145081,0.7202194929122925,0.007765841204673052,0.007027310319244862,16.0,0.5,M16_eta0.5
NOG,10008,528,33.0,271360,147456,528,4.785995006561279,50,0.1,16.0,0.5,y_bar,0.7201189398765564,0.007288273423910141,0.7200965881347656,0.00757640553638339,0.7201189398765564,0.007288273423910141,0.007502012420445681,16.0,0.5,M16_eta0.5
NOG,10008,592,37.0,304128,163840,592,5.394278049468994,50,0.1,16.0,0.5,y_bar,0.7200104594230652,0.008136356249451637,0.7200063467025757,0.0067888954654335976,0.7200104594230652,0.008136356249451637,0.0071741691790521145,16.0,0.5,M16_eta0.5
NOG,10008,656,41.0,336896,180224,656,6.0593101978302,50,0.1,16.0,0.5,y_bar,0.719929575920105,0.007361541502177715,0.7199216485023499,0.007306457497179508,0.719929575920105,0.007361541502177715,0.007684261072427034,16.0,0.5,M16_eta0.5
NOG,10008,720,45.0,369664,196608,720,6.627737045288086,50,0.1,16.0,0.5,y_bar,0.7198367714881897,0.00709904171526432,0.7198283076286316,0.008101584389805794,0.7198367714881897,0.00709904171526432,0.007114571053534746,16.0,0.5,M16_eta0.5
NOG,10008,784,49.0,402432,212992,784,7.257107496261597,50,0.1,16.0,0.5,y_bar,0.719752848148346,0.008181504905223846,0.7197503447532654,0.005637659225612879,0.719752848148346,0.008181504905223846,0.006635821424424648,16.0,0.5,M16_eta0.5
NOG,10008,848,53.0,435200,229376,848,7.888234615325928,50,0.1,16.0,0.5,y_bar,0.7196394205093384,0.00858181994408369,0.719617486000061,0.007837756536900997,0.7196394205093384,0.00858181994408369,0.0078338123857975,16.0,0.5,M16_eta0.5
NOG,10008,912,57.0,467968,245760,912,8.49483871459961,50,0.1,16.0,0.5,y_bar,0.7195462584495544,0.007835481315851212,0.7195389866828918,0.0075598512776196,0.7195462584495544,0.007835481315851212,0.006309036631137133,16.0,0.5,M16_eta0.5
NOG,10008,960,60.0,492544,262144,960,9.01020884513855,50,0.1,16.0,0.5,y_bar,0.7194831371307373,0.007749676238745451,0.7194730639457703,0.0073394752107560635,0.7194831371307373,0.007749676238745451,0.007983197458088398,16.0,0.5,M16_eta0.5
SmoothedSGD,20008,1,,512,8192,1,0.07334613800048828,50,0.1,,0.05,x,0.7210047245025635,0.00988389365375042,0.7210047245025635,0.00988389365375042,,,,,0.05,SmoothedSGD
SmoothedSGD,20008,64,,32768,16384,64,0.5698814392089844,50,0.1,,0.05,x,0.7209473848342896,0.010076234117150307,0.7209473848342896,0.010076234117150307,,,,,0.05,SmoothedSGD
SmoothedSGD,20008,128,,65536,24576,128,1.0299127101898193,50,0.1,,0.05,x,0.7208964824676514,0.00990509893745184,0.7208964824676514,0.00990509893745184,,,,,0.05,SmoothedSGD
SmoothedSGD,20008,192,,98304,32768,192,1.5407063961029053,50,0.1,,0.05,x,0.7208524346351624,0.008968750014901161,0.7208524346351624,0.008968750014901161,,,,,0.05,SmoothedSGD
SmoothedSGD,20008,256,,131072,40960,256,2.032747983932495,50,0.1,,0.05,x,0.7208068370819092,0.0087805837392807,0.7208068370819092,0.0087805837392807,,,,,0.05,SmoothedSGD
SmoothedSGD,20008,320,,163840,49152,320,2.527700901031494,50,0.1,,0.05,x,0.7207610011100769,0.009211109019815922,0.7207610011100769,0.009211109019815922,,,,,0.05,SmoothedSGD
SmoothedSGD,20008,384,,196608,57344,384,3.041764974594116,50,0.1,,0.05,x,0.7207274436950684,0.007150850724428892,0.7207274436950684,0.007150850724428892,,,,,0.05,SmoothedSGD
SmoothedSGD,20008,448,,229376,65536,448,3.5112504959106445,50,0.1,,0.05,x,0.7206946611404419,0.00710816727951169,0.7206946611404419,0.00710816727951169,,,,,0.05,SmoothedSGD
SmoothedSGD,20008,512,,262144,73728,512,4.022747039794922,50,0.1,,0.05,x,0.7206541299819946,0.008298163302242756,0.7206541299819946,0.008298163302242756,,,,,0.05,SmoothedSGD
SmoothedSGD,20008,576,,294912,81920,576,4.515165090560913,50,0.1,,0.05,x,0.7206223607063293,0.006898948922753334,0.7206223607063293,0.006898948922753334,,,,,0.05,SmoothedSGD
SmoothedSGD,20008,640,,327680,90112,640,4.997374057769775,50,0.1,,0.05,x,0.7205864787101746,0.007379880174994469,0.7205864787101746,0.007379880174994469,,,,,0.05,SmoothedSGD
SmoothedSGD,20008,704,,360448,98304,704,5.487704515457153,50,0.1,,0.05,x,0.7205568552017212,0.007328826002776623,0.7205568552017212,0.007328826002776623,,,,,0.05,SmoothedSGD
SmoothedSGD,20008,768,,393216,106496,768,5.984942197799683,50,0.1,,0.05,x,0.7205182313919067,0.00670129107311368,0.7205182313919067,0.00670129107311368,,,,,0.05,SmoothedSGD
SmoothedSGD,20008,832,,425984,114688,832,6.423680543899536,50,0.1,,0.05,x,0.7204785943031311,0.00888348650187254,0.7204785943031311,0.00888348650187254,,,,,0.05,SmoothedSGD
SmoothedSGD,20008,896,,458752,122880,896,6.913399934768677,50,0.1,,0.05,x,0.7204483151435852,0.008587784133851528,0.7204483151435852,0.008587784133851528,,,,,0.05,SmoothedSGD
SmoothedSGD,20008,960,,491520,131072,960,7.369341611862183,50,0.1,,0.05,x,0.72041255235672,0.008207736536860466,0.72041255235672,0.008207736536860466,,,,,0.05,SmoothedSGD
NOG,10009,4,1.0,3072,16384,4,0.1495814323425293,50,0.1,4.0,0.1,y_bar,0.7162107825279236,0.01129938941448927,0.716227114200592,0.010061371140182018,0.7162107825279236,0.01129938941448927,0.012556176632642746,4.0,0.1,M4_eta0.1
NOG,10009,68,17.0,35840,32768,68,0.7339308261871338,50,0.1,4.0,0.1,y_bar,0.7140877842903137,0.008638530969619751,0.7140084505081177,0.008122996427118778,0.7140877842903137,0.008638530969619751,0.014871218241751194,4.0,0.1,M4_eta0.1
NOG,10009,132,33.0,68608,49152,132,1.270453929901123,50,0.1,4.0,0.1,y_bar,0.7121415734291077,0.00927000679075718,0.7121385335922241,0.010316235944628716,0.7121415734291077,0.00927000679075718,0.014018991962075233,4.0,0.1,M4_eta0.1
NOG,10009,196,49.0,101376,65536,196,1.836866855621338,50,0.1,4.0,0.1,y_bar,0.7112414836883545,0.00860112439841032,0.7112406492233276,0.00869595818221569,0.7112414836883545,0.00860112439841032,0.015596484765410423,4.0,0.1,M4_eta0.1
NOG,10009,260,65.0,134144,81920,260,2.415282964706421,50,0.1,4.0,0.1,y_bar,0.711592972278595,0.010788606479763985,0.711599588394165,0.009608530439436436,0.711592972278595,0.010788606479763985,0.01460945699363947,4.0,0.1,M4_eta0.1
NOG,10009,324,81.0,166912,98304,324,2.982590675354004,50,0.1,4.0,0.1,y_bar,0.7106074094772339,0.009970641694962978,0.7105652689933777,0.009319196455180645,0.7106074094772339,0.009970641694962978,0.01455535739660263,4.0,0.1,M4_eta0.1
NOG,10009,388,97.0,199680,114688,388,3.52435302734375,50,0.1,4.0,0.1,y_bar,0.7092544436454773,0.00961289368569851,0.7092164754867554,0.008596806786954403,0.7092544436454773,0.00961289368569851,0.016762420535087585,4.0,0.1,M4_eta0.1
NOG,10009,452,113.0,232448,131072,452,4.060596704483032,50,0.1,4.0,0.1,y_bar,0.7093369364738464,0.010653425008058548,0.7093685865402222,0.012074129655957222,0.7093369364738464,0.010653425008058548,0.01380397193133831,4.0,0.1,M4_eta0.1
NOG,10009,516,129.0,265216,147456,516,4.643772125244141,50,0.1,4.0,0.1,y_bar,0.7089781761169434,0.00878102146089077,0.7089758515357971,0.007546939421445131,0.7089781761169434,0.00878102146089077,0.015848873183131218,4.0,0.1,M4_eta0.1
NOG,10009,580,145.0,297984,163840,580,5.328319311141968,50,0.1,4.0,0.1,y_bar,0.7095842957496643,0.009433431550860405,0.7095711827278137,0.011337487027049065,0.7095842957496643,0.009433431550860405,0.01437336578965187,4.0,0.1,M4_eta0.1
NOG,10009,644,161.0,330752,180224,644,5.9577460289001465,50,0.1,4.0,0.1,y_bar,0.7101115584373474,0.011309750378131866,0.7100938558578491,0.010873742401599884,0.7101115584373474,0.011309750378131866,0.016209328547120094,4.0,0.1,M4_eta0.1
NOG,10009,708,177.0,363520,196608,708,6.607353687286377,50,0.1,4.0,0.1,y_bar,0.7100626826286316,0.009362553246319294,0.710087239742279,0.00918731838464737,0.7100626826286316,0.009362553246319294,0.014390900731086731,4.0,0.1,M4_eta0.1
NOG,10009,772,193.0,396288,212992,772,7.258326292037964,50,0.1,4.0,0.1,y_bar,0.7100423574447632,0.009297159500420094,0.7100078463554382,0.009132779203355312,0.7100423574447632,0.009297159500420094,0.017137814313173294,4.0,0.1,M4_eta0.1
NOG,10009,836,209.0,429056,229376,836,7.94890570640564,50,0.1,4.0,0.1,y_bar,0.7083871960639954,0.010216286405920982,0.7083365321159363,0.009985869750380516,0.7083871960639954,0.010216286405920982,0.01605941168963909,4.0,0.1,M4_eta0.1
NOG,10009,900,225.0,461824,245760,900,8.558191061019897,50,0.1,4.0,0.1,y_bar,0.7085325121879578,0.012001775205135345,0.7084935307502747,0.009044767357409,0.7085325121879578,0.012001775205135345,0.014388425275683403,4.0,0.1,M4_eta0.1
NOG,10009,960,240.0,492544,262144,960,9.245558500289917,50,0.1,4.0,0.1,y_bar,0.7091617584228516,0.008910642936825752,0.7092126607894897,0.009260030463337898,0.7091617584228516,0.008910642936825752,0.01367226429283619,4.0,0.1,M4_eta0.1
NOG,10009,4,1.0,3072,16384,4,0.16464686393737793,50,0.1,4.0,0.2,y_bar,0.7162425518035889,0.011314953677356243,0.7162747383117676,0.010022208094596863,0.7162425518035889,0.011314953677356243,0.01249946653842926,4.0,0.2,M4_eta0.2
NOG,10009,68,17.0,35840,32768,68,0.8659625053405762,50,0.1,4.0,0.2,y_bar,0.7136330604553223,0.00836341641843319,0.7135787606239319,0.008457687683403492,0.7136330604553223,0.00836341641843319,0.014212217181921005,4.0,0.2,M4_eta0.2
NOG,10009,132,33.0,68608,49152,132,1.5337586402893066,50,0.1,4.0,0.2,y_bar,0.7118203639984131,0.007711675018072128,0.7118250727653503,0.009675782173871994,0.7118203639984131,0.007711675018072128,0.014233560301363468,4.0,0.2,M4_eta0.2
NOG,10009,196,49.0,101376,65536,196,2.1610188484191895,50,0.1,4.0,0.2,y_bar,0.7109905481338501,0.006895850878208876,0.711010754108429,0.008391077630221844,0.7109905481338501,0.006895850878208876,0.014037597924470901,4.0,0.2,M4_eta0.2
NOG,10009,260,65.0,134144,81920,260,2.755152463912964,50,0.1,4.0,0.2,y_bar,0.7105025053024292,0.00946793332695961,0.7104625105857849,0.008986006490886211,0.7105025053024292,0.00946793332695961,0.013884241692721844,4.0,0.2,M4_eta0.2
NOG,10009,324,81.0,166912,98304,324,3.382093906402588,50,0.1,4.0,0.2,y_bar,0.709332287311554,0.010030214674770832,0.7092952132225037,0.008703619241714478,0.709332287311554,0.010030214674770832,0.01347455382347107,4.0,0.2,M4_eta0.2
NOG,10009,388,97.0,199680,114688,388,4.034161806106567,50,0.1,4.0,0.2,y_bar,0.7088773846626282,0.008471901528537273,0.7088802456855774,0.009178374893963337,0.7088773846626282,0.008471901528537273,0.01631329022347927,4.0,0.2,M4_eta0.2
NOG,10009,452,113.0,232448,131072,452,4.6889967918396,50,0.1,4.0,0.2,y_bar,0.7081490755081177,0.009966361336410046,0.7081242203712463,0.008551397360861301,0.7081490755081177,0.009966361336410046,0.013668475672602654,4.0,0.2,M4_eta0.2
NOG,10009,516,129.0,265216,147456,516,5.286351442337036,50,0.1,4.0,0.2,y_bar,0.7082042694091797,0.007695140317082405,0.7081873416900635,0.010634672828018665,0.7082042694091797,0.007695140317082405,0.014415445737540722,4.0,0.2,M4_eta0.2
NOG,10009,580,145.0,297984,163840,580,5.919824123382568,50,0.1,4.0,0.2,y_bar,0.7079489827156067,0.009357276372611523,0.707891047000885,0.010689458809792995,0.7079489827156067,0.009357276372611523,0.013877570629119873,4.0,0.2,M4_eta0.2
NOG,10009,644,161.0,330752,180224,644,6.552022457122803,50,0.1,4.0,0.2,y_bar,0.7070133686065674,0.009279620833694935,0.7070354223251343,0.009839222766458988,0.7070133686065674,0.009279620833694935,0.015575150959193707,4.0,0.2,M4_eta0.2
NOG,10009,708,177.0,363520,196608,708,7.1483314037323,50,0.1,4.0,0.2,y_bar,0.7071378231048584,0.008378896862268448,0.7071294784545898,0.00994295347481966,0.7071378231048584,0.008378896862268448,0.014946992509067059,4.0,0.2,M4_eta0.2
NOG,10009,772,193.0,396288,212992,772,7.860012769699097,50,0.1,4.0,0.2,y_bar,0.7071350812911987,0.009001612663269043,0.70712810754776,0.008206116035580635,0.7071350812911987,0.009001612663269043,0.016243066638708115,4.0,0.2,M4_eta0.2
NOG,10009,836,209.0,429056,229376,836,8.409348011016846,50,0.1,4.0,0.2,y_bar,0.7070401906967163,0.009355067275464535,0.7070263624191284,0.008859961293637753,0.7070401906967163,0.009355067275464535,0.012708371505141258,4.0,0.2,M4_eta0.2
NOG,10009,900,225.0,461824,245760,900,8.9712655544281,50,0.1,4.0,0.2,y_bar,0.7075411081314087,0.010719441808760166,0.7075307965278625,0.008317849598824978,0.7075411081314087,0.010719441808760166,0.014784438535571098,4.0,0.2,M4_eta0.2
NOG,10009,960,240.0,492544,262144,960,9.487874031066895,50,0.1,4.0,0.2,y_bar,0.7069108486175537,0.009034031070768833,0.7069538831710815,0.007241616025567055,0.7069108486175537,0.009034031070768833,0.013370743952691555,4.0,0.2,M4_eta0.2
NOG,10009,4,1.0,3072,16384,4,0.1278233528137207,50,0.1,4.0,0.3,y_bar,0.7162733674049377,0.01130580622702837,0.7163121104240417,0.009880910627543926,0.7162733674049377,0.01130580622702837,0.012453204020857811,4.0,0.3,M4_eta0.3
NOG,10009,68,17.0,35840,32768,68,0.6685566902160645,50,0.1,4.0,0.3,y_bar,0.7138820290565491,0.007930399850010872,0.7138605117797852,0.008382391184568405,0.7138820290565491,0.007930399850010872,0.01427422370761633,4.0,0.3,M4_eta0.3
NOG,10009,132,33.0,68608,49152,132,1.1785106658935547,50,0.1,4.0,0.3,y_bar,0.7120901346206665,0.007868185639381409,0.7120632529258728,0.008631478063762188,0.7120901346206665,0.007868185639381409,0.013288479298353195,4.0,0.3,M4_eta0.3
NOG,10009,196,49.0,101376,65536,196,1.7573988437652588,50,0.1,4.0,0.3,y_bar,0.7114028930664062,0.007165192160755396,0.7114158272743225,0.00800620298832655,0.7114028930664062,0.007165192160755396,0.014148545451462269,4.0,0.3,M4_eta0.3
NOG,10009,260,65.0,134144,81920,260,2.284903049468994,50,0.1,4.0,0.3,y_bar,0.7113962769508362,0.009251482784748077,0.7113982439041138,0.009399466216564178,0.7113962769508362,0.009251482784748077,0.013976268470287323,4.0,0.3,M4_eta0.3
NOG,10009,324,81.0,166912,98304,324,2.854775905609131,50,0.1,4.0,0.3,y_bar,0.7102820873260498,0.009525729343295097,0.7102704048156738,0.008400526829063892,0.7102820873260498,0.009525729343295097,0.010194780305027962,4.0,0.3,M4_eta0.3
NOG,10009,388,97.0,199680,114688,388,3.438632011413574,50,0.1,4.0,0.3,y_bar,0.7096044421195984,0.008924121037125587,0.7096443772315979,0.009703760035336018,0.7096044421195984,0.008924121037125587,0.015137040056288242,4.0,0.3,M4_eta0.3
NOG,10009,452,113.0,232448,131072,452,4.007431507110596,50,0.1,4.0,0.3,y_bar,0.7090039253234863,0.00893974769860506,0.7090065479278564,0.008447385393083096,0.7090039253234863,0.00893974769860506,0.012539906427264214,4.0,0.3,M4_eta0.3
NOG,10009,516,129.0,265216,147456,516,4.544162750244141,50,0.1,4.0,0.3,y_bar,0.7090614438056946,0.0076188077218830585,0.7091006636619568,0.009059564210474491,0.7090614438056946,0.0076188077218830585,0.01249263808131218,4.0,0.3,M4_eta0.3
NOG,10009,580,145.0,297984,163840,580,5.130823612213135,50,0.1,4.0,0.3,y_bar,0.7086076140403748,0.007379316724836826,0.7085681557655334,0.009474564343690872,0.7086076140403748,0.007379316724836826,0.01275866013020277,4.0,0.3,M4_eta0.3
NOG,10009,644,161.0,330752,180224,644,5.713615417480469,50,0.1,4.0,0.3,y_bar,0.7083478569984436,0.007994934916496277,0.7083815932273865,0.008843871764838696,0.7083478569984436,0.007994934916496277,0.012982564978301525,4.0,0.3,M4_eta0.3
NOG,10009,708,177.0,363520,196608,708,6.260039806365967,50,0.1,4.0,0.3,y_bar,0.7079833745956421,0.007690728642046452,0.7079491019248962,0.007365530356764793,0.7079833745956421,0.007690728642046452,0.01256813108921051,4.0,0.3,M4_eta0.3
NOG,10009,772,193.0,396288,212992,772,6.794594764709473,50,0.1,4.0,0.3,y_bar,0.7080152034759521,0.009198818355798721,0.7079833745956421,0.006905780173838139,0.7080152034759521,0.009198818355798721,0.01420876756310463,4.0,0.3,M4_eta0.3
NOG,10009,836,209.0,429056,229376,836,7.334970235824585,50,0.1,4.0,0.3,y_bar,0.7079407572746277,0.007973439991474152,0.7079091668128967,0.00902566034346819,0.7079407572746277,0.007973439991474152,0.013818425126373768,4.0,0.3,M4_eta0.3
NOG,10009,900,225.0,461824,245760,900,7.878160715103149,50,0.1,4.0,0.3,y_bar,0.7080634832382202,0.009120730683207512,0.708051323890686,0.008874052204191685,0.7080634832382202,0.009120730683207512,0.01503259688615799,4.0,0.3,M4_eta0.3
NOG,10009,960,240.0,492544,262144,960,8.464673519134521,50,0.1,4.0,0.3,y_bar,0.7080585360527039,0.009039601311087608,0.7080943584442139,0.008184311911463737,0.7080585360527039,0.009039601311087608,0.014386147260665894,4.0,0.3,M4_eta0.3
NOG,10009,4,1.0,3072,16384,4,0.13515424728393555,50,0.1,4.0,0.5,y_bar,0.7162917852401733,0.011306194588541985,0.7163111567497253,0.009825043380260468,0.7162917852401733,0.011306194588541985,0.012441032566130161,4.0,0.5,M4_eta0.5
NOG,10009,68,17.0,35840,32768,68,0.7525527477264404,50,0.1,4.0,0.5,y_bar,0.7147092223167419,0.007380425464361906,0.7147126793861389,0.008403699845075607,0.7147092223167419,0.007380425464361906,0.013943868689239025,4.0,0.5,M4_eta0.5
NOG,10009,132,33.0,68608,49152,132,1.363478660583496,50,0.1,4.0,0.5,y_bar,0.7134595513343811,0.007199663203209639,0.7133901715278625,0.008350357413291931,0.7134595513343811,0.007199663203209639,0.012059066444635391,4.0,0.5,M4_eta0.5
NOG,10009,196,49.0,101376,65536,196,1.9522039890289307,50,0.1,4.0,0.5,y_bar,0.7124645709991455,0.00733066676184535,0.7124139070510864,0.008468551561236382,0.7124645709991455,0.00733066676184535,0.014398508705198765,4.0,0.5,M4_eta0.5
NOG,10009,260,65.0,134144,81920,260,2.677875280380249,50,0.1,4.0,0.5,y_bar,0.7118128538131714,0.008608095347881317,0.7117710709571838,0.008230681531131268,0.7118128538131714,0.008608095347881317,0.013709567487239838,4.0,0.5,M4_eta0.5
NOG,10009,324,81.0,166912,98304,324,3.4562582969665527,50,0.1,4.0,0.5,y_bar,0.7112476825714111,0.009524351917207241,0.7112448811531067,0.008646558038890362,0.7112476825714111,0.009524351917207241,0.008647779002785683,4.0,0.5,M4_eta0.5
NOG,10009,388,97.0,199680,114688,388,4.043591260910034,50,0.1,4.0,0.5,y_bar,0.711016833782196,0.008700662292540073,0.7110241651535034,0.007981475442647934,0.711016833782196,0.008700662292540073,0.015290358103811741,4.0,0.5,M4_eta0.5
NOG,10009,452,113.0,232448,131072,452,4.631839275360107,50,0.1,4.0,0.5,y_bar,0.7106815576553345,0.008348828181624413,0.7106719613075256,0.008803979493677616,0.7106815576553345,0.008348828181624413,0.013499205000698566,4.0,0.5,M4_eta0.5
NOG,10009,516,129.0,265216,147456,516,5.25337290763855,50,0.1,4.0,0.5,y_bar,0.7103062272071838,0.006876583211123943,0.7103208303451538,0.009959393180906773,0.7103062272071838,0.006876583211123943,0.012409268878400326,4.0,0.5,M4_eta0.5
NOG,10009,580,145.0,297984,163840,580,5.7990429401397705,50,0.1,4.0,0.5,y_bar,0.7104622721672058,0.006891206372529268,0.7104776501655579,0.008724779821932316,0.7104622721672058,0.006891206372529268,0.01069064810872078,4.0,0.5,M4_eta0.5
NOG,10009,644,161.0,330752,180224,644,6.472848415374756,50,0.1,4.0,0.5,y_bar,0.7102048993110657,0.006673061288893223,0.7102363705635071,0.0082147978246212,0.7102048993110657,0.006673061288893223,0.01211920939385891,4.0,0.5,M4_eta0.5
NOG,10009,708,177.0,363520,196608,708,7.143826246261597,50,0.1,4.0,0.5,y_bar,0.7102673649787903,0.008280633948743343,0.7102700471878052,0.006956054829061031,0.7102673649787903,0.008280633948743343,0.014432446099817753,4.0,0.5,M4_eta0.5
NOG,10009,772,193.0,396288,212992,772,7.7315332889556885,50,0.1,4.0,0.5,y_bar,0.7103378176689148,0.007626169826835394,0.7103145122528076,0.007647755555808544,0.7103378176689148,0.007626169826835394,0.015005100518465042,4.0,0.5,M4_eta0.5
NOG,10009,836,209.0,429056,229376,836,8.29697561264038,50,0.1,4.0,0.5,y_bar,0.71038419008255,0.007890471257269382,0.7103687524795532,0.007075777277350426,0.71038419008255,0.007890471257269382,0.012548004277050495,4.0,0.5,M4_eta0.5
NOG,10009,900,225.0,461824,245760,900,8.964377164840698,50,0.1,4.0,0.5,y_bar,0.7101244330406189,0.008335449732840061,0.7101173996925354,0.006325660739094019,0.7101244330406189,0.008335449732840061,0.01495643425732851,4.0,0.5,M4_eta0.5
NOG,10009,960,240.0,492544,262144,960,9.520612001419067,50,0.1,4.0,0.5,y_bar,0.7100192904472351,0.0072883376851677895,0.7100620865821838,0.008079253137111664,0.7100192904472351,0.0072883376851677895,0.014648256823420525,4.0,0.5,M4_eta0.5
NOG,10009,8,1.0,5120,16384,8,0.20134377479553223,50,0.1,8.0,0.1,y_bar,0.716212809085846,0.011503389105200768,0.716221272945404,0.010824672877788544,0.716212809085846,0.011503389105200768,0.008897336199879646,8.0,0.1,M8_eta0.1
NOG,10009,72,9.0,37888,32768,72,0.7933645248413086,50,0.1,8.0,0.1,y_bar,0.714771568775177,0.008315455168485641,0.7147107124328613,0.00708204647526145,0.714771568775177,0.008315455168485641,0.008252095431089401,8.0,0.1,M8_eta0.1
NOG,10009,136,17.0,70656,49152,136,1.4091823101043701,50,0.1,8.0,0.1,y_bar,0.7135136723518372,0.008796858601272106,0.7134445309638977,0.007365560159087181,0.7135136723518372,0.008796858601272106,0.01004950050264597,8.0,0.1,M8_eta0.1
NOG,10009,200,25.0,103424,65536,200,2.021479368209839,50,0.1,8.0,0.1,y_bar,0.7123835682868958,0.009816708043217659,0.7123280167579651,0.009163499809801579,0.7123835682868958,0.009816708043217659,0.010139754973351955,8.0,0.1,M8_eta0.1
NOG,10009,264,33.0,136192,81920,264,2.674592971801758,50,0.1,8.0,0.1,y_bar,0.7116414904594421,0.007996020838618279,0.7116203904151917,0.008398734964430332,0.7116414904594421,0.007996020838618279,0.010774413123726845,8.0,0.1,M8_eta0.1
NOG,10009,328,41.0,168960,98304,328,3.32336688041687,50,0.1,8.0,0.1,y_bar,0.7112696766853333,0.008678865619003773,0.7111465930938721,0.008969074115157127,0.7112696766853333,0.008678865619003773,0.009231827221810818,8.0,0.1,M8_eta0.1
NOG,10009,392,49.0,201728,114688,392,3.9330697059631348,50,0.1,8.0,0.1,y_bar,0.7105876207351685,0.008742750622332096,0.7106286287307739,0.00871297251433134,0.7105876207351685,0.008742750622332096,0.009350419975817204,8.0,0.1,M8_eta0.1
NOG,10009,456,57.0,234496,131072,456,4.562749147415161,50,0.1,8.0,0.1,y_bar,0.710440456867218,0.008859061636030674,0.7104004621505737,0.009332353249192238,0.710440456867218,0.008859061636030674,0.00968936923891306,8.0,0.1,M8_eta0.1
NOG,10009,520,65.0,267264,147456,520,5.165362358093262,50,0.1,8.0,0.1,y_bar,0.7099514007568359,0.009063342586159706,0.7099469900131226,0.009006740525364876,0.7099514007568359,0.009063342586159706,0.010736941359937191,8.0,0.1,M8_eta0.1
NOG,10009,584,73.0,300032,163840,584,5.826630353927612,50,0.1,8.0,0.1,y_bar,0.7097610235214233,0.007859659381210804,0.709733784198761,0.00903142336755991,0.7097610235214233,0.007859659381210804,0.009890970773994923,8.0,0.1,M8_eta0.1
NOG,10009,648,81.0,332800,180224,648,6.441481590270996,50,0.1,8.0,0.1,y_bar,0.7092394232749939,0.007138429209589958,0.7092822194099426,0.007531380746513605,0.7092394232749939,0.007138429209589958,0.009297041222453117,8.0,0.1,M8_eta0.1
NOG,10009,712,89.0,365568,196608,712,7.004486322402954,50,0.1,8.0,0.1,y_bar,0.709193766117096,0.0072122253477573395,0.7092037796974182,0.00912600476294756,0.709193766117096,0.0072122253477573395,0.010237007401883602,8.0,0.1,M8_eta0.1
NOG,10009,776,97.0,398336,212992,776,7.543476104736328,50,0.1,8.0,0.1,y_bar,0.7087811231613159,0.0087318429723382,0.7087610363960266,0.009701189585030079,0.7087811231613159,0.0087318429723382,0.011425398290157318,8.0,0.1,M8_eta0.1
NOG,10009,840,105.0,431104,229376,840,8.102862358093262,50,0.1,8.0,0.1,y_bar,0.7082582712173462,0.007789199240505695,0.7082628607749939,0.009683310985565186,0.7082582712173462,0.007789199240505695,0.009817531332373619,8.0,0.1,M8_eta0.1
NOG,10009,904,113.0,463872,245760,904,8.642298936843872,50,0.1,8.0,0.1,y_bar,0.7081225514411926,0.008863292634487152,0.7080551385879517,0.007267017383128405,0.7081225514411926,0.008863292634487152,0.01317385770380497,8.0,0.1,M8_eta0.1
NOG,10009,960,120.0,492544,262144,960,9.141493797302246,50,0.1,8.0,0.1,y_bar,0.7075791954994202,0.007781772408634424,0.707554817199707,0.007988560013473034,0.7075791954994202,0.007781772408634424,0.012156414799392223,8.0,0.1,M8_eta0.1
NOG,10009,8,1.0,5120,16384,8,0.15524506568908691,50,0.1,8.0,0.2,y_bar,0.7162419557571411,0.011340801604092121,0.716244101524353,0.010692130774259567,0.7162419557571411,0.011340801604092121,0.008593984879553318,8.0,0.2,M8_eta0.2
NOG,10009,72,9.0,37888,32768,72,0.7413182258605957,50,0.1,8.0,0.2,y_bar,0.7151115536689758,0.008101524785161018,0.7150499224662781,0.007700434420257807,0.7151115536689758,0.008101524785161018,0.00806102342903614,8.0,0.2,M8_eta0.2
NOG,10009,136,17.0,70656,49152,136,1.3141343593597412,50,0.1,8.0,0.2,y_bar,0.7142342329025269,0.00810343585908413,0.7141983509063721,0.006754039786756039,0.7142342329025269,0.00810343585908413,0.010544942691922188,8.0,0.2,M8_eta0.2
NOG,10009,200,25.0,103424,65536,200,1.8945045471191406,50,0.1,8.0,0.2,y_bar,0.7134702801704407,0.008566170930862427,0.7134409546852112,0.008816893212497234,0.7134702801704407,0.008566170930862427,0.008963024243712425,8.0,0.2,M8_eta0.2
NOG,10009,264,33.0,136192,81920,264,2.4776041507720947,50,0.1,8.0,0.2,y_bar,0.7129648327827454,0.00799611583352089,0.7129306197166443,0.008379954844713211,0.7129648327827454,0.00799611583352089,0.010536212474107742,8.0,0.2,M8_eta0.2
NOG,10009,328,41.0,168960,98304,328,3.085110664367676,50,0.1,8.0,0.2,y_bar,0.7123218178749084,0.007190826814621687,0.7122867107391357,0.00845955777913332,0.7123218178749084,0.007190826814621687,0.008472141809761524,8.0,0.2,M8_eta0.2
NOG,10009,392,49.0,201728,114688,392,3.6108171939849854,50,0.1,8.0,0.2,y_bar,0.7117176651954651,0.008136102929711342,0.7117006182670593,0.007811995688825846,0.7117176651954651,0.008136102929711342,0.010453746654093266,8.0,0.2,M8_eta0.2
NOG,10009,456,57.0,234496,131072,456,4.190781116485596,50,0.1,8.0,0.2,y_bar,0.7112568616867065,0.0077014463022351265,0.7112582921981812,0.007683835923671722,0.7112568616867065,0.0077014463022351265,0.00876800436526537,8.0,0.2,M8_eta0.2
NOG,10009,520,65.0,267264,147456,520,4.754318475723267,50,0.1,8.0,0.2,y_bar,0.7108209133148193,0.008071239106357098,0.710803210735321,0.007789959199726582,0.7108209133148193,0.008071239106357098,0.008835956454277039,8.0,0.2,M8_eta0.2
NOG,10009,584,73.0,300032,163840,584,5.2924253940582275,50,0.1,8.0,0.2,y_bar,0.7106176614761353,0.00731204729527235,0.7106255888938904,0.008438915014266968,0.7106176614761353,0.00731204729527235,0.009348389692604542,8.0,0.2,M8_eta0.2
NOG,10009,648,81.0,332800,180224,648,5.824730157852173,50,0.1,8.0,0.2,y_bar,0.7104058265686035,0.006394797936081886,0.7103933095932007,0.0072755455039441586,0.7104058265686035,0.006394797936081886,0.009080206044018269,8.0,0.2,M8_eta0.2
NOG,10009,712,89.0,365568,196608,712,6.370012283325195,50,0.1,8.0,0.2,y_bar,0.7103589773178101,0.007861941121518612,0.7103857398033142,0.008166714571416378,0.7103589773178101,0.007861941121518612,0.010216828435659409,8.0,0.2,M8_eta0.2
NOG,10009,776,97.0,398336,212992,776,6.910190105438232,50,0.1,8.0,0.2,y_bar,0.7102793455123901,0.008248102851212025,0.710303544998169,0.008806498721241951,0.7102793455123901,0.008248102851212025,0.010536907240748405,8.0,0.2,M8_eta0.2
NOG,10009,840,105.0,431104,229376,840,7.447762727737427,50,0.1,8.0,0.2,y_bar,0.7102442383766174,0.007055291905999184,0.7102471590042114,0.007181338965892792,0.7102442383766174,0.007055291905999184,0.00800903607159853,8.0,0.2,M8_eta0.2
NOG,10009,904,113.0,463872,245760,904,7.9985504150390625,50,0.1,8.0,0.2,y_bar,0.7100314497947693,0.007120683789253235,0.7100406885147095,0.006683248560875654,0.7100314497947693,0.007120683789253235,0.009698784910142422,8.0,0.2,M8_eta0.2
NOG,10009,960,120.0,492544,262144,960,8.504481315612793,50,0.1,8.0,0.2,y_bar,0.7101309299468994,0.008125027641654015,0.7100769281387329,0.008149197325110435,0.7101309299468994,0.008125027641654015,0.011631201952695847,8.0,0.2,M8_eta0.2
NOG,10009,8,1.0,5120,16384,8,0.18133878707885742,50,0.1,8.0,0.3,y_bar,0.7162142992019653,0.011403207667171955,0.7162152528762817,0.010592264123260975,0.7162142992019653,0.011403207667171955,0.00860191322863102,8.0,0.3,M8_eta0.3
NOG,10009,72,9.0,37888,32768,72,0.7638242244720459,50,0.1,8.0,0.3,y_bar,0.7154813408851624,0.008128070272505283,0.7154493927955627,0.008061802014708519,0.7154813408851624,0.008128070272505283,0.007732875645160675,8.0,0.3,M8_eta0.3
NOG,10009,136,17.0,70656,49152,136,1.3476288318634033,50,0.1,8.0,0.3,y_bar,0.7148556709289551,0.008220827206969261,0.7148454189300537,0.006796925328671932,0.7148556709289551,0.008220827206969261,0.010457920841872692,8.0,0.3,M8_eta0.3
NOG,10009,200,25.0,103424,65536,200,1.868577241897583,50,0.1,8.0,0.3,y_bar,0.714440107345581,0.008213026449084282,0.7144122123718262,0.008314705453813076,0.714440107345581,0.008213026449084282,0.009113232605159283,8.0,0.3,M8_eta0.3
NOG,10009,264,33.0,136192,81920,264,2.4510748386383057,50,0.1,8.0,0.3,y_bar,0.7141173481941223,0.007378309965133667,0.7140430212020874,0.007905927486717701,0.7141173481941223,0.007378309965133667,0.010280998423695564,8.0,0.3,M8_eta0.3
NOG,10009,328,41.0,168960,98304,328,3.1318721771240234,50,0.1,8.0,0.3,y_bar,0.7135090231895447,0.006680424325168133,0.713470995426178,0.008684365078806877,0.7135090231895447,0.006680424325168133,0.008509098552167416,8.0,0.3,M8_eta0.3
NOG,10009,392,49.0,201728,114688,392,3.7549550533294678,50,0.1,8.0,0.3,y_bar,0.7130054235458374,0.008552182465791702,0.7129952311515808,0.00754931103438139,0.7130054235458374,0.008552182465791702,0.010820817202329636,8.0,0.3,M8_eta0.3
NOG,10009,456,57.0,234496,131072,456,4.3562281131744385,50,0.1,8.0,0.3,y_bar,0.7125189304351807,0.007667729165405035,0.7125092148780823,0.0087151313200593,0.7125189304351807,0.007667729165405035,0.009411303326487541,8.0,0.3,M8_eta0.3
NOG,10009,520,65.0,267264,147456,520,4.9634764194488525,50,0.1,8.0,0.3,y_bar,0.7121649980545044,0.00891285203397274,0.7121438980102539,0.007185641676187515,0.7121649980545044,0.00891285203397274,0.007929067127406597,8.0,0.3,M8_eta0.3
NOG,10009,584,73.0,300032,163840,584,5.628172159194946,50,0.1,8.0,0.3,y_bar,0.71189945936203,0.007235994562506676,0.7119100093841553,0.007710114121437073,0.71189945936203,0.007235994562506676,0.00809180736541748,8.0,0.3,M8_eta0.3
NOG,10009,648,81.0,332800,180224,648,6.257265329360962,50,0.1,8.0,0.3,y_bar,0.7115553617477417,0.006346148904412985,0.711537778377533,0.007457169238477945,0.7115553617477417,0.006346148904412985,0.008108317852020264,8.0,0.3,M8_eta0.3
NOG,10009,712,89.0,365568,196608,712,6.8712804317474365,50,0.1,8.0,0.3,y_bar,0.7113698720932007,0.008763729594647884,0.7113880515098572,0.007881766185164452,0.7113698720932007,0.008763729594647884,0.010124105960130692,8.0,0.3,M8_eta0.3
NOG,10009,776,97.0,398336,212992,776,7.454521894454956,50,0.1,8.0,0.3,y_bar,0.7112219929695129,0.008107895031571388,0.711256742477417,0.008412433788180351,0.7112219929695129,0.008107895031571388,0.011251609772443771,8.0,0.3,M8_eta0.3
NOG,10009,840,105.0,431104,229376,840,8.084569931030273,50,0.1,8.0,0.3,y_bar,0.7111735939979553,0.007269738707691431,0.7111736536026001,0.007207714486867189,0.7111735939979553,0.007269738707691431,0.008288522250950336,8.0,0.3,M8_eta0.3
NOG,10009,904,113.0,463872,245760,904,8.780132532119751,50,0.1,8.0,0.3,y_bar,0.7109720706939697,0.0072519537061452866,0.7109598517417908,0.006433992180973291,0.7109720706939697,0.0072519537061452866,0.010465335100889206,8.0,0.3,M8_eta0.3
NOG,10009,960,120.0,492544,262144,960,9.39456033706665,50,0.1,8.0,0.3,y_bar,0.7108199596405029,0.00741773284971714,0.7107982039451599,0.007631133310496807,0.7108199596405029,0.00741773284971714,0.0109252305701375,8.0,0.3,M8_eta0.3
NOG,10009,8,1.0,5120,16384,8,0.1439352035522461,50,0.1,8.0,0.5,y_bar,0.7161981463432312,0.011457758024334908,0.7162005305290222,0.010895442217588425,0.7161981463432312,0.011457758024334908,0.008817074820399284,8.0,0.5,M8_eta0.5
NOG,10009,72,9.0,37888,32768,72,0.7929043769836426,50,0.1,8.0,0.5,y_bar,0.7157555222511292,0.007974867708981037,0.715749979019165,0.008307697251439095,0.7157555222511292,0.007974867708981037,0.0077957226894795895,8.0,0.5,M8_eta0.5
NOG,10009,136,17.0,70656,49152,136,1.4111847877502441,50,0.1,8.0,0.5,y_bar,0.7154091596603394,0.007834701798856258,0.715394139289856,0.006836775690317154,0.7154091596603394,0.007834701798856258,0.011002604849636555,8.0,0.5,M8_eta0.5
NOG,10009,200,25.0,103424,65536,200,2.0600879192352295,50,0.1,8.0,0.5,y_bar,0.7150656580924988,0.007927299477159977,0.7150344252586365,0.008177576586604118,0.7150656580924988,0.007927299477159977,0.0098497923463583,8.0,0.5,M8_eta0.5
NOG,10009,264,33.0,136192,81920,264,2.7551074028015137,50,0.1,8.0,0.5,y_bar,0.7148452997207642,0.006781275384128094,0.7148215174674988,0.007667325437068939,0.7148452997207642,0.006781275384128094,0.00981451291590929,8.0,0.5,M8_eta0.5
NOG,10009,328,41.0,168960,98304,328,3.3445448875427246,50,0.1,8.0,0.5,y_bar,0.7145234942436218,0.006640194915235043,0.7145007848739624,0.008298526518046856,0.7145234942436218,0.006640194915235043,0.009226051159203053,8.0,0.5,M8_eta0.5
NOG,10009,392,49.0,201728,114688,392,4.00205135345459,50,0.1,8.0,0.5,y_bar,0.7142975926399231,0.008020991459488869,0.7142738103866577,0.007795675657689571,0.7142975926399231,0.008020991459488869,0.010244529694318771,8.0,0.5,M8_eta0.5
NOG,10009,456,57.0,234496,131072,456,4.611703395843506,50,0.1,8.0,0.5,y_bar,0.7140177488327026,0.006895687431097031,0.714017927646637,0.008319295011460781,0.7140177488327026,0.006895687431097031,0.008525318466126919,8.0,0.5,M8_eta0.5
NOG,10009,520,65.0,267264,147456,520,5.288107395172119,50,0.1,8.0,0.5,y_bar,0.7137653231620789,0.008624239824712276,0.713744044303894,0.006960781291127205,0.7137653231620789,0.008624239824712276,0.007829551585018635,8.0,0.5,M8_eta0.5
NOG,10009,584,73.0,300032,163840,584,5.9337592124938965,50,0.1,8.0,0.5,y_bar,0.7133766412734985,0.007070179563015699,0.7133756279945374,0.008159426972270012,0.7133766412734985,0.007070179563015699,0.009351043961942196,8.0,0.5,M8_eta0.5
NOG,10009,648,81.0,332800,180224,648,6.6208107471466064,50,0.1,8.0,0.5,y_bar,0.7130439877510071,0.00706451665610075,0.7130323648452759,0.008166528306901455,0.7130439877510071,0.00706451665610075,0.007609673775732517,8.0,0.5,M8_eta0.5
NOG,10009,712,89.0,365568,196608,712,7.224897623062134,50,0.1,8.0,0.5,y_bar,0.712799608707428,0.008697963319718838,0.7128151059150696,0.009149930439889431,0.712799608707428,0.008697963319718838,0.009872841648757458,8.0,0.5,M8_eta0.5
NOG,10009,776,97.0,398336,212992,776,7.85379958152771,50,0.1,8.0,0.5,y_bar,0.7125481963157654,0.008858337998390198,0.7125528454780579,0.008955010212957859,0.7125481963157654,0.008858337998390198,0.011172426864504814,8.0,0.5,M8_eta0.5
NOG,10009,840,105.0,431104,229376,840,8.462092638015747,50,0.1,8.0,0.5,y_bar,0.7122591137886047,0.007537600118666887,0.7122488021850586,0.007660051807761192,0.7122591137886047,0.007537600118666887,0.009262101724743843,8.0,0.5,M8_eta0.5
NOG,10009,904,113.0,463872,245760,904,9.10472583770752,50,0.1,8.0,0.5,y_bar,0.7120444178581238,0.007239933591336012,0.7120248079299927,0.0065802703611552715,0.7120444178581238,0.007239933591336012,0.010664720088243484,8.0,0.5,M8_eta0.5
NOG,10009,960,120.0,492544,262144,960,9.621845722198486,50,0.1,8.0,0.5,y_bar,0.7118856906890869,0.007849489338696003,0.7118702530860901,0.0075926161371171474,0.7118856906890869,0.007849489338696003,0.010757419280707836,8.0,0.5,M8_eta0.5
NOG,10009,12,1.0,7168,16384,12,0.2177579402923584,50,0.1,12.0,0.1,y_bar,0.7162037491798401,0.009377611801028252,0.7161762118339539,0.010502048768103123,0.7162037491798401,0.009377611801028252,0.009901941753923893,12.0,0.1,M12_eta0.1
NOG,10009,84,7.0,44032,32768,84,0.8531522750854492,50,0.1,12.0,0.1,y_bar,0.7151378393173218,0.008716735057532787,0.7150357961654663,0.009475440718233585,0.7151378393173218,0.008716735057532787,0.0066527631133794785,12.0,0.1,M12_eta0.1
NOG,10009,156,13.0,80896,49152,156,1.6100034713745117,50,0.1,12.0,0.1,y_bar,0.7142008543014526,0.007911750115454197,0.7141693830490112,0.00805601291358471,0.7142008543014526,0.007911750115454197,0.007091978564858437,12.0,0.1,M12_eta0.1
NOG,10009,228,19.0,117760,65536,228,2.2869696617126465,50,0.1,12.0,0.1,y_bar,0.7133975028991699,0.007594664581120014,0.7132968902587891,0.0077806273475289345,0.7133975028991699,0.007594664581120014,0.009253714233636856,12.0,0.1,M12_eta0.1
NOG,10009,300,25.0,154624,81920,300,2.9212467670440674,50,0.1,12.0,0.1,y_bar,0.712786078453064,0.008109510876238346,0.7127180099487305,0.008659375831484795,0.712786078453064,0.008109510876238346,0.007848689332604408,12.0,0.1,M12_eta0.1
NOG,10009,372,31.0,191488,98304,372,3.5492658615112305,50,0.1,12.0,0.1,y_bar,0.7119766473770142,0.007357700262218714,0.7118907570838928,0.007332770619541407,0.7119766473770142,0.007357700262218714,0.007846132852137089,12.0,0.1,M12_eta0.1
NOG,10009,444,37.0,228352,114688,444,4.16387414932251,50,0.1,12.0,0.1,y_bar,0.7113631367683411,0.007232536096125841,0.7113203406333923,0.0080711729824543,0.7113631367683411,0.007232536096125841,0.009532126598060131,12.0,0.1,M12_eta0.1
NOG,10009,516,43.0,265216,131072,516,4.783641338348389,50,0.1,12.0,0.1,y_bar,0.7110342383384705,0.008080977946519852,0.7110422849655151,0.00688850786536932,0.7110342383384705,0.008080977946519852,0.007003615144640207,12.0,0.1,M12_eta0.1
NOG,10009,588,49.0,302080,147456,588,5.3932578563690186,50,0.1,12.0,0.1,y_bar,0.710847795009613,0.0077150557190179825,0.7108321785926819,0.006705781910568476,0.710847795009613,0.0077150557190179825,0.008618664927780628,12.0,0.1,M12_eta0.1
NOG,10009,660,55.0,338944,163840,660,5.977930068969727,50,0.1,12.0,0.1,y_bar,0.710587203502655,0.006665925960987806,0.710604727268219,0.00844283401966095,0.710587203502655,0.006665925960987806,0.007786849047988653,12.0,0.1,M12_eta0.1
NOG,10009,732,61.0,375808,180224,732,6.572108745574951,50,0.1,12.0,0.1,y_bar,0.7103729844093323,0.008198904804885387,0.7103896141052246,0.008075077086687088,0.7103729844093323,0.008198904804885387,0.008580364286899567,12.0,0.1,M12_eta0.1
NOG,10009,804,67.0,412672,196608,804,7.160898923873901,50,0.1,12.0,0.1,y_bar,0.7103466987609863,0.008599565364420414,0.7102868556976318,0.006927660666406155,0.7103466987609863,0.008599565364420414,0.008465204387903214,12.0,0.1,M12_eta0.1
NOG,10009,876,73.0,449536,212992,876,7.821716547012329,50,0.1,12.0,0.1,y_bar,0.7100387811660767,0.007563689723610878,0.710023045539856,0.005803533364087343,0.7100387811660767,0.007563689723610878,0.007925400510430336,12.0,0.1,M12_eta0.1
NOG,10009,948,79.0,486400,229376,948,8.431918859481812,50,0.1,12.0,0.1,y_bar,0.709828794002533,0.006474597845226526,0.7098067998886108,0.005936135537922382,0.709828794002533,0.006474597845226526,0.007670062594115734,12.0,0.1,M12_eta0.1
NOG,10009,960,80.0,492544,245760,960,8.626664638519287,50,0.1,12.0,0.1,y_bar,0.7098414897918701,0.006931313779205084,0.7098860144615173,0.008139051496982574,0.7098414897918701,0.006931313779205084,0.006976067554205656,12.0,0.1,M12_eta0.1
NOG,10009,12,1.0,7168,16384,12,0.20671391487121582,50,0.1,12.0,0.2,y_bar,0.7161872982978821,0.009279911406338215,0.7161514163017273,0.010615679435431957,0.7161872982978821,0.009279911406338215,0.009894505143165588,12.0,0.2,M12_eta0.2
NOG,10009,84,7.0,44032,32768,84,0.8244755268096924,50,0.1,12.0,0.2,y_bar,0.7156583666801453,0.008207918144762516,0.7156071662902832,0.009412851184606552,0.7156583666801453,0.008207918144762516,0.006362938322126865,12.0,0.2,M12_eta0.2
NOG,10009,156,13.0,80896,49152,156,1.3833565711975098,50,0.1,12.0,0.2,y_bar,0.7150832414627075,0.008185083977878094,0.7150565385818481,0.008003403432667255,0.7150832414627075,0.008185083977878094,0.007390215061604977,12.0,0.2,M12_eta0.2
NOG,10009,228,19.0,117760,65536,228,1.988619327545166,50,0.1,12.0,0.2,y_bar,0.7147066593170166,0.00707236910238862,0.7146792411804199,0.007756861392408609,0.7147066593170166,0.00707236910238862,0.008580094203352928,12.0,0.2,M12_eta0.2
NOG,10009,300,25.0,154624,81920,300,2.5607006549835205,50,0.1,12.0,0.2,y_bar,0.7144575119018555,0.006917573045939207,0.7144455909729004,0.00787427555769682,0.7144575119018555,0.006917573045939207,0.008159670978784561,12.0,0.2,M12_eta0.2
NOG,10009,372,31.0,191488,98304,372,3.2354211807250977,50,0.1,12.0,0.2,y_bar,0.7141128778457642,0.007856084033846855,0.7140905261039734,0.007150024641305208,0.7141128778457642,0.007856084033846855,0.006867361720651388,12.0,0.2,M12_eta0.2
NOG,10009,444,37.0,228352,114688,444,3.870584726333618,50,0.1,12.0,0.2,y_bar,0.713752806186676,0.007543062791228294,0.7136987447738647,0.007163036614656448,0.713752806186676,0.007543062791228294,0.009621047414839268,12.0,0.2,M12_eta0.2
NOG,10009,516,43.0,265216,131072,516,4.448366641998291,50,0.1,12.0,0.2,y_bar,0.7133641242980957,0.00773592246696353,0.7133011221885681,0.006789011415094137,0.7133641242980957,0.00773592246696353,0.00833972916007042,12.0,0.2,M12_eta0.2
NOG,10009,588,49.0,302080,147456,588,5.084426403045654,50,0.1,12.0,0.2,y_bar,0.7128320932388306,0.0074001699686050415,0.7127965092658997,0.0074966768734157085,0.7128320932388306,0.0074001699686050415,0.008146218955516815,12.0,0.2,M12_eta0.2
NOG,10009,660,55.0,338944,163840,660,5.694009065628052,50,0.1,12.0,0.2,y_bar,0.7124857902526855,0.006544908974319696,0.7124812006950378,0.007689183112233877,0.7124857902526855,0.006544908974319696,0.007691926788538694,12.0,0.2,M12_eta0.2
NOG,10009,732,61.0,375808,180224,732,6.311411619186401,50,0.1,12.0,0.2,y_bar,0.7121219635009766,0.008378095924854279,0.712114691734314,0.008512035943567753,0.7121219635009766,0.008378095924854279,0.0076341875828802586,12.0,0.2,M12_eta0.2
NOG,10009,804,67.0,412672,196608,804,6.94952392578125,50,0.1,12.0,0.2,y_bar,0.7118100523948669,0.0076041859574615955,0.7117844223976135,0.006796908099204302,0.7118100523948669,0.0076041859574615955,0.008249903097748756,12.0,0.2,M12_eta0.2
NOG,10009,876,73.0,449536,212992,876,7.644113302230835,50,0.1,12.0,0.2,y_bar,0.7114883065223694,0.007865388877689838,0.7114888429641724,0.007274221628904343,0.7114883065223694,0.007865388877689838,0.009037161245942116,12.0,0.2,M12_eta0.2
NOG,10009,948,79.0,486400,229376,948,8.293129205703735,50,0.1,12.0,0.2,y_bar,0.7112697958946228,0.006627866066992283,0.7112796306610107,0.006501306314021349,0.7112697958946228,0.006627866066992283,0.006044205278158188,12.0,0.2,M12_eta0.2
NOG,10009,960,80.0,492544,245760,960,8.493592023849487,50,0.1,12.0,0.2,y_bar,0.7112948298454285,0.006933718454092741,0.7112860679626465,0.007307288236916065,0.7112948298454285,0.006933718454092741,0.005933419335633516,12.0,0.2,M12_eta0.2
NOG,10009,12,1.0,7168,16384,12,0.2043466567993164,50,0.1,12.0,0.3,y_bar,0.7161811590194702,0.009390699677169323,0.7161484360694885,0.010829910635948181,0.7161811590194702,0.009390699677169323,0.010032620280981064,12.0,0.3,M12_eta0.3
NOG,10009,84,7.0,44032,32768,84,0.8347060680389404,50,0.1,12.0,0.3,y_bar,0.7158240675926208,0.008102753199636936,0.7157885432243347,0.009091056883335114,0.7158240675926208,0.008102753199636936,0.006707834079861641,12.0,0.3,M12_eta0.3
NOG,10009,156,13.0,80896,49152,156,1.5245230197906494,50,0.1,12.0,0.3,y_bar,0.7154829502105713,0.00812491960823536,0.7154622673988342,0.007805395405739546,0.7154829502105713,0.00812491960823536,0.007602037861943245,12.0,0.3,M12_eta0.3
NOG,10009,228,19.0,117760,65536,228,2.244196891784668,50,0.1,12.0,0.3,y_bar,0.715202808380127,0.007056448608636856,0.7151817083358765,0.007966412231326103,0.715202808380127,0.007056448608636856,0.009007511660456657,12.0,0.3,M12_eta0.3
NOG,10009,300,25.0,154624,81920,300,2.9148104190826416,50,0.1,12.0,0.3,y_bar,0.7149696350097656,0.006950626149773598,0.7149573564529419,0.007832568138837814,0.7149696350097656,0.006950626149773598,0.008155802264809608,12.0,0.3,M12_eta0.3
NOG,10009,372,31.0,191488,98304,372,3.6158790588378906,50,0.1,12.0,0.3,y_bar,0.7147765755653381,0.008114821277558804,0.7147679924964905,0.006830813363194466,0.7147765755653381,0.008114821277558804,0.006978959310799837,12.0,0.3,M12_eta0.3
NOG,10009,444,37.0,228352,114688,444,4.167020082473755,50,0.1,12.0,0.3,y_bar,0.7145957946777344,0.006794190965592861,0.7145833373069763,0.007268338929861784,0.7145957946777344,0.006794190965592861,0.009043551981449127,12.0,0.3,M12_eta0.3
NOG,10009,516,43.0,265216,131072,516,4.809276580810547,50,0.1,12.0,0.3,y_bar,0.7144560217857361,0.007532012183219194,0.7144217491149902,0.005753332749009132,0.7144560217857361,0.007532012183219194,0.007970837876200676,12.0,0.3,M12_eta0.3
NOG,10009,588,49.0,302080,147456,588,5.496204853057861,50,0.1,12.0,0.3,y_bar,0.7141684293746948,0.007465754635632038,0.71414715051651,0.0076689268462359905,0.7141684293746948,0.007465754635632038,0.008270058780908585,12.0,0.3,M12_eta0.3
NOG,10009,660,55.0,338944,163840,660,6.205113410949707,50,0.1,12.0,0.3,y_bar,0.7139155864715576,0.006907401606440544,0.7138914465904236,0.007113144267350435,0.7139155864715576,0.006907401606440544,0.008363422006368637,12.0,0.3,M12_eta0.3
NOG,10009,732,61.0,375808,180224,732,6.909030437469482,50,0.1,12.0,0.3,y_bar,0.7136465311050415,0.008514802902936935,0.7136266827583313,0.008104374632239342,0.7136465311050415,0.008514802902936935,0.008104084059596062,12.0,0.3,M12_eta0.3
NOG,10009,804,67.0,412672,196608,804,7.675882577896118,50,0.1,12.0,0.3,y_bar,0.7133874893188477,0.007884044200181961,0.7133750319480896,0.006736206356436014,0.7133874893188477,0.007884044200181961,0.008206318132579327,12.0,0.3,M12_eta0.3
NOG,10009,876,73.0,449536,212992,876,8.35884428024292,50,0.1,12.0,0.3,y_bar,0.7130564451217651,0.007516852580010891,0.7130274772644043,0.008006169460713863,0.7130564451217651,0.007516852580010891,0.009124966338276863,12.0,0.3,M12_eta0.3
NOG,10009,948,79.0,486400,229376,948,9.01715636253357,50,0.1,12.0,0.3,y_bar,0.7127915024757385,0.0076135555282235146,0.712786078453064,0.006467239931225777,0.7127915024757385,0.0076135555282235146,0.00675403093919158,12.0,0.3,M12_eta0.3
NOG,10009,960,80.0,492544,245760,960,9.21147084236145,50,0.1,12.0,0.3,y_bar,0.712791383266449,0.007371236104518175,0.7127929329872131,0.008014347404241562,0.712791383266449,0.007371236104518175,0.0062409196980297565,12.0,0.3,M12_eta0.3
NOG,10009,12,1.0,7168,16384,12,0.1697700023651123,50,0.1,12.0,0.5,y_bar,0.716179609298706,0.009559360332787037,0.716156005859375,0.01107740681618452,0.716179609298706,0.009559360332787037,0.010135260410606861,12.0,0.5,M12_eta0.5
NOG,10009,84,7.0,44032,32768,84,0.9955482482910156,50,0.1,12.0,0.5,y_bar,0.7159146070480347,0.008272728882730007,0.7158888578414917,0.00909382663667202,0.7159146070480347,0.008272728882730007,0.006628845352679491,12.0,0.5,M12_eta0.5
NOG,10009,156,13.0,80896,49152,156,1.6373670101165771,50,0.1,12.0,0.5,y_bar,0.715678870677948,0.007932920008897781,0.7156573534011841,0.007420653477311134,0.715678870677948,0.007932920008897781,0.007269680500030518,12.0,0.5,M12_eta0.5
NOG,10009,228,19.0,117760,65536,228,2.315596342086792,50,0.1,12.0,0.5,y_bar,0.7154930233955383,0.007455500308424234,0.7154733538627625,0.007719051092863083,0.7154930233955383,0.007455500308424234,0.009047283791005611,12.0,0.5,M12_eta0.5
NOG,10009,300,25.0,154624,81920,300,2.9730160236358643,50,0.1,12.0,0.5,y_bar,0.7153164148330688,0.006921929307281971,0.7153010368347168,0.007647173944860697,0.7153164148330688,0.006921929307281971,0.008591928519308567,12.0,0.5,M12_eta0.5
NOG,10009,372,31.0,191488,98304,372,3.695297956466675,50,0.1,12.0,0.5,y_bar,0.7151544094085693,0.008143780753016472,0.7151491641998291,0.006919453386217356,0.7151544094085693,0.008143780753016472,0.00697385985404253,12.0,0.5,M12_eta0.5
NOG,10009,444,37.0,228352,114688,444,4.391035795211792,50,0.1,12.0,0.5,y_bar,0.7149817943572998,0.006842695642262697,0.7149717807769775,0.007161085493862629,0.7149817943572998,0.006842695642262697,0.009110303595662117,12.0,0.5,M12_eta0.5
NOG,10009,516,43.0,265216,131072,516,5.074693441390991,50,0.1,12.0,0.5,y_bar,0.7148628234863281,0.007290626410394907,0.7148426175117493,0.005945703014731407,0.7148628234863281,0.007290626410394907,0.008006008341908455,12.0,0.5,M12_eta0.5
NOG,10009,588,49.0,302080,147456,588,5.7188544273376465,50,0.1,12.0,0.5,y_bar,0.7146796584129333,0.007108382880687714,0.7146664261817932,0.007848565466701984,0.7146796584129333,0.007108382880687714,0.008481345139443874,12.0,0.5,M12_eta0.5
NOG,10009,660,55.0,338944,163840,660,6.464727878570557,50,0.1,12.0,0.5,y_bar,0.7145388722419739,0.0067908684723079205,0.7145272493362427,0.006987465545535088,0.7145388722419739,0.0067908684723079205,0.008411475457251072,12.0,0.5,M12_eta0.5
NOG,10009,732,61.0,375808,180224,732,7.192132234573364,50,0.1,12.0,0.5,y_bar,0.7143751978874207,0.008257844485342503,0.7143684029579163,0.008132796734571457,0.7143751978874207,0.008257844485342503,0.007885605096817017,12.0,0.5,M12_eta0.5
NOG,10009,804,67.0,412672,196608,804,7.899893283843994,50,0.1,12.0,0.5,y_bar,0.7142133712768555,0.00776082556694746,0.7142078280448914,0.005893993657082319,0.7142133712768555,0.00776082556694746,0.008965684100985527,12.0,0.5,M12_eta0.5
NOG,10009,876,73.0,449536,212992,876,8.517513275146484,50,0.1,12.0,0.5,y_bar,0.7140181660652161,0.007434535305947065,0.7140052318572998,0.00820881500840187,0.7140181660652161,0.007434535305947065,0.00911873858422041,12.0,0.5,M12_eta0.5
NOG,10009,948,79.0,486400,229376,948,9.26702356338501,50,0.1,12.0,0.5,y_bar,0.7138257622718811,0.007493548560887575,0.713818371295929,0.0071331593208014965,0.7138257622718811,0.007493548560887575,0.007079010829329491,12.0,0.5,M12_eta0.5
NOG,10009,960,80.0,492544,245760,960,9.48712420463562,50,0.1,12.0,0.5,y_bar,0.7138151526451111,0.007655892986804247,0.7138090133666992,0.008091340772807598,0.7138151526451111,0.007655892986804247,0.0063070738688111305,12.0,0.5,M12_eta0.5
NOG,10009,16,1.0,9216,16384,16,0.2741718292236328,50,0.1,16.0,0.1,y_bar,0.7161833047866821,0.011344049125909805,0.716132402420044,0.009680153802037239,0.7161833047866821,0.011344049125909805,0.008952369913458824,16.0,0.1,M16_eta0.1
NOG,10009,80,5.0,41984,32768,80,0.8902978897094727,50,0.1,16.0,0.1,y_bar,0.7156255841255188,0.006655652541667223,0.7155781984329224,0.0074957129545509815,0.7156255841255188,0.006655652541667223,0.006118225399404764,16.0,0.1,M16_eta0.1
NOG,10009,144,9.0,74752,49152,144,1.4830172061920166,50,0.1,16.0,0.1,y_bar,0.7149906158447266,0.00785757601261139,0.7149100303649902,0.007043671328574419,0.7149906158447266,0.00785757601261139,0.007122423034161329,16.0,0.1,M16_eta0.1
NOG,10009,208,13.0,107520,65536,208,2.0966882705688477,50,0.1,16.0,0.1,y_bar,0.7146103978157043,0.00827847607433796,0.7145693898200989,0.007583943661302328,0.7146103978157043,0.00827847607433796,0.007580081932246685,16.0,0.1,M16_eta0.1
NOG,10009,272,17.0,140288,81920,272,2.7900450229644775,50,0.1,16.0,0.1,y_bar,0.7143515944480896,0.0069372085854411125,0.7142956852912903,0.008300988003611565,0.7143515944480896,0.0069372085854411125,0.006781538017094135,16.0,0.1,M16_eta0.1
NOG,10009,336,21.0,173056,98304,336,3.356645107269287,50,0.1,16.0,0.1,y_bar,0.7138480544090271,0.006803446915000677,0.7138208150863647,0.007391214370727539,0.7138480544090271,0.006803446915000677,0.00623969454318285,16.0,0.1,M16_eta0.1
NOG,10009,400,25.0,205824,114688,400,3.9354288578033447,50,0.1,16.0,0.1,y_bar,0.7134353518486023,0.0074837347492575645,0.7133544087409973,0.009480640292167664,0.7134353518486023,0.0074837347492575645,0.007815963588654995,16.0,0.1,M16_eta0.1
NOG,10009,464,29.0,238592,131072,464,4.5110697746276855,50,0.1,16.0,0.1,y_bar,0.7129459381103516,0.008606605231761932,0.7129231691360474,0.008525337092578411,0.7129459381103516,0.008606605231761932,0.00737896841019392,16.0,0.1,M16_eta0.1
NOG,10009,528,33.0,271360,147456,528,5.084500789642334,50,0.1,16.0,0.1,y_bar,0.7125639915466309,0.0073392982594668865,0.7124961018562317,0.007928280159831047,0.7125639915466309,0.0073392982594668865,0.007569239009171724,16.0,0.1,M16_eta0.1
NOG,10009,592,37.0,304128,163840,592,5.6924097537994385,50,0.1,16.0,0.1,y_bar,0.7121438384056091,0.007947136647999287,0.7121208906173706,0.007917273789644241,0.7121438384056091,0.007947136647999287,0.0071034664288163185,16.0,0.1,M16_eta0.1
NOG,10009,656,41.0,336896,180224,656,6.26050066947937,50,0.1,16.0,0.1,y_bar,0.7117747068405151,0.007166791241616011,0.7117329835891724,0.007277246564626694,0.7117747068405151,0.007166791241616011,0.006213134154677391,16.0,0.1,M16_eta0.1
NOG,10009,720,45.0,369664,196608,720,6.832648992538452,50,0.1,16.0,0.1,y_bar,0.7115114331245422,0.007648336235433817,0.7115012407302856,0.0080351447686553,0.7115114331245422,0.007648336235433817,0.007206135429441929,16.0,0.1,M16_eta0.1
NOG,10009,784,49.0,402432,212992,784,7.4141504764556885,50,0.1,16.0,0.1,y_bar,0.7113343477249146,0.007331031374633312,0.7113358378410339,0.007663812022656202,0.7113343477249146,0.007331031374633312,0.007272439543157816,16.0,0.1,M16_eta0.1
NOG,10009,848,53.0,435200,229376,848,7.997269868850708,50,0.1,16.0,0.1,y_bar,0.7111958861351013,0.007569768000394106,0.7111670970916748,0.007775233592838049,0.7111958861351013,0.007569768000394106,0.005312878638505936,16.0,0.1,M16_eta0.1
NOG,10009,912,57.0,467968,245760,912,8.571614980697632,50,0.1,16.0,0.1,y_bar,0.7109937071800232,0.007133375387638807,0.7109768390655518,0.007392803207039833,0.7109937071800232,0.007133375387638807,0.007098331116139889,16.0,0.1,M16_eta0.1
NOG,10009,960,60.0,492544,262144,960,8.973131656646729,50,0.1,16.0,0.1,y_bar,0.7109521627426147,0.007795129436999559,0.7109035849571228,0.007707847747951746,0.7109521627426147,0.007795129436999559,0.008637147955596447,16.0,0.1,M16_eta0.1
NOG,10009,16,1.0,9216,16384,16,0.20795202255249023,50,0.1,16.0,0.2,y_bar,0.7161706686019897,0.011448618024587631,0.7161362171173096,0.00999321136623621,0.7161706686019897,0.011448618024587631,0.009062603116035461,16.0,0.2,M16_eta0.2
NOG,10009,80,5.0,41984,32768,80,0.8110220432281494,50,0.1,16.0,0.2,y_bar,0.7158840894699097,0.006714163348078728,0.7158641815185547,0.007533765863627195,0.7158840894699097,0.006714163348078728,0.006488530430942774,16.0,0.2,M16_eta0.2
NOG,10009,144,9.0,74752,49152,144,1.3612957000732422,50,0.1,16.0,0.2,y_bar,0.7156224846839905,0.008158892393112183,0.7156009078025818,0.006816789973527193,0.7156224846839905,0.008158892393112183,0.007168220821768045,16.0,0.2,M16_eta0.2
NOG,10009,208,13.0,107520,65536,208,1.9150142669677734,50,0.1,16.0,0.2,y_bar,0.715445876121521,0.008393111638724804,0.7154220938682556,0.007768027484416962,0.715445876121521,0.008393111638724804,0.00849132426083088,16.0,0.2,M16_eta0.2
NOG,10009,272,17.0,140288,81920,272,2.506016731262207,50,0.1,16.0,0.2,y_bar,0.7152727246284485,0.007124895695596933,0.7152412533760071,0.008436782285571098,0.7152727246284485,0.007124895695596933,0.007235591299831867,16.0,0.2,M16_eta0.2
NOG,10009,336,21.0,173056,98304,336,3.0447194576263428,50,0.1,16.0,0.2,y_bar,0.7150080800056458,0.0070194159634411335,0.7150042653083801,0.007252733688801527,0.7150080800056458,0.0070194159634411335,0.006633508950471878,16.0,0.2,M16_eta0.2
NOG,10009,400,25.0,205824,114688,400,3.5686569213867188,50,0.1,16.0,0.2,y_bar,0.7148363590240479,0.007978052832186222,0.7148276567459106,0.009543045423924923,0.7148363590240479,0.007978052832186222,0.007143835071474314,16.0,0.2,M16_eta0.2
NOG,10009,464,29.0,238592,131072,464,4.136539459228516,50,0.1,16.0,0.2,y_bar,0.7147215008735657,0.007875223644077778,0.714728593826294,0.008077879436314106,0.7147215008735657,0.007875223644077778,0.007057550363242626,16.0,0.2,M16_eta0.2
NOG,10009,528,33.0,271360,147456,528,4.709184169769287,50,0.1,16.0,0.2,y_bar,0.7146171927452087,0.006471057888120413,0.7145935297012329,0.007548851892352104,0.7146171927452087,0.006471057888120413,0.006866913754492998,16.0,0.2,M16_eta0.2
NOG,10009,592,37.0,304128,163840,592,5.234828233718872,50,0.1,16.0,0.2,y_bar,0.7143808603286743,0.007869490422308445,0.7143488526344299,0.0070647853426635265,0.7143808603286743,0.007869490422308445,0.00842954684048891,16.0,0.2,M16_eta0.2
NOG,10009,656,41.0,336896,180224,656,5.771349191665649,50,0.1,16.0,0.2,y_bar,0.7141955494880676,0.0075667076744139194,0.7141736745834351,0.007555039599537849,0.7141955494880676,0.0075667076744139194,0.006073021795600653,16.0,0.2,M16_eta0.2
NOG,10009,720,45.0,369664,196608,720,6.325564384460449,50,0.1,16.0,0.2,y_bar,0.7140404582023621,0.008672592230141163,0.7140318155288696,0.008326724171638489,0.7140404582023621,0.008672592230141163,0.007069905288517475,16.0,0.2,M16_eta0.2
NOG,10009,784,49.0,402432,212992,784,6.857697010040283,50,0.1,16.0,0.2,y_bar,0.7138878107070923,0.007252643816173077,0.713873565196991,0.006378155201673508,0.7138878107070923,0.007252643816173077,0.006623736582696438,16.0,0.2,M16_eta0.2
NOG,10009,848,53.0,435200,229376,848,7.424055099487305,50,0.1,16.0,0.2,y_bar,0.7137118577957153,0.008130450733006,0.7136839032173157,0.0068716024979949,0.7137118577957153,0.008130450733006,0.00644846074283123,16.0,0.2,M16_eta0.2
NOG,10009,912,57.0,467968,245760,912,7.99282431602478,50,0.1,16.0,0.2,y_bar,0.7135350704193115,0.008111084811389446,0.7134912014007568,0.007770255208015442,0.7135350704193115,0.008111084811389446,0.00897401012480259,16.0,0.2,M16_eta0.2
NOG,10009,960,60.0,492544,262144,960,8.442962884902954,50,0.1,16.0,0.2,y_bar,0.7133656144142151,0.0076118214055895805,0.7133273482322693,0.007014036178588867,0.7133656144142151,0.0076118214055895805,0.008853900246322155,16.0,0.2,M16_eta0.2
NOG,10009,16,1.0,9216,16384,16,0.2488386631011963,50,0.1,16.0,0.3,y_bar,0.716171383857727,0.011678030714392662,0.7161471247673035,0.010275646112859249,0.716171383857727,0.011678030714392662,0.009337122552096844,16.0,0.3,M16_eta0.3
NOG,10009,80,5.0,41984,32768,80,0.8044383525848389,50,0.1,16.0,0.3,y_bar,0.715950608253479,0.0067349765449762344,0.7159374356269836,0.007584550883620977,0.715950608253479,0.0067349765449762344,0.006901641376316547,16.0,0.3,M16_eta0.3
NOG,10009,144,9.0,74752,49152,144,1.3926260471343994,50,0.1,16.0,0.3,y_bar,0.7157680988311768,0.008029541000723839,0.7157543301582336,0.0067914314568042755,0.7157680988311768,0.008029541000723839,0.007335897535085678,16.0,0.3,M16_eta0.3
NOG,10009,208,13.0,107520,65536,208,1.9716591835021973,50,0.1,16.0,0.3,y_bar,0.715654194355011,0.008154427632689476,0.7156397700309753,0.00764604052528739,0.715654194355011,0.008154427632689476,0.008430651389062405,16.0,0.3,M16_eta0.3
NOG,10009,272,17.0,140288,81920,272,2.562361001968384,50,0.1,16.0,0.3,y_bar,0.7155345678329468,0.007203612942248583,0.7155130505561829,0.008265778422355652,0.7155345678329468,0.007203612942248583,0.007204664871096611,16.0,0.3,M16_eta0.3
NOG,10009,336,21.0,173056,98304,336,3.128765106201172,50,0.1,16.0,0.3,y_bar,0.7153497934341431,0.006912737153470516,0.7153416872024536,0.007216815836727619,0.7153497934341431,0.006912737153470516,0.0065940385684370995,16.0,0.3,M16_eta0.3
NOG,10009,400,25.0,205824,114688,400,3.6820831298828125,50,0.1,16.0,0.3,y_bar,0.7152312397956848,0.008198981173336506,0.7152225375175476,0.010093465447425842,0.7152312397956848,0.008198981173336506,0.007188532967120409,16.0,0.3,M16_eta0.3
NOG,10009,464,29.0,238592,131072,464,4.214625597000122,50,0.1,16.0,0.3,y_bar,0.71512770652771,0.00784842949360609,0.7151237726211548,0.008280791342258453,0.71512770652771,0.00784842949360609,0.007090643513947725,16.0,0.3,M16_eta0.3
NOG,10009,528,33.0,271360,147456,528,4.902667284011841,50,0.1,16.0,0.3,y_bar,0.7150392532348633,0.006603896617889404,0.7150241732597351,0.007827934809029102,0.7150392532348633,0.006603896617889404,0.007150902412831783,16.0,0.3,M16_eta0.3
NOG,10009,592,37.0,304128,163840,592,5.49229097366333,50,0.1,16.0,0.3,y_bar,0.714848518371582,0.0077120340429246426,0.7148292064666748,0.00709370244294405,0.714848518371582,0.0077120340429246426,0.008101324550807476,16.0,0.3,M16_eta0.3
NOG,10009,656,41.0,336896,180224,656,6.12237286567688,50,0.1,16.0,0.3,y_bar,0.7147229909896851,0.007585844490677118,0.7147029042243958,0.007610370870679617,0.7147229909896851,0.007585844490677118,0.005948693957179785,16.0,0.3,M16_eta0.3
NOG,10009,720,45.0,369664,196608,720,6.762142896652222,50,0.1,16.0,0.3,y_bar,0.7146019339561462,0.00925351120531559,0.7146010398864746,0.008458456955850124,0.7146019339561462,0.00925351120531559,0.0065911500714719296,16.0,0.3,M16_eta0.3
NOG,10009,784,49.0,402432,212992,784,7.330618143081665,50,0.1,16.0,0.3,y_bar,0.714511513710022,0.007132489234209061,0.7144999504089355,0.00639527989551425,0.714511513710022,0.007132489234209061,0.006337435450404882,16.0,0.3,M16_eta0.3
NOG,10009,848,53.0,435200,229376,848,7.98180079460144,50,0.1,16.0,0.3,y_bar,0.7143999338150024,0.00791093334555626,0.7143786549568176,0.006817934103310108,0.7143999338150024,0.00791093334555626,0.006485191639512777,16.0,0.3,M16_eta0.3
NOG,10009,912,57.0,467968,245760,912,8.639346599578857,50,0.1,16.0,0.3,y_bar,0.7143003940582275,0.007158391177654266,0.7142731547355652,0.007681448478251696,0.7143003940582275,0.007158391177654266,0.007963932119309902,16.0,0.3,M16_eta0.3
NOG,10009,960,60.0,492544,262144,960,9.131498098373413,50,0.1,16.0,0.3,y_bar,0.71421217918396,0.0071707782335579395,0.7142026424407959,0.006911451928317547,0.71421217918396,0.0071707782335579395,0.008587557822465897,16.0,0.3,M16_eta0.3
NOG,10009,16,1.0,9216,16384,16,0.2483506202697754,50,0.1,16.0,0.5,y_bar,0.7161731719970703,0.01173094380646944,0.7161543965339661,0.010347949340939522,0.7161731719970703,0.01173094380646944,0.009428617544472218,16.0,0.5,M16_eta0.5
NOG,10009,80,5.0,41984,32768,80,0.8691329956054688,50,0.1,16.0,0.5,y_bar,0.7159948945045471,0.007049736101180315,0.7159807682037354,0.007822117768228054,0.7159948945045471,0.007049736101180315,0.007191348355263472,16.0,0.5,M16_eta0.5
NOG,10009,144,9.0,74752,49152,144,1.5112802982330322,50,0.1,16.0,0.5,y_bar,0.7158476710319519,0.008210220374166965,0.7158362865447998,0.006696758326143026,0.7158476710319519,0.008210220374166965,0.007369269151240587,16.0,0.5,M16_eta0.5
NOG,10009,208,13.0,107520,65536,208,2.0952908992767334,50,0.1,16.0,0.5,y_bar,0.7157576084136963,0.008126266300678253,0.7157467007637024,0.007792509160935879,0.7157576084136963,0.008126266300678253,0.008450507186353207,16.0,0.5,M16_eta0.5
NOG,10009,272,17.0,140288,81920,272,2.6195931434631348,50,0.1,16.0,0.5,y_bar,0.7156623601913452,0.007141878828406334,0.7156480550765991,0.008172517642378807,0.7156623601913452,0.007141878828406334,0.007205106783658266,16.0,0.5,M16_eta0.5
NOG,10009,336,21.0,173056,98304,336,3.2300922870635986,50,0.1,16.0,0.5,y_bar,0.7155274748802185,0.006951664574444294,0.7155225872993469,0.007349453400820494,0.7155274748802185,0.006951664574444294,0.006720453500747681,16.0,0.5,M16_eta0.5
NOG,10009,400,25.0,205824,114688,400,3.8298354148864746,50,0.1,16.0,0.5,y_bar,0.715441882610321,0.008070000447332859,0.7154337763786316,0.01007971353828907,0.715441882610321,0.008070000447332859,0.007195484358817339,16.0,0.5,M16_eta0.5
NOG,10009,464,29.0,238592,131072,464,4.502294540405273,50,0.1,16.0,0.5,y_bar,0.7153553366661072,0.007675470784306526,0.7153547406196594,0.008175304159522057,0.7153553366661072,0.007675470784306526,0.00710454024374485,16.0,0.5,M16_eta0.5
NOG,10009,528,33.0,271360,147456,528,5.142771244049072,50,0.1,16.0,0.5,y_bar,0.7152863144874573,0.0066979024559259415,0.7152729034423828,0.007728831842541695,0.7152863144874573,0.0066979024559259415,0.007175825070589781,16.0,0.5,M16_eta0.5
NOG,10009,592,37.0,304128,163840,592,5.784534931182861,50,0.1,16.0,0.5,y_bar,0.7151286005973816,0.00765209412202239,0.7151144742965698,0.006887436378747225,0.7151286005973816,0.00765209412202239,0.008415520191192627,16.0,0.5,M16_eta0.5
NOG,10009,656,41.0,336896,180224,656,6.401150465011597,50,0.1,16.0,0.5,y_bar,0.7150092124938965,0.0077223447151482105,0.7149999737739563,0.007918374612927437,0.7150092124938965,0.0077223447151482105,0.005947659723460674,16.0,0.5,M16_eta0.5
NOG,10009,720,45.0,369664,196608,720,6.972519397735596,50,0.1,16.0,0.5,y_bar,0.714902400970459,0.009373363107442856,0.7149030566215515,0.008058269508183002,0.714902400970459,0.009373363107442856,0.006637206766754389,16.0,0.5,M16_eta0.5
NOG,10009,784,49.0,402432,212992,784,7.508892774581909,50,0.1,16.0,0.5,y_bar,0.7148078680038452,0.007414596620947123,0.7148000597953796,0.006482900120317936,0.7148078680038452,0.007414596620947123,0.006308333482593298,16.0,0.5,M16_eta0.5
NOG,10009,848,53.0,435200,229376,848,8.17344331741333,50,0.1,16.0,0.5,y_bar,0.7147130966186523,0.007777516730129719,0.7146975994110107,0.007213345728814602,0.7147130966186523,0.007777516730129719,0.0067343744449317455,16.0,0.5,M16_eta0.5
NOG,10009,912,57.0,467968,245760,912,8.82852029800415,50,0.1,16.0,0.5,y_bar,0.7146321535110474,0.007325134705752134,0.7146128416061401,0.007759841624647379,0.7146321535110474,0.007325134705752134,0.007893316447734833,16.0,0.5,M16_eta0.5
NOG,10009,960,60.0,492544,262144,960,9.380082845687866,50,0.1,16.0,0.5,y_bar,0.7145702242851257,0.007262195460498333,0.7145629525184631,0.007092017214745283,0.7145702242851257,0.007262195460498333,0.008576760068535805,16.0,0.5,M16_eta0.5
SmoothedSGD,20009,1,,512,8192,1,0.061402320861816406,50,0.1,,0.05,x,0.7161826491355896,0.009515430778265,0.7161826491355896,0.009515430778265,,,,,0.05,SmoothedSGD
SmoothedSGD,20009,64,,32768,16384,64,0.6520376205444336,50,0.1,,0.05,x,0.7161156535148621,0.008922888897359371,0.7161156535148621,0.008922888897359371,,,,,0.05,SmoothedSGD
SmoothedSGD,20009,128,,65536,24576,128,1.1610324382781982,50,0.1,,0.05,x,0.716060221195221,0.009724900126457214,0.716060221195221,0.009724900126457214,,,,,0.05,SmoothedSGD
SmoothedSGD,20009,192,,98304,32768,192,1.7268040180206299,50,0.1,,0.05,x,0.7160064578056335,0.008638507686555386,0.7160064578056335,0.008638507686555386,,,,,0.05,SmoothedSGD
SmoothedSGD,20009,256,,131072,40960,256,2.2920830249786377,50,0.1,,0.05,x,0.7159576416015625,0.008461039513349533,0.7159576416015625,0.008461039513349533,,,,,0.05,SmoothedSGD
SmoothedSGD,20009,320,,163840,49152,320,2.869680166244507,50,0.1,,0.05,x,0.7159111499786377,0.007387406658381224,0.7159111499786377,0.007387406658381224,,,,,0.05,SmoothedSGD
SmoothedSGD,20009,384,,196608,57344,384,3.416872262954712,50,0.1,,0.05,x,0.7158623933792114,0.00796261616051197,0.7158623933792114,0.00796261616051197,,,,,0.05,SmoothedSGD
SmoothedSGD,20009,448,,229376,65536,448,3.993647336959839,50,0.1,,0.05,x,0.7158118486404419,0.007702838163822889,0.7158118486404419,0.007702838163822889,,,,,0.05,SmoothedSGD
SmoothedSGD,20009,512,,262144,73728,512,4.512054204940796,50,0.1,,0.05,x,0.7157741785049438,0.006597608327865601,0.7157741785049438,0.006597608327865601,,,,,0.05,SmoothedSGD
SmoothedSGD,20009,576,,294912,81920,576,5.121051073074341,50,0.1,,0.05,x,0.7157373428344727,0.008079602383077145,0.7157373428344727,0.008079602383077145,,,,,0.05,SmoothedSGD
SmoothedSGD,20009,640,,327680,90112,640,5.697134256362915,50,0.1,,0.05,x,0.7156993746757507,0.007607731036841869,0.7156993746757507,0.007607731036841869,,,,,0.05,SmoothedSGD
SmoothedSGD,20009,704,,360448,98304,704,6.264659881591797,50,0.1,,0.05,x,0.7156581282615662,0.007822385989129543,0.7156581282615662,0.007822385989129543,,,,,0.05,SmoothedSGD
SmoothedSGD,20009,768,,393216,106496,768,6.83760929107666,50,0.1,,0.05,x,0.7156274914741516,0.007417645305395126,0.7156274914741516,0.007417645305395126,,,,,0.05,SmoothedSGD
SmoothedSGD,20009,832,,425984,114688,832,7.382427215576172,50,0.1,,0.05,x,0.7156009078025818,0.008418277837336063,0.7156009078025818,0.008418277837336063,,,,,0.05,SmoothedSGD
SmoothedSGD,20009,896,,458752,122880,896,7.864493370056152,50,0.1,,0.05,x,0.715568482875824,0.006604547146707773,0.715568482875824,0.006604547146707773,,,,,0.05,SmoothedSGD
SmoothedSGD,20009,960,,491520,131072,960,8.504895687103271,50,0.1,,0.05,x,0.7155287861824036,0.0072333840653300285,0.7155287861824036,0.0072333840653300285,,,,,0.05,SmoothedSGD
