method,seed,round,block_id,work,eval_work,communication_round,time_sec,d,delta,M,lr_or_eta,eval_point,objective,stat_proxy,objective_x,stat_proxy_x,objective_ybar,stat_proxy_ybar,block_oracle_norm,sweep_M,sweep_eta,sweep_grid_id
NOG,10000,4,1.0,3072,16384,4,0.15135598182678223,100,0.1,4.0,0.1,y_bar,0.7262506484985352,0.012768018059432507,0.7262781858444214,0.010597903281450272,0.7262506484985352,0.012768018059432507,0.01755909062922001,4.0,0.1,M4_eta0.1
NOG,10000,68,17.0,35840,32768,68,0.778559684753418,100,0.1,4.0,0.1,y_bar,0.7240121364593506,0.008233141154050827,0.7239533066749573,0.009131908416748047,0.7240121364593506,0.008233141154050827,0.015272616408765316,4.0,0.1,M4_eta0.1
NOG,10000,132,33.0,68608,49152,132,1.4027080535888672,100,0.1,4.0,0.1,y_bar,0.7234793305397034,0.010447748005390167,0.7234914302825928,0.00962879043072462,0.7234793305397034,0.010447748005390167,0.013734525069594383,4.0,0.1,M4_eta0.1
NOG,10000,196,49.0,101376,65536,196,1.9588618278503418,100,0.1,4.0,0.1,y_bar,0.7215669751167297,0.009016701951622963,0.7215167284011841,0.008769528940320015,0.7215669751167297,0.009016701951622963,0.014849751256406307,4.0,0.1,M4_eta0.1
NOG,10000,260,65.0,134144,81920,260,2.540881872177124,100,0.1,4.0,0.1,y_bar,0.720143735408783,0.009279398247599602,0.7201592922210693,0.010787077248096466,0.720143735408783,0.009279398247599602,0.01393186580389738,4.0,0.1,M4_eta0.1
NOG,10000,324,81.0,166912,98304,324,3.071540117263794,100,0.1,4.0,0.1,y_bar,0.7181406021118164,0.010032908990979195,0.7181012034416199,0.009607112966477871,0.7181406021118164,0.010032908990979195,0.01464870385825634,4.0,0.1,M4_eta0.1
NOG,10000,388,97.0,199680,114688,388,3.644827365875244,100,0.1,4.0,0.1,y_bar,0.7175976634025574,0.01045133825391531,0.7176045775413513,0.010957124643027782,0.7175976634025574,0.01045133825391531,0.014684990048408508,4.0,0.1,M4_eta0.1
NOG,10000,452,113.0,232448,131072,452,4.219691514968872,100,0.1,4.0,0.1,y_bar,0.7171066403388977,0.010075659491121769,0.7171229124069214,0.010657167062163353,0.7171066403388977,0.010075659491121769,0.013043307699263096,4.0,0.1,M4_eta0.1
NOG,10000,516,129.0,265216,147456,516,4.7852942943573,100,0.1,4.0,0.1,y_bar,0.715752899646759,0.009809453040361404,0.7156638503074646,0.009699595160782337,0.715752899646759,0.009809453040361404,0.014431944116950035,4.0,0.1,M4_eta0.1
NOG,10000,580,145.0,297984,163840,580,5.3382568359375,100,0.1,4.0,0.1,y_bar,0.7149813771247864,0.009841689839959145,0.7150066494941711,0.009990411810576916,0.7149813771247864,0.009841689839959145,0.014562451280653477,4.0,0.1,M4_eta0.1
NOG,10000,644,161.0,330752,180224,644,5.9596827030181885,100,0.1,4.0,0.1,y_bar,0.7152009606361389,0.009461424313485622,0.7151768207550049,0.009443533606827259,0.7152009606361389,0.009461424313485622,0.015712497755885124,4.0,0.1,M4_eta0.1
NOG,10000,708,177.0,363520,196608,708,6.670971870422363,100,0.1,4.0,0.1,y_bar,0.7139677405357361,0.010439280420541763,0.7139296531677246,0.010298199020326138,0.7139677405357361,0.010439280420541763,0.015562957152724266,4.0,0.1,M4_eta0.1
NOG,10000,772,193.0,396288,212992,772,7.2919816970825195,100,0.1,4.0,0.1,y_bar,0.7121928930282593,0.009273418225347996,0.7122567296028137,0.010042278096079826,0.7121928930282593,0.009273418225347996,0.015212967060506344,4.0,0.1,M4_eta0.1
NOG,10000,836,209.0,429056,229376,836,7.90456485748291,100,0.1,4.0,0.1,y_bar,0.7132269740104675,0.010569736361503601,0.7132018208503723,0.01018086913973093,0.7132269740104675,0.010569736361503601,0.01679258421063423,4.0,0.1,M4_eta0.1
NOG,10000,900,225.0,461824,245760,900,8.565907001495361,100,0.1,4.0,0.1,y_bar,0.712857186794281,0.011340433731675148,0.7128641605377197,0.01085888035595417,0.712857186794281,0.011340433731675148,0.017176266759634018,4.0,0.1,M4_eta0.1
NOG,10000,960,240.0,492544,262144,960,9.154168605804443,100,0.1,4.0,0.1,y_bar,0.7130526900291443,0.012105950154364109,0.7130491137504578,0.010190587490797043,0.7130526900291443,0.012105950154364109,0.016852110624313354,4.0,0.1,M4_eta0.1
NOG,10000,4,1.0,3072,16384,4,0.1378467082977295,100,0.1,4.0,0.2,y_bar,0.7262929081916809,0.012453725561499596,0.7263486385345459,0.010379813611507416,0.7262929081916809,0.012453725561499596,0.01715775765478611,4.0,0.2,M4_eta0.2
NOG,10000,68,17.0,35840,32768,68,0.7876253128051758,100,0.1,4.0,0.2,y_bar,0.7239568829536438,0.008682789281010628,0.7238655090332031,0.009106273762881756,0.7239568829536438,0.008682789281010628,0.016008703038096428,4.0,0.2,M4_eta0.2
NOG,10000,132,33.0,68608,49152,132,1.490609884262085,100,0.1,4.0,0.2,y_bar,0.7228890061378479,0.009171062149107456,0.7228415608406067,0.0100304139778018,0.7228890061378479,0.009171062149107456,0.012684104032814503,4.0,0.2,M4_eta0.2
NOG,10000,196,49.0,101376,65536,196,2.1478707790374756,100,0.1,4.0,0.2,y_bar,0.7217009663581848,0.009685151278972626,0.7216290235519409,0.009660285897552967,0.7217009663581848,0.009685151278972626,0.015254941768944263,4.0,0.2,M4_eta0.2
NOG,10000,260,65.0,134144,81920,260,2.7676079273223877,100,0.1,4.0,0.2,y_bar,0.7196529507637024,0.008858291432261467,0.7196416854858398,0.010202478617429733,0.7196529507637024,0.008858291432261467,0.01465226337313652,4.0,0.2,M4_eta0.2
NOG,10000,324,81.0,166912,98304,324,3.3755950927734375,100,0.1,4.0,0.2,y_bar,0.7181698679924011,0.00972671713680029,0.7182198762893677,0.00948904175311327,0.7181698679924011,0.00972671713680029,0.013456868939101696,4.0,0.2,M4_eta0.2
NOG,10000,388,97.0,199680,114688,388,4.022495269775391,100,0.1,4.0,0.2,y_bar,0.7178723812103271,0.010820644907653332,0.7177863121032715,0.010817782953381538,0.7178723812103271,0.010820644907653332,0.017296673730015755,4.0,0.2,M4_eta0.2
NOG,10000,452,113.0,232448,131072,452,4.642287731170654,100,0.1,4.0,0.2,y_bar,0.7166315913200378,0.009098757058382034,0.7165496349334717,0.008746478706598282,0.7166315913200378,0.009098757058382034,0.014125805348157883,4.0,0.2,M4_eta0.2
NOG,10000,516,129.0,265216,147456,516,5.2413623332977295,100,0.1,4.0,0.2,y_bar,0.7155439853668213,0.00995812937617302,0.7155484557151794,0.009481314569711685,0.7155439853668213,0.00995812937617302,0.01475295890122652,4.0,0.2,M4_eta0.2
NOG,10000,580,145.0,297984,163840,580,5.773738861083984,100,0.1,4.0,0.2,y_bar,0.7149443626403809,0.008677002973854542,0.714925229549408,0.008995864540338516,0.7149443626403809,0.008677002973854542,0.016970565542578697,4.0,0.2,M4_eta0.2
NOG,10000,644,161.0,330752,180224,644,6.354105472564697,100,0.1,4.0,0.2,y_bar,0.714020311832428,0.010473430156707764,0.7139809131622314,0.01111938152462244,0.714020311832428,0.010473430156707764,0.016184188425540924,4.0,0.2,M4_eta0.2
NOG,10000,708,177.0,363520,196608,708,6.904331684112549,100,0.1,4.0,0.2,y_bar,0.713901937007904,0.008996875956654549,0.7138947248458862,0.009504495188593864,0.713901937007904,0.008996875956654549,0.015849053859710693,4.0,0.2,M4_eta0.2
NOG,10000,772,193.0,396288,212992,772,7.455579996109009,100,0.1,4.0,0.2,y_bar,0.7137359380722046,0.009130922146141529,0.7137352824211121,0.00985173974186182,0.7137359380722046,0.009130922146141529,0.015498989261686802,4.0,0.2,M4_eta0.2
NOG,10000,836,209.0,429056,229376,836,7.992321968078613,100,0.1,4.0,0.2,y_bar,0.7130665183067322,0.009340804070234299,0.7130091190338135,0.008998634293675423,0.7130665183067322,0.009340804070234299,0.015857089310884476,4.0,0.2,M4_eta0.2
NOG,10000,900,225.0,461824,245760,900,8.574175834655762,100,0.1,4.0,0.2,y_bar,0.7126964330673218,0.010476209223270416,0.7127715349197388,0.008993175812065601,0.7126964330673218,0.010476209223270416,0.01580982841551304,4.0,0.2,M4_eta0.2
NOG,10000,960,240.0,492544,262144,960,9.11745309829712,100,0.1,4.0,0.2,y_bar,0.7123165130615234,0.009618549607694149,0.7123599648475647,0.009012171067297459,0.7123165130615234,0.009618549607694149,0.01484952587634325,4.0,0.2,M4_eta0.2
NOG,10000,4,1.0,3072,16384,4,0.14998912811279297,100,0.1,4.0,0.3,y_bar,0.7263364195823669,0.012352082878351212,0.7264158725738525,0.01040426641702652,0.7263364195823669,0.012352082878351212,0.016856210306286812,4.0,0.3,M4_eta0.3
NOG,10000,68,17.0,35840,32768,68,0.7254202365875244,100,0.1,4.0,0.3,y_bar,0.7240946888923645,0.009236864745616913,0.7240087985992432,0.0090223029255867,0.7240946888923645,0.009236864745616913,0.01540117897093296,4.0,0.3,M4_eta0.3
NOG,10000,132,33.0,68608,49152,132,1.4258029460906982,100,0.1,4.0,0.3,y_bar,0.7231143116950989,0.009084025397896767,0.7230843901634216,0.008813813328742981,0.7231143116950989,0.009084025397896767,0.012708883732557297,4.0,0.3,M4_eta0.3
NOG,10000,196,49.0,101376,65536,196,2.0610876083374023,100,0.1,4.0,0.3,y_bar,0.7218587398529053,0.009141331538558006,0.7217558026313782,0.008824627846479416,0.7218587398529053,0.009141331538558006,0.014884651638567448,4.0,0.3,M4_eta0.3
NOG,10000,260,65.0,134144,81920,260,2.6564507484436035,100,0.1,4.0,0.3,y_bar,0.7207896113395691,0.009684192948043346,0.7207787036895752,0.00992370955646038,0.7207896113395691,0.009684192948043346,0.014032810926437378,4.0,0.3,M4_eta0.3
NOG,10000,324,81.0,166912,98304,324,3.2848777770996094,100,0.1,4.0,0.3,y_bar,0.7193182110786438,0.009169736877083778,0.7192920446395874,0.008249754086136818,0.7193182110786438,0.009169736877083778,0.01284024864435196,4.0,0.3,M4_eta0.3
NOG,10000,388,97.0,199680,114688,388,3.8740360736846924,100,0.1,4.0,0.3,y_bar,0.718798816204071,0.008934237994253635,0.7187657952308655,0.009743073023855686,0.718798816204071,0.008934237994253635,0.015922749415040016,4.0,0.3,M4_eta0.3
NOG,10000,452,113.0,232448,131072,452,4.534197807312012,100,0.1,4.0,0.3,y_bar,0.7178305983543396,0.008606844581663609,0.7178366780281067,0.009080993011593819,0.7178305983543396,0.008606844581663609,0.013688694685697556,4.0,0.3,M4_eta0.3
NOG,10000,516,129.0,265216,147456,516,5.104782819747925,100,0.1,4.0,0.3,y_bar,0.7176893353462219,0.010395432822406292,0.7176637649536133,0.009924661368131638,0.7176893353462219,0.010395432822406292,0.015050582587718964,4.0,0.3,M4_eta0.3
NOG,10000,580,145.0,297984,163840,580,5.787604808807373,100,0.1,4.0,0.3,y_bar,0.7168395519256592,0.007847517728805542,0.7168105244636536,0.008836967870593071,0.7168395519256592,0.007847517728805542,0.015073692426085472,4.0,0.3,M4_eta0.3
NOG,10000,644,161.0,330752,180224,644,6.439198970794678,100,0.1,4.0,0.3,y_bar,0.7159277200698853,0.009655555710196495,0.7159461975097656,0.010004756972193718,0.7159277200698853,0.009655555710196495,0.013558145612478256,4.0,0.3,M4_eta0.3
NOG,10000,708,177.0,363520,196608,708,7.024813413619995,100,0.1,4.0,0.3,y_bar,0.7152650952339172,0.009843625128269196,0.7152134776115417,0.009896093048155308,0.7152650952339172,0.009843625128269196,0.01584419421851635,4.0,0.3,M4_eta0.3
NOG,10000,772,193.0,396288,212992,772,7.692786693572998,100,0.1,4.0,0.3,y_bar,0.7145212888717651,0.008800688199698925,0.7145431637763977,0.00881312694400549,0.7145212888717651,0.008800688199698925,0.013935239054262638,4.0,0.3,M4_eta0.3
NOG,10000,836,209.0,429056,229376,836,8.325872898101807,100,0.1,4.0,0.3,y_bar,0.7144477963447571,0.00905208196491003,0.7144098877906799,0.008879966102540493,0.7144477963447571,0.00905208196491003,0.015605355612933636,4.0,0.3,M4_eta0.3
NOG,10000,900,225.0,461824,245760,900,9.071256875991821,100,0.1,4.0,0.3,y_bar,0.7138280868530273,0.00989011861383915,0.7138340473175049,0.00965112168341875,0.7138280868530273,0.00989011861383915,0.01613527350127697,4.0,0.3,M4_eta0.3
NOG,10000,960,240.0,492544,262144,960,9.648125648498535,100,0.1,4.0,0.3,y_bar,0.7136672139167786,0.01006377674639225,0.7136989831924438,0.009243111126124859,0.7136672139167786,0.01006377674639225,0.01580236293375492,4.0,0.3,M4_eta0.3
NOG,10000,4,1.0,3072,16384,4,0.16132020950317383,100,0.1,4.0,0.5,y_bar,0.7263792753219604,0.012254511006176472,0.7264388203620911,0.010427086614072323,0.7263792753219604,0.012254511006176472,0.01666824333369732,4.0,0.5,M4_eta0.5
NOG,10000,68,17.0,35840,32768,68,0.8400881290435791,100,0.1,4.0,0.5,y_bar,0.7247506380081177,0.008679939433932304,0.7246876955032349,0.008887303061783314,0.7247506380081177,0.008679939433932304,0.015226964838802814,4.0,0.5,M4_eta0.5
NOG,10000,132,33.0,68608,49152,132,1.427727222442627,100,0.1,4.0,0.5,y_bar,0.7235419750213623,0.008891934528946877,0.7235134840011597,0.008382492698729038,0.7235419750213623,0.008891934528946877,0.012590709142386913,4.0,0.5,M4_eta0.5
NOG,10000,196,49.0,101376,65536,196,1.9619503021240234,100,0.1,4.0,0.5,y_bar,0.7224900126457214,0.007361655589193106,0.7224727869033813,0.008693806827068329,0.7224900126457214,0.007361655589193106,0.013847367838025093,4.0,0.5,M4_eta0.5
NOG,10000,260,65.0,134144,81920,260,2.5823214054107666,100,0.1,4.0,0.5,y_bar,0.7218092679977417,0.009257829748094082,0.721791684627533,0.009103686548769474,0.7218092679977417,0.009257829748094082,0.014300347305834293,4.0,0.5,M4_eta0.5
NOG,10000,324,81.0,166912,98304,324,3.1308140754699707,100,0.1,4.0,0.5,y_bar,0.720859706401825,0.007936522364616394,0.7208366394042969,0.0075162248685956,0.720859706401825,0.007936522364616394,0.01325652189552784,4.0,0.5,M4_eta0.5
NOG,10000,388,97.0,199680,114688,388,3.672055244445801,100,0.1,4.0,0.5,y_bar,0.7205370664596558,0.008084949105978012,0.7205231189727783,0.008600844070315361,0.7205370664596558,0.008084949105978012,0.013531908392906189,4.0,0.5,M4_eta0.5
NOG,10000,452,113.0,232448,131072,452,4.23014497756958,100,0.1,4.0,0.5,y_bar,0.7197911739349365,0.009294235147535801,0.7197808027267456,0.008169926702976227,0.7197911739349365,0.009294235147535801,0.013960469514131546,4.0,0.5,M4_eta0.5
NOG,10000,516,129.0,265216,147456,516,4.81234884262085,100,0.1,4.0,0.5,y_bar,0.7193881869316101,0.009259016253054142,0.7193643450737,0.008797846734523773,0.7193881869316101,0.009259016253054142,0.013235804624855518,4.0,0.5,M4_eta0.5
NOG,10000,580,145.0,297984,163840,580,5.39989709854126,100,0.1,4.0,0.5,y_bar,0.7186791896820068,0.008031225763261318,0.7186482548713684,0.007870104163885117,0.7186791896820068,0.008031225763261318,0.013702668249607086,4.0,0.5,M4_eta0.5
NOG,10000,644,161.0,330752,180224,644,5.988302946090698,100,0.1,4.0,0.5,y_bar,0.7183237671852112,0.00986384879797697,0.7182965874671936,0.008742691949009895,0.7183237671852112,0.00986384879797697,0.01254150178283453,4.0,0.5,M4_eta0.5
NOG,10000,708,177.0,363520,196608,708,6.502390146255493,100,0.1,4.0,0.5,y_bar,0.7180819511413574,0.008580787107348442,0.718030571937561,0.009146785363554955,0.7180819511413574,0.008580787107348442,0.015252173878252506,4.0,0.5,M4_eta0.5
NOG,10000,772,193.0,396288,212992,772,7.05874490737915,100,0.1,4.0,0.5,y_bar,0.7175896167755127,0.008113296702504158,0.7175737023353577,0.008933233097195625,0.7175896167755127,0.008113296702504158,0.013028007932007313,4.0,0.5,M4_eta0.5
NOG,10000,836,209.0,429056,229376,836,7.700082302093506,100,0.1,4.0,0.5,y_bar,0.71707683801651,0.008119647391140461,0.7170788049697876,0.008986747823655605,0.71707683801651,0.008119647391140461,0.015068384818732738,4.0,0.5,M4_eta0.5
NOG,10000,900,225.0,461824,245760,900,8.306048393249512,100,0.1,4.0,0.5,y_bar,0.7167676091194153,0.008613010868430138,0.7168015837669373,0.008704767562448978,0.7167676091194153,0.008613010868430138,0.014137882739305496,4.0,0.5,M4_eta0.5
NOG,10000,960,240.0,492544,262144,960,8.966028928756714,100,0.1,4.0,0.5,y_bar,0.7164787650108337,0.008841167204082012,0.7164832353591919,0.008098318241536617,0.7164787650108337,0.008841167204082012,0.015325196087360382,4.0,0.5,M4_eta0.5
NOG,10000,8,1.0,5120,16384,8,0.17992806434631348,100,0.1,8.0,0.1,y_bar,0.7262613773345947,0.010858799330890179,0.7262676954269409,0.009201480075716972,0.7262613773345947,0.010858799330890179,0.014107730239629745,8.0,0.1,M8_eta0.1
NOG,10000,72,9.0,37888,32768,72,0.8943276405334473,100,0.1,8.0,0.1,y_bar,0.7248747944831848,0.008642765693366528,0.7247734069824219,0.008845683187246323,0.7248747944831848,0.008642765693366528,0.01085748616605997,8.0,0.1,M8_eta0.1
NOG,10000,136,17.0,70656,49152,136,1.465574026107788,100,0.1,8.0,0.1,y_bar,0.7234611511230469,0.009274143725633621,0.7233936786651611,0.010492522269487381,0.7234611511230469,0.009274143725633621,0.009434043429791927,8.0,0.1,M8_eta0.1
NOG,10000,200,25.0,103424,65536,200,2.1328020095825195,100,0.1,8.0,0.1,y_bar,0.7224329710006714,0.007321234792470932,0.7223358154296875,0.008709440007805824,0.7224329710006714,0.007321234792470932,0.010046583600342274,8.0,0.1,M8_eta0.1
NOG,10000,264,33.0,136192,81920,264,2.717909812927246,100,0.1,8.0,0.1,y_bar,0.7214834690093994,0.0082092909142375,0.7214763164520264,0.008488159626722336,0.7214834690093994,0.0082092909142375,0.010428475216031075,8.0,0.1,M8_eta0.1
NOG,10000,328,41.0,168960,98304,328,3.3863778114318848,100,0.1,8.0,0.1,y_bar,0.720448911190033,0.008043019101023674,0.7204155325889587,0.008344939909875393,0.720448911190033,0.008043019101023674,0.009506446309387684,8.0,0.1,M8_eta0.1
NOG,10000,392,49.0,201728,114688,392,4.029680013656616,100,0.1,8.0,0.1,y_bar,0.7198914289474487,0.007997467182576656,0.7198683023452759,0.008557959459722042,0.7198914289474487,0.007997467182576656,0.011196497827768326,8.0,0.1,M8_eta0.1
NOG,10000,456,57.0,234496,131072,456,4.690548658370972,100,0.1,8.0,0.1,y_bar,0.7190539240837097,0.008348756469786167,0.7189238667488098,0.007771654985845089,0.7190539240837097,0.008348756469786167,0.010665591806173325,8.0,0.1,M8_eta0.1
NOG,10000,520,65.0,267264,147456,520,5.356832027435303,100,0.1,8.0,0.1,y_bar,0.7184551358222961,0.00896776095032692,0.7184459567070007,0.009236988611519337,0.7184551358222961,0.00896776095032692,0.011671047657728195,8.0,0.1,M8_eta0.1
NOG,10000,584,73.0,300032,163840,584,5.947458982467651,100,0.1,8.0,0.1,y_bar,0.7178715467453003,0.008447007276117802,0.7178968191146851,0.00822625495493412,0.7178715467453003,0.008447007276117802,0.010711867362260818,8.0,0.1,M8_eta0.1
NOG,10000,648,81.0,332800,180224,648,6.680537223815918,100,0.1,8.0,0.1,y_bar,0.7172802090644836,0.008254405111074448,0.7172756195068359,0.00807257927954197,0.7172802090644836,0.008254405111074448,0.0099940225481987,8.0,0.1,M8_eta0.1
NOG,10000,712,89.0,365568,196608,712,7.399482488632202,100,0.1,8.0,0.1,y_bar,0.7167381644248962,0.008656310848891735,0.7167386412620544,0.009111028164625168,0.7167381644248962,0.008656310848891735,0.012581387534737587,8.0,0.1,M8_eta0.1
NOG,10000,776,97.0,398336,212992,776,8.050934553146362,100,0.1,8.0,0.1,y_bar,0.716310441493988,0.008762042969465256,0.7162600755691528,0.008342976681888103,0.716310441493988,0.008762042969465256,0.010958255268633366,8.0,0.1,M8_eta0.1
NOG,10000,840,105.0,431104,229376,840,8.697335004806519,100,0.1,8.0,0.1,y_bar,0.7156339883804321,0.009253416210412979,0.7156127095222473,0.009007117711007595,0.7156339883804321,0.009253416210412979,0.010856346227228642,8.0,0.1,M8_eta0.1
NOG,10000,904,113.0,463872,245760,904,9.305701494216919,100,0.1,8.0,0.1,y_bar,0.7150323987007141,0.008125321008265018,0.7150013446807861,0.007754925638437271,0.7150323987007141,0.008125321008265018,0.011587824672460556,8.0,0.1,M8_eta0.1
NOG,10000,960,120.0,492544,262144,960,9.780770540237427,100,0.1,8.0,0.1,y_bar,0.7147490382194519,0.009726088494062424,0.7146533727645874,0.009158113040030003,0.7147490382194519,0.009726088494062424,0.011805135756731033,8.0,0.1,M8_eta0.1
NOG,10000,8,1.0,5120,16384,8,0.17178988456726074,100,0.1,8.0,0.2,y_bar,0.7262948751449585,0.01057937741279602,0.7262772917747498,0.009033242240548134,0.7262948751449585,0.01057937741279602,0.013756372965872288,8.0,0.2,M8_eta0.2
NOG,10000,72,9.0,37888,32768,72,0.7227709293365479,100,0.1,8.0,0.2,y_bar,0.7252123951911926,0.008393919095396996,0.7251630425453186,0.008685077540576458,0.7252123951911926,0.008393919095396996,0.01040632277727127,8.0,0.2,M8_eta0.2
NOG,10000,136,17.0,70656,49152,136,1.2592594623565674,100,0.1,8.0,0.2,y_bar,0.7242386937141418,0.0089168855920434,0.7242196798324585,0.009531326591968536,0.7242386937141418,0.0089168855920434,0.00866877380758524,8.0,0.2,M8_eta0.2
NOG,10000,200,25.0,103424,65536,200,1.9101941585540771,100,0.1,8.0,0.2,y_bar,0.7233743667602539,0.007367316167801619,0.7233399748802185,0.007807989604771137,0.7233743667602539,0.007367316167801619,0.009436572901904583,8.0,0.2,M8_eta0.2
NOG,10000,264,33.0,136192,81920,264,2.504842758178711,100,0.1,8.0,0.2,y_bar,0.7227714657783508,0.007836038246750832,0.7227397561073303,0.0076595754362642765,0.7227714657783508,0.007836038246750832,0.010315373539924622,8.0,0.2,M8_eta0.2
NOG,10000,328,41.0,168960,98304,328,3.11594557762146,100,0.1,8.0,0.2,y_bar,0.7219747304916382,0.0079195536673069,0.7219609022140503,0.006947095040231943,0.7219747304916382,0.0079195536673069,0.00841339211910963,8.0,0.2,M8_eta0.2
NOG,10000,392,49.0,201728,114688,392,3.768786907196045,100,0.1,8.0,0.2,y_bar,0.7213611602783203,0.007916768081486225,0.7213373184204102,0.00764959491789341,0.7213611602783203,0.007916768081486225,0.00934938807040453,8.0,0.2,M8_eta0.2
NOG,10000,456,57.0,234496,131072,456,4.329010248184204,100,0.1,8.0,0.2,y_bar,0.7208418846130371,0.007858827710151672,0.7207687497138977,0.007547783199697733,0.7208418846130371,0.007858827710151672,0.009999381378293037,8.0,0.2,M8_eta0.2
NOG,10000,520,65.0,267264,147456,520,5.0167131423950195,100,0.1,8.0,0.2,y_bar,0.7205074429512024,0.00762992724776268,0.7204880118370056,0.007869863882660866,0.7205074429512024,0.00762992724776268,0.011105217039585114,8.0,0.2,M8_eta0.2
NOG,10000,584,73.0,300032,163840,584,5.630381107330322,100,0.1,8.0,0.2,y_bar,0.7200849056243896,0.008091493509709835,0.7200446128845215,0.008310487493872643,0.7200849056243896,0.008091493509709835,0.009692886844277382,8.0,0.2,M8_eta0.2
NOG,10000,648,81.0,332800,180224,648,6.258666276931763,100,0.1,8.0,0.2,y_bar,0.7196246385574341,0.00855580810457468,0.719623863697052,0.00885759387165308,0.7196246385574341,0.00855580810457468,0.009562988765537739,8.0,0.2,M8_eta0.2
NOG,10000,712,89.0,365568,196608,712,6.858095645904541,100,0.1,8.0,0.2,y_bar,0.7194052338600159,0.0076353480108082294,0.7193811535835266,0.00746565219014883,0.7194052338600159,0.0076353480108082294,0.011754738166928291,8.0,0.2,M8_eta0.2
NOG,10000,776,97.0,398336,212992,776,7.6218414306640625,100,0.1,8.0,0.2,y_bar,0.7190223932266235,0.00791351031512022,0.7190083861351013,0.007967798039317131,0.7190223932266235,0.00791351031512022,0.009964055381715298,8.0,0.2,M8_eta0.2
NOG,10000,840,105.0,431104,229376,840,8.31132435798645,100,0.1,8.0,0.2,y_bar,0.718550980091095,0.008204987272620201,0.7185231447219849,0.008130097761750221,0.718550980091095,0.008204987272620201,0.01007269136607647,8.0,0.2,M8_eta0.2
NOG,10000,904,113.0,463872,245760,904,8.992570400238037,100,0.1,8.0,0.2,y_bar,0.718109667301178,0.007114249747246504,0.7180906534194946,0.007716040126979351,0.718109667301178,0.007114249747246504,0.010839136317372322,8.0,0.2,M8_eta0.2
NOG,10000,960,120.0,492544,262144,960,9.532590627670288,100,0.1,8.0,0.2,y_bar,0.7179031372070312,0.008482314646244049,0.7178820967674255,0.007588579319417477,0.7179031372070312,0.008482314646244049,0.011705686338245869,8.0,0.2,M8_eta0.2
NOG,10000,8,1.0,5120,16384,8,0.20878005027770996,100,0.1,8.0,0.3,y_bar,0.726273775100708,0.010669452138245106,0.7262480854988098,0.009170482866466045,0.726273775100708,0.010669452138245106,0.013802846893668175,8.0,0.3,M8_eta0.3
NOG,10000,72,9.0,37888,32768,72,0.9296543598175049,100,0.1,8.0,0.3,y_bar,0.7255768179893494,0.008547602221369743,0.7255416512489319,0.008719708770513535,0.7255768179893494,0.008547602221369743,0.010113158263266087,8.0,0.3,M8_eta0.3
NOG,10000,136,17.0,70656,49152,136,1.6512486934661865,100,0.1,8.0,0.3,y_bar,0.724933385848999,0.00866352766752243,0.7249166369438171,0.009345170110464096,0.724933385848999,0.00866352766752243,0.00851496122777462,8.0,0.3,M8_eta0.3
NOG,10000,200,25.0,103424,65536,200,2.282094717025757,100,0.1,8.0,0.3,y_bar,0.7243078351020813,0.007185487542301416,0.7242811322212219,0.0073536778800189495,0.7243078351020813,0.007185487542301416,0.00923785101622343,8.0,0.3,M8_eta0.3
NOG,10000,264,33.0,136192,81920,264,3.029106855392456,100,0.1,8.0,0.3,y_bar,0.7238077521324158,0.007343743462115526,0.7237745523452759,0.006970669608563185,0.7238077521324158,0.007343743462115526,0.009638624265789986,8.0,0.3,M8_eta0.3
NOG,10000,328,41.0,168960,98304,328,3.7423007488250732,100,0.1,8.0,0.3,y_bar,0.7233144044876099,0.00798267312347889,0.7233127355575562,0.007160941604524851,0.7233144044876099,0.00798267312347889,0.008234000764787197,8.0,0.3,M8_eta0.3
NOG,10000,392,49.0,201728,114688,392,4.4343421459198,100,0.1,8.0,0.3,y_bar,0.7227739691734314,0.00787048414349556,0.7227615714073181,0.0077684842981398106,0.7227739691734314,0.00787048414349556,0.009737166576087475,8.0,0.3,M8_eta0.3
NOG,10000,456,57.0,234496,131072,456,5.113671064376831,100,0.1,8.0,0.3,y_bar,0.7223469614982605,0.00803709402680397,0.7223383784294128,0.007805609609931707,0.7223469614982605,0.00803709402680397,0.009398325346410275,8.0,0.3,M8_eta0.3
NOG,10000,520,65.0,267264,147456,520,5.747194528579712,100,0.1,8.0,0.3,y_bar,0.7219189405441284,0.007200684864073992,0.7218766212463379,0.008403820917010307,0.7219189405441284,0.007200684864073992,0.011388837359845638,8.0,0.3,M8_eta0.3
NOG,10000,584,73.0,300032,163840,584,6.32155442237854,100,0.1,8.0,0.3,y_bar,0.7215713262557983,0.007550925016403198,0.7215771079063416,0.007706420961767435,0.7215713262557983,0.007550925016403198,0.008696221746504307,8.0,0.3,M8_eta0.3
NOG,10000,648,81.0,332800,180224,648,7.046370267868042,100,0.1,8.0,0.3,y_bar,0.7213141322135925,0.008248943835496902,0.721327006816864,0.008345973677933216,0.7213141322135925,0.008248943835496902,0.00840346422046423,8.0,0.3,M8_eta0.3
NOG,10000,712,89.0,365568,196608,712,7.70326566696167,100,0.1,8.0,0.3,y_bar,0.7211307883262634,0.007816123776137829,0.7211167216300964,0.007454541977494955,0.7211307883262634,0.007816123776137829,0.009831978008151054,8.0,0.3,M8_eta0.3
NOG,10000,776,97.0,398336,212992,776,8.362085342407227,100,0.1,8.0,0.3,y_bar,0.7208719849586487,0.007194980513304472,0.7208219766616821,0.007788399700075388,0.7208719849586487,0.007194980513304472,0.010358817875385284,8.0,0.3,M8_eta0.3
NOG,10000,840,105.0,431104,229376,840,9.058289051055908,100,0.1,8.0,0.3,y_bar,0.7205899953842163,0.007759726606309414,0.7205723524093628,0.007099718786776066,0.7205899953842163,0.007759726606309414,0.008966044522821903,8.0,0.3,M8_eta0.3
NOG,10000,904,113.0,463872,245760,904,9.677404165267944,100,0.1,8.0,0.3,y_bar,0.7201898694038391,0.00667842011898756,0.7201917171478271,0.006551375146955252,0.7201898694038391,0.00667842011898756,0.01001222338527441,8.0,0.3,M8_eta0.3
NOG,10000,960,120.0,492544,262144,960,10.251880168914795,100,0.1,8.0,0.3,y_bar,0.720050573348999,0.007734003011137247,0.7200490832328796,0.0076356446370482445,0.720050573348999,0.007734003011137247,0.011255213990807533,8.0,0.3,M8_eta0.3
NOG,10000,8,1.0,5120,16384,8,0.2001819610595703,100,0.1,8.0,0.5,y_bar,0.7262476682662964,0.010801605880260468,0.7262341976165771,0.009532151743769646,0.7262476682662964,0.010801605880260468,0.013957791030406952,8.0,0.5,M8_eta0.5
NOG,10000,72,9.0,37888,32768,72,0.8756952285766602,100,0.1,8.0,0.5,y_bar,0.7258688807487488,0.00847967155277729,0.7258569598197937,0.008576246909797192,0.7258688807487488,0.00847967155277729,0.0100723160430789,8.0,0.5,M8_eta0.5
NOG,10000,136,17.0,70656,49152,136,1.52158522605896,100,0.1,8.0,0.5,y_bar,0.7254577875137329,0.008718729950487614,0.7254284024238586,0.009227103553712368,0.7254577875137329,0.008718729950487614,0.009430143050849438,8.0,0.5,M8_eta0.5
NOG,10000,200,25.0,103424,65536,200,2.1358842849731445,100,0.1,8.0,0.5,y_bar,0.7250321507453918,0.006883892230689526,0.7250116467475891,0.0074148946441709995,0.7250321507453918,0.006883892230689526,0.00890953280031681,8.0,0.5,M8_eta0.5
NOG,10000,264,33.0,136192,81920,264,2.7732136249542236,100,0.1,8.0,0.5,y_bar,0.7247301340103149,0.007181430235505104,0.7247057557106018,0.007320678327232599,0.7247301340103149,0.007181430235505104,0.009981420822441578,8.0,0.5,M8_eta0.5
NOG,10000,328,41.0,168960,98304,328,3.398499011993408,100,0.1,8.0,0.5,y_bar,0.7243834137916565,0.007734515238553286,0.724374532699585,0.0072524226270616055,0.7243834137916565,0.007734515238553286,0.00854654423892498,8.0,0.5,M8_eta0.5
NOG,10000,392,49.0,201728,114688,392,4.041352272033691,100,0.1,8.0,0.5,y_bar,0.72400963306427,0.007617219351232052,0.7240186929702759,0.007619563955813646,0.72400963306427,0.007617219351232052,0.009788455441594124,8.0,0.5,M8_eta0.5
NOG,10000,456,57.0,234496,131072,456,4.686700105667114,100,0.1,8.0,0.5,y_bar,0.7237452864646912,0.0076696909964084625,0.7237459421157837,0.007555047050118446,0.7237452864646912,0.0076696909964084625,0.009456436149775982,8.0,0.5,M8_eta0.5
NOG,10000,520,65.0,267264,147456,520,5.326174020767212,100,0.1,8.0,0.5,y_bar,0.7235107421875,0.007046747487038374,0.7234784960746765,0.00853813998401165,0.7235107421875,0.007046747487038374,0.010885639116168022,8.0,0.5,M8_eta0.5
NOG,10000,584,73.0,300032,163840,584,5.934910774230957,100,0.1,8.0,0.5,y_bar,0.7231983542442322,0.00692682433873415,0.723199725151062,0.007631244137883186,0.7231983542442322,0.00692682433873415,0.008719193749129772,8.0,0.5,M8_eta0.5
NOG,10000,648,81.0,332800,180224,648,6.56303071975708,100,0.1,8.0,0.5,y_bar,0.7229702472686768,0.00739360973238945,0.722983181476593,0.008070277981460094,0.7229702472686768,0.00739360973238945,0.008034458383917809,8.0,0.5,M8_eta0.5
NOG,10000,712,89.0,365568,196608,712,7.228668689727783,100,0.1,8.0,0.5,y_bar,0.72273188829422,0.008329183794558048,0.7227175235748291,0.007624325808137655,0.72273188829422,0.008329183794558048,0.009329787455499172,8.0,0.5,M8_eta0.5
NOG,10000,776,97.0,398336,212992,776,7.865475177764893,100,0.1,8.0,0.5,y_bar,0.7225371599197388,0.006293147802352905,0.7225220203399658,0.007764524780213833,0.7225371599197388,0.006293147802352905,0.010305960662662983,8.0,0.5,M8_eta0.5
NOG,10000,840,105.0,431104,229376,840,8.600134372711182,100,0.1,8.0,0.5,y_bar,0.7222784757614136,0.007603605277836323,0.7222793698310852,0.0072449008002877235,0.7222784757614136,0.007603605277836323,0.010129811242222786,8.0,0.5,M8_eta0.5
NOG,10000,904,113.0,463872,245760,904,9.289535522460938,100,0.1,8.0,0.5,y_bar,0.7220262289047241,0.006342312321066856,0.7220027446746826,0.006757212337106466,0.7220262289047241,0.006342312321066856,0.009840772487223148,8.0,0.5,M8_eta0.5
NOG,10000,960,120.0,492544,262144,960,9.893980979919434,100,0.1,8.0,0.5,y_bar,0.7218598127365112,0.008174018934369087,0.7218496799468994,0.007786387111991644,0.7218598127365112,0.008174018934369087,0.010858164168894291,8.0,0.5,M8_eta0.5
NOG,10000,12,1.0,7168,16384,12,0.22526311874389648,100,0.1,12.0,0.1,y_bar,0.7262517213821411,0.01079691294580698,0.7262290716171265,0.010314528830349445,0.7262517213821411,0.01079691294580698,0.011878762394189835,12.0,0.1,M12_eta0.1
NOG,10000,84,7.0,44032,32768,84,0.880610466003418,100,0.1,12.0,0.1,y_bar,0.7252299189567566,0.009431854821741581,0.725107729434967,0.008170588873326778,0.7252299189567566,0.009431854821741581,0.008832861669361591,12.0,0.1,M12_eta0.1
NOG,10000,156,13.0,80896,49152,156,1.6753647327423096,100,0.1,12.0,0.1,y_bar,0.7242876887321472,0.008174370042979717,0.7242360711097717,0.008752014487981796,0.7242876887321472,0.008174370042979717,0.0077299633994698524,12.0,0.1,M12_eta0.1
NOG,10000,228,19.0,117760,65536,228,2.483959913253784,100,0.1,12.0,0.1,y_bar,0.7233824133872986,0.008483911864459515,0.7232949137687683,0.008374855853617191,0.7233824133872986,0.008483911864459515,0.009027832187712193,12.0,0.1,M12_eta0.1
NOG,10000,300,25.0,154624,81920,300,3.2028377056121826,100,0.1,12.0,0.1,y_bar,0.7226324081420898,0.007623978424817324,0.7225679159164429,0.007364657241851091,0.7226324081420898,0.007623978424817324,0.008861281909048557,12.0,0.1,M12_eta0.1
NOG,10000,372,31.0,191488,98304,372,3.849132776260376,100,0.1,12.0,0.1,y_bar,0.7220042943954468,0.008294520899653435,0.7219834923744202,0.007564779836684465,0.7220042943954468,0.008294520899653435,0.008017334155738354,12.0,0.1,M12_eta0.1
NOG,10000,444,37.0,228352,114688,444,4.6241865158081055,100,0.1,12.0,0.1,y_bar,0.7214192748069763,0.006671908777207136,0.7213904857635498,0.008014698512852192,0.7214192748069763,0.006671908777207136,0.008866418153047562,12.0,0.1,M12_eta0.1
NOG,10000,516,43.0,265216,131072,516,5.375398874282837,100,0.1,12.0,0.1,y_bar,0.7210063338279724,0.008267022669315338,0.7209489345550537,0.007047171238809824,0.7210063338279724,0.008267022669315338,0.008619970642030239,12.0,0.1,M12_eta0.1
NOG,10000,588,49.0,302080,147456,588,6.080374717712402,100,0.1,12.0,0.1,y_bar,0.7203944325447083,0.007563908584415913,0.7204226851463318,0.0073165372014045715,0.7203944325447083,0.007563908584415913,0.008319513872265816,12.0,0.1,M12_eta0.1
NOG,10000,660,55.0,338944,163840,660,6.792156934738159,100,0.1,12.0,0.1,y_bar,0.7200114130973816,0.008454877883195877,0.7199705839157104,0.008373484015464783,0.7200114130973816,0.008454877883195877,0.00910809077322483,12.0,0.1,M12_eta0.1
NOG,10000,732,61.0,375808,180224,732,7.512797594070435,100,0.1,12.0,0.1,y_bar,0.7196666598320007,0.00741891423240304,0.7196546792984009,0.00820113904774189,0.7196666598320007,0.00741891423240304,0.007780375890433788,12.0,0.1,M12_eta0.1
NOG,10000,804,67.0,412672,196608,804,8.130746841430664,100,0.1,12.0,0.1,y_bar,0.719453752040863,0.007821201346814632,0.7194218635559082,0.00720519945025444,0.719453752040863,0.007821201346814632,0.00857419241219759,12.0,0.1,M12_eta0.1
NOG,10000,876,73.0,449536,212992,876,8.812984943389893,100,0.1,12.0,0.1,y_bar,0.7191371321678162,0.008847945369780064,0.7190956473350525,0.008730529807507992,0.7191371321678162,0.008847945369780064,0.008642645552754402,12.0,0.1,M12_eta0.1
NOG,10000,948,79.0,486400,229376,948,9.495749711990356,100,0.1,12.0,0.1,y_bar,0.7187374830245972,0.007881375029683113,0.7187338471412659,0.007908357307314873,0.7187374830245972,0.007881375029683113,0.00888014305382967,12.0,0.1,M12_eta0.1
NOG,10000,960,80.0,492544,245760,960,9.68040657043457,100,0.1,12.0,0.1,y_bar,0.7187347412109375,0.008556967601180077,0.71875,0.008279654197394848,0.7187347412109375,0.008556967601180077,0.0070684063248336315,12.0,0.1,M12_eta0.1
NOG,10000,12,1.0,7168,16384,12,0.19338226318359375,100,0.1,12.0,0.2,y_bar,0.7262327075004578,0.010877523571252823,0.7262043952941895,0.01050681434571743,0.7262327075004578,0.010877523571252823,0.01192239299416542,12.0,0.2,M12_eta0.2
NOG,10000,84,7.0,44032,32768,84,0.8499019145965576,100,0.1,12.0,0.2,y_bar,0.7257043123245239,0.009195358492434025,0.7256661057472229,0.008175499737262726,0.7257043123245239,0.009195358492434025,0.008660960011184216,12.0,0.2,M12_eta0.2
NOG,10000,156,13.0,80896,49152,156,1.5962529182434082,100,0.1,12.0,0.2,y_bar,0.7251818180084229,0.007908815518021584,0.7251361608505249,0.008378088474273682,0.7251818180084229,0.007908815518021584,0.007682991214096546,12.0,0.2,M12_eta0.2
NOG,10000,228,19.0,117760,65536,228,2.3256967067718506,100,0.1,12.0,0.2,y_bar,0.7246775031089783,0.00835849903523922,0.7246397733688354,0.008510648272931576,0.7246775031089783,0.00835849903523922,0.008416463620960712,12.0,0.2,M12_eta0.2
NOG,10000,300,25.0,154624,81920,300,3.0360379219055176,100,0.1,12.0,0.2,y_bar,0.7242077589035034,0.007704773917794228,0.724154531955719,0.007246700115501881,0.7242077589035034,0.007704773917794228,0.00888204388320446,12.0,0.2,M12_eta0.2
NOG,10000,372,31.0,191488,98304,372,3.831808567047119,100,0.1,12.0,0.2,y_bar,0.7238171696662903,0.007604150101542473,0.7238095998764038,0.007576830685138702,0.7238171696662903,0.007604150101542473,0.007813439704477787,12.0,0.2,M12_eta0.2
NOG,10000,444,37.0,228352,114688,444,4.426242351531982,100,0.1,12.0,0.2,y_bar,0.7234669923782349,0.007145404350012541,0.723447322845459,0.00689673563465476,0.7234669923782349,0.007145404350012541,0.009284784086048603,12.0,0.2,M12_eta0.2
NOG,10000,516,43.0,265216,131072,516,5.095077276229858,100,0.1,12.0,0.2,y_bar,0.7231158018112183,0.007706190459430218,0.7230851650238037,0.007622025441378355,0.7231158018112183,0.007706190459430218,0.00820963829755783,12.0,0.2,M12_eta0.2
NOG,10000,588,49.0,302080,147456,588,5.691489219665527,100,0.1,12.0,0.2,y_bar,0.7227081060409546,0.007055169437080622,0.7226861119270325,0.007377395406365395,0.7227081060409546,0.007055169437080622,0.008199110627174377,12.0,0.2,M12_eta0.2
NOG,10000,660,55.0,338944,163840,660,6.337644815444946,100,0.1,12.0,0.2,y_bar,0.7223773002624512,0.007843539118766785,0.7223739624023438,0.007335140835493803,0.7223773002624512,0.007843539118766785,0.008267207071185112,12.0,0.2,M12_eta0.2
NOG,10000,732,61.0,375808,180224,732,6.980604410171509,100,0.1,12.0,0.2,y_bar,0.7221404314041138,0.007192867808043957,0.7221388220787048,0.008083059452474117,0.7221404314041138,0.007192867808043957,0.007078834343701601,12.0,0.2,M12_eta0.2
NOG,10000,804,67.0,412672,196608,804,7.605144739151001,100,0.1,12.0,0.2,y_bar,0.7219207286834717,0.0072955721989274025,0.7219171524047852,0.007179568521678448,0.7219207286834717,0.0072955721989274025,0.007542000152170658,12.0,0.2,M12_eta0.2
NOG,10000,876,73.0,449536,212992,876,8.199656009674072,100,0.1,12.0,0.2,y_bar,0.7216938138008118,0.00791060458868742,0.7216914296150208,0.008155670948326588,0.7216938138008118,0.00791060458868742,0.007829546928405762,12.0,0.2,M12_eta0.2
NOG,10000,948,79.0,486400,229376,948,8.876840353012085,100,0.1,12.0,0.2,y_bar,0.7214614748954773,0.0073299529030919075,0.7214577198028564,0.006910799536854029,0.7214614748954773,0.0073299529030919075,0.007902601733803749,12.0,0.2,M12_eta0.2
NOG,10000,960,80.0,492544,245760,960,9.054445028305054,100,0.1,12.0,0.2,y_bar,0.7214250564575195,0.007804086897522211,0.7213849425315857,0.0076637957245111465,0.7214250564575195,0.007804086897522211,0.0071581327356398106,12.0,0.2,M12_eta0.2
NOG,10000,12,1.0,7168,16384,12,0.20905208587646484,100,0.1,12.0,0.3,y_bar,0.72622150182724,0.011029116809368134,0.7262018322944641,0.0108085498213768,0.72622150182724,0.011029116809368134,0.01228859182447195,12.0,0.3,M12_eta0.3
NOG,10000,84,7.0,44032,32768,84,0.8576755523681641,100,0.1,12.0,0.3,y_bar,0.7259069085121155,0.009177847765386105,0.7258885502815247,0.008086394518613815,0.7259069085121155,0.009177847765386105,0.008626303635537624,12.0,0.3,M12_eta0.3
NOG,10000,156,13.0,80896,49152,156,1.4797229766845703,100,0.1,12.0,0.3,y_bar,0.7255721092224121,0.007851586677134037,0.7255445718765259,0.008229498751461506,0.7255721092224121,0.007851586677134037,0.00774420378729701,12.0,0.3,M12_eta0.3
NOG,10000,228,19.0,117760,65536,228,2.1320958137512207,100,0.1,12.0,0.3,y_bar,0.7252154350280762,0.00804240070283413,0.7251925468444824,0.008183344267308712,0.7252154350280762,0.00804240070283413,0.008469896391034126,12.0,0.3,M12_eta0.3
NOG,10000,300,25.0,154624,81920,300,2.7822110652923584,100,0.1,12.0,0.3,y_bar,0.7249168753623962,0.007398262154310942,0.7248679399490356,0.0071883127093315125,0.7249168753623962,0.007398262154310942,0.0088429506868124,12.0,0.3,M12_eta0.3
NOG,10000,372,31.0,191488,98304,372,3.399724245071411,100,0.1,12.0,0.3,y_bar,0.7246161699295044,0.007475313264876604,0.7246082425117493,0.007189411669969559,0.7246161699295044,0.007475313264876604,0.008335474878549576,12.0,0.3,M12_eta0.3
NOG,10000,444,37.0,228352,114688,444,4.003796100616455,100,0.1,12.0,0.3,y_bar,0.7243565320968628,0.007466714363545179,0.7243217825889587,0.006760888732969761,0.7243565320968628,0.007466714363545179,0.009229305200278759,12.0,0.3,M12_eta0.3
NOG,10000,516,43.0,265216,131072,516,4.650003433227539,100,0.1,12.0,0.3,y_bar,0.7240760922431946,0.007369405589997768,0.7240439057350159,0.007507309317588806,0.7240760922431946,0.007369405589997768,0.008361350744962692,12.0,0.3,M12_eta0.3
NOG,10000,588,49.0,302080,147456,588,5.291243314743042,100,0.1,12.0,0.3,y_bar,0.7237984538078308,0.006931344512850046,0.7237858176231384,0.00749549176543951,0.7237984538078308,0.006931344512850046,0.007799581158906221,12.0,0.3,M12_eta0.3
NOG,10000,660,55.0,338944,163840,660,5.951282978057861,100,0.1,12.0,0.3,y_bar,0.723599910736084,0.00750288600102067,0.7235978841781616,0.007013053633272648,0.723599910736084,0.00750288600102067,0.008060396648943424,12.0,0.3,M12_eta0.3
NOG,10000,732,61.0,375808,180224,732,6.7127463817596436,100,0.1,12.0,0.3,y_bar,0.7233980894088745,0.007537847384810448,0.723385214805603,0.007738711778074503,0.7233980894088745,0.007537847384810448,0.007633550092577934,12.0,0.3,M12_eta0.3
NOG,10000,804,67.0,412672,196608,804,7.429672718048096,100,0.1,12.0,0.3,y_bar,0.723202109336853,0.007337675429880619,0.7231957316398621,0.00716140354052186,0.723202109336853,0.007337675429880619,0.007387532386928797,12.0,0.3,M12_eta0.3
NOG,10000,876,73.0,449536,212992,876,8.13993787765503,100,0.1,12.0,0.3,y_bar,0.7230015993118286,0.007600702345371246,0.7229967713356018,0.008029740303754807,0.7230015993118286,0.007600702345371246,0.008212843909859657,12.0,0.3,M12_eta0.3
NOG,10000,948,79.0,486400,229376,948,8.758538722991943,100,0.1,12.0,0.3,y_bar,0.7227780222892761,0.00745471753180027,0.7227754592895508,0.006961393635720015,0.7227780222892761,0.00745471753180027,0.007803003303706646,12.0,0.3,M12_eta0.3
NOG,10000,960,80.0,492544,245760,960,8.971147298812866,100,0.1,12.0,0.3,y_bar,0.7227508425712585,0.007541374769061804,0.7227309942245483,0.007267509121447802,0.7227508425712585,0.007541374769061804,0.006780510302633047,12.0,0.3,M12_eta0.3
NOG,10000,12,1.0,7168,16384,12,0.2122344970703125,100,0.1,12.0,0.5,y_bar,0.7262177467346191,0.011186332441866398,0.7262026071548462,0.011222568340599537,0.7262177467346191,0.011186332441866398,0.012502800673246384,12.0,0.5,M12_eta0.5
NOG,10000,84,7.0,44032,32768,84,0.9380619525909424,100,0.1,12.0,0.5,y_bar,0.7259973287582397,0.009492769837379456,0.7259852290153503,0.00821552611887455,0.7259973287582397,0.009492769837379456,0.008927670307457447,12.0,0.5,M12_eta0.5
NOG,10000,156,13.0,80896,49152,156,1.6127567291259766,100,0.1,12.0,0.5,y_bar,0.7257749438285828,0.007861189544200897,0.7257570624351501,0.008342498913407326,0.7257749438285828,0.007861189544200897,0.007791781332343817,12.0,0.5,M12_eta0.5
NOG,10000,228,19.0,117760,65536,228,2.363560914993286,100,0.1,12.0,0.5,y_bar,0.7255446314811707,0.00807768665254116,0.72552090883255,0.008222500793635845,0.7255446314811707,0.00807768665254116,0.0088145537301898,12.0,0.5,M12_eta0.5
NOG,10000,300,25.0,154624,81920,300,2.995450973510742,100,0.1,12.0,0.5,y_bar,0.7252935767173767,0.007477934006601572,0.7252566814422607,0.007356848567724228,0.7252935767173767,0.007477934006601572,0.009020787663757801,12.0,0.5,M12_eta0.5
NOG,10000,372,31.0,191488,98304,372,3.6315505504608154,100,0.1,12.0,0.5,y_bar,0.725070059299469,0.007470962591469288,0.7250564098358154,0.007117306813597679,0.725070059299469,0.007470962591469288,0.00848384015262127,12.0,0.5,M12_eta0.5
NOG,10000,444,37.0,228352,114688,444,4.269369602203369,100,0.1,12.0,0.5,y_bar,0.7248677015304565,0.007266554050147533,0.7248456478118896,0.006715349853038788,0.7248677015304565,0.007266554050147533,0.009298591874539852,12.0,0.5,M12_eta0.5
NOG,10000,516,43.0,265216,131072,516,5.000380516052246,100,0.1,12.0,0.5,y_bar,0.7246733903884888,0.007297540549188852,0.7246494889259338,0.007494597230106592,0.7246733903884888,0.007297540549188852,0.00855988822877407,12.0,0.5,M12_eta0.5
NOG,10000,588,49.0,302080,147456,588,5.710178375244141,100,0.1,12.0,0.5,y_bar,0.7244579792022705,0.007302079815417528,0.7244419455528259,0.00807253923267126,0.7244579792022705,0.007302079815417528,0.008046848699450493,12.0,0.5,M12_eta0.5
NOG,10000,660,55.0,338944,163840,660,6.354422330856323,100,0.1,12.0,0.5,y_bar,0.7242640256881714,0.007815364748239517,0.7242641448974609,0.007038493640720844,0.7242640256881714,0.007815364748239517,0.008036286570131779,12.0,0.5,M12_eta0.5
NOG,10000,732,61.0,375808,180224,732,7.064112186431885,100,0.1,12.0,0.5,y_bar,0.7240813374519348,0.007561604026705027,0.7240708470344543,0.007467413321137428,0.7240813374519348,0.007561604026705027,0.00760824978351593,12.0,0.5,M12_eta0.5
NOG,10000,804,67.0,412672,196608,804,7.7224280834198,100,0.1,12.0,0.5,y_bar,0.7239116430282593,0.007011194713413715,0.723905622959137,0.00716065289452672,0.7239116430282593,0.007011194713413715,0.0075332727283239365,12.0,0.5,M12_eta0.5
NOG,10000,876,73.0,449536,212992,876,8.423563003540039,100,0.1,12.0,0.5,y_bar,0.7237692475318909,0.007650710642337799,0.7237721681594849,0.008133643306791782,0.7237692475318909,0.007650710642337799,0.008017739281058311,12.0,0.5,M12_eta0.5
NOG,10000,948,79.0,486400,229376,948,9.061208963394165,100,0.1,12.0,0.5,y_bar,0.723626434803009,0.0073460666462779045,0.7236268520355225,0.006747531704604626,0.723626434803009,0.0073460666462779045,0.008088633418083191,12.0,0.5,M12_eta0.5
NOG,10000,960,80.0,492544,245760,960,9.315672874450684,100,0.1,12.0,0.5,y_bar,0.7236061096191406,0.007407332304865122,0.7235996127128601,0.007066553458571434,0.7236061096191406,0.007407332304865122,0.007108777761459351,12.0,0.5,M12_eta0.5
NOG,10000,16,1.0,9216,16384,16,0.2514607906341553,100,0.1,16.0,0.1,y_bar,0.7262265682220459,0.010425109416246414,0.7261955738067627,0.00910639762878418,0.7262265682220459,0.010425109416246414,0.011323787271976471,16.0,0.1,M16_eta0.1
NOG,10000,80,5.0,41984,32768,80,0.8463821411132812,100,0.1,16.0,0.1,y_bar,0.7256909608840942,0.0077434685081243515,0.7255904078483582,0.008417976088821888,0.7256909608840942,0.0077434685081243515,0.007146644871681929,16.0,0.1,M16_eta0.1
NOG,10000,144,9.0,74752,49152,144,1.5096004009246826,100,0.1,16.0,0.1,y_bar,0.7251068353652954,0.007789094932377338,0.7250513434410095,0.00859601330012083,0.7251068353652954,0.007789094932377338,0.006750492379069328,16.0,0.1,M16_eta0.1
NOG,10000,208,13.0,107520,65536,208,2.1199772357940674,100,0.1,16.0,0.1,y_bar,0.7245688438415527,0.007285032421350479,0.7245250344276428,0.00645959610119462,0.7245688438415527,0.007285032421350479,0.007392566651105881,16.0,0.1,M16_eta0.1
NOG,10000,272,17.0,140288,81920,272,2.687668800354004,100,0.1,16.0,0.1,y_bar,0.7241014242172241,0.00833955779671669,0.7240200638771057,0.007284802850335836,0.7241014242172241,0.00833955779671669,0.008108239620923996,16.0,0.1,M16_eta0.1
NOG,10000,336,21.0,173056,98304,336,3.351933479309082,100,0.1,16.0,0.1,y_bar,0.7235879302024841,0.007998171262443066,0.7235464453697205,0.007456050254404545,0.7235879302024841,0.007998171262443066,0.006900743115693331,16.0,0.1,M16_eta0.1
NOG,10000,400,25.0,205824,114688,400,3.899879217147827,100,0.1,16.0,0.1,y_bar,0.7231276631355286,0.007368043996393681,0.723135232925415,0.007850122638046741,0.7231276631355286,0.007368043996393681,0.007377984933555126,16.0,0.1,M16_eta0.1
NOG,10000,464,29.0,238592,131072,464,4.474405765533447,100,0.1,16.0,0.1,y_bar,0.7227388620376587,0.007194317877292633,0.7227050065994263,0.007880082353949547,0.7227388620376587,0.007194317877292633,0.007512240670621395,16.0,0.1,M16_eta0.1
NOG,10000,528,33.0,271360,147456,528,5.074632167816162,100,0.1,16.0,0.1,y_bar,0.7223224639892578,0.007281609810888767,0.7222579121589661,0.007826411165297031,0.7223224639892578,0.007281609810888767,0.008089440874755383,16.0,0.1,M16_eta0.1
NOG,10000,592,37.0,304128,163840,592,5.642161846160889,100,0.1,16.0,0.1,y_bar,0.7219604849815369,0.007615483365952969,0.7219613194465637,0.006866073235869408,0.7219604849815369,0.007615483365952969,0.006162064615637064,16.0,0.1,M16_eta0.1
NOG,10000,656,41.0,336896,180224,656,6.201170444488525,100,0.1,16.0,0.1,y_bar,0.7216821908950806,0.007915564812719822,0.7216600775718689,0.008839829824864864,0.7216821908950806,0.007915564812719822,0.007143177557736635,16.0,0.1,M16_eta0.1
NOG,10000,720,45.0,369664,196608,720,6.775729656219482,100,0.1,16.0,0.1,y_bar,0.7214246392250061,0.007866152562201023,0.7213886380195618,0.007827366702258587,0.7214246392250061,0.007866152562201023,0.006884520873427391,16.0,0.1,M16_eta0.1
NOG,10000,784,49.0,402432,212992,784,7.325938701629639,100,0.1,16.0,0.1,y_bar,0.7211908102035522,0.007187743671238422,0.7211737632751465,0.007449725177139044,0.7211908102035522,0.007187743671238422,0.0073285154066979885,16.0,0.1,M16_eta0.1
NOG,10000,848,53.0,435200,229376,848,7.935428857803345,100,0.1,16.0,0.1,y_bar,0.7209523320198059,0.007519340142607689,0.7209351658821106,0.006376995239406824,0.7209523320198059,0.007519340142607689,0.007086567580699921,16.0,0.1,M16_eta0.1
NOG,10000,912,57.0,467968,245760,912,8.515963792800903,100,0.1,16.0,0.1,y_bar,0.7206234335899353,0.007015957497060299,0.7206284999847412,0.008746793493628502,0.7206234335899353,0.007015957497060299,0.007140608970075846,16.0,0.1,M16_eta0.1
NOG,10000,960,60.0,492544,262144,960,9.00415849685669,100,0.1,16.0,0.1,y_bar,0.7205235958099365,0.007670884486287832,0.7204819321632385,0.008182939141988754,0.7205235958099365,0.007670884486287832,0.007333028595894575,16.0,0.1,M16_eta0.1
NOG,10000,16,1.0,9216,16384,16,0.21981358528137207,100,0.1,16.0,0.2,y_bar,0.7262098789215088,0.010648174211382866,0.7261974811553955,0.009962604381144047,0.7262098789215088,0.010648174211382866,0.01181917916983366,16.0,0.2,M16_eta0.2
NOG,10000,80,5.0,41984,32768,80,0.8035409450531006,100,0.1,16.0,0.2,y_bar,0.7259804010391235,0.0077601526863873005,0.7259523868560791,0.008278414607048035,0.7259804010391235,0.0077601526863873005,0.007221485022455454,16.0,0.2,M16_eta0.2
NOG,10000,144,9.0,74752,49152,144,1.391237497329712,100,0.1,16.0,0.2,y_bar,0.7257391214370728,0.007741295266896486,0.7257055640220642,0.008792820386588573,0.7257391214370728,0.007741295266896486,0.0072983610443770885,16.0,0.2,M16_eta0.2
NOG,10000,208,13.0,107520,65536,208,1.977041244506836,100,0.1,16.0,0.2,y_bar,0.7254593372344971,0.007221185602247715,0.7254362106323242,0.006842958275228739,0.7254593372344971,0.007221185602247715,0.0075779869221150875,16.0,0.2,M16_eta0.2
NOG,10000,272,17.0,140288,81920,272,2.544611930847168,100,0.1,16.0,0.2,y_bar,0.7252166867256165,0.008048759773373604,0.7251799702644348,0.007159280590713024,0.7252166867256165,0.008048759773373604,0.0076238191686570644,16.0,0.2,M16_eta0.2
NOG,10000,336,21.0,173056,98304,336,3.1176655292510986,100,0.1,16.0,0.2,y_bar,0.7249563336372375,0.008028632029891014,0.7249351143836975,0.0076132104732096195,0.7249563336372375,0.008028632029891014,0.007169267628341913,16.0,0.2,M16_eta0.2
NOG,10000,400,25.0,205824,114688,400,3.7317512035369873,100,0.1,16.0,0.2,y_bar,0.7247183322906494,0.007744195871055126,0.7247084379196167,0.007611727342009544,0.7247183322906494,0.007744195871055126,0.007642002776265144,16.0,0.2,M16_eta0.2
NOG,10000,464,29.0,238592,131072,464,4.3147923946380615,100,0.1,16.0,0.2,y_bar,0.7245079278945923,0.0075037735514342785,0.7244852185249329,0.007375200744718313,0.7245079278945923,0.0075037735514342785,0.00748804584145546,16.0,0.2,M16_eta0.2
NOG,10000,528,33.0,271360,147456,528,4.874011754989624,100,0.1,16.0,0.2,y_bar,0.7242748737335205,0.007744813337922096,0.7242395877838135,0.007689455524086952,0.7242748737335205,0.007744813337922096,0.007527809590101242,16.0,0.2,M16_eta0.2
NOG,10000,592,37.0,304128,163840,592,5.416237115859985,100,0.1,16.0,0.2,y_bar,0.7240607142448425,0.007168108131736517,0.7240393757820129,0.007272711955010891,0.7240607142448425,0.007168108131736517,0.00632322346791625,16.0,0.2,M16_eta0.2
NOG,10000,656,41.0,336896,180224,656,5.998338222503662,100,0.1,16.0,0.2,y_bar,0.7238795757293701,0.007384089753031731,0.7238924503326416,0.008621004410088062,0.7238795757293701,0.007384089753031731,0.00653923349454999,16.0,0.2,M16_eta0.2
NOG,10000,720,45.0,369664,196608,720,6.587361574172974,100,0.1,16.0,0.2,y_bar,0.7237277030944824,0.007534244563430548,0.7237032651901245,0.0074055809527635574,0.7237277030944824,0.007534244563430548,0.006806767545640469,16.0,0.2,M16_eta0.2
NOG,10000,784,49.0,402432,212992,784,7.2510881423950195,100,0.1,16.0,0.2,y_bar,0.7235963344573975,0.007292655762284994,0.7235861420631409,0.007309277076274157,0.7235963344573975,0.007292655762284994,0.007055156864225864,16.0,0.2,M16_eta0.2
NOG,10000,848,53.0,435200,229376,848,7.936602830886841,100,0.1,16.0,0.2,y_bar,0.7234354615211487,0.0070994263514876366,0.7234235405921936,0.006459433119744062,0.7234354615211487,0.0070994263514876366,0.00748218409717083,16.0,0.2,M16_eta0.2
NOG,10000,912,57.0,467968,245760,912,8.585388660430908,100,0.1,16.0,0.2,y_bar,0.7232705354690552,0.007067707367241383,0.7232516407966614,0.008398568257689476,0.7232705354690552,0.007067707367241383,0.007236587814986706,16.0,0.2,M16_eta0.2
NOG,10000,960,60.0,492544,262144,960,9.104599237442017,100,0.1,16.0,0.2,y_bar,0.7231775522232056,0.007837560959160328,0.7231554388999939,0.007500871084630489,0.7231775522232056,0.007837560959160328,0.006781362928450108,16.0,0.2,M16_eta0.2
NOG,10000,16,1.0,9216,16384,16,0.24493002891540527,100,0.1,16.0,0.3,y_bar,0.7262082099914551,0.010915864259004593,0.7261981964111328,0.010310407727956772,0.7262082099914551,0.010915864259004593,0.012055725790560246,16.0,0.3,M16_eta0.3
NOG,10000,80,5.0,41984,32768,80,0.8345286846160889,100,0.1,16.0,0.3,y_bar,0.7260424494743347,0.008047280833125114,0.7260289192199707,0.008310540579259396,0.7260424494743347,0.008047280833125114,0.007495952304452658,16.0,0.3,M16_eta0.3
NOG,10000,144,9.0,74752,49152,144,1.4376578330993652,100,0.1,16.0,0.3,y_bar,0.7258855104446411,0.0076668220572173595,0.7258658409118652,0.008771453984081745,0.7258855104446411,0.0076668220572173595,0.007442985661327839,16.0,0.3,M16_eta0.3
NOG,10000,208,13.0,107520,65536,208,2.1202452182769775,100,0.1,16.0,0.3,y_bar,0.7257003784179688,0.007358063478022814,0.7256880402565002,0.006769286468625069,0.7257003784179688,0.007358063478022814,0.007754327729344368,16.0,0.3,M16_eta0.3
NOG,10000,272,17.0,140288,81920,272,2.7984321117401123,100,0.1,16.0,0.3,y_bar,0.7255074977874756,0.007815099321305752,0.7254841923713684,0.007354527246206999,0.7255074977874756,0.007815099321305752,0.007695940788835287,16.0,0.3,M16_eta0.3
NOG,10000,336,21.0,173056,98304,336,3.3722259998321533,100,0.1,16.0,0.3,y_bar,0.7253217697143555,0.00793760921806097,0.72530597448349,0.007933068089187145,0.7253217697143555,0.00793760921806097,0.007190365809947252,16.0,0.3,M16_eta0.3
NOG,10000,400,25.0,205824,114688,400,3.9246952533721924,100,0.1,16.0,0.3,y_bar,0.725121796131134,0.007764442358165979,0.7251018285751343,0.007756928447633982,0.725121796131134,0.007764442358165979,0.007872150279581547,16.0,0.3,M16_eta0.3
NOG,10000,464,29.0,238592,131072,464,4.555705785751343,100,0.1,16.0,0.3,y_bar,0.7249624729156494,0.007297306787222624,0.7249457240104675,0.007176366169005632,0.7249624729156494,0.007297306787222624,0.007560619618743658,16.0,0.3,M16_eta0.3
NOG,10000,528,33.0,271360,147456,528,5.133470296859741,100,0.1,16.0,0.3,y_bar,0.7248108983039856,0.007708738557994366,0.7247880697250366,0.0077846599742770195,0.7248108983039856,0.007708738557994366,0.007653074339032173,16.0,0.3,M16_eta0.3
NOG,10000,592,37.0,304128,163840,592,5.804209232330322,100,0.1,16.0,0.3,y_bar,0.7246547341346741,0.007137923035770655,0.7246344089508057,0.00729520944878459,0.7246547341346741,0.007137923035770655,0.006793108768761158,16.0,0.3,M16_eta0.3
NOG,10000,656,41.0,336896,180224,656,6.42429780960083,100,0.1,16.0,0.3,y_bar,0.7245100736618042,0.007421587593853474,0.7245134711265564,0.008707416243851185,0.7245100736618042,0.007421587593853474,0.006546902470290661,16.0,0.3,M16_eta0.3
NOG,10000,720,45.0,369664,196608,720,7.076893329620361,100,0.1,16.0,0.3,y_bar,0.7243834733963013,0.007686770986765623,0.7243567705154419,0.007541376631706953,0.7243834733963013,0.007686770986765623,0.006710087414830923,16.0,0.3,M16_eta0.3
NOG,10000,784,49.0,402432,212992,784,7.734063386917114,100,0.1,16.0,0.3,y_bar,0.7242353558540344,0.007292610127478838,0.72421795129776,0.007276118732988834,0.7242353558540344,0.007292610127478838,0.007389862090349197,16.0,0.3,M16_eta0.3
NOG,10000,848,53.0,435200,229376,848,8.317262411117554,100,0.1,16.0,0.3,y_bar,0.7240716814994812,0.0071694753132760525,0.7240596413612366,0.006370680406689644,0.7240716814994812,0.0071694753132760525,0.007407280616462231,16.0,0.3,M16_eta0.3
NOG,10000,912,57.0,467968,245760,912,8.990747690200806,100,0.1,16.0,0.3,y_bar,0.7239528894424438,0.007279369980096817,0.723929226398468,0.008154796436429024,0.7239528894424438,0.007279369980096817,0.007597554940730333,16.0,0.3,M16_eta0.3
NOG,10000,960,60.0,492544,262144,960,9.573559284210205,100,0.1,16.0,0.3,y_bar,0.7238706946372986,0.007592796813696623,0.7238546013832092,0.007525856606662273,0.7238706946372986,0.007592796813696623,0.006985546555370092,16.0,0.3,M16_eta0.3
NOG,10000,16,1.0,9216,16384,16,0.25197911262512207,100,0.1,16.0,0.5,y_bar,0.7262082099914551,0.011024708859622478,0.726199209690094,0.010568942874670029,0.7262082099914551,0.011024708859622478,0.012290413491427898,16.0,0.5,M16_eta0.5
NOG,10000,80,5.0,41984,32768,80,0.843440055847168,100,0.1,16.0,0.5,y_bar,0.7260751724243164,0.008234910666942596,0.7260655164718628,0.008405840955674648,0.7260751724243164,0.008234910666942596,0.007766207680106163,16.0,0.5,M16_eta0.5
NOG,10000,144,9.0,74752,49152,144,1.4295618534088135,100,0.1,16.0,0.5,y_bar,0.725951611995697,0.007654107641428709,0.7259392738342285,0.008750159293413162,0.725951611995697,0.007654107641428709,0.007566663436591625,16.0,0.5,M16_eta0.5
NOG,10000,208,13.0,107520,65536,208,1.961273431777954,100,0.1,16.0,0.5,y_bar,0.7258126735687256,0.007453429512679577,0.7258049249649048,0.006838231813162565,0.7258126735687256,0.007453429512679577,0.007822216488420963,16.0,0.5,M16_eta0.5
NOG,10000,272,17.0,140288,81920,272,2.585160255432129,100,0.1,16.0,0.5,y_bar,0.7256599068641663,0.00788907054811716,0.7256436347961426,0.007400514557957649,0.7256599068641663,0.00788907054811716,0.007670714519917965,16.0,0.5,M16_eta0.5
NOG,10000,336,21.0,173056,98304,336,3.1951825618743896,100,0.1,16.0,0.5,y_bar,0.7255194783210754,0.00800655409693718,0.7255127429962158,0.00798105075955391,0.7255194783210754,0.00800655409693718,0.0071930293925106525,16.0,0.5,M16_eta0.5
NOG,10000,400,25.0,205824,114688,400,3.8848114013671875,100,0.1,16.0,0.5,y_bar,0.7253682017326355,0.008129342459142208,0.7253526449203491,0.007834830321371555,0.7253682017326355,0.008129342459142208,0.007954862900078297,16.0,0.5,M16_eta0.5
NOG,10000,464,29.0,238592,131072,464,4.55589485168457,100,0.1,16.0,0.5,y_bar,0.7252272963523865,0.007339779753237963,0.7252134680747986,0.00717124342918396,0.7252272963523865,0.007339779753237963,0.007621351163834333,16.0,0.5,M16_eta0.5
NOG,10000,528,33.0,271360,147456,528,5.127686023712158,100,0.1,16.0,0.5,y_bar,0.7250961661338806,0.007979515939950943,0.7250760793685913,0.007725819479674101,0.7250961661338806,0.007979515939950943,0.007658340502530336,16.0,0.5,M16_eta0.5
NOG,10000,592,37.0,304128,163840,592,5.776526927947998,100,0.1,16.0,0.5,y_bar,0.724962592124939,0.007223016116768122,0.7249467372894287,0.007445519790053368,0.724962592124939,0.007223016116768122,0.006941813509911299,16.0,0.5,M16_eta0.5
NOG,10000,656,41.0,336896,180224,656,6.438586473464966,100,0.1,16.0,0.5,y_bar,0.7248371243476868,0.007406014483422041,0.7248359322547913,0.008615116588771343,0.7248371243476868,0.007406014483422041,0.006704666651785374,16.0,0.5,M16_eta0.5
NOG,10000,720,45.0,369664,196608,720,7.1177918910980225,100,0.1,16.0,0.5,y_bar,0.7247427701950073,0.007777301128953695,0.7247257232666016,0.0075183468870818615,0.7247427701950073,0.007777301128953695,0.006568778306245804,16.0,0.5,M16_eta0.5
NOG,10000,784,49.0,402432,212992,784,7.7959654331207275,100,0.1,16.0,0.5,y_bar,0.7246288061141968,0.0072396425530314445,0.7246167659759521,0.007268772926181555,0.7246288061141968,0.0072396425530314445,0.007480870001018047,16.0,0.5,M16_eta0.5
NOG,10000,848,53.0,435200,229376,848,8.38951301574707,100,0.1,16.0,0.5,y_bar,0.7244991660118103,0.007022465579211712,0.7244924902915955,0.006070838775485754,0.7244991660118103,0.007022465579211712,0.007236415520310402,16.0,0.5,M16_eta0.5
NOG,10000,912,57.0,467968,245760,912,9.177843570709229,100,0.1,16.0,0.5,y_bar,0.7244062423706055,0.007376513443887234,0.7243856191635132,0.007970142178237438,0.7244062423706055,0.007376513443887234,0.007510290015488863,16.0,0.5,M16_eta0.5
NOG,10000,960,60.0,492544,262144,960,9.63775086402893,100,0.1,16.0,0.5,y_bar,0.7243205308914185,0.007509783376008272,0.7243077158927917,0.007558658719062805,0.7243205308914185,0.007509783376008272,0.0070859817788004875,16.0,0.5,M16_eta0.5
SmoothedSGD,20000,1,,512,8192,1,0.06214022636413574,100,0.1,,0.05,x,0.7262153029441833,0.012163667939603329,0.7262153029441833,0.012163667939603329,,,,,0.05,SmoothedSGD
SmoothedSGD,20000,64,,32768,16384,64,0.6321117877960205,100,0.1,,0.05,x,0.7261610627174377,0.00988518912345171,0.7261610627174377,0.00988518912345171,,,,,0.05,SmoothedSGD
SmoothedSGD,20000,128,,65536,24576,128,1.201779842376709,100,0.1,,0.05,x,0.7261170744895935,0.009761733002960682,0.7261170744895935,0.009761733002960682,,,,,0.05,SmoothedSGD
SmoothedSGD,20000,192,,98304,32768,192,1.7278592586517334,100,0.1,,0.05,x,0.7260754108428955,0.0076640909537673,0.7260754108428955,0.0076640909537673,,,,,0.05,SmoothedSGD
SmoothedSGD,20000,256,,131072,40960,256,2.234783172607422,100,0.1,,0.05,x,0.7260231971740723,0.008454837836325169,0.7260231971740723,0.008454837836325169,,,,,0.05,SmoothedSGD
SmoothedSGD,20000,320,,163840,49152,320,2.740354537963867,100,0.1,,0.05,x,0.725980281829834,0.008692728355526924,0.725980281829834,0.008692728355526924,,,,,0.05,SmoothedSGD
SmoothedSGD,20000,384,,196608,57344,384,3.283486843109131,100,0.1,,0.05,x,0.7259265780448914,0.008867277763783932,0.7259265780448914,0.008867277763783932,,,,,0.05,SmoothedSGD
SmoothedSGD,20000,448,,229376,65536,448,3.7822680473327637,100,0.1,,0.05,x,0.7258859276771545,0.007991691119968891,0.7258859276771545,0.007991691119968891,,,,,0.05,SmoothedSGD
SmoothedSGD,20000,512,,262144,73728,512,4.259936809539795,100,0.1,,0.05,x,0.7258470058441162,0.007475186605006456,0.7258470058441162,0.007475186605006456,,,,,0.05,SmoothedSGD
SmoothedSGD,20000,576,,294912,81920,576,4.747889518737793,100,0.1,,0.05,x,0.7258005142211914,0.007310156244784594,0.7258005142211914,0.007310156244784594,,,,,0.05,SmoothedSGD
SmoothedSGD,20000,640,,327680,90112,640,5.20900559425354,100,0.1,,0.05,x,0.7257538437843323,0.007462002336978912,0.7257538437843323,0.007462002336978912,,,,,0.05,SmoothedSGD
SmoothedSGD,20000,704,,360448,98304,704,5.704564809799194,100,0.1,,0.05,x,0.7257049679756165,0.007756253704428673,0.7257049679756165,0.007756253704428673,,,,,0.05,SmoothedSGD
SmoothedSGD,20000,768,,393216,106496,768,6.221241474151611,100,0.1,,0.05,x,0.7256556749343872,0.008033241145312786,0.7256556749343872,0.008033241145312786,,,,,0.05,SmoothedSGD
SmoothedSGD,20000,832,,425984,114688,832,6.720214605331421,100,0.1,,0.05,x,0.7256137728691101,0.006847078911960125,0.7256137728691101,0.006847078911960125,,,,,0.05,SmoothedSGD
SmoothedSGD,20000,896,,458752,122880,896,7.263365268707275,100,0.1,,0.05,x,0.7255670428276062,0.008414150215685368,0.7255670428276062,0.008414150215685368,,,,,0.05,SmoothedSGD
SmoothedSGD,20000,960,,491520,131072,960,7.7684712409973145,100,0.1,,0.05,x,0.7255168557167053,0.008192349225282669,0.7255168557167053,0.008192349225282669,,,,,0.05,SmoothedSGD
NOG,10001,4,1.0,3072,16384,4,0.15226340293884277,100,0.1,4.0,0.1,y_bar,0.7248638868331909,0.010485530830919743,0.7249041795730591,0.009882364422082901,0.7248638868331909,0.010485530830919743,0.015652909874916077,4.0,0.1,M4_eta0.1
NOG,10001,68,17.0,35840,32768,68,0.7101442813873291,100,0.1,4.0,0.1,y_bar,0.7246167063713074,0.009723733179271221,0.7246110439300537,0.010800915770232677,0.7246167063713074,0.009723733179271221,0.013555144891142845,4.0,0.1,M4_eta0.1
NOG,10001,132,33.0,68608,49152,132,1.2583246231079102,100,0.1,4.0,0.1,y_bar,0.7215831875801086,0.011032771319150925,0.721476137638092,0.010373925790190697,0.7215831875801086,0.011032771319150925,0.015018145553767681,4.0,0.1,M4_eta0.1
NOG,10001,196,49.0,101376,65536,196,1.826216220855713,100,0.1,4.0,0.1,y_bar,0.7192421555519104,0.01034422405064106,0.7192108631134033,0.009726370684802532,0.7192421555519104,0.01034422405064106,0.014803048223257065,4.0,0.1,M4_eta0.1
NOG,10001,260,65.0,134144,81920,260,2.483985662460327,100,0.1,4.0,0.1,y_bar,0.7183650135993958,0.009850647300481796,0.718334436416626,0.01069632638245821,0.7183650135993958,0.009850647300481796,0.013661746867001057,4.0,0.1,M4_eta0.1
NOG,10001,324,81.0,166912,98304,324,3.1249265670776367,100,0.1,4.0,0.1,y_bar,0.7180505394935608,0.010325021110475063,0.7181192636489868,0.010257412679493427,0.7180505394935608,0.010325021110475063,0.01539000403136015,4.0,0.1,M4_eta0.1
NOG,10001,388,97.0,199680,114688,388,3.7479758262634277,100,0.1,4.0,0.1,y_bar,0.7162797451019287,0.010305910371243954,0.7162611484527588,0.01050100103020668,0.7162797451019287,0.010305910371243954,0.015841929242014885,4.0,0.1,M4_eta0.1
NOG,10001,452,113.0,232448,131072,452,4.4167022705078125,100,0.1,4.0,0.1,y_bar,0.7162311673164368,0.010405387729406357,0.716176450252533,0.011356500908732414,0.7162311673164368,0.010405387729406357,0.015933282673358917,4.0,0.1,M4_eta0.1
NOG,10001,516,129.0,265216,147456,516,5.086985111236572,100,0.1,4.0,0.1,y_bar,0.7156931161880493,0.010695199482142925,0.7157573699951172,0.010617239400744438,0.7156931161880493,0.010695199482142925,0.013822686858475208,4.0,0.1,M4_eta0.1
NOG,10001,580,145.0,297984,163840,580,5.6932151317596436,100,0.1,4.0,0.1,y_bar,0.7154018878936768,0.01159281563013792,0.715347170829773,0.010879036039113998,0.7154018878936768,0.01159281563013792,0.015484610572457314,4.0,0.1,M4_eta0.1
NOG,10001,644,161.0,330752,180224,644,6.337388753890991,100,0.1,4.0,0.1,y_bar,0.7145900130271912,0.010274925269186497,0.7145155668258667,0.011362549848854542,0.7145900130271912,0.010274925269186497,0.017392532899975777,4.0,0.1,M4_eta0.1
NOG,10001,708,177.0,363520,196608,708,7.001973390579224,100,0.1,4.0,0.1,y_bar,0.7136572003364563,0.011252389289438725,0.7136889100074768,0.010766208171844482,0.7136572003364563,0.011252389289438725,0.014051871374249458,4.0,0.1,M4_eta0.1
NOG,10001,772,193.0,396288,212992,772,7.588809490203857,100,0.1,4.0,0.1,y_bar,0.7132911682128906,0.01123370137065649,0.7132666110992432,0.011427539400756359,0.7132911682128906,0.01123370137065649,0.01758173480629921,4.0,0.1,M4_eta0.1
NOG,10001,836,209.0,429056,229376,836,8.240303039550781,100,0.1,4.0,0.1,y_bar,0.7146385312080383,0.011379145085811615,0.7147413492202759,0.012255802750587463,0.7146385312080383,0.011379145085811615,0.016142044216394424,4.0,0.1,M4_eta0.1
NOG,10001,900,225.0,461824,245760,900,8.858794689178467,100,0.1,4.0,0.1,y_bar,0.7136566638946533,0.010184396989643574,0.7136839628219604,0.009753245860338211,0.7136566638946533,0.010184396989643574,0.017072288319468498,4.0,0.1,M4_eta0.1
NOG,10001,960,240.0,492544,262144,960,9.491763591766357,100,0.1,4.0,0.1,y_bar,0.7141135931015015,0.011520307511091232,0.7141752243041992,0.010665737092494965,0.7141135931015015,0.011520307511091232,0.01786634512245655,4.0,0.1,M4_eta0.1
NOG,10001,4,1.0,3072,16384,4,0.16077733039855957,100,0.1,4.0,0.2,y_bar,0.7249349355697632,0.010267014615237713,0.7250100374221802,0.009730682708323002,0.7249349355697632,0.010267014615237713,0.015411276370286942,4.0,0.2,M4_eta0.2
NOG,10001,68,17.0,35840,32768,68,0.7813951969146729,100,0.1,4.0,0.2,y_bar,0.7242704629898071,0.009810831397771835,0.7241859436035156,0.010912087745964527,0.7242704629898071,0.009810831397771835,0.013621789403259754,4.0,0.2,M4_eta0.2
NOG,10001,132,33.0,68608,49152,132,1.360508680343628,100,0.1,4.0,0.2,y_bar,0.7210929989814758,0.010627098381519318,0.721031904220581,0.00938948430120945,0.7210929989814758,0.010627098381519318,0.015158446505665779,4.0,0.2,M4_eta0.2
NOG,10001,196,49.0,101376,65536,196,2.0249645709991455,100,0.1,4.0,0.2,y_bar,0.7191347479820251,0.009483439847826958,0.7191430926322937,0.009248482063412666,0.7191347479820251,0.009483439847826958,0.012216957286000252,4.0,0.2,M4_eta0.2
NOG,10001,260,65.0,134144,81920,260,2.631650686264038,100,0.1,4.0,0.2,y_bar,0.7178789377212524,0.008696458302438259,0.7178685069084167,0.009399766102433205,0.7178789377212524,0.008696458302438259,0.014286329969763756,4.0,0.2,M4_eta0.2
NOG,10001,324,81.0,166912,98304,324,3.3102762699127197,100,0.1,4.0,0.2,y_bar,0.7169893980026245,0.009097355417907238,0.7169564366340637,0.009514842182397842,0.7169893980026245,0.009097355417907238,0.014633158221840858,4.0,0.2,M4_eta0.2
NOG,10001,388,97.0,199680,114688,388,3.9634463787078857,100,0.1,4.0,0.2,y_bar,0.7164146900177002,0.009974277578294277,0.7163741588592529,0.009788597002625465,0.7164146900177002,0.009974277578294277,0.01518449280411005,4.0,0.2,M4_eta0.2
NOG,10001,452,113.0,232448,131072,452,4.615142822265625,100,0.1,4.0,0.2,y_bar,0.7158171534538269,0.009231949225068092,0.7157558798789978,0.010467162355780602,0.7158171534538269,0.009231949225068092,0.015560019761323929,4.0,0.2,M4_eta0.2
NOG,10001,516,129.0,265216,147456,516,5.146405458450317,100,0.1,4.0,0.2,y_bar,0.7154569625854492,0.009979741647839546,0.7155422568321228,0.009862472303211689,0.7154569625854492,0.009979741647839546,0.014035111293196678,4.0,0.2,M4_eta0.2
NOG,10001,580,145.0,297984,163840,580,5.793632745742798,100,0.1,4.0,0.2,y_bar,0.7149288654327393,0.011284880340099335,0.7149124145507812,0.009411361068487167,0.7149288654327393,0.011284880340099335,0.01575527712702751,4.0,0.2,M4_eta0.2
NOG,10001,644,161.0,330752,180224,644,6.442557096481323,100,0.1,4.0,0.2,y_bar,0.7143068909645081,0.010334358550608158,0.7143641710281372,0.009466569870710373,0.7143068909645081,0.010334358550608158,0.015286887995898724,4.0,0.2,M4_eta0.2
NOG,10001,708,177.0,363520,196608,708,7.058796167373657,100,0.1,4.0,0.2,y_bar,0.7139507532119751,0.010173746384680271,0.7139583230018616,0.009913965128362179,0.7139507532119751,0.010173746384680271,0.01661795563995838,4.0,0.2,M4_eta0.2
NOG,10001,772,193.0,396288,212992,772,7.707434892654419,100,0.1,4.0,0.2,y_bar,0.7135030031204224,0.010647772811353207,0.7134811878204346,0.010280310176312923,0.7135030031204224,0.010647772811353207,0.017894694581627846,4.0,0.2,M4_eta0.2
NOG,10001,836,209.0,429056,229376,836,8.373358964920044,100,0.1,4.0,0.2,y_bar,0.7123004794120789,0.009944610297679901,0.7122862339019775,0.009083336219191551,0.7123004794120789,0.009944610297679901,0.015781987458467484,4.0,0.2,M4_eta0.2
NOG,10001,900,225.0,461824,245760,900,8.953505516052246,100,0.1,4.0,0.2,y_bar,0.711877703666687,0.00972036924213171,0.7118978500366211,0.00848990399390459,0.711877703666687,0.00972036924213171,0.014794692397117615,4.0,0.2,M4_eta0.2
NOG,10001,960,240.0,492544,262144,960,9.629613876342773,100,0.1,4.0,0.2,y_bar,0.7118337750434875,0.00943219754844904,0.7118574380874634,0.009268841706216335,0.7118337750434875,0.00943219754844904,0.014971930533647537,4.0,0.2,M4_eta0.2
NOG,10001,4,1.0,3072,16384,4,0.13446664810180664,100,0.1,4.0,0.3,y_bar,0.7250050902366638,0.010180491954088211,0.7251137495040894,0.009711433202028275,0.7250050902366638,0.010180491954088211,0.015085140243172646,4.0,0.3,M4_eta0.3
NOG,10001,68,17.0,35840,32768,68,0.8170092105865479,100,0.1,4.0,0.3,y_bar,0.7242109775543213,0.010409439913928509,0.7241322994232178,0.010549783706665039,0.7242109775543213,0.010409439913928509,0.013839657418429852,4.0,0.3,M4_eta0.3
NOG,10001,132,33.0,68608,49152,132,1.5529158115386963,100,0.1,4.0,0.3,y_bar,0.7219380736351013,0.010098240338265896,0.7219467759132385,0.009667837992310524,0.7219380736351013,0.010098240338265896,0.013212713412940502,4.0,0.3,M4_eta0.3
NOG,10001,196,49.0,101376,65536,196,2.129173755645752,100,0.1,4.0,0.3,y_bar,0.7195978760719299,0.008331386372447014,0.719572126865387,0.008596674539148808,0.7195978760719299,0.008331386372447014,0.01302560418844223,4.0,0.3,M4_eta0.3
NOG,10001,260,65.0,134144,81920,260,2.6879467964172363,100,0.1,4.0,0.3,y_bar,0.7185132503509521,0.008538847789168358,0.7184773087501526,0.008981745690107346,0.7185132503509521,0.008538847789168358,0.013816147111356258,4.0,0.3,M4_eta0.3
NOG,10001,324,81.0,166912,98304,324,3.283395767211914,100,0.1,4.0,0.3,y_bar,0.7175397872924805,0.00929452944546938,0.7175674438476562,0.008801615796983242,0.7175397872924805,0.00929452944546938,0.014143732376396656,4.0,0.3,M4_eta0.3
NOG,10001,388,97.0,199680,114688,388,4.021447658538818,100,0.1,4.0,0.3,y_bar,0.7168723940849304,0.009904418140649796,0.7168402671813965,0.00895374733954668,0.7168723940849304,0.009904418140649796,0.01305037084966898,4.0,0.3,M4_eta0.3
NOG,10001,452,113.0,232448,131072,452,4.796053886413574,100,0.1,4.0,0.3,y_bar,0.7163958549499512,0.008527714759111404,0.7164062857627869,0.009808643721044064,0.7163958549499512,0.008527714759111404,0.016629671677947044,4.0,0.3,M4_eta0.3
NOG,10001,516,129.0,265216,147456,516,5.501808404922485,100,0.1,4.0,0.3,y_bar,0.7161129713058472,0.008839644491672516,0.7161348462104797,0.009267514571547508,0.7161129713058472,0.008839644491672516,0.012460926547646523,4.0,0.3,M4_eta0.3
NOG,10001,580,145.0,297984,163840,580,6.163414478302002,100,0.1,4.0,0.3,y_bar,0.7158541083335876,0.0100014703348279,0.7158533930778503,0.009451252408325672,0.7158541083335876,0.0100014703348279,0.013604718260467052,4.0,0.3,M4_eta0.3
NOG,10001,644,161.0,330752,180224,644,6.8729870319366455,100,0.1,4.0,0.3,y_bar,0.7158793210983276,0.010231737978756428,0.7158867120742798,0.008341367356479168,0.7158793210983276,0.010231737978756428,0.01467435248196125,4.0,0.3,M4_eta0.3
NOG,10001,708,177.0,363520,196608,708,7.568477392196655,100,0.1,4.0,0.3,y_bar,0.7152660489082336,0.008726364001631737,0.715264618396759,0.00936790369451046,0.7152660489082336,0.008726364001631737,0.015385579317808151,4.0,0.3,M4_eta0.3
NOG,10001,772,193.0,396288,212992,772,8.263574600219727,100,0.1,4.0,0.3,y_bar,0.7151732444763184,0.010339345782995224,0.7151606678962708,0.01002953015267849,0.7151732444763184,0.010339345782995224,0.015902681276202202,4.0,0.3,M4_eta0.3
NOG,10001,836,209.0,429056,229376,836,8.912022590637207,100,0.1,4.0,0.3,y_bar,0.714522659778595,0.010300671681761742,0.7145094275474548,0.008632201701402664,0.714522659778595,0.010300671681761742,0.015197789296507835,4.0,0.3,M4_eta0.3
NOG,10001,900,225.0,461824,245760,900,9.553303241729736,100,0.1,4.0,0.3,y_bar,0.714529275894165,0.009827927686274052,0.7145342230796814,0.00963173620402813,0.714529275894165,0.009827927686274052,0.016142219305038452,4.0,0.3,M4_eta0.3
NOG,10001,960,240.0,492544,262144,960,10.190804958343506,100,0.1,4.0,0.3,y_bar,0.7139636874198914,0.0081112589687109,0.7139686346054077,0.008906498551368713,0.7139636874198914,0.0081112589687109,0.01436743512749672,4.0,0.3,M4_eta0.3
NOG,10001,4,1.0,3072,16384,4,0.1795330047607422,100,0.1,4.0,0.5,y_bar,0.7250187397003174,0.010206871666014194,0.7250943183898926,0.009645103476941586,0.7250187397003174,0.010206871666014194,0.014873488806188107,4.0,0.5,M4_eta0.5
NOG,10001,68,17.0,35840,32768,68,0.8476107120513916,100,0.1,4.0,0.5,y_bar,0.7243200540542603,0.009725520387291908,0.7243245840072632,0.009837337769567966,0.7243200540542603,0.009725520387291908,0.013806695118546486,4.0,0.5,M4_eta0.5
NOG,10001,132,33.0,68608,49152,132,1.4376952648162842,100,0.1,4.0,0.5,y_bar,0.7234968543052673,0.009780647233128548,0.72352135181427,0.009609868749976158,0.7234968543052673,0.009780647233128548,0.01308924239128828,4.0,0.5,M4_eta0.5
NOG,10001,196,49.0,101376,65536,196,2.095733880996704,100,0.1,4.0,0.5,y_bar,0.7223222851753235,0.008300651796162128,0.722296953201294,0.008473736234009266,0.7223222851753235,0.008300651796162128,0.012353184632956982,4.0,0.5,M4_eta0.5
NOG,10001,260,65.0,134144,81920,260,2.7686803340911865,100,0.1,4.0,0.5,y_bar,0.7216494083404541,0.008668704889714718,0.7216010689735413,0.00890815444290638,0.7216494083404541,0.008668704889714718,0.013540987856686115,4.0,0.5,M4_eta0.5
NOG,10001,324,81.0,166912,98304,324,3.417349338531494,100,0.1,4.0,0.5,y_bar,0.7201160788536072,0.008147010579705238,0.7201130390167236,0.00882693286985159,0.7201160788536072,0.008147010579705238,0.011681736446917057,4.0,0.5,M4_eta0.5
NOG,10001,388,97.0,199680,114688,388,4.049947261810303,100,0.1,4.0,0.5,y_bar,0.7191606760025024,0.008934710174798965,0.719144344329834,0.008810157887637615,0.7191606760025024,0.008934710174798965,0.012406707741320133,4.0,0.5,M4_eta0.5
NOG,10001,452,113.0,232448,131072,452,4.689415216445923,100,0.1,4.0,0.5,y_bar,0.7185570597648621,0.00934352446347475,0.7185247540473938,0.009086609818041325,0.7185570597648621,0.00934352446347475,0.014665741473436356,4.0,0.5,M4_eta0.5
NOG,10001,516,129.0,265216,147456,516,5.313482046127319,100,0.1,4.0,0.5,y_bar,0.7182662487030029,0.008670386858284473,0.7182785868644714,0.008965074084699154,0.7182662487030029,0.008670386858284473,0.011891026049852371,4.0,0.5,M4_eta0.5
NOG,10001,580,145.0,297984,163840,580,5.905132055282593,100,0.1,4.0,0.5,y_bar,0.7178900241851807,0.0082196444272995,0.717915415763855,0.008010226301848888,0.7178900241851807,0.0082196444272995,0.01271204836666584,4.0,0.5,M4_eta0.5
NOG,10001,644,161.0,330752,180224,644,6.504510164260864,100,0.1,4.0,0.5,y_bar,0.7175118923187256,0.008014818653464317,0.7175301313400269,0.008311843499541283,0.7175118923187256,0.008014818653464317,0.01416108664125204,4.0,0.5,M4_eta0.5
NOG,10001,708,177.0,363520,196608,708,7.088468790054321,100,0.1,4.0,0.5,y_bar,0.7172707915306091,0.007349883671849966,0.7173040509223938,0.007731112185865641,0.7172707915306091,0.007349883671849966,0.015148775652050972,4.0,0.5,M4_eta0.5
NOG,10001,772,193.0,396288,212992,772,7.6845619678497314,100,0.1,4.0,0.5,y_bar,0.7170740962028503,0.008841894567012787,0.7171108722686768,0.008156362920999527,0.7170740962028503,0.008841894567012787,0.01389294769614935,4.0,0.5,M4_eta0.5
NOG,10001,836,209.0,429056,229376,836,8.263232231140137,100,0.1,4.0,0.5,y_bar,0.716946005821228,0.008269802667200565,0.716904878616333,0.008417741395533085,0.716946005821228,0.008269802667200565,0.014053008519113064,4.0,0.5,M4_eta0.5
NOG,10001,900,225.0,461824,245760,900,8.832651376724243,100,0.1,4.0,0.5,y_bar,0.7165613770484924,0.008418083190917969,0.7165766358375549,0.007423958275467157,0.7165613770484924,0.008418083190917969,0.015324116684496403,4.0,0.5,M4_eta0.5
NOG,10001,960,240.0,492544,262144,960,9.37479567527771,100,0.1,4.0,0.5,y_bar,0.7164239883422852,0.0074377721175551414,0.7164490818977356,0.009093825705349445,0.7164239883422852,0.0074377721175551414,0.012313088402152061,4.0,0.5,M4_eta0.5
NOG,10001,8,1.0,5120,16384,8,0.17601561546325684,100,0.1,8.0,0.1,y_bar,0.724892258644104,0.010544676333665848,0.7249556183815002,0.01013106107711792,0.724892258644104,0.010544676333665848,0.011763950809836388,8.0,0.1,M8_eta0.1
NOG,10001,72,9.0,37888,32768,72,0.7785167694091797,100,0.1,8.0,0.1,y_bar,0.724443793296814,0.009205034002661705,0.7243860363960266,0.009370085783302784,0.724443793296814,0.009205034002661705,0.009997153654694557,8.0,0.1,M8_eta0.1
NOG,10001,136,17.0,70656,49152,136,1.3758316040039062,100,0.1,8.0,0.1,y_bar,0.7232427000999451,0.00884175579994917,0.7231787443161011,0.008944602683186531,0.7232427000999451,0.00884175579994917,0.009748990647494793,8.0,0.1,M8_eta0.1
NOG,10001,200,25.0,103424,65536,200,1.8988587856292725,100,0.1,8.0,0.1,y_bar,0.7221601605415344,0.009080023504793644,0.7221110463142395,0.00914582796394825,0.7221601605415344,0.009080023504793644,0.00986054353415966,8.0,0.1,M8_eta0.1
NOG,10001,264,33.0,136192,81920,264,2.504976272583008,100,0.1,8.0,0.1,y_bar,0.7210529446601868,0.009503244422376156,0.720946729183197,0.009305979125201702,0.7210529446601868,0.009503244422376156,0.010120308957993984,8.0,0.1,M8_eta0.1
NOG,10001,328,41.0,168960,98304,328,3.0695812702178955,100,0.1,8.0,0.1,y_bar,0.719473123550415,0.009498011320829391,0.7193641066551208,0.00814501941204071,0.719473123550415,0.009498011320829391,0.01118224672973156,8.0,0.1,M8_eta0.1
NOG,10001,392,49.0,201728,114688,392,3.616335391998291,100,0.1,8.0,0.1,y_bar,0.7187145948410034,0.009430409409105778,0.7186470031738281,0.00818661693483591,0.7187145948410034,0.009430409409105778,0.009334305301308632,8.0,0.1,M8_eta0.1
NOG,10001,456,57.0,234496,131072,456,4.22321343421936,100,0.1,8.0,0.1,y_bar,0.7183122038841248,0.00981976930052042,0.7182572484016418,0.007695665583014488,0.7183122038841248,0.00981976930052042,0.010817711241543293,8.0,0.1,M8_eta0.1
NOG,10001,520,65.0,267264,147456,520,4.793571949005127,100,0.1,8.0,0.1,y_bar,0.7181501984596252,0.009216662496328354,0.7181874513626099,0.008993673138320446,0.7181501984596252,0.009216662496328354,0.009553102776408195,8.0,0.1,M8_eta0.1
NOG,10001,584,73.0,300032,163840,584,5.3756492137908936,100,0.1,8.0,0.1,y_bar,0.7177051305770874,0.008630137890577316,0.7177457213401794,0.009082013741135597,0.7177051305770874,0.008630137890577316,0.010827316902577877,8.0,0.1,M8_eta0.1
NOG,10001,648,81.0,332800,180224,648,5.952435493469238,100,0.1,8.0,0.1,y_bar,0.7172973155975342,0.008417344652116299,0.7172377705574036,0.008343846537172794,0.7172973155975342,0.008417344652116299,0.01052617747336626,8.0,0.1,M8_eta0.1
NOG,10001,712,89.0,365568,196608,712,6.532670736312866,100,0.1,8.0,0.1,y_bar,0.7167656421661377,0.009778335690498352,0.7168043851852417,0.00872067455202341,0.7167656421661377,0.009778335690498352,0.010236084461212158,8.0,0.1,M8_eta0.1
NOG,10001,776,97.0,398336,212992,776,7.097216606140137,100,0.1,8.0,0.1,y_bar,0.7166642546653748,0.009748389013111591,0.7165990471839905,0.009332791902124882,0.7166642546653748,0.009748389013111591,0.012370101176202297,8.0,0.1,M8_eta0.1
NOG,10001,840,105.0,431104,229376,840,7.665440559387207,100,0.1,8.0,0.1,y_bar,0.7161304950714111,0.009272728115320206,0.7161396741867065,0.008493293076753616,0.7161304950714111,0.009272728115320206,0.009953298605978489,8.0,0.1,M8_eta0.1
NOG,10001,904,113.0,463872,245760,904,8.244440078735352,100,0.1,8.0,0.1,y_bar,0.7158450484275818,0.009169040247797966,0.7158579230308533,0.009385430254042149,0.7158450484275818,0.009169040247797966,0.010720373131334782,8.0,0.1,M8_eta0.1
NOG,10001,960,120.0,492544,262144,960,8.852143287658691,100,0.1,8.0,0.1,y_bar,0.7155460119247437,0.00797500554472208,0.7155242562294006,0.008090815506875515,0.7155460119247437,0.00797500554472208,0.010297343134880066,8.0,0.1,M8_eta0.1
NOG,10001,8,1.0,5120,16384,8,0.1740567684173584,100,0.1,8.0,0.2,y_bar,0.7249487638473511,0.010446805506944656,0.7250002026557922,0.010107073001563549,0.7249487638473511,0.010446805506944656,0.0113275907933712,8.0,0.2,M8_eta0.2
NOG,10001,72,9.0,37888,32768,72,0.8262248039245605,100,0.1,8.0,0.2,y_bar,0.7244751453399658,0.008539475500583649,0.7244235873222351,0.008286737836897373,0.7244751453399658,0.008539475500583649,0.008726699277758598,8.0,0.2,M8_eta0.2
NOG,10001,136,17.0,70656,49152,136,1.3952019214630127,100,0.1,8.0,0.2,y_bar,0.7239381670951843,0.00908717606216669,0.7239168882369995,0.008311077021062374,0.7239381670951843,0.00908717606216669,0.009049850516021252,8.0,0.2,M8_eta0.2
NOG,10001,200,25.0,103424,65536,200,2.0021979808807373,100,0.1,8.0,0.2,y_bar,0.7232277989387512,0.0075066424906253815,0.7231845259666443,0.008586682379245758,0.7232277989387512,0.0075066424906253815,0.008671082556247711,8.0,0.2,M8_eta0.2
NOG,10001,264,33.0,136192,81920,264,2.6459622383117676,100,0.1,8.0,0.2,y_bar,0.7228441834449768,0.009049171581864357,0.7227827906608582,0.008707675151526928,0.7228441834449768,0.009049171581864357,0.009996328502893448,8.0,0.2,M8_eta0.2
NOG,10001,328,41.0,168960,98304,328,3.298773765563965,100,0.1,8.0,0.2,y_bar,0.7221772074699402,0.007750988472253084,0.72217857837677,0.007698582950979471,0.7221772074699402,0.007750988472253084,0.010209315456449986,8.0,0.2,M8_eta0.2
NOG,10001,392,49.0,201728,114688,392,3.885657787322998,100,0.1,8.0,0.2,y_bar,0.7214165329933167,0.008241097442805767,0.721406102180481,0.007994663901627064,0.7214165329933167,0.008241097442805767,0.009251398034393787,8.0,0.2,M8_eta0.2
NOG,10001,456,57.0,234496,131072,456,4.513578653335571,100,0.1,8.0,0.2,y_bar,0.7208138108253479,0.008648558519780636,0.720767617225647,0.008170310407876968,0.7208138108253479,0.008648558519780636,0.009564308449625969,8.0,0.2,M8_eta0.2
NOG,10001,520,65.0,267264,147456,520,5.246883869171143,100,0.1,8.0,0.2,y_bar,0.7202906608581543,0.009268845431506634,0.7202034592628479,0.00828606728464365,0.7202906608581543,0.009268845431506634,0.00906027015298605,8.0,0.2,M8_eta0.2
NOG,10001,584,73.0,300032,163840,584,5.956439256668091,100,0.1,8.0,0.2,y_bar,0.719386875629425,0.008464968763291836,0.7193193435668945,0.008322294801473618,0.719386875629425,0.008464968763291836,0.009816071949899197,8.0,0.2,M8_eta0.2
NOG,10001,648,81.0,332800,180224,648,6.721502065658569,100,0.1,8.0,0.2,y_bar,0.718735933303833,0.007050243206322193,0.7187446355819702,0.007444857154041529,0.718735933303833,0.007050243206322193,0.010203677229583263,8.0,0.2,M8_eta0.2
NOG,10001,712,89.0,365568,196608,712,7.357957124710083,100,0.1,8.0,0.2,y_bar,0.7185222506523132,0.009233095683157444,0.7184901237487793,0.008664451539516449,0.7185222506523132,0.009233095683157444,0.009275035932660103,8.0,0.2,M8_eta0.2
NOG,10001,776,97.0,398336,212992,776,8.065085887908936,100,0.1,8.0,0.2,y_bar,0.7181117534637451,0.008281930349767208,0.718136191368103,0.007357742637395859,0.7181117534637451,0.008281930349767208,0.00908855814486742,8.0,0.2,M8_eta0.2
NOG,10001,840,105.0,431104,229376,840,8.662810564041138,100,0.1,8.0,0.2,y_bar,0.7178597450256348,0.008717089891433716,0.7178393602371216,0.008158687502145767,0.7178597450256348,0.008717089891433716,0.009822865016758442,8.0,0.2,M8_eta0.2
NOG,10001,904,113.0,463872,245760,904,9.31814432144165,100,0.1,8.0,0.2,y_bar,0.7175074219703674,0.007944841869175434,0.7174863815307617,0.007648668717592955,0.7175074219703674,0.007944841869175434,0.009929414838552475,8.0,0.2,M8_eta0.2
NOG,10001,960,120.0,492544,262144,960,9.93666124343872,100,0.1,8.0,0.2,y_bar,0.7173519730567932,0.0073003522120416164,0.7173537611961365,0.008612900041043758,0.7173519730567932,0.0073003522120416164,0.009546746499836445,8.0,0.2,M8_eta0.2
NOG,10001,8,1.0,5120,16384,8,0.1781609058380127,100,0.1,8.0,0.3,y_bar,0.7248907685279846,0.010407515801489353,0.7249253988265991,0.009919002652168274,0.7248907685279846,0.010407515801489353,0.011322041042149067,8.0,0.3,M8_eta0.3
NOG,10001,72,9.0,37888,32768,72,0.7929141521453857,100,0.1,8.0,0.3,y_bar,0.724689781665802,0.008066179230809212,0.72466641664505,0.00818004459142685,0.724689781665802,0.008066179230809212,0.008558551780879498,8.0,0.3,M8_eta0.3
NOG,10001,136,17.0,70656,49152,136,1.4612138271331787,100,0.1,8.0,0.3,y_bar,0.7243460416793823,0.00860885251313448,0.7243334054946899,0.008085365407168865,0.7243460416793823,0.00860885251313448,0.008585435338318348,8.0,0.3,M8_eta0.3
NOG,10001,200,25.0,103424,65536,200,2.0807392597198486,100,0.1,8.0,0.3,y_bar,0.7239105701446533,0.007403024937957525,0.7238882780075073,0.0077851032838225365,0.7239105701446533,0.007403024937957525,0.00846781861037016,8.0,0.3,M8_eta0.3
NOG,10001,264,33.0,136192,81920,264,2.687556028366089,100,0.1,8.0,0.3,y_bar,0.7237145900726318,0.00839997548609972,0.723663330078125,0.007629618514329195,0.7237145900726318,0.00839997548609972,0.009224966168403625,8.0,0.3,M8_eta0.3
NOG,10001,328,41.0,168960,98304,328,3.2047247886657715,100,0.1,8.0,0.3,y_bar,0.7233573198318481,0.007456584367901087,0.723345160484314,0.007927684113383293,0.7233573198318481,0.007456584367901087,0.009868454188108444,8.0,0.3,M8_eta0.3
NOG,10001,392,49.0,201728,114688,392,3.8802969455718994,100,0.1,8.0,0.3,y_bar,0.7229613065719604,0.007411538157612085,0.7229524850845337,0.0076081096194684505,0.7229613065719604,0.007411538157612085,0.009261470288038254,8.0,0.3,M8_eta0.3
NOG,10001,456,57.0,234496,131072,456,4.515802621841431,100,0.1,8.0,0.3,y_bar,0.7226693034172058,0.008019156754016876,0.722669780254364,0.0072968038730323315,0.7226693034172058,0.008019156754016876,0.008874463848769665,8.0,0.3,M8_eta0.3
NOG,10001,520,65.0,267264,147456,520,5.198977947235107,100,0.1,8.0,0.3,y_bar,0.7224168181419373,0.008619451895356178,0.7223419547080994,0.008101074025034904,0.7224168181419373,0.008619451895356178,0.008448640815913677,8.0,0.3,M8_eta0.3
NOG,10001,584,73.0,300032,163840,584,5.870126485824585,100,0.1,8.0,0.3,y_bar,0.721947431564331,0.008229441940784454,0.7219271659851074,0.008153452537953854,0.721947431564331,0.008229441940784454,0.009337518364191055,8.0,0.3,M8_eta0.3
NOG,10001,648,81.0,332800,180224,648,6.523372650146484,100,0.1,8.0,0.3,y_bar,0.7215150594711304,0.007233146578073502,0.721526563167572,0.007417223881930113,0.7215150594711304,0.007233146578073502,0.009772554971277714,8.0,0.3,M8_eta0.3
NOG,10001,712,89.0,365568,196608,712,7.16198205947876,100,0.1,8.0,0.3,y_bar,0.721208393573761,0.008524823002517223,0.7211846709251404,0.007972637191414833,0.721208393573761,0.008524823002517223,0.008139275945723057,8.0,0.3,M8_eta0.3
NOG,10001,776,97.0,398336,212992,776,7.814237833023071,100,0.1,8.0,0.3,y_bar,0.720836877822876,0.00819189753383398,0.7208117842674255,0.0072495280764997005,0.720836877822876,0.00819189753383398,0.008620294742286205,8.0,0.3,M8_eta0.3
NOG,10001,840,105.0,431104,229376,840,8.500185489654541,100,0.1,8.0,0.3,y_bar,0.7204709053039551,0.00857502967119217,0.7204539179801941,0.007765767630189657,0.7204709053039551,0.00857502967119217,0.00998755730688572,8.0,0.3,M8_eta0.3
NOG,10001,904,113.0,463872,245760,904,9.159937620162964,100,0.1,8.0,0.3,y_bar,0.7200406193733215,0.008144735358655453,0.7200208902359009,0.007573828101158142,0.7200406193733215,0.008144735358655453,0.009114880114793777,8.0,0.3,M8_eta0.3
NOG,10001,960,120.0,492544,262144,960,9.695724964141846,100,0.1,8.0,0.3,y_bar,0.7196874618530273,0.0075626312755048275,0.7196973562240601,0.0075876954942941666,0.7196874618530273,0.0075626312755048275,0.009950690902769566,8.0,0.3,M8_eta0.3
NOG,10001,8,1.0,5120,16384,8,0.19980645179748535,100,0.1,8.0,0.5,y_bar,0.7248576879501343,0.01046080607920885,0.7248823642730713,0.01004194375127554,0.7248576879501343,0.01046080607920885,0.011579672805964947,8.0,0.5,M8_eta0.5
NOG,10001,72,9.0,37888,32768,72,0.8153481483459473,100,0.1,8.0,0.5,y_bar,0.7247840166091919,0.007777160499244928,0.7247911691665649,0.008182883262634277,0.7247840166091919,0.007777160499244928,0.008658027276396751,8.0,0.5,M8_eta0.5
NOG,10001,136,17.0,70656,49152,136,1.4031081199645996,100,0.1,8.0,0.5,y_bar,0.7246236205101013,0.008276132866740227,0.7246213555335999,0.0076621463522315025,0.7246236205101013,0.008276132866740227,0.008715476840734482,8.0,0.5,M8_eta0.5
NOG,10001,200,25.0,103424,65536,200,2.0822231769561768,100,0.1,8.0,0.5,y_bar,0.7243570685386658,0.007110931444913149,0.7243492007255554,0.008205932565033436,0.7243570685386658,0.007110931444913149,0.008808079175651073,8.0,0.5,M8_eta0.5
NOG,10001,264,33.0,136192,81920,264,2.6853115558624268,100,0.1,8.0,0.5,y_bar,0.7242077589035034,0.008037024177610874,0.7241888642311096,0.007237173616886139,0.7242077589035034,0.008037024177610874,0.008521949872374535,8.0,0.5,M8_eta0.5
NOG,10001,328,41.0,168960,98304,328,3.3062055110931396,100,0.1,8.0,0.5,y_bar,0.7239944338798523,0.007082273252308369,0.7239807844161987,0.007485111244022846,0.7239944338798523,0.007082273252308369,0.009781809523701668,8.0,0.5,M8_eta0.5
NOG,10001,392,49.0,201728,114688,392,3.95945143699646,100,0.1,8.0,0.5,y_bar,0.7237823605537415,0.00741054629907012,0.7237803339958191,0.007764540612697601,0.7237823605537415,0.00741054629907012,0.009238602593541145,8.0,0.5,M8_eta0.5
NOG,10001,456,57.0,234496,131072,456,4.578192710876465,100,0.1,8.0,0.5,y_bar,0.7236313819885254,0.008052363991737366,0.7236323356628418,0.007294183596968651,0.7236313819885254,0.008052363991737366,0.00903146993368864,8.0,0.5,M8_eta0.5
NOG,10001,520,65.0,267264,147456,520,5.251651763916016,100,0.1,8.0,0.5,y_bar,0.7234535217285156,0.007613626774400473,0.7234415411949158,0.007490281946957111,0.7234535217285156,0.007613626774400473,0.007868115790188313,8.0,0.5,M8_eta0.5
NOG,10001,584,73.0,300032,163840,584,5.913612604141235,100,0.1,8.0,0.5,y_bar,0.7233016490936279,0.0075348615646362305,0.7232833504676819,0.0076011596247553825,0.7233016490936279,0.0075348615646362305,0.00954811368137598,8.0,0.5,M8_eta0.5
NOG,10001,648,81.0,332800,180224,648,6.659383773803711,100,0.1,8.0,0.5,y_bar,0.7231329679489136,0.006972866132855415,0.7231264710426331,0.007497097831219435,0.7231329679489136,0.006972866132855415,0.009875637479126453,8.0,0.5,M8_eta0.5
NOG,10001,712,89.0,365568,196608,712,7.219727993011475,100,0.1,8.0,0.5,y_bar,0.7229785323143005,0.008038423024117947,0.7229610681533813,0.007564838510006666,0.7229785323143005,0.008038423024117947,0.008037695661187172,8.0,0.5,M8_eta0.5
NOG,10001,776,97.0,398336,212992,776,7.794145345687866,100,0.1,8.0,0.5,y_bar,0.722821831703186,0.007381882052868605,0.7228224277496338,0.00721376808360219,0.722821831703186,0.007381882052868605,0.007936222478747368,8.0,0.5,M8_eta0.5
NOG,10001,840,105.0,431104,229376,840,8.35842227935791,100,0.1,8.0,0.5,y_bar,0.722645103931427,0.007577142678201199,0.7226515412330627,0.006986421067267656,0.722645103931427,0.007577142678201199,0.010083717294037342,8.0,0.5,M8_eta0.5
NOG,10001,904,113.0,463872,245760,904,8.93574047088623,100,0.1,8.0,0.5,y_bar,0.7224477529525757,0.0076119606383144855,0.7224261164665222,0.007088904269039631,0.7224477529525757,0.0076119606383144855,0.009472036734223366,8.0,0.5,M8_eta0.5
NOG,10001,960,120.0,492544,262144,960,9.462930917739868,100,0.1,8.0,0.5,y_bar,0.7222910523414612,0.007180958054959774,0.7222880721092224,0.007336224429309368,0.7222910523414612,0.007180958054959774,0.00946162547916174,8.0,0.5,M8_eta0.5
NOG,10001,12,1.0,7168,16384,12,0.20140361785888672,100,0.1,12.0,0.1,y_bar,0.7249074578285217,0.009617974981665611,0.7249634265899658,0.008835511282086372,0.7249074578285217,0.009617974981665611,0.009423676878213882,12.0,0.1,M12_eta0.1
NOG,10001,84,7.0,44032,32768,84,0.8755943775177002,100,0.1,12.0,0.1,y_bar,0.7244369387626648,0.008511762134730816,0.7244358658790588,0.008509010076522827,0.7244369387626648,0.008511762134730816,0.008182534016668797,12.0,0.1,M12_eta0.1
NOG,10001,156,13.0,80896,49152,156,1.51031494140625,100,0.1,12.0,0.1,y_bar,0.7239105105400085,0.008238883689045906,0.7239086031913757,0.0076158177107572556,0.7239105105400085,0.008238883689045906,0.0074226935394108295,12.0,0.1,M12_eta0.1
NOG,10001,228,19.0,117760,65536,228,2.1374166011810303,100,0.1,12.0,0.1,y_bar,0.7232698202133179,0.0075162844732403755,0.7232716679573059,0.008370593190193176,0.7232698202133179,0.0075162844732403755,0.008115154691040516,12.0,0.1,M12_eta0.1
NOG,10001,300,25.0,154624,81920,300,2.755469560623169,100,0.1,12.0,0.1,y_bar,0.7228055000305176,0.00782901979982853,0.7227569818496704,0.007640860043466091,0.7228055000305176,0.00782901979982853,0.007941174320876598,12.0,0.1,M12_eta0.1
NOG,10001,372,31.0,191488,98304,372,3.4117720127105713,100,0.1,12.0,0.1,y_bar,0.7221927046775818,0.008425882086157799,0.7220895886421204,0.007621667347848415,0.7221927046775818,0.008425882086157799,0.009826288558542728,12.0,0.1,M12_eta0.1
NOG,10001,444,37.0,228352,114688,444,4.054072380065918,100,0.1,12.0,0.1,y_bar,0.7214701175689697,0.007886580191552639,0.7214291095733643,0.0074703991413116455,0.7214701175689697,0.007886580191552639,0.008256718516349792,12.0,0.1,M12_eta0.1
NOG,10001,516,43.0,265216,131072,516,4.690600156784058,100,0.1,12.0,0.1,y_bar,0.7207412719726562,0.008127275854349136,0.7207010984420776,0.008307351730763912,0.7207412719726562,0.008127275854349136,0.00867442600429058,12.0,0.1,M12_eta0.1
NOG,10001,588,49.0,302080,147456,588,5.369646787643433,100,0.1,12.0,0.1,y_bar,0.7199085354804993,0.00886888150125742,0.7198612093925476,0.007830122485756874,0.7199085354804993,0.00886888150125742,0.00867458339780569,12.0,0.1,M12_eta0.1
NOG,10001,660,55.0,338944,163840,660,5.998931646347046,100,0.1,12.0,0.1,y_bar,0.7192444205284119,0.007650927174836397,0.7191897630691528,0.007721433416008949,0.7192444205284119,0.007650927174836397,0.008340561762452126,12.0,0.1,M12_eta0.1
NOG,10001,732,61.0,375808,180224,732,6.630194664001465,100,0.1,12.0,0.1,y_bar,0.718849778175354,0.008129405789077282,0.7187842726707458,0.008180467411875725,0.718849778175354,0.008129405789077282,0.008680840954184532,12.0,0.1,M12_eta0.1
NOG,10001,804,67.0,412672,196608,804,7.273791551589966,100,0.1,12.0,0.1,y_bar,0.7184272408485413,0.008173756301403046,0.7184382081031799,0.007814008742570877,0.7184272408485413,0.008173756301403046,0.008106189779937267,12.0,0.1,M12_eta0.1
NOG,10001,876,73.0,449536,212992,876,7.949774980545044,100,0.1,12.0,0.1,y_bar,0.7180278301239014,0.006993246730417013,0.7180152535438538,0.008206385187804699,0.7180278301239014,0.006993246730417013,0.009114147163927555,12.0,0.1,M12_eta0.1
NOG,10001,948,79.0,486400,229376,948,8.57111930847168,100,0.1,12.0,0.1,y_bar,0.7176715731620789,0.007044482976198196,0.7176466584205627,0.0074183279648423195,0.7176715731620789,0.007044482976198196,0.009052561596035957,12.0,0.1,M12_eta0.1
NOG,10001,960,80.0,492544,245760,960,8.787508964538574,100,0.1,12.0,0.1,y_bar,0.7176182866096497,0.007964406162500381,0.7175832986831665,0.007586622145026922,0.7176182866096497,0.007964406162500381,0.008391034789383411,12.0,0.1,M12_eta0.1
NOG,10001,12,1.0,7168,16384,12,0.1982884407043457,100,0.1,12.0,0.2,y_bar,0.7248597145080566,0.0097142169252038,0.7248871326446533,0.008968457579612732,0.7248597145080566,0.0097142169252038,0.00955413281917572,12.0,0.2,M12_eta0.2
NOG,10001,84,7.0,44032,32768,84,0.7972321510314941,100,0.1,12.0,0.2,y_bar,0.7247159481048584,0.008207972161471844,0.7247257828712463,0.008106136694550514,0.7247159481048584,0.008207972161471844,0.007624504156410694,12.0,0.2,M12_eta0.2
NOG,10001,156,13.0,80896,49152,156,1.3900880813598633,100,0.1,12.0,0.2,y_bar,0.7244817018508911,0.007622981444001198,0.724449098110199,0.007365564815700054,0.7244817018508911,0.007622981444001198,0.006792313884943724,12.0,0.2,M12_eta0.2
NOG,10001,228,19.0,117760,65536,228,1.9979588985443115,100,0.1,12.0,0.2,y_bar,0.7241182327270508,0.007015053648501635,0.7240979075431824,0.007180921733379364,0.7241182327270508,0.007015053648501635,0.007547980640083551,12.0,0.2,M12_eta0.2
NOG,10001,300,25.0,154624,81920,300,2.617341995239258,100,0.1,12.0,0.2,y_bar,0.7239404320716858,0.007308132015168667,0.7239302396774292,0.007097967434674501,0.7239404320716858,0.007308132015168667,0.006855523679405451,12.0,0.2,M12_eta0.2
NOG,10001,372,31.0,191488,98304,372,3.265669345855713,100,0.1,12.0,0.2,y_bar,0.7237200140953064,0.007827253080904484,0.7236640453338623,0.0070692915469408035,0.7237200140953064,0.007827253080904484,0.009012708440423012,12.0,0.2,M12_eta0.2
NOG,10001,444,37.0,228352,114688,444,3.8697562217712402,100,0.1,12.0,0.2,y_bar,0.7234708666801453,0.007538508623838425,0.7234625220298767,0.006798646878451109,0.7234708666801453,0.007538508623838425,0.007247054949402809,12.0,0.2,M12_eta0.2
NOG,10001,516,43.0,265216,131072,516,4.477806329727173,100,0.1,12.0,0.2,y_bar,0.7232460975646973,0.007830783724784851,0.7232295870780945,0.00680553587153554,0.7232460975646973,0.007830783724784851,0.007940280251204967,12.0,0.2,M12_eta0.2
NOG,10001,588,49.0,302080,147456,588,5.083027124404907,100,0.1,12.0,0.2,y_bar,0.7229591012001038,0.008464125916361809,0.7229299545288086,0.006821604911237955,0.7229591012001038,0.008464125916361809,0.007984200492501259,12.0,0.2,M12_eta0.2
NOG,10001,660,55.0,338944,163840,660,5.767161130905151,100,0.1,12.0,0.2,y_bar,0.7226819396018982,0.0072847031988203526,0.7226788401603699,0.007525203283876181,0.7226819396018982,0.0072847031988203526,0.0080022644251585,12.0,0.2,M12_eta0.2
NOG,10001,732,61.0,375808,180224,732,6.431205749511719,100,0.1,12.0,0.2,y_bar,0.722536027431488,0.0070121255703270435,0.7225161194801331,0.007248400244861841,0.722536027431488,0.0070121255703270435,0.007617359049618244,12.0,0.2,M12_eta0.2
NOG,10001,804,67.0,412672,196608,804,7.037466049194336,100,0.1,12.0,0.2,y_bar,0.7222872376441956,0.007492295000702143,0.7222806811332703,0.007048341911286116,0.7222872376441956,0.007492295000702143,0.006969524547457695,12.0,0.2,M12_eta0.2
NOG,10001,876,73.0,449536,212992,876,7.680344820022583,100,0.1,12.0,0.2,y_bar,0.7220299243927002,0.00718481233343482,0.7219794392585754,0.00791788287460804,0.7220299243927002,0.00718481233343482,0.008196674287319183,12.0,0.2,M12_eta0.2
NOG,10001,948,79.0,486400,229376,948,8.38334321975708,100,0.1,12.0,0.2,y_bar,0.7216760516166687,0.007036013063043356,0.7216120958328247,0.006688205059617758,0.7216760516166687,0.007036013063043356,0.008813608437776566,12.0,0.2,M12_eta0.2
NOG,10001,960,80.0,492544,245760,960,8.611514568328857,100,0.1,12.0,0.2,y_bar,0.7215850949287415,0.006958981975913048,0.7215636372566223,0.008007386699318886,0.7215850949287415,0.006958981975913048,0.007854202762246132,12.0,0.2,M12_eta0.2
NOG,10001,12,1.0,7168,16384,12,0.21199584007263184,100,0.1,12.0,0.3,y_bar,0.7248396277427673,0.00992508977651596,0.7248578667640686,0.00915034580975771,0.7248396277427673,0.00992508977651596,0.009875521995127201,12.0,0.3,M12_eta0.3
NOG,10001,84,7.0,44032,32768,84,0.978600025177002,100,0.1,12.0,0.3,y_bar,0.724789023399353,0.007846033200621605,0.7247925996780396,0.007810110691934824,0.724789023399353,0.007846033200621605,0.007761039771139622,12.0,0.3,M12_eta0.3
NOG,10001,156,13.0,80896,49152,156,1.7777187824249268,100,0.1,12.0,0.3,y_bar,0.7246684432029724,0.007381126284599304,0.724648654460907,0.007353230379521847,0.7246684432029724,0.007381126284599304,0.006813541986048222,12.0,0.3,M12_eta0.3
NOG,10001,228,19.0,117760,65536,228,2.513676166534424,100,0.1,12.0,0.3,y_bar,0.7244499325752258,0.007019000593572855,0.7244256138801575,0.007286256179213524,0.7244499325752258,0.007019000593572855,0.00759538309648633,12.0,0.3,M12_eta0.3
NOG,10001,300,25.0,154624,81920,300,3.1921818256378174,100,0.1,12.0,0.3,y_bar,0.724317729473114,0.007340268697589636,0.7243129014968872,0.006812413223087788,0.724317729473114,0.007340268697589636,0.007353232242166996,12.0,0.3,M12_eta0.3
NOG,10001,372,31.0,191488,98304,372,3.861208438873291,100,0.1,12.0,0.3,y_bar,0.7241465449333191,0.007737517356872559,0.724116861820221,0.007280760910362005,0.7241465449333191,0.007737517356872559,0.008670751936733723,12.0,0.3,M12_eta0.3
NOG,10001,444,37.0,228352,114688,444,4.518812656402588,100,0.1,12.0,0.3,y_bar,0.7239896059036255,0.007400151342153549,0.723989725112915,0.0072924066334962845,0.7239896059036255,0.007400151342153549,0.007387401536107063,12.0,0.3,M12_eta0.3
NOG,10001,516,43.0,265216,131072,516,5.146024465560913,100,0.1,12.0,0.3,y_bar,0.7238333821296692,0.007792043499648571,0.7238147258758545,0.006748058833181858,0.7238333821296692,0.007792043499648571,0.007885088212788105,12.0,0.3,M12_eta0.3
NOG,10001,588,49.0,302080,147456,588,5.849742650985718,100,0.1,12.0,0.3,y_bar,0.723684549331665,0.008061563596129417,0.7236676812171936,0.006907346658408642,0.723684549331665,0.008061563596129417,0.007807804737240076,12.0,0.3,M12_eta0.3
NOG,10001,660,55.0,338944,163840,660,6.479374647140503,100,0.1,12.0,0.3,y_bar,0.7235172986984253,0.007165972609072924,0.7235209345817566,0.007569727022200823,0.7235172986984253,0.007165972609072924,0.00789277907460928,12.0,0.3,M12_eta0.3
NOG,10001,732,61.0,375808,180224,732,7.157184600830078,100,0.1,12.0,0.3,y_bar,0.7234523892402649,0.006490320432931185,0.7234486937522888,0.006859340239316225,0.7234523892402649,0.006490320432931185,0.007181303109973669,12.0,0.3,M12_eta0.3
NOG,10001,804,67.0,412672,196608,804,7.87021803855896,100,0.1,12.0,0.3,y_bar,0.7233550548553467,0.007432557176798582,0.7233526706695557,0.006803811993449926,0.7233550548553467,0.007432557176798582,0.006658895406872034,12.0,0.3,M12_eta0.3
NOG,10001,876,73.0,449536,212992,876,8.607486248016357,100,0.1,12.0,0.3,y_bar,0.723195493221283,0.007065876852720976,0.7231696844100952,0.0076483869925141335,0.723195493221283,0.007065876852720976,0.007966670207679272,12.0,0.3,M12_eta0.3
NOG,10001,948,79.0,486400,229376,948,9.333479642868042,100,0.1,12.0,0.3,y_bar,0.7230033278465271,0.007318689953535795,0.7229868173599243,0.006458026822656393,0.7230033278465271,0.007318689953535795,0.008254875428974628,12.0,0.3,M12_eta0.3
NOG,10001,960,80.0,492544,245760,960,9.520232439041138,100,0.1,12.0,0.3,y_bar,0.7229752540588379,0.007018395699560642,0.7229704856872559,0.007491380907595158,0.7229752540588379,0.007018395699560642,0.007558191195130348,12.0,0.3,M12_eta0.3
NOG,10001,12,1.0,7168,16384,12,0.18352031707763672,100,0.1,12.0,0.5,y_bar,0.7248292565345764,0.010034370236098766,0.7248405814170837,0.009367414750158787,0.7248292565345764,0.010034370236098766,0.01010019239038229,12.0,0.5,M12_eta0.5
NOG,10001,84,7.0,44032,32768,84,0.7560369968414307,100,0.1,12.0,0.5,y_bar,0.7248088121414185,0.00782560370862484,0.7248125672340393,0.007758982479572296,0.7248088121414185,0.00782560370862484,0.00811566412448883,12.0,0.5,M12_eta0.5
NOG,10001,156,13.0,80896,49152,156,1.4501714706420898,100,0.1,12.0,0.5,y_bar,0.7247398495674133,0.0072351437993347645,0.7247276902198792,0.00726812519133091,0.7247398495674133,0.0072351437993347645,0.006907384376972914,12.0,0.5,M12_eta0.5
NOG,10001,228,19.0,117760,65536,228,2.160419464111328,100,0.1,12.0,0.5,y_bar,0.724592924118042,0.006876179948449135,0.7245771288871765,0.007185427006334066,0.724592924118042,0.006876179948449135,0.007465995382517576,12.0,0.5,M12_eta0.5
NOG,10001,300,25.0,154624,81920,300,2.8593227863311768,100,0.1,12.0,0.5,y_bar,0.7245169878005981,0.007135655265301466,0.7245159149169922,0.0068205976858735085,0.7245169878005981,0.007135655265301466,0.007481466047465801,12.0,0.5,M12_eta0.5
NOG,10001,372,31.0,191488,98304,372,3.5245378017425537,100,0.1,12.0,0.5,y_bar,0.724410355091095,0.007673191372305155,0.7243839502334595,0.007164281792938709,0.724410355091095,0.007673191372305155,0.00881277397274971,12.0,0.5,M12_eta0.5
NOG,10001,444,37.0,228352,114688,444,4.259514331817627,100,0.1,12.0,0.5,y_bar,0.7242748737335205,0.007464410271495581,0.724274218082428,0.007365920580923557,0.7242748737335205,0.007464410271495581,0.007606988772749901,12.0,0.5,M12_eta0.5
NOG,10001,516,43.0,265216,131072,516,4.91710638999939,100,0.1,12.0,0.5,y_bar,0.724157452583313,0.007778853643685579,0.7241414189338684,0.0069463420659303665,0.724157452583313,0.007778853643685579,0.008090490475296974,12.0,0.5,M12_eta0.5
NOG,10001,588,49.0,302080,147456,588,5.585165977478027,100,0.1,12.0,0.5,y_bar,0.7240440249443054,0.007625527214258909,0.7240327596664429,0.006598019972443581,0.7240440249443054,0.007625527214258909,0.00746207544580102,12.0,0.5,M12_eta0.5
NOG,10001,660,55.0,338944,163840,660,6.262481212615967,100,0.1,12.0,0.5,y_bar,0.72394859790802,0.007101407274603844,0.7239489555358887,0.007504216395318508,0.72394859790802,0.007101407274603844,0.007633225992321968,12.0,0.5,M12_eta0.5
NOG,10001,732,61.0,375808,180224,732,6.992368221282959,100,0.1,12.0,0.5,y_bar,0.7238829731941223,0.0062456876039505005,0.7238804697990417,0.006673895288258791,0.7238829731941223,0.0062456876039505005,0.007033351808786392,12.0,0.5,M12_eta0.5
NOG,10001,804,67.0,412672,196608,804,7.699688673019409,100,0.1,12.0,0.5,y_bar,0.7238250374794006,0.007527179084718227,0.7238202691078186,0.0068208291195333,0.7238250374794006,0.007527179084718227,0.006758613511919975,12.0,0.5,M12_eta0.5
NOG,10001,876,73.0,449536,212992,876,8.360921144485474,100,0.1,12.0,0.5,y_bar,0.7237229943275452,0.0068092066794633865,0.7237023711204529,0.007568839937448502,0.7237229943275452,0.0068092066794633865,0.00789736583828926,12.0,0.5,M12_eta0.5
NOG,10001,948,79.0,486400,229376,948,9.110125541687012,100,0.1,12.0,0.5,y_bar,0.7236016392707825,0.007314817048609257,0.7235880494117737,0.006491387728601694,0.7236016392707825,0.007314817048609257,0.008055351674556732,12.0,0.5,M12_eta0.5
NOG,10001,960,80.0,492544,245760,960,9.345111846923828,100,0.1,12.0,0.5,y_bar,0.7235816121101379,0.007128902245312929,0.7235856056213379,0.007217137608677149,0.7235816121101379,0.007128902245312929,0.007456797640770674,12.0,0.5,M12_eta0.5
NOG,10001,16,1.0,9216,16384,16,0.2779240608215332,100,0.1,16.0,0.1,y_bar,0.7248760461807251,0.009172805584967136,0.7248885035514832,0.008838658221065998,0.7248760461807251,0.009172805584967136,0.008851111866533756,16.0,0.1,M16_eta0.1
NOG,10001,80,5.0,41984,32768,80,0.939589262008667,100,0.1,16.0,0.1,y_bar,0.7247004508972168,0.006677331868559122,0.724663257598877,0.008765842765569687,0.7247004508972168,0.006677331868559122,0.00671979459002614,16.0,0.1,M16_eta0.1
NOG,10001,144,9.0,74752,49152,144,1.5869014263153076,100,0.1,16.0,0.1,y_bar,0.7243767976760864,0.008019167929887772,0.7243442535400391,0.007907448336482048,0.7243767976760864,0.008019167929887772,0.00715852715075016,16.0,0.1,M16_eta0.1
NOG,10001,208,13.0,107520,65536,208,2.2393741607666016,100,0.1,16.0,0.1,y_bar,0.7239970564842224,0.00809897668659687,0.7239805459976196,0.007950897328555584,0.7239970564842224,0.00809897668659687,0.006409017369151115,16.0,0.1,M16_eta0.1
NOG,10001,272,17.0,140288,81920,272,2.8699071407318115,100,0.1,16.0,0.1,y_bar,0.7238297462463379,0.007216429337859154,0.7237975001335144,0.008519157767295837,0.7238297462463379,0.007216429337859154,0.005620037205517292,16.0,0.1,M16_eta0.1
NOG,10001,336,21.0,173056,98304,336,3.4769248962402344,100,0.1,16.0,0.1,y_bar,0.7235299944877625,0.007638519164174795,0.7235172390937805,0.007513092830777168,0.7235299944877625,0.007638519164174795,0.007416690234094858,16.0,0.1,M16_eta0.1
NOG,10001,400,25.0,205824,114688,400,4.157936334609985,100,0.1,16.0,0.1,y_bar,0.7232078313827515,0.006954690907150507,0.7232177257537842,0.007614069152623415,0.7232078313827515,0.006954690907150507,0.006788579281419516,16.0,0.1,M16_eta0.1
NOG,10001,464,29.0,238592,131072,464,4.795509576797485,100,0.1,16.0,0.1,y_bar,0.7229835391044617,0.007199075538665056,0.7229368090629578,0.008182072080671787,0.7229835391044617,0.007199075538665056,0.00725422240793705,16.0,0.1,M16_eta0.1
NOG,10001,528,33.0,271360,147456,528,5.4091784954071045,100,0.1,16.0,0.1,y_bar,0.7227464318275452,0.008039448410272598,0.722676694393158,0.007260627578943968,0.7227464318275452,0.008039448410272598,0.006635996047407389,16.0,0.1,M16_eta0.1
NOG,10001,592,37.0,304128,163840,592,5.994683265686035,100,0.1,16.0,0.1,y_bar,0.7223525643348694,0.008452028967440128,0.7223237156867981,0.007911642082035542,0.7223525643348694,0.008452028967440128,0.007320437114685774,16.0,0.1,M16_eta0.1
NOG,10001,656,41.0,336896,180224,656,6.650040149688721,100,0.1,16.0,0.1,y_bar,0.7220081686973572,0.007671555504202843,0.7219728827476501,0.007463464513421059,0.7220081686973572,0.007671555504202843,0.00771164009347558,16.0,0.1,M16_eta0.1
NOG,10001,720,45.0,369664,196608,720,7.256319522857666,100,0.1,16.0,0.1,y_bar,0.7216742038726807,0.0068889097310602665,0.7216330170631409,0.007198714185506105,0.7216742038726807,0.0068889097310602665,0.00671054981648922,16.0,0.1,M16_eta0.1
NOG,10001,784,49.0,402432,212992,784,7.866055488586426,100,0.1,16.0,0.1,y_bar,0.7212887406349182,0.007782383356243372,0.7212827801704407,0.00823089201003313,0.7212887406349182,0.007782383356243372,0.006337932776659727,16.0,0.1,M16_eta0.1
NOG,10001,848,53.0,435200,229376,848,8.535590887069702,100,0.1,16.0,0.1,y_bar,0.7209533452987671,0.008441143669188023,0.7209271192550659,0.007560511585325003,0.7209533452987671,0.008441143669188023,0.008091378957033157,16.0,0.1,M16_eta0.1
NOG,10001,912,57.0,467968,245760,912,9.16894793510437,100,0.1,16.0,0.1,y_bar,0.7206143140792847,0.0072848922573029995,0.7205853462219238,0.008060940541327,0.7206143140792847,0.0072848922573029995,0.008011553436517715,16.0,0.1,M16_eta0.1
NOG,10001,960,60.0,492544,262144,960,9.65577745437622,100,0.1,16.0,0.1,y_bar,0.7202866673469543,0.007475057151168585,0.7202361226081848,0.007613323163241148,0.7202866673469543,0.007475057151168585,0.007503964006900787,16.0,0.1,M16_eta0.1
NOG,10001,16,1.0,9216,16384,16,0.23430585861206055,100,0.1,16.0,0.2,y_bar,0.724829375743866,0.009482264518737793,0.724842369556427,0.009199995547533035,0.724829375743866,0.009482264518737793,0.009287984110414982,16.0,0.2,M16_eta0.2
NOG,10001,80,5.0,41984,32768,80,0.7766752243041992,100,0.1,16.0,0.2,y_bar,0.7248014807701111,0.006650855299085379,0.7247982025146484,0.008583229035139084,0.7248014807701111,0.006650855299085379,0.006797864101827145,16.0,0.2,M16_eta0.2
NOG,10001,144,9.0,74752,49152,144,1.398503303527832,100,0.1,16.0,0.2,y_bar,0.7247197031974792,0.007367466576397419,0.7247024774551392,0.007138441316783428,0.7247197031974792,0.007367466576397419,0.00680947583168745,16.0,0.2,M16_eta0.2
NOG,10001,208,13.0,107520,65536,208,1.9909071922302246,100,0.1,16.0,0.2,y_bar,0.7245609760284424,0.00799078680574894,0.7245498895645142,0.008065358735620975,0.7245609760284424,0.00799078680574894,0.006423973012715578,16.0,0.2,M16_eta0.2
NOG,10001,272,17.0,140288,81920,272,2.6159157752990723,100,0.1,16.0,0.2,y_bar,0.7244569063186646,0.007039916235953569,0.7244523167610168,0.00799327902495861,0.7244569063186646,0.007039916235953569,0.005469115450978279,16.0,0.2,M16_eta0.2
NOG,10001,336,21.0,173056,98304,336,3.208141565322876,100,0.1,16.0,0.2,y_bar,0.7243083119392395,0.007073729764670134,0.7242975234985352,0.006990124471485615,0.7243083119392395,0.007073729764670134,0.0071915616281330585,16.0,0.2,M16_eta0.2
NOG,10001,400,25.0,205824,114688,400,3.842590093612671,100,0.1,16.0,0.2,y_bar,0.7241681218147278,0.00653841532766819,0.7241490483283997,0.00750608230009675,0.7241681218147278,0.00653841532766819,0.006928831804543734,16.0,0.2,M16_eta0.2
NOG,10001,464,29.0,238592,131072,464,4.500075817108154,100,0.1,16.0,0.2,y_bar,0.7240550518035889,0.006726470775902271,0.724048376083374,0.007658871356397867,0.7240550518035889,0.006726470775902271,0.006962766405194998,16.0,0.2,M16_eta0.2
NOG,10001,528,33.0,271360,147456,528,5.1042726039886475,100,0.1,16.0,0.2,y_bar,0.7239447832107544,0.0075050960294902325,0.7239392399787903,0.0065983557142317295,0.7239447832107544,0.0075050960294902325,0.006081816274672747,16.0,0.2,M16_eta0.2
NOG,10001,592,37.0,304128,163840,592,5.726101636886597,100,0.1,16.0,0.2,y_bar,0.7238487005233765,0.007896647788584232,0.7238426804542542,0.007175939157605171,0.7238487005233765,0.007896647788584232,0.006705032661557198,16.0,0.2,M16_eta0.2
NOG,10001,656,41.0,336896,180224,656,6.428048372268677,100,0.1,16.0,0.2,y_bar,0.7237311005592346,0.0074032084085047245,0.7237160205841064,0.006861036643385887,0.7237311005592346,0.0074032084085047245,0.007115561049431562,16.0,0.2,M16_eta0.2
NOG,10001,720,45.0,369664,196608,720,7.0042994022369385,100,0.1,16.0,0.2,y_bar,0.7236276865005493,0.00618922570720315,0.723622739315033,0.006961160805076361,0.7236276865005493,0.00618922570720315,0.006520962342619896,16.0,0.2,M16_eta0.2
NOG,10001,784,49.0,402432,212992,784,7.591538667678833,100,0.1,16.0,0.2,y_bar,0.7235217690467834,0.007696489337831736,0.7235175371170044,0.007266259286552668,0.7235217690467834,0.007696489337831736,0.006104401778429747,16.0,0.2,M16_eta0.2
NOG,10001,848,53.0,435200,229376,848,8.161133527755737,100,0.1,16.0,0.2,y_bar,0.7234116196632385,0.007467817515134811,0.7234081625938416,0.007140854373574257,0.7234116196632385,0.007467817515134811,0.007188490126281977,16.0,0.2,M16_eta0.2
NOG,10001,912,57.0,467968,245760,912,8.761058807373047,100,0.1,16.0,0.2,y_bar,0.7232849597930908,0.006874230224639177,0.7232853174209595,0.0075533222407102585,0.7232849597930908,0.006874230224639177,0.006681385450065136,16.0,0.2,M16_eta0.2
NOG,10001,960,60.0,492544,262144,960,9.192895412445068,100,0.1,16.0,0.2,y_bar,0.7232247591018677,0.007059568073600531,0.7232219576835632,0.007328184787184,0.7232247591018677,0.007059568073600531,0.00619448721408844,16.0,0.2,M16_eta0.2
NOG,10001,16,1.0,9216,16384,16,0.23401355743408203,100,0.1,16.0,0.3,y_bar,0.724820613861084,0.009604042395949364,0.724829912185669,0.00950726866722107,0.724820613861084,0.009604042395949364,0.009505401365458965,16.0,0.3,M16_eta0.3
NOG,10001,80,5.0,41984,32768,80,0.841322660446167,100,0.1,16.0,0.3,y_bar,0.7248134613037109,0.006725171115249395,0.7248132228851318,0.008700397796928883,0.7248134613037109,0.006725171115249395,0.006939403712749481,16.0,0.3,M16_eta0.3
NOG,10001,144,9.0,74752,49152,144,1.4069795608520508,100,0.1,16.0,0.3,y_bar,0.7247675657272339,0.007399184629321098,0.7247583270072937,0.007005524355918169,0.7247675657272339,0.007399184629321098,0.006833950057625771,16.0,0.3,M16_eta0.3
NOG,10001,208,13.0,107520,65536,208,1.9379327297210693,100,0.1,16.0,0.3,y_bar,0.72467041015625,0.007892214693129063,0.7246644496917725,0.00802376214414835,0.72467041015625,0.007892214693129063,0.006404607556760311,16.0,0.3,M16_eta0.3
NOG,10001,272,17.0,140288,81920,272,2.520806074142456,100,0.1,16.0,0.3,y_bar,0.7245943546295166,0.007002705708146095,0.724592387676239,0.007847211323678493,0.7245943546295166,0.007002705708146095,0.005432826932519674,16.0,0.3,M16_eta0.3
NOG,10001,336,21.0,173056,98304,336,3.0956311225891113,100,0.1,16.0,0.3,y_bar,0.7245020866394043,0.00700013805180788,0.7244997620582581,0.006957570090889931,0.7245020866394043,0.00700013805180788,0.007288094609975815,16.0,0.3,M16_eta0.3
NOG,10001,400,25.0,205824,114688,400,3.6936135292053223,100,0.1,16.0,0.3,y_bar,0.7244142293930054,0.006382935214787722,0.7244009971618652,0.0075499871745705605,0.7244142293930054,0.006382935214787722,0.0070989374071359634,16.0,0.3,M16_eta0.3
NOG,10001,464,29.0,238592,131072,464,4.2990429401397705,100,0.1,16.0,0.3,y_bar,0.7243313193321228,0.0068109226413071156,0.7243275046348572,0.007576094474643469,0.7243313193321228,0.0068109226413071156,0.0069452314637601376,16.0,0.3,M16_eta0.3
NOG,10001,528,33.0,271360,147456,528,4.938271760940552,100,0.1,16.0,0.3,y_bar,0.7242292761802673,0.007232173345983028,0.7242199778556824,0.006735500413924456,0.7242292761802673,0.007232173345983028,0.006152596790343523,16.0,0.3,M16_eta0.3
NOG,10001,592,37.0,304128,163840,592,5.5241453647613525,100,0.1,16.0,0.3,y_bar,0.724147617816925,0.007907263934612274,0.7241435050964355,0.006972853094339371,0.724147617816925,0.007907263934612274,0.0069188885390758514,16.0,0.3,M16_eta0.3
NOG,10001,656,41.0,336896,180224,656,6.086944341659546,100,0.1,16.0,0.3,y_bar,0.724063515663147,0.007213080767542124,0.7240579128265381,0.007013734430074692,0.724063515663147,0.007213080767542124,0.007129451259970665,16.0,0.3,M16_eta0.3
NOG,10001,720,45.0,369664,196608,720,6.681490182876587,100,0.1,16.0,0.3,y_bar,0.7239962220191956,0.006155569106340408,0.723992109298706,0.006780903320759535,0.7239962220191956,0.006155569106340408,0.0065621198154985905,16.0,0.3,M16_eta0.3
NOG,10001,784,49.0,402432,212992,784,7.2578349113464355,100,0.1,16.0,0.3,y_bar,0.7239385843276978,0.007564951200038195,0.7239335179328918,0.006992924027144909,0.7239385843276978,0.007564951200038195,0.006116468459367752,16.0,0.3,M16_eta0.3
NOG,10001,848,53.0,435200,229376,848,7.798947811126709,100,0.1,16.0,0.3,y_bar,0.7238547801971436,0.007258241064846516,0.7238592505455017,0.007014106027781963,0.7238547801971436,0.007258241064846516,0.007157266605645418,16.0,0.3,M16_eta0.3
NOG,10001,912,57.0,467968,245760,912,8.367894411087036,100,0.1,16.0,0.3,y_bar,0.7237721681594849,0.006983586121350527,0.7237629890441895,0.007413959596306086,0.7237721681594849,0.006983586121350527,0.00640213955193758,16.0,0.3,M16_eta0.3
NOG,10001,960,60.0,492544,262144,960,8.793942928314209,100,0.1,16.0,0.3,y_bar,0.7237177491188049,0.007016554940491915,0.723707377910614,0.0076499683782458305,0.7237177491188049,0.007016554940491915,0.006096875760704279,16.0,0.3,M16_eta0.3
NOG,10001,16,1.0,9216,16384,16,0.23005938529968262,100,0.1,16.0,0.5,y_bar,0.7248153686523438,0.009767672047019005,0.7248232960700989,0.009691165760159492,0.7248153686523438,0.009767672047019005,0.009655099362134933,16.0,0.5,M16_eta0.5
NOG,10001,80,5.0,41984,32768,80,0.7948517799377441,100,0.1,16.0,0.5,y_bar,0.7248147130012512,0.006857728585600853,0.7248154282569885,0.00883395690470934,0.7248147130012512,0.006857728585600853,0.007216277066618204,16.0,0.5,M16_eta0.5
NOG,10001,144,9.0,74752,49152,144,1.3651092052459717,100,0.1,16.0,0.5,y_bar,0.7247865796089172,0.007407207041978836,0.7247797250747681,0.006871192250400782,0.7247865796089172,0.007407207041978836,0.006955469958484173,16.0,0.5,M16_eta0.5
NOG,10001,208,13.0,107520,65536,208,1.942335844039917,100,0.1,16.0,0.5,y_bar,0.7247203588485718,0.007835270836949348,0.7247138023376465,0.00800769031047821,0.7247203588485718,0.007835270836949348,0.0064809867180883884,16.0,0.5,M16_eta0.5
NOG,10001,272,17.0,140288,81920,272,2.4828360080718994,100,0.1,16.0,0.5,y_bar,0.7246612906455994,0.006971529684960842,0.7246626019477844,0.007685929536819458,0.7246612906455994,0.006971529684960842,0.005352383013814688,16.0,0.5,M16_eta0.5
NOG,10001,336,21.0,173056,98304,336,3.040637731552124,100,0.1,16.0,0.5,y_bar,0.724590003490448,0.006872179452329874,0.7245889902114868,0.006955689750611782,0.724590003490448,0.006872179452329874,0.007345761638134718,16.0,0.5,M16_eta0.5
NOG,10001,400,25.0,205824,114688,400,3.5950350761413574,100,0.1,16.0,0.5,y_bar,0.7245292067527771,0.006440408527851105,0.724519670009613,0.007602659519761801,0.7245292067527771,0.006440408527851105,0.00725553696975112,16.0,0.5,M16_eta0.5
NOG,10001,464,29.0,238592,131072,464,4.146142244338989,100,0.1,16.0,0.5,y_bar,0.7244724035263062,0.006751448381692171,0.7244715690612793,0.007510571274906397,0.7244724035263062,0.006751448381692171,0.00688934326171875,16.0,0.5,M16_eta0.5
NOG,10001,528,33.0,271360,147456,528,4.721696376800537,100,0.1,16.0,0.5,y_bar,0.7243993878364563,0.007265318650752306,0.7243940234184265,0.0068756090477108955,0.7243993878364563,0.007265318650752306,0.006320666056126356,16.0,0.5,M16_eta0.5
NOG,10001,592,37.0,304128,163840,592,5.300451755523682,100,0.1,16.0,0.5,y_bar,0.7243337631225586,0.007857536897063255,0.7243301272392273,0.006772682070732117,0.7243337631225586,0.007857536897063255,0.007005129475146532,16.0,0.5,M16_eta0.5
NOG,10001,656,41.0,336896,180224,656,5.887948989868164,100,0.1,16.0,0.5,y_bar,0.7242563366889954,0.007047990337014198,0.7242531776428223,0.007072162348777056,0.7242563366889954,0.007047990337014198,0.007184164132922888,16.0,0.5,M16_eta0.5
NOG,10001,720,45.0,369664,196608,720,6.471705436706543,100,0.1,16.0,0.5,y_bar,0.7241965532302856,0.006121455226093531,0.7241931557655334,0.006735519971698523,0.7241965532302856,0.006121455226093531,0.006631096825003624,16.0,0.5,M16_eta0.5
NOG,10001,784,49.0,402432,212992,784,7.017460584640503,100,0.1,16.0,0.5,y_bar,0.7241522073745728,0.007350481580942869,0.724149227142334,0.006912942044436932,0.7241522073745728,0.007350481580942869,0.006110210902988911,16.0,0.5,M16_eta0.5
NOG,10001,848,53.0,435200,229376,848,7.579251050949097,100,0.1,16.0,0.5,y_bar,0.7240810394287109,0.007074430584907532,0.7240833044052124,0.006997186690568924,0.7240810394287109,0.007074430584907532,0.007126261480152607,16.0,0.5,M16_eta0.5
NOG,10001,912,57.0,467968,245760,912,8.148734092712402,100,0.1,16.0,0.5,y_bar,0.7240239381790161,0.00713654700666666,0.7240187525749207,0.007176613435149193,0.7240239381790161,0.00713654700666666,0.006525004748255014,16.0,0.5,M16_eta0.5
NOG,10001,960,60.0,492544,262144,960,8.581236362457275,100,0.1,16.0,0.5,y_bar,0.7239864468574524,0.006959438323974609,0.7239789366722107,0.007505063898861408,0.7239864468574524,0.006959438323974609,0.006309913471341133,16.0,0.5,M16_eta0.5
SmoothedSGD,20001,1,,512,8192,1,0.0612180233001709,100,0.1,,0.05,x,0.7247974276542664,0.010059170424938202,0.7247974276542664,0.010059170424938202,,,,,0.05,SmoothedSGD
SmoothedSGD,20001,64,,32768,16384,64,0.5722923278808594,100,0.1,,0.05,x,0.7248014807701111,0.009586954489350319,0.7248014807701111,0.009586954489350319,,,,,0.05,SmoothedSGD
SmoothedSGD,20001,128,,65536,24576,128,1.0869317054748535,100,0.1,,0.05,x,0.7247956991195679,0.00855634082108736,0.7247956991195679,0.00855634082108736,,,,,0.05,SmoothedSGD
SmoothedSGD,20001,192,,98304,32768,192,1.6057608127593994,100,0.1,,0.05,x,0.7247929573059082,0.007720666937530041,0.7247929573059082,0.007720666937530041,,,,,0.05,SmoothedSGD
SmoothedSGD,20001,256,,131072,40960,256,2.0784053802490234,100,0.1,,0.05,x,0.7247902750968933,0.006494465284049511,0.7247902750968933,0.006494465284049511,,,,,0.05,SmoothedSGD
SmoothedSGD,20001,320,,163840,49152,320,2.577875852584839,100,0.1,,0.05,x,0.724772036075592,0.006951925810426474,0.724772036075592,0.006951925810426474,,,,,0.05,SmoothedSGD
SmoothedSGD,20001,384,,196608,57344,384,3.0826008319854736,100,0.1,,0.05,x,0.7247588634490967,0.006814970169216394,0.7247588634490967,0.006814970169216394,,,,,0.05,SmoothedSGD
SmoothedSGD,20001,448,,229376,65536,448,3.66310453414917,100,0.1,,0.05,x,0.7247486114501953,0.007296431809663773,0.7247486114501953,0.007296431809663773,,,,,0.05,SmoothedSGD
SmoothedSGD,20001,512,,262144,73728,512,4.224424600601196,100,0.1,,0.05,x,0.7247264981269836,0.0068803587928414345,0.7247264981269836,0.0068803587928414345,,,,,0.05,SmoothedSGD
SmoothedSGD,20001,576,,294912,81920,576,4.810934782028198,100,0.1,,0.05,x,0.7247045636177063,0.007424568757414818,0.7247045636177063,0.007424568757414818,,,,,0.05,SmoothedSGD
SmoothedSGD,20001,640,,327680,90112,640,5.354887962341309,100,0.1,,0.05,x,0.7246723771095276,0.007577796466648579,0.7246723771095276,0.007577796466648579,,,,,0.05,SmoothedSGD
SmoothedSGD,20001,704,,360448,98304,704,5.903836727142334,100,0.1,,0.05,x,0.7246500253677368,0.006645518820732832,0.7246500253677368,0.006645518820732832,,,,,0.05,SmoothedSGD
SmoothedSGD,20001,768,,393216,106496,768,6.490367412567139,100,0.1,,0.05,x,0.7246228456497192,0.00647808238863945,0.7246228456497192,0.00647808238863945,,,,,0.05,SmoothedSGD
SmoothedSGD,20001,832,,425984,114688,832,7.01834511756897,100,0.1,,0.05,x,0.7246057391166687,0.0068775685504078865,0.7246057391166687,0.0068775685504078865,,,,,0.05,SmoothedSGD
SmoothedSGD,20001,896,,458752,122880,896,7.58588981628418,100,0.1,,0.05,x,0.7245810627937317,0.006047317758202553,0.7245810627937317,0.006047317758202553,,,,,0.05,SmoothedSGD
SmoothedSGD,20001,960,,491520,131072,960,8.081436395645142,100,0.1,,0.05,x,0.7245696783065796,0.006972718983888626,0.7245696783065796,0.006972718983888626,,,,,0.05,SmoothedSGD
NOG,10002,4,1.0,3072,16384,4,0.15996217727661133,100,0.1,4.0,0.1,y_bar,0.7225736379623413,0.011145927011966705,0.7226141691207886,0.010877841152250767,0.7225736379623413,0.011145927011966705,0.01612997241318226,4.0,0.1,M4_eta0.1
NOG,10002,68,17.0,35840,32768,68,0.7260050773620605,100,0.1,4.0,0.1,y_bar,0.7207632660865784,0.010136392898857594,0.7206695675849915,0.009024190716445446,0.7207632660865784,0.010136392898857594,0.013010225258767605,4.0,0.1,M4_eta0.1
NOG,10002,132,33.0,68608,49152,132,1.276989221572876,100,0.1,4.0,0.1,y_bar,0.7190188765525818,0.010938356630504131,0.7189400792121887,0.008799943141639233,0.7190188765525818,0.010938356630504131,0.014247474260628223,4.0,0.1,M4_eta0.1
NOG,10002,196,49.0,101376,65536,196,1.854677677154541,100,0.1,4.0,0.1,y_bar,0.7174113988876343,0.009154077619314194,0.7173976898193359,0.008571524173021317,0.7174113988876343,0.009154077619314194,0.015496816486120224,4.0,0.1,M4_eta0.1
NOG,10002,260,65.0,134144,81920,260,2.520249605178833,100,0.1,4.0,0.1,y_bar,0.7168515920639038,0.009529017843306065,0.7167240381240845,0.009481547400355339,0.7168515920639038,0.009529017843306065,0.014198917895555496,4.0,0.1,M4_eta0.1
NOG,10002,324,81.0,166912,98304,324,3.2048704624176025,100,0.1,4.0,0.1,y_bar,0.7155309915542603,0.010556265711784363,0.7154625654220581,0.011067220941185951,0.7155309915542603,0.010556265711784363,0.013899309560656548,4.0,0.1,M4_eta0.1
NOG,10002,388,97.0,199680,114688,388,3.8108315467834473,100,0.1,4.0,0.1,y_bar,0.7136967778205872,0.010239395312964916,0.7136620879173279,0.010369555093348026,0.7136967778205872,0.010239395312964916,0.01624499447643757,4.0,0.1,M4_eta0.1
NOG,10002,452,113.0,232448,131072,452,4.466395378112793,100,0.1,4.0,0.1,y_bar,0.7119997143745422,0.009781722910702229,0.7119434475898743,0.00982995331287384,0.7119997143745422,0.009781722910702229,0.015188854187726974,4.0,0.1,M4_eta0.1
NOG,10002,516,129.0,265216,147456,516,5.090415716171265,100,0.1,4.0,0.1,y_bar,0.7110637426376343,0.008722481317818165,0.7110391855239868,0.008545809425413609,0.7110637426376343,0.008722481317818165,0.015617341734468937,4.0,0.1,M4_eta0.1
NOG,10002,580,145.0,297984,163840,580,5.68751859664917,100,0.1,4.0,0.1,y_bar,0.7108754515647888,0.010202468372881413,0.710899293422699,0.00924224965274334,0.7108754515647888,0.010202468372881413,0.01456320658326149,4.0,0.1,M4_eta0.1
NOG,10002,644,161.0,330752,180224,644,6.33051609992981,100,0.1,4.0,0.1,y_bar,0.709954023361206,0.010462951846420765,0.70988529920578,0.010062945075333118,0.709954023361206,0.010462951846420765,0.014158432371914387,4.0,0.1,M4_eta0.1
NOG,10002,708,177.0,363520,196608,708,6.897391319274902,100,0.1,4.0,0.1,y_bar,0.709396243095398,0.010502354241907597,0.7094194889068604,0.010932876728475094,0.709396243095398,0.010502354241907597,0.0157106164842844,4.0,0.1,M4_eta0.1
NOG,10002,772,193.0,396288,212992,772,7.424441337585449,100,0.1,4.0,0.1,y_bar,0.7090816497802734,0.009495280683040619,0.7090666890144348,0.009468711912631989,0.7090816497802734,0.009495280683040619,0.015993352979421616,4.0,0.1,M4_eta0.1
NOG,10002,836,209.0,429056,229376,836,8.01257848739624,100,0.1,4.0,0.1,y_bar,0.7080235481262207,0.009757792577147484,0.7079741358757019,0.010204538702964783,0.7080235481262207,0.009757792577147484,0.015759026631712914,4.0,0.1,M4_eta0.1
NOG,10002,900,225.0,461824,245760,900,8.584353923797607,100,0.1,4.0,0.1,y_bar,0.7073850631713867,0.010043426416814327,0.7073807120323181,0.01166924461722374,0.7073850631713867,0.010043426416814327,0.01811976730823517,4.0,0.1,M4_eta0.1
NOG,10002,960,240.0,492544,262144,960,9.13347601890564,100,0.1,4.0,0.1,y_bar,0.7065327167510986,0.010319989174604416,0.7065539956092834,0.009431581944227219,0.7065327167510986,0.010319989174604416,0.015190845355391502,4.0,0.1,M4_eta0.1
NOG,10002,4,1.0,3072,16384,4,0.13419723510742188,100,0.1,4.0,0.2,y_bar,0.722627580165863,0.011010273359715939,0.7227087020874023,0.010665632784366608,0.722627580165863,0.011010273359715939,0.015805717557668686,4.0,0.2,M4_eta0.2
NOG,10002,68,17.0,35840,32768,68,0.7092001438140869,100,0.1,4.0,0.2,y_bar,0.7204383611679077,0.00932370312511921,0.7203326225280762,0.008577834814786911,0.7204383611679077,0.00932370312511921,0.01270125899463892,4.0,0.2,M4_eta0.2
NOG,10002,132,33.0,68608,49152,132,1.3683116436004639,100,0.1,4.0,0.2,y_bar,0.7188051342964172,0.008819511160254478,0.718766987323761,0.008711003698408604,0.7188051342964172,0.008819511160254478,0.013241718523204327,4.0,0.2,M4_eta0.2
NOG,10002,196,49.0,101376,65536,196,2.003951072692871,100,0.1,4.0,0.2,y_bar,0.7172518968582153,0.008198468014597893,0.7172830104827881,0.008794515393674374,0.7172518968582153,0.008198468014597893,0.014445316046476364,4.0,0.2,M4_eta0.2
NOG,10002,260,65.0,134144,81920,260,2.671119451522827,100,0.1,4.0,0.2,y_bar,0.716477632522583,0.00990509707480669,0.7163633108139038,0.008990957401692867,0.716477632522583,0.00990509707480669,0.015061848796904087,4.0,0.2,M4_eta0.2
NOG,10002,324,81.0,166912,98304,324,3.311591386795044,100,0.1,4.0,0.2,y_bar,0.7156149744987488,0.01008847076445818,0.7155380845069885,0.009899607859551907,0.7156149744987488,0.01008847076445818,0.013507651165127754,4.0,0.2,M4_eta0.2
NOG,10002,388,97.0,199680,114688,388,3.88118052482605,100,0.1,4.0,0.2,y_bar,0.7150235772132874,0.008744040504097939,0.7150382995605469,0.010015150532126427,0.7150235772132874,0.008744040504097939,0.015775281935930252,4.0,0.2,M4_eta0.2
NOG,10002,452,113.0,232448,131072,452,4.550094127655029,100,0.1,4.0,0.2,y_bar,0.7134830951690674,0.010016495361924171,0.7134182453155518,0.008725015446543694,0.7134830951690674,0.010016495361924171,0.014349441044032574,4.0,0.2,M4_eta0.2
NOG,10002,516,129.0,265216,147456,516,5.259074926376343,100,0.1,4.0,0.2,y_bar,0.7111834287643433,0.009567514061927795,0.7111150622367859,0.009183081798255444,0.7111834287643433,0.009567514061927795,0.015125378966331482,4.0,0.2,M4_eta0.2
NOG,10002,580,145.0,297984,163840,580,5.9596216678619385,100,0.1,4.0,0.2,y_bar,0.7097703218460083,0.008166891522705555,0.7097622752189636,0.008640022948384285,0.7097703218460083,0.008166891522705555,0.0145521005615592,4.0,0.2,M4_eta0.2
NOG,10002,644,161.0,330752,180224,644,6.6278533935546875,100,0.1,4.0,0.2,y_bar,0.7087866067886353,0.010463454760611057,0.7087765336036682,0.009633651934564114,0.7087866067886353,0.010463454760611057,0.015571985393762589,4.0,0.2,M4_eta0.2
NOG,10002,708,177.0,363520,196608,708,7.187560796737671,100,0.1,4.0,0.2,y_bar,0.708236575126648,0.009134694933891296,0.7082315683364868,0.008959952741861343,0.708236575126648,0.009134694933891296,0.015580541454255581,4.0,0.2,M4_eta0.2
NOG,10002,772,193.0,396288,212992,772,7.796755313873291,100,0.1,4.0,0.2,y_bar,0.7073553204536438,0.00931123923510313,0.7073203325271606,0.008765727281570435,0.7073553204536438,0.00931123923510313,0.015901368111371994,4.0,0.2,M4_eta0.2
NOG,10002,836,209.0,429056,229376,836,8.470418691635132,100,0.1,4.0,0.2,y_bar,0.7061867117881775,0.009426926262676716,0.7061641812324524,0.008974222466349602,0.7061867117881775,0.009426926262676716,0.013979420997202396,4.0,0.2,M4_eta0.2
NOG,10002,900,225.0,461824,245760,900,9.055940866470337,100,0.1,4.0,0.2,y_bar,0.7058842182159424,0.009802748449146748,0.7058500051498413,0.009981291368603706,0.7058842182159424,0.009802748449146748,0.015183155424892902,4.0,0.2,M4_eta0.2
NOG,10002,960,240.0,492544,262144,960,9.590264320373535,100,0.1,4.0,0.2,y_bar,0.7053996324539185,0.009652214124798775,0.705419659614563,0.009114659391343594,0.7053996324539185,0.009652214124798775,0.014107580296695232,4.0,0.2,M4_eta0.2
NOG,10002,4,1.0,3072,16384,4,0.16893863677978516,100,0.1,4.0,0.3,y_bar,0.722679615020752,0.010958866216242313,0.7227954864501953,0.010734044015407562,0.722679615020752,0.010958866216242313,0.015602274797856808,4.0,0.3,M4_eta0.3
NOG,10002,68,17.0,35840,32768,68,0.8019900321960449,100,0.1,4.0,0.3,y_bar,0.7207306027412415,0.009425599128007889,0.7206836342811584,0.008593009784817696,0.7207306027412415,0.009425599128007889,0.011645914055407047,4.0,0.3,M4_eta0.3
NOG,10002,132,33.0,68608,49152,132,1.459630012512207,100,0.1,4.0,0.3,y_bar,0.7189974188804626,0.008727062493562698,0.7189480066299438,0.0077814883552491665,0.7189974188804626,0.008727062493562698,0.01315061841160059,4.0,0.3,M4_eta0.3
NOG,10002,196,49.0,101376,65536,196,2.126810312271118,100,0.1,4.0,0.3,y_bar,0.7178487777709961,0.008338235318660736,0.7178491950035095,0.008672243915498257,0.7178487777709961,0.008338235318660736,0.0152273615822196,4.0,0.3,M4_eta0.3
NOG,10002,260,65.0,134144,81920,260,2.726980686187744,100,0.1,4.0,0.3,y_bar,0.7169073820114136,0.010022222064435482,0.7168464660644531,0.007691897451877594,0.7169073820114136,0.010022222064435482,0.013879003934562206,4.0,0.3,M4_eta0.3
NOG,10002,324,81.0,166912,98304,324,3.3439953327178955,100,0.1,4.0,0.3,y_bar,0.7161579132080078,0.009388173930346966,0.7161198258399963,0.009870382025837898,0.7161579132080078,0.009388173930346966,0.012683835811913013,4.0,0.3,M4_eta0.3
NOG,10002,388,97.0,199680,114688,388,3.951491355895996,100,0.1,4.0,0.3,y_bar,0.7154566049575806,0.008725009858608246,0.7154151797294617,0.008471284061670303,0.7154566049575806,0.008725009858608246,0.014993040822446346,4.0,0.3,M4_eta0.3
NOG,10002,452,113.0,232448,131072,452,4.5923662185668945,100,0.1,4.0,0.3,y_bar,0.7146497368812561,0.009477412328124046,0.7145973443984985,0.00872159842401743,0.7146497368812561,0.009477412328124046,0.015244168229401112,4.0,0.3,M4_eta0.3
NOG,10002,516,129.0,265216,147456,516,5.197411775588989,100,0.1,4.0,0.3,y_bar,0.7138938903808594,0.009738856926560402,0.7139233350753784,0.008526666089892387,0.7138938903808594,0.009738856926560402,0.014380871318280697,4.0,0.3,M4_eta0.3
NOG,10002,580,145.0,297984,163840,580,5.823488235473633,100,0.1,4.0,0.3,y_bar,0.7128607034683228,0.008529482409358025,0.7128097414970398,0.0074540250934660435,0.7128607034683228,0.008529482409358025,0.01370916236191988,4.0,0.3,M4_eta0.3
NOG,10002,644,161.0,330752,180224,644,6.503686189651489,100,0.1,4.0,0.3,y_bar,0.7117332816123962,0.008656539022922516,0.711707353591919,0.007890685461461544,0.7117332816123962,0.008656539022922516,0.013992487452924252,4.0,0.3,M4_eta0.3
NOG,10002,708,177.0,363520,196608,708,7.156172752380371,100,0.1,4.0,0.3,y_bar,0.7110109925270081,0.010120104998350143,0.7109833359718323,0.009512338787317276,0.7110109925270081,0.010120104998350143,0.01564781926572323,4.0,0.3,M4_eta0.3
NOG,10002,772,193.0,396288,212992,772,7.787721633911133,100,0.1,4.0,0.3,y_bar,0.7105200290679932,0.010357034392654896,0.7105280756950378,0.009380588307976723,0.7105200290679932,0.010357034392654896,0.016834868118166924,4.0,0.3,M4_eta0.3
NOG,10002,836,209.0,429056,229376,836,8.471667528152466,100,0.1,4.0,0.3,y_bar,0.7099494338035583,0.008372821845114231,0.7099422216415405,0.007917101494967937,0.7099494338035583,0.008372821845114231,0.014048784971237183,4.0,0.3,M4_eta0.3
NOG,10002,900,225.0,461824,245760,900,9.110424518585205,100,0.1,4.0,0.3,y_bar,0.710024356842041,0.009022333659231663,0.7100087404251099,0.008135464042425156,0.710024356842041,0.009022333659231663,0.014569451101124287,4.0,0.3,M4_eta0.3
NOG,10002,960,240.0,492544,262144,960,9.690077066421509,100,0.1,4.0,0.3,y_bar,0.709553599357605,0.009098201058804989,0.709603488445282,0.008942036889493465,0.709553599357605,0.009098201058804989,0.014076808467507362,4.0,0.3,M4_eta0.3
NOG,10002,4,1.0,3072,16384,4,0.1299591064453125,100,0.1,4.0,0.5,y_bar,0.722686231136322,0.010879117995500565,0.7227758765220642,0.010509081184864044,0.722686231136322,0.010879117995500565,0.015490098856389523,4.0,0.5,M4_eta0.5
NOG,10002,68,17.0,35840,32768,68,0.7010436058044434,100,0.1,4.0,0.5,y_bar,0.721359372138977,0.008961079642176628,0.7213370203971863,0.008019818924367428,0.721359372138977,0.008961079642176628,0.011768912896513939,4.0,0.5,M4_eta0.5
NOG,10002,132,33.0,68608,49152,132,1.351240634918213,100,0.1,4.0,0.5,y_bar,0.7200822830200195,0.00871910247951746,0.7200103998184204,0.008447578176856041,0.7200822830200195,0.00871910247951746,0.012773864902555943,4.0,0.5,M4_eta0.5
NOG,10002,196,49.0,101376,65536,196,1.9341416358947754,100,0.1,4.0,0.5,y_bar,0.7189262509346008,0.007065230049192905,0.7189000844955444,0.00761660560965538,0.7189262509346008,0.007065230049192905,0.015912281349301338,4.0,0.5,M4_eta0.5
NOG,10002,260,65.0,134144,81920,260,2.588264226913452,100,0.1,4.0,0.5,y_bar,0.7181472778320312,0.009582462720572948,0.718110978603363,0.007071776315569878,0.7181472778320312,0.009582462720572948,0.014547660946846008,4.0,0.5,M4_eta0.5
NOG,10002,324,81.0,166912,98304,324,3.2028372287750244,100,0.1,4.0,0.5,y_bar,0.7177117466926575,0.008648579940199852,0.7176855206489563,0.007786784321069717,0.7177117466926575,0.008648579940199852,0.012045291252434254,4.0,0.5,M4_eta0.5
NOG,10002,388,97.0,199680,114688,388,3.807637929916382,100,0.1,4.0,0.5,y_bar,0.7174582481384277,0.008508466184139252,0.7174634337425232,0.008869783952832222,0.7174582481384277,0.008508466184139252,0.014471211470663548,4.0,0.5,M4_eta0.5
NOG,10002,452,113.0,232448,131072,452,4.491074323654175,100,0.1,4.0,0.5,y_bar,0.7168754935264587,0.008408692665398121,0.7168941497802734,0.007449959870427847,0.7168754935264587,0.008408692665398121,0.014106887392699718,4.0,0.5,M4_eta0.5
NOG,10002,516,129.0,265216,147456,516,5.059977293014526,100,0.1,4.0,0.5,y_bar,0.716308057308197,0.008045924827456474,0.7162811756134033,0.008423643186688423,0.716308057308197,0.008045924827456474,0.014680334366858006,4.0,0.5,M4_eta0.5
NOG,10002,580,145.0,297984,163840,580,5.65940523147583,100,0.1,4.0,0.5,y_bar,0.7157194018363953,0.008700919337570667,0.7156590819358826,0.007316065486520529,0.7157194018363953,0.008700919337570667,0.013852523639798164,4.0,0.5,M4_eta0.5
NOG,10002,644,161.0,330752,180224,644,6.193287134170532,100,0.1,4.0,0.5,y_bar,0.715103268623352,0.008840944617986679,0.7151018977165222,0.009057135321199894,0.715103268623352,0.008840944617986679,0.013186462223529816,4.0,0.5,M4_eta0.5
NOG,10002,708,177.0,363520,196608,708,6.9018189907073975,100,0.1,4.0,0.5,y_bar,0.7146773934364319,0.008551307953894138,0.7146602869033813,0.009411895647644997,0.7146773934364319,0.008551307953894138,0.015107279643416405,4.0,0.5,M4_eta0.5
NOG,10002,772,193.0,396288,212992,772,7.48536491394043,100,0.1,4.0,0.5,y_bar,0.7142534852027893,0.00924034882336855,0.714291512966156,0.008165141567587852,0.7142534852027893,0.00924034882336855,0.013236919417977333,4.0,0.5,M4_eta0.5
NOG,10002,836,209.0,429056,229376,836,8.041811466217041,100,0.1,4.0,0.5,y_bar,0.713885486125946,0.007596549112349749,0.7138714790344238,0.007354889065027237,0.713885486125946,0.007596549112349749,0.013951961882412434,4.0,0.5,M4_eta0.5
NOG,10002,900,225.0,461824,245760,900,8.630106687545776,100,0.1,4.0,0.5,y_bar,0.7133924961090088,0.008282843045890331,0.7133782505989075,0.008303791284561157,0.7133924961090088,0.008282843045890331,0.013261927291750908,4.0,0.5,M4_eta0.5
NOG,10002,960,240.0,492544,262144,960,9.199893951416016,100,0.1,4.0,0.5,y_bar,0.7129225730895996,0.008733331225812435,0.7129310965538025,0.008468803018331528,0.7129225730895996,0.008733331225812435,0.0139306066557765,4.0,0.5,M4_eta0.5
NOG,10002,8,1.0,5120,16384,8,0.18953156471252441,100,0.1,8.0,0.1,y_bar,0.7225898504257202,0.011439215391874313,0.7226213216781616,0.011002423241734505,0.7225898504257202,0.011439215391874313,0.013524328358471394,8.0,0.1,M8_eta0.1
NOG,10002,72,9.0,37888,32768,72,0.7619874477386475,100,0.1,8.0,0.1,y_bar,0.7214125990867615,0.008501524105668068,0.7212674021720886,0.007979660294950008,0.7214125990867615,0.008501524105668068,0.010057169012725353,8.0,0.1,M8_eta0.1
NOG,10002,136,17.0,70656,49152,136,1.341587781906128,100,0.1,8.0,0.1,y_bar,0.7199138402938843,0.008182141929864883,0.7198426127433777,0.008583435788750648,0.7199138402938843,0.008182141929864883,0.010406723245978355,8.0,0.1,M8_eta0.1
NOG,10002,200,25.0,103424,65536,200,1.9070508480072021,100,0.1,8.0,0.1,y_bar,0.7185985445976257,0.006789707113057375,0.7185497283935547,0.009001499973237514,0.7185985445976257,0.006789707113057375,0.010534568689763546,8.0,0.1,M8_eta0.1
NOG,10002,264,33.0,136192,81920,264,2.471370220184326,100,0.1,8.0,0.1,y_bar,0.7177824378013611,0.00841950811445713,0.7177159786224365,0.00911709014326334,0.7177824378013611,0.00841950811445713,0.009826336987316608,8.0,0.1,M8_eta0.1
NOG,10002,328,41.0,168960,98304,328,3.086855888366699,100,0.1,8.0,0.1,y_bar,0.7173771262168884,0.009019074030220509,0.717319130897522,0.009128335863351822,0.7173771262168884,0.009019074030220509,0.011414061300456524,8.0,0.1,M8_eta0.1
NOG,10002,392,49.0,201728,114688,392,3.6883139610290527,100,0.1,8.0,0.1,y_bar,0.716667652130127,0.007848923094570637,0.7166305184364319,0.00801584217697382,0.716667652130127,0.007848923094570637,0.01052309013903141,8.0,0.1,M8_eta0.1
NOG,10002,456,57.0,234496,131072,456,4.267701864242554,100,0.1,8.0,0.1,y_bar,0.7159591913223267,0.008829833939671516,0.7158976197242737,0.009488857351243496,0.7159591913223267,0.008829833939671516,0.011483240872621536,8.0,0.1,M8_eta0.1
NOG,10002,520,65.0,267264,147456,520,4.844141721725464,100,0.1,8.0,0.1,y_bar,0.715080201625824,0.007896685041487217,0.7150562405586243,0.009052682667970657,0.715080201625824,0.007896685041487217,0.01172266248613596,8.0,0.1,M8_eta0.1
NOG,10002,584,73.0,300032,163840,584,5.415639638900757,100,0.1,8.0,0.1,y_bar,0.7148377299308777,0.00839968491345644,0.7148135304450989,0.008446978405117989,0.7148377299308777,0.00839968491345644,0.01073742751032114,8.0,0.1,M8_eta0.1
NOG,10002,648,81.0,332800,180224,648,5.982551336288452,100,0.1,8.0,0.1,y_bar,0.7143166065216064,0.009427069686353207,0.7142144441604614,0.008315742947161198,0.7143166065216064,0.009427069686353207,0.010776952840387821,8.0,0.1,M8_eta0.1
NOG,10002,712,89.0,365568,196608,712,6.598072052001953,100,0.1,8.0,0.1,y_bar,0.7132952213287354,0.008605318143963814,0.713230311870575,0.008691570721566677,0.7132952213287354,0.008605318143963814,0.011520879343152046,8.0,0.1,M8_eta0.1
NOG,10002,776,97.0,398336,212992,776,7.155453681945801,100,0.1,8.0,0.1,y_bar,0.7127271890640259,0.008402597159147263,0.7127007842063904,0.007758025545626879,0.7127271890640259,0.008402597159147263,0.011495064944028854,8.0,0.1,M8_eta0.1
NOG,10002,840,105.0,431104,229376,840,7.7669806480407715,100,0.1,8.0,0.1,y_bar,0.7118473052978516,0.008321576751768589,0.7118282318115234,0.008073365315794945,0.7118473052978516,0.008321576751768589,0.010445578955113888,8.0,0.1,M8_eta0.1
NOG,10002,904,113.0,463872,245760,904,8.33869218826294,100,0.1,8.0,0.1,y_bar,0.7112126350402832,0.00868971273303032,0.7111918926239014,0.008370574563741684,0.7112126350402832,0.00868971273303032,0.01064581610262394,8.0,0.1,M8_eta0.1
NOG,10002,960,120.0,492544,262144,960,8.877631425857544,100,0.1,8.0,0.1,y_bar,0.710644543170929,0.00941281858831644,0.710639238357544,0.00816156342625618,0.710644543170929,0.00941281858831644,0.010085697285830975,8.0,0.1,M8_eta0.1
NOG,10002,8,1.0,5120,16384,8,0.15133047103881836,100,0.1,8.0,0.2,y_bar,0.7226274013519287,0.011181619018316269,0.7226474285125732,0.011049562133848667,0.7226274013519287,0.011181619018316269,0.01312811765819788,8.0,0.2,M8_eta0.2
NOG,10002,72,9.0,37888,32768,72,0.7570123672485352,100,0.1,8.0,0.2,y_bar,0.7217204570770264,0.008059870451688766,0.7216603755950928,0.007940724492073059,0.7217204570770264,0.008059870451688766,0.009362353943288326,8.0,0.2,M8_eta0.2
NOG,10002,136,17.0,70656,49152,136,1.3382213115692139,100,0.1,8.0,0.2,y_bar,0.7207576036453247,0.007574909366667271,0.7207244634628296,0.008191500790417194,0.7207576036453247,0.007574909366667271,0.010555840097367764,8.0,0.2,M8_eta0.2
NOG,10002,200,25.0,103424,65536,200,1.9018652439117432,100,0.1,8.0,0.2,y_bar,0.7198131680488586,0.006731878966093063,0.7197479009628296,0.008132281713187695,0.7198131680488586,0.006731878966093063,0.01003989577293396,8.0,0.2,M8_eta0.2
NOG,10002,264,33.0,136192,81920,264,2.4765546321868896,100,0.1,8.0,0.2,y_bar,0.7191128730773926,0.007681828923523426,0.7190898060798645,0.008537229150533676,0.7191128730773926,0.007681828923523426,0.010141193866729736,8.0,0.2,M8_eta0.2
NOG,10002,328,41.0,168960,98304,328,3.0381453037261963,100,0.1,8.0,0.2,y_bar,0.7185666561126709,0.007822182960808277,0.7185357213020325,0.007764523848891258,0.7185666561126709,0.007822182960808277,0.009753376245498657,8.0,0.2,M8_eta0.2
NOG,10002,392,49.0,201728,114688,392,3.596933603286743,100,0.1,8.0,0.2,y_bar,0.718207836151123,0.007444754708558321,0.7181786894798279,0.007546162698417902,0.718207836151123,0.007444754708558321,0.010832308791577816,8.0,0.2,M8_eta0.2
NOG,10002,456,57.0,234496,131072,456,4.260466575622559,100,0.1,8.0,0.2,y_bar,0.717788577079773,0.007150488439947367,0.717797040939331,0.008020751178264618,0.717788577079773,0.007150488439947367,0.00999295525252819,8.0,0.2,M8_eta0.2
NOG,10002,520,65.0,267264,147456,520,4.89568829536438,100,0.1,8.0,0.2,y_bar,0.7174537181854248,0.007321076467633247,0.7174429297447205,0.008619937114417553,0.7174537181854248,0.007321076467633247,0.010890928097069263,8.0,0.2,M8_eta0.2
NOG,10002,584,73.0,300032,163840,584,5.507034778594971,100,0.1,8.0,0.2,y_bar,0.7174468040466309,0.00741479080170393,0.7173980474472046,0.00749447476118803,0.7174468040466309,0.00741479080170393,0.010209678672254086,8.0,0.2,M8_eta0.2
NOG,10002,648,81.0,332800,180224,648,6.120568752288818,100,0.1,8.0,0.2,y_bar,0.7169044613838196,0.008351885713636875,0.7169167995452881,0.007178293541073799,0.7169044613838196,0.008351885713636875,0.009375560097396374,8.0,0.2,M8_eta0.2
NOG,10002,712,89.0,365568,196608,712,6.7308924198150635,100,0.1,8.0,0.2,y_bar,0.7165884375572205,0.0075648874044418335,0.7165734171867371,0.008218204602599144,0.7165884375572205,0.0075648874044418335,0.010225523263216019,8.0,0.2,M8_eta0.2
NOG,10002,776,97.0,398336,212992,776,7.28912353515625,100,0.1,8.0,0.2,y_bar,0.7162047624588013,0.0072879125364124775,0.7161885499954224,0.008459106087684631,0.7162047624588013,0.0072879125364124775,0.011048574931919575,8.0,0.2,M8_eta0.2
NOG,10002,840,105.0,431104,229376,840,7.9076714515686035,100,0.1,8.0,0.2,y_bar,0.7157818675041199,0.009130120277404785,0.7157960534095764,0.00780198210850358,0.7157818675041199,0.009130120277404785,0.009499830193817616,8.0,0.2,M8_eta0.2
NOG,10002,904,113.0,463872,245760,904,8.447567462921143,100,0.1,8.0,0.2,y_bar,0.7154694199562073,0.007834335789084435,0.7153981328010559,0.007555300835520029,0.7154694199562073,0.007834335789084435,0.010637798346579075,8.0,0.2,M8_eta0.2
NOG,10002,960,120.0,492544,262144,960,8.949981212615967,100,0.1,8.0,0.2,y_bar,0.71522456407547,0.009121667593717575,0.7152325510978699,0.007812841795384884,0.71522456407547,0.009121667593717575,0.010175642557442188,8.0,0.2,M8_eta0.2
NOG,10002,8,1.0,5120,16384,8,0.18095827102661133,100,0.1,8.0,0.3,y_bar,0.7225825786590576,0.011244116351008415,0.7225779891014099,0.01077280007302761,0.7225825786590576,0.011244116351008415,0.013118017464876175,8.0,0.3,M8_eta0.3
NOG,10002,72,9.0,37888,32768,72,0.7594864368438721,100,0.1,8.0,0.3,y_bar,0.7220118045806885,0.008023329079151154,0.7219634056091309,0.0077563994564116,0.7220118045806885,0.008023329079151154,0.009115477092564106,8.0,0.3,M8_eta0.3
NOG,10002,136,17.0,70656,49152,136,1.3468904495239258,100,0.1,8.0,0.3,y_bar,0.7213827967643738,0.00740167498588562,0.7213932275772095,0.008177848532795906,0.7213827967643738,0.00740167498588562,0.009800952859222889,8.0,0.3,M8_eta0.3
NOG,10002,200,25.0,103424,65536,200,1.944504976272583,100,0.1,8.0,0.3,y_bar,0.7208001613616943,0.006903927307575941,0.7207622528076172,0.008121066726744175,0.7208001613616943,0.006903927307575941,0.009549079462885857,8.0,0.3,M8_eta0.3
NOG,10002,264,33.0,136192,81920,264,2.5324740409851074,100,0.1,8.0,0.3,y_bar,0.7202878594398499,0.0081188278272748,0.7202610969543457,0.008182419463992119,0.7202878594398499,0.0081188278272748,0.010063308291137218,8.0,0.3,M8_eta0.3
NOG,10002,328,41.0,168960,98304,328,3.138453722000122,100,0.1,8.0,0.3,y_bar,0.7198051810264587,0.0077235097996890545,0.719785749912262,0.008125797845423222,0.7198051810264587,0.0077235097996890545,0.0095982626080513,8.0,0.3,M8_eta0.3
NOG,10002,392,49.0,201728,114688,392,3.766695499420166,100,0.1,8.0,0.3,y_bar,0.7194381356239319,0.007882091216742992,0.7194297313690186,0.007480916567146778,0.7194381356239319,0.007882091216742992,0.010342206805944443,8.0,0.3,M8_eta0.3
NOG,10002,456,57.0,234496,131072,456,4.388263463973999,100,0.1,8.0,0.3,y_bar,0.7190672159194946,0.007391592487692833,0.7190843820571899,0.007350818254053593,0.7190672159194946,0.007391592487692833,0.00939075369387865,8.0,0.3,M8_eta0.3
NOG,10002,520,65.0,267264,147456,520,5.020098447799683,100,0.1,8.0,0.3,y_bar,0.7187749147415161,0.0073322756215929985,0.7187563180923462,0.008335406892001629,0.7187749147415161,0.0073322756215929985,0.010379691608250141,8.0,0.3,M8_eta0.3
NOG,10002,584,73.0,300032,163840,584,5.674794435501099,100,0.1,8.0,0.3,y_bar,0.718654990196228,0.007146467920392752,0.7186252474784851,0.007565190549939871,0.718654990196228,0.007146467920392752,0.009398338384926319,8.0,0.3,M8_eta0.3
NOG,10002,648,81.0,332800,180224,648,6.304427146911621,100,0.1,8.0,0.3,y_bar,0.7182499170303345,0.007583300583064556,0.7182402014732361,0.006521372124552727,0.7182499170303345,0.007583300583064556,0.0089907580986619,8.0,0.3,M8_eta0.3
NOG,10002,712,89.0,365568,196608,712,6.880271911621094,100,0.1,8.0,0.3,y_bar,0.7179870009422302,0.007440453395247459,0.7179802656173706,0.007534846663475037,0.7179870009422302,0.007440453395247459,0.009428371675312519,8.0,0.3,M8_eta0.3
NOG,10002,776,97.0,398336,212992,776,7.615942716598511,100,0.1,8.0,0.3,y_bar,0.7178481817245483,0.008002190850675106,0.7178340554237366,0.008345602080225945,0.7178481817245483,0.008002190850675106,0.01020197756588459,8.0,0.3,M8_eta0.3
NOG,10002,840,105.0,431104,229376,840,8.328521966934204,100,0.1,8.0,0.3,y_bar,0.7176007032394409,0.008361631073057652,0.7176299095153809,0.007564850151538849,0.7176007032394409,0.008361631073057652,0.009635083377361298,8.0,0.3,M8_eta0.3
NOG,10002,904,113.0,463872,245760,904,9.000315189361572,100,0.1,8.0,0.3,y_bar,0.7174267768859863,0.007139299530535936,0.7174126505851746,0.0068291896022856236,0.7174267768859863,0.007139299530535936,0.010118454694747925,8.0,0.3,M8_eta0.3
NOG,10002,960,120.0,492544,262144,960,9.603569269180298,100,0.1,8.0,0.3,y_bar,0.7173212766647339,0.00878872536122799,0.7173346877098083,0.007695765234529972,0.7173212766647339,0.00878872536122799,0.009021800011396408,8.0,0.3,M8_eta0.3
NOG,10002,8,1.0,5120,16384,8,0.18459391593933105,100,0.1,8.0,0.5,y_bar,0.7225566506385803,0.011405174620449543,0.7225545048713684,0.01096513494849205,0.7225566506385803,0.011405174620449543,0.013347720727324486,8.0,0.5,M8_eta0.5
NOG,10002,72,9.0,37888,32768,72,0.8920562267303467,100,0.1,8.0,0.5,y_bar,0.7222153544425964,0.007783286273479462,0.7221900224685669,0.00768459914252162,0.7222153544425964,0.007783286273479462,0.009038572199642658,8.0,0.5,M8_eta0.5
NOG,10002,136,17.0,70656,49152,136,1.5234272480010986,100,0.1,8.0,0.5,y_bar,0.7218350172042847,0.00721927173435688,0.721838116645813,0.007999398745596409,0.7218350172042847,0.00721927173435688,0.009877067059278488,8.0,0.5,M8_eta0.5
NOG,10002,200,25.0,103424,65536,200,2.158350944519043,100,0.1,8.0,0.5,y_bar,0.7214975357055664,0.006691500544548035,0.7214770913124084,0.008197605609893799,0.7214975357055664,0.006691500544548035,0.009463394992053509,8.0,0.5,M8_eta0.5
NOG,10002,264,33.0,136192,81920,264,2.831059217453003,100,0.1,8.0,0.5,y_bar,0.7212259769439697,0.007458418607711792,0.7212071418762207,0.007835369557142258,0.7212259769439697,0.007458418607711792,0.009507454931735992,8.0,0.5,M8_eta0.5
NOG,10002,328,41.0,168960,98304,328,3.4391849040985107,100,0.1,8.0,0.5,y_bar,0.7209484577178955,0.007466109003871679,0.7209368944168091,0.007690554950386286,0.7209484577178955,0.007466109003871679,0.00955155212432146,8.0,0.5,M8_eta0.5
NOG,10002,392,49.0,201728,114688,392,4.048643589019775,100,0.1,8.0,0.5,y_bar,0.7206916809082031,0.007718395907431841,0.7206935882568359,0.007210506591945887,0.7206916809082031,0.007718395907431841,0.009896989911794662,8.0,0.5,M8_eta0.5
NOG,10002,456,57.0,234496,131072,456,4.7118611335754395,100,0.1,8.0,0.5,y_bar,0.7204009294509888,0.007837310433387756,0.7203929424285889,0.0070873345248401165,0.7204009294509888,0.007837310433387756,0.00955214537680149,8.0,0.5,M8_eta0.5
NOG,10002,520,65.0,267264,147456,520,5.34404730796814,100,0.1,8.0,0.5,y_bar,0.7201307415962219,0.007101824972778559,0.7201233506202698,0.008489061146974564,0.7201307415962219,0.007101824972778559,0.010396666824817657,8.0,0.5,M8_eta0.5
NOG,10002,584,73.0,300032,163840,584,6.117181777954102,100,0.1,8.0,0.5,y_bar,0.7199755311012268,0.007681011222302914,0.7199602127075195,0.007184916641563177,0.7199755311012268,0.007681011222302914,0.009121221490204334,8.0,0.5,M8_eta0.5
NOG,10002,648,81.0,332800,180224,648,6.833545446395874,100,0.1,8.0,0.5,y_bar,0.719664454460144,0.008237222209572792,0.7196475863456726,0.006808392237871885,0.719664454460144,0.008237222209572792,0.009417100809514523,8.0,0.5,M8_eta0.5
NOG,10002,712,89.0,365568,196608,712,7.518451929092407,100,0.1,8.0,0.5,y_bar,0.7194610238075256,0.00724541861563921,0.7194620966911316,0.008229471743106842,0.7194610238075256,0.00724541861563921,0.009011896327137947,8.0,0.5,M8_eta0.5
NOG,10002,776,97.0,398336,212992,776,8.21508240699768,100,0.1,8.0,0.5,y_bar,0.7193400859832764,0.007833042182028294,0.7193402647972107,0.0080499779433012,0.7193400859832764,0.007833042182028294,0.009787351824343204,8.0,0.5,M8_eta0.5
NOG,10002,840,105.0,431104,229376,840,8.871585130691528,100,0.1,8.0,0.5,y_bar,0.7191699147224426,0.008147361688315868,0.7191776633262634,0.007689527701586485,0.7191699147224426,0.008147361688315868,0.010160249657928944,8.0,0.5,M8_eta0.5
NOG,10002,904,113.0,463872,245760,904,9.576527833938599,100,0.1,8.0,0.5,y_bar,0.7189447283744812,0.007258574943989515,0.7189456224441528,0.0072255381383001804,0.7189447283744812,0.007258574943989515,0.00984108354896307,8.0,0.5,M8_eta0.5
NOG,10002,960,120.0,492544,262144,960,10.213584661483765,100,0.1,8.0,0.5,y_bar,0.7187934517860413,0.00817028433084488,0.718796968460083,0.007344445213675499,0.7187934517860413,0.00817028433084488,0.008445031009614468,8.0,0.5,M8_eta0.5
NOG,10002,12,1.0,7168,16384,12,0.2517085075378418,100,0.1,12.0,0.1,y_bar,0.7225915193557739,0.011532504111528397,0.7225943207740784,0.010623298585414886,0.7225915193557739,0.011532504111528397,0.011649569496512413,12.0,0.1,M12_eta0.1
NOG,10002,84,7.0,44032,32768,84,1.0007810592651367,100,0.1,12.0,0.1,y_bar,0.7217129468917847,0.008161415345966816,0.7216640114784241,0.009208005852997303,0.7217129468917847,0.008161415345966816,0.007759349886327982,12.0,0.1,M12_eta0.1
NOG,10002,156,13.0,80896,49152,156,1.6744060516357422,100,0.1,12.0,0.1,y_bar,0.720898449420929,0.007960350252687931,0.7208471298217773,0.00884593278169632,0.720898449420929,0.007960350252687931,0.008845538832247257,12.0,0.1,M12_eta0.1
NOG,10002,228,19.0,117760,65536,228,2.3528249263763428,100,0.1,12.0,0.1,y_bar,0.7199366688728333,0.00841534323990345,0.7198970317840576,0.008083452470600605,0.7199366688728333,0.00841534323990345,0.007686356548219919,12.0,0.1,M12_eta0.1
NOG,10002,300,25.0,154624,81920,300,3.0949270725250244,100,0.1,12.0,0.1,y_bar,0.7192159295082092,0.007412728853523731,0.7191675901412964,0.008383587934076786,0.7192159295082092,0.007412728853523731,0.0077384416945278645,12.0,0.1,M12_eta0.1
NOG,10002,372,31.0,191488,98304,372,3.832914113998413,100,0.1,12.0,0.1,y_bar,0.7184802293777466,0.008756520226597786,0.7184507846832275,0.007490573450922966,0.7184802293777466,0.008756520226597786,0.007407667115330696,12.0,0.1,M12_eta0.1
NOG,10002,444,37.0,228352,114688,444,4.507677316665649,100,0.1,12.0,0.1,y_bar,0.7179135680198669,0.007505921181291342,0.7179347276687622,0.0072362483479082584,0.7179135680198669,0.007505921181291342,0.008004138246178627,12.0,0.1,M12_eta0.1
NOG,10002,516,43.0,265216,131072,516,5.288048267364502,100,0.1,12.0,0.1,y_bar,0.7174416184425354,0.00834518764168024,0.7174286842346191,0.007451910059899092,0.7174416184425354,0.00834518764168024,0.008081488311290741,12.0,0.1,M12_eta0.1
NOG,10002,588,49.0,302080,147456,588,6.07282280921936,100,0.1,12.0,0.1,y_bar,0.717312753200531,0.009035025723278522,0.7173588275909424,0.00870048813521862,0.717312753200531,0.009035025723278522,0.00800776295363903,12.0,0.1,M12_eta0.1
NOG,10002,660,55.0,338944,163840,660,6.800772666931152,100,0.1,12.0,0.1,y_bar,0.716903030872345,0.00774013064801693,0.7168835997581482,0.007232734467834234,0.716903030872345,0.00774013064801693,0.008874602615833282,12.0,0.1,M12_eta0.1
NOG,10002,732,61.0,375808,180224,732,7.520482063293457,100,0.1,12.0,0.1,y_bar,0.7166738510131836,0.007198460400104523,0.7166550159454346,0.007921644486486912,0.7166738510131836,0.007198460400104523,0.009414702653884888,12.0,0.1,M12_eta0.1
NOG,10002,804,67.0,412672,196608,804,8.292523384094238,100,0.1,12.0,0.1,y_bar,0.7163641452789307,0.008277022279798985,0.7163092494010925,0.0076734027825295925,0.7163641452789307,0.008277022279798985,0.008122757077217102,12.0,0.1,M12_eta0.1
NOG,10002,876,73.0,449536,212992,876,8.982693195343018,100,0.1,12.0,0.1,y_bar,0.7160685062408447,0.00842330977320671,0.7160525918006897,0.008483617566525936,0.7160685062408447,0.00842330977320671,0.009323665872216225,12.0,0.1,M12_eta0.1
NOG,10002,948,79.0,486400,229376,948,9.762033700942993,100,0.1,12.0,0.1,y_bar,0.7157735228538513,0.008185540325939655,0.715756356716156,0.007930109277367592,0.7157735228538513,0.008185540325939655,0.008942842483520508,12.0,0.1,M12_eta0.1
NOG,10002,960,80.0,492544,245760,960,9.993353366851807,100,0.1,12.0,0.1,y_bar,0.7157247066497803,0.007871121168136597,0.7156826257705688,0.009062238037586212,0.7157247066497803,0.007871121168136597,0.00938413105905056,12.0,0.1,M12_eta0.1
NOG,10002,12,1.0,7168,16384,12,0.24058246612548828,100,0.1,12.0,0.2,y_bar,0.7225501537322998,0.01155856903642416,0.7225452065467834,0.010506147518754005,0.7225501537322998,0.01155856903642416,0.0117017962038517,12.0,0.2,M12_eta0.2
NOG,10002,84,7.0,44032,32768,84,0.9951543807983398,100,0.1,12.0,0.2,y_bar,0.7220891118049622,0.007516846060752869,0.722059428691864,0.008861217647790909,0.7220891118049622,0.007516846060752869,0.007812856696546078,12.0,0.2,M12_eta0.2
NOG,10002,156,13.0,80896,49152,156,1.777132272720337,100,0.1,12.0,0.2,y_bar,0.7216690182685852,0.00729352654889226,0.7216477394104004,0.008508400991559029,0.7216690182685852,0.00729352654889226,0.008553367108106613,12.0,0.2,M12_eta0.2
NOG,10002,228,19.0,117760,65536,228,2.567905902862549,100,0.1,12.0,0.2,y_bar,0.7211957573890686,0.007759144064038992,0.7211628556251526,0.007658356800675392,0.7211957573890686,0.007759144064038992,0.007587486878037453,12.0,0.2,M12_eta0.2
NOG,10002,300,25.0,154624,81920,300,3.3283400535583496,100,0.1,12.0,0.2,y_bar,0.7208452224731445,0.007158420514315367,0.7208214998245239,0.008261079899966717,0.7208452224731445,0.007158420514315367,0.007079894654452801,12.0,0.2,M12_eta0.2
NOG,10002,372,31.0,191488,98304,372,4.171216726303101,100,0.1,12.0,0.2,y_bar,0.7204506397247314,0.00854400172829628,0.720424234867096,0.00748099060729146,0.7204506397247314,0.00854400172829628,0.00712894182652235,12.0,0.2,M12_eta0.2
NOG,10002,444,37.0,228352,114688,444,4.945176362991333,100,0.1,12.0,0.2,y_bar,0.7200401425361633,0.007370583713054657,0.7200121283531189,0.007412138860672712,0.7200401425361633,0.007370583713054657,0.008053244091570377,12.0,0.2,M12_eta0.2
NOG,10002,516,43.0,265216,131072,516,5.673048257827759,100,0.1,12.0,0.2,y_bar,0.7197268605232239,0.007753321435302496,0.7197032570838928,0.007293150294572115,0.7197268605232239,0.007753321435302496,0.008297573775053024,12.0,0.2,M12_eta0.2
NOG,10002,588,49.0,302080,147456,588,6.352751016616821,100,0.1,12.0,0.2,y_bar,0.7195363640785217,0.008550772443413734,0.7195469737052917,0.00796578824520111,0.7195363640785217,0.008550772443413734,0.007467631250619888,12.0,0.2,M12_eta0.2
NOG,10002,660,55.0,338944,163840,660,7.143701553344727,100,0.1,12.0,0.2,y_bar,0.7192279696464539,0.007372866850346327,0.7192015647888184,0.006899403873831034,0.7192279696464539,0.007372866850346327,0.00792496558278799,12.0,0.2,M12_eta0.2
NOG,10002,732,61.0,375808,180224,732,7.90373969078064,100,0.1,12.0,0.2,y_bar,0.718991756439209,0.007129221688956022,0.7190238237380981,0.006833220832049847,0.718991756439209,0.007129221688956022,0.00811309926211834,12.0,0.2,M12_eta0.2
NOG,10002,804,67.0,412672,196608,804,8.675174713134766,100,0.1,12.0,0.2,y_bar,0.7188044786453247,0.007640195544809103,0.7187803983688354,0.007597335614264011,0.7188044786453247,0.007640195544809103,0.008520200848579407,12.0,0.2,M12_eta0.2
NOG,10002,876,73.0,449536,212992,876,9.47536325454712,100,0.1,12.0,0.2,y_bar,0.7185472249984741,0.006987214554101229,0.7185367941856384,0.0083782859146595,0.7185472249984741,0.006987214554101229,0.008288122713565826,12.0,0.2,M12_eta0.2
NOG,10002,948,79.0,486400,229376,948,10.267818927764893,100,0.1,12.0,0.2,y_bar,0.7183319330215454,0.00776494387537241,0.718346118927002,0.007589008193463087,0.7183319330215454,0.00776494387537241,0.008125955238938332,12.0,0.2,M12_eta0.2
NOG,10002,960,80.0,492544,245760,960,10.47376298904419,100,0.1,12.0,0.2,y_bar,0.7183261513710022,0.0069871628656983376,0.7183263897895813,0.008145974017679691,0.7183261513710022,0.0069871628656983376,0.007545446511358023,12.0,0.2,M12_eta0.2
NOG,10002,12,1.0,7168,16384,12,0.2151169776916504,100,0.1,12.0,0.3,y_bar,0.7225372195243835,0.011724680662155151,0.722538411617279,0.010545537807047367,0.7225372195243835,0.011724680662155151,0.01205794420093298,12.0,0.3,M12_eta0.3
NOG,10002,84,7.0,44032,32768,84,0.9809110164642334,100,0.1,12.0,0.3,y_bar,0.7222414612770081,0.007385872770100832,0.7222264409065247,0.008843888528645039,0.7222414612770081,0.007385872770100832,0.0078092231415212154,12.0,0.3,M12_eta0.3
NOG,10002,156,13.0,80896,49152,156,1.701096773147583,100,0.1,12.0,0.3,y_bar,0.7219932675361633,0.007497415877878666,0.721967339515686,0.008442305028438568,0.7219932675361633,0.007497415877878666,0.00840625911951065,12.0,0.3,M12_eta0.3
NOG,10002,228,19.0,117760,65536,228,2.395822525024414,100,0.1,12.0,0.3,y_bar,0.721657395362854,0.007540312595665455,0.721630334854126,0.007642555050551891,0.721657395362854,0.007540312595665455,0.007635618560016155,12.0,0.3,M12_eta0.3
NOG,10002,300,25.0,154624,81920,300,3.1920204162597656,100,0.1,12.0,0.3,y_bar,0.7213679552078247,0.0070668719708919525,0.7213624119758606,0.008136056363582611,0.7213679552078247,0.0070668719708919525,0.006701957900077105,12.0,0.3,M12_eta0.3
NOG,10002,372,31.0,191488,98304,372,4.034674644470215,100,0.1,12.0,0.3,y_bar,0.7211694121360779,0.008507956750690937,0.7211573719978333,0.007335991598665714,0.7211694121360779,0.008507956750690937,0.007066535297781229,12.0,0.3,M12_eta0.3
NOG,10002,444,37.0,228352,114688,444,4.730235576629639,100,0.1,12.0,0.3,y_bar,0.7209354043006897,0.007324021775275469,0.7209116220474243,0.00756158959120512,0.7209354043006897,0.007324021775275469,0.008162587881088257,12.0,0.3,M12_eta0.3
NOG,10002,516,43.0,265216,131072,516,5.460775136947632,100,0.1,12.0,0.3,y_bar,0.7207437753677368,0.007470773998647928,0.7207239270210266,0.0073183197528123856,0.7207437753677368,0.007470773998647928,0.007985906675457954,12.0,0.3,M12_eta0.3
NOG,10002,588,49.0,302080,147456,588,6.0820631980896,100,0.1,12.0,0.3,y_bar,0.7205639481544495,0.008489884436130524,0.7205657958984375,0.007871882058680058,0.7205639481544495,0.008489884436130524,0.007627460639923811,12.0,0.3,M12_eta0.3
NOG,10002,660,55.0,338944,163840,660,6.871272087097168,100,0.1,12.0,0.3,y_bar,0.7203474640846252,0.007427407428622246,0.7203330397605896,0.006880129687488079,0.7203474640846252,0.007427407428622246,0.008497262373566628,12.0,0.3,M12_eta0.3
NOG,10002,732,61.0,375808,180224,732,7.661166667938232,100,0.1,12.0,0.3,y_bar,0.720140814781189,0.007300395984202623,0.7201558351516724,0.006776856258511543,0.720140814781189,0.007300395984202623,0.008442817255854607,12.0,0.3,M12_eta0.3
NOG,10002,804,67.0,412672,196608,804,8.381880044937134,100,0.1,12.0,0.3,y_bar,0.7199846506118774,0.007250688504427671,0.719965934753418,0.00782102346420288,0.7199846506118774,0.007250688504427671,0.008386787958443165,12.0,0.3,M12_eta0.3
NOG,10002,876,73.0,449536,212992,876,9.081829309463501,100,0.1,12.0,0.3,y_bar,0.7197590470314026,0.007003792095929384,0.7197508811950684,0.008586546406149864,0.7197590470314026,0.007003792095929384,0.008064846508204937,12.0,0.3,M12_eta0.3
NOG,10002,948,79.0,486400,229376,948,9.85355544090271,100,0.1,12.0,0.3,y_bar,0.7196082472801208,0.0075245145708322525,0.7196242809295654,0.0077368575148284435,0.7196082472801208,0.0075245145708322525,0.007888502441346645,12.0,0.3,M12_eta0.3
NOG,10002,960,80.0,492544,245760,960,10.069887399673462,100,0.1,12.0,0.3,y_bar,0.7195964455604553,0.006701142061501741,0.7195878624916077,0.007908442057669163,0.7195964455604553,0.006701142061501741,0.0075218211859464645,12.0,0.3,M12_eta0.3
NOG,10002,12,1.0,7168,16384,12,0.22931814193725586,100,0.1,12.0,0.5,y_bar,0.7225326895713806,0.011873695999383926,0.7225375771522522,0.010799450799822807,0.7225326895713806,0.011873695999383926,0.012371010147035122,12.0,0.5,M12_eta0.5
NOG,10002,84,7.0,44032,32768,84,1.0036818981170654,100,0.1,12.0,0.5,y_bar,0.7223242521286011,0.007536495570093393,0.7223171591758728,0.008918818086385727,0.7223242521286011,0.007536495570093393,0.00809568539261818,12.0,0.5,M12_eta0.5
NOG,10002,156,13.0,80896,49152,156,1.7709970474243164,100,0.1,12.0,0.5,y_bar,0.7221646904945374,0.007581125479191542,0.7221456170082092,0.008479300886392593,0.7221646904945374,0.007581125479191542,0.008498472161591053,12.0,0.5,M12_eta0.5
NOG,10002,228,19.0,117760,65536,228,2.5134117603302,100,0.1,12.0,0.5,y_bar,0.7219277620315552,0.0076627046801149845,0.7219122052192688,0.007605832535773516,0.7219277620315552,0.0076627046801149845,0.0077588423155248165,12.0,0.5,M12_eta0.5
NOG,10002,300,25.0,154624,81920,300,3.2783985137939453,100,0.1,12.0,0.5,y_bar,0.7216869592666626,0.007164740469306707,0.7216769456863403,0.008191995322704315,0.7216869592666626,0.007164740469306707,0.007099441718310118,12.0,0.5,M12_eta0.5
NOG,10002,372,31.0,191488,98304,372,4.037024021148682,100,0.1,12.0,0.5,y_bar,0.7215284109115601,0.0084909088909626,0.7215205430984497,0.00727295083925128,0.7215284109115601,0.0084909088909626,0.006993373855948448,12.0,0.5,M12_eta0.5
NOG,10002,444,37.0,228352,114688,444,4.794801712036133,100,0.1,12.0,0.5,y_bar,0.7213603854179382,0.006942239589989185,0.721342146396637,0.0075035374611616135,0.7213603854179382,0.006942239589989185,0.008516740053892136,12.0,0.5,M12_eta0.5
NOG,10002,516,43.0,265216,131072,516,5.43456244468689,100,0.1,12.0,0.5,y_bar,0.7212173342704773,0.007497852202504873,0.7211987972259521,0.006969317328184843,0.7212173342704773,0.007497852202504873,0.00817282497882843,12.0,0.5,M12_eta0.5
NOG,10002,588,49.0,302080,147456,588,6.130837917327881,100,0.1,12.0,0.5,y_bar,0.7210879921913147,0.008372947573661804,0.721088707447052,0.007847928442060947,0.7210879921913147,0.008372947573661804,0.007317588664591312,12.0,0.5,M12_eta0.5
NOG,10002,660,55.0,338944,163840,660,6.995734453201294,100,0.1,12.0,0.5,y_bar,0.7209255695343018,0.007494605146348476,0.7209186553955078,0.00683950912207365,0.7209255695343018,0.007494605146348476,0.008517653681337833,12.0,0.5,M12_eta0.5
NOG,10002,732,61.0,375808,180224,732,7.596996068954468,100,0.1,12.0,0.5,y_bar,0.7207837104797363,0.0071012116968631744,0.7207852005958557,0.006613209843635559,0.7207837104797363,0.0071012116968631744,0.00863471906632185,12.0,0.5,M12_eta0.5
NOG,10002,804,67.0,412672,196608,804,8.2458336353302,100,0.1,12.0,0.5,y_bar,0.7206560969352722,0.0067702834494411945,0.7206538319587708,0.0075654140673577785,0.7206560969352722,0.0067702834494411945,0.008449834771454334,12.0,0.5,M12_eta0.5
NOG,10002,876,73.0,449536,212992,876,8.868131399154663,100,0.1,12.0,0.5,y_bar,0.7205156683921814,0.007076593115925789,0.7205062508583069,0.00825392734259367,0.7205156683921814,0.007076593115925789,0.008231422863900661,12.0,0.5,M12_eta0.5
NOG,10002,948,79.0,486400,229376,948,9.514268159866333,100,0.1,12.0,0.5,y_bar,0.7203813791275024,0.007421830203384161,0.7203943133354187,0.007639460265636444,0.7203813791275024,0.007421830203384161,0.00791965052485466,12.0,0.5,M12_eta0.5
NOG,10002,960,80.0,492544,245760,960,9.728505373001099,100,0.1,12.0,0.5,y_bar,0.7203716039657593,0.007128461729735136,0.7203602194786072,0.008171716704964638,0.7203716039657593,0.007128461729735136,0.007679533679038286,12.0,0.5,M12_eta0.5
NOG,10002,16,1.0,9216,16384,16,0.1973891258239746,100,0.1,16.0,0.1,y_bar,0.7225630879402161,0.010315192863345146,0.722550630569458,0.00954450387507677,0.7225630879402161,0.010315192863345146,0.010183474980294704,16.0,0.1,M16_eta0.1
NOG,10002,80,5.0,41984,32768,80,0.7862975597381592,100,0.1,16.0,0.1,y_bar,0.7220932245254517,0.007987111806869507,0.7220154404640198,0.008099271915853024,0.7220932245254517,0.007987111806869507,0.006873938255012035,16.0,0.1,M16_eta0.1
NOG,10002,144,9.0,74752,49152,144,1.3702735900878906,100,0.1,16.0,0.1,y_bar,0.7215655446052551,0.00928935594856739,0.7215439677238464,0.008575653657317162,0.7215655446052551,0.00928935594856739,0.007363461889326572,16.0,0.1,M16_eta0.1
NOG,10002,208,13.0,107520,65536,208,1.9106550216674805,100,0.1,16.0,0.1,y_bar,0.7211179733276367,0.00847163237631321,0.7210846543312073,0.007038615178316832,0.7211179733276367,0.00847163237631321,0.007698602508753538,16.0,0.1,M16_eta0.1
NOG,10002,272,17.0,140288,81920,272,2.486543893814087,100,0.1,16.0,0.1,y_bar,0.7206944823265076,0.007265890017151833,0.720659077167511,0.007719539571553469,0.7206944823265076,0.007265890017151833,0.0068301609717309475,16.0,0.1,M16_eta0.1
NOG,10002,336,21.0,173056,98304,336,3.029576539993286,100,0.1,16.0,0.1,y_bar,0.7202636003494263,0.007696521934121847,0.720223069190979,0.008203047327697277,0.7202636003494263,0.007696521934121847,0.007329126819968224,16.0,0.1,M16_eta0.1
NOG,10002,400,25.0,205824,114688,400,3.6041157245635986,100,0.1,16.0,0.1,y_bar,0.7198481559753418,0.007674017921090126,0.719812273979187,0.007760341744869947,0.7198481559753418,0.007674017921090126,0.006557105109095573,16.0,0.1,M16_eta0.1
NOG,10002,464,29.0,238592,131072,464,4.234879016876221,100,0.1,16.0,0.1,y_bar,0.7194669246673584,0.008378036320209503,0.7194769978523254,0.007586757652461529,0.7194669246673584,0.008378036320209503,0.007188701536506414,16.0,0.1,M16_eta0.1
NOG,10002,528,33.0,271360,147456,528,4.811932325363159,100,0.1,16.0,0.1,y_bar,0.7191915512084961,0.007669269107282162,0.719157874584198,0.0077841500751674175,0.7191915512084961,0.007669269107282162,0.007399586029350758,16.0,0.1,M16_eta0.1
NOG,10002,592,37.0,304128,163840,592,5.398041486740112,100,0.1,16.0,0.1,y_bar,0.7189874053001404,0.008218217641115189,0.7189400792121887,0.007538071367889643,0.7189874053001404,0.008218217641115189,0.007328285835683346,16.0,0.1,M16_eta0.1
NOG,10002,656,41.0,336896,180224,656,5.982380390167236,100,0.1,16.0,0.1,y_bar,0.7186019420623779,0.006815670058131218,0.7185795903205872,0.006933452561497688,0.7186019420623779,0.006815670058131218,0.007279661018401384,16.0,0.1,M16_eta0.1
NOG,10002,720,45.0,369664,196608,720,6.542082786560059,100,0.1,16.0,0.1,y_bar,0.7182985544204712,0.007683399133384228,0.7182621955871582,0.006789108272641897,0.7182985544204712,0.007683399133384228,0.007554301060736179,16.0,0.1,M16_eta0.1
NOG,10002,784,49.0,402432,212992,784,7.091704607009888,100,0.1,16.0,0.1,y_bar,0.718109130859375,0.007392106112092733,0.7180919647216797,0.007799373008310795,0.718109130859375,0.007392106112092733,0.006591313518583775,16.0,0.1,M16_eta0.1
NOG,10002,848,53.0,435200,229376,848,7.650532245635986,100,0.1,16.0,0.1,y_bar,0.7178747057914734,0.007339055649936199,0.7179140448570251,0.007408421952277422,0.7178747057914734,0.007339055649936199,0.006766500882804394,16.0,0.1,M16_eta0.1
NOG,10002,912,57.0,467968,245760,912,8.212225914001465,100,0.1,16.0,0.1,y_bar,0.7176623344421387,0.007561359088867903,0.7176438570022583,0.008171833120286465,0.7176623344421387,0.007561359088867903,0.007859289646148682,16.0,0.1,M16_eta0.1
NOG,10002,960,60.0,492544,262144,960,8.686389923095703,100,0.1,16.0,0.1,y_bar,0.7175397872924805,0.008408877067267895,0.7175636291503906,0.007534918840974569,0.7175397872924805,0.008408877067267895,0.006063773762434721,16.0,0.1,M16_eta0.1
NOG,10002,16,1.0,9216,16384,16,0.2062087059020996,100,0.1,16.0,0.2,y_bar,0.7225314378738403,0.010574334301054478,0.722530722618103,0.010108848102390766,0.7225314378738403,0.010574334301054478,0.010728583671152592,16.0,0.2,M16_eta0.2
NOG,10002,80,5.0,41984,32768,80,0.763361930847168,100,0.1,16.0,0.2,y_bar,0.722308874130249,0.007713660132139921,0.722282350063324,0.008081646636128426,0.722308874130249,0.007713660132139921,0.007230440620332956,16.0,0.2,M16_eta0.2
NOG,10002,144,9.0,74752,49152,144,1.3450264930725098,100,0.1,16.0,0.2,y_bar,0.7220913171768188,0.00909278355538845,0.7220720052719116,0.008413181640207767,0.7220913171768188,0.00909278355538845,0.007699335925281048,16.0,0.2,M16_eta0.2
NOG,10002,208,13.0,107520,65536,208,1.9029335975646973,100,0.1,16.0,0.2,y_bar,0.7218555212020874,0.008423927240073681,0.7218352556228638,0.006970164831727743,0.7218555212020874,0.008423927240073681,0.007584717124700546,16.0,0.2,M16_eta0.2
NOG,10002,272,17.0,140288,81920,272,2.4668562412261963,100,0.1,16.0,0.2,y_bar,0.7216335535049438,0.007205428555607796,0.7216127514839172,0.007490442134439945,0.7216335535049438,0.007205428555607796,0.007043187972158194,16.0,0.2,M16_eta0.2
NOG,10002,336,21.0,173056,98304,336,3.0328779220581055,100,0.1,16.0,0.2,y_bar,0.7214736342430115,0.007520652841776609,0.7214721441268921,0.007830444723367691,0.7214736342430115,0.007520652841776609,0.006872816476970911,16.0,0.2,M16_eta0.2
NOG,10002,400,25.0,205824,114688,400,3.6010637283325195,100,0.1,16.0,0.2,y_bar,0.7213066220283508,0.007017907686531544,0.7212895750999451,0.00719856284558773,0.7213066220283508,0.007017907686531544,0.006258985493332148,16.0,0.2,M16_eta0.2
NOG,10002,464,29.0,238592,131072,464,4.150206565856934,100,0.1,16.0,0.2,y_bar,0.721127986907959,0.008093560114502907,0.7211185097694397,0.007331459783017635,0.721127986907959,0.008093560114502907,0.0075659239664673805,16.0,0.2,M16_eta0.2
NOG,10002,528,33.0,271360,147456,528,4.7431581020355225,100,0.1,16.0,0.2,y_bar,0.720957338809967,0.008019670844078064,0.7209398150444031,0.007707636803388596,0.720957338809967,0.008019670844078064,0.007289213128387928,16.0,0.2,M16_eta0.2
NOG,10002,592,37.0,304128,163840,592,5.26399040222168,100,0.1,16.0,0.2,y_bar,0.7208203077316284,0.007916015572845936,0.7207988500595093,0.00740453926846385,0.7208203077316284,0.007916015572845936,0.007332764100283384,16.0,0.2,M16_eta0.2
NOG,10002,656,41.0,336896,180224,656,5.798380374908447,100,0.1,16.0,0.2,y_bar,0.7206142544746399,0.006887105293571949,0.7205944061279297,0.0070081776939332485,0.7206142544746399,0.006887105293571949,0.006936943624168634,16.0,0.2,M16_eta0.2
NOG,10002,720,45.0,369664,196608,720,6.362532138824463,100,0.1,16.0,0.2,y_bar,0.7204615473747253,0.00796897429972887,0.720438539981842,0.006227071397006512,0.7204615473747253,0.00796897429972887,0.007868773303925991,16.0,0.2,M16_eta0.2
NOG,10002,784,49.0,402432,212992,784,6.956292390823364,100,0.1,16.0,0.2,y_bar,0.7203457355499268,0.00771777518093586,0.7203402519226074,0.00799280684441328,0.7203457355499268,0.00771777518093586,0.006562620867043734,16.0,0.2,M16_eta0.2
NOG,10002,848,53.0,435200,229376,848,7.558733701705933,100,0.1,16.0,0.2,y_bar,0.7201884984970093,0.007056827191263437,0.7201767563819885,0.00741899199783802,0.7201884984970093,0.007056827191263437,0.007505002897232771,16.0,0.2,M16_eta0.2
NOG,10002,912,57.0,467968,245760,912,8.150511741638184,100,0.1,16.0,0.2,y_bar,0.71998530626297,0.007183315698057413,0.7199759483337402,0.0079153161495924,0.71998530626297,0.007183315698057413,0.007844757288694382,16.0,0.2,M16_eta0.2
NOG,10002,960,60.0,492544,262144,960,8.565324544906616,100,0.1,16.0,0.2,y_bar,0.7198464274406433,0.008067312650382519,0.7198241949081421,0.007664990611374378,0.7198464274406433,0.008067312650382519,0.0068328590132296085,16.0,0.2,M16_eta0.2
NOG,10002,16,1.0,9216,16384,16,0.23737764358520508,100,0.1,16.0,0.3,y_bar,0.722527801990509,0.010737835429608822,0.7225297093391418,0.010369016788899899,0.722527801990509,0.010737835429608822,0.010920483618974686,16.0,0.3,M16_eta0.3
NOG,10002,80,5.0,41984,32768,80,0.8389682769775391,100,0.1,16.0,0.3,y_bar,0.722370445728302,0.007767135743051767,0.7223500609397888,0.008224931545555592,0.722370445728302,0.007767135743051767,0.007600452285259962,16.0,0.3,M16_eta0.3
NOG,10002,144,9.0,74752,49152,144,1.3973748683929443,100,0.1,16.0,0.3,y_bar,0.7222225666046143,0.009059553034603596,0.722210705280304,0.008367298170924187,0.7222225666046143,0.009059553034603596,0.007840833626687527,16.0,0.3,M16_eta0.3
NOG,10002,208,13.0,107520,65536,208,1.9598159790039062,100,0.1,16.0,0.3,y_bar,0.722057580947876,0.008266369812190533,0.7220383286476135,0.006975147873163223,0.722057580947876,0.008266369812190533,0.007634165696799755,16.0,0.3,M16_eta0.3
NOG,10002,272,17.0,140288,81920,272,2.5479047298431396,100,0.1,16.0,0.3,y_bar,0.7218979001045227,0.007528263609856367,0.7218759655952454,0.0077029080130159855,0.7218979001045227,0.007528263609856367,0.007326596882194281,16.0,0.3,M16_eta0.3
NOG,10002,336,21.0,173056,98304,336,3.1107029914855957,100,0.1,16.0,0.3,y_bar,0.7217610478401184,0.007491696160286665,0.721758246421814,0.007789092604070902,0.7217610478401184,0.007491696160286665,0.007082829717546701,16.0,0.3,M16_eta0.3
NOG,10002,400,25.0,205824,114688,400,3.6760170459747314,100,0.1,16.0,0.3,y_bar,0.7216122150421143,0.007241637445986271,0.7216030955314636,0.0072946674190461636,0.7216122150421143,0.007241637445986271,0.00638697249814868,16.0,0.3,M16_eta0.3
NOG,10002,464,29.0,238592,131072,464,4.182889461517334,100,0.1,16.0,0.3,y_bar,0.7214779257774353,0.007777082733809948,0.7214713096618652,0.007211498916149139,0.7214779257774353,0.007777082733809948,0.007611490786075592,16.0,0.3,M16_eta0.3
NOG,10002,528,33.0,271360,147456,528,4.681670665740967,100,0.1,16.0,0.3,y_bar,0.7213606834411621,0.007970140315592289,0.7213495373725891,0.007750237826257944,0.7213606834411621,0.007970140315592289,0.007419695146381855,16.0,0.3,M16_eta0.3
NOG,10002,592,37.0,304128,163840,592,5.226452350616455,100,0.1,16.0,0.3,y_bar,0.7212657928466797,0.008114692755043507,0.7212541699409485,0.0072404770180583,0.7212657928466797,0.008114692755043507,0.007175656035542488,16.0,0.3,M16_eta0.3
NOG,10002,656,41.0,336896,180224,656,5.738496541976929,100,0.1,16.0,0.3,y_bar,0.7211104035377502,0.00691633764654398,0.7210978269577026,0.006737350486218929,0.7211104035377502,0.00691633764654398,0.007132912054657936,16.0,0.3,M16_eta0.3
NOG,10002,720,45.0,369664,196608,720,6.330670118331909,100,0.1,16.0,0.3,y_bar,0.7209908366203308,0.007990888319909573,0.720977246761322,0.006248227320611477,0.7209908366203308,0.007990888319909573,0.007626738399267197,16.0,0.3,M16_eta0.3
NOG,10002,784,49.0,402432,212992,784,6.898520469665527,100,0.1,16.0,0.3,y_bar,0.7209000587463379,0.0074551841244101524,0.7208975553512573,0.007882400415837765,0.7209000587463379,0.0074551841244101524,0.006624514702707529,16.0,0.3,M16_eta0.3
NOG,10002,848,53.0,435200,229376,848,7.431184530258179,100,0.1,16.0,0.3,y_bar,0.7208030819892883,0.006766330450773239,0.7207949757575989,0.007058471906930208,0.7208030819892883,0.006766330450773239,0.007518974598497152,16.0,0.3,M16_eta0.3
NOG,10002,912,57.0,467968,245760,912,8.008338212966919,100,0.1,16.0,0.3,y_bar,0.7206681370735168,0.007062301505357027,0.7206674814224243,0.007603987120091915,0.7206681370735168,0.007062301505357027,0.007605179212987423,16.0,0.3,M16_eta0.3
NOG,10002,960,60.0,492544,262144,960,8.44947600364685,100,0.1,16.0,0.3,y_bar,0.7205758094787598,0.008102976717054844,0.7205520272254944,0.007306015118956566,0.7205758094787598,0.008102976717054844,0.007014221977442503,16.0,0.3,M16_eta0.3
NOG,10002,16,1.0,9216,16384,16,0.2479557991027832,100,0.1,16.0,0.5,y_bar,0.7225263714790344,0.010871044360101223,0.7225281000137329,0.010632679797708988,0.7225263714790344,0.010871044360101223,0.011116232722997665,16.0,0.5,M16_eta0.5
NOG,10002,80,5.0,41984,32768,80,0.8558709621429443,100,0.1,16.0,0.5,y_bar,0.7224026322364807,0.008029651828110218,0.7223863005638123,0.008497562259435654,0.7224026322364807,0.008029651828110218,0.007895801216363907,16.0,0.5,M16_eta0.5
NOG,10002,144,9.0,74752,49152,144,1.4119510650634766,100,0.1,16.0,0.5,y_bar,0.7222903370857239,0.009182807989418507,0.722281813621521,0.008309041149914265,0.7222903370857239,0.009182807989418507,0.007872424088418484,16.0,0.5,M16_eta0.5
NOG,10002,208,13.0,107520,65536,208,1.96291184425354,100,0.1,16.0,0.5,y_bar,0.7221614718437195,0.008344034664332867,0.7221462726593018,0.006926524918526411,0.7221614718437195,0.008344034664332867,0.007776654791086912,16.0,0.5,M16_eta0.5
NOG,10002,272,17.0,140288,81920,272,2.526012897491455,100,0.1,16.0,0.5,y_bar,0.7220472097396851,0.007590619847178459,0.7220296859741211,0.00766820227727294,0.7220472097396851,0.007590619847178459,0.007483028341084719,16.0,0.5,M16_eta0.5
NOG,10002,336,21.0,173056,98304,336,3.1745858192443848,100,0.1,16.0,0.5,y_bar,0.7219341993331909,0.007506720721721649,0.7219295501708984,0.007965080440044403,0.7219341993331909,0.007506720721721649,0.007208701688796282,16.0,0.5,M16_eta0.5
NOG,10002,400,25.0,205824,114688,400,3.6975085735321045,100,0.1,16.0,0.5,y_bar,0.7218075394630432,0.007199360989034176,0.7217990159988403,0.007373895961791277,0.7218075394630432,0.007199360989034176,0.006450328044593334,16.0,0.5,M16_eta0.5
NOG,10002,464,29.0,238592,131072,464,4.284231185913086,100,0.1,16.0,0.5,y_bar,0.7216953635215759,0.007729745469987392,0.7216863632202148,0.007146033924072981,0.7216953635215759,0.007729745469987392,0.0076123313046991825,16.0,0.5,M16_eta0.5
NOG,10002,528,33.0,271360,147456,528,4.8824684619903564,100,0.1,16.0,0.5,y_bar,0.7215840816497803,0.00803949311375618,0.7215731143951416,0.00785326398909092,0.7215840816497803,0.00803949311375618,0.007480144035071135,16.0,0.5,M16_eta0.5
NOG,10002,592,37.0,304128,163840,592,5.48436713218689,100,0.1,16.0,0.5,y_bar,0.7214966416358948,0.008259887807071209,0.7214867472648621,0.007220384199172258,0.7214966416358948,0.008259887807071209,0.007214447949081659,16.0,0.5,M16_eta0.5
NOG,10002,656,41.0,336896,180224,656,6.128779888153076,100,0.1,16.0,0.5,y_bar,0.7213677763938904,0.006836481858044863,0.7213562726974487,0.006964211352169514,0.7213677763938904,0.006836481858044863,0.007177816703915596,16.0,0.5,M16_eta0.5
NOG,10002,720,45.0,369664,196608,720,6.712118625640869,100,0.1,16.0,0.5,y_bar,0.7212747931480408,0.007809430826455355,0.7212598919868469,0.00621015066280961,0.7212747931480408,0.007809430826455355,0.007657275535166264,16.0,0.5,M16_eta0.5
NOG,10002,784,49.0,402432,212992,784,7.2985899448394775,100,0.1,16.0,0.5,y_bar,0.7212002277374268,0.007320858538150787,0.7212006449699402,0.008043947629630566,0.7212002277374268,0.007320858538150787,0.006446863990277052,16.0,0.5,M16_eta0.5
NOG,10002,848,53.0,435200,229376,848,7.908858060836792,100,0.1,16.0,0.5,y_bar,0.7211271524429321,0.006718770135194063,0.7211209535598755,0.007124743890017271,0.7211271524429321,0.006718770135194063,0.00757946353405714,16.0,0.5,M16_eta0.5
NOG,10002,912,57.0,467968,245760,912,8.503077983856201,100,0.1,16.0,0.5,y_bar,0.7210285663604736,0.0069649373181164265,0.7210277915000916,0.007809184025973082,0.7210285663604736,0.0069649373181164265,0.0075579374097287655,16.0,0.5,M16_eta0.5
NOG,10002,960,60.0,492544,262144,960,8.984235763549805,100,0.1,16.0,0.5,y_bar,0.720954179763794,0.00812443159520626,0.7209356427192688,0.007220027036964893,0.720954179763794,0.00812443159520626,0.007095521781593561,16.0,0.5,M16_eta0.5
SmoothedSGD,20002,1,,512,8192,1,0.05758810043334961,100,0.1,,0.05,x,0.722525417804718,0.01061572041362524,0.722525417804718,0.01061572041362524,,,,,0.05,SmoothedSGD
SmoothedSGD,20002,64,,32768,16384,64,0.5876009464263916,100,0.1,,0.05,x,0.7224817872047424,0.010012995451688766,0.7224817872047424,0.010012995451688766,,,,,0.05,SmoothedSGD
SmoothedSGD,20002,128,,65536,24576,128,1.1133644580841064,100,0.1,,0.05,x,0.7224482893943787,0.009452818892896175,0.7224482893943787,0.009452818892896175,,,,,0.05,SmoothedSGD
SmoothedSGD,20002,192,,98304,32768,192,1.5949499607086182,100,0.1,,0.05,x,0.7224158644676208,0.00854666531085968,0.7224158644676208,0.00854666531085968,,,,,0.05,SmoothedSGD
SmoothedSGD,20002,256,,131072,40960,256,2.0746095180511475,100,0.1,,0.05,x,0.7223882079124451,0.00784620363265276,0.7223882079124451,0.00784620363265276,,,,,0.05,SmoothedSGD
SmoothedSGD,20002,320,,163840,49152,320,2.604130744934082,100,0.1,,0.05,x,0.7223467826843262,0.007939348928630352,0.7223467826843262,0.007939348928630352,,,,,0.05,SmoothedSGD
SmoothedSGD,20002,384,,196608,57344,384,3.206489086151123,100,0.1,,0.05,x,0.7223007678985596,0.006847279146313667,0.7223007678985596,0.006847279146313667,,,,,0.05,SmoothedSGD
SmoothedSGD,20002,448,,229376,65536,448,3.6699063777923584,100,0.1,,0.05,x,0.7222727537155151,0.007207709364593029,0.7222727537155151,0.007207709364593029,,,,,0.05,SmoothedSGD
SmoothedSGD,20002,512,,262144,73728,512,4.186140537261963,100,0.1,,0.05,x,0.7222232818603516,0.008443969301879406,0.7222232818603516,0.008443969301879406,,,,,0.05,SmoothedSGD
SmoothedSGD,20002,576,,294912,81920,576,4.7022974491119385,100,0.1,,0.05,x,0.7221809029579163,0.008549492806196213,0.7221809029579163,0.008549492806196213,,,,,0.05,SmoothedSGD
SmoothedSGD,20002,640,,327680,90112,640,5.318301677703857,100,0.1,,0.05,x,0.7221417427062988,0.007954804226756096,0.7221417427062988,0.007954804226756096,,,,,0.05,SmoothedSGD
SmoothedSGD,20002,704,,360448,98304,704,5.830385446548462,100,0.1,,0.05,x,0.7221029996871948,0.0073518697172403336,0.7221029996871948,0.0073518697172403336,,,,,0.05,SmoothedSGD
SmoothedSGD,20002,768,,393216,106496,768,6.341290473937988,100,0.1,,0.05,x,0.722051739692688,0.007377608213573694,0.722051739692688,0.007377608213573694,,,,,0.05,SmoothedSGD
SmoothedSGD,20002,832,,425984,114688,832,6.901805877685547,100,0.1,,0.05,x,0.722004234790802,0.007219571620225906,0.722004234790802,0.007219571620225906,,,,,0.05,SmoothedSGD
SmoothedSGD,20002,896,,458752,122880,896,7.427125453948975,100,0.1,,0.05,x,0.7219703197479248,0.008143927901983261,0.7219703197479248,0.008143927901983261,,,,,0.05,SmoothedSGD
SmoothedSGD,20002,960,,491520,131072,960,7.946488618850708,100,0.1,,0.05,x,0.7219439744949341,0.00751896807923913,0.7219439744949341,0.00751896807923913,,,,,0.05,SmoothedSGD
NOG,10003,4,1.0,3072,16384,4,0.1667623519897461,100,0.1,4.0,0.1,y_bar,0.727427065372467,0.009943651966750622,0.7274838089942932,0.011623159050941467,0.727427065372467,0.009943651966750622,0.016271328553557396,4.0,0.1,M4_eta0.1
NOG,10003,68,17.0,35840,32768,68,0.7606625556945801,100,0.1,4.0,0.1,y_bar,0.725814163684845,0.008993630297482014,0.7257614135742188,0.009048865176737309,0.725814163684845,0.008993630297482014,0.015082253143191338,4.0,0.1,M4_eta0.1
NOG,10003,132,33.0,68608,49152,132,1.3740253448486328,100,0.1,4.0,0.1,y_bar,0.7241252064704895,0.00923490896821022,0.7240921258926392,0.010568870231509209,0.7241252064704895,0.00923490896821022,0.015785353258252144,4.0,0.1,M4_eta0.1
NOG,10003,196,49.0,101376,65536,196,1.9550843238830566,100,0.1,4.0,0.1,y_bar,0.7229587435722351,0.00917883962392807,0.7229273319244385,0.009959236718714237,0.7229587435722351,0.00917883962392807,0.014654992148280144,4.0,0.1,M4_eta0.1
NOG,10003,260,65.0,134144,81920,260,2.558925151824951,100,0.1,4.0,0.1,y_bar,0.7219225764274597,0.0107581140473485,0.7219110727310181,0.009797533042728901,0.7219225764274597,0.0107581140473485,0.016488583758473396,4.0,0.1,M4_eta0.1
NOG,10003,324,81.0,166912,98304,324,3.089574098587036,100,0.1,4.0,0.1,y_bar,0.7214686870574951,0.01004691980779171,0.7214711308479309,0.010512075386941433,0.7214686870574951,0.01004691980779171,0.015164986252784729,4.0,0.1,M4_eta0.1
NOG,10003,388,97.0,199680,114688,388,3.7681190967559814,100,0.1,4.0,0.1,y_bar,0.7212623953819275,0.010009247809648514,0.721321165561676,0.008910777978599072,0.7212623953819275,0.010009247809648514,0.01447534840553999,4.0,0.1,M4_eta0.1
NOG,10003,452,113.0,232448,131072,452,4.397981882095337,100,0.1,4.0,0.1,y_bar,0.7223840951919556,0.010591667145490646,0.7224541306495667,0.010525256395339966,0.7223840951919556,0.010591667145490646,0.014597553759813309,4.0,0.1,M4_eta0.1
NOG,10003,516,129.0,265216,147456,516,5.053073883056641,100,0.1,4.0,0.1,y_bar,0.7219840288162231,0.009277340956032276,0.7219207286834717,0.009503262117505074,0.7219840288162231,0.009277340956032276,0.01514508668333292,4.0,0.1,M4_eta0.1
NOG,10003,580,145.0,297984,163840,580,5.6289284229278564,100,0.1,4.0,0.1,y_bar,0.721661388874054,0.011157438158988953,0.7217087149620056,0.009721832349896431,0.721661388874054,0.011157438158988953,0.017018308863043785,4.0,0.1,M4_eta0.1
NOG,10003,644,161.0,330752,180224,644,6.214172601699829,100,0.1,4.0,0.1,y_bar,0.721062421798706,0.010014978237450123,0.7210469841957092,0.011533157899975777,0.721062421798706,0.010014978237450123,0.01335582323372364,4.0,0.1,M4_eta0.1
NOG,10003,708,177.0,363520,196608,708,6.780672073364258,100,0.1,4.0,0.1,y_bar,0.7206135988235474,0.010974578559398651,0.7205684185028076,0.011299612000584602,0.7206135988235474,0.010974578559398651,0.015653477981686592,4.0,0.1,M4_eta0.1
NOG,10003,772,193.0,396288,212992,772,7.406240224838257,100,0.1,4.0,0.1,y_bar,0.7196277379989624,0.011407335288822651,0.7196716666221619,0.011640353128314018,0.7196277379989624,0.011407335288822651,0.015444036573171616,4.0,0.1,M4_eta0.1
NOG,10003,836,209.0,429056,229376,836,7.988412141799927,100,0.1,4.0,0.1,y_bar,0.7182159423828125,0.010137690231204033,0.7181904315948486,0.009907033294439316,0.7182159423828125,0.010137690231204033,0.01419658400118351,4.0,0.1,M4_eta0.1
NOG,10003,900,225.0,461824,245760,900,8.598349571228027,100,0.1,4.0,0.1,y_bar,0.7177261114120483,0.00942645501345396,0.7177366018295288,0.009811888448894024,0.7177261114120483,0.00942645501345396,0.013687479309737682,4.0,0.1,M4_eta0.1
NOG,10003,960,240.0,492544,262144,960,9.16943097114563,100,0.1,4.0,0.1,y_bar,0.7175005674362183,0.010825061239302158,0.7174813151359558,0.009519594721496105,0.7175005674362183,0.010825061239302158,0.017461353912949562,4.0,0.1,M4_eta0.1
NOG,10003,4,1.0,3072,16384,4,0.14019393920898438,100,0.1,4.0,0.2,y_bar,0.7274905443191528,0.00982799381017685,0.7276014089584351,0.011510619893670082,0.7274905443191528,0.00982799381017685,0.016048520803451538,4.0,0.2,M4_eta0.2
NOG,10003,68,17.0,35840,32768,68,0.7692327499389648,100,0.1,4.0,0.2,y_bar,0.7257751822471619,0.009153489954769611,0.725743293762207,0.00943598523736,0.7257751822471619,0.009153489954769611,0.01439078338444233,4.0,0.2,M4_eta0.2
NOG,10003,132,33.0,68608,49152,132,1.3334400653839111,100,0.1,4.0,0.2,y_bar,0.7239720821380615,0.008463622070848942,0.7239556908607483,0.010828298516571522,0.7239720821380615,0.008463622070848942,0.014276574365794659,4.0,0.2,M4_eta0.2
NOG,10003,196,49.0,101376,65536,196,1.8656389713287354,100,0.1,4.0,0.2,y_bar,0.7222691774368286,0.008092380128800869,0.7222656607627869,0.008881652727723122,0.7222691774368286,0.008092380128800869,0.014078783802688122,4.0,0.2,M4_eta0.2
NOG,10003,260,65.0,134144,81920,260,2.5049357414245605,100,0.1,4.0,0.2,y_bar,0.7212848663330078,0.010249597020447254,0.7212315201759338,0.009626450017094612,0.7212848663330078,0.010249597020447254,0.017038583755493164,4.0,0.2,M4_eta0.2
NOG,10003,324,81.0,166912,98304,324,3.1331348419189453,100,0.1,4.0,0.2,y_bar,0.7202684283256531,0.010110083036124706,0.7202222943305969,0.009431893937289715,0.7202684283256531,0.010110083036124706,0.015210546553134918,4.0,0.2,M4_eta0.2
NOG,10003,388,97.0,199680,114688,388,3.7109861373901367,100,0.1,4.0,0.2,y_bar,0.7200750112533569,0.009462335146963596,0.7201234102249146,0.009635405614972115,0.7200750112533569,0.009462335146963596,0.015621493570506573,4.0,0.2,M4_eta0.2
NOG,10003,452,113.0,232448,131072,452,4.304651737213135,100,0.1,4.0,0.2,y_bar,0.7200388312339783,0.009706713259220123,0.7200123071670532,0.009763680398464203,0.7200388312339783,0.009706713259220123,0.013745913282036781,4.0,0.2,M4_eta0.2
NOG,10003,516,129.0,265216,147456,516,4.893964767456055,100,0.1,4.0,0.2,y_bar,0.7191156148910522,0.009248570539057255,0.7191205620765686,0.008727005682885647,0.7191156148910522,0.009248570539057255,0.013452233746647835,4.0,0.2,M4_eta0.2
NOG,10003,580,145.0,297984,163840,580,5.507607460021973,100,0.1,4.0,0.2,y_bar,0.7197705507278442,0.010142827406525612,0.7197880744934082,0.00932049285620451,0.7197705507278442,0.010142827406525612,0.015721460804343224,4.0,0.2,M4_eta0.2
NOG,10003,644,161.0,330752,180224,644,6.052021741867065,100,0.1,4.0,0.2,y_bar,0.7197030186653137,0.009495149366557598,0.7197245955467224,0.009810449555516243,0.7197030186653137,0.009495149366557598,0.01425120234489441,4.0,0.2,M4_eta0.2
NOG,10003,708,177.0,363520,196608,708,6.729251384735107,100,0.1,4.0,0.2,y_bar,0.719654381275177,0.008694097399711609,0.7196663618087769,0.008980202488601208,0.719654381275177,0.008694097399711609,0.015785975381731987,4.0,0.2,M4_eta0.2
NOG,10003,772,193.0,396288,212992,772,7.288262367248535,100,0.1,4.0,0.2,y_bar,0.719282865524292,0.010344182141125202,0.7193134427070618,0.010838299058377743,0.719282865524292,0.010344182141125202,0.014103335328400135,4.0,0.2,M4_eta0.2
NOG,10003,836,209.0,429056,229376,836,7.934309482574463,100,0.1,4.0,0.2,y_bar,0.7192789912223816,0.009905851446092129,0.7193294167518616,0.009958665817975998,0.7192789912223816,0.009905851446092129,0.016263272613286972,4.0,0.2,M4_eta0.2
NOG,10003,900,225.0,461824,245760,900,8.561171054840088,100,0.1,4.0,0.2,y_bar,0.7194711565971375,0.009206707589328289,0.7194742560386658,0.009507200680673122,0.7194711565971375,0.009206707589328289,0.016607513651251793,4.0,0.2,M4_eta0.2
NOG,10003,960,240.0,492544,262144,960,9.143929243087769,100,0.1,4.0,0.2,y_bar,0.7196505069732666,0.009018095210194588,0.719764769077301,0.010048700496554375,0.7196505069732666,0.009018095210194588,0.016015639528632164,4.0,0.2,M4_eta0.2
NOG,10003,4,1.0,3072,16384,4,0.13348865509033203,100,0.1,4.0,0.3,y_bar,0.7275521159172058,0.00981847383081913,0.7277098894119263,0.011463062837719917,0.7275521159172058,0.00981847383081913,0.015733378008008003,4.0,0.3,M4_eta0.3
NOG,10003,68,17.0,35840,32768,68,0.6911423206329346,100,0.1,4.0,0.3,y_bar,0.7260855436325073,0.008943763561546803,0.7260370254516602,0.009198957122862339,0.7260855436325073,0.008943763561546803,0.014339580200612545,4.0,0.3,M4_eta0.3
NOG,10003,132,33.0,68608,49152,132,1.3706989288330078,100,0.1,4.0,0.3,y_bar,0.7245592474937439,0.008333349600434303,0.7246131300926208,0.010653158649802208,0.7245592474937439,0.008333349600434303,0.014067886397242546,4.0,0.3,M4_eta0.3
NOG,10003,196,49.0,101376,65536,196,1.9048478603363037,100,0.1,4.0,0.3,y_bar,0.723339319229126,0.008546611294150352,0.7232986688613892,0.008749641478061676,0.723339319229126,0.008546611294150352,0.013893676921725273,4.0,0.3,M4_eta0.3
NOG,10003,260,65.0,134144,81920,260,2.4357752799987793,100,0.1,4.0,0.3,y_bar,0.7226241827011108,0.010105013847351074,0.7225630283355713,0.0090766791254282,0.7226241827011108,0.010105013847351074,0.01696685329079628,4.0,0.3,M4_eta0.3
NOG,10003,324,81.0,166912,98304,324,2.991353988647461,100,0.1,4.0,0.3,y_bar,0.7216224074363708,0.009285727515816689,0.721631646156311,0.008980107493698597,0.7216224074363708,0.009285727515816689,0.013992894440889359,4.0,0.3,M4_eta0.3
NOG,10003,388,97.0,199680,114688,388,3.6291415691375732,100,0.1,4.0,0.3,y_bar,0.7208307385444641,0.009707075543701649,0.7207576632499695,0.009595012292265892,0.7208307385444641,0.009707075543701649,0.016883641481399536,4.0,0.3,M4_eta0.3
NOG,10003,452,113.0,232448,131072,452,4.193514585494995,100,0.1,4.0,0.3,y_bar,0.7196197509765625,0.00843097735196352,0.7195826172828674,0.008547410368919373,0.7196197509765625,0.00843097735196352,0.01290571503341198,4.0,0.3,M4_eta0.3
NOG,10003,516,129.0,265216,147456,516,4.814066648483276,100,0.1,4.0,0.3,y_bar,0.7189667820930481,0.00851838756352663,0.718933641910553,0.008824667893350124,0.7189667820930481,0.00851838756352663,0.01562619023025036,4.0,0.3,M4_eta0.3
NOG,10003,580,145.0,297984,163840,580,5.442339897155762,100,0.1,4.0,0.3,y_bar,0.7189425826072693,0.008945170789957047,0.7190025448799133,0.009338845498859882,0.7189425826072693,0.008945170789957047,0.01560217048972845,4.0,0.3,M4_eta0.3
NOG,10003,644,161.0,330752,180224,644,6.037410736083984,100,0.1,4.0,0.3,y_bar,0.7189499139785767,0.009660209529101849,0.7190122604370117,0.0100319879129529,0.7189499139785767,0.009660209529101849,0.013276715762913227,4.0,0.3,M4_eta0.3
NOG,10003,708,177.0,363520,196608,708,6.647972106933594,100,0.1,4.0,0.3,y_bar,0.7185060381889343,0.008244751021265984,0.7184842824935913,0.00844352226704359,0.7185060381889343,0.008244751021265984,0.014953598380088806,4.0,0.3,M4_eta0.3
NOG,10003,772,193.0,396288,212992,772,7.242197036743164,100,0.1,4.0,0.3,y_bar,0.7184521555900574,0.010341274552047253,0.718443751335144,0.008433686569333076,0.7184521555900574,0.010341274552047253,0.012770378030836582,4.0,0.3,M4_eta0.3
NOG,10003,836,209.0,429056,229376,836,7.801740407943726,100,0.1,4.0,0.3,y_bar,0.7180914878845215,0.009975863620638847,0.717980146408081,0.009501542896032333,0.7180914878845215,0.009975863620638847,0.016094567254185677,4.0,0.3,M4_eta0.3
NOG,10003,900,225.0,461824,245760,900,8.330256462097168,100,0.1,4.0,0.3,y_bar,0.7175403833389282,0.009687777608633041,0.7175674438476562,0.009932262822985649,0.7175403833389282,0.009687777608633041,0.015632737427949905,4.0,0.3,M4_eta0.3
NOG,10003,960,240.0,492544,262144,960,8.940128564834595,100,0.1,4.0,0.3,y_bar,0.7171461582183838,0.008569884113967419,0.7171264290809631,0.009481851011514664,0.7171461582183838,0.008569884113967419,0.015348532237112522,4.0,0.3,M4_eta0.3
NOG,10003,4,1.0,3072,16384,4,0.14082670211791992,100,0.1,4.0,0.5,y_bar,0.7275936007499695,0.009818785823881626,0.7277320027351379,0.01141856424510479,0.7275936007499695,0.009818785823881626,0.015438065864145756,4.0,0.5,M4_eta0.5
NOG,10003,68,17.0,35840,32768,68,0.7451624870300293,100,0.1,4.0,0.5,y_bar,0.7265702486038208,0.008070053532719612,0.7265569567680359,0.00825320091098547,0.7265702486038208,0.008070053532719612,0.01412455178797245,4.0,0.5,M4_eta0.5
NOG,10003,132,33.0,68608,49152,132,1.3963956832885742,100,0.1,4.0,0.5,y_bar,0.7254882454872131,0.007823145017027855,0.7254619598388672,0.009905482642352581,0.7254882454872131,0.007823145017027855,0.013936636038124561,4.0,0.5,M4_eta0.5
NOG,10003,196,49.0,101376,65536,196,2.0309720039367676,100,0.1,4.0,0.5,y_bar,0.7242939472198486,0.007128853816539049,0.7243164777755737,0.009039071388542652,0.7242939472198486,0.007128853816539049,0.012819217517971992,4.0,0.5,M4_eta0.5
NOG,10003,260,65.0,134144,81920,260,2.614132881164551,100,0.1,4.0,0.5,y_bar,0.7235100269317627,0.009411015547811985,0.7234857082366943,0.008042214438319206,0.7235100269317627,0.009411015547811985,0.01567886210978031,4.0,0.5,M4_eta0.5
NOG,10003,324,81.0,166912,98304,324,3.1927056312561035,100,0.1,4.0,0.5,y_bar,0.7231289148330688,0.009443948045372963,0.7231413722038269,0.00909546110779047,0.7231289148330688,0.009443948045372963,0.012924048118293285,4.0,0.5,M4_eta0.5
NOG,10003,388,97.0,199680,114688,388,3.726923942565918,100,0.1,4.0,0.5,y_bar,0.7225700616836548,0.009364306926727295,0.7225911617279053,0.008587134070694447,0.7225700616836548,0.009364306926727295,0.015954846516251564,4.0,0.5,M4_eta0.5
NOG,10003,452,113.0,232448,131072,452,4.361429929733276,100,0.1,4.0,0.5,y_bar,0.7220510840415955,0.007990999147295952,0.7220531105995178,0.00875951535999775,0.7220510840415955,0.007990999147295952,0.012988279573619366,4.0,0.5,M4_eta0.5
NOG,10003,516,129.0,265216,147456,516,4.956119537353516,100,0.1,4.0,0.5,y_bar,0.7217933535575867,0.008104996755719185,0.721794605255127,0.007775057572871447,0.7217933535575867,0.008104996755719185,0.01433665119111538,4.0,0.5,M4_eta0.5
NOG,10003,580,145.0,297984,163840,580,5.5737316608428955,100,0.1,4.0,0.5,y_bar,0.7214540243148804,0.008649409748613834,0.721520185470581,0.007830677554011345,0.7214540243148804,0.008649409748613834,0.0136483795940876,4.0,0.5,M4_eta0.5
NOG,10003,644,161.0,330752,180224,644,6.208904981613159,100,0.1,4.0,0.5,y_bar,0.7211503982543945,0.008737841621041298,0.7211431860923767,0.010042032226920128,0.7211503982543945,0.008737841621041298,0.014472161419689655,4.0,0.5,M4_eta0.5
NOG,10003,708,177.0,363520,196608,708,6.719594955444336,100,0.1,4.0,0.5,y_bar,0.720791220664978,0.007803731597959995,0.7207964658737183,0.009429380297660828,0.720791220664978,0.007803731597959995,0.014809505082666874,4.0,0.5,M4_eta0.5
NOG,10003,772,193.0,396288,212992,772,7.311845064163208,100,0.1,4.0,0.5,y_bar,0.7204259634017944,0.009204353205859661,0.7204460501670837,0.00852764118462801,0.7204259634017944,0.009204353205859661,0.012748807668685913,4.0,0.5,M4_eta0.5
NOG,10003,836,209.0,429056,229376,836,7.9023191928863525,100,0.1,4.0,0.5,y_bar,0.7201493382453918,0.008316186256706715,0.720095694065094,0.007346856873482466,0.7201493382453918,0.008316186256706715,0.015101416036486626,4.0,0.5,M4_eta0.5
NOG,10003,900,225.0,461824,245760,900,8.49262547492981,100,0.1,4.0,0.5,y_bar,0.7199006676673889,0.009100276045501232,0.7199066877365112,0.008204360492527485,0.7199006676673889,0.009100276045501232,0.014405375346541405,4.0,0.5,M4_eta0.5
NOG,10003,960,240.0,492544,262144,960,9.05397081375122,100,0.1,4.0,0.5,y_bar,0.7195981740951538,0.007662379182875156,0.7196153402328491,0.008153343573212624,0.7195981740951538,0.007662379182875156,0.014930452220141888,4.0,0.5,M4_eta0.5
NOG,10003,8,1.0,5120,16384,8,0.16468477249145508,100,0.1,8.0,0.1,y_bar,0.72747403383255,0.011704969219863415,0.72756427526474,0.011110648512840271,0.72747403383255,0.011704969219863415,0.011790655553340912,8.0,0.1,M8_eta0.1
NOG,10003,72,9.0,37888,32768,72,0.7341628074645996,100,0.1,8.0,0.1,y_bar,0.7265073657035828,0.008778172545135021,0.7264379262924194,0.00854276679456234,0.7265073657035828,0.008778172545135021,0.009557495824992657,8.0,0.1,M8_eta0.1
NOG,10003,136,17.0,70656,49152,136,1.3256151676177979,100,0.1,8.0,0.1,y_bar,0.7252737283706665,0.00869383942335844,0.7252038717269897,0.009343014098703861,0.7252737283706665,0.00869383942335844,0.009820104576647282,8.0,0.1,M8_eta0.1
NOG,10003,200,25.0,103424,65536,200,1.9406261444091797,100,0.1,8.0,0.1,y_bar,0.7242688536643982,0.008316624909639359,0.724206805229187,0.008485131897032261,0.7242688536643982,0.008316624909639359,0.011252290569245815,8.0,0.1,M8_eta0.1
NOG,10003,264,33.0,136192,81920,264,2.5936691761016846,100,0.1,8.0,0.1,y_bar,0.7233792543411255,0.008927768096327782,0.7233151793479919,0.009206237271428108,0.7233792543411255,0.008927768096327782,0.011576760560274124,8.0,0.1,M8_eta0.1
NOG,10003,328,41.0,168960,98304,328,3.2356932163238525,100,0.1,8.0,0.1,y_bar,0.7227873802185059,0.008426500484347343,0.7227883338928223,0.009607595391571522,0.7227873802185059,0.008426500484347343,0.010309234261512756,8.0,0.1,M8_eta0.1
NOG,10003,392,49.0,201728,114688,392,3.8124332427978516,100,0.1,8.0,0.1,y_bar,0.7224904894828796,0.010179471224546432,0.7224153280258179,0.008605475537478924,0.7224904894828796,0.010179471224546432,0.01186624076217413,8.0,0.1,M8_eta0.1
NOG,10003,456,57.0,234496,131072,456,4.372511863708496,100,0.1,8.0,0.1,y_bar,0.7214179039001465,0.008492142893373966,0.7213605046272278,0.010186325758695602,0.7214179039001465,0.008492142893373966,0.009188974276185036,8.0,0.1,M8_eta0.1
NOG,10003,520,65.0,267264,147456,520,4.9782397747039795,100,0.1,8.0,0.1,y_bar,0.7206751108169556,0.008128547109663486,0.7206060290336609,0.008817700669169426,0.7206751108169556,0.008128547109663486,0.010102692060172558,8.0,0.1,M8_eta0.1
NOG,10003,584,73.0,300032,163840,584,5.554304838180542,100,0.1,8.0,0.1,y_bar,0.7200417518615723,0.008643312379717827,0.7200325727462769,0.008711869828402996,0.7200417518615723,0.008643312379717827,0.01108450349420309,8.0,0.1,M8_eta0.1
NOG,10003,648,81.0,332800,180224,648,6.211732387542725,100,0.1,8.0,0.1,y_bar,0.7193862199783325,0.008616788312792778,0.7193806767463684,0.009350888431072235,0.7193862199783325,0.008616788312792778,0.010767382569611073,8.0,0.1,M8_eta0.1
NOG,10003,712,89.0,365568,196608,712,6.826021432876587,100,0.1,8.0,0.1,y_bar,0.7190214395523071,0.008638348430395126,0.7189850807189941,0.008959410712122917,0.7190214395523071,0.008638348430395126,0.01059561874717474,8.0,0.1,M8_eta0.1
NOG,10003,776,97.0,398336,212992,776,7.437516450881958,100,0.1,8.0,0.1,y_bar,0.7185487747192383,0.008649837225675583,0.7184780240058899,0.008794069290161133,0.7185487747192383,0.008649837225675583,0.010985790751874447,8.0,0.1,M8_eta0.1
NOG,10003,840,105.0,431104,229376,840,8.053946495056152,100,0.1,8.0,0.1,y_bar,0.7180787324905396,0.008507602848112583,0.7180095314979553,0.007846087217330933,0.7180787324905396,0.008507602848112583,0.01126556284725666,8.0,0.1,M8_eta0.1
NOG,10003,904,113.0,463872,245760,904,8.622415542602539,100,0.1,8.0,0.1,y_bar,0.7177357077598572,0.008653393015265465,0.7177175283432007,0.008886856958270073,0.7177357077598572,0.008653393015265465,0.011042395606637001,8.0,0.1,M8_eta0.1
NOG,10003,960,120.0,492544,262144,960,9.122069597244263,100,0.1,8.0,0.1,y_bar,0.7172418236732483,0.007906826213002205,0.7172339558601379,0.007869204506278038,0.7172418236732483,0.007906826213002205,0.01094826404005289,8.0,0.1,M8_eta0.1
NOG,10003,8,1.0,5120,16384,8,0.17363715171813965,100,0.1,8.0,0.2,y_bar,0.727544903755188,0.01160351186990738,0.7276184558868408,0.011125989258289337,0.727544903755188,0.01160351186990738,0.011493058875203133,8.0,0.2,M8_eta0.2
NOG,10003,72,9.0,37888,32768,72,0.7555618286132812,100,0.1,8.0,0.2,y_bar,0.7268667221069336,0.008601660840213299,0.7268475294113159,0.008053788915276527,0.7268667221069336,0.008601660840213299,0.008852730505168438,8.0,0.2,M8_eta0.2
NOG,10003,136,17.0,70656,49152,136,1.3424925804138184,100,0.1,8.0,0.2,y_bar,0.7260438799858093,0.007923140190541744,0.7259800434112549,0.008725637570023537,0.7260438799858093,0.007923140190541744,0.009868987835943699,8.0,0.2,M8_eta0.2
NOG,10003,200,25.0,103424,65536,200,2.0121068954467773,100,0.1,8.0,0.2,y_bar,0.7251003384590149,0.008149904198944569,0.7250640988349915,0.0082932710647583,0.7251003384590149,0.008149904198944569,0.009922932833433151,8.0,0.2,M8_eta0.2
NOG,10003,264,33.0,136192,81920,264,2.5790772438049316,100,0.1,8.0,0.2,y_bar,0.7243545055389404,0.008075065910816193,0.7243354916572571,0.008017968386411667,0.7243545055389404,0.008075065910816193,0.01110953651368618,8.0,0.2,M8_eta0.2
NOG,10003,328,41.0,168960,98304,328,3.135540246963501,100,0.1,8.0,0.2,y_bar,0.7236964106559753,0.008430581539869308,0.7236551642417908,0.007657561916857958,0.7236964106559753,0.008430581539869308,0.009759205393493176,8.0,0.2,M8_eta0.2
NOG,10003,392,49.0,201728,114688,392,3.7004008293151855,100,0.1,8.0,0.2,y_bar,0.7233302593231201,0.008040457963943481,0.7232928276062012,0.008339296095073223,0.7233302593231201,0.008040457963943481,0.010253184475004673,8.0,0.2,M8_eta0.2
NOG,10003,456,57.0,234496,131072,456,4.2714385986328125,100,0.1,8.0,0.2,y_bar,0.7229908108711243,0.008387601003050804,0.7229565382003784,0.009269182570278645,0.7229908108711243,0.008387601003050804,0.008548959158360958,8.0,0.2,M8_eta0.2
NOG,10003,520,65.0,267264,147456,520,5.00800347328186,100,0.1,8.0,0.2,y_bar,0.7226608991622925,0.00817540567368269,0.7226501107215881,0.00887504406273365,0.7226608991622925,0.00817540567368269,0.008395214565098286,8.0,0.2,M8_eta0.2
NOG,10003,584,73.0,300032,163840,584,5.7114527225494385,100,0.1,8.0,0.2,y_bar,0.7223337292671204,0.008036301471292973,0.722325325012207,0.007883764803409576,0.7223337292671204,0.008036301471292973,0.010280834510922432,8.0,0.2,M8_eta0.2
NOG,10003,648,81.0,332800,180224,648,6.237102746963501,100,0.1,8.0,0.2,y_bar,0.7221023440361023,0.00807795487344265,0.7220996022224426,0.007554568815976381,0.7221023440361023,0.00807795487344265,0.010486849583685398,8.0,0.2,M8_eta0.2
NOG,10003,712,89.0,365568,196608,712,6.752654314041138,100,0.1,8.0,0.2,y_bar,0.7219810485839844,0.00794870126992464,0.7219913005828857,0.007612407207489014,0.7219810485839844,0.00794870126992464,0.009829196147620678,8.0,0.2,M8_eta0.2
NOG,10003,776,97.0,398336,212992,776,7.333756446838379,100,0.1,8.0,0.2,y_bar,0.7218901515007019,0.008790956810116768,0.7218852043151855,0.007899830117821693,0.7218901515007019,0.008790956810116768,0.008524899370968342,8.0,0.2,M8_eta0.2
NOG,10003,840,105.0,431104,229376,840,7.918615341186523,100,0.1,8.0,0.2,y_bar,0.7217186093330383,0.007813666015863419,0.7217358350753784,0.008562697097659111,0.7217186093330383,0.007813666015863419,0.010013251565396786,8.0,0.2,M8_eta0.2
NOG,10003,904,113.0,463872,245760,904,8.48789381980896,100,0.1,8.0,0.2,y_bar,0.7215662002563477,0.00840687658637762,0.7215519547462463,0.007263099774718285,0.7215662002563477,0.00840687658637762,0.010337877087295055,8.0,0.2,M8_eta0.2
NOG,10003,960,120.0,492544,262144,960,9.041325330734253,100,0.1,8.0,0.2,y_bar,0.7214990258216858,0.007559441030025482,0.7215068340301514,0.007431189529597759,0.7214990258216858,0.007559441030025482,0.009517249651253223,8.0,0.2,M8_eta0.2
NOG,10003,8,1.0,5120,16384,8,0.17036747932434082,100,0.1,8.0,0.3,y_bar,0.7274916768074036,0.011617542244493961,0.7275162935256958,0.01081476267427206,0.7274916768074036,0.011617542244493961,0.011458994820713997,8.0,0.3,M8_eta0.3
NOG,10003,72,9.0,37888,32768,72,0.7666928768157959,100,0.1,8.0,0.3,y_bar,0.7271050214767456,0.008187208324670792,0.7271031737327576,0.0078746248036623,0.7271050214767456,0.008187208324670792,0.008989685215055943,8.0,0.3,M8_eta0.3
NOG,10003,136,17.0,70656,49152,136,1.3273670673370361,100,0.1,8.0,0.3,y_bar,0.7266628742218018,0.007871158421039581,0.7266066670417786,0.008632947690784931,0.7266628742218018,0.007871158421039581,0.009954564273357391,8.0,0.3,M8_eta0.3
NOG,10003,200,25.0,103424,65536,200,1.8728702068328857,100,0.1,8.0,0.3,y_bar,0.7260683178901672,0.008323985151946545,0.7260294556617737,0.007874727249145508,0.7260683178901672,0.008323985151946545,0.010212620720267296,8.0,0.3,M8_eta0.3
NOG,10003,264,33.0,136192,81920,264,2.448471784591675,100,0.1,8.0,0.3,y_bar,0.7255107760429382,0.008149424567818642,0.7254910469055176,0.007649398408830166,0.7255107760429382,0.008149424567818642,0.01100036222487688,8.0,0.3,M8_eta0.3
NOG,10003,328,41.0,168960,98304,328,3.0371336936950684,100,0.1,8.0,0.3,y_bar,0.7249086499214172,0.00825519673526287,0.7248771786689758,0.007936016656458378,0.7249086499214172,0.00825519673526287,0.008806952275335789,8.0,0.3,M8_eta0.3
NOG,10003,392,49.0,201728,114688,392,3.573796033859253,100,0.1,8.0,0.3,y_bar,0.724476158618927,0.007581090554594994,0.7244526743888855,0.007987289689481258,0.724476158618927,0.007581090554594994,0.00941944308578968,8.0,0.3,M8_eta0.3
NOG,10003,456,57.0,234496,131072,456,4.15429425239563,100,0.1,8.0,0.3,y_bar,0.7240828275680542,0.007916698232293129,0.7240638136863708,0.008482526056468487,0.7240828275680542,0.007916698232293129,0.007975392043590546,8.0,0.3,M8_eta0.3
NOG,10003,520,65.0,267264,147456,520,4.7307093143463135,100,0.1,8.0,0.3,y_bar,0.723788857460022,0.0077896723523736,0.7237668037414551,0.007720421999692917,0.723788857460022,0.0077896723523736,0.008201736956834793,8.0,0.3,M8_eta0.3
NOG,10003,584,73.0,300032,163840,584,5.323602914810181,100,0.1,8.0,0.3,y_bar,0.7234851121902466,0.0076858787797391415,0.7234483957290649,0.007303977385163307,0.7234851121902466,0.0076858787797391415,0.010152550414204597,8.0,0.3,M8_eta0.3
NOG,10003,648,81.0,332800,180224,648,5.8834388256073,100,0.1,8.0,0.3,y_bar,0.7232337594032288,0.007347297854721546,0.7232341170310974,0.007631866727024317,0.7232337594032288,0.007347297854721546,0.009807104244828224,8.0,0.3,M8_eta0.3
NOG,10003,712,89.0,365568,196608,712,6.4302942752838135,100,0.1,8.0,0.3,y_bar,0.723052442073822,0.00847411435097456,0.7230366468429565,0.007452621124684811,0.723052442073822,0.00847411435097456,0.009980698116123676,8.0,0.3,M8_eta0.3
NOG,10003,776,97.0,398336,212992,776,7.04997706413269,100,0.1,8.0,0.3,y_bar,0.7228153944015503,0.008746255189180374,0.7228097915649414,0.007585064973682165,0.7228153944015503,0.008746255189180374,0.009156608954071999,8.0,0.3,M8_eta0.3
NOG,10003,840,105.0,431104,229376,840,7.614141941070557,100,0.1,8.0,0.3,y_bar,0.7226017713546753,0.007622210308909416,0.7225946187973022,0.00815205741673708,0.7226017713546753,0.007622210308909416,0.010477337054908276,8.0,0.3,M8_eta0.3
NOG,10003,904,113.0,463872,245760,904,8.168277025222778,100,0.1,8.0,0.3,y_bar,0.7224302887916565,0.007845229469239712,0.7224159240722656,0.007317098788917065,0.7224302887916565,0.007845229469239712,0.009329564869403839,8.0,0.3,M8_eta0.3
NOG,10003,960,120.0,492544,262144,960,8.683588981628418,100,0.1,8.0,0.3,y_bar,0.722274124622345,0.007541104219853878,0.7222445607185364,0.007225122302770615,0.722274124622345,0.007541104219853878,0.009488004259765148,8.0,0.3,M8_eta0.3
NOG,10003,8,1.0,5120,16384,8,0.18826889991760254,100,0.1,8.0,0.5,y_bar,0.7274505496025085,0.011627641506493092,0.7274527549743652,0.010805031284689903,0.7274505496025085,0.011627641506493092,0.011661063879728317,8.0,0.5,M8_eta0.5
NOG,10003,72,9.0,37888,32768,72,0.7658443450927734,100,0.1,8.0,0.5,y_bar,0.7272398471832275,0.007776614744216204,0.727246105670929,0.007644733414053917,0.7272398471832275,0.007776614744216204,0.008915210142731667,8.0,0.5,M8_eta0.5
NOG,10003,136,17.0,70656,49152,136,1.3612253665924072,100,0.1,8.0,0.5,y_bar,0.7270493507385254,0.00717230886220932,0.7270052433013916,0.008462678641080856,0.7270493507385254,0.00717230886220932,0.009709923528134823,8.0,0.5,M8_eta0.5
NOG,10003,200,25.0,103424,65536,200,1.946962594985962,100,0.1,8.0,0.5,y_bar,0.7267544269561768,0.008026516996324062,0.7267218828201294,0.007831265218555927,0.7267544269561768,0.008026516996324062,0.009924087673425674,8.0,0.5,M8_eta0.5
NOG,10003,264,33.0,136192,81920,264,2.5262551307678223,100,0.1,8.0,0.5,y_bar,0.7264283299446106,0.008430669084191322,0.7264255881309509,0.007885738275945187,0.7264283299446106,0.008430669084191322,0.010739478282630444,8.0,0.5,M8_eta0.5
NOG,10003,328,41.0,168960,98304,328,3.0807387828826904,100,0.1,8.0,0.5,y_bar,0.7260268330574036,0.00807145144790411,0.726032018661499,0.007734713144600391,0.7260268330574036,0.00807145144790411,0.00842873565852642,8.0,0.5,M8_eta0.5
NOG,10003,392,49.0,201728,114688,392,3.6627068519592285,100,0.1,8.0,0.5,y_bar,0.7257462739944458,0.007804499007761478,0.7257422208786011,0.00783419981598854,0.7257462739944458,0.007804499007761478,0.009451608173549175,8.0,0.5,M8_eta0.5
NOG,10003,456,57.0,234496,131072,456,4.228756904602051,100,0.1,8.0,0.5,y_bar,0.7255110740661621,0.007575104013085365,0.7254897952079773,0.008347383700311184,0.7255110740661621,0.007575104013085365,0.009077263064682484,8.0,0.5,M8_eta0.5
NOG,10003,520,65.0,267264,147456,520,4.825540781021118,100,0.1,8.0,0.5,y_bar,0.725233793258667,0.007668592967092991,0.725227952003479,0.0075882235541939735,0.725233793258667,0.007668592967092991,0.00853653997182846,8.0,0.5,M8_eta0.5
NOG,10003,584,73.0,300032,163840,584,5.397858619689941,100,0.1,8.0,0.5,y_bar,0.7249630689620972,0.007236289791762829,0.7249526977539062,0.00725486408919096,0.7249630689620972,0.007236289791762829,0.010609486140310764,8.0,0.5,M8_eta0.5
NOG,10003,648,81.0,332800,180224,648,5.963970422744751,100,0.1,8.0,0.5,y_bar,0.7247502207756042,0.007420409005135298,0.7247350215911865,0.007641642354428768,0.7247502207756042,0.007420409005135298,0.009806333109736443,8.0,0.5,M8_eta0.5
NOG,10003,712,89.0,365568,196608,712,6.517561435699463,100,0.1,8.0,0.5,y_bar,0.724531888961792,0.007665378041565418,0.7245199084281921,0.007839545607566833,0.724531888961792,0.007665378041565418,0.01026538759469986,8.0,0.5,M8_eta0.5
NOG,10003,776,97.0,398336,212992,776,7.096644401550293,100,0.1,8.0,0.5,y_bar,0.7242876887321472,0.008496490307152271,0.7242934107780457,0.006916659418493509,0.7242876887321472,0.008496490307152271,0.009368309751152992,8.0,0.5,M8_eta0.5
NOG,10003,840,105.0,431104,229376,840,7.654460191726685,100,0.1,8.0,0.5,y_bar,0.7241237163543701,0.007854976691305637,0.7241021990776062,0.007678260561078787,0.7241237163543701,0.007854976691305637,0.010055633261799812,8.0,0.5,M8_eta0.5
NOG,10003,904,113.0,463872,245760,904,8.215358257293701,100,0.1,8.0,0.5,y_bar,0.7239588499069214,0.007461003493517637,0.7239561080932617,0.007152083329856396,0.7239588499069214,0.007461003493517637,0.009125486016273499,8.0,0.5,M8_eta0.5
NOG,10003,960,120.0,492544,262144,960,8.708255529403687,100,0.1,8.0,0.5,y_bar,0.7237843871116638,0.0076415142975747585,0.7237582206726074,0.007709761615842581,0.7237843871116638,0.0076415142975747585,0.009452327154576778,8.0,0.5,M8_eta0.5
NOG,10003,12,1.0,7168,16384,12,0.1788644790649414,100,0.1,12.0,0.1,y_bar,0.7274956703186035,0.01078819576650858,0.7275516986846924,0.010387871414422989,0.7274956703186035,0.01078819576650858,0.009924397803843021,12.0,0.1,M12_eta0.1
NOG,10003,84,7.0,44032,32768,84,0.824326753616333,100,0.1,12.0,0.1,y_bar,0.7269129753112793,0.007899242453277111,0.7268514037132263,0.008121983148157597,0.7269129753112793,0.007899242453277111,0.00832996517419815,12.0,0.1,M12_eta0.1
NOG,10003,156,13.0,80896,49152,156,1.4243929386138916,100,0.1,12.0,0.1,y_bar,0.7260310053825378,0.008347216993570328,0.7259677052497864,0.007730978075414896,0.7260310053825378,0.008347216993570328,0.008232601918280125,12.0,0.1,M12_eta0.1
NOG,10003,228,19.0,117760,65536,228,2.051973819732666,100,0.1,12.0,0.1,y_bar,0.7251631021499634,0.0070851570926606655,0.7251284122467041,0.008234888315200806,0.7251631021499634,0.0070851570926606655,0.008094866760075092,12.0,0.1,M12_eta0.1
NOG,10003,300,25.0,154624,81920,300,2.693491220474243,100,0.1,12.0,0.1,y_bar,0.7245637774467468,0.007675287779420614,0.7245131134986877,0.008657536469399929,0.7245637774467468,0.007675287779420614,0.008658683858811855,12.0,0.1,M12_eta0.1
NOG,10003,372,31.0,191488,98304,372,3.325382947921753,100,0.1,12.0,0.1,y_bar,0.7239947319030762,0.008687742985785007,0.7239825129508972,0.008461805991828442,0.7239947319030762,0.008687742985785007,0.007751512341201305,12.0,0.1,M12_eta0.1
NOG,10003,444,37.0,228352,114688,444,3.9983537197113037,100,0.1,12.0,0.1,y_bar,0.7235845327377319,0.007664981763809919,0.7235300540924072,0.008098470978438854,0.7235845327377319,0.007664981763809919,0.00894288532435894,12.0,0.1,M12_eta0.1
NOG,10003,516,43.0,265216,131072,516,4.607486248016357,100,0.1,12.0,0.1,y_bar,0.7232519388198853,0.007438241504132748,0.7232580184936523,0.008967716246843338,0.7232519388198853,0.007438241504132748,0.009336031973361969,12.0,0.1,M12_eta0.1
NOG,10003,588,49.0,302080,147456,588,5.229360103607178,100,0.1,12.0,0.1,y_bar,0.7229558825492859,0.007624316960573196,0.7229658365249634,0.00851706974208355,0.7229558825492859,0.007624316960573196,0.008215672336518764,12.0,0.1,M12_eta0.1
NOG,10003,660,55.0,338944,163840,660,5.87284255027771,100,0.1,12.0,0.1,y_bar,0.7225008010864258,0.008503838442265987,0.7224789261817932,0.009226638823747635,0.7225008010864258,0.008503838442265987,0.008190033957362175,12.0,0.1,M12_eta0.1
NOG,10003,732,61.0,375808,180224,732,6.499950647354126,100,0.1,12.0,0.1,y_bar,0.722090482711792,0.008009902201592922,0.7220870852470398,0.006665222812443972,0.722090482711792,0.008009902201592922,0.007712389808148146,12.0,0.1,M12_eta0.1
NOG,10003,804,67.0,412672,196608,804,7.085188865661621,100,0.1,12.0,0.1,y_bar,0.7217531800270081,0.008541403338313103,0.7217360734939575,0.007988965138792992,0.7217531800270081,0.008541403338313103,0.009671163745224476,12.0,0.1,M12_eta0.1
NOG,10003,876,73.0,449536,212992,876,7.688660383224487,100,0.1,12.0,0.1,y_bar,0.7213549613952637,0.008644064888358116,0.7213476896286011,0.00967264361679554,0.7213549613952637,0.008644064888358116,0.009132837876677513,12.0,0.1,M12_eta0.1
NOG,10003,948,79.0,486400,229376,948,8.328304052352905,100,0.1,12.0,0.1,y_bar,0.7209773063659668,0.0070207687094807625,0.7209565043449402,0.007995229214429855,0.7209773063659668,0.0070207687094807625,0.00794394314289093,12.0,0.1,M12_eta0.1
NOG,10003,960,80.0,492544,245760,960,8.532684803009033,100,0.1,12.0,0.1,y_bar,0.7209308743476868,0.006779862102121115,0.7209556698799133,0.007436458021402359,0.7209308743476868,0.006779862102121115,0.0073990304954349995,12.0,0.1,M12_eta0.1
NOG,10003,12,1.0,7168,16384,12,0.19307971000671387,100,0.1,12.0,0.2,y_bar,0.7274488210678101,0.0108642578125,0.7274529337882996,0.010374489240348339,0.7274488210678101,0.0108642578125,0.00993278343230486,12.0,0.2,M12_eta0.2
NOG,10003,84,7.0,44032,32768,84,0.8633420467376709,100,0.1,12.0,0.2,y_bar,0.7271910905838013,0.007460886612534523,0.7271837592124939,0.007971664890646935,0.7271910905838013,0.007460886612534523,0.007857674732804298,12.0,0.2,M12_eta0.2
NOG,10003,156,13.0,80896,49152,156,1.4879233837127686,100,0.1,12.0,0.2,y_bar,0.7268134355545044,0.007860458455979824,0.7268089056015015,0.00753692677244544,0.7268134355545044,0.007860458455979824,0.007361828349530697,12.0,0.2,M12_eta0.2
NOG,10003,228,19.0,117760,65536,228,2.131166934967041,100,0.1,12.0,0.2,y_bar,0.7263465523719788,0.007111643441021442,0.7263490557670593,0.008024816401302814,0.7263465523719788,0.007111643441021442,0.007654337212443352,12.0,0.2,M12_eta0.2
NOG,10003,300,25.0,154624,81920,300,2.718797206878662,100,0.1,12.0,0.2,y_bar,0.7259354591369629,0.007613891735672951,0.7258875370025635,0.007981562055647373,0.7259354591369629,0.007613891735672951,0.007966920733451843,12.0,0.2,M12_eta0.2
NOG,10003,372,31.0,191488,98304,372,3.31123685836792,100,0.1,12.0,0.2,y_bar,0.7255129218101501,0.008060470223426819,0.7255209684371948,0.008878784254193306,0.7255129218101501,0.008060470223426819,0.0071661146357655525,12.0,0.2,M12_eta0.2
NOG,10003,444,37.0,228352,114688,444,3.9258172512054443,100,0.1,12.0,0.2,y_bar,0.725228488445282,0.00733975600451231,0.7251931428909302,0.0074307722970843315,0.725228488445282,0.00733975600451231,0.008588399738073349,12.0,0.2,M12_eta0.2
NOG,10003,516,43.0,265216,131072,516,4.547674894332886,100,0.1,12.0,0.2,y_bar,0.7249547243118286,0.0068989102728664875,0.7249146103858948,0.007946770638227463,0.7249547243118286,0.0068989102728664875,0.008978920988738537,12.0,0.2,M12_eta0.2
NOG,10003,588,49.0,302080,147456,588,5.199042797088623,100,0.1,12.0,0.2,y_bar,0.7246121168136597,0.007607677485793829,0.724617600440979,0.007999196648597717,0.7246121168136597,0.007607677485793829,0.007481227163225412,12.0,0.2,M12_eta0.2
NOG,10003,660,55.0,338944,163840,660,5.854981422424316,100,0.1,12.0,0.2,y_bar,0.7243448495864868,0.007694560568779707,0.7243261337280273,0.00816845241934061,0.7243448495864868,0.007694560568779707,0.008058602921664715,12.0,0.2,M12_eta0.2
NOG,10003,732,61.0,375808,180224,732,6.4564127922058105,100,0.1,12.0,0.2,y_bar,0.7240945100784302,0.007295145653188229,0.7241085767745972,0.006888085976243019,0.7240945100784302,0.007295145653188229,0.007366620469838381,12.0,0.2,M12_eta0.2
NOG,10003,804,67.0,412672,196608,804,7.2315239906311035,100,0.1,12.0,0.2,y_bar,0.7239616513252258,0.0071134320460259914,0.7239683866500854,0.007713280152529478,0.7239616513252258,0.0071134320460259914,0.007901196368038654,12.0,0.2,M12_eta0.2
NOG,10003,876,73.0,449536,212992,876,7.968154668807983,100,0.1,12.0,0.2,y_bar,0.7236779928207397,0.008485202677547932,0.72365403175354,0.00845283828675747,0.7236779928207397,0.008485202677547932,0.008138804696500301,12.0,0.2,M12_eta0.2
NOG,10003,948,79.0,486400,229376,948,8.686129093170166,100,0.1,12.0,0.2,y_bar,0.7234659790992737,0.007288141641765833,0.7234595417976379,0.007183054927736521,0.7234659790992737,0.007288141641765833,0.007079494185745716,12.0,0.2,M12_eta0.2
NOG,10003,960,80.0,492544,245760,960,8.921790361404419,100,0.1,12.0,0.2,y_bar,0.7234126329421997,0.006923273205757141,0.7233946919441223,0.007244391366839409,0.7234126329421997,0.006923273205757141,0.007697740104049444,12.0,0.2,M12_eta0.2
NOG,10003,12,1.0,7168,16384,12,0.2149827480316162,100,0.1,12.0,0.3,y_bar,0.7274214625358582,0.011015440337359905,0.7274209856987,0.010624783113598824,0.7274214625358582,0.011015440337359905,0.010230468586087227,12.0,0.3,M12_eta0.3
NOG,10003,84,7.0,44032,32768,84,0.9297261238098145,100,0.1,12.0,0.3,y_bar,0.7272692918777466,0.007326359394937754,0.7272690534591675,0.007853363640606403,0.7272692918777466,0.007326359394937754,0.007827682420611382,12.0,0.3,M12_eta0.3
NOG,10003,156,13.0,80896,49152,156,1.583531379699707,100,0.1,12.0,0.3,y_bar,0.7270709872245789,0.007506721653044224,0.7270763516426086,0.007146024145185947,0.7270709872245789,0.007506721653044224,0.007193091791123152,12.0,0.3,M12_eta0.3
NOG,10003,228,19.0,117760,65536,228,2.2497615814208984,100,0.1,12.0,0.3,y_bar,0.7268163561820984,0.00737116439267993,0.7268228530883789,0.007918492890894413,0.7268163561820984,0.00737116439267993,0.0077365911565721035,12.0,0.3,M12_eta0.3
NOG,10003,300,25.0,154624,81920,300,2.868621349334717,100,0.1,12.0,0.3,y_bar,0.7265697121620178,0.007251209579408169,0.7265385389328003,0.007745138835161924,0.7265697121620178,0.007251209579408169,0.008044669404625893,12.0,0.3,M12_eta0.3
NOG,10003,372,31.0,191488,98304,372,3.5588765144348145,100,0.1,12.0,0.3,y_bar,0.7262731790542603,0.007596134208142757,0.7262679934501648,0.008747709915041924,0.7262731790542603,0.007596134208142757,0.007137338165193796,12.0,0.3,M12_eta0.3
NOG,10003,444,37.0,228352,114688,444,4.199056625366211,100,0.1,12.0,0.3,y_bar,0.7260439991950989,0.007434920873492956,0.7260159254074097,0.0072893365286290646,0.7260439991950989,0.007434920873492956,0.008633974939584732,12.0,0.3,M12_eta0.3
NOG,10003,516,43.0,265216,131072,516,4.923317193984985,100,0.1,12.0,0.3,y_bar,0.7258365154266357,0.006598268169909716,0.7258011698722839,0.007673365063965321,0.7258365154266357,0.006598268169909716,0.009271512739360332,12.0,0.3,M12_eta0.3
NOG,10003,588,49.0,302080,147456,588,5.558409929275513,100,0.1,12.0,0.3,y_bar,0.7255769371986389,0.007599191274493933,0.7255799174308777,0.007718588225543499,0.7255769371986389,0.007599191274493933,0.007813396863639355,12.0,0.3,M12_eta0.3
NOG,10003,660,55.0,338944,163840,660,6.192371606826782,100,0.1,12.0,0.3,y_bar,0.7253849506378174,0.00804109312593937,0.7253785729408264,0.00816506426781416,0.7253849506378174,0.00804109312593937,0.008061540313065052,12.0,0.3,M12_eta0.3
NOG,10003,732,61.0,375808,180224,732,6.781450271606445,100,0.1,12.0,0.3,y_bar,0.7251531481742859,0.007743147201836109,0.725156843662262,0.00713819544762373,0.7251531481742859,0.007743147201836109,0.007748622912913561,12.0,0.3,M12_eta0.3
NOG,10003,804,67.0,412672,196608,804,7.354819059371948,100,0.1,12.0,0.3,y_bar,0.7249783277511597,0.007041380740702152,0.7249853610992432,0.007655197288841009,0.7249783277511597,0.007041380740702152,0.007539716549217701,12.0,0.3,M12_eta0.3
NOG,10003,876,73.0,449536,212992,876,8.018566131591797,100,0.1,12.0,0.3,y_bar,0.7247529625892639,0.008379173465073109,0.7247351408004761,0.008341277949512005,0.7247529625892639,0.008379173465073109,0.008227859623730183,12.0,0.3,M12_eta0.3
NOG,10003,948,79.0,486400,229376,948,8.745743751525879,100,0.1,12.0,0.3,y_bar,0.7246001958847046,0.007130058947950602,0.7245772480964661,0.007150842808187008,0.7246001958847046,0.007130058947950602,0.007466758135706186,12.0,0.3,M12_eta0.3
NOG,10003,960,80.0,492544,245760,960,8.958471298217773,100,0.1,12.0,0.3,y_bar,0.7245553135871887,0.006672304589301348,0.7245494723320007,0.007364887278527021,0.7245553135871887,0.006672304589301348,0.00793911051005125,12.0,0.3,M12_eta0.3
NOG,10003,12,1.0,7168,16384,12,0.24654531478881836,100,0.1,12.0,0.5,y_bar,0.7274080514907837,0.011176780797541142,0.7274078726768494,0.01086262334138155,0.7274080514907837,0.011176780797541142,0.010497422888875008,12.0,0.5,M12_eta0.5
NOG,10003,84,7.0,44032,32768,84,0.8863825798034668,100,0.1,12.0,0.5,y_bar,0.7273011207580566,0.007438862230628729,0.7273014187812805,0.00785334687680006,0.7273011207580566,0.007438862230628729,0.007885387167334557,12.0,0.5,M12_eta0.5
NOG,10003,156,13.0,80896,49152,156,1.6053919792175293,100,0.1,12.0,0.5,y_bar,0.7271834015846252,0.0073185754008591175,0.7271854877471924,0.006978687830269337,0.7271834015846252,0.0073185754008591175,0.007392059080302715,12.0,0.5,M12_eta0.5
NOG,10003,228,19.0,117760,65536,228,2.335725784301758,100,0.1,12.0,0.5,y_bar,0.727013885974884,0.007314429152756929,0.7270176410675049,0.007763077039271593,0.727013885974884,0.007314429152756929,0.0077408249489963055,12.0,0.5,M12_eta0.5
NOG,10003,300,25.0,154624,81920,300,2.9563939571380615,100,0.1,12.0,0.5,y_bar,0.7268680930137634,0.007161617279052734,0.7268502116203308,0.007617081981152296,0.7268680930137634,0.007161617279052734,0.008100706152617931,12.0,0.5,M12_eta0.5
NOG,10003,372,31.0,191488,98304,372,3.6065902709960938,100,0.1,12.0,0.5,y_bar,0.7266735434532166,0.007418207358568907,0.7266793847084045,0.008720538578927517,0.7266735434532166,0.007418207358568907,0.00726423691958189,12.0,0.5,M12_eta0.5
NOG,10003,444,37.0,228352,114688,444,4.329668045043945,100,0.1,12.0,0.5,y_bar,0.7265064716339111,0.00720555055886507,0.7264907360076904,0.0073478552512824535,0.7265064716339111,0.00720555055886507,0.008664533495903015,12.0,0.5,M12_eta0.5
NOG,10003,516,43.0,265216,131072,516,4.979048490524292,100,0.1,12.0,0.5,y_bar,0.7263545393943787,0.0064951456151902676,0.7263383269309998,0.007446344941854477,0.7263545393943787,0.0064951456151902676,0.009249363094568253,12.0,0.5,M12_eta0.5
NOG,10003,588,49.0,302080,147456,588,5.668653249740601,100,0.1,12.0,0.5,y_bar,0.7261583805084229,0.007754538673907518,0.7261645197868347,0.0076270573772490025,0.7261583805084229,0.007754538673907518,0.007949239574372768,12.0,0.5,M12_eta0.5
NOG,10003,660,55.0,338944,163840,660,6.29167914390564,100,0.1,12.0,0.5,y_bar,0.7260082364082336,0.007888765074312687,0.7259997725486755,0.007948782294988632,0.7260082364082336,0.007888765074312687,0.008225951343774796,12.0,0.5,M12_eta0.5
NOG,10003,732,61.0,375808,180224,732,6.89594292640686,100,0.1,12.0,0.5,y_bar,0.7258232831954956,0.007781088352203369,0.7258185148239136,0.007544904015958309,0.7258232831954956,0.007781088352203369,0.007885105907917023,12.0,0.5,M12_eta0.5
NOG,10003,804,67.0,412672,196608,804,7.566570997238159,100,0.1,12.0,0.5,y_bar,0.7256690263748169,0.007229274604469538,0.7256762981414795,0.00770049262791872,0.7256690263748169,0.007229274604469538,0.007774575613439083,12.0,0.5,M12_eta0.5
NOG,10003,876,73.0,449536,212992,876,8.16379165649414,100,0.1,12.0,0.5,y_bar,0.7255191802978516,0.008518865332007408,0.7255094051361084,0.008138056844472885,0.7255191802978516,0.008518865332007408,0.008276860229671001,12.0,0.5,M12_eta0.5
NOG,10003,948,79.0,486400,229376,948,8.754316568374634,100,0.1,12.0,0.5,y_bar,0.7253908514976501,0.006715566851198673,0.7253732085227966,0.007404747419059277,0.7253908514976501,0.006715566851198673,0.007579982280731201,12.0,0.5,M12_eta0.5
NOG,10003,960,80.0,492544,245760,960,9.039382696151733,100,0.1,12.0,0.5,y_bar,0.7253521680831909,0.006960977800190449,0.7253458499908447,0.007273263763636351,0.7253521680831909,0.006960977800190449,0.007834493182599545,12.0,0.5,M12_eta0.5
NOG,10003,16,1.0,9216,16384,16,0.26897144317626953,100,0.1,16.0,0.1,y_bar,0.7274594306945801,0.009906656108796597,0.7274447083473206,0.009227833710610867,0.7274594306945801,0.009906656108796597,0.008859132416546345,16.0,0.1,M16_eta0.1
NOG,10003,80,5.0,41984,32768,80,0.910628080368042,100,0.1,16.0,0.1,y_bar,0.7271603345870972,0.006665306631475687,0.7271450757980347,0.008472869172692299,0.7271603345870972,0.006665306631475687,0.006463098805397749,16.0,0.1,M16_eta0.1
NOG,10003,144,9.0,74752,49152,144,1.5722706317901611,100,0.1,16.0,0.1,y_bar,0.7267572283744812,0.007692079525440931,0.7266666889190674,0.0070953210815787315,0.7267572283744812,0.007692079525440931,0.007415453903377056,16.0,0.1,M16_eta0.1
NOG,10003,208,13.0,107520,65536,208,2.1414883136749268,100,0.1,16.0,0.1,y_bar,0.7262654304504395,0.007994962856173515,0.7261883020401001,0.007017182186245918,0.7262654304504395,0.007994962856173515,0.007597476709634066,16.0,0.1,M16_eta0.1
NOG,10003,272,17.0,140288,81920,272,2.8042190074920654,100,0.1,16.0,0.1,y_bar,0.7258021235466003,0.009012303315103054,0.7257757782936096,0.008217796683311462,0.7258021235466003,0.009012303315103054,0.007532894145697355,16.0,0.1,M16_eta0.1
NOG,10003,336,21.0,173056,98304,336,3.450504779815674,100,0.1,16.0,0.1,y_bar,0.7253379821777344,0.007773437071591616,0.7252862453460693,0.007947689853608608,0.7253379821777344,0.007773437071591616,0.006580495275557041,16.0,0.1,M16_eta0.1
NOG,10003,400,25.0,205824,114688,400,4.122759103775024,100,0.1,16.0,0.1,y_bar,0.7249656319618225,0.0077759032137691975,0.7248984575271606,0.008448359556496143,0.7249656319618225,0.0077759032137691975,0.007532869465649128,16.0,0.1,M16_eta0.1
NOG,10003,464,29.0,238592,131072,464,4.734466552734375,100,0.1,16.0,0.1,y_bar,0.7245465517044067,0.00779676204547286,0.7245241403579712,0.007163942325860262,0.7245465517044067,0.00779676204547286,0.006934227887541056,16.0,0.1,M16_eta0.1
NOG,10003,528,33.0,271360,147456,528,5.334622383117676,100,0.1,16.0,0.1,y_bar,0.7242329716682434,0.007560987491160631,0.724213719367981,0.009100905619561672,0.7242329716682434,0.007560987491160631,0.0062761325389146805,16.0,0.1,M16_eta0.1
NOG,10003,592,37.0,304128,163840,592,5.973797559738159,100,0.1,16.0,0.1,y_bar,0.7239301800727844,0.007024566642940044,0.7238972783088684,0.008915766142308712,0.7239301800727844,0.007024566642940044,0.007291506975889206,16.0,0.1,M16_eta0.1
NOG,10003,656,41.0,336896,180224,656,6.57654333114624,100,0.1,16.0,0.1,y_bar,0.723640501499176,0.007909433916211128,0.7236083149909973,0.008242555893957615,0.723640501499176,0.007909433916211128,0.007352150045335293,16.0,0.1,M16_eta0.1
NOG,10003,720,45.0,369664,196608,720,7.201196908950806,100,0.1,16.0,0.1,y_bar,0.7233998775482178,0.007950087077915668,0.7233995199203491,0.007189393974840641,0.7233998775482178,0.007950087077915668,0.006711593363434076,16.0,0.1,M16_eta0.1
NOG,10003,784,49.0,402432,212992,784,7.857232570648193,100,0.1,16.0,0.1,y_bar,0.7232252359390259,0.007763873320072889,0.7232229113578796,0.007872638292610645,0.7232252359390259,0.007763873320072889,0.007174037396907806,16.0,0.1,M16_eta0.1
NOG,10003,848,53.0,435200,229376,848,8.422993421554565,100,0.1,16.0,0.1,y_bar,0.7230271100997925,0.00810400303453207,0.7230017185211182,0.0075241317972540855,0.7230271100997925,0.00810400303453207,0.00726695591583848,16.0,0.1,M16_eta0.1
NOG,10003,912,57.0,467968,245760,912,8.954657077789307,100,0.1,16.0,0.1,y_bar,0.722807765007019,0.007943646982312202,0.7227761149406433,0.008313019759953022,0.722807765007019,0.007943646982312202,0.007122814655303955,16.0,0.1,M16_eta0.1
NOG,10003,960,60.0,492544,262144,960,9.48978853225708,100,0.1,16.0,0.1,y_bar,0.7226303219795227,0.007356664165854454,0.7226018309593201,0.007517332676798105,0.7226303219795227,0.007356664165854454,0.007340575102716684,16.0,0.1,M16_eta0.1
NOG,10003,16,1.0,9216,16384,16,0.2757737636566162,100,0.1,16.0,0.2,y_bar,0.7274011373519897,0.010221712291240692,0.7273916602134705,0.009538255631923676,0.7274011373519897,0.010221712291240692,0.009263898245990276,16.0,0.2,M16_eta0.2
NOG,10003,80,5.0,41984,32768,80,0.8490216732025146,100,0.1,16.0,0.2,y_bar,0.7272883653640747,0.006353637669235468,0.7272953987121582,0.008484396152198315,0.7272883653640747,0.006353637669235468,0.006601241882890463,16.0,0.2,M16_eta0.2
NOG,10003,144,9.0,74752,49152,144,1.4245033264160156,100,0.1,16.0,0.2,y_bar,0.7271696925163269,0.007402235642075539,0.7271352410316467,0.006492879707366228,0.7271696925163269,0.007402235642075539,0.007190186530351639,16.0,0.2,M16_eta0.2
NOG,10003,208,13.0,107520,65536,208,1.9809341430664062,100,0.1,16.0,0.2,y_bar,0.7270075678825378,0.007501581218093634,0.7269810438156128,0.006689267698675394,0.7270075678825378,0.007501581218093634,0.007384948898106813,16.0,0.2,M16_eta0.2
NOG,10003,272,17.0,140288,81920,272,2.575850009918213,100,0.1,16.0,0.2,y_bar,0.7268216013908386,0.008432024158537388,0.7268053889274597,0.007580705918371677,0.7268216013908386,0.008432024158537388,0.007769092917442322,16.0,0.2,M16_eta0.2
NOG,10003,336,21.0,173056,98304,336,3.2373433113098145,100,0.1,16.0,0.2,y_bar,0.7265967726707458,0.007643349934369326,0.7265897393226624,0.007854082621634007,0.7265967726707458,0.007643349934369326,0.006325026508420706,16.0,0.2,M16_eta0.2
NOG,10003,400,25.0,205824,114688,400,3.9042062759399414,100,0.1,16.0,0.2,y_bar,0.7264127135276794,0.007686673663556576,0.7263991832733154,0.008221419528126717,0.7264127135276794,0.007686673663556576,0.007266541011631489,16.0,0.2,M16_eta0.2
NOG,10003,464,29.0,238592,131072,464,4.5467915534973145,100,0.1,16.0,0.2,y_bar,0.726222574710846,0.00788226630538702,0.7262104153633118,0.0069116889499127865,0.726222574710846,0.00788226630538702,0.006945949047803879,16.0,0.2,M16_eta0.2
NOG,10003,528,33.0,271360,147456,528,5.214518785476685,100,0.1,16.0,0.2,y_bar,0.7259991765022278,0.00769050745293498,0.7259848117828369,0.008695557713508606,0.7259991765022278,0.00769050745293498,0.006629526615142822,16.0,0.2,M16_eta0.2
NOG,10003,592,37.0,304128,163840,592,5.846752643585205,100,0.1,16.0,0.2,y_bar,0.7258138656616211,0.007312852423638105,0.7258009314537048,0.008315355516970158,0.7258138656616211,0.007312852423638105,0.006978175602853298,16.0,0.2,M16_eta0.2
NOG,10003,656,41.0,336896,180224,656,6.5189595222473145,100,0.1,16.0,0.2,y_bar,0.7256422638893127,0.00768491392955184,0.7256224751472473,0.00748148187994957,0.7256422638893127,0.00768491392955184,0.007667367346584797,16.0,0.2,M16_eta0.2
NOG,10003,720,45.0,369664,196608,720,7.131432771682739,100,0.1,16.0,0.2,y_bar,0.7254914045333862,0.008798288181424141,0.725473165512085,0.007641702890396118,0.7254914045333862,0.008798288181424141,0.0076260557398200035,16.0,0.2,M16_eta0.2
NOG,10003,784,49.0,402432,212992,784,7.686608076095581,100,0.1,16.0,0.2,y_bar,0.7253225445747375,0.007285367697477341,0.725330114364624,0.007590855471789837,0.7253225445747375,0.007285367697477341,0.006355585064738989,16.0,0.2,M16_eta0.2
NOG,10003,848,53.0,435200,229376,848,8.25754165649414,100,0.1,16.0,0.2,y_bar,0.725182831287384,0.007240060716867447,0.7251572608947754,0.00745485769584775,0.725182831287384,0.007240060716867447,0.007168767042458057,16.0,0.2,M16_eta0.2
NOG,10003,912,57.0,467968,245760,912,8.850854635238647,100,0.1,16.0,0.2,y_bar,0.7250410318374634,0.007529648020863533,0.7250254154205322,0.007826769724488258,0.7250410318374634,0.007529648020863533,0.006235070526599884,16.0,0.2,M16_eta0.2
NOG,10003,960,60.0,492544,262144,960,9.324753284454346,100,0.1,16.0,0.2,y_bar,0.7249269485473633,0.007311790715903044,0.7249075174331665,0.0073226504027843475,0.7249269485473633,0.007311790715903044,0.0072610764764249325,16.0,0.2,M16_eta0.2
NOG,10003,16,1.0,9216,16384,16,0.20245981216430664,100,0.1,16.0,0.3,y_bar,0.7273926734924316,0.010388188064098358,0.7273843288421631,0.009870830923318863,0.7273926734924316,0.010388188064098358,0.009556354023516178,16.0,0.3,M16_eta0.3
NOG,10003,80,5.0,41984,32768,80,0.7609713077545166,100,0.1,16.0,0.3,y_bar,0.7273150682449341,0.006416246294975281,0.7273185849189758,0.008644363842904568,0.7273150682449341,0.006416246294975281,0.006888361647725105,16.0,0.3,M16_eta0.3
NOG,10003,144,9.0,74752,49152,144,1.3911445140838623,100,0.1,16.0,0.3,y_bar,0.7272432446479797,0.0074492464773356915,0.7272207736968994,0.006550770252943039,0.7272432446479797,0.0074492464773356915,0.007158027961850166,16.0,0.3,M16_eta0.3
NOG,10003,208,13.0,107520,65536,208,2.0469233989715576,100,0.1,16.0,0.3,y_bar,0.7271473407745361,0.00733181880787015,0.7271273136138916,0.006521435454487801,0.7271473407745361,0.00733181880787015,0.0074043236672878265,16.0,0.3,M16_eta0.3
NOG,10003,272,17.0,140288,81920,272,2.6478021144866943,100,0.1,16.0,0.3,y_bar,0.7270312905311584,0.00833369791507721,0.7270193696022034,0.007500624284148216,0.7270312905311584,0.00833369791507721,0.00788184441626072,16.0,0.3,M16_eta0.3
NOG,10003,336,21.0,173056,98304,336,3.2387495040893555,100,0.1,16.0,0.3,y_bar,0.7268895506858826,0.007738401181995869,0.7268876433372498,0.007818645797669888,0.7268895506858826,0.007738401181995869,0.006270259153097868,16.0,0.3,M16_eta0.3
NOG,10003,400,25.0,205824,114688,400,3.9589290618896484,100,0.1,16.0,0.3,y_bar,0.7267679572105408,0.0076713948510587215,0.7267581224441528,0.007960434071719646,0.7267679572105408,0.0076713948510587215,0.007269633002579212,16.0,0.3,M16_eta0.3
NOG,10003,464,29.0,238592,131072,464,4.6482555866241455,100,0.1,16.0,0.3,y_bar,0.7266367673873901,0.007726914249360561,0.7266316413879395,0.00691200653091073,0.7266367673873901,0.007726914249360561,0.00710827624425292,16.0,0.3,M16_eta0.3
NOG,10003,528,33.0,271360,147456,528,5.273676633834839,100,0.1,16.0,0.3,y_bar,0.7264814972877502,0.007399183232337236,0.7264736294746399,0.008694528602063656,0.7264814972877502,0.007399183232337236,0.0068309977650642395,16.0,0.3,M16_eta0.3
NOG,10003,592,37.0,304128,163840,592,5.8501880168914795,100,0.1,16.0,0.3,y_bar,0.726351797580719,0.007305375766009092,0.7263407111167908,0.008314681239426136,0.726351797580719,0.007305375766009092,0.006861087866127491,16.0,0.3,M16_eta0.3
NOG,10003,656,41.0,336896,180224,656,6.415469169616699,100,0.1,16.0,0.3,y_bar,0.726229727268219,0.007720603607594967,0.7262176275253296,0.00718876626342535,0.726229727268219,0.007720603607594967,0.00789132434874773,16.0,0.3,M16_eta0.3
NOG,10003,720,45.0,369664,196608,720,7.027767181396484,100,0.1,16.0,0.3,y_bar,0.7261168360710144,0.008961888030171394,0.7260981202125549,0.007643170189112425,0.7261168360710144,0.008961888030171394,0.007523117586970329,16.0,0.3,M16_eta0.3
NOG,10003,784,49.0,402432,212992,784,7.601118326187134,100,0.1,16.0,0.3,y_bar,0.7259559035301208,0.007239536847919226,0.7259582281112671,0.007432220969349146,0.7259559035301208,0.007239536847919226,0.006709438282996416,16.0,0.3,M16_eta0.3
NOG,10003,848,53.0,435200,229376,848,8.149987936019897,100,0.1,16.0,0.3,y_bar,0.7258410453796387,0.007264132145792246,0.725823163986206,0.007614735513925552,0.7258410453796387,0.007264132145792246,0.007139643654227257,16.0,0.3,M16_eta0.3
NOG,10003,912,57.0,467968,245760,912,8.78660798072815,100,0.1,16.0,0.3,y_bar,0.7257168889045715,0.007258415687829256,0.7257038950920105,0.00768903037533164,0.7257168889045715,0.007258415687829256,0.0060709379613399506,16.0,0.3,M16_eta0.3
NOG,10003,960,60.0,492544,262144,960,9.292531251907349,100,0.1,16.0,0.3,y_bar,0.725619912147522,0.007531522773206234,0.7256012558937073,0.007095206994563341,0.725619912147522,0.007531522773206234,0.0074411300010979176,16.0,0.3,M16_eta0.3
NOG,10003,16,1.0,9216,16384,16,0.2672867774963379,100,0.1,16.0,0.5,y_bar,0.7273877263069153,0.010485420934855938,0.7273809909820557,0.009993216954171658,0.7273877263069153,0.010485420934855938,0.009713630191981792,16.0,0.5,M16_eta0.5
NOG,10003,80,5.0,41984,32768,80,0.9304907321929932,100,0.1,16.0,0.5,y_bar,0.7273263931274414,0.0065924497321248055,0.7273309826850891,0.00886085070669651,0.7273263931274414,0.0065924497321248055,0.007203296292573214,16.0,0.5,M16_eta0.5
NOG,10003,144,9.0,74752,49152,144,1.549459457397461,100,0.1,16.0,0.5,y_bar,0.7272747755050659,0.007530876901000738,0.7272577285766602,0.006672766990959644,0.7272747755050659,0.007530876901000738,0.007311096414923668,16.0,0.5,M16_eta0.5
NOG,10003,208,13.0,107520,65536,208,2.130258083343506,100,0.1,16.0,0.5,y_bar,0.7272064089775085,0.007283439859747887,0.7271910309791565,0.00646430067718029,0.7272064089775085,0.007283439859747887,0.007354676257818937,16.0,0.5,M16_eta0.5
NOG,10003,272,17.0,140288,81920,272,2.670926570892334,100,0.1,16.0,0.5,y_bar,0.7271246314048767,0.008349559269845486,0.7271178364753723,0.007364455610513687,0.7271246314048767,0.008349559269845486,0.007867226377129555,16.0,0.5,M16_eta0.5
NOG,10003,336,21.0,173056,98304,336,3.2481603622436523,100,0.1,16.0,0.5,y_bar,0.7270276546478271,0.0076989964582026005,0.7270277738571167,0.007620804011821747,0.7270276546478271,0.0076989964582026005,0.006333986762911081,16.0,0.5,M16_eta0.5
NOG,10003,400,25.0,205824,114688,400,3.894822120666504,100,0.1,16.0,0.5,y_bar,0.7269356846809387,0.007639041170477867,0.7269287109375,0.007918156683444977,0.7269356846809387,0.007639041170477867,0.007242928724735975,16.0,0.5,M16_eta0.5
NOG,10003,464,29.0,238592,131072,464,4.5243611335754395,100,0.1,16.0,0.5,y_bar,0.7268390655517578,0.007536638993769884,0.7268350124359131,0.006848786026239395,0.7268390655517578,0.007536638993769884,0.007254916708916426,16.0,0.5,M16_eta0.5
NOG,10003,528,33.0,271360,147456,528,5.144486904144287,100,0.1,16.0,0.5,y_bar,0.7267191410064697,0.0073544722981750965,0.7267137765884399,0.008464857004582882,0.7267191410064697,0.0073544722981750965,0.0069412412121891975,16.0,0.5,M16_eta0.5
NOG,10003,592,37.0,304128,163840,592,5.7501702308654785,100,0.1,16.0,0.5,y_bar,0.7266229391098022,0.007229703012853861,0.7266163229942322,0.008261501789093018,0.7266229391098022,0.007229703012853861,0.0070281862281262875,16.0,0.5,M16_eta0.5
NOG,10003,656,41.0,336896,180224,656,6.336336135864258,100,0.1,16.0,0.5,y_bar,0.7265259623527527,0.007570189423859119,0.7265149354934692,0.0071715097874403,0.7265259623527527,0.007570189423859119,0.007919316180050373,16.0,0.5,M16_eta0.5
NOG,10003,720,45.0,369664,196608,720,6.866695880889893,100,0.1,16.0,0.5,y_bar,0.7264513373374939,0.008684419095516205,0.7264389991760254,0.007597874850034714,0.7264513373374939,0.008684419095516205,0.007387436926364899,16.0,0.5,M16_eta0.5
NOG,10003,784,49.0,402432,212992,784,7.388499975204468,100,0.1,16.0,0.5,y_bar,0.7263301610946655,0.007266719359904528,0.7263273000717163,0.007379333488643169,0.7263301610946655,0.007266719359904528,0.0069188871420919895,16.0,0.5,M16_eta0.5
NOG,10003,848,53.0,435200,229376,848,7.945300579071045,100,0.1,16.0,0.5,y_bar,0.7262393236160278,0.007160518784075975,0.7262298464775085,0.007761336397379637,0.7262393236160278,0.007160518784075975,0.006873807869851589,16.0,0.5,M16_eta0.5
NOG,10003,912,57.0,467968,245760,912,8.621093273162842,100,0.1,16.0,0.5,y_bar,0.7261300683021545,0.007086613215506077,0.7261219620704651,0.007694055326282978,0.7261300683021545,0.007086613215506077,0.006071733310818672,16.0,0.5,M16_eta0.5
NOG,10003,960,60.0,492544,262144,960,9.070102214813232,100,0.1,16.0,0.5,y_bar,0.726057231426239,0.0077853393740952015,0.7260462641716003,0.00753341568633914,0.726057231426239,0.0077853393740952015,0.007298130076378584,16.0,0.5,M16_eta0.5
SmoothedSGD,20003,1,,512,8192,1,0.06222033500671387,100,0.1,,0.05,x,0.7273703217506409,0.01091588195413351,0.7273703217506409,0.01091588195413351,,,,,0.05,SmoothedSGD
SmoothedSGD,20003,64,,32768,16384,64,0.5052244663238525,100,0.1,,0.05,x,0.7273614406585693,0.008504904806613922,0.7273614406585693,0.008504904806613922,,,,,0.05,SmoothedSGD
SmoothedSGD,20003,128,,65536,24576,128,1.0715899467468262,100,0.1,,0.05,x,0.7273353338241577,0.009191539138555527,0.7273353338241577,0.009191539138555527,,,,,0.05,SmoothedSGD
SmoothedSGD,20003,192,,98304,32768,192,1.625791072845459,100,0.1,,0.05,x,0.7273159027099609,0.009158137254416943,0.7273159027099609,0.009158137254416943,,,,,0.05,SmoothedSGD
SmoothedSGD,20003,256,,131072,40960,256,2.1647627353668213,100,0.1,,0.05,x,0.7273077964782715,0.007411330472677946,0.7273077964782715,0.007411330472677946,,,,,0.05,SmoothedSGD
SmoothedSGD,20003,320,,163840,49152,320,2.6831095218658447,100,0.1,,0.05,x,0.7272887825965881,0.00746671250090003,0.7272887825965881,0.00746671250090003,,,,,0.05,SmoothedSGD
SmoothedSGD,20003,384,,196608,57344,384,3.153817892074585,100,0.1,,0.05,x,0.7272530794143677,0.006461090873926878,0.7272530794143677,0.006461090873926878,,,,,0.05,SmoothedSGD
SmoothedSGD,20003,448,,229376,65536,448,3.6267921924591064,100,0.1,,0.05,x,0.7272343039512634,0.007126623298972845,0.7272343039512634,0.007126623298972845,,,,,0.05,SmoothedSGD
SmoothedSGD,20003,512,,262144,73728,512,4.115933418273926,100,0.1,,0.05,x,0.7271986603736877,0.008096403442323208,0.7271986603736877,0.008096403442323208,,,,,0.05,SmoothedSGD
SmoothedSGD,20003,576,,294912,81920,576,4.6063456535339355,100,0.1,,0.05,x,0.727175772190094,0.007220234256237745,0.727175772190094,0.007220234256237745,,,,,0.05,SmoothedSGD
SmoothedSGD,20003,640,,327680,90112,640,5.096510648727417,100,0.1,,0.05,x,0.7271531224250793,0.006463848985731602,0.7271531224250793,0.006463848985731602,,,,,0.05,SmoothedSGD
SmoothedSGD,20003,704,,360448,98304,704,5.587815046310425,100,0.1,,0.05,x,0.7271356582641602,0.00669206352904439,0.7271356582641602,0.00669206352904439,,,,,0.05,SmoothedSGD
SmoothedSGD,20003,768,,393216,106496,768,6.097554922103882,100,0.1,,0.05,x,0.7271055579185486,0.006851883139461279,0.7271055579185486,0.006851883139461279,,,,,0.05,SmoothedSGD
SmoothedSGD,20003,832,,425984,114688,832,6.592300891876221,100,0.1,,0.05,x,0.727073073387146,0.006538845598697662,0.727073073387146,0.006538845598697662,,,,,0.05,SmoothedSGD
SmoothedSGD,20003,896,,458752,122880,896,7.093656301498413,100,0.1,,0.05,x,0.7270496487617493,0.006542874965816736,0.7270496487617493,0.006542874965816736,,,,,0.05,SmoothedSGD
SmoothedSGD,20003,960,,491520,131072,960,7.569301605224609,100,0.1,,0.05,x,0.7270264029502869,0.007311786059290171,0.7270264029502869,0.007311786059290171,,,,,0.05,SmoothedSGD
NOG,10004,4,1.0,3072,16384,4,0.12784719467163086,100,0.1,4.0,0.1,y_bar,0.7266435027122498,0.008908288553357124,0.7266941666603088,0.009485877119004726,0.7266435027122498,0.008908288553357124,0.016418883576989174,4.0,0.1,M4_eta0.1
NOG,10004,68,17.0,35840,32768,68,0.806727409362793,100,0.1,4.0,0.1,y_bar,0.7262131571769714,0.009027210995554924,0.7261514663696289,0.009218805469572544,0.7262131571769714,0.009027210995554924,0.016222724691033363,4.0,0.1,M4_eta0.1
NOG,10004,132,33.0,68608,49152,132,1.4257838726043701,100,0.1,4.0,0.1,y_bar,0.7249549031257629,0.008502935990691185,0.7249898910522461,0.008213672786951065,0.7249549031257629,0.008502935990691185,0.014679419808089733,4.0,0.1,M4_eta0.1
NOG,10004,196,49.0,101376,65536,196,2.0680460929870605,100,0.1,4.0,0.1,y_bar,0.7247589826583862,0.010342025198042393,0.7247461080551147,0.00942234043031931,0.7247589826583862,0.010342025198042393,0.018444497138261795,4.0,0.1,M4_eta0.1
NOG,10004,260,65.0,134144,81920,260,2.625150680541992,100,0.1,4.0,0.1,y_bar,0.7244983911514282,0.011005830951035023,0.7244868278503418,0.009125495329499245,0.7244983911514282,0.011005830951035023,0.015104889869689941,4.0,0.1,M4_eta0.1
NOG,10004,324,81.0,166912,98304,324,3.2992587089538574,100,0.1,4.0,0.1,y_bar,0.7238963842391968,0.010266920551657677,0.7239127159118652,0.01085185818374157,0.7238963842391968,0.010266920551657677,0.014530365355312824,4.0,0.1,M4_eta0.1
NOG,10004,388,97.0,199680,114688,388,3.959420680999756,100,0.1,4.0,0.1,y_bar,0.7232874035835266,0.01039141695946455,0.7232667803764343,0.011409319005906582,0.7232874035835266,0.01039141695946455,0.015176267363131046,4.0,0.1,M4_eta0.1
NOG,10004,452,113.0,232448,131072,452,4.591292858123779,100,0.1,4.0,0.1,y_bar,0.7216682434082031,0.010610096156597137,0.72160404920578,0.011894546449184418,0.7216682434082031,0.010610096156597137,0.015821747481822968,4.0,0.1,M4_eta0.1
NOG,10004,516,129.0,265216,147456,516,5.22906494140625,100,0.1,4.0,0.1,y_bar,0.7195609211921692,0.011506772600114346,0.7194398641586304,0.010204020887613297,0.7195609211921692,0.011506772600114346,0.015093966387212276,4.0,0.1,M4_eta0.1
NOG,10004,580,145.0,297984,163840,580,5.81812310218811,100,0.1,4.0,0.1,y_bar,0.717897891998291,0.01027555949985981,0.7179216742515564,0.010384376160800457,0.717897891998291,0.01027555949985981,0.013725199736654758,4.0,0.1,M4_eta0.1
NOG,10004,644,161.0,330752,180224,644,6.398784399032593,100,0.1,4.0,0.1,y_bar,0.7177953720092773,0.010596518404781818,0.7178109288215637,0.01012992300093174,0.7177953720092773,0.010596518404781818,0.01563890092074871,4.0,0.1,M4_eta0.1
NOG,10004,708,177.0,363520,196608,708,7.000469446182251,100,0.1,4.0,0.1,y_bar,0.7176108956336975,0.00995011255145073,0.7175810933113098,0.010548694059252739,0.7176108956336975,0.00995011255145073,0.01389895100146532,4.0,0.1,M4_eta0.1
NOG,10004,772,193.0,396288,212992,772,7.604092121124268,100,0.1,4.0,0.1,y_bar,0.7176456451416016,0.010564298368990421,0.7176806926727295,0.010082537308335304,0.7176456451416016,0.010564298368990421,0.01564771682024002,4.0,0.1,M4_eta0.1
NOG,10004,836,209.0,429056,229376,836,8.191902160644531,100,0.1,4.0,0.1,y_bar,0.7175189256668091,0.009076837450265884,0.7175865769386292,0.01090477965772152,0.7175189256668091,0.009076837450265884,0.016412217170000076,4.0,0.1,M4_eta0.1
NOG,10004,900,225.0,461824,245760,900,8.732967138290405,100,0.1,4.0,0.1,y_bar,0.7166275382041931,0.009597448632121086,0.7165327072143555,0.010315453633666039,0.7166275382041931,0.009597448632121086,0.017219753935933113,4.0,0.1,M4_eta0.1
NOG,10004,960,240.0,492544,262144,960,9.369451761245728,100,0.1,4.0,0.1,y_bar,0.7157692313194275,0.01161673478782177,0.7157524824142456,0.010811048559844494,0.7157692313194275,0.01161673478782177,0.015777071937918663,4.0,0.1,M4_eta0.1
NOG,10004,4,1.0,3072,16384,4,0.18523597717285156,100,0.1,4.0,0.2,y_bar,0.7267002463340759,0.00872841291129589,0.726797878742218,0.00915889535099268,0.7267002463340759,0.00872841291129589,0.015882333740592003,4.0,0.2,M4_eta0.2
NOG,10004,68,17.0,35840,32768,68,0.9203038215637207,100,0.1,4.0,0.2,y_bar,0.7259531617164612,0.008940509520471096,0.7258746027946472,0.008850383572280407,0.7259531617164612,0.008940509520471096,0.016408778727054596,4.0,0.2,M4_eta0.2
NOG,10004,132,33.0,68608,49152,132,1.5901341438293457,100,0.1,4.0,0.2,y_bar,0.7244676351547241,0.009096608497202396,0.7244258522987366,0.008947580121457577,0.7244676351547241,0.009096608497202396,0.015792055055499077,4.0,0.2,M4_eta0.2
NOG,10004,196,49.0,101376,65536,196,2.147977590560913,100,0.1,4.0,0.2,y_bar,0.7232701182365417,0.00948663055896759,0.7232412099838257,0.009774117730557919,0.7232701182365417,0.00948663055896759,0.017062624916434288,4.0,0.2,M4_eta0.2
NOG,10004,260,65.0,134144,81920,260,2.716696262359619,100,0.1,4.0,0.2,y_bar,0.7226574420928955,0.009626840241253376,0.7226659059524536,0.009140950627624989,0.7226574420928955,0.009626840241253376,0.013670619577169418,4.0,0.2,M4_eta0.2
NOG,10004,324,81.0,166912,98304,324,3.301820755004883,100,0.1,4.0,0.2,y_bar,0.7223237156867981,0.00864495150744915,0.7223243117332458,0.009199661202728748,0.7223237156867981,0.00864495150744915,0.013178219087421894,4.0,0.2,M4_eta0.2
NOG,10004,388,97.0,199680,114688,388,3.8918616771698,100,0.1,4.0,0.2,y_bar,0.7215787172317505,0.009083650074899197,0.7215406894683838,0.008640384301543236,0.7215787172317505,0.009083650074899197,0.01659611240029335,4.0,0.2,M4_eta0.2
NOG,10004,452,113.0,232448,131072,452,4.453780174255371,100,0.1,4.0,0.2,y_bar,0.7209709882736206,0.00858892872929573,0.7209430932998657,0.00931805931031704,0.7209709882736206,0.00858892872929573,0.015173803083598614,4.0,0.2,M4_eta0.2
NOG,10004,516,129.0,265216,147456,516,5.016385078430176,100,0.1,4.0,0.2,y_bar,0.7206530570983887,0.009737004525959492,0.7206230163574219,0.010038827545940876,0.7206530570983887,0.009737004525959492,0.014071333222091198,4.0,0.2,M4_eta0.2
NOG,10004,580,145.0,297984,163840,580,5.583601951599121,100,0.1,4.0,0.2,y_bar,0.7202126383781433,0.010063174180686474,0.720292866230011,0.009862049482762814,0.7202126383781433,0.010063174180686474,0.015593109652400017,4.0,0.2,M4_eta0.2
NOG,10004,644,161.0,330752,180224,644,6.156919240951538,100,0.1,4.0,0.2,y_bar,0.719878077507019,0.009455926716327667,0.7198690176010132,0.009892456233501434,0.719878077507019,0.009455926716327667,0.0156276635825634,4.0,0.2,M4_eta0.2
NOG,10004,708,177.0,363520,196608,708,6.697788238525391,100,0.1,4.0,0.2,y_bar,0.71931391954422,0.00983401108533144,0.71927410364151,0.01022751722484827,0.71931391954422,0.00983401108533144,0.01536648627370596,4.0,0.2,M4_eta0.2
NOG,10004,772,193.0,396288,212992,772,7.286482572555542,100,0.1,4.0,0.2,y_bar,0.7185826897621155,0.009305478073656559,0.7185614705085754,0.009716699831187725,0.7185826897621155,0.009305478073656559,0.016615692526102066,4.0,0.2,M4_eta0.2
NOG,10004,836,209.0,429056,229376,836,7.840883493423462,100,0.1,4.0,0.2,y_bar,0.717715322971344,0.00983367022126913,0.7177419662475586,0.010405736975371838,0.717715322971344,0.00983367022126913,0.014332474209368229,4.0,0.2,M4_eta0.2
NOG,10004,900,225.0,461824,245760,900,8.409312009811401,100,0.1,4.0,0.2,y_bar,0.7174136638641357,0.009399591013789177,0.7174527049064636,0.009199083782732487,0.7174136638641357,0.009399591013789177,0.015249112620949745,4.0,0.2,M4_eta0.2
NOG,10004,960,240.0,492544,262144,960,9.00610613822937,100,0.1,4.0,0.2,y_bar,0.717525064945221,0.010230809450149536,0.7175312042236328,0.010031435638666153,0.717525064945221,0.010230809450149536,0.015468673780560493,4.0,0.2,M4_eta0.2
NOG,10004,4,1.0,3072,16384,4,0.1406080722808838,100,0.1,4.0,0.3,y_bar,0.7267558574676514,0.008565312251448631,0.7268975377082825,0.008995719254016876,0.7267558574676514,0.008565312251448631,0.01551229227334261,4.0,0.3,M4_eta0.3
NOG,10004,68,17.0,35840,32768,68,0.750701904296875,100,0.1,4.0,0.3,y_bar,0.7259946465492249,0.008577472530305386,0.7259103059768677,0.008560337126255035,0.7259946465492249,0.008577472530305386,0.015090074390172958,4.0,0.3,M4_eta0.3
NOG,10004,132,33.0,68608,49152,132,1.254821538925171,100,0.1,4.0,0.3,y_bar,0.7245585918426514,0.00804799236357212,0.724518358707428,0.00891781784594059,0.7245585918426514,0.00804799236357212,0.015061873942613602,4.0,0.3,M4_eta0.3
NOG,10004,196,49.0,101376,65536,196,1.8016648292541504,100,0.1,4.0,0.3,y_bar,0.7235569953918457,0.009358067996799946,0.7235181927680969,0.00940899271517992,0.7235569953918457,0.009358067996799946,0.016531970351934433,4.0,0.3,M4_eta0.3
NOG,10004,260,65.0,134144,81920,260,2.339218854904175,100,0.1,4.0,0.3,y_bar,0.7229498028755188,0.010084123350679874,0.7229412794113159,0.008636979386210442,0.7229498028755188,0.010084123350679874,0.015583926811814308,4.0,0.3,M4_eta0.3
NOG,10004,324,81.0,166912,98304,324,2.911932945251465,100,0.1,4.0,0.3,y_bar,0.7226278781890869,0.008876617066562176,0.7226876616477966,0.009884906001389027,0.7226278781890869,0.008876617066562176,0.01294099073857069,4.0,0.3,M4_eta0.3
NOG,10004,388,97.0,199680,114688,388,3.471717119216919,100,0.1,4.0,0.3,y_bar,0.7220664620399475,0.007941015064716339,0.7220884561538696,0.008365686982870102,0.7220664620399475,0.007941015064716339,0.013998055830597878,4.0,0.3,M4_eta0.3
NOG,10004,452,113.0,232448,131072,452,4.05061411857605,100,0.1,4.0,0.3,y_bar,0.7216538190841675,0.008785895071923733,0.7215726971626282,0.008050259202718735,0.7216538190841675,0.008785895071923733,0.014966814778745174,4.0,0.3,M4_eta0.3
NOG,10004,516,129.0,265216,147456,516,4.577020883560181,100,0.1,4.0,0.3,y_bar,0.7213521599769592,0.008988126181066036,0.7213746905326843,0.009047520346939564,0.7213521599769592,0.008988126181066036,0.013289530761539936,4.0,0.3,M4_eta0.3
NOG,10004,580,145.0,297984,163840,580,5.142114162445068,100,0.1,4.0,0.3,y_bar,0.7212916612625122,0.008868730627000332,0.7212896943092346,0.008539806120097637,0.7212916612625122,0.008868730627000332,0.014632988721132278,4.0,0.3,M4_eta0.3
NOG,10004,644,161.0,330752,180224,644,5.750169277191162,100,0.1,4.0,0.3,y_bar,0.7207366228103638,0.009298088029026985,0.7207474708557129,0.00937317032366991,0.7207366228103638,0.009298088029026985,0.01661032997071743,4.0,0.3,M4_eta0.3
NOG,10004,708,177.0,363520,196608,708,6.306360483169556,100,0.1,4.0,0.3,y_bar,0.7208778858184814,0.009688938036561012,0.720822274684906,0.009964782744646072,0.7208778858184814,0.009688938036561012,0.014862369745969772,4.0,0.3,M4_eta0.3
NOG,10004,772,193.0,396288,212992,772,6.862694501876831,100,0.1,4.0,0.3,y_bar,0.7204402089118958,0.009125382639467716,0.7204371094703674,0.00848171953111887,0.7204402089118958,0.009125382639467716,0.015285370871424675,4.0,0.3,M4_eta0.3
NOG,10004,836,209.0,429056,229376,836,7.4374165534973145,100,0.1,4.0,0.3,y_bar,0.7200901508331299,0.00923051405698061,0.7201268076896667,0.009700004011392593,0.7200901508331299,0.00923051405698061,0.013983608223497868,4.0,0.3,M4_eta0.3
NOG,10004,900,225.0,461824,245760,900,7.9803173542022705,100,0.1,4.0,0.3,y_bar,0.7197136282920837,0.008391911163926125,0.7197080850601196,0.008893823251128197,0.7197136282920837,0.008391911163926125,0.015112126246094704,4.0,0.3,M4_eta0.3
NOG,10004,960,240.0,492544,262144,960,8.559523582458496,100,0.1,4.0,0.3,y_bar,0.7194958925247192,0.010458230040967464,0.719473123550415,0.009706229902803898,0.7194958925247192,0.010458230040967464,0.015956932678818703,4.0,0.3,M4_eta0.3
NOG,10004,4,1.0,3072,16384,4,0.1345839500427246,100,0.1,4.0,0.5,y_bar,0.7267785668373108,0.008497148752212524,0.7268825173377991,0.008929823525249958,0.7267785668373108,0.008497148752212524,0.015443705953657627,4.0,0.5,M4_eta0.5
NOG,10004,68,17.0,35840,32768,68,0.7033202648162842,100,0.1,4.0,0.5,y_bar,0.7262697815895081,0.008078904822468758,0.7261889576911926,0.008225761353969574,0.7262697815895081,0.008078904822468758,0.01493832003325224,4.0,0.5,M4_eta0.5
NOG,10004,132,33.0,68608,49152,132,1.2347378730773926,100,0.1,4.0,0.5,y_bar,0.7254306077957153,0.006454144138842821,0.7253950834274292,0.008520699106156826,0.7254306077957153,0.006454144138842821,0.014767840504646301,4.0,0.5,M4_eta0.5
NOG,10004,196,49.0,101376,65536,196,1.7616195678710938,100,0.1,4.0,0.5,y_bar,0.7249038219451904,0.00838263239711523,0.7249038219451904,0.008869270794093609,0.7249038219451904,0.00838263239711523,0.01580083929002285,4.0,0.5,M4_eta0.5
NOG,10004,260,65.0,134144,81920,260,2.3331356048583984,100,0.1,4.0,0.5,y_bar,0.7242976427078247,0.009266726672649384,0.7242586016654968,0.008180241100490093,0.7242976427078247,0.009266726672649384,0.014688413590192795,4.0,0.5,M4_eta0.5
NOG,10004,324,81.0,166912,98304,324,2.8778276443481445,100,0.1,4.0,0.5,y_bar,0.7237755060195923,0.007772979326546192,0.7237744927406311,0.009149782359600067,0.7237755060195923,0.007772979326546192,0.013707428239285946,4.0,0.5,M4_eta0.5
NOG,10004,388,97.0,199680,114688,388,3.4537453651428223,100,0.1,4.0,0.5,y_bar,0.723173975944519,0.007498451974242926,0.7231884598731995,0.008131901733577251,0.723173975944519,0.007498451974242926,0.015959396958351135,4.0,0.5,M4_eta0.5
NOG,10004,452,113.0,232448,131072,452,4.005313396453857,100,0.1,4.0,0.5,y_bar,0.7225933074951172,0.008271416649222374,0.722572386264801,0.00807466171681881,0.7225933074951172,0.008271416649222374,0.013986056670546532,4.0,0.5,M4_eta0.5
NOG,10004,516,129.0,265216,147456,516,4.626060485839844,100,0.1,4.0,0.5,y_bar,0.7223776578903198,0.00812544021755457,0.7223818302154541,0.007714092265814543,0.7223776578903198,0.00812544021755457,0.012501945719122887,4.0,0.5,M4_eta0.5
NOG,10004,580,145.0,297984,163840,580,5.199650764465332,100,0.1,4.0,0.5,y_bar,0.7222781777381897,0.00853270385414362,0.72230464220047,0.008072979748249054,0.7222781777381897,0.00853270385414362,0.012180110439658165,4.0,0.5,M4_eta0.5
NOG,10004,644,161.0,330752,180224,644,5.788211345672607,100,0.1,4.0,0.5,y_bar,0.7220946550369263,0.008698549121618271,0.722089946269989,0.007992174476385117,0.7220946550369263,0.008698549121618271,0.014238814823329449,4.0,0.5,M4_eta0.5
NOG,10004,708,177.0,363520,196608,708,6.355985879898071,100,0.1,4.0,0.5,y_bar,0.7219423651695251,0.007600605022162199,0.7219345569610596,0.008844539523124695,0.7219423651695251,0.007600605022162199,0.013699863106012344,4.0,0.5,M4_eta0.5
NOG,10004,772,193.0,396288,212992,772,6.913963556289673,100,0.1,4.0,0.5,y_bar,0.7218049168586731,0.009317198768258095,0.7218199372291565,0.00872346293181181,0.7218049168586731,0.009317198768258095,0.014443263411521912,4.0,0.5,M4_eta0.5
NOG,10004,836,209.0,429056,229376,836,7.475701570510864,100,0.1,4.0,0.5,y_bar,0.7216349244117737,0.007676221895962954,0.7216407656669617,0.009071676060557365,0.7216349244117737,0.007676221895962954,0.013269703835248947,4.0,0.5,M4_eta0.5
NOG,10004,900,225.0,461824,245760,900,7.996983766555786,100,0.1,4.0,0.5,y_bar,0.7213391661643982,0.00786617211997509,0.7213625907897949,0.008982027880847454,0.7213391661643982,0.00786617211997509,0.014590412378311157,4.0,0.5,M4_eta0.5
NOG,10004,960,240.0,492544,262144,960,8.543636322021484,100,0.1,4.0,0.5,y_bar,0.7213141322135925,0.009063329547643661,0.7213037014007568,0.008932060562074184,0.7213141322135925,0.009063329547643661,0.014272302389144897,4.0,0.5,M4_eta0.5
NOG,10004,8,1.0,5120,16384,8,0.16696548461914062,100,0.1,8.0,0.1,y_bar,0.7266855239868164,0.008724926970899105,0.7267743349075317,0.00852107908576727,0.7266855239868164,0.008724926970899105,0.011843863874673843,8.0,0.1,M8_eta0.1
NOG,10004,72,9.0,37888,32768,72,0.7128691673278809,100,0.1,8.0,0.1,y_bar,0.7262477278709412,0.009446237236261368,0.7261630296707153,0.006854133680462837,0.7262477278709412,0.009446237236261368,0.012005748227238655,8.0,0.1,M8_eta0.1
NOG,10004,136,17.0,70656,49152,136,1.32659912109375,100,0.1,8.0,0.1,y_bar,0.7252364754676819,0.00899880938231945,0.725167453289032,0.007857280783355236,0.7252364754676819,0.00899880938231945,0.01141511369496584,8.0,0.1,M8_eta0.1
NOG,10004,200,25.0,103424,65536,200,1.8893342018127441,100,0.1,8.0,0.1,y_bar,0.7246001958847046,0.008207629434764385,0.72455233335495,0.008973797783255577,0.7246001958847046,0.008207629434764385,0.011999303475022316,8.0,0.1,M8_eta0.1
NOG,10004,264,33.0,136192,81920,264,2.5116453170776367,100,0.1,8.0,0.1,y_bar,0.7237238883972168,0.007561773061752319,0.7236684560775757,0.00906344223767519,0.7237238883972168,0.007561773061752319,0.011102125979959965,8.0,0.1,M8_eta0.1
NOG,10004,328,41.0,168960,98304,328,3.0997166633605957,100,0.1,8.0,0.1,y_bar,0.7228971719741821,0.009139209985733032,0.7229098081588745,0.00759887183085084,0.7228971719741821,0.009139209985733032,0.009596796706318855,8.0,0.1,M8_eta0.1
NOG,10004,392,49.0,201728,114688,392,3.641458034515381,100,0.1,8.0,0.1,y_bar,0.7227463722229004,0.008935516700148582,0.7227134704589844,0.008341037668287754,0.7227463722229004,0.008935516700148582,0.012321533635258675,8.0,0.1,M8_eta0.1
NOG,10004,456,57.0,234496,131072,456,4.184555768966675,100,0.1,8.0,0.1,y_bar,0.7225385904312134,0.009608883410692215,0.7225821614265442,0.010181737132370472,0.7225385904312134,0.009608883410692215,0.010941139422357082,8.0,0.1,M8_eta0.1
NOG,10004,520,65.0,267264,147456,520,4.756417274475098,100,0.1,8.0,0.1,y_bar,0.7222695350646973,0.009608697146177292,0.7222409844398499,0.008403562940657139,0.7222695350646973,0.009608697146177292,0.010567130520939827,8.0,0.1,M8_eta0.1
NOG,10004,584,73.0,300032,163840,584,5.3445658683776855,100,0.1,8.0,0.1,y_bar,0.7221688032150269,0.00903510395437479,0.7221864461898804,0.00879685115069151,0.7221688032150269,0.00903510395437479,0.010059183463454247,8.0,0.1,M8_eta0.1
NOG,10004,648,81.0,332800,180224,648,5.923782110214233,100,0.1,8.0,0.1,y_bar,0.7218323945999146,0.008282599039375782,0.7218287587165833,0.008250392973423004,0.7218323945999146,0.008282599039375782,0.011225691065192223,8.0,0.1,M8_eta0.1
NOG,10004,712,89.0,365568,196608,712,6.5269036293029785,100,0.1,8.0,0.1,y_bar,0.7215967178344727,0.008096102625131607,0.7215731143951416,0.009208488278090954,0.7215967178344727,0.008096102625131607,0.01009821891784668,8.0,0.1,M8_eta0.1
NOG,10004,776,97.0,398336,212992,776,7.124558448791504,100,0.1,8.0,0.1,y_bar,0.7213079333305359,0.009389067068696022,0.7213230133056641,0.008460204117000103,0.7213079333305359,0.009389067068696022,0.01092002633959055,8.0,0.1,M8_eta0.1
NOG,10004,840,105.0,431104,229376,840,7.731137037277222,100,0.1,8.0,0.1,y_bar,0.7211596965789795,0.009416254237294197,0.7211466431617737,0.00830169953405857,0.7211596965789795,0.009416254237294197,0.012042994610965252,8.0,0.1,M8_eta0.1
NOG,10004,904,113.0,463872,245760,904,8.2797212600708,100,0.1,8.0,0.1,y_bar,0.7208918333053589,0.008859182707965374,0.7208561897277832,0.008167708292603493,0.7208918333053589,0.008859182707965374,0.011357479728758335,8.0,0.1,M8_eta0.1
NOG,10004,960,120.0,492544,262144,960,8.775063276290894,100,0.1,8.0,0.1,y_bar,0.7207213640213013,0.009797142818570137,0.7207040786743164,0.007908821105957031,0.7207213640213013,0.009797142818570137,0.009761117398738861,8.0,0.1,M8_eta0.1
NOG,10004,8,1.0,5120,16384,8,0.1846296787261963,100,0.1,8.0,0.2,y_bar,0.7267264127731323,0.008560177870094776,0.7268033623695374,0.00828564167022705,0.7267264127731323,0.008560177870094776,0.011438161134719849,8.0,0.2,M8_eta0.2
NOG,10004,72,9.0,37888,32768,72,0.7517716884613037,100,0.1,8.0,0.2,y_bar,0.7264111638069153,0.00917268916964531,0.7263511419296265,0.006543798837810755,0.7264111638069153,0.00917268916964531,0.011373442597687244,8.0,0.2,M8_eta0.2
NOG,10004,136,17.0,70656,49152,136,1.3387434482574463,100,0.1,8.0,0.2,y_bar,0.7258689403533936,0.008656014688313007,0.7257975339889526,0.00732703972607851,0.7258689403533936,0.008656014688313007,0.01101699285209179,8.0,0.2,M8_eta0.2
NOG,10004,200,25.0,103424,65536,200,1.8784122467041016,100,0.1,8.0,0.2,y_bar,0.725378692150116,0.00755701819434762,0.725386917591095,0.008539705537259579,0.725378692150116,0.00755701819434762,0.011296039447188377,8.0,0.2,M8_eta0.2
NOG,10004,264,33.0,136192,81920,264,2.4513468742370605,100,0.1,8.0,0.2,y_bar,0.7250769734382629,0.007951528765261173,0.7250392436981201,0.00924796424806118,0.7250769734382629,0.007951528765261173,0.010175189934670925,8.0,0.2,M8_eta0.2
NOG,10004,328,41.0,168960,98304,328,2.989985466003418,100,0.1,8.0,0.2,y_bar,0.7248024344444275,0.008447843603789806,0.7247803807258606,0.008344952948391438,0.7248024344444275,0.008447843603789806,0.00988746341317892,8.0,0.2,M8_eta0.2
NOG,10004,392,49.0,201728,114688,392,3.5839157104492188,100,0.1,8.0,0.2,y_bar,0.7244272828102112,0.007444947957992554,0.7244609594345093,0.008265117183327675,0.7244272828102112,0.007444947957992554,0.01076984778046608,8.0,0.2,M8_eta0.2
NOG,10004,456,57.0,234496,131072,456,4.14643120765686,100,0.1,8.0,0.2,y_bar,0.7239982485771179,0.009473660960793495,0.724001407623291,0.008733999915421009,0.7239982485771179,0.009473660960793495,0.01044510118663311,8.0,0.2,M8_eta0.2
NOG,10004,520,65.0,267264,147456,520,4.716592073440552,100,0.1,8.0,0.2,y_bar,0.7236113548278809,0.008790782652795315,0.7236021161079407,0.008087999187409878,0.7236113548278809,0.008790782652795315,0.009250915609300137,8.0,0.2,M8_eta0.2
NOG,10004,584,73.0,300032,163840,584,5.305014133453369,100,0.1,8.0,0.2,y_bar,0.7233561873435974,0.00887531228363514,0.7233200073242188,0.007931973785161972,0.7233561873435974,0.00887531228363514,0.009856523014605045,8.0,0.2,M8_eta0.2
NOG,10004,648,81.0,332800,180224,648,5.831636667251587,100,0.1,8.0,0.2,y_bar,0.7229503393173218,0.007606299594044685,0.7229719161987305,0.008444998413324356,0.7229503393173218,0.007606299594044685,0.010231970809400082,8.0,0.2,M8_eta0.2
NOG,10004,712,89.0,365568,196608,712,6.462795257568359,100,0.1,8.0,0.2,y_bar,0.7225610613822937,0.008180777542293072,0.7225544452667236,0.0089254854246974,0.7225610613822937,0.008180777542293072,0.00880963634699583,8.0,0.2,M8_eta0.2
NOG,10004,776,97.0,398336,212992,776,7.071332693099976,100,0.1,8.0,0.2,y_bar,0.722305417060852,0.008756662718951702,0.7222654223442078,0.00768631836399436,0.722305417060852,0.008756662718951702,0.011420557275414467,8.0,0.2,M8_eta0.2
NOG,10004,840,105.0,431104,229376,840,7.647552967071533,100,0.1,8.0,0.2,y_bar,0.7220391631126404,0.008469188585877419,0.7220110297203064,0.008389542810618877,0.7220391631126404,0.008469188585877419,0.01027110405266285,8.0,0.2,M8_eta0.2
NOG,10004,904,113.0,463872,245760,904,8.329774618148804,100,0.1,8.0,0.2,y_bar,0.7218214869499207,0.008671501651406288,0.7218178510665894,0.008270912803709507,0.7218214869499207,0.008671501651406288,0.009801972657442093,8.0,0.2,M8_eta0.2
NOG,10004,960,120.0,492544,262144,960,8.904323101043701,100,0.1,8.0,0.2,y_bar,0.7218008637428284,0.008524172008037567,0.7217958569526672,0.008455236442387104,0.7218008637428284,0.008524172008037567,0.009593057446181774,8.0,0.2,M8_eta0.2
NOG,10004,8,1.0,5120,16384,8,0.14717555046081543,100,0.1,8.0,0.3,y_bar,0.7266939878463745,0.008647782728075981,0.7267450094223022,0.008353712037205696,0.7266939878463745,0.008647782728075981,0.011593158356845379,8.0,0.3,M8_eta0.3
NOG,10004,72,9.0,37888,32768,72,0.7720963954925537,100,0.1,8.0,0.3,y_bar,0.7264959216117859,0.008706318214535713,0.7264668941497803,0.005911926738917828,0.7264959216117859,0.008706318214535713,0.010889365337789059,8.0,0.3,M8_eta0.3
NOG,10004,136,17.0,70656,49152,136,1.354210376739502,100,0.1,8.0,0.3,y_bar,0.7262519598007202,0.008046033792197704,0.7262214422225952,0.006956819444894791,0.7262519598007202,0.008046033792197704,0.010433947667479515,8.0,0.3,M8_eta0.3
NOG,10004,200,25.0,103424,65536,200,2.0264642238616943,100,0.1,8.0,0.3,y_bar,0.7260163426399231,0.007481930777430534,0.7260157465934753,0.00817381963133812,0.7260163426399231,0.007481930777430534,0.011039900593459606,8.0,0.3,M8_eta0.3
NOG,10004,264,33.0,136192,81920,264,2.6741943359375,100,0.1,8.0,0.3,y_bar,0.7256859540939331,0.007298910524696112,0.7256612777709961,0.008535134606063366,0.7256859540939331,0.007298910524696112,0.009568641893565655,8.0,0.3,M8_eta0.3
NOG,10004,328,41.0,168960,98304,328,3.2533631324768066,100,0.1,8.0,0.3,y_bar,0.7254585027694702,0.00754106929525733,0.7254289984703064,0.008135266602039337,0.7254585027694702,0.00754106929525733,0.00915992259979248,8.0,0.3,M8_eta0.3
NOG,10004,392,49.0,201728,114688,392,3.9004013538360596,100,0.1,8.0,0.3,y_bar,0.7252777814865112,0.007515349891036749,0.7252947688102722,0.008012504316866398,0.7252777814865112,0.007515349891036749,0.010882694274187088,8.0,0.3,M8_eta0.3
NOG,10004,456,57.0,234496,131072,456,4.513459920883179,100,0.1,8.0,0.3,y_bar,0.7250233292579651,0.009325340390205383,0.7250266671180725,0.008694775402545929,0.7250233292579651,0.009325340390205383,0.01000363752245903,8.0,0.3,M8_eta0.3
NOG,10004,520,65.0,267264,147456,520,5.10239052772522,100,0.1,8.0,0.3,y_bar,0.724835216999054,0.008060073480010033,0.7248460650444031,0.007957514375448227,0.724835216999054,0.008060073480010033,0.008961787447333336,8.0,0.3,M8_eta0.3
NOG,10004,584,73.0,300032,163840,584,5.71516227722168,100,0.1,8.0,0.3,y_bar,0.7246965765953064,0.007724537514150143,0.7246785759925842,0.006715275347232819,0.7246965765953064,0.007724537514150143,0.009223425760865211,8.0,0.3,M8_eta0.3
NOG,10004,648,81.0,332800,180224,648,6.296217679977417,100,0.1,8.0,0.3,y_bar,0.7245298027992249,0.007499138358980417,0.7245147228240967,0.007690351456403732,0.7245298027992249,0.007499138358980417,0.010106963105499744,8.0,0.3,M8_eta0.3
NOG,10004,712,89.0,365568,196608,712,6.900995492935181,100,0.1,8.0,0.3,y_bar,0.7243403792381287,0.0076516168192029,0.724356472492218,0.008708609268069267,0.7243403792381287,0.0076516168192029,0.008023764938116074,8.0,0.3,M8_eta0.3
NOG,10004,776,97.0,398336,212992,776,7.498591184616089,100,0.1,8.0,0.3,y_bar,0.7242545485496521,0.008479625917971134,0.7242324948310852,0.007003653794527054,0.7242545485496521,0.008479625917971134,0.01031701173633337,8.0,0.3,M8_eta0.3
NOG,10004,840,105.0,431104,229376,840,8.138633728027344,100,0.1,8.0,0.3,y_bar,0.724090039730072,0.007887262850999832,0.7240698933601379,0.008213033899664879,0.724090039730072,0.007887262850999832,0.009593422524631023,8.0,0.3,M8_eta0.3
NOG,10004,904,113.0,463872,245760,904,8.738683938980103,100,0.1,8.0,0.3,y_bar,0.7237874269485474,0.008208068087697029,0.7237924337387085,0.007574671413749456,0.7237874269485474,0.008208068087697029,0.008886407129466534,8.0,0.3,M8_eta0.3
NOG,10004,960,120.0,492544,262144,960,9.223783016204834,100,0.1,8.0,0.3,y_bar,0.7235960960388184,0.00828121230006218,0.723601222038269,0.007964625023305416,0.7235960960388184,0.00828121230006218,0.008999882265925407,8.0,0.3,M8_eta0.3
NOG,10004,8,1.0,5120,16384,8,0.1557447910308838,100,0.1,8.0,0.5,y_bar,0.7266643047332764,0.008790000341832638,0.7267011404037476,0.008659553714096546,0.7266643047332764,0.008790000341832638,0.011844412423670292,8.0,0.5,M8_eta0.5
NOG,10004,72,9.0,37888,32768,72,0.6990690231323242,100,0.1,8.0,0.5,y_bar,0.7265682816505432,0.008515729568898678,0.7265637516975403,0.006127921398729086,0.7265682816505432,0.008515729568898678,0.011066745035350323,8.0,0.5,M8_eta0.5
NOG,10004,136,17.0,70656,49152,136,1.2178356647491455,100,0.1,8.0,0.5,y_bar,0.7264541983604431,0.00767346890643239,0.7264406681060791,0.006725519895553589,0.7264541983604431,0.00767346890643239,0.009978650137782097,8.0,0.5,M8_eta0.5
NOG,10004,200,25.0,103424,65536,200,1.9152731895446777,100,0.1,8.0,0.5,y_bar,0.7263514995574951,0.007283570244908333,0.7263524532318115,0.008035481907427311,0.7263514995574951,0.007283570244908333,0.010769158601760864,8.0,0.5,M8_eta0.5
NOG,10004,264,33.0,136192,81920,264,2.5339760780334473,100,0.1,8.0,0.5,y_bar,0.726189136505127,0.007207802496850491,0.7261679172515869,0.008126218803226948,0.726189136505127,0.007207802496850491,0.00901852734386921,8.0,0.5,M8_eta0.5
NOG,10004,328,41.0,168960,98304,328,3.0966272354125977,100,0.1,8.0,0.5,y_bar,0.726054310798645,0.007295064628124237,0.726051926612854,0.007592988666146994,0.726054310798645,0.007295064628124237,0.009032286703586578,8.0,0.5,M8_eta0.5
NOG,10004,392,49.0,201728,114688,392,3.7154252529144287,100,0.1,8.0,0.5,y_bar,0.725928008556366,0.00714955385774374,0.7259286046028137,0.007601287681609392,0.725928008556366,0.00714955385774374,0.01073723565787077,8.0,0.5,M8_eta0.5
NOG,10004,456,57.0,234496,131072,456,4.358387470245361,100,0.1,8.0,0.5,y_bar,0.7257365584373474,0.008988912217319012,0.7257263660430908,0.008250830695033073,0.7257365584373474,0.008988912217319012,0.009904037229716778,8.0,0.5,M8_eta0.5
NOG,10004,520,65.0,267264,147456,520,4.984276056289673,100,0.1,8.0,0.5,y_bar,0.7255871295928955,0.007771848700940609,0.7255883812904358,0.008162693120539188,0.7255871295928955,0.007771848700940609,0.00897837895900011,8.0,0.5,M8_eta0.5
NOG,10004,584,73.0,300032,163840,584,5.661705732345581,100,0.1,8.0,0.5,y_bar,0.7254367470741272,0.007352025713771582,0.7254251837730408,0.006878288462758064,0.7254367470741272,0.007352025713771582,0.009201898239552975,8.0,0.5,M8_eta0.5
NOG,10004,648,81.0,332800,180224,648,6.227798938751221,100,0.1,8.0,0.5,y_bar,0.7252980470657349,0.0075963144190609455,0.7252913117408752,0.007350060157477856,0.7252980470657349,0.0075963144190609455,0.009696250781416893,8.0,0.5,M8_eta0.5
NOG,10004,712,89.0,365568,196608,712,6.794417381286621,100,0.1,8.0,0.5,y_bar,0.7251315116882324,0.007819687016308308,0.725132405757904,0.00782839860767126,0.7251315116882324,0.007819687016308308,0.008166094310581684,8.0,0.5,M8_eta0.5
NOG,10004,776,97.0,398336,212992,776,7.317647695541382,100,0.1,8.0,0.5,y_bar,0.7251139879226685,0.00814242847263813,0.7251033186912537,0.006886240094900131,0.7251139879226685,0.00814242847263813,0.009254765696823597,8.0,0.5,M8_eta0.5
NOG,10004,840,105.0,431104,229376,840,7.900420904159546,100,0.1,8.0,0.5,y_bar,0.7249935269355774,0.007379207294434309,0.7249859571456909,0.007586843334138393,0.7249935269355774,0.007379207294434309,0.008844208903610706,8.0,0.5,M8_eta0.5
NOG,10004,904,113.0,463872,245760,904,8.49092173576355,100,0.1,8.0,0.5,y_bar,0.7248947620391846,0.007811224088072777,0.7248867750167847,0.006991368252784014,0.7248947620391846,0.007811224088072777,0.008453789167106152,8.0,0.5,M8_eta0.5
NOG,10004,960,120.0,492544,262144,960,9.050447225570679,100,0.1,8.0,0.5,y_bar,0.724778413772583,0.007937668822705746,0.7248019576072693,0.007665595039725304,0.724778413772583,0.007937668822705746,0.008900522254407406,8.0,0.5,M8_eta0.5
NOG,10004,12,1.0,7168,16384,12,0.20560169219970703,100,0.1,12.0,0.1,y_bar,0.7267119288444519,0.008878154680132866,0.7268043160438538,0.008196287788450718,0.7267119288444519,0.008878154680132866,0.009607427753508091,12.0,0.1,M12_eta0.1
NOG,10004,84,7.0,44032,32768,84,0.8646492958068848,100,0.1,12.0,0.1,y_bar,0.7263069748878479,0.007529296446591616,0.7262880802154541,0.008571051061153412,0.7263069748878479,0.007529296446591616,0.008086945861577988,12.0,0.1,M12_eta0.1
NOG,10004,156,13.0,80896,49152,156,1.4987168312072754,100,0.1,12.0,0.1,y_bar,0.725775957107544,0.008557465858757496,0.7257639765739441,0.008303838782012463,0.725775957107544,0.008557465858757496,0.007536115124821663,12.0,0.1,M12_eta0.1
NOG,10004,228,19.0,117760,65536,228,2.0617716312408447,100,0.1,12.0,0.1,y_bar,0.7253187298774719,0.0077698854729533195,0.7252873778343201,0.0073116859421133995,0.7253187298774719,0.0077698854729533195,0.00833611749112606,12.0,0.1,M12_eta0.1
NOG,10004,300,25.0,154624,81920,300,2.723991870880127,100,0.1,12.0,0.1,y_bar,0.7249869704246521,0.008508536033332348,0.7250091433525085,0.008546745404601097,0.7249869704246521,0.008508536033332348,0.008899079635739326,12.0,0.1,M12_eta0.1
NOG,10004,372,31.0,191488,98304,372,3.3714346885681152,100,0.1,12.0,0.1,y_bar,0.7247313857078552,0.007975706830620766,0.7247698903083801,0.007914968766272068,0.7247313857078552,0.007975706830620766,0.00793001800775528,12.0,0.1,M12_eta0.1
NOG,10004,444,37.0,228352,114688,444,4.106110572814941,100,0.1,12.0,0.1,y_bar,0.7243737578392029,0.007827585563063622,0.7243205308914185,0.007613054942339659,0.7243737578392029,0.007827585563063622,0.007323442958295345,12.0,0.1,M12_eta0.1
NOG,10004,516,43.0,265216,131072,516,4.7632973194122314,100,0.1,12.0,0.1,y_bar,0.7239527106285095,0.008213796652853489,0.7239300012588501,0.007968109101057053,0.7239527106285095,0.008213796652853489,0.008074061013758183,12.0,0.1,M12_eta0.1
NOG,10004,588,49.0,302080,147456,588,5.413446664810181,100,0.1,12.0,0.1,y_bar,0.7234780788421631,0.008530857972800732,0.7233985066413879,0.0078012957237660885,0.7234780788421631,0.008530857972800732,0.008187605068087578,12.0,0.1,M12_eta0.1
NOG,10004,660,55.0,338944,163840,660,6.047151327133179,100,0.1,12.0,0.1,y_bar,0.7230747938156128,0.0082577308639884,0.7230568528175354,0.00789700634777546,0.7230747938156128,0.0082577308639884,0.00835704617202282,12.0,0.1,M12_eta0.1
NOG,10004,732,61.0,375808,180224,732,6.708272695541382,100,0.1,12.0,0.1,y_bar,0.7227680683135986,0.008420576341450214,0.7227720618247986,0.00823559146374464,0.7227680683135986,0.008420576341450214,0.008647313341498375,12.0,0.1,M12_eta0.1
NOG,10004,804,67.0,412672,196608,804,7.335160970687866,100,0.1,12.0,0.1,y_bar,0.7223787307739258,0.008098366670310497,0.7223477363586426,0.00808494258671999,0.7223787307739258,0.008098366670310497,0.008300517685711384,12.0,0.1,M12_eta0.1
NOG,10004,876,73.0,449536,212992,876,7.918914079666138,100,0.1,12.0,0.1,y_bar,0.7221396565437317,0.008884514681994915,0.7221370339393616,0.008763952180743217,0.7221396565437317,0.008884514681994915,0.008686713874340057,12.0,0.1,M12_eta0.1
NOG,10004,948,79.0,486400,229376,948,8.611151933670044,100,0.1,12.0,0.1,y_bar,0.7218812704086304,0.007908723317086697,0.721892774105072,0.008340762928128242,0.7218812704086304,0.007908723317086697,0.008794855326414108,12.0,0.1,M12_eta0.1
NOG,10004,960,80.0,492544,245760,960,8.80608344078064,100,0.1,12.0,0.1,y_bar,0.7218987345695496,0.00849955528974533,0.7219175100326538,0.007335527800023556,0.7218987345695496,0.00849955528974533,0.008484414778649807,12.0,0.1,M12_eta0.1
NOG,10004,12,1.0,7168,16384,12,0.20091700553894043,100,0.1,12.0,0.2,y_bar,0.7266689538955688,0.009014952927827835,0.726718544960022,0.008164895698428154,0.7266689538955688,0.009014952927827835,0.009801697917282581,12.0,0.2,M12_eta0.2
NOG,10004,84,7.0,44032,32768,84,0.8782715797424316,100,0.1,12.0,0.2,y_bar,0.7265207767486572,0.006801060866564512,0.7265040278434753,0.00842446368187666,0.7265207767486572,0.006801060866564512,0.007516297046095133,12.0,0.2,M12_eta0.2
NOG,10004,156,13.0,80896,49152,156,1.509594202041626,100,0.1,12.0,0.2,y_bar,0.726345419883728,0.008209838531911373,0.7263347506523132,0.008129696361720562,0.726345419883728,0.008209838531911373,0.00727236969396472,12.0,0.2,M12_eta0.2
NOG,10004,228,19.0,117760,65536,228,2.1616592407226562,100,0.1,12.0,0.2,y_bar,0.7261411547660828,0.007429925259202719,0.7261435389518738,0.006966813933104277,0.7261411547660828,0.007429925259202719,0.007988739758729935,12.0,0.2,M12_eta0.2
NOG,10004,300,25.0,154624,81920,300,2.8859148025512695,100,0.1,12.0,0.2,y_bar,0.7259676456451416,0.007755101192742586,0.7259894609451294,0.007372417487204075,0.7259676456451416,0.007755101192742586,0.00789808388799429,12.0,0.2,M12_eta0.2
NOG,10004,372,31.0,191488,98304,372,3.5829944610595703,100,0.1,12.0,0.2,y_bar,0.725755512714386,0.007888609543442726,0.7257530689239502,0.008062765002250671,0.725755512714386,0.007888609543442726,0.007974122650921345,12.0,0.2,M12_eta0.2
NOG,10004,444,37.0,228352,114688,444,4.25612735748291,100,0.1,12.0,0.2,y_bar,0.7255085110664368,0.007721694651991129,0.7255064845085144,0.007734662853181362,0.7255085110664368,0.007721694651991129,0.00688880356028676,12.0,0.2,M12_eta0.2
NOG,10004,516,43.0,265216,131072,516,4.841900825500488,100,0.1,12.0,0.2,y_bar,0.725310206413269,0.007582222577184439,0.7253276109695435,0.00818617269396782,0.725310206413269,0.007582222577184439,0.007001671474426985,12.0,0.2,M12_eta0.2
NOG,10004,588,49.0,302080,147456,588,5.435920715332031,100,0.1,12.0,0.2,y_bar,0.7251594662666321,0.00800363626331091,0.7251235246658325,0.0076219248585402966,0.7251594662666321,0.00800363626331091,0.0076606725342571735,12.0,0.2,M12_eta0.2
NOG,10004,660,55.0,338944,163840,660,6.1268229484558105,100,0.1,12.0,0.2,y_bar,0.7249854803085327,0.0077250367030501366,0.724986732006073,0.007045760750770569,0.7249854803085327,0.0077250367030501366,0.007678532972931862,12.0,0.2,M12_eta0.2
NOG,10004,732,61.0,375808,180224,732,6.89215874671936,100,0.1,12.0,0.2,y_bar,0.7248467206954956,0.007401969283819199,0.7248656749725342,0.007788482122123241,0.7248467206954956,0.007401969283819199,0.007777643855661154,12.0,0.2,M12_eta0.2
NOG,10004,804,67.0,412672,196608,804,7.523913145065308,100,0.1,12.0,0.2,y_bar,0.7247543931007385,0.007092669606208801,0.7247480750083923,0.007466005627065897,0.7247543931007385,0.007092669606208801,0.007987752556800842,12.0,0.2,M12_eta0.2
NOG,10004,876,73.0,449536,212992,876,8.22759222984314,100,0.1,12.0,0.2,y_bar,0.7246462106704712,0.00801020860671997,0.7246507406234741,0.007940645329654217,0.7246462106704712,0.00801020860671997,0.008080920204520226,12.0,0.2,M12_eta0.2
NOG,10004,948,79.0,486400,229376,948,8.897435665130615,100,0.1,12.0,0.2,y_bar,0.724500298500061,0.007222313433885574,0.724495530128479,0.007394112180918455,0.724500298500061,0.007222313433885574,0.00804756861180067,12.0,0.2,M12_eta0.2
NOG,10004,960,80.0,492544,245760,960,9.095756530761719,100,0.1,12.0,0.2,y_bar,0.7244912385940552,0.007324476260691881,0.724502444267273,0.0067741163074970245,0.7244912385940552,0.007324476260691881,0.007144827861338854,12.0,0.2,M12_eta0.2
NOG,10004,12,1.0,7168,16384,12,0.17869329452514648,100,0.1,12.0,0.3,y_bar,0.7266470193862915,0.009202796034514904,0.7266833186149597,0.008412444964051247,0.7266470193862915,0.009202796034514904,0.010169841349124908,12.0,0.3,M12_eta0.3
NOG,10004,84,7.0,44032,32768,84,0.8244531154632568,100,0.1,12.0,0.3,y_bar,0.7265786528587341,0.006704891566187143,0.7265745401382446,0.00829484686255455,0.7265786528587341,0.006704891566187143,0.007464689202606678,12.0,0.3,M12_eta0.3
NOG,10004,156,13.0,80896,49152,156,1.477426528930664,100,0.1,12.0,0.3,y_bar,0.7264803647994995,0.007957431487739086,0.7264727354049683,0.007936788722872734,0.7264803647994995,0.007957431487739086,0.007212339900434017,12.0,0.3,M12_eta0.3
NOG,10004,228,19.0,117760,65536,228,2.132126808166504,100,0.1,12.0,0.3,y_bar,0.726371705532074,0.007211897522211075,0.7263764142990112,0.0069354139268398285,0.726371705532074,0.007211897522211075,0.008005006238818169,12.0,0.3,M12_eta0.3
NOG,10004,300,25.0,154624,81920,300,2.8779637813568115,100,0.1,12.0,0.3,y_bar,0.7262527346611023,0.00731263542547822,0.726263165473938,0.007184948772192001,0.7262527346611023,0.00731263542547822,0.008075266145169735,12.0,0.3,M12_eta0.3
NOG,10004,372,31.0,191488,98304,372,3.5776548385620117,100,0.1,12.0,0.3,y_bar,0.726150393486023,0.007371448911726475,0.7261497974395752,0.00763713289052248,0.726150393486023,0.007371448911726475,0.008005382493138313,12.0,0.3,M12_eta0.3
NOG,10004,444,37.0,228352,114688,444,4.215320348739624,100,0.1,12.0,0.3,y_bar,0.7260223627090454,0.00784000288695097,0.7260145545005798,0.007606870494782925,0.7260223627090454,0.00784000288695097,0.007413365412503481,12.0,0.3,M12_eta0.3
NOG,10004,516,43.0,265216,131072,516,4.845571517944336,100,0.1,12.0,0.3,y_bar,0.7258945107460022,0.007563502062112093,0.7259145379066467,0.007896091789007187,0.7258945107460022,0.007563502062112093,0.007237016223371029,12.0,0.3,M12_eta0.3
NOG,10004,588,49.0,302080,147456,588,5.492777585983276,100,0.1,12.0,0.3,y_bar,0.7257665991783142,0.007914578542113304,0.725740909576416,0.0074860937893390656,0.7257665991783142,0.007914578542113304,0.007613149005919695,12.0,0.3,M12_eta0.3
NOG,10004,660,55.0,338944,163840,660,6.166555643081665,100,0.1,12.0,0.3,y_bar,0.725608229637146,0.007418695371598005,0.7256093621253967,0.007047818973660469,0.725608229637146,0.007418695371598005,0.00746608292683959,12.0,0.3,M12_eta0.3
NOG,10004,732,61.0,375808,180224,732,6.771636486053467,100,0.1,12.0,0.3,y_bar,0.7254803776741028,0.00735905347391963,0.72547847032547,0.007368406746536493,0.7254803776741028,0.00735905347391963,0.00805777870118618,12.0,0.3,M12_eta0.3
NOG,10004,804,67.0,412672,196608,804,7.5250794887542725,100,0.1,12.0,0.3,y_bar,0.7254067063331604,0.007282565347850323,0.7254059314727783,0.00747542642056942,0.7254067063331604,0.007282565347850323,0.0077906115911901,12.0,0.3,M12_eta0.3
NOG,10004,876,73.0,449536,212992,876,8.312465906143188,100,0.1,12.0,0.3,y_bar,0.7252780199050903,0.007649121806025505,0.7252766489982605,0.007693364284932613,0.7252780199050903,0.007649121806025505,0.007818645797669888,12.0,0.3,M12_eta0.3
NOG,10004,948,79.0,486400,229376,948,9.00972604751587,100,0.1,12.0,0.3,y_bar,0.7251555323600769,0.006798946764320135,0.7251611351966858,0.007097683846950531,0.7251555323600769,0.006798946764320135,0.007729298900812864,12.0,0.3,M12_eta0.3
NOG,10004,960,80.0,492544,245760,960,9.275169610977173,100,0.1,12.0,0.3,y_bar,0.7251401543617249,0.007071743719279766,0.7251523733139038,0.007111348677426577,0.7251401543617249,0.007071743719279766,0.00706275412812829,12.0,0.3,M12_eta0.3
NOG,10004,12,1.0,7168,16384,12,0.22227215766906738,100,0.1,12.0,0.5,y_bar,0.7266340255737305,0.009369255974888802,0.7266601324081421,0.00861001294106245,0.7266340255737305,0.009369255974888802,0.010392249561846256,12.0,0.5,M12_eta0.5
NOG,10004,84,7.0,44032,32768,84,0.9093210697174072,100,0.1,12.0,0.5,y_bar,0.7266029119491577,0.00667329877614975,0.7266013622283936,0.008149439468979836,0.7266029119491577,0.00667329877614975,0.00761869503185153,12.0,0.5,M12_eta0.5
NOG,10004,156,13.0,80896,49152,156,1.622624158859253,100,0.1,12.0,0.5,y_bar,0.7265459895133972,0.00789661891758442,0.7265365719795227,0.007953417487442493,0.7265459895133972,0.00789661891758442,0.007301229517906904,12.0,0.5,M12_eta0.5
NOG,10004,228,19.0,117760,65536,228,2.275629997253418,100,0.1,12.0,0.5,y_bar,0.7264805436134338,0.006958127487450838,0.7264889478683472,0.006742812227457762,0.7264805436134338,0.006958127487450838,0.007973458617925644,12.0,0.5,M12_eta0.5
NOG,10004,300,25.0,154624,81920,300,2.943453311920166,100,0.1,12.0,0.5,y_bar,0.7264009714126587,0.007127293851226568,0.7263957262039185,0.007163891568779945,0.7264009714126587,0.007127293851226568,0.008218832314014435,12.0,0.5,M12_eta0.5
NOG,10004,372,31.0,191488,98304,372,3.5646278858184814,100,0.1,12.0,0.5,y_bar,0.7263121008872986,0.007401145529001951,0.7263118028640747,0.007331151515245438,0.7263121008872986,0.007401145529001951,0.007993735373020172,12.0,0.5,M12_eta0.5
NOG,10004,444,37.0,228352,114688,444,4.205751657485962,100,0.1,12.0,0.5,y_bar,0.7262556552886963,0.007717936299741268,0.7262478470802307,0.007707469630986452,0.7262556552886963,0.007717936299741268,0.007451443467289209,12.0,0.5,M12_eta0.5
NOG,10004,516,43.0,265216,131072,516,4.8365278244018555,100,0.1,12.0,0.5,y_bar,0.7261404395103455,0.007527345325797796,0.7261555790901184,0.007536681368947029,0.7261404395103455,0.007527345325797796,0.007183148059993982,12.0,0.5,M12_eta0.5
NOG,10004,588,49.0,302080,147456,588,5.516631126403809,100,0.1,12.0,0.5,y_bar,0.7260743975639343,0.007884129881858826,0.7260546088218689,0.007128789555281401,0.7260743975639343,0.007884129881858826,0.007466266397386789,12.0,0.5,M12_eta0.5
NOG,10004,660,55.0,338944,163840,660,6.132296562194824,100,0.1,12.0,0.5,y_bar,0.7259545922279358,0.007223543245345354,0.7259567975997925,0.007064404897391796,0.7259545922279358,0.007223543245345354,0.007669504266232252,12.0,0.5,M12_eta0.5
NOG,10004,732,61.0,375808,180224,732,6.70141339302063,100,0.1,12.0,0.5,y_bar,0.7258832454681396,0.007156063336879015,0.7258825898170471,0.007421049289405346,0.7258832454681396,0.007156063336879015,0.007874193601310253,12.0,0.5,M12_eta0.5
NOG,10004,804,67.0,412672,196608,804,7.310622930526733,100,0.1,12.0,0.5,y_bar,0.7258049845695496,0.007135607767850161,0.7258086800575256,0.007313435431569815,0.7258049845695496,0.007135607767850161,0.007636860944330692,12.0,0.5,M12_eta0.5
NOG,10004,876,73.0,449536,212992,876,7.876415729522705,100,0.1,12.0,0.5,y_bar,0.7257173657417297,0.007313400041311979,0.7257140278816223,0.00754523416981101,0.7257173657417297,0.007313400041311979,0.008058312349021435,12.0,0.5,M12_eta0.5
NOG,10004,948,79.0,486400,229376,948,8.58945894241333,100,0.1,12.0,0.5,y_bar,0.7256000638008118,0.006860925815999508,0.7256079316139221,0.007176565937697887,0.7256000638008118,0.006860925815999508,0.007805762346833944,12.0,0.5,M12_eta0.5
NOG,10004,960,80.0,492544,245760,960,8.81902003288269,100,0.1,12.0,0.5,y_bar,0.7255927324295044,0.007177761290222406,0.7255941033363342,0.007038012146949768,0.7255927324295044,0.007177761290222406,0.007587796077132225,12.0,0.5,M12_eta0.5
NOG,10004,16,1.0,9216,16384,16,0.24452638626098633,100,0.1,16.0,0.1,y_bar,0.7266830205917358,0.00921404454857111,0.7267451882362366,0.007779172156006098,0.7266830205917358,0.00921404454857111,0.00882041361182928,16.0,0.1,M16_eta0.1
NOG,10004,80,5.0,41984,32768,80,0.8363277912139893,100,0.1,16.0,0.1,y_bar,0.7265172600746155,0.007518023252487183,0.7264984250068665,0.0071087670512497425,0.7265172600746155,0.007518023252487183,0.006733152084052563,16.0,0.1,M16_eta0.1
NOG,10004,144,9.0,74752,49152,144,1.4927394390106201,100,0.1,16.0,0.1,y_bar,0.7262845039367676,0.007519076112657785,0.7262409329414368,0.0068706972524523735,0.7262845039367676,0.007519076112657785,0.006620150990784168,16.0,0.1,M16_eta0.1
NOG,10004,208,13.0,107520,65536,208,2.1410298347473145,100,0.1,16.0,0.1,y_bar,0.7260964512825012,0.007160921581089497,0.7260648608207703,0.007290209177881479,0.7260964512825012,0.007160921581089497,0.007868630811572075,16.0,0.1,M16_eta0.1
NOG,10004,272,17.0,140288,81920,272,2.774752140045166,100,0.1,16.0,0.1,y_bar,0.7257937788963318,0.006884908303618431,0.7257345914840698,0.007799232844263315,0.7257937788963318,0.006884908303618431,0.007248722016811371,16.0,0.1,M16_eta0.1
NOG,10004,336,21.0,173056,98304,336,3.3802545070648193,100,0.1,16.0,0.1,y_bar,0.7255247235298157,0.007337923161685467,0.7255024909973145,0.008379587903618813,0.7255247235298157,0.007337923161685467,0.007245230488479137,16.0,0.1,M16_eta0.1
NOG,10004,400,25.0,205824,114688,400,3.999114513397217,100,0.1,16.0,0.1,y_bar,0.7253524661064148,0.007445381488651037,0.7253825664520264,0.00724526634439826,0.7253524661064148,0.007445381488651037,0.007100082002580166,16.0,0.1,M16_eta0.1
NOG,10004,464,29.0,238592,131072,464,4.6067492961883545,100,0.1,16.0,0.1,y_bar,0.7250940799713135,0.0074126278050243855,0.7250829339027405,0.007476672064512968,0.7250940799713135,0.0074126278050243855,0.007538667414337397,16.0,0.1,M16_eta0.1
NOG,10004,528,33.0,271360,147456,528,5.183655023574829,100,0.1,16.0,0.1,y_bar,0.7249160408973694,0.00769115099683404,0.7249341011047363,0.007960719987750053,0.7249160408973694,0.00769115099683404,0.006701980717480183,16.0,0.1,M16_eta0.1
NOG,10004,592,37.0,304128,163840,592,5.788066864013672,100,0.1,16.0,0.1,y_bar,0.724797248840332,0.006950870156288147,0.7247642874717712,0.008872592821717262,0.724797248840332,0.006950870156288147,0.006804976612329483,16.0,0.1,M16_eta0.1
NOG,10004,656,41.0,336896,180224,656,6.402220010757446,100,0.1,16.0,0.1,y_bar,0.724622905254364,0.007521682884544134,0.7246254086494446,0.008181767538189888,0.724622905254364,0.007521682884544134,0.0066528599709272385,16.0,0.1,M16_eta0.1
NOG,10004,720,45.0,369664,196608,720,7.033088684082031,100,0.1,16.0,0.1,y_bar,0.7244566679000854,0.007338757161051035,0.7244731783866882,0.008518713526427746,0.7244566679000854,0.007338757161051035,0.0055142673663794994,16.0,0.1,M16_eta0.1
NOG,10004,784,49.0,402432,212992,784,7.664646863937378,100,0.1,16.0,0.1,y_bar,0.7243638038635254,0.007778293918818235,0.7243327498435974,0.00838202703744173,0.7243638038635254,0.007778293918818235,0.00789320282638073,16.0,0.1,M16_eta0.1
NOG,10004,848,53.0,435200,229376,848,8.265304803848267,100,0.1,16.0,0.1,y_bar,0.7242211103439331,0.0074644130654633045,0.7241819500923157,0.007986710406839848,0.7242211103439331,0.0074644130654633045,0.007525794208049774,16.0,0.1,M16_eta0.1
NOG,10004,912,57.0,467968,245760,912,8.858729124069214,100,0.1,16.0,0.1,y_bar,0.7240209579467773,0.007059858646243811,0.7240294218063354,0.008746938779950142,0.7240209579467773,0.007059858646243811,0.006912881974130869,16.0,0.1,M16_eta0.1
NOG,10004,960,60.0,492544,262144,960,9.336732387542725,100,0.1,16.0,0.1,y_bar,0.7238966226577759,0.008063583634793758,0.7238638997077942,0.007591670844703913,0.7238966226577759,0.008063583634793758,0.006561985705047846,16.0,0.1,M16_eta0.1
NOG,10004,16,1.0,9216,16384,16,0.20529556274414062,100,0.1,16.0,0.2,y_bar,0.7266386151313782,0.009678042493760586,0.7266777157783508,0.008249467238783836,0.7266386151313782,0.009678042493760586,0.009393350221216679,16.0,0.2,M16_eta0.2
NOG,10004,80,5.0,41984,32768,80,0.8463401794433594,100,0.1,16.0,0.2,y_bar,0.726601243019104,0.007577913347631693,0.7266003489494324,0.006869484670460224,0.726601243019104,0.007577913347631693,0.007058560848236084,16.0,0.2,M16_eta0.2
NOG,10004,144,9.0,74752,49152,144,1.5112457275390625,100,0.1,16.0,0.2,y_bar,0.7265292406082153,0.007129192817956209,0.7265130281448364,0.006621428765356541,0.7265292406082153,0.007129192817956209,0.006472217850387096,16.0,0.2,M16_eta0.2
NOG,10004,208,13.0,107520,65536,208,2.1012861728668213,100,0.1,16.0,0.2,y_bar,0.7264806628227234,0.0067766522988677025,0.7264655232429504,0.00691068172454834,0.7264806628227234,0.0067766522988677025,0.007521480321884155,16.0,0.2,M16_eta0.2
NOG,10004,272,17.0,140288,81920,272,2.6498773097991943,100,0.1,16.0,0.2,y_bar,0.7263582348823547,0.006638178601861,0.7263268232345581,0.007045198231935501,0.7263582348823547,0.006638178601861,0.006650236900895834,16.0,0.2,M16_eta0.2
NOG,10004,336,21.0,173056,98304,336,3.247448205947876,100,0.1,16.0,0.2,y_bar,0.7262815237045288,0.00727124372497201,0.7262845635414124,0.007976179011166096,0.7262815237045288,0.00727124372497201,0.006993906572461128,16.0,0.2,M16_eta0.2
NOG,10004,400,25.0,205824,114688,400,3.8377273082733154,100,0.1,16.0,0.2,y_bar,0.7262077331542969,0.006677485536783934,0.7262182831764221,0.00636032409965992,0.7262077331542969,0.006677485536783934,0.007150208577513695,16.0,0.2,M16_eta0.2
NOG,10004,464,29.0,238592,131072,464,4.407469749450684,100,0.1,16.0,0.2,y_bar,0.7260774970054626,0.007633608300238848,0.7260509133338928,0.007652594242244959,0.7260774970054626,0.007633608300238848,0.0073478263802826405,16.0,0.2,M16_eta0.2
NOG,10004,528,33.0,271360,147456,528,4.993346452713013,100,0.1,16.0,0.2,y_bar,0.7259618639945984,0.007471613585948944,0.7259703874588013,0.0075372494757175446,0.7259618639945984,0.007471613585948944,0.0066579002887010574,16.0,0.2,M16_eta0.2
NOG,10004,592,37.0,304128,163840,592,5.643795013427734,100,0.1,16.0,0.2,y_bar,0.7258504629135132,0.006607190240174532,0.7258310914039612,0.008508418686687946,0.7258504629135132,0.006607190240174532,0.006433435715734959,16.0,0.2,M16_eta0.2
NOG,10004,656,41.0,336896,180224,656,6.25332236289978,100,0.1,16.0,0.2,y_bar,0.7257518768310547,0.0073280660435557365,0.7257500886917114,0.007790914736688137,0.7257518768310547,0.0073280660435557365,0.006842317990958691,16.0,0.2,M16_eta0.2
NOG,10004,720,45.0,369664,196608,720,6.8385701179504395,100,0.1,16.0,0.2,y_bar,0.7256377339363098,0.007232199423015118,0.7256317138671875,0.0077494471333920956,0.7256377339363098,0.007232199423015118,0.006388477515429258,16.0,0.2,M16_eta0.2
NOG,10004,784,49.0,402432,212992,784,7.4724647998809814,100,0.1,16.0,0.2,y_bar,0.7255960702896118,0.007240319158881903,0.7255819439888,0.007249732967466116,0.7255960702896118,0.007240319158881903,0.006827099248766899,16.0,0.2,M16_eta0.2
NOG,10004,848,53.0,435200,229376,848,8.085949182510376,100,0.1,16.0,0.2,y_bar,0.7254931330680847,0.0068287318572402,0.7254936099052429,0.006874403450638056,0.7254931330680847,0.0068287318572402,0.0067902905866503716,16.0,0.2,M16_eta0.2
NOG,10004,912,57.0,467968,245760,912,8.632401466369629,100,0.1,16.0,0.2,y_bar,0.7254000306129456,0.006375813391059637,0.7254199385643005,0.00832290668040514,0.7254000306129456,0.006375813391059637,0.006504375953227282,16.0,0.2,M16_eta0.2
NOG,10004,960,60.0,492544,262144,960,9.104397296905518,100,0.1,16.0,0.2,y_bar,0.7253239154815674,0.007822077721357346,0.7253133654594421,0.007812117226421833,0.7253239154815674,0.007822077721357346,0.006198491435497999,16.0,0.2,M16_eta0.2
NOG,10004,16,1.0,9216,16384,16,0.21183514595031738,100,0.1,16.0,0.3,y_bar,0.7266266345977783,0.00986962579190731,0.7266524434089661,0.00839768536388874,0.7266266345977783,0.00986962579190731,0.009655416943132877,16.0,0.3,M16_eta0.3
NOG,10004,80,5.0,41984,32768,80,0.760002613067627,100,0.1,16.0,0.3,y_bar,0.7266088128089905,0.007808642461895943,0.7266147136688232,0.006966328248381615,0.7266088128089905,0.007808642461895943,0.007328432984650135,16.0,0.3,M16_eta0.3
NOG,10004,144,9.0,74752,49152,144,1.3492381572723389,100,0.1,16.0,0.3,y_bar,0.7265733480453491,0.007168484851717949,0.7265650033950806,0.006681236904114485,0.7265733480453491,0.007168484851717949,0.006576411426067352,16.0,0.3,M16_eta0.3
NOG,10004,208,13.0,107520,65536,208,1.9649455547332764,100,0.1,16.0,0.3,y_bar,0.7265481352806091,0.006684168707579374,0.7265349626541138,0.0068183899857103825,0.7265481352806091,0.006684168707579374,0.0074563296511769295,16.0,0.3,M16_eta0.3
NOG,10004,272,17.0,140288,81920,272,2.5850067138671875,100,0.1,16.0,0.3,y_bar,0.7264519929885864,0.0068319388665258884,0.726435124874115,0.006885938346385956,0.7264519929885864,0.0068319388665258884,0.006613886449486017,16.0,0.3,M16_eta0.3
NOG,10004,336,21.0,173056,98304,336,3.194399833679199,100,0.1,16.0,0.3,y_bar,0.7264025807380676,0.0069243647158145905,0.7264090180397034,0.007832509465515614,0.7264025807380676,0.0069243647158145905,0.0070031993091106415,16.0,0.3,M16_eta0.3
NOG,10004,400,25.0,205824,114688,400,3.789238691329956,100,0.1,16.0,0.3,y_bar,0.7263699769973755,0.00658048503100872,0.7263773679733276,0.006195386406034231,0.7263699769973755,0.00658048503100872,0.007344979327172041,16.0,0.3,M16_eta0.3
NOG,10004,464,29.0,238592,131072,464,4.339679479598999,100,0.1,16.0,0.3,y_bar,0.7262781858444214,0.007628528401255608,0.7262569069862366,0.007571439258754253,0.7262781858444214,0.007628528401255608,0.007341205608099699,16.0,0.3,M16_eta0.3
NOG,10004,528,33.0,271360,147456,528,4.963191032409668,100,0.1,16.0,0.3,y_bar,0.7261888980865479,0.007123090326786041,0.7261958122253418,0.007523471023887396,0.7261888980865479,0.007123090326786041,0.006740332115441561,16.0,0.3,M16_eta0.3
NOG,10004,592,37.0,304128,163840,592,5.55439019203186,100,0.1,16.0,0.3,y_bar,0.7261142730712891,0.006548203993588686,0.7261083126068115,0.008522414602339268,0.7261142730712891,0.006548203993588686,0.006255380809307098,16.0,0.3,M16_eta0.3
NOG,10004,656,41.0,336896,180224,656,6.131270170211792,100,0.1,16.0,0.3,y_bar,0.7260591387748718,0.007339086849242449,0.726047694683075,0.007882125675678253,0.7260591387748718,0.007339086849242449,0.007145706098526716,16.0,0.3,M16_eta0.3
NOG,10004,720,45.0,369664,196608,720,6.76633620262146,100,0.1,16.0,0.3,y_bar,0.7259876728057861,0.006921785417944193,0.7259852886199951,0.007915676571428776,0.7259876728057861,0.006921785417944193,0.0062690917402505875,16.0,0.3,M16_eta0.3
NOG,10004,784,49.0,402432,212992,784,7.385900497436523,100,0.1,16.0,0.3,y_bar,0.7259665727615356,0.00708556966856122,0.7259488105773926,0.007244935724884272,0.7259665727615356,0.00708556966856122,0.006707123480737209,16.0,0.3,M16_eta0.3
NOG,10004,848,53.0,435200,229376,848,7.980640649795532,100,0.1,16.0,0.3,y_bar,0.725882887840271,0.006660876329988241,0.7258786559104919,0.006771340034902096,0.725882887840271,0.006660876329988241,0.006904859095811844,16.0,0.3,M16_eta0.3
NOG,10004,912,57.0,467968,245760,912,8.564990520477295,100,0.1,16.0,0.3,y_bar,0.7258030772209167,0.006248966790735722,0.7258139252662659,0.00818598922342062,0.7258030772209167,0.006248966790735722,0.006589826662093401,16.0,0.3,M16_eta0.3
NOG,10004,960,60.0,492544,262144,960,9.069460391998291,100,0.1,16.0,0.3,y_bar,0.7257567644119263,0.00786793977022171,0.7257470488548279,0.007834933698177338,0.7257567644119263,0.00786793977022171,0.006221720017492771,16.0,0.3,M16_eta0.3
NOG,10004,16,1.0,9216,16384,16,0.24006009101867676,100,0.1,16.0,0.5,y_bar,0.7266196012496948,0.010030641220510006,0.7266387343406677,0.008528446778655052,0.7266196012496948,0.010030641220510006,0.009882495738565922,16.0,0.5,M16_eta0.5
NOG,10004,80,5.0,41984,32768,80,0.8385882377624512,100,0.1,16.0,0.5,y_bar,0.726607620716095,0.00805050041526556,0.7266141772270203,0.007102598901838064,0.726607620716095,0.00805050041526556,0.007611957378685474,16.0,0.5,M16_eta0.5
NOG,10004,144,9.0,74752,49152,144,1.4667565822601318,100,0.1,16.0,0.5,y_bar,0.7265888452529907,0.007226963527500629,0.7265851497650146,0.006714043207466602,0.7265888452529907,0.007226963527500629,0.006643117405474186,16.0,0.5,M16_eta0.5
NOG,10004,208,13.0,107520,65536,208,2.014164447784424,100,0.1,16.0,0.5,y_bar,0.7265760898590088,0.006586525123566389,0.7265636920928955,0.006881305947899818,0.7265760898590088,0.006586525123566389,0.00752846896648407,16.0,0.5,M16_eta0.5
NOG,10004,272,17.0,140288,81920,272,2.5902249813079834,100,0.1,16.0,0.5,y_bar,0.726498544216156,0.006855816580355167,0.7264866232872009,0.006861179601401091,0.726498544216156,0.006855816580355167,0.0066355327144265175,16.0,0.5,M16_eta0.5
NOG,10004,336,21.0,173056,98304,336,3.2481086254119873,100,0.1,16.0,0.5,y_bar,0.7264648675918579,0.006958799436688423,0.726469874382019,0.007855131290853024,0.7264648675918579,0.006958799436688423,0.006983848754316568,16.0,0.5,M16_eta0.5
NOG,10004,400,25.0,205824,114688,400,3.9332664012908936,100,0.1,16.0,0.5,y_bar,0.7264493107795715,0.006526461336761713,0.7264566421508789,0.0060788718983531,0.7264493107795715,0.006526461336761713,0.007436806336045265,16.0,0.5,M16_eta0.5
NOG,10004,464,29.0,238592,131072,464,4.602316617965698,100,0.1,16.0,0.5,y_bar,0.7263787984848022,0.007650913670659065,0.7263621091842651,0.0076913610100746155,0.7263787984848022,0.007650913670659065,0.007289198227226734,16.0,0.5,M16_eta0.5
NOG,10004,528,33.0,271360,147456,528,5.213372707366943,100,0.1,16.0,0.5,y_bar,0.7263025045394897,0.007156688254326582,0.7263059020042419,0.007576434873044491,0.7263025045394897,0.007156688254326582,0.006724809296429157,16.0,0.5,M16_eta0.5
NOG,10004,592,37.0,304128,163840,592,5.856450796127319,100,0.1,16.0,0.5,y_bar,0.7262438535690308,0.006462583784013987,0.726239800453186,0.0085974195972085,0.7262438535690308,0.006462583784013987,0.0062800380401313305,16.0,0.5,M16_eta0.5
NOG,10004,656,41.0,336896,180224,656,6.4478232860565186,100,0.1,16.0,0.5,y_bar,0.7262004613876343,0.007474270183593035,0.7261934280395508,0.007893211208283901,0.7262004613876343,0.007474270183593035,0.007227862719446421,16.0,0.5,M16_eta0.5
NOG,10004,720,45.0,369664,196608,720,7.026861906051636,100,0.1,16.0,0.5,y_bar,0.7261439561843872,0.006674972362816334,0.7261431813240051,0.007882069796323776,0.7261439561843872,0.006674972362816334,0.0062856790609657764,16.0,0.5,M16_eta0.5
NOG,10004,784,49.0,402432,212992,784,7.62823224067688,100,0.1,16.0,0.5,y_bar,0.7261308431625366,0.007103876210749149,0.7261145114898682,0.007220218889415264,0.7261308431625366,0.007103876210749149,0.00679503008723259,16.0,0.5,M16_eta0.5
NOG,10004,848,53.0,435200,229376,848,8.312049388885498,100,0.1,16.0,0.5,y_bar,0.7260629534721375,0.006597480736672878,0.726061224937439,0.006724079139530659,0.7260629534721375,0.006597480736672878,0.006940072402358055,16.0,0.5,M16_eta0.5
NOG,10004,912,57.0,467968,245760,912,8.900581121444702,100,0.1,16.0,0.5,y_bar,0.7260045409202576,0.00609778193756938,0.7260086536407471,0.008038337342441082,0.7260045409202576,0.00609778193756938,0.006659835577011108,16.0,0.5,M16_eta0.5
NOG,10004,960,60.0,492544,262144,960,9.392098903656006,100,0.1,16.0,0.5,y_bar,0.725971519947052,0.007763911038637161,0.7259686589241028,0.007650519255548716,0.725971519947052,0.007763911038637161,0.006221350282430649,16.0,0.5,M16_eta0.5
SmoothedSGD,20004,1,,512,8192,1,0.0706017017364502,100,0.1,,0.05,x,0.7265936732292175,0.009623244404792786,0.7265936732292175,0.009623244404792786,,,,,0.05,SmoothedSGD
SmoothedSGD,20004,64,,32768,16384,64,0.612663745880127,100,0.1,,0.05,x,0.7266020774841309,0.009312950074672699,0.7266020774841309,0.009312950074672699,,,,,0.05,SmoothedSGD
SmoothedSGD,20004,128,,65536,24576,128,1.1367647647857666,100,0.1,,0.05,x,0.7265898585319519,0.00962391309440136,0.7265898585319519,0.00962391309440136,,,,,0.05,SmoothedSGD
SmoothedSGD,20004,192,,98304,32768,192,1.7073826789855957,100,0.1,,0.05,x,0.7265917658805847,0.007687719538807869,0.7265917658805847,0.007687719538807869,,,,,0.05,SmoothedSGD
SmoothedSGD,20004,256,,131072,40960,256,2.231565475463867,100,0.1,,0.05,x,0.7265900373458862,0.007389553356915712,0.7265900373458862,0.007389553356915712,,,,,0.05,SmoothedSGD
SmoothedSGD,20004,320,,163840,49152,320,2.7424111366271973,100,0.1,,0.05,x,0.7265893816947937,0.008175956085324287,0.7265893816947937,0.008175956085324287,,,,,0.05,SmoothedSGD
SmoothedSGD,20004,384,,196608,57344,384,3.2730467319488525,100,0.1,,0.05,x,0.7265848517417908,0.0069190822541713715,0.7265848517417908,0.0069190822541713715,,,,,0.05,SmoothedSGD
SmoothedSGD,20004,448,,229376,65536,448,3.823211669921875,100,0.1,,0.05,x,0.726576030254364,0.007175421807914972,0.726576030254364,0.007175421807914972,,,,,0.05,SmoothedSGD
SmoothedSGD,20004,512,,262144,73728,512,4.344074726104736,100,0.1,,0.05,x,0.7265583872795105,0.007428296376019716,0.7265583872795105,0.007428296376019716,,,,,0.05,SmoothedSGD
SmoothedSGD,20004,576,,294912,81920,576,4.821686267852783,100,0.1,,0.05,x,0.7265471816062927,0.007300279103219509,0.7265471816062927,0.007300279103219509,,,,,0.05,SmoothedSGD
SmoothedSGD,20004,640,,327680,90112,640,5.250247955322266,100,0.1,,0.05,x,0.7265188097953796,0.006643327418714762,0.7265188097953796,0.006643327418714762,,,,,0.05,SmoothedSGD
SmoothedSGD,20004,704,,360448,98304,704,5.840416431427002,100,0.1,,0.05,x,0.7265017628669739,0.006857781205326319,0.7265017628669739,0.006857781205326319,,,,,0.05,SmoothedSGD
SmoothedSGD,20004,768,,393216,106496,768,6.417369842529297,100,0.1,,0.05,x,0.7264859676361084,0.006696442607790232,0.7264859676361084,0.006696442607790232,,,,,0.05,SmoothedSGD
SmoothedSGD,20004,832,,425984,114688,832,6.937058210372925,100,0.1,,0.05,x,0.7264728546142578,0.007612493354827166,0.7264728546142578,0.007612493354827166,,,,,0.05,SmoothedSGD
SmoothedSGD,20004,896,,458752,122880,896,7.458129167556763,100,0.1,,0.05,x,0.7264459133148193,0.006604962050914764,0.7264459133148193,0.006604962050914764,,,,,0.05,SmoothedSGD
SmoothedSGD,20004,960,,491520,131072,960,7.943757772445679,100,0.1,,0.05,x,0.7264286279678345,0.006930860225111246,0.7264286279678345,0.006930860225111246,,,,,0.05,SmoothedSGD
NOG,10005,4,1.0,3072,16384,4,0.14023756980895996,100,0.1,4.0,0.1,y_bar,0.7305192351341248,0.010463399812579155,0.7305622696876526,0.009630587883293629,0.7305192351341248,0.010463399812579155,0.015615642070770264,4.0,0.1,M4_eta0.1
NOG,10005,68,17.0,35840,32768,68,0.7169468402862549,100,0.1,4.0,0.1,y_bar,0.7300935983657837,0.009247221983969212,0.7300651669502258,0.009476077742874622,0.7300935983657837,0.009247221983969212,0.014865093864500523,4.0,0.1,M4_eta0.1
NOG,10005,132,33.0,68608,49152,132,1.3553357124328613,100,0.1,4.0,0.1,y_bar,0.7285575270652771,0.009543389081954956,0.7285053133964539,0.009111997671425343,0.7285575270652771,0.009543389081954956,0.01620618626475334,4.0,0.1,M4_eta0.1
NOG,10005,196,49.0,101376,65536,196,1.9438014030456543,100,0.1,4.0,0.1,y_bar,0.7278438806533813,0.010191811248660088,0.7277885675430298,0.011131526902318,0.7278438806533813,0.010191811248660088,0.0160350501537323,4.0,0.1,M4_eta0.1
NOG,10005,260,65.0,134144,81920,260,2.544194459915161,100,0.1,4.0,0.1,y_bar,0.7261098623275757,0.010096259415149689,0.726087212562561,0.009992469102144241,0.7261098623275757,0.010096259415149689,0.015360602177679539,4.0,0.1,M4_eta0.1
NOG,10005,324,81.0,166912,98304,324,3.2404234409332275,100,0.1,4.0,0.1,y_bar,0.725608766078949,0.00791818369179964,0.7256207466125488,0.010178379714488983,0.725608766078949,0.00791818369179964,0.013567435555160046,4.0,0.1,M4_eta0.1
NOG,10005,388,97.0,199680,114688,388,3.820690155029297,100,0.1,4.0,0.1,y_bar,0.725651741027832,0.011183257214725018,0.7256605625152588,0.009851251728832722,0.725651741027832,0.011183257214725018,0.016313601285219193,4.0,0.1,M4_eta0.1
NOG,10005,452,113.0,232448,131072,452,4.385544538497925,100,0.1,4.0,0.1,y_bar,0.7253671884536743,0.01039828173816204,0.7253198623657227,0.010737186297774315,0.7253671884536743,0.01039828173816204,0.014189162291586399,4.0,0.1,M4_eta0.1
NOG,10005,516,129.0,265216,147456,516,4.991551160812378,100,0.1,4.0,0.1,y_bar,0.7246103882789612,0.010820378549396992,0.7245760560035706,0.010639253072440624,0.7246103882789612,0.010820378549396992,0.01576056517660618,4.0,0.1,M4_eta0.1
NOG,10005,580,145.0,297984,163840,580,5.589820623397827,100,0.1,4.0,0.1,y_bar,0.7236086130142212,0.011262769810855389,0.7235898375511169,0.00945464801043272,0.7236086130142212,0.011262769810855389,0.015807917341589928,4.0,0.1,M4_eta0.1
NOG,10005,644,161.0,330752,180224,644,6.213081121444702,100,0.1,4.0,0.1,y_bar,0.7227327823638916,0.009405176155269146,0.7228174209594727,0.010393546894192696,0.7227327823638916,0.009405176155269146,0.015071590431034565,4.0,0.1,M4_eta0.1
NOG,10005,708,177.0,363520,196608,708,6.826068639755249,100,0.1,4.0,0.1,y_bar,0.7231742143630981,0.010294530540704727,0.7231991291046143,0.011073331348598003,0.7231742143630981,0.010294530540704727,0.015041441656649113,4.0,0.1,M4_eta0.1
NOG,10005,772,193.0,396288,212992,772,7.367119312286377,100,0.1,4.0,0.1,y_bar,0.7230510115623474,0.011133583262562752,0.723036527633667,0.01131137739866972,0.7230510115623474,0.011133583262562752,0.015152499079704285,4.0,0.1,M4_eta0.1
NOG,10005,836,209.0,429056,229376,836,7.934664249420166,100,0.1,4.0,0.1,y_bar,0.7223745584487915,0.011030681431293488,0.7223984599113464,0.01143638975918293,0.7223745584487915,0.011030681431293488,0.018038848415017128,4.0,0.1,M4_eta0.1
NOG,10005,900,225.0,461824,245760,900,8.524592399597168,100,0.1,4.0,0.1,y_bar,0.7217954397201538,0.010596326552331448,0.7218473553657532,0.010994615964591503,0.7217954397201538,0.010596326552331448,0.01754448376595974,4.0,0.1,M4_eta0.1
NOG,10005,960,240.0,492544,262144,960,9.116548538208008,100,0.1,4.0,0.1,y_bar,0.7222943305969238,0.010971242561936378,0.7222940921783447,0.010609175078570843,0.7222943305969238,0.010971242561936378,0.01675635576248169,4.0,0.1,M4_eta0.1
NOG,10005,4,1.0,3072,16384,4,0.15585088729858398,100,0.1,4.0,0.2,y_bar,0.7305636405944824,0.010132848285138607,0.7306463718414307,0.00963128823786974,0.7305636405944824,0.010132848285138607,0.015077673830091953,4.0,0.2,M4_eta0.2
NOG,10005,68,17.0,35840,32768,68,0.7539911270141602,100,0.1,4.0,0.2,y_bar,0.7297705411911011,0.00877330917865038,0.7297614216804504,0.008959335274994373,0.7297705411911011,0.00877330917865038,0.015373021364212036,4.0,0.2,M4_eta0.2
NOG,10005,132,33.0,68608,49152,132,1.3323733806610107,100,0.1,4.0,0.2,y_bar,0.7286167740821838,0.009405060671269894,0.7286469340324402,0.009098882786929607,0.7286167740821838,0.009405060671269894,0.01607096567749977,4.0,0.2,M4_eta0.2
NOG,10005,196,49.0,101376,65536,196,1.8824567794799805,100,0.1,4.0,0.2,y_bar,0.7273189425468445,0.009966655634343624,0.7272434234619141,0.010034588165581226,0.7273189425468445,0.009966655634343624,0.015551742166280746,4.0,0.2,M4_eta0.2
NOG,10005,260,65.0,134144,81920,260,2.5582680702209473,100,0.1,4.0,0.2,y_bar,0.7258080840110779,0.00857633724808693,0.7257574796676636,0.008851059712469578,0.7258080840110779,0.00857633724808693,0.013841642998158932,4.0,0.2,M4_eta0.2
NOG,10005,324,81.0,166912,98304,324,3.1972568035125732,100,0.1,4.0,0.2,y_bar,0.7245962619781494,0.008816997520625591,0.7245965003967285,0.009526791982352734,0.7245962619781494,0.008816997520625591,0.014540225267410278,4.0,0.2,M4_eta0.2
NOG,10005,388,97.0,199680,114688,388,3.8255999088287354,100,0.1,4.0,0.2,y_bar,0.7241643071174622,0.009365136735141277,0.7241835594177246,0.009913817048072815,0.7241643071174622,0.009365136735141277,0.016287945210933685,4.0,0.2,M4_eta0.2
NOG,10005,452,113.0,232448,131072,452,4.427525281906128,100,0.1,4.0,0.2,y_bar,0.7233588695526123,0.008740317076444626,0.7233480215072632,0.010183276608586311,0.7233588695526123,0.008740317076444626,0.01595311425626278,4.0,0.2,M4_eta0.2
NOG,10005,516,129.0,265216,147456,516,5.070818185806274,100,0.1,4.0,0.2,y_bar,0.7229573726654053,0.009572670795023441,0.7229205965995789,0.00898183137178421,0.7229573726654053,0.009572670795023441,0.016268212348222733,4.0,0.2,M4_eta0.2
NOG,10005,580,145.0,297984,163840,580,5.702221393585205,100,0.1,4.0,0.2,y_bar,0.7230133414268494,0.010243949480354786,0.7230090498924255,0.008784698322415352,0.7230133414268494,0.010243949480354786,0.014049867168068886,4.0,0.2,M4_eta0.2
NOG,10005,644,161.0,330752,180224,644,6.328490495681763,100,0.1,4.0,0.2,y_bar,0.7224183082580566,0.010022318921983242,0.7224339246749878,0.009738842025399208,0.7224183082580566,0.010022318921983242,0.015321371145546436,4.0,0.2,M4_eta0.2
NOG,10005,708,177.0,363520,196608,708,7.001178026199341,100,0.1,4.0,0.2,y_bar,0.722080647945404,0.010428053326904774,0.7220625877380371,0.009176095016300678,0.722080647945404,0.010428053326904774,0.013408617116510868,4.0,0.2,M4_eta0.2
NOG,10005,772,193.0,396288,212992,772,7.599358081817627,100,0.1,4.0,0.2,y_bar,0.7215741276741028,0.009956156834959984,0.7215889096260071,0.010153133422136307,0.7215741276741028,0.009956156834959984,0.014271131716668606,4.0,0.2,M4_eta0.2
NOG,10005,836,209.0,429056,229376,836,8.164098739624023,100,0.1,4.0,0.2,y_bar,0.7209779024124146,0.008289001882076263,0.7209774851799011,0.009207955561578274,0.7209779024124146,0.008289001882076263,0.013969749212265015,4.0,0.2,M4_eta0.2
NOG,10005,900,225.0,461824,245760,900,8.73263430595398,100,0.1,4.0,0.2,y_bar,0.7207753658294678,0.008513747714459896,0.7207927703857422,0.00981457531452179,0.7207753658294678,0.008513747714459896,0.015618755482137203,4.0,0.2,M4_eta0.2
NOG,10005,960,240.0,492544,262144,960,9.29460620880127,100,0.1,4.0,0.2,y_bar,0.7204583287239075,0.009271903894841671,0.7204285264015198,0.009465890936553478,0.7204583287239075,0.009271903894841671,0.017378950491547585,4.0,0.2,M4_eta0.2
NOG,10005,4,1.0,3072,16384,4,0.12554144859313965,100,0.1,4.0,0.3,y_bar,0.7306058406829834,0.009959868155419827,0.7307239770889282,0.009862950071692467,0.7306058406829834,0.009959868155419827,0.014564969576895237,4.0,0.3,M4_eta0.3
NOG,10005,68,17.0,35840,32768,68,0.732229471206665,100,0.1,4.0,0.3,y_bar,0.7298181056976318,0.009647487662732601,0.7297940850257874,0.008694457821547985,0.7298181056976318,0.009647487662732601,0.0157446451485157,4.0,0.3,M4_eta0.3
NOG,10005,132,33.0,68608,49152,132,1.315950632095337,100,0.1,4.0,0.3,y_bar,0.7290107011795044,0.009038766846060753,0.7289701104164124,0.008696709759533405,0.7290107011795044,0.009038766846060753,0.015291601419448853,4.0,0.3,M4_eta0.3
NOG,10005,196,49.0,101376,65536,196,1.9089510440826416,100,0.1,4.0,0.3,y_bar,0.7277669310569763,0.009156865067780018,0.7277160882949829,0.008964033797383308,0.7277669310569763,0.009156865067780018,0.015021366067230701,4.0,0.3,M4_eta0.3
NOG,10005,260,65.0,134144,81920,260,2.4647789001464844,100,0.1,4.0,0.3,y_bar,0.7266361117362976,0.008568471297621727,0.7266201376914978,0.009544341824948788,0.7266361117362976,0.008568471297621727,0.013103235512971878,4.0,0.3,M4_eta0.3
NOG,10005,324,81.0,166912,98304,324,2.9986062049865723,100,0.1,4.0,0.3,y_bar,0.7256833910942078,0.008034871891140938,0.7256762981414795,0.009395566768944263,0.7256833910942078,0.008034871891140938,0.013414828106760979,4.0,0.3,M4_eta0.3
NOG,10005,388,97.0,199680,114688,388,3.6158454418182373,100,0.1,4.0,0.3,y_bar,0.7250027060508728,0.008645720779895782,0.7249923944473267,0.00957406871020794,0.7250027060508728,0.008645720779895782,0.01564941741526127,4.0,0.3,M4_eta0.3
NOG,10005,452,113.0,232448,131072,452,4.235182046890259,100,0.1,4.0,0.3,y_bar,0.7239139080047607,0.009057514369487762,0.7239022850990295,0.01066012866795063,0.7239139080047607,0.009057514369487762,0.014091506600379944,4.0,0.3,M4_eta0.3
NOG,10005,516,129.0,265216,147456,516,4.827161550521851,100,0.1,4.0,0.3,y_bar,0.723086953163147,0.00898826215416193,0.7230448126792908,0.008557353168725967,0.723086953163147,0.00898826215416193,0.013948578387498856,4.0,0.3,M4_eta0.3
NOG,10005,580,145.0,297984,163840,580,5.4304420948028564,100,0.1,4.0,0.3,y_bar,0.7228190898895264,0.009225414134562016,0.7227908968925476,0.008660691790282726,0.7228190898895264,0.009225414134562016,0.014497760683298111,4.0,0.3,M4_eta0.3
NOG,10005,644,161.0,330752,180224,644,6.037006139755249,100,0.1,4.0,0.3,y_bar,0.7222821712493896,0.009109881706535816,0.7222829461097717,0.008846061304211617,0.7222821712493896,0.009109881706535816,0.01418080274015665,4.0,0.3,M4_eta0.3
NOG,10005,708,177.0,363520,196608,708,6.675318717956543,100,0.1,4.0,0.3,y_bar,0.7218729257583618,0.009241677820682526,0.7218859791755676,0.009378116577863693,0.7218729257583618,0.009241677820682526,0.01268466841429472,4.0,0.3,M4_eta0.3
NOG,10005,772,193.0,396288,212992,772,7.304389476776123,100,0.1,4.0,0.3,y_bar,0.7214866280555725,0.00968131422996521,0.7215015888214111,0.009016565047204494,0.7214866280555725,0.00968131422996521,0.014081066474318504,4.0,0.3,M4_eta0.3
NOG,10005,836,209.0,429056,229376,836,7.9097371101379395,100,0.1,4.0,0.3,y_bar,0.7216339111328125,0.008224152028560638,0.7216219902038574,0.008340021595358849,0.7216339111328125,0.008224152028560638,0.015748698264360428,4.0,0.3,M4_eta0.3
NOG,10005,900,225.0,461824,245760,900,8.583044290542603,100,0.1,4.0,0.3,y_bar,0.7212740182876587,0.007313786074519157,0.72126305103302,0.009266603738069534,0.7212740182876587,0.007313786074519157,0.014629962854087353,4.0,0.3,M4_eta0.3
NOG,10005,960,240.0,492544,262144,960,9.090253353118896,100,0.1,4.0,0.3,y_bar,0.7211902141571045,0.008756238967180252,0.7212101221084595,0.008755161426961422,0.7211902141571045,0.008756238967180252,0.016000963747501373,4.0,0.3,M4_eta0.3
NOG,10005,4,1.0,3072,16384,4,0.13416147232055664,100,0.1,4.0,0.5,y_bar,0.730633556842804,0.00986360665410757,0.7307421565055847,0.00990368239581585,0.730633556842804,0.00986360665410757,0.014449595473706722,4.0,0.5,M4_eta0.5
NOG,10005,68,17.0,35840,32768,68,0.7085537910461426,100,0.1,4.0,0.5,y_bar,0.729905366897583,0.009718176908791065,0.7298994660377502,0.008831540122628212,0.729905366897583,0.009718176908791065,0.014708499424159527,4.0,0.5,M4_eta0.5
NOG,10005,132,33.0,68608,49152,132,1.2931978702545166,100,0.1,4.0,0.5,y_bar,0.7292898297309875,0.008206973783671856,0.729278564453125,0.008661836385726929,0.7292898297309875,0.008206973783671856,0.014922739006578922,4.0,0.5,M4_eta0.5
NOG,10005,196,49.0,101376,65536,196,1.9245109558105469,100,0.1,4.0,0.5,y_bar,0.728734016418457,0.00788663886487484,0.7287386059761047,0.009061613120138645,0.728734016418457,0.00788663886487484,0.014617874287068844,4.0,0.5,M4_eta0.5
NOG,10005,260,65.0,134144,81920,260,2.519817590713501,100,0.1,4.0,0.5,y_bar,0.7283212542533875,0.008164498023688793,0.728314220905304,0.008316964842379093,0.7283212542533875,0.008164498023688793,0.01360603142529726,4.0,0.5,M4_eta0.5
NOG,10005,324,81.0,166912,98304,324,3.1156599521636963,100,0.1,4.0,0.5,y_bar,0.728006899356842,0.007921746000647545,0.7280046939849854,0.009001407772302628,0.728006899356842,0.007921746000647545,0.01310799177736044,4.0,0.5,M4_eta0.5
NOG,10005,388,97.0,199680,114688,388,3.7186639308929443,100,0.1,4.0,0.5,y_bar,0.7275909185409546,0.0072303288616240025,0.7275871634483337,0.00776881305500865,0.7275909185409546,0.0072303288616240025,0.01545923762023449,4.0,0.5,M4_eta0.5
NOG,10005,452,113.0,232448,131072,452,4.292331218719482,100,0.1,4.0,0.5,y_bar,0.7272367477416992,0.008626739494502544,0.7272217869758606,0.00891416147351265,0.7272367477416992,0.008626739494502544,0.01357001718133688,4.0,0.5,M4_eta0.5
NOG,10005,516,129.0,265216,147456,516,4.917041063308716,100,0.1,4.0,0.5,y_bar,0.7269649505615234,0.00864549819380045,0.7269779443740845,0.008613592945039272,0.7269649505615234,0.00864549819380045,0.012651508674025536,4.0,0.5,M4_eta0.5
NOG,10005,580,145.0,297984,163840,580,5.494444847106934,100,0.1,4.0,0.5,y_bar,0.7266854643821716,0.009079290553927422,0.726702868938446,0.008614142425358295,0.7266854643821716,0.009079290553927422,0.013211408630013466,4.0,0.5,M4_eta0.5
NOG,10005,644,161.0,330752,180224,644,6.09105920791626,100,0.1,4.0,0.5,y_bar,0.726306140422821,0.008633661083877087,0.7262884378433228,0.007896402850747108,0.726306140422821,0.008633661083877087,0.013964668847620487,4.0,0.5,M4_eta0.5
NOG,10005,708,177.0,363520,196608,708,6.6820595264434814,100,0.1,4.0,0.5,y_bar,0.7259945869445801,0.00896444171667099,0.7260114550590515,0.008971103467047215,0.7259945869445801,0.00896444171667099,0.01434613298624754,4.0,0.5,M4_eta0.5
NOG,10005,772,193.0,396288,212992,772,7.283137559890747,100,0.1,4.0,0.5,y_bar,0.7255464196205139,0.008656399324536324,0.725578784942627,0.009142730385065079,0.7255464196205139,0.008656399324536324,0.012316938489675522,4.0,0.5,M4_eta0.5
NOG,10005,836,209.0,429056,229376,836,7.898694276809692,100,0.1,4.0,0.5,y_bar,0.7248030304908752,0.008045276626944542,0.7248305678367615,0.00866876170039177,0.7248030304908752,0.008045276626944542,0.01382508222013712,4.0,0.5,M4_eta0.5
NOG,10005,900,225.0,461824,245760,900,8.57911229133606,100,0.1,4.0,0.5,y_bar,0.7241486310958862,0.007949220016598701,0.72408127784729,0.008128134533762932,0.7241486310958862,0.007949220016598701,0.013763540424406528,4.0,0.5,M4_eta0.5
NOG,10005,960,240.0,492544,262144,960,9.127752542495728,100,0.1,4.0,0.5,y_bar,0.7237248420715332,0.008349613286554813,0.72373366355896,0.00841432623565197,0.7237248420715332,0.008349613286554813,0.013552378863096237,4.0,0.5,M4_eta0.5
NOG,10005,8,1.0,5120,16384,8,0.16796278953552246,100,0.1,8.0,0.1,y_bar,0.7305546998977661,0.010450380854308605,0.730625569820404,0.009278915822505951,0.7305546998977661,0.010450380854308605,0.010456503368914127,8.0,0.1,M8_eta0.1
NOG,10005,72,9.0,37888,32768,72,0.8025474548339844,100,0.1,8.0,0.1,y_bar,0.7299148440361023,0.008418424054980278,0.7298842072486877,0.007667283061891794,0.7299148440361023,0.008418424054980278,0.010417538695037365,8.0,0.1,M8_eta0.1
NOG,10005,136,17.0,70656,49152,136,1.440298080444336,100,0.1,8.0,0.1,y_bar,0.7292130589485168,0.00828884169459343,0.7292243242263794,0.007761357817798853,0.7292130589485168,0.00828884169459343,0.010604418814182281,8.0,0.1,M8_eta0.1
NOG,10005,200,25.0,103424,65536,200,2.053279161453247,100,0.1,8.0,0.1,y_bar,0.7286797761917114,0.009082486853003502,0.7286766171455383,0.00862722098827362,0.7286797761917114,0.009082486853003502,0.01056744810193777,8.0,0.1,M8_eta0.1
NOG,10005,264,33.0,136192,81920,264,2.6652908325195312,100,0.1,8.0,0.1,y_bar,0.7279618382453918,0.008305203169584274,0.727949321269989,0.008578456938266754,0.7279618382453918,0.008305203169584274,0.01045258343219757,8.0,0.1,M8_eta0.1
NOG,10005,328,41.0,168960,98304,328,3.2615888118743896,100,0.1,8.0,0.1,y_bar,0.7273905873298645,0.010021321475505829,0.7273439764976501,0.00877777673304081,0.7273905873298645,0.010021321475505829,0.010813151486217976,8.0,0.1,M8_eta0.1
NOG,10005,392,49.0,201728,114688,392,3.837009906768799,100,0.1,8.0,0.1,y_bar,0.7268012166023254,0.008722702041268349,0.7267833352088928,0.00886569544672966,0.7268012166023254,0.008722702041268349,0.010454506613314152,8.0,0.1,M8_eta0.1
NOG,10005,456,57.0,234496,131072,456,4.447122097015381,100,0.1,8.0,0.1,y_bar,0.7266334891319275,0.008210364729166031,0.726650059223175,0.009012575261294842,0.7266334891319275,0.008210364729166031,0.009555048309266567,8.0,0.1,M8_eta0.1
NOG,10005,520,65.0,267264,147456,520,5.0535242557525635,100,0.1,8.0,0.1,y_bar,0.7265545725822449,0.01066429540514946,0.7265207171440125,0.011101244948804379,0.7265545725822449,0.01066429540514946,0.011216619983315468,8.0,0.1,M8_eta0.1
NOG,10005,584,73.0,300032,163840,584,5.684987545013428,100,0.1,8.0,0.1,y_bar,0.7262142300605774,0.009029416367411613,0.7261486053466797,0.008272485807538033,0.7262142300605774,0.009029416367411613,0.010946037247776985,8.0,0.1,M8_eta0.1
NOG,10005,648,81.0,332800,180224,648,6.306787967681885,100,0.1,8.0,0.1,y_bar,0.725670576095581,0.009085883386433125,0.7256413102149963,0.009268365800380707,0.725670576095581,0.009085883386433125,0.011018224991858006,8.0,0.1,M8_eta0.1
NOG,10005,712,89.0,365568,196608,712,6.85500168800354,100,0.1,8.0,0.1,y_bar,0.7247191071510315,0.00903861690312624,0.7247071862220764,0.009341501630842686,0.7247191071510315,0.00903861690312624,0.010758720338344574,8.0,0.1,M8_eta0.1
NOG,10005,776,97.0,398336,212992,776,7.436120271682739,100,0.1,8.0,0.1,y_bar,0.7242740392684937,0.008075863122940063,0.724250316619873,0.008823662996292114,0.7242740392684937,0.008075863122940063,0.010965123772621155,8.0,0.1,M8_eta0.1
NOG,10005,840,105.0,431104,229376,840,7.9984450340271,100,0.1,8.0,0.1,y_bar,0.7238330841064453,0.009617043659090996,0.7238028049468994,0.009324629791080952,0.7238330841064453,0.009617043659090996,0.009691145271062851,8.0,0.1,M8_eta0.1
NOG,10005,904,113.0,463872,245760,904,8.58003544807434,100,0.1,8.0,0.1,y_bar,0.7230637669563293,0.008435412310063839,0.7230165004730225,0.009858123026788235,0.7230637669563293,0.008435412310063839,0.010354495607316494,8.0,0.1,M8_eta0.1
NOG,10005,960,120.0,492544,262144,960,9.11640477180481,100,0.1,8.0,0.1,y_bar,0.7227640151977539,0.008565573953092098,0.7227282524108887,0.00893186405301094,0.7227640151977539,0.008565573953092098,0.010639775544404984,8.0,0.1,M8_eta0.1
NOG,10005,8,1.0,5120,16384,8,0.15328121185302734,100,0.1,8.0,0.2,y_bar,0.730593204498291,0.010202308185398579,0.7306514978408813,0.00932984333485365,0.730593204498291,0.010202308185398579,0.00995356310158968,8.0,0.2,M8_eta0.2
NOG,10005,72,9.0,37888,32768,72,0.8056590557098389,100,0.1,8.0,0.2,y_bar,0.730065643787384,0.008348067291080952,0.7300444841384888,0.007379993796348572,0.730065643787384,0.008348067291080952,0.010329999029636383,8.0,0.2,M8_eta0.2
NOG,10005,136,17.0,70656,49152,136,1.3491761684417725,100,0.1,8.0,0.2,y_bar,0.7295448184013367,0.008068140596151352,0.729500949382782,0.00719154067337513,0.7295448184013367,0.008068140596151352,0.01014084741473198,8.0,0.2,M8_eta0.2
NOG,10005,200,25.0,103424,65536,200,1.9918828010559082,100,0.1,8.0,0.2,y_bar,0.7291416525840759,0.008869771845638752,0.7291440963745117,0.008030038326978683,0.7291416525840759,0.008869771845638752,0.009268661960959435,8.0,0.2,M8_eta0.2
NOG,10005,264,33.0,136192,81920,264,2.5727009773254395,100,0.1,8.0,0.2,y_bar,0.7288731336593628,0.008119342848658562,0.7288971543312073,0.007230521645396948,0.7288731336593628,0.008119342848658562,0.01025810744613409,8.0,0.2,M8_eta0.2
NOG,10005,328,41.0,168960,98304,328,3.158010244369507,100,0.1,8.0,0.2,y_bar,0.7286338806152344,0.008852769620716572,0.7286428809165955,0.00753809092566371,0.7286338806152344,0.008852769620716572,0.009663373231887817,8.0,0.2,M8_eta0.2
NOG,10005,392,49.0,201728,114688,392,3.798842430114746,100,0.1,8.0,0.2,y_bar,0.728312611579895,0.008884072303771973,0.728312075138092,0.007387865800410509,0.728312611579895,0.008884072303771973,0.009474857710301876,8.0,0.2,M8_eta0.2
NOG,10005,456,57.0,234496,131072,456,4.444772958755493,100,0.1,8.0,0.2,y_bar,0.7280735969543457,0.007585795130580664,0.7280777096748352,0.008264332078397274,0.7280735969543457,0.007585795130580664,0.008969477377831936,8.0,0.2,M8_eta0.2
NOG,10005,520,65.0,267264,147456,520,5.0600690841674805,100,0.1,8.0,0.2,y_bar,0.7277054786682129,0.008858843706548214,0.727724552154541,0.009311654604971409,0.7277054786682129,0.008858843706548214,0.009113083593547344,8.0,0.2,M8_eta0.2
NOG,10005,584,73.0,300032,163840,584,5.651664972305298,100,0.1,8.0,0.2,y_bar,0.7275109887123108,0.008655411191284657,0.7274941802024841,0.007344014476984739,0.7275109887123108,0.008655411191284657,0.00924321636557579,8.0,0.2,M8_eta0.2
NOG,10005,648,81.0,332800,180224,648,6.285265207290649,100,0.1,8.0,0.2,y_bar,0.7271986603736877,0.007719771005213261,0.7271870970726013,0.006979405879974365,0.7271986603736877,0.007719771005213261,0.00949342455714941,8.0,0.2,M8_eta0.2
NOG,10005,712,89.0,365568,196608,712,6.916423082351685,100,0.1,8.0,0.2,y_bar,0.7268639802932739,0.008629009127616882,0.7268649339675903,0.008302859961986542,0.7268639802932739,0.008629009127616882,0.0102801863104105,8.0,0.2,M8_eta0.2
NOG,10005,776,97.0,398336,212992,776,7.469888687133789,100,0.1,8.0,0.2,y_bar,0.7267263531684875,0.007673381827771664,0.7267686128616333,0.008307184092700481,0.7267263531684875,0.007673381827771664,0.009597305208444595,8.0,0.2,M8_eta0.2
NOG,10005,840,105.0,431104,229376,840,8.018490314483643,100,0.1,8.0,0.2,y_bar,0.7264592051506042,0.0081250024959445,0.7264770269393921,0.008634516969323158,0.7264592051506042,0.0081250024959445,0.009232582524418831,8.0,0.2,M8_eta0.2
NOG,10005,904,113.0,463872,245760,904,8.55420184135437,100,0.1,8.0,0.2,y_bar,0.7261285781860352,0.00745598878711462,0.7261248230934143,0.008516955189406872,0.7261285781860352,0.00745598878711462,0.009787351824343204,8.0,0.2,M8_eta0.2
NOG,10005,960,120.0,492544,262144,960,9.143434047698975,100,0.1,8.0,0.2,y_bar,0.7260627746582031,0.008191769942641258,0.7260918021202087,0.007771746255457401,0.7260627746582031,0.008191769942641258,0.009169213473796844,8.0,0.2,M8_eta0.2
NOG,10005,8,1.0,5120,16384,8,0.17371916770935059,100,0.1,8.0,0.3,y_bar,0.7305670380592346,0.010252626612782478,0.7306018471717834,0.00908812414854765,0.7305670380592346,0.010252626612782478,0.010079667903482914,8.0,0.3,M8_eta0.3
NOG,10005,72,9.0,37888,32768,72,0.7643511295318604,100,0.1,8.0,0.3,y_bar,0.7302756309509277,0.007866334170103073,0.7302640080451965,0.007030841428786516,0.7302756309509277,0.007866334170103073,0.010093078948557377,8.0,0.3,M8_eta0.3
NOG,10005,136,17.0,70656,49152,136,1.3431570529937744,100,0.1,8.0,0.3,y_bar,0.7298413515090942,0.007704468909651041,0.7298040390014648,0.007187176961451769,0.7298413515090942,0.007704468909651041,0.00906377099454403,8.0,0.3,M8_eta0.3
NOG,10005,200,25.0,103424,65536,200,1.9335367679595947,100,0.1,8.0,0.3,y_bar,0.7295727133750916,0.008459141477942467,0.7295739054679871,0.00748798344284296,0.7295727133750916,0.008459141477942467,0.008865662850439548,8.0,0.3,M8_eta0.3
NOG,10005,264,33.0,136192,81920,264,2.602142572402954,100,0.1,8.0,0.3,y_bar,0.7293534874916077,0.007932293228805065,0.7293523550033569,0.007278030272573233,0.7293534874916077,0.007932293228805065,0.009991161525249481,8.0,0.3,M8_eta0.3
NOG,10005,328,41.0,168960,98304,328,3.2540786266326904,100,0.1,8.0,0.3,y_bar,0.7291684150695801,0.008619708009064198,0.7291561365127563,0.0069644758477807045,0.7291684150695801,0.008619708009064198,0.00939069502055645,8.0,0.3,M8_eta0.3
NOG,10005,392,49.0,201728,114688,392,3.8642563819885254,100,0.1,8.0,0.3,y_bar,0.7289478182792664,0.008250494487583637,0.7289735078811646,0.0066325427033007145,0.7289478182792664,0.008250494487583637,0.009127642959356308,8.0,0.3,M8_eta0.3
NOG,10005,456,57.0,234496,131072,456,4.548957109451294,100,0.1,8.0,0.3,y_bar,0.7287983894348145,0.0071430504322052,0.7288023829460144,0.007808806840330362,0.7287983894348145,0.0071430504322052,0.008799342438578606,8.0,0.3,M8_eta0.3
NOG,10005,520,65.0,267264,147456,520,5.111081123352051,100,0.1,8.0,0.3,y_bar,0.7287381887435913,0.008465712890028954,0.7287487983703613,0.008411816321313381,0.7287381887435913,0.008465712890028954,0.009347047656774521,8.0,0.3,M8_eta0.3
NOG,10005,584,73.0,300032,163840,584,5.716633558273315,100,0.1,8.0,0.3,y_bar,0.7286033034324646,0.007843025028705597,0.728589653968811,0.00769773218780756,0.7286033034324646,0.007843025028705597,0.009308679960668087,8.0,0.3,M8_eta0.3
NOG,10005,648,81.0,332800,180224,648,6.300259351730347,100,0.1,8.0,0.3,y_bar,0.7284302711486816,0.006621652282774448,0.7284134030342102,0.007122239097952843,0.7284302711486816,0.006621652282774448,0.009131207130849361,8.0,0.3,M8_eta0.3
NOG,10005,712,89.0,365568,196608,712,6.9123735427856445,100,0.1,8.0,0.3,y_bar,0.72835773229599,0.008414979092776775,0.7283417582511902,0.007246736902743578,0.72835773229599,0.008414979092776775,0.009674898348748684,8.0,0.3,M8_eta0.3
NOG,10005,776,97.0,398336,212992,776,7.478338956832886,100,0.1,8.0,0.3,y_bar,0.7281858325004578,0.006460702978074551,0.7282145619392395,0.007852953858673573,0.7281858325004578,0.006460702978074551,0.009068052284419537,8.0,0.3,M8_eta0.3
NOG,10005,840,105.0,431104,229376,840,8.051129579544067,100,0.1,8.0,0.3,y_bar,0.728007435798645,0.007701124530285597,0.7280075550079346,0.0076475380919873714,0.728007435798645,0.007701124530285597,0.00885426439344883,8.0,0.3,M8_eta0.3
NOG,10005,904,113.0,463872,245760,904,8.6870698928833,100,0.1,8.0,0.3,y_bar,0.7277387380599976,0.007393534295260906,0.7277393937110901,0.008113867603242397,0.7277387380599976,0.007393534295260906,0.008570420555770397,8.0,0.3,M8_eta0.3
NOG,10005,960,120.0,492544,262144,960,9.163434505462646,100,0.1,8.0,0.3,y_bar,0.72770094871521,0.007783747743815184,0.7277039885520935,0.007581105921417475,0.72770094871521,0.007783747743815184,0.008800801821053028,8.0,0.3,M8_eta0.3
NOG,10005,8,1.0,5120,16384,8,0.16734719276428223,100,0.1,8.0,0.5,y_bar,0.7305389642715454,0.010403220541775227,0.7305619120597839,0.009351272135972977,0.7305389642715454,0.010403220541775227,0.010356061160564423,8.0,0.5,M8_eta0.5
NOG,10005,72,9.0,37888,32768,72,0.7275676727294922,100,0.1,8.0,0.5,y_bar,0.7304109930992126,0.0077545978128910065,0.7304051518440247,0.006706730928272009,0.7304109930992126,0.0077545978128910065,0.009887732565402985,8.0,0.5,M8_eta0.5
NOG,10005,136,17.0,70656,49152,136,1.3747413158416748,100,0.1,8.0,0.5,y_bar,0.7301890850067139,0.007460468448698521,0.7301728129386902,0.006961672101169825,0.7301890850067139,0.007460468448698521,0.009337473660707474,8.0,0.5,M8_eta0.5
NOG,10005,200,25.0,103424,65536,200,1.9799320697784424,100,0.1,8.0,0.5,y_bar,0.729919970035553,0.008109984919428825,0.7299058437347412,0.007204503286629915,0.729919970035553,0.008109984919428825,0.00955310557037592,8.0,0.5,M8_eta0.5
NOG,10005,264,33.0,136192,81920,264,2.5564420223236084,100,0.1,8.0,0.5,y_bar,0.7297413945198059,0.007555698044598103,0.7297377586364746,0.006918676663190126,0.7297413945198059,0.007555698044598103,0.009706791490316391,8.0,0.5,M8_eta0.5
NOG,10005,328,41.0,168960,98304,328,3.1629207134246826,100,0.1,8.0,0.5,y_bar,0.7296016812324524,0.008263489231467247,0.7295947670936584,0.007013723719865084,0.7296016812324524,0.008263489231467247,0.009125661104917526,8.0,0.5,M8_eta0.5
NOG,10005,392,49.0,201728,114688,392,3.768984794616699,100,0.1,8.0,0.5,y_bar,0.7294849753379822,0.007900980301201344,0.7295102477073669,0.0064995987340807915,0.7294849753379822,0.007900980301201344,0.008984164334833622,8.0,0.5,M8_eta0.5
NOG,10005,456,57.0,234496,131072,456,4.348916053771973,100,0.1,8.0,0.5,y_bar,0.7293766736984253,0.006595045793801546,0.729378342628479,0.0072003500536084175,0.7293766736984253,0.006595045793801546,0.008916185237467289,8.0,0.5,M8_eta0.5
NOG,10005,520,65.0,267264,147456,520,4.993780851364136,100,0.1,8.0,0.5,y_bar,0.7292667031288147,0.008029545657336712,0.7292824983596802,0.007974954321980476,0.7292667031288147,0.008029545657336712,0.009060622192919254,8.0,0.5,M8_eta0.5
NOG,10005,584,73.0,300032,163840,584,5.604245185852051,100,0.1,8.0,0.5,y_bar,0.7291644811630249,0.007546853274106979,0.7291705012321472,0.007237579673528671,0.7291644811630249,0.007546853274106979,0.009370141662657261,8.0,0.5,M8_eta0.5
NOG,10005,648,81.0,332800,180224,648,6.185351610183716,100,0.1,8.0,0.5,y_bar,0.7290534377098083,0.006352071650326252,0.7290578484535217,0.00714089535176754,0.7290534377098083,0.006352071650326252,0.008575675077736378,8.0,0.5,M8_eta0.5
NOG,10005,712,89.0,365568,196608,712,6.780673503875732,100,0.1,8.0,0.5,y_bar,0.7289426326751709,0.007750471588224173,0.7289255857467651,0.007370288018137217,0.7289426326751709,0.007750471588224173,0.010348035953938961,8.0,0.5,M8_eta0.5
NOG,10005,776,97.0,398336,212992,776,7.3663976192474365,100,0.1,8.0,0.5,y_bar,0.7288196086883545,0.005487393122166395,0.7288373112678528,0.008012496866285801,0.7288196086883545,0.005487393122166395,0.008610012009739876,8.0,0.5,M8_eta0.5
NOG,10005,840,105.0,431104,229376,840,7.936917304992676,100,0.1,8.0,0.5,y_bar,0.7287328839302063,0.007404765114188194,0.7287276983261108,0.007215520832687616,0.7287328839302063,0.007404765114188194,0.008796684443950653,8.0,0.5,M8_eta0.5
NOG,10005,904,113.0,463872,245760,904,8.566195726394653,100,0.1,8.0,0.5,y_bar,0.728618860244751,0.006673147436231375,0.7286231517791748,0.007323789410293102,0.728618860244751,0.006673147436231375,0.008778220042586327,8.0,0.5,M8_eta0.5
NOG,10005,960,120.0,492544,262144,960,9.096156358718872,100,0.1,8.0,0.5,y_bar,0.7286098003387451,0.007146053481847048,0.7285962104797363,0.0072970339097082615,0.7286098003387451,0.007146053481847048,0.008855693973600864,8.0,0.5,M8_eta0.5
NOG,10005,12,1.0,7168,16384,12,0.2110280990600586,100,0.1,12.0,0.1,y_bar,0.73056960105896,0.009602672420442104,0.7306318879127502,0.009062997996807098,0.73056960105896,0.009602672420442104,0.008675429038703442,12.0,0.1,M12_eta0.1
NOG,10005,84,7.0,44032,32768,84,0.9011282920837402,100,0.1,12.0,0.1,y_bar,0.7300930619239807,0.007874594070017338,0.7300589084625244,0.008424894884228706,0.7300930619239807,0.007874594070017338,0.00809580460190773,12.0,0.1,M12_eta0.1
NOG,10005,156,13.0,80896,49152,156,1.5813682079315186,100,0.1,12.0,0.1,y_bar,0.729469895362854,0.007608497049659491,0.729451060295105,0.008586129173636436,0.729469895362854,0.007608497049659491,0.00903724692761898,12.0,0.1,M12_eta0.1
NOG,10005,228,19.0,117760,65536,228,2.287040948867798,100,0.1,12.0,0.1,y_bar,0.7291771173477173,0.008362146094441414,0.729185163974762,0.008377453312277794,0.7291771173477173,0.008362146094441414,0.008309927769005299,12.0,0.1,M12_eta0.1
NOG,10005,300,25.0,154624,81920,300,2.9248623847961426,100,0.1,12.0,0.1,y_bar,0.728759765625,0.009051457978785038,0.7287586331367493,0.00812810193747282,0.728759765625,0.009051457978785038,0.007489565294235945,12.0,0.1,M12_eta0.1
NOG,10005,372,31.0,191488,98304,372,3.5569841861724854,100,0.1,12.0,0.1,y_bar,0.7283912897109985,0.007919308729469776,0.7283583879470825,0.007065025623887777,0.7283912897109985,0.007919308729469776,0.00869381707161665,12.0,0.1,M12_eta0.1
NOG,10005,444,37.0,228352,114688,444,4.215460777282715,100,0.1,12.0,0.1,y_bar,0.7281382083892822,0.007071511819958687,0.7281306385993958,0.00679018022492528,0.7281382083892822,0.007071511819958687,0.008638804778456688,12.0,0.1,M12_eta0.1
NOG,10005,516,43.0,265216,131072,516,4.869063377380371,100,0.1,12.0,0.1,y_bar,0.7279145121574402,0.00770488241687417,0.7278841137886047,0.00826913584023714,0.7279145121574402,0.00770488241687417,0.009423290379345417,12.0,0.1,M12_eta0.1
NOG,10005,588,49.0,302080,147456,588,5.584885835647583,100,0.1,12.0,0.1,y_bar,0.7275477647781372,0.008072528056800365,0.727559506893158,0.0083098029717803,0.7275477647781372,0.008072528056800365,0.007791918236762285,12.0,0.1,M12_eta0.1
NOG,10005,660,55.0,338944,163840,660,6.2198615074157715,100,0.1,12.0,0.1,y_bar,0.7271237373352051,0.008454305119812489,0.7271220684051514,0.00838621985167265,0.7271237373352051,0.008454305119812489,0.00802584458142519,12.0,0.1,M12_eta0.1
NOG,10005,732,61.0,375808,180224,732,6.848651885986328,100,0.1,12.0,0.1,y_bar,0.7268688678741455,0.008173054084181786,0.7268556952476501,0.007670029532164335,0.7268688678741455,0.008173054084181786,0.009012353606522083,12.0,0.1,M12_eta0.1
NOG,10005,804,67.0,412672,196608,804,7.573221445083618,100,0.1,12.0,0.1,y_bar,0.7265772819519043,0.009032507427036762,0.7265793681144714,0.009221687912940979,0.7265772819519043,0.009032507427036762,0.009051661938428879,12.0,0.1,M12_eta0.1
NOG,10005,876,73.0,449536,212992,876,8.24168872833252,100,0.1,12.0,0.1,y_bar,0.726370632648468,0.008219152688980103,0.726367712020874,0.008561613038182259,0.726370632648468,0.008219152688980103,0.00835155975073576,12.0,0.1,M12_eta0.1
NOG,10005,948,79.0,486400,229376,948,8.925937414169312,100,0.1,12.0,0.1,y_bar,0.726253092288971,0.007273662835359573,0.7262338995933533,0.00850505568087101,0.726253092288971,0.007273662835359573,0.008871832862496376,12.0,0.1,M12_eta0.1
NOG,10005,960,80.0,492544,245760,960,9.155822038650513,100,0.1,12.0,0.1,y_bar,0.7261980772018433,0.008143346756696701,0.7261987328529358,0.008266802877187729,0.7261980772018433,0.008143346756696701,0.008564681746065617,12.0,0.1,M12_eta0.1
NOG,10005,12,1.0,7168,16384,12,0.22774100303649902,100,0.1,12.0,0.2,y_bar,0.7305341362953186,0.009713228791952133,0.7305669188499451,0.009103693999350071,0.7305341362953186,0.009713228791952133,0.00886251125484705,12.0,0.2,M12_eta0.2
NOG,10005,84,7.0,44032,32768,84,0.8862810134887695,100,0.1,12.0,0.2,y_bar,0.730345606803894,0.007986878044903278,0.7303305864334106,0.007629032712429762,0.730345606803894,0.007986878044903278,0.007604777812957764,12.0,0.2,M12_eta0.2
NOG,10005,156,13.0,80896,49152,156,1.5418157577514648,100,0.1,12.0,0.2,y_bar,0.7299491763114929,0.007568949833512306,0.729933500289917,0.0075088609009981155,0.7299491763114929,0.007568949833512306,0.007864057086408138,12.0,0.2,M12_eta0.2
NOG,10005,228,19.0,117760,65536,228,2.260551929473877,100,0.1,12.0,0.2,y_bar,0.7297529578208923,0.007462447974830866,0.7297466993331909,0.008302692323923111,0.7297529578208923,0.007462447974830866,0.008360126055777073,12.0,0.2,M12_eta0.2
NOG,10005,300,25.0,154624,81920,300,2.9211699962615967,100,0.1,12.0,0.2,y_bar,0.7295290231704712,0.008626917377114296,0.7295159697532654,0.007758839055895805,0.7295290231704712,0.008626917377114296,0.00679778540506959,12.0,0.2,M12_eta0.2
NOG,10005,372,31.0,191488,98304,372,3.6282436847686768,100,0.1,12.0,0.2,y_bar,0.729306697845459,0.007291822694242001,0.7293046116828918,0.006821798626333475,0.729306697845459,0.007291822694242001,0.008216386660933495,12.0,0.2,M12_eta0.2
NOG,10005,444,37.0,228352,114688,444,4.301840305328369,100,0.1,12.0,0.2,y_bar,0.7291843295097351,0.006723185535520315,0.7291808724403381,0.006354271899908781,0.7291843295097351,0.006723185535520315,0.007187322713434696,12.0,0.2,M12_eta0.2
NOG,10005,516,43.0,265216,131072,516,4.949473142623901,100,0.1,12.0,0.2,y_bar,0.7291228175163269,0.007506875786930323,0.7291051149368286,0.0075467112474143505,0.7291228175163269,0.007506875786930323,0.008042695000767708,12.0,0.2,M12_eta0.2
NOG,10005,588,49.0,302080,147456,588,5.651492595672607,100,0.1,12.0,0.2,y_bar,0.7288643717765808,0.007169567514210939,0.7288742065429688,0.00703791156411171,0.7288643717765808,0.007169567514210939,0.006883821915835142,12.0,0.2,M12_eta0.2
NOG,10005,660,55.0,338944,163840,660,6.305553674697876,100,0.1,12.0,0.2,y_bar,0.7287567853927612,0.007750749122351408,0.7287673354148865,0.008279234170913696,0.7287567853927612,0.007750749122351408,0.007345532067120075,12.0,0.2,M12_eta0.2
NOG,10005,732,61.0,375808,180224,732,7.039191246032715,100,0.1,12.0,0.2,y_bar,0.7286729216575623,0.007281600497663021,0.7286776900291443,0.007238316349685192,0.7286729216575623,0.007281600497663021,0.007909296080470085,12.0,0.2,M12_eta0.2
NOG,10005,804,67.0,412672,196608,804,7.795323371887207,100,0.1,12.0,0.2,y_bar,0.7285112142562866,0.007211518008261919,0.7285081148147583,0.00809040479362011,0.7285112142562866,0.007211518008261919,0.007683650124818087,12.0,0.2,M12_eta0.2
NOG,10005,876,73.0,449536,212992,876,8.526916027069092,100,0.1,12.0,0.2,y_bar,0.7284179925918579,0.0072655524127185345,0.7284294366836548,0.007209172938019037,0.7284179925918579,0.0072655524127185345,0.007976274937391281,12.0,0.2,M12_eta0.2
NOG,10005,948,79.0,486400,229376,948,9.182271242141724,100,0.1,12.0,0.2,y_bar,0.7283177375793457,0.0069707902148365974,0.7283363938331604,0.007906800135970116,0.7283177375793457,0.0069707902148365974,0.007671324536204338,12.0,0.2,M12_eta0.2
NOG,10005,960,80.0,492544,245760,960,9.402822017669678,100,0.1,12.0,0.2,y_bar,0.7283192873001099,0.006697691511362791,0.7283325791358948,0.007410125806927681,0.7283192873001099,0.006697691511362791,0.007644533179700375,12.0,0.2,M12_eta0.2
NOG,10005,12,1.0,7168,16384,12,0.240372896194458,100,0.1,12.0,0.3,y_bar,0.7305158972740173,0.009786644019186497,0.7305352091789246,0.009284967556595802,0.7305158972740173,0.009786644019186497,0.009189009666442871,12.0,0.3,M12_eta0.3
NOG,10005,84,7.0,44032,32768,84,0.9017589092254639,100,0.1,12.0,0.3,y_bar,0.7304219603538513,0.007957086898386478,0.7304108142852783,0.007441583555191755,0.7304219603538513,0.007957086898386478,0.007519008591771126,12.0,0.3,M12_eta0.3
NOG,10005,156,13.0,80896,49152,156,1.576200246810913,100,0.1,12.0,0.3,y_bar,0.7302033305168152,0.007280082441866398,0.7301861643791199,0.00734712416306138,0.7302033305168152,0.007280082441866398,0.007754629012197256,12.0,0.3,M12_eta0.3
NOG,10005,228,19.0,117760,65536,228,2.1958277225494385,100,0.1,12.0,0.3,y_bar,0.7300485968589783,0.006984880659729242,0.7300394773483276,0.008203012868762016,0.7300485968589783,0.006984880659729242,0.008305965922772884,12.0,0.3,M12_eta0.3
NOG,10005,300,25.0,154624,81920,300,2.8292057514190674,100,0.1,12.0,0.3,y_bar,0.7298460602760315,0.00843229703605175,0.7298423647880554,0.007762582041323185,0.7298460602760315,0.00843229703605175,0.006806382443755865,12.0,0.3,M12_eta0.3
NOG,10005,372,31.0,191488,98304,372,3.502225875854492,100,0.1,12.0,0.3,y_bar,0.7296566963195801,0.007410121150314808,0.729648768901825,0.0071359979920089245,0.7296566963195801,0.007410121150314808,0.008205260150134563,12.0,0.3,M12_eta0.3
NOG,10005,444,37.0,228352,114688,444,4.16365385055542,100,0.1,12.0,0.3,y_bar,0.7295563220977783,0.006561351474374533,0.7295517325401306,0.006368670612573624,0.7295563220977783,0.006561351474374533,0.00744357006624341,12.0,0.3,M12_eta0.3
NOG,10005,516,43.0,265216,131072,516,4.764878988265991,100,0.1,12.0,0.3,y_bar,0.729499340057373,0.007727593183517456,0.729491651058197,0.007200358901172876,0.729499340057373,0.007727593183517456,0.007926186546683311,12.0,0.3,M12_eta0.3
NOG,10005,588,49.0,302080,147456,588,5.378455400466919,100,0.1,12.0,0.3,y_bar,0.729371190071106,0.007181246764957905,0.7293729186058044,0.007151525467634201,0.729371190071106,0.007181246764957905,0.00691033573821187,12.0,0.3,M12_eta0.3
NOG,10005,660,55.0,338944,163840,660,6.106203556060791,100,0.1,12.0,0.3,y_bar,0.729315459728241,0.007621274795383215,0.7293096780776978,0.008110273629426956,0.729315459728241,0.007621274795383215,0.0071857040748000145,12.0,0.3,M12_eta0.3
NOG,10005,732,61.0,375808,180224,732,6.823882102966309,100,0.1,12.0,0.3,y_bar,0.7292369604110718,0.007112189196050167,0.729240894317627,0.006986014544963837,0.7292369604110718,0.007112189196050167,0.007760173175483942,12.0,0.3,M12_eta0.3
NOG,10005,804,67.0,412672,196608,804,7.618988275527954,100,0.1,12.0,0.3,y_bar,0.7291039824485779,0.007244338747113943,0.7290984392166138,0.007741549983620644,0.7291039824485779,0.007244338747113943,0.007559059653431177,12.0,0.3,M12_eta0.3
NOG,10005,876,73.0,449536,212992,876,8.381699085235596,100,0.1,12.0,0.3,y_bar,0.7290253639221191,0.0072012897580862045,0.7290351390838623,0.007036172319203615,0.7290253639221191,0.0072012897580862045,0.008222026750445366,12.0,0.3,M12_eta0.3
NOG,10005,948,79.0,486400,229376,948,9.06559681892395,100,0.1,12.0,0.3,y_bar,0.7289223670959473,0.006850625388324261,0.7289276123046875,0.007895278744399548,0.7289223670959473,0.006850625388324261,0.008005322888493538,12.0,0.3,M12_eta0.3
NOG,10005,960,80.0,492544,245760,960,9.289402723312378,100,0.1,12.0,0.3,y_bar,0.7289180159568787,0.006637115962803364,0.7289101481437683,0.006721019744873047,0.7289180159568787,0.006637115962803364,0.007900865748524666,12.0,0.3,M12_eta0.3
NOG,10005,12,1.0,7168,16384,12,0.20208358764648438,100,0.1,12.0,0.5,y_bar,0.7305063009262085,0.009905501268804073,0.730518639087677,0.009583172388374805,0.7305063009262085,0.009905501268804073,0.009428462944924831,12.0,0.5,M12_eta0.5
NOG,10005,84,7.0,44032,32768,84,0.8679792881011963,100,0.1,12.0,0.5,y_bar,0.7304441332817078,0.00815785862505436,0.7304379343986511,0.007307860068976879,0.7304441332817078,0.00815785862505436,0.0076599991880357265,12.0,0.5,M12_eta0.5
NOG,10005,156,13.0,80896,49152,156,1.4886479377746582,100,0.1,12.0,0.5,y_bar,0.730310320854187,0.007259301375597715,0.7303024530410767,0.007265527732670307,0.730310320854187,0.007259301375597715,0.007727747783064842,12.0,0.5,M12_eta0.5
NOG,10005,228,19.0,117760,65536,228,2.175445556640625,100,0.1,12.0,0.5,y_bar,0.730213463306427,0.006880020257085562,0.7302092909812927,0.008224744349718094,0.730213463306427,0.006880020257085562,0.008193114772439003,12.0,0.5,M12_eta0.5
NOG,10005,300,25.0,154624,81920,300,2.8123695850372314,100,0.1,12.0,0.5,y_bar,0.7300761938095093,0.00810905359685421,0.7300755381584167,0.007798462640494108,0.7300761938095093,0.00810905359685421,0.00686661247164011,12.0,0.5,M12_eta0.5
NOG,10005,372,31.0,191488,98304,372,3.52384877204895,100,0.1,12.0,0.5,y_bar,0.7299352288246155,0.0072069051675498486,0.7299317717552185,0.007245006505399942,0.7299352288246155,0.0072069051675498486,0.0083193713799119,12.0,0.5,M12_eta0.5
NOG,10005,444,37.0,228352,114688,444,4.198398590087891,100,0.1,12.0,0.5,y_bar,0.7298377752304077,0.006675487384200096,0.7298401594161987,0.006276650819927454,0.7298377752304077,0.006675487384200096,0.00764060765504837,12.0,0.5,M12_eta0.5
NOG,10005,516,43.0,265216,131072,516,4.891823053359985,100,0.1,12.0,0.5,y_bar,0.7297559976577759,0.007748103700578213,0.7297484874725342,0.007057620212435722,0.7297559976577759,0.007748103700578213,0.007850841619074345,12.0,0.5,M12_eta0.5
NOG,10005,588,49.0,302080,147456,588,5.535625457763672,100,0.1,12.0,0.5,y_bar,0.7296452522277832,0.007253585383296013,0.7296475768089294,0.0070230839774012566,0.7296452522277832,0.007253585383296013,0.0072580245323479176,12.0,0.5,M12_eta0.5
NOG,10005,660,55.0,338944,163840,660,6.275378465652466,100,0.1,12.0,0.5,y_bar,0.7295837998390198,0.0076708197593688965,0.7295823693275452,0.007910368964076042,0.7295837998390198,0.0076708197593688965,0.0070848348550498486,12.0,0.5,M12_eta0.5
NOG,10005,732,61.0,375808,180224,732,6.939757347106934,100,0.1,12.0,0.5,y_bar,0.7295141816139221,0.007276968564838171,0.7295219302177429,0.0070830597542226315,0.7295141816139221,0.007276968564838171,0.008115338161587715,12.0,0.5,M12_eta0.5
NOG,10005,804,67.0,412672,196608,804,7.588056564331055,100,0.1,12.0,0.5,y_bar,0.7294136881828308,0.007131192367523909,0.7294065356254578,0.007415554020553827,0.7294136881828308,0.007131192367523909,0.007422859780490398,12.0,0.5,M12_eta0.5
NOG,10005,876,73.0,449536,212992,876,8.237934350967407,100,0.1,12.0,0.5,y_bar,0.7293537855148315,0.006883036810904741,0.729363739490509,0.006954603362828493,0.7293537855148315,0.006883036810904741,0.008153869770467281,12.0,0.5,M12_eta0.5
NOG,10005,948,79.0,486400,229376,948,8.896101474761963,100,0.1,12.0,0.5,y_bar,0.7292758226394653,0.00713273324072361,0.7292860150337219,0.00805547833442688,0.7292758226394653,0.00713273324072361,0.008101521991193295,12.0,0.5,M12_eta0.5
NOG,10005,960,80.0,492544,245760,960,9.109710216522217,100,0.1,12.0,0.5,y_bar,0.729284405708313,0.006836229003965855,0.7292868494987488,0.006796955596655607,0.729284405708313,0.006836229003965855,0.007958534173667431,12.0,0.5,M12_eta0.5
NOG,10005,16,1.0,9216,16384,16,0.2578434944152832,100,0.1,16.0,0.1,y_bar,0.7305407524108887,0.008566569536924362,0.7305744886398315,0.009299534372985363,0.7305407524108887,0.008566569536924362,0.007374132052063942,16.0,0.1,M16_eta0.1
NOG,10005,80,5.0,41984,32768,80,0.8618066310882568,100,0.1,16.0,0.1,y_bar,0.730334997177124,0.007431654259562492,0.7303036451339722,0.008158515207469463,0.730334997177124,0.007431654259562492,0.0076576219871640205,16.0,0.1,M16_eta0.1
NOG,10005,144,9.0,74752,49152,144,1.4496240615844727,100,0.1,16.0,0.1,y_bar,0.7299582362174988,0.0071680122055113316,0.7298868298530579,0.007698642555624247,0.7299582362174988,0.0071680122055113316,0.007023871876299381,16.0,0.1,M16_eta0.1
NOG,10005,208,13.0,107520,65536,208,2.003089189529419,100,0.1,16.0,0.1,y_bar,0.7296472191810608,0.007934355176985264,0.7296419143676758,0.007679748348891735,0.7296472191810608,0.007934355176985264,0.006623751483857632,16.0,0.1,M16_eta0.1
NOG,10005,272,17.0,140288,81920,272,2.6638762950897217,100,0.1,16.0,0.1,y_bar,0.72942715883255,0.007593770045787096,0.729422926902771,0.007394241634756327,0.72942715883255,0.007593770045787096,0.007330500055104494,16.0,0.1,M16_eta0.1
NOG,10005,336,21.0,173056,98304,336,3.2437727451324463,100,0.1,16.0,0.1,y_bar,0.7292137742042542,0.007521684747189283,0.7292041182518005,0.007310300134122372,0.7292137742042542,0.007521684747189283,0.0070926733314991,16.0,0.1,M16_eta0.1
NOG,10005,400,25.0,205824,114688,400,3.801992654800415,100,0.1,16.0,0.1,y_bar,0.7290423512458801,0.00721131544560194,0.7290620803833008,0.007434357888996601,0.7290423512458801,0.00721131544560194,0.005765640642493963,16.0,0.1,M16_eta0.1
NOG,10005,464,29.0,238592,131072,464,4.452109098434448,100,0.1,16.0,0.1,y_bar,0.728925883769989,0.007185628637671471,0.728912889957428,0.007294028531759977,0.728925883769989,0.007185628637671471,0.0073032015934586525,16.0,0.1,M16_eta0.1
NOG,10005,528,33.0,271360,147456,528,5.0273683071136475,100,0.1,16.0,0.1,y_bar,0.7288346886634827,0.007628768216818571,0.7288331389427185,0.008547376841306686,0.7288346886634827,0.007628768216818571,0.006752006709575653,16.0,0.1,M16_eta0.1
NOG,10005,592,37.0,304128,163840,592,5.534151792526245,100,0.1,16.0,0.1,y_bar,0.7286780476570129,0.007666516583412886,0.7286774516105652,0.007035182323306799,0.7286780476570129,0.007666516583412886,0.006476567592471838,16.0,0.1,M16_eta0.1
NOG,10005,656,41.0,336896,180224,656,6.138247489929199,100,0.1,16.0,0.1,y_bar,0.7285391688346863,0.006190109066665173,0.7285404205322266,0.006881205830723047,0.7285391688346863,0.006190109066665173,0.006646469701081514,16.0,0.1,M16_eta0.1
NOG,10005,720,45.0,369664,196608,720,6.6910319328308105,100,0.1,16.0,0.1,y_bar,0.7284430265426636,0.007082833908498287,0.7284433841705322,0.00800907239317894,0.7284430265426636,0.007082833908498287,0.0061622802168130875,16.0,0.1,M16_eta0.1
NOG,10005,784,49.0,402432,212992,784,7.3214545249938965,100,0.1,16.0,0.1,y_bar,0.7282979488372803,0.007811560295522213,0.7282988429069519,0.008130165748298168,0.7282979488372803,0.007811560295522213,0.00703122653067112,16.0,0.1,M16_eta0.1
NOG,10005,848,53.0,435200,229376,848,7.935531139373779,100,0.1,16.0,0.1,y_bar,0.7281768321990967,0.008032317273318768,0.728152334690094,0.008119453676044941,0.7281768321990967,0.008032317273318768,0.007390764541924,16.0,0.1,M16_eta0.1
NOG,10005,912,57.0,467968,245760,912,8.53683066368103,100,0.1,16.0,0.1,y_bar,0.7279307842254639,0.007987470366060734,0.7279273271560669,0.007172168232500553,0.7279307842254639,0.007987470366060734,0.00625988794490695,16.0,0.1,M16_eta0.1
NOG,10005,960,60.0,492544,262144,960,9.066979169845581,100,0.1,16.0,0.1,y_bar,0.7279126644134521,0.007676313165575266,0.7279220819473267,0.007688196841627359,0.7279126644134521,0.007676313165575266,0.006730213295668364,16.0,0.1,M16_eta0.1
NOG,10005,16,1.0,9216,16384,16,0.2254638671875,100,0.1,16.0,0.2,y_bar,0.7305079102516174,0.008843963034451008,0.7305336594581604,0.009817495010793209,0.7305079102516174,0.008843963034451008,0.007892417721450329,16.0,0.2,M16_eta0.2
NOG,10005,80,5.0,41984,32768,80,0.8030126094818115,100,0.1,16.0,0.2,y_bar,0.7304476499557495,0.006907617673277855,0.730428159236908,0.00777819799259305,0.7304476499557495,0.006907617673277855,0.007617602590471506,16.0,0.2,M16_eta0.2
NOG,10005,144,9.0,74752,49152,144,1.372581958770752,100,0.1,16.0,0.2,y_bar,0.7303313612937927,0.00657039787620306,0.7302940487861633,0.00727501604706049,0.7303313612937927,0.00657039787620306,0.006738593336194754,16.0,0.2,M16_eta0.2
NOG,10005,208,13.0,107520,65536,208,1.9701316356658936,100,0.1,16.0,0.2,y_bar,0.7301635146141052,0.00744556775316596,0.7301526069641113,0.00728366756811738,0.7301635146141052,0.00744556775316596,0.007122076116502285,16.0,0.2,M16_eta0.2
NOG,10005,272,17.0,140288,81920,272,2.5601882934570312,100,0.1,16.0,0.2,y_bar,0.7300176620483398,0.007349252700805664,0.7300041317939758,0.006893937475979328,0.7300176620483398,0.007349252700805664,0.007556166034191847,16.0,0.2,M16_eta0.2
NOG,10005,336,21.0,173056,98304,336,3.084055185317993,100,0.1,16.0,0.2,y_bar,0.7298885583877563,0.007336923386901617,0.729853630065918,0.007011547219008207,0.7298885583877563,0.007336923386901617,0.007419484667479992,16.0,0.2,M16_eta0.2
NOG,10005,400,25.0,205824,114688,400,3.7130632400512695,100,0.1,16.0,0.2,y_bar,0.7297683954238892,0.007174753118306398,0.7297617793083191,0.007146209944039583,0.7297683954238892,0.007174753118306398,0.00598644046112895,16.0,0.2,M16_eta0.2
NOG,10005,464,29.0,238592,131072,464,4.270888805389404,100,0.1,16.0,0.2,y_bar,0.7296706438064575,0.006415269337594509,0.7296531796455383,0.007162241730839014,0.7296706438064575,0.006415269337594509,0.007061572279781103,16.0,0.2,M16_eta0.2
NOG,10005,528,33.0,271360,147456,528,4.8770341873168945,100,0.1,16.0,0.2,y_bar,0.7295688390731812,0.007074269466102123,0.7295727729797363,0.007405328564345837,0.7295688390731812,0.007074269466102123,0.006553068291395903,16.0,0.2,M16_eta0.2
NOG,10005,592,37.0,304128,163840,592,5.570122241973877,100,0.1,16.0,0.2,y_bar,0.7295272350311279,0.007295793853700161,0.7295247316360474,0.007169034797698259,0.7295272350311279,0.007295793853700161,0.0070443227887153625,16.0,0.2,M16_eta0.2
NOG,10005,656,41.0,336896,180224,656,6.175291061401367,100,0.1,16.0,0.2,y_bar,0.7294399738311768,0.006354422774165869,0.7294315695762634,0.00625697523355484,0.7294399738311768,0.006354422774165869,0.006219408009201288,16.0,0.2,M16_eta0.2
NOG,10005,720,45.0,369664,196608,720,6.753496170043945,100,0.1,16.0,0.2,y_bar,0.729386568069458,0.007122129201889038,0.7293813228607178,0.007502390071749687,0.729386568069458,0.007122129201889038,0.006520479451864958,16.0,0.2,M16_eta0.2
NOG,10005,784,49.0,402432,212992,784,7.28061318397522,100,0.1,16.0,0.2,y_bar,0.7292953729629517,0.00691063841804862,0.7293072938919067,0.008045004680752754,0.7292953729629517,0.00691063841804862,0.006637105252593756,16.0,0.2,M16_eta0.2
NOG,10005,848,53.0,435200,229376,848,7.843486309051514,100,0.1,16.0,0.2,y_bar,0.7292107939720154,0.007291067391633987,0.7292117476463318,0.007495286408811808,0.7292107939720154,0.007291067391633987,0.006718033459037542,16.0,0.2,M16_eta0.2
NOG,10005,912,57.0,467968,245760,912,8.490267753601074,100,0.1,16.0,0.2,y_bar,0.7291290163993835,0.007852124981582165,0.729123592376709,0.006906785070896149,0.7291290163993835,0.007852124981582165,0.0059082964435219765,16.0,0.2,M16_eta0.2
NOG,10005,960,60.0,492544,262144,960,8.946463584899902,100,0.1,16.0,0.2,y_bar,0.7290926575660706,0.007244962267577648,0.7290933728218079,0.006876831874251366,0.7290926575660706,0.007244962267577648,0.006734308321028948,16.0,0.2,M16_eta0.2
NOG,10005,16,1.0,9216,16384,16,0.2748599052429199,100,0.1,16.0,0.3,y_bar,0.7305002212524414,0.008943858556449413,0.7305207252502441,0.010118633508682251,0.7305002212524414,0.008943858556449413,0.008196383714675903,16.0,0.3,M16_eta0.3
NOG,10005,80,5.0,41984,32768,80,0.9362578392028809,100,0.1,16.0,0.3,y_bar,0.730458676815033,0.007116346620023251,0.7304455637931824,0.007821647450327873,0.730458676815033,0.007116346620023251,0.007931195199489594,16.0,0.3,M16_eta0.3
NOG,10005,144,9.0,74752,49152,144,1.5357637405395508,100,0.1,16.0,0.3,y_bar,0.7303830981254578,0.006653048563748598,0.7303615212440491,0.007279461249709129,0.7303830981254578,0.006653048563748598,0.006703859660774469,16.0,0.3,M16_eta0.3
NOG,10005,208,13.0,107520,65536,208,2.200655937194824,100,0.1,16.0,0.3,y_bar,0.7302736639976501,0.007280074991285801,0.7302713394165039,0.007180836983025074,0.7302736639976501,0.007280074991285801,0.007144514471292496,16.0,0.3,M16_eta0.3
NOG,10005,272,17.0,140288,81920,272,2.8043007850646973,100,0.1,16.0,0.3,y_bar,0.7301877737045288,0.007417985703796148,0.7301760315895081,0.006974030751734972,0.7301877737045288,0.007417985703796148,0.007792529184371233,16.0,0.3,M16_eta0.3
NOG,10005,336,21.0,173056,98304,336,3.3758137226104736,100,0.1,16.0,0.3,y_bar,0.7300934195518494,0.007125423289835453,0.7300620675086975,0.007105107419192791,0.7300934195518494,0.007125423289835453,0.007473957724869251,16.0,0.3,M16_eta0.3
NOG,10005,400,25.0,205824,114688,400,4.0004026889801025,100,0.1,16.0,0.3,y_bar,0.729992151260376,0.007231470197439194,0.729986310005188,0.007140251342207193,0.729992151260376,0.007231470197439194,0.006117506884038448,16.0,0.3,M16_eta0.3
NOG,10005,464,29.0,238592,131072,464,4.627763986587524,100,0.1,16.0,0.3,y_bar,0.729924738407135,0.006558791734278202,0.7299109697341919,0.00716785853728652,0.729924738407135,0.006558791734278202,0.0071296487003564835,16.0,0.3,M16_eta0.3
NOG,10005,528,33.0,271360,147456,528,5.232172012329102,100,0.1,16.0,0.3,y_bar,0.7298440337181091,0.007164962124079466,0.7298442721366882,0.0071433610282838345,0.7298440337181091,0.007164962124079466,0.006597414147108793,16.0,0.3,M16_eta0.3
NOG,10005,592,37.0,304128,163840,592,5.888224840164185,100,0.1,16.0,0.3,y_bar,0.7297810316085815,0.007173140067607164,0.7297767400741577,0.007398840039968491,0.7297810316085815,0.007173140067607164,0.007235642056912184,16.0,0.3,M16_eta0.3
NOG,10005,656,41.0,336896,180224,656,6.441136598587036,100,0.1,16.0,0.3,y_bar,0.7296919822692871,0.006521032191812992,0.7296827435493469,0.0061519574373960495,0.7296919822692871,0.006521032191812992,0.006245190277695656,16.0,0.3,M16_eta0.3
NOG,10005,720,45.0,369664,196608,720,7.0879058837890625,100,0.1,16.0,0.3,y_bar,0.7296410799026489,0.007369824219495058,0.7296369075775146,0.007484736852347851,0.7296410799026489,0.007369824219495058,0.006783436518162489,16.0,0.3,M16_eta0.3
NOG,10005,784,49.0,402432,212992,784,7.690216064453125,100,0.1,16.0,0.3,y_bar,0.7295708656311035,0.006623571738600731,0.7295798659324646,0.008036780171096325,0.7295708656311035,0.006623571738600731,0.006852199789136648,16.0,0.3,M16_eta0.3
NOG,10005,848,53.0,435200,229376,848,8.288870811462402,100,0.1,16.0,0.3,y_bar,0.7295070290565491,0.007162968162447214,0.7295061349868774,0.007460445631295443,0.7295070290565491,0.007162968162447214,0.0064803301356732845,16.0,0.3,M16_eta0.3
NOG,10005,912,57.0,467968,245760,912,8.949022054672241,100,0.1,16.0,0.3,y_bar,0.7294422388076782,0.007504110224545002,0.7294360399246216,0.006926620379090309,0.7294422388076782,0.007504110224545002,0.005724344402551651,16.0,0.3,M16_eta0.3
NOG,10005,960,60.0,492544,262144,960,9.486764669418335,100,0.1,16.0,0.3,y_bar,0.7294190526008606,0.007086609024554491,0.7294135689735413,0.006654876749962568,0.7294190526008606,0.007086609024554491,0.006956721190363169,16.0,0.3,M16_eta0.3
NOG,10005,16,1.0,9216,16384,16,0.24199700355529785,100,0.1,16.0,0.5,y_bar,0.7304955720901489,0.009037557989358902,0.7305140495300293,0.010318761691451073,0.7304955720901489,0.009037557989358902,0.008388090878725052,16.0,0.5,M16_eta0.5
NOG,10005,80,5.0,41984,32768,80,0.8831892013549805,100,0.1,16.0,0.5,y_bar,0.7304640412330627,0.007227690890431404,0.7304545640945435,0.007966764271259308,0.7304640412330627,0.007227690890431404,0.008189704269170761,16.0,0.5,M16_eta0.5
NOG,10005,144,9.0,74752,49152,144,1.5357749462127686,100,0.1,16.0,0.5,y_bar,0.7304067015647888,0.006697843782603741,0.730391263961792,0.007180656772106886,0.7304067015647888,0.006697843782603741,0.00671011209487915,16.0,0.5,M16_eta0.5
NOG,10005,208,13.0,107520,65536,208,2.223132371902466,100,0.1,16.0,0.5,y_bar,0.7303221225738525,0.0071899970062077045,0.7303224205970764,0.0071897199377417564,0.7303221225738525,0.0071899970062077045,0.00714355893433094,16.0,0.5,M16_eta0.5
NOG,10005,272,17.0,140288,81920,272,2.8499650955200195,100,0.1,16.0,0.5,y_bar,0.7302706241607666,0.007321440149098635,0.73026442527771,0.006894893478602171,0.7302706241607666,0.007321440149098635,0.007860293611884117,16.0,0.5,M16_eta0.5
NOG,10005,336,21.0,173056,98304,336,3.3996260166168213,100,0.1,16.0,0.5,y_bar,0.7302036285400391,0.007174044381827116,0.7301822900772095,0.007146698422729969,0.7302036285400391,0.007174044381827116,0.00741594797000289,16.0,0.5,M16_eta0.5
NOG,10005,400,25.0,205824,114688,400,3.928297758102417,100,0.1,16.0,0.5,y_bar,0.7301209568977356,0.0073013585060834885,0.7301180362701416,0.007074972614645958,0.7301209568977356,0.0073013585060834885,0.006029462907463312,16.0,0.5,M16_eta0.5
NOG,10005,464,29.0,238592,131072,464,4.561425685882568,100,0.1,16.0,0.5,y_bar,0.7300704717636108,0.006458820775151253,0.7300599217414856,0.007216901984065771,0.7300704717636108,0.006458820775151253,0.007070724852383137,16.0,0.5,M16_eta0.5
NOG,10005,528,33.0,271360,147456,528,5.173367023468018,100,0.1,16.0,0.5,y_bar,0.7300029993057251,0.007133102975785732,0.7300039529800415,0.0071573867462575436,0.7300029993057251,0.007133102975785732,0.00674475310370326,16.0,0.5,M16_eta0.5
NOG,10005,592,37.0,304128,163840,592,5.8854169845581055,100,0.1,16.0,0.5,y_bar,0.7299532294273376,0.0070187486708164215,0.7299507856369019,0.007327440660446882,0.7299532294273376,0.0070187486708164215,0.00736374082043767,16.0,0.5,M16_eta0.5
NOG,10005,656,41.0,336896,180224,656,6.504510164260864,100,0.1,16.0,0.5,y_bar,0.7298707962036133,0.006517044268548489,0.7298588156700134,0.006111192516982555,0.7298707962036133,0.006517044268548489,0.006224576849490404,16.0,0.5,M16_eta0.5
NOG,10005,720,45.0,369664,196608,720,7.090891361236572,100,0.1,16.0,0.5,y_bar,0.7298136353492737,0.007445105817168951,0.7298105955123901,0.007802239619195461,0.7298136353492737,0.007445105817168951,0.0067966110073029995,16.0,0.5,M16_eta0.5
NOG,10005,784,49.0,402432,212992,784,7.724421262741089,100,0.1,16.0,0.5,y_bar,0.7297552227973938,0.006872720550745726,0.7297622561454773,0.007828876376152039,0.7297552227973938,0.006872720550745726,0.006984556559473276,16.0,0.5,M16_eta0.5
NOG,10005,848,53.0,435200,229376,848,8.317908763885498,100,0.1,16.0,0.5,y_bar,0.7297099232673645,0.007237821351736784,0.729705274105072,0.007387241348624229,0.7297099232673645,0.007237821351736784,0.0065987445414066315,16.0,0.5,M16_eta0.5
NOG,10005,912,57.0,467968,245760,912,8.950839519500732,100,0.1,16.0,0.5,y_bar,0.7296366095542908,0.007510881405323744,0.7296350598335266,0.007019492331892252,0.7296366095542908,0.007510881405323744,0.005587573163211346,16.0,0.5,M16_eta0.5
NOG,10005,960,60.0,492544,262144,960,9.477614402770996,100,0.1,16.0,0.5,y_bar,0.7296041250228882,0.007144668139517307,0.7295987606048584,0.006506116129457951,0.7296041250228882,0.007144668139517307,0.006884670816361904,16.0,0.5,M16_eta0.5
SmoothedSGD,20005,1,,512,8192,1,0.06367969512939453,100,0.1,,0.05,x,0.7304803133010864,0.011797836981713772,0.7304803133010864,0.011797836981713772,,,,,0.05,SmoothedSGD
SmoothedSGD,20005,64,,32768,16384,64,0.5731492042541504,100,0.1,,0.05,x,0.7304719090461731,0.008788716048002243,0.7304719090461731,0.008788716048002243,,,,,0.05,SmoothedSGD
SmoothedSGD,20005,128,,65536,24576,128,1.0686416625976562,100,0.1,,0.05,x,0.7304555177688599,0.008345518261194229,0.7304555177688599,0.008345518261194229,,,,,0.05,SmoothedSGD
SmoothedSGD,20005,192,,98304,32768,192,1.6508519649505615,100,0.1,,0.05,x,0.7304424047470093,0.008367174305021763,0.7304424047470093,0.008367174305021763,,,,,0.05,SmoothedSGD
SmoothedSGD,20005,256,,131072,40960,256,2.1311545372009277,100,0.1,,0.05,x,0.7304304242134094,0.008307140320539474,0.7304304242134094,0.008307140320539474,,,,,0.05,SmoothedSGD
SmoothedSGD,20005,320,,163840,49152,320,2.6605682373046875,100,0.1,,0.05,x,0.7304099798202515,0.007016253657639027,0.7304099798202515,0.007016253657639027,,,,,0.05,SmoothedSGD
SmoothedSGD,20005,384,,196608,57344,384,3.170771360397339,100,0.1,,0.05,x,0.7303956747055054,0.006872431840747595,0.7303956747055054,0.006872431840747595,,,,,0.05,SmoothedSGD
SmoothedSGD,20005,448,,229376,65536,448,3.712258815765381,100,0.1,,0.05,x,0.7303934693336487,0.007884201593697071,0.7303934693336487,0.007884201593697071,,,,,0.05,SmoothedSGD
SmoothedSGD,20005,512,,262144,73728,512,4.244983911514282,100,0.1,,0.05,x,0.7303751111030579,0.00694209523499012,0.7303751111030579,0.00694209523499012,,,,,0.05,SmoothedSGD
SmoothedSGD,20005,576,,294912,81920,576,4.800896883010864,100,0.1,,0.05,x,0.7303677797317505,0.00724463677033782,0.7303677797317505,0.00724463677033782,,,,,0.05,SmoothedSGD
SmoothedSGD,20005,640,,327680,90112,640,5.428142786026001,100,0.1,,0.05,x,0.7303428649902344,0.006918261758983135,0.7303428649902344,0.006918261758983135,,,,,0.05,SmoothedSGD
SmoothedSGD,20005,704,,360448,98304,704,5.991472005844116,100,0.1,,0.05,x,0.7303117513656616,0.006597606930881739,0.7303117513656616,0.006597606930881739,,,,,0.05,SmoothedSGD
SmoothedSGD,20005,768,,393216,106496,768,6.558744668960571,100,0.1,,0.05,x,0.7302871346473694,0.007348205428570509,0.7302871346473694,0.007348205428570509,,,,,0.05,SmoothedSGD
SmoothedSGD,20005,832,,425984,114688,832,7.151641130447388,100,0.1,,0.05,x,0.7302665710449219,0.006656724493950605,0.7302665710449219,0.006656724493950605,,,,,0.05,SmoothedSGD
SmoothedSGD,20005,896,,458752,122880,896,7.703376054763794,100,0.1,,0.05,x,0.7302496433258057,0.006497225258499384,0.7302496433258057,0.006497225258499384,,,,,0.05,SmoothedSGD
SmoothedSGD,20005,960,,491520,131072,960,8.249886274337769,100,0.1,,0.05,x,0.7302270531654358,0.006789582781493664,0.7302270531654358,0.006789582781493664,,,,,0.05,SmoothedSGD
NOG,10006,4,1.0,3072,16384,4,0.15426135063171387,100,0.1,4.0,0.1,y_bar,0.726894736289978,0.011037014424800873,0.7269418835639954,0.01139055285602808,0.726894736289978,0.011037014424800873,0.016507787629961967,4.0,0.1,M4_eta0.1
NOG,10006,68,17.0,35840,32768,68,0.6992659568786621,100,0.1,4.0,0.1,y_bar,0.7256738543510437,0.008924946188926697,0.7256239056587219,0.00910460390150547,0.7256738543510437,0.008924946188926697,0.014955881051719189,4.0,0.1,M4_eta0.1
NOG,10006,132,33.0,68608,49152,132,1.2907559871673584,100,0.1,4.0,0.1,y_bar,0.724665641784668,0.010088334791362286,0.7246860265731812,0.010391280986368656,0.724665641784668,0.010088334791362286,0.015719622373580933,4.0,0.1,M4_eta0.1
NOG,10006,196,49.0,101376,65536,196,1.8887746334075928,100,0.1,4.0,0.1,y_bar,0.7245359420776367,0.009949655272066593,0.7245497703552246,0.009474135003983974,0.7245359420776367,0.009949655272066593,0.014692945405840874,4.0,0.1,M4_eta0.1
NOG,10006,260,65.0,134144,81920,260,2.4793405532836914,100,0.1,4.0,0.1,y_bar,0.7232062220573425,0.009744624607264996,0.7231680154800415,0.00976576842367649,0.7232062220573425,0.009744624607264996,0.015706757083535194,4.0,0.1,M4_eta0.1
NOG,10006,324,81.0,166912,98304,324,3.0546154975891113,100,0.1,4.0,0.1,y_bar,0.7224458456039429,0.011133730411529541,0.7224693894386292,0.011226768605411053,0.7224458456039429,0.011133730411529541,0.01532124262303114,4.0,0.1,M4_eta0.1
NOG,10006,388,97.0,199680,114688,388,3.6698012351989746,100,0.1,4.0,0.1,y_bar,0.7213234305381775,0.0105519974604249,0.7212545871734619,0.01001158356666565,0.7213234305381775,0.0105519974604249,0.0164717398583889,4.0,0.1,M4_eta0.1
NOG,10006,452,113.0,232448,131072,452,4.251363277435303,100,0.1,4.0,0.1,y_bar,0.7206947803497314,0.009631476365029812,0.7207120656967163,0.009224125184118748,0.7206947803497314,0.009631476365029812,0.015619047917425632,4.0,0.1,M4_eta0.1
NOG,10006,516,129.0,265216,147456,516,4.855478763580322,100,0.1,4.0,0.1,y_bar,0.720448911190033,0.0095379538834095,0.7204568982124329,0.009525025263428688,0.720448911190033,0.0095379538834095,0.015741759911179543,4.0,0.1,M4_eta0.1
NOG,10006,580,145.0,297984,163840,580,5.475574493408203,100,0.1,4.0,0.1,y_bar,0.7205246090888977,0.011372635141015053,0.7205294966697693,0.010488918051123619,0.7205246090888977,0.011372635141015053,0.01612054370343685,4.0,0.1,M4_eta0.1
NOG,10006,644,161.0,330752,180224,644,6.024919748306274,100,0.1,4.0,0.1,y_bar,0.7197678685188293,0.010845087468624115,0.71979820728302,0.010786428116261959,0.7197678685188293,0.010845087468624115,0.015202635899186134,4.0,0.1,M4_eta0.1
NOG,10006,708,177.0,363520,196608,708,6.7037835121154785,100,0.1,4.0,0.1,y_bar,0.7193123698234558,0.010266860947012901,0.719322919845581,0.010929685086011887,0.7193123698234558,0.010266860947012901,0.015215336345136166,4.0,0.1,M4_eta0.1
NOG,10006,772,193.0,396288,212992,772,7.331716775894165,100,0.1,4.0,0.1,y_bar,0.7187494039535522,0.010244396515190601,0.7187210321426392,0.00995379127562046,0.7187494039535522,0.010244396515190601,0.015300032682716846,4.0,0.1,M4_eta0.1
NOG,10006,836,209.0,429056,229376,836,7.9916675090789795,100,0.1,4.0,0.1,y_bar,0.719002366065979,0.009557776153087616,0.7189454436302185,0.011277466081082821,0.719002366065979,0.009557776153087616,0.017068207263946533,4.0,0.1,M4_eta0.1
NOG,10006,900,225.0,461824,245760,900,8.632103443145752,100,0.1,4.0,0.1,y_bar,0.7188621759414673,0.011931176297366619,0.7188324928283691,0.010794795118272305,0.7188621759414673,0.011931176297366619,0.015140318311750889,4.0,0.1,M4_eta0.1
NOG,10006,960,240.0,492544,262144,960,9.205236673355103,100,0.1,4.0,0.1,y_bar,0.7187557816505432,0.01059554424136877,0.718794584274292,0.010841072537004948,0.7187557816505432,0.01059554424136877,0.015390846878290176,4.0,0.1,M4_eta0.1
NOG,10006,4,1.0,3072,16384,4,0.1372816562652588,100,0.1,4.0,0.2,y_bar,0.7269436717033386,0.010829474776983261,0.7270368337631226,0.011148505844175816,0.7269436717033386,0.010829474776983261,0.016227349638938904,4.0,0.2,M4_eta0.2
NOG,10006,68,17.0,35840,32768,68,0.7495889663696289,100,0.1,4.0,0.2,y_bar,0.7254846096038818,0.009519364684820175,0.7254029512405396,0.009315894916653633,0.7254846096038818,0.009519364684820175,0.015070071443915367,4.0,0.2,M4_eta0.2
NOG,10006,132,33.0,68608,49152,132,1.3136210441589355,100,0.1,4.0,0.2,y_bar,0.7241564989089966,0.009977538138628006,0.724187433719635,0.010274411179125309,0.7241564989089966,0.009977538138628006,0.01573786698281765,4.0,0.2,M4_eta0.2
NOG,10006,196,49.0,101376,65536,196,1.9650981426239014,100,0.1,4.0,0.2,y_bar,0.723160445690155,0.010184233076870441,0.723149299621582,0.009257882833480835,0.723160445690155,0.010184233076870441,0.014542995020747185,4.0,0.2,M4_eta0.2
NOG,10006,260,65.0,134144,81920,260,2.619432210922241,100,0.1,4.0,0.2,y_bar,0.7223089933395386,0.010211457498371601,0.7223654985427856,0.010013053193688393,0.7223089933395386,0.010211457498371601,0.014230656437575817,4.0,0.2,M4_eta0.2
NOG,10006,324,81.0,166912,98304,324,3.228860378265381,100,0.1,4.0,0.2,y_bar,0.7216007113456726,0.009839529171586037,0.7215380072593689,0.00861937552690506,0.7216007113456726,0.009839529171586037,0.015200341120362282,4.0,0.2,M4_eta0.2
NOG,10006,388,97.0,199680,114688,388,3.80679988861084,100,0.1,4.0,0.2,y_bar,0.7202377319335938,0.00907097663730383,0.7202759385108948,0.009400589391589165,0.7202377319335938,0.00907097663730383,0.01385724637657404,4.0,0.2,M4_eta0.2
NOG,10006,452,113.0,232448,131072,452,4.405849933624268,100,0.1,4.0,0.2,y_bar,0.7202634215354919,0.009563332423567772,0.7202699780464172,0.009123075753450394,0.7202634215354919,0.009563332423567772,0.015054332092404366,4.0,0.2,M4_eta0.2
NOG,10006,516,129.0,265216,147456,516,5.055208683013916,100,0.1,4.0,0.2,y_bar,0.719586968421936,0.009609563276171684,0.7196235060691833,0.01078105065971613,0.719586968421936,0.009609563276171684,0.014391249977052212,4.0,0.2,M4_eta0.2
NOG,10006,580,145.0,297984,163840,580,5.712088584899902,100,0.1,4.0,0.2,y_bar,0.7193765044212341,0.010079484432935715,0.7194384932518005,0.010424626991152763,0.7193765044212341,0.010079484432935715,0.013872169889509678,4.0,0.2,M4_eta0.2
NOG,10006,644,161.0,330752,180224,644,6.354398012161255,100,0.1,4.0,0.2,y_bar,0.7186464667320251,0.008938145823776722,0.7186589241027832,0.008321124128997326,0.7186464667320251,0.008938145823776722,0.014205731451511383,4.0,0.2,M4_eta0.2
NOG,10006,708,177.0,363520,196608,708,6.999842882156372,100,0.1,4.0,0.2,y_bar,0.7188683152198792,0.009152705781161785,0.7188194394111633,0.009260186925530434,0.7188683152198792,0.009152705781161785,0.013091248460114002,4.0,0.2,M4_eta0.2
NOG,10006,772,193.0,396288,212992,772,7.6501452922821045,100,0.1,4.0,0.2,y_bar,0.7184900045394897,0.010359772481024265,0.718545138835907,0.009742851369082928,0.7184900045394897,0.010359772481024265,0.015955017879605293,4.0,0.2,M4_eta0.2
NOG,10006,836,209.0,429056,229376,836,8.229266881942749,100,0.1,4.0,0.2,y_bar,0.7185519337654114,0.008903518319129944,0.7185516357421875,0.010080314241349697,0.7185519337654114,0.008903518319129944,0.01590966433286667,4.0,0.2,M4_eta0.2
NOG,10006,900,225.0,461824,245760,900,8.921526908874512,100,0.1,4.0,0.2,y_bar,0.7185959815979004,0.01030914019793272,0.7185565829277039,0.00996051263064146,0.7185959815979004,0.01030914019793272,0.015152900479733944,4.0,0.2,M4_eta0.2
NOG,10006,960,240.0,492544,262144,960,9.494977474212646,100,0.1,4.0,0.2,y_bar,0.718287467956543,0.008752010762691498,0.7183412909507751,0.009179185144603252,0.718287467956543,0.008752010762691498,0.01410837471485138,4.0,0.2,M4_eta0.2
NOG,10006,4,1.0,3072,16384,4,0.16060876846313477,100,0.1,4.0,0.3,y_bar,0.7269927859306335,0.010777775198221207,0.7271268367767334,0.011091531254351139,0.7269927859306335,0.010777775198221207,0.016089657321572304,4.0,0.3,M4_eta0.3
NOG,10006,68,17.0,35840,32768,68,0.8372468948364258,100,0.1,4.0,0.3,y_bar,0.7256015539169312,0.00949688907712698,0.7255045175552368,0.009226406924426556,0.7256015539169312,0.00949688907712698,0.014421838335692883,4.0,0.3,M4_eta0.3
NOG,10006,132,33.0,68608,49152,132,1.5089092254638672,100,0.1,4.0,0.3,y_bar,0.7241727113723755,0.009672148153185844,0.724198579788208,0.009883425198495388,0.7241727113723755,0.009672148153185844,0.014935825020074844,4.0,0.3,M4_eta0.3
NOG,10006,196,49.0,101376,65536,196,2.1080193519592285,100,0.1,4.0,0.3,y_bar,0.723119854927063,0.009758279658854008,0.723074734210968,0.009366722777485847,0.723119854927063,0.009758279658854008,0.013774409890174866,4.0,0.3,M4_eta0.3
NOG,10006,260,65.0,134144,81920,260,2.7201974391937256,100,0.1,4.0,0.3,y_bar,0.7226566672325134,0.009021980687975883,0.722710907459259,0.00842775497585535,0.7226566672325134,0.009021980687975883,0.013108530081808567,4.0,0.3,M4_eta0.3
NOG,10006,324,81.0,166912,98304,324,3.415079355239868,100,0.1,4.0,0.3,y_bar,0.7220045924186707,0.009147454984486103,0.7219893932342529,0.008009987883269787,0.7220045924186707,0.009147454984486103,0.013965929858386517,4.0,0.3,M4_eta0.3
NOG,10006,388,97.0,199680,114688,388,4.07942533493042,100,0.1,4.0,0.3,y_bar,0.7213631272315979,0.009538756683468819,0.7213186025619507,0.007519328035414219,0.7213631272315979,0.009538756683468819,0.014328575693070889,4.0,0.3,M4_eta0.3
NOG,10006,452,113.0,232448,131072,452,4.719114303588867,100,0.1,4.0,0.3,y_bar,0.7209977507591248,0.007761798799037933,0.720974862575531,0.009780128486454487,0.7209977507591248,0.007761798799037933,0.014203041791915894,4.0,0.3,M4_eta0.3
NOG,10006,516,129.0,265216,147456,516,5.364158630371094,100,0.1,4.0,0.3,y_bar,0.7203758955001831,0.009121588431298733,0.7204300761222839,0.009329340420663357,0.7203758955001831,0.009121588431298733,0.012965577654540539,4.0,0.3,M4_eta0.3
NOG,10006,580,145.0,297984,163840,580,6.025776624679565,100,0.1,4.0,0.3,y_bar,0.7195319533348083,0.008950451388955116,0.7194719314575195,0.008920645341277122,0.7195319533348083,0.008950451388955116,0.015761101618409157,4.0,0.3,M4_eta0.3
NOG,10006,644,161.0,330752,180224,644,6.645270347595215,100,0.1,4.0,0.3,y_bar,0.7192819118499756,0.009861130267381668,0.7192927002906799,0.008310699835419655,0.7192819118499756,0.009861130267381668,0.014831217005848885,4.0,0.3,M4_eta0.3
NOG,10006,708,177.0,363520,196608,708,7.2928056716918945,100,0.1,4.0,0.3,y_bar,0.718698263168335,0.008677426725625992,0.7187656164169312,0.009700249880552292,0.718698263168335,0.008677426725625992,0.012812037020921707,4.0,0.3,M4_eta0.3
NOG,10006,772,193.0,396288,212992,772,7.933010101318359,100,0.1,4.0,0.3,y_bar,0.7187826037406921,0.00993596576154232,0.7188127040863037,0.00922794546931982,0.7187826037406921,0.00993596576154232,0.01503824908286333,4.0,0.3,M4_eta0.3
NOG,10006,836,209.0,429056,229376,836,8.555168867111206,100,0.1,4.0,0.3,y_bar,0.718514084815979,0.008682978339493275,0.7185589075088501,0.009251246228814125,0.718514084815979,0.008682978339493275,0.014796136878430843,4.0,0.3,M4_eta0.3
NOG,10006,900,225.0,461824,245760,900,9.216491222381592,100,0.1,4.0,0.3,y_bar,0.7183971405029297,0.009023487567901611,0.7183548212051392,0.008241984061896801,0.7183971405029297,0.009023487567901611,0.015115252695977688,4.0,0.3,M4_eta0.3
NOG,10006,960,240.0,492544,262144,960,9.79629373550415,100,0.1,4.0,0.3,y_bar,0.7182348966598511,0.00854931864887476,0.718241810798645,0.008632207289338112,0.7182348966598511,0.00854931864887476,0.01376273762434721,4.0,0.3,M4_eta0.3
NOG,10006,4,1.0,3072,16384,4,0.13323545455932617,100,0.1,4.0,0.5,y_bar,0.7270297408103943,0.01072960626333952,0.7271488904953003,0.011091513559222221,0.7270297408103943,0.01072960626333952,0.015945198014378548,4.0,0.5,M4_eta0.5
NOG,10006,68,17.0,35840,32768,68,0.7885196208953857,100,0.1,4.0,0.5,y_bar,0.7257981896400452,0.008973896503448486,0.7257289290428162,0.008225326426327229,0.7257981896400452,0.008973896503448486,0.01344907283782959,4.0,0.5,M4_eta0.5
NOG,10006,132,33.0,68608,49152,132,1.4637274742126465,100,0.1,4.0,0.5,y_bar,0.7247562408447266,0.007905961014330387,0.7247440218925476,0.00865818839520216,0.7247562408447266,0.007905961014330387,0.014790923334658146,4.0,0.5,M4_eta0.5
NOG,10006,196,49.0,101376,65536,196,2.0306482315063477,100,0.1,4.0,0.5,y_bar,0.7240349650382996,0.00883883610367775,0.7240453958511353,0.008589589968323708,0.7240349650382996,0.00883883610367775,0.013545564375817776,4.0,0.5,M4_eta0.5
NOG,10006,260,65.0,134144,81920,260,2.6583118438720703,100,0.1,4.0,0.5,y_bar,0.7234419584274292,0.008973617106676102,0.723499596118927,0.00856559257954359,0.7234419584274292,0.008973617106676102,0.012666726484894753,4.0,0.5,M4_eta0.5
NOG,10006,324,81.0,166912,98304,324,3.2961478233337402,100,0.1,4.0,0.5,y_bar,0.7227485775947571,0.00880140345543623,0.7227144837379456,0.007720164023339748,0.7227485775947571,0.00880140345543623,0.014529991894960403,4.0,0.5,M4_eta0.5
NOG,10006,388,97.0,199680,114688,388,3.9785077571868896,100,0.1,4.0,0.5,y_bar,0.7222631573677063,0.00859141256660223,0.7222599983215332,0.008309371769428253,0.7222631573677063,0.00859141256660223,0.013919745571911335,4.0,0.5,M4_eta0.5
NOG,10006,452,113.0,232448,131072,452,4.605234861373901,100,0.1,4.0,0.5,y_bar,0.7217315435409546,0.007892663590610027,0.7217377424240112,0.008110731840133667,0.7217315435409546,0.007892663590610027,0.013654656708240509,4.0,0.5,M4_eta0.5
NOG,10006,516,129.0,265216,147456,516,5.212643384933472,100,0.1,4.0,0.5,y_bar,0.7216467261314392,0.00830779317766428,0.7216581702232361,0.009489277377724648,0.7216467261314392,0.00830779317766428,0.013725093565881252,4.0,0.5,M4_eta0.5
NOG,10006,580,145.0,297984,163840,580,5.775832653045654,100,0.1,4.0,0.5,y_bar,0.7214081287384033,0.008034592494368553,0.7214020490646362,0.008635524660348892,0.7214081287384033,0.008034592494368553,0.014966667629778385,4.0,0.5,M4_eta0.5
NOG,10006,644,161.0,330752,180224,644,6.422054290771484,100,0.1,4.0,0.5,y_bar,0.7211386561393738,0.008636080659925938,0.7211578488349915,0.008913942612707615,0.7211386561393738,0.008636080659925938,0.014642462134361267,4.0,0.5,M4_eta0.5
NOG,10006,708,177.0,363520,196608,708,7.019912004470825,100,0.1,4.0,0.5,y_bar,0.72098308801651,0.00818768423050642,0.7209793329238892,0.008851257152855396,0.72098308801651,0.00818768423050642,0.013201594352722168,4.0,0.5,M4_eta0.5
NOG,10006,772,193.0,396288,212992,772,7.632126331329346,100,0.1,4.0,0.5,y_bar,0.7208080291748047,0.008826748467981815,0.7208290696144104,0.007626769598573446,0.7208080291748047,0.008826748467981815,0.013310108333826065,4.0,0.5,M4_eta0.5
NOG,10006,836,209.0,429056,229376,836,8.254337310791016,100,0.1,4.0,0.5,y_bar,0.7205650806427002,0.00915902853012085,0.7205773591995239,0.008402121253311634,0.7205650806427002,0.00915902853012085,0.014128686860203743,4.0,0.5,M4_eta0.5
NOG,10006,900,225.0,461824,245760,900,8.924255609512329,100,0.1,4.0,0.5,y_bar,0.7202442288398743,0.008860547095537186,0.7202153205871582,0.007190662436187267,0.7202442288398743,0.008860547095537186,0.014171657152473927,4.0,0.5,M4_eta0.5
NOG,10006,960,240.0,492544,262144,960,9.488843441009521,100,0.1,4.0,0.5,y_bar,0.7201133966445923,0.007779702544212341,0.7200930118560791,0.008797723799943924,0.7201133966445923,0.007779702544212341,0.013477456755936146,4.0,0.5,M4_eta0.5
NOG,10006,8,1.0,5120,16384,8,0.14759254455566406,100,0.1,8.0,0.1,y_bar,0.7269154191017151,0.011144635267555714,0.7269577383995056,0.009654776193201542,0.7269154191017151,0.011144635267555714,0.012902298010885715,8.0,0.1,M8_eta0.1
NOG,10006,72,9.0,37888,32768,72,0.7968416213989258,100,0.1,8.0,0.1,y_bar,0.7259137630462646,0.00897530373185873,0.7258027791976929,0.008617976680397987,0.7259137630462646,0.00897530373185873,0.01199990976601839,8.0,0.1,M8_eta0.1
NOG,10006,136,17.0,70656,49152,136,1.4088048934936523,100,0.1,8.0,0.1,y_bar,0.7247610092163086,0.009027251973748207,0.7247001528739929,0.008364075794816017,0.7247610092163086,0.009027251973748207,0.01190407108515501,8.0,0.1,M8_eta0.1
NOG,10006,200,25.0,103424,65536,200,2.037781000137329,100,0.1,8.0,0.1,y_bar,0.7238108515739441,0.00819331407546997,0.7237545251846313,0.008601658046245575,0.7238108515739441,0.00819331407546997,0.010243830271065235,8.0,0.1,M8_eta0.1
NOG,10006,264,33.0,136192,81920,264,2.676564931869507,100,0.1,8.0,0.1,y_bar,0.722952663898468,0.0084005082026124,0.7229486107826233,0.008364544250071049,0.722952663898468,0.0084005082026124,0.010013855993747711,8.0,0.1,M8_eta0.1
NOG,10006,328,41.0,168960,98304,328,3.297738790512085,100,0.1,8.0,0.1,y_bar,0.7223988175392151,0.009461354464292526,0.7223635911941528,0.00930054485797882,0.7223988175392151,0.009461354464292526,0.011124029755592346,8.0,0.1,M8_eta0.1
NOG,10006,392,49.0,201728,114688,392,3.9761641025543213,100,0.1,8.0,0.1,y_bar,0.7218447327613831,0.009549918584525585,0.721782922744751,0.008831385523080826,0.7218447327613831,0.009549918584525585,0.012289602309465408,8.0,0.1,M8_eta0.1
NOG,10006,456,57.0,234496,131072,456,4.601247549057007,100,0.1,8.0,0.1,y_bar,0.721696674823761,0.008313462138175964,0.7216460108757019,0.008576542139053345,0.721696674823761,0.008313462138175964,0.01063507329672575,8.0,0.1,M8_eta0.1
NOG,10006,520,65.0,267264,147456,520,5.225054502487183,100,0.1,8.0,0.1,y_bar,0.7212673425674438,0.009214743040502071,0.7212636470794678,0.010176115669310093,0.7212673425674438,0.009214743040502071,0.010399922728538513,8.0,0.1,M8_eta0.1
NOG,10006,584,73.0,300032,163840,584,5.8993659019470215,100,0.1,8.0,0.1,y_bar,0.7205900549888611,0.009405067190527916,0.7205784320831299,0.00924144871532917,0.7205900549888611,0.009405067190527916,0.011587987653911114,8.0,0.1,M8_eta0.1
NOG,10006,648,81.0,332800,180224,648,6.520559787750244,100,0.1,8.0,0.1,y_bar,0.7198396921157837,0.008633400313556194,0.7197715044021606,0.008730141445994377,0.7198396921157837,0.008633400313556194,0.011020854115486145,8.0,0.1,M8_eta0.1
NOG,10006,712,89.0,365568,196608,712,7.130127906799316,100,0.1,8.0,0.1,y_bar,0.7195902466773987,0.0076206098310649395,0.7195388674736023,0.008171984925866127,0.7195902466773987,0.0076206098310649395,0.01150918286293745,8.0,0.1,M8_eta0.1
NOG,10006,776,97.0,398336,212992,776,7.7821204662323,100,0.1,8.0,0.1,y_bar,0.7195106148719788,0.008964681066572666,0.7195412516593933,0.009003004990518093,0.7195106148719788,0.008964681066572666,0.0102516058832407,8.0,0.1,M8_eta0.1
NOG,10006,840,105.0,431104,229376,840,8.405903577804565,100,0.1,8.0,0.1,y_bar,0.71943199634552,0.007998783141374588,0.719391942024231,0.00862936582416296,0.71943199634552,0.007998783141374588,0.01126832515001297,8.0,0.1,M8_eta0.1
NOG,10006,904,113.0,463872,245760,904,9.047025442123413,100,0.1,8.0,0.1,y_bar,0.718957245349884,0.008847087621688843,0.7190232872962952,0.009625164791941643,0.718957245349884,0.008847087621688843,0.00936186034232378,8.0,0.1,M8_eta0.1
NOG,10006,960,120.0,492544,262144,960,9.578771591186523,100,0.1,8.0,0.1,y_bar,0.71885085105896,0.008709937334060669,0.7188558578491211,0.008539506234228611,0.71885085105896,0.008709937334060669,0.01002321857959032,8.0,0.1,M8_eta0.1
NOG,10006,8,1.0,5120,16384,8,0.1831347942352295,100,0.1,8.0,0.2,y_bar,0.7269660234451294,0.01113327220082283,0.7269904017448425,0.009552727453410625,0.7269660234451294,0.01113327220082283,0.012625057250261307,8.0,0.2,M8_eta0.2
NOG,10006,72,9.0,37888,32768,72,0.8117687702178955,100,0.1,8.0,0.2,y_bar,0.726111650466919,0.008381030522286892,0.7260329127311707,0.008229761384427547,0.726111650466919,0.008381030522286892,0.011000997386872768,8.0,0.2,M8_eta0.2
NOG,10006,136,17.0,70656,49152,136,1.419248104095459,100,0.1,8.0,0.2,y_bar,0.7253739833831787,0.008370091207325459,0.7253295183181763,0.007999545894563198,0.7253739833831787,0.008370091207325459,0.011006580665707588,8.0,0.2,M8_eta0.2
NOG,10006,200,25.0,103424,65536,200,2.005086898803711,100,0.1,8.0,0.2,y_bar,0.7246693968772888,0.008037257008254528,0.7246430516242981,0.008293121121823788,0.7246693968772888,0.008037257008254528,0.010796327143907547,8.0,0.2,M8_eta0.2
NOG,10006,264,33.0,136192,81920,264,2.5928308963775635,100,0.1,8.0,0.2,y_bar,0.7240473628044128,0.007800883613526821,0.72402024269104,0.00885163713246584,0.7240473628044128,0.007800883613526821,0.008946542628109455,8.0,0.2,M8_eta0.2
NOG,10006,328,41.0,168960,98304,328,3.213819980621338,100,0.1,8.0,0.2,y_bar,0.7235820293426514,0.008444031700491905,0.7235367894172668,0.008074752986431122,0.7235820293426514,0.008444031700491905,0.010357535444200039,8.0,0.2,M8_eta0.2
NOG,10006,392,49.0,201728,114688,392,3.8874428272247314,100,0.1,8.0,0.2,y_bar,0.7230644226074219,0.00840513315051794,0.7230575680732727,0.008750531822443008,0.7230644226074219,0.00840513315051794,0.010151217691600323,8.0,0.2,M8_eta0.2
NOG,10006,456,57.0,234496,131072,456,4.5209059715271,100,0.1,8.0,0.2,y_bar,0.7226808667182922,0.006989987567067146,0.7226570248603821,0.007148732431232929,0.7226808667182922,0.006989987567067146,0.009826315566897392,8.0,0.2,M8_eta0.2
NOG,10006,520,65.0,267264,147456,520,5.069031715393066,100,0.1,8.0,0.2,y_bar,0.7224133610725403,0.008218443021178246,0.7224379777908325,0.00953341368585825,0.7224133610725403,0.008218443021178246,0.009475266560912132,8.0,0.2,M8_eta0.2
NOG,10006,584,73.0,300032,163840,584,5.688213109970093,100,0.1,8.0,0.2,y_bar,0.7220750451087952,0.008324818685650826,0.7220576405525208,0.008375503122806549,0.7220750451087952,0.008324818685650826,0.010377435013651848,8.0,0.2,M8_eta0.2
NOG,10006,648,81.0,332800,180224,648,6.336822509765625,100,0.1,8.0,0.2,y_bar,0.7217035889625549,0.008296982385218143,0.7216516733169556,0.007750764489173889,0.7217035889625549,0.008296982385218143,0.010558664798736572,8.0,0.2,M8_eta0.2
NOG,10006,712,89.0,365568,196608,712,6.971707820892334,100,0.1,8.0,0.2,y_bar,0.7215264439582825,0.008120003156363964,0.7215079069137573,0.007454947102814913,0.7215264439582825,0.008120003156363964,0.009996495209634304,8.0,0.2,M8_eta0.2
NOG,10006,776,97.0,398336,212992,776,7.6491594314575195,100,0.1,8.0,0.2,y_bar,0.7212903499603271,0.007357972674071789,0.721299946308136,0.008635293692350388,0.7212903499603271,0.007357972674071789,0.009188137017190456,8.0,0.2,M8_eta0.2
NOG,10006,840,105.0,431104,229376,840,8.244526624679565,100,0.1,8.0,0.2,y_bar,0.7210410833358765,0.006497254129499197,0.721051812171936,0.00790153443813324,0.7210410833358765,0.006497254129499197,0.009348182007670403,8.0,0.2,M8_eta0.2
NOG,10006,904,113.0,463872,245760,904,8.842973709106445,100,0.1,8.0,0.2,y_bar,0.7209234237670898,0.007592429406940937,0.7209092974662781,0.008959694765508175,0.7209234237670898,0.007592429406940937,0.010080444626510143,8.0,0.2,M8_eta0.2
NOG,10006,960,120.0,492544,262144,960,9.379413366317749,100,0.1,8.0,0.2,y_bar,0.7208048701286316,0.007680028676986694,0.7207949161529541,0.008235336281359196,0.7208048701286316,0.007680028676986694,0.009309256449341774,8.0,0.2,M8_eta0.2
NOG,10006,8,1.0,5120,16384,8,0.15471100807189941,100,0.1,8.0,0.3,y_bar,0.7269265651702881,0.010993707925081253,0.7269388437271118,0.009405835531651974,0.7269265651702881,0.010993707925081253,0.012493491172790527,8.0,0.3,M8_eta0.3
NOG,10006,72,9.0,37888,32768,72,0.722081184387207,100,0.1,8.0,0.3,y_bar,0.7263583540916443,0.008153053000569344,0.7263150811195374,0.00786641612648964,0.7263583540916443,0.008153053000569344,0.010615420527756214,8.0,0.3,M8_eta0.3
NOG,10006,136,17.0,70656,49152,136,1.350379228591919,100,0.1,8.0,0.3,y_bar,0.725834310054779,0.0075991167686879635,0.7258099913597107,0.007539702113717794,0.725834310054779,0.0075991167686879635,0.010611100122332573,8.0,0.3,M8_eta0.3
NOG,10006,200,25.0,103424,65536,200,1.9314031600952148,100,0.1,8.0,0.3,y_bar,0.7253872752189636,0.008150332607328892,0.7253928184509277,0.007879969663918018,0.7253872752189636,0.008150332607328892,0.010353155434131622,8.0,0.3,M8_eta0.3
NOG,10006,264,33.0,136192,81920,264,2.642591953277588,100,0.1,8.0,0.3,y_bar,0.7249829769134521,0.007783085573464632,0.7249580025672913,0.008355479687452316,0.7249829769134521,0.007783085573464632,0.008625872433185577,8.0,0.3,M8_eta0.3
NOG,10006,328,41.0,168960,98304,328,3.2648472785949707,100,0.1,8.0,0.3,y_bar,0.724565327167511,0.008498136885464191,0.7245606184005737,0.007909359410405159,0.724565327167511,0.008498136885464191,0.009726072661578655,8.0,0.3,M8_eta0.3
NOG,10006,392,49.0,201728,114688,392,3.821345090866089,100,0.1,8.0,0.3,y_bar,0.724191427230835,0.008163848891854286,0.7241931557655334,0.008491860702633858,0.724191427230835,0.008163848891854286,0.009952452033758163,8.0,0.3,M8_eta0.3
NOG,10006,456,57.0,234496,131072,456,4.352376222610474,100,0.1,8.0,0.3,y_bar,0.7238975763320923,0.006816966459155083,0.7238790988922119,0.0067596412263810635,0.7238975763320923,0.006816966459155083,0.009307118132710457,8.0,0.3,M8_eta0.3
NOG,10006,520,65.0,267264,147456,520,5.062671899795532,100,0.1,8.0,0.3,y_bar,0.7236454486846924,0.008001924492418766,0.7236288785934448,0.008073757402598858,0.7236454486846924,0.008001924492418766,0.008915264159440994,8.0,0.3,M8_eta0.3
NOG,10006,584,73.0,300032,163840,584,5.682272672653198,100,0.1,8.0,0.3,y_bar,0.7233778834342957,0.008127344772219658,0.7233635187149048,0.00812302902340889,0.7233778834342957,0.008127344772219658,0.009119933471083641,8.0,0.3,M8_eta0.3
NOG,10006,648,81.0,332800,180224,648,6.355075836181641,100,0.1,8.0,0.3,y_bar,0.7231236100196838,0.008579744026064873,0.7231008410453796,0.0074736312963068485,0.7231236100196838,0.008579744026064873,0.00913191307336092,8.0,0.3,M8_eta0.3
NOG,10006,712,89.0,365568,196608,712,6.936611890792847,100,0.1,8.0,0.3,y_bar,0.7229183912277222,0.008270804770290852,0.7229006886482239,0.0068376497365534306,0.7229183912277222,0.008270804770290852,0.008963774889707565,8.0,0.3,M8_eta0.3
NOG,10006,776,97.0,398336,212992,776,7.600264072418213,100,0.1,8.0,0.3,y_bar,0.7227492928504944,0.006949473172426224,0.7227228283882141,0.008252712897956371,0.7227492928504944,0.006949473172426224,0.009318863973021507,8.0,0.3,M8_eta0.3
NOG,10006,840,105.0,431104,229376,840,8.217816829681396,100,0.1,8.0,0.3,y_bar,0.722429633140564,0.006665313616394997,0.7224105596542358,0.0071777841076254845,0.722429633140564,0.006665313616394997,0.009862193837761879,8.0,0.3,M8_eta0.3
NOG,10006,904,113.0,463872,245760,904,8.843168258666992,100,0.1,8.0,0.3,y_bar,0.7222914695739746,0.008372318930923939,0.722298264503479,0.007764120120555162,0.7222914695739746,0.008372318930923939,0.008666629903018475,8.0,0.3,M8_eta0.3
NOG,10006,960,120.0,492544,262144,960,9.396663427352905,100,0.1,8.0,0.3,y_bar,0.7221180200576782,0.007703828159719706,0.722091555595398,0.0076734768226742744,0.7221180200576782,0.007703828159719706,0.009454539977014065,8.0,0.3,M8_eta0.3
NOG,10006,8,1.0,5120,16384,8,0.17488336563110352,100,0.1,8.0,0.5,y_bar,0.7268972396850586,0.011053342372179031,0.7269081473350525,0.009720705449581146,0.7268972396850586,0.011053342372179031,0.012616803869605064,8.0,0.5,M8_eta0.5
NOG,10006,72,9.0,37888,32768,72,0.7421724796295166,100,0.1,8.0,0.5,y_bar,0.7265612483024597,0.007998516783118248,0.7265368103981018,0.007688174024224281,0.7265612483024597,0.007998516783118248,0.010530904866755009,8.0,0.5,M8_eta0.5
NOG,10006,136,17.0,70656,49152,136,1.4124622344970703,100,0.1,8.0,0.5,y_bar,0.7262199521064758,0.007249682676047087,0.7262118458747864,0.007598877418786287,0.7262199521064758,0.007249682676047087,0.010384091176092625,8.0,0.5,M8_eta0.5
NOG,10006,200,25.0,103424,65536,200,1.96826171875,100,0.1,8.0,0.5,y_bar,0.7259201407432556,0.007694189436733723,0.725907564163208,0.007427014876157045,0.7259201407432556,0.007694189436733723,0.010258456692099571,8.0,0.5,M8_eta0.5
NOG,10006,264,33.0,136192,81920,264,2.6533920764923096,100,0.1,8.0,0.5,y_bar,0.7256378531455994,0.007654001470655203,0.7256167531013489,0.008391347713768482,0.7256378531455994,0.007654001470655203,0.008783220313489437,8.0,0.5,M8_eta0.5
NOG,10006,328,41.0,168960,98304,328,3.292198419570923,100,0.1,8.0,0.5,y_bar,0.7253937125205994,0.008103282190859318,0.7253844141960144,0.007495259866118431,0.7253937125205994,0.008103282190859318,0.009976220317184925,8.0,0.5,M8_eta0.5
NOG,10006,392,49.0,201728,114688,392,3.909726858139038,100,0.1,8.0,0.5,y_bar,0.7251624464988708,0.007941200397908688,0.7251579165458679,0.008288034237921238,0.7251624464988708,0.007941200397908688,0.00976526364684105,8.0,0.5,M8_eta0.5
NOG,10006,456,57.0,234496,131072,456,4.578784942626953,100,0.1,8.0,0.5,y_bar,0.7249714732170105,0.006768146995455027,0.7249595522880554,0.00680949492380023,0.7249714732170105,0.006768146995455027,0.008944949135184288,8.0,0.5,M8_eta0.5
NOG,10006,520,65.0,267264,147456,520,5.213432788848877,100,0.1,8.0,0.5,y_bar,0.7247681617736816,0.00802899431437254,0.7247688174247742,0.008183212950825691,0.7247681617736816,0.00802899431437254,0.008994036354124546,8.0,0.5,M8_eta0.5
NOG,10006,584,73.0,300032,163840,584,5.811732530593872,100,0.1,8.0,0.5,y_bar,0.7245651483535767,0.00797128677368164,0.7245600819587708,0.008019828237593174,0.7245651483535767,0.00797128677368164,0.009208316914737225,8.0,0.5,M8_eta0.5
NOG,10006,648,81.0,332800,180224,648,6.449878931045532,100,0.1,8.0,0.5,y_bar,0.72437983751297,0.008294066414237022,0.7243740558624268,0.007251783739775419,0.72437983751297,0.008294066414237022,0.008970975875854492,8.0,0.5,M8_eta0.5
NOG,10006,712,89.0,365568,196608,712,7.039302349090576,100,0.1,8.0,0.5,y_bar,0.7242515683174133,0.007781114429235458,0.7242462038993835,0.007353083696216345,0.7242515683174133,0.007781114429235458,0.008744628168642521,8.0,0.5,M8_eta0.5
NOG,10006,776,97.0,398336,212992,776,7.637345790863037,100,0.1,8.0,0.5,y_bar,0.7240734696388245,0.006157587748020887,0.7240636944770813,0.007285166997462511,0.7240734696388245,0.006157587748020887,0.009326504543423653,8.0,0.5,M8_eta0.5
NOG,10006,840,105.0,431104,229376,840,8.285552978515625,100,0.1,8.0,0.5,y_bar,0.7238540649414062,0.006782881915569305,0.7238373756408691,0.007370066829025745,0.7238540649414062,0.006782881915569305,0.009603927843272686,8.0,0.5,M8_eta0.5
NOG,10006,904,113.0,463872,245760,904,8.887909173965454,100,0.1,8.0,0.5,y_bar,0.723703145980835,0.0074764518067240715,0.7237032651901245,0.007487048860639334,0.723703145980835,0.0074764518067240715,0.009008950553834438,8.0,0.5,M8_eta0.5
NOG,10006,960,120.0,492544,262144,960,9.388026475906372,100,0.1,8.0,0.5,y_bar,0.7236427664756775,0.007799082901328802,0.7236304879188538,0.007925262674689293,0.7236427664756775,0.007799082901328802,0.00945206731557846,8.0,0.5,M8_eta0.5
NOG,10006,12,1.0,7168,16384,12,0.2432723045349121,100,0.1,12.0,0.1,y_bar,0.7269172072410583,0.010599402710795403,0.7269465327262878,0.009675371460616589,0.7269172072410583,0.010599402710795403,0.011436715722084045,12.0,0.1,M12_eta0.1
NOG,10006,84,7.0,44032,32768,84,0.9957022666931152,100,0.1,12.0,0.1,y_bar,0.726076602935791,0.007635168265551329,0.7259912490844727,0.008648824878036976,0.726076602935791,0.007635168265551329,0.007984009571373463,12.0,0.1,M12_eta0.1
NOG,10006,156,13.0,80896,49152,156,1.6138122081756592,100,0.1,12.0,0.1,y_bar,0.7253888845443726,0.007784407120198011,0.7253327369689941,0.008856414817273617,0.7253888845443726,0.007784407120198011,0.008001001551747322,12.0,0.1,M12_eta0.1
NOG,10006,228,19.0,117760,65536,228,2.2149930000305176,100,0.1,12.0,0.1,y_bar,0.7247109413146973,0.008064748719334602,0.7246831655502319,0.00809681136161089,0.7247109413146973,0.008064748719334602,0.008867360651493073,12.0,0.1,M12_eta0.1
NOG,10006,300,25.0,154624,81920,300,2.8864028453826904,100,0.1,12.0,0.1,y_bar,0.7241140007972717,0.007508902810513973,0.7240769863128662,0.007515521254390478,0.7241140007972717,0.007508902810513973,0.007840259000658989,12.0,0.1,M12_eta0.1
NOG,10006,372,31.0,191488,98304,372,3.585782051086426,100,0.1,12.0,0.1,y_bar,0.7237195372581482,0.00736344326287508,0.7237141728401184,0.008265076205134392,0.7237195372581482,0.00736344326287508,0.008402294479310513,12.0,0.1,M12_eta0.1
NOG,10006,444,37.0,228352,114688,444,4.224988698959351,100,0.1,12.0,0.1,y_bar,0.7232293486595154,0.007588559295982122,0.7232210040092468,0.006944327615201473,0.7232293486595154,0.007588559295982122,0.008664109744131565,12.0,0.1,M12_eta0.1
NOG,10006,516,43.0,265216,131072,516,4.979294776916504,100,0.1,12.0,0.1,y_bar,0.7228449583053589,0.009038395248353481,0.7228420376777649,0.008496399968862534,0.7228449583053589,0.009038395248353481,0.0086436802521348,12.0,0.1,M12_eta0.1
NOG,10006,588,49.0,302080,147456,588,5.669016122817993,100,0.1,12.0,0.1,y_bar,0.7223837375640869,0.007860708050429821,0.7223759293556213,0.00858839601278305,0.7223837375640869,0.007860708050429821,0.008264094591140747,12.0,0.1,M12_eta0.1
NOG,10006,660,55.0,338944,163840,660,6.350939512252808,100,0.1,12.0,0.1,y_bar,0.722011923789978,0.00868318323045969,0.7220227718353271,0.008089070208370686,0.722011923789978,0.00868318323045969,0.00799800269305706,12.0,0.1,M12_eta0.1
NOG,10006,732,61.0,375808,180224,732,6.99999475479126,100,0.1,12.0,0.1,y_bar,0.7218294739723206,0.008217834867537022,0.721796452999115,0.00856140535324812,0.7218294739723206,0.008217834867537022,0.007920301519334316,12.0,0.1,M12_eta0.1
NOG,10006,804,67.0,412672,196608,804,7.615333795547485,100,0.1,12.0,0.1,y_bar,0.7215131521224976,0.007423141039907932,0.7214840054512024,0.0085420161485672,0.7215131521224976,0.007423141039907932,0.008161352016031742,12.0,0.1,M12_eta0.1
NOG,10006,876,73.0,449536,212992,876,8.324638605117798,100,0.1,12.0,0.1,y_bar,0.7211975455284119,0.008792388252913952,0.7211911678314209,0.009692166931927204,0.7211975455284119,0.008792388252913952,0.008587576448917389,12.0,0.1,M12_eta0.1
NOG,10006,948,79.0,486400,229376,948,8.982189893722534,100,0.1,12.0,0.1,y_bar,0.7209737300872803,0.007457870524376631,0.7209943532943726,0.008373676799237728,0.7209737300872803,0.007457870524376631,0.007950058206915855,12.0,0.1,M12_eta0.1
NOG,10006,960,80.0,492544,245760,960,9.189253330230713,100,0.1,12.0,0.1,y_bar,0.7210167646408081,0.00840395875275135,0.721052348613739,0.008856228552758694,0.7210167646408081,0.00840395875275135,0.008736079558730125,12.0,0.1,M12_eta0.1
NOG,10006,12,1.0,7168,16384,12,0.2034144401550293,100,0.1,12.0,0.2,y_bar,0.7268925309181213,0.010547418147325516,0.7268993258476257,0.009704598225653172,0.7268925309181213,0.010547418147325516,0.011609332635998726,12.0,0.2,M12_eta0.2
NOG,10006,84,7.0,44032,32768,84,0.9201185703277588,100,0.1,12.0,0.2,y_bar,0.7264506220817566,0.007217589765787125,0.7264164686203003,0.008601184003055096,0.7264506220817566,0.007217589765787125,0.007558727171272039,12.0,0.2,M12_eta0.2
NOG,10006,156,13.0,80896,49152,156,1.6208927631378174,100,0.1,12.0,0.2,y_bar,0.726036787033081,0.007059136405587196,0.7259973287582397,0.00896813627332449,0.726036787033081,0.007059136405587196,0.0076204645447432995,12.0,0.2,M12_eta0.2
NOG,10006,228,19.0,117760,65536,228,2.3209683895111084,100,0.1,12.0,0.2,y_bar,0.7256879806518555,0.008060675114393234,0.7256675958633423,0.007938609458506107,0.7256879806518555,0.008060675114393234,0.008285030722618103,12.0,0.2,M12_eta0.2
NOG,10006,300,25.0,154624,81920,300,2.979536533355713,100,0.1,12.0,0.2,y_bar,0.7253162860870361,0.006800330709666014,0.7253010272979736,0.0068109906278550625,0.7253162860870361,0.006800330709666014,0.006640798877924681,12.0,0.2,M12_eta0.2
NOG,10006,372,31.0,191488,98304,372,3.6347439289093018,100,0.1,12.0,0.2,y_bar,0.7250845432281494,0.0066060349345207214,0.7251009345054626,0.00794191099703312,0.7250845432281494,0.0066060349345207214,0.007429960649460554,12.0,0.2,M12_eta0.2
NOG,10006,444,37.0,228352,114688,444,4.324312210083008,100,0.1,12.0,0.2,y_bar,0.724809467792511,0.006409182213246822,0.724800705909729,0.007019661366939545,0.724809467792511,0.006409182213246822,0.007900631986558437,12.0,0.2,M12_eta0.2
NOG,10006,516,43.0,265216,131072,516,4.9831366539001465,100,0.1,12.0,0.2,y_bar,0.7245672345161438,0.007727548945695162,0.7245630025863647,0.0076619409956038,0.7245672345161438,0.007727548945695162,0.00786629505455494,12.0,0.2,M12_eta0.2
NOG,10006,588,49.0,302080,147456,588,5.618878364562988,100,0.1,12.0,0.2,y_bar,0.7242783904075623,0.007283768150955439,0.7242742776870728,0.007966931909322739,0.7242783904075623,0.007283768150955439,0.007876710966229439,12.0,0.2,M12_eta0.2
NOG,10006,660,55.0,338944,163840,660,6.171073913574219,100,0.1,12.0,0.2,y_bar,0.7240440249443054,0.007945382036268711,0.7240146398544312,0.007806992158293724,0.7240440249443054,0.007945382036268711,0.007098607253283262,12.0,0.2,M12_eta0.2
NOG,10006,732,61.0,375808,180224,732,6.896160125732422,100,0.1,12.0,0.2,y_bar,0.7238341569900513,0.007597421761602163,0.7238269448280334,0.008014431223273277,0.7238341569900513,0.007597421761602163,0.006907294504344463,12.0,0.2,M12_eta0.2
NOG,10006,804,67.0,412672,196608,804,7.673882246017456,100,0.1,12.0,0.2,y_bar,0.7236087918281555,0.0069722565822303295,0.7236010432243347,0.008022314868867397,0.7236087918281555,0.0069722565822303295,0.00799254048615694,12.0,0.2,M12_eta0.2
NOG,10006,876,73.0,449536,212992,876,8.402722835540771,100,0.1,12.0,0.2,y_bar,0.723362922668457,0.007782227359712124,0.7233346104621887,0.008916732855141163,0.723362922668457,0.007782227359712124,0.008541432209312916,12.0,0.2,M12_eta0.2
NOG,10006,948,79.0,486400,229376,948,9.084233045578003,100,0.1,12.0,0.2,y_bar,0.7230984568595886,0.006999827455729246,0.7231060266494751,0.0075530242174863815,0.7230984568595886,0.006999827455729246,0.007958553731441498,12.0,0.2,M12_eta0.2
NOG,10006,960,80.0,492544,245760,960,9.278618574142456,100,0.1,12.0,0.2,y_bar,0.7231024503707886,0.008110113441944122,0.723119854927063,0.00869312509894371,0.7231024503707886,0.008110113441944122,0.00819665938615799,12.0,0.2,M12_eta0.2
NOG,10006,12,1.0,7168,16384,12,0.2266852855682373,100,0.1,12.0,0.3,y_bar,0.7268765568733215,0.010658513754606247,0.7268809080123901,0.009851714596152306,0.7268765568733215,0.010658513754606247,0.011815239675343037,12.0,0.3,M12_eta0.3
NOG,10006,84,7.0,44032,32768,84,0.9040837287902832,100,0.1,12.0,0.3,y_bar,0.7265938520431519,0.00739327073097229,0.726566731929779,0.008757558651268482,0.7265938520431519,0.00739327073097229,0.00751670403406024,12.0,0.3,M12_eta0.3
NOG,10006,156,13.0,80896,49152,156,1.5932345390319824,100,0.1,12.0,0.3,y_bar,0.7263166904449463,0.006970921065658331,0.7262959480285645,0.00915930513292551,0.7263166904449463,0.006970921065658331,0.007543834857642651,12.0,0.3,M12_eta0.3
NOG,10006,228,19.0,117760,65536,228,2.2689709663391113,100,0.1,12.0,0.3,y_bar,0.7260866761207581,0.008020247332751751,0.7260742783546448,0.00774938752874732,0.7260866761207581,0.008020247332751751,0.008094939403235912,12.0,0.3,M12_eta0.3
NOG,10006,300,25.0,154624,81920,300,2.975335121154785,100,0.1,12.0,0.3,y_bar,0.725816547870636,0.006660842336714268,0.7257882952690125,0.0069108931347727776,0.725816547870636,0.006660842336714268,0.00709242420271039,12.0,0.3,M12_eta0.3
NOG,10006,372,31.0,191488,98304,372,3.6520776748657227,100,0.1,12.0,0.3,y_bar,0.7256024479866028,0.006308788899332285,0.7256051898002625,0.007680950686335564,0.7256024479866028,0.006308788899332285,0.007489407435059547,12.0,0.3,M12_eta0.3
NOG,10006,444,37.0,228352,114688,444,4.379047870635986,100,0.1,12.0,0.3,y_bar,0.7254433631896973,0.00662655895575881,0.7254332304000854,0.006891177035868168,0.7254433631896973,0.00662655895575881,0.008140523917973042,12.0,0.3,M12_eta0.3
NOG,10006,516,43.0,265216,131072,516,4.974482536315918,100,0.1,12.0,0.3,y_bar,0.7252342700958252,0.007321904879063368,0.7252311110496521,0.007320891600102186,0.7252342700958252,0.007321904879063368,0.007998751476407051,12.0,0.3,M12_eta0.3
NOG,10006,588,49.0,302080,147456,588,5.621816396713257,100,0.1,12.0,0.3,y_bar,0.7250389456748962,0.006994367577135563,0.7250320315361023,0.0077744899317622185,0.7250389456748962,0.006994367577135563,0.0077425893396139145,12.0,0.3,M12_eta0.3
NOG,10006,660,55.0,338944,163840,660,6.318641424179077,100,0.1,12.0,0.3,y_bar,0.7249279618263245,0.007901035249233246,0.7249118685722351,0.007563267834484577,0.7249279618263245,0.007901035249233246,0.0069801341742277145,12.0,0.3,M12_eta0.3
NOG,10006,732,61.0,375808,180224,732,7.03075385093689,100,0.1,12.0,0.3,y_bar,0.7248105406761169,0.007217325270175934,0.7248112559318542,0.00800236500799656,0.7248105406761169,0.007217325270175934,0.007218480110168457,12.0,0.3,M12_eta0.3
NOG,10006,804,67.0,412672,196608,804,7.704355239868164,100,0.1,12.0,0.3,y_bar,0.7246824502944946,0.006839169189333916,0.7246860265731812,0.007362488191574812,0.7246824502944946,0.006839169189333916,0.008225315250456333,12.0,0.3,M12_eta0.3
NOG,10006,876,73.0,449536,212992,876,8.328558921813965,100,0.1,12.0,0.3,y_bar,0.7245170474052429,0.0077580795623362064,0.7245070934295654,0.00884238164871931,0.7245170474052429,0.0077580795623362064,0.008504797704517841,12.0,0.3,M12_eta0.3
NOG,10006,948,79.0,486400,229376,948,8.984577178955078,100,0.1,12.0,0.3,y_bar,0.7243325710296631,0.007175427861511707,0.7243232727050781,0.0073851593770086765,0.7243325710296631,0.007175427861511707,0.007810402661561966,12.0,0.3,M12_eta0.3
NOG,10006,960,80.0,492544,245760,960,9.204648971557617,100,0.1,12.0,0.3,y_bar,0.7243121266365051,0.00798963475972414,0.7243198156356812,0.008290790021419525,0.7243121266365051,0.00798963475972414,0.008399901911616325,12.0,0.3,M12_eta0.3
NOG,10006,12,1.0,7168,16384,12,0.2176358699798584,100,0.1,12.0,0.5,y_bar,0.7268680334091187,0.010829808190464973,0.7268722653388977,0.010071663185954094,0.7268680334091187,0.010829808190464973,0.012129871174693108,12.0,0.5,M12_eta0.5
NOG,10006,84,7.0,44032,32768,84,0.930450439453125,100,0.1,12.0,0.5,y_bar,0.7266655564308167,0.007460502441972494,0.7266443967819214,0.008781704120337963,0.7266655564308167,0.007460502441972494,0.007654722314327955,12.0,0.5,M12_eta0.5
NOG,10006,156,13.0,80896,49152,156,1.6904494762420654,100,0.1,12.0,0.5,y_bar,0.7264668345451355,0.0072320085018873215,0.7264527678489685,0.00924730021506548,0.7264668345451355,0.0072320085018873215,0.00754529470577836,12.0,0.5,M12_eta0.5
NOG,10006,228,19.0,117760,65536,228,2.4079535007476807,100,0.1,12.0,0.5,y_bar,0.7262957096099854,0.007993638515472412,0.7262875437736511,0.007647122256457806,0.7262957096099854,0.007993638515472412,0.008215826004743576,12.0,0.5,M12_eta0.5
NOG,10006,300,25.0,154624,81920,300,3.1439547538757324,100,0.1,12.0,0.5,y_bar,0.7261055707931519,0.006736157927662134,0.7260837554931641,0.006743637844920158,0.7261055707931519,0.006736157927662134,0.007389584556221962,12.0,0.5,M12_eta0.5
NOG,10006,372,31.0,191488,98304,372,3.8704161643981934,100,0.1,12.0,0.5,y_bar,0.7259460687637329,0.00647322041913867,0.7259511947631836,0.007591780740767717,0.7259460687637329,0.00647322041913867,0.007507245987653732,12.0,0.5,M12_eta0.5
NOG,10006,444,37.0,228352,114688,444,4.515024900436401,100,0.1,12.0,0.5,y_bar,0.7258092761039734,0.006738718599081039,0.725803554058075,0.006970132235437632,0.7258092761039734,0.006738718599081039,0.008175979368388653,12.0,0.5,M12_eta0.5
NOG,10006,516,43.0,265216,131072,516,5.109909534454346,100,0.1,12.0,0.5,y_bar,0.7256419062614441,0.007283547427505255,0.7256392240524292,0.0075394208543002605,0.7256419062614441,0.007283547427505255,0.008237726986408234,12.0,0.5,M12_eta0.5
NOG,10006,588,49.0,302080,147456,588,5.811661005020142,100,0.1,12.0,0.5,y_bar,0.7254801392555237,0.006882300600409508,0.7254719734191895,0.008055420592427254,0.7254801392555237,0.006882300600409508,0.008026767522096634,12.0,0.5,M12_eta0.5
NOG,10006,660,55.0,338944,163840,660,6.592829704284668,100,0.1,12.0,0.5,y_bar,0.7253764271736145,0.007795009296387434,0.7253603935241699,0.0072675724513828754,0.7253764271736145,0.007795009296387434,0.006977217271924019,12.0,0.5,M12_eta0.5
NOG,10006,732,61.0,375808,180224,732,7.265153169631958,100,0.1,12.0,0.5,y_bar,0.7252612113952637,0.0073012192733585835,0.7252635955810547,0.007971174083650112,0.7252612113952637,0.0073012192733585835,0.007405795156955719,12.0,0.5,M12_eta0.5
NOG,10006,804,67.0,412672,196608,804,7.968756437301636,100,0.1,12.0,0.5,y_bar,0.7251573801040649,0.006617689970880747,0.7251585721969604,0.0072550587356090546,0.7251573801040649,0.006617689970880747,0.00820211973041296,12.0,0.5,M12_eta0.5
NOG,10006,876,73.0,449536,212992,876,8.639997959136963,100,0.1,12.0,0.5,y_bar,0.7250209450721741,0.007757155690342188,0.7250175476074219,0.008799812756478786,0.7250209450721741,0.007757155690342188,0.008359926752746105,12.0,0.5,M12_eta0.5
NOG,10006,948,79.0,486400,229376,948,9.375165939331055,100,0.1,12.0,0.5,y_bar,0.7249094247817993,0.006724110804498196,0.7248905301094055,0.0071834358386695385,0.7249094247817993,0.006724110804498196,0.00787494145333767,12.0,0.5,M12_eta0.5
NOG,10006,960,80.0,492544,245760,960,9.607994794845581,100,0.1,12.0,0.5,y_bar,0.7248923778533936,0.0077276951633393764,0.7248899936676025,0.008110502734780312,0.7248923778533936,0.0077276951633393764,0.00840381532907486,12.0,0.5,M12_eta0.5
NOG,10006,16,1.0,9216,16384,16,0.2532229423522949,100,0.1,16.0,0.1,y_bar,0.7268958687782288,0.010338054038584232,0.726881206035614,0.009314619936048985,0.7268958687782288,0.010338054038584232,0.010408356785774231,16.0,0.1,M16_eta0.1
NOG,10006,80,5.0,41984,32768,80,0.8663148880004883,100,0.1,16.0,0.1,y_bar,0.7264279723167419,0.007833561860024929,0.7263674139976501,0.006945325993001461,0.7264279723167419,0.007833561860024929,0.006524447817355394,16.0,0.1,M16_eta0.1
NOG,10006,144,9.0,74752,49152,144,1.527641773223877,100,0.1,16.0,0.1,y_bar,0.7259646654129028,0.007777155376970768,0.7259354591369629,0.007663595024496317,0.7259646654129028,0.007777155376970768,0.007209202740341425,16.0,0.1,M16_eta0.1
NOG,10006,208,13.0,107520,65536,208,2.0821282863616943,100,0.1,16.0,0.1,y_bar,0.7255460619926453,0.007580452598631382,0.7255262136459351,0.007497318554669619,0.7255460619926453,0.007580452598631382,0.006550684571266174,16.0,0.1,M16_eta0.1
NOG,10006,272,17.0,140288,81920,272,2.696594476699829,100,0.1,16.0,0.1,y_bar,0.725228488445282,0.00857445877045393,0.725163459777832,0.008319391869008541,0.725228488445282,0.00857445877045393,0.007696019485592842,16.0,0.1,M16_eta0.1
NOG,10006,336,21.0,173056,98304,336,3.3960201740264893,100,0.1,16.0,0.1,y_bar,0.7249020338058472,0.007162658032029867,0.7248706221580505,0.008197727613151073,0.7249020338058472,0.007162658032029867,0.007600636687129736,16.0,0.1,M16_eta0.1
NOG,10006,400,25.0,205824,114688,400,4.032013893127441,100,0.1,16.0,0.1,y_bar,0.7245909571647644,0.008343227207660675,0.7245691418647766,0.0064820037223398685,0.7245909571647644,0.008343227207660675,0.0067065805196762085,16.0,0.1,M16_eta0.1
NOG,10006,464,29.0,238592,131072,464,4.667132616043091,100,0.1,16.0,0.1,y_bar,0.7242735028266907,0.007061655633151531,0.7242438793182373,0.007733342703431845,0.7242735028266907,0.007061655633151531,0.007053830660879612,16.0,0.1,M16_eta0.1
NOG,10006,528,33.0,271360,147456,528,5.277271270751953,100,0.1,16.0,0.1,y_bar,0.7239558100700378,0.007959967479109764,0.7239057421684265,0.0081856157630682,0.7239558100700378,0.007959967479109764,0.007624293211847544,16.0,0.1,M16_eta0.1
NOG,10006,592,37.0,304128,163840,592,5.929623126983643,100,0.1,16.0,0.1,y_bar,0.723658561706543,0.00817652978003025,0.7236468195915222,0.007709970232099295,0.723658561706543,0.00817652978003025,0.0057985358871519566,16.0,0.1,M16_eta0.1
NOG,10006,656,41.0,336896,180224,656,6.431706666946411,100,0.1,16.0,0.1,y_bar,0.7234271168708801,0.007405704818665981,0.7234063148498535,0.007073672022670507,0.7234271168708801,0.007405704818665981,0.0076019796542823315,16.0,0.1,M16_eta0.1
NOG,10006,720,45.0,369664,196608,720,7.061585903167725,100,0.1,16.0,0.1,y_bar,0.7232161164283752,0.007502088788896799,0.7231941819190979,0.0074584088288247585,0.7232161164283752,0.007502088788896799,0.0062713585793972015,16.0,0.1,M16_eta0.1
NOG,10006,784,49.0,402432,212992,784,7.704401016235352,100,0.1,16.0,0.1,y_bar,0.7230467200279236,0.007641679607331753,0.7230084538459778,0.0071982163935899734,0.7230467200279236,0.007641679607331753,0.0069172135554254055,16.0,0.1,M16_eta0.1
NOG,10006,848,53.0,435200,229376,848,8.357125997543335,100,0.1,16.0,0.1,y_bar,0.7227760553359985,0.008000518195331097,0.7227504253387451,0.008062577806413174,0.7227760553359985,0.008000518195331097,0.007084392011165619,16.0,0.1,M16_eta0.1
NOG,10006,912,57.0,467968,245760,912,8.944843530654907,100,0.1,16.0,0.1,y_bar,0.7226220369338989,0.008911911398172379,0.722603440284729,0.007873628288507462,0.7226220369338989,0.008911911398172379,0.006867284420877695,16.0,0.1,M16_eta0.1
NOG,10006,960,60.0,492544,262144,960,9.384693145751953,100,0.1,16.0,0.1,y_bar,0.7225119471549988,0.007578741293400526,0.7224847078323364,0.007274979259818792,0.7225119471549988,0.007578741293400526,0.007336449343711138,16.0,0.1,M16_eta0.1
NOG,10006,16,1.0,9216,16384,16,0.23344135284423828,100,0.1,16.0,0.2,y_bar,0.7268651723861694,0.010750635527074337,0.7268544435501099,0.009735533967614174,0.7268651723861694,0.010750635527074337,0.010789953172206879,16.0,0.2,M16_eta0.2
NOG,10006,80,5.0,41984,32768,80,0.9011082649230957,100,0.1,16.0,0.2,y_bar,0.7266545295715332,0.007833230309188366,0.726639449596405,0.007554096635431051,0.7266545295715332,0.007833230309188366,0.006586155854165554,16.0,0.2,M16_eta0.2
NOG,10006,144,9.0,74752,49152,144,1.5213525295257568,100,0.1,16.0,0.2,y_bar,0.726428747177124,0.007901695556938648,0.7264201641082764,0.007609646767377853,0.726428747177124,0.007901695556938648,0.007068550679832697,16.0,0.2,M16_eta0.2
NOG,10006,208,13.0,107520,65536,208,2.1501078605651855,100,0.1,16.0,0.2,y_bar,0.7262316346168518,0.00785770546644926,0.726222813129425,0.0077035631984472275,0.7262316346168518,0.00785770546644926,0.006729608401656151,16.0,0.2,M16_eta0.2
NOG,10006,272,17.0,140288,81920,272,2.7792296409606934,100,0.1,16.0,0.2,y_bar,0.726050615310669,0.008485496044158936,0.7260086536407471,0.008276510052382946,0.726050615310669,0.008485496044158936,0.007864552550017834,16.0,0.2,M16_eta0.2
NOG,10006,336,21.0,173056,98304,336,3.5028369426727295,100,0.1,16.0,0.2,y_bar,0.7258275151252747,0.007501867134124041,0.7257975339889526,0.008184077218174934,0.7258275151252747,0.007501867134124041,0.007432094309478998,16.0,0.2,M16_eta0.2
NOG,10006,400,25.0,205824,114688,400,4.14777946472168,100,0.1,16.0,0.2,y_bar,0.7256401181221008,0.007915295660495758,0.7256359457969666,0.006624946370720863,0.7256401181221008,0.007915295660495758,0.006853174883872271,16.0,0.2,M16_eta0.2
NOG,10006,464,29.0,238592,131072,464,4.753704786300659,100,0.1,16.0,0.2,y_bar,0.7255083322525024,0.007223741617053747,0.7254956960678101,0.007849065586924553,0.7255083322525024,0.007223741617053747,0.007050538435578346,16.0,0.2,M16_eta0.2
NOG,10006,528,33.0,271360,147456,528,5.341039419174194,100,0.1,16.0,0.2,y_bar,0.7253479361534119,0.0073329005390405655,0.7253222465515137,0.007948593236505985,0.7253479361534119,0.0073329005390405655,0.0076729790307581425,16.0,0.2,M16_eta0.2
NOG,10006,592,37.0,304128,163840,592,5.968284368515015,100,0.1,16.0,0.2,y_bar,0.7251783609390259,0.007628108840435743,0.7251697778701782,0.007140941917896271,0.7251783609390259,0.007628108840435743,0.006150335539132357,16.0,0.2,M16_eta0.2
NOG,10006,656,41.0,336896,180224,656,6.578347206115723,100,0.1,16.0,0.2,y_bar,0.7250581383705139,0.00711565837264061,0.7250595688819885,0.006684158928692341,0.7250581383705139,0.00711565837264061,0.007307454943656921,16.0,0.2,M16_eta0.2
NOG,10006,720,45.0,369664,196608,720,7.233726739883423,100,0.1,16.0,0.2,y_bar,0.7249693870544434,0.0070190769620239735,0.7249748706817627,0.007447464391589165,0.7249693870544434,0.0070190769620239735,0.006350512150675058,16.0,0.2,M16_eta0.2
NOG,10006,784,49.0,402432,212992,784,7.8743369579315186,100,0.1,16.0,0.2,y_bar,0.7248716950416565,0.007529859431087971,0.7248482704162598,0.007223801221698523,0.7248716950416565,0.007529859431087971,0.006571487989276648,16.0,0.2,M16_eta0.2
NOG,10006,848,53.0,435200,229376,848,8.490503311157227,100,0.1,16.0,0.2,y_bar,0.7247310280799866,0.0076134963892400265,0.7247248888015747,0.007262461818754673,0.7247310280799866,0.0076134963892400265,0.007146350108087063,16.0,0.2,M16_eta0.2
NOG,10006,912,57.0,467968,245760,912,9.124934673309326,100,0.1,16.0,0.2,y_bar,0.7246106266975403,0.008890746161341667,0.7245975136756897,0.0070745814591646194,0.7246106266975403,0.008890746161341667,0.006316029466688633,16.0,0.2,M16_eta0.2
NOG,10006,960,60.0,492544,262144,960,9.51925253868103,100,0.1,16.0,0.2,y_bar,0.7245890498161316,0.007337452378123999,0.7245706915855408,0.007603904232382774,0.7245890498161316,0.007337452378123999,0.006949097383767366,16.0,0.2,M16_eta0.2
NOG,10006,16,1.0,9216,16384,16,0.2477734088897705,100,0.1,16.0,0.3,y_bar,0.7268585562705994,0.010984804481267929,0.7268485426902771,0.010148772038519382,0.7268585562705994,0.010984804481267929,0.011098816059529781,16.0,0.3,M16_eta0.3
NOG,10006,80,5.0,41984,32768,80,0.8765766620635986,100,0.1,16.0,0.3,y_bar,0.7267045378684998,0.007998892106115818,0.7266954183578491,0.007817582227289677,0.7267045378684998,0.007998892106115818,0.006859663873910904,16.0,0.3,M16_eta0.3
NOG,10006,144,9.0,74752,49152,144,1.5082659721374512,100,0.1,16.0,0.3,y_bar,0.7265462279319763,0.008186754770576954,0.7265415787696838,0.007798802573233843,0.7265462279319763,0.008186754770576954,0.007217934355139732,16.0,0.3,M16_eta0.3
NOG,10006,208,13.0,107520,65536,208,2.1272754669189453,100,0.1,16.0,0.3,y_bar,0.7264038324356079,0.008197604678571224,0.7263914346694946,0.007945879362523556,0.7264038324356079,0.008197604678571224,0.007042202167212963,16.0,0.3,M16_eta0.3
NOG,10006,272,17.0,140288,81920,272,2.7431249618530273,100,0.1,16.0,0.3,y_bar,0.726262629032135,0.00848375167697668,0.7262376546859741,0.008455518633127213,0.726262629032135,0.00848375167697668,0.008028549142181873,16.0,0.3,M16_eta0.3
NOG,10006,336,21.0,173056,98304,336,3.402693033218384,100,0.1,16.0,0.3,y_bar,0.7260962724685669,0.00747848441824317,0.7260782122612,0.008205659687519073,0.7260962724685669,0.00747848441824317,0.007589804474264383,16.0,0.3,M16_eta0.3
NOG,10006,400,25.0,205824,114688,400,4.020690679550171,100,0.1,16.0,0.3,y_bar,0.7259543538093567,0.007766490802168846,0.7259482741355896,0.006934004370123148,0.7259543538093567,0.007766490802168846,0.006972500588744879,16.0,0.3,M16_eta0.3
NOG,10006,464,29.0,238592,131072,464,4.644331693649292,100,0.1,16.0,0.3,y_bar,0.725850522518158,0.007546771317720413,0.7258415818214417,0.007800695952028036,0.725850522518158,0.007546771317720413,0.0073120323941111565,16.0,0.3,M16_eta0.3
NOG,10006,528,33.0,271360,147456,528,5.262753486633301,100,0.1,16.0,0.3,y_bar,0.7257048487663269,0.007185372523963451,0.7256854772567749,0.008001345209777355,0.7257048487663269,0.007185372523963451,0.007862355560064316,16.0,0.3,M16_eta0.3
NOG,10006,592,37.0,304128,163840,592,5.933928489685059,100,0.1,16.0,0.3,y_bar,0.7255646586418152,0.007794456090778112,0.725551426410675,0.007223471999168396,0.7255646586418152,0.007794456090778112,0.006428828928619623,16.0,0.3,M16_eta0.3
NOG,10006,656,41.0,336896,180224,656,6.563580274581909,100,0.1,16.0,0.3,y_bar,0.7254658341407776,0.007069018203765154,0.7254653573036194,0.006888778414577246,0.7254658341407776,0.007069018203765154,0.007526060566306114,16.0,0.3,M16_eta0.3
NOG,10006,720,45.0,369664,196608,720,7.127114534378052,100,0.1,16.0,0.3,y_bar,0.7253850698471069,0.0070917061530053616,0.7253884673118591,0.007445476483553648,0.7253850698471069,0.0070917061530053616,0.006357745733112097,16.0,0.3,M16_eta0.3
NOG,10006,784,49.0,402432,212992,784,7.663384199142456,100,0.1,16.0,0.3,y_bar,0.7252994179725647,0.007448649033904076,0.7252826690673828,0.007038317155092955,0.7252994179725647,0.007448649033904076,0.006450142245739698,16.0,0.3,M16_eta0.3
NOG,10006,848,53.0,435200,229376,848,8.36399221420288,100,0.1,16.0,0.3,y_bar,0.7251790165901184,0.007546267006546259,0.7251684069633484,0.007429120596498251,0.7251790165901184,0.007546267006546259,0.007194880861788988,16.0,0.3,M16_eta0.3
NOG,10006,912,57.0,467968,245760,912,8.980590105056763,100,0.1,16.0,0.3,y_bar,0.7250781059265137,0.008888700045645237,0.7250660061836243,0.007100585848093033,0.7250781059265137,0.008888700045645237,0.006441054400056601,16.0,0.3,M16_eta0.3
NOG,10006,960,60.0,492544,262144,960,9.531013250350952,100,0.1,16.0,0.3,y_bar,0.7250403165817261,0.007266944739967585,0.7250216007232666,0.007135722320526838,0.7250403165817261,0.007266944739967585,0.006971355527639389,16.0,0.3,M16_eta0.3
NOG,10006,16,1.0,9216,16384,16,0.26366305351257324,100,0.1,16.0,0.5,y_bar,0.7268558144569397,0.011121365241706371,0.7268471121788025,0.010430477559566498,0.7268558144569397,0.011121365241706371,0.011393943801522255,16.0,0.5,M16_eta0.5
NOG,10006,80,5.0,41984,32768,80,0.8853991031646729,100,0.1,16.0,0.5,y_bar,0.7267322540283203,0.008201466873288155,0.726725161075592,0.008039411157369614,0.7267322540283203,0.008201466873288155,0.007233796175569296,16.0,0.5,M16_eta0.5
NOG,10006,144,9.0,74752,49152,144,1.485050916671753,100,0.1,16.0,0.5,y_bar,0.7266126275062561,0.008273601531982422,0.7266066670417786,0.007854221388697624,0.7266126275062561,0.008273601531982422,0.007403818424791098,16.0,0.5,M16_eta0.5
NOG,10006,208,13.0,107520,65536,208,2.102607011795044,100,0.1,16.0,0.5,y_bar,0.726500391960144,0.008211176842451096,0.7264893054962158,0.00812830775976181,0.726500391960144,0.008211176842451096,0.007120121736079454,16.0,0.5,M16_eta0.5
NOG,10006,272,17.0,140288,81920,272,2.719208002090454,100,0.1,16.0,0.5,y_bar,0.7263844013214111,0.008460505865514278,0.7263677716255188,0.008553597144782543,0.7263844013214111,0.008460505865514278,0.008109327405691147,16.0,0.5,M16_eta0.5
NOG,10006,336,21.0,173056,98304,336,3.348954677581787,100,0.1,16.0,0.5,y_bar,0.7262547612190247,0.0076876310631632805,0.7262411713600159,0.0081856120377779,0.7262547612190247,0.0076876310631632805,0.007505686953663826,16.0,0.5,M16_eta0.5
NOG,10006,400,25.0,205824,114688,400,3.9606945514678955,100,0.1,16.0,0.5,y_bar,0.726138710975647,0.0076915971003472805,0.726134717464447,0.007061532232910395,0.726138710975647,0.0076915971003472805,0.0072138383984565735,16.0,0.5,M16_eta0.5
NOG,10006,464,29.0,238592,131072,464,4.571204900741577,100,0.1,16.0,0.5,y_bar,0.726050078868866,0.007446194067597389,0.7260446548461914,0.007855333387851715,0.726050078868866,0.007446194067597389,0.007461900357156992,16.0,0.5,M16_eta0.5
NOG,10006,528,33.0,271360,147456,528,5.217003107070923,100,0.1,16.0,0.5,y_bar,0.7259365916252136,0.007378426380455494,0.7259183526039124,0.007894289679825306,0.7259365916252136,0.007378426380455494,0.007826174609363079,16.0,0.5,M16_eta0.5
NOG,10006,592,37.0,304128,163840,592,5.858593225479126,100,0.1,16.0,0.5,y_bar,0.7258101105690002,0.007863972336053848,0.7257996201515198,0.0072479452937841415,0.7258101105690002,0.007863972336053848,0.0065440526232123375,16.0,0.5,M16_eta0.5
NOG,10006,656,41.0,336896,180224,656,6.48266077041626,100,0.1,16.0,0.5,y_bar,0.7257319688796997,0.006969056557863951,0.7257277965545654,0.006984560284763575,0.7257319688796997,0.006969056557863951,0.007492569740861654,16.0,0.5,M16_eta0.5
NOG,10006,720,45.0,369664,196608,720,7.063114881515503,100,0.1,16.0,0.5,y_bar,0.7256584763526917,0.00744870537891984,0.7256614565849304,0.007623336277902126,0.7256584763526917,0.00744870537891984,0.006351177580654621,16.0,0.5,M16_eta0.5
NOG,10006,784,49.0,402432,212992,784,7.685621738433838,100,0.1,16.0,0.5,y_bar,0.7255860567092896,0.007377874106168747,0.7255691289901733,0.007011431735008955,0.7255860567092896,0.007377874106168747,0.006657278630882502,16.0,0.5,M16_eta0.5
NOG,10006,848,53.0,435200,229376,848,8.291805505752563,100,0.1,16.0,0.5,y_bar,0.7254840135574341,0.007488864008337259,0.7254757285118103,0.0072930073365569115,0.7254840135574341,0.007488864008337259,0.007082844153046608,16.0,0.5,M16_eta0.5
NOG,10006,912,57.0,467968,245760,912,8.861279249191284,100,0.1,16.0,0.5,y_bar,0.725391685962677,0.008954942226409912,0.7253811359405518,0.007109609432518482,0.725391685962677,0.008954942226409912,0.006494573783129454,16.0,0.5,M16_eta0.5
NOG,10006,960,60.0,492544,262144,960,9.295954942703247,100,0.1,16.0,0.5,y_bar,0.7253519296646118,0.007112282328307629,0.7253372669219971,0.007328169420361519,0.7253519296646118,0.007112282328307629,0.007190004922449589,16.0,0.5,M16_eta0.5
SmoothedSGD,20006,1,,512,8192,1,0.06922292709350586,100,0.1,,0.05,x,0.7268520593643188,0.012074533849954605,0.7268520593643188,0.012074533849954605,,,,,0.05,SmoothedSGD
SmoothedSGD,20006,64,,32768,16384,64,0.6753833293914795,100,0.1,,0.05,x,0.726810872554779,0.009428502060472965,0.726810872554779,0.009428502060472965,,,,,0.05,SmoothedSGD
SmoothedSGD,20006,128,,65536,24576,128,1.2703864574432373,100,0.1,,0.05,x,0.7267718315124512,0.00765348831191659,0.7267718315124512,0.00765348831191659,,,,,0.05,SmoothedSGD
SmoothedSGD,20006,192,,98304,32768,192,1.7605352401733398,100,0.1,,0.05,x,0.7267293930053711,0.008525810204446316,0.7267293930053711,0.008525810204446316,,,,,0.05,SmoothedSGD
SmoothedSGD,20006,256,,131072,40960,256,2.2340028285980225,100,0.1,,0.05,x,0.7266905307769775,0.007919633761048317,0.7266905307769775,0.007919633761048317,,,,,0.05,SmoothedSGD
SmoothedSGD,20006,320,,163840,49152,320,2.814229965209961,100,0.1,,0.05,x,0.7266463041305542,0.007307078689336777,0.7266463041305542,0.007307078689336777,,,,,0.05,SmoothedSGD
SmoothedSGD,20006,384,,196608,57344,384,3.328756332397461,100,0.1,,0.05,x,0.7266024351119995,0.00688755139708519,0.7266024351119995,0.00688755139708519,,,,,0.05,SmoothedSGD
SmoothedSGD,20006,448,,229376,65536,448,3.8689796924591064,100,0.1,,0.05,x,0.7265490293502808,0.008124594576656818,0.7265490293502808,0.008124594576656818,,,,,0.05,SmoothedSGD
SmoothedSGD,20006,512,,262144,73728,512,4.385427951812744,100,0.1,,0.05,x,0.7264955043792725,0.007722568232566118,0.7264955043792725,0.007722568232566118,,,,,0.05,SmoothedSGD
SmoothedSGD,20006,576,,294912,81920,576,4.872319459915161,100,0.1,,0.05,x,0.7264605760574341,0.00776990270242095,0.7264605760574341,0.00776990270242095,,,,,0.05,SmoothedSGD
SmoothedSGD,20006,640,,327680,90112,640,5.415397644042969,100,0.1,,0.05,x,0.7264171242713928,0.007811924442648888,0.7264171242713928,0.007811924442648888,,,,,0.05,SmoothedSGD
SmoothedSGD,20006,704,,360448,98304,704,5.941446542739868,100,0.1,,0.05,x,0.7263842821121216,0.008677835576236248,0.7263842821121216,0.008677835576236248,,,,,0.05,SmoothedSGD
SmoothedSGD,20006,768,,393216,106496,768,6.4660093784332275,100,0.1,,0.05,x,0.726338803768158,0.0076467194594442844,0.726338803768158,0.0076467194594442844,,,,,0.05,SmoothedSGD
SmoothedSGD,20006,832,,425984,114688,832,6.987873792648315,100,0.1,,0.05,x,0.7262938618659973,0.007953492924571037,0.7262938618659973,0.007953492924571037,,,,,0.05,SmoothedSGD
SmoothedSGD,20006,896,,458752,122880,896,7.504241228103638,100,0.1,,0.05,x,0.7262632250785828,0.007967784069478512,0.7262632250785828,0.007967784069478512,,,,,0.05,SmoothedSGD
SmoothedSGD,20006,960,,491520,131072,960,8.020471096038818,100,0.1,,0.05,x,0.7262126207351685,0.007970944046974182,0.7262126207351685,0.007970944046974182,,,,,0.05,SmoothedSGD
NOG,10007,4,1.0,3072,16384,4,0.14081335067749023,100,0.1,4.0,0.1,y_bar,0.7247635722160339,0.012148135341703892,0.7248106598854065,0.011865468695759773,0.7247635722160339,0.012148135341703892,0.014763996936380863,4.0,0.1,M4_eta0.1
NOG,10007,68,17.0,35840,32768,68,0.7405836582183838,100,0.1,4.0,0.1,y_bar,0.7224012017250061,0.008543621748685837,0.7222915887832642,0.008587080985307693,0.7224012017250061,0.008543621748685837,0.015203735791146755,4.0,0.1,M4_eta0.1
NOG,10007,132,33.0,68608,49152,132,1.3671824932098389,100,0.1,4.0,0.1,y_bar,0.7198906540870667,0.009608491323888302,0.7197937965393066,0.009897339157760143,0.7198906540870667,0.009608491323888302,0.014994492754340172,4.0,0.1,M4_eta0.1
NOG,10007,196,49.0,101376,65536,196,1.9578166007995605,100,0.1,4.0,0.1,y_bar,0.7181847095489502,0.009161719121038914,0.7181017994880676,0.009417476132512093,0.7181847095489502,0.009161719121038914,0.01547611691057682,4.0,0.1,M4_eta0.1
NOG,10007,260,65.0,134144,81920,260,2.66426944732666,100,0.1,4.0,0.1,y_bar,0.716653048992157,0.009437033906579018,0.7165645956993103,0.009857412427663803,0.716653048992157,0.009437033906579018,0.01565217599272728,4.0,0.1,M4_eta0.1
NOG,10007,324,81.0,166912,98304,324,3.3209750652313232,100,0.1,4.0,0.1,y_bar,0.7168509364128113,0.010531221516430378,0.7168264389038086,0.01134181022644043,0.7168509364128113,0.010531221516430378,0.013716447167098522,4.0,0.1,M4_eta0.1
NOG,10007,388,97.0,199680,114688,388,3.9339842796325684,100,0.1,4.0,0.1,y_bar,0.7148362398147583,0.00974139291793108,0.7148520946502686,0.010799692943692207,0.7148362398147583,0.00974139291793108,0.015575066208839417,4.0,0.1,M4_eta0.1
NOG,10007,452,113.0,232448,131072,452,4.5348803997039795,100,0.1,4.0,0.1,y_bar,0.7146846652030945,0.011206184513866901,0.7146996259689331,0.009991406463086605,0.7146846652030945,0.011206184513866901,0.017076464369893074,4.0,0.1,M4_eta0.1
NOG,10007,516,129.0,265216,147456,516,5.151734828948975,100,0.1,4.0,0.1,y_bar,0.7140219211578369,0.009641861543059349,0.7140342593193054,0.01011620368808508,0.7140219211578369,0.009641861543059349,0.01591186784207821,4.0,0.1,M4_eta0.1
NOG,10007,580,145.0,297984,163840,580,5.757146835327148,100,0.1,4.0,0.1,y_bar,0.7127852439880371,0.010327599942684174,0.7127726674079895,0.009046242572367191,0.7127852439880371,0.010327599942684174,0.014554968103766441,4.0,0.1,M4_eta0.1
NOG,10007,644,161.0,330752,180224,644,6.347591161727905,100,0.1,4.0,0.1,y_bar,0.7116470336914062,0.011860538274049759,0.7116060853004456,0.010014536790549755,0.7116470336914062,0.011860538274049759,0.014943339861929417,4.0,0.1,M4_eta0.1
NOG,10007,708,177.0,363520,196608,708,6.899092674255371,100,0.1,4.0,0.1,y_bar,0.7097300291061401,0.010463465936481953,0.7097224593162537,0.009972981177270412,0.7097300291061401,0.010463465936481953,0.016580011695623398,4.0,0.1,M4_eta0.1
NOG,10007,772,193.0,396288,212992,772,7.548501253128052,100,0.1,4.0,0.1,y_bar,0.7098832726478577,0.010551719926297665,0.7098743915557861,0.009668633341789246,0.7098832726478577,0.010551719926297665,0.015390951186418533,4.0,0.1,M4_eta0.1
NOG,10007,836,209.0,429056,229376,836,8.134096622467041,100,0.1,4.0,0.1,y_bar,0.7091590762138367,0.009699620306491852,0.709118664264679,0.010443481616675854,0.7091590762138367,0.009699620306491852,0.015272649936378002,4.0,0.1,M4_eta0.1
NOG,10007,900,225.0,461824,245760,900,8.745719194412231,100,0.1,4.0,0.1,y_bar,0.7083476185798645,0.010165085084736347,0.708378255367279,0.009199668653309345,0.7083476185798645,0.010165085084736347,0.01576763018965721,4.0,0.1,M4_eta0.1
NOG,10007,960,240.0,492544,262144,960,9.413092374801636,100,0.1,4.0,0.1,y_bar,0.7094897627830505,0.010614209808409214,0.7094606161117554,0.010985393077135086,0.7094897627830505,0.010614209808409214,0.017867201939225197,4.0,0.1,M4_eta0.1
NOG,10007,4,1.0,3072,16384,4,0.1471714973449707,100,0.1,4.0,0.2,y_bar,0.7248321175575256,0.012105272151529789,0.7249229550361633,0.01187371090054512,0.7248321175575256,0.012105272151529789,0.014331852085888386,4.0,0.2,M4_eta0.2
NOG,10007,68,17.0,35840,32768,68,0.7280499935150146,100,0.1,4.0,0.2,y_bar,0.7221353650093079,0.008485843427479267,0.7220509648323059,0.008769330568611622,0.7221353650093079,0.008485843427479267,0.015378285199403763,4.0,0.2,M4_eta0.2
NOG,10007,132,33.0,68608,49152,132,1.3423824310302734,100,0.1,4.0,0.2,y_bar,0.7195721864700317,0.008671123534440994,0.7195685505867004,0.009829940274357796,0.7195721864700317,0.008671123534440994,0.014091035351157188,4.0,0.2,M4_eta0.2
NOG,10007,196,49.0,101376,65536,196,1.9833369255065918,100,0.1,4.0,0.2,y_bar,0.7173053026199341,0.00908677652478218,0.7172577381134033,0.008425239473581314,0.7173053026199341,0.00908677652478218,0.013690135441720486,4.0,0.2,M4_eta0.2
NOG,10007,260,65.0,134144,81920,260,2.677039861679077,100,0.1,4.0,0.2,y_bar,0.716183066368103,0.009664016775786877,0.7161272168159485,0.010852385312318802,0.716183066368103,0.009664016775786877,0.016249263659119606,4.0,0.2,M4_eta0.2
NOG,10007,324,81.0,166912,98304,324,3.269962787628174,100,0.1,4.0,0.2,y_bar,0.7154090404510498,0.009485180489718914,0.7154189348220825,0.010196461342275143,0.7154090404510498,0.009485180489718914,0.013926041312515736,4.0,0.2,M4_eta0.2
NOG,10007,388,97.0,199680,114688,388,3.880784511566162,100,0.1,4.0,0.2,y_bar,0.7141261100769043,0.01004066877067089,0.7140994668006897,0.00963467638939619,0.7141261100769043,0.01004066877067089,0.015075495466589928,4.0,0.2,M4_eta0.2
NOG,10007,452,113.0,232448,131072,452,4.506701946258545,100,0.1,4.0,0.2,y_bar,0.713750958442688,0.010065002366900444,0.7137120366096497,0.01007088366895914,0.713750958442688,0.010065002366900444,0.01586311310529709,4.0,0.2,M4_eta0.2
NOG,10007,516,129.0,265216,147456,516,5.121392250061035,100,0.1,4.0,0.2,y_bar,0.712984025478363,0.00864869263023138,0.7129580974578857,0.009897161275148392,0.712984025478363,0.00864869263023138,0.013318659737706184,4.0,0.2,M4_eta0.2
NOG,10007,580,145.0,297984,163840,580,5.764590740203857,100,0.1,4.0,0.2,y_bar,0.7119759917259216,0.009051943197846413,0.7119938135147095,0.00868124607950449,0.7119759917259216,0.009051943197846413,0.015328667126595974,4.0,0.2,M4_eta0.2
NOG,10007,644,161.0,330752,180224,644,6.371443271636963,100,0.1,4.0,0.2,y_bar,0.7113068103790283,0.009420246817171574,0.7112938165664673,0.01042782049626112,0.7113068103790283,0.009420246817171574,0.014725799672305584,4.0,0.2,M4_eta0.2
NOG,10007,708,177.0,363520,196608,708,7.014109373092651,100,0.1,4.0,0.2,y_bar,0.7108441591262817,0.009714906103909016,0.7107610106468201,0.009833056479692459,0.7108441591262817,0.009714906103909016,0.016976820304989815,4.0,0.2,M4_eta0.2
NOG,10007,772,193.0,396288,212992,772,7.687612771987915,100,0.1,4.0,0.2,y_bar,0.7097087502479553,0.009905287064611912,0.7096818089485168,0.008559660986065865,0.7097087502479553,0.009905287064611912,0.01621493138372898,4.0,0.2,M4_eta0.2
NOG,10007,836,209.0,429056,229376,836,8.299616575241089,100,0.1,4.0,0.2,y_bar,0.7089822292327881,0.009146949276328087,0.7089348435401917,0.009631948545575142,0.7089822292327881,0.009146949276328087,0.013801696710288525,4.0,0.2,M4_eta0.2
NOG,10007,900,225.0,461824,245760,900,8.99508261680603,100,0.1,4.0,0.2,y_bar,0.7084178924560547,0.008852750062942505,0.7083543539047241,0.009644643403589725,0.7084178924560547,0.008852750062942505,0.01540344301611185,4.0,0.2,M4_eta0.2
NOG,10007,960,240.0,492544,262144,960,9.598041534423828,100,0.1,4.0,0.2,y_bar,0.7072507739067078,0.009043603204190731,0.7072014808654785,0.008077684789896011,0.7072507739067078,0.009043603204190731,0.016573550179600716,4.0,0.2,M4_eta0.2
NOG,10007,4,1.0,3072,16384,4,0.1547994613647461,100,0.1,4.0,0.3,y_bar,0.724895715713501,0.012086654081940651,0.7250195145606995,0.01201407890766859,0.724895715713501,0.012086654081940651,0.014219056814908981,4.0,0.3,M4_eta0.3
NOG,10007,68,17.0,35840,32768,68,0.8712904453277588,100,0.1,4.0,0.3,y_bar,0.7224831581115723,0.00876413844525814,0.7224159240722656,0.00902608223259449,0.7224831581115723,0.00876413844525814,0.015358022414147854,4.0,0.3,M4_eta0.3
NOG,10007,132,33.0,68608,49152,132,1.6389460563659668,100,0.1,4.0,0.3,y_bar,0.7200601100921631,0.008438363671302795,0.7200251817703247,0.010325725190341473,0.7200601100921631,0.008438363671302795,0.014362774789333344,4.0,0.3,M4_eta0.3
NOG,10007,196,49.0,101376,65536,196,2.2208762168884277,100,0.1,4.0,0.3,y_bar,0.7181625962257385,0.008307384327054024,0.7181282043457031,0.007449312135577202,0.7181625962257385,0.008307384327054024,0.013303815387189388,4.0,0.3,M4_eta0.3
NOG,10007,260,65.0,134144,81920,260,2.791010856628418,100,0.1,4.0,0.3,y_bar,0.7168857455253601,0.009305665269494057,0.716835618019104,0.010321283712983131,0.7168857455253601,0.009305665269494057,0.01647356152534485,4.0,0.3,M4_eta0.3
NOG,10007,324,81.0,166912,98304,324,3.421353578567505,100,0.1,4.0,0.3,y_bar,0.7158121466636658,0.00840679369866848,0.7158104181289673,0.009189359843730927,0.7158121466636658,0.00840679369866848,0.013347102329134941,4.0,0.3,M4_eta0.3
NOG,10007,388,97.0,199680,114688,388,4.028802871704102,100,0.1,4.0,0.3,y_bar,0.7150408029556274,0.008275192230939865,0.7150560021400452,0.008836735039949417,0.7150408029556274,0.008275192230939865,0.01338258944451809,4.0,0.3,M4_eta0.3
NOG,10007,452,113.0,232448,131072,452,4.702347278594971,100,0.1,4.0,0.3,y_bar,0.7146658897399902,0.008518162183463573,0.7146328687667847,0.008949080482125282,0.7146658897399902,0.008518162183463573,0.016051409766077995,4.0,0.3,M4_eta0.3
NOG,10007,516,129.0,265216,147456,516,5.312899827957153,100,0.1,4.0,0.3,y_bar,0.7142468690872192,0.008069769479334354,0.7141647934913635,0.009200950153172016,0.7142468690872192,0.008069769479334354,0.016247594729065895,4.0,0.3,M4_eta0.3
NOG,10007,580,145.0,297984,163840,580,5.9483962059021,100,0.1,4.0,0.3,y_bar,0.7134926319122314,0.009600232355296612,0.7134614586830139,0.008569196797907352,0.7134926319122314,0.009600232355296612,0.014446817338466644,4.0,0.3,M4_eta0.3
NOG,10007,644,161.0,330752,180224,644,6.580987215042114,100,0.1,4.0,0.3,y_bar,0.7129472494125366,0.00934248324483633,0.7129529118537903,0.009314424358308315,0.7129472494125366,0.00934248324483633,0.014454214833676815,4.0,0.3,M4_eta0.3
NOG,10007,708,177.0,363520,196608,708,7.163912534713745,100,0.1,4.0,0.3,y_bar,0.7122962474822998,0.008080371655523777,0.7122465968132019,0.009373381733894348,0.7122962474822998,0.008080371655523777,0.015826771035790443,4.0,0.3,M4_eta0.3
NOG,10007,772,193.0,396288,212992,772,7.806020498275757,100,0.1,4.0,0.3,y_bar,0.7119008302688599,0.00916693639010191,0.7118819355964661,0.00855274312198162,0.7119008302688599,0.00916693639010191,0.016428858041763306,4.0,0.3,M4_eta0.3
NOG,10007,836,209.0,429056,229376,836,8.427086114883423,100,0.1,4.0,0.3,y_bar,0.7114963531494141,0.009474333375692368,0.7115017771720886,0.00949950236827135,0.7114963531494141,0.009474333375692368,0.014706487767398357,4.0,0.3,M4_eta0.3
NOG,10007,900,225.0,461824,245760,900,9.037739992141724,100,0.1,4.0,0.3,y_bar,0.7106970548629761,0.008552875369787216,0.7106601595878601,0.008292116224765778,0.7106970548629761,0.008552875369787216,0.015038509853184223,4.0,0.3,M4_eta0.3
NOG,10007,960,240.0,492544,262144,960,9.668096542358398,100,0.1,4.0,0.3,y_bar,0.7105864882469177,0.008465772494673729,0.7106325626373291,0.007807213347405195,0.7105864882469177,0.008465772494673729,0.014263653196394444,4.0,0.3,M4_eta0.3
NOG,10007,4,1.0,3072,16384,4,0.18036866188049316,100,0.1,4.0,0.5,y_bar,0.7249113321304321,0.012078753672540188,0.7250098586082458,0.011995961889624596,0.7249113321304321,0.012078753672540188,0.01413124892860651,4.0,0.5,M4_eta0.5
NOG,10007,68,17.0,35840,32768,68,0.8259332180023193,100,0.1,4.0,0.5,y_bar,0.7232624888420105,0.008746031671762466,0.7232148051261902,0.008431429043412209,0.7232624888420105,0.008746031671762466,0.014853186905384064,4.0,0.5,M4_eta0.5
NOG,10007,132,33.0,68608,49152,132,1.4390604496002197,100,0.1,4.0,0.5,y_bar,0.7216676473617554,0.008127828128635883,0.7216713428497314,0.009704161435365677,0.7216676473617554,0.008127828128635883,0.014487197622656822,4.0,0.5,M4_eta0.5
NOG,10007,196,49.0,101376,65536,196,2.127167224884033,100,0.1,4.0,0.5,y_bar,0.7202243804931641,0.008038067258894444,0.7202130556106567,0.007135287392884493,0.7202243804931641,0.008038067258894444,0.01169679220765829,4.0,0.5,M4_eta0.5
NOG,10007,260,65.0,134144,81920,260,2.7584800720214844,100,0.1,4.0,0.5,y_bar,0.7192305326461792,0.008636264130473137,0.7192131280899048,0.009902372024953365,0.7192305326461792,0.008636264130473137,0.015336219221353531,4.0,0.5,M4_eta0.5
NOG,10007,324,81.0,166912,98304,324,3.468501329421997,100,0.1,4.0,0.5,y_bar,0.7183398008346558,0.007739159278571606,0.7183206677436829,0.0074521261267364025,0.7183398008346558,0.007739159278571606,0.013008558191359043,4.0,0.5,M4_eta0.5
NOG,10007,388,97.0,199680,114688,388,4.128581523895264,100,0.1,4.0,0.5,y_bar,0.7176713347434998,0.007790917064994574,0.7176192998886108,0.008182279765605927,0.7176713347434998,0.007790917064994574,0.013163301162421703,4.0,0.5,M4_eta0.5
NOG,10007,452,113.0,232448,131072,452,4.765906810760498,100,0.1,4.0,0.5,y_bar,0.7170994281768799,0.008140376769006252,0.7171360850334167,0.008228362537920475,0.7170994281768799,0.008140376769006252,0.014780527912080288,4.0,0.5,M4_eta0.5
NOG,10007,516,129.0,265216,147456,516,5.429366588592529,100,0.1,4.0,0.5,y_bar,0.7166543006896973,0.007555582094937563,0.7166014313697815,0.008837555535137653,0.7166543006896973,0.007555582094937563,0.014755555428564548,4.0,0.5,M4_eta0.5
NOG,10007,580,145.0,297984,163840,580,6.067525625228882,100,0.1,4.0,0.5,y_bar,0.7162843942642212,0.007833358831703663,0.7163081169128418,0.007674344815313816,0.7162843942642212,0.007833358831703663,0.012797800824046135,4.0,0.5,M4_eta0.5
NOG,10007,644,161.0,330752,180224,644,6.697031736373901,100,0.1,4.0,0.5,y_bar,0.7157189846038818,0.008729866705834866,0.7156859040260315,0.007951874285936356,0.7157189846038818,0.008729866705834866,0.013875262811779976,4.0,0.5,M4_eta0.5
NOG,10007,708,177.0,363520,196608,708,7.345359802246094,100,0.1,4.0,0.5,y_bar,0.7153081893920898,0.007166512310504913,0.7153028845787048,0.009032151661813259,0.7153081893920898,0.007166512310504913,0.014953186735510826,4.0,0.5,M4_eta0.5
NOG,10007,772,193.0,396288,212992,772,7.9429755210876465,100,0.1,4.0,0.5,y_bar,0.7148078680038452,0.008616645820438862,0.7147933840751648,0.0073097641579806805,0.7148078680038452,0.008616645820438862,0.014439700171351433,4.0,0.5,M4_eta0.5
NOG,10007,836,209.0,429056,229376,836,8.528136968612671,100,0.1,4.0,0.5,y_bar,0.7146191596984863,0.008390414528548717,0.7146403193473816,0.008695530705153942,0.7146191596984863,0.008390414528548717,0.013515233062207699,4.0,0.5,M4_eta0.5
NOG,10007,900,225.0,461824,245760,900,9.127673864364624,100,0.1,4.0,0.5,y_bar,0.7143490314483643,0.007428797427564859,0.7143718004226685,0.008424188010394573,0.7143490314483643,0.007428797427564859,0.014584657736122608,4.0,0.5,M4_eta0.5
NOG,10007,960,240.0,492544,262144,960,9.712142944335938,100,0.1,4.0,0.5,y_bar,0.7142536640167236,0.008039908483624458,0.7143006920814514,0.007612152956426144,0.7142536640167236,0.008039908483624458,0.012132602743804455,4.0,0.5,M4_eta0.5
NOG,10007,8,1.0,5120,16384,8,0.17719173431396484,100,0.1,8.0,0.1,y_bar,0.7247912883758545,0.011286274529993534,0.7248265743255615,0.010841796174645424,0.7247912883758545,0.011286274529993534,0.011087704449892044,8.0,0.1,M8_eta0.1
NOG,10007,72,9.0,37888,32768,72,0.7358088493347168,100,0.1,8.0,0.1,y_bar,0.7233136892318726,0.008177506737411022,0.7231792211532593,0.008735012263059616,0.7233136892318726,0.008177506737411022,0.009466337971389294,8.0,0.1,M8_eta0.1
NOG,10007,136,17.0,70656,49152,136,1.3348307609558105,100,0.1,8.0,0.1,y_bar,0.7214824557304382,0.008926895447075367,0.7213905453681946,0.008443930186331272,0.7214824557304382,0.008926895447075367,0.011428870260715485,8.0,0.1,M8_eta0.1
NOG,10007,200,25.0,103424,65536,200,1.9726300239562988,100,0.1,8.0,0.1,y_bar,0.7200465798377991,0.009586808271706104,0.720023512840271,0.009119842201471329,0.7200465798377991,0.009586808271706104,0.009957308880984783,8.0,0.1,M8_eta0.1
NOG,10007,264,33.0,136192,81920,264,2.6525444984436035,100,0.1,8.0,0.1,y_bar,0.7190650105476379,0.009222187101840973,0.7190481424331665,0.009137900546193123,0.7190650105476379,0.009222187101840973,0.011112646199762821,8.0,0.1,M8_eta0.1
NOG,10007,328,41.0,168960,98304,328,3.2680282592773438,100,0.1,8.0,0.1,y_bar,0.7180654406547546,0.009012472815811634,0.7179346680641174,0.008915369398891926,0.7180654406547546,0.009012472815811634,0.011136291548609734,8.0,0.1,M8_eta0.1
NOG,10007,392,49.0,201728,114688,392,3.836611270904541,100,0.1,8.0,0.1,y_bar,0.7171643972396851,0.00847580935806036,0.7171185612678528,0.007909147068858147,0.7171643972396851,0.00847580935806036,0.010591678321361542,8.0,0.1,M8_eta0.1
NOG,10007,456,57.0,234496,131072,456,4.471316337585449,100,0.1,8.0,0.1,y_bar,0.7165722250938416,0.007875894196331501,0.7165199518203735,0.008700013160705566,0.7165722250938416,0.007875894196331501,0.010921583510935307,8.0,0.1,M8_eta0.1
NOG,10007,520,65.0,267264,147456,520,5.046080827713013,100,0.1,8.0,0.1,y_bar,0.7157230377197266,0.008818354457616806,0.7156277894973755,0.0081302085891366,0.7157230377197266,0.008818354457616806,0.011030077934265137,8.0,0.1,M8_eta0.1
NOG,10007,584,73.0,300032,163840,584,5.677283525466919,100,0.1,8.0,0.1,y_bar,0.7152645587921143,0.007315491326153278,0.7153152823448181,0.00781480222940445,0.7152645587921143,0.007315491326153278,0.008814891800284386,8.0,0.1,M8_eta0.1
NOG,10007,648,81.0,332800,180224,648,6.225374460220337,100,0.1,8.0,0.1,y_bar,0.7150384187698364,0.00901306327432394,0.7150123119354248,0.008703071624040604,0.7150384187698364,0.00901306327432394,0.011391470208764076,8.0,0.1,M8_eta0.1
NOG,10007,712,89.0,365568,196608,712,6.856674909591675,100,0.1,8.0,0.1,y_bar,0.7146751880645752,0.009154437109827995,0.7146725058555603,0.009079755283892155,0.7146751880645752,0.009154437109827995,0.012202783487737179,8.0,0.1,M8_eta0.1
NOG,10007,776,97.0,398336,212992,776,7.506992340087891,100,0.1,8.0,0.1,y_bar,0.7142743468284607,0.008989857509732246,0.7142730951309204,0.010029178112745285,0.7142743468284607,0.008989857509732246,0.010812408290803432,8.0,0.1,M8_eta0.1
NOG,10007,840,105.0,431104,229376,840,8.105900764465332,100,0.1,8.0,0.1,y_bar,0.7142167687416077,0.008152377791702747,0.7142454981803894,0.007568081840872765,0.7142167687416077,0.008152377791702747,0.011673918925225735,8.0,0.1,M8_eta0.1
NOG,10007,904,113.0,463872,245760,904,8.73395323753357,100,0.1,8.0,0.1,y_bar,0.713805079460144,0.009632889181375504,0.7137298583984375,0.010079333558678627,0.713805079460144,0.009632889181375504,0.010823539458215237,8.0,0.1,M8_eta0.1
NOG,10007,960,120.0,492544,262144,960,9.300288677215576,100,0.1,8.0,0.1,y_bar,0.713259220123291,0.008374419063329697,0.7132977247238159,0.006887942086905241,0.713259220123291,0.008374419063329697,0.009733210317790508,8.0,0.1,M8_eta0.1
NOG,10007,8,1.0,5120,16384,8,0.19649553298950195,100,0.1,8.0,0.2,y_bar,0.7248526215553284,0.01121667493134737,0.7248587608337402,0.010707773268222809,0.7248526215553284,0.01121667493134737,0.010766938328742981,8.0,0.2,M8_eta0.2
NOG,10007,72,9.0,37888,32768,72,0.8183972835540771,100,0.1,8.0,0.2,y_bar,0.723739504814148,0.007329784333705902,0.7236804962158203,0.008572407066822052,0.723739504814148,0.007329784333705902,0.00901225209236145,8.0,0.2,M8_eta0.2
NOG,10007,136,17.0,70656,49152,136,1.380436897277832,100,0.1,8.0,0.2,y_bar,0.7225396633148193,0.008956129662692547,0.7225003242492676,0.008748764172196388,0.7225396633148193,0.008956129662692547,0.010755740106105804,8.0,0.2,M8_eta0.2
NOG,10007,200,25.0,103424,65536,200,2.0110621452331543,100,0.1,8.0,0.2,y_bar,0.7214346528053284,0.00909757986664772,0.721390426158905,0.008898377418518066,0.7214346528053284,0.00909757986664772,0.009529534727334976,8.0,0.2,M8_eta0.2
NOG,10007,264,33.0,136192,81920,264,2.6006360054016113,100,0.1,8.0,0.2,y_bar,0.7206385135650635,0.009005945175886154,0.7206047773361206,0.008250467479228973,0.7206385135650635,0.009005945175886154,0.010251865722239017,8.0,0.2,M8_eta0.2
NOG,10007,328,41.0,168960,98304,328,3.1536402702331543,100,0.1,8.0,0.2,y_bar,0.7198061943054199,0.007729446515440941,0.7197585105895996,0.008797175250947475,0.7198061943054199,0.007729446515440941,0.010440658777952194,8.0,0.2,M8_eta0.2
NOG,10007,392,49.0,201728,114688,392,3.70790696144104,100,0.1,8.0,0.2,y_bar,0.7191222906112671,0.008497495204210281,0.7190872430801392,0.008544832468032837,0.7191222906112671,0.008497495204210281,0.009591708891093731,8.0,0.2,M8_eta0.2
NOG,10007,456,57.0,234496,131072,456,4.3602447509765625,100,0.1,8.0,0.2,y_bar,0.7186097502708435,0.008133148774504662,0.7185826897621155,0.008760710246860981,0.7186097502708435,0.008133148774504662,0.010540282353758812,8.0,0.2,M8_eta0.2
NOG,10007,520,65.0,267264,147456,520,4.9973227977752686,100,0.1,8.0,0.2,y_bar,0.7180190086364746,0.008013378828763962,0.7180096507072449,0.007698143366724253,0.7180190086364746,0.008013378828763962,0.00967820081859827,8.0,0.2,M8_eta0.2
NOG,10007,584,73.0,300032,163840,584,5.5702948570251465,100,0.1,8.0,0.2,y_bar,0.717648983001709,0.007826373912394047,0.7176399827003479,0.00784026738256216,0.717648983001709,0.007826373912394047,0.009874979965388775,8.0,0.2,M8_eta0.2
NOG,10007,648,81.0,332800,180224,648,6.240658521652222,100,0.1,8.0,0.2,y_bar,0.7170522212982178,0.00807108636945486,0.7169942259788513,0.008415095508098602,0.7170522212982178,0.00807108636945486,0.010297304950654507,8.0,0.2,M8_eta0.2
NOG,10007,712,89.0,365568,196608,712,6.908947706222534,100,0.1,8.0,0.2,y_bar,0.7167210578918457,0.008361213840544224,0.7167074680328369,0.007993143983185291,0.7167210578918457,0.008361213840544224,0.010663505643606186,8.0,0.2,M8_eta0.2
NOG,10007,776,97.0,398336,212992,776,7.511159181594849,100,0.1,8.0,0.2,y_bar,0.7162854671478271,0.008662906475365162,0.7162767648696899,0.008445452898740768,0.7162854671478271,0.008662906475365162,0.009732469916343689,8.0,0.2,M8_eta0.2
NOG,10007,840,105.0,431104,229376,840,8.161110162734985,100,0.1,8.0,0.2,y_bar,0.7160196304321289,0.007707661017775536,0.7160162329673767,0.0077932896092534065,0.7160196304321289,0.007707661017775536,0.010584507137537003,8.0,0.2,M8_eta0.2
NOG,10007,904,113.0,463872,245760,904,8.800914525985718,100,0.1,8.0,0.2,y_bar,0.7155051231384277,0.00797329656779766,0.7154774069786072,0.008352430537343025,0.7155051231384277,0.00797329656779766,0.010282296687364578,8.0,0.2,M8_eta0.2
NOG,10007,960,120.0,492544,262144,960,9.341337203979492,100,0.1,8.0,0.2,y_bar,0.7151656746864319,0.008244775235652924,0.7151866555213928,0.0073865363374352455,0.7151656746864319,0.008244775235652924,0.008664410561323166,8.0,0.2,M8_eta0.2
NOG,10007,8,1.0,5120,16384,8,0.19182300567626953,100,0.1,8.0,0.3,y_bar,0.7247931957244873,0.01118952501565218,0.7247761487960815,0.010603184811770916,0.7247931957244873,0.01118952501565218,0.010681435465812683,8.0,0.3,M8_eta0.3
NOG,10007,72,9.0,37888,32768,72,0.7894144058227539,100,0.1,8.0,0.3,y_bar,0.7241438031196594,0.007193795405328274,0.7241293787956238,0.008580241352319717,0.7241438031196594,0.007193795405328274,0.008680797182023525,8.0,0.3,M8_eta0.3
NOG,10007,136,17.0,70656,49152,136,1.4771502017974854,100,0.1,8.0,0.3,y_bar,0.7233961224555969,0.008360827341675758,0.7233588099479675,0.0077356440015137196,0.7233961224555969,0.008360827341675758,0.010399023070931435,8.0,0.3,M8_eta0.3
NOG,10007,200,25.0,103424,65536,200,2.0668468475341797,100,0.1,8.0,0.3,y_bar,0.7226240634918213,0.00949922390282154,0.7225882411003113,0.008772745728492737,0.7226240634918213,0.00949922390282154,0.010007241740822792,8.0,0.3,M8_eta0.3
NOG,10007,264,33.0,136192,81920,264,2.754932403564453,100,0.1,8.0,0.3,y_bar,0.7219717502593994,0.007943258620798588,0.7219433784484863,0.007829840295016766,0.7219717502593994,0.007943258620798588,0.01006216462701559,8.0,0.3,M8_eta0.3
NOG,10007,328,41.0,168960,98304,328,3.4125969409942627,100,0.1,8.0,0.3,y_bar,0.7213436961174011,0.007717119064182043,0.7213106751441956,0.008418809622526169,0.7213436961174011,0.007717119064182043,0.010309770703315735,8.0,0.3,M8_eta0.3
NOG,10007,392,49.0,201728,114688,392,4.11611795425415,100,0.1,8.0,0.3,y_bar,0.7208272218704224,0.008342643268406391,0.7208256125450134,0.008381321094930172,0.7208272218704224,0.008342643268406391,0.009348476305603981,8.0,0.3,M8_eta0.3
NOG,10007,456,57.0,234496,131072,456,4.736367464065552,100,0.1,8.0,0.3,y_bar,0.7204155325889587,0.007420370355248451,0.7204335331916809,0.009118380956351757,0.7204155325889587,0.007420370355248451,0.010194170288741589,8.0,0.3,M8_eta0.3
NOG,10007,520,65.0,267264,147456,520,5.413374900817871,100,0.1,8.0,0.3,y_bar,0.7200267314910889,0.007506322115659714,0.7200274467468262,0.00833125039935112,0.7200267314910889,0.007506322115659714,0.010319819673895836,8.0,0.3,M8_eta0.3
NOG,10007,584,73.0,300032,163840,584,5.993561267852783,100,0.1,8.0,0.3,y_bar,0.719696044921875,0.007154976483434439,0.7196856141090393,0.007865753024816513,0.719696044921875,0.007154976483434439,0.009045859798789024,8.0,0.3,M8_eta0.3
NOG,10007,648,81.0,332800,180224,648,6.5928120613098145,100,0.1,8.0,0.3,y_bar,0.7193045616149902,0.007524444255977869,0.7192762494087219,0.008525376208126545,0.7193045616149902,0.007524444255977869,0.010337202809751034,8.0,0.3,M8_eta0.3
NOG,10007,712,89.0,365568,196608,712,7.216138124465942,100,0.1,8.0,0.3,y_bar,0.7189660668373108,0.00842972844839096,0.7189365029335022,0.007873304188251495,0.7189660668373108,0.00842972844839096,0.01049794815480709,8.0,0.3,M8_eta0.3
NOG,10007,776,97.0,398336,212992,776,7.851872444152832,100,0.1,8.0,0.3,y_bar,0.7186489701271057,0.007911572232842445,0.7186576128005981,0.008363045752048492,0.7186489701271057,0.007911572232842445,0.009971783496439457,8.0,0.3,M8_eta0.3
NOG,10007,840,105.0,431104,229376,840,8.45517873764038,100,0.1,8.0,0.3,y_bar,0.7183428406715393,0.008101683109998703,0.7183236479759216,0.006979488302022219,0.7183428406715393,0.008101683109998703,0.0107559934258461,8.0,0.3,M8_eta0.3
NOG,10007,904,113.0,463872,245760,904,9.103153944015503,100,0.1,8.0,0.3,y_bar,0.7180207967758179,0.0071632470935583115,0.7180131673812866,0.008065243251621723,0.7180207967758179,0.0071632470935583115,0.009834032505750656,8.0,0.3,M8_eta0.3
NOG,10007,960,120.0,492544,262144,960,9.65200662612915,100,0.1,8.0,0.3,y_bar,0.7177104949951172,0.008116950280964375,0.7177330851554871,0.0068819643929600716,0.7177104949951172,0.008116950280964375,0.008667058311402798,8.0,0.3,M8_eta0.3
NOG,10007,8,1.0,5120,16384,8,0.19526147842407227,100,0.1,8.0,0.5,y_bar,0.7247563600540161,0.011232338845729828,0.7247456908226013,0.010712123475968838,0.7247563600540161,0.011232338845729828,0.01083553209900856,8.0,0.5,M8_eta0.5
NOG,10007,72,9.0,37888,32768,72,0.8270072937011719,100,0.1,8.0,0.5,y_bar,0.7243761420249939,0.007196827791631222,0.7243685722351074,0.00868516881018877,0.7243761420249939,0.007196827791631222,0.008593413978815079,8.0,0.5,M8_eta0.5
NOG,10007,136,17.0,70656,49152,136,1.4642667770385742,100,0.1,8.0,0.5,y_bar,0.723930835723877,0.008096498437225819,0.7238999605178833,0.007276380434632301,0.723930835723877,0.008096498437225819,0.010205365717411041,8.0,0.5,M8_eta0.5
NOG,10007,200,25.0,103424,65536,200,2.146125316619873,100,0.1,8.0,0.5,y_bar,0.7234894633293152,0.009319467470049858,0.7234780788421631,0.00852205976843834,0.7234894633293152,0.009319467470049858,0.009672279469668865,8.0,0.5,M8_eta0.5
NOG,10007,264,33.0,136192,81920,264,2.7559781074523926,100,0.1,8.0,0.5,y_bar,0.7231414318084717,0.007686051074415445,0.7231259942054749,0.007788022048771381,0.7231414318084717,0.007686051074415445,0.010096377693116665,8.0,0.5,M8_eta0.5
NOG,10007,328,41.0,168960,98304,328,3.3565146923065186,100,0.1,8.0,0.5,y_bar,0.7227469086647034,0.007856921292841434,0.7227230072021484,0.008492130786180496,0.7227469086647034,0.007856921292841434,0.010163511149585247,8.0,0.5,M8_eta0.5
NOG,10007,392,49.0,201728,114688,392,4.0182273387908936,100,0.1,8.0,0.5,y_bar,0.7223353981971741,0.008265783078968525,0.7223269939422607,0.008339996449649334,0.7223353981971741,0.008265783078968525,0.009143275208771229,8.0,0.5,M8_eta0.5
NOG,10007,456,57.0,234496,131072,456,4.651052713394165,100,0.1,8.0,0.5,y_bar,0.7220033407211304,0.007484236732125282,0.7220023274421692,0.009312874637544155,0.7220033407211304,0.007484236732125282,0.01107590738683939,8.0,0.5,M8_eta0.5
NOG,10007,520,65.0,267264,147456,520,5.234640121459961,100,0.1,8.0,0.5,y_bar,0.7216759324073792,0.007958966307342052,0.7216805815696716,0.008401855826377869,0.7216759324073792,0.007958966307342052,0.01000863779336214,8.0,0.5,M8_eta0.5
NOG,10007,584,73.0,300032,163840,584,5.909335374832153,100,0.1,8.0,0.5,y_bar,0.7214323878288269,0.007090139202773571,0.7214294075965881,0.007992557249963284,0.7214323878288269,0.007090139202773571,0.009158638305962086,8.0,0.5,M8_eta0.5
NOG,10007,648,81.0,332800,180224,648,6.60103702545166,100,0.1,8.0,0.5,y_bar,0.721143364906311,0.006664324551820755,0.7211359143257141,0.008471916429698467,0.721143364906311,0.006664324551820755,0.009403266943991184,8.0,0.5,M8_eta0.5
NOG,10007,712,89.0,365568,196608,712,7.216807842254639,100,0.1,8.0,0.5,y_bar,0.7208788990974426,0.008439348079264164,0.7208436727523804,0.007409036625176668,0.7208788990974426,0.008439348079264164,0.010302001610398293,8.0,0.5,M8_eta0.5
NOG,10007,776,97.0,398336,212992,776,7.8360819816589355,100,0.1,8.0,0.5,y_bar,0.7206774950027466,0.007072526030242443,0.720690906047821,0.00810010265558958,0.7206774950027466,0.007072526030242443,0.01072078850120306,8.0,0.5,M8_eta0.5
NOG,10007,840,105.0,431104,229376,840,8.427932500839233,100,0.1,8.0,0.5,y_bar,0.7204856276512146,0.007817509584128857,0.7204675674438477,0.006464007776230574,0.7204856276512146,0.007817509584128857,0.010879186913371086,8.0,0.5,M8_eta0.5
NOG,10007,904,113.0,463872,245760,904,9.13707709312439,100,0.1,8.0,0.5,y_bar,0.7202264070510864,0.006905788090080023,0.7202263474464417,0.00859838631004095,0.7202264070510864,0.006905788090080023,0.010256977751851082,8.0,0.5,M8_eta0.5
NOG,10007,960,120.0,492544,262144,960,9.755080461502075,100,0.1,8.0,0.5,y_bar,0.7200826406478882,0.008138411678373814,0.7200724482536316,0.006210119463503361,0.7200826406478882,0.008138411678373814,0.00884465966373682,8.0,0.5,M8_eta0.5
NOG,10007,12,1.0,7168,16384,12,0.2134394645690918,100,0.1,12.0,0.1,y_bar,0.7247888445854187,0.012047561816871166,0.7247854471206665,0.010272846557199955,0.7247888445854187,0.012047561816871166,0.010713964700698853,12.0,0.1,M12_eta0.1
NOG,10007,84,7.0,44032,32768,84,0.9042859077453613,100,0.1,12.0,0.1,y_bar,0.7237468957901001,0.008038541302084923,0.7236453890800476,0.007029570639133453,0.7237468957901001,0.008038541302084923,0.008644324727356434,12.0,0.1,M12_eta0.1
NOG,10007,156,13.0,80896,49152,156,1.623560905456543,100,0.1,12.0,0.1,y_bar,0.7225313782691956,0.00894951168447733,0.7224212288856506,0.008453316055238247,0.7225313782691956,0.00894951168447733,0.008328989148139954,12.0,0.1,M12_eta0.1
NOG,10007,228,19.0,117760,65536,228,2.2861177921295166,100,0.1,12.0,0.1,y_bar,0.7214934229850769,0.008068831637501717,0.7214615345001221,0.008439239114522934,0.7214934229850769,0.008068831637501717,0.008190656080842018,12.0,0.1,M12_eta0.1
NOG,10007,300,25.0,154624,81920,300,2.8670058250427246,100,0.1,12.0,0.1,y_bar,0.7206699252128601,0.008840740658342838,0.7206278443336487,0.007501448970288038,0.7206699252128601,0.008840740658342838,0.009670550934970379,12.0,0.1,M12_eta0.1
NOG,10007,372,31.0,191488,98304,372,3.599675416946411,100,0.1,12.0,0.1,y_bar,0.7199336886405945,0.008716156706213951,0.719878613948822,0.007387470453977585,0.7199336886405945,0.008716156706213951,0.008882871828973293,12.0,0.1,M12_eta0.1
NOG,10007,444,37.0,228352,114688,444,4.2650697231292725,100,0.1,12.0,0.1,y_bar,0.7192122340202332,0.007374241948127747,0.7191445827484131,0.007869033142924309,0.7192122340202332,0.007374241948127747,0.007971858605742455,12.0,0.1,M12_eta0.1
NOG,10007,516,43.0,265216,131072,516,4.9545886516571045,100,0.1,12.0,0.1,y_bar,0.7184739708900452,0.008457085117697716,0.7184242010116577,0.007429611403495073,0.7184739708900452,0.008457085117697716,0.00876812357455492,12.0,0.1,M12_eta0.1
NOG,10007,588,49.0,302080,147456,588,5.678256273269653,100,0.1,12.0,0.1,y_bar,0.7178956866264343,0.007983573712408543,0.7178447246551514,0.008112800307571888,0.7178956866264343,0.007983573712408543,0.009324714541435242,12.0,0.1,M12_eta0.1
NOG,10007,660,55.0,338944,163840,660,6.3850507736206055,100,0.1,12.0,0.1,y_bar,0.7173817157745361,0.007356350775808096,0.7173374891281128,0.008583889342844486,0.7173817157745361,0.007356350775808096,0.008378173224627972,12.0,0.1,M12_eta0.1
NOG,10007,732,61.0,375808,180224,732,7.133903741836548,100,0.1,12.0,0.1,y_bar,0.716975212097168,0.008479340933263302,0.7169156074523926,0.007384990807622671,0.716975212097168,0.008479340933263302,0.008775652386248112,12.0,0.1,M12_eta0.1
NOG,10007,804,67.0,412672,196608,804,7.826162099838257,100,0.1,12.0,0.1,y_bar,0.7165071368217468,0.008370371535420418,0.7165061831474304,0.008635652251541615,0.7165071368217468,0.008370371535420418,0.007802389562129974,12.0,0.1,M12_eta0.1
NOG,10007,876,73.0,449536,212992,876,8.509974002838135,100,0.1,12.0,0.1,y_bar,0.7161110639572144,0.007613135036081076,0.7160741090774536,0.007651989348232746,0.7161110639572144,0.007613135036081076,0.008603048510849476,12.0,0.1,M12_eta0.1
NOG,10007,948,79.0,486400,229376,948,9.241342544555664,100,0.1,12.0,0.1,y_bar,0.7156354784965515,0.007909966632723808,0.7156369090080261,0.006683466024696827,0.7156354784965515,0.007909966632723808,0.008168825879693031,12.0,0.1,M12_eta0.1
NOG,10007,960,80.0,492544,245760,960,9.442863941192627,100,0.1,12.0,0.1,y_bar,0.7155879735946655,0.007603472098708153,0.7155665755271912,0.008030767552554607,0.7155879735946655,0.007603472098708153,0.007914545014500618,12.0,0.1,M12_eta0.1
NOG,10007,12,1.0,7168,16384,12,0.19263601303100586,100,0.1,12.0,0.2,y_bar,0.7247387766838074,0.011931052431464195,0.7247076034545898,0.010010800324380398,0.7247387766838074,0.011931052431464195,0.010710995644330978,12.0,0.2,M12_eta0.2
NOG,10007,84,7.0,44032,32768,84,0.9291110038757324,100,0.1,12.0,0.2,y_bar,0.7242383360862732,0.008038099855184555,0.7241866588592529,0.006594971287995577,0.7242383360862732,0.008038099855184555,0.008336045779287815,12.0,0.2,M12_eta0.2
NOG,10007,156,13.0,80896,49152,156,1.6179158687591553,100,0.1,12.0,0.2,y_bar,0.7236508727073669,0.008097058162093163,0.7236196398735046,0.008259639143943787,0.7236508727073669,0.008097058162093163,0.007976139895617962,12.0,0.2,M12_eta0.2
NOG,10007,228,19.0,117760,65536,228,2.2322630882263184,100,0.1,12.0,0.2,y_bar,0.7231436967849731,0.008471617475152016,0.7230957746505737,0.00854708906263113,0.7231436967849731,0.008471617475152016,0.008310788311064243,12.0,0.2,M12_eta0.2
NOG,10007,300,25.0,154624,81920,300,2.9185969829559326,100,0.1,12.0,0.2,y_bar,0.7226244211196899,0.0077178762294352055,0.7225766181945801,0.006947600282728672,0.7226244211196899,0.0077178762294352055,0.009096798487007618,12.0,0.2,M12_eta0.2
NOG,10007,372,31.0,191488,98304,372,3.590317964553833,100,0.1,12.0,0.2,y_bar,0.7221246957778931,0.008125606924295425,0.722088634967804,0.00732378289103508,0.7221246957778931,0.008125606924295425,0.00834281649440527,12.0,0.2,M12_eta0.2
NOG,10007,444,37.0,228352,114688,444,4.357666730880737,100,0.1,12.0,0.2,y_bar,0.7216681838035583,0.007196902763098478,0.7216336727142334,0.007372068706899881,0.7216681838035583,0.007196902763098478,0.007671569008380175,12.0,0.2,M12_eta0.2
NOG,10007,516,43.0,265216,131072,516,5.001095771789551,100,0.1,12.0,0.2,y_bar,0.7212837338447571,0.0078008477576076984,0.7212620377540588,0.007483033929020166,0.7212837338447571,0.0078008477576076984,0.008365195244550705,12.0,0.2,M12_eta0.2
NOG,10007,588,49.0,302080,147456,588,5.764928340911865,100,0.1,12.0,0.2,y_bar,0.720941960811615,0.007872938178479671,0.7209112048149109,0.008818552829325199,0.720941960811615,0.007872938178479671,0.008967440575361252,12.0,0.2,M12_eta0.2
NOG,10007,660,55.0,338944,163840,660,6.475090980529785,100,0.1,12.0,0.2,y_bar,0.7205522656440735,0.006391787901520729,0.7205219864845276,0.00825717207044363,0.7205522656440735,0.006391787901520729,0.008083796128630638,12.0,0.2,M12_eta0.2
NOG,10007,732,61.0,375808,180224,732,7.172807693481445,100,0.1,12.0,0.2,y_bar,0.7201942205429077,0.008267084136605263,0.7201810479164124,0.0071416134014725685,0.7201942205429077,0.008267084136605263,0.007891768589615822,12.0,0.2,M12_eta0.2
NOG,10007,804,67.0,412672,196608,804,7.910065412521362,100,0.1,12.0,0.2,y_bar,0.7199206948280334,0.007970131002366543,0.7198997735977173,0.007919474504888058,0.7199206948280334,0.007970131002366543,0.00721485260874033,12.0,0.2,M12_eta0.2
NOG,10007,876,73.0,449536,212992,876,8.690971374511719,100,0.1,12.0,0.2,y_bar,0.7196282148361206,0.007425843272358179,0.7196043133735657,0.007475560065358877,0.7196282148361206,0.007425843272358179,0.008114057593047619,12.0,0.2,M12_eta0.2
NOG,10007,948,79.0,486400,229376,948,9.375831365585327,100,0.1,12.0,0.2,y_bar,0.7192878723144531,0.007073079701513052,0.719254732131958,0.006315306294709444,0.7192878723144531,0.007073079701513052,0.008158196695148945,12.0,0.2,M12_eta0.2
NOG,10007,960,80.0,492544,245760,960,9.559165954589844,100,0.1,12.0,0.2,y_bar,0.7192363142967224,0.008465150371193886,0.719238817691803,0.007596207782626152,0.7192363142967224,0.008465150371193886,0.007287800777703524,12.0,0.2,M12_eta0.2
NOG,10007,12,1.0,7168,16384,12,0.23885393142700195,100,0.1,12.0,0.3,y_bar,0.7247220873832703,0.01203976385295391,0.7247025966644287,0.01023769285529852,0.7247220873832703,0.01203976385295391,0.010991748422384262,12.0,0.3,M12_eta0.3
NOG,10007,84,7.0,44032,32768,84,0.8957996368408203,100,0.1,12.0,0.3,y_bar,0.7243998050689697,0.00819824542850256,0.7243622541427612,0.006382295396178961,0.7243998050689697,0.00819824542850256,0.008638384751975536,12.0,0.3,M12_eta0.3
NOG,10007,156,13.0,80896,49152,156,1.548527717590332,100,0.1,12.0,0.3,y_bar,0.7240390181541443,0.007893714122474194,0.7240118980407715,0.008146948181092739,0.7240390181541443,0.007893714122474194,0.007987172342836857,12.0,0.3,M12_eta0.3
NOG,10007,228,19.0,117760,65536,228,2.2258222103118896,100,0.1,12.0,0.3,y_bar,0.7236888408660889,0.008328733034431934,0.7236620783805847,0.008292247541248798,0.7236888408660889,0.008328733034431934,0.008255161345005035,12.0,0.3,M12_eta0.3
NOG,10007,300,25.0,154624,81920,300,2.900801658630371,100,0.1,12.0,0.3,y_bar,0.7234140634536743,0.007641579024493694,0.7233904004096985,0.006861505098640919,0.7234140634536743,0.007641579024493694,0.008864843286573887,12.0,0.3,M12_eta0.3
NOG,10007,372,31.0,191488,98304,372,3.529357433319092,100,0.1,12.0,0.3,y_bar,0.723111629486084,0.0076198456808924675,0.723082423210144,0.007176961284130812,0.723111629486084,0.0076198456808924675,0.008168003521859646,12.0,0.3,M12_eta0.3
NOG,10007,444,37.0,228352,114688,444,4.200414180755615,100,0.1,12.0,0.3,y_bar,0.7228079438209534,0.007267432752996683,0.7227823138237,0.007440765388309956,0.7228079438209534,0.007267432752996683,0.007699870970100164,12.0,0.3,M12_eta0.3
NOG,10007,516,43.0,265216,131072,516,4.895366907119751,100,0.1,12.0,0.3,y_bar,0.7225157618522644,0.0076807900331914425,0.7225017547607422,0.007648068014532328,0.7225157618522644,0.0076807900331914425,0.008512294851243496,12.0,0.3,M12_eta0.3
NOG,10007,588,49.0,302080,147456,588,5.589414358139038,100,0.1,12.0,0.3,y_bar,0.7222291231155396,0.007646813523024321,0.7221957445144653,0.008881787769496441,0.7222291231155396,0.007646813523024321,0.008815538138151169,12.0,0.3,M12_eta0.3
NOG,10007,660,55.0,338944,163840,660,6.250317335128784,100,0.1,12.0,0.3,y_bar,0.7219321727752686,0.006307338830083609,0.7218981385231018,0.00837711151689291,0.7219321727752686,0.006307338830083609,0.007682380732148886,12.0,0.3,M12_eta0.3
NOG,10007,732,61.0,375808,180224,732,6.977924108505249,100,0.1,12.0,0.3,y_bar,0.7216408848762512,0.008280794136226177,0.7216393351554871,0.006854577921330929,0.7216408848762512,0.008280794136226177,0.007847745902836323,12.0,0.3,M12_eta0.3
NOG,10007,804,67.0,412672,196608,804,7.646515369415283,100,0.1,12.0,0.3,y_bar,0.7214269042015076,0.007598422467708588,0.7214056253433228,0.007955743931233883,0.7214269042015076,0.007598422467708588,0.007303011137992144,12.0,0.3,M12_eta0.3
NOG,10007,876,73.0,449536,212992,876,8.344292640686035,100,0.1,12.0,0.3,y_bar,0.721196174621582,0.007098507601767778,0.7211840748786926,0.007432914804667234,0.721196174621582,0.007098507601767778,0.008493056520819664,12.0,0.3,M12_eta0.3
NOG,10007,948,79.0,486400,229376,948,9.040687084197998,100,0.1,12.0,0.3,y_bar,0.7209528684616089,0.007101238705217838,0.7209261655807495,0.006564227398484945,0.7209528684616089,0.007101238705217838,0.007913169451057911,12.0,0.3,M12_eta0.3
NOG,10007,960,80.0,492544,245760,960,9.282055854797363,100,0.1,12.0,0.3,y_bar,0.7209026217460632,0.008328791707754135,0.7208892107009888,0.007121377158910036,0.7209026217460632,0.008328791707754135,0.007898497395217419,12.0,0.3,M12_eta0.3
NOG,10007,12,1.0,7168,16384,12,0.21223187446594238,100,0.1,12.0,0.5,y_bar,0.7247151732444763,0.012175858952105045,0.7247008681297302,0.010530604980885983,0.7247151732444763,0.012175858952105045,0.011233811266720295,12.0,0.5,M12_eta0.5
NOG,10007,84,7.0,44032,32768,84,0.9066057205200195,100,0.1,12.0,0.5,y_bar,0.7244858741760254,0.008443213067948818,0.7244566082954407,0.0065279752016067505,0.7244858741760254,0.008443213067948818,0.008857711218297482,12.0,0.5,M12_eta0.5
NOG,10007,156,13.0,80896,49152,156,1.596341609954834,100,0.1,12.0,0.5,y_bar,0.7242396473884583,0.007883407175540924,0.7242238521575928,0.007960042916238308,0.7242396473884583,0.007883407175540924,0.00823873933404684,12.0,0.5,M12_eta0.5
NOG,10007,228,19.0,117760,65536,228,2.2286837100982666,100,0.1,12.0,0.5,y_bar,0.7240018248558044,0.00808631256222725,0.7239816188812256,0.008297916501760483,0.7240018248558044,0.00808631256222725,0.008581502363085747,12.0,0.5,M12_eta0.5
NOG,10007,300,25.0,154624,81920,300,2.9235973358154297,100,0.1,12.0,0.5,y_bar,0.7237988710403442,0.007554360665380955,0.7237861156463623,0.0070376028306782246,0.7237988710403442,0.007554360665380955,0.008741110563278198,12.0,0.5,M12_eta0.5
NOG,10007,372,31.0,191488,98304,372,3.688161611557007,100,0.1,12.0,0.5,y_bar,0.7235803008079529,0.007701447699218988,0.7235606908798218,0.007305314298719168,0.7235803008079529,0.007701447699218988,0.008254398591816425,12.0,0.5,M12_eta0.5
NOG,10007,444,37.0,228352,114688,444,4.350536584854126,100,0.1,12.0,0.5,y_bar,0.7233953475952148,0.006973514799028635,0.7233788371086121,0.007150562945753336,0.7233953475952148,0.006973514799028635,0.007449675351381302,12.0,0.5,M12_eta0.5
NOG,10007,516,43.0,265216,131072,516,5.0592041015625,100,0.1,12.0,0.5,y_bar,0.7232344746589661,0.007611415348947048,0.7232257127761841,0.0074076177552342415,0.7232344746589661,0.007611415348947048,0.008402394130825996,12.0,0.5,M12_eta0.5
NOG,10007,588,49.0,302080,147456,588,5.763403415679932,100,0.1,12.0,0.5,y_bar,0.7230246663093567,0.007477743551135063,0.7230054140090942,0.008879880420863628,0.7230246663093567,0.007477743551135063,0.009026984684169292,12.0,0.5,M12_eta0.5
NOG,10007,660,55.0,338944,163840,660,6.426271915435791,100,0.1,12.0,0.5,y_bar,0.7228065729141235,0.006512838881462812,0.7227800488471985,0.008298010565340519,0.7228065729141235,0.006512838881462812,0.007569795474410057,12.0,0.5,M12_eta0.5
NOG,10007,732,61.0,375808,180224,732,7.095844745635986,100,0.1,12.0,0.5,y_bar,0.7225707173347473,0.008383103646337986,0.7225584983825684,0.006786967162042856,0.7225707173347473,0.008383103646337986,0.00819418765604496,12.0,0.5,M12_eta0.5
NOG,10007,804,67.0,412672,196608,804,7.794590711593628,100,0.1,12.0,0.5,y_bar,0.7223472595214844,0.007524875923991203,0.7223273515701294,0.008050559088587761,0.7223472595214844,0.007524875923991203,0.007715425454080105,12.0,0.5,M12_eta0.5
NOG,10007,876,73.0,449536,212992,876,8.502046823501587,100,0.1,12.0,0.5,y_bar,0.7221342325210571,0.0073111881501972675,0.722127377986908,0.007668488193303347,0.7221342325210571,0.0073111881501972675,0.008909386582672596,12.0,0.5,M12_eta0.5
NOG,10007,948,79.0,486400,229376,948,9.21918535232544,100,0.1,12.0,0.5,y_bar,0.7219424843788147,0.007446623407304287,0.7219217419624329,0.006684295367449522,0.7219424843788147,0.007446623407304287,0.008524538949131966,12.0,0.5,M12_eta0.5
NOG,10007,960,80.0,492544,245760,960,9.404677629470825,100,0.1,12.0,0.5,y_bar,0.7218998074531555,0.008660852909088135,0.7218918800354004,0.007776141166687012,0.7218998074531555,0.008660852909088135,0.008400933817029,12.0,0.5,M12_eta0.5
NOG,10007,16,1.0,9216,16384,16,0.25441694259643555,100,0.1,16.0,0.1,y_bar,0.7247515320777893,0.011773365549743176,0.7247197031974792,0.010463996790349483,0.7247515320777893,0.011773365549743176,0.009798788465559483,16.0,0.1,M16_eta0.1
NOG,10007,80,5.0,41984,32768,80,0.9192378520965576,100,0.1,16.0,0.1,y_bar,0.7242125272750854,0.007902569137513638,0.7241500616073608,0.008296746760606766,0.7242125272750854,0.007902569137513638,0.007512338925153017,16.0,0.1,M16_eta0.1
NOG,10007,144,9.0,74752,49152,144,1.5869903564453125,100,0.1,16.0,0.1,y_bar,0.7236183881759644,0.008578058332204819,0.723551869392395,0.007661834824830294,0.7236183881759644,0.008578058332204819,0.0073556555435061455,16.0,0.1,M16_eta0.1
NOG,10007,208,13.0,107520,65536,208,2.1944851875305176,100,0.1,16.0,0.1,y_bar,0.7230502963066101,0.007835302501916885,0.7229926586151123,0.0086238794028759,0.7230502963066101,0.007835302501916885,0.008342149667441845,16.0,0.1,M16_eta0.1
NOG,10007,272,17.0,140288,81920,272,2.831796646118164,100,0.1,16.0,0.1,y_bar,0.7224945425987244,0.00810712855309248,0.7224074006080627,0.008809510618448257,0.7224945425987244,0.00810712855309248,0.007621607277542353,16.0,0.1,M16_eta0.1
NOG,10007,336,21.0,173056,98304,336,3.468971014022827,100,0.1,16.0,0.1,y_bar,0.7219337821006775,0.008005940355360508,0.7218674421310425,0.007513579912483692,0.7219337821006775,0.008005940355360508,0.008585987612605095,16.0,0.1,M16_eta0.1
NOG,10007,400,25.0,205824,114688,400,4.023662328720093,100,0.1,16.0,0.1,y_bar,0.7214207053184509,0.007482405751943588,0.7213872075080872,0.0079292431473732,0.7214207053184509,0.007482405751943588,0.007013258989900351,16.0,0.1,M16_eta0.1
NOG,10007,464,29.0,238592,131072,464,4.691244125366211,100,0.1,16.0,0.1,y_bar,0.721007227897644,0.008139802142977715,0.7209659814834595,0.008466987870633602,0.721007227897644,0.008139802142977715,0.007456732448190451,16.0,0.1,M16_eta0.1
NOG,10007,528,33.0,271360,147456,528,5.317910194396973,100,0.1,16.0,0.1,y_bar,0.7205858826637268,0.007428209763020277,0.7205703258514404,0.008120765909552574,0.7205858826637268,0.007428209763020277,0.007249637972563505,16.0,0.1,M16_eta0.1
NOG,10007,592,37.0,304128,163840,592,5.918256998062134,100,0.1,16.0,0.1,y_bar,0.7203081250190735,0.007368627469986677,0.720280647277832,0.007429979741573334,0.7203081250190735,0.007368627469986677,0.007007688283920288,16.0,0.1,M16_eta0.1
NOG,10007,656,41.0,336896,180224,656,6.645344257354736,100,0.1,16.0,0.1,y_bar,0.7199330925941467,0.007892115041613579,0.7198849320411682,0.007416116539388895,0.7199330925941467,0.007892115041613579,0.008179892785847187,16.0,0.1,M16_eta0.1
NOG,10007,720,45.0,369664,196608,720,7.314194917678833,100,0.1,16.0,0.1,y_bar,0.7195926904678345,0.007236091420054436,0.7195500135421753,0.008195674978196621,0.7195926904678345,0.007236091420054436,0.007080726325511932,16.0,0.1,M16_eta0.1
NOG,10007,784,49.0,402432,212992,784,7.936212539672852,100,0.1,16.0,0.1,y_bar,0.7193180918693542,0.009414528496563435,0.7193021774291992,0.00903492234647274,0.7193180918693542,0.009414528496563435,0.00682283379137516,16.0,0.1,M16_eta0.1
NOG,10007,848,53.0,435200,229376,848,8.52727723121643,100,0.1,16.0,0.1,y_bar,0.7190386652946472,0.007553566712886095,0.7190136313438416,0.007800195831805468,0.7190386652946472,0.007553566712886095,0.007389551028609276,16.0,0.1,M16_eta0.1
NOG,10007,912,57.0,467968,245760,912,9.237918376922607,100,0.1,16.0,0.1,y_bar,0.7187463045120239,0.008523031137883663,0.718743085861206,0.00896653812378645,0.7187463045120239,0.008523031137883663,0.007201299071311951,16.0,0.1,M16_eta0.1
NOG,10007,960,60.0,492544,262144,960,9.78073525428772,100,0.1,16.0,0.1,y_bar,0.7184891104698181,0.007852403447031975,0.7184640169143677,0.006314943078905344,0.7184891104698181,0.007852403447031975,0.007845645770430565,16.0,0.1,M16_eta0.1
NOG,10007,16,1.0,9216,16384,16,0.2454516887664795,100,0.1,16.0,0.2,y_bar,0.724708080291748,0.011945272795855999,0.7246938943862915,0.010952898301184177,0.724708080291748,0.011945272795855999,0.010207362473011017,16.0,0.2,M16_eta0.2
NOG,10007,80,5.0,41984,32768,80,0.8967199325561523,100,0.1,16.0,0.2,y_bar,0.7244762778282166,0.008079783990979195,0.7244423031806946,0.008386194705963135,0.7244762778282166,0.008079783990979195,0.007710134144872427,16.0,0.2,M16_eta0.2
NOG,10007,144,9.0,74752,49152,144,1.4878649711608887,100,0.1,16.0,0.2,y_bar,0.7242130637168884,0.008397852070629597,0.7241758704185486,0.007452388294041157,0.7242130637168884,0.008397852070629597,0.007338819094002247,16.0,0.2,M16_eta0.2
NOG,10007,208,13.0,107520,65536,208,2.1084647178649902,100,0.1,16.0,0.2,y_bar,0.7239349484443665,0.007624838966876268,0.7238953113555908,0.008085044100880623,0.7239349484443665,0.007624838966876268,0.008315334096550941,16.0,0.2,M16_eta0.2
NOG,10007,272,17.0,140288,81920,272,2.7156853675842285,100,0.1,16.0,0.2,y_bar,0.723696768283844,0.007206527516245842,0.7236673831939697,0.008038084022700787,0.723696768283844,0.007206527516245842,0.007221896201372147,16.0,0.2,M16_eta0.2
NOG,10007,336,21.0,173056,98304,336,3.3787474632263184,100,0.1,16.0,0.2,y_bar,0.7234957814216614,0.008206560276448727,0.7234607934951782,0.007971156388521194,0.7234957814216614,0.008206560276448727,0.007839737460017204,16.0,0.2,M16_eta0.2
NOG,10007,400,25.0,205824,114688,400,4.004282712936401,100,0.1,16.0,0.2,y_bar,0.7232474088668823,0.007400218863040209,0.7232300639152527,0.007523707579821348,0.7232474088668823,0.007400218863040209,0.00705544650554657,16.0,0.2,M16_eta0.2
NOG,10007,464,29.0,238592,131072,464,4.608526706695557,100,0.1,16.0,0.2,y_bar,0.7230135202407837,0.008213609457015991,0.7229896783828735,0.007614851463586092,0.7230135202407837,0.008213609457015991,0.007650767918676138,16.0,0.2,M16_eta0.2
NOG,10007,528,33.0,271360,147456,528,5.166517496109009,100,0.1,16.0,0.2,y_bar,0.7227967381477356,0.006946425884962082,0.7227846384048462,0.008415663614869118,0.7227967381477356,0.006946425884962082,0.007437833119183779,16.0,0.2,M16_eta0.2
NOG,10007,592,37.0,304128,163840,592,5.7752296924591064,100,0.1,16.0,0.2,y_bar,0.7225678563117981,0.007709331810474396,0.7225408554077148,0.007558455690741539,0.7225678563117981,0.007709331810474396,0.007627433631569147,16.0,0.2,M16_eta0.2
NOG,10007,656,41.0,336896,180224,656,6.423057317733765,100,0.1,16.0,0.2,y_bar,0.7223665118217468,0.00807265006005764,0.7223427295684814,0.00760629354044795,0.7223665118217468,0.00807265006005764,0.008007006719708443,16.0,0.2,M16_eta0.2
NOG,10007,720,45.0,369664,196608,720,6.973899841308594,100,0.1,16.0,0.2,y_bar,0.7221181988716125,0.007164821494370699,0.7221054434776306,0.008542985655367374,0.7221181988716125,0.007164821494370699,0.007221199106425047,16.0,0.2,M16_eta0.2
NOG,10007,784,49.0,402432,212992,784,7.496206998825073,100,0.1,16.0,0.2,y_bar,0.7219061851501465,0.009152079001069069,0.7218886017799377,0.008127001114189625,0.7219061851501465,0.009152079001069069,0.0073140813037753105,16.0,0.2,M16_eta0.2
NOG,10007,848,53.0,435200,229376,848,8.183545351028442,100,0.1,16.0,0.2,y_bar,0.7217170596122742,0.007479352876543999,0.7216858863830566,0.007860029116272926,0.7217170596122742,0.007479352876543999,0.00773707265034318,16.0,0.2,M16_eta0.2
NOG,10007,912,57.0,467968,245760,912,8.911553144454956,100,0.1,16.0,0.2,y_bar,0.7215207815170288,0.008539553731679916,0.7215010523796082,0.008398948237299919,0.7215207815170288,0.008539553731679916,0.007329520769417286,16.0,0.2,M16_eta0.2
NOG,10007,960,60.0,492544,262144,960,9.426117181777954,100,0.1,16.0,0.2,y_bar,0.7213879227638245,0.008306797593832016,0.721367597579956,0.006424928084015846,0.7213879227638245,0.008306797593832016,0.006892332341521978,16.0,0.2,M16_eta0.2
NOG,10007,16,1.0,9216,16384,16,0.2535390853881836,100,0.1,16.0,0.3,y_bar,0.7247044444084167,0.012089415453374386,0.7246968746185303,0.011227806098759174,0.7247044444084167,0.012089415453374386,0.010454216971993446,16.0,0.3,M16_eta0.3
NOG,10007,80,5.0,41984,32768,80,0.8878636360168457,100,0.1,16.0,0.3,y_bar,0.7245385646820068,0.008436467498540878,0.7245118021965027,0.008518168702721596,0.7245385646820068,0.008436467498540878,0.008073742501437664,16.0,0.3,M16_eta0.3
NOG,10007,144,9.0,74752,49152,144,1.4921200275421143,100,0.1,16.0,0.3,y_bar,0.7243481278419495,0.008535080589354038,0.7243255376815796,0.0076169781386852264,0.7243481278419495,0.008535080589354038,0.0073638358153402805,16.0,0.3,M16_eta0.3
NOG,10007,208,13.0,107520,65536,208,2.0560173988342285,100,0.1,16.0,0.3,y_bar,0.7241659760475159,0.007637732662260532,0.7241381406784058,0.008021235466003418,0.7241659760475159,0.007637732662260532,0.008309809491038322,16.0,0.3,M16_eta0.3
NOG,10007,272,17.0,140288,81920,272,2.7560696601867676,100,0.1,16.0,0.3,y_bar,0.7239956259727478,0.007261642254889011,0.7239714860916138,0.008071941323578358,0.7239956259727478,0.007261642254889011,0.007271510548889637,16.0,0.3,M16_eta0.3
NOG,10007,336,21.0,173056,98304,336,3.400719404220581,100,0.1,16.0,0.3,y_bar,0.7238451838493347,0.008129575289785862,0.7238249778747559,0.008062576875090599,0.7238451838493347,0.008129575289785862,0.007597068324685097,16.0,0.3,M16_eta0.3
NOG,10007,400,25.0,205824,114688,400,4.068600416183472,100,0.1,16.0,0.3,y_bar,0.7236627340316772,0.007217792794108391,0.7236409187316895,0.007144881412386894,0.7236627340316772,0.007217792794108391,0.007169054821133614,16.0,0.3,M16_eta0.3
NOG,10007,464,29.0,238592,131072,464,4.683004379272461,100,0.1,16.0,0.3,y_bar,0.723505437374115,0.008209473453462124,0.7235012054443359,0.007335589732974768,0.723505437374115,0.008209473453462124,0.0075013963505625725,16.0,0.3,M16_eta0.3
NOG,10007,528,33.0,271360,147456,528,5.250674724578857,100,0.1,16.0,0.3,y_bar,0.7233706116676331,0.006874618586152792,0.7233660221099854,0.00819206889718771,0.7233706116676331,0.006874618586152792,0.007709476165473461,16.0,0.3,M16_eta0.3
NOG,10007,592,37.0,304128,163840,592,5.902512550354004,100,0.1,16.0,0.3,y_bar,0.7232210040092468,0.007678194437175989,0.7232072353363037,0.007519000209867954,0.7232210040092468,0.007678194437175989,0.007427810225635767,16.0,0.3,M16_eta0.3
NOG,10007,656,41.0,336896,180224,656,6.54132604598999,100,0.1,16.0,0.3,y_bar,0.7230925559997559,0.007881802506744862,0.7230782508850098,0.0072484989650547504,0.7230925559997559,0.007881802506744862,0.00798007007688284,16.0,0.3,M16_eta0.3
NOG,10007,720,45.0,369664,196608,720,7.180963039398193,100,0.1,16.0,0.3,y_bar,0.7229044437408447,0.0070417230017483234,0.7228794693946838,0.00858303252607584,0.7229044437408447,0.0070417230017483234,0.00797305814921856,16.0,0.3,M16_eta0.3
NOG,10007,784,49.0,402432,212992,784,7.799450159072876,100,0.1,16.0,0.3,y_bar,0.7227027416229248,0.009202132932841778,0.7226956486701965,0.008098122663795948,0.7227027416229248,0.009202132932841778,0.007823397405445576,16.0,0.3,M16_eta0.3
NOG,10007,848,53.0,435200,229376,848,8.428670406341553,100,0.1,16.0,0.3,y_bar,0.722550094127655,0.007439253386110067,0.7225202918052673,0.00768410274758935,0.722550094127655,0.007439253386110067,0.008000855334103107,16.0,0.3,M16_eta0.3
NOG,10007,912,57.0,467968,245760,912,9.085614204406738,100,0.1,16.0,0.3,y_bar,0.7223859429359436,0.008436586707830429,0.7223739624023438,0.008462328463792801,0.7223859429359436,0.008436586707830429,0.007350278086960316,16.0,0.3,M16_eta0.3
NOG,10007,960,60.0,492544,262144,960,9.585989236831665,100,0.1,16.0,0.3,y_bar,0.7222597002983093,0.008244076743721962,0.7222497463226318,0.0066526541486382484,0.7222597002983093,0.008244076743721962,0.006862409878522158,16.0,0.3,M16_eta0.3
NOG,10007,16,1.0,9216,16384,16,0.242354154586792,100,0.1,16.0,0.5,y_bar,0.7247034311294556,0.012173330411314964,0.7246982455253601,0.011370910331606865,0.7247034311294556,0.012173330411314964,0.010611478239297867,16.0,0.5,M16_eta0.5
NOG,10007,80,5.0,41984,32768,80,0.8843886852264404,100,0.1,16.0,0.5,y_bar,0.7245715260505676,0.008674745447933674,0.7245516180992126,0.008783567696809769,0.7245715260505676,0.008674745447933674,0.008321751840412617,16.0,0.5,M16_eta0.5
NOG,10007,144,9.0,74752,49152,144,1.5203664302825928,100,0.1,16.0,0.5,y_bar,0.7244192361831665,0.008579975925385952,0.7244016528129578,0.007655405439436436,0.7244192361831665,0.008579975925385952,0.00738885160535574,16.0,0.5,M16_eta0.5
NOG,10007,208,13.0,107520,65536,208,2.1340150833129883,100,0.1,16.0,0.5,y_bar,0.7242838144302368,0.00770449498668313,0.724261999130249,0.008003954775631428,0.7242838144302368,0.00770449498668313,0.008295243605971336,16.0,0.5,M16_eta0.5
NOG,10007,272,17.0,140288,81920,272,2.8022425174713135,100,0.1,16.0,0.5,y_bar,0.7241560816764832,0.007069142069667578,0.7241376638412476,0.008140628226101398,0.7241560816764832,0.007069142069667578,0.00725392485037446,16.0,0.5,M16_eta0.5
NOG,10007,336,21.0,173056,98304,336,3.456480026245117,100,0.1,16.0,0.5,y_bar,0.7240403890609741,0.00809405092149973,0.7240272164344788,0.007813983596861362,0.7240403890609741,0.00809405092149973,0.00772723788395524,16.0,0.5,M16_eta0.5
NOG,10007,400,25.0,205824,114688,400,3.975311756134033,100,0.1,16.0,0.5,y_bar,0.7239010334014893,0.007320234552025795,0.7238855361938477,0.007043709047138691,0.7239010334014893,0.007320234552025795,0.007237665355205536,16.0,0.5,M16_eta0.5
NOG,10007,464,29.0,238592,131072,464,4.593496322631836,100,0.1,16.0,0.5,y_bar,0.7237752079963684,0.008280448615550995,0.7237707376480103,0.007429040037095547,0.7237752079963684,0.008280448615550995,0.007574284914880991,16.0,0.5,M16_eta0.5
NOG,10007,528,33.0,271360,147456,528,5.241874694824219,100,0.1,16.0,0.5,y_bar,0.723661482334137,0.006929399911314249,0.7236551642417908,0.008093710988759995,0.723661482334137,0.006929399911314249,0.007732847705483437,16.0,0.5,M16_eta0.5
NOG,10007,592,37.0,304128,163840,592,5.878101348876953,100,0.1,16.0,0.5,y_bar,0.7235414981842041,0.007672492414712906,0.7235294580459595,0.007372682448476553,0.7235414981842041,0.007672492414712906,0.007572445087134838,16.0,0.5,M16_eta0.5
NOG,10007,656,41.0,336896,180224,656,6.465384006500244,100,0.1,16.0,0.5,y_bar,0.7234508991241455,0.007773702498525381,0.7234435677528381,0.007185152266174555,0.7234508991241455,0.007773702498525381,0.008085958659648895,16.0,0.5,M16_eta0.5
NOG,10007,720,45.0,369664,196608,720,7.053250074386597,100,0.1,16.0,0.5,y_bar,0.7233230471611023,0.0070039997808635235,0.7233021855354309,0.00857529602944851,0.7233230471611023,0.0070039997808635235,0.008243348449468613,16.0,0.5,M16_eta0.5
NOG,10007,784,49.0,402432,212992,784,7.650472640991211,100,0.1,16.0,0.5,y_bar,0.7231723666191101,0.008885081857442856,0.7231674790382385,0.007747798692435026,0.7231723666191101,0.008885081857442856,0.007801790721714497,16.0,0.5,M16_eta0.5
NOG,10007,848,53.0,435200,229376,848,8.254278421401978,100,0.1,16.0,0.5,y_bar,0.7230529189109802,0.007428900804370642,0.7230279445648193,0.007725447881966829,0.7230529189109802,0.007428900804370642,0.007909176871180534,16.0,0.5,M16_eta0.5
NOG,10007,912,57.0,467968,245760,912,8.88405466079712,100,0.1,16.0,0.5,y_bar,0.7229140996932983,0.008134271018207073,0.7229006886482239,0.008115964010357857,0.7229140996932983,0.008134271018207073,0.0073312027379870415,16.0,0.5,M16_eta0.5
NOG,10007,960,60.0,492544,262144,960,9.384700059890747,100,0.1,16.0,0.5,y_bar,0.7228010296821594,0.008244545198976994,0.7227872610092163,0.006614998914301395,0.7228010296821594,0.008244545198976994,0.00710717448964715,16.0,0.5,M16_eta0.5
SmoothedSGD,20007,1,,512,8192,1,0.09299468994140625,100,0.1,,0.05,x,0.7247018218040466,0.012474166229367256,0.7247018218040466,0.012474166229367256,,,,,0.05,SmoothedSGD
SmoothedSGD,20007,64,,32768,16384,64,0.6803762912750244,100,0.1,,0.05,x,0.7246469855308533,0.010315201245248318,0.7246469855308533,0.010315201245248318,,,,,0.05,SmoothedSGD
SmoothedSGD,20007,128,,65536,24576,128,1.1909022331237793,100,0.1,,0.05,x,0.7246058583259583,0.010056471452116966,0.7246058583259583,0.010056471452116966,,,,,0.05,SmoothedSGD
SmoothedSGD,20007,192,,98304,32768,192,1.7343518733978271,100,0.1,,0.05,x,0.7245595455169678,0.008680488914251328,0.7245595455169678,0.008680488914251328,,,,,0.05,SmoothedSGD
SmoothedSGD,20007,256,,131072,40960,256,2.2452633380889893,100,0.1,,0.05,x,0.7245219349861145,0.007760528940707445,0.7245219349861145,0.007760528940707445,,,,,0.05,SmoothedSGD
SmoothedSGD,20007,320,,163840,49152,320,2.8611772060394287,100,0.1,,0.05,x,0.7244719862937927,0.0075450073927640915,0.7244719862937927,0.0075450073927640915,,,,,0.05,SmoothedSGD
SmoothedSGD,20007,384,,196608,57344,384,3.4645864963531494,100,0.1,,0.05,x,0.7244269251823425,0.008023718371987343,0.7244269251823425,0.008023718371987343,,,,,0.05,SmoothedSGD
SmoothedSGD,20007,448,,229376,65536,448,3.9542810916900635,100,0.1,,0.05,x,0.7243788838386536,0.008349739946424961,0.7243788838386536,0.008349739946424961,,,,,0.05,SmoothedSGD
SmoothedSGD,20007,512,,262144,73728,512,4.482270956039429,100,0.1,,0.05,x,0.7243416905403137,0.008475610055029392,0.7243416905403137,0.008475610055029392,,,,,0.05,SmoothedSGD
SmoothedSGD,20007,576,,294912,81920,576,5.0159690380096436,100,0.1,,0.05,x,0.7242991328239441,0.007711145095527172,0.7242991328239441,0.007711145095527172,,,,,0.05,SmoothedSGD
SmoothedSGD,20007,640,,327680,90112,640,5.565509796142578,100,0.1,,0.05,x,0.724270761013031,0.006932242773473263,0.724270761013031,0.006932242773473263,,,,,0.05,SmoothedSGD
SmoothedSGD,20007,704,,360448,98304,704,6.104363679885864,100,0.1,,0.05,x,0.7242336869239807,0.00736192986369133,0.7242336869239807,0.00736192986369133,,,,,0.05,SmoothedSGD
SmoothedSGD,20007,768,,393216,106496,768,6.611588954925537,100,0.1,,0.05,x,0.7241918444633484,0.007563452236354351,0.7241918444633484,0.007563452236354351,,,,,0.05,SmoothedSGD
SmoothedSGD,20007,832,,425984,114688,832,7.195801019668579,100,0.1,,0.05,x,0.7241523265838623,0.007439128123223782,0.7241523265838623,0.007439128123223782,,,,,0.05,SmoothedSGD
SmoothedSGD,20007,896,,458752,122880,896,7.780370712280273,100,0.1,,0.05,x,0.7241044640541077,0.008043264970183372,0.7241044640541077,0.008043264970183372,,,,,0.05,SmoothedSGD
SmoothedSGD,20007,960,,491520,131072,960,8.307206153869629,100,0.1,,0.05,x,0.724054753780365,0.007390390615910292,0.724054753780365,0.007390390615910292,,,,,0.05,SmoothedSGD
NOG,10008,4,1.0,3072,16384,4,0.15129566192626953,100,0.1,4.0,0.1,y_bar,0.7205548882484436,0.01184393372386694,0.7205840349197388,0.01095546968281269,0.7205548882484436,0.01184393372386694,0.015844494104385376,4.0,0.1,M4_eta0.1
NOG,10008,68,17.0,35840,32768,68,0.7323582172393799,100,0.1,4.0,0.1,y_bar,0.7195388674736023,0.009928804822266102,0.7194473147392273,0.009544668719172478,0.7195388674736023,0.009928804822266102,0.014135862700641155,4.0,0.1,M4_eta0.1
NOG,10008,132,33.0,68608,49152,132,1.3927454948425293,100,0.1,4.0,0.1,y_bar,0.7165023684501648,0.009365912526845932,0.7163715958595276,0.009300080128014088,0.7165023684501648,0.009365912526845932,0.01614212617278099,4.0,0.1,M4_eta0.1
NOG,10008,196,49.0,101376,65536,196,2.0487258434295654,100,0.1,4.0,0.1,y_bar,0.7133920192718506,0.009417605586349964,0.7133757472038269,0.011504060588777065,0.7133920192718506,0.009417605586349964,0.013551454991102219,4.0,0.1,M4_eta0.1
NOG,10008,260,65.0,134144,81920,260,2.6619248390197754,100,0.1,4.0,0.1,y_bar,0.7122662663459778,0.009304093196988106,0.7122625708580017,0.010024415329098701,0.7122662663459778,0.009304093196988106,0.015030468814074993,4.0,0.1,M4_eta0.1
NOG,10008,324,81.0,166912,98304,324,3.282846689224243,100,0.1,4.0,0.1,y_bar,0.7113497853279114,0.009892868809401989,0.7112816572189331,0.008652930147945881,0.7113497853279114,0.009892868809401989,0.01515155378729105,4.0,0.1,M4_eta0.1
NOG,10008,388,97.0,199680,114688,388,3.8462212085723877,100,0.1,4.0,0.1,y_bar,0.7101917862892151,0.009537498466670513,0.7102359533309937,0.010756870731711388,0.7101917862892151,0.009537498466670513,0.014931604266166687,4.0,0.1,M4_eta0.1
NOG,10008,452,113.0,232448,131072,452,4.459866285324097,100,0.1,4.0,0.1,y_bar,0.7100496888160706,0.010940308682620525,0.7100258469581604,0.011998114176094532,0.7100496888160706,0.010940308682620525,0.015075570903718472,4.0,0.1,M4_eta0.1
NOG,10008,516,129.0,265216,147456,516,5.113900661468506,100,0.1,4.0,0.1,y_bar,0.7092592716217041,0.00937473401427269,0.7092096209526062,0.009869854897260666,0.7092592716217041,0.00937473401427269,0.014683190733194351,4.0,0.1,M4_eta0.1
NOG,10008,580,145.0,297984,163840,580,5.676232099533081,100,0.1,4.0,0.1,y_bar,0.7078070640563965,0.010708087123930454,0.7077570557594299,0.01091108750551939,0.7078070640563965,0.010708087123930454,0.01459148246794939,4.0,0.1,M4_eta0.1
NOG,10008,644,161.0,330752,180224,644,6.304396867752075,100,0.1,4.0,0.1,y_bar,0.7075943946838379,0.010055217891931534,0.7075609564781189,0.011317526921629906,0.7075943946838379,0.010055217891931534,0.016177266836166382,4.0,0.1,M4_eta0.1
NOG,10008,708,177.0,363520,196608,708,6.8730645179748535,100,0.1,4.0,0.1,y_bar,0.706165611743927,0.010859651491045952,0.7062119841575623,0.01082959771156311,0.706165611743927,0.010859651491045952,0.015166874043643475,4.0,0.1,M4_eta0.1
NOG,10008,772,193.0,396288,212992,772,7.451873779296875,100,0.1,4.0,0.1,y_bar,0.7061055302619934,0.009675055742263794,0.7061468362808228,0.009365543723106384,0.7061055302619934,0.009675055742263794,0.013817241415381432,4.0,0.1,M4_eta0.1
NOG,10008,836,209.0,429056,229376,836,8.039462566375732,100,0.1,4.0,0.1,y_bar,0.7059162855148315,0.010530708357691765,0.7059208750724792,0.010527145117521286,0.7059162855148315,0.010530708357691765,0.01484147273004055,4.0,0.1,M4_eta0.1
NOG,10008,900,225.0,461824,245760,900,8.676821947097778,100,0.1,4.0,0.1,y_bar,0.7064073085784912,0.011178828775882721,0.7064388990402222,0.010832298547029495,0.7064073085784912,0.011178828775882721,0.016297027468681335,4.0,0.1,M4_eta0.1
NOG,10008,960,240.0,492544,262144,960,9.273435354232788,100,0.1,4.0,0.1,y_bar,0.7065162658691406,0.010915381833910942,0.706584095954895,0.010539576411247253,0.7065162658691406,0.010915381833910942,0.015911169350147247,4.0,0.1,M4_eta0.1
NOG,10008,4,1.0,3072,16384,4,0.14616751670837402,100,0.1,4.0,0.2,y_bar,0.7205936908721924,0.01157787349075079,0.7206523418426514,0.010569156147539616,0.7205936908721924,0.01157787349075079,0.015415115281939507,4.0,0.2,M4_eta0.2
NOG,10008,68,17.0,35840,32768,68,0.7790117263793945,100,0.1,4.0,0.2,y_bar,0.7191545367240906,0.009014883078634739,0.7190206050872803,0.009026462212204933,0.7191545367240906,0.009014883078634739,0.013963360339403152,4.0,0.2,M4_eta0.2
NOG,10008,132,33.0,68608,49152,132,1.443849802017212,100,0.1,4.0,0.2,y_bar,0.7156851291656494,0.009240511804819107,0.7155579924583435,0.00789544079452753,0.7156851291656494,0.009240511804819107,0.015942148864269257,4.0,0.2,M4_eta0.2
NOG,10008,196,49.0,101376,65536,196,2.073153018951416,100,0.1,4.0,0.2,y_bar,0.7136012315750122,0.00971507839858532,0.7135680913925171,0.011556747369468212,0.7136012315750122,0.00971507839858532,0.014816605485975742,4.0,0.2,M4_eta0.2
NOG,10008,260,65.0,134144,81920,260,2.6796042919158936,100,0.1,4.0,0.2,y_bar,0.7120966911315918,0.010146692395210266,0.7121052742004395,0.009519089013338089,0.7120966911315918,0.010146692395210266,0.0147583968937397,4.0,0.2,M4_eta0.2
NOG,10008,324,81.0,166912,98304,324,3.2697131633758545,100,0.1,4.0,0.2,y_bar,0.7110078930854797,0.008539793081581593,0.7109774947166443,0.008159777149558067,0.7110078930854797,0.008539793081581593,0.014868066646158695,4.0,0.2,M4_eta0.2
NOG,10008,388,97.0,199680,114688,388,3.942521095275879,100,0.1,4.0,0.2,y_bar,0.7094190120697021,0.008955019526183605,0.7094335556030273,0.010510151274502277,0.7094190120697021,0.008955019526183605,0.014411894604563713,4.0,0.2,M4_eta0.2
NOG,10008,452,113.0,232448,131072,452,4.595912218093872,100,0.1,4.0,0.2,y_bar,0.708725094795227,0.009681429713964462,0.708682119846344,0.008701160550117493,0.708725094795227,0.009681429713964462,0.013359182514250278,4.0,0.2,M4_eta0.2
NOG,10008,516,129.0,265216,147456,516,5.2655415534973145,100,0.1,4.0,0.2,y_bar,0.707828938961029,0.009278934448957443,0.7077826261520386,0.009710161946713924,0.707828938961029,0.009278934448957443,0.014509632252156734,4.0,0.2,M4_eta0.2
NOG,10008,580,145.0,297984,163840,580,5.892064332962036,100,0.1,4.0,0.2,y_bar,0.7068287134170532,0.010349844582378864,0.7068232893943787,0.010069519281387329,0.7068287134170532,0.010349844582378864,0.014322650618851185,4.0,0.2,M4_eta0.2
NOG,10008,644,161.0,330752,180224,644,6.538827896118164,100,0.1,4.0,0.2,y_bar,0.7068896889686584,0.009273475967347622,0.7068835496902466,0.010171088390052319,0.7068896889686584,0.009273475967347622,0.013746979646384716,4.0,0.2,M4_eta0.2
NOG,10008,708,177.0,363520,196608,708,7.173684358596802,100,0.1,4.0,0.2,y_bar,0.7060530781745911,0.008757328614592552,0.7060133218765259,0.008779721334576607,0.7060530781745911,0.008757328614592552,0.015453641302883625,4.0,0.2,M4_eta0.2
NOG,10008,772,193.0,396288,212992,772,7.775290489196777,100,0.1,4.0,0.2,y_bar,0.7057898044586182,0.008291891776025295,0.7058002352714539,0.009575789794325829,0.7057898044586182,0.008291891776025295,0.013785434886813164,4.0,0.2,M4_eta0.2
NOG,10008,836,209.0,429056,229376,836,8.331638813018799,100,0.1,4.0,0.2,y_bar,0.7057155966758728,0.00963569525629282,0.7057631015777588,0.01076900027692318,0.7057155966758728,0.00963569525629282,0.014412905089557171,4.0,0.2,M4_eta0.2
NOG,10008,900,225.0,461824,245760,900,8.980810642242432,100,0.1,4.0,0.2,y_bar,0.7054989337921143,0.010433351621031761,0.7055379152297974,0.010361733846366405,0.7054989337921143,0.010433351621031761,0.01573670096695423,4.0,0.2,M4_eta0.2
NOG,10008,960,240.0,492544,262144,960,9.546453952789307,100,0.1,4.0,0.2,y_bar,0.7050140500068665,0.009528547525405884,0.705039381980896,0.009085102006793022,0.7050140500068665,0.009528547525405884,0.01462880615144968,4.0,0.2,M4_eta0.2
NOG,10008,4,1.0,3072,16384,4,0.15137243270874023,100,0.1,4.0,0.3,y_bar,0.7206326127052307,0.011338253505527973,0.7207173705101013,0.010526086203753948,0.7206326127052307,0.011338253505527973,0.015162287279963493,4.0,0.3,M4_eta0.3
NOG,10008,68,17.0,35840,32768,68,0.8024816513061523,100,0.1,4.0,0.3,y_bar,0.7190524935722351,0.008842308074235916,0.7189769148826599,0.008822260424494743,0.7190524935722351,0.008842308074235916,0.013467839919030666,4.0,0.3,M4_eta0.3
NOG,10008,132,33.0,68608,49152,132,1.3962831497192383,100,0.1,4.0,0.3,y_bar,0.716492235660553,0.009214399382472038,0.7163952589035034,0.007955258712172508,0.716492235660553,0.009214399382472038,0.01576254330575466,4.0,0.3,M4_eta0.3
NOG,10008,196,49.0,101376,65536,196,2.005387783050537,100,0.1,4.0,0.3,y_bar,0.7145346999168396,0.008905218914151192,0.7144055366516113,0.010700998827815056,0.7145346999168396,0.008905218914151192,0.014131166972219944,4.0,0.3,M4_eta0.3
NOG,10008,260,65.0,134144,81920,260,2.5910162925720215,100,0.1,4.0,0.3,y_bar,0.7126762866973877,0.009225614368915558,0.7126548290252686,0.009007065556943417,0.7126762866973877,0.009225614368915558,0.013495308347046375,4.0,0.3,M4_eta0.3
NOG,10008,324,81.0,166912,98304,324,3.2182610034942627,100,0.1,4.0,0.3,y_bar,0.7117781639099121,0.008115113712847233,0.7117723822593689,0.008241883479058743,0.7117781639099121,0.008115113712847233,0.015212858095765114,4.0,0.3,M4_eta0.3
NOG,10008,388,97.0,199680,114688,388,3.835083484649658,100,0.1,4.0,0.3,y_bar,0.710675835609436,0.009278437122702599,0.7107043862342834,0.009205974638462067,0.710675835609436,0.009278437122702599,0.014677891507744789,4.0,0.3,M4_eta0.3
NOG,10008,452,113.0,232448,131072,452,4.45235276222229,100,0.1,4.0,0.3,y_bar,0.7100924253463745,0.00945196021348238,0.7100697159767151,0.009015393443405628,0.7100924253463745,0.00945196021348238,0.013293731026351452,4.0,0.3,M4_eta0.3
NOG,10008,516,129.0,265216,147456,516,5.098492860794067,100,0.1,4.0,0.3,y_bar,0.7090601325035095,0.008216374553740025,0.7090424299240112,0.008356909267604351,0.7090601325035095,0.008216374553740025,0.013405689969658852,4.0,0.3,M4_eta0.3
NOG,10008,580,145.0,297984,163840,580,5.6724700927734375,100,0.1,4.0,0.3,y_bar,0.708684504032135,0.00953338947147131,0.7086641192436218,0.00980819296091795,0.708684504032135,0.00953338947147131,0.01493757776916027,4.0,0.3,M4_eta0.3
NOG,10008,644,161.0,330752,180224,644,6.325292110443115,100,0.1,4.0,0.3,y_bar,0.7081995010375977,0.008288227953016758,0.7082176208496094,0.008320322260260582,0.7081995010375977,0.008288227953016758,0.014455077238380909,4.0,0.3,M4_eta0.3
NOG,10008,708,177.0,363520,196608,708,6.93975305557251,100,0.1,4.0,0.3,y_bar,0.7077396512031555,0.008534704335033894,0.7076783776283264,0.008490925654768944,0.7077396512031555,0.008534704335033894,0.0151828583329916,4.0,0.3,M4_eta0.3
NOG,10008,772,193.0,396288,212992,772,7.577998876571655,100,0.1,4.0,0.3,y_bar,0.7074974775314331,0.00924550462514162,0.7075478434562683,0.010092612355947495,0.7074974775314331,0.00924550462514162,0.014388574287295341,4.0,0.3,M4_eta0.3
NOG,10008,836,209.0,429056,229376,836,8.212721586227417,100,0.1,4.0,0.3,y_bar,0.7073358297348022,0.009648488834500313,0.7073322534561157,0.009120532311499119,0.7073358297348022,0.009648488834500313,0.013527533039450645,4.0,0.3,M4_eta0.3
NOG,10008,900,225.0,461824,245760,900,8.879029273986816,100,0.1,4.0,0.3,y_bar,0.7067673206329346,0.008636037819087505,0.7067199945449829,0.008865674957633018,0.7067673206329346,0.008636037819087505,0.015172154642641544,4.0,0.3,M4_eta0.3
NOG,10008,960,240.0,492544,262144,960,9.511678457260132,100,0.1,4.0,0.3,y_bar,0.7064259648323059,0.009993826039135456,0.7064333558082581,0.010395464487373829,0.7064259648323059,0.009993826039135456,0.01593041978776455,4.0,0.3,M4_eta0.3
NOG,10008,4,1.0,3072,16384,4,0.17594051361083984,100,0.1,4.0,0.5,y_bar,0.720659077167511,0.011393004097044468,0.7207412123680115,0.010420260950922966,0.720659077167511,0.011393004097044468,0.014978799037635326,4.0,0.5,M4_eta0.5
NOG,10008,68,17.0,35840,32768,68,0.7266910076141357,100,0.1,4.0,0.5,y_bar,0.7196130156517029,0.00837220810353756,0.7195601463317871,0.008253861218690872,0.7196130156517029,0.00837220810353756,0.012867944315075874,4.0,0.5,M4_eta0.5
NOG,10008,132,33.0,68608,49152,132,1.3690004348754883,100,0.1,4.0,0.5,y_bar,0.7181529998779297,0.008824643678963184,0.7181247472763062,0.007280830759555101,0.7181529998779297,0.008824643678963184,0.01483279000967741,4.0,0.5,M4_eta0.5
NOG,10008,196,49.0,101376,65536,196,1.9203193187713623,100,0.1,4.0,0.5,y_bar,0.716725766658783,0.009095686487853527,0.716670572757721,0.010218115523457527,0.716725766658783,0.009095686487853527,0.014401672407984734,4.0,0.5,M4_eta0.5
NOG,10008,260,65.0,134144,81920,260,2.5193090438842773,100,0.1,4.0,0.5,y_bar,0.7153388857841492,0.00852116197347641,0.7153187990188599,0.009355985559523106,0.7153388857841492,0.00852116197347641,0.013792713172733784,4.0,0.5,M4_eta0.5
NOG,10008,324,81.0,166912,98304,324,3.2636702060699463,100,0.1,4.0,0.5,y_bar,0.7142375111579895,0.009134571067988873,0.714224100112915,0.008081591688096523,0.7142375111579895,0.009134571067988873,0.014714089222252369,4.0,0.5,M4_eta0.5
NOG,10008,388,97.0,199680,114688,388,3.958616018295288,100,0.1,4.0,0.5,y_bar,0.7133147120475769,0.007773509714752436,0.7132951021194458,0.008860092610120773,0.7133147120475769,0.007773509714752436,0.014642569236457348,4.0,0.5,M4_eta0.5
NOG,10008,452,113.0,232448,131072,452,4.592621326446533,100,0.1,4.0,0.5,y_bar,0.7127143740653992,0.00933742243796587,0.7127365469932556,0.008410537615418434,0.7127143740653992,0.00933742243796587,0.012264717370271683,4.0,0.5,M4_eta0.5
NOG,10008,516,129.0,265216,147456,516,5.212161540985107,100,0.1,4.0,0.5,y_bar,0.7119812965393066,0.008096203207969666,0.7119231224060059,0.009182063862681389,0.7119812965393066,0.008096203207969666,0.013904858380556107,4.0,0.5,M4_eta0.5
NOG,10008,580,145.0,297984,163840,580,5.921158790588379,100,0.1,4.0,0.5,y_bar,0.7111871242523193,0.008726821281015873,0.7111679315567017,0.009423849172890186,0.7111871242523193,0.008726821281015873,0.014239179901778698,4.0,0.5,M4_eta0.5
NOG,10008,644,161.0,330752,180224,644,6.555506229400635,100,0.1,4.0,0.5,y_bar,0.7104944586753845,0.00878012552857399,0.7105138301849365,0.008540663868188858,0.7104944586753845,0.00878012552857399,0.013374232687056065,4.0,0.5,M4_eta0.5
NOG,10008,708,177.0,363520,196608,708,7.263266563415527,100,0.1,4.0,0.5,y_bar,0.709992527961731,0.007664661854505539,0.7099728584289551,0.00864051841199398,0.709992527961731,0.007664661854505539,0.013372714631259441,4.0,0.5,M4_eta0.5
NOG,10008,772,193.0,396288,212992,772,7.8751349449157715,100,0.1,4.0,0.5,y_bar,0.7094365358352661,0.007867778651416302,0.7094843983650208,0.00810335949063301,0.7094365358352661,0.007867778651416302,0.013138022273778915,4.0,0.5,M4_eta0.5
NOG,10008,836,209.0,429056,229376,836,8.429001569747925,100,0.1,4.0,0.5,y_bar,0.7091845870018005,0.008938317187130451,0.7091955542564392,0.008311213925480843,0.7091845870018005,0.008938317187130451,0.01413730625063181,4.0,0.5,M4_eta0.5
NOG,10008,900,225.0,461824,245760,900,9.038009881973267,100,0.1,4.0,0.5,y_bar,0.7087399363517761,0.007643144112080336,0.7087392210960388,0.008456933312118053,0.7087399363517761,0.007643144112080336,0.014460933394730091,4.0,0.5,M4_eta0.5
NOG,10008,960,240.0,492544,262144,960,9.545509338378906,100,0.1,4.0,0.5,y_bar,0.7084798216819763,0.008958837017416954,0.7085016965866089,0.009197545237839222,0.7084798216819763,0.008958837017416954,0.013222657144069672,4.0,0.5,M4_eta0.5
NOG,10008,8,1.0,5120,16384,8,0.20471763610839844,100,0.1,8.0,0.1,y_bar,0.7205727696418762,0.011083940044045448,0.7206040620803833,0.00910709798336029,0.7205727696418762,0.011083940044045448,0.012353960424661636,8.0,0.1,M8_eta0.1
NOG,10008,72,9.0,37888,32768,72,0.8249571323394775,100,0.1,8.0,0.1,y_bar,0.7196019291877747,0.008133744820952415,0.7194627523422241,0.008334562182426453,0.7196019291877747,0.008133744820952415,0.01072683371603489,8.0,0.1,M8_eta0.1
NOG,10008,136,17.0,70656,49152,136,1.435434341430664,100,0.1,8.0,0.1,y_bar,0.7179693579673767,0.008666145615279675,0.7178990840911865,0.00916918646544218,0.7179693579673767,0.008666145615279675,0.009337281808257103,8.0,0.1,M8_eta0.1
NOG,10008,200,25.0,103424,65536,200,2.060760021209717,100,0.1,8.0,0.1,y_bar,0.7165009379386902,0.00924528855830431,0.7163711786270142,0.008527985773980618,0.7165009379386902,0.00924528855830431,0.011545873247087002,8.0,0.1,M8_eta0.1
NOG,10008,264,33.0,136192,81920,264,2.6468069553375244,100,0.1,8.0,0.1,y_bar,0.7150951027870178,0.008872240781784058,0.7150255441665649,0.008479244075715542,0.7150951027870178,0.008872240781784058,0.010396984405815601,8.0,0.1,M8_eta0.1
NOG,10008,328,41.0,168960,98304,328,3.2593472003936768,100,0.1,8.0,0.1,y_bar,0.7138660550117493,0.007865098305046558,0.7138070464134216,0.009035157971084118,0.7138660550117493,0.007865098305046558,0.011595080606639385,8.0,0.1,M8_eta0.1
NOG,10008,392,49.0,201728,114688,392,3.90637469291687,100,0.1,8.0,0.1,y_bar,0.7128096222877502,0.008688616566359997,0.7128071188926697,0.007816353812813759,0.7128096222877502,0.008688616566359997,0.00932320300489664,8.0,0.1,M8_eta0.1
NOG,10008,456,57.0,234496,131072,456,4.496236801147461,100,0.1,8.0,0.1,y_bar,0.7122722268104553,0.00839024968445301,0.712250292301178,0.007990962825715542,0.7122722268104553,0.00839024968445301,0.0105014992877841,8.0,0.1,M8_eta0.1
NOG,10008,520,65.0,267264,147456,520,5.186308860778809,100,0.1,8.0,0.1,y_bar,0.7113296985626221,0.008663542568683624,0.7112613320350647,0.008355377241969109,0.7113296985626221,0.008663542568683624,0.011113889515399933,8.0,0.1,M8_eta0.1
NOG,10008,584,73.0,300032,163840,584,5.800034284591675,100,0.1,8.0,0.1,y_bar,0.7104553580284119,0.009758288972079754,0.7104591131210327,0.009068770334124565,0.7104553580284119,0.009758288972079754,0.010050601325929165,8.0,0.1,M8_eta0.1
NOG,10008,648,81.0,332800,180224,648,6.480577230453491,100,0.1,8.0,0.1,y_bar,0.709655225276947,0.008576180785894394,0.7095789909362793,0.007957503199577332,0.709655225276947,0.008576180785894394,0.010889092460274696,8.0,0.1,M8_eta0.1
NOG,10008,712,89.0,365568,196608,712,7.10974907875061,100,0.1,8.0,0.1,y_bar,0.7090287208557129,0.0088660828769207,0.7090207934379578,0.008708606474101543,0.7090287208557129,0.0088660828769207,0.010355723090469837,8.0,0.1,M8_eta0.1
NOG,10008,776,97.0,398336,212992,776,7.749768972396851,100,0.1,8.0,0.1,y_bar,0.7083271145820618,0.0083096232265234,0.7082921266555786,0.00896794255822897,0.7083271145820618,0.0083096232265234,0.011719790287315845,8.0,0.1,M8_eta0.1
NOG,10008,840,105.0,431104,229376,840,8.395754337310791,100,0.1,8.0,0.1,y_bar,0.708233654499054,0.00749856187030673,0.7082401514053345,0.008397454395890236,0.708233654499054,0.00749856187030673,0.010864307172596455,8.0,0.1,M8_eta0.1
NOG,10008,904,113.0,463872,245760,904,9.000122547149658,100,0.1,8.0,0.1,y_bar,0.7079306840896606,0.00745330611243844,0.7079527974128723,0.008368146605789661,0.7079306840896606,0.00745330611243844,0.010578649118542671,8.0,0.1,M8_eta0.1
NOG,10008,960,120.0,492544,262144,960,9.597087621688843,100,0.1,8.0,0.1,y_bar,0.7079899311065674,0.009150057099759579,0.7079687714576721,0.008827208541333675,0.7079899311065674,0.009150057099759579,0.011206986382603645,8.0,0.1,M8_eta0.1
NOG,10008,8,1.0,5120,16384,8,0.1898365020751953,100,0.1,8.0,0.2,y_bar,0.7206107378005981,0.010836444795131683,0.7206379175186157,0.009031909517943859,0.7206107378005981,0.010836444795131683,0.011900976300239563,8.0,0.2,M8_eta0.2
NOG,10008,72,9.0,37888,32768,72,0.8309144973754883,100,0.1,8.0,0.2,y_bar,0.7198556661605835,0.007539893034845591,0.7197769284248352,0.007422944530844688,0.7198556661605835,0.007539893034845591,0.009971722029149532,8.0,0.2,M8_eta0.2
NOG,10008,136,17.0,70656,49152,136,1.4633243083953857,100,0.1,8.0,0.2,y_bar,0.718935489654541,0.008233410306274891,0.7188669443130493,0.008061164990067482,0.718935489654541,0.008233410306274891,0.00957597978413105,8.0,0.2,M8_eta0.2
NOG,10008,200,25.0,103424,65536,200,2.100050926208496,100,0.1,8.0,0.2,y_bar,0.7180660963058472,0.008214355446398258,0.7179904580116272,0.00806143693625927,0.7180660963058472,0.008214355446398258,0.010469230823218822,8.0,0.2,M8_eta0.2
NOG,10008,264,33.0,136192,81920,264,2.7363879680633545,100,0.1,8.0,0.2,y_bar,0.7171258926391602,0.008464046753942966,0.7170656323432922,0.008412381634116173,0.7171258926391602,0.008464046753942966,0.010379917919635773,8.0,0.2,M8_eta0.2
NOG,10008,328,41.0,168960,98304,328,3.4159114360809326,100,0.1,8.0,0.2,y_bar,0.7160848379135132,0.007121138274669647,0.7160764932632446,0.00880739651620388,0.7160848379135132,0.007121138274669647,0.010813083499670029,8.0,0.2,M8_eta0.2
NOG,10008,392,49.0,201728,114688,392,4.051635980606079,100,0.1,8.0,0.2,y_bar,0.7151654362678528,0.007797676604241133,0.7151123285293579,0.006838822737336159,0.7151654362678528,0.007797676604241133,0.008540450595319271,8.0,0.2,M8_eta0.2
NOG,10008,456,57.0,234496,131072,456,4.646587371826172,100,0.1,8.0,0.2,y_bar,0.714669406414032,0.007883596234023571,0.7146722674369812,0.008604416623711586,0.714669406414032,0.007883596234023571,0.009991850703954697,8.0,0.2,M8_eta0.2
NOG,10008,520,65.0,267264,147456,520,5.3044328689575195,100,0.1,8.0,0.2,y_bar,0.7139739394187927,0.008449944667518139,0.713917076587677,0.0075781927444040775,0.7139739394187927,0.008449944667518139,0.01021020207554102,8.0,0.2,M8_eta0.2
NOG,10008,584,73.0,300032,163840,584,5.9830968379974365,100,0.1,8.0,0.2,y_bar,0.7132951617240906,0.009290543384850025,0.7132577896118164,0.008746457286179066,0.7132951617240906,0.009290543384850025,0.009602703154087067,8.0,0.2,M8_eta0.2
NOG,10008,648,81.0,332800,180224,648,6.587897062301636,100,0.1,8.0,0.2,y_bar,0.7125182151794434,0.008141789585351944,0.7125147581100464,0.00781271606683731,0.7125182151794434,0.008141789585351944,0.009881229139864445,8.0,0.2,M8_eta0.2
NOG,10008,712,89.0,365568,196608,712,7.249179363250732,100,0.1,8.0,0.2,y_bar,0.7121318578720093,0.007637249305844307,0.7121121883392334,0.008138681761920452,0.7121318578720093,0.007637249305844307,0.009754134342074394,8.0,0.2,M8_eta0.2
NOG,10008,776,97.0,398336,212992,776,7.877455472946167,100,0.1,8.0,0.2,y_bar,0.7115947008132935,0.00838605035096407,0.7115741968154907,0.009279373101890087,0.7115947008132935,0.00838605035096407,0.010472863912582397,8.0,0.2,M8_eta0.2
NOG,10008,840,105.0,431104,229376,840,8.458662271499634,100,0.1,8.0,0.2,y_bar,0.7111908197402954,0.006977857556194067,0.7111951112747192,0.00810485053807497,0.7111908197402954,0.006977857556194067,0.010407253168523312,8.0,0.2,M8_eta0.2
NOG,10008,904,113.0,463872,245760,904,9.031479597091675,100,0.1,8.0,0.2,y_bar,0.7107463479042053,0.00800443347543478,0.7107225656509399,0.007961917668581009,0.7107463479042053,0.00800443347543478,0.010811657644808292,8.0,0.2,M8_eta0.2
NOG,10008,960,120.0,492544,262144,960,9.598283529281616,100,0.1,8.0,0.2,y_bar,0.7103946805000305,0.00791572779417038,0.7104244828224182,0.008405476808547974,0.7103946805000305,0.00791572779417038,0.010108963586390018,8.0,0.2,M8_eta0.2
NOG,10008,8,1.0,5120,16384,8,0.18915677070617676,100,0.1,8.0,0.3,y_bar,0.7205802798271179,0.010916256345808506,0.7205947041511536,0.008915240876376629,0.7205802798271179,0.010916256345808506,0.012057815678417683,8.0,0.3,M8_eta0.3
NOG,10008,72,9.0,37888,32768,72,0.8430907726287842,100,0.1,8.0,0.3,y_bar,0.7201284170150757,0.006946849636733532,0.7200762033462524,0.007181082386523485,0.7201284170150757,0.006946849636733532,0.009702921845018864,8.0,0.3,M8_eta0.3
NOG,10008,136,17.0,70656,49152,136,1.4201221466064453,100,0.1,8.0,0.3,y_bar,0.7196163535118103,0.007576570380479097,0.7195722460746765,0.0077787344343960285,0.7196163535118103,0.007576570380479097,0.009177807718515396,8.0,0.3,M8_eta0.3
NOG,10008,200,25.0,103424,65536,200,2.0239217281341553,100,0.1,8.0,0.3,y_bar,0.7191382646560669,0.008086195215582848,0.7190850973129272,0.007971045561134815,0.7191382646560669,0.008086195215582848,0.009371129795908928,8.0,0.3,M8_eta0.3
NOG,10008,264,33.0,136192,81920,264,2.7130162715911865,100,0.1,8.0,0.3,y_bar,0.7185706496238708,0.008197922259569168,0.7185041904449463,0.007832285016775131,0.7185706496238708,0.008197922259569168,0.009469064883887768,8.0,0.3,M8_eta0.3
NOG,10008,328,41.0,168960,98304,328,3.3563809394836426,100,0.1,8.0,0.3,y_bar,0.7179387807846069,0.0073880539275705814,0.7178977727890015,0.008061514236032963,0.7179387807846069,0.0073880539275705814,0.01040008943527937,8.0,0.3,M8_eta0.3
NOG,10008,392,49.0,201728,114688,392,4.027807950973511,100,0.1,8.0,0.3,y_bar,0.7173011302947998,0.007997708395123482,0.7172540426254272,0.007116903550922871,0.7173011302947998,0.007997708395123482,0.00840304046869278,8.0,0.3,M8_eta0.3
NOG,10008,456,57.0,234496,131072,456,4.620687246322632,100,0.1,8.0,0.3,y_bar,0.7168655395507812,0.007726652547717094,0.7168517112731934,0.0076529462821781635,0.7168655395507812,0.007726652547717094,0.009421194903552532,8.0,0.3,M8_eta0.3
NOG,10008,520,65.0,267264,147456,520,5.281064748764038,100,0.1,8.0,0.3,y_bar,0.7162444591522217,0.008057874627411366,0.7161740064620972,0.007586781866848469,0.7162444591522217,0.008057874627411366,0.010350366123020649,8.0,0.3,M8_eta0.3
NOG,10008,584,73.0,300032,163840,584,5.89792799949646,100,0.1,8.0,0.3,y_bar,0.7157177925109863,0.008613141253590584,0.7156897187232971,0.008363955654203892,0.7157177925109863,0.008613141253590584,0.008885492570698261,8.0,0.3,M8_eta0.3
NOG,10008,648,81.0,332800,180224,648,6.50663423538208,100,0.1,8.0,0.3,y_bar,0.7151362299919128,0.008263294585049152,0.7151673436164856,0.008511392399668694,0.7151362299919128,0.008263294585049152,0.009549068287014961,8.0,0.3,M8_eta0.3
NOG,10008,712,89.0,365568,196608,712,7.147147178649902,100,0.1,8.0,0.3,y_bar,0.7147886157035828,0.008301314897835255,0.7147704362869263,0.007346443831920624,0.7147886157035828,0.008301314897835255,0.009090707637369633,8.0,0.3,M8_eta0.3
NOG,10008,776,97.0,398336,212992,776,7.799313068389893,100,0.1,8.0,0.3,y_bar,0.7143601179122925,0.007627903018146753,0.7143564224243164,0.008234953507781029,0.7143601179122925,0.007627903018146753,0.009971832856535912,8.0,0.3,M8_eta0.3
NOG,10008,840,105.0,431104,229376,840,8.428062915802002,100,0.1,8.0,0.3,y_bar,0.7140282988548279,0.007412896957248449,0.7140113711357117,0.008153102360665798,0.7140282988548279,0.007412896957248449,0.010621398687362671,8.0,0.3,M8_eta0.3
NOG,10008,904,113.0,463872,245760,904,9.072853803634644,100,0.1,8.0,0.3,y_bar,0.7135927677154541,0.008671345189213753,0.7135775685310364,0.007805837783962488,0.7135927677154541,0.008671345189213753,0.010124200023710728,8.0,0.3,M8_eta0.3
NOG,10008,960,120.0,492544,262144,960,9.723533630371094,100,0.1,8.0,0.3,y_bar,0.7133370637893677,0.00785064697265625,0.7133609056472778,0.008178631775081158,0.7133370637893677,0.00785064697265625,0.00880005955696106,8.0,0.3,M8_eta0.3
NOG,10008,8,1.0,5120,16384,8,0.16943693161010742,100,0.1,8.0,0.5,y_bar,0.7205560803413391,0.011108685284852982,0.72057044506073,0.009213900193572044,0.7205560803413391,0.011108685284852982,0.012334232218563557,8.0,0.5,M8_eta0.5
NOG,10008,72,9.0,37888,32768,72,0.7161552906036377,100,0.1,8.0,0.5,y_bar,0.7203208208084106,0.006758787203580141,0.7202860713005066,0.007060469128191471,0.7203208208084106,0.006758787203580141,0.009923280216753483,8.0,0.5,M8_eta0.5
NOG,10008,136,17.0,70656,49152,136,1.3047380447387695,100,0.1,8.0,0.5,y_bar,0.7200273275375366,0.007352560758590698,0.720007061958313,0.007678475696593523,0.7200273275375366,0.007352560758590698,0.009053939022123814,8.0,0.5,M8_eta0.5
NOG,10008,200,25.0,103424,65536,200,1.9309749603271484,100,0.1,8.0,0.5,y_bar,0.7197890281677246,0.007962804287672043,0.719754695892334,0.007716788444668055,0.7197890281677246,0.007962804287672043,0.009714383631944656,8.0,0.5,M8_eta0.5
NOG,10008,264,33.0,136192,81920,264,2.607269287109375,100,0.1,8.0,0.5,y_bar,0.7194931507110596,0.007834667339920998,0.7194451689720154,0.007706753443926573,0.7194931507110596,0.007834667339920998,0.009523462504148483,8.0,0.5,M8_eta0.5
NOG,10008,328,41.0,168960,98304,328,3.1928577423095703,100,0.1,8.0,0.5,y_bar,0.7191916704177856,0.007173958234488964,0.7191809415817261,0.007612424902617931,0.7191916704177856,0.007173958234488964,0.010497664101421833,8.0,0.5,M8_eta0.5
NOG,10008,392,49.0,201728,114688,392,3.827098846435547,100,0.1,8.0,0.5,y_bar,0.718872606754303,0.008130193687975407,0.7188490629196167,0.006569876801222563,0.718872606754303,0.008130193687975407,0.008715221658349037,8.0,0.5,M8_eta0.5
NOG,10008,456,57.0,234496,131072,456,4.490977764129639,100,0.1,8.0,0.5,y_bar,0.7186187505722046,0.0070578232407569885,0.7186180353164673,0.00693295756354928,0.7186187505722046,0.0070578232407569885,0.009218897670507431,8.0,0.5,M8_eta0.5
NOG,10008,520,65.0,267264,147456,520,5.133953809738159,100,0.1,8.0,0.5,y_bar,0.7183051109313965,0.007738227024674416,0.718263566493988,0.007285712286829948,0.7183051109313965,0.007738227024674416,0.010608796961605549,8.0,0.5,M8_eta0.5
NOG,10008,584,73.0,300032,163840,584,5.752763986587524,100,0.1,8.0,0.5,y_bar,0.7179720997810364,0.008016509003937244,0.7179718017578125,0.007650484796613455,0.7179720997810364,0.008016509003937244,0.00851102452725172,8.0,0.5,M8_eta0.5
NOG,10008,648,81.0,332800,180224,648,6.4554524421691895,100,0.1,8.0,0.5,y_bar,0.7175948619842529,0.007885481230914593,0.7175943851470947,0.008520792238414288,0.7175948619842529,0.007885481230914593,0.009608256630599499,8.0,0.5,M8_eta0.5
NOG,10008,712,89.0,365568,196608,712,7.11354660987854,100,0.1,8.0,0.5,y_bar,0.7173101902008057,0.00824209488928318,0.7173182964324951,0.0077949040569365025,0.7173101902008057,0.00824209488928318,0.009654577821493149,8.0,0.5,M8_eta0.5
NOG,10008,776,97.0,398336,212992,776,7.742393255233765,100,0.1,8.0,0.5,y_bar,0.7169895768165588,0.007366222329437733,0.716984212398529,0.00824910681694746,0.7169895768165588,0.007366222329437733,0.009424201212823391,8.0,0.5,M8_eta0.5
NOG,10008,840,105.0,431104,229376,840,8.415013790130615,100,0.1,8.0,0.5,y_bar,0.7166898250579834,0.00722352834418416,0.716703474521637,0.008523202501237392,0.7166898250579834,0.00722352834418416,0.010625449009239674,8.0,0.5,M8_eta0.5
NOG,10008,904,113.0,463872,245760,904,9.034299850463867,100,0.1,8.0,0.5,y_bar,0.7164244651794434,0.008390920236706734,0.7164024114608765,0.006734153255820274,0.7164244651794434,0.008390920236706734,0.010195360518991947,8.0,0.5,M8_eta0.5
NOG,10008,960,120.0,492544,262144,960,9.632094860076904,100,0.1,8.0,0.5,y_bar,0.7161921262741089,0.007344242185354233,0.7161787152290344,0.008206801488995552,0.7161921262741089,0.007344242185354233,0.009403832256793976,8.0,0.5,M8_eta0.5
NOG,10008,12,1.0,7168,16384,12,0.2636404037475586,100,0.1,12.0,0.1,y_bar,0.7205756902694702,0.009740137495100498,0.7206008434295654,0.009890013374388218,0.7205756902694702,0.009740137495100498,0.010521084070205688,12.0,0.1,M12_eta0.1
NOG,10008,84,7.0,44032,32768,84,1.0085928440093994,100,0.1,12.0,0.1,y_bar,0.7198387980461121,0.0073333303444087505,0.7197859883308411,0.008680153638124466,0.7198387980461121,0.0073333303444087505,0.008415508083999157,12.0,0.1,M12_eta0.1
NOG,10008,156,13.0,80896,49152,156,1.6928987503051758,100,0.1,12.0,0.1,y_bar,0.7188363075256348,0.007755857426673174,0.718804121017456,0.007444840390235186,0.7188363075256348,0.007755857426673174,0.009118408896028996,12.0,0.1,M12_eta0.1
NOG,10008,228,19.0,117760,65536,228,2.361358880996704,100,0.1,12.0,0.1,y_bar,0.7180671095848083,0.00833181943744421,0.7179592251777649,0.008282411843538284,0.7180671095848083,0.00833181943744421,0.009510240517556667,12.0,0.1,M12_eta0.1
NOG,10008,300,25.0,154624,81920,300,3.013972520828247,100,0.1,12.0,0.1,y_bar,0.7171885967254639,0.009362909011542797,0.717140793800354,0.007668830454349518,0.7171885967254639,0.009362909011542797,0.009151424281299114,12.0,0.1,M12_eta0.1
NOG,10008,372,31.0,191488,98304,372,3.6858606338500977,100,0.1,12.0,0.1,y_bar,0.7162380218505859,0.007644154131412506,0.7161906361579895,0.008286437951028347,0.7162380218505859,0.007644154131412506,0.007875436916947365,12.0,0.1,M12_eta0.1
NOG,10008,444,37.0,228352,114688,444,4.439720869064331,100,0.1,12.0,0.1,y_bar,0.7154365181922913,0.007221702020615339,0.7153608202934265,0.008132250979542732,0.7154365181922913,0.007221702020615339,0.008415141142904758,12.0,0.1,M12_eta0.1
NOG,10008,516,43.0,265216,131072,516,5.112235069274902,100,0.1,12.0,0.1,y_bar,0.7146043181419373,0.007200685795396566,0.7145586013793945,0.009027689695358276,0.7146043181419373,0.007200685795396566,0.008202389813959599,12.0,0.1,M12_eta0.1
NOG,10008,588,49.0,302080,147456,588,5.761915445327759,100,0.1,12.0,0.1,y_bar,0.7140575647354126,0.007840797305107117,0.7139977216720581,0.008055439218878746,0.7140575647354126,0.007840797305107117,0.008283091709017754,12.0,0.1,M12_eta0.1
NOG,10008,660,55.0,338944,163840,660,6.493099689483643,100,0.1,12.0,0.1,y_bar,0.7134769558906555,0.008067457005381584,0.7134326696395874,0.0075079002417624,0.7134769558906555,0.008067457005381584,0.008517111651599407,12.0,0.1,M12_eta0.1
NOG,10008,732,61.0,375808,180224,732,7.217282056808472,100,0.1,12.0,0.1,y_bar,0.7128245830535889,0.007444002665579319,0.712751030921936,0.007887646555900574,0.7128245830535889,0.007444002665579319,0.008375902660191059,12.0,0.1,M12_eta0.1
NOG,10008,804,67.0,412672,196608,804,7.907260179519653,100,0.1,12.0,0.1,y_bar,0.7122215032577515,0.008511880412697792,0.7121792435646057,0.007266657426953316,0.7122215032577515,0.008511880412697792,0.00936137791723013,12.0,0.1,M12_eta0.1
NOG,10008,876,73.0,449536,212992,876,8.613935947418213,100,0.1,12.0,0.1,y_bar,0.7116315960884094,0.008738466538488865,0.711605966091156,0.00836002454161644,0.7116315960884094,0.008738466538488865,0.008066598325967789,12.0,0.1,M12_eta0.1
NOG,10008,948,79.0,486400,229376,948,9.279476404190063,100,0.1,12.0,0.1,y_bar,0.7110567092895508,0.008220138028264046,0.7110264301300049,0.007740880828350782,0.7110567092895508,0.008220138028264046,0.007888874039053917,12.0,0.1,M12_eta0.1
NOG,10008,960,80.0,492544,245760,960,9.496378898620605,100,0.1,12.0,0.1,y_bar,0.7109795808792114,0.008039760403335094,0.7109681963920593,0.008650483563542366,0.7109795808792114,0.008039760403335094,0.0079993586987257,12.0,0.1,M12_eta0.1
NOG,10008,12,1.0,7168,16384,12,0.20276451110839844,100,0.1,12.0,0.2,y_bar,0.7205548882484436,0.009943441487848759,0.7205685973167419,0.01014113612473011,0.7205548882484436,0.009943441487848759,0.01074607577174902,12.0,0.2,M12_eta0.2
NOG,10008,84,7.0,44032,32768,84,0.9406664371490479,100,0.1,12.0,0.2,y_bar,0.7202084064483643,0.007076355163007975,0.7201983332633972,0.008017748594284058,0.7202084064483643,0.007076355163007975,0.008358986116945744,12.0,0.2,M12_eta0.2
NOG,10008,156,13.0,80896,49152,156,1.6688029766082764,100,0.1,12.0,0.2,y_bar,0.7198142409324646,0.007552047725766897,0.7198145389556885,0.006774053443223238,0.7198142409324646,0.007552047725766897,0.008478107862174511,12.0,0.2,M12_eta0.2
NOG,10008,228,19.0,117760,65536,228,2.354687213897705,100,0.1,12.0,0.2,y_bar,0.7194668650627136,0.007906349375844002,0.7194209694862366,0.008018642663955688,0.7194668650627136,0.007906349375844002,0.008579343557357788,12.0,0.2,M12_eta0.2
NOG,10008,300,25.0,154624,81920,300,3.0524356365203857,100,0.1,12.0,0.2,y_bar,0.7190866470336914,0.008878025226294994,0.7190743684768677,0.007379437796771526,0.7190866470336914,0.008878025226294994,0.00891523715108633,12.0,0.2,M12_eta0.2
NOG,10008,372,31.0,191488,98304,372,3.7649827003479004,100,0.1,12.0,0.2,y_bar,0.7186833620071411,0.0070165530778467655,0.7186685800552368,0.007424493785947561,0.7186833620071411,0.0070165530778467655,0.0076231518760323524,12.0,0.2,M12_eta0.2
NOG,10008,444,37.0,228352,114688,444,4.482705593109131,100,0.1,12.0,0.2,y_bar,0.7182745933532715,0.006385848391801119,0.7182176113128662,0.007080087438225746,0.7182745933532715,0.006385848391801119,0.008120710030198097,12.0,0.2,M12_eta0.2
NOG,10008,516,43.0,265216,131072,516,5.172095775604248,100,0.1,12.0,0.2,y_bar,0.7177482843399048,0.007291873451322317,0.717735767364502,0.008378463797271252,0.7177482843399048,0.007291873451322317,0.00797115359455347,12.0,0.2,M12_eta0.2
NOG,10008,588,49.0,302080,147456,588,5.852029323577881,100,0.1,12.0,0.2,y_bar,0.7173398733139038,0.007362908683717251,0.7173100709915161,0.008241415955126286,0.7173398733139038,0.007362908683717251,0.007799719460308552,12.0,0.2,M12_eta0.2
NOG,10008,660,55.0,338944,163840,660,6.577416181564331,100,0.1,12.0,0.2,y_bar,0.7168815732002258,0.008382903411984444,0.7168339490890503,0.007833899930119514,0.7168815732002258,0.008382903411984444,0.008454928174614906,12.0,0.2,M12_eta0.2
NOG,10008,732,61.0,375808,180224,732,7.2508015632629395,100,0.1,12.0,0.2,y_bar,0.7164965271949768,0.00720126973465085,0.7164462208747864,0.00774043845012784,0.7164965271949768,0.00720126973465085,0.007941579446196556,12.0,0.2,M12_eta0.2
NOG,10008,804,67.0,412672,196608,804,7.903707981109619,100,0.1,12.0,0.2,y_bar,0.7160052061080933,0.008476780727505684,0.7159785032272339,0.0076177408918738365,0.7160052061080933,0.008476780727505684,0.008967299945652485,12.0,0.2,M12_eta0.2
NOG,10008,876,73.0,449536,212992,876,8.640391826629639,100,0.1,12.0,0.2,y_bar,0.7156187295913696,0.007859800942242146,0.7155829668045044,0.0075700124725699425,0.7156187295913696,0.007859800942242146,0.008142494596540928,12.0,0.2,M12_eta0.2
NOG,10008,948,79.0,486400,229376,948,9.315713167190552,100,0.1,12.0,0.2,y_bar,0.7152498960494995,0.00769210746511817,0.7152069211006165,0.007926041260361671,0.7152498960494995,0.00769210746511817,0.007359531708061695,12.0,0.2,M12_eta0.2
NOG,10008,960,80.0,492544,245760,960,9.503194808959961,100,0.1,12.0,0.2,y_bar,0.7151646018028259,0.008036253973841667,0.7151290774345398,0.008059573359787464,0.7151646018028259,0.008036253973841667,0.008181656710803509,12.0,0.2,M12_eta0.2
NOG,10008,12,1.0,7168,16384,12,0.2479255199432373,100,0.1,12.0,0.3,y_bar,0.7205423712730408,0.010148885659873486,0.7205535769462585,0.010274626314640045,0.7205423712730408,0.010148885659873486,0.011096982285380363,12.0,0.3,M12_eta0.3
NOG,10008,84,7.0,44032,32768,84,0.9650583267211914,100,0.1,12.0,0.3,y_bar,0.7203307151794434,0.007348744664341211,0.7203193306922913,0.00794634036719799,0.7203307151794434,0.007348744664341211,0.008488700725138187,12.0,0.3,M12_eta0.3
NOG,10008,156,13.0,80896,49152,156,1.6927647590637207,100,0.1,12.0,0.3,y_bar,0.7201230525970459,0.007264209911227226,0.7201173305511475,0.006547428201884031,0.7201230525970459,0.007264209911227226,0.008491472341120243,12.0,0.3,M12_eta0.3
NOG,10008,228,19.0,117760,65536,228,2.387484312057495,100,0.1,12.0,0.3,y_bar,0.7198934555053711,0.007629348896443844,0.7198628783226013,0.007738636340945959,0.7198934555053711,0.007629348896443844,0.008496181108057499,12.0,0.3,M12_eta0.3
NOG,10008,300,25.0,154624,81920,300,3.057921886444092,100,0.1,12.0,0.3,y_bar,0.7196590304374695,0.008628920651972294,0.7196523547172546,0.007181182503700256,0.7196590304374695,0.008628920651972294,0.008594189770519733,12.0,0.3,M12_eta0.3
NOG,10008,372,31.0,191488,98304,372,3.7254457473754883,100,0.1,12.0,0.3,y_bar,0.7194522023200989,0.006967582274228334,0.7194440364837646,0.007242326159030199,0.7194522023200989,0.006967582274228334,0.007846499793231487,12.0,0.3,M12_eta0.3
NOG,10008,444,37.0,228352,114688,444,4.35542106628418,100,0.1,12.0,0.3,y_bar,0.719237744808197,0.006394282449036837,0.7191947102546692,0.0067984978668391705,0.719237744808197,0.006394282449036837,0.007937624119222164,12.0,0.3,M12_eta0.3
NOG,10008,516,43.0,265216,131072,516,5.029189109802246,100,0.1,12.0,0.3,y_bar,0.7189487218856812,0.006841231603175402,0.71895432472229,0.0082777738571167,0.7189487218856812,0.006841231603175402,0.007804156746715307,12.0,0.3,M12_eta0.3
NOG,10008,588,49.0,302080,147456,588,5.760610342025757,100,0.1,12.0,0.3,y_bar,0.7186742424964905,0.007174699101597071,0.7186470031738281,0.007732827216386795,0.7186742424964905,0.007174699101597071,0.008216625079512596,12.0,0.3,M12_eta0.3
NOG,10008,660,55.0,338944,163840,660,6.440388441085815,100,0.1,12.0,0.3,y_bar,0.7183906435966492,0.008104018867015839,0.7183801531791687,0.007767013739794493,0.7183906435966492,0.008104018867015839,0.007987262681126595,12.0,0.3,M12_eta0.3
NOG,10008,732,61.0,375808,180224,732,6.993041515350342,100,0.1,12.0,0.3,y_bar,0.7181304693222046,0.007434049621224403,0.7181128859519958,0.007191551383584738,0.7181304693222046,0.007434049621224403,0.007877168245613575,12.0,0.3,M12_eta0.3
NOG,10008,804,67.0,412672,196608,804,7.722885847091675,100,0.1,12.0,0.3,y_bar,0.7178099751472473,0.008527991361916065,0.7177758812904358,0.00719260610640049,0.7178099751472473,0.008527991361916065,0.009130769409239292,12.0,0.3,M12_eta0.3
NOG,10008,876,73.0,449536,212992,876,8.387830018997192,100,0.1,12.0,0.3,y_bar,0.7174443602561951,0.0074920207262039185,0.7174188494682312,0.007225863169878721,0.7174443602561951,0.0074920207262039185,0.008076364174485207,12.0,0.3,M12_eta0.3
NOG,10008,948,79.0,486400,229376,948,9.076805591583252,100,0.1,12.0,0.3,y_bar,0.7171902656555176,0.007614920847117901,0.7171758413314819,0.007551843300461769,0.7171902656555176,0.007614920847117901,0.006856868974864483,12.0,0.3,M12_eta0.3
NOG,10008,960,80.0,492544,245760,960,9.31509518623352,100,0.1,12.0,0.3,y_bar,0.7171528935432434,0.0077016898430883884,0.7171428203582764,0.007895470596849918,0.7171528935432434,0.0077016898430883884,0.007906603626906872,12.0,0.3,M12_eta0.3
NOG,10008,12,1.0,7168,16384,12,0.23765254020690918,100,0.1,12.0,0.5,y_bar,0.7205359935760498,0.010332567617297173,0.7205425500869751,0.010525347664952278,0.7205359935760498,0.010332567617297173,0.011381503194570541,12.0,0.5,M12_eta0.5
NOG,10008,84,7.0,44032,32768,84,1.0011646747589111,100,0.1,12.0,0.5,y_bar,0.7203823924064636,0.0075079831294715405,0.7203745245933533,0.008175797760486603,0.7203823924064636,0.0075079831294715405,0.00871568825095892,12.0,0.5,M12_eta0.5
NOG,10008,156,13.0,80896,49152,156,1.690039873123169,100,0.1,12.0,0.5,y_bar,0.7202646732330322,0.007040203548967838,0.7202584743499756,0.006557104643434286,0.7202646732330322,0.007040203548967838,0.008604729548096657,12.0,0.5,M12_eta0.5
NOG,10008,228,19.0,117760,65536,228,2.4234886169433594,100,0.1,12.0,0.5,y_bar,0.7201164364814758,0.00750455679371953,0.7200907468795776,0.007774897385388613,0.7201164364814758,0.00750455679371953,0.008580694906413555,12.0,0.5,M12_eta0.5
NOG,10008,300,25.0,154624,81920,300,3.1769018173217773,100,0.1,12.0,0.5,y_bar,0.7199430465698242,0.008605916053056717,0.7199319005012512,0.007079072762280703,0.7199430465698242,0.008605916053056717,0.008721900172531605,12.0,0.5,M12_eta0.5
NOG,10008,372,31.0,191488,98304,372,3.9131524562835693,100,0.1,12.0,0.5,y_bar,0.7197908759117126,0.007154121063649654,0.7197818160057068,0.007108769379556179,0.7197908759117126,0.007154121063649654,0.007936151698231697,12.0,0.5,M12_eta0.5
NOG,10008,444,37.0,228352,114688,444,4.668188571929932,100,0.1,12.0,0.5,y_bar,0.7196552753448486,0.006486767437309027,0.7196310758590698,0.0066713797859847546,0.7196552753448486,0.006486767437309027,0.007621254771947861,12.0,0.5,M12_eta0.5
NOG,10008,516,43.0,265216,131072,516,5.353186845779419,100,0.1,12.0,0.5,y_bar,0.7194713354110718,0.006743186619132757,0.7194725871086121,0.008117899298667908,0.7194713354110718,0.006743186619132757,0.007707902695983648,12.0,0.5,M12_eta0.5
NOG,10008,588,49.0,302080,147456,588,6.092186212539673,100,0.1,12.0,0.5,y_bar,0.7192954421043396,0.007124387193471193,0.7192754149436951,0.007877167314291,0.7192954421043396,0.007124387193471193,0.007960316725075245,12.0,0.5,M12_eta0.5
NOG,10008,660,55.0,338944,163840,660,6.691161394119263,100,0.1,12.0,0.5,y_bar,0.7191224098205566,0.007627458311617374,0.7191184163093567,0.007536070421338081,0.7191224098205566,0.007627458311617374,0.007819140329957008,12.0,0.5,M12_eta0.5
NOG,10008,732,61.0,375808,180224,732,7.404001951217651,100,0.1,12.0,0.5,y_bar,0.7189946174621582,0.0074499608017504215,0.7189856767654419,0.0069115376099944115,0.7189946174621582,0.0074499608017504215,0.007623520214110613,12.0,0.5,M12_eta0.5
NOG,10008,804,67.0,412672,196608,804,8.185193538665771,100,0.1,12.0,0.5,y_bar,0.718800961971283,0.008195610716938972,0.7187811732292175,0.00659307511523366,0.718800961971283,0.008195610716938972,0.00881875492632389,12.0,0.5,M12_eta0.5
NOG,10008,876,73.0,449536,212992,876,8.910154104232788,100,0.1,12.0,0.5,y_bar,0.7185745239257812,0.0075858766213059425,0.7185614109039307,0.00716555817052722,0.7185745239257812,0.0075858766213059425,0.007809301372617483,12.0,0.5,M12_eta0.5
NOG,10008,948,79.0,486400,229376,948,9.62060284614563,100,0.1,12.0,0.5,y_bar,0.7183846831321716,0.007238560356199741,0.7183730006217957,0.007649539969861507,0.7183846831321716,0.007238560356199741,0.007345287594944239,12.0,0.5,M12_eta0.5
NOG,10008,960,80.0,492544,245760,960,9.830771684646606,100,0.1,12.0,0.5,y_bar,0.7183505296707153,0.007969344966113567,0.7183449268341064,0.007729934994131327,0.7183505296707153,0.007969344966113567,0.00764539884403348,12.0,0.5,M12_eta0.5
NOG,10008,16,1.0,9216,16384,16,0.24832463264465332,100,0.1,16.0,0.1,y_bar,0.7205541133880615,0.009930459782481194,0.7205355167388916,0.008831811137497425,0.7205541133880615,0.009930459782481194,0.010094130411744118,16.0,0.1,M16_eta0.1
NOG,10008,80,5.0,41984,32768,80,0.873833417892456,100,0.1,16.0,0.1,y_bar,0.7201539278030396,0.008064379915595055,0.7201225757598877,0.008371341973543167,0.7201539278030396,0.008064379915595055,0.007402497343719006,16.0,0.1,M16_eta0.1
NOG,10008,144,9.0,74752,49152,144,1.45163893699646,100,0.1,16.0,0.1,y_bar,0.7197077870368958,0.007443238515406847,0.7196530103683472,0.00740565313026309,0.7197077870368958,0.007443238515406847,0.007619477808475494,16.0,0.1,M16_eta0.1
NOG,10008,208,13.0,107520,65536,208,2.125865936279297,100,0.1,16.0,0.1,y_bar,0.7193383574485779,0.00859296228736639,0.7192544937133789,0.00819055549800396,0.7193383574485779,0.00859296228736639,0.007218843325972557,16.0,0.1,M16_eta0.1
NOG,10008,272,17.0,140288,81920,272,2.7762835025787354,100,0.1,16.0,0.1,y_bar,0.7188708782196045,0.008230603300035,0.7188002467155457,0.007331694941967726,0.7188708782196045,0.008230603300035,0.0075603085570037365,16.0,0.1,M16_eta0.1
NOG,10008,336,21.0,173056,98304,336,3.4565677642822266,100,0.1,16.0,0.1,y_bar,0.718349814414978,0.007119220215827227,0.7183008790016174,0.008026422001421452,0.718349814414978,0.007119220215827227,0.007494902703911066,16.0,0.1,M16_eta0.1
NOG,10008,400,25.0,205824,114688,400,4.084129095077515,100,0.1,16.0,0.1,y_bar,0.7178766131401062,0.007197887636721134,0.7178484797477722,0.007456770166754723,0.7178766131401062,0.007197887636721134,0.00686007970944047,16.0,0.1,M16_eta0.1
NOG,10008,464,29.0,238592,131072,464,4.760456085205078,100,0.1,16.0,0.1,y_bar,0.7174977660179138,0.007883680984377861,0.7174549102783203,0.009389693848788738,0.7174977660179138,0.007883680984377861,0.00713164359331131,16.0,0.1,M16_eta0.1
NOG,10008,528,33.0,271360,147456,528,5.392879486083984,100,0.1,16.0,0.1,y_bar,0.7170286178588867,0.009361238218843937,0.7169693112373352,0.007646654732525349,0.7170286178588867,0.009361238218843937,0.007945980876684189,16.0,0.1,M16_eta0.1
NOG,10008,592,37.0,304128,163840,592,5.98446249961853,100,0.1,16.0,0.1,y_bar,0.7165961861610413,0.007527057081460953,0.716553270816803,0.008474522270262241,0.7165961861610413,0.007527057081460953,0.007900569587945938,16.0,0.1,M16_eta0.1
NOG,10008,656,41.0,336896,180224,656,6.6362903118133545,100,0.1,16.0,0.1,y_bar,0.71603924036026,0.007407840341329575,0.7160212397575378,0.007399231195449829,0.71603924036026,0.007407840341329575,0.006803651340305805,16.0,0.1,M16_eta0.1
NOG,10008,720,45.0,369664,196608,720,7.240419626235962,100,0.1,16.0,0.1,y_bar,0.7156965732574463,0.007836556993424892,0.71563720703125,0.007512090727686882,0.7156965732574463,0.007836556993424892,0.006810909137129784,16.0,0.1,M16_eta0.1
NOG,10008,784,49.0,402432,212992,784,7.927866697311401,100,0.1,16.0,0.1,y_bar,0.7152739763259888,0.007033552974462509,0.7152644991874695,0.009177375584840775,0.7152739763259888,0.007033552974462509,0.007164680399000645,16.0,0.1,M16_eta0.1
NOG,10008,848,53.0,435200,229376,848,8.625109434127808,100,0.1,16.0,0.1,y_bar,0.7149897813796997,0.007725330535322428,0.7149662375450134,0.007522574160248041,0.7149897813796997,0.007725330535322428,0.00754513218998909,16.0,0.1,M16_eta0.1
NOG,10008,912,57.0,467968,245760,912,9.281623601913452,100,0.1,16.0,0.1,y_bar,0.7146865129470825,0.00713771115988493,0.7146651148796082,0.008176813833415508,0.7146865129470825,0.00713771115988493,0.007204873953014612,16.0,0.1,M16_eta0.1
NOG,10008,960,60.0,492544,262144,960,9.772200107574463,100,0.1,16.0,0.1,y_bar,0.7145081162452698,0.007515209726989269,0.7144688367843628,0.007939069531857967,0.7145081162452698,0.007515209726989269,0.007188564632087946,16.0,0.1,M16_eta0.1
NOG,10008,16,1.0,9216,16384,16,0.2156355381011963,100,0.1,16.0,0.2,y_bar,0.7205328345298767,0.01023954339325428,0.7205184698104858,0.009483696892857552,0.7205328345298767,0.01023954339325428,0.010539102368056774,16.0,0.2,M16_eta0.2
NOG,10008,80,5.0,41984,32768,80,0.8723893165588379,100,0.1,16.0,0.2,y_bar,0.7203744053840637,0.008295557461678982,0.7203651070594788,0.008027863688766956,0.7203744053840637,0.008295557461678982,0.007833505049347878,16.0,0.2,M16_eta0.2
NOG,10008,144,9.0,74752,49152,144,1.5046558380126953,100,0.1,16.0,0.2,y_bar,0.7202162742614746,0.007362461648881435,0.7201992273330688,0.007243703585118055,0.7202162742614746,0.007362461648881435,0.007533620111644268,16.0,0.2,M16_eta0.2
NOG,10008,208,13.0,107520,65536,208,2.1296496391296387,100,0.1,16.0,0.2,y_bar,0.7200711965560913,0.007884267717599869,0.7200384736061096,0.008103598840534687,0.7200711965560913,0.007884267717599869,0.006783648394048214,16.0,0.2,M16_eta0.2
NOG,10008,272,17.0,140288,81920,272,2.8034543991088867,100,0.1,16.0,0.2,y_bar,0.719862699508667,0.008003114722669125,0.7198286652565002,0.007001896388828754,0.719862699508667,0.008003114722669125,0.007618490140885115,16.0,0.2,M16_eta0.2
NOG,10008,336,21.0,173056,98304,336,3.4313528537750244,100,0.1,16.0,0.2,y_bar,0.7196748852729797,0.006808956153690815,0.719662606716156,0.007676298264414072,0.7196748852729797,0.006808956153690815,0.007117633707821369,16.0,0.2,M16_eta0.2
NOG,10008,400,25.0,205824,114688,400,4.0688536167144775,100,0.1,16.0,0.2,y_bar,0.7195146679878235,0.007168738171458244,0.7195156812667847,0.006917126476764679,0.7195146679878235,0.007168738171458244,0.006892294157296419,16.0,0.2,M16_eta0.2
NOG,10008,464,29.0,238592,131072,464,4.692724704742432,100,0.1,16.0,0.2,y_bar,0.7193763852119446,0.007030814420431852,0.7193509936332703,0.008240999653935432,0.7193763852119446,0.007030814420431852,0.006748712155967951,16.0,0.2,M16_eta0.2
NOG,10008,528,33.0,271360,147456,528,5.377578496932983,100,0.1,16.0,0.2,y_bar,0.7191688418388367,0.009068799205124378,0.7191447019577026,0.007415040396153927,0.7191688418388367,0.009068799205124378,0.007923762314021587,16.0,0.2,M16_eta0.2
NOG,10008,592,37.0,304128,163840,592,6.086184740066528,100,0.1,16.0,0.2,y_bar,0.7189928293228149,0.007290633860975504,0.7189844250679016,0.007824122905731201,0.7189928293228149,0.007290633860975504,0.007141494657844305,16.0,0.2,M16_eta0.2
NOG,10008,656,41.0,336896,180224,656,6.782479524612427,100,0.1,16.0,0.2,y_bar,0.7188076972961426,0.0072438353672623634,0.7187837958335876,0.007271238137036562,0.7188076972961426,0.0072438353672623634,0.006250238511711359,16.0,0.2,M16_eta0.2
NOG,10008,720,45.0,369664,196608,720,7.4003095626831055,100,0.1,16.0,0.2,y_bar,0.718661904335022,0.007566958200186491,0.7186358571052551,0.007255386095494032,0.718661904335022,0.007566958200186491,0.007137883920222521,16.0,0.2,M16_eta0.2
NOG,10008,784,49.0,402432,212992,784,8.030930757522583,100,0.1,16.0,0.2,y_bar,0.7184728384017944,0.007047370076179504,0.718467652797699,0.00846235454082489,0.7184728384017944,0.007047370076179504,0.006691180169582367,16.0,0.2,M16_eta0.2
NOG,10008,848,53.0,435200,229376,848,8.65823221206665,100,0.1,16.0,0.2,y_bar,0.7182755470275879,0.007333814632147551,0.7182366251945496,0.007231579627841711,0.7182755470275879,0.007333814632147551,0.008001958020031452,16.0,0.2,M16_eta0.2
NOG,10008,912,57.0,467968,245760,912,9.253260850906372,100,0.1,16.0,0.2,y_bar,0.7180517315864563,0.006718511693179607,0.7180303931236267,0.007891972549259663,0.7180517315864563,0.006718511693179607,0.007452608551830053,16.0,0.2,M16_eta0.2
NOG,10008,960,60.0,492544,262144,960,9.759235382080078,100,0.1,16.0,0.2,y_bar,0.7179332971572876,0.007300770841538906,0.7179228663444519,0.007523514796048403,0.7179332971572876,0.007300770841538906,0.007018202915787697,16.0,0.2,M16_eta0.2
NOG,10008,16,1.0,9216,16384,16,0.23769879341125488,100,0.1,16.0,0.3,y_bar,0.7205284237861633,0.010392921045422554,0.7205179333686829,0.009907067753374577,0.7205284237861633,0.010392921045422554,0.010750794783234596,16.0,0.3,M16_eta0.3
NOG,10008,80,5.0,41984,32768,80,0.8991813659667969,100,0.1,16.0,0.3,y_bar,0.7204159498214722,0.00852199736982584,0.7204116582870483,0.008204532787203789,0.7204159498214722,0.00852199736982584,0.008131214417517185,16.0,0.3,M16_eta0.3
NOG,10008,144,9.0,74752,49152,144,1.5240683555603027,100,0.1,16.0,0.3,y_bar,0.7203169465065002,0.007503006141632795,0.7203109264373779,0.007210942450910807,0.7203169465065002,0.007503006141632795,0.007595085073262453,16.0,0.3,M16_eta0.3
NOG,10008,208,13.0,107520,65536,208,2.1186952590942383,100,0.1,16.0,0.3,y_bar,0.7202244997024536,0.007807224988937378,0.7202037572860718,0.008101811632514,0.7202244997024536,0.007807224988937378,0.00684933178126812,16.0,0.3,M16_eta0.3
NOG,10008,272,17.0,140288,81920,272,2.8224294185638428,100,0.1,16.0,0.3,y_bar,0.7200828790664673,0.008076113648712635,0.7200673818588257,0.0070402780547738075,0.7200828790664673,0.008076113648712635,0.007555506657809019,16.0,0.3,M16_eta0.3
NOG,10008,336,21.0,173056,98304,336,3.4521305561065674,100,0.1,16.0,0.3,y_bar,0.7199406623840332,0.007126370910555124,0.719933032989502,0.007569969166070223,0.7199406623840332,0.007126370910555124,0.007290631532669067,16.0,0.3,M16_eta0.3
NOG,10008,400,25.0,205824,114688,400,4.038561820983887,100,0.1,16.0,0.3,y_bar,0.7198248505592346,0.007070343475788832,0.7198235392570496,0.006908792071044445,0.7198248505592346,0.007070343475788832,0.006843976676464081,16.0,0.3,M16_eta0.3
NOG,10008,464,29.0,238592,131072,464,4.70097279548645,100,0.1,16.0,0.3,y_bar,0.7197296619415283,0.006926678586751223,0.7197147607803345,0.007988114841282368,0.7197296619415283,0.006926678586751223,0.006811243016272783,16.0,0.3,M16_eta0.3
NOG,10008,528,33.0,271360,147456,528,5.407493352890015,100,0.1,16.0,0.3,y_bar,0.7195956110954285,0.008734872564673424,0.7195821404457092,0.007213165983557701,0.7195956110954285,0.008734872564673424,0.007802570704370737,16.0,0.3,M16_eta0.3
NOG,10008,592,37.0,304128,163840,592,6.040958404541016,100,0.1,16.0,0.3,y_bar,0.7194806337356567,0.006912086624652147,0.7194703817367554,0.0075883385725319386,0.7194806337356567,0.006912086624652147,0.0069897067733109,16.0,0.3,M16_eta0.3
NOG,10008,656,41.0,336896,180224,656,6.746346950531006,100,0.1,16.0,0.3,y_bar,0.7193570733070374,0.006958822254091501,0.719335675239563,0.007214091718196869,0.7193570733070374,0.006958822254091501,0.006451713852584362,16.0,0.3,M16_eta0.3
NOG,10008,720,45.0,369664,196608,720,7.4079084396362305,100,0.1,16.0,0.3,y_bar,0.7192686796188354,0.007390817627310753,0.7192458510398865,0.00723542645573616,0.7192686796188354,0.007390817627310753,0.0069449106231331825,16.0,0.3,M16_eta0.3
NOG,10008,784,49.0,402432,212992,784,8.091575622558594,100,0.1,16.0,0.3,y_bar,0.7191484570503235,0.006975183263421059,0.7191498875617981,0.007978632114827633,0.7191484570503235,0.006975183263421059,0.006649792660027742,16.0,0.3,M16_eta0.3
NOG,10008,848,53.0,435200,229376,848,8.703860521316528,100,0.1,16.0,0.3,y_bar,0.7190129160881042,0.0070506189949810505,0.7189867496490479,0.0070704929530620575,0.7190129160881042,0.0070506189949810505,0.007851221598684788,16.0,0.3,M16_eta0.3
NOG,10008,912,57.0,467968,245760,912,9.325004816055298,100,0.1,16.0,0.3,y_bar,0.7188594341278076,0.0067146047949790955,0.7188478112220764,0.007566297892481089,0.7188594341278076,0.0067146047949790955,0.007606247905641794,16.0,0.3,M16_eta0.3
NOG,10008,960,60.0,492544,262144,960,9.823617935180664,100,0.1,16.0,0.3,y_bar,0.718794047832489,0.007115527056157589,0.718785285949707,0.007015513256192207,0.718794047832489,0.007115527056157589,0.006745942868292332,16.0,0.3,M16_eta0.3
NOG,10008,16,1.0,9216,16384,16,0.28222084045410156,100,0.1,16.0,0.5,y_bar,0.7205259203910828,0.010517898015677929,0.7205187082290649,0.010178419761359692,0.7205259203910828,0.010517898015677929,0.01091617252677679,16.0,0.5,M16_eta0.5
NOG,10008,80,5.0,41984,32768,80,0.9095220565795898,100,0.1,16.0,0.5,y_bar,0.7204375863075256,0.008788837119936943,0.7204335927963257,0.008414454758167267,0.7204375863075256,0.008788837119936943,0.008470646105706692,16.0,0.5,M16_eta0.5
NOG,10008,144,9.0,74752,49152,144,1.590428352355957,100,0.1,16.0,0.5,y_bar,0.7203657627105713,0.0076989042572677135,0.7203640341758728,0.007329159881919622,0.7203657627105713,0.0076989042572677135,0.0076679387129843235,16.0,0.5,M16_eta0.5
NOG,10008,208,13.0,107520,65536,208,2.2598814964294434,100,0.1,16.0,0.5,y_bar,0.7202990651130676,0.007791648153215647,0.7202833294868469,0.008045902475714684,0.7202990651130676,0.007791648153215647,0.006976385600864887,16.0,0.5,M16_eta0.5
NOG,10008,272,17.0,140288,81920,272,2.8644979000091553,100,0.1,16.0,0.5,y_bar,0.7201910614967346,0.008159409277141094,0.7201827168464661,0.007002042140811682,0.7201910614967346,0.008159409277141094,0.0075251078233122826,16.0,0.5,M16_eta0.5
NOG,10008,336,21.0,173056,98304,336,3.540407419204712,100,0.1,16.0,0.5,y_bar,0.7200857996940613,0.007087417412549257,0.7200811505317688,0.0075332350097596645,0.7200857996940613,0.007087417412549257,0.007519299164414406,16.0,0.5,M16_eta0.5
NOG,10008,400,25.0,205824,114688,400,4.1724443435668945,100,0.1,16.0,0.5,y_bar,0.7200004458427429,0.007057164795696735,0.7199967503547668,0.0069253891706466675,0.7200004458427429,0.007057164795696735,0.006832496728748083,16.0,0.5,M16_eta0.5
NOG,10008,464,29.0,238592,131072,464,4.877166032791138,100,0.1,16.0,0.5,y_bar,0.7199195027351379,0.00708102947100997,0.7199065089225769,0.008085464127361774,0.7199195027351379,0.00708102947100997,0.006737330462783575,16.0,0.5,M16_eta0.5
NOG,10008,528,33.0,271360,147456,528,5.530820846557617,100,0.1,16.0,0.5,y_bar,0.719811737537384,0.008737831376492977,0.7197930216789246,0.007274898234754801,0.719811737537384,0.008737831376492977,0.00788464117795229,16.0,0.5,M16_eta0.5
NOG,10008,592,37.0,304128,163840,592,6.209998607635498,100,0.1,16.0,0.5,y_bar,0.7197158932685852,0.006847987417131662,0.7197039127349854,0.007600900251418352,0.7197158932685852,0.006847987417131662,0.00721583841368556,16.0,0.5,M16_eta0.5
NOG,10008,656,41.0,336896,180224,656,6.868008136749268,100,0.1,16.0,0.5,y_bar,0.7196187973022461,0.006888917181640863,0.7196044921875,0.007156121078878641,0.7196187973022461,0.006888917181640863,0.006366209592670202,16.0,0.5,M16_eta0.5
NOG,10008,720,45.0,369664,196608,720,7.553439378738403,100,0.1,16.0,0.5,y_bar,0.7195546627044678,0.007234249729663134,0.719536542892456,0.007161072921007872,0.7195546627044678,0.007234249729663134,0.0069541628472507,16.0,0.5,M16_eta0.5
NOG,10008,784,49.0,402432,212992,784,8.261333227157593,100,0.1,16.0,0.5,y_bar,0.719471275806427,0.006919682025909424,0.719469428062439,0.007611623499542475,0.719471275806427,0.006919682025909424,0.006833755411207676,16.0,0.5,M16_eta0.5
NOG,10008,848,53.0,435200,229376,848,8.913311004638672,100,0.1,16.0,0.5,y_bar,0.7193737030029297,0.0070019797421991825,0.7193547487258911,0.006836867891252041,0.7193737030029297,0.0070019797421991825,0.007770337164402008,16.0,0.5,M16_eta0.5
NOG,10008,912,57.0,467968,245760,912,9.60637617111206,100,0.1,16.0,0.5,y_bar,0.7192716002464294,0.006643224973231554,0.7192591428756714,0.007429149467498064,0.7192716002464294,0.006643224973231554,0.0077468943782150745,16.0,0.5,M16_eta0.5
NOG,10008,960,60.0,492544,262144,960,10.170541763305664,100,0.1,16.0,0.5,y_bar,0.7192186713218689,0.006939459126442671,0.7192115783691406,0.007166063878685236,0.7192186713218689,0.006939459126442671,0.006737587507814169,16.0,0.5,M16_eta0.5
SmoothedSGD,20008,1,,512,8192,1,0.08835339546203613,100,0.1,,0.05,x,0.7205222845077515,0.011411604471504688,0.7205222845077515,0.011411604471504688,,,,,0.05,SmoothedSGD
SmoothedSGD,20008,64,,32768,16384,64,0.6977722644805908,100,0.1,,0.05,x,0.7204903364181519,0.010138405486941338,0.7204903364181519,0.010138405486941338,,,,,0.05,SmoothedSGD
SmoothedSGD,20008,128,,65536,24576,128,1.3732142448425293,100,0.1,,0.05,x,0.720466673374176,0.008771060965955257,0.720466673374176,0.008771060965955257,,,,,0.05,SmoothedSGD
SmoothedSGD,20008,192,,98304,32768,192,2.0739240646362305,100,0.1,,0.05,x,0.7204347848892212,0.009510308504104614,0.7204347848892212,0.009510308504104614,,,,,0.05,SmoothedSGD
SmoothedSGD,20008,256,,131072,40960,256,2.73754620552063,100,0.1,,0.05,x,0.7204160690307617,0.007985187694430351,0.7204160690307617,0.007985187694430351,,,,,0.05,SmoothedSGD
SmoothedSGD,20008,320,,163840,49152,320,3.364457845687866,100,0.1,,0.05,x,0.7203994989395142,0.007070894818753004,0.7203994989395142,0.007070894818753004,,,,,0.05,SmoothedSGD
SmoothedSGD,20008,384,,196608,57344,384,3.9331064224243164,100,0.1,,0.05,x,0.720370352268219,0.008025255985558033,0.720370352268219,0.008025255985558033,,,,,0.05,SmoothedSGD
SmoothedSGD,20008,448,,229376,65536,448,4.575333118438721,100,0.1,,0.05,x,0.7203453183174133,0.00793934240937233,0.7203453183174133,0.00793934240937233,,,,,0.05,SmoothedSGD
SmoothedSGD,20008,512,,262144,73728,512,5.199002504348755,100,0.1,,0.05,x,0.7203161716461182,0.006497453898191452,0.7203161716461182,0.006497453898191452,,,,,0.05,SmoothedSGD
SmoothedSGD,20008,576,,294912,81920,576,5.783796310424805,100,0.1,,0.05,x,0.7202842831611633,0.007092547602951527,0.7202842831611633,0.007092547602951527,,,,,0.05,SmoothedSGD
SmoothedSGD,20008,640,,327680,90112,640,6.3907270431518555,100,0.1,,0.05,x,0.7202447056770325,0.007210661191493273,0.7202447056770325,0.007210661191493273,,,,,0.05,SmoothedSGD
SmoothedSGD,20008,704,,360448,98304,704,6.927583694458008,100,0.1,,0.05,x,0.7202129364013672,0.007996095344424248,0.7202129364013672,0.007996095344424248,,,,,0.05,SmoothedSGD
SmoothedSGD,20008,768,,393216,106496,768,7.525629997253418,100,0.1,,0.05,x,0.7201776504516602,0.007256925106048584,0.7201776504516602,0.007256925106048584,,,,,0.05,SmoothedSGD
SmoothedSGD,20008,832,,425984,114688,832,8.142320156097412,100,0.1,,0.05,x,0.7201510667800903,0.006982485298067331,0.7201510667800903,0.006982485298067331,,,,,0.05,SmoothedSGD
SmoothedSGD,20008,896,,458752,122880,896,8.770419836044312,100,0.1,,0.05,x,0.7201201319694519,0.006745676510035992,0.7201201319694519,0.006745676510035992,,,,,0.05,SmoothedSGD
SmoothedSGD,20008,960,,491520,131072,960,9.42507529258728,100,0.1,,0.05,x,0.7200902700424194,0.007697058841586113,0.7200902700424194,0.007697058841586113,,,,,0.05,SmoothedSGD
NOG,10009,4,1.0,3072,16384,4,0.18797850608825684,100,0.1,4.0,0.1,y_bar,0.7235838770866394,0.011285791173577309,0.7236235737800598,0.010508904233574867,0.7235838770866394,0.011285791173577309,0.015326565131545067,4.0,0.1,M4_eta0.1
NOG,10009,68,17.0,35840,32768,68,0.9030835628509521,100,0.1,4.0,0.1,y_bar,0.7233738899230957,0.009484740905463696,0.7233588099479675,0.009167506359517574,0.7233738899230957,0.009484740905463696,0.014178575947880745,4.0,0.1,M4_eta0.1
NOG,10009,132,33.0,68608,49152,132,1.648162841796875,100,0.1,4.0,0.1,y_bar,0.7220403552055359,0.00959179736673832,0.7219383716583252,0.010183034464716911,0.7220403552055359,0.00959179736673832,0.016128800809383392,4.0,0.1,M4_eta0.1
NOG,10009,196,49.0,101376,65536,196,2.372161626815796,100,0.1,4.0,0.1,y_bar,0.7203257083892822,0.009935513138771057,0.7202903032302856,0.009743581525981426,0.7203257083892822,0.009935513138771057,0.017161769792437553,4.0,0.1,M4_eta0.1
NOG,10009,260,65.0,134144,81920,260,3.0579614639282227,100,0.1,4.0,0.1,y_bar,0.7190006375312805,0.008998233824968338,0.7189688086509705,0.00971499178558588,0.7190006375312805,0.008998233824968338,0.014596833847463131,4.0,0.1,M4_eta0.1
NOG,10009,324,81.0,166912,98304,324,3.7513561248779297,100,0.1,4.0,0.1,y_bar,0.7183782458305359,0.010580313391983509,0.7184075713157654,0.010509542189538479,0.7183782458305359,0.010580313391983509,0.015104985795915127,4.0,0.1,M4_eta0.1
NOG,10009,388,97.0,199680,114688,388,4.428203344345093,100,0.1,4.0,0.1,y_bar,0.7172584533691406,0.01160493865609169,0.7172864079475403,0.010333657264709473,0.7172584533691406,0.01160493865609169,0.0159221813082695,4.0,0.1,M4_eta0.1
NOG,10009,452,113.0,232448,131072,452,5.088439702987671,100,0.1,4.0,0.1,y_bar,0.7170603275299072,0.010532123036682606,0.7171058654785156,0.011099733412265778,0.7170603275299072,0.010532123036682606,0.015208221040666103,4.0,0.1,M4_eta0.1
NOG,10009,516,129.0,265216,147456,516,5.7570013999938965,100,0.1,4.0,0.1,y_bar,0.7173081040382385,0.010317477397620678,0.7172956466674805,0.010050425305962563,0.7173081040382385,0.010317477397620678,0.01583878882229328,4.0,0.1,M4_eta0.1
NOG,10009,580,145.0,297984,163840,580,6.3882081508636475,100,0.1,4.0,0.1,y_bar,0.7167983651161194,0.010793549939990044,0.7168579697608948,0.010722587816417217,0.7167983651161194,0.010793549939990044,0.015340198762714863,4.0,0.1,M4_eta0.1
NOG,10009,644,161.0,330752,180224,644,7.081038236618042,100,0.1,4.0,0.1,y_bar,0.7169876098632812,0.009911514818668365,0.7169457674026489,0.009691093116998672,0.7169876098632812,0.009911514818668365,0.016007237136363983,4.0,0.1,M4_eta0.1
NOG,10009,708,177.0,363520,196608,708,7.722350835800171,100,0.1,4.0,0.1,y_bar,0.7164875268936157,0.009685046970844269,0.716421365737915,0.010597934946417809,0.7164875268936157,0.009685046970844269,0.01458305399864912,4.0,0.1,M4_eta0.1
NOG,10009,772,193.0,396288,212992,772,8.364354848861694,100,0.1,4.0,0.1,y_bar,0.7147071957588196,0.010303373448550701,0.714705765247345,0.010263489559292793,0.7147071957588196,0.010303373448550701,0.01408962719142437,4.0,0.1,M4_eta0.1
NOG,10009,836,209.0,429056,229376,836,8.946575164794922,100,0.1,4.0,0.1,y_bar,0.7151190042495728,0.00989723764359951,0.7151510715484619,0.01159768644720316,0.7151190042495728,0.00989723764359951,0.014888422563672066,4.0,0.1,M4_eta0.1
NOG,10009,900,225.0,461824,245760,900,9.59318733215332,100,0.1,4.0,0.1,y_bar,0.714927077293396,0.011876272037625313,0.7149010300636292,0.010188516229391098,0.714927077293396,0.011876272037625313,0.01658567599952221,4.0,0.1,M4_eta0.1
NOG,10009,960,240.0,492544,262144,960,10.196899890899658,100,0.1,4.0,0.1,y_bar,0.7142030596733093,0.009320741519331932,0.7142800092697144,0.009590976871550083,0.7142030596733093,0.009320741519331932,0.016491936519742012,4.0,0.1,M4_eta0.1
NOG,10009,4,1.0,3072,16384,4,0.15679526329040527,100,0.1,4.0,0.2,y_bar,0.7236292958259583,0.011134298518300056,0.7237072587013245,0.010258596390485764,0.7236292958259583,0.011134298518300056,0.015113341622054577,4.0,0.2,M4_eta0.2
NOG,10009,68,17.0,35840,32768,68,0.9367060661315918,100,0.1,4.0,0.2,y_bar,0.7232100963592529,0.010031337849795818,0.7231793999671936,0.010209649801254272,0.7232100963592529,0.010031337849795818,0.014157618395984173,4.0,0.2,M4_eta0.2
NOG,10009,132,33.0,68608,49152,132,1.6355106830596924,100,0.1,4.0,0.2,y_bar,0.7216079831123352,0.009245257824659348,0.7215439677238464,0.009505956433713436,0.7216079831123352,0.009245257824659348,0.01524708978831768,4.0,0.2,M4_eta0.2
NOG,10009,196,49.0,101376,65536,196,2.3168251514434814,100,0.1,4.0,0.2,y_bar,0.7205650210380554,0.008586781099438667,0.7206063270568848,0.008732291869819164,0.7205650210380554,0.008586781099438667,0.016132405027747154,4.0,0.2,M4_eta0.2
NOG,10009,260,65.0,134144,81920,260,3.04070782661438,100,0.1,4.0,0.2,y_bar,0.7194945216178894,0.008701377548277378,0.7194370627403259,0.008843003772199154,0.7194945216178894,0.008701377548277378,0.014186021871864796,4.0,0.2,M4_eta0.2
NOG,10009,324,81.0,166912,98304,324,3.734373092651367,100,0.1,4.0,0.2,y_bar,0.7178322672843933,0.00970111321657896,0.7178112864494324,0.00996876135468483,0.7178322672843933,0.00970111321657896,0.013906583189964294,4.0,0.2,M4_eta0.2
NOG,10009,388,97.0,199680,114688,388,4.41367769241333,100,0.1,4.0,0.2,y_bar,0.7162337899208069,0.009431802667677402,0.7162356376647949,0.009366217069327831,0.7162337899208069,0.009431802667677402,0.013749456033110619,4.0,0.2,M4_eta0.2
NOG,10009,452,113.0,232448,131072,452,5.038948059082031,100,0.1,4.0,0.2,y_bar,0.7155185341835022,0.009978520683944225,0.7154775261878967,0.009236070327460766,0.7155185341835022,0.009978520683944225,0.015224765986204147,4.0,0.2,M4_eta0.2
NOG,10009,516,129.0,265216,147456,516,5.740360498428345,100,0.1,4.0,0.2,y_bar,0.7155951261520386,0.009380334056913853,0.7155783772468567,0.009198572486639023,0.7155951261520386,0.009380334056913853,0.015015565790235996,4.0,0.2,M4_eta0.2
NOG,10009,580,145.0,297984,163840,580,6.328585147857666,100,0.1,4.0,0.2,y_bar,0.7152051329612732,0.008996598422527313,0.7151798605918884,0.009855215437710285,0.7152051329612732,0.008996598422527313,0.017077933996915817,4.0,0.2,M4_eta0.2
NOG,10009,644,161.0,330752,180224,644,6.958627700805664,100,0.1,4.0,0.2,y_bar,0.7146533727645874,0.00826138537377119,0.7146310210227966,0.00965044554322958,0.7146533727645874,0.00826138537377119,0.01546755712479353,4.0,0.2,M4_eta0.2
NOG,10009,708,177.0,363520,196608,708,7.647403240203857,100,0.1,4.0,0.2,y_bar,0.714281439781189,0.009777779690921307,0.7142649292945862,0.009275696240365505,0.714281439781189,0.009777779690921307,0.013559859246015549,4.0,0.2,M4_eta0.2
NOG,10009,772,193.0,396288,212992,772,8.314778804779053,100,0.1,4.0,0.2,y_bar,0.713856041431427,0.010528367012739182,0.7138357758522034,0.008767854422330856,0.713856041431427,0.010528367012739182,0.014430401846766472,4.0,0.2,M4_eta0.2
NOG,10009,836,209.0,429056,229376,836,8.952430725097656,100,0.1,4.0,0.2,y_bar,0.7131794691085815,0.009176548570394516,0.7131451368331909,0.009701698087155819,0.7131794691085815,0.009176548570394516,0.015310954302549362,4.0,0.2,M4_eta0.2
NOG,10009,900,225.0,461824,245760,900,9.563745260238647,100,0.1,4.0,0.2,y_bar,0.7126145362854004,0.009253746829926968,0.7126311659812927,0.008787994273006916,0.7126145362854004,0.009253746829926968,0.01265507098287344,4.0,0.2,M4_eta0.2
NOG,10009,960,240.0,492544,262144,960,10.174788475036621,100,0.1,4.0,0.2,y_bar,0.7120069265365601,0.008888676762580872,0.7119699120521545,0.009357800707221031,0.7120069265365601,0.008888676762580872,0.014944043941795826,4.0,0.2,M4_eta0.2
NOG,10009,4,1.0,3072,16384,4,0.15270709991455078,100,0.1,4.0,0.3,y_bar,0.7236740589141846,0.011054732836782932,0.7237878441810608,0.010094918310642242,0.7236740589141846,0.011054732836782932,0.014978423714637756,4.0,0.3,M4_eta0.3
NOG,10009,68,17.0,35840,32768,68,0.7934637069702148,100,0.1,4.0,0.3,y_bar,0.7230689525604248,0.009543896652758121,0.7230182886123657,0.009604149498045444,0.7230689525604248,0.009543896652758121,0.014025144279003143,4.0,0.3,M4_eta0.3
NOG,10009,132,33.0,68608,49152,132,1.4544620513916016,100,0.1,4.0,0.3,y_bar,0.7216663956642151,0.008231055922806263,0.7216140627861023,0.00918959453701973,0.7216663956642151,0.008231055922806263,0.014509054832160473,4.0,0.3,M4_eta0.3
NOG,10009,196,49.0,101376,65536,196,2.086453676223755,100,0.1,4.0,0.3,y_bar,0.7208936214447021,0.008351498283445835,0.7208803296089172,0.008141863159835339,0.7208936214447021,0.008351498283445835,0.015690796077251434,4.0,0.3,M4_eta0.3
NOG,10009,260,65.0,134144,81920,260,2.727126359939575,100,0.1,4.0,0.3,y_bar,0.7201700210571289,0.008679673075675964,0.7200959324836731,0.009047407656908035,0.7201700210571289,0.008679673075675964,0.014812764711678028,4.0,0.3,M4_eta0.3
NOG,10009,324,81.0,166912,98304,324,3.361405372619629,100,0.1,4.0,0.3,y_bar,0.7191027402877808,0.009764251299202442,0.7190420627593994,0.008998223580420017,0.7191027402877808,0.009764251299202442,0.01467651966959238,4.0,0.3,M4_eta0.3
NOG,10009,388,97.0,199680,114688,388,4.068952560424805,100,0.1,4.0,0.3,y_bar,0.7182363271713257,0.009513361379504204,0.7182489037513733,0.009440556168556213,0.7182363271713257,0.009513361379504204,0.013248087838292122,4.0,0.3,M4_eta0.3
NOG,10009,452,113.0,232448,131072,452,4.704352378845215,100,0.1,4.0,0.3,y_bar,0.7169904708862305,0.008621708489954472,0.7169625163078308,0.008201085031032562,0.7169904708862305,0.008621708489954472,0.014690506272017956,4.0,0.3,M4_eta0.3
NOG,10009,516,129.0,265216,147456,516,5.3833818435668945,100,0.1,4.0,0.3,y_bar,0.7162413597106934,0.010463470593094826,0.7162594795227051,0.009605102241039276,0.7162413597106934,0.010463470593094826,0.013290802016854286,4.0,0.3,M4_eta0.3
NOG,10009,580,145.0,297984,163840,580,6.014455080032349,100,0.1,4.0,0.3,y_bar,0.7155619859695435,0.009235283359885216,0.7156305313110352,0.009159622713923454,0.7155619859695435,0.009235283359885216,0.014030810445547104,4.0,0.3,M4_eta0.3
NOG,10009,644,161.0,330752,180224,644,6.6374897956848145,100,0.1,4.0,0.3,y_bar,0.7153098583221436,0.008236320689320564,0.715302586555481,0.008567685261368752,0.7153098583221436,0.008236320689320564,0.01429460197687149,4.0,0.3,M4_eta0.3
NOG,10009,708,177.0,363520,196608,708,7.270493745803833,100,0.1,4.0,0.3,y_bar,0.7147979736328125,0.010009919293224812,0.7148243188858032,0.007550309412181377,0.7147979736328125,0.010009919293224812,0.012397349812090397,4.0,0.3,M4_eta0.3
NOG,10009,772,193.0,396288,212992,772,7.949168682098389,100,0.1,4.0,0.3,y_bar,0.7143168449401855,0.00919911079108715,0.7143261432647705,0.008474528789520264,0.7143168449401855,0.00919911079108715,0.012524537742137909,4.0,0.3,M4_eta0.3
NOG,10009,836,209.0,429056,229376,836,8.629953622817993,100,0.1,4.0,0.3,y_bar,0.7143126130104065,0.009421843104064465,0.7143452763557434,0.008930128067731857,0.7143126130104065,0.009421843104064465,0.013827879913151264,4.0,0.3,M4_eta0.3
NOG,10009,900,225.0,461824,245760,900,9.331047296524048,100,0.1,4.0,0.3,y_bar,0.7142396569252014,0.009165551513433456,0.7142828702926636,0.009405776858329773,0.7142396569252014,0.009165551513433456,0.015367347747087479,4.0,0.3,M4_eta0.3
NOG,10009,960,240.0,492544,262144,960,10.012816429138184,100,0.1,4.0,0.3,y_bar,0.7141233682632446,0.00969651434570551,0.7141746282577515,0.009328070096671581,0.7141233682632446,0.00969651434570551,0.013665197417140007,4.0,0.3,M4_eta0.3
NOG,10009,4,1.0,3072,16384,4,0.1847381591796875,100,0.1,4.0,0.5,y_bar,0.7237180471420288,0.01095112320035696,0.7238180637359619,0.010067354887723923,0.7237180471420288,0.01095112320035696,0.014946214854717255,4.0,0.5,M4_eta0.5
NOG,10009,68,17.0,35840,32768,68,0.9003081321716309,100,0.1,4.0,0.5,y_bar,0.7229776978492737,0.009257444180548191,0.7229739427566528,0.008613118901848793,0.7229776978492737,0.009257444180548191,0.013803085312247276,4.0,0.5,M4_eta0.5
NOG,10009,132,33.0,68608,49152,132,1.5874667167663574,100,0.1,4.0,0.5,y_bar,0.7223802804946899,0.008299310691654682,0.7223871350288391,0.008993913419544697,0.7223802804946899,0.008299310691654682,0.015214483253657818,4.0,0.5,M4_eta0.5
NOG,10009,196,49.0,101376,65536,196,2.2847044467926025,100,0.1,4.0,0.5,y_bar,0.7218225002288818,0.0076228296384215355,0.7218391299247742,0.007898814976215363,0.7218225002288818,0.0076228296384215355,0.014383361674845219,4.0,0.5,M4_eta0.5
NOG,10009,260,65.0,134144,81920,260,2.9668171405792236,100,0.1,4.0,0.5,y_bar,0.7212729454040527,0.00826768483966589,0.7212249040603638,0.007861397229135036,0.7212729454040527,0.00826768483966589,0.015212805941700935,4.0,0.5,M4_eta0.5
NOG,10009,324,81.0,166912,98304,324,3.6557350158691406,100,0.1,4.0,0.5,y_bar,0.720850944519043,0.009324929676949978,0.720827579498291,0.0088325385004282,0.720850944519043,0.009324929676949978,0.01415285188704729,4.0,0.5,M4_eta0.5
NOG,10009,388,97.0,199680,114688,388,4.321672677993774,100,0.1,4.0,0.5,y_bar,0.7203946113586426,0.007929564453661442,0.7204006910324097,0.008567447774112225,0.7203946113586426,0.007929564453661442,0.012620292603969574,4.0,0.5,M4_eta0.5
NOG,10009,452,113.0,232448,131072,452,4.988880395889282,100,0.1,4.0,0.5,y_bar,0.7201747298240662,0.008476016111671925,0.7201271653175354,0.00774339260533452,0.7201747298240662,0.008476016111671925,0.01303694024682045,4.0,0.5,M4_eta0.5
NOG,10009,516,129.0,265216,147456,516,5.680880069732666,100,0.1,4.0,0.5,y_bar,0.719789445400238,0.009516963735222816,0.7198030352592468,0.008890470489859581,0.719789445400238,0.009516963735222816,0.012788922525942326,4.0,0.5,M4_eta0.5
NOG,10009,580,145.0,297984,163840,580,6.373060703277588,100,0.1,4.0,0.5,y_bar,0.7194361686706543,0.008167856372892857,0.7194350361824036,0.008122577331960201,0.7194361686706543,0.008167856372892857,0.01328763272613287,4.0,0.5,M4_eta0.5
NOG,10009,644,161.0,330752,180224,644,7.058356523513794,100,0.1,4.0,0.5,y_bar,0.7189379930496216,0.006617408711463213,0.7189182639122009,0.008193607442080975,0.7189379930496216,0.006617408711463213,0.013427856378257275,4.0,0.5,M4_eta0.5
NOG,10009,708,177.0,363520,196608,708,7.743498086929321,100,0.1,4.0,0.5,y_bar,0.7183005809783936,0.008726360276341438,0.7182950377464294,0.007773317396640778,0.7183005809783936,0.008726360276341438,0.01234194915741682,4.0,0.5,M4_eta0.5
NOG,10009,772,193.0,396288,212992,772,8.425511837005615,100,0.1,4.0,0.5,y_bar,0.7174991369247437,0.008784526959061623,0.7175270318984985,0.008577648550271988,0.7174991369247437,0.008784526959061623,0.012627496384084225,4.0,0.5,M4_eta0.5
NOG,10009,836,209.0,429056,229376,836,9.07715654373169,100,0.1,4.0,0.5,y_bar,0.71701979637146,0.008376161567866802,0.717059314250946,0.008855548687279224,0.71701979637146,0.008376161567866802,0.013910017907619476,4.0,0.5,M4_eta0.5
NOG,10009,900,225.0,461824,245760,900,9.693772315979004,100,0.1,4.0,0.5,y_bar,0.7167201042175293,0.008486498147249222,0.7166787981987,0.007996169850230217,0.7167201042175293,0.008486498147249222,0.015011641196906567,4.0,0.5,M4_eta0.5
NOG,10009,960,240.0,492544,262144,960,10.35609769821167,100,0.1,4.0,0.5,y_bar,0.7162148356437683,0.008155347779393196,0.716212272644043,0.008016946725547314,0.7162148356437683,0.008155347779393196,0.014874276705086231,4.0,0.5,M4_eta0.5
NOG,10009,8,1.0,5120,16384,8,0.19588136672973633,100,0.1,8.0,0.1,y_bar,0.723599374294281,0.009909878484904766,0.7236396074295044,0.009584899991750717,0.723599374294281,0.009909878484904766,0.01241428405046463,8.0,0.1,M8_eta0.1
NOG,10009,72,9.0,37888,32768,72,0.900578498840332,100,0.1,8.0,0.1,y_bar,0.7230201959609985,0.008985908702015877,0.7229816317558289,0.009252584539353848,0.7230201959609985,0.008985908702015877,0.010391989722847939,8.0,0.1,M8_eta0.1
NOG,10009,136,17.0,70656,49152,136,1.6007273197174072,100,0.1,8.0,0.1,y_bar,0.7222233414649963,0.008441132493317127,0.7221474647521973,0.008689257316291332,0.7222233414649963,0.008441132493317127,0.009639952331781387,8.0,0.1,M8_eta0.1
NOG,10009,200,25.0,103424,65536,200,2.3001511096954346,100,0.1,8.0,0.1,y_bar,0.7214595079421997,0.009768743999302387,0.7214283347129822,0.007942255586385727,0.7214595079421997,0.009768743999302387,0.011386442929506302,8.0,0.1,M8_eta0.1
NOG,10009,264,33.0,136192,81920,264,2.968639373779297,100,0.1,8.0,0.1,y_bar,0.7208380699157715,0.009422357194125652,0.7207803726196289,0.008962821215391159,0.7208380699157715,0.009422357194125652,0.01143220067024231,8.0,0.1,M8_eta0.1
NOG,10009,328,41.0,168960,98304,328,3.633665084838867,100,0.1,8.0,0.1,y_bar,0.7198905348777771,0.008302277885377407,0.7198587656021118,0.00758511945605278,0.7198905348777771,0.008302277885377407,0.010393624193966389,8.0,0.1,M8_eta0.1
NOG,10009,392,49.0,201728,114688,392,4.294469594955444,100,0.1,8.0,0.1,y_bar,0.7193352580070496,0.00864330306649208,0.7193959951400757,0.00869717076420784,0.7193352580070496,0.00864330306649208,0.009936449117958546,8.0,0.1,M8_eta0.1
NOG,10009,456,57.0,234496,131072,456,4.950125694274902,100,0.1,8.0,0.1,y_bar,0.718829333782196,0.008911780081689358,0.7188212871551514,0.0096175791695714,0.718829333782196,0.008911780081689358,0.010784395039081573,8.0,0.1,M8_eta0.1
NOG,10009,520,65.0,267264,147456,520,5.583508491516113,100,0.1,8.0,0.1,y_bar,0.7182297706604004,0.009161568246781826,0.7181857228279114,0.008918676525354385,0.7182297706604004,0.009161568246781826,0.010291356593370438,8.0,0.1,M8_eta0.1
NOG,10009,584,73.0,300032,163840,584,6.194478273391724,100,0.1,8.0,0.1,y_bar,0.7176027894020081,0.008349732495844364,0.7175849080085754,0.0077248793095350266,0.7176027894020081,0.008349732495844364,0.011064444668591022,8.0,0.1,M8_eta0.1
NOG,10009,648,81.0,332800,180224,648,6.809686899185181,100,0.1,8.0,0.1,y_bar,0.7172147631645203,0.009447150863707066,0.7171868681907654,0.009167187847197056,0.7172147631645203,0.009447150863707066,0.011198536492884159,8.0,0.1,M8_eta0.1
NOG,10009,712,89.0,365568,196608,712,7.422240257263184,100,0.1,8.0,0.1,y_bar,0.7167946696281433,0.008560674265027046,0.7167738080024719,0.007964128628373146,0.7167946696281433,0.008560674265027046,0.010256826877593994,8.0,0.1,M8_eta0.1
NOG,10009,776,97.0,398336,212992,776,8.051907777786255,100,0.1,8.0,0.1,y_bar,0.7160016894340515,0.009429888799786568,0.7159491181373596,0.00756800826638937,0.7160016894340515,0.009429888799786568,0.010345786809921265,8.0,0.1,M8_eta0.1
NOG,10009,840,105.0,431104,229376,840,8.684458494186401,100,0.1,8.0,0.1,y_bar,0.7154682278633118,0.008621624670922756,0.7154589295387268,0.009030009619891644,0.7154682278633118,0.008621624670922756,0.01156140398234129,8.0,0.1,M8_eta0.1
NOG,10009,904,113.0,463872,245760,904,9.236108303070068,100,0.1,8.0,0.1,y_bar,0.7151655554771423,0.008722982369363308,0.7151534557342529,0.009017120115458965,0.7151655554771423,0.008722982369363308,0.01079285517334938,8.0,0.1,M8_eta0.1
NOG,10009,960,120.0,492544,262144,960,9.788223505020142,100,0.1,8.0,0.1,y_bar,0.7147908806800842,0.008661074563860893,0.7148052453994751,0.00885399617254734,0.7147908806800842,0.008661074563860893,0.01054419670253992,8.0,0.1,M8_eta0.1
NOG,10009,8,1.0,5120,16384,8,0.1966249942779541,100,0.1,8.0,0.2,y_bar,0.723642885684967,0.009821292012929916,0.7236776351928711,0.009417437948286533,0.723642885684967,0.009821292012929916,0.012104452587664127,8.0,0.2,M8_eta0.2
NOG,10009,72,9.0,37888,32768,72,0.775834321975708,100,0.1,8.0,0.2,y_bar,0.7231178879737854,0.008246801793575287,0.723095715045929,0.009099588729441166,0.7231178879737854,0.008246801793575287,0.009635904803872108,8.0,0.2,M8_eta0.2
NOG,10009,136,17.0,70656,49152,136,1.4284014701843262,100,0.1,8.0,0.2,y_bar,0.7226781845092773,0.00784526951611042,0.7226468324661255,0.008311743848025799,0.7226781845092773,0.00784526951611042,0.009454725310206413,8.0,0.2,M8_eta0.2
NOG,10009,200,25.0,103424,65536,200,1.9815266132354736,100,0.1,8.0,0.2,y_bar,0.7223019003868103,0.009356007911264896,0.7222884893417358,0.007670558523386717,0.7223019003868103,0.009356007911264896,0.0104660140350461,8.0,0.2,M8_eta0.2
NOG,10009,264,33.0,136192,81920,264,2.6036577224731445,100,0.1,8.0,0.2,y_bar,0.7218959927558899,0.007506255060434341,0.7218456864356995,0.007905557751655579,0.7218959927558899,0.007506255060434341,0.011611556634306908,8.0,0.2,M8_eta0.2
NOG,10009,328,41.0,168960,98304,328,3.1733531951904297,100,0.1,8.0,0.2,y_bar,0.7214640378952026,0.007852370850741863,0.7214635014533997,0.0077344439923763275,0.7214640378952026,0.007852370850741863,0.010034381411969662,8.0,0.2,M8_eta0.2
NOG,10009,392,49.0,201728,114688,392,3.726511240005493,100,0.1,8.0,0.2,y_bar,0.7211685180664062,0.00819642748683691,0.7211847901344299,0.008545118384063244,0.7211685180664062,0.00819642748683691,0.009080072864890099,8.0,0.2,M8_eta0.2
NOG,10009,456,57.0,234496,131072,456,4.353754043579102,100,0.1,8.0,0.2,y_bar,0.7209799289703369,0.0076577672734856606,0.7209247350692749,0.008209047839045525,0.7209799289703369,0.0076577672734856606,0.009334776550531387,8.0,0.2,M8_eta0.2
NOG,10009,520,65.0,267264,147456,520,4.897093772888184,100,0.1,8.0,0.2,y_bar,0.7205650806427002,0.009025664068758488,0.7205843925476074,0.007776185870170593,0.7205650806427002,0.009025664068758488,0.00917480606585741,8.0,0.2,M8_eta0.2
NOG,10009,584,73.0,300032,163840,584,5.564996957778931,100,0.1,8.0,0.2,y_bar,0.7202112078666687,0.007893143221735954,0.7202091217041016,0.00891589280217886,0.7202112078666687,0.007893143221735954,0.009445751085877419,8.0,0.2,M8_eta0.2
NOG,10009,648,81.0,332800,180224,648,6.191657543182373,100,0.1,8.0,0.2,y_bar,0.7198571562767029,0.007518349215388298,0.7198215126991272,0.009502619504928589,0.7198571562767029,0.007518349215388298,0.01032782718539238,8.0,0.2,M8_eta0.2
NOG,10009,712,89.0,365568,196608,712,6.713200569152832,100,0.1,8.0,0.2,y_bar,0.7195687294006348,0.007474137470126152,0.7195683717727661,0.007664773613214493,0.7195687294006348,0.007474137470126152,0.00962845329195261,8.0,0.2,M8_eta0.2
NOG,10009,776,97.0,398336,212992,776,7.377234697341919,100,0.1,8.0,0.2,y_bar,0.7192899584770203,0.009451805613934994,0.7193076014518738,0.009045624174177647,0.7192899584770203,0.009451805613934994,0.009124512784183025,8.0,0.2,M8_eta0.2
NOG,10009,840,105.0,431104,229376,840,7.990005731582642,100,0.1,8.0,0.2,y_bar,0.7187169790267944,0.007053385954350233,0.7187144756317139,0.007620468270033598,0.7187169790267944,0.007053385954350233,0.011063715443015099,8.0,0.2,M8_eta0.2
NOG,10009,904,113.0,463872,245760,904,8.569811582565308,100,0.1,8.0,0.2,y_bar,0.7184464335441589,0.008360541425645351,0.7183974385261536,0.009127353318035603,0.7184464335441589,0.008360541425645351,0.01008251029998064,8.0,0.2,M8_eta0.2
NOG,10009,960,120.0,492544,262144,960,9.170331954956055,100,0.1,8.0,0.2,y_bar,0.7180132269859314,0.0071923513896763325,0.7179920077323914,0.007333277724683285,0.7180132269859314,0.0071923513896763325,0.00974179245531559,8.0,0.2,M8_eta0.2
NOG,10009,8,1.0,5120,16384,8,0.1976628303527832,100,0.1,8.0,0.3,y_bar,0.7236087322235107,0.009756836108863354,0.7236200571060181,0.009247368201613426,0.7236087322235107,0.009756836108863354,0.012086178176105022,8.0,0.3,M8_eta0.3
NOG,10009,72,9.0,37888,32768,72,0.7833719253540039,100,0.1,8.0,0.3,y_bar,0.7232785224914551,0.007843122817575932,0.7232677936553955,0.008918347768485546,0.7232785224914551,0.007843122817575932,0.00951690599322319,8.0,0.3,M8_eta0.3
NOG,10009,136,17.0,70656,49152,136,1.3533987998962402,100,0.1,8.0,0.3,y_bar,0.7229529023170471,0.007528278511017561,0.7229316234588623,0.007935603149235249,0.7229529023170471,0.007528278511017561,0.009157325141131878,8.0,0.3,M8_eta0.3
NOG,10009,200,25.0,103424,65536,200,1.9094057083129883,100,0.1,8.0,0.3,y_bar,0.722694993019104,0.008974293246865273,0.7227075695991516,0.007463681511580944,0.722694993019104,0.008974293246865273,0.009986095130443573,8.0,0.3,M8_eta0.3
NOG,10009,264,33.0,136192,81920,264,2.577082395553589,100,0.1,8.0,0.3,y_bar,0.7224735021591187,0.007284664548933506,0.722465991973877,0.007402011193335056,0.7224735021591187,0.007284664548933506,0.011111895553767681,8.0,0.3,M8_eta0.3
NOG,10009,328,41.0,168960,98304,328,3.234985828399658,100,0.1,8.0,0.3,y_bar,0.7222136855125427,0.007686727214604616,0.722220778465271,0.007289361674338579,0.7222136855125427,0.007686727214604616,0.0096476711332798,8.0,0.3,M8_eta0.3
NOG,10009,392,49.0,201728,114688,392,3.855191707611084,100,0.1,8.0,0.3,y_bar,0.7220141887664795,0.00803634524345398,0.7220489978790283,0.008368725888431072,0.7220141887664795,0.00803634524345398,0.008489115163683891,8.0,0.3,M8_eta0.3
NOG,10009,456,57.0,234496,131072,456,4.390158414840698,100,0.1,8.0,0.3,y_bar,0.7217344045639038,0.006973708979785442,0.7217013835906982,0.00775321526452899,0.7217344045639038,0.006973708979785442,0.008913352154195309,8.0,0.3,M8_eta0.3
NOG,10009,520,65.0,267264,147456,520,4.936514854431152,100,0.1,8.0,0.3,y_bar,0.7215563058853149,0.008594216778874397,0.7215468287467957,0.007285041268914938,0.7215563058853149,0.008594216778874397,0.008384437300264835,8.0,0.3,M8_eta0.3
NOG,10009,584,73.0,300032,163840,584,5.577094078063965,100,0.1,8.0,0.3,y_bar,0.721293568611145,0.007652059197425842,0.7213066816329956,0.008163402788341045,0.721293568611145,0.007652059197425842,0.00883774645626545,8.0,0.3,M8_eta0.3
NOG,10009,648,81.0,332800,180224,648,6.19249415397644,100,0.1,8.0,0.3,y_bar,0.7210493683815002,0.007353166583925486,0.7210481762886047,0.009018490090966225,0.7210493683815002,0.007353166583925486,0.009881369769573212,8.0,0.3,M8_eta0.3
NOG,10009,712,89.0,365568,196608,712,6.7863781452178955,100,0.1,8.0,0.3,y_bar,0.720866858959198,0.007198079023510218,0.7208539843559265,0.007582112215459347,0.720866858959198,0.007198079023510218,0.009411608800292015,8.0,0.3,M8_eta0.3
NOG,10009,776,97.0,398336,212992,776,7.397113800048828,100,0.1,8.0,0.3,y_bar,0.7207191586494446,0.007931942120194435,0.7207311391830444,0.008100559003651142,0.7207191586494446,0.007931942120194435,0.008823195472359657,8.0,0.3,M8_eta0.3
NOG,10009,840,105.0,431104,229376,840,7.985508441925049,100,0.1,8.0,0.3,y_bar,0.7204781174659729,0.007099513430148363,0.7204890251159668,0.007591650355607271,0.7204781174659729,0.007099513430148363,0.009702373296022415,8.0,0.3,M8_eta0.3
NOG,10009,904,113.0,463872,245760,904,8.593238353729248,100,0.1,8.0,0.3,y_bar,0.7203832268714905,0.0076239025220274925,0.7203609347343445,0.00871309358626604,0.7203832268714905,0.0076239025220274925,0.009699488990008831,8.0,0.3,M8_eta0.3
NOG,10009,960,120.0,492544,262144,960,9.204664468765259,100,0.1,8.0,0.3,y_bar,0.7202649712562561,0.006486121565103531,0.7202585339546204,0.007130907848477364,0.7202649712562561,0.006486121565103531,0.009635302238166332,8.0,0.3,M8_eta0.3
NOG,10009,8,1.0,5120,16384,8,0.17202210426330566,100,0.1,8.0,0.5,y_bar,0.7235820889472961,0.00983855128288269,0.7235887050628662,0.009251978248357773,0.7235820889472961,0.00983855128288269,0.012274544686079025,8.0,0.5,M8_eta0.5
NOG,10009,72,9.0,37888,32768,72,0.8042263984680176,100,0.1,8.0,0.5,y_bar,0.7234114408493042,0.0074286372400820255,0.723416805267334,0.008811886422336102,0.7234114408493042,0.0074286372400820255,0.009282007813453674,8.0,0.5,M8_eta0.5
NOG,10009,136,17.0,70656,49152,136,1.376540184020996,100,0.1,8.0,0.5,y_bar,0.7232047915458679,0.007619216572493315,0.7231987118721008,0.007966447621583939,0.7232047915458679,0.007619216572493315,0.008761324919760227,8.0,0.5,M8_eta0.5
NOG,10009,200,25.0,103424,65536,200,1.9331440925598145,100,0.1,8.0,0.5,y_bar,0.723014771938324,0.008604994975030422,0.7230139970779419,0.006970367394387722,0.723014771938324,0.008604994975030422,0.009716777130961418,8.0,0.5,M8_eta0.5
NOG,10009,264,33.0,136192,81920,264,2.4345743656158447,100,0.1,8.0,0.5,y_bar,0.722856342792511,0.007524631451815367,0.7228647470474243,0.0073951901867985725,0.722856342792511,0.007524631451815367,0.010657242499291897,8.0,0.5,M8_eta0.5
NOG,10009,328,41.0,168960,98304,328,3.0476088523864746,100,0.1,8.0,0.5,y_bar,0.7226869463920593,0.007586474996060133,0.7226983904838562,0.0070025259628891945,0.7226869463920593,0.007586474996060133,0.009787360206246376,8.0,0.5,M8_eta0.5
NOG,10009,392,49.0,201728,114688,392,3.657125234603882,100,0.1,8.0,0.5,y_bar,0.7225908041000366,0.007937366142868996,0.7226054072380066,0.008037183433771133,0.7225908041000366,0.007937366142868996,0.008187981322407722,8.0,0.5,M8_eta0.5
NOG,10009,456,57.0,234496,131072,456,4.232062578201294,100,0.1,8.0,0.5,y_bar,0.7224398255348206,0.006468519102782011,0.7224315404891968,0.007669118233025074,0.7224398255348206,0.006468519102782011,0.008727943524718285,8.0,0.5,M8_eta0.5
NOG,10009,520,65.0,267264,147456,520,4.849793910980225,100,0.1,8.0,0.5,y_bar,0.7223181128501892,0.008595356717705727,0.7223051190376282,0.0072792391292750835,0.7223181128501892,0.008595356717705727,0.007751087192445993,8.0,0.5,M8_eta0.5
NOG,10009,584,73.0,300032,163840,584,5.404645204544067,100,0.1,8.0,0.5,y_bar,0.7221640348434448,0.007359934505075216,0.7221908569335938,0.007304373197257519,0.7221640348434448,0.007359934505075216,0.008708124980330467,8.0,0.5,M8_eta0.5
NOG,10009,648,81.0,332800,180224,648,5.9972240924835205,100,0.1,8.0,0.5,y_bar,0.7220395803451538,0.007045217324048281,0.7220352292060852,0.008922017179429531,0.7220395803451538,0.007045217324048281,0.009622029960155487,8.0,0.5,M8_eta0.5
NOG,10009,712,89.0,365568,196608,712,6.556224346160889,100,0.1,8.0,0.5,y_bar,0.7219660878181458,0.007080938201397657,0.7219711542129517,0.007200467400252819,0.7219660878181458,0.007080938201397657,0.009220962412655354,8.0,0.5,M8_eta0.5
NOG,10009,776,97.0,398336,212992,776,7.236099720001221,100,0.1,8.0,0.5,y_bar,0.7218905091285706,0.006945089437067509,0.7218896150588989,0.008139459416270256,0.7218905091285706,0.006945089437067509,0.008244107477366924,8.0,0.5,M8_eta0.5
NOG,10009,840,105.0,431104,229376,840,7.892045259475708,100,0.1,8.0,0.5,y_bar,0.7217206358909607,0.0069217863492667675,0.7217240929603577,0.007185601629316807,0.7217206358909607,0.0069217863492667675,0.009628258645534515,8.0,0.5,M8_eta0.5
NOG,10009,904,113.0,463872,245760,904,8.563064575195312,100,0.1,8.0,0.5,y_bar,0.7216277122497559,0.008061377331614494,0.7216203212738037,0.008279784582555294,0.7216277122497559,0.008061377331614494,0.00927671603858471,8.0,0.5,M8_eta0.5
NOG,10009,960,120.0,492544,262144,960,9.123660802841187,100,0.1,8.0,0.5,y_bar,0.7215533256530762,0.006626635789871216,0.7215550541877747,0.0068988194689154625,0.7215533256530762,0.006626635789871216,0.008829645812511444,8.0,0.5,M8_eta0.5
NOG,10009,12,1.0,7168,16384,12,0.21814250946044922,100,0.1,12.0,0.1,y_bar,0.7236051559448242,0.011777098290622234,0.7236274480819702,0.009470094926655293,0.7236051559448242,0.011777098290622234,0.010101236402988434,12.0,0.1,M12_eta0.1
NOG,10009,84,7.0,44032,32768,84,0.8825571537017822,100,0.1,12.0,0.1,y_bar,0.7230842709541321,0.008466783910989761,0.7230250239372253,0.007260472979396582,0.7230842709541321,0.008466783910989761,0.008824273012578487,12.0,0.1,M12_eta0.1
NOG,10009,156,13.0,80896,49152,156,1.4999642372131348,100,0.1,12.0,0.1,y_bar,0.7226772308349609,0.00854375958442688,0.722642719745636,0.008309266529977322,0.7226772308349609,0.00854375958442688,0.008188665844500065,12.0,0.1,M12_eta0.1
NOG,10009,228,19.0,117760,65536,228,2.063762903213501,100,0.1,12.0,0.1,y_bar,0.7223175764083862,0.008282303810119629,0.7223387956619263,0.007974728010594845,0.7223175764083862,0.008282303810119629,0.008669517002999783,12.0,0.1,M12_eta0.1
NOG,10009,300,25.0,154624,81920,300,2.7358598709106445,100,0.1,12.0,0.1,y_bar,0.7219565510749817,0.007985910400748253,0.7219429016113281,0.007941423915326595,0.7219565510749817,0.007985910400748253,0.008796410635113716,12.0,0.1,M12_eta0.1
NOG,10009,372,31.0,191488,98304,372,3.4238102436065674,100,0.1,12.0,0.1,y_bar,0.7215083837509155,0.007594543043524027,0.7214595079421997,0.007171198260039091,0.7215083837509155,0.007594543043524027,0.009226958267390728,12.0,0.1,M12_eta0.1
NOG,10009,444,37.0,228352,114688,444,4.139861583709717,100,0.1,12.0,0.1,y_bar,0.7212587594985962,0.0074408454820513725,0.7212703227996826,0.007272239308804274,0.7212587594985962,0.0074408454820513725,0.007768516894429922,12.0,0.1,M12_eta0.1
NOG,10009,516,43.0,265216,131072,516,4.8490166664123535,100,0.1,12.0,0.1,y_bar,0.7208631634712219,0.008189287036657333,0.7208332419395447,0.007871923968195915,0.7208631634712219,0.008189287036657333,0.00780206173658371,12.0,0.1,M12_eta0.1
NOG,10009,588,49.0,302080,147456,588,5.52446174621582,100,0.1,12.0,0.1,y_bar,0.7204954028129578,0.008472148329019547,0.7204935550689697,0.008357888087630272,0.7204954028129578,0.008472148329019547,0.008268950507044792,12.0,0.1,M12_eta0.1
NOG,10009,660,55.0,338944,163840,660,6.261897802352905,100,0.1,12.0,0.1,y_bar,0.7202507853507996,0.00826914981007576,0.7201944589614868,0.009890202432870865,0.7202507853507996,0.00826914981007576,0.008947029709815979,12.0,0.1,M12_eta0.1
NOG,10009,732,61.0,375808,180224,732,7.013650417327881,100,0.1,12.0,0.1,y_bar,0.71980220079422,0.007026159670203924,0.719773530960083,0.00737769016996026,0.71980220079422,0.007026159670203924,0.007253052666783333,12.0,0.1,M12_eta0.1
NOG,10009,804,67.0,412672,196608,804,7.7285315990448,100,0.1,12.0,0.1,y_bar,0.7194254398345947,0.00777877913787961,0.7193808555603027,0.007710526697337627,0.7194254398345947,0.00777877913787961,0.009175537154078484,12.0,0.1,M12_eta0.1
NOG,10009,876,73.0,449536,212992,876,8.347015142440796,100,0.1,12.0,0.1,y_bar,0.7189964652061462,0.008649153634905815,0.7189489006996155,0.008597807958722115,0.7189964652061462,0.008649153634905815,0.008464197628200054,12.0,0.1,M12_eta0.1
NOG,10009,948,79.0,486400,229376,948,8.92845892906189,100,0.1,12.0,0.1,y_bar,0.7185303568840027,0.008263381198048592,0.7185342907905579,0.009074966423213482,0.7185303568840027,0.008263381198048592,0.007628055289387703,12.0,0.1,M12_eta0.1
NOG,10009,960,80.0,492544,245760,960,9.106135606765747,100,0.1,12.0,0.1,y_bar,0.7185057401657104,0.008891869336366653,0.7184789180755615,0.007776759564876556,0.7185057401657104,0.008891869336366653,0.008381091989576817,12.0,0.1,M12_eta0.1
NOG,10009,12,1.0,7168,16384,12,0.19289851188659668,100,0.1,12.0,0.2,y_bar,0.7235811948776245,0.011902617290616035,0.7235833406448364,0.009489094838500023,0.7235811948776245,0.011902617290616035,0.010165971703827381,12.0,0.2,M12_eta0.2
NOG,10009,84,7.0,44032,32768,84,0.8564231395721436,100,0.1,12.0,0.2,y_bar,0.7233317494392395,0.008120620623230934,0.7232985496520996,0.007199317682534456,0.7233317494392395,0.008120620623230934,0.008423619903624058,12.0,0.2,M12_eta0.2
NOG,10009,156,13.0,80896,49152,156,1.4879822731018066,100,0.1,12.0,0.2,y_bar,0.7230778336524963,0.007838254794478416,0.7230484485626221,0.007691069506108761,0.7230778336524963,0.007838254794478416,0.007800383493304253,12.0,0.2,M12_eta0.2
NOG,10009,228,19.0,117760,65536,228,2.2234036922454834,100,0.1,12.0,0.2,y_bar,0.7228372097015381,0.008300838060677052,0.7228471636772156,0.0076355598866939545,0.7228372097015381,0.008300838060677052,0.008039131760597229,12.0,0.2,M12_eta0.2
NOG,10009,300,25.0,154624,81920,300,2.8995327949523926,100,0.1,12.0,0.2,y_bar,0.7226323485374451,0.007230257149785757,0.7226325273513794,0.007764648646116257,0.7226323485374451,0.007230257149785757,0.007710127625614405,12.0,0.2,M12_eta0.2
NOG,10009,372,31.0,191488,98304,372,3.576964855194092,100,0.1,12.0,0.2,y_bar,0.7224186658859253,0.007339345756918192,0.7224096059799194,0.006573045160621405,0.7224186658859253,0.007339345756918192,0.008398158475756645,12.0,0.2,M12_eta0.2
NOG,10009,444,37.0,228352,114688,444,4.274519443511963,100,0.1,12.0,0.2,y_bar,0.7222577333450317,0.006982459686696529,0.7222591042518616,0.006815814878791571,0.7222577333450317,0.006982459686696529,0.007292869966477156,12.0,0.2,M12_eta0.2
NOG,10009,516,43.0,265216,131072,516,5.0006303787231445,100,0.1,12.0,0.2,y_bar,0.7221112847328186,0.007210127077996731,0.7221100330352783,0.008046806789934635,0.7221112847328186,0.007210127077996731,0.007901881821453571,12.0,0.2,M12_eta0.2
NOG,10009,588,49.0,302080,147456,588,5.666806936264038,100,0.1,12.0,0.2,y_bar,0.7219701409339905,0.0075448970310389996,0.7219700217247009,0.007421734277158976,0.7219701409339905,0.0075448970310389996,0.007621827535331249,12.0,0.2,M12_eta0.2
NOG,10009,660,55.0,338944,163840,660,6.334293842315674,100,0.1,12.0,0.2,y_bar,0.7218177318572998,0.0069402065128088,0.7217931747436523,0.008712314069271088,0.7218177318572998,0.0069402065128088,0.00795180443674326,12.0,0.2,M12_eta0.2
NOG,10009,732,61.0,375808,180224,732,6.927684307098389,100,0.1,12.0,0.2,y_bar,0.7216774821281433,0.006986115127801895,0.7216810584068298,0.007233277894556522,0.7216774821281433,0.006986115127801895,0.007177736144512892,12.0,0.2,M12_eta0.2
NOG,10009,804,67.0,412672,196608,804,7.5225982666015625,100,0.1,12.0,0.2,y_bar,0.7214956283569336,0.007426493335515261,0.7215081453323364,0.00704012019559741,0.7214956283569336,0.007426493335515261,0.008322222158312798,12.0,0.2,M12_eta0.2
NOG,10009,876,73.0,449536,212992,876,8.132523775100708,100,0.1,12.0,0.2,y_bar,0.7213606238365173,0.007802320644259453,0.7213520407676697,0.008152005262672901,0.7213606238365173,0.007802320644259453,0.00715397484600544,12.0,0.2,M12_eta0.2
NOG,10009,948,79.0,486400,229376,948,8.713153600692749,100,0.1,12.0,0.2,y_bar,0.7211843132972717,0.007649423088878393,0.7211618423461914,0.007017622236162424,0.7211843132972717,0.007649423088878393,0.006938527338206768,12.0,0.2,M12_eta0.2
NOG,10009,960,80.0,492544,245760,960,8.907323837280273,100,0.1,12.0,0.2,y_bar,0.7211504578590393,0.008279968984425068,0.7211491465568542,0.007562320213764906,0.7211504578590393,0.008279968984425068,0.00814442802220583,12.0,0.2,M12_eta0.2
NOG,10009,12,1.0,7168,16384,12,0.19122838973999023,100,0.1,12.0,0.3,y_bar,0.7235640287399292,0.012143540196120739,0.7235698103904724,0.009848387911915779,0.7235640287399292,0.012143540196120739,0.01042676530778408,12.0,0.3,M12_eta0.3
NOG,10009,84,7.0,44032,32768,84,0.9296066761016846,100,0.1,12.0,0.3,y_bar,0.7234292030334473,0.008164101280272007,0.7234109044075012,0.007241919636726379,0.7234292030334473,0.008164101280272007,0.008340279571712017,12.0,0.3,M12_eta0.3
NOG,10009,156,13.0,80896,49152,156,1.5615313053131104,100,0.1,12.0,0.3,y_bar,0.7232564091682434,0.007738955784589052,0.723234236240387,0.007460096385329962,0.7232564091682434,0.007738955784589052,0.008004620671272278,12.0,0.3,M12_eta0.3
NOG,10009,228,19.0,117760,65536,228,2.2948575019836426,100,0.1,12.0,0.3,y_bar,0.7230878472328186,0.007812543772161007,0.723088800907135,0.007341090589761734,0.7230878472328186,0.007812543772161007,0.00810594018548727,12.0,0.3,M12_eta0.3
NOG,10009,300,25.0,154624,81920,300,2.88877534866333,100,0.1,12.0,0.3,y_bar,0.7229415774345398,0.007109576836228371,0.7229251265525818,0.007330584805458784,0.7229415774345398,0.007109576836228371,0.007606932427734137,12.0,0.3,M12_eta0.3
NOG,10009,372,31.0,191488,98304,372,3.568154811859131,100,0.1,12.0,0.3,y_bar,0.722748875617981,0.007466685492545366,0.7227476239204407,0.006962441373616457,0.722748875617981,0.007466685492545366,0.008165989071130753,12.0,0.3,M12_eta0.3
NOG,10009,444,37.0,228352,114688,444,4.1746180057525635,100,0.1,12.0,0.3,y_bar,0.722649335861206,0.006731318775564432,0.7226523160934448,0.006672973744571209,0.722649335861206,0.006731318775564432,0.007171059027314186,12.0,0.3,M12_eta0.3
NOG,10009,516,43.0,265216,131072,516,4.8727991580963135,100,0.1,12.0,0.3,y_bar,0.722504734992981,0.007064804434776306,0.7224966287612915,0.008000814355909824,0.722504734992981,0.007064804434776306,0.007701890543103218,12.0,0.3,M12_eta0.3
NOG,10009,588,49.0,302080,147456,588,5.548908948898315,100,0.1,12.0,0.3,y_bar,0.7224081158638,0.0077781882137060165,0.7223901152610779,0.0075903781689703465,0.7224081158638,0.0077781882137060165,0.007678714115172625,12.0,0.3,M12_eta0.3
NOG,10009,660,55.0,338944,163840,660,6.189154863357544,100,0.1,12.0,0.3,y_bar,0.7223281860351562,0.006951833609491587,0.7223109602928162,0.008750044740736485,0.7223281860351562,0.006951833609491587,0.007769143208861351,12.0,0.3,M12_eta0.3
NOG,10009,732,61.0,375808,180224,732,6.812432527542114,100,0.1,12.0,0.3,y_bar,0.7222514152526855,0.0066350712440907955,0.7222522497177124,0.0072157359682023525,0.7222514152526855,0.0066350712440907955,0.006936134770512581,12.0,0.3,M12_eta0.3
NOG,10009,804,67.0,412672,196608,804,7.41776704788208,100,0.1,12.0,0.3,y_bar,0.7221677303314209,0.0071690804325044155,0.7221788167953491,0.007076267618685961,0.7221677303314209,0.0071690804325044155,0.00813965406268835,12.0,0.3,M12_eta0.3
NOG,10009,876,73.0,449536,212992,876,8.059482097625732,100,0.1,12.0,0.3,y_bar,0.7220812439918518,0.007703443057835102,0.7220703363418579,0.007684601470828056,0.7220812439918518,0.007703443057835102,0.007001481484621763,12.0,0.3,M12_eta0.3
NOG,10009,948,79.0,486400,229376,948,8.671815872192383,100,0.1,12.0,0.3,y_bar,0.7220030426979065,0.007333294488489628,0.7219875454902649,0.0069146910682320595,0.7220030426979065,0.007333294488489628,0.007316468749195337,12.0,0.3,M12_eta0.3
NOG,10009,960,80.0,492544,245760,960,8.867006778717041,100,0.1,12.0,0.3,y_bar,0.7219770550727844,0.007619023788720369,0.7219678163528442,0.0073876637034118176,0.7219770550727844,0.007619023788720369,0.008059078827500343,12.0,0.3,M12_eta0.3
NOG,10009,12,1.0,7168,16384,12,0.2123098373413086,100,0.1,12.0,0.5,y_bar,0.72355717420578,0.01231981348246336,0.7235634922981262,0.010142398066818714,0.72355717420578,0.01231981348246336,0.010760595090687275,12.0,0.5,M12_eta0.5
NOG,10009,84,7.0,44032,32768,84,1.013622522354126,100,0.1,12.0,0.5,y_bar,0.7234758138656616,0.008308877237141132,0.7234651446342468,0.007334327790886164,0.7234758138656616,0.008308877237141132,0.008402124978601933,12.0,0.5,M12_eta0.5
NOG,10009,156,13.0,80896,49152,156,1.6777777671813965,100,0.1,12.0,0.5,y_bar,0.7233557105064392,0.0077433474361896515,0.7233397364616394,0.007408857345581055,0.7233557105064392,0.0077433474361896515,0.008023026399314404,12.0,0.5,M12_eta0.5
NOG,10009,228,19.0,117760,65536,228,2.3901753425598145,100,0.1,12.0,0.5,y_bar,0.7232344746589661,0.007792907766997814,0.7232323884963989,0.007380343973636627,0.7232344746589661,0.007792907766997814,0.008225083351135254,12.0,0.5,M12_eta0.5
NOG,10009,300,25.0,154624,81920,300,3.088573932647705,100,0.1,12.0,0.5,y_bar,0.7231268882751465,0.007213968317955732,0.7231106162071228,0.007359642535448074,0.7231268882751465,0.007213968317955732,0.007768221665173769,12.0,0.5,M12_eta0.5
NOG,10009,372,31.0,191488,98304,372,3.787754535675049,100,0.1,12.0,0.5,y_bar,0.7229791283607483,0.007162831258028746,0.7229805588722229,0.006980616599321365,0.7229791283607483,0.007162831258028746,0.008174765855073929,12.0,0.5,M12_eta0.5
NOG,10009,444,37.0,228352,114688,444,4.462191581726074,100,0.1,12.0,0.5,y_bar,0.7228946685791016,0.00684881629422307,0.7228949666023254,0.006615382619202137,0.7228946685791016,0.00684881629422307,0.007331689354032278,12.0,0.5,M12_eta0.5
NOG,10009,516,43.0,265216,131072,516,5.146305084228516,100,0.1,12.0,0.5,y_bar,0.7227641344070435,0.006898431107401848,0.7227569818496704,0.00785156711935997,0.7227641344070435,0.006898431107401848,0.007743852213025093,12.0,0.5,M12_eta0.5
NOG,10009,588,49.0,302080,147456,588,5.737279891967773,100,0.1,12.0,0.5,y_bar,0.7226760983467102,0.007770894560962915,0.7226560115814209,0.007659081369638443,0.7226760983467102,0.007770894560962915,0.007818168960511684,12.0,0.5,M12_eta0.5
NOG,10009,660,55.0,338944,163840,660,6.350132703781128,100,0.1,12.0,0.5,y_bar,0.7225725650787354,0.006818776018917561,0.7225597500801086,0.008553029038012028,0.7225725650787354,0.006818776018917561,0.007800272665917873,12.0,0.5,M12_eta0.5
NOG,10009,732,61.0,375808,180224,732,6.948848724365234,100,0.1,12.0,0.5,y_bar,0.7225126028060913,0.006908785551786423,0.7225149273872375,0.0075629656203091145,0.7225126028060913,0.006908785551786423,0.006666474975645542,12.0,0.5,M12_eta0.5
NOG,10009,804,67.0,412672,196608,804,7.564172744750977,100,0.1,12.0,0.5,y_bar,0.7224392294883728,0.00703715905547142,0.7224488854408264,0.0069822887890040874,0.7224392294883728,0.00703715905547142,0.008282472379505634,12.0,0.5,M12_eta0.5
NOG,10009,876,73.0,449536,212992,876,8.212736368179321,100,0.1,12.0,0.5,y_bar,0.7223593592643738,0.007507082540541887,0.7223551273345947,0.007574049290269613,0.7223593592643738,0.007507082540541887,0.006848416291177273,12.0,0.5,M12_eta0.5
NOG,10009,948,79.0,486400,229376,948,8.835935592651367,100,0.1,12.0,0.5,y_bar,0.7223262786865234,0.00722169503569603,0.7223223447799683,0.006812970153987408,0.7223262786865234,0.00722169503569603,0.006969386246055365,12.0,0.5,M12_eta0.5
NOG,10009,960,80.0,492544,245760,960,9.044469594955444,100,0.1,12.0,0.5,y_bar,0.7223091125488281,0.007913289591670036,0.7222984433174133,0.007447407115250826,0.7223091125488281,0.007913289591670036,0.008165140636265278,12.0,0.5,M12_eta0.5
NOG,10009,16,1.0,9216,16384,16,0.21772003173828125,100,0.1,16.0,0.1,y_bar,0.7235814929008484,0.00916837714612484,0.7235773801803589,0.009221975691616535,0.7235814929008484,0.00916837714612484,0.008952976204454899,16.0,0.1,M16_eta0.1
NOG,10009,80,5.0,41984,32768,80,0.9241437911987305,100,0.1,16.0,0.1,y_bar,0.723325788974762,0.008104046806693077,0.7232652902603149,0.007831514813005924,0.723325788974762,0.008104046806693077,0.006590213160961866,16.0,0.1,M16_eta0.1
NOG,10009,144,9.0,74752,49152,144,1.537933111190796,100,0.1,16.0,0.1,y_bar,0.7230047583580017,0.00846328679472208,0.7229832410812378,0.008278761990368366,0.7230047583580017,0.00846328679472208,0.006455773022025824,16.0,0.1,M16_eta0.1
NOG,10009,208,13.0,107520,65536,208,2.1005611419677734,100,0.1,16.0,0.1,y_bar,0.722764253616333,0.006696207448840141,0.722743034362793,0.007507853209972382,0.722764253616333,0.006696207448840141,0.007455476094037294,16.0,0.1,M16_eta0.1
NOG,10009,272,17.0,140288,81920,272,2.7803988456726074,100,0.1,16.0,0.1,y_bar,0.7225650548934937,0.006865311414003372,0.7225354909896851,0.007972629740834236,0.7225650548934937,0.006865311414003372,0.007451536599546671,16.0,0.1,M16_eta0.1
NOG,10009,336,21.0,173056,98304,336,3.3809492588043213,100,0.1,16.0,0.1,y_bar,0.7223314046859741,0.007993284612894058,0.7223491072654724,0.007617033552378416,0.7223314046859741,0.007993284612894058,0.006007038056850433,16.0,0.1,M16_eta0.1
NOG,10009,400,25.0,205824,114688,400,4.02970814704895,100,0.1,16.0,0.1,y_bar,0.722214937210083,0.007658897899091244,0.7222237586975098,0.00817271787673235,0.722214937210083,0.007658897899091244,0.006335895974189043,16.0,0.1,M16_eta0.1
NOG,10009,464,29.0,238592,131072,464,4.681644678115845,100,0.1,16.0,0.1,y_bar,0.7219951152801514,0.0072870212607085705,0.721950888633728,0.0074395472183823586,0.7219951152801514,0.0072870212607085705,0.006969572510570288,16.0,0.1,M16_eta0.1
NOG,10009,528,33.0,271360,147456,528,5.346441030502319,100,0.1,16.0,0.1,y_bar,0.7218273282051086,0.008040735498070717,0.721821129322052,0.007633078843355179,0.7218273282051086,0.008040735498070717,0.006386381573975086,16.0,0.1,M16_eta0.1
NOG,10009,592,37.0,304128,163840,592,5.984435796737671,100,0.1,16.0,0.1,y_bar,0.7216341495513916,0.007228877395391464,0.7216094732284546,0.007038473151624203,0.7216341495513916,0.007228877395391464,0.006576332729309797,16.0,0.1,M16_eta0.1
NOG,10009,656,41.0,336896,180224,656,6.580170154571533,100,0.1,16.0,0.1,y_bar,0.7214394211769104,0.008360583335161209,0.7214358448982239,0.007908635772764683,0.7214394211769104,0.008360583335161209,0.006281166337430477,16.0,0.1,M16_eta0.1
NOG,10009,720,45.0,369664,196608,720,7.148945093154907,100,0.1,16.0,0.1,y_bar,0.721257209777832,0.007813788950443268,0.721228837966919,0.007730120327323675,0.721257209777832,0.007813788950443268,0.007378587033599615,16.0,0.1,M16_eta0.1
NOG,10009,784,49.0,402432,212992,784,7.705397129058838,100,0.1,16.0,0.1,y_bar,0.7210906147956848,0.00801696628332138,0.7211055755615234,0.008774416521191597,0.7210906147956848,0.00801696628332138,0.0064659398049116135,16.0,0.1,M16_eta0.1
NOG,10009,848,53.0,435200,229376,848,8.271296262741089,100,0.1,16.0,0.1,y_bar,0.7208066582679749,0.007390212267637253,0.7207825183868408,0.007675390690565109,0.7208066582679749,0.007390212267637253,0.0075010983273386955,16.0,0.1,M16_eta0.1
NOG,10009,912,57.0,467968,245760,912,8.828598976135254,100,0.1,16.0,0.1,y_bar,0.7206503748893738,0.007378446403890848,0.7206182479858398,0.006575026549398899,0.7206503748893738,0.007378446403890848,0.007880830205976963,16.0,0.1,M16_eta0.1
NOG,10009,960,60.0,492544,262144,960,9.293788433074951,100,0.1,16.0,0.1,y_bar,0.7204957008361816,0.006672391667962074,0.720490038394928,0.006838493049144745,0.7204957008361816,0.006672391667962074,0.0072030494920909405,16.0,0.1,M16_eta0.1
NOG,10009,16,1.0,9216,16384,16,0.22765111923217773,100,0.1,16.0,0.2,y_bar,0.7235536575317383,0.009662059135735035,0.723552405834198,0.009730185382068157,0.7235536575317383,0.009662059135735035,0.009563514031469822,16.0,0.2,M16_eta0.2
NOG,10009,80,5.0,41984,32768,80,0.7850604057312012,100,0.1,16.0,0.2,y_bar,0.7234672904014587,0.007958987727761269,0.7234558463096619,0.007528706453740597,0.7234672904014587,0.007958987727761269,0.006766088772565126,16.0,0.2,M16_eta0.2
NOG,10009,144,9.0,74752,49152,144,1.3262252807617188,100,0.1,16.0,0.2,y_bar,0.7233395576477051,0.00821666233241558,0.7233178615570068,0.007730209268629551,0.7233395576477051,0.00821666233241558,0.006427566986531019,16.0,0.2,M16_eta0.2
NOG,10009,208,13.0,107520,65536,208,1.908315658569336,100,0.1,16.0,0.2,y_bar,0.7232091426849365,0.006985276937484741,0.7231956124305725,0.007585723884403706,0.7232091426849365,0.006985276937484741,0.006929120514541864,16.0,0.2,M16_eta0.2
NOG,10009,272,17.0,140288,81920,272,2.4390435218811035,100,0.1,16.0,0.2,y_bar,0.7230837345123291,0.006621184293180704,0.723086416721344,0.008179988712072372,0.7230837345123291,0.006621184293180704,0.007507050409913063,16.0,0.2,M16_eta0.2
NOG,10009,336,21.0,173056,98304,336,3.0624499320983887,100,0.1,16.0,0.2,y_bar,0.7229465246200562,0.007816783152520657,0.7229431867599487,0.007433201652020216,0.7229465246200562,0.007816783152520657,0.006122080609202385,16.0,0.2,M16_eta0.2
NOG,10009,400,25.0,205824,114688,400,3.733794689178467,100,0.1,16.0,0.2,y_bar,0.7228558659553528,0.007266615517437458,0.7228537201881409,0.007814675569534302,0.7228558659553528,0.007266615517437458,0.00597401475533843,16.0,0.2,M16_eta0.2
NOG,10009,464,29.0,238592,131072,464,4.2772321701049805,100,0.1,16.0,0.2,y_bar,0.7227576375007629,0.0069577633403241634,0.7227357029914856,0.007140703033655882,0.7227576375007629,0.0069577633403241634,0.006690743379294872,16.0,0.2,M16_eta0.2
NOG,10009,528,33.0,271360,147456,528,4.892295837402344,100,0.1,16.0,0.2,y_bar,0.7226527333259583,0.00815411377698183,0.7226491570472717,0.007655221503227949,0.7226527333259583,0.00815411377698183,0.00644713593646884,16.0,0.2,M16_eta0.2
NOG,10009,592,37.0,304128,163840,592,5.612350225448608,100,0.1,16.0,0.2,y_bar,0.7225387096405029,0.007197801489382982,0.7225397229194641,0.007223362568765879,0.7225387096405029,0.007197801489382982,0.00580941466614604,16.0,0.2,M16_eta0.2
NOG,10009,656,41.0,336896,180224,656,6.19972825050354,100,0.1,16.0,0.2,y_bar,0.7224498987197876,0.007869361899793148,0.7224470973014832,0.007961778901517391,0.7224498987197876,0.007869361899793148,0.006154448259621859,16.0,0.2,M16_eta0.2
NOG,10009,720,45.0,369664,196608,720,6.742285966873169,100,0.1,16.0,0.2,y_bar,0.7223779559135437,0.006922041531652212,0.7223747968673706,0.007376619148999453,0.7223779559135437,0.006922041531652212,0.007035639602690935,16.0,0.2,M16_eta0.2
NOG,10009,784,49.0,402432,212992,784,7.414957284927368,100,0.1,16.0,0.2,y_bar,0.7223311066627502,0.00726227555423975,0.7223324775695801,0.007816851139068604,0.7223311066627502,0.00726227555423975,0.005908221937716007,16.0,0.2,M16_eta0.2
NOG,10009,848,53.0,435200,229376,848,8.063152074813843,100,0.1,16.0,0.2,y_bar,0.7222191691398621,0.006868360564112663,0.7222014665603638,0.007789218798279762,0.7222191691398621,0.006868360564112663,0.006936618592590094,16.0,0.2,M16_eta0.2
NOG,10009,912,57.0,467968,245760,912,8.742700815200806,100,0.1,16.0,0.2,y_bar,0.722151517868042,0.007408547215163708,0.7221498489379883,0.0069586001336574554,0.722151517868042,0.007408547215163708,0.007200594525784254,16.0,0.2,M16_eta0.2
NOG,10009,960,60.0,492544,262144,960,9.25935435295105,100,0.1,16.0,0.2,y_bar,0.722110390663147,0.006701360456645489,0.722101628780365,0.007234599906951189,0.722110390663147,0.006701360456645489,0.006513913627713919,16.0,0.2,M16_eta0.2
NOG,10009,16,1.0,9216,16384,16,0.2439744472503662,100,0.1,16.0,0.3,y_bar,0.7235485315322876,0.009968593716621399,0.7235498428344727,0.010051085613667965,0.7235485315322876,0.009968593716621399,0.009785913862287998,16.0,0.3,M16_eta0.3
NOG,10009,80,5.0,41984,32768,80,0.8539128303527832,100,0.1,16.0,0.3,y_bar,0.7234913110733032,0.00784157682210207,0.7234891057014465,0.00746124004945159,0.7234913110733032,0.00784157682210207,0.007068403530865908,16.0,0.3,M16_eta0.3
NOG,10009,144,9.0,74752,49152,144,1.428943395614624,100,0.1,16.0,0.3,y_bar,0.7234141826629639,0.008208537474274635,0.7234019041061401,0.007815061137080193,0.7234141826629639,0.008208537474274635,0.006513967644423246,16.0,0.3,M16_eta0.3
NOG,10009,208,13.0,107520,65536,208,1.993501901626587,100,0.1,16.0,0.3,y_bar,0.723321259021759,0.006939645856618881,0.7233129739761353,0.007594236172735691,0.723321259021759,0.006939645856618881,0.007027492858469486,16.0,0.3,M16_eta0.3
NOG,10009,272,17.0,140288,81920,272,2.5331411361694336,100,0.1,16.0,0.3,y_bar,0.7232431769371033,0.006874425336718559,0.723243772983551,0.008051862940192223,0.7232431769371033,0.006874425336718559,0.007600089069455862,16.0,0.3,M16_eta0.3
NOG,10009,336,21.0,173056,98304,336,3.08105206489563,100,0.1,16.0,0.3,y_bar,0.723139762878418,0.007958809845149517,0.7231333255767822,0.007491675671190023,0.723139762878418,0.007958809845149517,0.006433727685362101,16.0,0.3,M16_eta0.3
NOG,10009,400,25.0,205824,114688,400,3.6795618534088135,100,0.1,16.0,0.3,y_bar,0.7230536937713623,0.0072408816777169704,0.7230477929115295,0.007756312843412161,0.7230536937713623,0.0072408816777169704,0.006091235671192408,16.0,0.3,M16_eta0.3
NOG,10009,464,29.0,238592,131072,464,4.266963958740234,100,0.1,16.0,0.3,y_bar,0.7229726910591125,0.006908950861543417,0.7229562401771545,0.007257838733494282,0.7229726910591125,0.006908950861543417,0.006804333534091711,16.0,0.3,M16_eta0.3
NOG,10009,528,33.0,271360,147456,528,4.85710072517395,100,0.1,16.0,0.3,y_bar,0.7228877544403076,0.007782480679452419,0.7228822708129883,0.00750932190567255,0.7228877544403076,0.007782480679452419,0.00624693650752306,16.0,0.3,M16_eta0.3
NOG,10009,592,37.0,304128,163840,592,5.410326957702637,100,0.1,16.0,0.3,y_bar,0.722808301448822,0.007403756491839886,0.7228083610534668,0.007084144279360771,0.722808301448822,0.007403756491839886,0.00567830353975296,16.0,0.3,M16_eta0.3
NOG,10009,656,41.0,336896,180224,656,5.954467058181763,100,0.1,16.0,0.3,y_bar,0.7227171659469604,0.007704128976911306,0.7227126955986023,0.00797351822257042,0.7227171659469604,0.007704128976911306,0.006206040736287832,16.0,0.3,M16_eta0.3
NOG,10009,720,45.0,369664,196608,720,6.520625352859497,100,0.1,16.0,0.3,y_bar,0.7226528525352478,0.006832178216427565,0.7226529121398926,0.007544063497334719,0.7226528525352478,0.006832178216427565,0.007189806085079908,16.0,0.3,M16_eta0.3
NOG,10009,784,49.0,402432,212992,784,7.137879848480225,100,0.1,16.0,0.3,y_bar,0.7226039171218872,0.007095213979482651,0.7225984334945679,0.00769802276045084,0.7226039171218872,0.007095213979482651,0.006160244345664978,16.0,0.3,M16_eta0.3
NOG,10009,848,53.0,435200,229376,848,7.769390106201172,100,0.1,16.0,0.3,y_bar,0.7225138545036316,0.006672921124845743,0.7224978804588318,0.007301891688257456,0.7225138545036316,0.006672921124845743,0.006952711846679449,16.0,0.3,M16_eta0.3
NOG,10009,912,57.0,467968,245760,912,8.464589834213257,100,0.1,16.0,0.3,y_bar,0.7224555015563965,0.007260072510689497,0.722448468208313,0.007008649874478579,0.7224555015563965,0.007260072510689497,0.007140917703509331,16.0,0.3,M16_eta0.3
NOG,10009,960,60.0,492544,262144,960,8.919997215270996,100,0.1,16.0,0.3,y_bar,0.722417414188385,0.006781743839383125,0.7224076986312866,0.0070420075207948685,0.722417414188385,0.006781743839383125,0.006441179197281599,16.0,0.3,M16_eta0.3
NOG,10009,16,1.0,9216,16384,16,0.21864604949951172,100,0.1,16.0,0.5,y_bar,0.7235463857650757,0.01006841380149126,0.7235491275787354,0.010255099274218082,0.7235463857650757,0.01006841380149126,0.009974217042326927,16.0,0.5,M16_eta0.5
NOG,10009,80,5.0,41984,32768,80,0.7887139320373535,100,0.1,16.0,0.5,y_bar,0.7235011458396912,0.00789134856313467,0.723501980304718,0.007497942075133324,0.7235011458396912,0.00789134856313467,0.007469977717846632,16.0,0.5,M16_eta0.5
NOG,10009,144,9.0,74752,49152,144,1.407473087310791,100,0.1,16.0,0.5,y_bar,0.723447859287262,0.008208698593080044,0.7234373688697815,0.007894760929048061,0.723447859287262,0.008208698593080044,0.006667054258286953,16.0,0.5,M16_eta0.5
NOG,10009,208,13.0,107520,65536,208,1.9785382747650146,100,0.1,16.0,0.5,y_bar,0.7233771681785583,0.0070635657757520676,0.7233715057373047,0.007619807031005621,0.7233771681785583,0.0070635657757520676,0.007144446484744549,16.0,0.5,M16_eta0.5
NOG,10009,272,17.0,140288,81920,272,2.670701503753662,100,0.1,16.0,0.5,y_bar,0.7233229875564575,0.007008343935012817,0.7233226299285889,0.008145502768456936,0.7233229875564575,0.007008343935012817,0.0076607465744018555,16.0,0.5,M16_eta0.5
NOG,10009,336,21.0,173056,98304,336,3.2815117835998535,100,0.1,16.0,0.5,y_bar,0.7232434153556824,0.00794576108455658,0.7232370972633362,0.007438886910676956,0.7232434153556824,0.00794576108455658,0.006622904911637306,16.0,0.5,M16_eta0.5
NOG,10009,400,25.0,205824,114688,400,3.8572537899017334,100,0.1,16.0,0.5,y_bar,0.7231721878051758,0.007188642863184214,0.7231656312942505,0.00784770492464304,0.7231721878051758,0.007188642863184214,0.006333797704428434,16.0,0.5,M16_eta0.5
NOG,10009,464,29.0,238592,131072,464,4.430375337600708,100,0.1,16.0,0.5,y_bar,0.7231005430221558,0.006996419280767441,0.7230878472328186,0.007308488246053457,0.7231005430221558,0.006996419280767441,0.0069320062175393105,16.0,0.5,M16_eta0.5
NOG,10009,528,33.0,271360,147456,528,5.092698335647583,100,0.1,16.0,0.5,y_bar,0.7230290770530701,0.007742210756987333,0.723024845123291,0.007469596806913614,0.7230290770530701,0.007742210756987333,0.006313415244221687,16.0,0.5,M16_eta0.5
NOG,10009,592,37.0,304128,163840,592,5.747504711151123,100,0.1,16.0,0.5,y_bar,0.7229597568511963,0.007463728543370962,0.7229570746421814,0.0071261669509112835,0.7229597568511963,0.007463728543370962,0.005723225884139538,16.0,0.5,M16_eta0.5
NOG,10009,656,41.0,336896,180224,656,6.369285583496094,100,0.1,16.0,0.5,y_bar,0.7228701710700989,0.007866923697292805,0.7228678464889526,0.007918784394860268,0.7228701710700989,0.007866923697292805,0.006331722252070904,16.0,0.5,M16_eta0.5
NOG,10009,720,45.0,369664,196608,720,6.940637111663818,100,0.1,16.0,0.5,y_bar,0.7228151559829712,0.006792684085667133,0.7228163480758667,0.007494612596929073,0.7228151559829712,0.006792684085667133,0.007314355578273535,16.0,0.5,M16_eta0.5
NOG,10009,784,49.0,402432,212992,784,7.5414018630981445,100,0.1,16.0,0.5,y_bar,0.7227681279182434,0.007073298562318087,0.7227674722671509,0.007573211099952459,0.7227681279182434,0.007073298562318087,0.006112479139119387,16.0,0.5,M16_eta0.5
NOG,10009,848,53.0,435200,229376,848,8.144179582595825,100,0.1,16.0,0.5,y_bar,0.7227017879486084,0.0066469525918364525,0.7226884365081787,0.007367172744125128,0.7227017879486084,0.0066469525918364525,0.007005773950368166,16.0,0.5,M16_eta0.5
NOG,10009,912,57.0,467968,245760,912,8.726797580718994,100,0.1,16.0,0.5,y_bar,0.7226449847221375,0.007094364147633314,0.7226400971412659,0.0067421142011880875,0.7226449847221375,0.007094364147633314,0.007279904093593359,16.0,0.5,M16_eta0.5
NOG,10009,960,60.0,492544,262144,960,9.145894527435303,100,0.1,16.0,0.5,y_bar,0.7226096391677856,0.006910248659551144,0.7225983142852783,0.00708774896338582,0.7226096391677856,0.006910248659551144,0.006598331034183502,16.0,0.5,M16_eta0.5
SmoothedSGD,20009,1,,512,8192,1,0.06536173820495605,100,0.1,,0.05,x,0.7235474586486816,0.011866875924170017,0.7235474586486816,0.011866875924170017,,,,,0.05,SmoothedSGD
SmoothedSGD,20009,64,,32768,16384,64,0.5459647178649902,100,0.1,,0.05,x,0.7235203981399536,0.009670354425907135,0.7235203981399536,0.009670354425907135,,,,,0.05,SmoothedSGD
SmoothedSGD,20009,128,,65536,24576,128,1.035564661026001,100,0.1,,0.05,x,0.7234981060028076,0.008901886641979218,0.7234981060028076,0.008901886641979218,,,,,0.05,SmoothedSGD
SmoothedSGD,20009,192,,98304,32768,192,1.5172748565673828,100,0.1,,0.05,x,0.7234809994697571,0.009608705528080463,0.7234809994697571,0.009608705528080463,,,,,0.05,SmoothedSGD
SmoothedSGD,20009,256,,131072,40960,256,2.0166983604431152,100,0.1,,0.05,x,0.7234567999839783,0.007422321010380983,0.7234567999839783,0.007422321010380983,,,,,0.05,SmoothedSGD
SmoothedSGD,20009,320,,163840,49152,320,2.49719500541687,100,0.1,,0.05,x,0.7234296202659607,0.0077257538214325905,0.7234296202659607,0.0077257538214325905,,,,,0.05,SmoothedSGD
SmoothedSGD,20009,384,,196608,57344,384,2.9509570598602295,100,0.1,,0.05,x,0.7234148979187012,0.006984480656683445,0.7234148979187012,0.006984480656683445,,,,,0.05,SmoothedSGD
SmoothedSGD,20009,448,,229376,65536,448,3.4221456050872803,100,0.1,,0.05,x,0.7233919501304626,0.00740978354588151,0.7233919501304626,0.00740978354588151,,,,,0.05,SmoothedSGD
SmoothedSGD,20009,512,,262144,73728,512,3.9429445266723633,100,0.1,,0.05,x,0.7233698964118958,0.008569993078708649,0.7233698964118958,0.008569993078708649,,,,,0.05,SmoothedSGD
SmoothedSGD,20009,576,,294912,81920,576,4.432654857635498,100,0.1,,0.05,x,0.7233452200889587,0.00714664813131094,0.7233452200889587,0.00714664813131094,,,,,0.05,SmoothedSGD
SmoothedSGD,20009,640,,327680,90112,640,4.94886326789856,100,0.1,,0.05,x,0.723318874835968,0.007741140201687813,0.723318874835968,0.007741140201687813,,,,,0.05,SmoothedSGD
SmoothedSGD,20009,704,,360448,98304,704,5.455509424209595,100,0.1,,0.05,x,0.72329181432724,0.007822713814675808,0.72329181432724,0.007822713814675808,,,,,0.05,SmoothedSGD
SmoothedSGD,20009,768,,393216,106496,768,5.909290552139282,100,0.1,,0.05,x,0.7232747077941895,0.0068121436052024364,0.7232747077941895,0.0068121436052024364,,,,,0.05,SmoothedSGD
SmoothedSGD,20009,832,,425984,114688,832,6.478222608566284,100,0.1,,0.05,x,0.7232509255409241,0.007150599267333746,0.7232509255409241,0.007150599267333746,,,,,0.05,SmoothedSGD
SmoothedSGD,20009,896,,458752,122880,896,6.995032787322998,100,0.1,,0.05,x,0.7232301831245422,0.007242583204060793,0.7232301831245422,0.007242583204060793,,,,,0.05,SmoothedSGD
SmoothedSGD,20009,960,,491520,131072,960,7.4852776527404785,100,0.1,,0.05,x,0.7232140302658081,0.007531438022851944,0.7232140302658081,0.007531438022851944,,,,,0.05,SmoothedSGD
