dataset,method,formal_seed,epsilon,hit,first_hit_depth,first_hit_work,hit_epsilon,capped_depth,capped_work,stage
synthetic_maxsinl1,current_NOG-nonopt,720,0.2,True,100,102400,0.1970750839,960,983040,formal
synthetic_maxsinl1,current_NOG-nonopt,720,0.18,True,116,118784,0.1790011674,960,983040,formal
synthetic_maxsinl1,current_NOG-nonopt,720,0.16,True,132,135168,0.1595752239,960,983040,formal
synthetic_maxsinl1,current_NOG-nonopt,720,0.14,True,148,151552,0.138697356,960,983040,formal
synthetic_maxsinl1,current_NOG-nonopt,720,0.12,True,164,167936,0.116100885,960,983040,formal
synthetic_maxsinl1,current_NOG-nonopt,720,0.1,True,176,180224,0.09892992675,960,983040,formal
synthetic_maxsinl1,current_NOG-nonopt,720,0.09,True,184,188416,0.08705366403,960,983040,formal
synthetic_maxsinl1,current_NOG-nonopt,720,0.08,True,192,196608,0.07599165291,960,983040,formal
synthetic_maxsinl1,current_NOG-nonopt,720,0.07,True,196,200704,0.06956119835,960,983040,formal
synthetic_maxsinl1,current_NOG-nonopt,720,0.06,True,204,208896,0.05810334161,960,983040,formal
synthetic_maxsinl1,current_NOG-nonopt,720,0.05,True,212,217088,0.04645964503,960,983040,formal
synthetic_maxsinl1,current_NOG-nonopt,720,0.04,True,220,225280,0.03533912823,960,983040,formal
synthetic_maxsinl1,current_NOG-nonopt,720,0.03,True,228,233472,0.02595717646,960,983040,formal
synthetic_maxsinl1,current_NOG-nonopt,720,0.025,True,232,237568,0.02119094133,960,983040,formal
synthetic_maxsinl1,current_NOG-nonopt,720,0.02,True,236,241664,0.01783858985,960,983040,formal
synthetic_maxsinl1,current_NOG-nonopt,720,0.018,True,236,241664,0.01783858985,960,983040,formal
synthetic_maxsinl1,current_NOG-nonopt,720,0.016,True,240,245760,0.01531092916,960,983040,formal
synthetic_maxsinl1,current_NOG-nonopt,720,0.015,False,,,0.02807222679,960,983040,formal
synthetic_maxsinl1,current_NOG-nonopt,720,0.014,False,,,0.02807222679,960,983040,formal
synthetic_maxsinl1,current_NOG-nonopt,720,0.013,False,,,0.02807222679,960,983040,formal
synthetic_maxsinl1,current_NOG-nonopt,720,0.012,False,,,0.02807222679,960,983040,formal
synthetic_maxsinl1,current_NOG-nonopt,720,0.0115,False,,,0.02807222679,960,983040,formal
synthetic_maxsinl1,current_NOG-nonopt,720,0.011,False,,,0.02807222679,960,983040,formal
synthetic_maxsinl1,current_NOG-nonopt,720,0.01075,False,,,0.02807222679,960,983040,formal
synthetic_maxsinl1,current_NOG-nonopt,720,0.0105,False,,,0.02807222679,960,983040,formal
synthetic_maxsinl1,current_NOG-nonopt,720,0.01025,False,,,0.02807222679,960,983040,formal
synthetic_maxsinl1,current_NOG-nonopt,720,0.01,False,,,0.02807222679,960,983040,formal
synthetic_maxsinl1,current_NOG-nonopt,720,0.0095,False,,,0.02807222679,960,983040,formal
synthetic_maxsinl1,current_NOG-nonopt,720,0.009,False,,,0.02807222679,960,983040,formal
synthetic_maxsinl1,current_NOG-nonopt,720,0.008,False,,,0.02807222679,960,983040,formal
synthetic_maxsinl1,current_NOG-nonopt,720,0.007,False,,,0.02807222679,960,983040,formal
synthetic_maxsinl1,current_NOG-nonopt,720,0.006,False,,,0.02807222679,960,983040,formal
synthetic_maxsinl1,current_NOG-nonopt,720,0.005,False,,,0.02807222679,960,983040,formal
synthetic_maxsinl1,current_NOG-nonopt,720,0.004,False,,,0.02807222679,960,983040,formal
synthetic_maxsinl1,current_NOG-nonopt,720,0.003,False,,,0.02807222679,960,983040,formal
synthetic_maxsinl1,current_NOG-nonopt,720,0.002,False,,,0.02807222679,960,983040,formal
synthetic_maxsinl1,current_NOG-nonopt,721,0.2,True,100,102400,0.1989391297,960,983040,formal
synthetic_maxsinl1,current_NOG-nonopt,721,0.18,True,120,122880,0.1757095307,960,983040,formal
synthetic_maxsinl1,current_NOG-nonopt,721,0.16,True,136,139264,0.1551186889,960,983040,formal
synthetic_maxsinl1,current_NOG-nonopt,721,0.14,True,148,151552,0.1391906142,960,983040,formal
synthetic_maxsinl1,current_NOG-nonopt,721,0.12,True,164,167936,0.1156411171,960,983040,formal
synthetic_maxsinl1,current_NOG-nonopt,721,0.1,True,176,180224,0.0986244306,960,983040,formal
synthetic_maxsinl1,current_NOG-nonopt,721,0.09,True,184,188416,0.08561647683,960,983040,formal
synthetic_maxsinl1,current_NOG-nonopt,721,0.08,True,192,196608,0.07464582473,960,983040,formal
synthetic_maxsinl1,current_NOG-nonopt,721,0.07,True,196,200704,0.06841336936,960,983040,formal
synthetic_maxsinl1,current_NOG-nonopt,721,0.06,True,204,208896,0.05596487969,960,983040,formal
synthetic_maxsinl1,current_NOG-nonopt,721,0.05,True,208,212992,0.04977991059,960,983040,formal
synthetic_maxsinl1,current_NOG-nonopt,721,0.04,True,216,221184,0.03864498064,960,983040,formal
synthetic_maxsinl1,current_NOG-nonopt,721,0.03,True,224,229376,0.02781456709,960,983040,formal
synthetic_maxsinl1,current_NOG-nonopt,721,0.025,True,228,233472,0.02310613543,960,983040,formal
synthetic_maxsinl1,current_NOG-nonopt,721,0.02,True,232,237568,0.01874566451,960,983040,formal
synthetic_maxsinl1,current_NOG-nonopt,721,0.018,True,236,241664,0.01569279842,960,983040,formal
synthetic_maxsinl1,current_NOG-nonopt,721,0.016,True,236,241664,0.01569279842,960,983040,formal
synthetic_maxsinl1,current_NOG-nonopt,721,0.015,True,240,245760,0.01399188302,960,983040,formal
synthetic_maxsinl1,current_NOG-nonopt,721,0.014,False,,,0.030753389,960,983040,formal
synthetic_maxsinl1,current_NOG-nonopt,721,0.013,False,,,0.030753389,960,983040,formal
synthetic_maxsinl1,current_NOG-nonopt,721,0.012,False,,,0.030753389,960,983040,formal
synthetic_maxsinl1,current_NOG-nonopt,721,0.0115,False,,,0.030753389,960,983040,formal
synthetic_maxsinl1,current_NOG-nonopt,721,0.011,False,,,0.030753389,960,983040,formal
synthetic_maxsinl1,current_NOG-nonopt,721,0.01075,False,,,0.030753389,960,983040,formal
synthetic_maxsinl1,current_NOG-nonopt,721,0.0105,False,,,0.030753389,960,983040,formal
synthetic_maxsinl1,current_NOG-nonopt,721,0.01025,False,,,0.030753389,960,983040,formal
synthetic_maxsinl1,current_NOG-nonopt,721,0.01,False,,,0.030753389,960,983040,formal
synthetic_maxsinl1,current_NOG-nonopt,721,0.0095,False,,,0.030753389,960,983040,formal
synthetic_maxsinl1,current_NOG-nonopt,721,0.009,False,,,0.030753389,960,983040,formal
synthetic_maxsinl1,current_NOG-nonopt,721,0.008,False,,,0.030753389,960,983040,formal
synthetic_maxsinl1,current_NOG-nonopt,721,0.007,False,,,0.030753389,960,983040,formal
synthetic_maxsinl1,current_NOG-nonopt,721,0.006,False,,,0.030753389,960,983040,formal
synthetic_maxsinl1,current_NOG-nonopt,721,0.005,False,,,0.030753389,960,983040,formal
synthetic_maxsinl1,current_NOG-nonopt,721,0.004,False,,,0.030753389,960,983040,formal
synthetic_maxsinl1,current_NOG-nonopt,721,0.003,False,,,0.030753389,960,983040,formal
synthetic_maxsinl1,current_NOG-nonopt,721,0.002,False,,,0.030753389,960,983040,formal
synthetic_maxsinl1,current_NOG-nonopt,722,0.2,True,100,102400,0.1989297122,960,983040,formal
synthetic_maxsinl1,current_NOG-nonopt,722,0.18,True,120,122880,0.1759979129,960,983040,formal
synthetic_maxsinl1,current_NOG-nonopt,722,0.16,True,136,139264,0.1550621092,960,983040,formal
synthetic_maxsinl1,current_NOG-nonopt,722,0.14,True,148,151552,0.1383359879,960,983040,formal
synthetic_maxsinl1,current_NOG-nonopt,722,0.12,True,164,167936,0.1151860803,960,983040,formal
synthetic_maxsinl1,current_NOG-nonopt,722,0.1,True,176,180224,0.09825231135,960,983040,formal
synthetic_maxsinl1,current_NOG-nonopt,722,0.09,True,184,188416,0.0861806646,960,983040,formal
synthetic_maxsinl1,current_NOG-nonopt,722,0.08,True,188,192512,0.07966114581,960,983040,formal
synthetic_maxsinl1,current_NOG-nonopt,722,0.07,True,196,200704,0.06780163199,960,983040,formal
synthetic_maxsinl1,current_NOG-nonopt,722,0.06,True,204,208896,0.05596782267,960,983040,formal
synthetic_maxsinl1,current_NOG-nonopt,722,0.05,True,208,212992,0.0499887839,960,983040,formal
synthetic_maxsinl1,current_NOG-nonopt,722,0.04,True,216,221184,0.03872652352,960,983040,formal
synthetic_maxsinl1,current_NOG-nonopt,722,0.03,True,224,229376,0.02772631682,960,983040,formal
synthetic_maxsinl1,current_NOG-nonopt,722,0.025,True,228,233472,0.02294544503,960,983040,formal
synthetic_maxsinl1,current_NOG-nonopt,722,0.02,True,232,237568,0.01898098551,960,983040,formal
synthetic_maxsinl1,current_NOG-nonopt,722,0.018,True,236,241664,0.01609690674,960,983040,formal
synthetic_maxsinl1,current_NOG-nonopt,722,0.016,False,,,0.02969583869,960,983040,formal
synthetic_maxsinl1,current_NOG-nonopt,722,0.015,False,,,0.02969583869,960,983040,formal
synthetic_maxsinl1,current_NOG-nonopt,722,0.014,False,,,0.02969583869,960,983040,formal
synthetic_maxsinl1,current_NOG-nonopt,722,0.013,False,,,0.02969583869,960,983040,formal
synthetic_maxsinl1,current_NOG-nonopt,722,0.012,False,,,0.02969583869,960,983040,formal
synthetic_maxsinl1,current_NOG-nonopt,722,0.0115,False,,,0.02969583869,960,983040,formal
synthetic_maxsinl1,current_NOG-nonopt,722,0.011,False,,,0.02969583869,960,983040,formal
synthetic_maxsinl1,current_NOG-nonopt,722,0.01075,False,,,0.02969583869,960,983040,formal
synthetic_maxsinl1,current_NOG-nonopt,722,0.0105,False,,,0.02969583869,960,983040,formal
synthetic_maxsinl1,current_NOG-nonopt,722,0.01025,False,,,0.02969583869,960,983040,formal
synthetic_maxsinl1,current_NOG-nonopt,722,0.01,False,,,0.02969583869,960,983040,formal
synthetic_maxsinl1,current_NOG-nonopt,722,0.0095,False,,,0.02969583869,960,983040,formal
synthetic_maxsinl1,current_NOG-nonopt,722,0.009,False,,,0.02969583869,960,983040,formal
synthetic_maxsinl1,current_NOG-nonopt,722,0.008,False,,,0.02969583869,960,983040,formal
synthetic_maxsinl1,current_NOG-nonopt,722,0.007,False,,,0.02969583869,960,983040,formal
synthetic_maxsinl1,current_NOG-nonopt,722,0.006,False,,,0.02969583869,960,983040,formal
synthetic_maxsinl1,current_NOG-nonopt,722,0.005,False,,,0.02969583869,960,983040,formal
synthetic_maxsinl1,current_NOG-nonopt,722,0.004,False,,,0.02969583869,960,983040,formal
synthetic_maxsinl1,current_NOG-nonopt,722,0.003,False,,,0.02969583869,960,983040,formal
synthetic_maxsinl1,current_NOG-nonopt,722,0.002,False,,,0.02969583869,960,983040,formal
synthetic_maxsinl1,current_NOG-nonopt,723,0.2,True,100,102400,0.197994411,960,983040,formal
synthetic_maxsinl1,current_NOG-nonopt,723,0.18,True,116,118784,0.1797626317,960,983040,formal
synthetic_maxsinl1,current_NOG-nonopt,723,0.16,True,136,139264,0.1545980126,960,983040,formal
synthetic_maxsinl1,current_NOG-nonopt,723,0.14,True,148,151552,0.1382409483,960,983040,formal
synthetic_maxsinl1,current_NOG-nonopt,723,0.12,True,164,167936,0.1154880971,960,983040,formal
synthetic_maxsinl1,current_NOG-nonopt,723,0.1,True,176,180224,0.0967874527,960,983040,formal
synthetic_maxsinl1,current_NOG-nonopt,723,0.09,True,184,188416,0.08460065722,960,983040,formal
synthetic_maxsinl1,current_NOG-nonopt,723,0.08,True,188,192512,0.07873943448,960,983040,formal
synthetic_maxsinl1,current_NOG-nonopt,723,0.07,True,196,200704,0.06701020151,960,983040,formal
synthetic_maxsinl1,current_NOG-nonopt,723,0.06,True,204,208896,0.05478526279,960,983040,formal
synthetic_maxsinl1,current_NOG-nonopt,723,0.05,True,208,212992,0.04945613816,960,983040,formal
synthetic_maxsinl1,current_NOG-nonopt,723,0.04,True,216,221184,0.03809443861,960,983040,formal
synthetic_maxsinl1,current_NOG-nonopt,723,0.03,True,224,229376,0.02737025358,960,983040,formal
synthetic_maxsinl1,current_NOG-nonopt,723,0.025,True,228,233472,0.02256670035,960,983040,formal
synthetic_maxsinl1,current_NOG-nonopt,723,0.02,True,232,237568,0.01820943691,960,983040,formal
synthetic_maxsinl1,current_NOG-nonopt,723,0.018,True,236,241664,0.01496659592,960,983040,formal
synthetic_maxsinl1,current_NOG-nonopt,723,0.016,True,236,241664,0.01496659592,960,983040,formal
synthetic_maxsinl1,current_NOG-nonopt,723,0.015,True,236,241664,0.01496659592,960,983040,formal
synthetic_maxsinl1,current_NOG-nonopt,723,0.014,False,,,0.03237971663,960,983040,formal
synthetic_maxsinl1,current_NOG-nonopt,723,0.013,False,,,0.03237971663,960,983040,formal
synthetic_maxsinl1,current_NOG-nonopt,723,0.012,False,,,0.03237971663,960,983040,formal
synthetic_maxsinl1,current_NOG-nonopt,723,0.0115,False,,,0.03237971663,960,983040,formal
synthetic_maxsinl1,current_NOG-nonopt,723,0.011,False,,,0.03237971663,960,983040,formal
synthetic_maxsinl1,current_NOG-nonopt,723,0.01075,False,,,0.03237971663,960,983040,formal
synthetic_maxsinl1,current_NOG-nonopt,723,0.0105,False,,,0.03237971663,960,983040,formal
synthetic_maxsinl1,current_NOG-nonopt,723,0.01025,False,,,0.03237971663,960,983040,formal
synthetic_maxsinl1,current_NOG-nonopt,723,0.01,False,,,0.03237971663,960,983040,formal
synthetic_maxsinl1,current_NOG-nonopt,723,0.0095,False,,,0.03237971663,960,983040,formal
synthetic_maxsinl1,current_NOG-nonopt,723,0.009,False,,,0.03237971663,960,983040,formal
synthetic_maxsinl1,current_NOG-nonopt,723,0.008,False,,,0.03237971663,960,983040,formal
synthetic_maxsinl1,current_NOG-nonopt,723,0.007,False,,,0.03237971663,960,983040,formal
synthetic_maxsinl1,current_NOG-nonopt,723,0.006,False,,,0.03237971663,960,983040,formal
synthetic_maxsinl1,current_NOG-nonopt,723,0.005,False,,,0.03237971663,960,983040,formal
synthetic_maxsinl1,current_NOG-nonopt,723,0.004,False,,,0.03237971663,960,983040,formal
synthetic_maxsinl1,current_NOG-nonopt,723,0.003,False,,,0.03237971663,960,983040,formal
synthetic_maxsinl1,current_NOG-nonopt,723,0.002,False,,,0.03237971663,960,983040,formal
synthetic_maxsinl1,current_NOG-nonopt,724,0.2,True,100,102400,0.1999484748,960,983040,formal
synthetic_maxsinl1,current_NOG-nonopt,724,0.18,True,120,122880,0.1765635759,960,983040,formal
synthetic_maxsinl1,current_NOG-nonopt,724,0.16,True,136,139264,0.1553266346,960,983040,formal
synthetic_maxsinl1,current_NOG-nonopt,724,0.14,True,148,151552,0.1388489157,960,983040,formal
synthetic_maxsinl1,current_NOG-nonopt,724,0.12,True,164,167936,0.1146716624,960,983040,formal
synthetic_maxsinl1,current_NOG-nonopt,724,0.1,True,176,180224,0.09671700746,960,983040,formal
synthetic_maxsinl1,current_NOG-nonopt,724,0.09,True,184,188416,0.08421094716,960,983040,formal
synthetic_maxsinl1,current_NOG-nonopt,724,0.08,True,188,192512,0.07832441479,960,983040,formal
synthetic_maxsinl1,current_NOG-nonopt,724,0.07,True,196,200704,0.06564580649,960,983040,formal
synthetic_maxsinl1,current_NOG-nonopt,724,0.06,True,200,204800,0.05977202207,960,983040,formal
synthetic_maxsinl1,current_NOG-nonopt,724,0.05,True,208,212992,0.04856814444,960,983040,formal
synthetic_maxsinl1,current_NOG-nonopt,724,0.04,True,216,221184,0.03722211346,960,983040,formal
synthetic_maxsinl1,current_NOG-nonopt,724,0.03,True,224,229376,0.02584867924,960,983040,formal
synthetic_maxsinl1,current_NOG-nonopt,724,0.025,True,228,233472,0.02098193206,960,983040,formal
synthetic_maxsinl1,current_NOG-nonopt,724,0.02,True,232,237568,0.0175879728,960,983040,formal
synthetic_maxsinl1,current_NOG-nonopt,724,0.018,True,232,237568,0.0175879728,960,983040,formal
synthetic_maxsinl1,current_NOG-nonopt,724,0.016,True,236,241664,0.01490812004,960,983040,formal
synthetic_maxsinl1,current_NOG-nonopt,724,0.015,True,236,241664,0.01490812004,960,983040,formal
synthetic_maxsinl1,current_NOG-nonopt,724,0.014,False,,,0.03040632233,960,983040,formal
synthetic_maxsinl1,current_NOG-nonopt,724,0.013,False,,,0.03040632233,960,983040,formal
synthetic_maxsinl1,current_NOG-nonopt,724,0.012,False,,,0.03040632233,960,983040,formal
synthetic_maxsinl1,current_NOG-nonopt,724,0.0115,False,,,0.03040632233,960,983040,formal
synthetic_maxsinl1,current_NOG-nonopt,724,0.011,False,,,0.03040632233,960,983040,formal
synthetic_maxsinl1,current_NOG-nonopt,724,0.01075,False,,,0.03040632233,960,983040,formal
synthetic_maxsinl1,current_NOG-nonopt,724,0.0105,False,,,0.03040632233,960,983040,formal
synthetic_maxsinl1,current_NOG-nonopt,724,0.01025,False,,,0.03040632233,960,983040,formal
synthetic_maxsinl1,current_NOG-nonopt,724,0.01,False,,,0.03040632233,960,983040,formal
synthetic_maxsinl1,current_NOG-nonopt,724,0.0095,False,,,0.03040632233,960,983040,formal
synthetic_maxsinl1,current_NOG-nonopt,724,0.009,False,,,0.03040632233,960,983040,formal
synthetic_maxsinl1,current_NOG-nonopt,724,0.008,False,,,0.03040632233,960,983040,formal
synthetic_maxsinl1,current_NOG-nonopt,724,0.007,False,,,0.03040632233,960,983040,formal
synthetic_maxsinl1,current_NOG-nonopt,724,0.006,False,,,0.03040632233,960,983040,formal
synthetic_maxsinl1,current_NOG-nonopt,724,0.005,False,,,0.03040632233,960,983040,formal
synthetic_maxsinl1,current_NOG-nonopt,724,0.004,False,,,0.03040632233,960,983040,formal
synthetic_maxsinl1,current_NOG-nonopt,724,0.003,False,,,0.03040632233,960,983040,formal
synthetic_maxsinl1,current_NOG-nonopt,724,0.002,False,,,0.03040632233,960,983040,formal
synthetic_maxsinl1,current_NOG-nonopt,725,0.2,True,100,102400,0.1973401606,960,983040,formal
synthetic_maxsinl1,current_NOG-nonopt,725,0.18,True,120,122880,0.1755610108,960,983040,formal
synthetic_maxsinl1,current_NOG-nonopt,725,0.16,True,136,139264,0.1555936188,960,983040,formal
synthetic_maxsinl1,current_NOG-nonopt,725,0.14,True,148,151552,0.1392529756,960,983040,formal
synthetic_maxsinl1,current_NOG-nonopt,725,0.12,True,164,167936,0.1166314855,960,983040,formal
synthetic_maxsinl1,current_NOG-nonopt,725,0.1,True,176,180224,0.0986026898,960,983040,formal
synthetic_maxsinl1,current_NOG-nonopt,725,0.09,True,184,188416,0.08614192903,960,983040,formal
synthetic_maxsinl1,current_NOG-nonopt,725,0.08,True,192,196608,0.07435838133,960,983040,formal
synthetic_maxsinl1,current_NOG-nonopt,725,0.07,True,196,200704,0.06825838983,960,983040,formal
synthetic_maxsinl1,current_NOG-nonopt,725,0.06,True,204,208896,0.05667511001,960,983040,formal
synthetic_maxsinl1,current_NOG-nonopt,725,0.05,True,212,217088,0.04470723867,960,983040,formal
synthetic_maxsinl1,current_NOG-nonopt,725,0.04,True,216,221184,0.03915505856,960,983040,formal
synthetic_maxsinl1,current_NOG-nonopt,725,0.03,True,224,229376,0.02774064802,960,983040,formal
synthetic_maxsinl1,current_NOG-nonopt,725,0.025,True,228,233472,0.02327180654,960,983040,formal
synthetic_maxsinl1,current_NOG-nonopt,725,0.02,True,232,237568,0.01914721914,960,983040,formal
synthetic_maxsinl1,current_NOG-nonopt,725,0.018,True,236,241664,0.01573380828,960,983040,formal
synthetic_maxsinl1,current_NOG-nonopt,725,0.016,True,236,241664,0.01573380828,960,983040,formal
synthetic_maxsinl1,current_NOG-nonopt,725,0.015,True,240,245760,0.01449589804,960,983040,formal
synthetic_maxsinl1,current_NOG-nonopt,725,0.014,False,,,0.02783317119,960,983040,formal
synthetic_maxsinl1,current_NOG-nonopt,725,0.013,False,,,0.02783317119,960,983040,formal
synthetic_maxsinl1,current_NOG-nonopt,725,0.012,False,,,0.02783317119,960,983040,formal
synthetic_maxsinl1,current_NOG-nonopt,725,0.0115,False,,,0.02783317119,960,983040,formal
synthetic_maxsinl1,current_NOG-nonopt,725,0.011,False,,,0.02783317119,960,983040,formal
synthetic_maxsinl1,current_NOG-nonopt,725,0.01075,False,,,0.02783317119,960,983040,formal
synthetic_maxsinl1,current_NOG-nonopt,725,0.0105,False,,,0.02783317119,960,983040,formal
synthetic_maxsinl1,current_NOG-nonopt,725,0.01025,False,,,0.02783317119,960,983040,formal
synthetic_maxsinl1,current_NOG-nonopt,725,0.01,False,,,0.02783317119,960,983040,formal
synthetic_maxsinl1,current_NOG-nonopt,725,0.0095,False,,,0.02783317119,960,983040,formal
synthetic_maxsinl1,current_NOG-nonopt,725,0.009,False,,,0.02783317119,960,983040,formal
synthetic_maxsinl1,current_NOG-nonopt,725,0.008,False,,,0.02783317119,960,983040,formal
synthetic_maxsinl1,current_NOG-nonopt,725,0.007,False,,,0.02783317119,960,983040,formal
synthetic_maxsinl1,current_NOG-nonopt,725,0.006,False,,,0.02783317119,960,983040,formal
synthetic_maxsinl1,current_NOG-nonopt,725,0.005,False,,,0.02783317119,960,983040,formal
synthetic_maxsinl1,current_NOG-nonopt,725,0.004,False,,,0.02783317119,960,983040,formal
synthetic_maxsinl1,current_NOG-nonopt,725,0.003,False,,,0.02783317119,960,983040,formal
synthetic_maxsinl1,current_NOG-nonopt,725,0.002,False,,,0.02783317119,960,983040,formal
synthetic_maxsinl1,current_NOG-nonopt,726,0.2,True,100,102400,0.1977607459,960,983040,formal
synthetic_maxsinl1,current_NOG-nonopt,726,0.18,True,116,118784,0.1799676865,960,983040,formal
synthetic_maxsinl1,current_NOG-nonopt,726,0.16,True,132,135168,0.1598707139,960,983040,formal
synthetic_maxsinl1,current_NOG-nonopt,726,0.14,True,148,151552,0.1389964968,960,983040,formal
synthetic_maxsinl1,current_NOG-nonopt,726,0.12,True,164,167936,0.1154742166,960,983040,formal
synthetic_maxsinl1,current_NOG-nonopt,726,0.1,True,176,180224,0.09845780581,960,983040,formal
synthetic_maxsinl1,current_NOG-nonopt,726,0.09,True,184,188416,0.08651348948,960,983040,formal
synthetic_maxsinl1,current_NOG-nonopt,726,0.08,True,192,196608,0.0746197924,960,983040,formal
synthetic_maxsinl1,current_NOG-nonopt,726,0.07,True,196,200704,0.06891414523,960,983040,formal
synthetic_maxsinl1,current_NOG-nonopt,726,0.06,True,204,208896,0.05715178698,960,983040,formal
synthetic_maxsinl1,current_NOG-nonopt,726,0.05,True,212,217088,0.04538654536,960,983040,formal
synthetic_maxsinl1,current_NOG-nonopt,726,0.04,True,216,221184,0.03964400664,960,983040,formal
synthetic_maxsinl1,current_NOG-nonopt,726,0.03,True,224,229376,0.02906956524,960,983040,formal
synthetic_maxsinl1,current_NOG-nonopt,726,0.025,True,228,233472,0.02427964285,960,983040,formal
synthetic_maxsinl1,current_NOG-nonopt,726,0.02,True,236,241664,0.01692305133,960,983040,formal
synthetic_maxsinl1,current_NOG-nonopt,726,0.018,True,236,241664,0.01692305133,960,983040,formal
synthetic_maxsinl1,current_NOG-nonopt,726,0.016,True,240,245760,0.01535276975,960,983040,formal
synthetic_maxsinl1,current_NOG-nonopt,726,0.015,False,,,0.02931028605,960,983040,formal
synthetic_maxsinl1,current_NOG-nonopt,726,0.014,False,,,0.02931028605,960,983040,formal
synthetic_maxsinl1,current_NOG-nonopt,726,0.013,False,,,0.02931028605,960,983040,formal
synthetic_maxsinl1,current_NOG-nonopt,726,0.012,False,,,0.02931028605,960,983040,formal
synthetic_maxsinl1,current_NOG-nonopt,726,0.0115,False,,,0.02931028605,960,983040,formal
synthetic_maxsinl1,current_NOG-nonopt,726,0.011,False,,,0.02931028605,960,983040,formal
synthetic_maxsinl1,current_NOG-nonopt,726,0.01075,False,,,0.02931028605,960,983040,formal
synthetic_maxsinl1,current_NOG-nonopt,726,0.0105,False,,,0.02931028605,960,983040,formal
synthetic_maxsinl1,current_NOG-nonopt,726,0.01025,False,,,0.02931028605,960,983040,formal
synthetic_maxsinl1,current_NOG-nonopt,726,0.01,False,,,0.02931028605,960,983040,formal
synthetic_maxsinl1,current_NOG-nonopt,726,0.0095,False,,,0.02931028605,960,983040,formal
synthetic_maxsinl1,current_NOG-nonopt,726,0.009,False,,,0.02931028605,960,983040,formal
synthetic_maxsinl1,current_NOG-nonopt,726,0.008,False,,,0.02931028605,960,983040,formal
synthetic_maxsinl1,current_NOG-nonopt,726,0.007,False,,,0.02931028605,960,983040,formal
synthetic_maxsinl1,current_NOG-nonopt,726,0.006,False,,,0.02931028605,960,983040,formal
synthetic_maxsinl1,current_NOG-nonopt,726,0.005,False,,,0.02931028605,960,983040,formal
synthetic_maxsinl1,current_NOG-nonopt,726,0.004,False,,,0.02931028605,960,983040,formal
synthetic_maxsinl1,current_NOG-nonopt,726,0.003,False,,,0.02931028605,960,983040,formal
synthetic_maxsinl1,current_NOG-nonopt,726,0.002,False,,,0.02931028605,960,983040,formal
synthetic_maxsinl1,current_NOG-nonopt,727,0.2,True,100,102400,0.1975570023,960,983040,formal
synthetic_maxsinl1,current_NOG-nonopt,727,0.18,True,116,118784,0.1794415265,960,983040,formal
synthetic_maxsinl1,current_NOG-nonopt,727,0.16,True,132,135168,0.1593069732,960,983040,formal
synthetic_maxsinl1,current_NOG-nonopt,727,0.14,True,148,151552,0.137190938,960,983040,formal
synthetic_maxsinl1,current_NOG-nonopt,727,0.12,True,164,167936,0.1146746576,960,983040,formal
synthetic_maxsinl1,current_NOG-nonopt,727,0.1,True,176,180224,0.09693598747,960,983040,formal
synthetic_maxsinl1,current_NOG-nonopt,727,0.09,True,184,188416,0.08489924669,960,983040,formal
synthetic_maxsinl1,current_NOG-nonopt,727,0.08,True,188,192512,0.07811313123,960,983040,formal
synthetic_maxsinl1,current_NOG-nonopt,727,0.07,True,196,200704,0.06690564007,960,983040,formal
synthetic_maxsinl1,current_NOG-nonopt,727,0.06,True,204,208896,0.05489558354,960,983040,formal
synthetic_maxsinl1,current_NOG-nonopt,727,0.05,True,208,212992,0.04906972125,960,983040,formal
synthetic_maxsinl1,current_NOG-nonopt,727,0.04,True,216,221184,0.03645290434,960,983040,formal
synthetic_maxsinl1,current_NOG-nonopt,727,0.03,True,224,229376,0.02535511181,960,983040,formal
synthetic_maxsinl1,current_NOG-nonopt,727,0.025,True,228,233472,0.02072661743,960,983040,formal
synthetic_maxsinl1,current_NOG-nonopt,727,0.02,True,232,237568,0.01652354375,960,983040,formal
synthetic_maxsinl1,current_NOG-nonopt,727,0.018,True,232,237568,0.01652354375,960,983040,formal
synthetic_maxsinl1,current_NOG-nonopt,727,0.016,True,236,241664,0.01371613983,960,983040,formal
synthetic_maxsinl1,current_NOG-nonopt,727,0.015,True,236,241664,0.01371613983,960,983040,formal
synthetic_maxsinl1,current_NOG-nonopt,727,0.014,True,236,241664,0.01371613983,960,983040,formal
synthetic_maxsinl1,current_NOG-nonopt,727,0.013,False,,,0.02960195951,960,983040,formal
synthetic_maxsinl1,current_NOG-nonopt,727,0.012,False,,,0.02960195951,960,983040,formal
synthetic_maxsinl1,current_NOG-nonopt,727,0.0115,False,,,0.02960195951,960,983040,formal
synthetic_maxsinl1,current_NOG-nonopt,727,0.011,False,,,0.02960195951,960,983040,formal
synthetic_maxsinl1,current_NOG-nonopt,727,0.01075,False,,,0.02960195951,960,983040,formal
synthetic_maxsinl1,current_NOG-nonopt,727,0.0105,False,,,0.02960195951,960,983040,formal
synthetic_maxsinl1,current_NOG-nonopt,727,0.01025,False,,,0.02960195951,960,983040,formal
synthetic_maxsinl1,current_NOG-nonopt,727,0.01,False,,,0.02960195951,960,983040,formal
synthetic_maxsinl1,current_NOG-nonopt,727,0.0095,False,,,0.02960195951,960,983040,formal
synthetic_maxsinl1,current_NOG-nonopt,727,0.009,False,,,0.02960195951,960,983040,formal
synthetic_maxsinl1,current_NOG-nonopt,727,0.008,False,,,0.02960195951,960,983040,formal
synthetic_maxsinl1,current_NOG-nonopt,727,0.007,False,,,0.02960195951,960,983040,formal
synthetic_maxsinl1,current_NOG-nonopt,727,0.006,False,,,0.02960195951,960,983040,formal
synthetic_maxsinl1,current_NOG-nonopt,727,0.005,False,,,0.02960195951,960,983040,formal
synthetic_maxsinl1,current_NOG-nonopt,727,0.004,False,,,0.02960195951,960,983040,formal
synthetic_maxsinl1,current_NOG-nonopt,727,0.003,False,,,0.02960195951,960,983040,formal
synthetic_maxsinl1,current_NOG-nonopt,727,0.002,False,,,0.02960195951,960,983040,formal
synthetic_maxsinl1,current_NOG-nonopt,728,0.2,True,100,102400,0.1976659447,960,983040,formal
synthetic_maxsinl1,current_NOG-nonopt,728,0.18,True,120,122880,0.1761680841,960,983040,formal
synthetic_maxsinl1,current_NOG-nonopt,728,0.16,True,136,139264,0.1558525562,960,983040,formal
synthetic_maxsinl1,current_NOG-nonopt,728,0.14,True,152,155648,0.1354311258,960,983040,formal
synthetic_maxsinl1,current_NOG-nonopt,728,0.12,True,164,167936,0.1190353781,960,983040,formal
synthetic_maxsinl1,current_NOG-nonopt,728,0.1,True,180,184320,0.09611812234,960,983040,formal
synthetic_maxsinl1,current_NOG-nonopt,728,0.09,True,188,192512,0.08411498368,960,983040,formal
synthetic_maxsinl1,current_NOG-nonopt,728,0.08,True,192,196608,0.07831458002,960,983040,formal
synthetic_maxsinl1,current_NOG-nonopt,728,0.07,True,200,204800,0.0660180971,960,983040,formal
synthetic_maxsinl1,current_NOG-nonopt,728,0.06,True,208,212992,0.05497774109,960,983040,formal
synthetic_maxsinl1,current_NOG-nonopt,728,0.05,True,212,217088,0.04957253113,960,983040,formal
synthetic_maxsinl1,current_NOG-nonopt,728,0.04,True,220,225280,0.0380910337,960,983040,formal
synthetic_maxsinl1,current_NOG-nonopt,728,0.03,True,228,233472,0.02783744037,960,983040,formal
synthetic_maxsinl1,current_NOG-nonopt,728,0.025,True,232,237568,0.02277003415,960,983040,formal
synthetic_maxsinl1,current_NOG-nonopt,728,0.02,True,236,241664,0.01842266135,960,983040,formal
synthetic_maxsinl1,current_NOG-nonopt,728,0.018,True,240,245760,0.01519751828,960,983040,formal
synthetic_maxsinl1,current_NOG-nonopt,728,0.016,True,240,245760,0.01519751828,960,983040,formal
synthetic_maxsinl1,current_NOG-nonopt,728,0.015,True,244,249856,0.01391628385,960,983040,formal
synthetic_maxsinl1,current_NOG-nonopt,728,0.014,False,,,0.02727304213,960,983040,formal
synthetic_maxsinl1,current_NOG-nonopt,728,0.013,False,,,0.02727304213,960,983040,formal
synthetic_maxsinl1,current_NOG-nonopt,728,0.012,False,,,0.02727304213,960,983040,formal
synthetic_maxsinl1,current_NOG-nonopt,728,0.0115,False,,,0.02727304213,960,983040,formal
synthetic_maxsinl1,current_NOG-nonopt,728,0.011,False,,,0.02727304213,960,983040,formal
synthetic_maxsinl1,current_NOG-nonopt,728,0.01075,False,,,0.02727304213,960,983040,formal
synthetic_maxsinl1,current_NOG-nonopt,728,0.0105,False,,,0.02727304213,960,983040,formal
synthetic_maxsinl1,current_NOG-nonopt,728,0.01025,False,,,0.02727304213,960,983040,formal
synthetic_maxsinl1,current_NOG-nonopt,728,0.01,False,,,0.02727304213,960,983040,formal
synthetic_maxsinl1,current_NOG-nonopt,728,0.0095,False,,,0.02727304213,960,983040,formal
synthetic_maxsinl1,current_NOG-nonopt,728,0.009,False,,,0.02727304213,960,983040,formal
synthetic_maxsinl1,current_NOG-nonopt,728,0.008,False,,,0.02727304213,960,983040,formal
synthetic_maxsinl1,current_NOG-nonopt,728,0.007,False,,,0.02727304213,960,983040,formal
synthetic_maxsinl1,current_NOG-nonopt,728,0.006,False,,,0.02727304213,960,983040,formal
synthetic_maxsinl1,current_NOG-nonopt,728,0.005,False,,,0.02727304213,960,983040,formal
synthetic_maxsinl1,current_NOG-nonopt,728,0.004,False,,,0.02727304213,960,983040,formal
synthetic_maxsinl1,current_NOG-nonopt,728,0.003,False,,,0.02727304213,960,983040,formal
synthetic_maxsinl1,current_NOG-nonopt,728,0.002,False,,,0.02727304213,960,983040,formal
synthetic_maxsinl1,current_NOG-nonopt,729,0.2,True,100,102400,0.1997874379,960,983040,formal
synthetic_maxsinl1,current_NOG-nonopt,729,0.18,True,120,122880,0.1763591617,960,983040,formal
synthetic_maxsinl1,current_NOG-nonopt,729,0.16,True,136,139264,0.1549787968,960,983040,formal
synthetic_maxsinl1,current_NOG-nonopt,729,0.14,True,148,151552,0.1381623,960,983040,formal
synthetic_maxsinl1,current_NOG-nonopt,729,0.12,True,164,167936,0.1150639728,960,983040,formal
synthetic_maxsinl1,current_NOG-nonopt,729,0.1,True,176,180224,0.09673281759,960,983040,formal
synthetic_maxsinl1,current_NOG-nonopt,729,0.09,True,184,188416,0.08452861011,960,983040,formal
synthetic_maxsinl1,current_NOG-nonopt,729,0.08,True,188,192512,0.07770755142,960,983040,formal
synthetic_maxsinl1,current_NOG-nonopt,729,0.07,True,196,200704,0.06650796533,960,983040,formal
synthetic_maxsinl1,current_NOG-nonopt,729,0.06,True,200,204800,0.05970589817,960,983040,formal
synthetic_maxsinl1,current_NOG-nonopt,729,0.05,True,208,212992,0.04836332425,960,983040,formal
synthetic_maxsinl1,current_NOG-nonopt,729,0.04,True,216,221184,0.03649896011,960,983040,formal
synthetic_maxsinl1,current_NOG-nonopt,729,0.03,True,224,229376,0.02612841129,960,983040,formal
synthetic_maxsinl1,current_NOG-nonopt,729,0.025,True,228,233472,0.02094222791,960,983040,formal
synthetic_maxsinl1,current_NOG-nonopt,729,0.02,True,232,237568,0.01665290073,960,983040,formal
synthetic_maxsinl1,current_NOG-nonopt,729,0.018,True,232,237568,0.01665290073,960,983040,formal
synthetic_maxsinl1,current_NOG-nonopt,729,0.016,True,236,241664,0.01400783937,960,983040,formal
synthetic_maxsinl1,current_NOG-nonopt,729,0.015,True,236,241664,0.01400783937,960,983040,formal
synthetic_maxsinl1,current_NOG-nonopt,729,0.014,False,,,0.03280067444,960,983040,formal
synthetic_maxsinl1,current_NOG-nonopt,729,0.013,False,,,0.03280067444,960,983040,formal
synthetic_maxsinl1,current_NOG-nonopt,729,0.012,False,,,0.03280067444,960,983040,formal
synthetic_maxsinl1,current_NOG-nonopt,729,0.0115,False,,,0.03280067444,960,983040,formal
synthetic_maxsinl1,current_NOG-nonopt,729,0.011,False,,,0.03280067444,960,983040,formal
synthetic_maxsinl1,current_NOG-nonopt,729,0.01075,False,,,0.03280067444,960,983040,formal
synthetic_maxsinl1,current_NOG-nonopt,729,0.0105,False,,,0.03280067444,960,983040,formal
synthetic_maxsinl1,current_NOG-nonopt,729,0.01025,False,,,0.03280067444,960,983040,formal
synthetic_maxsinl1,current_NOG-nonopt,729,0.01,False,,,0.03280067444,960,983040,formal
synthetic_maxsinl1,current_NOG-nonopt,729,0.0095,False,,,0.03280067444,960,983040,formal
synthetic_maxsinl1,current_NOG-nonopt,729,0.009,False,,,0.03280067444,960,983040,formal
synthetic_maxsinl1,current_NOG-nonopt,729,0.008,False,,,0.03280067444,960,983040,formal
synthetic_maxsinl1,current_NOG-nonopt,729,0.007,False,,,0.03280067444,960,983040,formal
synthetic_maxsinl1,current_NOG-nonopt,729,0.006,False,,,0.03280067444,960,983040,formal
synthetic_maxsinl1,current_NOG-nonopt,729,0.005,False,,,0.03280067444,960,983040,formal
synthetic_maxsinl1,current_NOG-nonopt,729,0.004,False,,,0.03280067444,960,983040,formal
synthetic_maxsinl1,current_NOG-nonopt,729,0.003,False,,,0.03280067444,960,983040,formal
synthetic_maxsinl1,current_NOG-nonopt,729,0.002,False,,,0.03280067444,960,983040,formal
synthetic_maxsinl1,current_NOG-nonopt,730,0.2,True,100,102400,0.1991402656,960,983040,formal
synthetic_maxsinl1,current_NOG-nonopt,730,0.18,True,120,122880,0.1762416065,960,983040,formal
synthetic_maxsinl1,current_NOG-nonopt,730,0.16,True,136,139264,0.1555967778,960,983040,formal
synthetic_maxsinl1,current_NOG-nonopt,730,0.14,True,148,151552,0.1382340044,960,983040,formal
synthetic_maxsinl1,current_NOG-nonopt,730,0.12,True,164,167936,0.1161611229,960,983040,formal
synthetic_maxsinl1,current_NOG-nonopt,730,0.1,True,176,180224,0.09749621898,960,983040,formal
synthetic_maxsinl1,current_NOG-nonopt,730,0.09,True,184,188416,0.08563094586,960,983040,formal
synthetic_maxsinl1,current_NOG-nonopt,730,0.08,True,188,192512,0.07961347699,960,983040,formal
synthetic_maxsinl1,current_NOG-nonopt,730,0.07,True,196,200704,0.06690688431,960,983040,formal
synthetic_maxsinl1,current_NOG-nonopt,730,0.06,True,204,208896,0.05565462261,960,983040,formal
synthetic_maxsinl1,current_NOG-nonopt,730,0.05,True,208,212992,0.04989361018,960,983040,formal
synthetic_maxsinl1,current_NOG-nonopt,730,0.04,True,216,221184,0.03747567162,960,983040,formal
synthetic_maxsinl1,current_NOG-nonopt,730,0.03,True,224,229376,0.02700303122,960,983040,formal
synthetic_maxsinl1,current_NOG-nonopt,730,0.025,True,228,233472,0.02171501145,960,983040,formal
synthetic_maxsinl1,current_NOG-nonopt,730,0.02,True,232,237568,0.01778398454,960,983040,formal
synthetic_maxsinl1,current_NOG-nonopt,730,0.018,True,232,237568,0.01778398454,960,983040,formal
synthetic_maxsinl1,current_NOG-nonopt,730,0.016,True,236,241664,0.01475012861,960,983040,formal
synthetic_maxsinl1,current_NOG-nonopt,730,0.015,True,236,241664,0.01475012861,960,983040,formal
synthetic_maxsinl1,current_NOG-nonopt,730,0.014,False,,,0.02911082283,960,983040,formal
synthetic_maxsinl1,current_NOG-nonopt,730,0.013,False,,,0.02911082283,960,983040,formal
synthetic_maxsinl1,current_NOG-nonopt,730,0.012,False,,,0.02911082283,960,983040,formal
synthetic_maxsinl1,current_NOG-nonopt,730,0.0115,False,,,0.02911082283,960,983040,formal
synthetic_maxsinl1,current_NOG-nonopt,730,0.011,False,,,0.02911082283,960,983040,formal
synthetic_maxsinl1,current_NOG-nonopt,730,0.01075,False,,,0.02911082283,960,983040,formal
synthetic_maxsinl1,current_NOG-nonopt,730,0.0105,False,,,0.02911082283,960,983040,formal
synthetic_maxsinl1,current_NOG-nonopt,730,0.01025,False,,,0.02911082283,960,983040,formal
synthetic_maxsinl1,current_NOG-nonopt,730,0.01,False,,,0.02911082283,960,983040,formal
synthetic_maxsinl1,current_NOG-nonopt,730,0.0095,False,,,0.02911082283,960,983040,formal
synthetic_maxsinl1,current_NOG-nonopt,730,0.009,False,,,0.02911082283,960,983040,formal
synthetic_maxsinl1,current_NOG-nonopt,730,0.008,False,,,0.02911082283,960,983040,formal
synthetic_maxsinl1,current_NOG-nonopt,730,0.007,False,,,0.02911082283,960,983040,formal
synthetic_maxsinl1,current_NOG-nonopt,730,0.006,False,,,0.02911082283,960,983040,formal
synthetic_maxsinl1,current_NOG-nonopt,730,0.005,False,,,0.02911082283,960,983040,formal
synthetic_maxsinl1,current_NOG-nonopt,730,0.004,False,,,0.02911082283,960,983040,formal
synthetic_maxsinl1,current_NOG-nonopt,730,0.003,False,,,0.02911082283,960,983040,formal
synthetic_maxsinl1,current_NOG-nonopt,730,0.002,False,,,0.02911082283,960,983040,formal
synthetic_maxsinl1,current_NOG-nonopt,731,0.2,True,100,102400,0.1985458881,960,983040,formal
synthetic_maxsinl1,current_NOG-nonopt,731,0.18,True,120,122880,0.1764673293,960,983040,formal
synthetic_maxsinl1,current_NOG-nonopt,731,0.16,True,136,139264,0.1554030627,960,983040,formal
synthetic_maxsinl1,current_NOG-nonopt,731,0.14,True,148,151552,0.1391715258,960,983040,formal
synthetic_maxsinl1,current_NOG-nonopt,731,0.12,True,164,167936,0.1160361916,960,983040,formal
synthetic_maxsinl1,current_NOG-nonopt,731,0.1,True,176,180224,0.09859208763,960,983040,formal
synthetic_maxsinl1,current_NOG-nonopt,731,0.09,True,184,188416,0.0863956362,960,983040,formal
synthetic_maxsinl1,current_NOG-nonopt,731,0.08,True,192,196608,0.07401176542,960,983040,formal
synthetic_maxsinl1,current_NOG-nonopt,731,0.07,True,196,200704,0.06821766496,960,983040,formal
synthetic_maxsinl1,current_NOG-nonopt,731,0.06,True,204,208896,0.05689679831,960,983040,formal
synthetic_maxsinl1,current_NOG-nonopt,731,0.05,True,212,217088,0.0454405807,960,983040,formal
synthetic_maxsinl1,current_NOG-nonopt,731,0.04,True,220,225280,0.03484021127,960,983040,formal
synthetic_maxsinl1,current_NOG-nonopt,731,0.03,True,224,229376,0.02934893593,960,983040,formal
synthetic_maxsinl1,current_NOG-nonopt,731,0.025,True,228,233472,0.02497311495,960,983040,formal
synthetic_maxsinl1,current_NOG-nonopt,731,0.02,True,236,241664,0.01719633676,960,983040,formal
synthetic_maxsinl1,current_NOG-nonopt,731,0.018,True,236,241664,0.01719633676,960,983040,formal
synthetic_maxsinl1,current_NOG-nonopt,731,0.016,True,240,245760,0.01524345484,960,983040,formal
synthetic_maxsinl1,current_NOG-nonopt,731,0.015,False,,,0.02970777638,960,983040,formal
synthetic_maxsinl1,current_NOG-nonopt,731,0.014,False,,,0.02970777638,960,983040,formal
synthetic_maxsinl1,current_NOG-nonopt,731,0.013,False,,,0.02970777638,960,983040,formal
synthetic_maxsinl1,current_NOG-nonopt,731,0.012,False,,,0.02970777638,960,983040,formal
synthetic_maxsinl1,current_NOG-nonopt,731,0.0115,False,,,0.02970777638,960,983040,formal
synthetic_maxsinl1,current_NOG-nonopt,731,0.011,False,,,0.02970777638,960,983040,formal
synthetic_maxsinl1,current_NOG-nonopt,731,0.01075,False,,,0.02970777638,960,983040,formal
synthetic_maxsinl1,current_NOG-nonopt,731,0.0105,False,,,0.02970777638,960,983040,formal
synthetic_maxsinl1,current_NOG-nonopt,731,0.01025,False,,,0.02970777638,960,983040,formal
synthetic_maxsinl1,current_NOG-nonopt,731,0.01,False,,,0.02970777638,960,983040,formal
synthetic_maxsinl1,current_NOG-nonopt,731,0.0095,False,,,0.02970777638,960,983040,formal
synthetic_maxsinl1,current_NOG-nonopt,731,0.009,False,,,0.02970777638,960,983040,formal
synthetic_maxsinl1,current_NOG-nonopt,731,0.008,False,,,0.02970777638,960,983040,formal
synthetic_maxsinl1,current_NOG-nonopt,731,0.007,False,,,0.02970777638,960,983040,formal
synthetic_maxsinl1,current_NOG-nonopt,731,0.006,False,,,0.02970777638,960,983040,formal
synthetic_maxsinl1,current_NOG-nonopt,731,0.005,False,,,0.02970777638,960,983040,formal
synthetic_maxsinl1,current_NOG-nonopt,731,0.004,False,,,0.02970777638,960,983040,formal
synthetic_maxsinl1,current_NOG-nonopt,731,0.003,False,,,0.02970777638,960,983040,formal
synthetic_maxsinl1,current_NOG-nonopt,731,0.002,False,,,0.02970777638,960,983040,formal
synthetic_maxsinl1,current_NOG-nonopt,732,0.2,True,100,102400,0.1979670376,960,983040,formal
synthetic_maxsinl1,current_NOG-nonopt,732,0.18,True,116,118784,0.1799145341,960,983040,formal
synthetic_maxsinl1,current_NOG-nonopt,732,0.16,True,132,135168,0.159398824,960,983040,formal
synthetic_maxsinl1,current_NOG-nonopt,732,0.14,True,148,151552,0.1375868171,960,983040,formal
synthetic_maxsinl1,current_NOG-nonopt,732,0.12,True,164,167936,0.1146792397,960,983040,formal
synthetic_maxsinl1,current_NOG-nonopt,732,0.1,True,176,180224,0.09646829963,960,983040,formal
synthetic_maxsinl1,current_NOG-nonopt,732,0.09,True,184,188416,0.08488110453,960,983040,formal
synthetic_maxsinl1,current_NOG-nonopt,732,0.08,True,188,192512,0.07828449458,960,983040,formal
synthetic_maxsinl1,current_NOG-nonopt,732,0.07,True,196,200704,0.06648922712,960,983040,formal
synthetic_maxsinl1,current_NOG-nonopt,732,0.06,True,200,204800,0.05984739214,960,983040,formal
synthetic_maxsinl1,current_NOG-nonopt,732,0.05,True,208,212992,0.04755098745,960,983040,formal
synthetic_maxsinl1,current_NOG-nonopt,732,0.04,True,216,221184,0.03660203144,960,983040,formal
synthetic_maxsinl1,current_NOG-nonopt,732,0.03,True,224,229376,0.0261306949,960,983040,formal
synthetic_maxsinl1,current_NOG-nonopt,732,0.025,True,228,233472,0.02098955214,960,983040,formal
synthetic_maxsinl1,current_NOG-nonopt,732,0.02,True,232,237568,0.01713052392,960,983040,formal
synthetic_maxsinl1,current_NOG-nonopt,732,0.018,True,232,237568,0.01713052392,960,983040,formal
synthetic_maxsinl1,current_NOG-nonopt,732,0.016,True,236,241664,0.01475071162,960,983040,formal
synthetic_maxsinl1,current_NOG-nonopt,732,0.015,True,236,241664,0.01475071162,960,983040,formal
synthetic_maxsinl1,current_NOG-nonopt,732,0.014,False,,,0.03074693307,960,983040,formal
synthetic_maxsinl1,current_NOG-nonopt,732,0.013,False,,,0.03074693307,960,983040,formal
synthetic_maxsinl1,current_NOG-nonopt,732,0.012,False,,,0.03074693307,960,983040,formal
synthetic_maxsinl1,current_NOG-nonopt,732,0.0115,False,,,0.03074693307,960,983040,formal
synthetic_maxsinl1,current_NOG-nonopt,732,0.011,False,,,0.03074693307,960,983040,formal
synthetic_maxsinl1,current_NOG-nonopt,732,0.01075,False,,,0.03074693307,960,983040,formal
synthetic_maxsinl1,current_NOG-nonopt,732,0.0105,False,,,0.03074693307,960,983040,formal
synthetic_maxsinl1,current_NOG-nonopt,732,0.01025,False,,,0.03074693307,960,983040,formal
synthetic_maxsinl1,current_NOG-nonopt,732,0.01,False,,,0.03074693307,960,983040,formal
synthetic_maxsinl1,current_NOG-nonopt,732,0.0095,False,,,0.03074693307,960,983040,formal
synthetic_maxsinl1,current_NOG-nonopt,732,0.009,False,,,0.03074693307,960,983040,formal
synthetic_maxsinl1,current_NOG-nonopt,732,0.008,False,,,0.03074693307,960,983040,formal
synthetic_maxsinl1,current_NOG-nonopt,732,0.007,False,,,0.03074693307,960,983040,formal
synthetic_maxsinl1,current_NOG-nonopt,732,0.006,False,,,0.03074693307,960,983040,formal
synthetic_maxsinl1,current_NOG-nonopt,732,0.005,False,,,0.03074693307,960,983040,formal
synthetic_maxsinl1,current_NOG-nonopt,732,0.004,False,,,0.03074693307,960,983040,formal
synthetic_maxsinl1,current_NOG-nonopt,732,0.003,False,,,0.03074693307,960,983040,formal
synthetic_maxsinl1,current_NOG-nonopt,732,0.002,False,,,0.03074693307,960,983040,formal
synthetic_maxsinl1,current_NOG-nonopt,733,0.2,True,100,102400,0.1989426315,960,983040,formal
synthetic_maxsinl1,current_NOG-nonopt,733,0.18,True,120,122880,0.1757859886,960,983040,formal
synthetic_maxsinl1,current_NOG-nonopt,733,0.16,True,136,139264,0.1563023478,960,983040,formal
synthetic_maxsinl1,current_NOG-nonopt,733,0.14,True,148,151552,0.1399876922,960,983040,formal
synthetic_maxsinl1,current_NOG-nonopt,733,0.12,True,164,167936,0.1166106984,960,983040,formal
synthetic_maxsinl1,current_NOG-nonopt,733,0.1,True,176,180224,0.09901897609,960,983040,formal
synthetic_maxsinl1,current_NOG-nonopt,733,0.09,True,184,188416,0.08699648082,960,983040,formal
synthetic_maxsinl1,current_NOG-nonopt,733,0.08,True,192,196608,0.07538050413,960,983040,formal
synthetic_maxsinl1,current_NOG-nonopt,733,0.07,True,196,200704,0.06912434846,960,983040,formal
synthetic_maxsinl1,current_NOG-nonopt,733,0.06,True,204,208896,0.05660329759,960,983040,formal
synthetic_maxsinl1,current_NOG-nonopt,733,0.05,True,212,217088,0.04543887451,960,983040,formal
synthetic_maxsinl1,current_NOG-nonopt,733,0.04,True,216,221184,0.03960827738,960,983040,formal
synthetic_maxsinl1,current_NOG-nonopt,733,0.03,True,224,229376,0.02917658538,960,983040,formal
synthetic_maxsinl1,current_NOG-nonopt,733,0.025,True,228,233472,0.0240809042,960,983040,formal
synthetic_maxsinl1,current_NOG-nonopt,733,0.02,True,232,237568,0.01905295998,960,983040,formal
synthetic_maxsinl1,current_NOG-nonopt,733,0.018,True,236,241664,0.01595197432,960,983040,formal
synthetic_maxsinl1,current_NOG-nonopt,733,0.016,True,236,241664,0.01595197432,960,983040,formal
synthetic_maxsinl1,current_NOG-nonopt,733,0.015,True,240,245760,0.01423187461,960,983040,formal
synthetic_maxsinl1,current_NOG-nonopt,733,0.014,False,,,0.03176382929,960,983040,formal
synthetic_maxsinl1,current_NOG-nonopt,733,0.013,False,,,0.03176382929,960,983040,formal
synthetic_maxsinl1,current_NOG-nonopt,733,0.012,False,,,0.03176382929,960,983040,formal
synthetic_maxsinl1,current_NOG-nonopt,733,0.0115,False,,,0.03176382929,960,983040,formal
synthetic_maxsinl1,current_NOG-nonopt,733,0.011,False,,,0.03176382929,960,983040,formal
synthetic_maxsinl1,current_NOG-nonopt,733,0.01075,False,,,0.03176382929,960,983040,formal
synthetic_maxsinl1,current_NOG-nonopt,733,0.0105,False,,,0.03176382929,960,983040,formal
synthetic_maxsinl1,current_NOG-nonopt,733,0.01025,False,,,0.03176382929,960,983040,formal
synthetic_maxsinl1,current_NOG-nonopt,733,0.01,False,,,0.03176382929,960,983040,formal
synthetic_maxsinl1,current_NOG-nonopt,733,0.0095,False,,,0.03176382929,960,983040,formal
synthetic_maxsinl1,current_NOG-nonopt,733,0.009,False,,,0.03176382929,960,983040,formal
synthetic_maxsinl1,current_NOG-nonopt,733,0.008,False,,,0.03176382929,960,983040,formal
synthetic_maxsinl1,current_NOG-nonopt,733,0.007,False,,,0.03176382929,960,983040,formal
synthetic_maxsinl1,current_NOG-nonopt,733,0.006,False,,,0.03176382929,960,983040,formal
synthetic_maxsinl1,current_NOG-nonopt,733,0.005,False,,,0.03176382929,960,983040,formal
synthetic_maxsinl1,current_NOG-nonopt,733,0.004,False,,,0.03176382929,960,983040,formal
synthetic_maxsinl1,current_NOG-nonopt,733,0.003,False,,,0.03176382929,960,983040,formal
synthetic_maxsinl1,current_NOG-nonopt,733,0.002,False,,,0.03176382929,960,983040,formal
synthetic_maxsinl1,current_NOG-nonopt,734,0.2,True,100,102400,0.1985548437,960,983040,formal
synthetic_maxsinl1,current_NOG-nonopt,734,0.18,True,120,122880,0.175409615,960,983040,formal
synthetic_maxsinl1,current_NOG-nonopt,734,0.16,True,132,135168,0.1599356085,960,983040,formal
synthetic_maxsinl1,current_NOG-nonopt,734,0.14,True,148,151552,0.1380541325,960,983040,formal
synthetic_maxsinl1,current_NOG-nonopt,734,0.12,True,164,167936,0.1147506908,960,983040,formal
synthetic_maxsinl1,current_NOG-nonopt,734,0.1,True,176,180224,0.09671344608,960,983040,formal
synthetic_maxsinl1,current_NOG-nonopt,734,0.09,True,184,188416,0.08437218517,960,983040,formal
synthetic_maxsinl1,current_NOG-nonopt,734,0.08,True,188,192512,0.07906392962,960,983040,formal
synthetic_maxsinl1,current_NOG-nonopt,734,0.07,True,196,200704,0.06595585495,960,983040,formal
synthetic_maxsinl1,current_NOG-nonopt,734,0.06,True,204,208896,0.05472056568,960,983040,formal
synthetic_maxsinl1,current_NOG-nonopt,734,0.05,True,208,212992,0.04827060923,960,983040,formal
synthetic_maxsinl1,current_NOG-nonopt,734,0.04,True,216,221184,0.03737303615,960,983040,formal
synthetic_maxsinl1,current_NOG-nonopt,734,0.03,True,224,229376,0.02713077143,960,983040,formal
synthetic_maxsinl1,current_NOG-nonopt,734,0.025,True,228,233472,0.02200928703,960,983040,formal
synthetic_maxsinl1,current_NOG-nonopt,734,0.02,True,232,237568,0.01850910299,960,983040,formal
synthetic_maxsinl1,current_NOG-nonopt,734,0.018,True,236,241664,0.01571590267,960,983040,formal
synthetic_maxsinl1,current_NOG-nonopt,734,0.016,True,236,241664,0.01571590267,960,983040,formal
synthetic_maxsinl1,current_NOG-nonopt,734,0.015,False,,,0.02721193805,960,983040,formal
synthetic_maxsinl1,current_NOG-nonopt,734,0.014,False,,,0.02721193805,960,983040,formal
synthetic_maxsinl1,current_NOG-nonopt,734,0.013,False,,,0.02721193805,960,983040,formal
synthetic_maxsinl1,current_NOG-nonopt,734,0.012,False,,,0.02721193805,960,983040,formal
synthetic_maxsinl1,current_NOG-nonopt,734,0.0115,False,,,0.02721193805,960,983040,formal
synthetic_maxsinl1,current_NOG-nonopt,734,0.011,False,,,0.02721193805,960,983040,formal
synthetic_maxsinl1,current_NOG-nonopt,734,0.01075,False,,,0.02721193805,960,983040,formal
synthetic_maxsinl1,current_NOG-nonopt,734,0.0105,False,,,0.02721193805,960,983040,formal
synthetic_maxsinl1,current_NOG-nonopt,734,0.01025,False,,,0.02721193805,960,983040,formal
synthetic_maxsinl1,current_NOG-nonopt,734,0.01,False,,,0.02721193805,960,983040,formal
synthetic_maxsinl1,current_NOG-nonopt,734,0.0095,False,,,0.02721193805,960,983040,formal
synthetic_maxsinl1,current_NOG-nonopt,734,0.009,False,,,0.02721193805,960,983040,formal
synthetic_maxsinl1,current_NOG-nonopt,734,0.008,False,,,0.02721193805,960,983040,formal
synthetic_maxsinl1,current_NOG-nonopt,734,0.007,False,,,0.02721193805,960,983040,formal
synthetic_maxsinl1,current_NOG-nonopt,734,0.006,False,,,0.02721193805,960,983040,formal
synthetic_maxsinl1,current_NOG-nonopt,734,0.005,False,,,0.02721193805,960,983040,formal
synthetic_maxsinl1,current_NOG-nonopt,734,0.004,False,,,0.02721193805,960,983040,formal
synthetic_maxsinl1,current_NOG-nonopt,734,0.003,False,,,0.02721193805,960,983040,formal
synthetic_maxsinl1,current_NOG-nonopt,734,0.002,False,,,0.02721193805,960,983040,formal
synthetic_maxsinl1,current_NOG-nonopt,735,0.2,True,100,102400,0.1990034729,960,983040,formal
synthetic_maxsinl1,current_NOG-nonopt,735,0.18,True,120,122880,0.1753413081,960,983040,formal
synthetic_maxsinl1,current_NOG-nonopt,735,0.16,True,136,139264,0.1547448337,960,983040,formal
synthetic_maxsinl1,current_NOG-nonopt,735,0.14,True,148,151552,0.1384842396,960,983040,formal
synthetic_maxsinl1,current_NOG-nonopt,735,0.12,True,164,167936,0.1153971031,960,983040,formal
synthetic_maxsinl1,current_NOG-nonopt,735,0.1,True,176,180224,0.09782595932,960,983040,formal
synthetic_maxsinl1,current_NOG-nonopt,735,0.09,True,184,188416,0.08470016718,960,983040,formal
synthetic_maxsinl1,current_NOG-nonopt,735,0.08,True,188,192512,0.07907551527,960,983040,formal
synthetic_maxsinl1,current_NOG-nonopt,735,0.07,True,196,200704,0.06657996029,960,983040,formal
synthetic_maxsinl1,current_NOG-nonopt,735,0.06,True,204,208896,0.05465235561,960,983040,formal
synthetic_maxsinl1,current_NOG-nonopt,735,0.05,True,208,212992,0.04901565611,960,983040,formal
synthetic_maxsinl1,current_NOG-nonopt,735,0.04,True,216,221184,0.03725812584,960,983040,formal
synthetic_maxsinl1,current_NOG-nonopt,735,0.03,True,224,229376,0.02604438737,960,983040,formal
synthetic_maxsinl1,current_NOG-nonopt,735,0.025,True,228,233472,0.0207293164,960,983040,formal
synthetic_maxsinl1,current_NOG-nonopt,735,0.02,True,232,237568,0.01682620309,960,983040,formal
synthetic_maxsinl1,current_NOG-nonopt,735,0.018,True,232,237568,0.01682620309,960,983040,formal
synthetic_maxsinl1,current_NOG-nonopt,735,0.016,True,236,241664,0.01446444914,960,983040,formal
synthetic_maxsinl1,current_NOG-nonopt,735,0.015,True,236,241664,0.01446444914,960,983040,formal
synthetic_maxsinl1,current_NOG-nonopt,735,0.014,False,,,0.02888809331,960,983040,formal
synthetic_maxsinl1,current_NOG-nonopt,735,0.013,False,,,0.02888809331,960,983040,formal
synthetic_maxsinl1,current_NOG-nonopt,735,0.012,False,,,0.02888809331,960,983040,formal
synthetic_maxsinl1,current_NOG-nonopt,735,0.0115,False,,,0.02888809331,960,983040,formal
synthetic_maxsinl1,current_NOG-nonopt,735,0.011,False,,,0.02888809331,960,983040,formal
synthetic_maxsinl1,current_NOG-nonopt,735,0.01075,False,,,0.02888809331,960,983040,formal
synthetic_maxsinl1,current_NOG-nonopt,735,0.0105,False,,,0.02888809331,960,983040,formal
synthetic_maxsinl1,current_NOG-nonopt,735,0.01025,False,,,0.02888809331,960,983040,formal
synthetic_maxsinl1,current_NOG-nonopt,735,0.01,False,,,0.02888809331,960,983040,formal
synthetic_maxsinl1,current_NOG-nonopt,735,0.0095,False,,,0.02888809331,960,983040,formal
synthetic_maxsinl1,current_NOG-nonopt,735,0.009,False,,,0.02888809331,960,983040,formal
synthetic_maxsinl1,current_NOG-nonopt,735,0.008,False,,,0.02888809331,960,983040,formal
synthetic_maxsinl1,current_NOG-nonopt,735,0.007,False,,,0.02888809331,960,983040,formal
synthetic_maxsinl1,current_NOG-nonopt,735,0.006,False,,,0.02888809331,960,983040,formal
synthetic_maxsinl1,current_NOG-nonopt,735,0.005,False,,,0.02888809331,960,983040,formal
synthetic_maxsinl1,current_NOG-nonopt,735,0.004,False,,,0.02888809331,960,983040,formal
synthetic_maxsinl1,current_NOG-nonopt,735,0.003,False,,,0.02888809331,960,983040,formal
synthetic_maxsinl1,current_NOG-nonopt,735,0.002,False,,,0.02888809331,960,983040,formal
synthetic_maxsinl1,current_NOG-nonopt,736,0.2,True,100,102400,0.1976504922,960,983040,formal
synthetic_maxsinl1,current_NOG-nonopt,736,0.18,True,116,118784,0.1799487472,960,983040,formal
synthetic_maxsinl1,current_NOG-nonopt,736,0.16,True,136,139264,0.1556167006,960,983040,formal
synthetic_maxsinl1,current_NOG-nonopt,736,0.14,True,148,151552,0.1394288838,960,983040,formal
synthetic_maxsinl1,current_NOG-nonopt,736,0.12,True,164,167936,0.1175377294,960,983040,formal
synthetic_maxsinl1,current_NOG-nonopt,736,0.1,True,176,180224,0.099052459,960,983040,formal
synthetic_maxsinl1,current_NOG-nonopt,736,0.09,True,184,188416,0.08692072332,960,983040,formal
synthetic_maxsinl1,current_NOG-nonopt,736,0.08,True,192,196608,0.0752459988,960,983040,formal
synthetic_maxsinl1,current_NOG-nonopt,736,0.07,True,200,204800,0.06382303685,960,983040,formal
synthetic_maxsinl1,current_NOG-nonopt,736,0.06,True,204,208896,0.05770666897,960,983040,formal
synthetic_maxsinl1,current_NOG-nonopt,736,0.05,True,212,217088,0.04602753371,960,983040,formal
synthetic_maxsinl1,current_NOG-nonopt,736,0.04,True,220,225280,0.03451764211,960,983040,formal
synthetic_maxsinl1,current_NOG-nonopt,736,0.03,True,224,229376,0.02960697375,960,983040,formal
synthetic_maxsinl1,current_NOG-nonopt,736,0.025,True,228,233472,0.02486477979,960,983040,formal
synthetic_maxsinl1,current_NOG-nonopt,736,0.02,True,232,237568,0.01996031776,960,983040,formal
synthetic_maxsinl1,current_NOG-nonopt,736,0.018,True,236,241664,0.0161888022,960,983040,formal
synthetic_maxsinl1,current_NOG-nonopt,736,0.016,True,240,245760,0.01353848819,960,983040,formal
synthetic_maxsinl1,current_NOG-nonopt,736,0.015,True,240,245760,0.01353848819,960,983040,formal
synthetic_maxsinl1,current_NOG-nonopt,736,0.014,True,240,245760,0.01353848819,960,983040,formal
synthetic_maxsinl1,current_NOG-nonopt,736,0.013,False,,,0.02739411592,960,983040,formal
synthetic_maxsinl1,current_NOG-nonopt,736,0.012,False,,,0.02739411592,960,983040,formal
synthetic_maxsinl1,current_NOG-nonopt,736,0.0115,False,,,0.02739411592,960,983040,formal
synthetic_maxsinl1,current_NOG-nonopt,736,0.011,False,,,0.02739411592,960,983040,formal
synthetic_maxsinl1,current_NOG-nonopt,736,0.01075,False,,,0.02739411592,960,983040,formal
synthetic_maxsinl1,current_NOG-nonopt,736,0.0105,False,,,0.02739411592,960,983040,formal
synthetic_maxsinl1,current_NOG-nonopt,736,0.01025,False,,,0.02739411592,960,983040,formal
synthetic_maxsinl1,current_NOG-nonopt,736,0.01,False,,,0.02739411592,960,983040,formal
synthetic_maxsinl1,current_NOG-nonopt,736,0.0095,False,,,0.02739411592,960,983040,formal
synthetic_maxsinl1,current_NOG-nonopt,736,0.009,False,,,0.02739411592,960,983040,formal
synthetic_maxsinl1,current_NOG-nonopt,736,0.008,False,,,0.02739411592,960,983040,formal
synthetic_maxsinl1,current_NOG-nonopt,736,0.007,False,,,0.02739411592,960,983040,formal
synthetic_maxsinl1,current_NOG-nonopt,736,0.006,False,,,0.02739411592,960,983040,formal
synthetic_maxsinl1,current_NOG-nonopt,736,0.005,False,,,0.02739411592,960,983040,formal
synthetic_maxsinl1,current_NOG-nonopt,736,0.004,False,,,0.02739411592,960,983040,formal
synthetic_maxsinl1,current_NOG-nonopt,736,0.003,False,,,0.02739411592,960,983040,formal
synthetic_maxsinl1,current_NOG-nonopt,736,0.002,False,,,0.02739411592,960,983040,formal
synthetic_maxsinl1,current_NOG-nonopt,737,0.2,True,100,102400,0.197890684,960,983040,formal
synthetic_maxsinl1,current_NOG-nonopt,737,0.18,True,120,122880,0.1763360351,960,983040,formal
synthetic_maxsinl1,current_NOG-nonopt,737,0.16,True,136,139264,0.1567928195,960,983040,formal
synthetic_maxsinl1,current_NOG-nonopt,737,0.14,True,152,155648,0.1349360794,960,983040,formal
synthetic_maxsinl1,current_NOG-nonopt,737,0.12,True,164,167936,0.1179681495,960,983040,formal
synthetic_maxsinl1,current_NOG-nonopt,737,0.1,True,180,184320,0.095033966,960,983040,formal
synthetic_maxsinl1,current_NOG-nonopt,737,0.09,True,184,188416,0.0888101235,960,983040,formal
synthetic_maxsinl1,current_NOG-nonopt,737,0.08,True,192,196608,0.0773531571,960,983040,formal
synthetic_maxsinl1,current_NOG-nonopt,737,0.07,True,200,204800,0.06523746252,960,983040,formal
synthetic_maxsinl1,current_NOG-nonopt,737,0.06,True,204,208896,0.05929594487,960,983040,formal
synthetic_maxsinl1,current_NOG-nonopt,737,0.05,True,212,217088,0.04778789729,960,983040,formal
synthetic_maxsinl1,current_NOG-nonopt,737,0.04,True,220,225280,0.03678963333,960,983040,formal
synthetic_maxsinl1,current_NOG-nonopt,737,0.03,True,228,233472,0.02681999654,960,983040,formal
synthetic_maxsinl1,current_NOG-nonopt,737,0.025,True,232,237568,0.02187836356,960,983040,formal
synthetic_maxsinl1,current_NOG-nonopt,737,0.02,True,236,241664,0.01841366105,960,983040,formal
synthetic_maxsinl1,current_NOG-nonopt,737,0.018,True,240,245760,0.01614928804,960,983040,formal
synthetic_maxsinl1,current_NOG-nonopt,737,0.016,False,,,0.02777688764,960,983040,formal
synthetic_maxsinl1,current_NOG-nonopt,737,0.015,False,,,0.02777688764,960,983040,formal
synthetic_maxsinl1,current_NOG-nonopt,737,0.014,False,,,0.02777688764,960,983040,formal
synthetic_maxsinl1,current_NOG-nonopt,737,0.013,False,,,0.02777688764,960,983040,formal
synthetic_maxsinl1,current_NOG-nonopt,737,0.012,False,,,0.02777688764,960,983040,formal
synthetic_maxsinl1,current_NOG-nonopt,737,0.0115,False,,,0.02777688764,960,983040,formal
synthetic_maxsinl1,current_NOG-nonopt,737,0.011,False,,,0.02777688764,960,983040,formal
synthetic_maxsinl1,current_NOG-nonopt,737,0.01075,False,,,0.02777688764,960,983040,formal
synthetic_maxsinl1,current_NOG-nonopt,737,0.0105,False,,,0.02777688764,960,983040,formal
synthetic_maxsinl1,current_NOG-nonopt,737,0.01025,False,,,0.02777688764,960,983040,formal
synthetic_maxsinl1,current_NOG-nonopt,737,0.01,False,,,0.02777688764,960,983040,formal
synthetic_maxsinl1,current_NOG-nonopt,737,0.0095,False,,,0.02777688764,960,983040,formal
synthetic_maxsinl1,current_NOG-nonopt,737,0.009,False,,,0.02777688764,960,983040,formal
synthetic_maxsinl1,current_NOG-nonopt,737,0.008,False,,,0.02777688764,960,983040,formal
synthetic_maxsinl1,current_NOG-nonopt,737,0.007,False,,,0.02777688764,960,983040,formal
synthetic_maxsinl1,current_NOG-nonopt,737,0.006,False,,,0.02777688764,960,983040,formal
synthetic_maxsinl1,current_NOG-nonopt,737,0.005,False,,,0.02777688764,960,983040,formal
synthetic_maxsinl1,current_NOG-nonopt,737,0.004,False,,,0.02777688764,960,983040,formal
synthetic_maxsinl1,current_NOG-nonopt,737,0.003,False,,,0.02777688764,960,983040,formal
synthetic_maxsinl1,current_NOG-nonopt,737,0.002,False,,,0.02777688764,960,983040,formal
synthetic_maxsinl1,current_NOG-nonopt,738,0.2,True,104,106496,0.1957682222,960,983040,formal
synthetic_maxsinl1,current_NOG-nonopt,738,0.18,True,120,122880,0.1771302223,960,983040,formal
synthetic_maxsinl1,current_NOG-nonopt,738,0.16,True,136,139264,0.1561532021,960,983040,formal
synthetic_maxsinl1,current_NOG-nonopt,738,0.14,True,148,151552,0.1394166648,960,983040,formal
synthetic_maxsinl1,current_NOG-nonopt,738,0.12,True,164,167936,0.1159462705,960,983040,formal
synthetic_maxsinl1,current_NOG-nonopt,738,0.1,True,176,180224,0.09754694253,960,983040,formal
synthetic_maxsinl1,current_NOG-nonopt,738,0.09,True,184,188416,0.0844791308,960,983040,formal
synthetic_maxsinl1,current_NOG-nonopt,738,0.08,True,188,192512,0.07890086621,960,983040,formal
synthetic_maxsinl1,current_NOG-nonopt,738,0.07,True,196,200704,0.06548104435,960,983040,formal
synthetic_maxsinl1,current_NOG-nonopt,738,0.06,True,200,204800,0.05980671197,960,983040,formal
synthetic_maxsinl1,current_NOG-nonopt,738,0.05,True,208,212992,0.04684186727,960,983040,formal
synthetic_maxsinl1,current_NOG-nonopt,738,0.04,True,216,221184,0.03628326952,960,983040,formal
synthetic_maxsinl1,current_NOG-nonopt,738,0.03,True,220,225280,0.02969595604,960,983040,formal
synthetic_maxsinl1,current_NOG-nonopt,738,0.025,True,224,229376,0.02434148453,960,983040,formal
synthetic_maxsinl1,current_NOG-nonopt,738,0.02,True,228,233472,0.01971003041,960,983040,formal
synthetic_maxsinl1,current_NOG-nonopt,738,0.018,True,232,237568,0.01555072889,960,983040,formal
synthetic_maxsinl1,current_NOG-nonopt,738,0.016,True,232,237568,0.01555072889,960,983040,formal
synthetic_maxsinl1,current_NOG-nonopt,738,0.015,True,236,241664,0.01322680619,960,983040,formal
synthetic_maxsinl1,current_NOG-nonopt,738,0.014,True,236,241664,0.01322680619,960,983040,formal
synthetic_maxsinl1,current_NOG-nonopt,738,0.013,False,,,0.02925182879,960,983040,formal
synthetic_maxsinl1,current_NOG-nonopt,738,0.012,False,,,0.02925182879,960,983040,formal
synthetic_maxsinl1,current_NOG-nonopt,738,0.0115,False,,,0.02925182879,960,983040,formal
synthetic_maxsinl1,current_NOG-nonopt,738,0.011,False,,,0.02925182879,960,983040,formal
synthetic_maxsinl1,current_NOG-nonopt,738,0.01075,False,,,0.02925182879,960,983040,formal
synthetic_maxsinl1,current_NOG-nonopt,738,0.0105,False,,,0.02925182879,960,983040,formal
synthetic_maxsinl1,current_NOG-nonopt,738,0.01025,False,,,0.02925182879,960,983040,formal
synthetic_maxsinl1,current_NOG-nonopt,738,0.01,False,,,0.02925182879,960,983040,formal
synthetic_maxsinl1,current_NOG-nonopt,738,0.0095,False,,,0.02925182879,960,983040,formal
synthetic_maxsinl1,current_NOG-nonopt,738,0.009,False,,,0.02925182879,960,983040,formal
synthetic_maxsinl1,current_NOG-nonopt,738,0.008,False,,,0.02925182879,960,983040,formal
synthetic_maxsinl1,current_NOG-nonopt,738,0.007,False,,,0.02925182879,960,983040,formal
synthetic_maxsinl1,current_NOG-nonopt,738,0.006,False,,,0.02925182879,960,983040,formal
synthetic_maxsinl1,current_NOG-nonopt,738,0.005,False,,,0.02925182879,960,983040,formal
synthetic_maxsinl1,current_NOG-nonopt,738,0.004,False,,,0.02925182879,960,983040,formal
synthetic_maxsinl1,current_NOG-nonopt,738,0.003,False,,,0.02925182879,960,983040,formal
synthetic_maxsinl1,current_NOG-nonopt,738,0.002,False,,,0.02925182879,960,983040,formal
synthetic_maxsinl1,current_NOG-nonopt,739,0.2,True,100,102400,0.1982006878,960,983040,formal
synthetic_maxsinl1,current_NOG-nonopt,739,0.18,True,120,122880,0.1753315181,960,983040,formal
synthetic_maxsinl1,current_NOG-nonopt,739,0.16,True,136,139264,0.1546274871,960,983040,formal
synthetic_maxsinl1,current_NOG-nonopt,739,0.14,True,148,151552,0.138079688,960,983040,formal
synthetic_maxsinl1,current_NOG-nonopt,739,0.12,True,164,167936,0.1153750718,960,983040,formal
synthetic_maxsinl1,current_NOG-nonopt,739,0.1,True,176,180224,0.09721787274,960,983040,formal
synthetic_maxsinl1,current_NOG-nonopt,739,0.09,True,184,188416,0.08527531475,960,983040,formal
synthetic_maxsinl1,current_NOG-nonopt,739,0.08,True,188,192512,0.07951241732,960,983040,formal
synthetic_maxsinl1,current_NOG-nonopt,739,0.07,True,196,200704,0.06790333241,960,983040,formal
synthetic_maxsinl1,current_NOG-nonopt,739,0.06,True,204,208896,0.05581862479,960,983040,formal
synthetic_maxsinl1,current_NOG-nonopt,739,0.05,True,212,217088,0.04365129769,960,983040,formal
synthetic_maxsinl1,current_NOG-nonopt,739,0.04,True,216,221184,0.0384930186,960,983040,formal
synthetic_maxsinl1,current_NOG-nonopt,739,0.03,True,224,229376,0.02771706134,960,983040,formal
synthetic_maxsinl1,current_NOG-nonopt,739,0.025,True,228,233472,0.02293346077,960,983040,formal
synthetic_maxsinl1,current_NOG-nonopt,739,0.02,True,232,237568,0.01847535931,960,983040,formal
synthetic_maxsinl1,current_NOG-nonopt,739,0.018,True,236,241664,0.01569918916,960,983040,formal
synthetic_maxsinl1,current_NOG-nonopt,739,0.016,True,236,241664,0.01569918916,960,983040,formal
synthetic_maxsinl1,current_NOG-nonopt,739,0.015,True,240,245760,0.01402039733,960,983040,formal
synthetic_maxsinl1,current_NOG-nonopt,739,0.014,False,,,0.02769342251,960,983040,formal
synthetic_maxsinl1,current_NOG-nonopt,739,0.013,False,,,0.02769342251,960,983040,formal
synthetic_maxsinl1,current_NOG-nonopt,739,0.012,False,,,0.02769342251,960,983040,formal
synthetic_maxsinl1,current_NOG-nonopt,739,0.0115,False,,,0.02769342251,960,983040,formal
synthetic_maxsinl1,current_NOG-nonopt,739,0.011,False,,,0.02769342251,960,983040,formal
synthetic_maxsinl1,current_NOG-nonopt,739,0.01075,False,,,0.02769342251,960,983040,formal
synthetic_maxsinl1,current_NOG-nonopt,739,0.0105,False,,,0.02769342251,960,983040,formal
synthetic_maxsinl1,current_NOG-nonopt,739,0.01025,False,,,0.02769342251,960,983040,formal
synthetic_maxsinl1,current_NOG-nonopt,739,0.01,False,,,0.02769342251,960,983040,formal
synthetic_maxsinl1,current_NOG-nonopt,739,0.0095,False,,,0.02769342251,960,983040,formal
synthetic_maxsinl1,current_NOG-nonopt,739,0.009,False,,,0.02769342251,960,983040,formal
synthetic_maxsinl1,current_NOG-nonopt,739,0.008,False,,,0.02769342251,960,983040,formal
synthetic_maxsinl1,current_NOG-nonopt,739,0.007,False,,,0.02769342251,960,983040,formal
synthetic_maxsinl1,current_NOG-nonopt,739,0.006,False,,,0.02769342251,960,983040,formal
synthetic_maxsinl1,current_NOG-nonopt,739,0.005,False,,,0.02769342251,960,983040,formal
synthetic_maxsinl1,current_NOG-nonopt,739,0.004,False,,,0.02769342251,960,983040,formal
synthetic_maxsinl1,current_NOG-nonopt,739,0.003,False,,,0.02769342251,960,983040,formal
synthetic_maxsinl1,current_NOG-nonopt,739,0.002,False,,,0.02769342251,960,983040,formal
synthetic_maxsinl1,current_NOG-opt,720,0.2,True,100,102400,0.1996310949,960,983040,formal
synthetic_maxsinl1,current_NOG-opt,720,0.18,True,120,122880,0.1777212918,960,983040,formal
synthetic_maxsinl1,current_NOG-opt,720,0.16,True,136,139264,0.1589913219,960,983040,formal
synthetic_maxsinl1,current_NOG-opt,720,0.14,True,152,155648,0.1385757923,960,983040,formal
synthetic_maxsinl1,current_NOG-opt,720,0.12,True,168,172032,0.1161780879,960,983040,formal
synthetic_maxsinl1,current_NOG-opt,720,0.1,True,180,184320,0.09857412428,960,983040,formal
synthetic_maxsinl1,current_NOG-opt,720,0.09,True,188,192512,0.08714608848,960,983040,formal
synthetic_maxsinl1,current_NOG-opt,720,0.08,True,196,200704,0.07553736866,960,983040,formal
synthetic_maxsinl1,current_NOG-opt,720,0.07,True,200,204800,0.06994570047,960,983040,formal
synthetic_maxsinl1,current_NOG-opt,720,0.06,True,208,212992,0.05855718628,960,983040,formal
synthetic_maxsinl1,current_NOG-opt,720,0.05,True,216,221184,0.04697385058,960,983040,formal
synthetic_maxsinl1,current_NOG-opt,720,0.04,True,224,229376,0.03648273274,960,983040,formal
synthetic_maxsinl1,current_NOG-opt,720,0.03,True,232,237568,0.02609793469,960,983040,formal
synthetic_maxsinl1,current_NOG-opt,720,0.025,True,236,241664,0.0219951421,960,983040,formal
synthetic_maxsinl1,current_NOG-opt,720,0.02,True,240,245760,0.01804753952,960,983040,formal
synthetic_maxsinl1,current_NOG-opt,720,0.018,True,244,249856,0.01528045908,960,983040,formal
synthetic_maxsinl1,current_NOG-opt,720,0.016,True,244,249856,0.01528045908,960,983040,formal
synthetic_maxsinl1,current_NOG-opt,720,0.015,False,,,0.02686791867,960,983040,formal
synthetic_maxsinl1,current_NOG-opt,720,0.014,False,,,0.02686791867,960,983040,formal
synthetic_maxsinl1,current_NOG-opt,720,0.013,False,,,0.02686791867,960,983040,formal
synthetic_maxsinl1,current_NOG-opt,720,0.012,False,,,0.02686791867,960,983040,formal
synthetic_maxsinl1,current_NOG-opt,720,0.0115,False,,,0.02686791867,960,983040,formal
synthetic_maxsinl1,current_NOG-opt,720,0.011,False,,,0.02686791867,960,983040,formal
synthetic_maxsinl1,current_NOG-opt,720,0.01075,False,,,0.02686791867,960,983040,formal
synthetic_maxsinl1,current_NOG-opt,720,0.0105,False,,,0.02686791867,960,983040,formal
synthetic_maxsinl1,current_NOG-opt,720,0.01025,False,,,0.02686791867,960,983040,formal
synthetic_maxsinl1,current_NOG-opt,720,0.01,False,,,0.02686791867,960,983040,formal
synthetic_maxsinl1,current_NOG-opt,720,0.0095,False,,,0.02686791867,960,983040,formal
synthetic_maxsinl1,current_NOG-opt,720,0.009,False,,,0.02686791867,960,983040,formal
synthetic_maxsinl1,current_NOG-opt,720,0.008,False,,,0.02686791867,960,983040,formal
synthetic_maxsinl1,current_NOG-opt,720,0.007,False,,,0.02686791867,960,983040,formal
synthetic_maxsinl1,current_NOG-opt,720,0.006,False,,,0.02686791867,960,983040,formal
synthetic_maxsinl1,current_NOG-opt,720,0.005,False,,,0.02686791867,960,983040,formal
synthetic_maxsinl1,current_NOG-opt,720,0.004,False,,,0.02686791867,960,983040,formal
synthetic_maxsinl1,current_NOG-opt,720,0.003,False,,,0.02686791867,960,983040,formal
synthetic_maxsinl1,current_NOG-opt,720,0.002,False,,,0.02686791867,960,983040,formal
synthetic_maxsinl1,current_NOG-opt,721,0.2,True,104,106496,0.1975625455,960,983040,formal
synthetic_maxsinl1,current_NOG-opt,721,0.18,True,120,122880,0.1793151647,960,983040,formal
synthetic_maxsinl1,current_NOG-opt,721,0.16,True,136,139264,0.1594440937,960,983040,formal
synthetic_maxsinl1,current_NOG-opt,721,0.14,True,152,155648,0.1376046985,960,983040,formal
synthetic_maxsinl1,current_NOG-opt,721,0.12,True,168,172032,0.1156161949,960,983040,formal
synthetic_maxsinl1,current_NOG-opt,721,0.1,True,180,184320,0.09799260646,960,983040,formal
synthetic_maxsinl1,current_NOG-opt,721,0.09,True,188,192512,0.08653572202,960,983040,formal
synthetic_maxsinl1,current_NOG-opt,721,0.08,True,196,200704,0.07450026274,960,983040,formal
synthetic_maxsinl1,current_NOG-opt,721,0.07,True,200,204800,0.06760919094,960,983040,formal
synthetic_maxsinl1,current_NOG-opt,721,0.06,True,208,212992,0.05594860762,960,983040,formal
synthetic_maxsinl1,current_NOG-opt,721,0.05,True,216,221184,0.04470009729,960,983040,formal
synthetic_maxsinl1,current_NOG-opt,721,0.04,True,220,225280,0.03881763667,960,983040,formal
synthetic_maxsinl1,current_NOG-opt,721,0.03,True,228,233472,0.02851518802,960,983040,formal
synthetic_maxsinl1,current_NOG-opt,721,0.025,True,232,237568,0.0235048756,960,983040,formal
synthetic_maxsinl1,current_NOG-opt,721,0.02,True,236,241664,0.01950632222,960,983040,formal
synthetic_maxsinl1,current_NOG-opt,721,0.018,True,240,245760,0.01594321243,960,983040,formal
synthetic_maxsinl1,current_NOG-opt,721,0.016,True,240,245760,0.01594321243,960,983040,formal
synthetic_maxsinl1,current_NOG-opt,721,0.015,True,244,249856,0.01416495908,960,983040,formal
synthetic_maxsinl1,current_NOG-opt,721,0.014,False,,,0.02929156646,960,983040,formal
synthetic_maxsinl1,current_NOG-opt,721,0.013,False,,,0.02929156646,960,983040,formal
synthetic_maxsinl1,current_NOG-opt,721,0.012,False,,,0.02929156646,960,983040,formal
synthetic_maxsinl1,current_NOG-opt,721,0.0115,False,,,0.02929156646,960,983040,formal
synthetic_maxsinl1,current_NOG-opt,721,0.011,False,,,0.02929156646,960,983040,formal
synthetic_maxsinl1,current_NOG-opt,721,0.01075,False,,,0.02929156646,960,983040,formal
synthetic_maxsinl1,current_NOG-opt,721,0.0105,False,,,0.02929156646,960,983040,formal
synthetic_maxsinl1,current_NOG-opt,721,0.01025,False,,,0.02929156646,960,983040,formal
synthetic_maxsinl1,current_NOG-opt,721,0.01,False,,,0.02929156646,960,983040,formal
synthetic_maxsinl1,current_NOG-opt,721,0.0095,False,,,0.02929156646,960,983040,formal
synthetic_maxsinl1,current_NOG-opt,721,0.009,False,,,0.02929156646,960,983040,formal
synthetic_maxsinl1,current_NOG-opt,721,0.008,False,,,0.02929156646,960,983040,formal
synthetic_maxsinl1,current_NOG-opt,721,0.007,False,,,0.02929156646,960,983040,formal
synthetic_maxsinl1,current_NOG-opt,721,0.006,False,,,0.02929156646,960,983040,formal
synthetic_maxsinl1,current_NOG-opt,721,0.005,False,,,0.02929156646,960,983040,formal
synthetic_maxsinl1,current_NOG-opt,721,0.004,False,,,0.02929156646,960,983040,formal
synthetic_maxsinl1,current_NOG-opt,721,0.003,False,,,0.02929156646,960,983040,formal
synthetic_maxsinl1,current_NOG-opt,721,0.002,False,,,0.02929156646,960,983040,formal
synthetic_maxsinl1,current_NOG-opt,722,0.2,True,104,106496,0.1967110038,960,983040,formal
synthetic_maxsinl1,current_NOG-opt,722,0.18,True,120,122880,0.1795182228,960,983040,formal
synthetic_maxsinl1,current_NOG-opt,722,0.16,True,136,139264,0.1593506485,960,983040,formal
synthetic_maxsinl1,current_NOG-opt,722,0.14,True,152,155648,0.1373159885,960,983040,formal
synthetic_maxsinl1,current_NOG-opt,722,0.12,True,168,172032,0.1151193008,960,983040,formal
synthetic_maxsinl1,current_NOG-opt,722,0.1,True,180,184320,0.09780519456,960,983040,formal
synthetic_maxsinl1,current_NOG-opt,722,0.09,True,188,192512,0.08571887761,960,983040,formal
synthetic_maxsinl1,current_NOG-opt,722,0.08,True,196,200704,0.07399769872,960,983040,formal
synthetic_maxsinl1,current_NOG-opt,722,0.07,True,200,204800,0.06761371344,960,983040,formal
synthetic_maxsinl1,current_NOG-opt,722,0.06,True,208,212992,0.05621163175,960,983040,formal
synthetic_maxsinl1,current_NOG-opt,722,0.05,True,216,221184,0.04476967826,960,983040,formal
synthetic_maxsinl1,current_NOG-opt,722,0.04,True,220,225280,0.0387188755,960,983040,formal
synthetic_maxsinl1,current_NOG-opt,722,0.03,True,228,233472,0.02814423479,960,983040,formal
synthetic_maxsinl1,current_NOG-opt,722,0.025,True,232,237568,0.02344170772,960,983040,formal
synthetic_maxsinl1,current_NOG-opt,722,0.02,True,236,241664,0.01912673377,960,983040,formal
synthetic_maxsinl1,current_NOG-opt,722,0.018,True,240,245760,0.01636120863,960,983040,formal
synthetic_maxsinl1,current_NOG-opt,722,0.016,True,244,249856,0.01507502235,960,983040,formal
synthetic_maxsinl1,current_NOG-opt,722,0.015,False,,,0.02888287231,960,983040,formal
synthetic_maxsinl1,current_NOG-opt,722,0.014,False,,,0.02888287231,960,983040,formal
synthetic_maxsinl1,current_NOG-opt,722,0.013,False,,,0.02888287231,960,983040,formal
synthetic_maxsinl1,current_NOG-opt,722,0.012,False,,,0.02888287231,960,983040,formal
synthetic_maxsinl1,current_NOG-opt,722,0.0115,False,,,0.02888287231,960,983040,formal
synthetic_maxsinl1,current_NOG-opt,722,0.011,False,,,0.02888287231,960,983040,formal
synthetic_maxsinl1,current_NOG-opt,722,0.01075,False,,,0.02888287231,960,983040,formal
synthetic_maxsinl1,current_NOG-opt,722,0.0105,False,,,0.02888287231,960,983040,formal
synthetic_maxsinl1,current_NOG-opt,722,0.01025,False,,,0.02888287231,960,983040,formal
synthetic_maxsinl1,current_NOG-opt,722,0.01,False,,,0.02888287231,960,983040,formal
synthetic_maxsinl1,current_NOG-opt,722,0.0095,False,,,0.02888287231,960,983040,formal
synthetic_maxsinl1,current_NOG-opt,722,0.009,False,,,0.02888287231,960,983040,formal
synthetic_maxsinl1,current_NOG-opt,722,0.008,False,,,0.02888287231,960,983040,formal
synthetic_maxsinl1,current_NOG-opt,722,0.007,False,,,0.02888287231,960,983040,formal
synthetic_maxsinl1,current_NOG-opt,722,0.006,False,,,0.02888287231,960,983040,formal
synthetic_maxsinl1,current_NOG-opt,722,0.005,False,,,0.02888287231,960,983040,formal
synthetic_maxsinl1,current_NOG-opt,722,0.004,False,,,0.02888287231,960,983040,formal
synthetic_maxsinl1,current_NOG-opt,722,0.003,False,,,0.02888287231,960,983040,formal
synthetic_maxsinl1,current_NOG-opt,722,0.002,False,,,0.02888287231,960,983040,formal
synthetic_maxsinl1,current_NOG-opt,723,0.2,True,104,106496,0.1961988807,960,983040,formal
synthetic_maxsinl1,current_NOG-opt,723,0.18,True,120,122880,0.1789252907,960,983040,formal
synthetic_maxsinl1,current_NOG-opt,723,0.16,True,136,139264,0.1587528884,960,983040,formal
synthetic_maxsinl1,current_NOG-opt,723,0.14,True,152,155648,0.1379959434,960,983040,formal
synthetic_maxsinl1,current_NOG-opt,723,0.12,True,168,172032,0.1146473661,960,983040,formal
synthetic_maxsinl1,current_NOG-opt,723,0.1,True,180,184320,0.09666501731,960,983040,formal
synthetic_maxsinl1,current_NOG-opt,723,0.09,True,188,192512,0.08465710282,960,983040,formal
synthetic_maxsinl1,current_NOG-opt,723,0.08,True,192,196608,0.07879987359,960,983040,formal
synthetic_maxsinl1,current_NOG-opt,723,0.07,True,200,204800,0.06674928963,960,983040,formal
synthetic_maxsinl1,current_NOG-opt,723,0.06,True,208,212992,0.05562931299,960,983040,formal
synthetic_maxsinl1,current_NOG-opt,723,0.05,True,212,217088,0.04926132411,960,983040,formal
synthetic_maxsinl1,current_NOG-opt,723,0.04,True,220,225280,0.03838923946,960,983040,formal
synthetic_maxsinl1,current_NOG-opt,723,0.03,True,228,233472,0.0278958492,960,983040,formal
synthetic_maxsinl1,current_NOG-opt,723,0.025,True,232,237568,0.02287124284,960,983040,formal
synthetic_maxsinl1,current_NOG-opt,723,0.02,True,236,241664,0.0184442196,960,983040,formal
synthetic_maxsinl1,current_NOG-opt,723,0.018,True,240,245760,0.0151716331,960,983040,formal
synthetic_maxsinl1,current_NOG-opt,723,0.016,True,240,245760,0.0151716331,960,983040,formal
synthetic_maxsinl1,current_NOG-opt,723,0.015,True,244,249856,0.01332769543,960,983040,formal
synthetic_maxsinl1,current_NOG-opt,723,0.014,True,244,249856,0.01332769543,960,983040,formal
synthetic_maxsinl1,current_NOG-opt,723,0.013,False,,,0.03068959527,960,983040,formal
synthetic_maxsinl1,current_NOG-opt,723,0.012,False,,,0.03068959527,960,983040,formal
synthetic_maxsinl1,current_NOG-opt,723,0.0115,False,,,0.03068959527,960,983040,formal
synthetic_maxsinl1,current_NOG-opt,723,0.011,False,,,0.03068959527,960,983040,formal
synthetic_maxsinl1,current_NOG-opt,723,0.01075,False,,,0.03068959527,960,983040,formal
synthetic_maxsinl1,current_NOG-opt,723,0.0105,False,,,0.03068959527,960,983040,formal
synthetic_maxsinl1,current_NOG-opt,723,0.01025,False,,,0.03068959527,960,983040,formal
synthetic_maxsinl1,current_NOG-opt,723,0.01,False,,,0.03068959527,960,983040,formal
synthetic_maxsinl1,current_NOG-opt,723,0.0095,False,,,0.03068959527,960,983040,formal
synthetic_maxsinl1,current_NOG-opt,723,0.009,False,,,0.03068959527,960,983040,formal
synthetic_maxsinl1,current_NOG-opt,723,0.008,False,,,0.03068959527,960,983040,formal
synthetic_maxsinl1,current_NOG-opt,723,0.007,False,,,0.03068959527,960,983040,formal
synthetic_maxsinl1,current_NOG-opt,723,0.006,False,,,0.03068959527,960,983040,formal
synthetic_maxsinl1,current_NOG-opt,723,0.005,False,,,0.03068959527,960,983040,formal
synthetic_maxsinl1,current_NOG-opt,723,0.004,False,,,0.03068959527,960,983040,formal
synthetic_maxsinl1,current_NOG-opt,723,0.003,False,,,0.03068959527,960,983040,formal
synthetic_maxsinl1,current_NOG-opt,723,0.002,False,,,0.03068959527,960,983040,formal
synthetic_maxsinl1,current_NOG-opt,724,0.2,True,104,106496,0.1980881393,960,983040,formal
synthetic_maxsinl1,current_NOG-opt,724,0.18,True,124,126976,0.1755120754,960,983040,formal
synthetic_maxsinl1,current_NOG-opt,724,0.16,True,136,139264,0.1597478241,960,983040,formal
synthetic_maxsinl1,current_NOG-opt,724,0.14,True,152,155648,0.1381743997,960,983040,formal
synthetic_maxsinl1,current_NOG-opt,724,0.12,True,168,172032,0.1148647964,960,983040,formal
synthetic_maxsinl1,current_NOG-opt,724,0.1,True,180,184320,0.09689772129,960,983040,formal
synthetic_maxsinl1,current_NOG-opt,724,0.09,True,188,192512,0.08448366076,960,983040,formal
synthetic_maxsinl1,current_NOG-opt,724,0.08,True,192,196608,0.07877293229,960,983040,formal
synthetic_maxsinl1,current_NOG-opt,724,0.07,True,200,204800,0.06614334881,960,983040,formal
synthetic_maxsinl1,current_NOG-opt,724,0.06,True,208,212992,0.05497247726,960,983040,formal
synthetic_maxsinl1,current_NOG-opt,724,0.05,True,212,217088,0.04909465462,960,983040,formal
synthetic_maxsinl1,current_NOG-opt,724,0.04,True,220,225280,0.03759539872,960,983040,formal
synthetic_maxsinl1,current_NOG-opt,724,0.03,True,228,233472,0.0262549296,960,983040,formal
synthetic_maxsinl1,current_NOG-opt,724,0.025,True,232,237568,0.02212754078,960,983040,formal
synthetic_maxsinl1,current_NOG-opt,724,0.02,True,236,241664,0.01785981096,960,983040,formal
synthetic_maxsinl1,current_NOG-opt,724,0.018,True,236,241664,0.01785981096,960,983040,formal
synthetic_maxsinl1,current_NOG-opt,724,0.016,True,240,245760,0.01514779404,960,983040,formal
synthetic_maxsinl1,current_NOG-opt,724,0.015,False,,,0.02917257883,960,983040,formal
synthetic_maxsinl1,current_NOG-opt,724,0.014,False,,,0.02917257883,960,983040,formal
synthetic_maxsinl1,current_NOG-opt,724,0.013,False,,,0.02917257883,960,983040,formal
synthetic_maxsinl1,current_NOG-opt,724,0.012,False,,,0.02917257883,960,983040,formal
synthetic_maxsinl1,current_NOG-opt,724,0.0115,False,,,0.02917257883,960,983040,formal
synthetic_maxsinl1,current_NOG-opt,724,0.011,False,,,0.02917257883,960,983040,formal
synthetic_maxsinl1,current_NOG-opt,724,0.01075,False,,,0.02917257883,960,983040,formal
synthetic_maxsinl1,current_NOG-opt,724,0.0105,False,,,0.02917257883,960,983040,formal
synthetic_maxsinl1,current_NOG-opt,724,0.01025,False,,,0.02917257883,960,983040,formal
synthetic_maxsinl1,current_NOG-opt,724,0.01,False,,,0.02917257883,960,983040,formal
synthetic_maxsinl1,current_NOG-opt,724,0.0095,False,,,0.02917257883,960,983040,formal
synthetic_maxsinl1,current_NOG-opt,724,0.009,False,,,0.02917257883,960,983040,formal
synthetic_maxsinl1,current_NOG-opt,724,0.008,False,,,0.02917257883,960,983040,formal
synthetic_maxsinl1,current_NOG-opt,724,0.007,False,,,0.02917257883,960,983040,formal
synthetic_maxsinl1,current_NOG-opt,724,0.006,False,,,0.02917257883,960,983040,formal
synthetic_maxsinl1,current_NOG-opt,724,0.005,False,,,0.02917257883,960,983040,formal
synthetic_maxsinl1,current_NOG-opt,724,0.004,False,,,0.02917257883,960,983040,formal
synthetic_maxsinl1,current_NOG-opt,724,0.003,False,,,0.02917257883,960,983040,formal
synthetic_maxsinl1,current_NOG-opt,724,0.002,False,,,0.02917257883,960,983040,formal
synthetic_maxsinl1,current_NOG-opt,725,0.2,True,100,102400,0.1997787803,960,983040,formal
synthetic_maxsinl1,current_NOG-opt,725,0.18,True,120,122880,0.1789374501,960,983040,formal
synthetic_maxsinl1,current_NOG-opt,725,0.16,True,136,139264,0.1596881747,960,983040,formal
synthetic_maxsinl1,current_NOG-opt,725,0.14,True,152,155648,0.1378721446,960,983040,formal
synthetic_maxsinl1,current_NOG-opt,725,0.12,True,168,172032,0.1152649075,960,983040,formal
synthetic_maxsinl1,current_NOG-opt,725,0.1,True,180,184320,0.0982073471,960,983040,formal
synthetic_maxsinl1,current_NOG-opt,725,0.09,True,188,192512,0.08631841838,960,983040,formal
synthetic_maxsinl1,current_NOG-opt,725,0.08,True,196,200704,0.07423707098,960,983040,formal
synthetic_maxsinl1,current_NOG-opt,725,0.07,True,200,204800,0.06834621727,960,983040,formal
synthetic_maxsinl1,current_NOG-opt,725,0.06,True,208,212992,0.05607430264,960,983040,formal
synthetic_maxsinl1,current_NOG-opt,725,0.05,True,216,221184,0.04512384534,960,983040,formal
synthetic_maxsinl1,current_NOG-opt,725,0.04,True,220,225280,0.03948903084,960,983040,formal
synthetic_maxsinl1,current_NOG-opt,725,0.03,True,228,233472,0.0286803972,960,983040,formal
synthetic_maxsinl1,current_NOG-opt,725,0.025,True,232,237568,0.02403102256,960,983040,formal
synthetic_maxsinl1,current_NOG-opt,725,0.02,True,236,241664,0.01946556941,960,983040,formal
synthetic_maxsinl1,current_NOG-opt,725,0.018,True,240,245760,0.01660886221,960,983040,formal
synthetic_maxsinl1,current_NOG-opt,725,0.016,True,244,249856,0.01485880278,960,983040,formal
synthetic_maxsinl1,current_NOG-opt,725,0.015,True,244,249856,0.01485880278,960,983040,formal
synthetic_maxsinl1,current_NOG-opt,725,0.014,False,,,0.02666716091,960,983040,formal
synthetic_maxsinl1,current_NOG-opt,725,0.013,False,,,0.02666716091,960,983040,formal
synthetic_maxsinl1,current_NOG-opt,725,0.012,False,,,0.02666716091,960,983040,formal
synthetic_maxsinl1,current_NOG-opt,725,0.0115,False,,,0.02666716091,960,983040,formal
synthetic_maxsinl1,current_NOG-opt,725,0.011,False,,,0.02666716091,960,983040,formal
synthetic_maxsinl1,current_NOG-opt,725,0.01075,False,,,0.02666716091,960,983040,formal
synthetic_maxsinl1,current_NOG-opt,725,0.0105,False,,,0.02666716091,960,983040,formal
synthetic_maxsinl1,current_NOG-opt,725,0.01025,False,,,0.02666716091,960,983040,formal
synthetic_maxsinl1,current_NOG-opt,725,0.01,False,,,0.02666716091,960,983040,formal
synthetic_maxsinl1,current_NOG-opt,725,0.0095,False,,,0.02666716091,960,983040,formal
synthetic_maxsinl1,current_NOG-opt,725,0.009,False,,,0.02666716091,960,983040,formal
synthetic_maxsinl1,current_NOG-opt,725,0.008,False,,,0.02666716091,960,983040,formal
synthetic_maxsinl1,current_NOG-opt,725,0.007,False,,,0.02666716091,960,983040,formal
synthetic_maxsinl1,current_NOG-opt,725,0.006,False,,,0.02666716091,960,983040,formal
synthetic_maxsinl1,current_NOG-opt,725,0.005,False,,,0.02666716091,960,983040,formal
synthetic_maxsinl1,current_NOG-opt,725,0.004,False,,,0.02666716091,960,983040,formal
synthetic_maxsinl1,current_NOG-opt,725,0.003,False,,,0.02666716091,960,983040,formal
synthetic_maxsinl1,current_NOG-opt,725,0.002,False,,,0.02666716091,960,983040,formal
synthetic_maxsinl1,current_NOG-opt,726,0.2,True,104,106496,0.1964877844,960,983040,formal
synthetic_maxsinl1,current_NOG-opt,726,0.18,True,120,122880,0.1782732904,960,983040,formal
synthetic_maxsinl1,current_NOG-opt,726,0.16,True,136,139264,0.1588733196,960,983040,formal
synthetic_maxsinl1,current_NOG-opt,726,0.14,True,152,155648,0.1382133961,960,983040,formal
synthetic_maxsinl1,current_NOG-opt,726,0.12,True,168,172032,0.1157742217,960,983040,formal
synthetic_maxsinl1,current_NOG-opt,726,0.1,True,180,184320,0.09786308557,960,983040,formal
synthetic_maxsinl1,current_NOG-opt,726,0.09,True,188,192512,0.08670413494,960,983040,formal
synthetic_maxsinl1,current_NOG-opt,726,0.08,True,196,200704,0.0747557804,960,983040,formal
synthetic_maxsinl1,current_NOG-opt,726,0.07,True,200,204800,0.06930081546,960,983040,formal
synthetic_maxsinl1,current_NOG-opt,726,0.06,True,208,212992,0.05689272657,960,983040,formal
synthetic_maxsinl1,current_NOG-opt,726,0.05,True,216,221184,0.04553351924,960,983040,formal
synthetic_maxsinl1,current_NOG-opt,726,0.04,True,224,229376,0.03463635221,960,983040,formal
synthetic_maxsinl1,current_NOG-opt,726,0.03,True,228,233472,0.02947634645,960,983040,formal
synthetic_maxsinl1,current_NOG-opt,726,0.025,True,232,237568,0.02492562123,960,983040,formal
synthetic_maxsinl1,current_NOG-opt,726,0.02,True,240,245760,0.01756994426,960,983040,formal
synthetic_maxsinl1,current_NOG-opt,726,0.018,True,240,245760,0.01756994426,960,983040,formal
synthetic_maxsinl1,current_NOG-opt,726,0.016,True,244,249856,0.01528457459,960,983040,formal
synthetic_maxsinl1,current_NOG-opt,726,0.015,False,,,0.0285292007,960,983040,formal
synthetic_maxsinl1,current_NOG-opt,726,0.014,False,,,0.0285292007,960,983040,formal
synthetic_maxsinl1,current_NOG-opt,726,0.013,False,,,0.0285292007,960,983040,formal
synthetic_maxsinl1,current_NOG-opt,726,0.012,False,,,0.0285292007,960,983040,formal
synthetic_maxsinl1,current_NOG-opt,726,0.0115,False,,,0.0285292007,960,983040,formal
synthetic_maxsinl1,current_NOG-opt,726,0.011,False,,,0.0285292007,960,983040,formal
synthetic_maxsinl1,current_NOG-opt,726,0.01075,False,,,0.0285292007,960,983040,formal
synthetic_maxsinl1,current_NOG-opt,726,0.0105,False,,,0.0285292007,960,983040,formal
synthetic_maxsinl1,current_NOG-opt,726,0.01025,False,,,0.0285292007,960,983040,formal
synthetic_maxsinl1,current_NOG-opt,726,0.01,False,,,0.0285292007,960,983040,formal
synthetic_maxsinl1,current_NOG-opt,726,0.0095,False,,,0.0285292007,960,983040,formal
synthetic_maxsinl1,current_NOG-opt,726,0.009,False,,,0.0285292007,960,983040,formal
synthetic_maxsinl1,current_NOG-opt,726,0.008,False,,,0.0285292007,960,983040,formal
synthetic_maxsinl1,current_NOG-opt,726,0.007,False,,,0.0285292007,960,983040,formal
synthetic_maxsinl1,current_NOG-opt,726,0.006,False,,,0.0285292007,960,983040,formal
synthetic_maxsinl1,current_NOG-opt,726,0.005,False,,,0.0285292007,960,983040,formal
synthetic_maxsinl1,current_NOG-opt,726,0.004,False,,,0.0285292007,960,983040,formal
synthetic_maxsinl1,current_NOG-opt,726,0.003,False,,,0.0285292007,960,983040,formal
synthetic_maxsinl1,current_NOG-opt,726,0.002,False,,,0.0285292007,960,983040,formal
synthetic_maxsinl1,current_NOG-opt,727,0.2,True,104,106496,0.1960091293,960,983040,formal
synthetic_maxsinl1,current_NOG-opt,727,0.18,True,120,122880,0.1783417165,960,983040,formal
synthetic_maxsinl1,current_NOG-opt,727,0.16,True,136,139264,0.1581440121,960,983040,formal
synthetic_maxsinl1,current_NOG-opt,727,0.14,True,152,155648,0.1366974264,960,983040,formal
synthetic_maxsinl1,current_NOG-opt,727,0.12,True,168,172032,0.1141959652,960,983040,formal
synthetic_maxsinl1,current_NOG-opt,727,0.1,True,180,184320,0.09633886069,960,983040,formal
synthetic_maxsinl1,current_NOG-opt,727,0.09,True,188,192512,0.08419042826,960,983040,formal
synthetic_maxsinl1,current_NOG-opt,727,0.08,True,192,196608,0.07900555432,960,983040,formal
synthetic_maxsinl1,current_NOG-opt,727,0.07,True,200,204800,0.06659670174,960,983040,formal
synthetic_maxsinl1,current_NOG-opt,727,0.06,True,208,212992,0.05536197871,960,983040,formal
synthetic_maxsinl1,current_NOG-opt,727,0.05,True,212,217088,0.04967656732,960,983040,formal
synthetic_maxsinl1,current_NOG-opt,727,0.04,True,220,225280,0.03731120005,960,983040,formal
synthetic_maxsinl1,current_NOG-opt,727,0.03,True,228,233472,0.02625929564,960,983040,formal
synthetic_maxsinl1,current_NOG-opt,727,0.025,True,232,237568,0.02133808099,960,983040,formal
synthetic_maxsinl1,current_NOG-opt,727,0.02,True,236,241664,0.01711603813,960,983040,formal
synthetic_maxsinl1,current_NOG-opt,727,0.018,True,236,241664,0.01711603813,960,983040,formal
synthetic_maxsinl1,current_NOG-opt,727,0.016,True,240,245760,0.01411286648,960,983040,formal
synthetic_maxsinl1,current_NOG-opt,727,0.015,True,240,245760,0.01411286648,960,983040,formal
synthetic_maxsinl1,current_NOG-opt,727,0.014,False,,,0.0284355469,960,983040,formal
synthetic_maxsinl1,current_NOG-opt,727,0.013,False,,,0.0284355469,960,983040,formal
synthetic_maxsinl1,current_NOG-opt,727,0.012,False,,,0.0284355469,960,983040,formal
synthetic_maxsinl1,current_NOG-opt,727,0.0115,False,,,0.0284355469,960,983040,formal
synthetic_maxsinl1,current_NOG-opt,727,0.011,False,,,0.0284355469,960,983040,formal
synthetic_maxsinl1,current_NOG-opt,727,0.01075,False,,,0.0284355469,960,983040,formal
synthetic_maxsinl1,current_NOG-opt,727,0.0105,False,,,0.0284355469,960,983040,formal
synthetic_maxsinl1,current_NOG-opt,727,0.01025,False,,,0.0284355469,960,983040,formal
synthetic_maxsinl1,current_NOG-opt,727,0.01,False,,,0.0284355469,960,983040,formal
synthetic_maxsinl1,current_NOG-opt,727,0.0095,False,,,0.0284355469,960,983040,formal
synthetic_maxsinl1,current_NOG-opt,727,0.009,False,,,0.0284355469,960,983040,formal
synthetic_maxsinl1,current_NOG-opt,727,0.008,False,,,0.0284355469,960,983040,formal
synthetic_maxsinl1,current_NOG-opt,727,0.007,False,,,0.0284355469,960,983040,formal
synthetic_maxsinl1,current_NOG-opt,727,0.006,False,,,0.0284355469,960,983040,formal
synthetic_maxsinl1,current_NOG-opt,727,0.005,False,,,0.0284355469,960,983040,formal
synthetic_maxsinl1,current_NOG-opt,727,0.004,False,,,0.0284355469,960,983040,formal
synthetic_maxsinl1,current_NOG-opt,727,0.003,False,,,0.0284355469,960,983040,formal
synthetic_maxsinl1,current_NOG-opt,727,0.002,False,,,0.0284355469,960,983040,formal
synthetic_maxsinl1,current_NOG-opt,728,0.2,True,104,106496,0.1962663531,960,983040,formal
synthetic_maxsinl1,current_NOG-opt,728,0.18,True,120,122880,0.1796214283,960,983040,formal
synthetic_maxsinl1,current_NOG-opt,728,0.16,True,140,143360,0.155703783,960,983040,formal
synthetic_maxsinl1,current_NOG-opt,728,0.14,True,156,159744,0.1350629032,960,983040,formal
synthetic_maxsinl1,current_NOG-opt,728,0.12,True,168,172032,0.1189198866,960,983040,formal
synthetic_maxsinl1,current_NOG-opt,728,0.1,True,184,188416,0.09605459124,960,983040,formal
synthetic_maxsinl1,current_NOG-opt,728,0.09,True,192,196608,0.08444502205,960,983040,formal
synthetic_maxsinl1,current_NOG-opt,728,0.08,True,196,200704,0.07887484133,960,983040,formal
synthetic_maxsinl1,current_NOG-opt,728,0.07,True,204,208896,0.06715034693,960,983040,formal
synthetic_maxsinl1,current_NOG-opt,728,0.06,True,212,217088,0.05590148643,960,983040,formal
synthetic_maxsinl1,current_NOG-opt,728,0.05,True,216,221184,0.04954266921,960,983040,formal
synthetic_maxsinl1,current_NOG-opt,728,0.04,True,224,229376,0.03919948637,960,983040,formal
synthetic_maxsinl1,current_NOG-opt,728,0.03,True,232,237568,0.02832898684,960,983040,formal
synthetic_maxsinl1,current_NOG-opt,728,0.025,True,236,241664,0.02330563217,960,983040,formal
synthetic_maxsinl1,current_NOG-opt,728,0.02,True,240,245760,0.0188906081,960,983040,formal
synthetic_maxsinl1,current_NOG-opt,728,0.018,True,244,249856,0.01577227563,960,983040,formal
synthetic_maxsinl1,current_NOG-opt,728,0.016,True,244,249856,0.01577227563,960,983040,formal
synthetic_maxsinl1,current_NOG-opt,728,0.015,True,248,253952,0.01416234393,960,983040,formal
synthetic_maxsinl1,current_NOG-opt,728,0.014,False,,,0.0263433028,960,983040,formal
synthetic_maxsinl1,current_NOG-opt,728,0.013,False,,,0.0263433028,960,983040,formal
synthetic_maxsinl1,current_NOG-opt,728,0.012,False,,,0.0263433028,960,983040,formal
synthetic_maxsinl1,current_NOG-opt,728,0.0115,False,,,0.0263433028,960,983040,formal
synthetic_maxsinl1,current_NOG-opt,728,0.011,False,,,0.0263433028,960,983040,formal
synthetic_maxsinl1,current_NOG-opt,728,0.01075,False,,,0.0263433028,960,983040,formal
synthetic_maxsinl1,current_NOG-opt,728,0.0105,False,,,0.0263433028,960,983040,formal
synthetic_maxsinl1,current_NOG-opt,728,0.01025,False,,,0.0263433028,960,983040,formal
synthetic_maxsinl1,current_NOG-opt,728,0.01,False,,,0.0263433028,960,983040,formal
synthetic_maxsinl1,current_NOG-opt,728,0.0095,False,,,0.0263433028,960,983040,formal
synthetic_maxsinl1,current_NOG-opt,728,0.009,False,,,0.0263433028,960,983040,formal
synthetic_maxsinl1,current_NOG-opt,728,0.008,False,,,0.0263433028,960,983040,formal
synthetic_maxsinl1,current_NOG-opt,728,0.007,False,,,0.0263433028,960,983040,formal
synthetic_maxsinl1,current_NOG-opt,728,0.006,False,,,0.0263433028,960,983040,formal
synthetic_maxsinl1,current_NOG-opt,728,0.005,False,,,0.0263433028,960,983040,formal
synthetic_maxsinl1,current_NOG-opt,728,0.004,False,,,0.0263433028,960,983040,formal
synthetic_maxsinl1,current_NOG-opt,728,0.003,False,,,0.0263433028,960,983040,formal
synthetic_maxsinl1,current_NOG-opt,728,0.002,False,,,0.0263433028,960,983040,formal
synthetic_maxsinl1,current_NOG-opt,729,0.2,True,104,106496,0.198062554,960,983040,formal
synthetic_maxsinl1,current_NOG-opt,729,0.18,True,124,126976,0.1756506562,960,983040,formal
synthetic_maxsinl1,current_NOG-opt,729,0.16,True,136,139264,0.1595337093,960,983040,formal
synthetic_maxsinl1,current_NOG-opt,729,0.14,True,152,155648,0.1385184079,960,983040,formal
synthetic_maxsinl1,current_NOG-opt,729,0.12,True,168,172032,0.1150665805,960,983040,formal
synthetic_maxsinl1,current_NOG-opt,729,0.1,True,180,184320,0.0964024663,960,983040,formal
synthetic_maxsinl1,current_NOG-opt,729,0.09,True,188,192512,0.08413201571,960,983040,formal
synthetic_maxsinl1,current_NOG-opt,729,0.08,True,192,196608,0.0785728097,960,983040,formal
synthetic_maxsinl1,current_NOG-opt,729,0.07,True,200,204800,0.06625943631,960,983040,formal
synthetic_maxsinl1,current_NOG-opt,729,0.06,True,208,212992,0.05491072685,960,983040,formal
synthetic_maxsinl1,current_NOG-opt,729,0.05,True,212,217088,0.04902999476,960,983040,formal
synthetic_maxsinl1,current_NOG-opt,729,0.04,True,220,225280,0.03773896396,960,983040,formal
synthetic_maxsinl1,current_NOG-opt,729,0.03,True,228,233472,0.02658505365,960,983040,formal
synthetic_maxsinl1,current_NOG-opt,729,0.025,True,232,237568,0.0214920938,960,983040,formal
synthetic_maxsinl1,current_NOG-opt,729,0.02,True,236,241664,0.01742170006,960,983040,formal
synthetic_maxsinl1,current_NOG-opt,729,0.018,True,236,241664,0.01742170006,960,983040,formal
synthetic_maxsinl1,current_NOG-opt,729,0.016,True,240,245760,0.01418859139,960,983040,formal
synthetic_maxsinl1,current_NOG-opt,729,0.015,True,240,245760,0.01418859139,960,983040,formal
synthetic_maxsinl1,current_NOG-opt,729,0.014,False,,,0.03102348372,960,983040,formal
synthetic_maxsinl1,current_NOG-opt,729,0.013,False,,,0.03102348372,960,983040,formal
synthetic_maxsinl1,current_NOG-opt,729,0.012,False,,,0.03102348372,960,983040,formal
synthetic_maxsinl1,current_NOG-opt,729,0.0115,False,,,0.03102348372,960,983040,formal
synthetic_maxsinl1,current_NOG-opt,729,0.011,False,,,0.03102348372,960,983040,formal
synthetic_maxsinl1,current_NOG-opt,729,0.01075,False,,,0.03102348372,960,983040,formal
synthetic_maxsinl1,current_NOG-opt,729,0.0105,False,,,0.03102348372,960,983040,formal
synthetic_maxsinl1,current_NOG-opt,729,0.01025,False,,,0.03102348372,960,983040,formal
synthetic_maxsinl1,current_NOG-opt,729,0.01,False,,,0.03102348372,960,983040,formal
synthetic_maxsinl1,current_NOG-opt,729,0.0095,False,,,0.03102348372,960,983040,formal
synthetic_maxsinl1,current_NOG-opt,729,0.009,False,,,0.03102348372,960,983040,formal
synthetic_maxsinl1,current_NOG-opt,729,0.008,False,,,0.03102348372,960,983040,formal
synthetic_maxsinl1,current_NOG-opt,729,0.007,False,,,0.03102348372,960,983040,formal
synthetic_maxsinl1,current_NOG-opt,729,0.006,False,,,0.03102348372,960,983040,formal
synthetic_maxsinl1,current_NOG-opt,729,0.005,False,,,0.03102348372,960,983040,formal
synthetic_maxsinl1,current_NOG-opt,729,0.004,False,,,0.03102348372,960,983040,formal
synthetic_maxsinl1,current_NOG-opt,729,0.003,False,,,0.03102348372,960,983040,formal
synthetic_maxsinl1,current_NOG-opt,729,0.002,False,,,0.03102348372,960,983040,formal
synthetic_maxsinl1,current_NOG-opt,730,0.2,True,104,106496,0.1982831359,960,983040,formal
synthetic_maxsinl1,current_NOG-opt,730,0.18,True,124,126976,0.1759472042,960,983040,formal
synthetic_maxsinl1,current_NOG-opt,730,0.16,True,140,143360,0.1552706808,960,983040,formal
synthetic_maxsinl1,current_NOG-opt,730,0.14,True,152,155648,0.1386326998,960,983040,formal
synthetic_maxsinl1,current_NOG-opt,730,0.12,True,168,172032,0.1161953658,960,983040,formal
synthetic_maxsinl1,current_NOG-opt,730,0.1,True,180,184320,0.09779121727,960,983040,formal
synthetic_maxsinl1,current_NOG-opt,730,0.09,True,188,192512,0.08618617803,960,983040,formal
synthetic_maxsinl1,current_NOG-opt,730,0.08,True,196,200704,0.07356478274,960,983040,formal
synthetic_maxsinl1,current_NOG-opt,730,0.07,True,200,204800,0.06831990182,960,983040,formal
synthetic_maxsinl1,current_NOG-opt,730,0.06,True,208,212992,0.05665530264,960,983040,formal
synthetic_maxsinl1,current_NOG-opt,730,0.05,True,216,221184,0.04413806647,960,983040,formal
synthetic_maxsinl1,current_NOG-opt,730,0.04,True,220,225280,0.03857757896,960,983040,formal
synthetic_maxsinl1,current_NOG-opt,730,0.03,True,228,233472,0.02767535672,960,983040,formal
synthetic_maxsinl1,current_NOG-opt,730,0.025,True,232,237568,0.02315606922,960,983040,formal
synthetic_maxsinl1,current_NOG-opt,730,0.02,True,236,241664,0.019014569,960,983040,formal
synthetic_maxsinl1,current_NOG-opt,730,0.018,True,240,245760,0.0154065378,960,983040,formal
synthetic_maxsinl1,current_NOG-opt,730,0.016,True,240,245760,0.0154065378,960,983040,formal
synthetic_maxsinl1,current_NOG-opt,730,0.015,True,244,249856,0.01349563058,960,983040,formal
synthetic_maxsinl1,current_NOG-opt,730,0.014,True,244,249856,0.01349563058,960,983040,formal
synthetic_maxsinl1,current_NOG-opt,730,0.013,False,,,0.02812505513,960,983040,formal
synthetic_maxsinl1,current_NOG-opt,730,0.012,False,,,0.02812505513,960,983040,formal
synthetic_maxsinl1,current_NOG-opt,730,0.0115,False,,,0.02812505513,960,983040,formal
synthetic_maxsinl1,current_NOG-opt,730,0.011,False,,,0.02812505513,960,983040,formal
synthetic_maxsinl1,current_NOG-opt,730,0.01075,False,,,0.02812505513,960,983040,formal
synthetic_maxsinl1,current_NOG-opt,730,0.0105,False,,,0.02812505513,960,983040,formal
synthetic_maxsinl1,current_NOG-opt,730,0.01025,False,,,0.02812505513,960,983040,formal
synthetic_maxsinl1,current_NOG-opt,730,0.01,False,,,0.02812505513,960,983040,formal
synthetic_maxsinl1,current_NOG-opt,730,0.0095,False,,,0.02812505513,960,983040,formal
synthetic_maxsinl1,current_NOG-opt,730,0.009,False,,,0.02812505513,960,983040,formal
synthetic_maxsinl1,current_NOG-opt,730,0.008,False,,,0.02812505513,960,983040,formal
synthetic_maxsinl1,current_NOG-opt,730,0.007,False,,,0.02812505513,960,983040,formal
synthetic_maxsinl1,current_NOG-opt,730,0.006,False,,,0.02812505513,960,983040,formal
synthetic_maxsinl1,current_NOG-opt,730,0.005,False,,,0.02812505513,960,983040,formal
synthetic_maxsinl1,current_NOG-opt,730,0.004,False,,,0.02812505513,960,983040,formal
synthetic_maxsinl1,current_NOG-opt,730,0.003,False,,,0.02812505513,960,983040,formal
synthetic_maxsinl1,current_NOG-opt,730,0.002,False,,,0.02812505513,960,983040,formal
synthetic_maxsinl1,current_NOG-opt,731,0.2,True,104,106496,0.1971638054,960,983040,formal
synthetic_maxsinl1,current_NOG-opt,731,0.18,True,124,126976,0.1747739017,960,983040,formal
synthetic_maxsinl1,current_NOG-opt,731,0.16,True,140,143360,0.1546692699,960,983040,formal
synthetic_maxsinl1,current_NOG-opt,731,0.14,True,152,155648,0.1387756169,960,983040,formal
synthetic_maxsinl1,current_NOG-opt,731,0.12,True,168,172032,0.116388537,960,983040,formal
synthetic_maxsinl1,current_NOG-opt,731,0.1,True,180,184320,0.09870500863,960,983040,formal
synthetic_maxsinl1,current_NOG-opt,731,0.09,True,188,192512,0.08716721088,960,983040,formal
synthetic_maxsinl1,current_NOG-opt,731,0.08,True,196,200704,0.07487020642,960,983040,formal
synthetic_maxsinl1,current_NOG-opt,731,0.07,True,200,204800,0.0692307651,960,983040,formal
synthetic_maxsinl1,current_NOG-opt,731,0.06,True,208,212992,0.05776022002,960,983040,formal
synthetic_maxsinl1,current_NOG-opt,731,0.05,True,216,221184,0.04700411484,960,983040,formal
synthetic_maxsinl1,current_NOG-opt,731,0.04,True,224,229376,0.03547332808,960,983040,formal
synthetic_maxsinl1,current_NOG-opt,731,0.03,True,232,237568,0.02625654638,960,983040,formal
synthetic_maxsinl1,current_NOG-opt,731,0.025,True,236,241664,0.0216151569,960,983040,formal
synthetic_maxsinl1,current_NOG-opt,731,0.02,True,240,245760,0.01821460389,960,983040,formal
synthetic_maxsinl1,current_NOG-opt,731,0.018,True,244,249856,0.01597297564,960,983040,formal
synthetic_maxsinl1,current_NOG-opt,731,0.016,True,244,249856,0.01597297564,960,983040,formal
synthetic_maxsinl1,current_NOG-opt,731,0.015,False,,,0.02863313258,960,983040,formal
synthetic_maxsinl1,current_NOG-opt,731,0.014,False,,,0.02863313258,960,983040,formal
synthetic_maxsinl1,current_NOG-opt,731,0.013,False,,,0.02863313258,960,983040,formal
synthetic_maxsinl1,current_NOG-opt,731,0.012,False,,,0.02863313258,960,983040,formal
synthetic_maxsinl1,current_NOG-opt,731,0.0115,False,,,0.02863313258,960,983040,formal
synthetic_maxsinl1,current_NOG-opt,731,0.011,False,,,0.02863313258,960,983040,formal
synthetic_maxsinl1,current_NOG-opt,731,0.01075,False,,,0.02863313258,960,983040,formal
synthetic_maxsinl1,current_NOG-opt,731,0.0105,False,,,0.02863313258,960,983040,formal
synthetic_maxsinl1,current_NOG-opt,731,0.01025,False,,,0.02863313258,960,983040,formal
synthetic_maxsinl1,current_NOG-opt,731,0.01,False,,,0.02863313258,960,983040,formal
synthetic_maxsinl1,current_NOG-opt,731,0.0095,False,,,0.02863313258,960,983040,formal
synthetic_maxsinl1,current_NOG-opt,731,0.009,False,,,0.02863313258,960,983040,formal
synthetic_maxsinl1,current_NOG-opt,731,0.008,False,,,0.02863313258,960,983040,formal
synthetic_maxsinl1,current_NOG-opt,731,0.007,False,,,0.02863313258,960,983040,formal
synthetic_maxsinl1,current_NOG-opt,731,0.006,False,,,0.02863313258,960,983040,formal
synthetic_maxsinl1,current_NOG-opt,731,0.005,False,,,0.02863313258,960,983040,formal
synthetic_maxsinl1,current_NOG-opt,731,0.004,False,,,0.02863313258,960,983040,formal
synthetic_maxsinl1,current_NOG-opt,731,0.003,False,,,0.02863313258,960,983040,formal
synthetic_maxsinl1,current_NOG-opt,731,0.002,False,,,0.02863313258,960,983040,formal
synthetic_maxsinl1,current_NOG-opt,732,0.2,True,104,106496,0.1963643134,960,983040,formal
synthetic_maxsinl1,current_NOG-opt,732,0.18,True,120,122880,0.1786136329,960,983040,formal
synthetic_maxsinl1,current_NOG-opt,732,0.16,True,136,139264,0.1582681835,960,983040,formal
synthetic_maxsinl1,current_NOG-opt,732,0.14,True,152,155648,0.1364692599,960,983040,formal
synthetic_maxsinl1,current_NOG-opt,732,0.12,True,168,172032,0.1137947291,960,983040,formal
synthetic_maxsinl1,current_NOG-opt,732,0.1,True,180,184320,0.09583871067,960,983040,formal
synthetic_maxsinl1,current_NOG-opt,732,0.09,True,188,192512,0.08429593593,960,983040,formal
synthetic_maxsinl1,current_NOG-opt,732,0.08,True,192,196608,0.07801791281,960,983040,formal
synthetic_maxsinl1,current_NOG-opt,732,0.07,True,200,204800,0.06602476537,960,983040,formal
synthetic_maxsinl1,current_NOG-opt,732,0.06,True,208,212992,0.05378690735,960,983040,formal
synthetic_maxsinl1,current_NOG-opt,732,0.05,True,212,217088,0.04863843694,960,983040,formal
synthetic_maxsinl1,current_NOG-opt,732,0.04,True,220,225280,0.0371674411,960,983040,formal
synthetic_maxsinl1,current_NOG-opt,732,0.03,True,228,233472,0.02634726092,960,983040,formal
synthetic_maxsinl1,current_NOG-opt,732,0.025,True,232,237568,0.0216529239,960,983040,formal
synthetic_maxsinl1,current_NOG-opt,732,0.02,True,236,241664,0.01777684502,960,983040,formal
synthetic_maxsinl1,current_NOG-opt,732,0.018,True,236,241664,0.01777684502,960,983040,formal
synthetic_maxsinl1,current_NOG-opt,732,0.016,True,240,245760,0.01550020836,960,983040,formal
synthetic_maxsinl1,current_NOG-opt,732,0.015,False,,,0.02938929573,960,983040,formal
synthetic_maxsinl1,current_NOG-opt,732,0.014,False,,,0.02938929573,960,983040,formal
synthetic_maxsinl1,current_NOG-opt,732,0.013,False,,,0.02938929573,960,983040,formal
synthetic_maxsinl1,current_NOG-opt,732,0.012,False,,,0.02938929573,960,983040,formal
synthetic_maxsinl1,current_NOG-opt,732,0.0115,False,,,0.02938929573,960,983040,formal
synthetic_maxsinl1,current_NOG-opt,732,0.011,False,,,0.02938929573,960,983040,formal
synthetic_maxsinl1,current_NOG-opt,732,0.01075,False,,,0.02938929573,960,983040,formal
synthetic_maxsinl1,current_NOG-opt,732,0.0105,False,,,0.02938929573,960,983040,formal
synthetic_maxsinl1,current_NOG-opt,732,0.01025,False,,,0.02938929573,960,983040,formal
synthetic_maxsinl1,current_NOG-opt,732,0.01,False,,,0.02938929573,960,983040,formal
synthetic_maxsinl1,current_NOG-opt,732,0.0095,False,,,0.02938929573,960,983040,formal
synthetic_maxsinl1,current_NOG-opt,732,0.009,False,,,0.02938929573,960,983040,formal
synthetic_maxsinl1,current_NOG-opt,732,0.008,False,,,0.02938929573,960,983040,formal
synthetic_maxsinl1,current_NOG-opt,732,0.007,False,,,0.02938929573,960,983040,formal
synthetic_maxsinl1,current_NOG-opt,732,0.006,False,,,0.02938929573,960,983040,formal
synthetic_maxsinl1,current_NOG-opt,732,0.005,False,,,0.02938929573,960,983040,formal
synthetic_maxsinl1,current_NOG-opt,732,0.004,False,,,0.02938929573,960,983040,formal
synthetic_maxsinl1,current_NOG-opt,732,0.003,False,,,0.02938929573,960,983040,formal
synthetic_maxsinl1,current_NOG-opt,732,0.002,False,,,0.02938929573,960,983040,formal
synthetic_maxsinl1,current_NOG-opt,733,0.2,True,104,106496,0.1974606812,960,983040,formal
synthetic_maxsinl1,current_NOG-opt,733,0.18,True,120,122880,0.1794082671,960,983040,formal
synthetic_maxsinl1,current_NOG-opt,733,0.16,True,140,143360,0.15524441,960,983040,formal
synthetic_maxsinl1,current_NOG-opt,733,0.14,True,152,155648,0.1388803571,960,983040,formal
synthetic_maxsinl1,current_NOG-opt,733,0.12,True,168,172032,0.1161386371,960,983040,formal
synthetic_maxsinl1,current_NOG-opt,733,0.1,True,180,184320,0.0989356339,960,983040,formal
synthetic_maxsinl1,current_NOG-opt,733,0.09,True,188,192512,0.08659759164,960,983040,formal
synthetic_maxsinl1,current_NOG-opt,733,0.08,True,196,200704,0.07520973682,960,983040,formal
synthetic_maxsinl1,current_NOG-opt,733,0.07,True,200,204800,0.06852120161,960,983040,formal
synthetic_maxsinl1,current_NOG-opt,733,0.06,True,208,212992,0.05703407153,960,983040,formal
synthetic_maxsinl1,current_NOG-opt,733,0.05,True,216,221184,0.04568338022,960,983040,formal
synthetic_maxsinl1,current_NOG-opt,733,0.04,True,220,225280,0.03957371786,960,983040,formal
synthetic_maxsinl1,current_NOG-opt,733,0.03,True,228,233472,0.029582344,960,983040,formal
synthetic_maxsinl1,current_NOG-opt,733,0.025,True,232,237568,0.02390582673,960,983040,formal
synthetic_maxsinl1,current_NOG-opt,733,0.02,True,236,241664,0.01981359906,960,983040,formal
synthetic_maxsinl1,current_NOG-opt,733,0.018,True,240,245760,0.01617789268,960,983040,formal
synthetic_maxsinl1,current_NOG-opt,733,0.016,True,244,249856,0.01425022352,960,983040,formal
synthetic_maxsinl1,current_NOG-opt,733,0.015,True,244,249856,0.01425022352,960,983040,formal
synthetic_maxsinl1,current_NOG-opt,733,0.014,False,,,0.0300945323,960,983040,formal
synthetic_maxsinl1,current_NOG-opt,733,0.013,False,,,0.0300945323,960,983040,formal
synthetic_maxsinl1,current_NOG-opt,733,0.012,False,,,0.0300945323,960,983040,formal
synthetic_maxsinl1,current_NOG-opt,733,0.0115,False,,,0.0300945323,960,983040,formal
synthetic_maxsinl1,current_NOG-opt,733,0.011,False,,,0.0300945323,960,983040,formal
synthetic_maxsinl1,current_NOG-opt,733,0.01075,False,,,0.0300945323,960,983040,formal
synthetic_maxsinl1,current_NOG-opt,733,0.0105,False,,,0.0300945323,960,983040,formal
synthetic_maxsinl1,current_NOG-opt,733,0.01025,False,,,0.0300945323,960,983040,formal
synthetic_maxsinl1,current_NOG-opt,733,0.01,False,,,0.0300945323,960,983040,formal
synthetic_maxsinl1,current_NOG-opt,733,0.0095,False,,,0.0300945323,960,983040,formal
synthetic_maxsinl1,current_NOG-opt,733,0.009,False,,,0.0300945323,960,983040,formal
synthetic_maxsinl1,current_NOG-opt,733,0.008,False,,,0.0300945323,960,983040,formal
synthetic_maxsinl1,current_NOG-opt,733,0.007,False,,,0.0300945323,960,983040,formal
synthetic_maxsinl1,current_NOG-opt,733,0.006,False,,,0.0300945323,960,983040,formal
synthetic_maxsinl1,current_NOG-opt,733,0.005,False,,,0.0300945323,960,983040,formal
synthetic_maxsinl1,current_NOG-opt,733,0.004,False,,,0.0300945323,960,983040,formal
synthetic_maxsinl1,current_NOG-opt,733,0.003,False,,,0.0300945323,960,983040,formal
synthetic_maxsinl1,current_NOG-opt,733,0.002,False,,,0.0300945323,960,983040,formal
synthetic_maxsinl1,current_NOG-opt,734,0.2,True,104,106496,0.1967920512,960,983040,formal
synthetic_maxsinl1,current_NOG-opt,734,0.18,True,120,122880,0.179207325,960,983040,formal
synthetic_maxsinl1,current_NOG-opt,734,0.16,True,136,139264,0.1589929461,960,983040,formal
synthetic_maxsinl1,current_NOG-opt,734,0.14,True,152,155648,0.1373602748,960,983040,formal
synthetic_maxsinl1,current_NOG-opt,734,0.12,True,168,172032,0.1146850884,960,983040,formal
synthetic_maxsinl1,current_NOG-opt,734,0.1,True,180,184320,0.09716259688,960,983040,formal
synthetic_maxsinl1,current_NOG-opt,734,0.09,True,188,192512,0.08542080224,960,983040,formal
synthetic_maxsinl1,current_NOG-opt,734,0.08,True,192,196608,0.07922372967,960,983040,formal
synthetic_maxsinl1,current_NOG-opt,734,0.07,True,200,204800,0.06751696765,960,983040,formal
synthetic_maxsinl1,current_NOG-opt,734,0.06,True,208,212992,0.0548633188,960,983040,formal
synthetic_maxsinl1,current_NOG-opt,734,0.05,True,212,217088,0.04950910807,960,983040,formal
synthetic_maxsinl1,current_NOG-opt,734,0.04,True,220,225280,0.03823313862,960,983040,formal
synthetic_maxsinl1,current_NOG-opt,734,0.03,True,228,233472,0.02764549665,960,983040,formal
synthetic_maxsinl1,current_NOG-opt,734,0.025,True,232,237568,0.02352294326,960,983040,formal
synthetic_maxsinl1,current_NOG-opt,734,0.02,True,236,241664,0.01940167882,960,983040,formal
synthetic_maxsinl1,current_NOG-opt,734,0.018,True,240,245760,0.01604814269,960,983040,formal
synthetic_maxsinl1,current_NOG-opt,734,0.016,True,244,249856,0.01491146721,960,983040,formal
synthetic_maxsinl1,current_NOG-opt,734,0.015,False,,,0.02691027708,960,983040,formal
synthetic_maxsinl1,current_NOG-opt,734,0.014,False,,,0.02691027708,960,983040,formal
synthetic_maxsinl1,current_NOG-opt,734,0.013,False,,,0.02691027708,960,983040,formal
synthetic_maxsinl1,current_NOG-opt,734,0.012,False,,,0.02691027708,960,983040,formal
synthetic_maxsinl1,current_NOG-opt,734,0.0115,False,,,0.02691027708,960,983040,formal
synthetic_maxsinl1,current_NOG-opt,734,0.011,False,,,0.02691027708,960,983040,formal
synthetic_maxsinl1,current_NOG-opt,734,0.01075,False,,,0.02691027708,960,983040,formal
synthetic_maxsinl1,current_NOG-opt,734,0.0105,False,,,0.02691027708,960,983040,formal
synthetic_maxsinl1,current_NOG-opt,734,0.01025,False,,,0.02691027708,960,983040,formal
synthetic_maxsinl1,current_NOG-opt,734,0.01,False,,,0.02691027708,960,983040,formal
synthetic_maxsinl1,current_NOG-opt,734,0.0095,False,,,0.02691027708,960,983040,formal
synthetic_maxsinl1,current_NOG-opt,734,0.009,False,,,0.02691027708,960,983040,formal
synthetic_maxsinl1,current_NOG-opt,734,0.008,False,,,0.02691027708,960,983040,formal
synthetic_maxsinl1,current_NOG-opt,734,0.007,False,,,0.02691027708,960,983040,formal
synthetic_maxsinl1,current_NOG-opt,734,0.006,False,,,0.02691027708,960,983040,formal
synthetic_maxsinl1,current_NOG-opt,734,0.005,False,,,0.02691027708,960,983040,formal
synthetic_maxsinl1,current_NOG-opt,734,0.004,False,,,0.02691027708,960,983040,formal
synthetic_maxsinl1,current_NOG-opt,734,0.003,False,,,0.02691027708,960,983040,formal
synthetic_maxsinl1,current_NOG-opt,734,0.002,False,,,0.02691027708,960,983040,formal
synthetic_maxsinl1,current_NOG-opt,735,0.2,True,104,106496,0.1979002208,960,983040,formal
synthetic_maxsinl1,current_NOG-opt,735,0.18,True,120,122880,0.1789812744,960,983040,formal
synthetic_maxsinl1,current_NOG-opt,735,0.16,True,136,139264,0.1591205299,960,983040,formal
synthetic_maxsinl1,current_NOG-opt,735,0.14,True,152,155648,0.137501061,960,983040,formal
synthetic_maxsinl1,current_NOG-opt,735,0.12,True,168,172032,0.1151802987,960,983040,formal
synthetic_maxsinl1,current_NOG-opt,735,0.1,True,180,184320,0.09727589786,960,983040,formal
synthetic_maxsinl1,current_NOG-opt,735,0.09,True,188,192512,0.08525716513,960,983040,formal
synthetic_maxsinl1,current_NOG-opt,735,0.08,True,192,196608,0.07969790697,960,983040,formal
synthetic_maxsinl1,current_NOG-opt,735,0.07,True,200,204800,0.06733313948,960,983040,formal
synthetic_maxsinl1,current_NOG-opt,735,0.06,True,208,212992,0.05543270707,960,983040,formal
synthetic_maxsinl1,current_NOG-opt,735,0.05,True,212,217088,0.04924630746,960,983040,formal
synthetic_maxsinl1,current_NOG-opt,735,0.04,True,220,225280,0.03774643689,960,983040,formal
synthetic_maxsinl1,current_NOG-opt,735,0.03,True,228,233472,0.0260773804,960,983040,formal
synthetic_maxsinl1,current_NOG-opt,735,0.025,True,232,237568,0.02134948596,960,983040,formal
synthetic_maxsinl1,current_NOG-opt,735,0.02,True,236,241664,0.01779598929,960,983040,formal
synthetic_maxsinl1,current_NOG-opt,735,0.018,True,236,241664,0.01779598929,960,983040,formal
synthetic_maxsinl1,current_NOG-opt,735,0.016,True,240,245760,0.0142540643,960,983040,formal
synthetic_maxsinl1,current_NOG-opt,735,0.015,True,240,245760,0.0142540643,960,983040,formal
synthetic_maxsinl1,current_NOG-opt,735,0.014,True,244,249856,0.01293865032,960,983040,formal
synthetic_maxsinl1,current_NOG-opt,735,0.013,False,,,0.02761271223,960,983040,formal
synthetic_maxsinl1,current_NOG-opt,735,0.012,False,,,0.02761271223,960,983040,formal
synthetic_maxsinl1,current_NOG-opt,735,0.0115,False,,,0.02761271223,960,983040,formal
synthetic_maxsinl1,current_NOG-opt,735,0.011,False,,,0.02761271223,960,983040,formal
synthetic_maxsinl1,current_NOG-opt,735,0.01075,False,,,0.02761271223,960,983040,formal
synthetic_maxsinl1,current_NOG-opt,735,0.0105,False,,,0.02761271223,960,983040,formal
synthetic_maxsinl1,current_NOG-opt,735,0.01025,False,,,0.02761271223,960,983040,formal
synthetic_maxsinl1,current_NOG-opt,735,0.01,False,,,0.02761271223,960,983040,formal
synthetic_maxsinl1,current_NOG-opt,735,0.0095,False,,,0.02761271223,960,983040,formal
synthetic_maxsinl1,current_NOG-opt,735,0.009,False,,,0.02761271223,960,983040,formal
synthetic_maxsinl1,current_NOG-opt,735,0.008,False,,,0.02761271223,960,983040,formal
synthetic_maxsinl1,current_NOG-opt,735,0.007,False,,,0.02761271223,960,983040,formal
synthetic_maxsinl1,current_NOG-opt,735,0.006,False,,,0.02761271223,960,983040,formal
synthetic_maxsinl1,current_NOG-opt,735,0.005,False,,,0.02761271223,960,983040,formal
synthetic_maxsinl1,current_NOG-opt,735,0.004,False,,,0.02761271223,960,983040,formal
synthetic_maxsinl1,current_NOG-opt,735,0.003,False,,,0.02761271223,960,983040,formal
synthetic_maxsinl1,current_NOG-opt,735,0.002,False,,,0.02761271223,960,983040,formal
synthetic_maxsinl1,current_NOG-opt,736,0.2,True,104,106496,0.1966849118,960,983040,formal
synthetic_maxsinl1,current_NOG-opt,736,0.18,True,120,122880,0.1791370213,960,983040,formal
synthetic_maxsinl1,current_NOG-opt,736,0.16,True,140,143360,0.1544561833,960,983040,formal
synthetic_maxsinl1,current_NOG-opt,736,0.14,True,152,155648,0.1394822299,960,983040,formal
synthetic_maxsinl1,current_NOG-opt,736,0.12,True,168,172032,0.1172901466,960,983040,formal
synthetic_maxsinl1,current_NOG-opt,736,0.1,True,180,184320,0.09941203892,960,983040,formal
synthetic_maxsinl1,current_NOG-opt,736,0.09,True,188,192512,0.08803714067,960,983040,formal
synthetic_maxsinl1,current_NOG-opt,736,0.08,True,196,200704,0.07683371007,960,983040,formal
synthetic_maxsinl1,current_NOG-opt,736,0.07,True,204,208896,0.06433964521,960,983040,formal
synthetic_maxsinl1,current_NOG-opt,736,0.06,True,208,212992,0.05869720876,960,983040,formal
synthetic_maxsinl1,current_NOG-opt,736,0.05,True,216,221184,0.04682294279,960,983040,formal
synthetic_maxsinl1,current_NOG-opt,736,0.04,True,224,229376,0.03596165776,960,983040,formal
synthetic_maxsinl1,current_NOG-opt,736,0.03,True,232,237568,0.02550596185,960,983040,formal
synthetic_maxsinl1,current_NOG-opt,736,0.025,True,236,241664,0.02088698931,960,983040,formal
synthetic_maxsinl1,current_NOG-opt,736,0.02,True,240,245760,0.01653015614,960,983040,formal
synthetic_maxsinl1,current_NOG-opt,736,0.018,True,240,245760,0.01653015614,960,983040,formal
synthetic_maxsinl1,current_NOG-opt,736,0.016,True,244,249856,0.0138179902,960,983040,formal
synthetic_maxsinl1,current_NOG-opt,736,0.015,True,244,249856,0.0138179902,960,983040,formal
synthetic_maxsinl1,current_NOG-opt,736,0.014,True,244,249856,0.0138179902,960,983040,formal
synthetic_maxsinl1,current_NOG-opt,736,0.013,False,,,0.02594343945,960,983040,formal
synthetic_maxsinl1,current_NOG-opt,736,0.012,False,,,0.02594343945,960,983040,formal
synthetic_maxsinl1,current_NOG-opt,736,0.0115,False,,,0.02594343945,960,983040,formal
synthetic_maxsinl1,current_NOG-opt,736,0.011,False,,,0.02594343945,960,983040,formal
synthetic_maxsinl1,current_NOG-opt,736,0.01075,False,,,0.02594343945,960,983040,formal
synthetic_maxsinl1,current_NOG-opt,736,0.0105,False,,,0.02594343945,960,983040,formal
synthetic_maxsinl1,current_NOG-opt,736,0.01025,False,,,0.02594343945,960,983040,formal
synthetic_maxsinl1,current_NOG-opt,736,0.01,False,,,0.02594343945,960,983040,formal
synthetic_maxsinl1,current_NOG-opt,736,0.0095,False,,,0.02594343945,960,983040,formal
synthetic_maxsinl1,current_NOG-opt,736,0.009,False,,,0.02594343945,960,983040,formal
synthetic_maxsinl1,current_NOG-opt,736,0.008,False,,,0.02594343945,960,983040,formal
synthetic_maxsinl1,current_NOG-opt,736,0.007,False,,,0.02594343945,960,983040,formal
synthetic_maxsinl1,current_NOG-opt,736,0.006,False,,,0.02594343945,960,983040,formal
synthetic_maxsinl1,current_NOG-opt,736,0.005,False,,,0.02594343945,960,983040,formal
synthetic_maxsinl1,current_NOG-opt,736,0.004,False,,,0.02594343945,960,983040,formal
synthetic_maxsinl1,current_NOG-opt,736,0.003,False,,,0.02594343945,960,983040,formal
synthetic_maxsinl1,current_NOG-opt,736,0.002,False,,,0.02594343945,960,983040,formal
synthetic_maxsinl1,current_NOG-opt,737,0.2,True,104,106496,0.1969641,960,983040,formal
synthetic_maxsinl1,current_NOG-opt,737,0.18,True,124,126976,0.1757668108,960,983040,formal
synthetic_maxsinl1,current_NOG-opt,737,0.16,True,140,143360,0.155887872,960,983040,formal
synthetic_maxsinl1,current_NOG-opt,737,0.14,True,156,159744,0.1347414255,960,983040,formal
synthetic_maxsinl1,current_NOG-opt,737,0.12,True,168,172032,0.1186583117,960,983040,formal
synthetic_maxsinl1,current_NOG-opt,737,0.1,True,184,188416,0.09513758868,960,983040,formal
synthetic_maxsinl1,current_NOG-opt,737,0.09,True,188,192512,0.08935407549,960,983040,formal
synthetic_maxsinl1,current_NOG-opt,737,0.08,True,196,200704,0.07782994956,960,983040,formal
synthetic_maxsinl1,current_NOG-opt,737,0.07,True,204,208896,0.06591713428,960,983040,formal
synthetic_maxsinl1,current_NOG-opt,737,0.06,True,212,217088,0.05442422256,960,983040,formal
synthetic_maxsinl1,current_NOG-opt,737,0.05,True,216,221184,0.04901916161,960,983040,formal
synthetic_maxsinl1,current_NOG-opt,737,0.04,True,224,229376,0.03813664988,960,983040,formal
synthetic_maxsinl1,current_NOG-opt,737,0.03,True,232,237568,0.02738155238,960,983040,formal
synthetic_maxsinl1,current_NOG-opt,737,0.025,True,236,241664,0.02305985428,960,983040,formal
synthetic_maxsinl1,current_NOG-opt,737,0.02,True,240,245760,0.01950171776,960,983040,formal
synthetic_maxsinl1,current_NOG-opt,737,0.018,True,244,249856,0.0165799167,960,983040,formal
synthetic_maxsinl1,current_NOG-opt,737,0.016,True,248,253952,0.01525243744,960,983040,formal
synthetic_maxsinl1,current_NOG-opt,737,0.015,False,,,0.02654791437,960,983040,formal
synthetic_maxsinl1,current_NOG-opt,737,0.014,False,,,0.02654791437,960,983040,formal
synthetic_maxsinl1,current_NOG-opt,737,0.013,False,,,0.02654791437,960,983040,formal
synthetic_maxsinl1,current_NOG-opt,737,0.012,False,,,0.02654791437,960,983040,formal
synthetic_maxsinl1,current_NOG-opt,737,0.0115,False,,,0.02654791437,960,983040,formal
synthetic_maxsinl1,current_NOG-opt,737,0.011,False,,,0.02654791437,960,983040,formal
synthetic_maxsinl1,current_NOG-opt,737,0.01075,False,,,0.02654791437,960,983040,formal
synthetic_maxsinl1,current_NOG-opt,737,0.0105,False,,,0.02654791437,960,983040,formal
synthetic_maxsinl1,current_NOG-opt,737,0.01025,False,,,0.02654791437,960,983040,formal
synthetic_maxsinl1,current_NOG-opt,737,0.01,False,,,0.02654791437,960,983040,formal
synthetic_maxsinl1,current_NOG-opt,737,0.0095,False,,,0.02654791437,960,983040,formal
synthetic_maxsinl1,current_NOG-opt,737,0.009,False,,,0.02654791437,960,983040,formal
synthetic_maxsinl1,current_NOG-opt,737,0.008,False,,,0.02654791437,960,983040,formal
synthetic_maxsinl1,current_NOG-opt,737,0.007,False,,,0.02654791437,960,983040,formal
synthetic_maxsinl1,current_NOG-opt,737,0.006,False,,,0.02654791437,960,983040,formal
synthetic_maxsinl1,current_NOG-opt,737,0.005,False,,,0.02654791437,960,983040,formal
synthetic_maxsinl1,current_NOG-opt,737,0.004,False,,,0.02654791437,960,983040,formal
synthetic_maxsinl1,current_NOG-opt,737,0.003,False,,,0.02654791437,960,983040,formal
synthetic_maxsinl1,current_NOG-opt,737,0.002,False,,,0.02654791437,960,983040,formal
synthetic_maxsinl1,current_NOG-opt,738,0.2,True,104,106496,0.1985214204,960,983040,formal
synthetic_maxsinl1,current_NOG-opt,738,0.18,True,124,126976,0.1759259403,960,983040,formal
synthetic_maxsinl1,current_NOG-opt,738,0.16,True,140,143360,0.1552931517,960,983040,formal
synthetic_maxsinl1,current_NOG-opt,738,0.14,True,152,155648,0.1386419237,960,983040,formal
synthetic_maxsinl1,current_NOG-opt,738,0.12,True,168,172032,0.1154161319,960,983040,formal
synthetic_maxsinl1,current_NOG-opt,738,0.1,True,180,184320,0.09733207524,960,983040,formal
synthetic_maxsinl1,current_NOG-opt,738,0.09,True,188,192512,0.08497896045,960,983040,formal
synthetic_maxsinl1,current_NOG-opt,738,0.08,True,192,196608,0.0783424899,960,983040,formal
synthetic_maxsinl1,current_NOG-opt,738,0.07,True,200,204800,0.06607544422,960,983040,formal
synthetic_maxsinl1,current_NOG-opt,738,0.06,True,204,208896,0.05988260731,960,983040,formal
synthetic_maxsinl1,current_NOG-opt,738,0.05,True,212,217088,0.04751354083,960,983040,formal
synthetic_maxsinl1,current_NOG-opt,738,0.04,True,220,225280,0.03573421389,960,983040,formal
synthetic_maxsinl1,current_NOG-opt,738,0.03,True,228,233472,0.02507058904,960,983040,formal
synthetic_maxsinl1,current_NOG-opt,738,0.025,True,232,237568,0.01996975392,960,983040,formal
synthetic_maxsinl1,current_NOG-opt,738,0.02,True,232,237568,0.01996975392,960,983040,formal
synthetic_maxsinl1,current_NOG-opt,738,0.018,True,236,241664,0.01597458124,960,983040,formal
synthetic_maxsinl1,current_NOG-opt,738,0.016,True,236,241664,0.01597458124,960,983040,formal
synthetic_maxsinl1,current_NOG-opt,738,0.015,True,240,245760,0.01351484098,960,983040,formal
synthetic_maxsinl1,current_NOG-opt,738,0.014,True,240,245760,0.01351484098,960,983040,formal
synthetic_maxsinl1,current_NOG-opt,738,0.013,False,,,0.02828221954,960,983040,formal
synthetic_maxsinl1,current_NOG-opt,738,0.012,False,,,0.02828221954,960,983040,formal
synthetic_maxsinl1,current_NOG-opt,738,0.0115,False,,,0.02828221954,960,983040,formal
synthetic_maxsinl1,current_NOG-opt,738,0.011,False,,,0.02828221954,960,983040,formal
synthetic_maxsinl1,current_NOG-opt,738,0.01075,False,,,0.02828221954,960,983040,formal
synthetic_maxsinl1,current_NOG-opt,738,0.0105,False,,,0.02828221954,960,983040,formal
synthetic_maxsinl1,current_NOG-opt,738,0.01025,False,,,0.02828221954,960,983040,formal
synthetic_maxsinl1,current_NOG-opt,738,0.01,False,,,0.02828221954,960,983040,formal
synthetic_maxsinl1,current_NOG-opt,738,0.0095,False,,,0.02828221954,960,983040,formal
synthetic_maxsinl1,current_NOG-opt,738,0.009,False,,,0.02828221954,960,983040,formal
synthetic_maxsinl1,current_NOG-opt,738,0.008,False,,,0.02828221954,960,983040,formal
synthetic_maxsinl1,current_NOG-opt,738,0.007,False,,,0.02828221954,960,983040,formal
synthetic_maxsinl1,current_NOG-opt,738,0.006,False,,,0.02828221954,960,983040,formal
synthetic_maxsinl1,current_NOG-opt,738,0.005,False,,,0.02828221954,960,983040,formal
synthetic_maxsinl1,current_NOG-opt,738,0.004,False,,,0.02828221954,960,983040,formal
synthetic_maxsinl1,current_NOG-opt,738,0.003,False,,,0.02828221954,960,983040,formal
synthetic_maxsinl1,current_NOG-opt,738,0.002,False,,,0.02828221954,960,983040,formal
synthetic_maxsinl1,current_NOG-opt,739,0.2,True,104,106496,0.1962502301,960,983040,formal
synthetic_maxsinl1,current_NOG-opt,739,0.18,True,120,122880,0.1786117852,960,983040,formal
synthetic_maxsinl1,current_NOG-opt,739,0.16,True,136,139264,0.1586207747,960,983040,formal
synthetic_maxsinl1,current_NOG-opt,739,0.14,True,152,155648,0.1373099238,960,983040,formal
synthetic_maxsinl1,current_NOG-opt,739,0.12,True,168,172032,0.1143964529,960,983040,formal
synthetic_maxsinl1,current_NOG-opt,739,0.1,True,180,184320,0.09645268321,960,983040,formal
synthetic_maxsinl1,current_NOG-opt,739,0.09,True,188,192512,0.08528979868,960,983040,formal
synthetic_maxsinl1,current_NOG-opt,739,0.08,True,192,196608,0.07967440039,960,983040,formal
synthetic_maxsinl1,current_NOG-opt,739,0.07,True,200,204800,0.06723995507,960,983040,formal
synthetic_maxsinl1,current_NOG-opt,739,0.06,True,208,212992,0.05626382306,960,983040,formal
synthetic_maxsinl1,current_NOG-opt,739,0.05,True,212,217088,0.04972586781,960,983040,formal
synthetic_maxsinl1,current_NOG-opt,739,0.04,True,220,225280,0.03853114322,960,983040,formal
synthetic_maxsinl1,current_NOG-opt,739,0.03,True,228,233472,0.02836805768,960,983040,formal
synthetic_maxsinl1,current_NOG-opt,739,0.025,True,232,237568,0.02329295315,960,983040,formal
synthetic_maxsinl1,current_NOG-opt,739,0.02,True,236,241664,0.01953669637,960,983040,formal
synthetic_maxsinl1,current_NOG-opt,739,0.018,True,240,245760,0.0159171056,960,983040,formal
synthetic_maxsinl1,current_NOG-opt,739,0.016,True,240,245760,0.0159171056,960,983040,formal
synthetic_maxsinl1,current_NOG-opt,739,0.015,True,244,249856,0.0140220644,960,983040,formal
synthetic_maxsinl1,current_NOG-opt,739,0.014,False,,,0.02765132301,960,983040,formal
synthetic_maxsinl1,current_NOG-opt,739,0.013,False,,,0.02765132301,960,983040,formal
synthetic_maxsinl1,current_NOG-opt,739,0.012,False,,,0.02765132301,960,983040,formal
synthetic_maxsinl1,current_NOG-opt,739,0.0115,False,,,0.02765132301,960,983040,formal
synthetic_maxsinl1,current_NOG-opt,739,0.011,False,,,0.02765132301,960,983040,formal
synthetic_maxsinl1,current_NOG-opt,739,0.01075,False,,,0.02765132301,960,983040,formal
synthetic_maxsinl1,current_NOG-opt,739,0.0105,False,,,0.02765132301,960,983040,formal
synthetic_maxsinl1,current_NOG-opt,739,0.01025,False,,,0.02765132301,960,983040,formal
synthetic_maxsinl1,current_NOG-opt,739,0.01,False,,,0.02765132301,960,983040,formal
synthetic_maxsinl1,current_NOG-opt,739,0.0095,False,,,0.02765132301,960,983040,formal
synthetic_maxsinl1,current_NOG-opt,739,0.009,False,,,0.02765132301,960,983040,formal
synthetic_maxsinl1,current_NOG-opt,739,0.008,False,,,0.02765132301,960,983040,formal
synthetic_maxsinl1,current_NOG-opt,739,0.007,False,,,0.02765132301,960,983040,formal
synthetic_maxsinl1,current_NOG-opt,739,0.006,False,,,0.02765132301,960,983040,formal
synthetic_maxsinl1,current_NOG-opt,739,0.005,False,,,0.02765132301,960,983040,formal
synthetic_maxsinl1,current_NOG-opt,739,0.004,False,,,0.02765132301,960,983040,formal
synthetic_maxsinl1,current_NOG-opt,739,0.003,False,,,0.02765132301,960,983040,formal
synthetic_maxsinl1,current_NOG-opt,739,0.002,False,,,0.02765132301,960,983040,formal
synthetic_maxsinl1,latest_NOG-ZO,0,0.2,True,104,106496,0.1976595372,960,983040,formal
synthetic_maxsinl1,latest_NOG-ZO,0,0.18,True,124,126976,0.1761541218,960,983040,formal
synthetic_maxsinl1,latest_NOG-ZO,0,0.16,True,140,143360,0.1565416753,960,983040,formal
synthetic_maxsinl1,latest_NOG-ZO,0,0.14,True,156,159744,0.135130465,960,983040,formal
synthetic_maxsinl1,latest_NOG-ZO,0,0.12,True,168,172032,0.1186547354,960,983040,formal
synthetic_maxsinl1,latest_NOG-ZO,0,0.1,True,184,188416,0.09590468556,960,983040,formal
synthetic_maxsinl1,latest_NOG-ZO,0,0.09,True,188,192512,0.08967969567,960,983040,formal
synthetic_maxsinl1,latest_NOG-ZO,0,0.08,True,196,200704,0.07761820406,960,983040,formal
synthetic_maxsinl1,latest_NOG-ZO,0,0.07,True,204,208896,0.06664457172,960,983040,formal
synthetic_maxsinl1,latest_NOG-ZO,0,0.06,True,212,217088,0.05509665981,960,983040,formal
synthetic_maxsinl1,latest_NOG-ZO,0,0.05,True,216,221184,0.04906473309,960,983040,formal
synthetic_maxsinl1,latest_NOG-ZO,0,0.04,True,224,229376,0.03705580533,960,983040,formal
synthetic_maxsinl1,latest_NOG-ZO,0,0.03,True,232,237568,0.02678382024,960,983040,formal
synthetic_maxsinl1,latest_NOG-ZO,0,0.025,True,236,241664,0.02232200652,960,983040,formal
synthetic_maxsinl1,latest_NOG-ZO,0,0.02,True,240,245760,0.01849485561,960,983040,formal
synthetic_maxsinl1,latest_NOG-ZO,0,0.018,True,244,249856,0.0152969854,960,983040,formal
synthetic_maxsinl1,latest_NOG-ZO,0,0.016,True,244,249856,0.0152969854,960,983040,formal
synthetic_maxsinl1,latest_NOG-ZO,0,0.015,True,248,253952,0.01401114371,960,983040,formal
synthetic_maxsinl1,latest_NOG-ZO,0,0.014,False,,,0.02979915962,960,983040,formal
synthetic_maxsinl1,latest_NOG-ZO,0,0.013,False,,,0.02979915962,960,983040,formal
synthetic_maxsinl1,latest_NOG-ZO,0,0.012,False,,,0.02979915962,960,983040,formal
synthetic_maxsinl1,latest_NOG-ZO,0,0.0115,False,,,0.02979915962,960,983040,formal
synthetic_maxsinl1,latest_NOG-ZO,0,0.011,False,,,0.02979915962,960,983040,formal
synthetic_maxsinl1,latest_NOG-ZO,0,0.01075,False,,,0.02979915962,960,983040,formal
synthetic_maxsinl1,latest_NOG-ZO,0,0.0105,False,,,0.02979915962,960,983040,formal
synthetic_maxsinl1,latest_NOG-ZO,0,0.01025,False,,,0.02979915962,960,983040,formal
synthetic_maxsinl1,latest_NOG-ZO,0,0.01,False,,,0.02979915962,960,983040,formal
synthetic_maxsinl1,latest_NOG-ZO,0,0.0095,False,,,0.02979915962,960,983040,formal
synthetic_maxsinl1,latest_NOG-ZO,0,0.009,False,,,0.02979915962,960,983040,formal
synthetic_maxsinl1,latest_NOG-ZO,0,0.008,False,,,0.02979915962,960,983040,formal
synthetic_maxsinl1,latest_NOG-ZO,0,0.007,False,,,0.02979915962,960,983040,formal
synthetic_maxsinl1,latest_NOG-ZO,0,0.006,False,,,0.02979915962,960,983040,formal
synthetic_maxsinl1,latest_NOG-ZO,0,0.005,False,,,0.02979915962,960,983040,formal
synthetic_maxsinl1,latest_NOG-ZO,0,0.004,False,,,0.02979915962,960,983040,formal
synthetic_maxsinl1,latest_NOG-ZO,0,0.003,False,,,0.02979915962,960,983040,formal
synthetic_maxsinl1,latest_NOG-ZO,0,0.002,False,,,0.02979915962,960,983040,formal
synthetic_maxsinl1,latest_NOG-ZO,1,0.2,True,104,106496,0.1978099048,960,983040,formal
synthetic_maxsinl1,latest_NOG-ZO,1,0.18,True,124,126976,0.1754318327,960,983040,formal
synthetic_maxsinl1,latest_NOG-ZO,1,0.16,True,140,143360,0.1560400128,960,983040,formal
synthetic_maxsinl1,latest_NOG-ZO,1,0.14,True,152,155648,0.139570564,960,983040,formal
synthetic_maxsinl1,latest_NOG-ZO,1,0.12,True,168,172032,0.1168949902,960,983040,formal
synthetic_maxsinl1,latest_NOG-ZO,1,0.1,True,180,184320,0.09976190329,960,983040,formal
synthetic_maxsinl1,latest_NOG-ZO,1,0.09,True,188,192512,0.08690866828,960,983040,formal
synthetic_maxsinl1,latest_NOG-ZO,1,0.08,True,196,200704,0.07525380701,960,983040,formal
synthetic_maxsinl1,latest_NOG-ZO,1,0.07,True,200,204800,0.06904613972,960,983040,formal
synthetic_maxsinl1,latest_NOG-ZO,1,0.06,True,208,212992,0.0572963655,960,983040,formal
synthetic_maxsinl1,latest_NOG-ZO,1,0.05,True,216,221184,0.04536830261,960,983040,formal
synthetic_maxsinl1,latest_NOG-ZO,1,0.04,True,224,229376,0.03526871279,960,983040,formal
synthetic_maxsinl1,latest_NOG-ZO,1,0.03,True,228,233472,0.02962361649,960,983040,formal
synthetic_maxsinl1,latest_NOG-ZO,1,0.025,True,232,237568,0.02476943471,960,983040,formal
synthetic_maxsinl1,latest_NOG-ZO,1,0.02,True,236,241664,0.01977326162,960,983040,formal
synthetic_maxsinl1,latest_NOG-ZO,1,0.018,True,240,245760,0.01637754403,960,983040,formal
synthetic_maxsinl1,latest_NOG-ZO,1,0.016,True,244,249856,0.01432855986,960,983040,formal
synthetic_maxsinl1,latest_NOG-ZO,1,0.015,True,244,249856,0.01432855986,960,983040,formal
synthetic_maxsinl1,latest_NOG-ZO,1,0.014,False,,,0.02582867816,960,983040,formal
synthetic_maxsinl1,latest_NOG-ZO,1,0.013,False,,,0.02582867816,960,983040,formal
synthetic_maxsinl1,latest_NOG-ZO,1,0.012,False,,,0.02582867816,960,983040,formal
synthetic_maxsinl1,latest_NOG-ZO,1,0.0115,False,,,0.02582867816,960,983040,formal
synthetic_maxsinl1,latest_NOG-ZO,1,0.011,False,,,0.02582867816,960,983040,formal
synthetic_maxsinl1,latest_NOG-ZO,1,0.01075,False,,,0.02582867816,960,983040,formal
synthetic_maxsinl1,latest_NOG-ZO,1,0.0105,False,,,0.02582867816,960,983040,formal
synthetic_maxsinl1,latest_NOG-ZO,1,0.01025,False,,,0.02582867816,960,983040,formal
synthetic_maxsinl1,latest_NOG-ZO,1,0.01,False,,,0.02582867816,960,983040,formal
synthetic_maxsinl1,latest_NOG-ZO,1,0.0095,False,,,0.02582867816,960,983040,formal
synthetic_maxsinl1,latest_NOG-ZO,1,0.009,False,,,0.02582867816,960,983040,formal
synthetic_maxsinl1,latest_NOG-ZO,1,0.008,False,,,0.02582867816,960,983040,formal
synthetic_maxsinl1,latest_NOG-ZO,1,0.007,False,,,0.02582867816,960,983040,formal
synthetic_maxsinl1,latest_NOG-ZO,1,0.006,False,,,0.02582867816,960,983040,formal
synthetic_maxsinl1,latest_NOG-ZO,1,0.005,False,,,0.02582867816,960,983040,formal
synthetic_maxsinl1,latest_NOG-ZO,1,0.004,False,,,0.02582867816,960,983040,formal
synthetic_maxsinl1,latest_NOG-ZO,1,0.003,False,,,0.02582867816,960,983040,formal
synthetic_maxsinl1,latest_NOG-ZO,1,0.002,False,,,0.02582867816,960,983040,formal
synthetic_maxsinl1,latest_NOG-ZO,2,0.2,True,104,106496,0.1978310198,960,983040,formal
synthetic_maxsinl1,latest_NOG-ZO,2,0.18,True,124,126976,0.1751220226,960,983040,formal
synthetic_maxsinl1,latest_NOG-ZO,2,0.16,True,140,143360,0.154765591,960,983040,formal
synthetic_maxsinl1,latest_NOG-ZO,2,0.14,True,152,155648,0.1390496194,960,983040,formal
synthetic_maxsinl1,latest_NOG-ZO,2,0.12,True,168,172032,0.1157338843,960,983040,formal
synthetic_maxsinl1,latest_NOG-ZO,2,0.1,True,180,184320,0.09843367338,960,983040,formal
synthetic_maxsinl1,latest_NOG-ZO,2,0.09,True,188,192512,0.08615059406,960,983040,formal
synthetic_maxsinl1,latest_NOG-ZO,2,0.08,True,196,200704,0.07445251942,960,983040,formal
synthetic_maxsinl1,latest_NOG-ZO,2,0.07,True,200,204800,0.06767231971,960,983040,formal
synthetic_maxsinl1,latest_NOG-ZO,2,0.06,True,208,212992,0.05646394193,960,983040,formal
synthetic_maxsinl1,latest_NOG-ZO,2,0.05,True,216,221184,0.04435605928,960,983040,formal
synthetic_maxsinl1,latest_NOG-ZO,2,0.04,True,220,225280,0.03892987594,960,983040,formal
synthetic_maxsinl1,latest_NOG-ZO,2,0.03,True,228,233472,0.02847473323,960,983040,formal
synthetic_maxsinl1,latest_NOG-ZO,2,0.025,True,232,237568,0.0238450747,960,983040,formal
synthetic_maxsinl1,latest_NOG-ZO,2,0.02,True,236,241664,0.01980204694,960,983040,formal
synthetic_maxsinl1,latest_NOG-ZO,2,0.018,True,240,245760,0.01634002663,960,983040,formal
synthetic_maxsinl1,latest_NOG-ZO,2,0.016,True,244,249856,0.01485865097,960,983040,formal
synthetic_maxsinl1,latest_NOG-ZO,2,0.015,False,,,0.02736162581,960,983040,formal
synthetic_maxsinl1,latest_NOG-ZO,2,0.014,False,,,0.02736162581,960,983040,formal
synthetic_maxsinl1,latest_NOG-ZO,2,0.013,False,,,0.02736162581,960,983040,formal
synthetic_maxsinl1,latest_NOG-ZO,2,0.012,False,,,0.02736162581,960,983040,formal
synthetic_maxsinl1,latest_NOG-ZO,2,0.0115,False,,,0.02736162581,960,983040,formal
synthetic_maxsinl1,latest_NOG-ZO,2,0.011,False,,,0.02736162581,960,983040,formal
synthetic_maxsinl1,latest_NOG-ZO,2,0.01075,False,,,0.02736162581,960,983040,formal
synthetic_maxsinl1,latest_NOG-ZO,2,0.0105,False,,,0.02736162581,960,983040,formal
synthetic_maxsinl1,latest_NOG-ZO,2,0.01025,False,,,0.02736162581,960,983040,formal
synthetic_maxsinl1,latest_NOG-ZO,2,0.01,False,,,0.02736162581,960,983040,formal
synthetic_maxsinl1,latest_NOG-ZO,2,0.0095,False,,,0.02736162581,960,983040,formal
synthetic_maxsinl1,latest_NOG-ZO,2,0.009,False,,,0.02736162581,960,983040,formal
synthetic_maxsinl1,latest_NOG-ZO,2,0.008,False,,,0.02736162581,960,983040,formal
synthetic_maxsinl1,latest_NOG-ZO,2,0.007,False,,,0.02736162581,960,983040,formal
synthetic_maxsinl1,latest_NOG-ZO,2,0.006,False,,,0.02736162581,960,983040,formal
synthetic_maxsinl1,latest_NOG-ZO,2,0.005,False,,,0.02736162581,960,983040,formal
synthetic_maxsinl1,latest_NOG-ZO,2,0.004,False,,,0.02736162581,960,983040,formal
synthetic_maxsinl1,latest_NOG-ZO,2,0.003,False,,,0.02736162581,960,983040,formal
synthetic_maxsinl1,latest_NOG-ZO,2,0.002,False,,,0.02736162581,960,983040,formal
synthetic_maxsinl1,latest_NOG-ZO,3,0.2,True,100,102400,0.1998514831,960,983040,formal
synthetic_maxsinl1,latest_NOG-ZO,3,0.18,True,120,122880,0.178076297,960,983040,formal
synthetic_maxsinl1,latest_NOG-ZO,3,0.16,True,136,139264,0.1585799605,960,983040,formal
synthetic_maxsinl1,latest_NOG-ZO,3,0.14,True,152,155648,0.137069568,960,983040,formal
synthetic_maxsinl1,latest_NOG-ZO,3,0.12,True,168,172032,0.1148925647,960,983040,formal
synthetic_maxsinl1,latest_NOG-ZO,3,0.1,True,180,184320,0.09782621264,960,983040,formal
synthetic_maxsinl1,latest_NOG-ZO,3,0.09,True,188,192512,0.08555474132,960,983040,formal
synthetic_maxsinl1,latest_NOG-ZO,3,0.08,True,196,200704,0.07401715964,960,983040,formal
synthetic_maxsinl1,latest_NOG-ZO,3,0.07,True,200,204800,0.06887607276,960,983040,formal
synthetic_maxsinl1,latest_NOG-ZO,3,0.06,True,208,212992,0.05684284493,960,983040,formal
synthetic_maxsinl1,latest_NOG-ZO,3,0.05,True,216,221184,0.04537079483,960,983040,formal
synthetic_maxsinl1,latest_NOG-ZO,3,0.04,True,220,225280,0.03960710391,960,983040,formal
synthetic_maxsinl1,latest_NOG-ZO,3,0.03,True,228,233472,0.02893740311,960,983040,formal
synthetic_maxsinl1,latest_NOG-ZO,3,0.025,True,232,237568,0.02334375866,960,983040,formal
synthetic_maxsinl1,latest_NOG-ZO,3,0.02,True,236,241664,0.01883941144,960,983040,formal
synthetic_maxsinl1,latest_NOG-ZO,3,0.018,True,240,245760,0.01563208178,960,983040,formal
synthetic_maxsinl1,latest_NOG-ZO,3,0.016,True,240,245760,0.01563208178,960,983040,formal
synthetic_maxsinl1,latest_NOG-ZO,3,0.015,True,244,249856,0.01322421245,960,983040,formal
synthetic_maxsinl1,latest_NOG-ZO,3,0.014,True,244,249856,0.01322421245,960,983040,formal
synthetic_maxsinl1,latest_NOG-ZO,3,0.013,False,,,0.03257961944,960,983040,formal
synthetic_maxsinl1,latest_NOG-ZO,3,0.012,False,,,0.03257961944,960,983040,formal
synthetic_maxsinl1,latest_NOG-ZO,3,0.0115,False,,,0.03257961944,960,983040,formal
synthetic_maxsinl1,latest_NOG-ZO,3,0.011,False,,,0.03257961944,960,983040,formal
synthetic_maxsinl1,latest_NOG-ZO,3,0.01075,False,,,0.03257961944,960,983040,formal
synthetic_maxsinl1,latest_NOG-ZO,3,0.0105,False,,,0.03257961944,960,983040,formal
synthetic_maxsinl1,latest_NOG-ZO,3,0.01025,False,,,0.03257961944,960,983040,formal
synthetic_maxsinl1,latest_NOG-ZO,3,0.01,False,,,0.03257961944,960,983040,formal
synthetic_maxsinl1,latest_NOG-ZO,3,0.0095,False,,,0.03257961944,960,983040,formal
synthetic_maxsinl1,latest_NOG-ZO,3,0.009,False,,,0.03257961944,960,983040,formal
synthetic_maxsinl1,latest_NOG-ZO,3,0.008,False,,,0.03257961944,960,983040,formal
synthetic_maxsinl1,latest_NOG-ZO,3,0.007,False,,,0.03257961944,960,983040,formal
synthetic_maxsinl1,latest_NOG-ZO,3,0.006,False,,,0.03257961944,960,983040,formal
synthetic_maxsinl1,latest_NOG-ZO,3,0.005,False,,,0.03257961944,960,983040,formal
synthetic_maxsinl1,latest_NOG-ZO,3,0.004,False,,,0.03257961944,960,983040,formal
synthetic_maxsinl1,latest_NOG-ZO,3,0.003,False,,,0.03257961944,960,983040,formal
synthetic_maxsinl1,latest_NOG-ZO,3,0.002,False,,,0.03257961944,960,983040,formal
synthetic_maxsinl1,latest_NOG-ZO,4,0.2,True,100,102400,0.1997750252,960,983040,formal
synthetic_maxsinl1,latest_NOG-ZO,4,0.18,True,120,122880,0.1783243716,960,983040,formal
synthetic_maxsinl1,latest_NOG-ZO,4,0.16,True,136,139264,0.1591343582,960,983040,formal
synthetic_maxsinl1,latest_NOG-ZO,4,0.14,True,152,155648,0.1380426288,960,983040,formal
synthetic_maxsinl1,latest_NOG-ZO,4,0.12,True,168,172032,0.1155793741,960,983040,formal
synthetic_maxsinl1,latest_NOG-ZO,4,0.1,True,180,184320,0.09872421622,960,983040,formal
synthetic_maxsinl1,latest_NOG-ZO,4,0.09,True,188,192512,0.08719263226,960,983040,formal
synthetic_maxsinl1,latest_NOG-ZO,4,0.08,True,196,200704,0.07564757764,960,983040,formal
synthetic_maxsinl1,latest_NOG-ZO,4,0.07,True,200,204800,0.06983558089,960,983040,formal
synthetic_maxsinl1,latest_NOG-ZO,4,0.06,True,208,212992,0.05898781121,960,983040,formal
synthetic_maxsinl1,latest_NOG-ZO,4,0.05,True,216,221184,0.04718125239,960,983040,formal
synthetic_maxsinl1,latest_NOG-ZO,4,0.04,True,224,229376,0.03592827171,960,983040,formal
synthetic_maxsinl1,latest_NOG-ZO,4,0.03,True,232,237568,0.0261211209,960,983040,formal
synthetic_maxsinl1,latest_NOG-ZO,4,0.025,True,236,241664,0.02142906561,960,983040,formal
synthetic_maxsinl1,latest_NOG-ZO,4,0.02,True,240,245760,0.01739854552,960,983040,formal
synthetic_maxsinl1,latest_NOG-ZO,4,0.018,True,240,245760,0.01739854552,960,983040,formal
synthetic_maxsinl1,latest_NOG-ZO,4,0.016,True,244,249856,0.01513708662,960,983040,formal
synthetic_maxsinl1,latest_NOG-ZO,4,0.015,False,,,0.02989413589,960,983040,formal
synthetic_maxsinl1,latest_NOG-ZO,4,0.014,False,,,0.02989413589,960,983040,formal
synthetic_maxsinl1,latest_NOG-ZO,4,0.013,False,,,0.02989413589,960,983040,formal
synthetic_maxsinl1,latest_NOG-ZO,4,0.012,False,,,0.02989413589,960,983040,formal
synthetic_maxsinl1,latest_NOG-ZO,4,0.0115,False,,,0.02989413589,960,983040,formal
synthetic_maxsinl1,latest_NOG-ZO,4,0.011,False,,,0.02989413589,960,983040,formal
synthetic_maxsinl1,latest_NOG-ZO,4,0.01075,False,,,0.02989413589,960,983040,formal
synthetic_maxsinl1,latest_NOG-ZO,4,0.0105,False,,,0.02989413589,960,983040,formal
synthetic_maxsinl1,latest_NOG-ZO,4,0.01025,False,,,0.02989413589,960,983040,formal
synthetic_maxsinl1,latest_NOG-ZO,4,0.01,False,,,0.02989413589,960,983040,formal
synthetic_maxsinl1,latest_NOG-ZO,4,0.0095,False,,,0.02989413589,960,983040,formal
synthetic_maxsinl1,latest_NOG-ZO,4,0.009,False,,,0.02989413589,960,983040,formal
synthetic_maxsinl1,latest_NOG-ZO,4,0.008,False,,,0.02989413589,960,983040,formal
synthetic_maxsinl1,latest_NOG-ZO,4,0.007,False,,,0.02989413589,960,983040,formal
synthetic_maxsinl1,latest_NOG-ZO,4,0.006,False,,,0.02989413589,960,983040,formal
synthetic_maxsinl1,latest_NOG-ZO,4,0.005,False,,,0.02989413589,960,983040,formal
synthetic_maxsinl1,latest_NOG-ZO,4,0.004,False,,,0.02989413589,960,983040,formal
synthetic_maxsinl1,latest_NOG-ZO,4,0.003,False,,,0.02989413589,960,983040,formal
synthetic_maxsinl1,latest_NOG-ZO,4,0.002,False,,,0.02989413589,960,983040,formal
synthetic_maxsinl1,latest_NOG-ZO,5,0.2,True,104,106496,0.1979302019,960,983040,formal
synthetic_maxsinl1,latest_NOG-ZO,5,0.18,True,124,126976,0.1753080785,960,983040,formal
synthetic_maxsinl1,latest_NOG-ZO,5,0.16,True,140,143360,0.1555184126,960,983040,formal
synthetic_maxsinl1,latest_NOG-ZO,5,0.14,True,152,155648,0.1387002021,960,983040,formal
synthetic_maxsinl1,latest_NOG-ZO,5,0.12,True,168,172032,0.1156276166,960,983040,formal
synthetic_maxsinl1,latest_NOG-ZO,5,0.1,True,180,184320,0.09791421145,960,983040,formal
synthetic_maxsinl1,latest_NOG-ZO,5,0.09,True,188,192512,0.08618416637,960,983040,formal
synthetic_maxsinl1,latest_NOG-ZO,5,0.08,True,192,196608,0.0798490867,960,983040,formal
synthetic_maxsinl1,latest_NOG-ZO,5,0.07,True,200,204800,0.0682349354,960,983040,formal
synthetic_maxsinl1,latest_NOG-ZO,5,0.06,True,208,212992,0.0556771569,960,983040,formal
synthetic_maxsinl1,latest_NOG-ZO,5,0.05,True,216,221184,0.04434156418,960,983040,formal
synthetic_maxsinl1,latest_NOG-ZO,5,0.04,True,220,225280,0.03881062195,960,983040,formal
synthetic_maxsinl1,latest_NOG-ZO,5,0.03,True,228,233472,0.02822601609,960,983040,formal
synthetic_maxsinl1,latest_NOG-ZO,5,0.025,True,232,237568,0.02329041809,960,983040,formal
synthetic_maxsinl1,latest_NOG-ZO,5,0.02,True,236,241664,0.0188092161,960,983040,formal
synthetic_maxsinl1,latest_NOG-ZO,5,0.018,True,240,245760,0.01601534523,960,983040,formal
synthetic_maxsinl1,latest_NOG-ZO,5,0.016,True,244,249856,0.01445816737,960,983040,formal
synthetic_maxsinl1,latest_NOG-ZO,5,0.015,True,244,249856,0.01445816737,960,983040,formal
synthetic_maxsinl1,latest_NOG-ZO,5,0.014,False,,,0.02928696573,960,983040,formal
synthetic_maxsinl1,latest_NOG-ZO,5,0.013,False,,,0.02928696573,960,983040,formal
synthetic_maxsinl1,latest_NOG-ZO,5,0.012,False,,,0.02928696573,960,983040,formal
synthetic_maxsinl1,latest_NOG-ZO,5,0.0115,False,,,0.02928696573,960,983040,formal
synthetic_maxsinl1,latest_NOG-ZO,5,0.011,False,,,0.02928696573,960,983040,formal
synthetic_maxsinl1,latest_NOG-ZO,5,0.01075,False,,,0.02928696573,960,983040,formal
synthetic_maxsinl1,latest_NOG-ZO,5,0.0105,False,,,0.02928696573,960,983040,formal
synthetic_maxsinl1,latest_NOG-ZO,5,0.01025,False,,,0.02928696573,960,983040,formal
synthetic_maxsinl1,latest_NOG-ZO,5,0.01,False,,,0.02928696573,960,983040,formal
synthetic_maxsinl1,latest_NOG-ZO,5,0.0095,False,,,0.02928696573,960,983040,formal
synthetic_maxsinl1,latest_NOG-ZO,5,0.009,False,,,0.02928696573,960,983040,formal
synthetic_maxsinl1,latest_NOG-ZO,5,0.008,False,,,0.02928696573,960,983040,formal
synthetic_maxsinl1,latest_NOG-ZO,5,0.007,False,,,0.02928696573,960,983040,formal
synthetic_maxsinl1,latest_NOG-ZO,5,0.006,False,,,0.02928696573,960,983040,formal
synthetic_maxsinl1,latest_NOG-ZO,5,0.005,False,,,0.02928696573,960,983040,formal
synthetic_maxsinl1,latest_NOG-ZO,5,0.004,False,,,0.02928696573,960,983040,formal
synthetic_maxsinl1,latest_NOG-ZO,5,0.003,False,,,0.02928696573,960,983040,formal
synthetic_maxsinl1,latest_NOG-ZO,5,0.002,False,,,0.02928696573,960,983040,formal
synthetic_maxsinl1,latest_NOG-ZO,6,0.2,True,104,106496,0.197871089,960,983040,formal
synthetic_maxsinl1,latest_NOG-ZO,6,0.18,True,120,122880,0.1795960069,960,983040,formal
synthetic_maxsinl1,latest_NOG-ZO,6,0.16,True,140,143360,0.1547412872,960,983040,formal
synthetic_maxsinl1,latest_NOG-ZO,6,0.14,True,152,155648,0.1383028626,960,983040,formal
synthetic_maxsinl1,latest_NOG-ZO,6,0.12,True,168,172032,0.1158725321,960,983040,formal
synthetic_maxsinl1,latest_NOG-ZO,6,0.1,True,180,184320,0.09806949645,960,983040,formal
synthetic_maxsinl1,latest_NOG-ZO,6,0.09,True,188,192512,0.08625604957,960,983040,formal
synthetic_maxsinl1,latest_NOG-ZO,6,0.08,True,192,196608,0.07984308153,960,983040,formal
synthetic_maxsinl1,latest_NOG-ZO,6,0.07,True,200,204800,0.06789309531,960,983040,formal
synthetic_maxsinl1,latest_NOG-ZO,6,0.06,True,208,212992,0.05560143664,960,983040,formal
synthetic_maxsinl1,latest_NOG-ZO,6,0.05,True,212,217088,0.04980922118,960,983040,formal
synthetic_maxsinl1,latest_NOG-ZO,6,0.04,True,220,225280,0.03801251948,960,983040,formal
synthetic_maxsinl1,latest_NOG-ZO,6,0.03,True,228,233472,0.02713967673,960,983040,formal
synthetic_maxsinl1,latest_NOG-ZO,6,0.025,True,232,237568,0.022112431,960,983040,formal
synthetic_maxsinl1,latest_NOG-ZO,6,0.02,True,236,241664,0.01805312932,960,983040,formal
synthetic_maxsinl1,latest_NOG-ZO,6,0.018,True,240,245760,0.01507740468,960,983040,formal
synthetic_maxsinl1,latest_NOG-ZO,6,0.016,True,240,245760,0.01507740468,960,983040,formal
synthetic_maxsinl1,latest_NOG-ZO,6,0.015,True,244,249856,0.01376054902,960,983040,formal
synthetic_maxsinl1,latest_NOG-ZO,6,0.014,False,,,0.03132959083,960,983040,formal
synthetic_maxsinl1,latest_NOG-ZO,6,0.013,False,,,0.03132959083,960,983040,formal
synthetic_maxsinl1,latest_NOG-ZO,6,0.012,False,,,0.03132959083,960,983040,formal
synthetic_maxsinl1,latest_NOG-ZO,6,0.0115,False,,,0.03132959083,960,983040,formal
synthetic_maxsinl1,latest_NOG-ZO,6,0.011,False,,,0.03132959083,960,983040,formal
synthetic_maxsinl1,latest_NOG-ZO,6,0.01075,False,,,0.03132959083,960,983040,formal
synthetic_maxsinl1,latest_NOG-ZO,6,0.0105,False,,,0.03132959083,960,983040,formal
synthetic_maxsinl1,latest_NOG-ZO,6,0.01025,False,,,0.03132959083,960,983040,formal
synthetic_maxsinl1,latest_NOG-ZO,6,0.01,False,,,0.03132959083,960,983040,formal
synthetic_maxsinl1,latest_NOG-ZO,6,0.0095,False,,,0.03132959083,960,983040,formal
synthetic_maxsinl1,latest_NOG-ZO,6,0.009,False,,,0.03132959083,960,983040,formal
synthetic_maxsinl1,latest_NOG-ZO,6,0.008,False,,,0.03132959083,960,983040,formal
synthetic_maxsinl1,latest_NOG-ZO,6,0.007,False,,,0.03132959083,960,983040,formal
synthetic_maxsinl1,latest_NOG-ZO,6,0.006,False,,,0.03132959083,960,983040,formal
synthetic_maxsinl1,latest_NOG-ZO,6,0.005,False,,,0.03132959083,960,983040,formal
synthetic_maxsinl1,latest_NOG-ZO,6,0.004,False,,,0.03132959083,960,983040,formal
synthetic_maxsinl1,latest_NOG-ZO,6,0.003,False,,,0.03132959083,960,983040,formal
synthetic_maxsinl1,latest_NOG-ZO,6,0.002,False,,,0.03132959083,960,983040,formal
synthetic_maxsinl1,latest_NOG-ZO,7,0.2,True,104,106496,0.1966875494,960,983040,formal
synthetic_maxsinl1,latest_NOG-ZO,7,0.18,True,120,122880,0.1788702458,960,983040,formal
synthetic_maxsinl1,latest_NOG-ZO,7,0.16,True,140,143360,0.1552038491,960,983040,formal
synthetic_maxsinl1,latest_NOG-ZO,7,0.14,True,152,155648,0.1382365972,960,983040,formal
synthetic_maxsinl1,latest_NOG-ZO,7,0.12,True,168,172032,0.1160878986,960,983040,formal
synthetic_maxsinl1,latest_NOG-ZO,7,0.1,True,180,184320,0.09888090938,960,983040,formal
synthetic_maxsinl1,latest_NOG-ZO,7,0.09,True,188,192512,0.08696225286,960,983040,formal
synthetic_maxsinl1,latest_NOG-ZO,7,0.08,True,196,200704,0.07515895367,960,983040,formal
synthetic_maxsinl1,latest_NOG-ZO,7,0.07,True,200,204800,0.06969834864,960,983040,formal
synthetic_maxsinl1,latest_NOG-ZO,7,0.06,True,208,212992,0.05818122998,960,983040,formal
synthetic_maxsinl1,latest_NOG-ZO,7,0.05,True,216,221184,0.04635941982,960,983040,formal
synthetic_maxsinl1,latest_NOG-ZO,7,0.04,True,224,229376,0.03537452221,960,983040,formal
synthetic_maxsinl1,latest_NOG-ZO,7,0.03,True,232,237568,0.02531485818,960,983040,formal
synthetic_maxsinl1,latest_NOG-ZO,7,0.025,True,236,241664,0.02092105709,960,983040,formal
synthetic_maxsinl1,latest_NOG-ZO,7,0.02,True,240,245760,0.01781561039,960,983040,formal
synthetic_maxsinl1,latest_NOG-ZO,7,0.018,True,240,245760,0.01781561039,960,983040,formal
synthetic_maxsinl1,latest_NOG-ZO,7,0.016,True,244,249856,0.01517661754,960,983040,formal
synthetic_maxsinl1,latest_NOG-ZO,7,0.015,False,,,0.02711763792,960,983040,formal
synthetic_maxsinl1,latest_NOG-ZO,7,0.014,False,,,0.02711763792,960,983040,formal
synthetic_maxsinl1,latest_NOG-ZO,7,0.013,False,,,0.02711763792,960,983040,formal
synthetic_maxsinl1,latest_NOG-ZO,7,0.012,False,,,0.02711763792,960,983040,formal
synthetic_maxsinl1,latest_NOG-ZO,7,0.0115,False,,,0.02711763792,960,983040,formal
synthetic_maxsinl1,latest_NOG-ZO,7,0.011,False,,,0.02711763792,960,983040,formal
synthetic_maxsinl1,latest_NOG-ZO,7,0.01075,False,,,0.02711763792,960,983040,formal
synthetic_maxsinl1,latest_NOG-ZO,7,0.0105,False,,,0.02711763792,960,983040,formal
synthetic_maxsinl1,latest_NOG-ZO,7,0.01025,False,,,0.02711763792,960,983040,formal
synthetic_maxsinl1,latest_NOG-ZO,7,0.01,False,,,0.02711763792,960,983040,formal
synthetic_maxsinl1,latest_NOG-ZO,7,0.0095,False,,,0.02711763792,960,983040,formal
synthetic_maxsinl1,latest_NOG-ZO,7,0.009,False,,,0.02711763792,960,983040,formal
synthetic_maxsinl1,latest_NOG-ZO,7,0.008,False,,,0.02711763792,960,983040,formal
synthetic_maxsinl1,latest_NOG-ZO,7,0.007,False,,,0.02711763792,960,983040,formal
synthetic_maxsinl1,latest_NOG-ZO,7,0.006,False,,,0.02711763792,960,983040,formal
synthetic_maxsinl1,latest_NOG-ZO,7,0.005,False,,,0.02711763792,960,983040,formal
synthetic_maxsinl1,latest_NOG-ZO,7,0.004,False,,,0.02711763792,960,983040,formal
synthetic_maxsinl1,latest_NOG-ZO,7,0.003,False,,,0.02711763792,960,983040,formal
synthetic_maxsinl1,latest_NOG-ZO,7,0.002,False,,,0.02711763792,960,983040,formal
synthetic_maxsinl1,latest_NOG-ZO,8,0.2,True,104,106496,0.1985096633,960,983040,formal
synthetic_maxsinl1,latest_NOG-ZO,8,0.18,True,120,122880,0.1798785925,960,983040,formal
synthetic_maxsinl1,latest_NOG-ZO,8,0.16,True,136,139264,0.1593811661,960,983040,formal
synthetic_maxsinl1,latest_NOG-ZO,8,0.14,True,152,155648,0.1376583427,960,983040,formal
synthetic_maxsinl1,latest_NOG-ZO,8,0.12,True,164,167936,0.1199324653,960,983040,formal
synthetic_maxsinl1,latest_NOG-ZO,8,0.1,True,180,184320,0.09589147568,960,983040,formal
synthetic_maxsinl1,latest_NOG-ZO,8,0.09,True,188,192512,0.0842782855,960,983040,formal
synthetic_maxsinl1,latest_NOG-ZO,8,0.08,True,192,196608,0.07841000706,960,983040,formal
synthetic_maxsinl1,latest_NOG-ZO,8,0.07,True,200,204800,0.06590583175,960,983040,formal
synthetic_maxsinl1,latest_NOG-ZO,8,0.06,True,208,212992,0.05400355533,960,983040,formal
synthetic_maxsinl1,latest_NOG-ZO,8,0.05,True,212,217088,0.04791771621,960,983040,formal
synthetic_maxsinl1,latest_NOG-ZO,8,0.04,True,220,225280,0.03672485054,960,983040,formal
synthetic_maxsinl1,latest_NOG-ZO,8,0.03,True,228,233472,0.02677950822,960,983040,formal
synthetic_maxsinl1,latest_NOG-ZO,8,0.025,True,232,237568,0.02173970267,960,983040,formal
synthetic_maxsinl1,latest_NOG-ZO,8,0.02,True,236,241664,0.01825053431,960,983040,formal
synthetic_maxsinl1,latest_NOG-ZO,8,0.018,True,240,245760,0.01526307315,960,983040,formal
synthetic_maxsinl1,latest_NOG-ZO,8,0.016,True,240,245760,0.01526307315,960,983040,formal
synthetic_maxsinl1,latest_NOG-ZO,8,0.015,False,,,0.03281981871,960,983040,formal
synthetic_maxsinl1,latest_NOG-ZO,8,0.014,False,,,0.03281981871,960,983040,formal
synthetic_maxsinl1,latest_NOG-ZO,8,0.013,False,,,0.03281981871,960,983040,formal
synthetic_maxsinl1,latest_NOG-ZO,8,0.012,False,,,0.03281981871,960,983040,formal
synthetic_maxsinl1,latest_NOG-ZO,8,0.0115,False,,,0.03281981871,960,983040,formal
synthetic_maxsinl1,latest_NOG-ZO,8,0.011,False,,,0.03281981871,960,983040,formal
synthetic_maxsinl1,latest_NOG-ZO,8,0.01075,False,,,0.03281981871,960,983040,formal
synthetic_maxsinl1,latest_NOG-ZO,8,0.0105,False,,,0.03281981871,960,983040,formal
synthetic_maxsinl1,latest_NOG-ZO,8,0.01025,False,,,0.03281981871,960,983040,formal
synthetic_maxsinl1,latest_NOG-ZO,8,0.01,False,,,0.03281981871,960,983040,formal
synthetic_maxsinl1,latest_NOG-ZO,8,0.0095,False,,,0.03281981871,960,983040,formal
synthetic_maxsinl1,latest_NOG-ZO,8,0.009,False,,,0.03281981871,960,983040,formal
synthetic_maxsinl1,latest_NOG-ZO,8,0.008,False,,,0.03281981871,960,983040,formal
synthetic_maxsinl1,latest_NOG-ZO,8,0.007,False,,,0.03281981871,960,983040,formal
synthetic_maxsinl1,latest_NOG-ZO,8,0.006,False,,,0.03281981871,960,983040,formal
synthetic_maxsinl1,latest_NOG-ZO,8,0.005,False,,,0.03281981871,960,983040,formal
synthetic_maxsinl1,latest_NOG-ZO,8,0.004,False,,,0.03281981871,960,983040,formal
synthetic_maxsinl1,latest_NOG-ZO,8,0.003,False,,,0.03281981871,960,983040,formal
synthetic_maxsinl1,latest_NOG-ZO,8,0.002,False,,,0.03281981871,960,983040,formal
synthetic_maxsinl1,latest_NOG-ZO,9,0.2,True,104,106496,0.1969851553,960,983040,formal
synthetic_maxsinl1,latest_NOG-ZO,9,0.18,True,120,122880,0.1791276783,960,983040,formal
synthetic_maxsinl1,latest_NOG-ZO,9,0.16,True,136,139264,0.1593073159,960,983040,formal
synthetic_maxsinl1,latest_NOG-ZO,9,0.14,True,152,155648,0.1377899051,960,983040,formal
synthetic_maxsinl1,latest_NOG-ZO,9,0.12,True,168,172032,0.1155833751,960,983040,formal
synthetic_maxsinl1,latest_NOG-ZO,9,0.1,True,180,184320,0.09777976573,960,983040,formal
synthetic_maxsinl1,latest_NOG-ZO,9,0.09,True,188,192512,0.08634421229,960,983040,formal
synthetic_maxsinl1,latest_NOG-ZO,9,0.08,True,192,196608,0.07962782681,960,983040,formal
synthetic_maxsinl1,latest_NOG-ZO,9,0.07,True,200,204800,0.06763806939,960,983040,formal
synthetic_maxsinl1,latest_NOG-ZO,9,0.06,True,208,212992,0.05554668233,960,983040,formal
synthetic_maxsinl1,latest_NOG-ZO,9,0.05,True,216,221184,0.044713974,960,983040,formal
synthetic_maxsinl1,latest_NOG-ZO,9,0.04,True,220,225280,0.03874394298,960,983040,formal
synthetic_maxsinl1,latest_NOG-ZO,9,0.03,True,228,233472,0.02739810571,960,983040,formal
synthetic_maxsinl1,latest_NOG-ZO,9,0.025,True,232,237568,0.02281968109,960,983040,formal
synthetic_maxsinl1,latest_NOG-ZO,9,0.02,True,236,241664,0.01911486126,960,983040,formal
synthetic_maxsinl1,latest_NOG-ZO,9,0.018,True,240,245760,0.01552501321,960,983040,formal
synthetic_maxsinl1,latest_NOG-ZO,9,0.016,True,240,245760,0.01552501321,960,983040,formal
synthetic_maxsinl1,latest_NOG-ZO,9,0.015,True,244,249856,0.01404196583,960,983040,formal
synthetic_maxsinl1,latest_NOG-ZO,9,0.014,False,,,0.02900109068,960,983040,formal
synthetic_maxsinl1,latest_NOG-ZO,9,0.013,False,,,0.02900109068,960,983040,formal
synthetic_maxsinl1,latest_NOG-ZO,9,0.012,False,,,0.02900109068,960,983040,formal
synthetic_maxsinl1,latest_NOG-ZO,9,0.0115,False,,,0.02900109068,960,983040,formal
synthetic_maxsinl1,latest_NOG-ZO,9,0.011,False,,,0.02900109068,960,983040,formal
synthetic_maxsinl1,latest_NOG-ZO,9,0.01075,False,,,0.02900109068,960,983040,formal
synthetic_maxsinl1,latest_NOG-ZO,9,0.0105,False,,,0.02900109068,960,983040,formal
synthetic_maxsinl1,latest_NOG-ZO,9,0.01025,False,,,0.02900109068,960,983040,formal
synthetic_maxsinl1,latest_NOG-ZO,9,0.01,False,,,0.02900109068,960,983040,formal
synthetic_maxsinl1,latest_NOG-ZO,9,0.0095,False,,,0.02900109068,960,983040,formal
synthetic_maxsinl1,latest_NOG-ZO,9,0.009,False,,,0.02900109068,960,983040,formal
synthetic_maxsinl1,latest_NOG-ZO,9,0.008,False,,,0.02900109068,960,983040,formal
synthetic_maxsinl1,latest_NOG-ZO,9,0.007,False,,,0.02900109068,960,983040,formal
synthetic_maxsinl1,latest_NOG-ZO,9,0.006,False,,,0.02900109068,960,983040,formal
synthetic_maxsinl1,latest_NOG-ZO,9,0.005,False,,,0.02900109068,960,983040,formal
synthetic_maxsinl1,latest_NOG-ZO,9,0.004,False,,,0.02900109068,960,983040,formal
synthetic_maxsinl1,latest_NOG-ZO,9,0.003,False,,,0.02900109068,960,983040,formal
synthetic_maxsinl1,latest_NOG-ZO,9,0.002,False,,,0.02900109068,960,983040,formal
synthetic_maxsinl1,latest_NOG-ZO,10,0.2,True,104,106496,0.1971587539,960,983040,formal
synthetic_maxsinl1,latest_NOG-ZO,10,0.18,True,120,122880,0.1788223386,960,983040,formal
synthetic_maxsinl1,latest_NOG-ZO,10,0.16,True,136,139264,0.1587812155,960,983040,formal
synthetic_maxsinl1,latest_NOG-ZO,10,0.14,True,152,155648,0.1374191791,960,983040,formal
synthetic_maxsinl1,latest_NOG-ZO,10,0.12,True,164,167936,0.1199777052,960,983040,formal
synthetic_maxsinl1,latest_NOG-ZO,10,0.1,True,180,184320,0.09609117359,960,983040,formal
synthetic_maxsinl1,latest_NOG-ZO,10,0.09,True,188,192512,0.08507033437,960,983040,formal
synthetic_maxsinl1,latest_NOG-ZO,10,0.08,True,192,196608,0.07874566317,960,983040,formal
synthetic_maxsinl1,latest_NOG-ZO,10,0.07,True,200,204800,0.06665129215,960,983040,formal
synthetic_maxsinl1,latest_NOG-ZO,10,0.06,True,208,212992,0.05474544689,960,983040,formal
synthetic_maxsinl1,latest_NOG-ZO,10,0.05,True,212,217088,0.04879105464,960,983040,formal
synthetic_maxsinl1,latest_NOG-ZO,10,0.04,True,220,225280,0.03759463504,960,983040,formal
synthetic_maxsinl1,latest_NOG-ZO,10,0.03,True,228,233472,0.02679010853,960,983040,formal
synthetic_maxsinl1,latest_NOG-ZO,10,0.025,True,232,237568,0.02150388993,960,983040,formal
synthetic_maxsinl1,latest_NOG-ZO,10,0.02,True,236,241664,0.01725508086,960,983040,formal
synthetic_maxsinl1,latest_NOG-ZO,10,0.018,True,236,241664,0.01725508086,960,983040,formal
synthetic_maxsinl1,latest_NOG-ZO,10,0.016,True,240,245760,0.01471084636,960,983040,formal
synthetic_maxsinl1,latest_NOG-ZO,10,0.015,True,240,245760,0.01471084636,960,983040,formal
synthetic_maxsinl1,latest_NOG-ZO,10,0.014,False,,,0.03074805811,960,983040,formal
synthetic_maxsinl1,latest_NOG-ZO,10,0.013,False,,,0.03074805811,960,983040,formal
synthetic_maxsinl1,latest_NOG-ZO,10,0.012,False,,,0.03074805811,960,983040,formal
synthetic_maxsinl1,latest_NOG-ZO,10,0.0115,False,,,0.03074805811,960,983040,formal
synthetic_maxsinl1,latest_NOG-ZO,10,0.011,False,,,0.03074805811,960,983040,formal
synthetic_maxsinl1,latest_NOG-ZO,10,0.01075,False,,,0.03074805811,960,983040,formal
synthetic_maxsinl1,latest_NOG-ZO,10,0.0105,False,,,0.03074805811,960,983040,formal
synthetic_maxsinl1,latest_NOG-ZO,10,0.01025,False,,,0.03074805811,960,983040,formal
synthetic_maxsinl1,latest_NOG-ZO,10,0.01,False,,,0.03074805811,960,983040,formal
synthetic_maxsinl1,latest_NOG-ZO,10,0.0095,False,,,0.03074805811,960,983040,formal
synthetic_maxsinl1,latest_NOG-ZO,10,0.009,False,,,0.03074805811,960,983040,formal
synthetic_maxsinl1,latest_NOG-ZO,10,0.008,False,,,0.03074805811,960,983040,formal
synthetic_maxsinl1,latest_NOG-ZO,10,0.007,False,,,0.03074805811,960,983040,formal
synthetic_maxsinl1,latest_NOG-ZO,10,0.006,False,,,0.03074805811,960,983040,formal
synthetic_maxsinl1,latest_NOG-ZO,10,0.005,False,,,0.03074805811,960,983040,formal
synthetic_maxsinl1,latest_NOG-ZO,10,0.004,False,,,0.03074805811,960,983040,formal
synthetic_maxsinl1,latest_NOG-ZO,10,0.003,False,,,0.03074805811,960,983040,formal
synthetic_maxsinl1,latest_NOG-ZO,10,0.002,False,,,0.03074805811,960,983040,formal
synthetic_maxsinl1,latest_NOG-ZO,11,0.2,True,104,106496,0.198128134,960,983040,formal
synthetic_maxsinl1,latest_NOG-ZO,11,0.18,True,124,126976,0.1758721471,960,983040,formal
synthetic_maxsinl1,latest_NOG-ZO,11,0.16,True,140,143360,0.1547745615,960,983040,formal
synthetic_maxsinl1,latest_NOG-ZO,11,0.14,True,152,155648,0.138073653,960,983040,formal
synthetic_maxsinl1,latest_NOG-ZO,11,0.12,True,168,172032,0.1152429506,960,983040,formal
synthetic_maxsinl1,latest_NOG-ZO,11,0.1,True,180,184320,0.09719988704,960,983040,formal
synthetic_maxsinl1,latest_NOG-ZO,11,0.09,True,188,192512,0.08507139981,960,983040,formal
synthetic_maxsinl1,latest_NOG-ZO,11,0.08,True,192,196608,0.07825856656,960,983040,formal
synthetic_maxsinl1,latest_NOG-ZO,11,0.07,True,200,204800,0.06612020731,960,983040,formal
synthetic_maxsinl1,latest_NOG-ZO,11,0.06,True,208,212992,0.05450556427,960,983040,formal
synthetic_maxsinl1,latest_NOG-ZO,11,0.05,True,212,217088,0.04775563627,960,983040,formal
synthetic_maxsinl1,latest_NOG-ZO,11,0.04,True,220,225280,0.03714626282,960,983040,formal
synthetic_maxsinl1,latest_NOG-ZO,11,0.03,True,228,233472,0.02671436779,960,983040,formal
synthetic_maxsinl1,latest_NOG-ZO,11,0.025,True,232,237568,0.02197095752,960,983040,formal
synthetic_maxsinl1,latest_NOG-ZO,11,0.02,True,236,241664,0.01806117781,960,983040,formal
synthetic_maxsinl1,latest_NOG-ZO,11,0.018,True,240,245760,0.01553535555,960,983040,formal
synthetic_maxsinl1,latest_NOG-ZO,11,0.016,True,240,245760,0.01553535555,960,983040,formal
synthetic_maxsinl1,latest_NOG-ZO,11,0.015,False,,,0.02976129949,960,983040,formal
synthetic_maxsinl1,latest_NOG-ZO,11,0.014,False,,,0.02976129949,960,983040,formal
synthetic_maxsinl1,latest_NOG-ZO,11,0.013,False,,,0.02976129949,960,983040,formal
synthetic_maxsinl1,latest_NOG-ZO,11,0.012,False,,,0.02976129949,960,983040,formal
synthetic_maxsinl1,latest_NOG-ZO,11,0.0115,False,,,0.02976129949,960,983040,formal
synthetic_maxsinl1,latest_NOG-ZO,11,0.011,False,,,0.02976129949,960,983040,formal
synthetic_maxsinl1,latest_NOG-ZO,11,0.01075,False,,,0.02976129949,960,983040,formal
synthetic_maxsinl1,latest_NOG-ZO,11,0.0105,False,,,0.02976129949,960,983040,formal
synthetic_maxsinl1,latest_NOG-ZO,11,0.01025,False,,,0.02976129949,960,983040,formal
synthetic_maxsinl1,latest_NOG-ZO,11,0.01,False,,,0.02976129949,960,983040,formal
synthetic_maxsinl1,latest_NOG-ZO,11,0.0095,False,,,0.02976129949,960,983040,formal
synthetic_maxsinl1,latest_NOG-ZO,11,0.009,False,,,0.02976129949,960,983040,formal
synthetic_maxsinl1,latest_NOG-ZO,11,0.008,False,,,0.02976129949,960,983040,formal
synthetic_maxsinl1,latest_NOG-ZO,11,0.007,False,,,0.02976129949,960,983040,formal
synthetic_maxsinl1,latest_NOG-ZO,11,0.006,False,,,0.02976129949,960,983040,formal
synthetic_maxsinl1,latest_NOG-ZO,11,0.005,False,,,0.02976129949,960,983040,formal
synthetic_maxsinl1,latest_NOG-ZO,11,0.004,False,,,0.02976129949,960,983040,formal
synthetic_maxsinl1,latest_NOG-ZO,11,0.003,False,,,0.02976129949,960,983040,formal
synthetic_maxsinl1,latest_NOG-ZO,11,0.002,False,,,0.02976129949,960,983040,formal
synthetic_maxsinl1,latest_NOG-ZO,12,0.2,True,104,106496,0.1982400566,960,983040,formal
synthetic_maxsinl1,latest_NOG-ZO,12,0.18,True,124,126976,0.1758513749,960,983040,formal
synthetic_maxsinl1,latest_NOG-ZO,12,0.16,True,140,143360,0.1549508274,960,983040,formal
synthetic_maxsinl1,latest_NOG-ZO,12,0.14,True,152,155648,0.1392802596,960,983040,formal
synthetic_maxsinl1,latest_NOG-ZO,12,0.12,True,168,172032,0.1161440462,960,983040,formal
synthetic_maxsinl1,latest_NOG-ZO,12,0.1,True,180,184320,0.09890094399,960,983040,formal
synthetic_maxsinl1,latest_NOG-ZO,12,0.09,True,188,192512,0.08599775285,960,983040,formal
synthetic_maxsinl1,latest_NOG-ZO,12,0.08,True,196,200704,0.07376846671,960,983040,formal
synthetic_maxsinl1,latest_NOG-ZO,12,0.07,True,200,204800,0.06808393449,960,983040,formal
synthetic_maxsinl1,latest_NOG-ZO,12,0.06,True,208,212992,0.05680565536,960,983040,formal
synthetic_maxsinl1,latest_NOG-ZO,12,0.05,True,212,217088,0.04991278797,960,983040,formal
synthetic_maxsinl1,latest_NOG-ZO,12,0.04,True,220,225280,0.03822486848,960,983040,formal
synthetic_maxsinl1,latest_NOG-ZO,12,0.03,True,228,233472,0.02794285864,960,983040,formal
synthetic_maxsinl1,latest_NOG-ZO,12,0.025,True,232,237568,0.02271226794,960,983040,formal
synthetic_maxsinl1,latest_NOG-ZO,12,0.02,True,236,241664,0.01815834083,960,983040,formal
synthetic_maxsinl1,latest_NOG-ZO,12,0.018,True,240,245760,0.01521159429,960,983040,formal
synthetic_maxsinl1,latest_NOG-ZO,12,0.016,True,240,245760,0.01521159429,960,983040,formal
synthetic_maxsinl1,latest_NOG-ZO,12,0.015,True,244,249856,0.01360384561,960,983040,formal
synthetic_maxsinl1,latest_NOG-ZO,12,0.014,False,,,0.0322079882,960,983040,formal
synthetic_maxsinl1,latest_NOG-ZO,12,0.013,False,,,0.0322079882,960,983040,formal
synthetic_maxsinl1,latest_NOG-ZO,12,0.012,False,,,0.0322079882,960,983040,formal
synthetic_maxsinl1,latest_NOG-ZO,12,0.0115,False,,,0.0322079882,960,983040,formal
synthetic_maxsinl1,latest_NOG-ZO,12,0.011,False,,,0.0322079882,960,983040,formal
synthetic_maxsinl1,latest_NOG-ZO,12,0.01075,False,,,0.0322079882,960,983040,formal
synthetic_maxsinl1,latest_NOG-ZO,12,0.0105,False,,,0.0322079882,960,983040,formal
synthetic_maxsinl1,latest_NOG-ZO,12,0.01025,False,,,0.0322079882,960,983040,formal
synthetic_maxsinl1,latest_NOG-ZO,12,0.01,False,,,0.0322079882,960,983040,formal
synthetic_maxsinl1,latest_NOG-ZO,12,0.0095,False,,,0.0322079882,960,983040,formal
synthetic_maxsinl1,latest_NOG-ZO,12,0.009,False,,,0.0322079882,960,983040,formal
synthetic_maxsinl1,latest_NOG-ZO,12,0.008,False,,,0.0322079882,960,983040,formal
synthetic_maxsinl1,latest_NOG-ZO,12,0.007,False,,,0.0322079882,960,983040,formal
synthetic_maxsinl1,latest_NOG-ZO,12,0.006,False,,,0.0322079882,960,983040,formal
synthetic_maxsinl1,latest_NOG-ZO,12,0.005,False,,,0.0322079882,960,983040,formal
synthetic_maxsinl1,latest_NOG-ZO,12,0.004,False,,,0.0322079882,960,983040,formal
synthetic_maxsinl1,latest_NOG-ZO,12,0.003,False,,,0.0322079882,960,983040,formal
synthetic_maxsinl1,latest_NOG-ZO,12,0.002,False,,,0.0322079882,960,983040,formal
synthetic_maxsinl1,latest_NOG-ZO,13,0.2,True,100,102400,0.1985957175,960,983040,formal
synthetic_maxsinl1,latest_NOG-ZO,13,0.18,True,120,122880,0.1777288467,960,983040,formal
synthetic_maxsinl1,latest_NOG-ZO,13,0.16,True,136,139264,0.1590170413,960,983040,formal
synthetic_maxsinl1,latest_NOG-ZO,13,0.14,True,152,155648,0.1376402378,960,983040,formal
synthetic_maxsinl1,latest_NOG-ZO,13,0.12,True,168,172032,0.1153967306,960,983040,formal
synthetic_maxsinl1,latest_NOG-ZO,13,0.1,True,180,184320,0.09845859557,960,983040,formal
synthetic_maxsinl1,latest_NOG-ZO,13,0.09,True,188,192512,0.08647556603,960,983040,formal
synthetic_maxsinl1,latest_NOG-ZO,13,0.08,True,196,200704,0.07539220899,960,983040,formal
synthetic_maxsinl1,latest_NOG-ZO,13,0.07,True,200,204800,0.0694231689,960,983040,formal
synthetic_maxsinl1,latest_NOG-ZO,13,0.06,True,208,212992,0.05761997402,960,983040,formal
synthetic_maxsinl1,latest_NOG-ZO,13,0.05,True,216,221184,0.04667156935,960,983040,formal
synthetic_maxsinl1,latest_NOG-ZO,13,0.04,True,224,229376,0.03635028005,960,983040,formal
synthetic_maxsinl1,latest_NOG-ZO,13,0.03,True,232,237568,0.0259758085,960,983040,formal
synthetic_maxsinl1,latest_NOG-ZO,13,0.025,True,236,241664,0.02195323072,960,983040,formal
synthetic_maxsinl1,latest_NOG-ZO,13,0.02,True,240,245760,0.01829049364,960,983040,formal
synthetic_maxsinl1,latest_NOG-ZO,13,0.018,True,244,249856,0.01533279382,960,983040,formal
synthetic_maxsinl1,latest_NOG-ZO,13,0.016,True,244,249856,0.01533279382,960,983040,formal
synthetic_maxsinl1,latest_NOG-ZO,13,0.015,False,,,0.02795747854,960,983040,formal
synthetic_maxsinl1,latest_NOG-ZO,13,0.014,False,,,0.02795747854,960,983040,formal
synthetic_maxsinl1,latest_NOG-ZO,13,0.013,False,,,0.02795747854,960,983040,formal
synthetic_maxsinl1,latest_NOG-ZO,13,0.012,False,,,0.02795747854,960,983040,formal
synthetic_maxsinl1,latest_NOG-ZO,13,0.0115,False,,,0.02795747854,960,983040,formal
synthetic_maxsinl1,latest_NOG-ZO,13,0.011,False,,,0.02795747854,960,983040,formal
synthetic_maxsinl1,latest_NOG-ZO,13,0.01075,False,,,0.02795747854,960,983040,formal
synthetic_maxsinl1,latest_NOG-ZO,13,0.0105,False,,,0.02795747854,960,983040,formal
synthetic_maxsinl1,latest_NOG-ZO,13,0.01025,False,,,0.02795747854,960,983040,formal
synthetic_maxsinl1,latest_NOG-ZO,13,0.01,False,,,0.02795747854,960,983040,formal
synthetic_maxsinl1,latest_NOG-ZO,13,0.0095,False,,,0.02795747854,960,983040,formal
synthetic_maxsinl1,latest_NOG-ZO,13,0.009,False,,,0.02795747854,960,983040,formal
synthetic_maxsinl1,latest_NOG-ZO,13,0.008,False,,,0.02795747854,960,983040,formal
synthetic_maxsinl1,latest_NOG-ZO,13,0.007,False,,,0.02795747854,960,983040,formal
synthetic_maxsinl1,latest_NOG-ZO,13,0.006,False,,,0.02795747854,960,983040,formal
synthetic_maxsinl1,latest_NOG-ZO,13,0.005,False,,,0.02795747854,960,983040,formal
synthetic_maxsinl1,latest_NOG-ZO,13,0.004,False,,,0.02795747854,960,983040,formal
synthetic_maxsinl1,latest_NOG-ZO,13,0.003,False,,,0.02795747854,960,983040,formal
synthetic_maxsinl1,latest_NOG-ZO,13,0.002,False,,,0.02795747854,960,983040,formal
synthetic_maxsinl1,latest_NOG-ZO,14,0.2,True,104,106496,0.1980133206,960,983040,formal
synthetic_maxsinl1,latest_NOG-ZO,14,0.18,True,120,122880,0.1799795926,960,983040,formal
synthetic_maxsinl1,latest_NOG-ZO,14,0.16,True,140,143360,0.1544585675,960,983040,formal
synthetic_maxsinl1,latest_NOG-ZO,14,0.14,True,152,155648,0.1380612999,960,983040,formal
synthetic_maxsinl1,latest_NOG-ZO,14,0.12,True,168,172032,0.1147914529,960,983040,formal
synthetic_maxsinl1,latest_NOG-ZO,14,0.1,True,180,184320,0.09645991772,960,983040,formal
synthetic_maxsinl1,latest_NOG-ZO,14,0.09,True,184,188416,0.08985501528,960,983040,formal
synthetic_maxsinl1,latest_NOG-ZO,14,0.08,True,192,196608,0.07793062925,960,983040,formal
synthetic_maxsinl1,latest_NOG-ZO,14,0.07,True,200,204800,0.06617739797,960,983040,formal
synthetic_maxsinl1,latest_NOG-ZO,14,0.06,True,208,212992,0.05408755317,960,983040,formal
synthetic_maxsinl1,latest_NOG-ZO,14,0.05,True,212,217088,0.04883759096,960,983040,formal
synthetic_maxsinl1,latest_NOG-ZO,14,0.04,True,220,225280,0.03671008721,960,983040,formal
synthetic_maxsinl1,latest_NOG-ZO,14,0.03,True,228,233472,0.02679061331,960,983040,formal
synthetic_maxsinl1,latest_NOG-ZO,14,0.025,True,232,237568,0.02237441763,960,983040,formal
synthetic_maxsinl1,latest_NOG-ZO,14,0.02,True,236,241664,0.01813918352,960,983040,formal
synthetic_maxsinl1,latest_NOG-ZO,14,0.018,True,240,245760,0.0163768623,960,983040,formal
synthetic_maxsinl1,latest_NOG-ZO,14,0.016,False,,,0.02776306309,960,983040,formal
synthetic_maxsinl1,latest_NOG-ZO,14,0.015,False,,,0.02776306309,960,983040,formal
synthetic_maxsinl1,latest_NOG-ZO,14,0.014,False,,,0.02776306309,960,983040,formal
synthetic_maxsinl1,latest_NOG-ZO,14,0.013,False,,,0.02776306309,960,983040,formal
synthetic_maxsinl1,latest_NOG-ZO,14,0.012,False,,,0.02776306309,960,983040,formal
synthetic_maxsinl1,latest_NOG-ZO,14,0.0115,False,,,0.02776306309,960,983040,formal
synthetic_maxsinl1,latest_NOG-ZO,14,0.011,False,,,0.02776306309,960,983040,formal
synthetic_maxsinl1,latest_NOG-ZO,14,0.01075,False,,,0.02776306309,960,983040,formal
synthetic_maxsinl1,latest_NOG-ZO,14,0.0105,False,,,0.02776306309,960,983040,formal
synthetic_maxsinl1,latest_NOG-ZO,14,0.01025,False,,,0.02776306309,960,983040,formal
synthetic_maxsinl1,latest_NOG-ZO,14,0.01,False,,,0.02776306309,960,983040,formal
synthetic_maxsinl1,latest_NOG-ZO,14,0.0095,False,,,0.02776306309,960,983040,formal
synthetic_maxsinl1,latest_NOG-ZO,14,0.009,False,,,0.02776306309,960,983040,formal
synthetic_maxsinl1,latest_NOG-ZO,14,0.008,False,,,0.02776306309,960,983040,formal
synthetic_maxsinl1,latest_NOG-ZO,14,0.007,False,,,0.02776306309,960,983040,formal
synthetic_maxsinl1,latest_NOG-ZO,14,0.006,False,,,0.02776306309,960,983040,formal
synthetic_maxsinl1,latest_NOG-ZO,14,0.005,False,,,0.02776306309,960,983040,formal
synthetic_maxsinl1,latest_NOG-ZO,14,0.004,False,,,0.02776306309,960,983040,formal
synthetic_maxsinl1,latest_NOG-ZO,14,0.003,False,,,0.02776306309,960,983040,formal
synthetic_maxsinl1,latest_NOG-ZO,14,0.002,False,,,0.02776306309,960,983040,formal
synthetic_maxsinl1,latest_NOG-ZO,15,0.2,True,104,106496,0.196537748,960,983040,formal
synthetic_maxsinl1,latest_NOG-ZO,15,0.18,True,120,122880,0.1792168319,960,983040,formal
synthetic_maxsinl1,latest_NOG-ZO,15,0.16,True,140,143360,0.1550267786,960,983040,formal
synthetic_maxsinl1,latest_NOG-ZO,15,0.14,True,152,155648,0.1392867267,960,983040,formal
synthetic_maxsinl1,latest_NOG-ZO,15,0.12,True,168,172032,0.1168037504,960,983040,formal
synthetic_maxsinl1,latest_NOG-ZO,15,0.1,True,180,184320,0.09973986447,960,983040,formal
synthetic_maxsinl1,latest_NOG-ZO,15,0.09,True,188,192512,0.08841402084,960,983040,formal
synthetic_maxsinl1,latest_NOG-ZO,15,0.08,True,196,200704,0.07637835294,960,983040,formal
synthetic_maxsinl1,latest_NOG-ZO,15,0.07,True,204,208896,0.06509081274,960,983040,formal
synthetic_maxsinl1,latest_NOG-ZO,15,0.06,True,208,212992,0.05891389027,960,983040,formal
synthetic_maxsinl1,latest_NOG-ZO,15,0.05,True,216,221184,0.04781055823,960,983040,formal
synthetic_maxsinl1,latest_NOG-ZO,15,0.04,True,224,229376,0.03625983745,960,983040,formal
synthetic_maxsinl1,latest_NOG-ZO,15,0.03,True,232,237568,0.02606501803,960,983040,formal
synthetic_maxsinl1,latest_NOG-ZO,15,0.025,True,236,241664,0.02172651887,960,983040,formal
synthetic_maxsinl1,latest_NOG-ZO,15,0.02,True,240,245760,0.01744808443,960,983040,formal
synthetic_maxsinl1,latest_NOG-ZO,15,0.018,True,240,245760,0.01744808443,960,983040,formal
synthetic_maxsinl1,latest_NOG-ZO,15,0.016,True,244,249856,0.0146319028,960,983040,formal
synthetic_maxsinl1,latest_NOG-ZO,15,0.015,True,244,249856,0.0146319028,960,983040,formal
synthetic_maxsinl1,latest_NOG-ZO,15,0.014,False,,,0.03057448007,960,983040,formal
synthetic_maxsinl1,latest_NOG-ZO,15,0.013,False,,,0.03057448007,960,983040,formal
synthetic_maxsinl1,latest_NOG-ZO,15,0.012,False,,,0.03057448007,960,983040,formal
synthetic_maxsinl1,latest_NOG-ZO,15,0.0115,False,,,0.03057448007,960,983040,formal
synthetic_maxsinl1,latest_NOG-ZO,15,0.011,False,,,0.03057448007,960,983040,formal
synthetic_maxsinl1,latest_NOG-ZO,15,0.01075,False,,,0.03057448007,960,983040,formal
synthetic_maxsinl1,latest_NOG-ZO,15,0.0105,False,,,0.03057448007,960,983040,formal
synthetic_maxsinl1,latest_NOG-ZO,15,0.01025,False,,,0.03057448007,960,983040,formal
synthetic_maxsinl1,latest_NOG-ZO,15,0.01,False,,,0.03057448007,960,983040,formal
synthetic_maxsinl1,latest_NOG-ZO,15,0.0095,False,,,0.03057448007,960,983040,formal
synthetic_maxsinl1,latest_NOG-ZO,15,0.009,False,,,0.03057448007,960,983040,formal
synthetic_maxsinl1,latest_NOG-ZO,15,0.008,False,,,0.03057448007,960,983040,formal
synthetic_maxsinl1,latest_NOG-ZO,15,0.007,False,,,0.03057448007,960,983040,formal
synthetic_maxsinl1,latest_NOG-ZO,15,0.006,False,,,0.03057448007,960,983040,formal
synthetic_maxsinl1,latest_NOG-ZO,15,0.005,False,,,0.03057448007,960,983040,formal
synthetic_maxsinl1,latest_NOG-ZO,15,0.004,False,,,0.03057448007,960,983040,formal
synthetic_maxsinl1,latest_NOG-ZO,15,0.003,False,,,0.03057448007,960,983040,formal
synthetic_maxsinl1,latest_NOG-ZO,15,0.002,False,,,0.03057448007,960,983040,formal
synthetic_maxsinl1,latest_NOG-ZO,16,0.2,True,104,106496,0.1960608214,960,983040,formal
synthetic_maxsinl1,latest_NOG-ZO,16,0.18,True,120,122880,0.1782932878,960,983040,formal
synthetic_maxsinl1,latest_NOG-ZO,16,0.16,True,136,139264,0.1578094214,960,983040,formal
synthetic_maxsinl1,latest_NOG-ZO,16,0.14,True,152,155648,0.1361672431,960,983040,formal
synthetic_maxsinl1,latest_NOG-ZO,16,0.12,True,168,172032,0.1143262833,960,983040,formal
synthetic_maxsinl1,latest_NOG-ZO,16,0.1,True,180,184320,0.09692326933,960,983040,formal
synthetic_maxsinl1,latest_NOG-ZO,16,0.09,True,188,192512,0.08425463736,960,983040,formal
synthetic_maxsinl1,latest_NOG-ZO,16,0.08,True,192,196608,0.07842960209,960,983040,formal
synthetic_maxsinl1,latest_NOG-ZO,16,0.07,True,200,204800,0.06660564244,960,983040,formal
synthetic_maxsinl1,latest_NOG-ZO,16,0.06,True,208,212992,0.0544655472,960,983040,formal
synthetic_maxsinl1,latest_NOG-ZO,16,0.05,True,212,217088,0.04878915101,960,983040,formal
synthetic_maxsinl1,latest_NOG-ZO,16,0.04,True,220,225280,0.03712822869,960,983040,formal
synthetic_maxsinl1,latest_NOG-ZO,16,0.03,True,228,233472,0.02691198327,960,983040,formal
synthetic_maxsinl1,latest_NOG-ZO,16,0.025,True,232,237568,0.02243844047,960,983040,formal
synthetic_maxsinl1,latest_NOG-ZO,16,0.02,True,236,241664,0.01812077686,960,983040,formal
synthetic_maxsinl1,latest_NOG-ZO,16,0.018,True,240,245760,0.01509825327,960,983040,formal
synthetic_maxsinl1,latest_NOG-ZO,16,0.016,True,240,245760,0.01509825327,960,983040,formal
synthetic_maxsinl1,latest_NOG-ZO,16,0.015,True,244,249856,0.0138391573,960,983040,formal
synthetic_maxsinl1,latest_NOG-ZO,16,0.014,False,,,0.02681296878,960,983040,formal
synthetic_maxsinl1,latest_NOG-ZO,16,0.013,False,,,0.02681296878,960,983040,formal
synthetic_maxsinl1,latest_NOG-ZO,16,0.012,False,,,0.02681296878,960,983040,formal
synthetic_maxsinl1,latest_NOG-ZO,16,0.0115,False,,,0.02681296878,960,983040,formal
synthetic_maxsinl1,latest_NOG-ZO,16,0.011,False,,,0.02681296878,960,983040,formal
synthetic_maxsinl1,latest_NOG-ZO,16,0.01075,False,,,0.02681296878,960,983040,formal
synthetic_maxsinl1,latest_NOG-ZO,16,0.0105,False,,,0.02681296878,960,983040,formal
synthetic_maxsinl1,latest_NOG-ZO,16,0.01025,False,,,0.02681296878,960,983040,formal
synthetic_maxsinl1,latest_NOG-ZO,16,0.01,False,,,0.02681296878,960,983040,formal
synthetic_maxsinl1,latest_NOG-ZO,16,0.0095,False,,,0.02681296878,960,983040,formal
synthetic_maxsinl1,latest_NOG-ZO,16,0.009,False,,,0.02681296878,960,983040,formal
synthetic_maxsinl1,latest_NOG-ZO,16,0.008,False,,,0.02681296878,960,983040,formal
synthetic_maxsinl1,latest_NOG-ZO,16,0.007,False,,,0.02681296878,960,983040,formal
synthetic_maxsinl1,latest_NOG-ZO,16,0.006,False,,,0.02681296878,960,983040,formal
synthetic_maxsinl1,latest_NOG-ZO,16,0.005,False,,,0.02681296878,960,983040,formal
synthetic_maxsinl1,latest_NOG-ZO,16,0.004,False,,,0.02681296878,960,983040,formal
synthetic_maxsinl1,latest_NOG-ZO,16,0.003,False,,,0.02681296878,960,983040,formal
synthetic_maxsinl1,latest_NOG-ZO,16,0.002,False,,,0.02681296878,960,983040,formal
synthetic_maxsinl1,latest_NOG-ZO,17,0.2,True,104,106496,0.1960810274,960,983040,formal
synthetic_maxsinl1,latest_NOG-ZO,17,0.18,True,120,122880,0.1779974252,960,983040,formal
synthetic_maxsinl1,latest_NOG-ZO,17,0.16,True,136,139264,0.1593954563,960,983040,formal
synthetic_maxsinl1,latest_NOG-ZO,17,0.14,True,152,155648,0.1374561638,960,983040,formal
synthetic_maxsinl1,latest_NOG-ZO,17,0.12,True,168,172032,0.1156328395,960,983040,formal
synthetic_maxsinl1,latest_NOG-ZO,17,0.1,True,180,184320,0.09780570865,960,983040,formal
synthetic_maxsinl1,latest_NOG-ZO,17,0.09,True,188,192512,0.08653121442,960,983040,formal
synthetic_maxsinl1,latest_NOG-ZO,17,0.08,True,196,200704,0.07425581664,960,983040,formal
synthetic_maxsinl1,latest_NOG-ZO,17,0.07,True,200,204800,0.06858933717,960,983040,formal
synthetic_maxsinl1,latest_NOG-ZO,17,0.06,True,208,212992,0.05800205469,960,983040,formal
synthetic_maxsinl1,latest_NOG-ZO,17,0.05,True,216,221184,0.04604355618,960,983040,formal
synthetic_maxsinl1,latest_NOG-ZO,17,0.04,True,224,229376,0.03534918651,960,983040,formal
synthetic_maxsinl1,latest_NOG-ZO,17,0.03,True,232,237568,0.02529221401,960,983040,formal
synthetic_maxsinl1,latest_NOG-ZO,17,0.025,True,236,241664,0.02086755075,960,983040,formal
synthetic_maxsinl1,latest_NOG-ZO,17,0.02,True,240,245760,0.0174804423,960,983040,formal
synthetic_maxsinl1,latest_NOG-ZO,17,0.018,True,240,245760,0.0174804423,960,983040,formal
synthetic_maxsinl1,latest_NOG-ZO,17,0.016,True,244,249856,0.01550695952,960,983040,formal
synthetic_maxsinl1,latest_NOG-ZO,17,0.015,False,,,0.02994085662,960,983040,formal
synthetic_maxsinl1,latest_NOG-ZO,17,0.014,False,,,0.02994085662,960,983040,formal
synthetic_maxsinl1,latest_NOG-ZO,17,0.013,False,,,0.02994085662,960,983040,formal
synthetic_maxsinl1,latest_NOG-ZO,17,0.012,False,,,0.02994085662,960,983040,formal
synthetic_maxsinl1,latest_NOG-ZO,17,0.0115,False,,,0.02994085662,960,983040,formal
synthetic_maxsinl1,latest_NOG-ZO,17,0.011,False,,,0.02994085662,960,983040,formal
synthetic_maxsinl1,latest_NOG-ZO,17,0.01075,False,,,0.02994085662,960,983040,formal
synthetic_maxsinl1,latest_NOG-ZO,17,0.0105,False,,,0.02994085662,960,983040,formal
synthetic_maxsinl1,latest_NOG-ZO,17,0.01025,False,,,0.02994085662,960,983040,formal
synthetic_maxsinl1,latest_NOG-ZO,17,0.01,False,,,0.02994085662,960,983040,formal
synthetic_maxsinl1,latest_NOG-ZO,17,0.0095,False,,,0.02994085662,960,983040,formal
synthetic_maxsinl1,latest_NOG-ZO,17,0.009,False,,,0.02994085662,960,983040,formal
synthetic_maxsinl1,latest_NOG-ZO,17,0.008,False,,,0.02994085662,960,983040,formal
synthetic_maxsinl1,latest_NOG-ZO,17,0.007,False,,,0.02994085662,960,983040,formal
synthetic_maxsinl1,latest_NOG-ZO,17,0.006,False,,,0.02994085662,960,983040,formal
synthetic_maxsinl1,latest_NOG-ZO,17,0.005,False,,,0.02994085662,960,983040,formal
synthetic_maxsinl1,latest_NOG-ZO,17,0.004,False,,,0.02994085662,960,983040,formal
synthetic_maxsinl1,latest_NOG-ZO,17,0.003,False,,,0.02994085662,960,983040,formal
synthetic_maxsinl1,latest_NOG-ZO,17,0.002,False,,,0.02994085662,960,983040,formal
synthetic_maxsinl1,latest_NOG-ZO,18,0.2,True,104,106496,0.1975050271,960,983040,formal
synthetic_maxsinl1,latest_NOG-ZO,18,0.18,True,120,122880,0.1786980629,960,983040,formal
synthetic_maxsinl1,latest_NOG-ZO,18,0.16,True,136,139264,0.159201473,960,983040,formal
synthetic_maxsinl1,latest_NOG-ZO,18,0.14,True,152,155648,0.1372836977,960,983040,formal
synthetic_maxsinl1,latest_NOG-ZO,18,0.12,True,168,172032,0.1145880148,960,983040,formal
synthetic_maxsinl1,latest_NOG-ZO,18,0.1,True,180,184320,0.09679663926,960,983040,formal
synthetic_maxsinl1,latest_NOG-ZO,18,0.09,True,188,192512,0.08538324386,960,983040,formal
synthetic_maxsinl1,latest_NOG-ZO,18,0.08,True,192,196608,0.07930745184,960,983040,formal
synthetic_maxsinl1,latest_NOG-ZO,18,0.07,True,200,204800,0.06711316109,960,983040,formal
synthetic_maxsinl1,latest_NOG-ZO,18,0.06,True,208,212992,0.05552947149,960,983040,formal
synthetic_maxsinl1,latest_NOG-ZO,18,0.05,True,212,217088,0.04904043674,960,983040,formal
synthetic_maxsinl1,latest_NOG-ZO,18,0.04,True,220,225280,0.03800278157,960,983040,formal
synthetic_maxsinl1,latest_NOG-ZO,18,0.03,True,228,233472,0.02827607095,960,983040,formal
synthetic_maxsinl1,latest_NOG-ZO,18,0.025,True,232,237568,0.0238678176,960,983040,formal
synthetic_maxsinl1,latest_NOG-ZO,18,0.02,True,236,241664,0.01984008402,960,983040,formal
synthetic_maxsinl1,latest_NOG-ZO,18,0.018,True,240,245760,0.01686557941,960,983040,formal
synthetic_maxsinl1,latest_NOG-ZO,18,0.016,False,,,0.02806385048,960,983040,formal
synthetic_maxsinl1,latest_NOG-ZO,18,0.015,False,,,0.02806385048,960,983040,formal
synthetic_maxsinl1,latest_NOG-ZO,18,0.014,False,,,0.02806385048,960,983040,formal
synthetic_maxsinl1,latest_NOG-ZO,18,0.013,False,,,0.02806385048,960,983040,formal
synthetic_maxsinl1,latest_NOG-ZO,18,0.012,False,,,0.02806385048,960,983040,formal
synthetic_maxsinl1,latest_NOG-ZO,18,0.0115,False,,,0.02806385048,960,983040,formal
synthetic_maxsinl1,latest_NOG-ZO,18,0.011,False,,,0.02806385048,960,983040,formal
synthetic_maxsinl1,latest_NOG-ZO,18,0.01075,False,,,0.02806385048,960,983040,formal
synthetic_maxsinl1,latest_NOG-ZO,18,0.0105,False,,,0.02806385048,960,983040,formal
synthetic_maxsinl1,latest_NOG-ZO,18,0.01025,False,,,0.02806385048,960,983040,formal
synthetic_maxsinl1,latest_NOG-ZO,18,0.01,False,,,0.02806385048,960,983040,formal
synthetic_maxsinl1,latest_NOG-ZO,18,0.0095,False,,,0.02806385048,960,983040,formal
synthetic_maxsinl1,latest_NOG-ZO,18,0.009,False,,,0.02806385048,960,983040,formal
synthetic_maxsinl1,latest_NOG-ZO,18,0.008,False,,,0.02806385048,960,983040,formal
synthetic_maxsinl1,latest_NOG-ZO,18,0.007,False,,,0.02806385048,960,983040,formal
synthetic_maxsinl1,latest_NOG-ZO,18,0.006,False,,,0.02806385048,960,983040,formal
synthetic_maxsinl1,latest_NOG-ZO,18,0.005,False,,,0.02806385048,960,983040,formal
synthetic_maxsinl1,latest_NOG-ZO,18,0.004,False,,,0.02806385048,960,983040,formal
synthetic_maxsinl1,latest_NOG-ZO,18,0.003,False,,,0.02806385048,960,983040,formal
synthetic_maxsinl1,latest_NOG-ZO,18,0.002,False,,,0.02806385048,960,983040,formal
synthetic_maxsinl1,latest_NOG-ZO,19,0.2,True,104,106496,0.1979967803,960,983040,formal
synthetic_maxsinl1,latest_NOG-ZO,19,0.18,True,120,122880,0.1797751784,960,983040,formal
synthetic_maxsinl1,latest_NOG-ZO,19,0.16,True,140,143360,0.1550246179,960,983040,formal
synthetic_maxsinl1,latest_NOG-ZO,19,0.14,True,152,155648,0.1389311254,960,983040,formal
synthetic_maxsinl1,latest_NOG-ZO,19,0.12,True,168,172032,0.1164501309,960,983040,formal
synthetic_maxsinl1,latest_NOG-ZO,19,0.1,True,180,184320,0.09791933745,960,983040,formal
synthetic_maxsinl1,latest_NOG-ZO,19,0.09,True,188,192512,0.0869467631,960,983040,formal
synthetic_maxsinl1,latest_NOG-ZO,19,0.08,True,192,196608,0.07999911159,960,983040,formal
synthetic_maxsinl1,latest_NOG-ZO,19,0.07,True,200,204800,0.06834390014,960,983040,formal
synthetic_maxsinl1,latest_NOG-ZO,19,0.06,True,208,212992,0.05682355911,960,983040,formal
synthetic_maxsinl1,latest_NOG-ZO,19,0.05,True,216,221184,0.04481903091,960,983040,formal
synthetic_maxsinl1,latest_NOG-ZO,19,0.04,True,220,225280,0.03864007443,960,983040,formal
synthetic_maxsinl1,latest_NOG-ZO,19,0.03,True,228,233472,0.02815685607,960,983040,formal
synthetic_maxsinl1,latest_NOG-ZO,19,0.025,True,232,237568,0.02301998995,960,983040,formal
synthetic_maxsinl1,latest_NOG-ZO,19,0.02,True,236,241664,0.01896227337,960,983040,formal
synthetic_maxsinl1,latest_NOG-ZO,19,0.018,True,240,245760,0.01533159334,960,983040,formal
synthetic_maxsinl1,latest_NOG-ZO,19,0.016,True,240,245760,0.01533159334,960,983040,formal
synthetic_maxsinl1,latest_NOG-ZO,19,0.015,True,244,249856,0.01399360597,960,983040,formal
synthetic_maxsinl1,latest_NOG-ZO,19,0.014,False,,,0.02813082375,960,983040,formal
synthetic_maxsinl1,latest_NOG-ZO,19,0.013,False,,,0.02813082375,960,983040,formal
synthetic_maxsinl1,latest_NOG-ZO,19,0.012,False,,,0.02813082375,960,983040,formal
synthetic_maxsinl1,latest_NOG-ZO,19,0.0115,False,,,0.02813082375,960,983040,formal
synthetic_maxsinl1,latest_NOG-ZO,19,0.011,False,,,0.02813082375,960,983040,formal
synthetic_maxsinl1,latest_NOG-ZO,19,0.01075,False,,,0.02813082375,960,983040,formal
synthetic_maxsinl1,latest_NOG-ZO,19,0.0105,False,,,0.02813082375,960,983040,formal
synthetic_maxsinl1,latest_NOG-ZO,19,0.01025,False,,,0.02813082375,960,983040,formal
synthetic_maxsinl1,latest_NOG-ZO,19,0.01,False,,,0.02813082375,960,983040,formal
synthetic_maxsinl1,latest_NOG-ZO,19,0.0095,False,,,0.02813082375,960,983040,formal
synthetic_maxsinl1,latest_NOG-ZO,19,0.009,False,,,0.02813082375,960,983040,formal
synthetic_maxsinl1,latest_NOG-ZO,19,0.008,False,,,0.02813082375,960,983040,formal
synthetic_maxsinl1,latest_NOG-ZO,19,0.007,False,,,0.02813082375,960,983040,formal
synthetic_maxsinl1,latest_NOG-ZO,19,0.006,False,,,0.02813082375,960,983040,formal
synthetic_maxsinl1,latest_NOG-ZO,19,0.005,False,,,0.02813082375,960,983040,formal
synthetic_maxsinl1,latest_NOG-ZO,19,0.004,False,,,0.02813082375,960,983040,formal
synthetic_maxsinl1,latest_NOG-ZO,19,0.003,False,,,0.02813082375,960,983040,formal
synthetic_maxsinl1,latest_NOG-ZO,19,0.002,False,,,0.02813082375,960,983040,formal
a9a,current_NOG-nonopt,720,0.05,True,2019,258432,0.04771186039,7680,983040,formal
a9a,current_NOG-nonopt,720,0.03,True,3267,418176,0.02990848199,7680,983040,formal
a9a,current_NOG-nonopt,720,0.02,False,,,0.02313465625,7680,983040,formal
a9a,current_NOG-nonopt,720,0.015,False,,,0.02313465625,7680,983040,formal
a9a,current_NOG-nonopt,720,0.01,False,,,0.02313465625,7680,983040,formal
a9a,current_NOG-nonopt,720,0.009,False,,,0.02313465625,7680,983040,formal
a9a,current_NOG-nonopt,720,0.008,False,,,0.02313465625,7680,983040,formal
a9a,current_NOG-nonopt,720,0.005,False,,,0.02313465625,7680,983040,formal
a9a,current_NOG-nonopt,721,0.05,True,2115,270720,0.04936775565,7680,983040,formal
a9a,current_NOG-nonopt,721,0.03,True,2595,332160,0.02958248183,7680,983040,formal
a9a,current_NOG-nonopt,721,0.02,False,,,0.02476726845,7680,983040,formal
a9a,current_NOG-nonopt,721,0.015,False,,,0.02476726845,7680,983040,formal
a9a,current_NOG-nonopt,721,0.01,False,,,0.02476726845,7680,983040,formal
a9a,current_NOG-nonopt,721,0.009,False,,,0.02476726845,7680,983040,formal
a9a,current_NOG-nonopt,721,0.008,False,,,0.02476726845,7680,983040,formal
a9a,current_NOG-nonopt,721,0.005,False,,,0.02476726845,7680,983040,formal
a9a,current_NOG-nonopt,722,0.05,True,1827,233856,0.04946062341,7680,983040,formal
a9a,current_NOG-nonopt,722,0.03,True,2595,332160,0.02915781923,7680,983040,formal
a9a,current_NOG-nonopt,722,0.02,False,,,0.02630356885,7680,983040,formal
a9a,current_NOG-nonopt,722,0.015,False,,,0.02630356885,7680,983040,formal
a9a,current_NOG-nonopt,722,0.01,False,,,0.02630356885,7680,983040,formal
a9a,current_NOG-nonopt,722,0.009,False,,,0.02630356885,7680,983040,formal
a9a,current_NOG-nonopt,722,0.008,False,,,0.02630356885,7680,983040,formal
a9a,current_NOG-nonopt,722,0.005,False,,,0.02630356885,7680,983040,formal
a9a,current_NOG-nonopt,723,0.05,True,2211,283008,0.0474582687,7680,983040,formal
a9a,current_NOG-nonopt,723,0.03,True,3459,442752,0.02958929911,7680,983040,formal
a9a,current_NOG-nonopt,723,0.02,False,,,0.02639009058,7680,983040,formal
a9a,current_NOG-nonopt,723,0.015,False,,,0.02639009058,7680,983040,formal
a9a,current_NOG-nonopt,723,0.01,False,,,0.02639009058,7680,983040,formal
a9a,current_NOG-nonopt,723,0.009,False,,,0.02639009058,7680,983040,formal
a9a,current_NOG-nonopt,723,0.008,False,,,0.02639009058,7680,983040,formal
a9a,current_NOG-nonopt,723,0.005,False,,,0.02639009058,7680,983040,formal
a9a,current_NOG-nonopt,724,0.05,True,1923,246144,0.04815961421,7680,983040,formal
a9a,current_NOG-nonopt,724,0.03,True,3843,491904,0.0292788893,7680,983040,formal
a9a,current_NOG-nonopt,724,0.02,False,,,0.02663749643,7680,983040,formal
a9a,current_NOG-nonopt,724,0.015,False,,,0.02663749643,7680,983040,formal
a9a,current_NOG-nonopt,724,0.01,False,,,0.02663749643,7680,983040,formal
a9a,current_NOG-nonopt,724,0.009,False,,,0.02663749643,7680,983040,formal
a9a,current_NOG-nonopt,724,0.008,False,,,0.02663749643,7680,983040,formal
a9a,current_NOG-nonopt,724,0.005,False,,,0.02663749643,7680,983040,formal
a9a,current_NOG-nonopt,725,0.05,True,2115,270720,0.04353857413,7680,983040,formal
a9a,current_NOG-nonopt,725,0.03,True,3171,405888,0.02747804672,7680,983040,formal
a9a,current_NOG-nonopt,725,0.02,False,,,0.02401616611,7680,983040,formal
a9a,current_NOG-nonopt,725,0.015,False,,,0.02401616611,7680,983040,formal
a9a,current_NOG-nonopt,725,0.01,False,,,0.02401616611,7680,983040,formal
a9a,current_NOG-nonopt,725,0.009,False,,,0.02401616611,7680,983040,formal
a9a,current_NOG-nonopt,725,0.008,False,,,0.02401616611,7680,983040,formal
a9a,current_NOG-nonopt,725,0.005,False,,,0.02401616611,7680,983040,formal
a9a,current_NOG-nonopt,726,0.05,True,1923,246144,0.04681900889,7680,983040,formal
a9a,current_NOG-nonopt,726,0.03,True,2787,356736,0.02826597169,7680,983040,formal
a9a,current_NOG-nonopt,726,0.02,False,,,0.02164837904,7680,983040,formal
a9a,current_NOG-nonopt,726,0.015,False,,,0.02164837904,7680,983040,formal
a9a,current_NOG-nonopt,726,0.01,False,,,0.02164837904,7680,983040,formal
a9a,current_NOG-nonopt,726,0.009,False,,,0.02164837904,7680,983040,formal
a9a,current_NOG-nonopt,726,0.008,False,,,0.02164837904,7680,983040,formal
a9a,current_NOG-nonopt,726,0.005,False,,,0.02164837904,7680,983040,formal
a9a,current_NOG-nonopt,727,0.05,True,1923,246144,0.0494704321,7680,983040,formal
a9a,current_NOG-nonopt,727,0.03,True,2787,356736,0.02982991003,7680,983040,formal
a9a,current_NOG-nonopt,727,0.02,False,,,0.02472243272,7680,983040,formal
a9a,current_NOG-nonopt,727,0.015,False,,,0.02472243272,7680,983040,formal
a9a,current_NOG-nonopt,727,0.01,False,,,0.02472243272,7680,983040,formal
a9a,current_NOG-nonopt,727,0.009,False,,,0.02472243272,7680,983040,formal
a9a,current_NOG-nonopt,727,0.008,False,,,0.02472243272,7680,983040,formal
a9a,current_NOG-nonopt,727,0.005,False,,,0.02472243272,7680,983040,formal
a9a,current_NOG-nonopt,728,0.05,True,2211,283008,0.0416559726,7680,983040,formal
a9a,current_NOG-nonopt,728,0.03,True,3267,418176,0.02843379416,7680,983040,formal
a9a,current_NOG-nonopt,728,0.02,False,,,0.02819310874,7680,983040,formal
a9a,current_NOG-nonopt,728,0.015,False,,,0.02819310874,7680,983040,formal
a9a,current_NOG-nonopt,728,0.01,False,,,0.02819310874,7680,983040,formal
a9a,current_NOG-nonopt,728,0.009,False,,,0.02819310874,7680,983040,formal
a9a,current_NOG-nonopt,728,0.008,False,,,0.02819310874,7680,983040,formal
a9a,current_NOG-nonopt,728,0.005,False,,,0.02819310874,7680,983040,formal
a9a,current_NOG-nonopt,729,0.05,True,1923,246144,0.04775648192,7680,983040,formal
a9a,current_NOG-nonopt,729,0.03,True,3075,393600,0.02800513245,7680,983040,formal
a9a,current_NOG-nonopt,729,0.02,False,,,0.02475070395,7680,983040,formal
a9a,current_NOG-nonopt,729,0.015,False,,,0.02475070395,7680,983040,formal
a9a,current_NOG-nonopt,729,0.01,False,,,0.02475070395,7680,983040,formal
a9a,current_NOG-nonopt,729,0.009,False,,,0.02475070395,7680,983040,formal
a9a,current_NOG-nonopt,729,0.008,False,,,0.02475070395,7680,983040,formal
a9a,current_NOG-nonopt,729,0.005,False,,,0.02475070395,7680,983040,formal
a9a,current_NOG-nonopt,730,0.05,True,2211,283008,0.03940403461,7680,983040,formal
a9a,current_NOG-nonopt,730,0.03,True,2979,381312,0.02953468822,7680,983040,formal
a9a,current_NOG-nonopt,730,0.02,False,,,0.02523600869,7680,983040,formal
a9a,current_NOG-nonopt,730,0.015,False,,,0.02523600869,7680,983040,formal
a9a,current_NOG-nonopt,730,0.01,False,,,0.02523600869,7680,983040,formal
a9a,current_NOG-nonopt,730,0.009,False,,,0.02523600869,7680,983040,formal
a9a,current_NOG-nonopt,730,0.008,False,,,0.02523600869,7680,983040,formal
a9a,current_NOG-nonopt,730,0.005,False,,,0.02523600869,7680,983040,formal
a9a,current_NOG-nonopt,731,0.05,True,1923,246144,0.04534271732,7680,983040,formal
a9a,current_NOG-nonopt,731,0.03,True,2883,369024,0.02941969782,7680,983040,formal
a9a,current_NOG-nonopt,731,0.02,False,,,0.02363396995,7680,983040,formal
a9a,current_NOG-nonopt,731,0.015,False,,,0.02363396995,7680,983040,formal
a9a,current_NOG-nonopt,731,0.01,False,,,0.02363396995,7680,983040,formal
a9a,current_NOG-nonopt,731,0.009,False,,,0.02363396995,7680,983040,formal
a9a,current_NOG-nonopt,731,0.008,False,,,0.02363396995,7680,983040,formal
a9a,current_NOG-nonopt,731,0.005,False,,,0.02363396995,7680,983040,formal
a9a,current_NOG-nonopt,732,0.05,True,1827,233856,0.04735048488,7680,983040,formal
a9a,current_NOG-nonopt,732,0.03,True,3171,405888,0.02637713403,7680,983040,formal
a9a,current_NOG-nonopt,732,0.02,False,,,0.0285556186,7680,983040,formal
a9a,current_NOG-nonopt,732,0.015,False,,,0.0285556186,7680,983040,formal
a9a,current_NOG-nonopt,732,0.01,False,,,0.0285556186,7680,983040,formal
a9a,current_NOG-nonopt,732,0.009,False,,,0.0285556186,7680,983040,formal
a9a,current_NOG-nonopt,732,0.008,False,,,0.0285556186,7680,983040,formal
a9a,current_NOG-nonopt,732,0.005,False,,,0.0285556186,7680,983040,formal
a9a,current_NOG-nonopt,733,0.05,True,2115,270720,0.04475898296,7680,983040,formal
a9a,current_NOG-nonopt,733,0.03,True,3459,442752,0.02933126688,7680,983040,formal
a9a,current_NOG-nonopt,733,0.02,False,,,0.02519071102,7680,983040,formal
a9a,current_NOG-nonopt,733,0.015,False,,,0.02519071102,7680,983040,formal
a9a,current_NOG-nonopt,733,0.01,False,,,0.02519071102,7680,983040,formal
a9a,current_NOG-nonopt,733,0.009,False,,,0.02519071102,7680,983040,formal
a9a,current_NOG-nonopt,733,0.008,False,,,0.02519071102,7680,983040,formal
a9a,current_NOG-nonopt,733,0.005,False,,,0.02519071102,7680,983040,formal
a9a,current_NOG-nonopt,734,0.05,True,1923,246144,0.04423297942,7680,983040,formal
a9a,current_NOG-nonopt,734,0.03,True,2787,356736,0.02928502858,7680,983040,formal
a9a,current_NOG-nonopt,734,0.02,False,,,0.02442685701,7680,983040,formal
a9a,current_NOG-nonopt,734,0.015,False,,,0.02442685701,7680,983040,formal
a9a,current_NOG-nonopt,734,0.01,False,,,0.02442685701,7680,983040,formal
a9a,current_NOG-nonopt,734,0.009,False,,,0.02442685701,7680,983040,formal
a9a,current_NOG-nonopt,734,0.008,False,,,0.02442685701,7680,983040,formal
a9a,current_NOG-nonopt,734,0.005,False,,,0.02442685701,7680,983040,formal
a9a,current_NOG-nonopt,735,0.05,True,2211,283008,0.04087517783,7680,983040,formal
a9a,current_NOG-nonopt,735,0.03,True,2691,344448,0.02925335243,7680,983040,formal
a9a,current_NOG-nonopt,735,0.02,False,,,0.03097676858,7680,983040,formal
a9a,current_NOG-nonopt,735,0.015,False,,,0.03097676858,7680,983040,formal
a9a,current_NOG-nonopt,735,0.01,False,,,0.03097676858,7680,983040,formal
a9a,current_NOG-nonopt,735,0.009,False,,,0.03097676858,7680,983040,formal
a9a,current_NOG-nonopt,735,0.008,False,,,0.03097676858,7680,983040,formal
a9a,current_NOG-nonopt,735,0.005,False,,,0.03097676858,7680,983040,formal
a9a,current_NOG-nonopt,736,0.05,True,2211,283008,0.04333256185,7680,983040,formal
a9a,current_NOG-nonopt,736,0.03,True,3651,467328,0.02860469371,7680,983040,formal
a9a,current_NOG-nonopt,736,0.02,False,,,0.02695282549,7680,983040,formal
a9a,current_NOG-nonopt,736,0.015,False,,,0.02695282549,7680,983040,formal
a9a,current_NOG-nonopt,736,0.01,False,,,0.02695282549,7680,983040,formal
a9a,current_NOG-nonopt,736,0.009,False,,,0.02695282549,7680,983040,formal
a9a,current_NOG-nonopt,736,0.008,False,,,0.02695282549,7680,983040,formal
a9a,current_NOG-nonopt,736,0.005,False,,,0.02695282549,7680,983040,formal
a9a,current_NOG-nonopt,737,0.05,True,2019,258432,0.04885147139,7680,983040,formal
a9a,current_NOG-nonopt,737,0.03,True,2787,356736,0.02894934639,7680,983040,formal
a9a,current_NOG-nonopt,737,0.02,False,,,0.02327067032,7680,983040,formal
a9a,current_NOG-nonopt,737,0.015,False,,,0.02327067032,7680,983040,formal
a9a,current_NOG-nonopt,737,0.01,False,,,0.02327067032,7680,983040,formal
a9a,current_NOG-nonopt,737,0.009,False,,,0.02327067032,7680,983040,formal
a9a,current_NOG-nonopt,737,0.008,False,,,0.02327067032,7680,983040,formal
a9a,current_NOG-nonopt,737,0.005,False,,,0.02327067032,7680,983040,formal
a9a,current_NOG-nonopt,738,0.05,True,2115,270720,0.0451400131,7680,983040,formal
a9a,current_NOG-nonopt,738,0.03,True,2979,381312,0.02832851186,7680,983040,formal
a9a,current_NOG-nonopt,738,0.02,False,,,0.02260191925,7680,983040,formal
a9a,current_NOG-nonopt,738,0.015,False,,,0.02260191925,7680,983040,formal
a9a,current_NOG-nonopt,738,0.01,False,,,0.02260191925,7680,983040,formal
a9a,current_NOG-nonopt,738,0.009,False,,,0.02260191925,7680,983040,formal
a9a,current_NOG-nonopt,738,0.008,False,,,0.02260191925,7680,983040,formal
a9a,current_NOG-nonopt,738,0.005,False,,,0.02260191925,7680,983040,formal
a9a,current_NOG-nonopt,739,0.05,True,1923,246144,0.0489624925,7680,983040,formal
a9a,current_NOG-nonopt,739,0.03,True,2979,381312,0.02910849266,7680,983040,formal
a9a,current_NOG-nonopt,739,0.02,False,,,0.02434638143,7680,983040,formal
a9a,current_NOG-nonopt,739,0.015,False,,,0.02434638143,7680,983040,formal
a9a,current_NOG-nonopt,739,0.01,False,,,0.02434638143,7680,983040,formal
a9a,current_NOG-nonopt,739,0.009,False,,,0.02434638143,7680,983040,formal
a9a,current_NOG-nonopt,739,0.008,False,,,0.02434638143,7680,983040,formal
a9a,current_NOG-nonopt,739,0.005,False,,,0.02434638143,7680,983040,formal
a9a,current_NOG-opt,720,0.05,True,1923,246144,0.04837611318,7680,983040,formal
a9a,current_NOG-opt,720,0.03,True,3363,430464,0.02897538058,7680,983040,formal
a9a,current_NOG-opt,720,0.02,False,,,0.02307134494,7680,983040,formal
a9a,current_NOG-opt,720,0.015,False,,,0.02307134494,7680,983040,formal
a9a,current_NOG-opt,720,0.01,False,,,0.02307134494,7680,983040,formal
a9a,current_NOG-opt,720,0.009,False,,,0.02307134494,7680,983040,formal
a9a,current_NOG-opt,720,0.008,False,,,0.02307134494,7680,983040,formal
a9a,current_NOG-opt,720,0.005,False,,,0.02307134494,7680,983040,formal
a9a,current_NOG-opt,721,0.05,True,2211,283008,0.04552759603,7680,983040,formal
a9a,current_NOG-opt,721,0.03,True,2979,381312,0.02750863507,7680,983040,formal
a9a,current_NOG-opt,721,0.02,False,,,0.02466831915,7680,983040,formal
a9a,current_NOG-opt,721,0.015,False,,,0.02466831915,7680,983040,formal
a9a,current_NOG-opt,721,0.01,False,,,0.02466831915,7680,983040,formal
a9a,current_NOG-opt,721,0.009,False,,,0.02466831915,7680,983040,formal
a9a,current_NOG-opt,721,0.008,False,,,0.02466831915,7680,983040,formal
a9a,current_NOG-opt,721,0.005,False,,,0.02466831915,7680,983040,formal
a9a,current_NOG-opt,722,0.05,True,1923,246144,0.04660481215,7680,983040,formal
a9a,current_NOG-opt,722,0.03,True,2979,381312,0.02939011529,7680,983040,formal
a9a,current_NOG-opt,722,0.02,False,,,0.02651171759,7680,983040,formal
a9a,current_NOG-opt,722,0.015,False,,,0.02651171759,7680,983040,formal
a9a,current_NOG-opt,722,0.01,False,,,0.02651171759,7680,983040,formal
a9a,current_NOG-opt,722,0.009,False,,,0.02651171759,7680,983040,formal
a9a,current_NOG-opt,722,0.008,False,,,0.02651171759,7680,983040,formal
a9a,current_NOG-opt,722,0.005,False,,,0.02651171759,7680,983040,formal
a9a,current_NOG-opt,723,0.05,True,2307,295296,0.0393836014,7680,983040,formal
a9a,current_NOG-opt,723,0.03,True,3555,455040,0.02908136137,7680,983040,formal
a9a,current_NOG-opt,723,0.02,False,,,0.02695047669,7680,983040,formal
a9a,current_NOG-opt,723,0.015,False,,,0.02695047669,7680,983040,formal
a9a,current_NOG-opt,723,0.01,False,,,0.02695047669,7680,983040,formal
a9a,current_NOG-opt,723,0.009,False,,,0.02695047669,7680,983040,formal
a9a,current_NOG-opt,723,0.008,False,,,0.02695047669,7680,983040,formal
a9a,current_NOG-opt,723,0.005,False,,,0.02695047669,7680,983040,formal
a9a,current_NOG-opt,724,0.05,True,1923,246144,0.04821224883,7680,983040,formal
a9a,current_NOG-opt,724,0.03,True,3843,491904,0.02939548716,7680,983040,formal
a9a,current_NOG-opt,724,0.02,False,,,0.02701323666,7680,983040,formal
a9a,current_NOG-opt,724,0.015,False,,,0.02701323666,7680,983040,formal
a9a,current_NOG-opt,724,0.01,False,,,0.02701323666,7680,983040,formal
a9a,current_NOG-opt,724,0.009,False,,,0.02701323666,7680,983040,formal
a9a,current_NOG-opt,724,0.008,False,,,0.02701323666,7680,983040,formal
a9a,current_NOG-opt,724,0.005,False,,,0.02701323666,7680,983040,formal
a9a,current_NOG-opt,725,0.05,True,2115,270720,0.04570809007,7680,983040,formal
a9a,current_NOG-opt,725,0.03,True,3171,405888,0.02812433429,7680,983040,formal
a9a,current_NOG-opt,725,0.02,False,,,0.02407420427,7680,983040,formal
a9a,current_NOG-opt,725,0.015,False,,,0.02407420427,7680,983040,formal
a9a,current_NOG-opt,725,0.01,False,,,0.02407420427,7680,983040,formal
a9a,current_NOG-opt,725,0.009,False,,,0.02407420427,7680,983040,formal
a9a,current_NOG-opt,725,0.008,False,,,0.02407420427,7680,983040,formal
a9a,current_NOG-opt,725,0.005,False,,,0.02407420427,7680,983040,formal
a9a,current_NOG-opt,726,0.05,True,1923,246144,0.04598460719,7680,983040,formal
a9a,current_NOG-opt,726,0.03,True,2787,356736,0.02845712751,7680,983040,formal
a9a,current_NOG-opt,726,0.02,False,,,0.02154208161,7680,983040,formal
a9a,current_NOG-opt,726,0.015,False,,,0.02154208161,7680,983040,formal
a9a,current_NOG-opt,726,0.01,False,,,0.02154208161,7680,983040,formal
a9a,current_NOG-opt,726,0.009,False,,,0.02154208161,7680,983040,formal
a9a,current_NOG-opt,726,0.008,False,,,0.02154208161,7680,983040,formal
a9a,current_NOG-opt,726,0.005,False,,,0.02154208161,7680,983040,formal
a9a,current_NOG-opt,727,0.05,True,1923,246144,0.04895843938,7680,983040,formal
a9a,current_NOG-opt,727,0.03,True,2787,356736,0.02990514971,7680,983040,formal
a9a,current_NOG-opt,727,0.02,False,,,0.0246787183,7680,983040,formal
a9a,current_NOG-opt,727,0.015,False,,,0.0246787183,7680,983040,formal
a9a,current_NOG-opt,727,0.01,False,,,0.0246787183,7680,983040,formal
a9a,current_NOG-opt,727,0.009,False,,,0.0246787183,7680,983040,formal
a9a,current_NOG-opt,727,0.008,False,,,0.0246787183,7680,983040,formal
a9a,current_NOG-opt,727,0.005,False,,,0.0246787183,7680,983040,formal
a9a,current_NOG-opt,728,0.05,True,2211,283008,0.04452427849,7680,983040,formal
a9a,current_NOG-opt,728,0.03,True,3267,418176,0.02907725051,7680,983040,formal
a9a,current_NOG-opt,728,0.02,False,,,0.02872060426,7680,983040,formal
a9a,current_NOG-opt,728,0.015,False,,,0.02872060426,7680,983040,formal
a9a,current_NOG-opt,728,0.01,False,,,0.02872060426,7680,983040,formal
a9a,current_NOG-opt,728,0.009,False,,,0.02872060426,7680,983040,formal
a9a,current_NOG-opt,728,0.008,False,,,0.02872060426,7680,983040,formal
a9a,current_NOG-opt,728,0.005,False,,,0.02872060426,7680,983040,formal
a9a,current_NOG-opt,729,0.05,True,1923,246144,0.04763257876,7680,983040,formal
a9a,current_NOG-opt,729,0.03,True,3075,393600,0.02824308723,7680,983040,formal
a9a,current_NOG-opt,729,0.02,False,,,0.02493039332,7680,983040,formal
a9a,current_NOG-opt,729,0.015,False,,,0.02493039332,7680,983040,formal
a9a,current_NOG-opt,729,0.01,False,,,0.02493039332,7680,983040,formal
a9a,current_NOG-opt,729,0.009,False,,,0.02493039332,7680,983040,formal
a9a,current_NOG-opt,729,0.008,False,,,0.02493039332,7680,983040,formal
a9a,current_NOG-opt,729,0.005,False,,,0.02493039332,7680,983040,formal
a9a,current_NOG-opt,730,0.05,True,2211,283008,0.0405392237,7680,983040,formal
a9a,current_NOG-opt,730,0.03,True,2979,381312,0.02955081686,7680,983040,formal
a9a,current_NOG-opt,730,0.02,False,,,0.02524711005,7680,983040,formal
a9a,current_NOG-opt,730,0.015,False,,,0.02524711005,7680,983040,formal
a9a,current_NOG-opt,730,0.01,False,,,0.02524711005,7680,983040,formal
a9a,current_NOG-opt,730,0.009,False,,,0.02524711005,7680,983040,formal
a9a,current_NOG-opt,730,0.008,False,,,0.02524711005,7680,983040,formal
a9a,current_NOG-opt,730,0.005,False,,,0.02524711005,7680,983040,formal
a9a,current_NOG-opt,731,0.05,True,1923,246144,0.04790943116,7680,983040,formal
a9a,current_NOG-opt,731,0.03,True,2883,369024,0.02990526706,7680,983040,formal
a9a,current_NOG-opt,731,0.02,False,,,0.02370264567,7680,983040,formal
a9a,current_NOG-opt,731,0.015,False,,,0.02370264567,7680,983040,formal
a9a,current_NOG-opt,731,0.01,False,,,0.02370264567,7680,983040,formal
a9a,current_NOG-opt,731,0.009,False,,,0.02370264567,7680,983040,formal
a9a,current_NOG-opt,731,0.008,False,,,0.02370264567,7680,983040,formal
a9a,current_NOG-opt,731,0.005,False,,,0.02370264567,7680,983040,formal
a9a,current_NOG-opt,732,0.05,True,2211,283008,0.04190508276,7680,983040,formal
a9a,current_NOG-opt,732,0.03,True,3171,405888,0.02635258436,7680,983040,formal
a9a,current_NOG-opt,732,0.02,False,,,0.0290790312,7680,983040,formal
a9a,current_NOG-opt,732,0.015,False,,,0.0290790312,7680,983040,formal
a9a,current_NOG-opt,732,0.01,False,,,0.0290790312,7680,983040,formal
a9a,current_NOG-opt,732,0.009,False,,,0.0290790312,7680,983040,formal
a9a,current_NOG-opt,732,0.008,False,,,0.0290790312,7680,983040,formal
a9a,current_NOG-opt,732,0.005,False,,,0.0290790312,7680,983040,formal
a9a,current_NOG-opt,733,0.05,True,2115,270720,0.04669732228,7680,983040,formal
a9a,current_NOG-opt,733,0.03,True,3459,442752,0.0294407364,7680,983040,formal
a9a,current_NOG-opt,733,0.02,False,,,0.02506168559,7680,983040,formal
a9a,current_NOG-opt,733,0.015,False,,,0.02506168559,7680,983040,formal
a9a,current_NOG-opt,733,0.01,False,,,0.02506168559,7680,983040,formal
a9a,current_NOG-opt,733,0.009,False,,,0.02506168559,7680,983040,formal
a9a,current_NOG-opt,733,0.008,False,,,0.02506168559,7680,983040,formal
a9a,current_NOG-opt,733,0.005,False,,,0.02506168559,7680,983040,formal
a9a,current_NOG-opt,734,0.05,True,1923,246144,0.04631075263,7680,983040,formal
a9a,current_NOG-opt,734,0.03,True,2787,356736,0.02976885065,7680,983040,formal
a9a,current_NOG-opt,734,0.02,False,,,0.02437869087,7680,983040,formal
a9a,current_NOG-opt,734,0.015,False,,,0.02437869087,7680,983040,formal
a9a,current_NOG-opt,734,0.01,False,,,0.02437869087,7680,983040,formal
a9a,current_NOG-opt,734,0.009,False,,,0.02437869087,7680,983040,formal
a9a,current_NOG-opt,734,0.008,False,,,0.02437869087,7680,983040,formal
a9a,current_NOG-opt,734,0.005,False,,,0.02437869087,7680,983040,formal
a9a,current_NOG-opt,735,0.05,True,2211,283008,0.0440761447,7680,983040,formal
a9a,current_NOG-opt,735,0.03,True,2691,344448,0.02964072675,7680,983040,formal
a9a,current_NOG-opt,735,0.02,False,,,0.03058070689,7680,983040,formal
a9a,current_NOG-opt,735,0.015,False,,,0.03058070689,7680,983040,formal
a9a,current_NOG-opt,735,0.01,False,,,0.03058070689,7680,983040,formal
a9a,current_NOG-opt,735,0.009,False,,,0.03058070689,7680,983040,formal
a9a,current_NOG-opt,735,0.008,False,,,0.03058070689,7680,983040,formal
a9a,current_NOG-opt,735,0.005,False,,,0.03058070689,7680,983040,formal
a9a,current_NOG-opt,736,0.05,True,2211,283008,0.04516315088,7680,983040,formal
a9a,current_NOG-opt,736,0.03,True,3363,430464,0.02915179357,7680,983040,formal
a9a,current_NOG-opt,736,0.02,False,,,0.02697190456,7680,983040,formal
a9a,current_NOG-opt,736,0.015,False,,,0.02697190456,7680,983040,formal
a9a,current_NOG-opt,736,0.01,False,,,0.02697190456,7680,983040,formal
a9a,current_NOG-opt,736,0.009,False,,,0.02697190456,7680,983040,formal
a9a,current_NOG-opt,736,0.008,False,,,0.02697190456,7680,983040,formal
a9a,current_NOG-opt,736,0.005,False,,,0.02697190456,7680,983040,formal
a9a,current_NOG-opt,737,0.05,True,2115,270720,0.04659929127,7680,983040,formal
a9a,current_NOG-opt,737,0.03,True,2787,356736,0.02925785445,7680,983040,formal
a9a,current_NOG-opt,737,0.02,False,,,0.0234206561,7680,983040,formal
a9a,current_NOG-opt,737,0.015,False,,,0.0234206561,7680,983040,formal
a9a,current_NOG-opt,737,0.01,False,,,0.0234206561,7680,983040,formal
a9a,current_NOG-opt,737,0.009,False,,,0.0234206561,7680,983040,formal
a9a,current_NOG-opt,737,0.008,False,,,0.0234206561,7680,983040,formal
a9a,current_NOG-opt,737,0.005,False,,,0.0234206561,7680,983040,formal
a9a,current_NOG-opt,738,0.05,True,2115,270720,0.04786457121,7680,983040,formal
a9a,current_NOG-opt,738,0.03,True,2979,381312,0.02842074074,7680,983040,formal
a9a,current_NOG-opt,738,0.02,False,,,0.02249920741,7680,983040,formal
a9a,current_NOG-opt,738,0.015,False,,,0.02249920741,7680,983040,formal
a9a,current_NOG-opt,738,0.01,False,,,0.02249920741,7680,983040,formal
a9a,current_NOG-opt,738,0.009,False,,,0.02249920741,7680,983040,formal
a9a,current_NOG-opt,738,0.008,False,,,0.02249920741,7680,983040,formal
a9a,current_NOG-opt,738,0.005,False,,,0.02249920741,7680,983040,formal
a9a,current_NOG-opt,739,0.05,True,2115,270720,0.04919049889,7680,983040,formal
a9a,current_NOG-opt,739,0.03,True,2979,381312,0.02942295931,7680,983040,formal
a9a,current_NOG-opt,739,0.02,False,,,0.02458239906,7680,983040,formal
a9a,current_NOG-opt,739,0.015,False,,,0.02458239906,7680,983040,formal
a9a,current_NOG-opt,739,0.01,False,,,0.02458239906,7680,983040,formal
a9a,current_NOG-opt,739,0.009,False,,,0.02458239906,7680,983040,formal
a9a,current_NOG-opt,739,0.008,False,,,0.02458239906,7680,983040,formal
a9a,current_NOG-opt,739,0.005,False,,,0.02458239906,7680,983040,formal
a9a,latest_NOG-ZO,0,0.05,True,2115,270720,0.04681878164,7680,983040,formal
a9a,latest_NOG-ZO,0,0.03,True,2883,369024,0.02972752415,7680,983040,formal
a9a,latest_NOG-ZO,0,0.02,False,,,0.0242565833,7680,983040,formal
a9a,latest_NOG-ZO,0,0.015,False,,,0.0242565833,7680,983040,formal
a9a,latest_NOG-ZO,0,0.01,False,,,0.0242565833,7680,983040,formal
a9a,latest_NOG-ZO,0,0.009,False,,,0.0242565833,7680,983040,formal
a9a,latest_NOG-ZO,0,0.008,False,,,0.0242565833,7680,983040,formal
a9a,latest_NOG-ZO,0,0.005,False,,,0.0242565833,7680,983040,formal
a9a,latest_NOG-ZO,1,0.05,True,2211,283008,0.04543452337,7680,983040,formal
a9a,latest_NOG-ZO,1,0.03,True,3075,393600,0.02938368544,7680,983040,formal
a9a,latest_NOG-ZO,1,0.02,False,,,0.02407882921,7680,983040,formal
a9a,latest_NOG-ZO,1,0.015,False,,,0.02407882921,7680,983040,formal
a9a,latest_NOG-ZO,1,0.01,False,,,0.02407882921,7680,983040,formal
a9a,latest_NOG-ZO,1,0.009,False,,,0.02407882921,7680,983040,formal
a9a,latest_NOG-ZO,1,0.008,False,,,0.02407882921,7680,983040,formal
a9a,latest_NOG-ZO,1,0.005,False,,,0.02407882921,7680,983040,formal
a9a,latest_NOG-ZO,2,0.05,True,2115,270720,0.04668477178,7680,983040,formal
a9a,latest_NOG-ZO,2,0.03,True,2883,369024,0.02955872193,7680,983040,formal
a9a,latest_NOG-ZO,2,0.02,False,,,0.02366991155,7680,983040,formal
a9a,latest_NOG-ZO,2,0.015,False,,,0.02366991155,7680,983040,formal
a9a,latest_NOG-ZO,2,0.01,False,,,0.02366991155,7680,983040,formal
a9a,latest_NOG-ZO,2,0.009,False,,,0.02366991155,7680,983040,formal
a9a,latest_NOG-ZO,2,0.008,False,,,0.02366991155,7680,983040,formal
a9a,latest_NOG-ZO,2,0.005,False,,,0.02366991155,7680,983040,formal
a9a,latest_NOG-ZO,3,0.05,True,2115,270720,0.04657822102,7680,983040,formal
a9a,latest_NOG-ZO,3,0.03,True,3075,393600,0.02951586433,7680,983040,formal
a9a,latest_NOG-ZO,3,0.02,False,,,0.02700356208,7680,983040,formal
a9a,latest_NOG-ZO,3,0.015,False,,,0.02700356208,7680,983040,formal
a9a,latest_NOG-ZO,3,0.01,False,,,0.02700356208,7680,983040,formal
a9a,latest_NOG-ZO,3,0.009,False,,,0.02700356208,7680,983040,formal
a9a,latest_NOG-ZO,3,0.008,False,,,0.02700356208,7680,983040,formal
a9a,latest_NOG-ZO,3,0.005,False,,,0.02700356208,7680,983040,formal
a9a,latest_NOG-ZO,4,0.05,True,2115,270720,0.04861259833,7680,983040,formal
a9a,latest_NOG-ZO,4,0.03,True,3075,393600,0.0295124799,7680,983040,formal
a9a,latest_NOG-ZO,4,0.02,False,,,0.02396696433,7680,983040,formal
a9a,latest_NOG-ZO,4,0.015,False,,,0.02396696433,7680,983040,formal
a9a,latest_NOG-ZO,4,0.01,False,,,0.02396696433,7680,983040,formal
a9a,latest_NOG-ZO,4,0.009,False,,,0.02396696433,7680,983040,formal
a9a,latest_NOG-ZO,4,0.008,False,,,0.02396696433,7680,983040,formal
a9a,latest_NOG-ZO,4,0.005,False,,,0.02396696433,7680,983040,formal
a9a,latest_NOG-ZO,5,0.05,True,1923,246144,0.04589218274,7680,983040,formal
a9a,latest_NOG-ZO,5,0.03,True,2787,356736,0.02879659832,7680,983040,formal
a9a,latest_NOG-ZO,5,0.02,False,,,0.02208918706,7680,983040,formal
a9a,latest_NOG-ZO,5,0.015,False,,,0.02208918706,7680,983040,formal
a9a,latest_NOG-ZO,5,0.01,False,,,0.02208918706,7680,983040,formal
a9a,latest_NOG-ZO,5,0.009,False,,,0.02208918706,7680,983040,formal
a9a,latest_NOG-ZO,5,0.008,False,,,0.02208918706,7680,983040,formal
a9a,latest_NOG-ZO,5,0.005,False,,,0.02208918706,7680,983040,formal
a9a,latest_NOG-ZO,6,0.05,True,2115,270720,0.0498528704,7680,983040,formal
a9a,latest_NOG-ZO,6,0.03,True,2979,381312,0.02996202186,7680,983040,formal
a9a,latest_NOG-ZO,6,0.02,False,,,0.02391175367,7680,983040,formal
a9a,latest_NOG-ZO,6,0.015,False,,,0.02391175367,7680,983040,formal
a9a,latest_NOG-ZO,6,0.01,False,,,0.02391175367,7680,983040,formal
a9a,latest_NOG-ZO,6,0.009,False,,,0.02391175367,7680,983040,formal
a9a,latest_NOG-ZO,6,0.008,False,,,0.02391175367,7680,983040,formal
a9a,latest_NOG-ZO,6,0.005,False,,,0.02391175367,7680,983040,formal
a9a,latest_NOG-ZO,7,0.05,True,2211,283008,0.04278463125,7680,983040,formal
a9a,latest_NOG-ZO,7,0.03,True,2979,381312,0.02987789735,7680,983040,formal
a9a,latest_NOG-ZO,7,0.02,False,,,0.02521982603,7680,983040,formal
a9a,latest_NOG-ZO,7,0.015,False,,,0.02521982603,7680,983040,formal
a9a,latest_NOG-ZO,7,0.01,False,,,0.02521982603,7680,983040,formal
a9a,latest_NOG-ZO,7,0.009,False,,,0.02521982603,7680,983040,formal
a9a,latest_NOG-ZO,7,0.008,False,,,0.02521982603,7680,983040,formal
a9a,latest_NOG-ZO,7,0.005,False,,,0.02521982603,7680,983040,formal
a9a,latest_NOG-ZO,8,0.05,True,2115,270720,0.04811812937,7680,983040,formal
a9a,latest_NOG-ZO,8,0.03,True,4611,590208,0.0283791814,7680,983040,formal
a9a,latest_NOG-ZO,8,0.02,False,,,0.02631708793,7680,983040,formal
a9a,latest_NOG-ZO,8,0.015,False,,,0.02631708793,7680,983040,formal
a9a,latest_NOG-ZO,8,0.01,False,,,0.02631708793,7680,983040,formal
a9a,latest_NOG-ZO,8,0.009,False,,,0.02631708793,7680,983040,formal
a9a,latest_NOG-ZO,8,0.008,False,,,0.02631708793,7680,983040,formal
a9a,latest_NOG-ZO,8,0.005,False,,,0.02631708793,7680,983040,formal
a9a,latest_NOG-ZO,9,0.05,True,2211,283008,0.03997457027,7680,983040,formal
a9a,latest_NOG-ZO,9,0.03,True,3075,393600,0.02876630798,7680,983040,formal
a9a,latest_NOG-ZO,9,0.02,False,,,0.02391107567,7680,983040,formal
a9a,latest_NOG-ZO,9,0.015,False,,,0.02391107567,7680,983040,formal
a9a,latest_NOG-ZO,9,0.01,False,,,0.02391107567,7680,983040,formal
a9a,latest_NOG-ZO,9,0.009,False,,,0.02391107567,7680,983040,formal
a9a,latest_NOG-ZO,9,0.008,False,,,0.02391107567,7680,983040,formal
a9a,latest_NOG-ZO,9,0.005,False,,,0.02391107567,7680,983040,formal
a9a,latest_NOG-ZO,10,0.05,True,2115,270720,0.04823856056,7680,983040,formal
a9a,latest_NOG-ZO,10,0.03,True,2979,381312,0.02999455668,7680,983040,formal
a9a,latest_NOG-ZO,10,0.02,False,,,0.02207021974,7680,983040,formal
a9a,latest_NOG-ZO,10,0.015,False,,,0.02207021974,7680,983040,formal
a9a,latest_NOG-ZO,10,0.01,False,,,0.02207021974,7680,983040,formal
a9a,latest_NOG-ZO,10,0.009,False,,,0.02207021974,7680,983040,formal
a9a,latest_NOG-ZO,10,0.008,False,,,0.02207021974,7680,983040,formal
a9a,latest_NOG-ZO,10,0.005,False,,,0.02207021974,7680,983040,formal
a9a,latest_NOG-ZO,11,0.05,True,2211,283008,0.04887966439,7680,983040,formal
a9a,latest_NOG-ZO,11,0.03,True,3363,430464,0.02993056923,7680,983040,formal
a9a,latest_NOG-ZO,11,0.02,False,,,0.02780002356,7680,983040,formal
a9a,latest_NOG-ZO,11,0.015,False,,,0.02780002356,7680,983040,formal
a9a,latest_NOG-ZO,11,0.01,False,,,0.02780002356,7680,983040,formal
a9a,latest_NOG-ZO,11,0.009,False,,,0.02780002356,7680,983040,formal
a9a,latest_NOG-ZO,11,0.008,False,,,0.02780002356,7680,983040,formal
a9a,latest_NOG-ZO,11,0.005,False,,,0.02780002356,7680,983040,formal
a9a,latest_NOG-ZO,12,0.05,True,1923,246144,0.04584765807,7680,983040,formal
a9a,latest_NOG-ZO,12,0.03,True,2691,344448,0.02897150815,7680,983040,formal
a9a,latest_NOG-ZO,12,0.02,False,,,0.02227680199,7680,983040,formal
a9a,latest_NOG-ZO,12,0.015,False,,,0.02227680199,7680,983040,formal
a9a,latest_NOG-ZO,12,0.01,False,,,0.02227680199,7680,983040,formal
a9a,latest_NOG-ZO,12,0.009,False,,,0.02227680199,7680,983040,formal
a9a,latest_NOG-ZO,12,0.008,False,,,0.02227680199,7680,983040,formal
a9a,latest_NOG-ZO,12,0.005,False,,,0.02227680199,7680,983040,formal
a9a,latest_NOG-ZO,13,0.05,True,2211,283008,0.04602048546,7680,983040,formal
a9a,latest_NOG-ZO,13,0.03,True,3651,467328,0.02883437276,7680,983040,formal
a9a,latest_NOG-ZO,13,0.02,False,,,0.03558504209,7680,983040,formal
a9a,latest_NOG-ZO,13,0.015,False,,,0.03558504209,7680,983040,formal
a9a,latest_NOG-ZO,13,0.01,False,,,0.03558504209,7680,983040,formal
a9a,latest_NOG-ZO,13,0.009,False,,,0.03558504209,7680,983040,formal
a9a,latest_NOG-ZO,13,0.008,False,,,0.03558504209,7680,983040,formal
a9a,latest_NOG-ZO,13,0.005,False,,,0.03558504209,7680,983040,formal
a9a,latest_NOG-ZO,14,0.05,True,2211,283008,0.03771998361,7680,983040,formal
a9a,latest_NOG-ZO,14,0.03,True,3075,393600,0.0295106601,7680,983040,formal
a9a,latest_NOG-ZO,14,0.02,False,,,0.02496765926,7680,983040,formal
a9a,latest_NOG-ZO,14,0.015,False,,,0.02496765926,7680,983040,formal
a9a,latest_NOG-ZO,14,0.01,False,,,0.02496765926,7680,983040,formal
a9a,latest_NOG-ZO,14,0.009,False,,,0.02496765926,7680,983040,formal
a9a,latest_NOG-ZO,14,0.008,False,,,0.02496765926,7680,983040,formal
a9a,latest_NOG-ZO,14,0.005,False,,,0.02496765926,7680,983040,formal
a9a,latest_NOG-ZO,15,0.05,True,1923,246144,0.04959922284,7680,983040,formal
a9a,latest_NOG-ZO,15,0.03,True,2883,369024,0.02946828119,7680,983040,formal
a9a,latest_NOG-ZO,15,0.02,False,,,0.02428063564,7680,983040,formal
a9a,latest_NOG-ZO,15,0.015,False,,,0.02428063564,7680,983040,formal
a9a,latest_NOG-ZO,15,0.01,False,,,0.02428063564,7680,983040,formal
a9a,latest_NOG-ZO,15,0.009,False,,,0.02428063564,7680,983040,formal
a9a,latest_NOG-ZO,15,0.008,False,,,0.02428063564,7680,983040,formal
a9a,latest_NOG-ZO,15,0.005,False,,,0.02428063564,7680,983040,formal
a9a,latest_NOG-ZO,16,0.05,True,1923,246144,0.0459039472,7680,983040,formal
a9a,latest_NOG-ZO,16,0.03,True,2691,344448,0.02956992574,7680,983040,formal
a9a,latest_NOG-ZO,16,0.02,False,,,0.02334711701,7680,983040,formal
a9a,latest_NOG-ZO,16,0.015,False,,,0.02334711701,7680,983040,formal
a9a,latest_NOG-ZO,16,0.01,False,,,0.02334711701,7680,983040,formal
a9a,latest_NOG-ZO,16,0.009,False,,,0.02334711701,7680,983040,formal
a9a,latest_NOG-ZO,16,0.008,False,,,0.02334711701,7680,983040,formal
a9a,latest_NOG-ZO,16,0.005,False,,,0.02334711701,7680,983040,formal
a9a,latest_NOG-ZO,17,0.05,True,2115,270720,0.04710467532,7680,983040,formal
a9a,latest_NOG-ZO,17,0.03,True,3363,430464,0.02912854217,7680,983040,formal
a9a,latest_NOG-ZO,17,0.02,False,,,0.02926672623,7680,983040,formal
a9a,latest_NOG-ZO,17,0.015,False,,,0.02926672623,7680,983040,formal
a9a,latest_NOG-ZO,17,0.01,False,,,0.02926672623,7680,983040,formal
a9a,latest_NOG-ZO,17,0.009,False,,,0.02926672623,7680,983040,formal
a9a,latest_NOG-ZO,17,0.008,False,,,0.02926672623,7680,983040,formal
a9a,latest_NOG-ZO,17,0.005,False,,,0.02926672623,7680,983040,formal
a9a,latest_NOG-ZO,18,0.05,True,2115,270720,0.04546916112,7680,983040,formal
a9a,latest_NOG-ZO,18,0.03,True,3171,405888,0.02988614142,7680,983040,formal
a9a,latest_NOG-ZO,18,0.02,False,,,0.02545166388,7680,983040,formal
a9a,latest_NOG-ZO,18,0.015,False,,,0.02545166388,7680,983040,formal
a9a,latest_NOG-ZO,18,0.01,False,,,0.02545166388,7680,983040,formal
a9a,latest_NOG-ZO,18,0.009,False,,,0.02545166388,7680,983040,formal
a9a,latest_NOG-ZO,18,0.008,False,,,0.02545166388,7680,983040,formal
a9a,latest_NOG-ZO,18,0.005,False,,,0.02545166388,7680,983040,formal
a9a,latest_NOG-ZO,19,0.05,True,1923,246144,0.04928997904,7680,983040,formal
a9a,latest_NOG-ZO,19,0.03,True,3075,393600,0.02897825092,7680,983040,formal
a9a,latest_NOG-ZO,19,0.02,False,,,0.02397406474,7680,983040,formal
a9a,latest_NOG-ZO,19,0.015,False,,,0.02397406474,7680,983040,formal
a9a,latest_NOG-ZO,19,0.01,False,,,0.02397406474,7680,983040,formal
a9a,latest_NOG-ZO,19,0.009,False,,,0.02397406474,7680,983040,formal
a9a,latest_NOG-ZO,19,0.008,False,,,0.02397406474,7680,983040,formal
a9a,latest_NOG-ZO,19,0.005,False,,,0.02397406474,7680,983040,formal
ijcnn1,current_NOG-nonopt,720,0.05,True,3363,430464,0.03815669566,7680,983040,formal
ijcnn1,current_NOG-nonopt,720,0.03,True,3459,442752,0.02169429883,7680,983040,formal
ijcnn1,current_NOG-nonopt,720,0.02,True,4611,590208,0.01929026283,7680,983040,formal
ijcnn1,current_NOG-nonopt,720,0.015,True,5571,713088,0.01339117624,7680,983040,formal
ijcnn1,current_NOG-nonopt,720,0.01,False,,,0.01367857773,7680,983040,formal
ijcnn1,current_NOG-nonopt,720,0.009,False,,,0.01367857773,7680,983040,formal
ijcnn1,current_NOG-nonopt,720,0.008,False,,,0.01367857773,7680,983040,formal
ijcnn1,current_NOG-nonopt,720,0.005,False,,,0.01367857773,7680,983040,formal
ijcnn1,current_NOG-nonopt,721,0.05,True,3363,430464,0.03609498218,7680,983040,formal
ijcnn1,current_NOG-nonopt,721,0.03,True,3459,442752,0.02197292447,7680,983040,formal
ijcnn1,current_NOG-nonopt,721,0.02,True,4803,614784,0.01968835294,7680,983040,formal
ijcnn1,current_NOG-nonopt,721,0.015,True,5571,713088,0.01359753031,7680,983040,formal
ijcnn1,current_NOG-nonopt,721,0.01,False,,,0.01487631351,7680,983040,formal
ijcnn1,current_NOG-nonopt,721,0.009,False,,,0.01487631351,7680,983040,formal
ijcnn1,current_NOG-nonopt,721,0.008,False,,,0.01487631351,7680,983040,formal
ijcnn1,current_NOG-nonopt,721,0.005,False,,,0.01487631351,7680,983040,formal
ijcnn1,current_NOG-nonopt,722,0.05,True,3363,430464,0.04289098084,7680,983040,formal
ijcnn1,current_NOG-nonopt,722,0.03,True,3459,442752,0.02671113051,7680,983040,formal
ijcnn1,current_NOG-nonopt,722,0.02,True,3555,455040,0.01840027608,7680,983040,formal
ijcnn1,current_NOG-nonopt,722,0.015,True,5667,725376,0.01402397361,7680,983040,formal
ijcnn1,current_NOG-nonopt,722,0.01,False,,,0.01712314785,7680,983040,formal
ijcnn1,current_NOG-nonopt,722,0.009,False,,,0.01712314785,7680,983040,formal
ijcnn1,current_NOG-nonopt,722,0.008,False,,,0.01712314785,7680,983040,formal
ijcnn1,current_NOG-nonopt,722,0.005,False,,,0.01712314785,7680,983040,formal
ijcnn1,current_NOG-nonopt,723,0.05,True,3363,430464,0.03364625573,7680,983040,formal
ijcnn1,current_NOG-nonopt,723,0.03,True,3459,442752,0.02035475709,7680,983040,formal
ijcnn1,current_NOG-nonopt,723,0.02,True,4227,541056,0.01935692877,7680,983040,formal
ijcnn1,current_NOG-nonopt,723,0.015,True,5187,663936,0.01424368471,7680,983040,formal
ijcnn1,current_NOG-nonopt,723,0.01,False,,,0.01308687497,7680,983040,formal
ijcnn1,current_NOG-nonopt,723,0.009,False,,,0.01308687497,7680,983040,formal
ijcnn1,current_NOG-nonopt,723,0.008,False,,,0.01308687497,7680,983040,formal
ijcnn1,current_NOG-nonopt,723,0.005,False,,,0.01308687497,7680,983040,formal
ijcnn1,current_NOG-nonopt,724,0.05,True,3363,430464,0.03790365905,7680,983040,formal
ijcnn1,current_NOG-nonopt,724,0.03,True,3459,442752,0.02246317081,7680,983040,formal
ijcnn1,current_NOG-nonopt,724,0.02,True,4515,577920,0.01793055423,7680,983040,formal
ijcnn1,current_NOG-nonopt,724,0.015,True,4707,602496,0.01462984271,7680,983040,formal
ijcnn1,current_NOG-nonopt,724,0.01,False,,,0.01184521336,7680,983040,formal
ijcnn1,current_NOG-nonopt,724,0.009,False,,,0.01184521336,7680,983040,formal
ijcnn1,current_NOG-nonopt,724,0.008,False,,,0.01184521336,7680,983040,formal
ijcnn1,current_NOG-nonopt,724,0.005,False,,,0.01184521336,7680,983040,formal
ijcnn1,current_NOG-nonopt,725,0.05,True,3363,430464,0.03618589416,7680,983040,formal
ijcnn1,current_NOG-nonopt,725,0.03,True,3459,442752,0.02044366673,7680,983040,formal
ijcnn1,current_NOG-nonopt,725,0.02,True,4419,565632,0.01898294501,7680,983040,formal
ijcnn1,current_NOG-nonopt,725,0.015,True,5475,700800,0.01384604257,7680,983040,formal
ijcnn1,current_NOG-nonopt,725,0.01,False,,,0.01700286381,7680,983040,formal
ijcnn1,current_NOG-nonopt,725,0.009,False,,,0.01700286381,7680,983040,formal
ijcnn1,current_NOG-nonopt,725,0.008,False,,,0.01700286381,7680,983040,formal
ijcnn1,current_NOG-nonopt,725,0.005,False,,,0.01700286381,7680,983040,formal
ijcnn1,current_NOG-nonopt,726,0.05,True,3363,430464,0.03890834749,7680,983040,formal
ijcnn1,current_NOG-nonopt,726,0.03,True,3459,442752,0.02360303327,7680,983040,formal
ijcnn1,current_NOG-nonopt,726,0.02,True,3555,455040,0.016844837,7680,983040,formal
ijcnn1,current_NOG-nonopt,726,0.015,True,5859,749952,0.01375687495,7680,983040,formal
ijcnn1,current_NOG-nonopt,726,0.01,True,6627,848256,0.009239005856,7680,983040,formal
ijcnn1,current_NOG-nonopt,726,0.009,True,6723,860544,0.008462229744,7680,983040,formal
ijcnn1,current_NOG-nonopt,726,0.008,False,,,0.0172457844,7680,983040,formal
ijcnn1,current_NOG-nonopt,726,0.005,False,,,0.0172457844,7680,983040,formal
ijcnn1,current_NOG-nonopt,727,0.05,True,3363,430464,0.02923330851,7680,983040,formal
ijcnn1,current_NOG-nonopt,727,0.03,True,3363,430464,0.02923330851,7680,983040,formal
ijcnn1,current_NOG-nonopt,727,0.02,True,3459,442752,0.01824491471,7680,983040,formal
ijcnn1,current_NOG-nonopt,727,0.015,True,5571,713088,0.0137937488,7680,983040,formal
ijcnn1,current_NOG-nonopt,727,0.01,True,7491,958848,0.009863374755,7680,983040,formal
ijcnn1,current_NOG-nonopt,727,0.009,False,,,0.00950020086,7680,983040,formal
ijcnn1,current_NOG-nonopt,727,0.008,False,,,0.00950020086,7680,983040,formal
ijcnn1,current_NOG-nonopt,727,0.005,False,,,0.00950020086,7680,983040,formal
ijcnn1,current_NOG-nonopt,728,0.05,True,3363,430464,0.03491955623,7680,983040,formal
ijcnn1,current_NOG-nonopt,728,0.03,True,3459,442752,0.01989366673,7680,983040,formal
ijcnn1,current_NOG-nonopt,728,0.02,True,3459,442752,0.01989366673,7680,983040,formal
ijcnn1,current_NOG-nonopt,728,0.015,True,4611,590208,0.01293410268,7680,983040,formal
ijcnn1,current_NOG-nonopt,728,0.01,False,,,0.01104519237,7680,983040,formal
ijcnn1,current_NOG-nonopt,728,0.009,False,,,0.01104519237,7680,983040,formal
ijcnn1,current_NOG-nonopt,728,0.008,False,,,0.01104519237,7680,983040,formal
ijcnn1,current_NOG-nonopt,728,0.005,False,,,0.01104519237,7680,983040,formal
ijcnn1,current_NOG-nonopt,729,0.05,True,3363,430464,0.0368061997,7680,983040,formal
ijcnn1,current_NOG-nonopt,729,0.03,True,3459,442752,0.02426751889,7680,983040,formal
ijcnn1,current_NOG-nonopt,729,0.02,True,4419,565632,0.01950214244,7680,983040,formal
ijcnn1,current_NOG-nonopt,729,0.015,True,4707,602496,0.01368304435,7680,983040,formal
ijcnn1,current_NOG-nonopt,729,0.01,True,5955,762240,0.009830657393,7680,983040,formal
ijcnn1,current_NOG-nonopt,729,0.009,True,7587,971136,0.008688896894,7680,983040,formal
ijcnn1,current_NOG-nonopt,729,0.008,False,,,0.008346616291,7680,983040,formal
ijcnn1,current_NOG-nonopt,729,0.005,False,,,0.008346616291,7680,983040,formal
ijcnn1,current_NOG-nonopt,730,0.05,True,3363,430464,0.03853924572,7680,983040,formal
ijcnn1,current_NOG-nonopt,730,0.03,True,3459,442752,0.02344609983,7680,983040,formal
ijcnn1,current_NOG-nonopt,730,0.02,True,4035,516480,0.01939411648,7680,983040,formal
ijcnn1,current_NOG-nonopt,730,0.015,True,5379,688512,0.01467165258,7680,983040,formal
ijcnn1,current_NOG-nonopt,730,0.01,True,7011,897408,0.009956630878,7680,983040,formal
ijcnn1,current_NOG-nonopt,730,0.009,True,7107,909696,0.008196475916,7680,983040,formal
ijcnn1,current_NOG-nonopt,730,0.008,False,,,0.0115952082,7680,983040,formal
ijcnn1,current_NOG-nonopt,730,0.005,False,,,0.0115952082,7680,983040,formal
ijcnn1,current_NOG-nonopt,731,0.05,True,3363,430464,0.03629885986,7680,983040,formal
ijcnn1,current_NOG-nonopt,731,0.03,True,3459,442752,0.0202338025,7680,983040,formal
ijcnn1,current_NOG-nonopt,731,0.02,True,3555,455040,0.01384475548,7680,983040,formal
ijcnn1,current_NOG-nonopt,731,0.015,True,4803,614784,0.01442930382,7680,983040,formal
ijcnn1,current_NOG-nonopt,731,0.01,False,,,0.01360594761,7680,983040,formal
ijcnn1,current_NOG-nonopt,731,0.009,False,,,0.01360594761,7680,983040,formal
ijcnn1,current_NOG-nonopt,731,0.008,False,,,0.01360594761,7680,983040,formal
ijcnn1,current_NOG-nonopt,731,0.005,False,,,0.01360594761,7680,983040,formal
ijcnn1,current_NOG-nonopt,732,0.05,True,3363,430464,0.03940246999,7680,983040,formal
ijcnn1,current_NOG-nonopt,732,0.03,True,3459,442752,0.0248964373,7680,983040,formal
ijcnn1,current_NOG-nonopt,732,0.02,True,3555,455040,0.01655517146,7680,983040,formal
ijcnn1,current_NOG-nonopt,732,0.015,True,5571,713088,0.01275028475,7680,983040,formal
ijcnn1,current_NOG-nonopt,732,0.01,False,,,0.01170883607,7680,983040,formal
ijcnn1,current_NOG-nonopt,732,0.009,False,,,0.01170883607,7680,983040,formal
ijcnn1,current_NOG-nonopt,732,0.008,False,,,0.01170883607,7680,983040,formal
ijcnn1,current_NOG-nonopt,732,0.005,False,,,0.01170883607,7680,983040,formal
ijcnn1,current_NOG-nonopt,733,0.05,True,3363,430464,0.03614257276,7680,983040,formal
ijcnn1,current_NOG-nonopt,733,0.03,True,3459,442752,0.02230812982,7680,983040,formal
ijcnn1,current_NOG-nonopt,733,0.02,True,4611,590208,0.01887459122,7680,983040,formal
ijcnn1,current_NOG-nonopt,733,0.015,True,5475,700800,0.01428778563,7680,983040,formal
ijcnn1,current_NOG-nonopt,733,0.01,False,,,0.01174400374,7680,983040,formal
ijcnn1,current_NOG-nonopt,733,0.009,False,,,0.01174400374,7680,983040,formal
ijcnn1,current_NOG-nonopt,733,0.008,False,,,0.01174400374,7680,983040,formal
ijcnn1,current_NOG-nonopt,733,0.005,False,,,0.01174400374,7680,983040,formal
ijcnn1,current_NOG-nonopt,734,0.05,True,3363,430464,0.03861149028,7680,983040,formal
ijcnn1,current_NOG-nonopt,734,0.03,True,3459,442752,0.02214650996,7680,983040,formal
ijcnn1,current_NOG-nonopt,734,0.02,True,4707,602496,0.01684341766,7680,983040,formal
ijcnn1,current_NOG-nonopt,734,0.015,True,5283,676224,0.01487757545,7680,983040,formal
ijcnn1,current_NOG-nonopt,734,0.01,False,,,0.01589439623,7680,983040,formal
ijcnn1,current_NOG-nonopt,734,0.009,False,,,0.01589439623,7680,983040,formal
ijcnn1,current_NOG-nonopt,734,0.008,False,,,0.01589439623,7680,983040,formal
ijcnn1,current_NOG-nonopt,734,0.005,False,,,0.01589439623,7680,983040,formal
ijcnn1,current_NOG-nonopt,735,0.05,True,3363,430464,0.0389364399,7680,983040,formal
ijcnn1,current_NOG-nonopt,735,0.03,True,3459,442752,0.02427615039,7680,983040,formal
ijcnn1,current_NOG-nonopt,735,0.02,True,4515,577920,0.01989412121,7680,983040,formal
ijcnn1,current_NOG-nonopt,735,0.015,True,5475,700800,0.01455466542,7680,983040,formal
ijcnn1,current_NOG-nonopt,735,0.01,True,7203,921984,0.009695562534,7680,983040,formal
ijcnn1,current_NOG-nonopt,735,0.009,True,7299,934272,0.008133218624,7680,983040,formal
ijcnn1,current_NOG-nonopt,735,0.008,False,,,0.01136610098,7680,983040,formal
ijcnn1,current_NOG-nonopt,735,0.005,False,,,0.01136610098,7680,983040,formal
ijcnn1,current_NOG-nonopt,736,0.05,True,3363,430464,0.04017614946,7680,983040,formal
ijcnn1,current_NOG-nonopt,736,0.03,True,3459,442752,0.0228515286,7680,983040,formal
ijcnn1,current_NOG-nonopt,736,0.02,True,4611,590208,0.01958410814,7680,983040,formal
ijcnn1,current_NOG-nonopt,736,0.015,True,5379,688512,0.01336148009,7680,983040,formal
ijcnn1,current_NOG-nonopt,736,0.01,False,,,0.01413399633,7680,983040,formal
ijcnn1,current_NOG-nonopt,736,0.009,False,,,0.01413399633,7680,983040,formal
ijcnn1,current_NOG-nonopt,736,0.008,False,,,0.01413399633,7680,983040,formal
ijcnn1,current_NOG-nonopt,736,0.005,False,,,0.01413399633,7680,983040,formal
ijcnn1,current_NOG-nonopt,737,0.05,True,3363,430464,0.0394747518,7680,983040,formal
ijcnn1,current_NOG-nonopt,737,0.03,True,3459,442752,0.02352703363,7680,983040,formal
ijcnn1,current_NOG-nonopt,737,0.02,True,4611,590208,0.01920376159,7680,983040,formal
ijcnn1,current_NOG-nonopt,737,0.015,True,5955,762240,0.01457499154,7680,983040,formal
ijcnn1,current_NOG-nonopt,737,0.01,False,,,0.01083368901,7680,983040,formal
ijcnn1,current_NOG-nonopt,737,0.009,False,,,0.01083368901,7680,983040,formal
ijcnn1,current_NOG-nonopt,737,0.008,False,,,0.01083368901,7680,983040,formal
ijcnn1,current_NOG-nonopt,737,0.005,False,,,0.01083368901,7680,983040,formal
ijcnn1,current_NOG-nonopt,738,0.05,True,3363,430464,0.03513912112,7680,983040,formal
ijcnn1,current_NOG-nonopt,738,0.03,True,3459,442752,0.0213580057,7680,983040,formal
ijcnn1,current_NOG-nonopt,738,0.02,True,4227,541056,0.0192410145,7680,983040,formal
ijcnn1,current_NOG-nonopt,738,0.015,True,5571,713088,0.0147174662,7680,983040,formal
ijcnn1,current_NOG-nonopt,738,0.01,True,6819,872832,0.009781056084,7680,983040,formal
ijcnn1,current_NOG-nonopt,738,0.009,True,6915,885120,0.008715554141,7680,983040,formal
ijcnn1,current_NOG-nonopt,738,0.008,False,,,0.0185496565,7680,983040,formal
ijcnn1,current_NOG-nonopt,738,0.005,False,,,0.0185496565,7680,983040,formal
ijcnn1,current_NOG-nonopt,739,0.05,True,3363,430464,0.03382413462,7680,983040,formal
ijcnn1,current_NOG-nonopt,739,0.03,True,3459,442752,0.01806729101,7680,983040,formal
ijcnn1,current_NOG-nonopt,739,0.02,True,3459,442752,0.01806729101,7680,983040,formal
ijcnn1,current_NOG-nonopt,739,0.015,True,5379,688512,0.0143577531,7680,983040,formal
ijcnn1,current_NOG-nonopt,739,0.01,False,,,0.01053973939,7680,983040,formal
ijcnn1,current_NOG-nonopt,739,0.009,False,,,0.01053973939,7680,983040,formal
ijcnn1,current_NOG-nonopt,739,0.008,False,,,0.01053973939,7680,983040,formal
ijcnn1,current_NOG-nonopt,739,0.005,False,,,0.01053973939,7680,983040,formal
ijcnn1,current_NOG-opt,720,0.05,True,3363,430464,0.04275123402,7680,983040,formal
ijcnn1,current_NOG-opt,720,0.03,True,3459,442752,0.0238794703,7680,983040,formal
ijcnn1,current_NOG-opt,720,0.02,True,3555,455040,0.01692415029,7680,983040,formal
ijcnn1,current_NOG-opt,720,0.015,True,5667,725376,0.01453520171,7680,983040,formal
ijcnn1,current_NOG-opt,720,0.01,False,,,0.01506853197,7680,983040,formal
ijcnn1,current_NOG-opt,720,0.009,False,,,0.01506853197,7680,983040,formal
ijcnn1,current_NOG-opt,720,0.008,False,,,0.01506853197,7680,983040,formal
ijcnn1,current_NOG-opt,720,0.005,False,,,0.01506853197,7680,983040,formal
ijcnn1,current_NOG-opt,721,0.05,True,3363,430464,0.04158684984,7680,983040,formal
ijcnn1,current_NOG-opt,721,0.03,True,3459,442752,0.02475085855,7680,983040,formal
ijcnn1,current_NOG-opt,721,0.02,True,4803,614784,0.01981180534,7680,983040,formal
ijcnn1,current_NOG-opt,721,0.015,True,5571,713088,0.01382836699,7680,983040,formal
ijcnn1,current_NOG-opt,721,0.01,False,,,0.01695051789,7680,983040,formal
ijcnn1,current_NOG-opt,721,0.009,False,,,0.01695051789,7680,983040,formal
ijcnn1,current_NOG-opt,721,0.008,False,,,0.01695051789,7680,983040,formal
ijcnn1,current_NOG-opt,721,0.005,False,,,0.01695051789,7680,983040,formal
ijcnn1,current_NOG-opt,722,0.05,True,3363,430464,0.04793455079,7680,983040,formal
ijcnn1,current_NOG-opt,722,0.03,True,3459,442752,0.02949292399,7680,983040,formal
ijcnn1,current_NOG-opt,722,0.02,True,3555,455040,0.01985702477,7680,983040,formal
ijcnn1,current_NOG-opt,722,0.015,True,5763,737664,0.01255486161,7680,983040,formal
ijcnn1,current_NOG-opt,722,0.01,False,,,0.01606738009,7680,983040,formal
ijcnn1,current_NOG-opt,722,0.009,False,,,0.01606738009,7680,983040,formal
ijcnn1,current_NOG-opt,722,0.008,False,,,0.01606738009,7680,983040,formal
ijcnn1,current_NOG-opt,722,0.005,False,,,0.01606738009,7680,983040,formal
ijcnn1,current_NOG-opt,723,0.05,True,3363,430464,0.03796099126,7680,983040,formal
ijcnn1,current_NOG-opt,723,0.03,True,3459,442752,0.02248278633,7680,983040,formal
ijcnn1,current_NOG-opt,723,0.02,True,4227,541056,0.01928287558,7680,983040,formal
ijcnn1,current_NOG-opt,723,0.015,True,5187,663936,0.01395230647,7680,983040,formal
ijcnn1,current_NOG-opt,723,0.01,False,,,0.01249485277,7680,983040,formal
ijcnn1,current_NOG-opt,723,0.009,False,,,0.01249485277,7680,983040,formal
ijcnn1,current_NOG-opt,723,0.008,False,,,0.01249485277,7680,983040,formal
ijcnn1,current_NOG-opt,723,0.005,False,,,0.01249485277,7680,983040,formal
ijcnn1,current_NOG-opt,724,0.05,True,3363,430464,0.04241048917,7680,983040,formal
ijcnn1,current_NOG-opt,724,0.03,True,3459,442752,0.02526093833,7680,983040,formal
ijcnn1,current_NOG-opt,724,0.02,True,4515,577920,0.01886727847,7680,983040,formal
ijcnn1,current_NOG-opt,724,0.015,True,5283,676224,0.01388452202,7680,983040,formal
ijcnn1,current_NOG-opt,724,0.01,False,,,0.01198306866,7680,983040,formal
ijcnn1,current_NOG-opt,724,0.009,False,,,0.01198306866,7680,983040,formal
ijcnn1,current_NOG-opt,724,0.008,False,,,0.01198306866,7680,983040,formal
ijcnn1,current_NOG-opt,724,0.005,False,,,0.01198306866,7680,983040,formal
ijcnn1,current_NOG-opt,725,0.05,True,3363,430464,0.0396113731,7680,983040,formal
ijcnn1,current_NOG-opt,725,0.03,True,3459,442752,0.02271467634,7680,983040,formal
ijcnn1,current_NOG-opt,725,0.02,True,4419,565632,0.01938429847,7680,983040,formal
ijcnn1,current_NOG-opt,725,0.015,True,5475,700800,0.01364921592,7680,983040,formal
ijcnn1,current_NOG-opt,725,0.01,False,,,0.01636280119,7680,983040,formal
ijcnn1,current_NOG-opt,725,0.009,False,,,0.01636280119,7680,983040,formal
ijcnn1,current_NOG-opt,725,0.008,False,,,0.01636280119,7680,983040,formal
ijcnn1,current_NOG-opt,725,0.005,False,,,0.01636280119,7680,983040,formal
ijcnn1,current_NOG-opt,726,0.05,True,3363,430464,0.04341070354,7680,983040,formal
ijcnn1,current_NOG-opt,726,0.03,True,3459,442752,0.02613460273,7680,983040,formal
ijcnn1,current_NOG-opt,726,0.02,True,3555,455040,0.01715706103,7680,983040,formal
ijcnn1,current_NOG-opt,726,0.015,True,5859,749952,0.01425619517,7680,983040,formal
ijcnn1,current_NOG-opt,726,0.01,True,6531,835968,0.009636454284,7680,983040,formal
ijcnn1,current_NOG-opt,726,0.009,True,6627,848256,0.008642887697,7680,983040,formal
ijcnn1,current_NOG-opt,726,0.008,False,,,0.01662384346,7680,983040,formal
ijcnn1,current_NOG-opt,726,0.005,False,,,0.01662384346,7680,983040,formal
ijcnn1,current_NOG-opt,727,0.05,True,3363,430464,0.03201294318,7680,983040,formal
ijcnn1,current_NOG-opt,727,0.03,True,3459,442752,0.01927860826,7680,983040,formal
ijcnn1,current_NOG-opt,727,0.02,True,3459,442752,0.01927860826,7680,983040,formal
ijcnn1,current_NOG-opt,727,0.015,True,5571,713088,0.01495859772,7680,983040,formal
ijcnn1,current_NOG-opt,727,0.01,False,,,0.01082900632,7680,983040,formal
ijcnn1,current_NOG-opt,727,0.009,False,,,0.01082900632,7680,983040,formal
ijcnn1,current_NOG-opt,727,0.008,False,,,0.01082900632,7680,983040,formal
ijcnn1,current_NOG-opt,727,0.005,False,,,0.01082900632,7680,983040,formal
ijcnn1,current_NOG-opt,728,0.05,True,3363,430464,0.03952123597,7680,983040,formal
ijcnn1,current_NOG-opt,728,0.03,True,3459,442752,0.02279346064,7680,983040,formal
ijcnn1,current_NOG-opt,728,0.02,True,4419,565632,0.0198685322,7680,983040,formal
ijcnn1,current_NOG-opt,728,0.015,True,4611,590208,0.01349815074,7680,983040,formal
ijcnn1,current_NOG-opt,728,0.01,False,,,0.01052405965,7680,983040,formal
ijcnn1,current_NOG-opt,728,0.009,False,,,0.01052405965,7680,983040,formal
ijcnn1,current_NOG-opt,728,0.008,False,,,0.01052405965,7680,983040,formal
ijcnn1,current_NOG-opt,728,0.005,False,,,0.01052405965,7680,983040,formal
ijcnn1,current_NOG-opt,729,0.05,True,3363,430464,0.04154417291,7680,983040,formal
ijcnn1,current_NOG-opt,729,0.03,True,3459,442752,0.02633776143,7680,983040,formal
ijcnn1,current_NOG-opt,729,0.02,True,4419,565632,0.01993821748,7680,983040,formal
ijcnn1,current_NOG-opt,729,0.015,True,4707,602496,0.01388974767,7680,983040,formal
ijcnn1,current_NOG-opt,729,0.01,True,5955,762240,0.009017008357,7680,983040,formal
ijcnn1,current_NOG-opt,729,0.009,False,,,0.009472585283,7680,983040,formal
ijcnn1,current_NOG-opt,729,0.008,False,,,0.009472585283,7680,983040,formal
ijcnn1,current_NOG-opt,729,0.005,False,,,0.009472585283,7680,983040,formal
ijcnn1,current_NOG-opt,730,0.05,True,3363,430464,0.04329358786,7680,983040,formal
ijcnn1,current_NOG-opt,730,0.03,True,3459,442752,0.02550799958,7680,983040,formal
ijcnn1,current_NOG-opt,730,0.02,True,4131,528768,0.01897928305,7680,983040,formal
ijcnn1,current_NOG-opt,730,0.015,True,4707,602496,0.014761962,7680,983040,formal
ijcnn1,current_NOG-opt,730,0.01,True,7011,897408,0.009302256629,7680,983040,formal
ijcnn1,current_NOG-opt,730,0.009,False,,,0.01104282308,7680,983040,formal
ijcnn1,current_NOG-opt,730,0.008,False,,,0.01104282308,7680,983040,formal
ijcnn1,current_NOG-opt,730,0.005,False,,,0.01104282308,7680,983040,formal
ijcnn1,current_NOG-opt,731,0.05,True,3363,430464,0.04054817557,7680,983040,formal
ijcnn1,current_NOG-opt,731,0.03,True,3459,442752,0.02316954359,7680,983040,formal
ijcnn1,current_NOG-opt,731,0.02,True,3555,455040,0.01441010274,7680,983040,formal
ijcnn1,current_NOG-opt,731,0.015,True,4803,614784,0.01395738777,7680,983040,formal
ijcnn1,current_NOG-opt,731,0.01,False,,,0.01317194663,7680,983040,formal
ijcnn1,current_NOG-opt,731,0.009,False,,,0.01317194663,7680,983040,formal
ijcnn1,current_NOG-opt,731,0.008,False,,,0.01317194663,7680,983040,formal
ijcnn1,current_NOG-opt,731,0.005,False,,,0.01317194663,7680,983040,formal
ijcnn1,current_NOG-opt,732,0.05,True,3363,430464,0.04370069876,7680,983040,formal
ijcnn1,current_NOG-opt,732,0.03,True,3459,442752,0.02720794268,7680,983040,formal
ijcnn1,current_NOG-opt,732,0.02,True,3555,455040,0.01849867217,7680,983040,formal
ijcnn1,current_NOG-opt,732,0.015,True,5571,713088,0.01377044152,7680,983040,formal
ijcnn1,current_NOG-opt,732,0.01,False,,,0.0105178887,7680,983040,formal
ijcnn1,current_NOG-opt,732,0.009,False,,,0.0105178887,7680,983040,formal
ijcnn1,current_NOG-opt,732,0.008,False,,,0.0105178887,7680,983040,formal
ijcnn1,current_NOG-opt,732,0.005,False,,,0.0105178887,7680,983040,formal
ijcnn1,current_NOG-opt,733,0.05,True,3363,430464,0.0396232456,7680,983040,formal
ijcnn1,current_NOG-opt,733,0.03,True,3459,442752,0.02423222363,7680,983040,formal
ijcnn1,current_NOG-opt,733,0.02,True,4611,590208,0.01888315938,7680,983040,formal
ijcnn1,current_NOG-opt,733,0.015,True,5475,700800,0.01432993263,7680,983040,formal
ijcnn1,current_NOG-opt,733,0.01,False,,,0.01067162491,7680,983040,formal
ijcnn1,current_NOG-opt,733,0.009,False,,,0.01067162491,7680,983040,formal
ijcnn1,current_NOG-opt,733,0.008,False,,,0.01067162491,7680,983040,formal
ijcnn1,current_NOG-opt,733,0.005,False,,,0.01067162491,7680,983040,formal
ijcnn1,current_NOG-opt,734,0.05,True,3363,430464,0.04428320751,7680,983040,formal
ijcnn1,current_NOG-opt,734,0.03,True,3459,442752,0.02466726303,7680,983040,formal
ijcnn1,current_NOG-opt,734,0.02,True,4707,602496,0.01634168625,7680,983040,formal
ijcnn1,current_NOG-opt,734,0.015,True,5283,676224,0.01417644788,7680,983040,formal
ijcnn1,current_NOG-opt,734,0.01,False,,,0.01654202119,7680,983040,formal
ijcnn1,current_NOG-opt,734,0.009,False,,,0.01654202119,7680,983040,formal
ijcnn1,current_NOG-opt,734,0.008,False,,,0.01654202119,7680,983040,formal
ijcnn1,current_NOG-opt,734,0.005,False,,,0.01654202119,7680,983040,formal
ijcnn1,current_NOG-opt,735,0.05,True,3363,430464,0.04293278232,7680,983040,formal
ijcnn1,current_NOG-opt,735,0.03,True,3459,442752,0.02623767033,7680,983040,formal
ijcnn1,current_NOG-opt,735,0.02,True,4611,590208,0.01859613322,7680,983040,formal
ijcnn1,current_NOG-opt,735,0.015,True,5475,700800,0.01463777758,7680,983040,formal
ijcnn1,current_NOG-opt,735,0.01,True,7203,921984,0.009330692701,7680,983040,formal
ijcnn1,current_NOG-opt,735,0.009,True,7299,934272,0.007687989622,7680,983040,formal
ijcnn1,current_NOG-opt,735,0.008,False,,,0.01089979708,7680,983040,formal
ijcnn1,current_NOG-opt,735,0.005,False,,,0.01089979708,7680,983040,formal
ijcnn1,current_NOG-opt,736,0.05,True,3363,430464,0.04505163431,7680,983040,formal
ijcnn1,current_NOG-opt,736,0.03,True,3459,442752,0.02645445988,7680,983040,formal
ijcnn1,current_NOG-opt,736,0.02,True,4611,590208,0.01953336969,7680,983040,formal
ijcnn1,current_NOG-opt,736,0.015,True,5379,688512,0.01349681057,7680,983040,formal
ijcnn1,current_NOG-opt,736,0.01,False,,,0.01416125521,7680,983040,formal
ijcnn1,current_NOG-opt,736,0.009,False,,,0.01416125521,7680,983040,formal
ijcnn1,current_NOG-opt,736,0.008,False,,,0.01416125521,7680,983040,formal
ijcnn1,current_NOG-opt,736,0.005,False,,,0.01416125521,7680,983040,formal
ijcnn1,current_NOG-opt,737,0.05,True,3363,430464,0.04388986155,7680,983040,formal
ijcnn1,current_NOG-opt,737,0.03,True,3459,442752,0.02668955363,7680,983040,formal
ijcnn1,current_NOG-opt,737,0.02,True,3555,455040,0.01900432259,7680,983040,formal
ijcnn1,current_NOG-opt,737,0.015,True,5763,737664,0.01492441632,7680,983040,formal
ijcnn1,current_NOG-opt,737,0.01,False,,,0.01162722334,7680,983040,formal
ijcnn1,current_NOG-opt,737,0.009,False,,,0.01162722334,7680,983040,formal
ijcnn1,current_NOG-opt,737,0.008,False,,,0.01162722334,7680,983040,formal
ijcnn1,current_NOG-opt,737,0.005,False,,,0.01162722334,7680,983040,formal
ijcnn1,current_NOG-opt,738,0.05,True,3363,430464,0.03955350071,7680,983040,formal
ijcnn1,current_NOG-opt,738,0.03,True,3459,442752,0.02408727445,7680,983040,formal
ijcnn1,current_NOG-opt,738,0.02,True,4227,541056,0.01984166726,7680,983040,formal
ijcnn1,current_NOG-opt,738,0.015,True,5571,713088,0.01380149182,7680,983040,formal
ijcnn1,current_NOG-opt,738,0.01,True,6819,872832,0.008106308058,7680,983040,formal
ijcnn1,current_NOG-opt,738,0.009,True,6819,872832,0.008106308058,7680,983040,formal
ijcnn1,current_NOG-opt,738,0.008,True,6915,885120,0.007268662099,7680,983040,formal
ijcnn1,current_NOG-opt,738,0.005,False,,,0.01788268052,7680,983040,formal
ijcnn1,current_NOG-opt,739,0.05,True,3363,430464,0.03783837706,7680,983040,formal
ijcnn1,current_NOG-opt,739,0.03,True,3459,442752,0.02000855654,7680,983040,formal
ijcnn1,current_NOG-opt,739,0.02,True,4611,590208,0.01815961488,7680,983040,formal
ijcnn1,current_NOG-opt,739,0.015,True,5475,700800,0.01389411371,7680,983040,formal
ijcnn1,current_NOG-opt,739,0.01,False,,,0.009936286137,7680,983040,formal
ijcnn1,current_NOG-opt,739,0.009,False,,,0.009936286137,7680,983040,formal
ijcnn1,current_NOG-opt,739,0.008,False,,,0.009936286137,7680,983040,formal
ijcnn1,current_NOG-opt,739,0.005,False,,,0.009936286137,7680,983040,formal
ijcnn1,latest_NOG-ZO,0,0.05,True,3363,430464,0.04441962764,7680,983040,formal
ijcnn1,latest_NOG-ZO,0,0.03,True,3459,442752,0.02568791807,7680,983040,formal
ijcnn1,latest_NOG-ZO,0,0.02,True,3555,455040,0.01657046378,7680,983040,formal
ijcnn1,latest_NOG-ZO,0,0.015,True,6147,786816,0.01488211937,7680,983040,formal
ijcnn1,latest_NOG-ZO,0,0.01,False,,,0.01354467031,7680,983040,formal
ijcnn1,latest_NOG-ZO,0,0.009,False,,,0.01354467031,7680,983040,formal
ijcnn1,latest_NOG-ZO,0,0.008,False,,,0.01354467031,7680,983040,formal
ijcnn1,latest_NOG-ZO,0,0.005,False,,,0.01354467031,7680,983040,formal
ijcnn1,latest_NOG-ZO,1,0.05,True,3363,430464,0.03926711157,7680,983040,formal
ijcnn1,latest_NOG-ZO,1,0.03,True,3459,442752,0.0242560152,7680,983040,formal
ijcnn1,latest_NOG-ZO,1,0.02,True,3555,455040,0.01649690606,7680,983040,formal
ijcnn1,latest_NOG-ZO,1,0.015,True,5187,663936,0.01399829984,7680,983040,formal
ijcnn1,latest_NOG-ZO,1,0.01,True,7299,934272,0.009997267276,7680,983040,formal
ijcnn1,latest_NOG-ZO,1,0.009,False,,,0.0100840712,7680,983040,formal
ijcnn1,latest_NOG-ZO,1,0.008,False,,,0.0100840712,7680,983040,formal
ijcnn1,latest_NOG-ZO,1,0.005,False,,,0.0100840712,7680,983040,formal
ijcnn1,latest_NOG-ZO,2,0.05,True,3363,430464,0.04543998837,7680,983040,formal
ijcnn1,latest_NOG-ZO,2,0.03,True,3459,442752,0.02687398344,7680,983040,formal
ijcnn1,latest_NOG-ZO,2,0.02,True,3555,455040,0.0177842956,7680,983040,formal
ijcnn1,latest_NOG-ZO,2,0.015,True,5763,737664,0.01495427638,7680,983040,formal
ijcnn1,latest_NOG-ZO,2,0.01,True,7011,897408,0.009830843657,7680,983040,formal
ijcnn1,latest_NOG-ZO,2,0.009,True,7107,909696,0.008674743585,7680,983040,formal
ijcnn1,latest_NOG-ZO,2,0.008,False,,,0.01148128416,7680,983040,formal
ijcnn1,latest_NOG-ZO,2,0.005,False,,,0.01148128416,7680,983040,formal
ijcnn1,latest_NOG-ZO,3,0.05,True,3363,430464,0.04053649306,7680,983040,formal
ijcnn1,latest_NOG-ZO,3,0.03,True,3459,442752,0.02530249767,7680,983040,formal
ijcnn1,latest_NOG-ZO,3,0.02,True,3555,455040,0.0153737301,7680,983040,formal
ijcnn1,latest_NOG-ZO,3,0.015,True,4515,577920,0.01478581503,7680,983040,formal
ijcnn1,latest_NOG-ZO,3,0.01,False,,,0.0113802813,7680,983040,formal
ijcnn1,latest_NOG-ZO,3,0.009,False,,,0.0113802813,7680,983040,formal
ijcnn1,latest_NOG-ZO,3,0.008,False,,,0.0113802813,7680,983040,formal
ijcnn1,latest_NOG-ZO,3,0.005,False,,,0.0113802813,7680,983040,formal
ijcnn1,latest_NOG-ZO,4,0.05,True,3363,430464,0.0476135239,7680,983040,formal
ijcnn1,latest_NOG-ZO,4,0.03,True,3555,455040,0.02038875781,7680,983040,formal
ijcnn1,latest_NOG-ZO,4,0.02,True,4515,577920,0.01891418733,7680,983040,formal
ijcnn1,latest_NOG-ZO,4,0.015,True,4899,627072,0.01449839957,7680,983040,formal
ijcnn1,latest_NOG-ZO,4,0.01,True,7107,909696,0.008739383891,7680,983040,formal
ijcnn1,latest_NOG-ZO,4,0.009,True,7107,909696,0.008739383891,7680,983040,formal
ijcnn1,latest_NOG-ZO,4,0.008,False,,,0.01134186145,7680,983040,formal
ijcnn1,latest_NOG-ZO,4,0.005,False,,,0.01134186145,7680,983040,formal
ijcnn1,latest_NOG-ZO,5,0.05,True,3363,430464,0.04385787249,7680,983040,formal
ijcnn1,latest_NOG-ZO,5,0.03,True,3459,442752,0.02807008848,7680,983040,formal
ijcnn1,latest_NOG-ZO,5,0.02,True,3555,455040,0.01904851943,7680,983040,formal
ijcnn1,latest_NOG-ZO,5,0.015,True,5475,700800,0.01462243684,7680,983040,formal
ijcnn1,latest_NOG-ZO,5,0.01,False,,,0.01672296412,7680,983040,formal
ijcnn1,latest_NOG-ZO,5,0.009,False,,,0.01672296412,7680,983040,formal
ijcnn1,latest_NOG-ZO,5,0.008,False,,,0.01672296412,7680,983040,formal
ijcnn1,latest_NOG-ZO,5,0.005,False,,,0.01672296412,7680,983040,formal
ijcnn1,latest_NOG-ZO,6,0.05,True,3363,430464,0.04545023292,7680,983040,formal
ijcnn1,latest_NOG-ZO,6,0.03,True,3459,442752,0.02606845088,7680,983040,formal
ijcnn1,latest_NOG-ZO,6,0.02,True,3555,455040,0.01683247648,7680,983040,formal
ijcnn1,latest_NOG-ZO,6,0.015,True,5475,700800,0.01419277489,7680,983040,formal
ijcnn1,latest_NOG-ZO,6,0.01,True,6627,848256,0.009932550602,7680,983040,formal
ijcnn1,latest_NOG-ZO,6,0.009,False,,,0.01100871619,7680,983040,formal
ijcnn1,latest_NOG-ZO,6,0.008,False,,,0.01100871619,7680,983040,formal
ijcnn1,latest_NOG-ZO,6,0.005,False,,,0.01100871619,7680,983040,formal
ijcnn1,latest_NOG-ZO,7,0.05,True,3363,430464,0.03693513572,7680,983040,formal
ijcnn1,latest_NOG-ZO,7,0.03,True,3459,442752,0.02239116095,7680,983040,formal
ijcnn1,latest_NOG-ZO,7,0.02,True,3555,455040,0.01575514488,7680,983040,formal
ijcnn1,latest_NOG-ZO,7,0.015,True,6435,823680,0.01370211039,7680,983040,formal
ijcnn1,latest_NOG-ZO,7,0.01,False,,,0.01287249941,7680,983040,formal
ijcnn1,latest_NOG-ZO,7,0.009,False,,,0.01287249941,7680,983040,formal
ijcnn1,latest_NOG-ZO,7,0.008,False,,,0.01287249941,7680,983040,formal
ijcnn1,latest_NOG-ZO,7,0.005,False,,,0.01287249941,7680,983040,formal
ijcnn1,latest_NOG-ZO,8,0.05,True,3363,430464,0.04578132555,7680,983040,formal
ijcnn1,latest_NOG-ZO,8,0.03,True,3459,442752,0.02915699407,7680,983040,formal
ijcnn1,latest_NOG-ZO,8,0.02,True,3555,455040,0.01844100654,7680,983040,formal
ijcnn1,latest_NOG-ZO,8,0.015,True,5475,700800,0.01321995351,7680,983040,formal
ijcnn1,latest_NOG-ZO,8,0.01,False,,,0.01090702228,7680,983040,formal
ijcnn1,latest_NOG-ZO,8,0.009,False,,,0.01090702228,7680,983040,formal
ijcnn1,latest_NOG-ZO,8,0.008,False,,,0.01090702228,7680,983040,formal
ijcnn1,latest_NOG-ZO,8,0.005,False,,,0.01090702228,7680,983040,formal
ijcnn1,latest_NOG-ZO,9,0.05,True,3363,430464,0.0413967371,7680,983040,formal
ijcnn1,latest_NOG-ZO,9,0.03,True,3459,442752,0.02662365697,7680,983040,formal
ijcnn1,latest_NOG-ZO,9,0.02,True,4899,627072,0.01918332465,7680,983040,formal
ijcnn1,latest_NOG-ZO,9,0.015,True,6147,786816,0.01389630046,7680,983040,formal
ijcnn1,latest_NOG-ZO,9,0.01,False,,,0.01456380635,7680,983040,formal
ijcnn1,latest_NOG-ZO,9,0.009,False,,,0.01456380635,7680,983040,formal
ijcnn1,latest_NOG-ZO,9,0.008,False,,,0.01456380635,7680,983040,formal
ijcnn1,latest_NOG-ZO,9,0.005,False,,,0.01456380635,7680,983040,formal
ijcnn1,latest_NOG-ZO,10,0.05,True,3363,430464,0.04316699505,7680,983040,formal
ijcnn1,latest_NOG-ZO,10,0.03,True,3459,442752,0.02597511001,7680,983040,formal
ijcnn1,latest_NOG-ZO,10,0.02,True,3555,455040,0.01897116564,7680,983040,formal
ijcnn1,latest_NOG-ZO,10,0.015,True,6051,774528,0.0142265996,7680,983040,formal
ijcnn1,latest_NOG-ZO,10,0.01,False,,,0.0103535112,7680,983040,formal
ijcnn1,latest_NOG-ZO,10,0.009,False,,,0.0103535112,7680,983040,formal
ijcnn1,latest_NOG-ZO,10,0.008,False,,,0.0103535112,7680,983040,formal
ijcnn1,latest_NOG-ZO,10,0.005,False,,,0.0103535112,7680,983040,formal
ijcnn1,latest_NOG-ZO,11,0.05,True,3363,430464,0.04876609519,7680,983040,formal
ijcnn1,latest_NOG-ZO,11,0.03,True,3555,455040,0.0192710571,7680,983040,formal
ijcnn1,latest_NOG-ZO,11,0.02,True,3555,455040,0.0192710571,7680,983040,formal
ijcnn1,latest_NOG-ZO,11,0.015,True,5667,725376,0.01463178359,7680,983040,formal
ijcnn1,latest_NOG-ZO,11,0.01,False,,,0.01424790919,7680,983040,formal
ijcnn1,latest_NOG-ZO,11,0.009,False,,,0.01424790919,7680,983040,formal
ijcnn1,latest_NOG-ZO,11,0.008,False,,,0.01424790919,7680,983040,formal
ijcnn1,latest_NOG-ZO,11,0.005,False,,,0.01424790919,7680,983040,formal
ijcnn1,latest_NOG-ZO,12,0.05,True,3363,430464,0.04454343021,7680,983040,formal
ijcnn1,latest_NOG-ZO,12,0.03,True,3459,442752,0.02635137551,7680,983040,formal
ijcnn1,latest_NOG-ZO,12,0.02,True,3555,455040,0.01657775603,7680,983040,formal
ijcnn1,latest_NOG-ZO,12,0.015,True,5187,663936,0.01445925236,7680,983040,formal
ijcnn1,latest_NOG-ZO,12,0.01,True,7011,897408,0.009574214928,7680,983040,formal
ijcnn1,latest_NOG-ZO,12,0.009,False,,,0.01346077397,7680,983040,formal
ijcnn1,latest_NOG-ZO,12,0.008,False,,,0.01346077397,7680,983040,formal
ijcnn1,latest_NOG-ZO,12,0.005,False,,,0.01346077397,7680,983040,formal
ijcnn1,latest_NOG-ZO,13,0.05,True,3363,430464,0.04646437988,7680,983040,formal
ijcnn1,latest_NOG-ZO,13,0.03,True,3459,442752,0.02724001743,7680,983040,formal
ijcnn1,latest_NOG-ZO,13,0.02,True,4899,627072,0.01964982226,7680,983040,formal
ijcnn1,latest_NOG-ZO,13,0.015,True,5667,725376,0.01394797117,7680,983040,formal
ijcnn1,latest_NOG-ZO,13,0.01,False,,,0.01006675139,7680,983040,formal
ijcnn1,latest_NOG-ZO,13,0.009,False,,,0.01006675139,7680,983040,formal
ijcnn1,latest_NOG-ZO,13,0.008,False,,,0.01006675139,7680,983040,formal
ijcnn1,latest_NOG-ZO,13,0.005,False,,,0.01006675139,7680,983040,formal
ijcnn1,latest_NOG-ZO,14,0.05,True,3363,430464,0.04308547825,7680,983040,formal
ijcnn1,latest_NOG-ZO,14,0.03,True,3459,442752,0.02405323274,7680,983040,formal
ijcnn1,latest_NOG-ZO,14,0.02,True,4323,553344,0.01980420761,7680,983040,formal
ijcnn1,latest_NOG-ZO,14,0.015,True,5475,700800,0.01470124908,7680,983040,formal
ijcnn1,latest_NOG-ZO,14,0.01,False,,,0.01176086254,7680,983040,formal
ijcnn1,latest_NOG-ZO,14,0.009,False,,,0.01176086254,7680,983040,formal
ijcnn1,latest_NOG-ZO,14,0.008,False,,,0.01176086254,7680,983040,formal
ijcnn1,latest_NOG-ZO,14,0.005,False,,,0.01176086254,7680,983040,formal
ijcnn1,latest_NOG-ZO,15,0.05,True,3363,430464,0.03929151967,7680,983040,formal
ijcnn1,latest_NOG-ZO,15,0.03,True,3459,442752,0.02494935133,7680,983040,formal
ijcnn1,latest_NOG-ZO,15,0.02,True,3555,455040,0.01791595481,7680,983040,formal
ijcnn1,latest_NOG-ZO,15,0.015,True,5091,651648,0.01416348387,7680,983040,formal
ijcnn1,latest_NOG-ZO,15,0.01,True,6435,823680,0.008205545135,7680,983040,formal
ijcnn1,latest_NOG-ZO,15,0.009,True,6435,823680,0.008205545135,7680,983040,formal
ijcnn1,latest_NOG-ZO,15,0.008,False,,,0.01626094803,7680,983040,formal
ijcnn1,latest_NOG-ZO,15,0.005,False,,,0.01626094803,7680,983040,formal
ijcnn1,latest_NOG-ZO,16,0.05,True,3363,430464,0.04192876443,7680,983040,formal
ijcnn1,latest_NOG-ZO,16,0.03,True,3459,442752,0.02320291847,7680,983040,formal
ijcnn1,latest_NOG-ZO,16,0.02,True,3555,455040,0.01661754213,7680,983040,formal
ijcnn1,latest_NOG-ZO,16,0.015,True,5379,688512,0.01209134329,7680,983040,formal
ijcnn1,latest_NOG-ZO,16,0.01,False,,,0.01363210473,7680,983040,formal
ijcnn1,latest_NOG-ZO,16,0.009,False,,,0.01363210473,7680,983040,formal
ijcnn1,latest_NOG-ZO,16,0.008,False,,,0.01363210473,7680,983040,formal
ijcnn1,latest_NOG-ZO,16,0.005,False,,,0.01363210473,7680,983040,formal
ijcnn1,latest_NOG-ZO,17,0.05,True,3363,430464,0.03931987658,7680,983040,formal
ijcnn1,latest_NOG-ZO,17,0.03,True,3459,442752,0.02309191413,7680,983040,formal
ijcnn1,latest_NOG-ZO,17,0.02,True,3555,455040,0.01560708694,7680,983040,formal
ijcnn1,latest_NOG-ZO,17,0.015,True,4515,577920,0.01300431229,7680,983040,formal
ijcnn1,latest_NOG-ZO,17,0.01,False,,,0.01149691641,7680,983040,formal
ijcnn1,latest_NOG-ZO,17,0.009,False,,,0.01149691641,7680,983040,formal
ijcnn1,latest_NOG-ZO,17,0.008,False,,,0.01149691641,7680,983040,formal
ijcnn1,latest_NOG-ZO,17,0.005,False,,,0.01149691641,7680,983040,formal
ijcnn1,latest_NOG-ZO,18,0.05,True,3363,430464,0.03708345816,7680,983040,formal
ijcnn1,latest_NOG-ZO,18,0.03,True,3459,442752,0.02197858319,7680,983040,formal
ijcnn1,latest_NOG-ZO,18,0.02,True,4323,553344,0.01924372837,7680,983040,formal
ijcnn1,latest_NOG-ZO,18,0.015,True,4515,577920,0.01365771331,7680,983040,formal
ijcnn1,latest_NOG-ZO,18,0.01,False,,,0.008722326718,7680,983040,formal
ijcnn1,latest_NOG-ZO,18,0.009,False,,,0.008722326718,7680,983040,formal
ijcnn1,latest_NOG-ZO,18,0.008,False,,,0.008722326718,7680,983040,formal
ijcnn1,latest_NOG-ZO,18,0.005,False,,,0.008722326718,7680,983040,formal
ijcnn1,latest_NOG-ZO,19,0.05,True,3363,430464,0.03908216953,7680,983040,formal
ijcnn1,latest_NOG-ZO,19,0.03,True,3459,442752,0.02361202613,7680,983040,formal
ijcnn1,latest_NOG-ZO,19,0.02,True,4323,553344,0.01761418954,7680,983040,formal
ijcnn1,latest_NOG-ZO,19,0.015,True,4899,627072,0.01484539639,7680,983040,formal
ijcnn1,latest_NOG-ZO,19,0.01,True,6723,860544,0.00910499692,7680,983040,formal
ijcnn1,latest_NOG-ZO,19,0.009,False,,,0.01263130642,7680,983040,formal
ijcnn1,latest_NOG-ZO,19,0.008,False,,,0.01263130642,7680,983040,formal
ijcnn1,latest_NOG-ZO,19,0.005,False,,,0.01263130642,7680,983040,formal
