candidate_id,method,epsilon,formal_seed,hit,censored,first_hit_iteration,first_hit_depth,first_hit_total_work,first_hit_per_worker_work,first_hit_training_time,first_hit_stat_proxy,final_iteration,final_depth,final_total_work,final_stat_proxy,parameters
NOG-FO__M-4__data_B_total-64__eta-0p03__smooth_B-2,NOG-FO,0.011,100,True,False,4,6,768,96,0.4496806263923645,0.010067380964756012,960,962,123136,0.012080134823918343,"{""M"": 4, ""data_B_total"": 64, ""eta"": 0.03, ""smooth_B"": 2}"
NOG-FO__M-4__data_B_total-64__eta-0p03__smooth_B-2,NOG-FO,0.011,101,True,False,4,6,768,96,0.4732659310102463,0.010467168875038624,960,962,123136,0.01203903928399086,"{""M"": 4, ""data_B_total"": 64, ""eta"": 0.03, ""smooth_B"": 2}"
NOG-FO__M-4__data_B_total-64__eta-0p03__smooth_B-2,NOG-FO,0.011,102,True,False,4,6,768,96,0.45380716025829315,0.010237559676170349,960,962,123136,0.01289992593228817,"{""M"": 4, ""data_B_total"": 64, ""eta"": 0.03, ""smooth_B"": 2}"
NOG-FO__M-4__data_B_total-64__eta-0p03__smooth_B-2,NOG-FO,0.01,100,False,True,,,,,,,960,962,123136,0.012080134823918343,"{""M"": 4, ""data_B_total"": 64, ""eta"": 0.03, ""smooth_B"": 2}"
NOG-FO__M-4__data_B_total-64__eta-0p03__smooth_B-2,NOG-FO,0.01,101,True,False,52,54,6912,864,2.3532131612300873,0.009736396372318268,960,962,123136,0.01203903928399086,"{""M"": 4, ""data_B_total"": 64, ""eta"": 0.03, ""smooth_B"": 2}"
NOG-FO__M-4__data_B_total-64__eta-0p03__smooth_B-2,NOG-FO,0.01,102,True,False,52,54,6912,864,2.926126778125763,0.00853658840060234,960,962,123136,0.01289992593228817,"{""M"": 4, ""data_B_total"": 64, ""eta"": 0.03, ""smooth_B"": 2}"
NOG-FO__M-4__data_B_total-64__eta-0p03__smooth_B-2,NOG-FO,0.009,100,False,True,,,,,,,960,962,123136,0.012080134823918343,"{""M"": 4, ""data_B_total"": 64, ""eta"": 0.03, ""smooth_B"": 2}"
NOG-FO__M-4__data_B_total-64__eta-0p03__smooth_B-2,NOG-FO,0.009,101,False,True,,,,,,,960,962,123136,0.01203903928399086,"{""M"": 4, ""data_B_total"": 64, ""eta"": 0.03, ""smooth_B"": 2}"
NOG-FO__M-4__data_B_total-64__eta-0p03__smooth_B-2,NOG-FO,0.009,102,False,True,,,,,,,960,962,123136,0.01289992593228817,"{""M"": 4, ""data_B_total"": 64, ""eta"": 0.03, ""smooth_B"": 2}"
NOG-FO__M-4__data_B_total-64__eta-0p03__smooth_B-2,NOG-FO,0.008,100,False,True,,,,,,,960,962,123136,0.012080134823918343,"{""M"": 4, ""data_B_total"": 64, ""eta"": 0.03, ""smooth_B"": 2}"
NOG-FO__M-4__data_B_total-64__eta-0p03__smooth_B-2,NOG-FO,0.008,101,False,True,,,,,,,960,962,123136,0.01203903928399086,"{""M"": 4, ""data_B_total"": 64, ""eta"": 0.03, ""smooth_B"": 2}"
NOG-FO__M-4__data_B_total-64__eta-0p03__smooth_B-2,NOG-FO,0.008,102,False,True,,,,,,,960,962,123136,0.01289992593228817,"{""M"": 4, ""data_B_total"": 64, ""eta"": 0.03, ""smooth_B"": 2}"
NOG-FO__M-4__data_B_total-64__eta-0p03__smooth_B-2,NOG-FO,0.0075,100,False,True,,,,,,,960,962,123136,0.012080134823918343,"{""M"": 4, ""data_B_total"": 64, ""eta"": 0.03, ""smooth_B"": 2}"
NOG-FO__M-4__data_B_total-64__eta-0p03__smooth_B-2,NOG-FO,0.0075,101,False,True,,,,,,,960,962,123136,0.01203903928399086,"{""M"": 4, ""data_B_total"": 64, ""eta"": 0.03, ""smooth_B"": 2}"
NOG-FO__M-4__data_B_total-64__eta-0p03__smooth_B-2,NOG-FO,0.0075,102,False,True,,,,,,,960,962,123136,0.01289992593228817,"{""M"": 4, ""data_B_total"": 64, ""eta"": 0.03, ""smooth_B"": 2}"
NOG-FO__M-4__data_B_total-64__eta-0p1__smooth_B-2,NOG-FO,0.011,100,True,False,4,6,768,96,0.7553033530712128,0.010108418762683868,960,962,123136,0.011061723344027996,"{""M"": 4, ""data_B_total"": 64, ""eta"": 0.1, ""smooth_B"": 2}"
NOG-FO__M-4__data_B_total-64__eta-0p1__smooth_B-2,NOG-FO,0.011,101,True,False,4,6,768,96,0.4806666076183319,0.010408109053969383,960,962,123136,0.01034298911690712,"{""M"": 4, ""data_B_total"": 64, ""eta"": 0.1, ""smooth_B"": 2}"
NOG-FO__M-4__data_B_total-64__eta-0p1__smooth_B-2,NOG-FO,0.011,102,True,False,4,6,768,96,0.48442964255809784,0.010192792862653732,960,962,123136,0.01239327248185873,"{""M"": 4, ""data_B_total"": 64, ""eta"": 0.1, ""smooth_B"": 2}"
NOG-FO__M-4__data_B_total-64__eta-0p1__smooth_B-2,NOG-FO,0.01,100,True,False,292,294,37632,4704,25.014085084199905,0.009268038906157017,960,962,123136,0.011061723344027996,"{""M"": 4, ""data_B_total"": 64, ""eta"": 0.1, ""smooth_B"": 2}"
NOG-FO__M-4__data_B_total-64__eta-0p1__smooth_B-2,NOG-FO,0.01,101,False,True,,,,,,,960,962,123136,0.01034298911690712,"{""M"": 4, ""data_B_total"": 64, ""eta"": 0.1, ""smooth_B"": 2}"
NOG-FO__M-4__data_B_total-64__eta-0p1__smooth_B-2,NOG-FO,0.01,102,True,False,340,342,43776,5472,13.526319563388824,0.009642992168664932,960,962,123136,0.01239327248185873,"{""M"": 4, ""data_B_total"": 64, ""eta"": 0.1, ""smooth_B"": 2}"
NOG-FO__M-4__data_B_total-64__eta-0p1__smooth_B-2,NOG-FO,0.009,100,False,True,,,,,,,960,962,123136,0.011061723344027996,"{""M"": 4, ""data_B_total"": 64, ""eta"": 0.1, ""smooth_B"": 2}"
NOG-FO__M-4__data_B_total-64__eta-0p1__smooth_B-2,NOG-FO,0.009,101,False,True,,,,,,,960,962,123136,0.01034298911690712,"{""M"": 4, ""data_B_total"": 64, ""eta"": 0.1, ""smooth_B"": 2}"
NOG-FO__M-4__data_B_total-64__eta-0p1__smooth_B-2,NOG-FO,0.009,102,False,True,,,,,,,960,962,123136,0.01239327248185873,"{""M"": 4, ""data_B_total"": 64, ""eta"": 0.1, ""smooth_B"": 2}"
NOG-FO__M-4__data_B_total-64__eta-0p1__smooth_B-2,NOG-FO,0.008,100,False,True,,,,,,,960,962,123136,0.011061723344027996,"{""M"": 4, ""data_B_total"": 64, ""eta"": 0.1, ""smooth_B"": 2}"
NOG-FO__M-4__data_B_total-64__eta-0p1__smooth_B-2,NOG-FO,0.008,101,False,True,,,,,,,960,962,123136,0.01034298911690712,"{""M"": 4, ""data_B_total"": 64, ""eta"": 0.1, ""smooth_B"": 2}"
NOG-FO__M-4__data_B_total-64__eta-0p1__smooth_B-2,NOG-FO,0.008,102,False,True,,,,,,,960,962,123136,0.01239327248185873,"{""M"": 4, ""data_B_total"": 64, ""eta"": 0.1, ""smooth_B"": 2}"
NOG-FO__M-4__data_B_total-64__eta-0p1__smooth_B-2,NOG-FO,0.0075,100,False,True,,,,,,,960,962,123136,0.011061723344027996,"{""M"": 4, ""data_B_total"": 64, ""eta"": 0.1, ""smooth_B"": 2}"
NOG-FO__M-4__data_B_total-64__eta-0p1__smooth_B-2,NOG-FO,0.0075,101,False,True,,,,,,,960,962,123136,0.01034298911690712,"{""M"": 4, ""data_B_total"": 64, ""eta"": 0.1, ""smooth_B"": 2}"
NOG-FO__M-4__data_B_total-64__eta-0p1__smooth_B-2,NOG-FO,0.0075,102,False,True,,,,,,,960,962,123136,0.01239327248185873,"{""M"": 4, ""data_B_total"": 64, ""eta"": 0.1, ""smooth_B"": 2}"
NOG-FO__M-4__data_B_total-64__eta-0p3__smooth_B-2,NOG-FO,0.011,100,True,False,4,6,768,96,0.47100670635700226,0.010356449522078037,960,962,123136,0.008599042892456055,"{""M"": 4, ""data_B_total"": 64, ""eta"": 0.3, ""smooth_B"": 2}"
NOG-FO__M-4__data_B_total-64__eta-0p3__smooth_B-2,NOG-FO,0.011,101,True,False,4,6,768,96,0.46877171099185944,0.01048285886645317,960,962,123136,0.009574920870363712,"{""M"": 4, ""data_B_total"": 64, ""eta"": 0.3, ""smooth_B"": 2}"
NOG-FO__M-4__data_B_total-64__eta-0p3__smooth_B-2,NOG-FO,0.011,102,True,False,4,6,768,96,0.4228762090206146,0.010282695293426514,960,962,123136,0.008885013870894909,"{""M"": 4, ""data_B_total"": 64, ""eta"": 0.3, ""smooth_B"": 2}"
NOG-FO__M-4__data_B_total-64__eta-0p3__smooth_B-2,NOG-FO,0.01,100,True,False,52,54,6912,864,2.4162668734788895,0.009396018460392952,960,962,123136,0.008599042892456055,"{""M"": 4, ""data_B_total"": 64, ""eta"": 0.3, ""smooth_B"": 2}"
NOG-FO__M-4__data_B_total-64__eta-0p3__smooth_B-2,NOG-FO,0.01,101,True,False,52,54,6912,864,3.0592660903930664,0.009368169121444225,960,962,123136,0.009574920870363712,"{""M"": 4, ""data_B_total"": 64, ""eta"": 0.3, ""smooth_B"": 2}"
NOG-FO__M-4__data_B_total-64__eta-0p3__smooth_B-2,NOG-FO,0.01,102,True,False,52,54,6912,864,2.1548196375370026,0.009386296384036541,960,962,123136,0.008885013870894909,"{""M"": 4, ""data_B_total"": 64, ""eta"": 0.3, ""smooth_B"": 2}"
NOG-FO__M-4__data_B_total-64__eta-0p3__smooth_B-2,NOG-FO,0.009,100,True,False,148,150,19200,2400,6.750042483210564,0.008689362555742264,960,962,123136,0.008599042892456055,"{""M"": 4, ""data_B_total"": 64, ""eta"": 0.3, ""smooth_B"": 2}"
NOG-FO__M-4__data_B_total-64__eta-0p3__smooth_B-2,NOG-FO,0.009,101,True,False,388,390,49920,6240,20.14605675637722,0.00858294777572155,960,962,123136,0.009574920870363712,"{""M"": 4, ""data_B_total"": 64, ""eta"": 0.3, ""smooth_B"": 2}"
NOG-FO__M-4__data_B_total-64__eta-0p3__smooth_B-2,NOG-FO,0.009,102,True,False,100,102,13056,1632,3.940577358007431,0.008708898909389973,960,962,123136,0.008885013870894909,"{""M"": 4, ""data_B_total"": 64, ""eta"": 0.3, ""smooth_B"": 2}"
NOG-FO__M-4__data_B_total-64__eta-0p3__smooth_B-2,NOG-FO,0.008,100,False,True,,,,,,,960,962,123136,0.008599042892456055,"{""M"": 4, ""data_B_total"": 64, ""eta"": 0.3, ""smooth_B"": 2}"
NOG-FO__M-4__data_B_total-64__eta-0p3__smooth_B-2,NOG-FO,0.008,101,False,True,,,,,,,960,962,123136,0.009574920870363712,"{""M"": 4, ""data_B_total"": 64, ""eta"": 0.3, ""smooth_B"": 2}"
NOG-FO__M-4__data_B_total-64__eta-0p3__smooth_B-2,NOG-FO,0.008,102,False,True,,,,,,,960,962,123136,0.008885013870894909,"{""M"": 4, ""data_B_total"": 64, ""eta"": 0.3, ""smooth_B"": 2}"
NOG-FO__M-4__data_B_total-64__eta-0p3__smooth_B-2,NOG-FO,0.0075,100,False,True,,,,,,,960,962,123136,0.008599042892456055,"{""M"": 4, ""data_B_total"": 64, ""eta"": 0.3, ""smooth_B"": 2}"
NOG-FO__M-4__data_B_total-64__eta-0p3__smooth_B-2,NOG-FO,0.0075,101,False,True,,,,,,,960,962,123136,0.009574920870363712,"{""M"": 4, ""data_B_total"": 64, ""eta"": 0.3, ""smooth_B"": 2}"
NOG-FO__M-4__data_B_total-64__eta-0p3__smooth_B-2,NOG-FO,0.0075,102,False,True,,,,,,,960,962,123136,0.008885013870894909,"{""M"": 4, ""data_B_total"": 64, ""eta"": 0.3, ""smooth_B"": 2}"
NOG-FO__M-4__data_B_total-64__eta-1p0__smooth_B-2,NOG-FO,0.011,100,True,False,4,6,768,96,0.41456538438796997,0.010196860879659653,960,962,123136,0.007463385351002216,"{""M"": 4, ""data_B_total"": 64, ""eta"": 1.0, ""smooth_B"": 2}"
NOG-FO__M-4__data_B_total-64__eta-1p0__smooth_B-2,NOG-FO,0.011,101,True,False,4,6,768,96,0.508096918463707,0.010354804806411266,960,962,123136,0.008736100979149342,"{""M"": 4, ""data_B_total"": 64, ""eta"": 1.0, ""smooth_B"": 2}"
NOG-FO__M-4__data_B_total-64__eta-1p0__smooth_B-2,NOG-FO,0.011,102,True,False,4,6,768,96,0.5167076140642166,0.010236169211566448,960,962,123136,0.008035599254071712,"{""M"": 4, ""data_B_total"": 64, ""eta"": 1.0, ""smooth_B"": 2}"
NOG-FO__M-4__data_B_total-64__eta-1p0__smooth_B-2,NOG-FO,0.01,100,True,False,52,54,6912,864,3.778502970933914,0.008821207098662853,960,962,123136,0.007463385351002216,"{""M"": 4, ""data_B_total"": 64, ""eta"": 1.0, ""smooth_B"": 2}"
NOG-FO__M-4__data_B_total-64__eta-1p0__smooth_B-2,NOG-FO,0.01,101,True,False,52,54,6912,864,5.009516596794128,0.008757384493947029,960,962,123136,0.008736100979149342,"{""M"": 4, ""data_B_total"": 64, ""eta"": 1.0, ""smooth_B"": 2}"
NOG-FO__M-4__data_B_total-64__eta-1p0__smooth_B-2,NOG-FO,0.01,102,True,False,52,54,6912,864,2.5155916661024094,0.008276522159576416,960,962,123136,0.008035599254071712,"{""M"": 4, ""data_B_total"": 64, ""eta"": 1.0, ""smooth_B"": 2}"
NOG-FO__M-4__data_B_total-64__eta-1p0__smooth_B-2,NOG-FO,0.009,100,True,False,52,54,6912,864,3.778502970933914,0.008821207098662853,960,962,123136,0.007463385351002216,"{""M"": 4, ""data_B_total"": 64, ""eta"": 1.0, ""smooth_B"": 2}"
NOG-FO__M-4__data_B_total-64__eta-1p0__smooth_B-2,NOG-FO,0.009,101,True,False,52,54,6912,864,5.009516596794128,0.008757384493947029,960,962,123136,0.008736100979149342,"{""M"": 4, ""data_B_total"": 64, ""eta"": 1.0, ""smooth_B"": 2}"
NOG-FO__M-4__data_B_total-64__eta-1p0__smooth_B-2,NOG-FO,0.009,102,True,False,52,54,6912,864,2.5155916661024094,0.008276522159576416,960,962,123136,0.008035599254071712,"{""M"": 4, ""data_B_total"": 64, ""eta"": 1.0, ""smooth_B"": 2}"
NOG-FO__M-4__data_B_total-64__eta-1p0__smooth_B-2,NOG-FO,0.008,100,True,False,196,198,25344,3168,10.002032786607742,0.0073167975060641766,960,962,123136,0.007463385351002216,"{""M"": 4, ""data_B_total"": 64, ""eta"": 1.0, ""smooth_B"": 2}"
NOG-FO__M-4__data_B_total-64__eta-1p0__smooth_B-2,NOG-FO,0.008,101,True,False,532,534,68352,8544,26.325742676854134,0.007629782892763615,960,962,123136,0.008736100979149342,"{""M"": 4, ""data_B_total"": 64, ""eta"": 1.0, ""smooth_B"": 2}"
NOG-FO__M-4__data_B_total-64__eta-1p0__smooth_B-2,NOG-FO,0.008,102,True,False,100,102,13056,1632,4.308532118797302,0.007502209860831499,960,962,123136,0.008035599254071712,"{""M"": 4, ""data_B_total"": 64, ""eta"": 1.0, ""smooth_B"": 2}"
NOG-FO__M-4__data_B_total-64__eta-1p0__smooth_B-2,NOG-FO,0.0075,100,True,False,388,390,49920,6240,18.34467911720276,0.0071108052507042885,960,962,123136,0.007463385351002216,"{""M"": 4, ""data_B_total"": 64, ""eta"": 1.0, ""smooth_B"": 2}"
NOG-FO__M-4__data_B_total-64__eta-1p0__smooth_B-2,NOG-FO,0.0075,101,False,True,,,,,,,960,962,123136,0.008736100979149342,"{""M"": 4, ""data_B_total"": 64, ""eta"": 1.0, ""smooth_B"": 2}"
NOG-FO__M-4__data_B_total-64__eta-1p0__smooth_B-2,NOG-FO,0.0075,102,False,True,,,,,,,960,962,123136,0.008035599254071712,"{""M"": 4, ""data_B_total"": 64, ""eta"": 1.0, ""smooth_B"": 2}"
NOG-FO__M-8__data_B_total-64__eta-0p03__smooth_B-2,NOG-FO,0.011,100,True,False,8,10,1280,160,0.5319491326808929,0.00997374951839447,960,962,123136,0.010168453678488731,"{""M"": 8, ""data_B_total"": 64, ""eta"": 0.03, ""smooth_B"": 2}"
NOG-FO__M-8__data_B_total-64__eta-0p03__smooth_B-2,NOG-FO,0.011,101,True,False,8,10,1280,160,0.5281704366207123,0.010386469773948193,960,962,123136,0.010618519969284534,"{""M"": 8, ""data_B_total"": 64, ""eta"": 0.03, ""smooth_B"": 2}"
NOG-FO__M-8__data_B_total-64__eta-0p03__smooth_B-2,NOG-FO,0.011,102,True,False,8,10,1280,160,0.9849525541067123,0.010127894580364227,960,962,123136,0.010531156323850155,"{""M"": 8, ""data_B_total"": 64, ""eta"": 0.03, ""smooth_B"": 2}"
NOG-FO__M-8__data_B_total-64__eta-0p03__smooth_B-2,NOG-FO,0.01,100,True,False,104,106,13568,1696,4.2605105340480804,0.009612477384507656,960,962,123136,0.010168453678488731,"{""M"": 8, ""data_B_total"": 64, ""eta"": 0.03, ""smooth_B"": 2}"
NOG-FO__M-8__data_B_total-64__eta-0p03__smooth_B-2,NOG-FO,0.01,101,True,False,56,58,7424,928,2.403039038181305,0.009679057635366917,960,962,123136,0.010618519969284534,"{""M"": 8, ""data_B_total"": 64, ""eta"": 0.03, ""smooth_B"": 2}"
NOG-FO__M-8__data_B_total-64__eta-0p03__smooth_B-2,NOG-FO,0.01,102,True,False,56,58,7424,928,5.042419075965881,0.008606412447988987,960,962,123136,0.010531156323850155,"{""M"": 8, ""data_B_total"": 64, ""eta"": 0.03, ""smooth_B"": 2}"
NOG-FO__M-8__data_B_total-64__eta-0p03__smooth_B-2,NOG-FO,0.009,100,False,True,,,,,,,960,962,123136,0.010168453678488731,"{""M"": 8, ""data_B_total"": 64, ""eta"": 0.03, ""smooth_B"": 2}"
NOG-FO__M-8__data_B_total-64__eta-0p03__smooth_B-2,NOG-FO,0.009,101,False,True,,,,,,,960,962,123136,0.010618519969284534,"{""M"": 8, ""data_B_total"": 64, ""eta"": 0.03, ""smooth_B"": 2}"
NOG-FO__M-8__data_B_total-64__eta-0p03__smooth_B-2,NOG-FO,0.009,102,True,False,56,58,7424,928,5.042419075965881,0.008606412447988987,960,962,123136,0.010531156323850155,"{""M"": 8, ""data_B_total"": 64, ""eta"": 0.03, ""smooth_B"": 2}"
NOG-FO__M-8__data_B_total-64__eta-0p03__smooth_B-2,NOG-FO,0.008,100,False,True,,,,,,,960,962,123136,0.010168453678488731,"{""M"": 8, ""data_B_total"": 64, ""eta"": 0.03, ""smooth_B"": 2}"
NOG-FO__M-8__data_B_total-64__eta-0p03__smooth_B-2,NOG-FO,0.008,101,False,True,,,,,,,960,962,123136,0.010618519969284534,"{""M"": 8, ""data_B_total"": 64, ""eta"": 0.03, ""smooth_B"": 2}"
NOG-FO__M-8__data_B_total-64__eta-0p03__smooth_B-2,NOG-FO,0.008,102,False,True,,,,,,,960,962,123136,0.010531156323850155,"{""M"": 8, ""data_B_total"": 64, ""eta"": 0.03, ""smooth_B"": 2}"
NOG-FO__M-8__data_B_total-64__eta-0p03__smooth_B-2,NOG-FO,0.0075,100,False,True,,,,,,,960,962,123136,0.010168453678488731,"{""M"": 8, ""data_B_total"": 64, ""eta"": 0.03, ""smooth_B"": 2}"
NOG-FO__M-8__data_B_total-64__eta-0p03__smooth_B-2,NOG-FO,0.0075,101,False,True,,,,,,,960,962,123136,0.010618519969284534,"{""M"": 8, ""data_B_total"": 64, ""eta"": 0.03, ""smooth_B"": 2}"
NOG-FO__M-8__data_B_total-64__eta-0p03__smooth_B-2,NOG-FO,0.0075,102,False,True,,,,,,,960,962,123136,0.010531156323850155,"{""M"": 8, ""data_B_total"": 64, ""eta"": 0.03, ""smooth_B"": 2}"
NOG-FO__M-8__data_B_total-64__eta-0p1__smooth_B-2,NOG-FO,0.011,100,True,False,8,10,1280,160,0.6590185314416885,0.010132006369531155,960,962,123136,0.008266303688287735,"{""M"": 8, ""data_B_total"": 64, ""eta"": 0.1, ""smooth_B"": 2}"
NOG-FO__M-8__data_B_total-64__eta-0p1__smooth_B-2,NOG-FO,0.011,101,True,False,8,10,1280,160,0.7625859528779984,0.01041439175605774,960,962,123136,0.00920156855136156,"{""M"": 8, ""data_B_total"": 64, ""eta"": 0.1, ""smooth_B"": 2}"
NOG-FO__M-8__data_B_total-64__eta-0p1__smooth_B-2,NOG-FO,0.011,102,True,False,8,10,1280,160,0.622537761926651,0.010177740827202797,960,962,123136,0.008550414815545082,"{""M"": 8, ""data_B_total"": 64, ""eta"": 0.1, ""smooth_B"": 2}"
NOG-FO__M-8__data_B_total-64__eta-0p1__smooth_B-2,NOG-FO,0.01,100,True,False,56,58,7424,928,3.2626752108335495,0.00968237966299057,960,962,123136,0.008266303688287735,"{""M"": 8, ""data_B_total"": 64, ""eta"": 0.1, ""smooth_B"": 2}"
NOG-FO__M-8__data_B_total-64__eta-0p1__smooth_B-2,NOG-FO,0.01,101,True,False,56,58,7424,928,5.33944545686245,0.009111194871366024,960,962,123136,0.00920156855136156,"{""M"": 8, ""data_B_total"": 64, ""eta"": 0.1, ""smooth_B"": 2}"
NOG-FO__M-8__data_B_total-64__eta-0p1__smooth_B-2,NOG-FO,0.01,102,True,False,56,58,7424,928,3.3901981711387634,0.008665274828672409,960,962,123136,0.008550414815545082,"{""M"": 8, ""data_B_total"": 64, ""eta"": 0.1, ""smooth_B"": 2}"
NOG-FO__M-8__data_B_total-64__eta-0p1__smooth_B-2,NOG-FO,0.009,100,True,False,152,154,19712,2464,8.90046301484108,0.008708546869456768,960,962,123136,0.008266303688287735,"{""M"": 8, ""data_B_total"": 64, ""eta"": 0.1, ""smooth_B"": 2}"
NOG-FO__M-8__data_B_total-64__eta-0p1__smooth_B-2,NOG-FO,0.009,101,True,False,392,394,50432,6304,25.94428715109825,0.008608147501945496,960,962,123136,0.00920156855136156,"{""M"": 8, ""data_B_total"": 64, ""eta"": 0.1, ""smooth_B"": 2}"
NOG-FO__M-8__data_B_total-64__eta-0p1__smooth_B-2,NOG-FO,0.009,102,True,False,56,58,7424,928,3.3901981711387634,0.008665274828672409,960,962,123136,0.008550414815545082,"{""M"": 8, ""data_B_total"": 64, ""eta"": 0.1, ""smooth_B"": 2}"
NOG-FO__M-8__data_B_total-64__eta-0p1__smooth_B-2,NOG-FO,0.008,100,False,True,,,,,,,960,962,123136,0.008266303688287735,"{""M"": 8, ""data_B_total"": 64, ""eta"": 0.1, ""smooth_B"": 2}"
NOG-FO__M-8__data_B_total-64__eta-0p1__smooth_B-2,NOG-FO,0.008,101,False,True,,,,,,,960,962,123136,0.00920156855136156,"{""M"": 8, ""data_B_total"": 64, ""eta"": 0.1, ""smooth_B"": 2}"
NOG-FO__M-8__data_B_total-64__eta-0p1__smooth_B-2,NOG-FO,0.008,102,False,True,,,,,,,960,962,123136,0.008550414815545082,"{""M"": 8, ""data_B_total"": 64, ""eta"": 0.1, ""smooth_B"": 2}"
NOG-FO__M-8__data_B_total-64__eta-0p1__smooth_B-2,NOG-FO,0.0075,100,False,True,,,,,,,960,962,123136,0.008266303688287735,"{""M"": 8, ""data_B_total"": 64, ""eta"": 0.1, ""smooth_B"": 2}"
NOG-FO__M-8__data_B_total-64__eta-0p1__smooth_B-2,NOG-FO,0.0075,101,False,True,,,,,,,960,962,123136,0.00920156855136156,"{""M"": 8, ""data_B_total"": 64, ""eta"": 0.1, ""smooth_B"": 2}"
NOG-FO__M-8__data_B_total-64__eta-0p1__smooth_B-2,NOG-FO,0.0075,102,False,True,,,,,,,960,962,123136,0.008550414815545082,"{""M"": 8, ""data_B_total"": 64, ""eta"": 0.1, ""smooth_B"": 2}"
NOG-FO__M-8__data_B_total-64__eta-0p3__smooth_B-2,NOG-FO,0.011,100,True,False,8,10,1280,160,0.5959302335977554,0.00994393602013588,960,962,123136,0.007527624256908894,"{""M"": 8, ""data_B_total"": 64, ""eta"": 0.3, ""smooth_B"": 2}"
NOG-FO__M-8__data_B_total-64__eta-0p3__smooth_B-2,NOG-FO,0.011,101,True,False,8,10,1280,160,0.5397589355707169,0.010339207015931606,960,962,123136,0.008396259509027004,"{""M"": 8, ""data_B_total"": 64, ""eta"": 0.3, ""smooth_B"": 2}"
NOG-FO__M-8__data_B_total-64__eta-0p3__smooth_B-2,NOG-FO,0.011,102,True,False,8,10,1280,160,4.442552253603935,0.010107845067977905,960,962,123136,0.007719893474131823,"{""M"": 8, ""data_B_total"": 64, ""eta"": 0.3, ""smooth_B"": 2}"
NOG-FO__M-8__data_B_total-64__eta-0p3__smooth_B-2,NOG-FO,0.01,100,True,False,8,10,1280,160,0.5959302335977554,0.00994393602013588,960,962,123136,0.007527624256908894,"{""M"": 8, ""data_B_total"": 64, ""eta"": 0.3, ""smooth_B"": 2}"
NOG-FO__M-8__data_B_total-64__eta-0p3__smooth_B-2,NOG-FO,0.01,101,True,False,56,58,7424,928,2.531896010041237,0.008678531274199486,960,962,123136,0.008396259509027004,"{""M"": 8, ""data_B_total"": 64, ""eta"": 0.3, ""smooth_B"": 2}"
NOG-FO__M-8__data_B_total-64__eta-0p3__smooth_B-2,NOG-FO,0.01,102,True,False,56,58,7424,928,10.530694395303726,0.00819483958184719,960,962,123136,0.007719893474131823,"{""M"": 8, ""data_B_total"": 64, ""eta"": 0.3, ""smooth_B"": 2}"
NOG-FO__M-8__data_B_total-64__eta-0p3__smooth_B-2,NOG-FO,0.009,100,True,False,56,58,7424,928,2.400409534573555,0.008528415113687515,960,962,123136,0.007527624256908894,"{""M"": 8, ""data_B_total"": 64, ""eta"": 0.3, ""smooth_B"": 2}"
NOG-FO__M-8__data_B_total-64__eta-0p3__smooth_B-2,NOG-FO,0.009,101,True,False,56,58,7424,928,2.531896010041237,0.008678531274199486,960,962,123136,0.008396259509027004,"{""M"": 8, ""data_B_total"": 64, ""eta"": 0.3, ""smooth_B"": 2}"
NOG-FO__M-8__data_B_total-64__eta-0p3__smooth_B-2,NOG-FO,0.009,102,True,False,56,58,7424,928,10.530694395303726,0.00819483958184719,960,962,123136,0.007719893474131823,"{""M"": 8, ""data_B_total"": 64, ""eta"": 0.3, ""smooth_B"": 2}"
NOG-FO__M-8__data_B_total-64__eta-0p3__smooth_B-2,NOG-FO,0.008,100,True,False,200,202,25856,3232,8.193641722202301,0.007268526591360569,960,962,123136,0.007527624256908894,"{""M"": 8, ""data_B_total"": 64, ""eta"": 0.3, ""smooth_B"": 2}"
NOG-FO__M-8__data_B_total-64__eta-0p3__smooth_B-2,NOG-FO,0.008,101,True,False,392,394,50432,6304,15.647793233394623,0.007714604027569294,960,962,123136,0.008396259509027004,"{""M"": 8, ""data_B_total"": 64, ""eta"": 0.3, ""smooth_B"": 2}"
NOG-FO__M-8__data_B_total-64__eta-0p3__smooth_B-2,NOG-FO,0.008,102,True,False,104,106,13568,1696,15.085001200437546,0.007379546295851469,960,962,123136,0.007719893474131823,"{""M"": 8, ""data_B_total"": 64, ""eta"": 0.3, ""smooth_B"": 2}"
NOG-FO__M-8__data_B_total-64__eta-0p3__smooth_B-2,NOG-FO,0.0075,100,True,False,200,202,25856,3232,8.193641722202301,0.007268526591360569,960,962,123136,0.007527624256908894,"{""M"": 8, ""data_B_total"": 64, ""eta"": 0.3, ""smooth_B"": 2}"
NOG-FO__M-8__data_B_total-64__eta-0p3__smooth_B-2,NOG-FO,0.0075,101,False,True,,,,,,,960,962,123136,0.008396259509027004,"{""M"": 8, ""data_B_total"": 64, ""eta"": 0.3, ""smooth_B"": 2}"
NOG-FO__M-8__data_B_total-64__eta-0p3__smooth_B-2,NOG-FO,0.0075,102,True,False,104,106,13568,1696,15.085001200437546,0.007379546295851469,960,962,123136,0.007719893474131823,"{""M"": 8, ""data_B_total"": 64, ""eta"": 0.3, ""smooth_B"": 2}"
NOG-FO__M-8__data_B_total-64__eta-1p0__smooth_B-2,NOG-FO,0.011,100,True,False,8,10,1280,160,2.9666660130023956,0.009917560033500195,960,962,123136,0.007277028169482946,"{""M"": 8, ""data_B_total"": 64, ""eta"": 1.0, ""smooth_B"": 2}"
NOG-FO__M-8__data_B_total-64__eta-1p0__smooth_B-2,NOG-FO,0.011,101,True,False,8,10,1280,160,2.0113057643175125,0.010325252078473568,960,962,123136,0.008141232654452324,"{""M"": 8, ""data_B_total"": 64, ""eta"": 1.0, ""smooth_B"": 2}"
NOG-FO__M-8__data_B_total-64__eta-1p0__smooth_B-2,NOG-FO,0.011,102,True,False,8,10,1280,160,0.9216723591089249,0.010123011656105518,960,962,123136,0.0075655714608728886,"{""M"": 8, ""data_B_total"": 64, ""eta"": 1.0, ""smooth_B"": 2}"
NOG-FO__M-8__data_B_total-64__eta-1p0__smooth_B-2,NOG-FO,0.01,100,True,False,8,10,1280,160,2.9666660130023956,0.009917560033500195,960,962,123136,0.007277028169482946,"{""M"": 8, ""data_B_total"": 64, ""eta"": 1.0, ""smooth_B"": 2}"
NOG-FO__M-8__data_B_total-64__eta-1p0__smooth_B-2,NOG-FO,0.01,101,True,False,56,58,7424,928,7.592347949743271,0.008853643201291561,960,962,123136,0.008141232654452324,"{""M"": 8, ""data_B_total"": 64, ""eta"": 1.0, ""smooth_B"": 2}"
NOG-FO__M-8__data_B_total-64__eta-1p0__smooth_B-2,NOG-FO,0.01,102,True,False,56,58,7424,928,4.417646825313568,0.008338798768818378,960,962,123136,0.0075655714608728886,"{""M"": 8, ""data_B_total"": 64, ""eta"": 1.0, ""smooth_B"": 2}"
NOG-FO__M-8__data_B_total-64__eta-1p0__smooth_B-2,NOG-FO,0.009,100,True,False,56,58,7424,928,29.858537018299103,0.008470878936350346,960,962,123136,0.007277028169482946,"{""M"": 8, ""data_B_total"": 64, ""eta"": 1.0, ""smooth_B"": 2}"
NOG-FO__M-8__data_B_total-64__eta-1p0__smooth_B-2,NOG-FO,0.009,101,True,False,56,58,7424,928,7.592347949743271,0.008853643201291561,960,962,123136,0.008141232654452324,"{""M"": 8, ""data_B_total"": 64, ""eta"": 1.0, ""smooth_B"": 2}"
NOG-FO__M-8__data_B_total-64__eta-1p0__smooth_B-2,NOG-FO,0.009,102,True,False,56,58,7424,928,4.417646825313568,0.008338798768818378,960,962,123136,0.0075655714608728886,"{""M"": 8, ""data_B_total"": 64, ""eta"": 1.0, ""smooth_B"": 2}"
NOG-FO__M-8__data_B_total-64__eta-1p0__smooth_B-2,NOG-FO,0.008,100,True,False,104,106,13568,1696,44.64182595908642,0.007932542823255062,960,962,123136,0.007277028169482946,"{""M"": 8, ""data_B_total"": 64, ""eta"": 1.0, ""smooth_B"": 2}"
NOG-FO__M-8__data_B_total-64__eta-1p0__smooth_B-2,NOG-FO,0.008,101,True,False,200,202,25856,3232,18.55462971329689,0.007996193133294582,960,962,123136,0.008141232654452324,"{""M"": 8, ""data_B_total"": 64, ""eta"": 1.0, ""smooth_B"": 2}"
NOG-FO__M-8__data_B_total-64__eta-1p0__smooth_B-2,NOG-FO,0.008,102,True,False,104,106,13568,1696,6.6429881900548935,0.007410330232232809,960,962,123136,0.0075655714608728886,"{""M"": 8, ""data_B_total"": 64, ""eta"": 1.0, ""smooth_B"": 2}"
NOG-FO__M-8__data_B_total-64__eta-1p0__smooth_B-2,NOG-FO,0.0075,100,True,False,200,202,25856,3232,63.24214978516102,0.007116141729056835,960,962,123136,0.007277028169482946,"{""M"": 8, ""data_B_total"": 64, ""eta"": 1.0, ""smooth_B"": 2}"
NOG-FO__M-8__data_B_total-64__eta-1p0__smooth_B-2,NOG-FO,0.0075,101,True,False,392,394,50432,6304,33.30201707780361,0.007460311520844698,960,962,123136,0.008141232654452324,"{""M"": 8, ""data_B_total"": 64, ""eta"": 1.0, ""smooth_B"": 2}"
NOG-FO__M-8__data_B_total-64__eta-1p0__smooth_B-2,NOG-FO,0.0075,102,True,False,104,106,13568,1696,6.6429881900548935,0.007410330232232809,960,962,123136,0.0075655714608728886,"{""M"": 8, ""data_B_total"": 64, ""eta"": 1.0, ""smooth_B"": 2}"
NOG-FO__M-12__data_B_total-64__eta-0p03__smooth_B-2,NOG-FO,0.011,100,True,False,12,14,1792,224,1.26003897190094,0.009898482821881771,960,962,123136,0.009748343378305435,"{""M"": 12, ""data_B_total"": 64, ""eta"": 0.03, ""smooth_B"": 2}"
NOG-FO__M-12__data_B_total-64__eta-0p03__smooth_B-2,NOG-FO,0.011,101,True,False,12,14,1792,224,0.9468150287866592,0.010240442119538784,960,962,123136,0.009645498357713223,"{""M"": 12, ""data_B_total"": 64, ""eta"": 0.03, ""smooth_B"": 2}"
NOG-FO__M-12__data_B_total-64__eta-0p03__smooth_B-2,NOG-FO,0.011,102,True,False,12,14,1792,224,1.392895147204399,0.010072729550302029,960,962,123136,0.009462768211960793,"{""M"": 12, ""data_B_total"": 64, ""eta"": 0.03, ""smooth_B"": 2}"
NOG-FO__M-12__data_B_total-64__eta-0p03__smooth_B-2,NOG-FO,0.01,100,True,False,12,14,1792,224,1.26003897190094,0.009898482821881771,960,962,123136,0.009748343378305435,"{""M"": 12, ""data_B_total"": 64, ""eta"": 0.03, ""smooth_B"": 2}"
NOG-FO__M-12__data_B_total-64__eta-0p03__smooth_B-2,NOG-FO,0.01,101,True,False,60,62,7936,992,4.3620059341192245,0.00948831345885992,960,962,123136,0.009645498357713223,"{""M"": 12, ""data_B_total"": 64, ""eta"": 0.03, ""smooth_B"": 2}"
NOG-FO__M-12__data_B_total-64__eta-0p03__smooth_B-2,NOG-FO,0.01,102,True,False,60,62,7936,992,5.324108988046646,0.008464492857456207,960,962,123136,0.009462768211960793,"{""M"": 12, ""data_B_total"": 64, ""eta"": 0.03, ""smooth_B"": 2}"
NOG-FO__M-12__data_B_total-64__eta-0p03__smooth_B-2,NOG-FO,0.009,100,True,False,348,350,44800,5600,30.681277960538864,0.00860507134348154,960,962,123136,0.009748343378305435,"{""M"": 12, ""data_B_total"": 64, ""eta"": 0.03, ""smooth_B"": 2}"
NOG-FO__M-12__data_B_total-64__eta-0p03__smooth_B-2,NOG-FO,0.009,101,True,False,348,350,44800,5600,18.338625580072403,0.008984754793345928,960,962,123136,0.009645498357713223,"{""M"": 12, ""data_B_total"": 64, ""eta"": 0.03, ""smooth_B"": 2}"
NOG-FO__M-12__data_B_total-64__eta-0p03__smooth_B-2,NOG-FO,0.009,102,True,False,60,62,7936,992,5.324108988046646,0.008464492857456207,960,962,123136,0.009462768211960793,"{""M"": 12, ""data_B_total"": 64, ""eta"": 0.03, ""smooth_B"": 2}"
NOG-FO__M-12__data_B_total-64__eta-0p03__smooth_B-2,NOG-FO,0.008,100,False,True,,,,,,,960,962,123136,0.009748343378305435,"{""M"": 12, ""data_B_total"": 64, ""eta"": 0.03, ""smooth_B"": 2}"
NOG-FO__M-12__data_B_total-64__eta-0p03__smooth_B-2,NOG-FO,0.008,101,False,True,,,,,,,960,962,123136,0.009645498357713223,"{""M"": 12, ""data_B_total"": 64, ""eta"": 0.03, ""smooth_B"": 2}"
NOG-FO__M-12__data_B_total-64__eta-0p03__smooth_B-2,NOG-FO,0.008,102,False,True,,,,,,,960,962,123136,0.009462768211960793,"{""M"": 12, ""data_B_total"": 64, ""eta"": 0.03, ""smooth_B"": 2}"
NOG-FO__M-12__data_B_total-64__eta-0p03__smooth_B-2,NOG-FO,0.0075,100,False,True,,,,,,,960,962,123136,0.009748343378305435,"{""M"": 12, ""data_B_total"": 64, ""eta"": 0.03, ""smooth_B"": 2}"
NOG-FO__M-12__data_B_total-64__eta-0p03__smooth_B-2,NOG-FO,0.0075,101,False,True,,,,,,,960,962,123136,0.009645498357713223,"{""M"": 12, ""data_B_total"": 64, ""eta"": 0.03, ""smooth_B"": 2}"
NOG-FO__M-12__data_B_total-64__eta-0p03__smooth_B-2,NOG-FO,0.0075,102,False,True,,,,,,,960,962,123136,0.009462768211960793,"{""M"": 12, ""data_B_total"": 64, ""eta"": 0.03, ""smooth_B"": 2}"
NOG-FO__M-12__data_B_total-64__eta-0p1__smooth_B-2,NOG-FO,0.011,100,True,False,12,14,1792,224,4.885299503803253,0.009749089367687702,960,962,123136,0.007427670992910862,"{""M"": 12, ""data_B_total"": 64, ""eta"": 0.1, ""smooth_B"": 2}"
NOG-FO__M-12__data_B_total-64__eta-0p1__smooth_B-2,NOG-FO,0.011,101,True,False,12,14,1792,224,1.7895170599222183,0.010192972607910633,960,962,123136,0.008756192401051521,"{""M"": 12, ""data_B_total"": 64, ""eta"": 0.1, ""smooth_B"": 2}"
NOG-FO__M-12__data_B_total-64__eta-0p1__smooth_B-2,NOG-FO,0.011,102,True,False,12,14,1792,224,4.236512705683708,0.010019433684647083,960,962,123136,0.008050444535911083,"{""M"": 12, ""data_B_total"": 64, ""eta"": 0.1, ""smooth_B"": 2}"
NOG-FO__M-12__data_B_total-64__eta-0p1__smooth_B-2,NOG-FO,0.01,100,True,False,12,14,1792,224,4.885299503803253,0.009749089367687702,960,962,123136,0.007427670992910862,"{""M"": 12, ""data_B_total"": 64, ""eta"": 0.1, ""smooth_B"": 2}"
NOG-FO__M-12__data_B_total-64__eta-0p1__smooth_B-2,NOG-FO,0.01,101,True,False,60,62,7936,992,8.013051390647888,0.008522918447852135,960,962,123136,0.008756192401051521,"{""M"": 12, ""data_B_total"": 64, ""eta"": 0.1, ""smooth_B"": 2}"
NOG-FO__M-12__data_B_total-64__eta-0p1__smooth_B-2,NOG-FO,0.01,102,True,False,60,62,7936,992,17.439435616135597,0.008280323818325996,960,962,123136,0.008050444535911083,"{""M"": 12, ""data_B_total"": 64, ""eta"": 0.1, ""smooth_B"": 2}"
NOG-FO__M-12__data_B_total-64__eta-0p1__smooth_B-2,NOG-FO,0.009,100,True,False,60,62,7936,992,15.078297033905983,0.008554711937904358,960,962,123136,0.007427670992910862,"{""M"": 12, ""data_B_total"": 64, ""eta"": 0.1, ""smooth_B"": 2}"
NOG-FO__M-12__data_B_total-64__eta-0p1__smooth_B-2,NOG-FO,0.009,101,True,False,60,62,7936,992,8.013051390647888,0.008522918447852135,960,962,123136,0.008756192401051521,"{""M"": 12, ""data_B_total"": 64, ""eta"": 0.1, ""smooth_B"": 2}"
NOG-FO__M-12__data_B_total-64__eta-0p1__smooth_B-2,NOG-FO,0.009,102,True,False,60,62,7936,992,17.439435616135597,0.008280323818325996,960,962,123136,0.008050444535911083,"{""M"": 12, ""data_B_total"": 64, ""eta"": 0.1, ""smooth_B"": 2}"
NOG-FO__M-12__data_B_total-64__eta-0p1__smooth_B-2,NOG-FO,0.008,100,True,False,204,206,26368,3296,27.971663638949394,0.0074545820243656635,960,962,123136,0.007427670992910862,"{""M"": 12, ""data_B_total"": 64, ""eta"": 0.1, ""smooth_B"": 2}"
NOG-FO__M-12__data_B_total-64__eta-0p1__smooth_B-2,NOG-FO,0.008,101,True,False,396,398,50944,6368,36.20410017669201,0.007817672565579414,960,962,123136,0.008756192401051521,"{""M"": 12, ""data_B_total"": 64, ""eta"": 0.1, ""smooth_B"": 2}"
NOG-FO__M-12__data_B_total-64__eta-0p1__smooth_B-2,NOG-FO,0.008,102,True,False,108,110,14080,1760,31.032675087451935,0.007346020545810461,960,962,123136,0.008050444535911083,"{""M"": 12, ""data_B_total"": 64, ""eta"": 0.1, ""smooth_B"": 2}"
NOG-FO__M-12__data_B_total-64__eta-0p1__smooth_B-2,NOG-FO,0.0075,100,True,False,540,542,69376,8672,56.919291257858276,0.007319077383726835,960,962,123136,0.007427670992910862,"{""M"": 12, ""data_B_total"": 64, ""eta"": 0.1, ""smooth_B"": 2}"
NOG-FO__M-12__data_B_total-64__eta-0p1__smooth_B-2,NOG-FO,0.0075,101,False,True,,,,,,,960,962,123136,0.008756192401051521,"{""M"": 12, ""data_B_total"": 64, ""eta"": 0.1, ""smooth_B"": 2}"
NOG-FO__M-12__data_B_total-64__eta-0p1__smooth_B-2,NOG-FO,0.0075,102,True,False,108,110,14080,1760,31.032675087451935,0.007346020545810461,960,962,123136,0.008050444535911083,"{""M"": 12, ""data_B_total"": 64, ""eta"": 0.1, ""smooth_B"": 2}"
NOG-FO__M-12__data_B_total-64__eta-0p3__smooth_B-2,NOG-FO,0.011,100,True,False,12,14,1792,224,1.1897589564323425,0.00980046670883894,960,962,123136,0.007087900303304195,"{""M"": 12, ""data_B_total"": 64, ""eta"": 0.3, ""smooth_B"": 2}"
NOG-FO__M-12__data_B_total-64__eta-0p3__smooth_B-2,NOG-FO,0.011,101,True,False,12,14,1792,224,1.2992371320724487,0.010248853825032711,960,962,123136,0.008076461032032967,"{""M"": 12, ""data_B_total"": 64, ""eta"": 0.3, ""smooth_B"": 2}"
NOG-FO__M-12__data_B_total-64__eta-0p3__smooth_B-2,NOG-FO,0.011,102,True,False,12,14,1792,224,1.1158951073884964,0.010044395923614502,960,962,123136,0.007706190459430218,"{""M"": 12, ""data_B_total"": 64, ""eta"": 0.3, ""smooth_B"": 2}"
NOG-FO__M-12__data_B_total-64__eta-0p3__smooth_B-2,NOG-FO,0.01,100,True,False,12,14,1792,224,1.1897589564323425,0.00980046670883894,960,962,123136,0.007087900303304195,"{""M"": 12, ""data_B_total"": 64, ""eta"": 0.3, ""smooth_B"": 2}"
NOG-FO__M-12__data_B_total-64__eta-0p3__smooth_B-2,NOG-FO,0.01,101,True,False,60,62,7936,992,4.308072105050087,0.008882313035428524,960,962,123136,0.008076461032032967,"{""M"": 12, ""data_B_total"": 64, ""eta"": 0.3, ""smooth_B"": 2}"
NOG-FO__M-12__data_B_total-64__eta-0p3__smooth_B-2,NOG-FO,0.01,102,True,False,60,62,7936,992,3.8609469532966614,0.008431053720414639,960,962,123136,0.007706190459430218,"{""M"": 12, ""data_B_total"": 64, ""eta"": 0.3, ""smooth_B"": 2}"
NOG-FO__M-12__data_B_total-64__eta-0p3__smooth_B-2,NOG-FO,0.009,100,True,False,60,62,7936,992,6.1680644899606705,0.008501963689923286,960,962,123136,0.007087900303304195,"{""M"": 12, ""data_B_total"": 64, ""eta"": 0.3, ""smooth_B"": 2}"
NOG-FO__M-12__data_B_total-64__eta-0p3__smooth_B-2,NOG-FO,0.009,101,True,False,60,62,7936,992,4.308072105050087,0.008882313035428524,960,962,123136,0.008076461032032967,"{""M"": 12, ""data_B_total"": 64, ""eta"": 0.3, ""smooth_B"": 2}"
NOG-FO__M-12__data_B_total-64__eta-0p3__smooth_B-2,NOG-FO,0.009,102,True,False,60,62,7936,992,3.8609469532966614,0.008431053720414639,960,962,123136,0.007706190459430218,"{""M"": 12, ""data_B_total"": 64, ""eta"": 0.3, ""smooth_B"": 2}"
NOG-FO__M-12__data_B_total-64__eta-0p3__smooth_B-2,NOG-FO,0.008,100,True,False,108,110,14080,1760,10.76615659892559,0.007972445338964462,960,962,123136,0.007087900303304195,"{""M"": 12, ""data_B_total"": 64, ""eta"": 0.3, ""smooth_B"": 2}"
NOG-FO__M-12__data_B_total-64__eta-0p3__smooth_B-2,NOG-FO,0.008,101,True,False,204,206,26368,3296,15.74951721727848,0.007961872033774853,960,962,123136,0.008076461032032967,"{""M"": 12, ""data_B_total"": 64, ""eta"": 0.3, ""smooth_B"": 2}"
NOG-FO__M-12__data_B_total-64__eta-0p3__smooth_B-2,NOG-FO,0.008,102,True,False,108,110,14080,1760,6.936335474252701,0.007468242198228836,960,962,123136,0.007706190459430218,"{""M"": 12, ""data_B_total"": 64, ""eta"": 0.3, ""smooth_B"": 2}"
NOG-FO__M-12__data_B_total-64__eta-0p3__smooth_B-2,NOG-FO,0.0075,100,True,False,204,206,26368,3296,18.754676952958107,0.007086196914315224,960,962,123136,0.007087900303304195,"{""M"": 12, ""data_B_total"": 64, ""eta"": 0.3, ""smooth_B"": 2}"
NOG-FO__M-12__data_B_total-64__eta-0p3__smooth_B-2,NOG-FO,0.0075,101,True,False,396,398,50944,6368,32.34735386073589,0.007445339113473892,960,962,123136,0.008076461032032967,"{""M"": 12, ""data_B_total"": 64, ""eta"": 0.3, ""smooth_B"": 2}"
NOG-FO__M-12__data_B_total-64__eta-0p3__smooth_B-2,NOG-FO,0.0075,102,True,False,108,110,14080,1760,6.936335474252701,0.007468242198228836,960,962,123136,0.007706190459430218,"{""M"": 12, ""data_B_total"": 64, ""eta"": 0.3, ""smooth_B"": 2}"
NOG-FO__M-12__data_B_total-64__eta-1p0__smooth_B-2,NOG-FO,0.011,100,True,False,12,14,1792,224,4.444685086607933,0.009857703000307083,960,962,123136,0.0068958597257733345,"{""M"": 12, ""data_B_total"": 64, ""eta"": 1.0, ""smooth_B"": 2}"
NOG-FO__M-12__data_B_total-64__eta-1p0__smooth_B-2,NOG-FO,0.011,101,True,False,12,14,1792,224,1.2002184092998505,0.010256735607981682,960,962,123136,0.007872938178479671,"{""M"": 12, ""data_B_total"": 64, ""eta"": 1.0, ""smooth_B"": 2}"
NOG-FO__M-12__data_B_total-64__eta-1p0__smooth_B-2,NOG-FO,0.011,102,True,False,12,14,1792,224,2.5733915716409683,0.010073750279843807,960,962,123136,0.00766866747289896,"{""M"": 12, ""data_B_total"": 64, ""eta"": 1.0, ""smooth_B"": 2}"
NOG-FO__M-12__data_B_total-64__eta-1p0__smooth_B-2,NOG-FO,0.01,100,True,False,12,14,1792,224,4.444685086607933,0.009857703000307083,960,962,123136,0.0068958597257733345,"{""M"": 12, ""data_B_total"": 64, ""eta"": 1.0, ""smooth_B"": 2}"
NOG-FO__M-12__data_B_total-64__eta-1p0__smooth_B-2,NOG-FO,0.01,101,True,False,60,62,7936,992,4.136192157864571,0.00906685646623373,960,962,123136,0.007872938178479671,"{""M"": 12, ""data_B_total"": 64, ""eta"": 1.0, ""smooth_B"": 2}"
NOG-FO__M-12__data_B_total-64__eta-1p0__smooth_B-2,NOG-FO,0.01,102,True,False,60,62,7936,992,7.2700051218271255,0.00859776046127081,960,962,123136,0.00766866747289896,"{""M"": 12, ""data_B_total"": 64, ""eta"": 1.0, ""smooth_B"": 2}"
NOG-FO__M-12__data_B_total-64__eta-1p0__smooth_B-2,NOG-FO,0.009,100,True,False,60,62,7936,992,18.20293489098549,0.008692889474332333,960,962,123136,0.0068958597257733345,"{""M"": 12, ""data_B_total"": 64, ""eta"": 1.0, ""smooth_B"": 2}"
NOG-FO__M-12__data_B_total-64__eta-1p0__smooth_B-2,NOG-FO,0.009,101,True,False,108,110,14080,1760,8.131867691874504,0.008580399677157402,960,962,123136,0.007872938178479671,"{""M"": 12, ""data_B_total"": 64, ""eta"": 1.0, ""smooth_B"": 2}"
NOG-FO__M-12__data_B_total-64__eta-1p0__smooth_B-2,NOG-FO,0.009,102,True,False,60,62,7936,992,7.2700051218271255,0.00859776046127081,960,962,123136,0.00766866747289896,"{""M"": 12, ""data_B_total"": 64, ""eta"": 1.0, ""smooth_B"": 2}"
NOG-FO__M-12__data_B_total-64__eta-1p0__smooth_B-2,NOG-FO,0.008,100,True,False,156,158,20224,2528,43.70168387889862,0.007841216400265694,960,962,123136,0.0068958597257733345,"{""M"": 12, ""data_B_total"": 64, ""eta"": 1.0, ""smooth_B"": 2}"
NOG-FO__M-12__data_B_total-64__eta-1p0__smooth_B-2,NOG-FO,0.008,101,True,False,300,302,38656,4832,22.13891850411892,0.007901842705905437,960,962,123136,0.007872938178479671,"{""M"": 12, ""data_B_total"": 64, ""eta"": 1.0, ""smooth_B"": 2}"
NOG-FO__M-12__data_B_total-64__eta-1p0__smooth_B-2,NOG-FO,0.008,102,True,False,108,110,14080,1760,10.360376179218292,0.007658610586076975,960,962,123136,0.00766866747289896,"{""M"": 12, ""data_B_total"": 64, ""eta"": 1.0, ""smooth_B"": 2}"
NOG-FO__M-12__data_B_total-64__eta-1p0__smooth_B-2,NOG-FO,0.0075,100,True,False,204,206,26368,3296,59.72359137237072,0.007211853284388781,960,962,123136,0.0068958597257733345,"{""M"": 12, ""data_B_total"": 64, ""eta"": 1.0, ""smooth_B"": 2}"
NOG-FO__M-12__data_B_total-64__eta-1p0__smooth_B-2,NOG-FO,0.0075,101,True,False,396,398,50944,6368,30.437188684940338,0.007491180673241615,960,962,123136,0.007872938178479671,"{""M"": 12, ""data_B_total"": 64, ""eta"": 1.0, ""smooth_B"": 2}"
NOG-FO__M-12__data_B_total-64__eta-1p0__smooth_B-2,NOG-FO,0.0075,102,True,False,300,302,38656,4832,33.8288349956274,0.007357776165008545,960,962,123136,0.00766866747289896,"{""M"": 12, ""data_B_total"": 64, ""eta"": 1.0, ""smooth_B"": 2}"
NOG-FO__M-16__data_B_total-64__eta-0p03__smooth_B-2,NOG-FO,0.011,100,True,False,16,18,2304,288,0.9485544860363007,0.00973917543888092,960,962,123136,0.008558463305234909,"{""M"": 16, ""data_B_total"": 64, ""eta"": 0.03, ""smooth_B"": 2}"
NOG-FO__M-16__data_B_total-64__eta-0p03__smooth_B-2,NOG-FO,0.011,101,True,False,16,18,2304,288,0.9200235307216644,0.010150755755603313,960,962,123136,0.008974048309028149,"{""M"": 16, ""data_B_total"": 64, ""eta"": 0.03, ""smooth_B"": 2}"
NOG-FO__M-16__data_B_total-64__eta-0p03__smooth_B-2,NOG-FO,0.011,102,True,False,16,18,2304,288,0.8314097076654434,0.009862405247986317,960,962,123136,0.00824663694947958,"{""M"": 16, ""data_B_total"": 64, ""eta"": 0.03, ""smooth_B"": 2}"
NOG-FO__M-16__data_B_total-64__eta-0p03__smooth_B-2,NOG-FO,0.01,100,True,False,16,18,2304,288,0.9485544860363007,0.00973917543888092,960,962,123136,0.008558463305234909,"{""M"": 16, ""data_B_total"": 64, ""eta"": 0.03, ""smooth_B"": 2}"
NOG-FO__M-16__data_B_total-64__eta-0p03__smooth_B-2,NOG-FO,0.01,101,True,False,64,66,8448,1056,3.091555193066597,0.009002596139907837,960,962,123136,0.008974048309028149,"{""M"": 16, ""data_B_total"": 64, ""eta"": 0.03, ""smooth_B"": 2}"
NOG-FO__M-16__data_B_total-64__eta-0p03__smooth_B-2,NOG-FO,0.01,102,True,False,16,18,2304,288,0.8314097076654434,0.009862405247986317,960,962,123136,0.00824663694947958,"{""M"": 16, ""data_B_total"": 64, ""eta"": 0.03, ""smooth_B"": 2}"
NOG-FO__M-16__data_B_total-64__eta-0p03__smooth_B-2,NOG-FO,0.009,100,True,False,112,114,14592,1824,5.494952514767647,0.008830416016280651,960,962,123136,0.008558463305234909,"{""M"": 16, ""data_B_total"": 64, ""eta"": 0.03, ""smooth_B"": 2}"
NOG-FO__M-16__data_B_total-64__eta-0p03__smooth_B-2,NOG-FO,0.009,101,True,False,400,402,51456,6432,15.739236310124397,0.008168736472725868,960,962,123136,0.008974048309028149,"{""M"": 16, ""data_B_total"": 64, ""eta"": 0.03, ""smooth_B"": 2}"
NOG-FO__M-16__data_B_total-64__eta-0p03__smooth_B-2,NOG-FO,0.009,102,True,False,64,66,8448,1056,2.6673658192157745,0.008377579972147942,960,962,123136,0.00824663694947958,"{""M"": 16, ""data_B_total"": 64, ""eta"": 0.03, ""smooth_B"": 2}"
NOG-FO__M-16__data_B_total-64__eta-0p03__smooth_B-2,NOG-FO,0.008,100,False,True,,,,,,,960,962,123136,0.008558463305234909,"{""M"": 16, ""data_B_total"": 64, ""eta"": 0.03, ""smooth_B"": 2}"
NOG-FO__M-16__data_B_total-64__eta-0p03__smooth_B-2,NOG-FO,0.008,101,False,True,,,,,,,960,962,123136,0.008974048309028149,"{""M"": 16, ""data_B_total"": 64, ""eta"": 0.03, ""smooth_B"": 2}"
NOG-FO__M-16__data_B_total-64__eta-0p03__smooth_B-2,NOG-FO,0.008,102,True,False,352,354,45312,5664,12.99414636194706,0.007404903881251812,960,962,123136,0.00824663694947958,"{""M"": 16, ""data_B_total"": 64, ""eta"": 0.03, ""smooth_B"": 2}"
NOG-FO__M-16__data_B_total-64__eta-0p03__smooth_B-2,NOG-FO,0.0075,100,False,True,,,,,,,960,962,123136,0.008558463305234909,"{""M"": 16, ""data_B_total"": 64, ""eta"": 0.03, ""smooth_B"": 2}"
NOG-FO__M-16__data_B_total-64__eta-0p03__smooth_B-2,NOG-FO,0.0075,101,False,True,,,,,,,960,962,123136,0.008974048309028149,"{""M"": 16, ""data_B_total"": 64, ""eta"": 0.03, ""smooth_B"": 2}"
NOG-FO__M-16__data_B_total-64__eta-0p03__smooth_B-2,NOG-FO,0.0075,102,False,True,,,,,,,960,962,123136,0.00824663694947958,"{""M"": 16, ""data_B_total"": 64, ""eta"": 0.03, ""smooth_B"": 2}"
NOG-FO__M-16__data_B_total-64__eta-0p1__smooth_B-2,NOG-FO,0.011,100,True,False,16,18,2304,288,2.147036850452423,0.009658369235694408,960,962,123136,0.007326225284487009,"{""M"": 16, ""data_B_total"": 64, ""eta"": 0.1, ""smooth_B"": 2}"
NOG-FO__M-16__data_B_total-64__eta-0p1__smooth_B-2,NOG-FO,0.011,101,True,False,16,18,2304,288,1.2134813368320465,0.010161212645471096,960,962,123136,0.008186748251318932,"{""M"": 16, ""data_B_total"": 64, ""eta"": 0.1, ""smooth_B"": 2}"
NOG-FO__M-16__data_B_total-64__eta-0p1__smooth_B-2,NOG-FO,0.011,102,True,False,16,18,2304,288,1.0474869161844254,0.009937060996890068,960,962,123136,0.007644681725651026,"{""M"": 16, ""data_B_total"": 64, ""eta"": 0.1, ""smooth_B"": 2}"
NOG-FO__M-16__data_B_total-64__eta-0p1__smooth_B-2,NOG-FO,0.01,100,True,False,16,18,2304,288,2.147036850452423,0.009658369235694408,960,962,123136,0.007326225284487009,"{""M"": 16, ""data_B_total"": 64, ""eta"": 0.1, ""smooth_B"": 2}"
NOG-FO__M-16__data_B_total-64__eta-0p1__smooth_B-2,NOG-FO,0.01,101,True,False,64,66,8448,1056,3.4474454075098038,0.00862131081521511,960,962,123136,0.008186748251318932,"{""M"": 16, ""data_B_total"": 64, ""eta"": 0.1, ""smooth_B"": 2}"
NOG-FO__M-16__data_B_total-64__eta-0p1__smooth_B-2,NOG-FO,0.01,102,True,False,16,18,2304,288,1.0474869161844254,0.009937060996890068,960,962,123136,0.007644681725651026,"{""M"": 16, ""data_B_total"": 64, ""eta"": 0.1, ""smooth_B"": 2}"
NOG-FO__M-16__data_B_total-64__eta-0p1__smooth_B-2,NOG-FO,0.009,100,True,False,64,66,8448,1056,5.335856959223747,0.008295171894133091,960,962,123136,0.007326225284487009,"{""M"": 16, ""data_B_total"": 64, ""eta"": 0.1, ""smooth_B"": 2}"
NOG-FO__M-16__data_B_total-64__eta-0p1__smooth_B-2,NOG-FO,0.009,101,True,False,64,66,8448,1056,3.4474454075098038,0.00862131081521511,960,962,123136,0.008186748251318932,"{""M"": 16, ""data_B_total"": 64, ""eta"": 0.1, ""smooth_B"": 2}"
NOG-FO__M-16__data_B_total-64__eta-0p1__smooth_B-2,NOG-FO,0.009,102,True,False,64,66,8448,1056,2.9134858548641205,0.008178312331438065,960,962,123136,0.007644681725651026,"{""M"": 16, ""data_B_total"": 64, ""eta"": 0.1, ""smooth_B"": 2}"
NOG-FO__M-16__data_B_total-64__eta-0p1__smooth_B-2,NOG-FO,0.008,100,True,False,112,114,14592,1824,7.852985754609108,0.007849624380469322,960,962,123136,0.007326225284487009,"{""M"": 16, ""data_B_total"": 64, ""eta"": 0.1, ""smooth_B"": 2}"
NOG-FO__M-16__data_B_total-64__eta-0p1__smooth_B-2,NOG-FO,0.008,101,True,False,208,210,26880,3360,9.845979541540146,0.007879151962697506,960,962,123136,0.008186748251318932,"{""M"": 16, ""data_B_total"": 64, ""eta"": 0.1, ""smooth_B"": 2}"
NOG-FO__M-16__data_B_total-64__eta-0p1__smooth_B-2,NOG-FO,0.008,102,True,False,112,114,14592,1824,6.3543413281440735,0.00734374113380909,960,962,123136,0.007644681725651026,"{""M"": 16, ""data_B_total"": 64, ""eta"": 0.1, ""smooth_B"": 2}"
NOG-FO__M-16__data_B_total-64__eta-0p1__smooth_B-2,NOG-FO,0.0075,100,True,False,208,210,26880,3360,12.422230795025826,0.007188371382653713,960,962,123136,0.007326225284487009,"{""M"": 16, ""data_B_total"": 64, ""eta"": 0.1, ""smooth_B"": 2}"
NOG-FO__M-16__data_B_total-64__eta-0p1__smooth_B-2,NOG-FO,0.0075,101,True,False,544,546,69888,8736,24.355445370078087,0.007440084591507912,960,962,123136,0.008186748251318932,"{""M"": 16, ""data_B_total"": 64, ""eta"": 0.1, ""smooth_B"": 2}"
NOG-FO__M-16__data_B_total-64__eta-0p1__smooth_B-2,NOG-FO,0.0075,102,True,False,112,114,14592,1824,6.3543413281440735,0.00734374113380909,960,962,123136,0.007644681725651026,"{""M"": 16, ""data_B_total"": 64, ""eta"": 0.1, ""smooth_B"": 2}"
NOG-FO__M-16__data_B_total-64__eta-0p3__smooth_B-2,NOG-FO,0.011,100,True,False,16,18,2304,288,0.9351906329393387,0.009786436334252357,960,962,123136,0.006859667599201202,"{""M"": 16, ""data_B_total"": 64, ""eta"": 0.3, ""smooth_B"": 2}"
NOG-FO__M-16__data_B_total-64__eta-0p3__smooth_B-2,NOG-FO,0.011,101,True,False,16,18,2304,288,1.7848760187625885,0.010267713107168674,960,962,123136,0.007766320835798979,"{""M"": 16, ""data_B_total"": 64, ""eta"": 0.3, ""smooth_B"": 2}"
NOG-FO__M-16__data_B_total-64__eta-0p3__smooth_B-2,NOG-FO,0.011,102,True,False,16,18,2304,288,1.3136975914239883,0.010031460784375668,960,962,123136,0.007528334856033325,"{""M"": 16, ""data_B_total"": 64, ""eta"": 0.3, ""smooth_B"": 2}"
NOG-FO__M-16__data_B_total-64__eta-0p3__smooth_B-2,NOG-FO,0.01,100,True,False,16,18,2304,288,0.9351906329393387,0.009786436334252357,960,962,123136,0.006859667599201202,"{""M"": 16, ""data_B_total"": 64, ""eta"": 0.3, ""smooth_B"": 2}"
NOG-FO__M-16__data_B_total-64__eta-0p3__smooth_B-2,NOG-FO,0.01,101,True,False,64,66,8448,1056,9.5441302806139,0.009078786708414555,960,962,123136,0.007766320835798979,"{""M"": 16, ""data_B_total"": 64, ""eta"": 0.3, ""smooth_B"": 2}"
NOG-FO__M-16__data_B_total-64__eta-0p3__smooth_B-2,NOG-FO,0.01,102,True,False,64,66,8448,1056,3.377430036664009,0.008646929636597633,960,962,123136,0.007528334856033325,"{""M"": 16, ""data_B_total"": 64, ""eta"": 0.3, ""smooth_B"": 2}"
NOG-FO__M-16__data_B_total-64__eta-0p3__smooth_B-2,NOG-FO,0.009,100,True,False,64,66,8448,1056,3.0078742504119873,0.008721339516341686,960,962,123136,0.006859667599201202,"{""M"": 16, ""data_B_total"": 64, ""eta"": 0.3, ""smooth_B"": 2}"
NOG-FO__M-16__data_B_total-64__eta-0p3__smooth_B-2,NOG-FO,0.009,101,True,False,112,114,14592,1824,31.499034255743027,0.008611105382442474,960,962,123136,0.007766320835798979,"{""M"": 16, ""data_B_total"": 64, ""eta"": 0.3, ""smooth_B"": 2}"
NOG-FO__M-16__data_B_total-64__eta-0p3__smooth_B-2,NOG-FO,0.009,102,True,False,64,66,8448,1056,3.377430036664009,0.008646929636597633,960,962,123136,0.007528334856033325,"{""M"": 16, ""data_B_total"": 64, ""eta"": 0.3, ""smooth_B"": 2}"
NOG-FO__M-16__data_B_total-64__eta-0p3__smooth_B-2,NOG-FO,0.008,100,True,False,160,162,20736,2592,7.297996029257774,0.007839427329599857,960,962,123136,0.006859667599201202,"{""M"": 16, ""data_B_total"": 64, ""eta"": 0.3, ""smooth_B"": 2}"
NOG-FO__M-16__data_B_total-64__eta-0p3__smooth_B-2,NOG-FO,0.008,101,True,False,256,258,33024,4128,43.13672575354576,0.00791070144623518,960,962,123136,0.007766320835798979,"{""M"": 16, ""data_B_total"": 64, ""eta"": 0.3, ""smooth_B"": 2}"
NOG-FO__M-16__data_B_total-64__eta-0p3__smooth_B-2,NOG-FO,0.008,102,True,False,112,114,14592,1824,5.913969665765762,0.007792789489030838,960,962,123136,0.007528334856033325,"{""M"": 16, ""data_B_total"": 64, ""eta"": 0.3, ""smooth_B"": 2}"
NOG-FO__M-16__data_B_total-64__eta-0p3__smooth_B-2,NOG-FO,0.0075,100,True,False,208,210,26880,3360,9.662254989147186,0.0072330511175096035,960,962,123136,0.006859667599201202,"{""M"": 16, ""data_B_total"": 64, ""eta"": 0.3, ""smooth_B"": 2}"
NOG-FO__M-16__data_B_total-64__eta-0p3__smooth_B-2,NOG-FO,0.0075,101,True,False,400,402,51456,6432,52.8976861089468,0.007492437027394772,960,962,123136,0.007766320835798979,"{""M"": 16, ""data_B_total"": 64, ""eta"": 0.3, ""smooth_B"": 2}"
NOG-FO__M-16__data_B_total-64__eta-0p3__smooth_B-2,NOG-FO,0.0075,102,True,False,304,306,39168,4896,15.046089559793472,0.007375454064458609,960,962,123136,0.007528334856033325,"{""M"": 16, ""data_B_total"": 64, ""eta"": 0.3, ""smooth_B"": 2}"
NOG-FO__M-16__data_B_total-64__eta-1p0__smooth_B-2,NOG-FO,0.011,100,True,False,16,18,2304,288,1.005846917629242,0.009807756170630455,960,962,123136,0.006768691819161177,"{""M"": 16, ""data_B_total"": 64, ""eta"": 1.0, ""smooth_B"": 2}"
NOG-FO__M-16__data_B_total-64__eta-1p0__smooth_B-2,NOG-FO,0.011,101,True,False,16,18,2304,288,1.125761702656746,0.010333221405744553,960,962,123136,0.007618064526468515,"{""M"": 16, ""data_B_total"": 64, ""eta"": 1.0, ""smooth_B"": 2}"
NOG-FO__M-16__data_B_total-64__eta-1p0__smooth_B-2,NOG-FO,0.011,102,True,False,16,18,2304,288,0.864102303981781,0.01004054769873619,960,962,123136,0.007423568516969681,"{""M"": 16, ""data_B_total"": 64, ""eta"": 1.0, ""smooth_B"": 2}"
NOG-FO__M-16__data_B_total-64__eta-1p0__smooth_B-2,NOG-FO,0.01,100,True,False,16,18,2304,288,1.005846917629242,0.009807756170630455,960,962,123136,0.006768691819161177,"{""M"": 16, ""data_B_total"": 64, ""eta"": 1.0, ""smooth_B"": 2}"
NOG-FO__M-16__data_B_total-64__eta-1p0__smooth_B-2,NOG-FO,0.01,101,True,False,64,66,8448,1056,3.168901190161705,0.009270383976399899,960,962,123136,0.007618064526468515,"{""M"": 16, ""data_B_total"": 64, ""eta"": 1.0, ""smooth_B"": 2}"
NOG-FO__M-16__data_B_total-64__eta-1p0__smooth_B-2,NOG-FO,0.01,102,True,False,64,66,8448,1056,2.7043369859457016,0.008782356977462769,960,962,123136,0.007423568516969681,"{""M"": 16, ""data_B_total"": 64, ""eta"": 1.0, ""smooth_B"": 2}"
NOG-FO__M-16__data_B_total-64__eta-1p0__smooth_B-2,NOG-FO,0.009,100,True,False,64,66,8448,1056,2.9198780357837677,0.008801903575658798,960,962,123136,0.006768691819161177,"{""M"": 16, ""data_B_total"": 64, ""eta"": 1.0, ""smooth_B"": 2}"
NOG-FO__M-16__data_B_total-64__eta-1p0__smooth_B-2,NOG-FO,0.009,101,True,False,112,114,14592,1824,5.535125747323036,0.008724868297576904,960,962,123136,0.007618064526468515,"{""M"": 16, ""data_B_total"": 64, ""eta"": 1.0, ""smooth_B"": 2}"
NOG-FO__M-16__data_B_total-64__eta-1p0__smooth_B-2,NOG-FO,0.009,102,True,False,64,66,8448,1056,2.7043369859457016,0.008782356977462769,960,962,123136,0.007423568516969681,"{""M"": 16, ""data_B_total"": 64, ""eta"": 1.0, ""smooth_B"": 2}"
NOG-FO__M-16__data_B_total-64__eta-1p0__smooth_B-2,NOG-FO,0.008,100,True,False,160,162,20736,2592,7.119800612330437,0.007947083562612534,960,962,123136,0.006768691819161177,"{""M"": 16, ""data_B_total"": 64, ""eta"": 1.0, ""smooth_B"": 2}"
NOG-FO__M-16__data_B_total-64__eta-1p0__smooth_B-2,NOG-FO,0.008,101,True,False,256,258,33024,4128,12.238890036940575,0.007924913428723812,960,962,123136,0.007618064526468515,"{""M"": 16, ""data_B_total"": 64, ""eta"": 1.0, ""smooth_B"": 2}"
NOG-FO__M-16__data_B_total-64__eta-1p0__smooth_B-2,NOG-FO,0.008,102,True,False,112,114,14592,1824,4.817097723484039,0.00797470472753048,960,962,123136,0.007423568516969681,"{""M"": 16, ""data_B_total"": 64, ""eta"": 1.0, ""smooth_B"": 2}"
NOG-FO__M-16__data_B_total-64__eta-1p0__smooth_B-2,NOG-FO,0.0075,100,True,False,208,210,26880,3360,9.456655234098434,0.007342276629060507,960,962,123136,0.006768691819161177,"{""M"": 16, ""data_B_total"": 64, ""eta"": 1.0, ""smooth_B"": 2}"
NOG-FO__M-16__data_B_total-64__eta-1p0__smooth_B-2,NOG-FO,0.0075,101,True,False,400,402,51456,6432,18.840384781360626,0.007486655376851559,960,962,123136,0.007618064526468515,"{""M"": 16, ""data_B_total"": 64, ""eta"": 1.0, ""smooth_B"": 2}"
NOG-FO__M-16__data_B_total-64__eta-1p0__smooth_B-2,NOG-FO,0.0075,102,True,False,304,306,39168,4896,13.040765032172203,0.007357866037636995,960,962,123136,0.007423568516969681,"{""M"": 16, ""data_B_total"": 64, ""eta"": 1.0, ""smooth_B"": 2}"
NOG-FO__M-24__data_B_total-64__eta-0p03__smooth_B-2,NOG-FO,0.011,100,True,False,24,26,3328,416,2.4107068926095963,0.009592525660991669,960,962,123136,0.007601106073707342,"{""M"": 24, ""data_B_total"": 64, ""eta"": 0.03, ""smooth_B"": 2}"
NOG-FO__M-24__data_B_total-64__eta-0p03__smooth_B-2,NOG-FO,0.011,101,True,False,24,26,3328,416,2.620829075574875,0.009904551319777966,960,962,123136,0.00874233990907669,"{""M"": 24, ""data_B_total"": 64, ""eta"": 0.03, ""smooth_B"": 2}"
NOG-FO__M-24__data_B_total-64__eta-0p03__smooth_B-2,NOG-FO,0.011,102,True,False,24,26,3328,416,1.547586902976036,0.00965913850814104,960,962,123136,0.008021426387131214,"{""M"": 24, ""data_B_total"": 64, ""eta"": 0.03, ""smooth_B"": 2}"
NOG-FO__M-24__data_B_total-64__eta-0p03__smooth_B-2,NOG-FO,0.01,100,True,False,24,26,3328,416,2.4107068926095963,0.009592525660991669,960,962,123136,0.007601106073707342,"{""M"": 24, ""data_B_total"": 64, ""eta"": 0.03, ""smooth_B"": 2}"
NOG-FO__M-24__data_B_total-64__eta-0p03__smooth_B-2,NOG-FO,0.01,101,True,False,24,26,3328,416,2.620829075574875,0.009904551319777966,960,962,123136,0.00874233990907669,"{""M"": 24, ""data_B_total"": 64, ""eta"": 0.03, ""smooth_B"": 2}"
NOG-FO__M-24__data_B_total-64__eta-0p03__smooth_B-2,NOG-FO,0.01,102,True,False,24,26,3328,416,1.547586902976036,0.00965913850814104,960,962,123136,0.008021426387131214,"{""M"": 24, ""data_B_total"": 64, ""eta"": 0.03, ""smooth_B"": 2}"
NOG-FO__M-24__data_B_total-64__eta-0p03__smooth_B-2,NOG-FO,0.009,100,True,False,72,74,9472,1184,7.032903552055359,0.008441890589892864,960,962,123136,0.007601106073707342,"{""M"": 24, ""data_B_total"": 64, ""eta"": 0.03, ""smooth_B"": 2}"
NOG-FO__M-24__data_B_total-64__eta-0p03__smooth_B-2,NOG-FO,0.009,101,True,False,72,74,9472,1184,12.755997955799103,0.008451600559055805,960,962,123136,0.00874233990907669,"{""M"": 24, ""data_B_total"": 64, ""eta"": 0.03, ""smooth_B"": 2}"
NOG-FO__M-24__data_B_total-64__eta-0p03__smooth_B-2,NOG-FO,0.009,102,True,False,72,74,9472,1184,4.078721269965172,0.007926701568067074,960,962,123136,0.008021426387131214,"{""M"": 24, ""data_B_total"": 64, ""eta"": 0.03, ""smooth_B"": 2}"
NOG-FO__M-24__data_B_total-64__eta-0p03__smooth_B-2,NOG-FO,0.008,100,True,False,312,314,40192,5024,24.698748394846916,0.007841678336262703,960,962,123136,0.007601106073707342,"{""M"": 24, ""data_B_total"": 64, ""eta"": 0.03, ""smooth_B"": 2}"
NOG-FO__M-24__data_B_total-64__eta-0p03__smooth_B-2,NOG-FO,0.008,101,True,False,408,410,52480,6560,70.93387132883072,0.007837417535483837,960,962,123136,0.00874233990907669,"{""M"": 24, ""data_B_total"": 64, ""eta"": 0.03, ""smooth_B"": 2}"
NOG-FO__M-24__data_B_total-64__eta-0p03__smooth_B-2,NOG-FO,0.008,102,True,False,72,74,9472,1184,4.078721269965172,0.007926701568067074,960,962,123136,0.008021426387131214,"{""M"": 24, ""data_B_total"": 64, ""eta"": 0.03, ""smooth_B"": 2}"
NOG-FO__M-24__data_B_total-64__eta-0p03__smooth_B-2,NOG-FO,0.0075,100,True,False,360,362,46336,5792,28.01030358672142,0.007499640341848135,960,962,123136,0.007601106073707342,"{""M"": 24, ""data_B_total"": 64, ""eta"": 0.03, ""smooth_B"": 2}"
NOG-FO__M-24__data_B_total-64__eta-0p03__smooth_B-2,NOG-FO,0.0075,101,False,True,,,,,,,960,962,123136,0.00874233990907669,"{""M"": 24, ""data_B_total"": 64, ""eta"": 0.03, ""smooth_B"": 2}"
NOG-FO__M-24__data_B_total-64__eta-0p03__smooth_B-2,NOG-FO,0.0075,102,True,False,120,122,15616,1952,5.72475291788578,0.0074874768033623695,960,962,123136,0.008021426387131214,"{""M"": 24, ""data_B_total"": 64, ""eta"": 0.03, ""smooth_B"": 2}"
NOG-FO__M-24__data_B_total-64__eta-0p1__smooth_B-2,NOG-FO,0.011,100,True,False,24,26,3328,416,1.2508965283632278,0.009662115946412086,960,962,123136,0.006820368580520153,"{""M"": 24, ""data_B_total"": 64, ""eta"": 0.1, ""smooth_B"": 2}"
NOG-FO__M-24__data_B_total-64__eta-0p1__smooth_B-2,NOG-FO,0.011,101,True,False,24,26,3328,416,0.9937933087348938,0.01021360233426094,960,962,123136,0.007679663598537445,"{""M"": 24, ""data_B_total"": 64, ""eta"": 0.1, ""smooth_B"": 2}"
NOG-FO__M-24__data_B_total-64__eta-0p1__smooth_B-2,NOG-FO,0.011,102,True,False,24,26,3328,416,3.354100912809372,0.009928995743393898,960,962,123136,0.007533704396337271,"{""M"": 24, ""data_B_total"": 64, ""eta"": 0.1, ""smooth_B"": 2}"
NOG-FO__M-24__data_B_total-64__eta-0p1__smooth_B-2,NOG-FO,0.01,100,True,False,24,26,3328,416,1.2508965283632278,0.009662115946412086,960,962,123136,0.006820368580520153,"{""M"": 24, ""data_B_total"": 64, ""eta"": 0.1, ""smooth_B"": 2}"
NOG-FO__M-24__data_B_total-64__eta-0p1__smooth_B-2,NOG-FO,0.01,101,True,False,72,74,9472,1184,2.541495606303215,0.009065586142241955,960,962,123136,0.007679663598537445,"{""M"": 24, ""data_B_total"": 64, ""eta"": 0.1, ""smooth_B"": 2}"
NOG-FO__M-24__data_B_total-64__eta-0p1__smooth_B-2,NOG-FO,0.01,102,True,False,24,26,3328,416,3.354100912809372,0.009928995743393898,960,962,123136,0.007533704396337271,"{""M"": 24, ""data_B_total"": 64, ""eta"": 0.1, ""smooth_B"": 2}"
NOG-FO__M-24__data_B_total-64__eta-0p1__smooth_B-2,NOG-FO,0.009,100,True,False,72,74,9472,1184,3.1016400307416916,0.008659159764647484,960,962,123136,0.006820368580520153,"{""M"": 24, ""data_B_total"": 64, ""eta"": 0.1, ""smooth_B"": 2}"
NOG-FO__M-24__data_B_total-64__eta-0p1__smooth_B-2,NOG-FO,0.009,101,True,False,120,122,15616,1952,4.145321682095528,0.008544535376131535,960,962,123136,0.007679663598537445,"{""M"": 24, ""data_B_total"": 64, ""eta"": 0.1, ""smooth_B"": 2}"
NOG-FO__M-24__data_B_total-64__eta-0p1__smooth_B-2,NOG-FO,0.009,102,True,False,72,74,9472,1184,7.948887974023819,0.00868145003914833,960,962,123136,0.007533704396337271,"{""M"": 24, ""data_B_total"": 64, ""eta"": 0.1, ""smooth_B"": 2}"
NOG-FO__M-24__data_B_total-64__eta-0p1__smooth_B-2,NOG-FO,0.008,100,True,False,168,170,21760,2720,6.9560866355896,0.0077909743413329124,960,962,123136,0.006820368580520153,"{""M"": 24, ""data_B_total"": 64, ""eta"": 0.1, ""smooth_B"": 2}"
NOG-FO__M-24__data_B_total-64__eta-0p1__smooth_B-2,NOG-FO,0.008,101,True,False,216,218,27904,3488,7.24890761077404,0.007977171801030636,960,962,123136,0.007679663598537445,"{""M"": 24, ""data_B_total"": 64, ""eta"": 0.1, ""smooth_B"": 2}"
NOG-FO__M-24__data_B_total-64__eta-0p1__smooth_B-2,NOG-FO,0.008,102,True,False,120,122,15616,1952,11.547070443630219,0.007854885421693325,960,962,123136,0.007533704396337271,"{""M"": 24, ""data_B_total"": 64, ""eta"": 0.1, ""smooth_B"": 2}"
NOG-FO__M-24__data_B_total-64__eta-0p1__smooth_B-2,NOG-FO,0.0075,100,True,False,216,218,27904,3488,9.082565054297447,0.007286665495485067,960,962,123136,0.006820368580520153,"{""M"": 24, ""data_B_total"": 64, ""eta"": 0.1, ""smooth_B"": 2}"
NOG-FO__M-24__data_B_total-64__eta-0p1__smooth_B-2,NOG-FO,0.0075,101,True,False,408,410,52480,6560,13.668463006615639,0.007493952754884958,960,962,123136,0.007679663598537445,"{""M"": 24, ""data_B_total"": 64, ""eta"": 0.1, ""smooth_B"": 2}"
NOG-FO__M-24__data_B_total-64__eta-0p1__smooth_B-2,NOG-FO,0.0075,102,True,False,312,314,40192,5024,20.720184817910194,0.007355444598942995,960,962,123136,0.007533704396337271,"{""M"": 24, ""data_B_total"": 64, ""eta"": 0.1, ""smooth_B"": 2}"
NOG-FO__M-24__data_B_total-64__eta-0p3__smooth_B-2,NOG-FO,0.011,100,True,False,24,26,3328,416,0.9548055976629257,0.009768106043338776,960,962,123136,0.006597795989364386,"{""M"": 24, ""data_B_total"": 64, ""eta"": 0.3, ""smooth_B"": 2}"
NOG-FO__M-24__data_B_total-64__eta-0p3__smooth_B-2,NOG-FO,0.011,101,True,False,24,26,3328,416,0.923122838139534,0.010274895466864109,960,962,123136,0.007579061668366194,"{""M"": 24, ""data_B_total"": 64, ""eta"": 0.3, ""smooth_B"": 2}"
NOG-FO__M-24__data_B_total-64__eta-0p3__smooth_B-2,NOG-FO,0.011,102,True,False,24,26,3328,416,9.211396768689156,0.010009980760514736,960,962,123136,0.0073133232071995735,"{""M"": 24, ""data_B_total"": 64, ""eta"": 0.3, ""smooth_B"": 2}"
NOG-FO__M-24__data_B_total-64__eta-0p3__smooth_B-2,NOG-FO,0.01,100,True,False,24,26,3328,416,0.9548055976629257,0.009768106043338776,960,962,123136,0.006597795989364386,"{""M"": 24, ""data_B_total"": 64, ""eta"": 0.3, ""smooth_B"": 2}"
NOG-FO__M-24__data_B_total-64__eta-0p3__smooth_B-2,NOG-FO,0.01,101,True,False,72,74,9472,1184,2.452916383743286,0.009372271597385406,960,962,123136,0.007579061668366194,"{""M"": 24, ""data_B_total"": 64, ""eta"": 0.3, ""smooth_B"": 2}"
NOG-FO__M-24__data_B_total-64__eta-0p3__smooth_B-2,NOG-FO,0.01,102,True,False,72,74,9472,1184,16.724004492163658,0.008993906900286674,960,962,123136,0.0073133232071995735,"{""M"": 24, ""data_B_total"": 64, ""eta"": 0.3, ""smooth_B"": 2}"
NOG-FO__M-24__data_B_total-64__eta-0p3__smooth_B-2,NOG-FO,0.009,100,True,False,120,122,15616,1952,4.037804678082466,0.008515055291354656,960,962,123136,0.006597795989364386,"{""M"": 24, ""data_B_total"": 64, ""eta"": 0.3, ""smooth_B"": 2}"
NOG-FO__M-24__data_B_total-64__eta-0p3__smooth_B-2,NOG-FO,0.009,101,True,False,120,122,15616,1952,4.094235867261887,0.008902469649910927,960,962,123136,0.007579061668366194,"{""M"": 24, ""data_B_total"": 64, ""eta"": 0.3, ""smooth_B"": 2}"
NOG-FO__M-24__data_B_total-64__eta-0p3__smooth_B-2,NOG-FO,0.009,102,True,False,72,74,9472,1184,16.724004492163658,0.008993906900286674,960,962,123136,0.0073133232071995735,"{""M"": 24, ""data_B_total"": 64, ""eta"": 0.3, ""smooth_B"": 2}"
NOG-FO__M-24__data_B_total-64__eta-0p3__smooth_B-2,NOG-FO,0.008,100,True,False,216,218,27904,3488,6.808781325817108,0.007663808763027191,960,962,123136,0.006597795989364386,"{""M"": 24, ""data_B_total"": 64, ""eta"": 0.3, ""smooth_B"": 2}"
NOG-FO__M-24__data_B_total-64__eta-0p3__smooth_B-2,NOG-FO,0.008,101,True,False,264,266,34048,4256,8.969351470470428,0.007978773675858974,960,962,123136,0.007579061668366194,"{""M"": 24, ""data_B_total"": 64, ""eta"": 0.3, ""smooth_B"": 2}"
NOG-FO__M-24__data_B_total-64__eta-0p3__smooth_B-2,NOG-FO,0.008,102,True,False,216,218,27904,3488,34.05691008269787,0.00791886169463396,960,962,123136,0.0073133232071995735,"{""M"": 24, ""data_B_total"": 64, ""eta"": 0.3, ""smooth_B"": 2}"
NOG-FO__M-24__data_B_total-64__eta-0p3__smooth_B-2,NOG-FO,0.0075,100,True,False,264,266,34048,4256,8.211358577013016,0.007339087780565023,960,962,123136,0.006597795989364386,"{""M"": 24, ""data_B_total"": 64, ""eta"": 0.3, ""smooth_B"": 2}"
NOG-FO__M-24__data_B_total-64__eta-0p3__smooth_B-2,NOG-FO,0.0075,101,True,False,552,554,70912,8864,17.618027180433273,0.0073813325725495815,960,962,123136,0.007579061668366194,"{""M"": 24, ""data_B_total"": 64, ""eta"": 0.3, ""smooth_B"": 2}"
NOG-FO__M-24__data_B_total-64__eta-0p3__smooth_B-2,NOG-FO,0.0075,102,True,False,312,314,40192,5024,42.193952187895775,0.007433831226080656,960,962,123136,0.0073133232071995735,"{""M"": 24, ""data_B_total"": 64, ""eta"": 0.3, ""smooth_B"": 2}"
NOG-FO__M-24__data_B_total-64__eta-1p0__smooth_B-2,NOG-FO,0.011,100,True,False,24,26,3328,416,4.012557148933411,0.009798472747206688,960,962,123136,0.006541736423969269,"{""M"": 24, ""data_B_total"": 64, ""eta"": 1.0, ""smooth_B"": 2}"
NOG-FO__M-24__data_B_total-64__eta-1p0__smooth_B-2,NOG-FO,0.011,101,True,False,24,26,3328,416,1.8579024970531464,0.010287653654813766,960,962,123136,0.0075143505819141865,"{""M"": 24, ""data_B_total"": 64, ""eta"": 1.0, ""smooth_B"": 2}"
NOG-FO__M-24__data_B_total-64__eta-1p0__smooth_B-2,NOG-FO,0.011,102,True,False,24,26,3328,416,1.1686601489782333,0.010039038956165314,960,962,123136,0.0072890170849859715,"{""M"": 24, ""data_B_total"": 64, ""eta"": 1.0, ""smooth_B"": 2}"
NOG-FO__M-24__data_B_total-64__eta-1p0__smooth_B-2,NOG-FO,0.01,100,True,False,24,26,3328,416,4.012557148933411,0.009798472747206688,960,962,123136,0.006541736423969269,"{""M"": 24, ""data_B_total"": 64, ""eta"": 1.0, ""smooth_B"": 2}"
NOG-FO__M-24__data_B_total-64__eta-1p0__smooth_B-2,NOG-FO,0.01,101,True,False,72,74,9472,1184,4.3341110944747925,0.009479966014623642,960,962,123136,0.0075143505819141865,"{""M"": 24, ""data_B_total"": 64, ""eta"": 1.0, ""smooth_B"": 2}"
NOG-FO__M-24__data_B_total-64__eta-1p0__smooth_B-2,NOG-FO,0.01,102,True,False,72,74,9472,1184,2.9726949632167816,0.009118238463997841,960,962,123136,0.0072890170849859715,"{""M"": 24, ""data_B_total"": 64, ""eta"": 1.0, ""smooth_B"": 2}"
NOG-FO__M-24__data_B_total-64__eta-1p0__smooth_B-2,NOG-FO,0.009,100,True,False,120,122,15616,1952,20.646779477596283,0.008602943271398544,960,962,123136,0.006541736423969269,"{""M"": 24, ""data_B_total"": 64, ""eta"": 1.0, ""smooth_B"": 2}"
NOG-FO__M-24__data_B_total-64__eta-1p0__smooth_B-2,NOG-FO,0.009,101,True,False,168,170,21760,2720,9.651342242956161,0.008576277643442154,960,962,123136,0.0075143505819141865,"{""M"": 24, ""data_B_total"": 64, ""eta"": 1.0, ""smooth_B"": 2}"
NOG-FO__M-24__data_B_total-64__eta-1p0__smooth_B-2,NOG-FO,0.009,102,True,False,120,122,15616,1952,4.664160415530205,0.008459906093776226,960,962,123136,0.0072890170849859715,"{""M"": 24, ""data_B_total"": 64, ""eta"": 1.0, ""smooth_B"": 2}"
NOG-FO__M-24__data_B_total-64__eta-1p0__smooth_B-2,NOG-FO,0.008,100,True,False,216,218,27904,3488,33.09677976369858,0.007737947162240744,960,962,123136,0.006541736423969269,"{""M"": 24, ""data_B_total"": 64, ""eta"": 1.0, ""smooth_B"": 2}"
NOG-FO__M-24__data_B_total-64__eta-1p0__smooth_B-2,NOG-FO,0.008,101,True,False,312,314,40192,5024,18.032948717474937,0.00793805904686451,960,962,123136,0.0075143505819141865,"{""M"": 24, ""data_B_total"": 64, ""eta"": 1.0, ""smooth_B"": 2}"
NOG-FO__M-24__data_B_total-64__eta-1p0__smooth_B-2,NOG-FO,0.008,102,True,False,264,266,34048,4256,9.13087771832943,0.007821019738912582,960,962,123136,0.0072890170849859715,"{""M"": 24, ""data_B_total"": 64, ""eta"": 1.0, ""smooth_B"": 2}"
NOG-FO__M-24__data_B_total-64__eta-1p0__smooth_B-2,NOG-FO,0.0075,100,True,False,312,314,40192,5024,40.67637698352337,0.007250691298395395,960,962,123136,0.006541736423969269,"{""M"": 24, ""data_B_total"": 64, ""eta"": 1.0, ""smooth_B"": 2}"
NOG-FO__M-24__data_B_total-64__eta-1p0__smooth_B-2,NOG-FO,0.0075,101,True,False,552,554,70912,8864,27.36766517162323,0.007364298216998577,960,962,123136,0.0075143505819141865,"{""M"": 24, ""data_B_total"": 64, ""eta"": 1.0, ""smooth_B"": 2}"
NOG-FO__M-24__data_B_total-64__eta-1p0__smooth_B-2,NOG-FO,0.0075,102,True,False,360,362,46336,5792,12.105777740478516,0.007263603620231152,960,962,123136,0.0072890170849859715,"{""M"": 24, ""data_B_total"": 64, ""eta"": 1.0, ""smooth_B"": 2}"
ME-DOL-FO__epoch_length-6__theory_multiplier-0p3,ME-DOL-FO,0.011,100,True,False,6,6,48,6,0.4164479523897171,0.010029506869614124,960,960,7680,0.009778555482625961,"{""epoch_length"": 6, ""theory_multiplier"": 0.3}"
ME-DOL-FO__epoch_length-6__theory_multiplier-0p3,ME-DOL-FO,0.011,101,True,False,6,6,48,6,0.47433798015117645,0.01050239522010088,960,960,7680,0.010243985801935196,"{""epoch_length"": 6, ""theory_multiplier"": 0.3}"
ME-DOL-FO__epoch_length-6__theory_multiplier-0p3,ME-DOL-FO,0.011,102,True,False,6,6,48,6,0.4482850581407547,0.010284226387739182,960,960,7680,0.010038086213171482,"{""epoch_length"": 6, ""theory_multiplier"": 0.3}"
ME-DOL-FO__epoch_length-6__theory_multiplier-0p3,ME-DOL-FO,0.01,100,True,False,342,342,2736,342,10.075054809451103,0.0099893007427454,960,960,7680,0.009778555482625961,"{""epoch_length"": 6, ""theory_multiplier"": 0.3}"
ME-DOL-FO__epoch_length-6__theory_multiplier-0p3,ME-DOL-FO,0.01,101,False,True,,,,,,,960,960,7680,0.010243985801935196,"{""epoch_length"": 6, ""theory_multiplier"": 0.3}"
ME-DOL-FO__epoch_length-6__theory_multiplier-0p3,ME-DOL-FO,0.01,102,False,True,,,,,,,960,960,7680,0.010038086213171482,"{""epoch_length"": 6, ""theory_multiplier"": 0.3}"
ME-DOL-FO__epoch_length-6__theory_multiplier-0p3,ME-DOL-FO,0.009,100,False,True,,,,,,,960,960,7680,0.009778555482625961,"{""epoch_length"": 6, ""theory_multiplier"": 0.3}"
ME-DOL-FO__epoch_length-6__theory_multiplier-0p3,ME-DOL-FO,0.009,101,False,True,,,,,,,960,960,7680,0.010243985801935196,"{""epoch_length"": 6, ""theory_multiplier"": 0.3}"
ME-DOL-FO__epoch_length-6__theory_multiplier-0p3,ME-DOL-FO,0.009,102,False,True,,,,,,,960,960,7680,0.010038086213171482,"{""epoch_length"": 6, ""theory_multiplier"": 0.3}"
ME-DOL-FO__epoch_length-6__theory_multiplier-0p3,ME-DOL-FO,0.008,100,False,True,,,,,,,960,960,7680,0.009778555482625961,"{""epoch_length"": 6, ""theory_multiplier"": 0.3}"
ME-DOL-FO__epoch_length-6__theory_multiplier-0p3,ME-DOL-FO,0.008,101,False,True,,,,,,,960,960,7680,0.010243985801935196,"{""epoch_length"": 6, ""theory_multiplier"": 0.3}"
ME-DOL-FO__epoch_length-6__theory_multiplier-0p3,ME-DOL-FO,0.008,102,False,True,,,,,,,960,960,7680,0.010038086213171482,"{""epoch_length"": 6, ""theory_multiplier"": 0.3}"
ME-DOL-FO__epoch_length-6__theory_multiplier-0p3,ME-DOL-FO,0.0075,100,False,True,,,,,,,960,960,7680,0.009778555482625961,"{""epoch_length"": 6, ""theory_multiplier"": 0.3}"
ME-DOL-FO__epoch_length-6__theory_multiplier-0p3,ME-DOL-FO,0.0075,101,False,True,,,,,,,960,960,7680,0.010243985801935196,"{""epoch_length"": 6, ""theory_multiplier"": 0.3}"
ME-DOL-FO__epoch_length-6__theory_multiplier-0p3,ME-DOL-FO,0.0075,102,False,True,,,,,,,960,960,7680,0.010038086213171482,"{""epoch_length"": 6, ""theory_multiplier"": 0.3}"
ME-DOL-FO__epoch_length-6__theory_multiplier-1p0,ME-DOL-FO,0.011,100,True,False,6,6,48,6,0.7278986573219299,0.01004387903958559,960,960,7680,0.009339993819594383,"{""epoch_length"": 6, ""theory_multiplier"": 1.0}"
ME-DOL-FO__epoch_length-6__theory_multiplier-1p0,ME-DOL-FO,0.011,101,True,False,6,6,48,6,0.47681383788585663,0.010495108552277088,960,960,7680,0.009783480316400528,"{""epoch_length"": 6, ""theory_multiplier"": 1.0}"
ME-DOL-FO__epoch_length-6__theory_multiplier-1p0,ME-DOL-FO,0.011,102,True,False,6,6,48,6,0.5248526334762573,0.010281573049724102,960,960,7680,0.009521807543933392,"{""epoch_length"": 6, ""theory_multiplier"": 1.0}"
ME-DOL-FO__epoch_length-6__theory_multiplier-1p0,ME-DOL-FO,0.01,100,True,False,102,102,816,102,7.114561632275581,0.009944259189069271,960,960,7680,0.009339993819594383,"{""epoch_length"": 6, ""theory_multiplier"": 1.0}"
ME-DOL-FO__epoch_length-6__theory_multiplier-1p0,ME-DOL-FO,0.01,101,True,False,582,582,4656,582,22.046497598290443,0.009956167079508305,960,960,7680,0.009783480316400528,"{""epoch_length"": 6, ""theory_multiplier"": 1.0}"
ME-DOL-FO__epoch_length-6__theory_multiplier-1p0,ME-DOL-FO,0.01,102,True,False,390,390,3120,390,18.945521414279938,0.009980439208447933,960,960,7680,0.009521807543933392,"{""epoch_length"": 6, ""theory_multiplier"": 1.0}"
ME-DOL-FO__epoch_length-6__theory_multiplier-1p0,ME-DOL-FO,0.009,100,False,True,,,,,,,960,960,7680,0.009339993819594383,"{""epoch_length"": 6, ""theory_multiplier"": 1.0}"
ME-DOL-FO__epoch_length-6__theory_multiplier-1p0,ME-DOL-FO,0.009,101,False,True,,,,,,,960,960,7680,0.009783480316400528,"{""epoch_length"": 6, ""theory_multiplier"": 1.0}"
ME-DOL-FO__epoch_length-6__theory_multiplier-1p0,ME-DOL-FO,0.009,102,False,True,,,,,,,960,960,7680,0.009521807543933392,"{""epoch_length"": 6, ""theory_multiplier"": 1.0}"
ME-DOL-FO__epoch_length-6__theory_multiplier-1p0,ME-DOL-FO,0.008,100,False,True,,,,,,,960,960,7680,0.009339993819594383,"{""epoch_length"": 6, ""theory_multiplier"": 1.0}"
ME-DOL-FO__epoch_length-6__theory_multiplier-1p0,ME-DOL-FO,0.008,101,False,True,,,,,,,960,960,7680,0.009783480316400528,"{""epoch_length"": 6, ""theory_multiplier"": 1.0}"
ME-DOL-FO__epoch_length-6__theory_multiplier-1p0,ME-DOL-FO,0.008,102,False,True,,,,,,,960,960,7680,0.009521807543933392,"{""epoch_length"": 6, ""theory_multiplier"": 1.0}"
ME-DOL-FO__epoch_length-6__theory_multiplier-1p0,ME-DOL-FO,0.0075,100,False,True,,,,,,,960,960,7680,0.009339993819594383,"{""epoch_length"": 6, ""theory_multiplier"": 1.0}"
ME-DOL-FO__epoch_length-6__theory_multiplier-1p0,ME-DOL-FO,0.0075,101,False,True,,,,,,,960,960,7680,0.009783480316400528,"{""epoch_length"": 6, ""theory_multiplier"": 1.0}"
ME-DOL-FO__epoch_length-6__theory_multiplier-1p0,ME-DOL-FO,0.0075,102,False,True,,,,,,,960,960,7680,0.009521807543933392,"{""epoch_length"": 6, ""theory_multiplier"": 1.0}"
ME-DOL-FO__epoch_length-6__theory_multiplier-3p0,ME-DOL-FO,0.011,100,True,False,6,6,48,6,0.4209192991256714,0.010049249976873398,960,960,7680,0.008529146201908588,"{""epoch_length"": 6, ""theory_multiplier"": 3.0}"
ME-DOL-FO__epoch_length-6__theory_multiplier-3p0,ME-DOL-FO,0.011,101,True,False,6,6,48,6,0.4543488621711731,0.01050031092017889,960,960,7680,0.008754519745707512,"{""epoch_length"": 6, ""theory_multiplier"": 3.0}"
ME-DOL-FO__epoch_length-6__theory_multiplier-3p0,ME-DOL-FO,0.011,102,True,False,6,6,48,6,0.5220397263765335,0.010278153233230114,960,960,7680,0.008551094681024551,"{""epoch_length"": 6, ""theory_multiplier"": 3.0}"
ME-DOL-FO__epoch_length-6__theory_multiplier-3p0,ME-DOL-FO,0.01,100,True,False,54,54,432,54,1.7917590737342834,0.00989396683871746,960,960,7680,0.008529146201908588,"{""epoch_length"": 6, ""theory_multiplier"": 3.0}"
ME-DOL-FO__epoch_length-6__theory_multiplier-3p0,ME-DOL-FO,0.01,101,True,False,198,198,1584,198,6.722715824842453,0.009944642893970013,960,960,7680,0.008754519745707512,"{""epoch_length"": 6, ""theory_multiplier"": 3.0}"
ME-DOL-FO__epoch_length-6__theory_multiplier-3p0,ME-DOL-FO,0.01,102,True,False,150,150,1200,150,5.150860205292702,0.009939035400748253,960,960,7680,0.008551094681024551,"{""epoch_length"": 6, ""theory_multiplier"": 3.0}"
ME-DOL-FO__epoch_length-6__theory_multiplier-3p0,ME-DOL-FO,0.009,100,True,False,678,678,5424,678,28.328324496746063,0.008867686614394188,960,960,7680,0.008529146201908588,"{""epoch_length"": 6, ""theory_multiplier"": 3.0}"
ME-DOL-FO__epoch_length-6__theory_multiplier-3p0,ME-DOL-FO,0.009,101,True,False,726,726,5808,726,26.32287810742855,0.008935388177633286,960,960,7680,0.008754519745707512,"{""epoch_length"": 6, ""theory_multiplier"": 3.0}"
ME-DOL-FO__epoch_length-6__theory_multiplier-3p0,ME-DOL-FO,0.009,102,True,False,726,726,5808,726,25.698133930563927,0.008856650441884995,960,960,7680,0.008551094681024551,"{""epoch_length"": 6, ""theory_multiplier"": 3.0}"
ME-DOL-FO__epoch_length-6__theory_multiplier-3p0,ME-DOL-FO,0.008,100,False,True,,,,,,,960,960,7680,0.008529146201908588,"{""epoch_length"": 6, ""theory_multiplier"": 3.0}"
ME-DOL-FO__epoch_length-6__theory_multiplier-3p0,ME-DOL-FO,0.008,101,False,True,,,,,,,960,960,7680,0.008754519745707512,"{""epoch_length"": 6, ""theory_multiplier"": 3.0}"
ME-DOL-FO__epoch_length-6__theory_multiplier-3p0,ME-DOL-FO,0.008,102,False,True,,,,,,,960,960,7680,0.008551094681024551,"{""epoch_length"": 6, ""theory_multiplier"": 3.0}"
ME-DOL-FO__epoch_length-6__theory_multiplier-3p0,ME-DOL-FO,0.0075,100,False,True,,,,,,,960,960,7680,0.008529146201908588,"{""epoch_length"": 6, ""theory_multiplier"": 3.0}"
ME-DOL-FO__epoch_length-6__theory_multiplier-3p0,ME-DOL-FO,0.0075,101,False,True,,,,,,,960,960,7680,0.008754519745707512,"{""epoch_length"": 6, ""theory_multiplier"": 3.0}"
ME-DOL-FO__epoch_length-6__theory_multiplier-3p0,ME-DOL-FO,0.0075,102,False,True,,,,,,,960,960,7680,0.008551094681024551,"{""epoch_length"": 6, ""theory_multiplier"": 3.0}"
ME-DOL-FO__epoch_length-6__theory_multiplier-10p0,ME-DOL-FO,0.011,100,True,False,6,6,48,6,0.4094811677932739,0.01008786540478468,960,960,7680,0.008522887714207172,"{""epoch_length"": 6, ""theory_multiplier"": 10.0}"
ME-DOL-FO__epoch_length-6__theory_multiplier-10p0,ME-DOL-FO,0.011,101,True,False,6,6,48,6,0.464671790599823,0.010519052855670452,960,960,7680,0.008329245261847973,"{""epoch_length"": 6, ""theory_multiplier"": 10.0}"
ME-DOL-FO__epoch_length-6__theory_multiplier-10p0,ME-DOL-FO,0.011,102,True,False,6,6,48,6,0.42397241294384,0.01023623812943697,960,960,7680,0.008192664012312889,"{""epoch_length"": 6, ""theory_multiplier"": 10.0}"
ME-DOL-FO__epoch_length-6__theory_multiplier-10p0,ME-DOL-FO,0.01,100,True,False,54,54,432,54,1.9499210715293884,0.009906108491122723,960,960,7680,0.008522887714207172,"{""epoch_length"": 6, ""theory_multiplier"": 10.0}"
ME-DOL-FO__epoch_length-6__theory_multiplier-10p0,ME-DOL-FO,0.01,101,True,False,198,198,1584,198,10.500637859106064,0.00946094375103712,960,960,7680,0.008329245261847973,"{""epoch_length"": 6, ""theory_multiplier"": 10.0}"
ME-DOL-FO__epoch_length-6__theory_multiplier-10p0,ME-DOL-FO,0.01,102,True,False,150,150,1200,150,4.790197253227234,0.009768854826688766,960,960,7680,0.008192664012312889,"{""epoch_length"": 6, ""theory_multiplier"": 10.0}"
ME-DOL-FO__epoch_length-6__theory_multiplier-10p0,ME-DOL-FO,0.009,100,True,False,630,630,5040,630,22.455168172717094,0.008862461894750595,960,960,7680,0.008522887714207172,"{""epoch_length"": 6, ""theory_multiplier"": 10.0}"
ME-DOL-FO__epoch_length-6__theory_multiplier-10p0,ME-DOL-FO,0.009,101,True,False,294,294,2352,294,13.980271503329277,0.008994546718895435,960,960,7680,0.008329245261847973,"{""epoch_length"": 6, ""theory_multiplier"": 10.0}"
ME-DOL-FO__epoch_length-6__theory_multiplier-10p0,ME-DOL-FO,0.009,102,True,False,486,486,3888,486,15.678211882710457,0.008813613094389439,960,960,7680,0.008192664012312889,"{""epoch_length"": 6, ""theory_multiplier"": 10.0}"
ME-DOL-FO__epoch_length-6__theory_multiplier-10p0,ME-DOL-FO,0.008,100,False,True,,,,,,,960,960,7680,0.008522887714207172,"{""epoch_length"": 6, ""theory_multiplier"": 10.0}"
ME-DOL-FO__epoch_length-6__theory_multiplier-10p0,ME-DOL-FO,0.008,101,False,True,,,,,,,960,960,7680,0.008329245261847973,"{""epoch_length"": 6, ""theory_multiplier"": 10.0}"
ME-DOL-FO__epoch_length-6__theory_multiplier-10p0,ME-DOL-FO,0.008,102,False,True,,,,,,,960,960,7680,0.008192664012312889,"{""epoch_length"": 6, ""theory_multiplier"": 10.0}"
ME-DOL-FO__epoch_length-6__theory_multiplier-10p0,ME-DOL-FO,0.0075,100,False,True,,,,,,,960,960,7680,0.008522887714207172,"{""epoch_length"": 6, ""theory_multiplier"": 10.0}"
ME-DOL-FO__epoch_length-6__theory_multiplier-10p0,ME-DOL-FO,0.0075,101,False,True,,,,,,,960,960,7680,0.008329245261847973,"{""epoch_length"": 6, ""theory_multiplier"": 10.0}"
ME-DOL-FO__epoch_length-6__theory_multiplier-10p0,ME-DOL-FO,0.0075,102,False,True,,,,,,,960,960,7680,0.008192664012312889,"{""epoch_length"": 6, ""theory_multiplier"": 10.0}"
ME-DOL-FO__epoch_length-12__theory_multiplier-0p3,ME-DOL-FO,0.011,100,True,False,12,12,96,12,0.5733551979064941,0.010029535740613937,960,960,7680,0.009790998883545399,"{""epoch_length"": 12, ""theory_multiplier"": 0.3}"
ME-DOL-FO__epoch_length-12__theory_multiplier-0p3,ME-DOL-FO,0.011,101,True,False,12,12,96,12,1.1266728788614273,0.010502335615456104,960,960,7680,0.010310077108442783,"{""epoch_length"": 12, ""theory_multiplier"": 0.3}"
ME-DOL-FO__epoch_length-12__theory_multiplier-0p3,ME-DOL-FO,0.011,102,True,False,12,12,96,12,0.5660517364740372,0.010284263640642166,960,960,7680,0.010099269449710846,"{""epoch_length"": 12, ""theory_multiplier"": 0.3}"
ME-DOL-FO__epoch_length-12__theory_multiplier-0p3,ME-DOL-FO,0.01,100,True,False,252,252,2016,252,7.393978789448738,0.009991287253797054,960,960,7680,0.009790998883545399,"{""epoch_length"": 12, ""theory_multiplier"": 0.3}"
ME-DOL-FO__epoch_length-12__theory_multiplier-0p3,ME-DOL-FO,0.01,101,False,True,,,,,,,960,960,7680,0.010310077108442783,"{""epoch_length"": 12, ""theory_multiplier"": 0.3}"
ME-DOL-FO__epoch_length-12__theory_multiplier-0p3,ME-DOL-FO,0.01,102,False,True,,,,,,,960,960,7680,0.010099269449710846,"{""epoch_length"": 12, ""theory_multiplier"": 0.3}"
ME-DOL-FO__epoch_length-12__theory_multiplier-0p3,ME-DOL-FO,0.009,100,False,True,,,,,,,960,960,7680,0.009790998883545399,"{""epoch_length"": 12, ""theory_multiplier"": 0.3}"
ME-DOL-FO__epoch_length-12__theory_multiplier-0p3,ME-DOL-FO,0.009,101,False,True,,,,,,,960,960,7680,0.010310077108442783,"{""epoch_length"": 12, ""theory_multiplier"": 0.3}"
ME-DOL-FO__epoch_length-12__theory_multiplier-0p3,ME-DOL-FO,0.009,102,False,True,,,,,,,960,960,7680,0.010099269449710846,"{""epoch_length"": 12, ""theory_multiplier"": 0.3}"
ME-DOL-FO__epoch_length-12__theory_multiplier-0p3,ME-DOL-FO,0.008,100,False,True,,,,,,,960,960,7680,0.009790998883545399,"{""epoch_length"": 12, ""theory_multiplier"": 0.3}"
ME-DOL-FO__epoch_length-12__theory_multiplier-0p3,ME-DOL-FO,0.008,101,False,True,,,,,,,960,960,7680,0.010310077108442783,"{""epoch_length"": 12, ""theory_multiplier"": 0.3}"
ME-DOL-FO__epoch_length-12__theory_multiplier-0p3,ME-DOL-FO,0.008,102,False,True,,,,,,,960,960,7680,0.010099269449710846,"{""epoch_length"": 12, ""theory_multiplier"": 0.3}"
ME-DOL-FO__epoch_length-12__theory_multiplier-0p3,ME-DOL-FO,0.0075,100,False,True,,,,,,,960,960,7680,0.009790998883545399,"{""epoch_length"": 12, ""theory_multiplier"": 0.3}"
ME-DOL-FO__epoch_length-12__theory_multiplier-0p3,ME-DOL-FO,0.0075,101,False,True,,,,,,,960,960,7680,0.010310077108442783,"{""epoch_length"": 12, ""theory_multiplier"": 0.3}"
ME-DOL-FO__epoch_length-12__theory_multiplier-0p3,ME-DOL-FO,0.0075,102,False,True,,,,,,,960,960,7680,0.010099269449710846,"{""epoch_length"": 12, ""theory_multiplier"": 0.3}"
ME-DOL-FO__epoch_length-12__theory_multiplier-1p0,ME-DOL-FO,0.011,100,True,False,12,12,96,12,0.6712493300437927,0.010042259469628334,960,960,7680,0.009473882615566254,"{""epoch_length"": 12, ""theory_multiplier"": 1.0}"
ME-DOL-FO__epoch_length-12__theory_multiplier-1p0,ME-DOL-FO,0.011,101,True,False,12,12,96,12,1.0764981359243393,0.01049921102821827,960,960,7680,0.009868917055428028,"{""epoch_length"": 12, ""theory_multiplier"": 1.0}"
ME-DOL-FO__epoch_length-12__theory_multiplier-1p0,ME-DOL-FO,0.011,102,True,False,12,12,96,12,0.7871929705142975,0.010295911692082882,960,960,7680,0.009657219052314758,"{""epoch_length"": 12, ""theory_multiplier"": 1.0}"
ME-DOL-FO__epoch_length-12__theory_multiplier-1p0,ME-DOL-FO,0.01,100,True,False,60,60,480,60,2.442300096154213,0.009977750480175018,960,960,7680,0.009473882615566254,"{""epoch_length"": 12, ""theory_multiplier"": 1.0}"
ME-DOL-FO__epoch_length-12__theory_multiplier-1p0,ME-DOL-FO,0.01,101,True,False,684,684,5472,684,26.014485269784927,0.009997691959142685,960,960,7680,0.009868917055428028,"{""epoch_length"": 12, ""theory_multiplier"": 1.0}"
ME-DOL-FO__epoch_length-12__theory_multiplier-1p0,ME-DOL-FO,0.01,102,True,False,444,444,3552,444,22.901980012655258,0.009986808523535728,960,960,7680,0.009657219052314758,"{""epoch_length"": 12, ""theory_multiplier"": 1.0}"
ME-DOL-FO__epoch_length-12__theory_multiplier-1p0,ME-DOL-FO,0.009,100,False,True,,,,,,,960,960,7680,0.009473882615566254,"{""epoch_length"": 12, ""theory_multiplier"": 1.0}"
ME-DOL-FO__epoch_length-12__theory_multiplier-1p0,ME-DOL-FO,0.009,101,False,True,,,,,,,960,960,7680,0.009868917055428028,"{""epoch_length"": 12, ""theory_multiplier"": 1.0}"
ME-DOL-FO__epoch_length-12__theory_multiplier-1p0,ME-DOL-FO,0.009,102,False,True,,,,,,,960,960,7680,0.009657219052314758,"{""epoch_length"": 12, ""theory_multiplier"": 1.0}"
ME-DOL-FO__epoch_length-12__theory_multiplier-1p0,ME-DOL-FO,0.008,100,False,True,,,,,,,960,960,7680,0.009473882615566254,"{""epoch_length"": 12, ""theory_multiplier"": 1.0}"
ME-DOL-FO__epoch_length-12__theory_multiplier-1p0,ME-DOL-FO,0.008,101,False,True,,,,,,,960,960,7680,0.009868917055428028,"{""epoch_length"": 12, ""theory_multiplier"": 1.0}"
ME-DOL-FO__epoch_length-12__theory_multiplier-1p0,ME-DOL-FO,0.008,102,False,True,,,,,,,960,960,7680,0.009657219052314758,"{""epoch_length"": 12, ""theory_multiplier"": 1.0}"
ME-DOL-FO__epoch_length-12__theory_multiplier-1p0,ME-DOL-FO,0.0075,100,False,True,,,,,,,960,960,7680,0.009473882615566254,"{""epoch_length"": 12, ""theory_multiplier"": 1.0}"
ME-DOL-FO__epoch_length-12__theory_multiplier-1p0,ME-DOL-FO,0.0075,101,False,True,,,,,,,960,960,7680,0.009868917055428028,"{""epoch_length"": 12, ""theory_multiplier"": 1.0}"
ME-DOL-FO__epoch_length-12__theory_multiplier-1p0,ME-DOL-FO,0.0075,102,False,True,,,,,,,960,960,7680,0.009657219052314758,"{""epoch_length"": 12, ""theory_multiplier"": 1.0}"
ME-DOL-FO__epoch_length-12__theory_multiplier-3p0,ME-DOL-FO,0.011,100,True,False,12,12,96,12,0.6234612911939621,0.010024871677160263,960,960,7680,0.008672639727592468,"{""epoch_length"": 12, ""theory_multiplier"": 3.0}"
ME-DOL-FO__epoch_length-12__theory_multiplier-3p0,ME-DOL-FO,0.011,101,True,False,12,12,96,12,0.7485085874795914,0.0105233583599329,960,960,7680,0.008930200710892677,"{""epoch_length"": 12, ""theory_multiplier"": 3.0}"
ME-DOL-FO__epoch_length-12__theory_multiplier-3p0,ME-DOL-FO,0.011,102,True,False,12,12,96,12,0.9360966235399246,0.010259104892611504,960,960,7680,0.008784736506640911,"{""epoch_length"": 12, ""theory_multiplier"": 3.0}"
ME-DOL-FO__epoch_length-12__theory_multiplier-3p0,ME-DOL-FO,0.01,100,True,False,60,60,480,60,5.271601274609566,0.009858626872301102,960,960,7680,0.008672639727592468,"{""epoch_length"": 12, ""theory_multiplier"": 3.0}"
ME-DOL-FO__epoch_length-12__theory_multiplier-3p0,ME-DOL-FO,0.01,101,True,False,300,300,2400,300,11.82225950062275,0.00999781209975481,960,960,7680,0.008930200710892677,"{""epoch_length"": 12, ""theory_multiplier"": 3.0}"
ME-DOL-FO__epoch_length-12__theory_multiplier-3p0,ME-DOL-FO,0.01,102,True,False,204,204,1632,204,8.10583683848381,0.009914269670844078,960,960,7680,0.008784736506640911,"{""epoch_length"": 12, ""theory_multiplier"": 3.0}"
ME-DOL-FO__epoch_length-12__theory_multiplier-3p0,ME-DOL-FO,0.009,100,True,False,732,732,5856,732,31.019498512148857,0.008996493183076382,960,960,7680,0.008672639727592468,"{""epoch_length"": 12, ""theory_multiplier"": 3.0}"
ME-DOL-FO__epoch_length-12__theory_multiplier-3p0,ME-DOL-FO,0.009,101,True,False,924,924,7392,924,37.72859928011894,0.008974839933216572,960,960,7680,0.008930200710892677,"{""epoch_length"": 12, ""theory_multiplier"": 3.0}"
ME-DOL-FO__epoch_length-12__theory_multiplier-3p0,ME-DOL-FO,0.009,102,True,False,780,780,6240,780,29.983013346791267,0.008977741934359074,960,960,7680,0.008784736506640911,"{""epoch_length"": 12, ""theory_multiplier"": 3.0}"
ME-DOL-FO__epoch_length-12__theory_multiplier-3p0,ME-DOL-FO,0.008,100,False,True,,,,,,,960,960,7680,0.008672639727592468,"{""epoch_length"": 12, ""theory_multiplier"": 3.0}"
ME-DOL-FO__epoch_length-12__theory_multiplier-3p0,ME-DOL-FO,0.008,101,False,True,,,,,,,960,960,7680,0.008930200710892677,"{""epoch_length"": 12, ""theory_multiplier"": 3.0}"
ME-DOL-FO__epoch_length-12__theory_multiplier-3p0,ME-DOL-FO,0.008,102,False,True,,,,,,,960,960,7680,0.008784736506640911,"{""epoch_length"": 12, ""theory_multiplier"": 3.0}"
ME-DOL-FO__epoch_length-12__theory_multiplier-3p0,ME-DOL-FO,0.0075,100,False,True,,,,,,,960,960,7680,0.008672639727592468,"{""epoch_length"": 12, ""theory_multiplier"": 3.0}"
ME-DOL-FO__epoch_length-12__theory_multiplier-3p0,ME-DOL-FO,0.0075,101,False,True,,,,,,,960,960,7680,0.008930200710892677,"{""epoch_length"": 12, ""theory_multiplier"": 3.0}"
ME-DOL-FO__epoch_length-12__theory_multiplier-3p0,ME-DOL-FO,0.0075,102,False,True,,,,,,,960,960,7680,0.008784736506640911,"{""epoch_length"": 12, ""theory_multiplier"": 3.0}"
ME-DOL-FO__epoch_length-12__theory_multiplier-10p0,ME-DOL-FO,0.011,100,True,False,12,12,96,12,0.6847570836544037,0.01005374826490879,960,960,7680,0.008219794370234013,"{""epoch_length"": 12, ""theory_multiplier"": 10.0}"
ME-DOL-FO__epoch_length-12__theory_multiplier-10p0,ME-DOL-FO,0.011,101,True,False,12,12,96,12,1.02750962972641,0.010565281845629215,960,960,7680,0.008455612696707249,"{""epoch_length"": 12, ""theory_multiplier"": 10.0}"
ME-DOL-FO__epoch_length-12__theory_multiplier-10p0,ME-DOL-FO,0.011,102,True,False,12,12,96,12,0.583604633808136,0.010214786976575851,960,960,7680,0.008171928115189075,"{""epoch_length"": 12, ""theory_multiplier"": 10.0}"
ME-DOL-FO__epoch_length-12__theory_multiplier-10p0,ME-DOL-FO,0.01,100,True,False,60,60,480,60,2.76831778883934,0.009818775579333305,960,960,7680,0.008219794370234013,"{""epoch_length"": 12, ""theory_multiplier"": 10.0}"
ME-DOL-FO__epoch_length-12__theory_multiplier-10p0,ME-DOL-FO,0.01,101,True,False,204,204,1632,204,11.200272887945175,0.00987829826772213,960,960,7680,0.008455612696707249,"{""epoch_length"": 12, ""theory_multiplier"": 10.0}"
ME-DOL-FO__epoch_length-12__theory_multiplier-10p0,ME-DOL-FO,0.01,102,True,False,156,156,1248,156,5.195253595709801,0.009789195843040943,960,960,7680,0.008171928115189075,"{""epoch_length"": 12, ""theory_multiplier"": 10.0}"
ME-DOL-FO__epoch_length-12__theory_multiplier-10p0,ME-DOL-FO,0.009,100,True,False,588,588,4704,588,24.19076056778431,0.008926627226173878,960,960,7680,0.008219794370234013,"{""epoch_length"": 12, ""theory_multiplier"": 10.0}"
ME-DOL-FO__epoch_length-12__theory_multiplier-10p0,ME-DOL-FO,0.009,101,True,False,444,444,3552,444,19.92496831715107,0.008844244293868542,960,960,7680,0.008455612696707249,"{""epoch_length"": 12, ""theory_multiplier"": 10.0}"
ME-DOL-FO__epoch_length-12__theory_multiplier-10p0,ME-DOL-FO,0.009,102,True,False,444,444,3552,444,13.67828157544136,0.008879517205059528,960,960,7680,0.008171928115189075,"{""epoch_length"": 12, ""theory_multiplier"": 10.0}"
ME-DOL-FO__epoch_length-12__theory_multiplier-10p0,ME-DOL-FO,0.008,100,False,True,,,,,,,960,960,7680,0.008219794370234013,"{""epoch_length"": 12, ""theory_multiplier"": 10.0}"
ME-DOL-FO__epoch_length-12__theory_multiplier-10p0,ME-DOL-FO,0.008,101,False,True,,,,,,,960,960,7680,0.008455612696707249,"{""epoch_length"": 12, ""theory_multiplier"": 10.0}"
ME-DOL-FO__epoch_length-12__theory_multiplier-10p0,ME-DOL-FO,0.008,102,False,True,,,,,,,960,960,7680,0.008171928115189075,"{""epoch_length"": 12, ""theory_multiplier"": 10.0}"
ME-DOL-FO__epoch_length-12__theory_multiplier-10p0,ME-DOL-FO,0.0075,100,False,True,,,,,,,960,960,7680,0.008219794370234013,"{""epoch_length"": 12, ""theory_multiplier"": 10.0}"
ME-DOL-FO__epoch_length-12__theory_multiplier-10p0,ME-DOL-FO,0.0075,101,False,True,,,,,,,960,960,7680,0.008455612696707249,"{""epoch_length"": 12, ""theory_multiplier"": 10.0}"
ME-DOL-FO__epoch_length-12__theory_multiplier-10p0,ME-DOL-FO,0.0075,102,False,True,,,,,,,960,960,7680,0.008171928115189075,"{""epoch_length"": 12, ""theory_multiplier"": 10.0}"
ME-DOL-FO__epoch_length-24__theory_multiplier-0p3,ME-DOL-FO,0.011,100,True,False,24,24,192,24,1.0318019390106201,0.01002862211316824,960,960,7680,0.009877601638436317,"{""epoch_length"": 24, ""theory_multiplier"": 0.3}"
ME-DOL-FO__epoch_length-24__theory_multiplier-0p3,ME-DOL-FO,0.011,101,True,False,24,24,192,24,0.8097873628139496,0.010502362623810768,960,960,7680,0.010377361439168453,"{""epoch_length"": 24, ""theory_multiplier"": 0.3}"
ME-DOL-FO__epoch_length-24__theory_multiplier-0p3,ME-DOL-FO,0.011,102,True,False,24,24,192,24,0.9786825776100159,0.01029353216290474,960,960,7680,0.010159414261579514,"{""epoch_length"": 24, ""theory_multiplier"": 0.3}"
ME-DOL-FO__epoch_length-24__theory_multiplier-0p3,ME-DOL-FO,0.01,100,True,False,360,360,2880,360,13.091616407036781,0.00999985821545124,960,960,7680,0.009877601638436317,"{""epoch_length"": 24, ""theory_multiplier"": 0.3}"
ME-DOL-FO__epoch_length-24__theory_multiplier-0p3,ME-DOL-FO,0.01,101,False,True,,,,,,,960,960,7680,0.010377361439168453,"{""epoch_length"": 24, ""theory_multiplier"": 0.3}"
ME-DOL-FO__epoch_length-24__theory_multiplier-0p3,ME-DOL-FO,0.01,102,False,True,,,,,,,960,960,7680,0.010159414261579514,"{""epoch_length"": 24, ""theory_multiplier"": 0.3}"
ME-DOL-FO__epoch_length-24__theory_multiplier-0p3,ME-DOL-FO,0.009,100,False,True,,,,,,,960,960,7680,0.009877601638436317,"{""epoch_length"": 24, ""theory_multiplier"": 0.3}"
ME-DOL-FO__epoch_length-24__theory_multiplier-0p3,ME-DOL-FO,0.009,101,False,True,,,,,,,960,960,7680,0.010377361439168453,"{""epoch_length"": 24, ""theory_multiplier"": 0.3}"
ME-DOL-FO__epoch_length-24__theory_multiplier-0p3,ME-DOL-FO,0.009,102,False,True,,,,,,,960,960,7680,0.010159414261579514,"{""epoch_length"": 24, ""theory_multiplier"": 0.3}"
ME-DOL-FO__epoch_length-24__theory_multiplier-0p3,ME-DOL-FO,0.008,100,False,True,,,,,,,960,960,7680,0.009877601638436317,"{""epoch_length"": 24, ""theory_multiplier"": 0.3}"
ME-DOL-FO__epoch_length-24__theory_multiplier-0p3,ME-DOL-FO,0.008,101,False,True,,,,,,,960,960,7680,0.010377361439168453,"{""epoch_length"": 24, ""theory_multiplier"": 0.3}"
ME-DOL-FO__epoch_length-24__theory_multiplier-0p3,ME-DOL-FO,0.008,102,False,True,,,,,,,960,960,7680,0.010159414261579514,"{""epoch_length"": 24, ""theory_multiplier"": 0.3}"
ME-DOL-FO__epoch_length-24__theory_multiplier-0p3,ME-DOL-FO,0.0075,100,False,True,,,,,,,960,960,7680,0.009877601638436317,"{""epoch_length"": 24, ""theory_multiplier"": 0.3}"
ME-DOL-FO__epoch_length-24__theory_multiplier-0p3,ME-DOL-FO,0.0075,101,False,True,,,,,,,960,960,7680,0.010377361439168453,"{""epoch_length"": 24, ""theory_multiplier"": 0.3}"
ME-DOL-FO__epoch_length-24__theory_multiplier-0p3,ME-DOL-FO,0.0075,102,False,True,,,,,,,960,960,7680,0.010159414261579514,"{""epoch_length"": 24, ""theory_multiplier"": 0.3}"
ME-DOL-FO__epoch_length-24__theory_multiplier-1p0,ME-DOL-FO,0.011,100,True,False,24,24,192,24,2.3455094695091248,0.010033694095909595,960,960,7680,0.009591474197804928,"{""epoch_length"": 24, ""theory_multiplier"": 1.0}"
ME-DOL-FO__epoch_length-24__theory_multiplier-1p0,ME-DOL-FO,0.011,101,True,False,24,24,192,24,1.0142417550086975,0.01051008328795433,960,960,7680,0.010071741417050362,"{""epoch_length"": 24, ""theory_multiplier"": 1.0}"
ME-DOL-FO__epoch_length-24__theory_multiplier-1p0,ME-DOL-FO,0.011,102,True,False,24,24,192,24,0.8561277091503143,0.010294737294316292,960,960,7680,0.00979824922978878,"{""epoch_length"": 24, ""theory_multiplier"": 1.0}"
ME-DOL-FO__epoch_length-24__theory_multiplier-1p0,ME-DOL-FO,0.01,100,True,False,72,72,576,72,3.655100479722023,0.009981311857700348,960,960,7680,0.009591474197804928,"{""epoch_length"": 24, ""theory_multiplier"": 1.0}"
ME-DOL-FO__epoch_length-24__theory_multiplier-1p0,ME-DOL-FO,0.01,101,False,True,,,,,,,960,960,7680,0.010071741417050362,"{""epoch_length"": 24, ""theory_multiplier"": 1.0}"
ME-DOL-FO__epoch_length-24__theory_multiplier-1p0,ME-DOL-FO,0.01,102,True,False,648,648,5184,648,21.679816707968712,0.009969369508326054,960,960,7680,0.00979824922978878,"{""epoch_length"": 24, ""theory_multiplier"": 1.0}"
ME-DOL-FO__epoch_length-24__theory_multiplier-1p0,ME-DOL-FO,0.009,100,False,True,,,,,,,960,960,7680,0.009591474197804928,"{""epoch_length"": 24, ""theory_multiplier"": 1.0}"
ME-DOL-FO__epoch_length-24__theory_multiplier-1p0,ME-DOL-FO,0.009,101,False,True,,,,,,,960,960,7680,0.010071741417050362,"{""epoch_length"": 24, ""theory_multiplier"": 1.0}"
ME-DOL-FO__epoch_length-24__theory_multiplier-1p0,ME-DOL-FO,0.009,102,False,True,,,,,,,960,960,7680,0.00979824922978878,"{""epoch_length"": 24, ""theory_multiplier"": 1.0}"
ME-DOL-FO__epoch_length-24__theory_multiplier-1p0,ME-DOL-FO,0.008,100,False,True,,,,,,,960,960,7680,0.009591474197804928,"{""epoch_length"": 24, ""theory_multiplier"": 1.0}"
ME-DOL-FO__epoch_length-24__theory_multiplier-1p0,ME-DOL-FO,0.008,101,False,True,,,,,,,960,960,7680,0.010071741417050362,"{""epoch_length"": 24, ""theory_multiplier"": 1.0}"
ME-DOL-FO__epoch_length-24__theory_multiplier-1p0,ME-DOL-FO,0.008,102,False,True,,,,,,,960,960,7680,0.00979824922978878,"{""epoch_length"": 24, ""theory_multiplier"": 1.0}"
ME-DOL-FO__epoch_length-24__theory_multiplier-1p0,ME-DOL-FO,0.0075,100,False,True,,,,,,,960,960,7680,0.009591474197804928,"{""epoch_length"": 24, ""theory_multiplier"": 1.0}"
ME-DOL-FO__epoch_length-24__theory_multiplier-1p0,ME-DOL-FO,0.0075,101,False,True,,,,,,,960,960,7680,0.010071741417050362,"{""epoch_length"": 24, ""theory_multiplier"": 1.0}"
ME-DOL-FO__epoch_length-24__theory_multiplier-1p0,ME-DOL-FO,0.0075,102,False,True,,,,,,,960,960,7680,0.00979824922978878,"{""epoch_length"": 24, ""theory_multiplier"": 1.0}"
ME-DOL-FO__epoch_length-24__theory_multiplier-3p0,ME-DOL-FO,0.011,100,True,False,24,24,192,24,0.9656230956315994,0.010009104385972023,960,960,7680,0.008938704617321491,"{""epoch_length"": 24, ""theory_multiplier"": 3.0}"
ME-DOL-FO__epoch_length-24__theory_multiplier-3p0,ME-DOL-FO,0.011,101,True,False,24,24,192,24,0.8855529427528381,0.010529416613280773,960,960,7680,0.009406722150743008,"{""epoch_length"": 24, ""theory_multiplier"": 3.0}"
ME-DOL-FO__epoch_length-24__theory_multiplier-3p0,ME-DOL-FO,0.011,102,True,False,24,24,192,24,0.8714996427297592,0.010254139080643654,960,960,7680,0.009125612676143646,"{""epoch_length"": 24, ""theory_multiplier"": 3.0}"
ME-DOL-FO__epoch_length-24__theory_multiplier-3p0,ME-DOL-FO,0.01,100,True,False,72,72,576,72,2.3357320576906204,0.009947417303919792,960,960,7680,0.008938704617321491,"{""epoch_length"": 24, ""theory_multiplier"": 3.0}"
ME-DOL-FO__epoch_length-24__theory_multiplier-3p0,ME-DOL-FO,0.01,101,True,False,456,456,3648,456,12.225192785263062,0.009916679002344608,960,960,7680,0.009406722150743008,"{""epoch_length"": 24, ""theory_multiplier"": 3.0}"
ME-DOL-FO__epoch_length-24__theory_multiplier-3p0,ME-DOL-FO,0.01,102,True,False,264,264,2112,264,7.34078224003315,0.009982438758015633,960,960,7680,0.009125612676143646,"{""epoch_length"": 24, ""theory_multiplier"": 3.0}"
ME-DOL-FO__epoch_length-24__theory_multiplier-3p0,ME-DOL-FO,0.009,100,True,False,888,888,7104,888,24.75048679113388,0.00898637343198061,960,960,7680,0.008938704617321491,"{""epoch_length"": 24, ""theory_multiplier"": 3.0}"
ME-DOL-FO__epoch_length-24__theory_multiplier-3p0,ME-DOL-FO,0.009,101,False,True,,,,,,,960,960,7680,0.009406722150743008,"{""epoch_length"": 24, ""theory_multiplier"": 3.0}"
ME-DOL-FO__epoch_length-24__theory_multiplier-3p0,ME-DOL-FO,0.009,102,False,True,,,,,,,960,960,7680,0.009125612676143646,"{""epoch_length"": 24, ""theory_multiplier"": 3.0}"
ME-DOL-FO__epoch_length-24__theory_multiplier-3p0,ME-DOL-FO,0.008,100,False,True,,,,,,,960,960,7680,0.008938704617321491,"{""epoch_length"": 24, ""theory_multiplier"": 3.0}"
ME-DOL-FO__epoch_length-24__theory_multiplier-3p0,ME-DOL-FO,0.008,101,False,True,,,,,,,960,960,7680,0.009406722150743008,"{""epoch_length"": 24, ""theory_multiplier"": 3.0}"
ME-DOL-FO__epoch_length-24__theory_multiplier-3p0,ME-DOL-FO,0.008,102,False,True,,,,,,,960,960,7680,0.009125612676143646,"{""epoch_length"": 24, ""theory_multiplier"": 3.0}"
ME-DOL-FO__epoch_length-24__theory_multiplier-3p0,ME-DOL-FO,0.0075,100,False,True,,,,,,,960,960,7680,0.008938704617321491,"{""epoch_length"": 24, ""theory_multiplier"": 3.0}"
ME-DOL-FO__epoch_length-24__theory_multiplier-3p0,ME-DOL-FO,0.0075,101,False,True,,,,,,,960,960,7680,0.009406722150743008,"{""epoch_length"": 24, ""theory_multiplier"": 3.0}"
ME-DOL-FO__epoch_length-24__theory_multiplier-3p0,ME-DOL-FO,0.0075,102,False,True,,,,,,,960,960,7680,0.009125612676143646,"{""epoch_length"": 24, ""theory_multiplier"": 3.0}"
ME-DOL-FO__epoch_length-24__theory_multiplier-10p0,ME-DOL-FO,0.011,100,True,False,24,24,192,24,0.9439398646354675,0.00997836422175169,960,960,7680,0.008130782283842564,"{""epoch_length"": 24, ""theory_multiplier"": 10.0}"
ME-DOL-FO__epoch_length-24__theory_multiplier-10p0,ME-DOL-FO,0.011,101,True,False,24,24,192,24,0.8526395559310913,0.010561338625848293,960,960,7680,0.008498854003846645,"{""epoch_length"": 24, ""theory_multiplier"": 10.0}"
ME-DOL-FO__epoch_length-24__theory_multiplier-10p0,ME-DOL-FO,0.011,102,True,False,24,24,192,24,0.8959923982620239,0.010239142924547195,960,960,7680,0.008303302340209484,"{""epoch_length"": 24, ""theory_multiplier"": 10.0}"
ME-DOL-FO__epoch_length-24__theory_multiplier-10p0,ME-DOL-FO,0.01,100,True,False,24,24,192,24,0.9439398646354675,0.00997836422175169,960,960,7680,0.008130782283842564,"{""epoch_length"": 24, ""theory_multiplier"": 10.0}"
ME-DOL-FO__epoch_length-24__theory_multiplier-10p0,ME-DOL-FO,0.01,101,True,False,264,264,2112,264,7.154369845986366,0.009835982695221901,960,960,7680,0.008498854003846645,"{""epoch_length"": 24, ""theory_multiplier"": 10.0}"
ME-DOL-FO__epoch_length-24__theory_multiplier-10p0,ME-DOL-FO,0.01,102,True,False,168,168,1344,168,4.9470407366752625,0.00981560256332159,960,960,7680,0.008303302340209484,"{""epoch_length"": 24, ""theory_multiplier"": 10.0}"
ME-DOL-FO__epoch_length-24__theory_multiplier-10p0,ME-DOL-FO,0.009,100,True,False,600,600,4800,600,17.77640262246132,0.008893230929970741,960,960,7680,0.008130782283842564,"{""epoch_length"": 24, ""theory_multiplier"": 10.0}"
ME-DOL-FO__epoch_length-24__theory_multiplier-10p0,ME-DOL-FO,0.009,101,True,False,600,600,4800,600,16.826461508870125,0.00894155539572239,960,960,7680,0.008498854003846645,"{""epoch_length"": 24, ""theory_multiplier"": 10.0}"
ME-DOL-FO__epoch_length-24__theory_multiplier-10p0,ME-DOL-FO,0.009,102,True,False,504,504,4032,504,14.208342134952545,0.008831890299916267,960,960,7680,0.008303302340209484,"{""epoch_length"": 24, ""theory_multiplier"": 10.0}"
ME-DOL-FO__epoch_length-24__theory_multiplier-10p0,ME-DOL-FO,0.008,100,False,True,,,,,,,960,960,7680,0.008130782283842564,"{""epoch_length"": 24, ""theory_multiplier"": 10.0}"
ME-DOL-FO__epoch_length-24__theory_multiplier-10p0,ME-DOL-FO,0.008,101,False,True,,,,,,,960,960,7680,0.008498854003846645,"{""epoch_length"": 24, ""theory_multiplier"": 10.0}"
ME-DOL-FO__epoch_length-24__theory_multiplier-10p0,ME-DOL-FO,0.008,102,False,True,,,,,,,960,960,7680,0.008303302340209484,"{""epoch_length"": 24, ""theory_multiplier"": 10.0}"
ME-DOL-FO__epoch_length-24__theory_multiplier-10p0,ME-DOL-FO,0.0075,100,False,True,,,,,,,960,960,7680,0.008130782283842564,"{""epoch_length"": 24, ""theory_multiplier"": 10.0}"
ME-DOL-FO__epoch_length-24__theory_multiplier-10p0,ME-DOL-FO,0.0075,101,False,True,,,,,,,960,960,7680,0.008498854003846645,"{""epoch_length"": 24, ""theory_multiplier"": 10.0}"
ME-DOL-FO__epoch_length-24__theory_multiplier-10p0,ME-DOL-FO,0.0075,102,False,True,,,,,,,960,960,7680,0.008303302340209484,"{""epoch_length"": 24, ""theory_multiplier"": 10.0}"
