method,base_method,iteration,round,block_id,worker_count,eval_point,delta,target_delta,smoothing_delta,M,lr_or_eta,block_oracle_norm,time_sec,training_time,communication_time,evaluation_time,formal_seed,problem_seed,partition_seed,method_seed,oracle_type,work,total_work,per_worker_work_max,per_worker_work,eval_work,communication_round,depth,objective,stat_proxy,evaluation_delta,stage,source_partial
NOG-FO,NOG-opt,24,24,12,8,y_bar,0.1,0.1,0.1,2,1.0,0.3415583372116089,0.7775427307933569,0.7775427307933569,0.6447462644428015,0.6131360344588757,620,100620,200620,288791310,sfo,208,208,26,"[26, 26, 26, 26, 26, 26, 26, 26]",131072,26,26,-0.08547476679086685,0.24558964371681213,0.1,formal,formal/partials/NOG-FO__m8__seed620__cfg3b041462a1df.json
NOG-FO,NOG-opt,48,48,24,8,y_bar,0.1,0.1,0.1,2,1.0,0.3146742284297943,1.070247219875455,1.070247219875455,0.8809580355882645,1.2244945093989372,620,100620,200620,288791310,sfo,400,400,50,"[50, 50, 50, 50, 50, 50, 50, 50]",262144,50,50,-0.1786981076002121,0.24080103635787964,0.1,formal,formal/partials/NOG-FO__m8__seed620__cfg3b041462a1df.json
NOG-FO,NOG-opt,72,72,36,8,y_bar,0.1,0.1,0.1,2,1.0,0.34350690245628357,1.4372284431010485,1.4372284431010485,1.103482723236084,1.7546719294041395,620,100620,200620,288791310,sfo,592,592,74,"[74, 74, 74, 74, 74, 74, 74, 74]",393216,74,74,-0.27253812551498413,0.2324880212545395,0.1,formal,formal/partials/NOG-FO__m8__seed620__cfg3b041462a1df.json
NOG-FO,NOG-opt,96,96,48,8,y_bar,0.1,0.1,0.1,2,1.0,0.31017524003982544,1.815392417833209,1.815392417833209,1.4168076198548079,2.3053451143205166,620,100620,200620,288791310,sfo,784,784,98,"[98, 98, 98, 98, 98, 98, 98, 98]",524288,98,98,-0.3591783344745636,0.2213570475578308,0.1,formal,formal/partials/NOG-FO__m8__seed620__cfg3b041462a1df.json
NOG-FO,NOG-opt,120,120,60,8,y_bar,0.1,0.1,0.1,2,1.0,0.3196443021297455,2.236430963501334,2.236430963501334,1.68979112803936,2.831451954320073,620,100620,200620,288791310,sfo,976,976,122,"[122, 122, 122, 122, 122, 122, 122, 122]",655360,122,122,-0.44061478972435,0.20749245584011078,0.1,formal,formal/partials/NOG-FO__m8__seed620__cfg3b041462a1df.json
NOG-FO,NOG-opt,144,144,72,8,y_bar,0.1,0.1,0.1,2,1.0,0.2969385087490082,2.7054873388260603,2.7054873388260603,2.078950647264719,3.3327688109129667,620,100620,200620,288791310,sfo,1168,1168,146,"[146, 146, 146, 146, 146, 146, 146, 146]",786432,146,146,-0.5166071653366089,0.19093765318393707,0.1,formal,formal/partials/NOG-FO__m8__seed620__cfg3b041462a1df.json
NOG-FO,NOG-opt,168,168,84,8,y_bar,0.1,0.1,0.1,2,1.0,0.25017404556274414,3.2153172437101603,3.2153172437101603,2.4359789602458477,3.801362279802561,620,100620,200620,288791310,sfo,1360,1360,170,"[170, 170, 170, 170, 170, 170, 170, 170]",917504,170,170,-0.5855234265327454,0.1722438931465149,0.1,formal,formal/partials/NOG-FO__m8__seed620__cfg3b041462a1df.json
NOG-FO,NOG-opt,192,192,96,8,y_bar,0.1,0.1,0.1,2,1.0,0.2622772753238678,3.7364730462431908,3.7364730462431908,2.8180696181952953,4.268917599692941,620,100620,200620,288791310,sfo,1552,1552,194,"[194, 194, 194, 194, 194, 194, 194, 194]",1048576,194,194,-0.6435160636901855,0.1528278887271881,0.1,formal,formal/partials/NOG-FO__m8__seed620__cfg3b041462a1df.json
NOG-FO,NOG-opt,216,216,108,8,y_bar,0.1,0.1,0.1,2,1.0,0.23057003319263458,4.251842595636845,4.251842595636845,3.270209204405546,4.769237119704485,620,100620,200620,288791310,sfo,1744,1744,218,"[218, 218, 218, 218, 218, 218, 218, 218]",1179648,218,218,-0.6910784840583801,0.13342855870723724,0.1,formal,formal/partials/NOG-FO__m8__seed620__cfg3b041462a1df.json
NOG-FO,NOG-opt,240,240,120,8,y_bar,0.1,0.1,0.1,2,1.0,0.21279065310955048,4.856520852074027,4.856520852074027,3.7233766466379166,5.093133540824056,620,100620,200620,288791310,sfo,1936,1936,242,"[242, 242, 242, 242, 242, 242, 242, 242]",1310720,242,242,-0.7304003834724426,0.11410887539386749,0.1,formal,formal/partials/NOG-FO__m8__seed620__cfg3b041462a1df.json
NOG-FO,NOG-opt,264,264,132,8,y_bar,0.1,0.1,0.1,2,1.0,0.18249717354774475,5.451612940058112,5.451612940058112,4.24720404855907,5.4515600968152285,620,100620,200620,288791310,sfo,2128,2128,266,"[266, 266, 266, 266, 266, 266, 266, 266]",1441792,266,266,-0.7605451941490173,0.09600622951984406,0.1,formal,formal/partials/NOG-FO__m8__seed620__cfg3b041462a1df.json
NOG-FO,NOG-opt,288,288,144,8,y_bar,0.1,0.1,0.1,2,1.0,0.1508118361234665,6.097847152501345,6.097847152501345,4.81685646623373,5.77559076435864,620,100620,200620,288791310,sfo,2320,2320,290,"[290, 290, 290, 290, 290, 290, 290, 290]",1572864,290,290,-0.7834981083869934,0.07908624410629272,0.1,formal,formal/partials/NOG-FO__m8__seed620__cfg3b041462a1df.json
NOG-FO,NOG-opt,312,312,156,8,y_bar,0.1,0.1,0.1,2,1.0,0.18059523403644562,6.63260930031538,6.63260930031538,5.200995719060302,6.150501923635602,620,100620,200620,288791310,sfo,2512,2512,314,"[314, 314, 314, 314, 314, 314, 314, 314]",1703936,314,314,-0.7972140312194824,0.06683249771595001,0.1,formal,formal/partials/NOG-FO__m8__seed620__cfg3b041462a1df.json
NOG-FO,NOG-opt,336,336,168,8,y_bar,0.1,0.1,0.1,2,1.0,0.16337747871875763,7.239598149433732,7.239598149433732,5.521951537579298,6.525205962359905,620,100620,200620,288791310,sfo,2704,2704,338,"[338, 338, 338, 338, 338, 338, 338, 338]",1835008,338,338,-0.807415783405304,0.05594012886285782,0.1,formal,formal/partials/NOG-FO__m8__seed620__cfg3b041462a1df.json
NOG-FO,NOG-opt,360,360,180,8,y_bar,0.1,0.1,0.1,2,1.0,0.15199211239814758,7.836062593385577,7.836062593385577,5.911522030830383,6.946431206539273,620,100620,200620,288791310,sfo,2896,2896,362,"[362, 362, 362, 362, 362, 362, 362, 362]",1966080,362,362,-0.8165376782417297,0.0439666211605072,0.1,formal,formal/partials/NOG-FO__m8__seed620__cfg3b041462a1df.json
NOG-FO,NOG-opt,384,384,192,8,y_bar,0.1,0.1,0.1,2,1.0,0.1027112528681755,8.270381635054946,8.270381635054946,6.27063238248229,7.330519398674369,620,100620,200620,288791310,sfo,3088,3088,386,"[386, 386, 386, 386, 386, 386, 386, 386]",2097152,386,386,-0.8199999928474426,0.038510244339704514,0.1,formal,formal/partials/NOG-FO__m8__seed620__cfg3b041462a1df.json
NOG-FO,NOG-opt,408,408,204,8,y_bar,0.1,0.1,0.1,2,1.0,0.12259530276060104,8.798763139173388,8.798763139173388,6.6607921328395605,7.918907644227147,620,100620,200620,288791310,sfo,3280,3280,410,"[410, 410, 410, 410, 410, 410, 410, 410]",2228224,410,410,-0.8256098628044128,0.027655942365527153,0.1,formal,formal/partials/NOG-FO__m8__seed620__cfg3b041462a1df.json
NOG-FO,NOG-opt,432,432,216,8,y_bar,0.1,0.1,0.1,2,1.0,0.13061879575252533,9.168371215462685,9.168371215462685,6.899063568562269,8.65587891638279,620,100620,200620,288791310,sfo,3472,3472,434,"[434, 434, 434, 434, 434, 434, 434, 434]",2359296,434,434,-0.827942430973053,0.0218210369348526,0.1,formal,formal/partials/NOG-FO__m8__seed620__cfg3b041462a1df.json
NOG-FO,NOG-opt,456,456,228,8,y_bar,0.1,0.1,0.1,2,1.0,0.14190974831581116,9.379010455682874,9.379010455682874,6.991499984636903,9.377059014514089,620,100620,200620,288791310,sfo,3664,3664,458,"[458, 458, 458, 458, 458, 458, 458, 458]",2490368,458,458,-0.829264760017395,0.01743774488568306,0.1,formal,formal/partials/NOG-FO__m8__seed620__cfg3b041462a1df.json
NOG-FO,NOG-opt,480,480,240,8,y_bar,0.1,0.1,0.1,2,1.0,0.11716291308403015,9.53902443870902,9.53902443870902,7.096998777240515,10.068959470838308,620,100620,200620,288791310,sfo,3856,3856,482,"[482, 482, 482, 482, 482, 482, 482, 482]",2621440,482,482,-0.8304864168167114,0.012861596420407295,0.1,formal,formal/partials/NOG-FO__m8__seed620__cfg3b041462a1df.json
NOG-FO,NOG-opt,504,504,252,8,y_bar,0.1,0.1,0.1,2,1.0,0.13898977637290955,9.701618432998657,9.701618432998657,7.197613952681422,10.751226138323545,620,100620,200620,288791310,sfo,4048,4048,506,"[506, 506, 506, 506, 506, 506, 506, 506]",2752512,506,506,-0.8306649923324585,0.01150258257985115,0.1,formal,formal/partials/NOG-FO__m8__seed620__cfg3b041462a1df.json
NOG-FO,NOG-opt,528,528,264,8,y_bar,0.1,0.1,0.1,2,1.0,0.14623844623565674,9.85500130429864,9.85500130429864,7.289268292486668,11.53742733411491,620,100620,200620,288791310,sfo,4240,4240,530,"[530, 530, 530, 530, 530, 530, 530, 530]",2883584,530,530,-0.8310575485229492,0.010052253492176533,0.1,formal,formal/partials/NOG-FO__m8__seed620__cfg3b041462a1df.json
NOG-FO,NOG-opt,552,552,276,8,y_bar,0.1,0.1,0.1,2,1.0,0.14561687409877777,10.143770482391119,10.143770482391119,7.5126611441373825,12.160106617957354,620,100620,200620,288791310,sfo,4432,4432,554,"[554, 554, 554, 554, 554, 554, 554, 554]",3014656,554,554,-0.831003725528717,0.010540843941271305,0.1,formal,formal/partials/NOG-FO__m8__seed620__cfg3b041462a1df.json
NOG-FO,NOG-opt,576,576,288,8,y_bar,0.1,0.1,0.1,2,1.0,0.10578064620494843,10.491423370316625,10.491423370316625,7.781182350590825,12.732871606945992,620,100620,200620,288791310,sfo,4624,4624,578,"[578, 578, 578, 578, 578, 578, 578, 578]",3145728,578,578,-0.8306707143783569,0.012332212179899216,0.1,formal,formal/partials/NOG-FO__m8__seed620__cfg3b041462a1df.json
NOG-FO,NOG-opt,600,600,300,8,y_bar,0.1,0.1,0.1,2,1.0,0.16784830391407013,10.921101700514555,10.921101700514555,8.139285616576672,13.259308386594057,620,100620,200620,288791310,sfo,4816,4816,602,"[602, 602, 602, 602, 602, 602, 602, 602]",3276800,602,602,-0.8307586312294006,0.012085892260074615,0.1,formal,formal/partials/NOG-FO__m8__seed620__cfg3b041462a1df.json
NOG-FO,NOG-opt,624,624,312,8,y_bar,0.1,0.1,0.1,2,1.0,0.14412744343280792,11.476893451064825,11.476893451064825,8.6248865313828,13.672224558889866,620,100620,200620,288791310,sfo,5008,5008,626,"[626, 626, 626, 626, 626, 626, 626, 626]",3407872,626,626,-0.8308896422386169,0.011066876351833344,0.1,formal,formal/partials/NOG-FO__m8__seed620__cfg3b041462a1df.json
NOG-FO,NOG-opt,648,648,324,8,y_bar,0.1,0.1,0.1,2,1.0,0.15782852470874786,11.94911160506308,11.94911160506308,8.925757402554154,14.111739749088883,620,100620,200620,288791310,sfo,5200,5200,650,"[650, 650, 650, 650, 650, 650, 650, 650]",3538944,650,650,-0.8310409784317017,0.010142393410205841,0.1,formal,formal/partials/NOG-FO__m8__seed620__cfg3b041462a1df.json
NOG-FO,NOG-opt,672,672,336,8,y_bar,0.1,0.1,0.1,2,1.0,0.1509961038827896,12.417593695223331,12.417593695223331,9.26274435594678,14.587761398404837,620,100620,200620,288791310,sfo,5392,5392,674,"[674, 674, 674, 674, 674, 674, 674, 674]",3670016,674,674,-0.8311384916305542,0.01006823219358921,0.1,formal,formal/partials/NOG-FO__m8__seed620__cfg3b041462a1df.json
NOG-FO,NOG-opt,696,696,348,8,y_bar,0.1,0.1,0.1,2,1.0,0.12529070675373077,12.836940228939056,12.836940228939056,9.489569650962949,15.048302507027984,620,100620,200620,288791310,sfo,5584,5584,698,"[698, 698, 698, 698, 698, 698, 698, 698]",3801088,698,698,-0.8312825560569763,0.009311297908425331,0.1,formal,formal/partials/NOG-FO__m8__seed620__cfg3b041462a1df.json
NOG-FO,NOG-opt,720,720,360,8,y_bar,0.1,0.1,0.1,2,1.0,0.14511807262897491,13.275115486234426,13.275115486234426,9.862256405875087,15.447583680972457,620,100620,200620,288791310,sfo,5776,5776,722,"[722, 722, 722, 722, 722, 722, 722, 722]",3932160,722,722,-0.8311994671821594,0.009831023402512074,0.1,formal,formal/partials/NOG-FO__m8__seed620__cfg3b041462a1df.json
NOG-FO,NOG-opt,744,744,372,8,y_bar,0.1,0.1,0.1,2,1.0,0.1325620710849762,13.740738987922668,13.740738987922668,10.251758871600032,15.816698184236884,620,100620,200620,288791310,sfo,5968,5968,746,"[746, 746, 746, 746, 746, 746, 746, 746]",4063232,746,746,-0.8314090371131897,0.008913226425647736,0.1,formal,formal/partials/NOG-FO__m8__seed620__cfg3b041462a1df.json
NOG-FO,NOG-opt,768,768,384,8,y_bar,0.1,0.1,0.1,2,1.0,0.1389671266078949,14.175575466826558,14.175575466826558,10.607057455927134,16.206535516306758,620,100620,200620,288791310,sfo,6160,6160,770,"[770, 770, 770, 770, 770, 770, 770, 770]",4194304,770,770,-0.8312466144561768,0.009453792124986649,0.1,formal,formal/partials/NOG-FO__m8__seed620__cfg3b041462a1df.json
NOG-FO,NOG-opt,792,792,396,8,y_bar,0.1,0.1,0.1,2,1.0,0.11417122185230255,14.6754131000489,14.6754131000489,10.906813157722354,16.530604561790824,620,100620,200620,288791310,sfo,6352,6352,794,"[794, 794, 794, 794, 794, 794, 794, 794]",4325376,794,794,-0.831221342086792,0.009721298702061176,0.1,formal,formal/partials/NOG-FO__m8__seed620__cfg3b041462a1df.json
NOG-FO,NOG-opt,816,816,408,8,y_bar,0.1,0.1,0.1,2,1.0,0.12668021023273468,15.255322994664311,15.255322994664311,11.265189969912171,16.934911608695984,620,100620,200620,288791310,sfo,6544,6544,818,"[818, 818, 818, 818, 818, 818, 818, 818]",4456448,818,818,-0.8311226963996887,0.010070511139929295,0.1,formal,formal/partials/NOG-FO__m8__seed620__cfg3b041462a1df.json
NOG-FO,NOG-opt,840,840,420,8,y_bar,0.1,0.1,0.1,2,1.0,0.15629132091999054,15.840744581073523,15.840744581073523,11.638598993420601,17.318766536191106,620,100620,200620,288791310,sfo,6736,6736,842,"[842, 842, 842, 842, 842, 842, 842, 842]",4587520,842,842,-0.8313546180725098,0.009697171859443188,0.1,formal,formal/partials/NOG-FO__m8__seed620__cfg3b041462a1df.json
NOG-FO,NOG-opt,864,864,432,8,y_bar,0.1,0.1,0.1,2,1.0,0.09603261947631836,16.430715825408697,16.430715825408697,12.091344226151705,17.636344596743584,620,100620,200620,288791310,sfo,6928,6928,866,"[866, 866, 866, 866, 866, 866, 866, 866]",4718592,866,866,-0.831323504447937,0.010495631024241447,0.1,formal,formal/partials/NOG-FO__m8__seed620__cfg3b041462a1df.json
NOG-FO,NOG-opt,888,888,444,8,y_bar,0.1,0.1,0.1,2,1.0,0.10871854424476624,17.088325822725892,17.088325822725892,12.600446242839098,18.234835010021925,620,100620,200620,288791310,sfo,7120,7120,890,"[890, 890, 890, 890, 890, 890, 890, 890]",4849664,890,890,-0.8313537240028381,0.010151183232665062,0.1,formal,formal/partials/NOG-FO__m8__seed620__cfg3b041462a1df.json
NOG-FO,NOG-opt,912,912,456,8,y_bar,0.1,0.1,0.1,2,1.0,0.13777576386928558,17.714548964053392,17.714548964053392,13.081915188580751,18.618282344192266,620,100620,200620,288791310,sfo,7312,7312,914,"[914, 914, 914, 914, 914, 914, 914, 914]",4980736,914,914,-0.8313361406326294,0.00999816320836544,0.1,formal,formal/partials/NOG-FO__m8__seed620__cfg3b041462a1df.json
NOG-FO,NOG-opt,936,936,468,8,y_bar,0.1,0.1,0.1,2,1.0,0.10885528475046158,18.306231755763292,18.306231755763292,13.463776903226972,19.308955496177077,620,100620,200620,288791310,sfo,7504,7504,938,"[938, 938, 938, 938, 938, 938, 938, 938]",5111808,938,938,-0.8313206434249878,0.009686359204351902,0.1,formal,formal/partials/NOG-FO__m8__seed620__cfg3b041462a1df.json
NOG-FO,NOG-opt,960,960,480,8,y_bar,0.1,0.1,0.1,2,1.0,0.1296663135290146,18.991470938548446,18.991470938548446,13.858988570049405,21.425731755793095,620,100620,200620,288791310,sfo,7696,7696,962,"[962, 962, 962, 962, 962, 962, 962, 962]",5242880,962,962,-0.8312863111495972,0.009362982586026192,0.1,formal,formal/partials/NOG-FO__m8__seed620__cfg3b041462a1df.json
NOG-FO,NOG-opt,24,24,12,8,y_bar,0.1,0.1,0.1,2,1.0,0.328139990568161,0.381950156763196,0.381950156763196,0.31037376821041107,0.4443773366510868,621,100621,200621,687788602,sfo,208,208,26,"[26, 26, 26, 26, 26, 26, 26, 26]",131072,26,26,-0.09142640233039856,0.24443063139915466,0.1,formal,formal/partials/NOG-FO__m8__seed621__cfgc89eb2635c96.json
NOG-FO,NOG-opt,48,48,24,8,y_bar,0.1,0.1,0.1,2,1.0,0.35047170519828796,0.5322442706674337,0.5322442706674337,0.4081130400300026,0.7733208201825619,621,100621,200621,687788602,sfo,400,400,50,"[50, 50, 50, 50, 50, 50, 50, 50]",262144,50,50,-0.18432630598545074,0.23954135179519653,0.1,formal,formal/partials/NOG-FO__m8__seed621__cfgc89eb2635c96.json
NOG-FO,NOG-opt,72,72,36,8,y_bar,0.1,0.1,0.1,2,1.0,0.3298397362232208,0.6683511417359114,0.6683511417359114,0.48912254348397255,1.8038019463419914,621,100621,200621,687788602,sfo,592,592,74,"[74, 74, 74, 74, 74, 74, 74, 74]",393216,74,74,-0.2760651409626007,0.23131759464740753,0.1,formal,formal/partials/NOG-FO__m8__seed621__cfgc89eb2635c96.json
NOG-FO,NOG-opt,96,96,48,8,y_bar,0.1,0.1,0.1,2,1.0,0.29784563183784485,0.9914257992058992,0.9914257992058992,0.6532319448888302,2.4691270012408495,621,100621,200621,687788602,sfo,784,784,98,"[98, 98, 98, 98, 98, 98, 98, 98]",524288,98,98,-0.36320382356643677,0.22008845210075378,0.1,formal,formal/partials/NOG-FO__m8__seed621__cfgc89eb2635c96.json
NOG-FO,NOG-opt,120,120,60,8,y_bar,0.1,0.1,0.1,2,1.0,0.2844700217247009,1.226443873718381,1.226443873718381,0.8242928795516491,3.060149885714054,621,100621,200621,687788602,sfo,976,976,122,"[122, 122, 122, 122, 122, 122, 122, 122]",655360,122,122,-0.4441453814506531,0.20627759397029877,0.1,formal,formal/partials/NOG-FO__m8__seed621__cfgc89eb2635c96.json
NOG-FO,NOG-opt,144,144,72,8,y_bar,0.1,0.1,0.1,2,1.0,0.2785731554031372,1.4543802812695503,1.4543802812695503,0.9903091844171286,3.456953302025795,621,100621,200621,687788602,sfo,1168,1168,146,"[146, 146, 146, 146, 146, 146, 146, 146]",786432,146,146,-0.515290379524231,0.1908951997756958,0.1,formal,formal/partials/NOG-FO__m8__seed621__cfgc89eb2635c96.json
NOG-FO,NOG-opt,168,168,84,8,y_bar,0.1,0.1,0.1,2,1.0,0.24286559224128723,1.872584255412221,1.872584255412221,1.279709730297327,3.7836265806108713,621,100621,200621,687788602,sfo,1360,1360,170,"[170, 170, 170, 170, 170, 170, 170, 170]",917504,170,170,-0.5818239450454712,0.17312990128993988,0.1,formal,formal/partials/NOG-FO__m8__seed621__cfgc89eb2635c96.json
NOG-FO,NOG-opt,192,192,96,8,y_bar,0.1,0.1,0.1,2,1.0,0.230326846241951,2.387556182220578,2.387556182220578,1.6781532485038042,4.12368743121624,621,100621,200621,687788602,sfo,1552,1552,194,"[194, 194, 194, 194, 194, 194, 194, 194]",1048576,194,194,-0.6377758383750916,0.15499724447727203,0.1,formal,formal/partials/NOG-FO__m8__seed621__cfgc89eb2635c96.json
NOG-FO,NOG-opt,216,216,108,8,y_bar,0.1,0.1,0.1,2,1.0,0.2260085642337799,3.0231297966092825,3.0231297966092825,2.1014293041080236,4.456277513876557,621,100621,200621,687788602,sfo,1744,1744,218,"[218, 218, 218, 218, 218, 218, 218, 218]",1179648,218,218,-0.6875717043876648,0.13532599806785583,0.1,formal,formal/partials/NOG-FO__m8__seed621__cfgc89eb2635c96.json
NOG-FO,NOG-opt,240,240,120,8,y_bar,0.1,0.1,0.1,2,1.0,0.19553621113300323,3.5926165655255318,3.5926165655255318,2.553262632340193,4.847634445875883,621,100621,200621,687788602,sfo,1936,1936,242,"[242, 242, 242, 242, 242, 242, 242, 242]",1310720,242,242,-0.725223958492279,0.11732982844114304,0.1,formal,formal/partials/NOG-FO__m8__seed621__cfgc89eb2635c96.json
NOG-FO,NOG-opt,264,264,132,8,y_bar,0.1,0.1,0.1,2,1.0,0.1876482218503952,4.179184164851904,4.179184164851904,2.997947519645095,5.235018085688353,621,100621,200621,687788602,sfo,2128,2128,266,"[266, 266, 266, 266, 266, 266, 266, 266]",1441792,266,266,-0.7581493854522705,0.09841734170913696,0.1,formal,formal/partials/NOG-FO__m8__seed621__cfgc89eb2635c96.json
NOG-FO,NOG-opt,288,288,144,8,y_bar,0.1,0.1,0.1,2,1.0,0.11799023300409317,4.799039637669921,4.799039637669921,3.489460026845336,5.574148265644908,621,100621,200621,687788602,sfo,2320,2320,290,"[290, 290, 290, 290, 290, 290, 290, 290]",1572864,290,290,-0.7836561799049377,0.08038340508937836,0.1,formal,formal/partials/NOG-FO__m8__seed621__cfgc89eb2635c96.json
NOG-FO,NOG-opt,312,312,156,8,y_bar,0.1,0.1,0.1,2,1.0,0.18801747262477875,5.439577708020806,5.439577708020806,3.9891059082001448,5.904610514640808,621,100621,200621,687788602,sfo,2512,2512,314,"[314, 314, 314, 314, 314, 314, 314, 314]",1703936,314,314,-0.7967926263809204,0.0689660981297493,0.1,formal,formal/partials/NOG-FO__m8__seed621__cfgc89eb2635c96.json
NOG-FO,NOG-opt,336,336,168,8,y_bar,0.1,0.1,0.1,2,1.0,0.12434618920087814,6.097126118838787,6.097126118838787,4.362744642421603,6.2318719159811735,621,100621,200621,687788602,sfo,2704,2704,338,"[338, 338, 338, 338, 338, 338, 338, 338]",1835008,338,338,-0.8100274205207825,0.05518277734518051,0.1,formal,formal/partials/NOG-FO__m8__seed621__cfgc89eb2635c96.json
NOG-FO,NOG-opt,360,360,180,8,y_bar,0.1,0.1,0.1,2,1.0,0.15530812740325928,6.572715770453215,6.572715770453215,4.780611734837294,6.694325862452388,621,100621,200621,687788602,sfo,2896,2896,362,"[362, 362, 362, 362, 362, 362, 362, 362]",1966080,362,362,-0.8186702728271484,0.04422212019562721,0.1,formal,formal/partials/NOG-FO__m8__seed621__cfgc89eb2635c96.json
NOG-FO,NOG-opt,384,384,192,8,y_bar,0.1,0.1,0.1,2,1.0,0.10507450997829437,7.0939199440181255,7.0939199440181255,5.167535772547126,7.157946756109595,621,100621,200621,687788602,sfo,3088,3088,386,"[386, 386, 386, 386, 386, 386, 386, 386]",2097152,386,386,-0.823309063911438,0.036955222487449646,0.1,formal,formal/partials/NOG-FO__m8__seed621__cfgc89eb2635c96.json
NOG-FO,NOG-opt,408,408,204,8,y_bar,0.1,0.1,0.1,2,1.0,0.13181321322917938,7.539844578132033,7.539844578132033,5.482088319957256,7.618380457162857,621,100621,200621,687788602,sfo,3280,3280,410,"[410, 410, 410, 410, 410, 410, 410, 410]",2228224,410,410,-0.8267936110496521,0.030825521796941757,0.1,formal,formal/partials/NOG-FO__m8__seed621__cfgc89eb2635c96.json
NOG-FO,NOG-opt,432,432,216,8,y_bar,0.1,0.1,0.1,2,1.0,0.11372391134500504,8.047411924228072,8.047411924228072,5.930211601778865,8.099705489352345,621,100621,200621,687788602,sfo,3472,3472,434,"[434, 434, 434, 434, 434, 434, 434, 434]",2359296,434,434,-0.8289343118667603,0.02629278600215912,0.1,formal,formal/partials/NOG-FO__m8__seed621__cfgc89eb2635c96.json
NOG-FO,NOG-opt,456,456,228,8,y_bar,0.1,0.1,0.1,2,1.0,0.14361391961574554,8.475529208779335,8.475529208779335,6.2492194678634405,8.593732293695211,621,100621,200621,687788602,sfo,3664,3664,458,"[458, 458, 458, 458, 458, 458, 458, 458]",2490368,458,458,-0.8309186100959778,0.021426744759082794,0.1,formal,formal/partials/NOG-FO__m8__seed621__cfgc89eb2635c96.json
NOG-FO,NOG-opt,480,480,240,8,y_bar,0.1,0.1,0.1,2,1.0,0.1037449762225151,8.951242573559284,8.951242573559284,6.593791306018829,9.066004058346152,621,100621,200621,687788602,sfo,3856,3856,482,"[482, 482, 482, 482, 482, 482, 482, 482]",2621440,482,482,-0.8311429023742676,0.020440254360437393,0.1,formal,formal/partials/NOG-FO__m8__seed621__cfgc89eb2635c96.json
NOG-FO,NOG-opt,504,504,252,8,y_bar,0.1,0.1,0.1,2,1.0,0.14961062371730804,9.291030185297132,9.291030185297132,6.8745311461389065,9.652695642784238,621,100621,200621,687788602,sfo,4048,4048,506,"[506, 506, 506, 506, 506, 506, 506, 506]",2752512,506,506,-0.8314568400382996,0.018921727314591408,0.1,formal,formal/partials/NOG-FO__m8__seed621__cfgc89eb2635c96.json
NOG-FO,NOG-opt,528,528,264,8,y_bar,0.1,0.1,0.1,2,1.0,0.12047021090984344,9.678888577967882,9.678888577967882,7.205351214855909,10.135673847049475,621,100621,200621,687788602,sfo,4240,4240,530,"[530, 530, 530, 530, 530, 530, 530, 530]",2883584,530,530,-0.8315588235855103,0.01852859929203987,0.1,formal,formal/partials/NOG-FO__m8__seed621__cfgc89eb2635c96.json
NOG-FO,NOG-opt,552,552,276,8,y_bar,0.1,0.1,0.1,2,1.0,0.11543838679790497,10.102292273193598,10.102292273193598,7.507026581093669,10.56030193157494,621,100621,200621,687788602,sfo,4432,4432,554,"[554, 554, 554, 554, 554, 554, 554, 554]",3014656,554,554,-0.8326907753944397,0.014625254087150097,0.1,formal,formal/partials/NOG-FO__m8__seed621__cfgc89eb2635c96.json
NOG-FO,NOG-opt,576,576,288,8,y_bar,0.1,0.1,0.1,2,1.0,0.09636019170284271,10.476814366877079,10.476814366877079,7.7554483525455,10.991325575858355,621,100621,200621,687788602,sfo,4624,4624,578,"[578, 578, 578, 578, 578, 578, 578, 578]",3145728,578,578,-0.833013117313385,0.013378607109189034,0.1,formal,formal/partials/NOG-FO__m8__seed621__cfgc89eb2635c96.json
NOG-FO,NOG-opt,600,600,300,8,y_bar,0.1,0.1,0.1,2,1.0,0.13008083403110504,10.9253891967237,10.9253891967237,8.080469166859984,11.382542988285422,621,100621,200621,687788602,sfo,4816,4816,602,"[602, 602, 602, 602, 602, 602, 602, 602]",3276800,602,602,-0.8332751393318176,0.012371732853353024,0.1,formal,formal/partials/NOG-FO__m8__seed621__cfgc89eb2635c96.json
NOG-FO,NOG-opt,624,624,312,8,y_bar,0.1,0.1,0.1,2,1.0,0.1327584832906723,11.420621434226632,11.420621434226632,8.379408420994878,11.711849596351385,621,100621,200621,687788602,sfo,5008,5008,626,"[626, 626, 626, 626, 626, 626, 626, 626]",3407872,626,626,-0.8332417607307434,0.012155046686530113,0.1,formal,formal/partials/NOG-FO__m8__seed621__cfgc89eb2635c96.json
NOG-FO,NOG-opt,648,648,324,8,y_bar,0.1,0.1,0.1,2,1.0,0.16794031858444214,11.922652184963226,11.922652184963226,8.720852179452777,12.04152319766581,621,100621,200621,687788602,sfo,5200,5200,650,"[650, 650, 650, 650, 650, 650, 650, 650]",3538944,650,650,-0.8334375619888306,0.011186828836798668,0.1,formal,formal/partials/NOG-FO__m8__seed621__cfgc89eb2635c96.json
NOG-FO,NOG-opt,672,672,336,8,y_bar,0.1,0.1,0.1,2,1.0,0.14392724633216858,12.39647813886404,12.39647813886404,9.081192273646593,12.43601686321199,621,100621,200621,687788602,sfo,5392,5392,674,"[674, 674, 674, 674, 674, 674, 674, 674]",3670016,674,674,-0.8336316347122192,0.01005115732550621,0.1,formal,formal/partials/NOG-FO__m8__seed621__cfgc89eb2635c96.json
NOG-FO,NOG-opt,696,696,348,8,y_bar,0.1,0.1,0.1,2,1.0,0.12666276097297668,12.90710256062448,12.90710256062448,9.416801914572716,12.879025967791677,621,100621,200621,687788602,sfo,5584,5584,698,"[698, 698, 698, 698, 698, 698, 698, 698]",3801088,698,698,-0.8336852192878723,0.00976633932441473,0.1,formal,formal/partials/NOG-FO__m8__seed621__cfgc89eb2635c96.json
NOG-FO,NOG-opt,720,720,360,8,y_bar,0.1,0.1,0.1,2,1.0,0.12941522896289825,13.434878872707486,13.434878872707486,9.736239990219474,13.292977856472135,621,100621,200621,687788602,sfo,5776,5776,722,"[722, 722, 722, 722, 722, 722, 722, 722]",3932160,722,722,-0.8339093923568726,0.009033769369125366,0.1,formal,formal/partials/NOG-FO__m8__seed621__cfgc89eb2635c96.json
NOG-FO,NOG-opt,744,744,372,8,y_bar,0.1,0.1,0.1,2,1.0,0.13917578756809235,13.907491808757186,13.907491808757186,10.013657461851835,13.7308508772403,621,100621,200621,687788602,sfo,5968,5968,746,"[746, 746, 746, 746, 746, 746, 746, 746]",4063232,746,746,-0.8338241577148438,0.009023808874189854,0.1,formal,formal/partials/NOG-FO__m8__seed621__cfgc89eb2635c96.json
NOG-FO,NOG-opt,768,768,384,8,y_bar,0.1,0.1,0.1,2,1.0,0.11453744024038315,14.27596639841795,14.27596639841795,10.318261487409472,14.273726468905807,621,100621,200621,687788602,sfo,6160,6160,770,"[770, 770, 770, 770, 770, 770, 770, 770]",4194304,770,770,-0.8338767290115356,0.009031852707266808,0.1,formal,formal/partials/NOG-FO__m8__seed621__cfgc89eb2635c96.json
NOG-FO,NOG-opt,792,792,396,8,y_bar,0.1,0.1,0.1,2,1.0,0.16169169545173645,14.622602311894298,14.622602311894298,10.592687048017979,14.819035150110722,621,100621,200621,687788602,sfo,6352,6352,794,"[794, 794, 794, 794, 794, 794, 794, 794]",4325376,794,794,-0.8339588642120361,0.009072668850421906,0.1,formal,formal/partials/NOG-FO__m8__seed621__cfgc89eb2635c96.json
NOG-FO,NOG-opt,816,816,408,8,y_bar,0.1,0.1,0.1,2,1.0,0.0850120261311531,14.97673686593771,14.97673686593771,10.819034714251757,15.312474116683006,621,100621,200621,687788602,sfo,6544,6544,818,"[818, 818, 818, 818, 818, 818, 818, 818]",4456448,818,818,-0.833848237991333,0.009177320636808872,0.1,formal,formal/partials/NOG-FO__m8__seed621__cfgc89eb2635c96.json
NOG-FO,NOG-opt,840,840,420,8,y_bar,0.1,0.1,0.1,2,1.0,0.138355553150177,15.454884864389896,15.454884864389896,11.159415571019053,15.667475176975131,621,100621,200621,687788602,sfo,6736,6736,842,"[842, 842, 842, 842, 842, 842, 842, 842]",4587520,842,842,-0.8337914347648621,0.009328224696218967,0.1,formal,formal/partials/NOG-FO__m8__seed621__cfgc89eb2635c96.json
NOG-FO,NOG-opt,864,864,432,8,y_bar,0.1,0.1,0.1,2,1.0,0.13976508378982544,15.898918643593788,15.898918643593788,11.399756299331784,16.00846726819873,621,100621,200621,687788602,sfo,6928,6928,866,"[866, 866, 866, 866, 866, 866, 866, 866]",4718592,866,866,-0.8337541222572327,0.009321996010839939,0.1,formal,formal/partials/NOG-FO__m8__seed621__cfgc89eb2635c96.json
NOG-FO,NOG-opt,888,888,444,8,y_bar,0.1,0.1,0.1,2,1.0,0.14717303216457367,16.423468939960003,16.423468939960003,11.787107020616531,16.392567325383425,621,100621,200621,687788602,sfo,7120,7120,890,"[890, 890, 890, 890, 890, 890, 890, 890]",4849664,890,890,-0.8338595032691956,0.00891690980643034,0.1,formal,formal/partials/NOG-FO__m8__seed621__cfgc89eb2635c96.json
NOG-FO,NOG-opt,912,912,456,8,y_bar,0.1,0.1,0.1,2,1.0,0.15369856357574463,17.027520889416337,17.027520889416337,12.243912929669023,16.77592984214425,621,100621,200621,687788602,sfo,7312,7312,914,"[914, 914, 914, 914, 914, 914, 914, 914]",4980736,914,914,-0.8339272737503052,0.008748992346227169,0.1,formal,formal/partials/NOG-FO__m8__seed621__cfgc89eb2635c96.json
NOG-FO,NOG-opt,936,936,468,8,y_bar,0.1,0.1,0.1,2,1.0,0.1303601711988449,17.61438030190766,17.61438030190766,12.684772372245789,17.16670380346477,621,100621,200621,687788602,sfo,7504,7504,938,"[938, 938, 938, 938, 938, 938, 938, 938]",5111808,938,938,-0.833801805973053,0.009552347473800182,0.1,formal,formal/partials/NOG-FO__m8__seed621__cfgc89eb2635c96.json
NOG-FO,NOG-opt,960,960,480,8,y_bar,0.1,0.1,0.1,2,1.0,0.09300275146961212,18.142969749867916,18.142969749867916,13.148177359253168,17.535956161096692,621,100621,200621,687788602,sfo,7696,7696,962,"[962, 962, 962, 962, 962, 962, 962, 962]",5242880,962,962,-0.8336015939712524,0.010312973521649837,0.1,formal,formal/partials/NOG-FO__m8__seed621__cfgc89eb2635c96.json
NOG-FO,NOG-opt,24,24,12,8,y_bar,0.1,0.1,0.1,2,1.0,0.32736703753471375,0.7943821642547846,0.7943821642547846,0.5688911899924278,0.7169796116650105,622,100622,200622,1514473310,sfo,208,208,26,"[26, 26, 26, 26, 26, 26, 26, 26]",131072,26,26,-0.08994844555854797,0.24906377494335175,0.1,formal,formal/partials/NOG-FO__m8__seed622__cfgc90333538ea5.json
NOG-FO,NOG-opt,48,48,24,8,y_bar,0.1,0.1,0.1,2,1.0,0.38128533959388733,0.9434436596930027,0.9434436596930027,0.6566407382488251,1.0493213571608067,622,100622,200622,1514473310,sfo,400,400,50,"[50, 50, 50, 50, 50, 50, 50, 50]",262144,50,50,-0.17933475971221924,0.24441388249397278,0.1,formal,formal/partials/NOG-FO__m8__seed622__cfgc90333538ea5.json
NOG-FO,NOG-opt,72,72,36,8,y_bar,0.1,0.1,0.1,2,1.0,0.29540932178497314,1.433715969324112,1.433715969324112,1.0706304777413607,2.8369955997914076,622,100622,200622,1514473310,sfo,592,592,74,"[74, 74, 74, 74, 74, 74, 74, 74]",393216,74,74,-0.27041131258010864,0.23640656471252441,0.1,formal,formal/partials/NOG-FO__m8__seed622__cfgc90333538ea5.json
NOG-FO,NOG-opt,96,96,48,8,y_bar,0.1,0.1,0.1,2,1.0,0.2960948944091797,2.22908422537148,2.22908422537148,1.5708218161016703,4.406553087756038,622,100622,200622,1514473310,sfo,784,784,98,"[98, 98, 98, 98, 98, 98, 98, 98]",524288,98,98,-0.3605427145957947,0.22494202852249146,0.1,formal,formal/partials/NOG-FO__m8__seed622__cfgc90333538ea5.json
NOG-FO,NOG-opt,120,120,60,8,y_bar,0.1,0.1,0.1,2,1.0,0.32011571526527405,2.4004385359585285,2.4004385359585285,1.6866148244589567,4.733855186030269,622,100622,200622,1514473310,sfo,976,976,122,"[122, 122, 122, 122, 122, 122, 122, 122]",655360,122,122,-0.44575929641723633,0.21041062474250793,0.1,formal,formal/partials/NOG-FO__m8__seed622__cfgc90333538ea5.json
NOG-FO,NOG-opt,144,144,72,8,y_bar,0.1,0.1,0.1,2,1.0,0.27573370933532715,4.060284499078989,4.060284499078989,3.272905118763447,5.084637429565191,622,100622,200622,1514473310,sfo,1168,1168,146,"[146, 146, 146, 146, 146, 146, 146, 146]",786432,146,146,-0.5206760168075562,0.19406422972679138,0.1,formal,formal/partials/NOG-FO__m8__seed622__cfgc90333538ea5.json
NOG-FO,NOG-opt,168,168,84,8,y_bar,0.1,0.1,0.1,2,1.0,0.2740117311477661,4.196704778820276,4.196704778820276,3.3366474993526936,5.457549441605806,622,100622,200622,1514473310,sfo,1360,1360,170,"[170, 170, 170, 170, 170, 170, 170, 170]",917504,170,170,-0.5894342660903931,0.17534014582633972,0.1,formal,formal/partials/NOG-FO__m8__seed622__cfgc90333538ea5.json
NOG-FO,NOG-opt,192,192,96,8,y_bar,0.1,0.1,0.1,2,1.0,0.23100750148296356,5.6008961368352175,5.6008961368352175,4.531133256852627,6.229888675734401,622,100622,200622,1514473310,sfo,1552,1552,194,"[194, 194, 194, 194, 194, 194, 194, 194]",1048576,194,194,-0.645755410194397,0.15667107701301575,0.1,formal,formal/partials/NOG-FO__m8__seed622__cfgc90333538ea5.json
NOG-FO,NOG-opt,216,216,108,8,y_bar,0.1,0.1,0.1,2,1.0,0.22366194427013397,6.427203144878149,6.427203144878149,5.289988012984395,6.772862723097205,622,100622,200622,1514473310,sfo,1744,1744,218,"[218, 218, 218, 218, 218, 218, 218, 218]",1179648,218,218,-0.6972203850746155,0.13583452999591827,0.1,formal,formal/partials/NOG-FO__m8__seed622__cfgc90333538ea5.json
NOG-FO,NOG-opt,240,240,120,8,y_bar,0.1,0.1,0.1,2,1.0,0.19309675693511963,6.650773096829653,6.650773096829653,5.445500992238522,7.426556089892983,622,100622,200622,1514473310,sfo,1936,1936,242,"[242, 242, 242, 242, 242, 242, 242, 242]",1310720,242,242,-0.7379904389381409,0.11553065478801727,0.1,formal,formal/partials/NOG-FO__m8__seed622__cfgc90333538ea5.json
NOG-FO,NOG-opt,264,264,132,8,y_bar,0.1,0.1,0.1,2,1.0,0.14812709391117096,6.818260300904512,6.818260300904512,5.560748752206564,8.102267606183887,622,100622,200622,1514473310,sfo,2128,2128,266,"[266, 266, 266, 266, 266, 266, 266, 266]",1441792,266,266,-0.7691643238067627,0.09668715298175812,0.1,formal,formal/partials/NOG-FO__m8__seed622__cfgc90333538ea5.json
NOG-FO,NOG-opt,288,288,144,8,y_bar,0.1,0.1,0.1,2,1.0,0.16440986096858978,7.1155622359365225,7.1155622359365225,5.693917382508516,8.677861660718918,622,100622,200622,1514473310,sfo,2320,2320,290,"[290, 290, 290, 290, 290, 290, 290, 290]",1572864,290,290,-0.7927104830741882,0.07902498543262482,0.1,formal,formal/partials/NOG-FO__m8__seed622__cfgc90333538ea5.json
NOG-FO,NOG-opt,312,312,156,8,y_bar,0.1,0.1,0.1,2,1.0,0.16277717053890228,7.513549203053117,7.513549203053117,6.021565994247794,9.185200115665793,622,100622,200622,1514473310,sfo,2512,2512,314,"[314, 314, 314, 314, 314, 314, 314, 314]",1703936,314,314,-0.8086321353912354,0.06414499133825302,0.1,formal,formal/partials/NOG-FO__m8__seed622__cfgc90333538ea5.json
NOG-FO,NOG-opt,336,336,168,8,y_bar,0.1,0.1,0.1,2,1.0,0.10415515303611755,7.804438207298517,7.804438207298517,6.221308119595051,9.817846227437258,622,100622,200622,1514473310,sfo,2704,2704,338,"[338, 338, 338, 338, 338, 338, 338, 338]",1835008,338,338,-0.8188527822494507,0.05240606516599655,0.1,formal,formal/partials/NOG-FO__m8__seed622__cfgc90333538ea5.json
NOG-FO,NOG-opt,360,360,180,8,y_bar,0.1,0.1,0.1,2,1.0,0.12689191102981567,8.160215873271227,8.160215873271227,6.385860528796911,10.351480960845947,622,100622,200622,1514473310,sfo,2896,2896,362,"[362, 362, 362, 362, 362, 362, 362, 362]",1966080,362,362,-0.8263700008392334,0.04183202609419823,0.1,formal,formal/partials/NOG-FO__m8__seed622__cfgc90333538ea5.json
NOG-FO,NOG-opt,384,384,192,8,y_bar,0.1,0.1,0.1,2,1.0,0.13240225613117218,8.52391017600894,8.52391017600894,6.620486306026578,10.89945798739791,622,100622,200622,1514473310,sfo,3088,3088,386,"[386, 386, 386, 386, 386, 386, 386, 386]",2097152,386,386,-0.8293197154998779,0.03690113127231598,0.1,formal,formal/partials/NOG-FO__m8__seed622__cfgc90333538ea5.json
NOG-FO,NOG-opt,408,408,204,8,y_bar,0.1,0.1,0.1,2,1.0,0.08270816504955292,8.870881147682667,8.870881147682667,6.903751382604241,11.439521146938205,622,100622,200622,1514473310,sfo,3280,3280,410,"[410, 410, 410, 410, 410, 410, 410, 410]",2228224,410,410,-0.8325215578079224,0.030757961794734,0.1,formal,formal/partials/NOG-FO__m8__seed622__cfgc90333538ea5.json
NOG-FO,NOG-opt,432,432,216,8,y_bar,0.1,0.1,0.1,2,1.0,0.1067073717713356,9.221322912722826,9.221322912722826,7.184153910726309,11.968164689838886,622,100622,200622,1514473310,sfo,3472,3472,434,"[434, 434, 434, 434, 434, 434, 434, 434]",2359296,434,434,-0.8353642225265503,0.024440836161375046,0.1,formal,formal/partials/NOG-FO__m8__seed622__cfgc90333538ea5.json
NOG-FO,NOG-opt,456,456,228,8,y_bar,0.1,0.1,0.1,2,1.0,0.12539787590503693,9.50271219201386,9.50271219201386,7.412387080490589,12.557496011257172,622,100622,200622,1514473310,sfo,3664,3664,458,"[458, 458, 458, 458, 458, 458, 458, 458]",2490368,458,458,-0.8370848298072815,0.019570212811231613,0.1,formal,formal/partials/NOG-FO__m8__seed622__cfgc90333538ea5.json
NOG-FO,NOG-opt,480,480,240,8,y_bar,0.1,0.1,0.1,2,1.0,0.10813215374946594,9.898327745497227,9.898327745497227,7.705006901174784,13.095000052824616,622,100622,200622,1514473310,sfo,3856,3856,482,"[482, 482, 482, 482, 482, 482, 482, 482]",2621440,482,482,-0.838032603263855,0.015733752399683,0.1,formal,formal/partials/NOG-FO__m8__seed622__cfgc90333538ea5.json
NOG-FO,NOG-opt,504,504,252,8,y_bar,0.1,0.1,0.1,2,1.0,0.11478188633918762,10.323603162541986,10.323603162541986,7.933811895549297,13.566936099901795,622,100622,200622,1514473310,sfo,4048,4048,506,"[506, 506, 506, 506, 506, 506, 506, 506]",2752512,506,506,-0.8385613560676575,0.013039863668382168,0.1,formal,formal/partials/NOG-FO__m8__seed622__cfgc90333538ea5.json
NOG-FO,NOG-opt,528,528,264,8,y_bar,0.1,0.1,0.1,2,1.0,0.1309087872505188,10.747173460200429,10.747173460200429,8.237401166930795,14.075206819921732,622,100622,200622,1514473310,sfo,4240,4240,530,"[530, 530, 530, 530, 530, 530, 530, 530]",2883584,530,530,-0.8388235569000244,0.011410243809223175,0.1,formal,formal/partials/NOG-FO__m8__seed622__cfgc90333538ea5.json
NOG-FO,NOG-opt,552,552,276,8,y_bar,0.1,0.1,0.1,2,1.0,0.09867395460605621,11.141597611829638,11.141597611829638,8.568536827340722,14.595127569511533,622,100622,200622,1514473310,sfo,4432,4432,554,"[554, 554, 554, 554, 554, 554, 554, 554]",3014656,554,554,-0.8387806415557861,0.011045016348361969,0.1,formal,formal/partials/NOG-FO__m8__seed622__cfgc90333538ea5.json
NOG-FO,NOG-opt,576,576,288,8,y_bar,0.1,0.1,0.1,2,1.0,0.11088172346353531,11.515477135777473,11.515477135777473,8.886801697313786,15.12275854870677,622,100622,200622,1514473310,sfo,4624,4624,578,"[578, 578, 578, 578, 578, 578, 578, 578]",3145728,578,578,-0.8388879895210266,0.010439940728247166,0.1,formal,formal/partials/NOG-FO__m8__seed622__cfgc90333538ea5.json
NOG-FO,NOG-opt,600,600,300,8,y_bar,0.1,0.1,0.1,2,1.0,0.12526027858257294,11.87792057543993,11.87792057543993,9.108413653448224,15.650075189769268,622,100622,200622,1514473310,sfo,4816,4816,602,"[602, 602, 602, 602, 602, 602, 602, 602]",3276800,602,602,-0.8391274213790894,0.01002234686166048,0.1,formal,formal/partials/NOG-FO__m8__seed622__cfgc90333538ea5.json
NOG-FO,NOG-opt,624,624,312,8,y_bar,0.1,0.1,0.1,2,1.0,0.1067795678973198,12.328838238492608,12.328838238492608,9.42058746702969,16.114507030695677,622,100622,200622,1514473310,sfo,5008,5008,626,"[626, 626, 626, 626, 626, 626, 626, 626]",3407872,626,626,-0.8390198945999146,0.010251439176499844,0.1,formal,formal/partials/NOG-FO__m8__seed622__cfgc90333538ea5.json
NOG-FO,NOG-opt,648,648,324,8,y_bar,0.1,0.1,0.1,2,1.0,0.14616847038269043,12.772473372519016,12.772473372519016,9.681365445256233,16.56800937280059,622,100622,200622,1514473310,sfo,5200,5200,650,"[650, 650, 650, 650, 650, 650, 650, 650]",3538944,650,650,-0.8390945196151733,0.009533775970339775,0.1,formal,formal/partials/NOG-FO__m8__seed622__cfgc90333538ea5.json
NOG-FO,NOG-opt,672,672,336,8,y_bar,0.1,0.1,0.1,2,1.0,0.1363607496023178,13.212484080344439,13.212484080344439,9.98621347732842,17.048210989683867,622,100622,200622,1514473310,sfo,5392,5392,674,"[674, 674, 674, 674, 674, 674, 674, 674]",3670016,674,674,-0.838983416557312,0.010074159130454063,0.1,formal,formal/partials/NOG-FO__m8__seed622__cfgc90333538ea5.json
NOG-FO,NOG-opt,696,696,348,8,y_bar,0.1,0.1,0.1,2,1.0,0.13178390264511108,13.613998986780643,13.613998986780643,10.279224410653114,17.574908640235662,622,100622,200622,1514473310,sfo,5584,5584,698,"[698, 698, 698, 698, 698, 698, 698, 698]",3801088,698,698,-0.8390892744064331,0.009495171718299389,0.1,formal,formal/partials/NOG-FO__m8__seed622__cfgc90333538ea5.json
NOG-FO,NOG-opt,720,720,360,8,y_bar,0.1,0.1,0.1,2,1.0,0.11383064091205597,14.054730203002691,14.054730203002691,10.52471835538745,18.02299985103309,622,100622,200622,1514473310,sfo,5776,5776,722,"[722, 722, 722, 722, 722, 722, 722, 722]",3932160,722,722,-0.8391720652580261,0.009890948422253132,0.1,formal,formal/partials/NOG-FO__m8__seed622__cfgc90333538ea5.json
NOG-FO,NOG-opt,744,744,372,8,y_bar,0.1,0.1,0.1,2,1.0,0.08562195301055908,14.489103315398097,14.489103315398097,10.77901529893279,18.482148233801126,622,100622,200622,1514473310,sfo,5968,5968,746,"[746, 746, 746, 746, 746, 746, 746, 746]",4063232,746,746,-0.8391009569168091,0.009895260445773602,0.1,formal,formal/partials/NOG-FO__m8__seed622__cfgc90333538ea5.json
NOG-FO,NOG-opt,768,768,384,8,y_bar,0.1,0.1,0.1,2,1.0,0.12894384562969208,14.844531558454037,14.844531558454037,11.074689416214824,19.00886773876846,622,100622,200622,1514473310,sfo,6160,6160,770,"[770, 770, 770, 770, 770, 770, 770, 770]",4194304,770,770,-0.839313268661499,0.008980450220406055,0.1,formal,formal/partials/NOG-FO__m8__seed622__cfgc90333538ea5.json
NOG-FO,NOG-opt,792,792,396,8,y_bar,0.1,0.1,0.1,2,1.0,0.1668463498353958,15.112369166687131,15.112369166687131,11.28033646196127,19.53182984702289,622,100622,200622,1514473310,sfo,6352,6352,794,"[794, 794, 794, 794, 794, 794, 794, 794]",4325376,794,794,-0.8392495512962341,0.00956001691520214,0.1,formal,formal/partials/NOG-FO__m8__seed622__cfgc90333538ea5.json
NOG-FO,NOG-opt,816,816,408,8,y_bar,0.1,0.1,0.1,2,1.0,0.16419099271297455,15.398940464481711,15.398940464481711,11.41454860381782,20.132170805707574,622,100622,200622,1514473310,sfo,6544,6544,818,"[818, 818, 818, 818, 818, 818, 818, 818]",4456448,818,818,-0.8392539024353027,0.0097583569586277,0.1,formal,formal/partials/NOG-FO__m8__seed622__cfgc90333538ea5.json
NOG-FO,NOG-opt,840,840,420,8,y_bar,0.1,0.1,0.1,2,1.0,0.11969587951898575,15.681707844138145,15.681707844138145,11.608179515227675,20.650577494874597,622,100622,200622,1514473310,sfo,6736,6736,842,"[842, 842, 842, 842, 842, 842, 842, 842]",4587520,842,842,-0.8393702507019043,0.009593660943210125,0.1,formal,formal/partials/NOG-FO__m8__seed622__cfgc90333538ea5.json
NOG-FO,NOG-opt,864,864,432,8,y_bar,0.1,0.1,0.1,2,1.0,0.11469200253486633,15.877345971763134,15.877345971763134,11.749863231554627,21.204502204433084,622,100622,200622,1514473310,sfo,6928,6928,866,"[866, 866, 866, 866, 866, 866, 866, 866]",4718592,866,866,-0.8393579721450806,0.009369741193950176,0.1,formal,formal/partials/NOG-FO__m8__seed622__cfgc90333538ea5.json
NOG-FO,NOG-opt,888,888,444,8,y_bar,0.1,0.1,0.1,2,1.0,0.12388868629932404,16.11478033848107,16.11478033848107,11.931284913793206,21.719990845769644,622,100622,200622,1514473310,sfo,7120,7120,890,"[890, 890, 890, 890, 890, 890, 890, 890]",4849664,890,890,-0.8393837809562683,0.009745603427290916,0.1,formal,formal/partials/NOG-FO__m8__seed622__cfgc90333538ea5.json
NOG-FO,NOG-opt,912,912,456,8,y_bar,0.1,0.1,0.1,2,1.0,0.18931782245635986,16.463822858408093,16.463822858408093,12.18266556225717,22.13035543449223,622,100622,200622,1514473310,sfo,7312,7312,914,"[914, 914, 914, 914, 914, 914, 914, 914]",4980736,914,914,-0.8391655683517456,0.01070945430546999,0.1,formal,formal/partials/NOG-FO__m8__seed622__cfgc90333538ea5.json
NOG-FO,NOG-opt,936,936,468,8,y_bar,0.1,0.1,0.1,2,1.0,0.1701967865228653,16.787302749231458,16.787302749231458,12.45164100639522,22.605717327445745,622,100622,200622,1514473310,sfo,7504,7504,938,"[938, 938, 938, 938, 938, 938, 938, 938]",5111808,938,938,-0.8394391536712646,0.009544320404529572,0.1,formal,formal/partials/NOG-FO__m8__seed622__cfgc90333538ea5.json
NOG-FO,NOG-opt,960,960,480,8,y_bar,0.1,0.1,0.1,2,1.0,0.15563826262950897,17.08605095371604,17.08605095371604,12.688876055181026,23.10847580805421,622,100622,200622,1514473310,sfo,7696,7696,962,"[962, 962, 962, 962, 962, 962, 962, 962]",5242880,962,962,-0.8396598696708679,0.008953351527452469,0.1,formal,formal/partials/NOG-FO__m8__seed622__cfgc90333538ea5.json
NOG-FO,NOG-opt,24,24,12,8,y_bar,0.1,0.1,0.1,2,1.0,0.3334735035896301,0.32010567747056484,0.32010567747056484,0.1962957512587309,0.4360452424734831,623,100623,200623,2109322256,sfo,208,208,26,"[26, 26, 26, 26, 26, 26, 26, 26]",131072,26,26,-0.09153003245592117,0.24791806936264038,0.1,formal,formal/partials/NOG-FO__m8__seed623__cfgcbb14fce624b.json
NOG-FO,NOG-opt,48,48,24,8,y_bar,0.1,0.1,0.1,2,1.0,0.3289770185947418,0.724379500374198,0.724379500374198,0.535935839638114,0.8902644999325275,623,100623,200623,2109322256,sfo,400,400,50,"[50, 50, 50, 50, 50, 50, 50, 50]",262144,50,50,-0.1795550137758255,0.24340017139911652,0.1,formal,formal/partials/NOG-FO__m8__seed623__cfgcbb14fce624b.json
NOG-FO,NOG-opt,72,72,36,8,y_bar,0.1,0.1,0.1,2,1.0,0.34138017892837524,1.0824124589562416,1.0824124589562416,0.7741490956395864,1.397207334637642,623,100623,200623,2109322256,sfo,592,592,74,"[74, 74, 74, 74, 74, 74, 74, 74]",393216,74,74,-0.26835793256759644,0.23572921752929688,0.1,formal,formal/partials/NOG-FO__m8__seed623__cfgcbb14fce624b.json
NOG-FO,NOG-opt,96,96,48,8,y_bar,0.1,0.1,0.1,2,1.0,0.3212418556213379,1.463519936427474,1.463519936427474,1.0304486341774464,1.8388823233544827,623,100623,200623,2109322256,sfo,784,784,98,"[98, 98, 98, 98, 98, 98, 98, 98]",524288,98,98,-0.35626864433288574,0.22478637099266052,0.1,formal,formal/partials/NOG-FO__m8__seed623__cfgcbb14fce624b.json
NOG-FO,NOG-opt,120,120,60,8,y_bar,0.1,0.1,0.1,2,1.0,0.294766902923584,1.9177844543009996,1.9177844543009996,1.3704376704990864,2.3066478073596954,623,100623,200623,2109322256,sfo,976,976,122,"[122, 122, 122, 122, 122, 122, 122, 122]",655360,122,122,-0.4385301470756531,0.2110224962234497,0.1,formal,formal/partials/NOG-FO__m8__seed623__cfgcbb14fce624b.json
NOG-FO,NOG-opt,144,144,72,8,y_bar,0.1,0.1,0.1,2,1.0,0.2517883777618408,2.3327106796205044,2.3327106796205044,1.6567543596029282,2.744691751897335,623,100623,200623,2109322256,sfo,1168,1168,146,"[146, 146, 146, 146, 146, 146, 146, 146]",786432,146,146,-0.5129456520080566,0.19531135261058807,0.1,formal,formal/partials/NOG-FO__m8__seed623__cfgcbb14fce624b.json
NOG-FO,NOG-opt,168,168,84,8,y_bar,0.1,0.1,0.1,2,1.0,0.26323777437210083,2.7784050833433867,2.7784050833433867,2.0126414727419615,3.188173320144415,623,100623,200623,2109322256,sfo,1360,1360,170,"[170, 170, 170, 170, 170, 170, 170, 170]",917504,170,170,-0.5847600698471069,0.17634184658527374,0.1,formal,formal/partials/NOG-FO__m8__seed623__cfgcbb14fce624b.json
NOG-FO,NOG-opt,192,192,96,8,y_bar,0.1,0.1,0.1,2,1.0,0.2684851288795471,3.238401249051094,3.238401249051094,2.331014022231102,3.6399236656725407,623,100623,200623,2109322256,sfo,1552,1552,194,"[194, 194, 194, 194, 194, 194, 194, 194]",1048576,194,194,-0.6437060236930847,0.15704196691513062,0.1,formal,formal/partials/NOG-FO__m8__seed623__cfgcbb14fce624b.json
NOG-FO,NOG-opt,216,216,108,8,y_bar,0.1,0.1,0.1,2,1.0,0.2117815911769867,3.6628930922597647,3.6628930922597647,2.6926931645721197,4.096233684569597,623,100623,200623,2109322256,sfo,1744,1744,218,"[218, 218, 218, 218, 218, 218, 218, 218]",1179648,218,218,-0.6956415176391602,0.1363755166530609,0.1,formal,formal/partials/NOG-FO__m8__seed623__cfgcbb14fce624b.json
NOG-FO,NOG-opt,240,240,120,8,y_bar,0.1,0.1,0.1,2,1.0,0.19594602286815643,4.091181306168437,4.091181306168437,3.0509732477366924,4.571183791384101,623,100623,200623,2109322256,sfo,1936,1936,242,"[242, 242, 242, 242, 242, 242, 242, 242]",1310720,242,242,-0.7356745004653931,0.11692030727863312,0.1,formal,formal/partials/NOG-FO__m8__seed623__cfgcbb14fce624b.json
NOG-FO,NOG-opt,264,264,132,8,y_bar,0.1,0.1,0.1,2,1.0,0.1505817025899887,4.433166291564703,4.433166291564703,3.3318378627300262,5.064793551340699,623,100623,200623,2109322256,sfo,2128,2128,266,"[266, 266, 266, 266, 266, 266, 266, 266]",1441792,266,266,-0.7675753831863403,0.09792182594537735,0.1,formal,formal/partials/NOG-FO__m8__seed623__cfgcbb14fce624b.json
NOG-FO,NOG-opt,288,288,144,8,y_bar,0.1,0.1,0.1,2,1.0,0.19320783019065857,4.920668689534068,4.920668689534068,3.6963338274508715,5.524624019861221,623,100623,200623,2109322256,sfo,2320,2320,290,"[290, 290, 290, 290, 290, 290, 290, 290]",1572864,290,290,-0.7916988730430603,0.08035644888877869,0.1,formal,formal/partials/NOG-FO__m8__seed623__cfgcbb14fce624b.json
NOG-FO,NOG-opt,312,312,156,8,y_bar,0.1,0.1,0.1,2,1.0,0.16058483719825745,5.351037198677659,5.351037198677659,4.058558292686939,6.015773989260197,623,100623,200623,2109322256,sfo,2512,2512,314,"[314, 314, 314, 314, 314, 314, 314, 314]",1703936,314,314,-0.8086384534835815,0.06512439250946045,0.1,formal,formal/partials/NOG-FO__m8__seed623__cfgcbb14fce624b.json
NOG-FO,NOG-opt,336,336,168,8,y_bar,0.1,0.1,0.1,2,1.0,0.14722560346126556,5.762207135558128,5.762207135558128,4.402545768767595,6.51185960508883,623,100623,200623,2109322256,sfo,2704,2704,338,"[338, 338, 338, 338, 338, 338, 338, 338]",1835008,338,338,-0.8204460144042969,0.05172564089298248,0.1,formal,formal/partials/NOG-FO__m8__seed623__cfgcbb14fce624b.json
NOG-FO,NOG-opt,360,360,180,8,y_bar,0.1,0.1,0.1,2,1.0,0.10519363731145859,6.155712325125933,6.155712325125933,4.6024127043783665,7.044631147757173,623,100623,200623,2109322256,sfo,2896,2896,362,"[362, 362, 362, 362, 362, 362, 362, 362]",1966080,362,362,-0.8268019556999207,0.04322203993797302,0.1,formal,formal/partials/NOG-FO__m8__seed623__cfgcbb14fce624b.json
NOG-FO,NOG-opt,384,384,192,8,y_bar,0.1,0.1,0.1,2,1.0,0.1307925432920456,6.614125175401568,6.614125175401568,4.869355132803321,7.503648683428764,623,100623,200623,2109322256,sfo,3088,3088,386,"[386, 386, 386, 386, 386, 386, 386, 386]",2097152,386,386,-0.8320063352584839,0.03445516526699066,0.1,formal,formal/partials/NOG-FO__m8__seed623__cfgcbb14fce624b.json
NOG-FO,NOG-opt,408,408,204,8,y_bar,0.1,0.1,0.1,2,1.0,0.12159087508916855,7.049985010176897,7.049985010176897,5.227620182558894,7.951833346858621,623,100623,200623,2109322256,sfo,3280,3280,410,"[410, 410, 410, 410, 410, 410, 410, 410]",2228224,410,410,-0.834792971611023,0.028617633506655693,0.1,formal,formal/partials/NOG-FO__m8__seed623__cfgcbb14fce624b.json
NOG-FO,NOG-opt,432,432,216,8,y_bar,0.1,0.1,0.1,2,1.0,0.11483053117990494,7.4834991209208965,7.4834991209208965,5.5750670451670885,8.407378705218434,623,100623,200623,2109322256,sfo,3472,3472,434,"[434, 434, 434, 434, 434, 434, 434, 434]",2359296,434,434,-0.8367030024528503,0.02406792715191841,0.1,formal,formal/partials/NOG-FO__m8__seed623__cfgcbb14fce624b.json
NOG-FO,NOG-opt,456,456,228,8,y_bar,0.1,0.1,0.1,2,1.0,0.09653773903846741,7.821669025346637,7.821669025346637,5.773934314027429,8.973647087812424,623,100623,200623,2109322256,sfo,3664,3664,458,"[458, 458, 458, 458, 458, 458, 458, 458]",2490368,458,458,-0.8380772471427917,0.02017134614288807,0.1,formal,formal/partials/NOG-FO__m8__seed623__cfgcbb14fce624b.json
NOG-FO,NOG-opt,480,480,240,8,y_bar,0.1,0.1,0.1,2,1.0,0.17225433886051178,8.149099869653583,8.149099869653583,6.036126794293523,9.549418726935983,623,100623,200623,2109322256,sfo,3856,3856,482,"[482, 482, 482, 482, 482, 482, 482, 482]",2621440,482,482,-0.8392279148101807,0.015684081241488457,0.1,formal,formal/partials/NOG-FO__m8__seed623__cfgcbb14fce624b.json
NOG-FO,NOG-opt,504,504,252,8,y_bar,0.1,0.1,0.1,2,1.0,0.11888672411441803,8.451974166557193,8.451974166557193,6.184121135622263,10.183065885677934,623,100623,200623,2109322256,sfo,4048,4048,506,"[506, 506, 506, 506, 506, 506, 506, 506]",2752512,506,506,-0.839756190776825,0.013336849398911,0.1,formal,formal/partials/NOG-FO__m8__seed623__cfgcbb14fce624b.json
NOG-FO,NOG-opt,528,528,264,8,y_bar,0.1,0.1,0.1,2,1.0,0.09663673490285873,8.806153370067477,8.806153370067477,6.455070411786437,10.72370482236147,623,100623,200623,2109322256,sfo,4240,4240,530,"[530, 530, 530, 530, 530, 530, 530, 530]",2883584,530,530,-0.8399500250816345,0.012043435126543045,0.1,formal,formal/partials/NOG-FO__m8__seed623__cfgcbb14fce624b.json
NOG-FO,NOG-opt,552,552,276,8,y_bar,0.1,0.1,0.1,2,1.0,0.12401693314313889,9.159370683133602,9.159370683133602,6.656764447689056,11.290297282859683,623,100623,200623,2109322256,sfo,4432,4432,554,"[554, 554, 554, 554, 554, 554, 554, 554]",3014656,554,554,-0.8401354551315308,0.010974782519042492,0.1,formal,formal/partials/NOG-FO__m8__seed623__cfgcbb14fce624b.json
NOG-FO,NOG-opt,576,576,288,8,y_bar,0.1,0.1,0.1,2,1.0,0.10861549526453018,9.585066072642803,9.585066072642803,6.951263252645731,11.752219459041953,623,100623,200623,2109322256,sfo,4624,4624,578,"[578, 578, 578, 578, 578, 578, 578, 578]",3145728,578,578,-0.8402777910232544,0.010952494107186794,0.1,formal,formal/partials/NOG-FO__m8__seed623__cfgcbb14fce624b.json
NOG-FO,NOG-opt,600,600,300,8,y_bar,0.1,0.1,0.1,2,1.0,0.11646907031536102,9.945387605577707,9.945387605577707,7.1725297216326,12.264707146212459,623,100623,200623,2109322256,sfo,4816,4816,602,"[602, 602, 602, 602, 602, 602, 602, 602]",3276800,602,602,-0.8403891324996948,0.010537300258874893,0.1,formal,formal/partials/NOG-FO__m8__seed623__cfgcbb14fce624b.json
NOG-FO,NOG-opt,624,624,312,8,y_bar,0.1,0.1,0.1,2,1.0,0.10541706532239914,10.31721374206245,10.31721374206245,7.406665364280343,12.78338211402297,623,100623,200623,2109322256,sfo,5008,5008,626,"[626, 626, 626, 626, 626, 626, 626, 626]",3407872,626,626,-0.8404930233955383,0.010086826048791409,0.1,formal,formal/partials/NOG-FO__m8__seed623__cfgcbb14fce624b.json
NOG-FO,NOG-opt,648,648,324,8,y_bar,0.1,0.1,0.1,2,1.0,0.14205962419509888,10.680793512612581,10.680793512612581,7.701228925958276,13.238929638639092,623,100623,200623,2109322256,sfo,5200,5200,650,"[650, 650, 650, 650, 650, 650, 650, 650]",3538944,650,650,-0.8403696417808533,0.010413186624646187,0.1,formal,formal/partials/NOG-FO__m8__seed623__cfgcbb14fce624b.json
NOG-FO,NOG-opt,672,672,336,8,y_bar,0.1,0.1,0.1,2,1.0,0.09180914610624313,11.010370250791311,11.010370250791311,7.9193263333290815,13.662853108718991,623,100623,200623,2109322256,sfo,5392,5392,674,"[674, 674, 674, 674, 674, 674, 674, 674]",3670016,674,674,-0.8405351042747498,0.01004092674702406,0.1,formal,formal/partials/NOG-FO__m8__seed623__cfgcbb14fce624b.json
NOG-FO,NOG-opt,696,696,348,8,y_bar,0.1,0.1,0.1,2,1.0,0.10920049995183945,11.363362323492765,11.363362323492765,8.210063174366951,14.098319739103317,623,100623,200623,2109322256,sfo,5584,5584,698,"[698, 698, 698, 698, 698, 698, 698, 698]",3801088,698,698,-0.8404853940010071,0.009914403781294823,0.1,formal,formal/partials/NOG-FO__m8__seed623__cfgcbb14fce624b.json
NOG-FO,NOG-opt,720,720,360,8,y_bar,0.1,0.1,0.1,2,1.0,0.12667720019817352,11.681978985667229,11.681978985667229,8.46790868602693,14.595450999215245,623,100623,200623,2109322256,sfo,5776,5776,722,"[722, 722, 722, 722, 722, 722, 722, 722]",3932160,722,722,-0.8407008647918701,0.009441414847970009,0.1,formal,formal/partials/NOG-FO__m8__seed623__cfgcbb14fce624b.json
NOG-FO,NOG-opt,744,744,372,8,y_bar,0.1,0.1,0.1,2,1.0,0.11226684600114822,11.970728540793061,11.970728540793061,8.593441274017096,15.103982986882329,623,100623,200623,2109322256,sfo,5968,5968,746,"[746, 746, 746, 746, 746, 746, 746, 746]",4063232,746,746,-0.8409464359283447,0.00993300974369049,0.1,formal,formal/partials/NOG-FO__m8__seed623__cfgcbb14fce624b.json
NOG-FO,NOG-opt,768,768,384,8,y_bar,0.1,0.1,0.1,2,1.0,0.115484818816185,12.254179142415524,12.254179142415524,8.772093815729022,15.522234007716179,623,100623,200623,2109322256,sfo,6160,6160,770,"[770, 770, 770, 770, 770, 770, 770, 770]",4194304,770,770,-0.8410683274269104,0.009290418587625027,0.1,formal,formal/partials/NOG-FO__m8__seed623__cfgcbb14fce624b.json
NOG-FO,NOG-opt,792,792,396,8,y_bar,0.1,0.1,0.1,2,1.0,0.12658655643463135,12.637905333191156,12.637905333191156,8.915014650672674,16.32140948995948,623,100623,200623,2109322256,sfo,6352,6352,794,"[794, 794, 794, 794, 794, 794, 794, 794]",4325376,794,794,-0.8411520719528198,0.008935333229601383,0.1,formal,formal/partials/NOG-FO__m8__seed623__cfgcbb14fce624b.json
NOG-FO,NOG-opt,816,816,408,8,y_bar,0.1,0.1,0.1,2,1.0,0.10839275270700455,13.100151766091585,13.100151766091585,9.237547492608428,16.750849360600114,623,100623,200623,2109322256,sfo,6544,6544,818,"[818, 818, 818, 818, 818, 818, 818, 818]",4456448,818,818,-0.8409911394119263,0.009260708466172218,0.1,formal,formal/partials/NOG-FO__m8__seed623__cfgcbb14fce624b.json
NOG-FO,NOG-opt,840,840,420,8,y_bar,0.1,0.1,0.1,2,1.0,0.15427474677562714,13.566436534747481,13.566436534747481,9.579613287001848,17.56319115497172,623,100623,200623,2109322256,sfo,6736,6736,842,"[842, 842, 842, 842, 842, 842, 842, 842]",4587520,842,842,-0.8408085703849792,0.009347409009933472,0.1,formal,formal/partials/NOG-FO__m8__seed623__cfgcbb14fce624b.json
NOG-FO,NOG-opt,864,864,432,8,y_bar,0.1,0.1,0.1,2,1.0,0.11948105692863464,13.964098962023854,13.964098962023854,9.91767199523747,19.28687408566475,623,100623,200623,2109322256,sfo,6928,6928,866,"[866, 866, 866, 866, 866, 866, 866, 866]",4718592,866,866,-0.8409063220024109,0.009554600343108177,0.1,formal,formal/partials/NOG-FO__m8__seed623__cfgcbb14fce624b.json
NOG-FO,NOG-opt,888,888,444,8,y_bar,0.1,0.1,0.1,2,1.0,0.14055022597312927,14.290681391954422,14.290681391954422,10.182762371376157,19.631375066936016,623,100623,200623,2109322256,sfo,7120,7120,890,"[890, 890, 890, 890, 890, 890, 890, 890]",4849664,890,890,-0.8405190110206604,0.010254265740513802,0.1,formal,formal/partials/NOG-FO__m8__seed623__cfgcbb14fce624b.json
NOG-FO,NOG-opt,912,912,456,8,y_bar,0.1,0.1,0.1,2,1.0,0.11481283605098724,14.541809866204858,14.541809866204858,10.327523361891508,20.231275979429483,623,100623,200623,2109322256,sfo,7312,7312,914,"[914, 914, 914, 914, 914, 914, 914, 914]",4980736,914,914,-0.8405347466468811,0.00980744231492281,0.1,formal,formal/partials/NOG-FO__m8__seed623__cfgcbb14fce624b.json
NOG-FO,NOG-opt,936,936,468,8,y_bar,0.1,0.1,0.1,2,1.0,0.099302276968956,14.921379368752241,14.921379368752241,10.584984024986625,21.101231588050723,623,100623,200623,2109322256,sfo,7504,7504,938,"[938, 938, 938, 938, 938, 938, 938, 938]",5111808,938,938,-0.8403472304344177,0.011091610416769981,0.1,formal,formal/partials/NOG-FO__m8__seed623__cfgcbb14fce624b.json
NOG-FO,NOG-opt,960,960,480,8,y_bar,0.1,0.1,0.1,2,1.0,0.13969171047210693,15.326036747545004,15.326036747545004,10.92700713314116,21.902030570432544,623,100623,200623,2109322256,sfo,7696,7696,962,"[962, 962, 962, 962, 962, 962, 962, 962]",5242880,962,962,-0.8404183983802795,0.010626636445522308,0.1,formal,formal/partials/NOG-FO__m8__seed623__cfgcbb14fce624b.json
NOG-FO,NOG-opt,24,24,12,8,y_bar,0.1,0.1,0.1,2,1.0,0.3108363151550293,0.6884269528090954,0.6884269528090954,0.4695988707244396,1.4078040346503258,624,100624,200624,18321194,sfo,208,208,26,"[26, 26, 26, 26, 26, 26, 26, 26]",131072,26,26,-0.09268423169851303,0.24695198237895966,0.1,formal,formal/partials/NOG-FO__m8__seed624__cfg2178ffc339c5.json
NOG-FO,NOG-opt,48,48,24,8,y_bar,0.1,0.1,0.1,2,1.0,0.3813970983028412,1.2652601767331362,1.2652601767331362,0.9793737400323153,4.303995080292225,624,100624,200624,18321194,sfo,400,400,50,"[50, 50, 50, 50, 50, 50, 50, 50]",262144,50,50,-0.18582658469676971,0.24191968142986298,0.1,formal,formal/partials/NOG-FO__m8__seed624__cfg2178ffc339c5.json
NOG-FO,NOG-opt,72,72,36,8,y_bar,0.1,0.1,0.1,2,1.0,0.33855128288269043,1.8625018820166588,1.8625018820166588,1.2877106554806232,6.193497842177749,624,100624,200624,18321194,sfo,592,592,74,"[74, 74, 74, 74, 74, 74, 74, 74]",393216,74,74,-0.2772337794303894,0.23362252116203308,0.1,formal,formal/partials/NOG-FO__m8__seed624__cfg2178ffc339c5.json
NOG-FO,NOG-opt,96,96,48,8,y_bar,0.1,0.1,0.1,2,1.0,0.3035542368888855,3.0585059206932783,3.0585059206932783,2.094654094427824,8.017826721072197,624,100624,200624,18321194,sfo,784,784,98,"[98, 98, 98, 98, 98, 98, 98, 98]",524288,98,98,-0.3633628487586975,0.22240696847438812,0.1,formal,formal/partials/NOG-FO__m8__seed624__cfg2178ffc339c5.json
NOG-FO,NOG-opt,120,120,60,8,y_bar,0.1,0.1,0.1,2,1.0,0.3003232777118683,3.6684656906872988,3.6684656906872988,2.4885963648557663,9.454304616898298,624,100624,200624,18321194,sfo,976,976,122,"[122, 122, 122, 122, 122, 122, 122, 122]",655360,122,122,-0.4416637420654297,0.20894548296928406,0.1,formal,formal/partials/NOG-FO__m8__seed624__cfg2178ffc339c5.json
NOG-FO,NOG-opt,144,144,72,8,y_bar,0.1,0.1,0.1,2,1.0,0.26333603262901306,3.91453349404037,3.91453349404037,2.6769928988069296,9.792944453656673,624,100624,200624,18321194,sfo,1168,1168,146,"[146, 146, 146, 146, 146, 146, 146, 146]",786432,146,146,-0.5162544846534729,0.19272741675376892,0.1,formal,formal/partials/NOG-FO__m8__seed624__cfg2178ffc339c5.json
NOG-FO,NOG-opt,168,168,84,8,y_bar,0.1,0.1,0.1,2,1.0,0.2612287402153015,4.06224431283772,4.06224431283772,2.771010898053646,10.614211725071073,624,100624,200624,18321194,sfo,1360,1360,170,"[170, 170, 170, 170, 170, 170, 170, 170]",917504,170,170,-0.5809842944145203,0.17531870305538177,0.1,formal,formal/partials/NOG-FO__m8__seed624__cfg2178ffc339c5.json
NOG-FO,NOG-opt,192,192,96,8,y_bar,0.1,0.1,0.1,2,1.0,0.23675981163978577,4.675016092136502,4.675016092136502,3.246915439143777,12.313519917428493,624,100624,200624,18321194,sfo,1552,1552,194,"[194, 194, 194, 194, 194, 194, 194, 194]",1048576,194,194,-0.6375787258148193,0.1568557173013687,0.1,formal,formal/partials/NOG-FO__m8__seed624__cfg2178ffc339c5.json
NOG-FO,NOG-opt,216,216,108,8,y_bar,0.1,0.1,0.1,2,1.0,0.21250642836093903,5.756375454366207,5.756375454366207,4.18381448276341,12.648472329601645,624,100624,200624,18321194,sfo,1744,1744,218,"[218, 218, 218, 218, 218, 218, 218, 218]",1179648,218,218,-0.6873859167098999,0.13701987266540527,0.1,formal,formal/partials/NOG-FO__m8__seed624__cfg2178ffc339c5.json
NOG-FO,NOG-opt,240,240,120,8,y_bar,0.1,0.1,0.1,2,1.0,0.1805194616317749,5.912267729640007,5.912267729640007,4.2839330192655325,12.970245342701674,624,100624,200624,18321194,sfo,1936,1936,242,"[242, 242, 242, 242, 242, 242, 242, 242]",1310720,242,242,-0.7287765741348267,0.11693182587623596,0.1,formal,formal/partials/NOG-FO__m8__seed624__cfg2178ffc339c5.json
NOG-FO,NOG-opt,264,264,132,8,y_bar,0.1,0.1,0.1,2,1.0,0.17429500818252563,8.372014498338103,8.372014498338103,6.493596939370036,14.19605459459126,624,100624,200624,18321194,sfo,2128,2128,266,"[266, 266, 266, 266, 266, 266, 266, 266]",1441792,266,266,-0.7567641735076904,0.10069657862186432,0.1,formal,formal/partials/NOG-FO__m8__seed624__cfg2178ffc339c5.json
NOG-FO,NOG-opt,288,288,144,8,y_bar,0.1,0.1,0.1,2,1.0,0.16429603099822998,9.747554948553443,9.747554948553443,7.724114507436752,14.92304814606905,624,100624,200624,18321194,sfo,2320,2320,290,"[290, 290, 290, 290, 290, 290, 290, 290]",1572864,290,290,-0.7803292870521545,0.08438780158758163,0.1,formal,formal/partials/NOG-FO__m8__seed624__cfg2178ffc339c5.json
NOG-FO,NOG-opt,312,312,156,8,y_bar,0.1,0.1,0.1,2,1.0,0.15464472770690918,10.004026297479868,10.004026297479868,7.924975462257862,15.485476028174162,624,100624,200624,18321194,sfo,2512,2512,314,"[314, 314, 314, 314, 314, 314, 314, 314]",1703936,314,314,-0.7981747388839722,0.06914716958999634,0.1,formal,formal/partials/NOG-FO__m8__seed624__cfg2178ffc339c5.json
NOG-FO,NOG-opt,336,336,168,8,y_bar,0.1,0.1,0.1,2,1.0,0.14923354983329773,10.337100749835372,10.337100749835372,8.18725649267435,16.061037527397275,624,100624,200624,18321194,sfo,2704,2704,338,"[338, 338, 338, 338, 338, 338, 338, 338]",1835008,338,338,-0.810839831829071,0.05596219748258591,0.1,formal,formal/partials/NOG-FO__m8__seed624__cfg2178ffc339c5.json
NOG-FO,NOG-opt,360,360,180,8,y_bar,0.1,0.1,0.1,2,1.0,0.11902348697185516,10.675916358828545,10.675916358828545,8.397993115708232,16.644581923261285,624,100624,200624,18321194,sfo,2896,2896,362,"[362, 362, 362, 362, 362, 362, 362, 362]",1966080,362,362,-0.8189027309417725,0.045456837862730026,0.1,formal,formal/partials/NOG-FO__m8__seed624__cfg2178ffc339c5.json
NOG-FO,NOG-opt,384,384,192,8,y_bar,0.1,0.1,0.1,2,1.0,0.1337110996246338,11.064246440306306,11.064246440306306,8.659526780247688,17.163871044293046,624,100624,200624,18321194,sfo,3088,3088,386,"[386, 386, 386, 386, 386, 386, 386, 386]",2097152,386,386,-0.8241256475448608,0.03690223768353462,0.1,formal,formal/partials/NOG-FO__m8__seed624__cfg2178ffc339c5.json
NOG-FO,NOG-opt,408,408,204,8,y_bar,0.1,0.1,0.1,2,1.0,0.15768398344516754,11.453775398433208,11.453775398433208,8.99081233330071,17.702669713646173,624,100624,200624,18321194,sfo,3280,3280,410,"[410, 410, 410, 410, 410, 410, 410, 410]",2228224,410,410,-0.8276822566986084,0.03010593168437481,0.1,formal,formal/partials/NOG-FO__m8__seed624__cfg2178ffc339c5.json
NOG-FO,NOG-opt,432,432,216,8,y_bar,0.1,0.1,0.1,2,1.0,0.12061640620231628,11.991766409948468,11.991766409948468,9.336244106292725,18.08719632588327,624,100624,200624,18321194,sfo,3472,3472,434,"[434, 434, 434, 434, 434, 434, 434, 434]",2359296,434,434,-0.8301565647125244,0.024435406550765038,0.1,formal,formal/partials/NOG-FO__m8__seed624__cfg2178ffc339c5.json
NOG-FO,NOG-opt,456,456,228,8,y_bar,0.1,0.1,0.1,2,1.0,0.14360812306404114,12.498276468366385,12.498276468366385,9.710329657420516,18.5699060857296,624,100624,200624,18321194,sfo,3664,3664,458,"[458, 458, 458, 458, 458, 458, 458, 458]",2490368,458,458,-0.8318532705307007,0.01984304189682007,0.1,formal,formal/partials/NOG-FO__m8__seed624__cfg2178ffc339c5.json
NOG-FO,NOG-opt,480,480,240,8,y_bar,0.1,0.1,0.1,2,1.0,0.16847552359104156,13.00590149499476,13.00590149499476,10.093566160649061,19.049091149121523,624,100624,200624,18321194,sfo,3856,3856,482,"[482, 482, 482, 482, 482, 482, 482, 482]",2621440,482,482,-0.8328078985214233,0.01649240404367447,0.1,formal,formal/partials/NOG-FO__m8__seed624__cfg2178ffc339c5.json
NOG-FO,NOG-opt,504,504,252,8,y_bar,0.1,0.1,0.1,2,1.0,0.1297318935394287,13.512963300570846,13.512963300570846,10.463865472003818,19.499978840351105,624,100624,200624,18321194,sfo,4048,4048,506,"[506, 506, 506, 506, 506, 506, 506, 506]",2752512,506,506,-0.8329477310180664,0.016323868185281754,0.1,formal,formal/partials/NOG-FO__m8__seed624__cfg2178ffc339c5.json
NOG-FO,NOG-opt,528,528,264,8,y_bar,0.1,0.1,0.1,2,1.0,0.14469565451145172,13.967901039868593,13.967901039868593,10.703119851648808,19.96456729993224,624,100624,200624,18321194,sfo,4240,4240,530,"[530, 530, 530, 530, 530, 530, 530, 530]",2883584,530,530,-0.8330256938934326,0.015587075613439083,0.1,formal,formal/partials/NOG-FO__m8__seed624__cfg2178ffc339c5.json
NOG-FO,NOG-opt,552,552,276,8,y_bar,0.1,0.1,0.1,2,1.0,0.15084095299243927,14.379825055599213,14.379825055599213,11.060150081291795,20.500946586951613,624,100624,200624,18321194,sfo,4432,4432,554,"[554, 554, 554, 554, 554, 554, 554, 554]",3014656,554,554,-0.833908200263977,0.012238172814249992,0.1,formal,formal/partials/NOG-FO__m8__seed624__cfg2178ffc339c5.json
NOG-FO,NOG-opt,576,576,288,8,y_bar,0.1,0.1,0.1,2,1.0,0.1206064522266388,14.844002334401011,14.844002334401011,11.400351038202643,21.036335788667202,624,100624,200624,18321194,sfo,4624,4624,578,"[578, 578, 578, 578, 578, 578, 578, 578]",3145728,578,578,-0.8339962363243103,0.01197598036378622,0.1,formal,formal/partials/NOG-FO__m8__seed624__cfg2178ffc339c5.json
NOG-FO,NOG-opt,600,600,300,8,y_bar,0.1,0.1,0.1,2,1.0,0.13963305950164795,15.300481686368585,15.300481686368585,11.658763376995921,21.501124773174524,624,100624,200624,18321194,sfo,4816,4816,602,"[602, 602, 602, 602, 602, 602, 602, 602]",3276800,602,602,-0.8341078162193298,0.01108868233859539,0.1,formal,formal/partials/NOG-FO__m8__seed624__cfg2178ffc339c5.json
NOG-FO,NOG-opt,624,624,312,8,y_bar,0.1,0.1,0.1,2,1.0,0.14096419513225555,15.725708292797208,15.725708292797208,11.976518042385578,22.04120476730168,624,100624,200624,18321194,sfo,5008,5008,626,"[626, 626, 626, 626, 626, 626, 626, 626]",3407872,626,626,-0.8344306349754333,0.009858645498752594,0.1,formal,formal/partials/NOG-FO__m8__seed624__cfg2178ffc339c5.json
NOG-FO,NOG-opt,648,648,324,8,y_bar,0.1,0.1,0.1,2,1.0,0.08577722311019897,16.267464188858867,16.267464188858867,12.295361334457994,22.508253248408437,624,100624,200624,18321194,sfo,5200,5200,650,"[650, 650, 650, 650, 650, 650, 650, 650]",3538944,650,650,-0.8344562649726868,0.009763825684785843,0.1,formal,formal/partials/NOG-FO__m8__seed624__cfg2178ffc339c5.json
NOG-FO,NOG-opt,672,672,336,8,y_bar,0.1,0.1,0.1,2,1.0,0.1445803940296173,16.89345022663474,16.89345022663474,12.782226907089353,22.994950683787465,624,100624,200624,18321194,sfo,5392,5392,674,"[674, 674, 674, 674, 674, 674, 674, 674]",3670016,674,674,-0.8346343636512756,0.008997425436973572,0.1,formal,formal/partials/NOG-FO__m8__seed624__cfg2178ffc339c5.json
NOG-FO,NOG-opt,696,696,348,8,y_bar,0.1,0.1,0.1,2,1.0,0.11470942944288254,17.49714725278318,17.49714725278318,13.242332719266415,23.386086812242866,624,100624,200624,18321194,sfo,5584,5584,698,"[698, 698, 698, 698, 698, 698, 698, 698]",3801088,698,698,-0.8346927165985107,0.008872776292264462,0.1,formal,formal/partials/NOG-FO__m8__seed624__cfg2178ffc339c5.json
NOG-FO,NOG-opt,720,720,360,8,y_bar,0.1,0.1,0.1,2,1.0,0.10470917075872421,18.173570834100246,18.173570834100246,13.693636506795883,23.714532816782594,624,100624,200624,18321194,sfo,5776,5776,722,"[722, 722, 722, 722, 722, 722, 722, 722]",3932160,722,722,-0.8347582221031189,0.008484738878905773,0.1,formal,formal/partials/NOG-FO__m8__seed624__cfg2178ffc339c5.json
NOG-FO,NOG-opt,744,744,372,8,y_bar,0.1,0.1,0.1,2,1.0,0.08743947744369507,18.836661886423826,18.836661886423826,14.14757115393877,24.031766194850206,624,100624,200624,18321194,sfo,5968,5968,746,"[746, 746, 746, 746, 746, 746, 746, 746]",4063232,746,746,-0.8345531225204468,0.009775460697710514,0.1,formal,formal/partials/NOG-FO__m8__seed624__cfg2178ffc339c5.json
NOG-FO,NOG-opt,768,768,384,8,y_bar,0.1,0.1,0.1,2,1.0,0.09190521389245987,19.43072966299951,19.43072966299951,14.524793827906251,24.436220349743962,624,100624,200624,18321194,sfo,6160,6160,770,"[770, 770, 770, 770, 770, 770, 770, 770]",4194304,770,770,-0.8347150683403015,0.00857758242636919,0.1,formal,formal/partials/NOG-FO__m8__seed624__cfg2178ffc339c5.json
NOG-FO,NOG-opt,792,792,396,8,y_bar,0.1,0.1,0.1,2,1.0,0.10982432216405869,20.01506270840764,20.01506270840764,14.820336682721972,24.862773183733225,624,100624,200624,18321194,sfo,6352,6352,794,"[794, 794, 794, 794, 794, 794, 794, 794]",4325376,794,794,-0.834674596786499,0.008738996461033821,0.1,formal,formal/partials/NOG-FO__m8__seed624__cfg2178ffc339c5.json
NOG-FO,NOG-opt,816,816,408,8,y_bar,0.1,0.1,0.1,2,1.0,0.12734319269657135,20.59231821447611,20.59231821447611,15.256573302671313,25.249385256320238,624,100624,200624,18321194,sfo,6544,6544,818,"[818, 818, 818, 818, 818, 818, 818, 818]",4456448,818,818,-0.8345550894737244,0.00915017444640398,0.1,formal,formal/partials/NOG-FO__m8__seed624__cfg2178ffc339c5.json
NOG-FO,NOG-opt,840,840,420,8,y_bar,0.1,0.1,0.1,2,1.0,0.11120104789733887,21.078491499647498,21.078491499647498,15.53097876906395,25.707848271355033,624,100624,200624,18321194,sfo,6736,6736,842,"[842, 842, 842, 842, 842, 842, 842, 842]",4587520,842,842,-0.8347678184509277,0.008515821769833565,0.1,formal,formal/partials/NOG-FO__m8__seed624__cfg2178ffc339c5.json
NOG-FO,NOG-opt,864,864,432,8,y_bar,0.1,0.1,0.1,2,1.0,0.12791186571121216,21.42242594435811,21.42242594435811,15.813936099410057,26.25230138003826,624,100624,200624,18321194,sfo,6928,6928,866,"[866, 866, 866, 866, 866, 866, 866, 866]",4718592,866,866,-0.8345897793769836,0.009280203841626644,0.1,formal,formal/partials/NOG-FO__m8__seed624__cfg2178ffc339c5.json
NOG-FO,NOG-opt,888,888,444,8,y_bar,0.1,0.1,0.1,2,1.0,0.12262413650751114,21.76449692994356,21.76449692994356,15.983391826972365,26.859045354649425,624,100624,200624,18321194,sfo,7120,7120,890,"[890, 890, 890, 890, 890, 890, 890, 890]",4849664,890,890,-0.8346268534660339,0.009114237502217293,0.1,formal,formal/partials/NOG-FO__m8__seed624__cfg2178ffc339c5.json
NOG-FO,NOG-opt,912,912,456,8,y_bar,0.1,0.1,0.1,2,1.0,0.11445526033639908,22.053219944238663,22.053219944238663,16.146661512553692,27.49575579725206,624,100624,200624,18321194,sfo,7312,7312,914,"[914, 914, 914, 914, 914, 914, 914, 914]",4980736,914,914,-0.8346589207649231,0.009412344545125961,0.1,formal,formal/partials/NOG-FO__m8__seed624__cfg2178ffc339c5.json
NOG-FO,NOG-opt,936,936,468,8,y_bar,0.1,0.1,0.1,2,1.0,0.13202489912509918,22.41660487651825,22.41660487651825,16.330907829105854,28.046891387552023,624,100624,200624,18321194,sfo,7504,7504,938,"[938, 938, 938, 938, 938, 938, 938, 938]",5111808,938,938,-0.8345674276351929,0.00935592595487833,0.1,formal,formal/partials/NOG-FO__m8__seed624__cfg2178ffc339c5.json
NOG-FO,NOG-opt,960,960,480,8,y_bar,0.1,0.1,0.1,2,1.0,0.10695367306470871,22.75412054732442,22.75412054732442,16.545276595279574,28.60814431682229,624,100624,200624,18321194,sfo,7696,7696,962,"[962, 962, 962, 962, 962, 962, 962, 962]",5242880,962,962,-0.834502637386322,0.009633921086788177,0.1,formal,formal/partials/NOG-FO__m8__seed624__cfg2178ffc339c5.json
NOG-FO,NOG-opt,24,24,12,8,y_bar,0.1,0.1,0.1,2,1.0,0.33074602484703064,0.35518728010356426,0.35518728010356426,0.24696819111704826,1.7332155164331198,625,100625,200625,539265341,sfo,208,208,26,"[26, 26, 26, 26, 26, 26, 26, 26]",131072,26,26,-0.08991464227437973,0.2481890767812729,0.1,formal,formal/partials/NOG-FO__m8__seed625__cfga56da2886666.json
NOG-FO,NOG-opt,48,48,24,8,y_bar,0.1,0.1,0.1,2,1.0,0.3435477614402771,0.7199920229613781,0.7199920229613781,0.5469825733453035,2.2534382324665785,625,100625,200625,539265341,sfo,400,400,50,"[50, 50, 50, 50, 50, 50, 50, 50]",262144,50,50,-0.18567052483558655,0.24306565523147583,0.1,formal,formal/partials/NOG-FO__m8__seed625__cfga56da2886666.json
NOG-FO,NOG-opt,72,72,36,8,y_bar,0.1,0.1,0.1,2,1.0,0.32773828506469727,1.0026917643845081,1.0026917643845081,0.7719951905310154,2.824175538495183,625,100625,200625,539265341,sfo,592,592,74,"[74, 74, 74, 74, 74, 74, 74, 74]",393216,74,74,-0.2748821973800659,0.23498356342315674,0.1,formal,formal/partials/NOG-FO__m8__seed625__cfga56da2886666.json
NOG-FO,NOG-opt,96,96,48,8,y_bar,0.1,0.1,0.1,2,1.0,0.3541863262653351,1.310511751100421,1.310511751100421,0.9642403572797775,3.3090687729418278,625,100625,200625,539265341,sfo,784,784,98,"[98, 98, 98, 98, 98, 98, 98, 98]",524288,98,98,-0.3683679401874542,0.22275257110595703,0.1,formal,formal/partials/NOG-FO__m8__seed625__cfga56da2886666.json
NOG-FO,NOG-opt,120,120,60,8,y_bar,0.1,0.1,0.1,2,1.0,0.29657140374183655,1.7017117496579885,1.7017117496579885,1.2159645222127438,3.8080188799649477,625,100625,200625,539265341,sfo,976,976,122,"[122, 122, 122, 122, 122, 122, 122, 122]",655360,122,122,-0.4460698366165161,0.2091641128063202,0.1,formal,formal/partials/NOG-FO__m8__seed625__cfga56da2886666.json
NOG-FO,NOG-opt,144,144,72,8,y_bar,0.1,0.1,0.1,2,1.0,0.27357396483421326,2.1053825318813324,2.1053825318813324,1.4947693385183811,4.296354757621884,625,100625,200625,539265341,sfo,1168,1168,146,"[146, 146, 146, 146, 146, 146, 146, 146]",786432,146,146,-0.5249579548835754,0.19161495566368103,0.1,formal,formal/partials/NOG-FO__m8__seed625__cfga56da2886666.json
NOG-FO,NOG-opt,168,168,84,8,y_bar,0.1,0.1,0.1,2,1.0,0.2695421278476715,2.535420425236225,2.535420425236225,1.778959458693862,4.698923012241721,625,100625,200625,539265341,sfo,1360,1360,170,"[170, 170, 170, 170, 170, 170, 170, 170]",917504,170,170,-0.588880181312561,0.173960879445076,0.1,formal,formal/partials/NOG-FO__m8__seed625__cfga56da2886666.json
NOG-FO,NOG-opt,192,192,96,8,y_bar,0.1,0.1,0.1,2,1.0,0.2470855861902237,3.0654276870191097,3.0654276870191097,1.957325654104352,5.172690695151687,625,100625,200625,539265341,sfo,1552,1552,194,"[194, 194, 194, 194, 194, 194, 194, 194]",1048576,194,194,-0.6461997628211975,0.1545848250389099,0.1,formal,formal/partials/NOG-FO__m8__seed625__cfga56da2886666.json
NOG-FO,NOG-opt,216,216,108,8,y_bar,0.1,0.1,0.1,2,1.0,0.20746996998786926,3.5502217803150415,3.5502217803150415,2.3675782699137926,5.601655226200819,625,100625,200625,539265341,sfo,1744,1744,218,"[218, 218, 218, 218, 218, 218, 218, 218]",1179648,218,218,-0.6929082870483398,0.1354992687702179,0.1,formal,formal/partials/NOG-FO__m8__seed625__cfga56da2886666.json
NOG-FO,NOG-opt,240,240,120,8,y_bar,0.1,0.1,0.1,2,1.0,0.16757036745548248,4.044331798329949,4.044331798329949,2.7014776952564716,6.0136520098894835,625,100625,200625,539265341,sfo,1936,1936,242,"[242, 242, 242, 242, 242, 242, 242, 242]",1310720,242,242,-0.7330735921859741,0.11557688564062119,0.1,formal,formal/partials/NOG-FO__m8__seed625__cfga56da2886666.json
NOG-FO,NOG-opt,264,264,132,8,y_bar,0.1,0.1,0.1,2,1.0,0.17201192677021027,4.625249374657869,4.625249374657869,3.2183692064136267,6.430675206705928,625,100625,200625,539265341,sfo,2128,2128,266,"[266, 266, 266, 266, 266, 266, 266, 266]",1441792,266,266,-0.763142466545105,0.09739289432764053,0.1,formal,formal/partials/NOG-FO__m8__seed625__cfga56da2886666.json
NOG-FO,NOG-opt,288,288,144,8,y_bar,0.1,0.1,0.1,2,1.0,0.20347262918949127,5.087029285728931,5.087029285728931,3.537710953503847,6.970626840367913,625,100625,200625,539265341,sfo,2320,2320,290,"[290, 290, 290, 290, 290, 290, 290, 290]",1572864,290,290,-0.786283552646637,0.08048772066831589,0.1,formal,formal/partials/NOG-FO__m8__seed625__cfga56da2886666.json
NOG-FO,NOG-opt,312,312,156,8,y_bar,0.1,0.1,0.1,2,1.0,0.16118018329143524,5.492610327899456,5.492610327899456,3.726569404825568,7.348322279751301,625,100625,200625,539265341,sfo,2512,2512,314,"[314, 314, 314, 314, 314, 314, 314, 314]",1703936,314,314,-0.802302360534668,0.06615103036165237,0.1,formal,formal/partials/NOG-FO__m8__seed625__cfga56da2886666.json
NOG-FO,NOG-opt,336,336,168,8,y_bar,0.1,0.1,0.1,2,1.0,0.12778784334659576,6.021310277283192,6.021310277283192,4.106611959636211,7.7269095573574305,625,100625,200625,539265341,sfo,2704,2704,338,"[338, 338, 338, 338, 338, 338, 338, 338]",1835008,338,338,-0.8134099245071411,0.054262880235910416,0.1,formal,formal/partials/NOG-FO__m8__seed625__cfga56da2886666.json
NOG-FO,NOG-opt,360,360,180,8,y_bar,0.1,0.1,0.1,2,1.0,0.12896670401096344,6.532718451693654,6.532718451693654,4.553451946005225,8.130456317216158,625,100625,200625,539265341,sfo,2896,2896,362,"[362, 362, 362, 362, 362, 362, 362, 362]",1966080,362,362,-0.820902943611145,0.04394351318478584,0.1,formal,formal/partials/NOG-FO__m8__seed625__cfga56da2886666.json
NOG-FO,NOG-opt,384,384,192,8,y_bar,0.1,0.1,0.1,2,1.0,0.15572300553321838,7.024644684046507,7.024644684046507,4.834587875753641,8.596200754866004,625,100625,200625,539265341,sfo,3088,3088,386,"[386, 386, 386, 386, 386, 386, 386, 386]",2097152,386,386,-0.8254954218864441,0.03652827441692352,0.1,formal,formal/partials/NOG-FO__m8__seed625__cfga56da2886666.json
NOG-FO,NOG-opt,408,408,204,8,y_bar,0.1,0.1,0.1,2,1.0,0.12768174707889557,7.5329032856971025,7.5329032856971025,5.275338700041175,9.065286975353956,625,100625,200625,539265341,sfo,3280,3280,410,"[410, 410, 410, 410, 410, 410, 410, 410]",2228224,410,410,-0.8273880481719971,0.033199723809957504,0.1,formal,formal/partials/NOG-FO__m8__seed625__cfga56da2886666.json
NOG-FO,NOG-opt,432,432,216,8,y_bar,0.1,0.1,0.1,2,1.0,0.1582532525062561,8.235605215653777,8.235605215653777,5.828226529061794,9.475233977660537,625,100625,200625,539265341,sfo,3472,3472,434,"[434, 434, 434, 434, 434, 434, 434, 434]",2359296,434,434,-0.8304187655448914,0.026730341836810112,0.1,formal,formal/partials/NOG-FO__m8__seed625__cfga56da2886666.json
NOG-FO,NOG-opt,456,456,228,8,y_bar,0.1,0.1,0.1,2,1.0,0.11810335516929626,8.832347167655826,8.832347167655826,6.260354191064835,9.881039502099156,625,100625,200625,539265341,sfo,3664,3664,458,"[458, 458, 458, 458, 458, 458, 458, 458]",2490368,458,458,-0.8320552706718445,0.02239246480166912,0.1,formal,formal/partials/NOG-FO__m8__seed625__cfga56da2886666.json
NOG-FO,NOG-opt,480,480,240,8,y_bar,0.1,0.1,0.1,2,1.0,0.11943580210208893,9.419386053457856,9.419386053457856,6.713661663234234,10.306019563227892,625,100625,200625,539265341,sfo,3856,3856,482,"[482, 482, 482, 482, 482, 482, 482, 482]",2621440,482,482,-0.8333371877670288,0.018273120746016502,0.1,formal,formal/partials/NOG-FO__m8__seed625__cfga56da2886666.json
NOG-FO,NOG-opt,504,504,252,8,y_bar,0.1,0.1,0.1,2,1.0,0.11594963073730469,10.074783163145185,10.074783163145185,7.225088711827993,10.632667407393456,625,100625,200625,539265341,sfo,4048,4048,506,"[506, 506, 506, 506, 506, 506, 506, 506]",2752512,506,506,-0.8334140777587891,0.01816786825656891,0.1,formal,formal/partials/NOG-FO__m8__seed625__cfga56da2886666.json
NOG-FO,NOG-opt,528,528,264,8,y_bar,0.1,0.1,0.1,2,1.0,0.09577614814043045,10.734959995374084,10.734959995374084,7.675309337675571,10.967331398278475,625,100625,200625,539265341,sfo,4240,4240,530,"[530, 530, 530, 530, 530, 530, 530, 530]",2883584,530,530,-0.8346913456916809,0.013283815234899521,0.1,formal,formal/partials/NOG-FO__m8__seed625__cfga56da2886666.json
NOG-FO,NOG-opt,552,552,276,8,y_bar,0.1,0.1,0.1,2,1.0,0.14057624340057373,11.402951834723353,11.402951834723353,8.134258933365345,11.353232741355896,625,100625,200625,539265341,sfo,4432,4432,554,"[554, 554, 554, 554, 554, 554, 554, 554]",3014656,554,554,-0.8352903723716736,0.010395603254437447,0.1,formal,formal/partials/NOG-FO__m8__seed625__cfga56da2886666.json
NOG-FO,NOG-opt,576,576,288,8,y_bar,0.1,0.1,0.1,2,1.0,0.1061285063624382,12.023516284301877,12.023516284301877,8.621154552325606,11.73957165889442,625,100625,200625,539265341,sfo,4624,4624,578,"[578, 578, 578, 578, 578, 578, 578, 578]",3145728,578,578,-0.8352866768836975,0.010276436805725098,0.1,formal,formal/partials/NOG-FO__m8__seed625__cfga56da2886666.json
NOG-FO,NOG-opt,600,600,300,8,y_bar,0.1,0.1,0.1,2,1.0,0.14789240062236786,12.617918200790882,12.617918200790882,9.009494971483946,12.113887472078204,625,100625,200625,539265341,sfo,4816,4816,602,"[602, 602, 602, 602, 602, 602, 602, 602]",3276800,602,602,-0.8354310989379883,0.009991616010665894,0.1,formal,formal/partials/NOG-FO__m8__seed625__cfga56da2886666.json
NOG-FO,NOG-opt,624,624,312,8,y_bar,0.1,0.1,0.1,2,1.0,0.13294899463653564,13.123604657128453,13.123604657128453,9.37555668130517,12.443303871899843,625,100625,200625,539265341,sfo,5008,5008,626,"[626, 626, 626, 626, 626, 626, 626, 626]",3407872,626,626,-0.8355367183685303,0.009116990491747856,0.1,formal,formal/partials/NOG-FO__m8__seed625__cfga56da2886666.json
NOG-FO,NOG-opt,648,648,324,8,y_bar,0.1,0.1,0.1,2,1.0,0.11260611563920975,13.710023613646626,13.710023613646626,9.751756066456437,12.841665353626013,625,100625,200625,539265341,sfo,5200,5200,650,"[650, 650, 650, 650, 650, 650, 650, 650]",3538944,650,650,-0.8353754281997681,0.009701980277895927,0.1,formal,formal/partials/NOG-FO__m8__seed625__cfga56da2886666.json
NOG-FO,NOG-opt,672,672,336,8,y_bar,0.1,0.1,0.1,2,1.0,0.13612216711044312,14.223536325618625,14.223536325618625,10.133019216358662,13.172247789800167,625,100625,200625,539265341,sfo,5392,5392,674,"[674, 674, 674, 674, 674, 674, 674, 674]",3670016,674,674,-0.8354386687278748,0.00977559294551611,0.1,formal,formal/partials/NOG-FO__m8__seed625__cfga56da2886666.json
NOG-FO,NOG-opt,696,696,348,8,y_bar,0.1,0.1,0.1,2,1.0,0.105518639087677,14.728805396705866,14.728805396705866,10.56481316126883,13.500411346554756,625,100625,200625,539265341,sfo,5584,5584,698,"[698, 698, 698, 698, 698, 698, 698, 698]",3801088,698,698,-0.8354107141494751,0.009779280051589012,0.1,formal,formal/partials/NOG-FO__m8__seed625__cfga56da2886666.json
NOG-FO,NOG-opt,720,720,360,8,y_bar,0.1,0.1,0.1,2,1.0,0.09992166608572006,15.280279172584414,15.280279172584414,10.976631499826908,13.843419872224331,625,100625,200625,539265341,sfo,5776,5776,722,"[722, 722, 722, 722, 722, 722, 722, 722]",3932160,722,722,-0.8352186679840088,0.010282712988555431,0.1,formal,formal/partials/NOG-FO__m8__seed625__cfga56da2886666.json
NOG-FO,NOG-opt,744,744,372,8,y_bar,0.1,0.1,0.1,2,1.0,0.14159071445465088,15.827087305486202,15.827087305486202,11.377527747303247,14.475208852440119,625,100625,200625,539265341,sfo,5968,5968,746,"[746, 746, 746, 746, 746, 746, 746, 746]",4063232,746,746,-0.8351020216941833,0.010728485882282257,0.1,formal,formal/partials/NOG-FO__m8__seed625__cfga56da2886666.json
NOG-FO,NOG-opt,768,768,384,8,y_bar,0.1,0.1,0.1,2,1.0,0.1152803972363472,16.30586040019989,16.30586040019989,11.794672168791294,15.016442066058517,625,100625,200625,539265341,sfo,6160,6160,770,"[770, 770, 770, 770, 770, 770, 770, 770]",4194304,770,770,-0.8351134657859802,0.011503408662974834,0.1,formal,formal/partials/NOG-FO__m8__seed625__cfga56da2886666.json
NOG-FO,NOG-opt,792,792,396,8,y_bar,0.1,0.1,0.1,2,1.0,0.1371355652809143,16.84613045118749,16.84613045118749,12.264464979991317,15.7353924382478,625,100625,200625,539265341,sfo,6352,6352,794,"[794, 794, 794, 794, 794, 794, 794, 794]",4325376,794,794,-0.8350456953048706,0.012038350105285645,0.1,formal,formal/partials/NOG-FO__m8__seed625__cfga56da2886666.json
NOG-FO,NOG-opt,816,816,408,8,y_bar,0.1,0.1,0.1,2,1.0,0.12222204357385635,17.422686152160168,17.422686152160168,12.64304724149406,17.33852152712643,625,100625,200625,539265341,sfo,6544,6544,818,"[818, 818, 818, 818, 818, 818, 818, 818]",4456448,818,818,-0.8350412249565125,0.012203706428408623,0.1,formal,formal/partials/NOG-FO__m8__seed625__cfga56da2886666.json
NOG-FO,NOG-opt,840,840,420,8,y_bar,0.1,0.1,0.1,2,1.0,0.14267952740192413,17.915429247543216,17.915429247543216,12.998757122084498,18.028694985434413,625,100625,200625,539265341,sfo,6736,6736,842,"[842, 842, 842, 842, 842, 842, 842, 842]",4587520,842,842,-0.8353562951087952,0.010977443307638168,0.1,formal,formal/partials/NOG-FO__m8__seed625__cfga56da2886666.json
NOG-FO,NOG-opt,864,864,432,8,y_bar,0.1,0.1,0.1,2,1.0,0.13593614101409912,18.429253667593002,18.429253667593002,13.372648481279612,18.7295513600111,625,100625,200625,539265341,sfo,6928,6928,866,"[866, 866, 866, 866, 866, 866, 866, 866]",4718592,866,866,-0.8352253437042236,0.010148053988814354,0.1,formal,formal/partials/NOG-FO__m8__seed625__cfga56da2886666.json
NOG-FO,NOG-opt,888,888,444,8,y_bar,0.1,0.1,0.1,2,1.0,0.09014883637428284,19.007613226771355,19.007613226771355,13.74567686393857,19.355931978672743,625,100625,200625,539265341,sfo,7120,7120,890,"[890, 890, 890, 890, 890, 890, 890, 890]",4849664,890,890,-0.8352668881416321,0.009374679066240788,0.1,formal,formal/partials/NOG-FO__m8__seed625__cfga56da2886666.json
NOG-FO,NOG-opt,912,912,456,8,y_bar,0.1,0.1,0.1,2,1.0,0.12771885097026825,19.532433941960335,19.532433941960335,14.195575842633843,21.056959813460708,625,100625,200625,539265341,sfo,7312,7312,914,"[914, 914, 914, 914, 914, 914, 914, 914]",4980736,914,914,-0.8353221416473389,0.009412810206413269,0.1,formal,formal/partials/NOG-FO__m8__seed625__cfga56da2886666.json
NOG-FO,NOG-opt,936,936,468,8,y_bar,0.1,0.1,0.1,2,1.0,0.15664491057395935,20.044630067422986,20.044630067422986,14.643916817381978,21.453785659745336,625,100625,200625,539265341,sfo,7504,7504,938,"[938, 938, 938, 938, 938, 938, 938, 938]",5111808,938,938,-0.8351471424102783,0.009857981465756893,0.1,formal,formal/partials/NOG-FO__m8__seed625__cfga56da2886666.json
NOG-FO,NOG-opt,960,960,480,8,y_bar,0.1,0.1,0.1,2,1.0,0.12639471888542175,20.636681579053402,20.636681579053402,14.962342076003551,21.846551386639476,625,100625,200625,539265341,sfo,7696,7696,962,"[962, 962, 962, 962, 962, 962, 962, 962]",5242880,962,962,-0.8351314067840576,0.009945808909833431,0.1,formal,formal/partials/NOG-FO__m8__seed625__cfga56da2886666.json
NOG-FO,NOG-opt,24,24,12,8,y_bar,0.1,0.1,0.1,2,1.0,0.35447511076927185,0.529783334583044,0.529783334583044,0.4058624804019928,0.4797835126519203,626,100626,200626,1849041874,sfo,208,208,26,"[26, 26, 26, 26, 26, 26, 26, 26]",131072,26,26,-0.09298397600650787,0.24619171023368835,0.1,formal,formal/partials/NOG-FO__m8__seed626__cfg307503c597ae.json
NOG-FO,NOG-opt,48,48,24,8,y_bar,0.1,0.1,0.1,2,1.0,0.34656059741973877,1.0381263680756092,1.0381263680756092,0.7654335685074329,1.1046964973211288,626,100626,200626,1849041874,sfo,400,400,50,"[50, 50, 50, 50, 50, 50, 50, 50]",262144,50,50,-0.18420463800430298,0.24140217900276184,0.1,formal,formal/partials/NOG-FO__m8__seed626__cfg307503c597ae.json
NOG-FO,NOG-opt,72,72,36,8,y_bar,0.1,0.1,0.1,2,1.0,0.32579001784324646,1.5110876094549894,1.5110876094549894,1.173433668911457,2.989284750074148,626,100626,200626,1849041874,sfo,592,592,74,"[74, 74, 74, 74, 74, 74, 74, 74]",393216,74,74,-0.2783612906932831,0.23299409449100494,0.1,formal,formal/partials/NOG-FO__m8__seed626__cfg307503c597ae.json
NOG-FO,NOG-opt,96,96,48,8,y_bar,0.1,0.1,0.1,2,1.0,0.31472042202949524,2.121744278818369,2.121744278818369,1.5604927334934473,4.003253838047385,626,100626,200626,1849041874,sfo,784,784,98,"[98, 98, 98, 98, 98, 98, 98, 98]",524288,98,98,-0.37003862857818604,0.22104695439338684,0.1,formal,formal/partials/NOG-FO__m8__seed626__cfg307503c597ae.json
NOG-FO,NOG-opt,120,120,60,8,y_bar,0.1,0.1,0.1,2,1.0,0.2943705916404724,3.336930574849248,3.336930574849248,2.5525192730128765,5.880339462310076,626,100626,200626,1849041874,sfo,976,976,122,"[122, 122, 122, 122, 122, 122, 122, 122]",655360,122,122,-0.4555633068084717,0.20608416199684143,0.1,formal,formal/partials/NOG-FO__m8__seed626__cfg307503c597ae.json
NOG-FO,NOG-opt,144,144,72,8,y_bar,0.1,0.1,0.1,2,1.0,0.2911023795604706,4.143727466464043,4.143727466464043,3.2158636655658484,8.868026016280055,626,100626,200626,1849041874,sfo,1168,1168,146,"[146, 146, 146, 146, 146, 146, 146, 146]",786432,146,146,-0.5288702249526978,0.1898377388715744,0.1,formal,formal/partials/NOG-FO__m8__seed626__cfg307503c597ae.json
NOG-FO,NOG-opt,168,168,84,8,y_bar,0.1,0.1,0.1,2,1.0,0.2723701000213623,4.850399918854237,4.850399918854237,3.78009045869112,10.654265932738781,626,100626,200626,1849041874,sfo,1360,1360,170,"[170, 170, 170, 170, 170, 170, 170, 170]",917504,170,170,-0.5916319489479065,0.17264020442962646,0.1,formal,formal/partials/NOG-FO__m8__seed626__cfg307503c597ae.json
NOG-FO,NOG-opt,192,192,96,8,y_bar,0.1,0.1,0.1,2,1.0,0.24807927012443542,5.544397884979844,5.544397884979844,4.182534955441952,12.45429321192205,626,100626,200626,1849041874,sfo,1552,1552,194,"[194, 194, 194, 194, 194, 194, 194, 194]",1048576,194,194,-0.6471524238586426,0.15424984693527222,0.1,formal,formal/partials/NOG-FO__m8__seed626__cfg307503c597ae.json
NOG-FO,NOG-opt,216,216,108,8,y_bar,0.1,0.1,0.1,2,1.0,0.21597881615161896,6.249169539660215,6.249169539660215,4.672197284176946,15.535704480484128,626,100626,200626,1849041874,sfo,1744,1744,218,"[218, 218, 218, 218, 218, 218, 218, 218]",1179648,218,218,-0.6990236639976501,0.13328975439071655,0.1,formal,formal/partials/NOG-FO__m8__seed626__cfg307503c597ae.json
NOG-FO,NOG-opt,240,240,120,8,y_bar,0.1,0.1,0.1,2,1.0,0.19831880927085876,6.663196004927158,6.663196004927158,4.952633686363697,17.95557243935764,626,100626,200626,1849041874,sfo,1936,1936,242,"[242, 242, 242, 242, 242, 242, 242, 242]",1310720,242,242,-0.739244282245636,0.11326368153095245,0.1,formal,formal/partials/NOG-FO__m8__seed626__cfg307503c597ae.json
NOG-FO,NOG-opt,264,264,132,8,y_bar,0.1,0.1,0.1,2,1.0,0.16711021959781647,7.602305565029383,7.602305565029383,5.762197222560644,18.359525768086314,626,100626,200626,1849041874,sfo,2128,2128,266,"[266, 266, 266, 266, 266, 266, 266, 266]",1441792,266,266,-0.768714964389801,0.09534301608800888,0.1,formal,formal/partials/NOG-FO__m8__seed626__cfg307503c597ae.json
NOG-FO,NOG-opt,288,288,144,8,y_bar,0.1,0.1,0.1,2,1.0,0.1679176390171051,7.8493653908371925,7.8493653908371925,5.946901511400938,18.945093343034387,626,100626,200626,1849041874,sfo,2320,2320,290,"[290, 290, 290, 290, 290, 290, 290, 290]",1572864,290,290,-0.791846752166748,0.07822085171937943,0.1,formal,formal/partials/NOG-FO__m8__seed626__cfg307503c597ae.json
NOG-FO,NOG-opt,312,312,156,8,y_bar,0.1,0.1,0.1,2,1.0,0.14651332795619965,8.064930588006973,8.064930588006973,6.101603005081415,19.49023418687284,626,100626,200626,1849041874,sfo,2512,2512,314,"[314, 314, 314, 314, 314, 314, 314, 314]",1703936,314,314,-0.8057367205619812,0.06583106517791748,0.1,formal,formal/partials/NOG-FO__m8__seed626__cfg307503c597ae.json
NOG-FO,NOG-opt,336,336,168,8,y_bar,0.1,0.1,0.1,2,1.0,0.16863858699798584,8.305714096873999,8.305714096873999,6.284106973558664,20.04352085478604,626,100626,200626,1849041874,sfo,2704,2704,338,"[338, 338, 338, 338, 338, 338, 338, 338]",1835008,338,338,-0.8156810402870178,0.05516500025987625,0.1,formal,formal/partials/NOG-FO__m8__seed626__cfg307503c597ae.json
NOG-FO,NOG-opt,360,360,180,8,y_bar,0.1,0.1,0.1,2,1.0,0.1250537782907486,8.546552289277315,8.546552289277315,6.4040417075157166,20.580138027668,626,100626,200626,1849041874,sfo,2896,2896,362,"[362, 362, 362, 362, 362, 362, 362, 362]",1966080,362,362,-0.8229378461837769,0.04588620737195015,0.1,formal,formal/partials/NOG-FO__m8__seed626__cfg307503c597ae.json
NOG-FO,NOG-opt,384,384,192,8,y_bar,0.1,0.1,0.1,2,1.0,0.15165771543979645,8.802226124331355,8.802226124331355,6.597729571163654,21.092355819419026,626,100626,200626,1849041874,sfo,3088,3088,386,"[386, 386, 386, 386, 386, 386, 386, 386]",2097152,386,386,-0.828405499458313,0.03711047023534775,0.1,formal,formal/partials/NOG-FO__m8__seed626__cfg307503c597ae.json
NOG-FO,NOG-opt,408,408,204,8,y_bar,0.1,0.1,0.1,2,1.0,0.11975328624248505,9.004677383229136,9.004677383229136,6.73920108191669,21.681316003203392,626,100626,200626,1849041874,sfo,3280,3280,410,"[410, 410, 410, 410, 410, 410, 410, 410]",2228224,410,410,-0.8318353891372681,0.03067033551633358,0.1,formal,formal/partials/NOG-FO__m8__seed626__cfg307503c597ae.json
NOG-FO,NOG-opt,432,432,216,8,y_bar,0.1,0.1,0.1,2,1.0,0.12550713121891022,9.204174282029271,9.204174282029271,6.8458496406674385,22.269315572455525,626,100626,200626,1849041874,sfo,3472,3472,434,"[434, 434, 434, 434, 434, 434, 434, 434]",2359296,434,434,-0.8341550827026367,0.02544332481920719,0.1,formal,formal/partials/NOG-FO__m8__seed626__cfg307503c597ae.json
NOG-FO,NOG-opt,456,456,228,8,y_bar,0.1,0.1,0.1,2,1.0,0.0863354280591011,9.402239276096225,9.402239276096225,6.976442188024521,22.84733730368316,626,100626,200626,1849041874,sfo,3664,3664,458,"[458, 458, 458, 458, 458, 458, 458, 458]",2490368,458,458,-0.8357383012771606,0.021340984851121902,0.1,formal,formal/partials/NOG-FO__m8__seed626__cfg307503c597ae.json
NOG-FO,NOG-opt,480,480,240,8,y_bar,0.1,0.1,0.1,2,1.0,0.10184211283922195,9.617489935830235,9.617489935830235,7.128890277817845,23.437548814341426,626,100626,200626,1849041874,sfo,3856,3856,482,"[482, 482, 482, 482, 482, 482, 482, 482]",2621440,482,482,-0.836952805519104,0.017877358943223953,0.1,formal,formal/partials/NOG-FO__m8__seed626__cfg307503c597ae.json
NOG-FO,NOG-opt,504,504,252,8,y_bar,0.1,0.1,0.1,2,1.0,0.10932204872369766,9.809850493445992,9.809850493445992,7.259538916870952,24.04460984840989,626,100626,200626,1849041874,sfo,4048,4048,506,"[506, 506, 506, 506, 506, 506, 506, 506]",2752512,506,506,-0.8377079367637634,0.01577422209084034,0.1,formal,formal/partials/NOG-FO__m8__seed626__cfg307503c597ae.json
NOG-FO,NOG-opt,528,528,264,8,y_bar,0.1,0.1,0.1,2,1.0,0.12159854173660278,10.00062390230596,10.00062390230596,7.388033775612712,24.639570830389857,626,100626,200626,1849041874,sfo,4240,4240,530,"[530, 530, 530, 530, 530, 530, 530, 530]",2883584,530,530,-0.8377578258514404,0.014600546099245548,0.1,formal,formal/partials/NOG-FO__m8__seed626__cfg307503c597ae.json
NOG-FO,NOG-opt,552,552,276,8,y_bar,0.1,0.1,0.1,2,1.0,0.1273306906223297,10.19711147248745,10.19711147248745,7.491384735330939,25.22519681043923,626,100626,200626,1849041874,sfo,4432,4432,554,"[554, 554, 554, 554, 554, 554, 554, 554]",3014656,554,554,-0.8382834792137146,0.012503654696047306,0.1,formal,formal/partials/NOG-FO__m8__seed626__cfg307503c597ae.json
NOG-FO,NOG-opt,576,576,288,8,y_bar,0.1,0.1,0.1,2,1.0,0.11559244990348816,10.433286052197218,10.433286052197218,7.66180026344955,25.774581560865045,626,100626,200626,1849041874,sfo,4624,4624,578,"[578, 578, 578, 578, 578, 578, 578, 578]",3145728,578,578,-0.8385050296783447,0.011303885839879513,0.1,formal,formal/partials/NOG-FO__m8__seed626__cfg307503c597ae.json
NOG-FO,NOG-opt,600,600,300,8,y_bar,0.1,0.1,0.1,2,1.0,0.10140273720026016,10.758137019351125,10.758137019351125,7.9208094123750925,26.07806972786784,626,100626,200626,1849041874,sfo,4816,4816,602,"[602, 602, 602, 602, 602, 602, 602, 602]",3276800,602,602,-0.8389376401901245,0.010491879656910896,0.1,formal,formal/partials/NOG-FO__m8__seed626__cfg307503c597ae.json
NOG-FO,NOG-opt,624,624,312,8,y_bar,0.1,0.1,0.1,2,1.0,0.1323115974664688,11.34336313046515,11.34336313046515,8.40672679618001,26.574313893914223,626,100626,200626,1849041874,sfo,5008,5008,626,"[626, 626, 626, 626, 626, 626, 626, 626]",3407872,626,626,-0.8389308452606201,0.010643573477864265,0.1,formal,formal/partials/NOG-FO__m8__seed626__cfg307503c597ae.json
NOG-FO,NOG-opt,648,648,324,8,y_bar,0.1,0.1,0.1,2,1.0,0.12313802540302277,11.769138963893056,11.769138963893056,8.642975559458137,27.03887414559722,626,100626,200626,1849041874,sfo,5200,5200,650,"[650, 650, 650, 650, 650, 650, 650, 650]",3538944,650,650,-0.8391509056091309,0.009927045553922653,0.1,formal,formal/partials/NOG-FO__m8__seed626__cfg307503c597ae.json
NOG-FO,NOG-opt,672,672,336,8,y_bar,0.1,0.1,0.1,2,1.0,0.12083467841148376,12.100925045087934,12.100925045087934,8.853512108325958,27.55765011906624,626,100626,200626,1849041874,sfo,5392,5392,674,"[674, 674, 674, 674, 674, 674, 674, 674]",3670016,674,674,-0.8393353223800659,0.009191305376589298,0.1,formal,formal/partials/NOG-FO__m8__seed626__cfg307503c597ae.json
NOG-FO,NOG-opt,696,696,348,8,y_bar,0.1,0.1,0.1,2,1.0,0.16523514688014984,12.44877327978611,12.44877327978611,9.0802989769727,28.042600691318512,626,100626,200626,1849041874,sfo,5584,5584,698,"[698, 698, 698, 698, 698, 698, 698, 698]",3801088,698,698,-0.8392841219902039,0.009061978198587894,0.1,formal,formal/partials/NOG-FO__m8__seed626__cfg307503c597ae.json
NOG-FO,NOG-opt,720,720,360,8,y_bar,0.1,0.1,0.1,2,1.0,0.1356077641248703,12.762750437483191,12.762750437483191,9.272500243037939,28.545332493260503,626,100626,200626,1849041874,sfo,5776,5776,722,"[722, 722, 722, 722, 722, 722, 722, 722]",3932160,722,722,-0.8392542004585266,0.008839086629450321,0.1,formal,formal/partials/NOG-FO__m8__seed626__cfg307503c597ae.json
NOG-FO,NOG-opt,744,744,372,8,y_bar,0.1,0.1,0.1,2,1.0,0.1405264139175415,13.058113338425756,13.058113338425756,9.495058044791222,28.95310438424349,626,100626,200626,1849041874,sfo,5968,5968,746,"[746, 746, 746, 746, 746, 746, 746, 746]",4063232,746,746,-0.8390271067619324,0.009811666794121265,0.1,formal,formal/partials/NOG-FO__m8__seed626__cfg307503c597ae.json
NOG-FO,NOG-opt,768,768,384,8,y_bar,0.1,0.1,0.1,2,1.0,0.09616963565349579,13.449632328003645,13.449632328003645,9.821765450760722,29.37049070559442,626,100626,200626,1849041874,sfo,6160,6160,770,"[770, 770, 770, 770, 770, 770, 770, 770]",4194304,770,770,-0.8391413688659668,0.009925215505063534,0.1,formal,formal/partials/NOG-FO__m8__seed626__cfg307503c597ae.json
NOG-FO,NOG-opt,792,792,396,8,y_bar,0.1,0.1,0.1,2,1.0,0.10506892204284668,13.827775636687875,13.827775636687875,10.133936636149883,29.78920340538025,626,100626,200626,1849041874,sfo,6352,6352,794,"[794, 794, 794, 794, 794, 794, 794, 794]",4325376,794,794,-0.839221179485321,0.009355185553431511,0.1,formal,formal/partials/NOG-FO__m8__seed626__cfg307503c597ae.json
NOG-FO,NOG-opt,816,816,408,8,y_bar,0.1,0.1,0.1,2,1.0,0.14772257208824158,14.307169534265995,14.307169534265995,10.494142321869731,30.197794381529093,626,100626,200626,1849041874,sfo,6544,6544,818,"[818, 818, 818, 818, 818, 818, 818, 818]",4456448,818,818,-0.839423418045044,0.00811994168907404,0.1,formal,formal/partials/NOG-FO__m8__seed626__cfg307503c597ae.json
NOG-FO,NOG-opt,840,840,420,8,y_bar,0.1,0.1,0.1,2,1.0,0.14270275831222534,14.710509087890387,14.710509087890387,10.77722242474556,30.60337713547051,626,100626,200626,1849041874,sfo,6736,6736,842,"[842, 842, 842, 842, 842, 842, 842, 842]",4587520,842,842,-0.8393199443817139,0.008502733893692493,0.1,formal,formal/partials/NOG-FO__m8__seed626__cfg307503c597ae.json
NOG-FO,NOG-opt,864,864,432,8,y_bar,0.1,0.1,0.1,2,1.0,0.1344796121120453,15.189703596755862,15.189703596755862,11.191330904141068,31.00154540874064,626,100626,200626,1849041874,sfo,6928,6928,866,"[866, 866, 866, 866, 866, 866, 866, 866]",4718592,866,866,-0.8394702672958374,0.007936730049550533,0.1,formal,formal/partials/NOG-FO__m8__seed626__cfg307503c597ae.json
NOG-FO,NOG-opt,888,888,444,8,y_bar,0.1,0.1,0.1,2,1.0,0.12273819744586945,15.689959075301886,15.689959075301886,11.539367411285639,31.430055417120457,626,100626,200626,1849041874,sfo,7120,7120,890,"[890, 890, 890, 890, 890, 890, 890, 890]",4849664,890,890,-0.8394784927368164,0.007712370716035366,0.1,formal,formal/partials/NOG-FO__m8__seed626__cfg307503c597ae.json
NOG-FO,NOG-opt,912,912,456,8,y_bar,0.1,0.1,0.1,2,1.0,0.13716983795166016,16.135216508060694,16.135216508060694,11.849284632131457,31.851343067362905,626,100626,200626,1849041874,sfo,7312,7312,914,"[914, 914, 914, 914, 914, 914, 914, 914]",4980736,914,914,-0.8391481041908264,0.008363100700080395,0.1,formal,formal/partials/NOG-FO__m8__seed626__cfg307503c597ae.json
NOG-FO,NOG-opt,936,936,468,8,y_bar,0.1,0.1,0.1,2,1.0,0.10884636640548706,16.591427436098456,16.591427436098456,12.16384644433856,32.28104401752353,626,100626,200626,1849041874,sfo,7504,7504,938,"[938, 938, 938, 938, 938, 938, 938, 938]",5111808,938,938,-0.8390867710113525,0.008689124137163162,0.1,formal,formal/partials/NOG-FO__m8__seed626__cfg307503c597ae.json
NOG-FO,NOG-opt,960,960,480,8,y_bar,0.1,0.1,0.1,2,1.0,0.13704271614551544,16.979615230113268,16.979615230113268,12.488083576783538,32.74943117797375,626,100626,200626,1849041874,sfo,7696,7696,962,"[962, 962, 962, 962, 962, 962, 962, 962]",5242880,962,962,-0.8387460708618164,0.01090235821902752,0.1,formal,formal/partials/NOG-FO__m8__seed626__cfg307503c597ae.json
NOG-FO,NOG-opt,24,24,12,8,y_bar,0.1,0.1,0.1,2,1.0,0.3522387146949768,0.28075288981199265,0.28075288981199265,0.21076561883091927,0.5079229529947042,627,100627,200627,722099645,sfo,208,208,26,"[26, 26, 26, 26, 26, 26, 26, 26]",131072,26,26,-0.0937410295009613,0.2463286966085434,0.1,formal,formal/partials/NOG-FO__m8__seed627__cfg0ded1d80e7ab.json
NOG-FO,NOG-opt,48,48,24,8,y_bar,0.1,0.1,0.1,2,1.0,0.3309706151485443,0.4913144186139107,0.4913144186139107,0.36064470559358597,1.096767544746399,627,100627,200627,722099645,sfo,400,400,50,"[50, 50, 50, 50, 50, 50, 50, 50]",262144,50,50,-0.1924246996641159,0.240852952003479,0.1,formal,formal/partials/NOG-FO__m8__seed627__cfg0ded1d80e7ab.json
NOG-FO,NOG-opt,72,72,36,8,y_bar,0.1,0.1,0.1,2,1.0,0.33055567741394043,0.7668484002351761,0.7668484002351761,0.5736941136419773,1.6254963018000126,627,100627,200627,722099645,sfo,592,592,74,"[74, 74, 74, 74, 74, 74, 74, 74]",393216,74,74,-0.28018826246261597,0.23268170654773712,0.1,formal,formal/partials/NOG-FO__m8__seed627__cfg0ded1d80e7ab.json
NOG-FO,NOG-opt,96,96,48,8,y_bar,0.1,0.1,0.1,2,1.0,0.3060847222805023,0.9499715585261583,0.9499715585261583,0.690592784434557,2.240857232362032,627,100627,200627,722099645,sfo,784,784,98,"[98, 98, 98, 98, 98, 98, 98, 98]",524288,98,98,-0.3713551163673401,0.2205512523651123,0.1,formal,formal/partials/NOG-FO__m8__seed627__cfg0ded1d80e7ab.json
NOG-FO,NOG-opt,120,120,60,8,y_bar,0.1,0.1,0.1,2,1.0,0.31590428948402405,1.2042694445699453,1.2042694445699453,0.868888646364212,2.807146204635501,627,100627,200627,722099645,sfo,976,976,122,"[122, 122, 122, 122, 122, 122, 122, 122]",655360,122,122,-0.45179054141044617,0.2062411904335022,0.1,formal,formal/partials/NOG-FO__m8__seed627__cfg0ded1d80e7ab.json
NOG-FO,NOG-opt,144,144,72,8,y_bar,0.1,0.1,0.1,2,1.0,0.2801473140716553,1.4408295080065727,1.4408295080065727,0.9997975043952465,3.365269932895899,627,100627,200627,722099645,sfo,1168,1168,146,"[146, 146, 146, 146, 146, 146, 146, 146]",786432,146,146,-0.5280084013938904,0.18907731771469116,0.1,formal,formal/partials/NOG-FO__m8__seed627__cfg0ded1d80e7ab.json
NOG-FO,NOG-opt,168,168,84,8,y_bar,0.1,0.1,0.1,2,1.0,0.2496187537908554,1.6874506678432226,1.6874506678432226,1.1876726020127535,3.908895116299391,627,100627,200627,722099645,sfo,1360,1360,170,"[170, 170, 170, 170, 170, 170, 170, 170]",917504,170,170,-0.5937731266021729,0.17061492800712585,0.1,formal,formal/partials/NOG-FO__m8__seed627__cfg0ded1d80e7ab.json
NOG-FO,NOG-opt,192,192,96,8,y_bar,0.1,0.1,0.1,2,1.0,0.2422422170639038,2.013312354683876,2.013312354683876,1.3557747956365347,4.371656339615583,627,100627,200627,722099645,sfo,1552,1552,194,"[194, 194, 194, 194, 194, 194, 194, 194]",1048576,194,194,-0.6548250317573547,0.1494418829679489,0.1,formal,formal/partials/NOG-FO__m8__seed627__cfg0ded1d80e7ab.json
NOG-FO,NOG-opt,216,216,108,8,y_bar,0.1,0.1,0.1,2,1.0,0.22115428745746613,2.3529329765588045,2.3529329765588045,1.5763298850506544,4.81258886680007,627,100627,200627,722099645,sfo,1744,1744,218,"[218, 218, 218, 218, 218, 218, 218, 218]",1179648,218,218,-0.7030630111694336,0.12884871661663055,0.1,formal,formal/partials/NOG-FO__m8__seed627__cfg0ded1d80e7ab.json
NOG-FO,NOG-opt,240,240,120,8,y_bar,0.1,0.1,0.1,2,1.0,0.2035091072320938,2.7056711819022894,2.7056711819022894,1.816760728135705,5.239802440628409,627,100627,200627,722099645,sfo,1936,1936,242,"[242, 242, 242, 242, 242, 242, 242, 242]",1310720,242,242,-0.7412349581718445,0.10890377312898636,0.1,formal,formal/partials/NOG-FO__m8__seed627__cfg0ded1d80e7ab.json
NOG-FO,NOG-opt,264,264,132,8,y_bar,0.1,0.1,0.1,2,1.0,0.17899230122566223,3.06989336758852,3.06989336758852,2.001215597614646,5.643152950331569,627,100627,200627,722099645,sfo,2128,2128,266,"[266, 266, 266, 266, 266, 266, 266, 266]",1441792,266,266,-0.769195556640625,0.09098192304372787,0.1,formal,formal/partials/NOG-FO__m8__seed627__cfg0ded1d80e7ab.json
NOG-FO,NOG-opt,288,288,144,8,y_bar,0.1,0.1,0.1,2,1.0,0.17997533082962036,3.4656630903482437,3.4656630903482437,2.3054391238838434,6.0917903855443,627,100627,200627,722099645,sfo,2320,2320,290,"[290, 290, 290, 290, 290, 290, 290, 290]",1572864,290,290,-0.7885570526123047,0.07602107524871826,0.1,formal,formal/partials/NOG-FO__m8__seed627__cfg0ded1d80e7ab.json
NOG-FO,NOG-opt,312,312,156,8,y_bar,0.1,0.1,0.1,2,1.0,0.1760878562927246,4.022810246795416,4.022810246795416,2.791404901072383,6.466706916689873,627,100627,200627,722099645,sfo,2512,2512,314,"[314, 314, 314, 314, 314, 314, 314, 314]",1703936,314,314,-0.8039190173149109,0.06160110607743263,0.1,formal,formal/partials/NOG-FO__m8__seed627__cfg0ded1d80e7ab.json
NOG-FO,NOG-opt,336,336,168,8,y_bar,0.1,0.1,0.1,2,1.0,0.1572241187095642,4.605027575045824,4.605027575045824,3.2572419699281454,6.965130381286144,627,100627,200627,722099645,sfo,2704,2704,338,"[338, 338, 338, 338, 338, 338, 338, 338]",1835008,338,338,-0.8133379817008972,0.050544995814561844,0.1,formal,formal/partials/NOG-FO__m8__seed627__cfg0ded1d80e7ab.json
NOG-FO,NOG-opt,360,360,180,8,y_bar,0.1,0.1,0.1,2,1.0,0.14607374370098114,5.031215280294418,5.031215280294418,3.62004691362381,7.544059418141842,627,100627,200627,722099645,sfo,2896,2896,362,"[362, 362, 362, 362, 362, 362, 362, 362]",1966080,362,362,-0.8201185464859009,0.04082658886909485,0.1,formal,formal/partials/NOG-FO__m8__seed627__cfg0ded1d80e7ab.json
NOG-FO,NOG-opt,384,384,192,8,y_bar,0.1,0.1,0.1,2,1.0,0.12491383403539658,5.422548301517963,5.422548301517963,3.819889096543193,8.075442723929882,627,100627,200627,722099645,sfo,3088,3088,386,"[386, 386, 386, 386, 386, 386, 386, 386]",2097152,386,386,-0.8257436752319336,0.030623147264122963,0.1,formal,formal/partials/NOG-FO__m8__seed627__cfg0ded1d80e7ab.json
NOG-FO,NOG-opt,408,408,204,8,y_bar,0.1,0.1,0.1,2,1.0,0.13510632514953613,5.771252861246467,5.771252861246467,4.0967753585428,8.613463528454304,627,100627,200627,722099645,sfo,3280,3280,410,"[410, 410, 410, 410, 410, 410, 410, 410]",2228224,410,410,-0.8283371925354004,0.02452949248254299,0.1,formal,formal/partials/NOG-FO__m8__seed627__cfg0ded1d80e7ab.json
NOG-FO,NOG-opt,432,432,216,8,y_bar,0.1,0.1,0.1,2,1.0,0.11714018136262894,6.059890711680055,6.059890711680055,4.274016601964831,9.195722052827477,627,100627,200627,722099645,sfo,3472,3472,434,"[434, 434, 434, 434, 434, 434, 434, 434]",2359296,434,434,-0.8300049304962158,0.01937463879585266,0.1,formal,formal/partials/NOG-FO__m8__seed627__cfg0ded1d80e7ab.json
NOG-FO,NOG-opt,456,456,228,8,y_bar,0.1,0.1,0.1,2,1.0,0.12857864797115326,6.334737949073315,6.334737949073315,4.487277878448367,9.746606323868036,627,100627,200627,722099645,sfo,3664,3664,458,"[458, 458, 458, 458, 458, 458, 458, 458]",2490368,458,458,-0.8308584690093994,0.016480064019560814,0.1,formal,formal/partials/NOG-FO__m8__seed627__cfg0ded1d80e7ab.json
NOG-FO,NOG-opt,480,480,240,8,y_bar,0.1,0.1,0.1,2,1.0,0.10524644702672958,6.557066870853305,6.557066870853305,4.610182818025351,10.368453927338123,627,100627,200627,722099645,sfo,3856,3856,482,"[482, 482, 482, 482, 482, 482, 482, 482]",2621440,482,482,-0.8315146565437317,0.014073314145207405,0.1,formal,formal/partials/NOG-FO__m8__seed627__cfg0ded1d80e7ab.json
NOG-FO,NOG-opt,504,504,252,8,y_bar,0.1,0.1,0.1,2,1.0,0.12349148094654083,6.80529803596437,6.80529803596437,4.751831253990531,10.95908111333847,627,100627,200627,722099645,sfo,4048,4048,506,"[506, 506, 506, 506, 506, 506, 506, 506]",2752512,506,506,-0.831764817237854,0.013334766030311584,0.1,formal,formal/partials/NOG-FO__m8__seed627__cfg0ded1d80e7ab.json
NOG-FO,NOG-opt,528,528,264,8,y_bar,0.1,0.1,0.1,2,1.0,0.12313901633024216,7.025873146951199,7.025873146951199,4.910987436771393,11.566967962309718,627,100627,200627,722099645,sfo,4240,4240,530,"[530, 530, 530, 530, 530, 530, 530, 530]",2883584,530,530,-0.8322689533233643,0.011404347606003284,0.1,formal,formal/partials/NOG-FO__m8__seed627__cfg0ded1d80e7ab.json
NOG-FO,NOG-opt,552,552,276,8,y_bar,0.1,0.1,0.1,2,1.0,0.12643462419509888,7.308502210304141,7.308502210304141,5.076059348881245,12.166689028963447,627,100627,200627,722099645,sfo,4432,4432,554,"[554, 554, 554, 554, 554, 554, 554, 554]",3014656,554,554,-0.8324206471443176,0.009871012531220913,0.1,formal,formal/partials/NOG-FO__m8__seed627__cfg0ded1d80e7ab.json
NOG-FO,NOG-opt,576,576,288,8,y_bar,0.1,0.1,0.1,2,1.0,0.16150034964084625,7.588607959449291,7.588607959449291,5.293929781764746,12.77892830222845,627,100627,200627,722099645,sfo,4624,4624,578,"[578, 578, 578, 578, 578, 578, 578, 578]",3145728,578,578,-0.8321083188056946,0.010773728601634502,0.1,formal,formal/partials/NOG-FO__m8__seed627__cfg0ded1d80e7ab.json
NOG-FO,NOG-opt,600,600,300,8,y_bar,0.1,0.1,0.1,2,1.0,0.11024728417396545,7.903329141438007,7.903329141438007,5.431980831548572,13.338284466415644,627,100627,200627,722099645,sfo,4816,4816,602,"[602, 602, 602, 602, 602, 602, 602, 602]",3276800,602,602,-0.8322916626930237,0.010058867745101452,0.1,formal,formal/partials/NOG-FO__m8__seed627__cfg0ded1d80e7ab.json
NOG-FO,NOG-opt,624,624,312,8,y_bar,0.1,0.1,0.1,2,1.0,0.14430712163448334,8.249786412343383,8.249786412343383,5.684789527207613,13.893759366124868,627,100627,200627,722099645,sfo,5008,5008,626,"[626, 626, 626, 626, 626, 626, 626, 626]",3407872,626,626,-0.8324058651924133,0.009645276702940464,0.1,formal,formal/partials/NOG-FO__m8__seed627__cfg0ded1d80e7ab.json
NOG-FO,NOG-opt,648,648,324,8,y_bar,0.1,0.1,0.1,2,1.0,0.12601535022258759,8.560306886211038,8.560306886211038,5.839194882661104,14.479346092790365,627,100627,200627,722099645,sfo,5200,5200,650,"[650, 650, 650, 650, 650, 650, 650, 650]",3538944,650,650,-0.8323597311973572,0.01025459449738264,0.1,formal,formal/partials/NOG-FO__m8__seed627__cfg0ded1d80e7ab.json
NOG-FO,NOG-opt,672,672,336,8,y_bar,0.1,0.1,0.1,2,1.0,0.10822844505310059,8.79268404468894,8.79268404468894,5.978262661024928,15.161708055064082,627,100627,200627,722099645,sfo,5392,5392,674,"[674, 674, 674, 674, 674, 674, 674, 674]",3670016,674,674,-0.8324950933456421,0.009738755412399769,0.1,formal,formal/partials/NOG-FO__m8__seed627__cfg0ded1d80e7ab.json
NOG-FO,NOG-opt,696,696,348,8,y_bar,0.1,0.1,0.1,2,1.0,0.1272815614938736,9.188886599615216,9.188886599615216,6.308825936168432,16.139430539682508,627,100627,200627,722099645,sfo,5584,5584,698,"[698, 698, 698, 698, 698, 698, 698, 698]",3801088,698,698,-0.8324539661407471,0.009869277477264404,0.1,formal,formal/partials/NOG-FO__m8__seed627__cfg0ded1d80e7ab.json
NOG-FO,NOG-opt,720,720,360,8,y_bar,0.1,0.1,0.1,2,1.0,0.14121147990226746,9.422677125781775,9.422677125781775,6.433353964239359,16.846250655129552,627,100627,200627,722099645,sfo,5776,5776,722,"[722, 722, 722, 722, 722, 722, 722, 722]",3932160,722,722,-0.8322385549545288,0.010564016178250313,0.1,formal,formal/partials/NOG-FO__m8__seed627__cfg0ded1d80e7ab.json
NOG-FO,NOG-opt,744,744,372,8,y_bar,0.1,0.1,0.1,2,1.0,0.11603587120771408,9.735439935699105,9.735439935699105,6.683773722499609,17.76462033763528,627,100627,200627,722099645,sfo,5968,5968,746,"[746, 746, 746, 746, 746, 746, 746, 746]",4063232,746,746,-0.8322765231132507,0.010755451396107674,0.1,formal,formal/partials/NOG-FO__m8__seed627__cfg0ded1d80e7ab.json
NOG-FO,NOG-opt,768,768,384,8,y_bar,0.1,0.1,0.1,2,1.0,0.10916244238615036,10.894393481314182,10.894393481314182,7.71742383018136,18.89687978476286,627,100627,200627,722099645,sfo,6160,6160,770,"[770, 770, 770, 770, 770, 770, 770, 770]",4194304,770,770,-0.8320402503013611,0.012440637685358524,0.1,formal,formal/partials/NOG-FO__m8__seed627__cfg0ded1d80e7ab.json
NOG-FO,NOG-opt,792,792,396,8,y_bar,0.1,0.1,0.1,2,1.0,0.1290247142314911,11.207970125600696,11.207970125600696,7.908743146806955,19.72313840314746,627,100627,200627,722099645,sfo,6352,6352,794,"[794, 794, 794, 794, 794, 794, 794, 794]",4325376,794,794,-0.8322056531906128,0.011781574226915836,0.1,formal,formal/partials/NOG-FO__m8__seed627__cfg0ded1d80e7ab.json
NOG-FO,NOG-opt,816,816,408,8,y_bar,0.1,0.1,0.1,2,1.0,0.09357158094644547,11.526647169142962,11.526647169142962,8.03733004257083,20.60805139504373,627,100627,200627,722099645,sfo,6544,6544,818,"[818, 818, 818, 818, 818, 818, 818, 818]",4456448,818,818,-0.8323705196380615,0.010699072852730751,0.1,formal,formal/partials/NOG-FO__m8__seed627__cfg0ded1d80e7ab.json
NOG-FO,NOG-opt,840,840,420,8,y_bar,0.1,0.1,0.1,2,1.0,0.1400655210018158,11.933570954948664,11.933570954948664,8.380117859691381,21.507987421005964,627,100627,200627,722099645,sfo,6736,6736,842,"[842, 842, 842, 842, 842, 842, 842, 842]",4587520,842,842,-0.8325364589691162,0.009714245796203613,0.1,formal,formal/partials/NOG-FO__m8__seed627__cfg0ded1d80e7ab.json
NOG-FO,NOG-opt,864,864,432,8,y_bar,0.1,0.1,0.1,2,1.0,0.12105406075716019,12.401033394038677,12.401033394038677,8.723015146329999,22.807206071913242,627,100627,200627,722099645,sfo,6928,6928,866,"[866, 866, 866, 866, 866, 866, 866, 866]",4718592,866,866,-0.8326058387756348,0.00962203647941351,0.1,formal,formal/partials/NOG-FO__m8__seed627__cfg0ded1d80e7ab.json
NOG-FO,NOG-opt,888,888,444,8,y_bar,0.1,0.1,0.1,2,1.0,0.15870560705661774,12.795270485803485,12.795270485803485,9.052752958610654,23.139414459466934,627,100627,200627,722099645,sfo,7120,7120,890,"[890, 890, 890, 890, 890, 890, 890, 890]",4849664,890,890,-0.8325475454330444,0.010057888925075531,0.1,formal,formal/partials/NOG-FO__m8__seed627__cfg0ded1d80e7ab.json
NOG-FO,NOG-opt,912,912,456,8,y_bar,0.1,0.1,0.1,2,1.0,0.1481100618839264,13.283175528049469,13.283175528049469,9.408878605812788,23.734456539154053,627,100627,200627,722099645,sfo,7312,7312,914,"[914, 914, 914, 914, 914, 914, 914, 914]",4980736,914,914,-0.8323449492454529,0.010740209370851517,0.1,formal,formal/partials/NOG-FO__m8__seed627__cfg0ded1d80e7ab.json
NOG-FO,NOG-opt,936,936,468,8,y_bar,0.1,0.1,0.1,2,1.0,0.13571171462535858,13.750966861844063,13.750966861844063,9.754678279161453,24.440560849383473,627,100627,200627,722099645,sfo,7504,7504,938,"[938, 938, 938, 938, 938, 938, 938, 938]",5111808,938,938,-0.8324072360992432,0.010572224855422974,0.1,formal,formal/partials/NOG-FO__m8__seed627__cfg0ded1d80e7ab.json
NOG-FO,NOG-opt,960,960,480,8,y_bar,0.1,0.1,0.1,2,1.0,0.142191082239151,14.255131892859936,14.255131892859936,10.122901091352105,25.642760889604688,627,100627,200627,722099645,sfo,7696,7696,962,"[962, 962, 962, 962, 962, 962, 962, 962]",5242880,962,962,-0.832500696182251,0.009939171373844147,0.1,formal,formal/partials/NOG-FO__m8__seed627__cfg0ded1d80e7ab.json
NOG-FO,NOG-opt,24,24,12,8,y_bar,0.1,0.1,0.1,2,1.0,0.3565598130226135,0.5039339773356915,0.5039339773356915,0.36931986920535564,0.5802340004593134,628,100628,200628,79090054,sfo,208,208,26,"[26, 26, 26, 26, 26, 26, 26, 26]",131072,26,26,-0.08760769665241241,0.24557708203792572,0.1,formal,formal/partials/NOG-FO__m8__seed628__cfg5bf0b8de55e2.json
NOG-FO,NOG-opt,48,48,24,8,y_bar,0.1,0.1,0.1,2,1.0,0.3257882297039032,0.8326617311686277,0.8326617311686277,0.6334699746221304,1.2547618076205254,628,100628,200628,79090054,sfo,400,400,50,"[50, 50, 50, 50, 50, 50, 50, 50]",262144,50,50,-0.18146096169948578,0.2406914085149765,0.1,formal,formal/partials/NOG-FO__m8__seed628__cfg5bf0b8de55e2.json
NOG-FO,NOG-opt,72,72,36,8,y_bar,0.1,0.1,0.1,2,1.0,0.3133431673049927,1.2245085909962654,1.2245085909962654,0.9632389843463898,2.1536320075392723,628,100628,200628,79090054,sfo,592,592,74,"[74, 74, 74, 74, 74, 74, 74, 74]",393216,74,74,-0.27142661809921265,0.23271700739860535,0.1,formal,formal/partials/NOG-FO__m8__seed628__cfg5bf0b8de55e2.json
NOG-FO,NOG-opt,96,96,48,8,y_bar,0.1,0.1,0.1,2,1.0,0.3009013533592224,1.6274352818727493,1.6274352818727493,1.2320938371121883,2.9446554109454155,628,100628,200628,79090054,sfo,784,784,98,"[98, 98, 98, 98, 98, 98, 98, 98]",524288,98,98,-0.35602739453315735,0.22194363176822662,0.1,formal,formal/partials/NOG-FO__m8__seed628__cfg5bf0b8de55e2.json
NOG-FO,NOG-opt,120,120,60,8,y_bar,0.1,0.1,0.1,2,1.0,0.3043442368507385,2.041333382949233,2.041333382949233,1.5830609500408173,4.5437558349221945,628,100628,200628,79090054,sfo,976,976,122,"[122, 122, 122, 122, 122, 122, 122, 122]",655360,122,122,-0.43925607204437256,0.20785290002822876,0.1,formal,formal/partials/NOG-FO__m8__seed628__cfg5bf0b8de55e2.json
NOG-FO,NOG-opt,144,144,72,8,y_bar,0.1,0.1,0.1,2,1.0,0.2899833619594574,3.4438266921788454,3.4438266921788454,2.8130724914371967,6.058161163702607,628,100628,200628,79090054,sfo,1168,1168,146,"[146, 146, 146, 146, 146, 146, 146, 146]",786432,146,146,-0.5167566537857056,0.19099843502044678,0.1,formal,formal/partials/NOG-FO__m8__seed628__cfg5bf0b8de55e2.json
NOG-FO,NOG-opt,168,168,84,8,y_bar,0.1,0.1,0.1,2,1.0,0.26023945212364197,4.9568994380533695,4.9568994380533695,3.9917392171919346,7.955498514696956,628,100628,200628,79090054,sfo,1360,1360,170,"[170, 170, 170, 170, 170, 170, 170, 170]",917504,170,170,-0.5825538039207458,0.17331282794475555,0.1,formal,formal/partials/NOG-FO__m8__seed628__cfg5bf0b8de55e2.json
NOG-FO,NOG-opt,192,192,96,8,y_bar,0.1,0.1,0.1,2,1.0,0.23125512897968292,5.734515346586704,5.734515346586704,4.39737968146801,8.693745920434594,628,100628,200628,79090054,sfo,1552,1552,194,"[194, 194, 194, 194, 194, 194, 194, 194]",1048576,194,194,-0.6399178504943848,0.1543750762939453,0.1,formal,formal/partials/NOG-FO__m8__seed628__cfg5bf0b8de55e2.json
NOG-FO,NOG-opt,216,216,108,8,y_bar,0.1,0.1,0.1,2,1.0,0.2257690131664276,5.87218520976603,5.87218520976603,4.482796223834157,9.778602819889784,628,100628,200628,79090054,sfo,1744,1744,218,"[218, 218, 218, 218, 218, 218, 218, 218]",1179648,218,218,-0.6877121925354004,0.13527773320674896,0.1,formal,formal/partials/NOG-FO__m8__seed628__cfg5bf0b8de55e2.json
NOG-FO,NOG-opt,240,240,120,8,y_bar,0.1,0.1,0.1,2,1.0,0.2245214432477951,6.050132652744651,6.050132652744651,4.604840187355876,10.136641448363662,628,100628,200628,79090054,sfo,1936,1936,242,"[242, 242, 242, 242, 242, 242, 242, 242]",1310720,242,242,-0.7268598675727844,0.1163116842508316,0.1,formal,formal/partials/NOG-FO__m8__seed628__cfg5bf0b8de55e2.json
NOG-FO,NOG-opt,264,264,132,8,y_bar,0.1,0.1,0.1,2,1.0,0.1807945966720581,6.228367337957025,6.228367337957025,4.727305436506867,11.14252827130258,628,100628,200628,79090054,sfo,2128,2128,266,"[266, 266, 266, 266, 266, 266, 266, 266]",1441792,266,266,-0.7576422691345215,0.0983487069606781,0.1,formal,formal/partials/NOG-FO__m8__seed628__cfg5bf0b8de55e2.json
NOG-FO,NOG-opt,288,288,144,8,y_bar,0.1,0.1,0.1,2,1.0,0.19829678535461426,7.1285805106163025,7.1285805106163025,5.4410141464322805,14.224178461357951,628,100628,200628,79090054,sfo,2320,2320,290,"[290, 290, 290, 290, 290, 290, 290, 290]",1572864,290,290,-0.7810328006744385,0.08168894797563553,0.1,formal,formal/partials/NOG-FO__m8__seed628__cfg5bf0b8de55e2.json
NOG-FO,NOG-opt,312,312,156,8,y_bar,0.1,0.1,0.1,2,1.0,0.1761535406112671,7.645062975585461,7.645062975585461,5.893977237865329,15.9155207965523,628,100628,200628,79090054,sfo,2512,2512,314,"[314, 314, 314, 314, 314, 314, 314, 314]",1703936,314,314,-0.797417938709259,0.06753245741128922,0.1,formal,formal/partials/NOG-FO__m8__seed628__cfg5bf0b8de55e2.json
NOG-FO,NOG-opt,336,336,168,8,y_bar,0.1,0.1,0.1,2,1.0,0.16483266651630402,8.340513562783599,8.340513562783599,6.376603029668331,17.182568622753024,628,100628,200628,79090054,sfo,2704,2704,338,"[338, 338, 338, 338, 338, 338, 338, 338]",1835008,338,338,-0.8095566630363464,0.05451153218746185,0.1,formal,formal/partials/NOG-FO__m8__seed628__cfg5bf0b8de55e2.json
NOG-FO,NOG-opt,360,360,180,8,y_bar,0.1,0.1,0.1,2,1.0,0.1431533545255661,8.510199217125773,8.510199217125773,6.481608621776104,17.50852631777525,628,100628,200628,79090054,sfo,2896,2896,362,"[362, 362, 362, 362, 362, 362, 362, 362]",1966080,362,362,-0.8136649131774902,0.04947715252637863,0.1,formal,formal/partials/NOG-FO__m8__seed628__cfg5bf0b8de55e2.json
NOG-FO,NOG-opt,384,384,192,8,y_bar,0.1,0.1,0.1,2,1.0,0.1122596338391304,8.646944535896182,8.646944535896182,6.538249023258686,17.828938314691186,628,100628,200628,79090054,sfo,3088,3088,386,"[386, 386, 386, 386, 386, 386, 386, 386]",2097152,386,386,-0.8201345801353455,0.04019509628415108,0.1,formal,formal/partials/NOG-FO__m8__seed628__cfg5bf0b8de55e2.json
NOG-FO,NOG-opt,408,408,204,8,y_bar,0.1,0.1,0.1,2,1.0,0.11667072772979736,9.199255276471376,9.199255276471376,7.024769386276603,18.744814172387123,628,100628,200628,79090054,sfo,3280,3280,410,"[410, 410, 410, 410, 410, 410, 410, 410]",2228224,410,410,-0.8248094916343689,0.032028261572122574,0.1,formal,formal/partials/NOG-FO__m8__seed628__cfg5bf0b8de55e2.json
NOG-FO,NOG-opt,432,432,216,8,y_bar,0.1,0.1,0.1,2,1.0,0.11872702836990356,9.76330155134201,9.76330155134201,7.4072163961827755,19.18730230629444,628,100628,200628,79090054,sfo,3472,3472,434,"[434, 434, 434, 434, 434, 434, 434, 434]",2359296,434,434,-0.8276015520095825,0.026015138253569603,0.1,formal,formal/partials/NOG-FO__m8__seed628__cfg5bf0b8de55e2.json
NOG-FO,NOG-opt,456,456,228,8,y_bar,0.1,0.1,0.1,2,1.0,0.12150035798549652,10.113781709223986,10.113781709223986,7.659975312650204,19.618827987462282,628,100628,200628,79090054,sfo,3664,3664,458,"[458, 458, 458, 458, 458, 458, 458, 458]",2490368,458,458,-0.8297873139381409,0.02036364935338497,0.1,formal,formal/partials/NOG-FO__m8__seed628__cfg5bf0b8de55e2.json
NOG-FO,NOG-opt,480,480,240,8,y_bar,0.1,0.1,0.1,2,1.0,0.1461823582649231,10.480638673529029,10.480638673529029,7.9066171906888485,20.03081341460347,628,100628,200628,79090054,sfo,3856,3856,482,"[482, 482, 482, 482, 482, 482, 482, 482]",2621440,482,482,-0.8302881717681885,0.018514659255743027,0.1,formal,formal/partials/NOG-FO__m8__seed628__cfg5bf0b8de55e2.json
NOG-FO,NOG-opt,504,504,252,8,y_bar,0.1,0.1,0.1,2,1.0,0.06611496210098267,10.862265456467867,10.862265456467867,8.193749438971281,20.512793958187103,628,100628,200628,79090054,sfo,4048,4048,506,"[506, 506, 506, 506, 506, 506, 506, 506]",2752512,506,506,-0.8308510184288025,0.016880417242646217,0.1,formal,formal/partials/NOG-FO__m8__seed628__cfg5bf0b8de55e2.json
NOG-FO,NOG-opt,528,528,264,8,y_bar,0.1,0.1,0.1,2,1.0,0.08923852443695068,11.171609096229076,11.171609096229076,8.385072078555822,21.015055971220136,628,100628,200628,79090054,sfo,4240,4240,530,"[530, 530, 530, 530, 530, 530, 530, 530]",2883584,530,530,-0.8312017321586609,0.01537562906742096,0.1,formal,formal/partials/NOG-FO__m8__seed628__cfg5bf0b8de55e2.json
NOG-FO,NOG-opt,552,552,276,8,y_bar,0.1,0.1,0.1,2,1.0,0.1474071741104126,11.478670563548803,11.478670563548803,8.628907406702638,21.484307326376438,628,100628,200628,79090054,sfo,4432,4432,554,"[554, 554, 554, 554, 554, 554, 554, 554]",3014656,554,554,-0.8317855596542358,0.01273910328745842,0.1,formal,formal/partials/NOG-FO__m8__seed628__cfg5bf0b8de55e2.json
NOG-FO,NOG-opt,576,576,288,8,y_bar,0.1,0.1,0.1,2,1.0,0.09545697271823883,11.822826715186238,11.822826715186238,8.800524558871984,21.98204837180674,628,100628,200628,79090054,sfo,4624,4624,578,"[578, 578, 578, 578, 578, 578, 578, 578]",3145728,578,578,-0.8317035436630249,0.013242004439234734,0.1,formal,formal/partials/NOG-FO__m8__seed628__cfg5bf0b8de55e2.json
NOG-FO,NOG-opt,600,600,300,8,y_bar,0.1,0.1,0.1,2,1.0,0.1211044192314148,12.121410625055432,12.121410625055432,9.035871721804142,22.608848106116056,628,100628,200628,79090054,sfo,4816,4816,602,"[602, 602, 602, 602, 602, 602, 602, 602]",3276800,602,602,-0.8315144777297974,0.01369930524379015,0.1,formal,formal/partials/NOG-FO__m8__seed628__cfg5bf0b8de55e2.json
NOG-FO,NOG-opt,624,624,312,8,y_bar,0.1,0.1,0.1,2,1.0,0.1584693193435669,12.310614634305239,12.310614634305239,9.16322287172079,23.20431743748486,628,100628,200628,79090054,sfo,5008,5008,626,"[626, 626, 626, 626, 626, 626, 626, 626]",3407872,626,626,-0.8318551778793335,0.011796622537076473,0.1,formal,formal/partials/NOG-FO__m8__seed628__cfg5bf0b8de55e2.json
NOG-FO,NOG-opt,648,648,324,8,y_bar,0.1,0.1,0.1,2,1.0,0.09209081530570984,12.544827667996287,12.544827667996287,9.33335841819644,23.79391940496862,628,100628,200628,79090054,sfo,5200,5200,650,"[650, 650, 650, 650, 650, 650, 650, 650]",3538944,650,650,-0.8320138454437256,0.010637756437063217,0.1,formal,formal/partials/NOG-FO__m8__seed628__cfg5bf0b8de55e2.json
NOG-FO,NOG-opt,672,672,336,8,y_bar,0.1,0.1,0.1,2,1.0,0.14727751910686493,12.728569811210036,12.728569811210036,9.444549722597003,24.41404712572694,628,100628,200628,79090054,sfo,5392,5392,674,"[674, 674, 674, 674, 674, 674, 674, 674]",3670016,674,674,-0.8322433233261108,0.009763062000274658,0.1,formal,formal/partials/NOG-FO__m8__seed628__cfg5bf0b8de55e2.json
NOG-FO,NOG-opt,696,696,348,8,y_bar,0.1,0.1,0.1,2,1.0,0.11180804669857025,12.886581983417273,12.886581983417273,9.5346260368824,25.073295053094625,628,100628,200628,79090054,sfo,5584,5584,698,"[698, 698, 698, 698, 698, 698, 698, 698]",3801088,698,698,-0.8322399854660034,0.009607760235667229,0.1,formal,formal/partials/NOG-FO__m8__seed628__cfg5bf0b8de55e2.json
NOG-FO,NOG-opt,720,720,360,8,y_bar,0.1,0.1,0.1,2,1.0,0.09974618256092072,13.116467716172338,13.116467716172338,9.700700422748923,25.739057635888457,628,100628,200628,79090054,sfo,5776,5776,722,"[722, 722, 722, 722, 722, 722, 722, 722]",3932160,722,722,-0.832245409488678,0.009355245158076286,0.1,formal,formal/partials/NOG-FO__m8__seed628__cfg5bf0b8de55e2.json
NOG-FO,NOG-opt,744,744,372,8,y_bar,0.1,0.1,0.1,2,1.0,0.1278679221868515,13.346674656495452,13.346674656495452,9.835208198055625,26.378482280299067,628,100628,200628,79090054,sfo,5968,5968,746,"[746, 746, 746, 746, 746, 746, 746, 746]",4063232,746,746,-0.8323491215705872,0.0092258770018816,0.1,formal,formal/partials/NOG-FO__m8__seed628__cfg5bf0b8de55e2.json
NOG-FO,NOG-opt,768,768,384,8,y_bar,0.1,0.1,0.1,2,1.0,0.14715947210788727,13.577080735936761,13.577080735936761,10.001526473090053,26.861640652641654,628,100628,200628,79090054,sfo,6160,6160,770,"[770, 770, 770, 770, 770, 770, 770, 770]",4194304,770,770,-0.8320896029472351,0.010378774255514145,0.1,formal,formal/partials/NOG-FO__m8__seed628__cfg5bf0b8de55e2.json
NOG-FO,NOG-opt,792,792,396,8,y_bar,0.1,0.1,0.1,2,1.0,0.10617250949144363,13.908082311972976,13.908082311972976,10.200651820749044,27.244592832401395,628,100628,200628,79090054,sfo,6352,6352,794,"[794, 794, 794, 794, 794, 794, 794, 794]",4325376,794,794,-0.8319646120071411,0.010000634007155895,0.1,formal,formal/partials/NOG-FO__m8__seed628__cfg5bf0b8de55e2.json
NOG-FO,NOG-opt,816,816,408,8,y_bar,0.1,0.1,0.1,2,1.0,0.13001911342144012,14.43887952528894,14.43887952528894,10.582192180678248,27.691735615953803,628,100628,200628,79090054,sfo,6544,6544,818,"[818, 818, 818, 818, 818, 818, 818, 818]",4456448,818,818,-0.8320695161819458,0.010088573209941387,0.1,formal,formal/partials/NOG-FO__m8__seed628__cfg5bf0b8de55e2.json
NOG-FO,NOG-opt,840,840,420,8,y_bar,0.1,0.1,0.1,2,1.0,0.10944513231515884,14.929169403389096,14.929169403389096,10.862392861396074,28.02452428266406,628,100628,200628,79090054,sfo,6736,6736,842,"[842, 842, 842, 842, 842, 842, 842, 842]",4587520,842,842,-0.831882119178772,0.01069640088826418,0.1,formal,formal/partials/NOG-FO__m8__seed628__cfg5bf0b8de55e2.json
NOG-FO,NOG-opt,864,864,432,8,y_bar,0.1,0.1,0.1,2,1.0,0.13536126911640167,15.511858340352774,15.511858340352774,11.250603629276156,28.395781910046935,628,100628,200628,79090054,sfo,6928,6928,866,"[866, 866, 866, 866, 866, 866, 866, 866]",4718592,866,866,-0.832019031047821,0.010616603307425976,0.1,formal,formal/partials/NOG-FO__m8__seed628__cfg5bf0b8de55e2.json
NOG-FO,NOG-opt,888,888,444,8,y_bar,0.1,0.1,0.1,2,1.0,0.1358998715877533,16.015596954151988,16.015596954151988,11.61994244530797,28.720510141924024,628,100628,200628,79090054,sfo,7120,7120,890,"[890, 890, 890, 890, 890, 890, 890, 890]",4849664,890,890,-0.8319742679595947,0.010952000506222248,0.1,formal,formal/partials/NOG-FO__m8__seed628__cfg5bf0b8de55e2.json
NOG-FO,NOG-opt,912,912,456,8,y_bar,0.1,0.1,0.1,2,1.0,0.10850188881158829,16.579554682597518,16.579554682597518,11.9911726731807,29.11076134815812,628,100628,200628,79090054,sfo,7312,7312,914,"[914, 914, 914, 914, 914, 914, 914, 914]",4980736,914,914,-0.8322255611419678,0.009992644190788269,0.1,formal,formal/partials/NOG-FO__m8__seed628__cfg5bf0b8de55e2.json
NOG-FO,NOG-opt,936,936,468,8,y_bar,0.1,0.1,0.1,2,1.0,0.13691233098506927,17.081565933302045,17.081565933302045,12.352299351245165,29.475600762292743,628,100628,200628,79090054,sfo,7504,7504,938,"[938, 938, 938, 938, 938, 938, 938, 938]",5111808,938,938,-0.8321487307548523,0.010588809847831726,0.1,formal,formal/partials/NOG-FO__m8__seed628__cfg5bf0b8de55e2.json
NOG-FO,NOG-opt,960,960,480,8,y_bar,0.1,0.1,0.1,2,1.0,0.13754118978977203,17.51325265876949,17.51325265876949,12.588669799268246,29.939039865508676,628,100628,200628,79090054,sfo,7696,7696,962,"[962, 962, 962, 962, 962, 962, 962, 962]",5242880,962,962,-0.8319389820098877,0.011441212147474289,0.1,formal,formal/partials/NOG-FO__m8__seed628__cfg5bf0b8de55e2.json
NOG-FO,NOG-opt,24,24,12,8,y_bar,0.1,0.1,0.1,2,1.0,0.34500473737716675,1.5945883374661207,1.5945883374661207,0.43952465429902077,0.9040314480662346,629,100629,200629,678835569,sfo,208,208,26,"[26, 26, 26, 26, 26, 26, 26, 26]",131072,26,26,-0.08930625021457672,0.24699552357196808,0.1,formal,formal/partials/NOG-FO__m8__seed629__cfg561d871749c6.json
NOG-FO,NOG-opt,48,48,24,8,y_bar,0.1,0.1,0.1,2,1.0,0.3291711211204529,2.092212611809373,2.092212611809373,0.8721070569008589,1.4095136318355799,629,100629,200629,678835569,sfo,400,400,50,"[50, 50, 50, 50, 50, 50, 50, 50]",262144,50,50,-0.18402571976184845,0.24203309416770935,0.1,formal,formal/partials/NOG-FO__m8__seed629__cfg561d871749c6.json
NOG-FO,NOG-opt,72,72,36,8,y_bar,0.1,0.1,0.1,2,1.0,0.36816737055778503,2.464547596871853,2.464547596871853,1.181257700547576,1.83501916565001,629,100629,200629,678835569,sfo,592,592,74,"[74, 74, 74, 74, 74, 74, 74, 74]",393216,74,74,-0.2793426215648651,0.23345963656902313,0.1,formal,formal/partials/NOG-FO__m8__seed629__cfg561d871749c6.json
NOG-FO,NOG-opt,96,96,48,8,y_bar,0.1,0.1,0.1,2,1.0,0.31565895676612854,2.763704176992178,2.763704176992178,1.3720596954226494,2.268994180485606,629,100629,200629,678835569,sfo,784,784,98,"[98, 98, 98, 98, 98, 98, 98, 98]",524288,98,98,-0.37255486845970154,0.221260204911232,0.1,formal,formal/partials/NOG-FO__m8__seed629__cfg561d871749c6.json
NOG-FO,NOG-opt,120,120,60,8,y_bar,0.1,0.1,0.1,2,1.0,0.2966039776802063,3.0915070362389088,3.0915070362389088,1.6346136294305325,2.6980867721140385,629,100629,200629,678835569,sfo,976,976,122,"[122, 122, 122, 122, 122, 122, 122, 122]",655360,122,122,-0.4540700614452362,0.20698006451129913,0.1,formal,formal/partials/NOG-FO__m8__seed629__cfg561d871749c6.json
NOG-FO,NOG-opt,144,144,72,8,y_bar,0.1,0.1,0.1,2,1.0,0.26724162697792053,3.4049517679959536,3.4049517679959536,1.885970614850521,3.1002428382635117,629,100629,200629,678835569,sfo,1168,1168,146,"[146, 146, 146, 146, 146, 146, 146, 146]",786432,146,146,-0.5305410623550415,0.18990959227085114,0.1,formal,formal/partials/NOG-FO__m8__seed629__cfg561d871749c6.json
NOG-FO,NOG-opt,168,168,84,8,y_bar,0.1,0.1,0.1,2,1.0,0.2647203207015991,3.6939434986561537,3.6939434986561537,2.012896914035082,3.608533013612032,629,100629,200629,678835569,sfo,1360,1360,170,"[170, 170, 170, 170, 170, 170, 170, 170]",917504,170,170,-0.5967646837234497,0.1714717447757721,0.1,formal,formal/partials/NOG-FO__m8__seed629__cfg561d871749c6.json
NOG-FO,NOG-opt,192,192,96,8,y_bar,0.1,0.1,0.1,2,1.0,0.2375175803899765,4.063256921246648,4.063256921246648,2.2468978445976973,4.013800272718072,629,100629,200629,678835569,sfo,1552,1552,194,"[194, 194, 194, 194, 194, 194, 194, 194]",1048576,194,194,-0.653444766998291,0.15216690301895142,0.1,formal,formal/partials/NOG-FO__m8__seed629__cfg561d871749c6.json
NOG-FO,NOG-opt,216,216,108,8,y_bar,0.1,0.1,0.1,2,1.0,0.207703098654747,4.449222851544619,4.449222851544619,2.571435336023569,4.379081381484866,629,100629,200629,678835569,sfo,1744,1744,218,"[218, 218, 218, 218, 218, 218, 218, 218]",1179648,218,218,-0.7002509832382202,0.13280004262924194,0.1,formal,formal/partials/NOG-FO__m8__seed629__cfg561d871749c6.json
NOG-FO,NOG-opt,240,240,120,8,y_bar,0.1,0.1,0.1,2,1.0,0.21057911217212677,4.782698541879654,4.782698541879654,2.7123914286494255,4.807004923000932,629,100629,200629,678835569,sfo,1936,1936,242,"[242, 242, 242, 242, 242, 242, 242, 242]",1310720,242,242,-0.7401916980743408,0.11281940340995789,0.1,formal,formal/partials/NOG-FO__m8__seed629__cfg561d871749c6.json
NOG-FO,NOG-opt,264,264,132,8,y_bar,0.1,0.1,0.1,2,1.0,0.1295788288116455,5.132973873987794,5.132973873987794,2.993686707690358,5.261949643492699,629,100629,200629,678835569,sfo,2128,2128,266,"[266, 266, 266, 266, 266, 266, 266, 266]",1441792,266,266,-0.7708320617675781,0.09389010816812515,0.1,formal,formal/partials/NOG-FO__m8__seed629__cfg561d871749c6.json
NOG-FO,NOG-opt,288,288,144,8,y_bar,0.1,0.1,0.1,2,1.0,0.18335074186325073,5.45671690069139,5.45671690069139,3.252623777836561,5.695430871099234,629,100629,200629,678835569,sfo,2320,2320,290,"[290, 290, 290, 290, 290, 290, 290, 290]",1572864,290,290,-0.7914080023765564,0.07836108654737473,0.1,formal,formal/partials/NOG-FO__m8__seed629__cfg561d871749c6.json
NOG-FO,NOG-opt,312,312,156,8,y_bar,0.1,0.1,0.1,2,1.0,0.10963404923677444,5.902096936479211,5.902096936479211,3.6209265682846308,6.131078315898776,629,100629,200629,678835569,sfo,2512,2512,314,"[314, 314, 314, 314, 314, 314, 314, 314]",1703936,314,314,-0.8060987591743469,0.06492533534765244,0.1,formal,formal/partials/NOG-FO__m8__seed629__cfg561d871749c6.json
NOG-FO,NOG-opt,336,336,168,8,y_bar,0.1,0.1,0.1,2,1.0,0.14158625900745392,6.344329359009862,6.344329359009862,3.937526511028409,6.565244145691395,629,100629,200629,678835569,sfo,2704,2704,338,"[338, 338, 338, 338, 338, 338, 338, 338]",1835008,338,338,-0.8160990476608276,0.05345524102449417,0.1,formal,formal/partials/NOG-FO__m8__seed629__cfg561d871749c6.json
NOG-FO,NOG-opt,360,360,180,8,y_bar,0.1,0.1,0.1,2,1.0,0.11596835404634476,6.7990106996148825,6.7990106996148825,4.32965250685811,6.9933465626090765,629,100629,200629,678835569,sfo,2896,2896,362,"[362, 362, 362, 362, 362, 362, 362, 362]",1966080,362,362,-0.8228428363800049,0.04428106173872948,0.1,formal,formal/partials/NOG-FO__m8__seed629__cfg561d871749c6.json
NOG-FO,NOG-opt,384,384,192,8,y_bar,0.1,0.1,0.1,2,1.0,0.16123922169208527,7.169853484258056,7.169853484258056,4.6349096074700356,7.4972273875027895,629,100629,200629,678835569,sfo,3088,3088,386,"[386, 386, 386, 386, 386, 386, 386, 386]",2097152,386,386,-0.8272771835327148,0.037519242614507675,0.1,formal,formal/partials/NOG-FO__m8__seed629__cfg561d871749c6.json
NOG-FO,NOG-opt,408,408,204,8,y_bar,0.1,0.1,0.1,2,1.0,0.13988547027111053,7.465410152450204,7.465410152450204,4.790586046874523,8.112001482397318,629,100629,200629,678835569,sfo,3280,3280,410,"[410, 410, 410, 410, 410, 410, 410, 410]",2228224,410,410,-0.8308359384536743,0.03130362182855606,0.1,formal,formal/partials/NOG-FO__m8__seed629__cfg561d871749c6.json
NOG-FO,NOG-opt,432,432,216,8,y_bar,0.1,0.1,0.1,2,1.0,0.1500721275806427,7.84328455850482,7.84328455850482,5.031860124319792,8.677255699411035,629,100629,200629,678835569,sfo,3472,3472,434,"[434, 434, 434, 434, 434, 434, 434, 434]",2359296,434,434,-0.8334135413169861,0.025807207450270653,0.1,formal,formal/partials/NOG-FO__m8__seed629__cfg561d871749c6.json
NOG-FO,NOG-opt,456,456,228,8,y_bar,0.1,0.1,0.1,2,1.0,0.12050537765026093,8.361941022798419,8.361941022798419,5.484880585223436,9.13659362308681,629,100629,200629,678835569,sfo,3664,3664,458,"[458, 458, 458, 458, 458, 458, 458, 458]",2490368,458,458,-0.8348391652107239,0.021757982671260834,0.1,formal,formal/partials/NOG-FO__m8__seed629__cfg561d871749c6.json
NOG-FO,NOG-opt,480,480,240,8,y_bar,0.1,0.1,0.1,2,1.0,0.14777140319347382,8.797120094299316,8.797120094299316,5.716014688834548,9.584342360496521,629,100629,200629,678835569,sfo,3856,3856,482,"[482, 482, 482, 482, 482, 482, 482, 482]",2621440,482,482,-0.835946261882782,0.01818280667066574,0.1,formal,formal/partials/NOG-FO__m8__seed629__cfg561d871749c6.json
NOG-FO,NOG-opt,504,504,252,8,y_bar,0.1,0.1,0.1,2,1.0,0.14294981956481934,9.130654333159328,9.130654333159328,5.984131421893835,10.150307759642601,629,100629,200629,678835569,sfo,4048,4048,506,"[506, 506, 506, 506, 506, 506, 506, 506]",2752512,506,506,-0.8365979790687561,0.015580468811094761,0.1,formal,formal/partials/NOG-FO__m8__seed629__cfg561d871749c6.json
NOG-FO,NOG-opt,528,528,264,8,y_bar,0.1,0.1,0.1,2,1.0,0.1045585423707962,9.469593470916152,9.469593470916152,6.190342774614692,10.752478580921888,629,100629,200629,678835569,sfo,4240,4240,530,"[530, 530, 530, 530, 530, 530, 530, 530]",2883584,530,530,-0.8371115326881409,0.014180146157741547,0.1,formal,formal/partials/NOG-FO__m8__seed629__cfg561d871749c6.json
NOG-FO,NOG-opt,552,552,276,8,y_bar,0.1,0.1,0.1,2,1.0,0.1421448290348053,9.854907860979438,9.854907860979438,6.398149192333221,11.276370592415333,629,100629,200629,678835569,sfo,4432,4432,554,"[554, 554, 554, 554, 554, 554, 554, 554]",3014656,554,554,-0.8373042941093445,0.01273003127425909,0.1,formal,formal/partials/NOG-FO__m8__seed629__cfg561d871749c6.json
NOG-FO,NOG-opt,576,576,288,8,y_bar,0.1,0.1,0.1,2,1.0,0.13138701021671295,10.228831870481372,10.228831870481372,6.687619846314192,11.78524748980999,629,100629,200629,678835569,sfo,4624,4624,578,"[578, 578, 578, 578, 578, 578, 578, 578]",3145728,578,578,-0.8375340700149536,0.011898428201675415,0.1,formal,formal/partials/NOG-FO__m8__seed629__cfg561d871749c6.json
NOG-FO,NOG-opt,600,600,300,8,y_bar,0.1,0.1,0.1,2,1.0,0.15734869241714478,10.613895919173956,10.613895919173956,6.856722753494978,12.512589417397976,629,100629,200629,678835569,sfo,4816,4816,602,"[602, 602, 602, 602, 602, 602, 602, 602]",3276800,602,602,-0.837815523147583,0.010331228375434875,0.1,formal,formal/partials/NOG-FO__m8__seed629__cfg561d871749c6.json
NOG-FO,NOG-opt,624,624,312,8,y_bar,0.1,0.1,0.1,2,1.0,0.13401484489440918,11.169941345229745,11.169941345229745,7.201338076964021,13.052243461832404,629,100629,200629,678835569,sfo,5008,5008,626,"[626, 626, 626, 626, 626, 626, 626, 626]",3407872,626,626,-0.8379151821136475,0.0093733174726367,0.1,formal,formal/partials/NOG-FO__m8__seed629__cfg561d871749c6.json
NOG-FO,NOG-opt,648,648,324,8,y_bar,0.1,0.1,0.1,2,1.0,0.10357652604579926,11.609756492078304,11.609756492078304,7.511017041280866,13.795760003849864,629,100629,200629,678835569,sfo,5200,5200,650,"[650, 650, 650, 650, 650, 650, 650, 650]",3538944,650,650,-0.8379062414169312,0.009903887286782265,0.1,formal,formal/partials/NOG-FO__m8__seed629__cfg561d871749c6.json
NOG-FO,NOG-opt,672,672,336,8,y_bar,0.1,0.1,0.1,2,1.0,0.11290788650512695,12.157419914379716,12.157419914379716,7.927466955035925,15.32720954529941,629,100629,200629,678835569,sfo,5392,5392,674,"[674, 674, 674, 674, 674, 674, 674, 674]",3670016,674,674,-0.8379839658737183,0.008888560347259045,0.1,formal,formal/partials/NOG-FO__m8__seed629__cfg561d871749c6.json
NOG-FO,NOG-opt,696,696,348,8,y_bar,0.1,0.1,0.1,2,1.0,0.14495238661766052,12.629762740805745,12.629762740805745,8.07848964072764,16.0562339797616,629,100629,200629,678835569,sfo,5584,5584,698,"[698, 698, 698, 698, 698, 698, 698, 698]",3801088,698,698,-0.8380498886108398,0.008370602503418922,0.1,formal,formal/partials/NOG-FO__m8__seed629__cfg561d871749c6.json
NOG-FO,NOG-opt,720,720,360,8,y_bar,0.1,0.1,0.1,2,1.0,0.10149973630905151,13.03189668059349,13.03189668059349,8.28733367845416,16.845838457345963,629,100629,200629,678835569,sfo,5776,5776,722,"[722, 722, 722, 722, 722, 722, 722, 722]",3932160,722,722,-0.8377662897109985,0.010024359449744225,0.1,formal,formal/partials/NOG-FO__m8__seed629__cfg561d871749c6.json
NOG-FO,NOG-opt,744,744,372,8,y_bar,0.1,0.1,0.1,2,1.0,0.11765361577272415,13.51995924115181,13.51995924115181,8.522423898801208,17.56612565368414,629,100629,200629,678835569,sfo,5968,5968,746,"[746, 746, 746, 746, 746, 746, 746, 746]",4063232,746,746,-0.8375846147537231,0.01063962746411562,0.1,formal,formal/partials/NOG-FO__m8__seed629__cfg561d871749c6.json
NOG-FO,NOG-opt,768,768,384,8,y_bar,0.1,0.1,0.1,2,1.0,0.07612530887126923,13.9978416133672,13.9978416133672,8.874416844919324,18.762857515364885,629,100629,200629,678835569,sfo,6160,6160,770,"[770, 770, 770, 770, 770, 770, 770, 770]",4194304,770,770,-0.8377856612205505,0.00932912528514862,0.1,formal,formal/partials/NOG-FO__m8__seed629__cfg561d871749c6.json
NOG-FO,NOG-opt,792,792,396,8,y_bar,0.1,0.1,0.1,2,1.0,0.12499844282865524,14.525065712630749,14.525065712630749,9.336238911375403,19.27881450764835,629,100629,200629,678835569,sfo,6352,6352,794,"[794, 794, 794, 794, 794, 794, 794, 794]",4325376,794,794,-0.8377216458320618,0.009265100583434105,0.1,formal,formal/partials/NOG-FO__m8__seed629__cfg561d871749c6.json
NOG-FO,NOG-opt,816,816,408,8,y_bar,0.1,0.1,0.1,2,1.0,0.13550393283367157,14.879458580166101,14.879458580166101,9.563737139105797,19.767906146124005,629,100629,200629,678835569,sfo,6544,6544,818,"[818, 818, 818, 818, 818, 818, 818, 818]",4456448,818,818,-0.837812066078186,0.008837560191750526,0.1,formal,formal/partials/NOG-FO__m8__seed629__cfg561d871749c6.json
NOG-FO,NOG-opt,840,840,420,8,y_bar,0.1,0.1,0.1,2,1.0,0.12304221838712692,15.173253146931529,15.173253146931529,9.79563402198255,20.218592938035727,629,100629,200629,678835569,sfo,6736,6736,842,"[842, 842, 842, 842, 842, 842, 842, 842]",4587520,842,842,-0.8376882076263428,0.009405026212334633,0.1,formal,formal/partials/NOG-FO__m8__seed629__cfg561d871749c6.json
NOG-FO,NOG-opt,864,864,432,8,y_bar,0.1,0.1,0.1,2,1.0,0.12882904708385468,15.442143203690648,15.442143203690648,9.954541213810444,20.748620238155127,629,100629,200629,678835569,sfo,6928,6928,866,"[866, 866, 866, 866, 866, 866, 866, 866]",4718592,866,866,-0.8375979065895081,0.009441779926419258,0.1,formal,formal/partials/NOG-FO__m8__seed629__cfg561d871749c6.json
NOG-FO,NOG-opt,888,888,444,8,y_bar,0.1,0.1,0.1,2,1.0,0.121274434030056,15.677452264353633,15.677452264353633,10.066322702914476,21.17845920100808,629,100629,200629,678835569,sfo,7120,7120,890,"[890, 890, 890, 890, 890, 890, 890, 890]",4849664,890,890,-0.8376601934432983,0.009317922405898571,0.1,formal,formal/partials/NOG-FO__m8__seed629__cfg561d871749c6.json
NOG-FO,NOG-opt,912,912,456,8,y_bar,0.1,0.1,0.1,2,1.0,0.1106170043349266,15.969021674245596,15.969021674245596,10.253958392888308,21.691321525722742,629,100629,200629,678835569,sfo,7312,7312,914,"[914, 914, 914, 914, 914, 914, 914, 914]",4980736,914,914,-0.8373635411262512,0.010094678960740566,0.1,formal,formal/partials/NOG-FO__m8__seed629__cfg561d871749c6.json
NOG-FO,NOG-opt,936,936,468,8,y_bar,0.1,0.1,0.1,2,1.0,0.13976959884166718,16.23746137879789,16.23746137879789,10.4614721480757,22.145345678552985,629,100629,200629,678835569,sfo,7504,7504,938,"[938, 938, 938, 938, 938, 938, 938, 938]",5111808,938,938,-0.8376057147979736,0.00946204923093319,0.1,formal,formal/partials/NOG-FO__m8__seed629__cfg561d871749c6.json
NOG-FO,NOG-opt,960,960,480,8,y_bar,0.1,0.1,0.1,2,1.0,0.12625497579574585,16.63492299616337,16.63492299616337,10.787131618708372,22.975530579686165,629,100629,200629,678835569,sfo,7696,7696,962,"[962, 962, 962, 962, 962, 962, 962, 962]",5242880,962,962,-0.8375964164733887,0.009154943749308586,0.1,formal,formal/partials/NOG-FO__m8__seed629__cfg561d871749c6.json
NOG-FO,NOG-opt,24,24,12,8,y_bar,0.1,0.1,0.1,2,1.0,0.37587258219718933,0.23571173660457134,0.23571173660457134,0.1662086769938469,0.571613222360611,630,100630,200630,2090567113,sfo,208,208,26,"[26, 26, 26, 26, 26, 26, 26, 26]",131072,26,26,-0.08755022287368774,0.24935872852802277,0.1,formal,formal/partials/NOG-FO__m8__seed630__cfg76abe6f3e40f.json
NOG-FO,NOG-opt,48,48,24,8,y_bar,0.1,0.1,0.1,2,1.0,0.3518676161766052,0.5012834500521421,0.5012834500521421,0.3681691512465477,1.1307470593601465,630,100630,200630,2090567113,sfo,400,400,50,"[50, 50, 50, 50, 50, 50, 50, 50]",262144,50,50,-0.1865062415599823,0.2440609633922577,0.1,formal,formal/partials/NOG-FO__m8__seed630__cfg76abe6f3e40f.json
NOG-FO,NOG-opt,72,72,36,8,y_bar,0.1,0.1,0.1,2,1.0,0.3392782211303711,0.7016947511583567,0.7016947511583567,0.5098560694605112,1.6859853230416775,630,100630,200630,2090567113,sfo,592,592,74,"[74, 74, 74, 74, 74, 74, 74, 74]",393216,74,74,-0.27765578031539917,0.2356942594051361,0.1,formal,formal/partials/NOG-FO__m8__seed630__cfg76abe6f3e40f.json
NOG-FO,NOG-opt,96,96,48,8,y_bar,0.1,0.1,0.1,2,1.0,0.3384287655353546,0.9480780996382236,0.9480780996382236,0.6841935906559229,2.280817035585642,630,100630,200630,2090567113,sfo,784,784,98,"[98, 98, 98, 98, 98, 98, 98, 98]",524288,98,98,-0.37018316984176636,0.22340640425682068,0.1,formal,formal/partials/NOG-FO__m8__seed630__cfg76abe6f3e40f.json
NOG-FO,NOG-opt,120,120,60,8,y_bar,0.1,0.1,0.1,2,1.0,0.3123243749141693,1.144863760098815,1.144863760098815,0.8225755803287029,2.8870197348296642,630,100630,200630,2090567113,sfo,976,976,122,"[122, 122, 122, 122, 122, 122, 122, 122]",655360,122,122,-0.45111164450645447,0.20902056992053986,0.1,formal,formal/partials/NOG-FO__m8__seed630__cfg76abe6f3e40f.json
NOG-FO,NOG-opt,144,144,72,8,y_bar,0.1,0.1,0.1,2,1.0,0.26215115189552307,1.2798023633658886,1.2798023633658886,0.9048169571906328,3.484149716794491,630,100630,200630,2090567113,sfo,1168,1168,146,"[146, 146, 146, 146, 146, 146, 146, 146]",786432,146,146,-0.5272350311279297,0.19191394746303558,0.1,formal,formal/partials/NOG-FO__m8__seed630__cfg76abe6f3e40f.json
NOG-FO,NOG-opt,168,168,84,8,y_bar,0.1,0.1,0.1,2,1.0,0.2668949365615845,1.47677880525589,1.47677880525589,1.0471932478249073,4.335202053189278,630,100630,200630,2090567113,sfo,1360,1360,170,"[170, 170, 170, 170, 170, 170, 170, 170]",917504,170,170,-0.5945015549659729,0.1730518341064453,0.1,formal,formal/partials/NOG-FO__m8__seed630__cfg76abe6f3e40f.json
NOG-FO,NOG-opt,192,192,96,8,y_bar,0.1,0.1,0.1,2,1.0,0.23999765515327454,1.7877698745578527,1.7877698745578527,1.178421689197421,5.323776293545961,630,100630,200630,2090567113,sfo,1552,1552,194,"[194, 194, 194, 194, 194, 194, 194, 194]",1048576,194,194,-0.6515325307846069,0.15345753729343414,0.1,formal,formal/partials/NOG-FO__m8__seed630__cfg76abe6f3e40f.json
NOG-FO,NOG-opt,216,216,108,8,y_bar,0.1,0.1,0.1,2,1.0,0.21565166115760803,2.2021120227873325,2.2021120227873325,1.5302034262567759,6.551942549645901,630,100630,200630,2090567113,sfo,1744,1744,218,"[218, 218, 218, 218, 218, 218, 218, 218]",1179648,218,218,-0.700994610786438,0.13261404633522034,0.1,formal,formal/partials/NOG-FO__m8__seed630__cfg76abe6f3e40f.json
NOG-FO,NOG-opt,240,240,120,8,y_bar,0.1,0.1,0.1,2,1.0,0.15815873444080353,2.5174408219754696,2.5174408219754696,1.7238090075552464,8.73821260035038,630,100630,200630,2090567113,sfo,1936,1936,242,"[242, 242, 242, 242, 242, 242, 242, 242]",1310720,242,242,-0.7382883429527283,0.11353710293769836,0.1,formal,formal/partials/NOG-FO__m8__seed630__cfg76abe6f3e40f.json
NOG-FO,NOG-opt,264,264,132,8,y_bar,0.1,0.1,0.1,2,1.0,0.1808546483516693,3.124270996078849,3.124270996078849,2.1033497639000416,11.43683316744864,630,100630,200630,2090567113,sfo,2128,2128,266,"[266, 266, 266, 266, 266, 266, 266, 266]",1441792,266,266,-0.7669528722763062,0.09560371190309525,0.1,formal,formal/partials/NOG-FO__m8__seed630__cfg76abe6f3e40f.json
NOG-FO,NOG-opt,288,288,144,8,y_bar,0.1,0.1,0.1,2,1.0,0.15952874720096588,3.802251072600484,3.802251072600484,2.4981070421636105,13.337261827662587,630,100630,200630,2090567113,sfo,2320,2320,290,"[290, 290, 290, 290, 290, 290, 290, 290]",1572864,290,290,-0.7897009253501892,0.07816286385059357,0.1,formal,formal/partials/NOG-FO__m8__seed630__cfg76abe6f3e40f.json
NOG-FO,NOG-opt,312,312,156,8,y_bar,0.1,0.1,0.1,2,1.0,0.140163853764534,4.684383263811469,4.684383263811469,3.214283185079694,14.97885768301785,630,100630,200630,2090567113,sfo,2512,2512,314,"[314, 314, 314, 314, 314, 314, 314, 314]",1703936,314,314,-0.8068938255310059,0.06167120486497879,0.1,formal,formal/partials/NOG-FO__m8__seed630__cfg76abe6f3e40f.json
NOG-FO,NOG-opt,336,336,168,8,y_bar,0.1,0.1,0.1,2,1.0,0.15286913514137268,4.816412132233381,4.816412132233381,3.2763349637389183,15.29659042134881,630,100630,200630,2090567113,sfo,2704,2704,338,"[338, 338, 338, 338, 338, 338, 338, 338]",1835008,338,338,-0.816116213798523,0.05072842538356781,0.1,formal,formal/partials/NOG-FO__m8__seed630__cfg76abe6f3e40f.json
NOG-FO,NOG-opt,360,360,180,8,y_bar,0.1,0.1,0.1,2,1.0,0.1546434611082077,4.964271014556289,4.964271014556289,3.338344521820545,16.53782745823264,630,100630,200630,2090567113,sfo,2896,2896,362,"[362, 362, 362, 362, 362, 362, 362, 362]",1966080,362,362,-0.8236607313156128,0.03935062512755394,0.1,formal,formal/partials/NOG-FO__m8__seed630__cfg76abe6f3e40f.json
NOG-FO,NOG-opt,384,384,192,8,y_bar,0.1,0.1,0.1,2,1.0,0.1374131292104721,5.563385758548975,5.563385758548975,3.7074909806251526,18.621681585907936,630,100630,200630,2090567113,sfo,3088,3088,386,"[386, 386, 386, 386, 386, 386, 386, 386]",2097152,386,386,-0.8269467949867249,0.033841051161289215,0.1,formal,formal/partials/NOG-FO__m8__seed630__cfg76abe6f3e40f.json
NOG-FO,NOG-opt,408,408,204,8,y_bar,0.1,0.1,0.1,2,1.0,0.15120157599449158,6.2705969251692295,6.2705969251692295,4.2949803955852985,20.04546634480357,630,100630,200630,2090567113,sfo,3280,3280,410,"[410, 410, 410, 410, 410, 410, 410, 410]",2228224,410,410,-0.8309217691421509,0.02528359182178974,0.1,formal,formal/partials/NOG-FO__m8__seed630__cfg76abe6f3e40f.json
NOG-FO,NOG-opt,432,432,216,8,y_bar,0.1,0.1,0.1,2,1.0,0.13228480517864227,7.0662320870906115,7.0662320870906115,4.95172399841249,20.990180214866996,630,100630,200630,2090567113,sfo,3472,3472,434,"[434, 434, 434, 434, 434, 434, 434, 434]",2359296,434,434,-0.8323514461517334,0.021424945443868637,0.1,formal,formal/partials/NOG-FO__m8__seed630__cfg76abe6f3e40f.json
NOG-FO,NOG-opt,456,456,228,8,y_bar,0.1,0.1,0.1,2,1.0,0.14912858605384827,7.679681902751327,7.679681902751327,5.425221737474203,21.691335869953036,630,100630,200630,2090567113,sfo,3664,3664,458,"[458, 458, 458, 458, 458, 458, 458, 458]",2490368,458,458,-0.833493709564209,0.018716096878051758,0.1,formal,formal/partials/NOG-FO__m8__seed630__cfg76abe6f3e40f.json
NOG-FO,NOG-opt,480,480,240,8,y_bar,0.1,0.1,0.1,2,1.0,0.15255007147789001,8.373701909556985,8.373701909556985,5.91419418528676,22.23338098451495,630,100630,200630,2090567113,sfo,3856,3856,482,"[482, 482, 482, 482, 482, 482, 482, 482]",2621440,482,482,-0.8334580659866333,0.01804237999022007,0.1,formal,formal/partials/NOG-FO__m8__seed630__cfg76abe6f3e40f.json
NOG-FO,NOG-opt,504,504,252,8,y_bar,0.1,0.1,0.1,2,1.0,0.08664462715387344,8.629675982519984,8.629675982519984,6.106930470094085,22.62322715856135,630,100630,200630,2090567113,sfo,4048,4048,506,"[506, 506, 506, 506, 506, 506, 506, 506]",2752512,506,506,-0.8335999846458435,0.017713796347379684,0.1,formal,formal/partials/NOG-FO__m8__seed630__cfg76abe6f3e40f.json
NOG-FO,NOG-opt,528,528,264,8,y_bar,0.1,0.1,0.1,2,1.0,0.12897926568984985,9.328796966001391,9.328796966001391,6.689710460603237,23.008448658511043,630,100630,200630,2090567113,sfo,4240,4240,530,"[530, 530, 530, 530, 530, 530, 530, 530]",2883584,530,530,-0.8348085880279541,0.013180876150727272,0.1,formal,formal/partials/NOG-FO__m8__seed630__cfg76abe6f3e40f.json
NOG-FO,NOG-opt,552,552,276,8,y_bar,0.1,0.1,0.1,2,1.0,0.1400124877691269,9.621256221085787,9.621256221085787,6.833732897415757,23.574413998052478,630,100630,200630,2090567113,sfo,4432,4432,554,"[554, 554, 554, 554, 554, 554, 554, 554]",3014656,554,554,-0.8352904319763184,0.011891109868884087,0.1,formal,formal/partials/NOG-FO__m8__seed630__cfg76abe6f3e40f.json
NOG-FO,NOG-opt,576,576,288,8,y_bar,0.1,0.1,0.1,2,1.0,0.12827491760253906,9.879011482000351,9.879011482000351,7.0309799294918776,24.169316548854113,630,100630,200630,2090567113,sfo,4624,4624,578,"[578, 578, 578, 578, 578, 578, 578, 578]",3145728,578,578,-0.8353520631790161,0.011281881481409073,0.1,formal,formal/partials/NOG-FO__m8__seed630__cfg76abe6f3e40f.json
NOG-FO,NOG-opt,600,600,300,8,y_bar,0.1,0.1,0.1,2,1.0,0.07886533439159393,10.16250135190785,10.16250135190785,7.196676583960652,24.71806319989264,630,100630,200630,2090567113,sfo,4816,4816,602,"[602, 602, 602, 602, 602, 602, 602, 602]",3276800,602,602,-0.8353625535964966,0.012394430115818977,0.1,formal,formal/partials/NOG-FO__m8__seed630__cfg76abe6f3e40f.json
NOG-FO,NOG-opt,624,624,312,8,y_bar,0.1,0.1,0.1,2,1.0,0.14424966275691986,10.481943268328905,10.481943268328905,7.450181234627962,25.246734347194433,630,100630,200630,2090567113,sfo,5008,5008,626,"[626, 626, 626, 626, 626, 626, 626, 626]",3407872,626,626,-0.8357095122337341,0.010240540839731693,0.1,formal,formal/partials/NOG-FO__m8__seed630__cfg76abe6f3e40f.json
NOG-FO,NOG-opt,648,648,324,8,y_bar,0.1,0.1,0.1,2,1.0,0.09291306883096695,10.840381959453225,10.840381959453225,7.749212110415101,25.765645438805223,630,100630,200630,2090567113,sfo,5200,5200,650,"[650, 650, 650, 650, 650, 650, 650, 650]",3538944,650,650,-0.8359345197677612,0.010072587989270687,0.1,formal,formal/partials/NOG-FO__m8__seed630__cfg76abe6f3e40f.json
NOG-FO,NOG-opt,672,672,336,8,y_bar,0.1,0.1,0.1,2,1.0,0.12943628430366516,11.21899326890707,11.21899326890707,7.977811215445399,26.31762821599841,630,100630,200630,2090567113,sfo,5392,5392,674,"[674, 674, 674, 674, 674, 674, 674, 674]",3670016,674,674,-0.8358718752861023,0.009990711696445942,0.1,formal,formal/partials/NOG-FO__m8__seed630__cfg76abe6f3e40f.json
NOG-FO,NOG-opt,696,696,348,8,y_bar,0.1,0.1,0.1,2,1.0,0.13171517848968506,11.572950949892402,11.572950949892402,8.271442400291562,26.84506554529071,630,100630,200630,2090567113,sfo,5584,5584,698,"[698, 698, 698, 698, 698, 698, 698, 698]",3801088,698,698,-0.8359885215759277,0.009894400835037231,0.1,formal,formal/partials/NOG-FO__m8__seed630__cfg76abe6f3e40f.json
NOG-FO,NOG-opt,720,720,360,8,y_bar,0.1,0.1,0.1,2,1.0,0.15047071874141693,11.912772808223963,11.912772808223963,8.496803006157279,27.33930104225874,630,100630,200630,2090567113,sfo,5776,5776,722,"[722, 722, 722, 722, 722, 722, 722, 722]",3932160,722,722,-0.8359255790710449,0.009848634712398052,0.1,formal,formal/partials/NOG-FO__m8__seed630__cfg76abe6f3e40f.json
NOG-FO,NOG-opt,744,744,372,8,y_bar,0.1,0.1,0.1,2,1.0,0.18561506271362305,12.207064133137465,12.207064133137465,8.66789124906063,27.91121208667755,630,100630,200630,2090567113,sfo,5968,5968,746,"[746, 746, 746, 746, 746, 746, 746, 746]",4063232,746,746,-0.8359599113464355,0.009411413222551346,0.1,formal,formal/partials/NOG-FO__m8__seed630__cfg76abe6f3e40f.json
NOG-FO,NOG-opt,768,768,384,8,y_bar,0.1,0.1,0.1,2,1.0,0.16204333305358887,12.454291759058833,12.454291759058833,8.860067507252097,28.513206059113145,630,100630,200630,2090567113,sfo,6160,6160,770,"[770, 770, 770, 770, 770, 770, 770, 770]",4194304,770,770,-0.8360156416893005,0.009274404495954514,0.1,formal,formal/partials/NOG-FO__m8__seed630__cfg76abe6f3e40f.json
NOG-FO,NOG-opt,792,792,396,8,y_bar,0.1,0.1,0.1,2,1.0,0.1252560019493103,12.72216460108757,12.72216460108757,9.062725830823183,29.051572309806943,630,100630,200630,2090567113,sfo,6352,6352,794,"[794, 794, 794, 794, 794, 794, 794, 794]",4325376,794,794,-0.8359712958335876,0.009219415485858917,0.1,formal,formal/partials/NOG-FO__m8__seed630__cfg76abe6f3e40f.json
NOG-FO,NOG-opt,816,816,408,8,y_bar,0.1,0.1,0.1,2,1.0,0.10915257781744003,12.90858587808907,12.90858587808907,9.196010822430253,29.638883467763662,630,100630,200630,2090567113,sfo,6544,6544,818,"[818, 818, 818, 818, 818, 818, 818, 818]",4456448,818,818,-0.8360872268676758,0.008948485367000103,0.1,formal,formal/partials/NOG-FO__m8__seed630__cfg76abe6f3e40f.json
NOG-FO,NOG-opt,840,840,420,8,y_bar,0.1,0.1,0.1,2,1.0,0.12931019067764282,13.09895652346313,13.09895652346313,9.331079237163067,30.17040529847145,630,100630,200630,2090567113,sfo,6736,6736,842,"[842, 842, 842, 842, 842, 842, 842, 842]",4587520,842,842,-0.8358350396156311,0.009818952530622482,0.1,formal,formal/partials/NOG-FO__m8__seed630__cfg76abe6f3e40f.json
NOG-FO,NOG-opt,864,864,432,8,y_bar,0.1,0.1,0.1,2,1.0,0.10748590528964996,13.340418728068471,13.340418728068471,9.512701595202088,30.71203723549843,630,100630,200630,2090567113,sfo,6928,6928,866,"[866, 866, 866, 866, 866, 866, 866, 866]",4718592,866,866,-0.8357959985733032,0.009908872656524181,0.1,formal,formal/partials/NOG-FO__m8__seed630__cfg76abe6f3e40f.json
NOG-FO,NOG-opt,888,888,444,8,y_bar,0.1,0.1,0.1,2,1.0,0.12627041339874268,13.611088812351227,13.611088812351227,9.636715944856405,31.303673036396503,630,100630,200630,2090567113,sfo,7120,7120,890,"[890, 890, 890, 890, 890, 890, 890, 890]",4849664,890,890,-0.8357014656066895,0.009728560224175453,0.1,formal,formal/partials/NOG-FO__m8__seed630__cfg76abe6f3e40f.json
NOG-FO,NOG-opt,912,912,456,8,y_bar,0.1,0.1,0.1,2,1.0,0.1021103709936142,13.843824235722423,13.843824235722423,9.81458024866879,31.85771461762488,630,100630,200630,2090567113,sfo,7312,7312,914,"[914, 914, 914, 914, 914, 914, 914, 914]",4980736,914,914,-0.835701584815979,0.009513265453279018,0.1,formal,formal/partials/NOG-FO__m8__seed630__cfg76abe6f3e40f.json
NOG-FO,NOG-opt,936,936,468,8,y_bar,0.1,0.1,0.1,2,1.0,0.150252103805542,14.132484078407288,14.132484078407288,9.969531523063779,32.364717153832316,630,100630,200630,2090567113,sfo,7504,7504,938,"[938, 938, 938, 938, 938, 938, 938, 938]",5111808,938,938,-0.8356070518493652,0.009927057661116123,0.1,formal,formal/partials/NOG-FO__m8__seed630__cfg76abe6f3e40f.json
NOG-FO,NOG-opt,960,960,480,8,y_bar,0.1,0.1,0.1,2,1.0,0.14317379891872406,14.410214377567172,14.410214377567172,10.113684758543968,32.89461996220052,630,100630,200630,2090567113,sfo,7696,7696,962,"[962, 962, 962, 962, 962, 962, 962, 962]",5242880,962,962,-0.8358277678489685,0.009529843926429749,0.1,formal,formal/partials/NOG-FO__m8__seed630__cfg76abe6f3e40f.json
NOG-FO,NOG-opt,24,24,12,8,y_bar,0.1,0.1,0.1,2,1.0,0.3360542953014374,0.4251847881823778,0.4251847881823778,0.2851797677576542,1.1016834042966366,631,100631,200631,1839097397,sfo,208,208,26,"[26, 26, 26, 26, 26, 26, 26, 26]",131072,26,26,-0.09331924468278885,0.2514113485813141,0.1,formal,formal/partials/NOG-FO__m8__seed631__cfg946a7409f371.json
NOG-FO,NOG-opt,48,48,24,8,y_bar,0.1,0.1,0.1,2,1.0,0.35679271817207336,0.7318978980183601,0.7318978980183601,0.5298353042453527,1.5619296859949827,631,100631,200631,1839097397,sfo,400,400,50,"[50, 50, 50, 50, 50, 50, 50, 50]",262144,50,50,-0.19024688005447388,0.24608543515205383,0.1,formal,formal/partials/NOG-FO__m8__seed631__cfg946a7409f371.json
NOG-FO,NOG-opt,72,72,36,8,y_bar,0.1,0.1,0.1,2,1.0,0.32314538955688477,0.9325147345662117,0.9325147345662117,0.6646384056657553,2.4846477806568146,631,100631,200631,1839097397,sfo,592,592,74,"[74, 74, 74, 74, 74, 74, 74, 74]",393216,74,74,-0.28213828802108765,0.23759396374225616,0.1,formal,formal/partials/NOG-FO__m8__seed631__cfg946a7409f371.json
NOG-FO,NOG-opt,96,96,48,8,y_bar,0.1,0.1,0.1,2,1.0,0.3075145483016968,1.1178860496729612,1.1178860496729612,0.7629668973386288,2.9993368107825518,631,100631,200631,1839097397,sfo,784,784,98,"[98, 98, 98, 98, 98, 98, 98, 98]",524288,98,98,-0.37447598576545715,0.2252790927886963,0.1,formal,formal/partials/NOG-FO__m8__seed631__cfg946a7409f371.json
NOG-FO,NOG-opt,120,120,60,8,y_bar,0.1,0.1,0.1,2,1.0,0.2920610010623932,1.467079358175397,1.467079358175397,0.9979963563382626,3.5374838318675756,631,100631,200631,1839097397,sfo,976,976,122,"[122, 122, 122, 122, 122, 122, 122, 122]",655360,122,122,-0.45824724435806274,0.21032343804836273,0.1,formal,formal/partials/NOG-FO__m8__seed631__cfg946a7409f371.json
NOG-FO,NOG-opt,144,144,72,8,y_bar,0.1,0.1,0.1,2,1.0,0.27801376581192017,1.7237978000193834,1.7237978000193834,1.1963389851152897,4.057253113016486,631,100631,200631,1839097397,sfo,1168,1168,146,"[146, 146, 146, 146, 146, 146, 146, 146]",786432,146,146,-0.5388968586921692,0.19183187186717987,0.1,formal,formal/partials/NOG-FO__m8__seed631__cfg946a7409f371.json
NOG-FO,NOG-opt,168,168,84,8,y_bar,0.1,0.1,0.1,2,1.0,0.23114973306655884,2.0050339102745056,2.0050339102745056,1.416920393705368,4.576688127592206,631,100631,200631,1839097397,sfo,1360,1360,170,"[170, 170, 170, 170, 170, 170, 170, 170]",917504,170,170,-0.6078747510910034,0.17199531197547913,0.1,formal,formal/partials/NOG-FO__m8__seed631__cfg946a7409f371.json
NOG-FO,NOG-opt,192,192,96,8,y_bar,0.1,0.1,0.1,2,1.0,0.23233695328235626,2.2990174423903227,2.2990174423903227,1.5961314272135496,5.076386921107769,631,100631,200631,1839097397,sfo,1552,1552,194,"[194, 194, 194, 194, 194, 194, 194, 194]",1048576,194,194,-0.6670278310775757,0.15088044106960297,0.1,formal,formal/partials/NOG-FO__m8__seed631__cfg946a7409f371.json
NOG-FO,NOG-opt,216,216,108,8,y_bar,0.1,0.1,0.1,2,1.0,0.21824966371059418,2.6073609832674265,2.6073609832674265,1.8332086987793446,5.559792626649141,631,100631,200631,1839097397,sfo,1744,1744,218,"[218, 218, 218, 218, 218, 218, 218, 218]",1179648,218,218,-0.7139972448348999,0.13033103942871094,0.1,formal,formal/partials/NOG-FO__m8__seed631__cfg946a7409f371.json
NOG-FO,NOG-opt,240,240,120,8,y_bar,0.1,0.1,0.1,2,1.0,0.1766260266304016,3.028685474768281,3.028685474768281,2.1710637137293816,5.957656174898148,631,100631,200631,1839097397,sfo,1936,1936,242,"[242, 242, 242, 242, 242, 242, 242, 242]",1310720,242,242,-0.7529241442680359,0.10959669947624207,0.1,formal,formal/partials/NOG-FO__m8__seed631__cfg946a7409f371.json
NOG-FO,NOG-opt,264,264,132,8,y_bar,0.1,0.1,0.1,2,1.0,0.17185445129871368,3.508618937805295,3.508618937805295,2.5206009335815907,6.353910639882088,631,100631,200631,1839097397,sfo,2128,2128,266,"[266, 266, 266, 266, 266, 266, 266, 266]",1441792,266,266,-0.7809436321258545,0.09121965616941452,0.1,formal,formal/partials/NOG-FO__m8__seed631__cfg946a7409f371.json
NOG-FO,NOG-opt,288,288,144,8,y_bar,0.1,0.1,0.1,2,1.0,0.167340949177742,3.994609856978059,3.994609856978059,2.934749148786068,6.776637565344572,631,100631,200631,1839097397,sfo,2320,2320,290,"[290, 290, 290, 290, 290, 290, 290, 290]",1572864,290,290,-0.8027225732803345,0.07345093041658401,0.1,formal,formal/partials/NOG-FO__m8__seed631__cfg946a7409f371.json
NOG-FO,NOG-opt,312,312,156,8,y_bar,0.1,0.1,0.1,2,1.0,0.14216278493404388,4.389670269563794,4.389670269563794,3.266150202602148,7.207679234445095,631,100631,200631,1839097397,sfo,2512,2512,314,"[314, 314, 314, 314, 314, 314, 314, 314]",1703936,314,314,-0.8168221116065979,0.05906544625759125,0.1,formal,formal/partials/NOG-FO__m8__seed631__cfg946a7409f371.json
NOG-FO,NOG-opt,336,336,168,8,y_bar,0.1,0.1,0.1,2,1.0,0.1319505125284195,4.772836433723569,4.772836433723569,3.580338144674897,7.716471081599593,631,100631,200631,1839097397,sfo,2704,2704,338,"[338, 338, 338, 338, 338, 338, 338, 338]",1835008,338,338,-0.8250844478607178,0.04858482629060745,0.1,formal,formal/partials/NOG-FO__m8__seed631__cfg946a7409f371.json
NOG-FO,NOG-opt,360,360,180,8,y_bar,0.1,0.1,0.1,2,1.0,0.1579035520553589,5.131351096555591,5.131351096555591,3.8307600300759077,8.13699160888791,631,100631,200631,1839097397,sfo,2896,2896,362,"[362, 362, 362, 362, 362, 362, 362, 362]",1966080,362,362,-0.8305860161781311,0.04038097336888313,0.1,formal,formal/partials/NOG-FO__m8__seed631__cfg946a7409f371.json
NOG-FO,NOG-opt,384,384,192,8,y_bar,0.1,0.1,0.1,2,1.0,0.15229173004627228,5.445999909192324,5.445999909192324,3.975960560142994,8.617283999919891,631,100631,200631,1839097397,sfo,3088,3088,386,"[386, 386, 386, 386, 386, 386, 386, 386]",2097152,386,386,-0.8358430862426758,0.030574645847082138,0.1,formal,formal/partials/NOG-FO__m8__seed631__cfg946a7409f371.json
NOG-FO,NOG-opt,408,408,204,8,y_bar,0.1,0.1,0.1,2,1.0,0.11889778077602386,5.759108569473028,5.759108569473028,4.230931110680103,9.107194356620312,631,100631,200631,1839097397,sfo,3280,3280,410,"[410, 410, 410, 410, 410, 410, 410, 410]",2228224,410,410,-0.8384475708007812,0.02460744045674801,0.1,formal,formal/partials/NOG-FO__m8__seed631__cfg946a7409f371.json
NOG-FO,NOG-opt,432,432,216,8,y_bar,0.1,0.1,0.1,2,1.0,0.14625729620456696,6.065215140581131,6.065215140581131,4.479510083794594,9.596037911251187,631,100631,200631,1839097397,sfo,3472,3472,434,"[434, 434, 434, 434, 434, 434, 434, 434]",2359296,434,434,-0.8402274250984192,0.019945254549384117,0.1,formal,formal/partials/NOG-FO__m8__seed631__cfg946a7409f371.json
NOG-FO,NOG-opt,456,456,228,8,y_bar,0.1,0.1,0.1,2,1.0,0.10743029415607452,6.3673773892223835,6.3673773892223835,4.720274707302451,10.049111699685454,631,100631,200631,1839097397,sfo,3664,3664,458,"[458, 458, 458, 458, 458, 458, 458, 458]",2490368,458,458,-0.8408738970756531,0.018193284049630165,0.1,formal,formal/partials/NOG-FO__m8__seed631__cfg946a7409f371.json
NOG-FO,NOG-opt,480,480,240,8,y_bar,0.1,0.1,0.1,2,1.0,0.10133159160614014,6.723672736436129,6.723672736436129,5.012316815555096,10.53919175453484,631,100631,200631,1839097397,sfo,3856,3856,482,"[482, 482, 482, 482, 482, 482, 482, 482]",2621440,482,482,-0.8417501449584961,0.015281189233064651,0.1,formal,formal/partials/NOG-FO__m8__seed631__cfg946a7409f371.json
NOG-FO,NOG-opt,504,504,252,8,y_bar,0.1,0.1,0.1,2,1.0,0.08845356106758118,7.034523649141192,7.034523649141192,5.264582306146622,11.005173342302442,631,100631,200631,1839097397,sfo,4048,4048,506,"[506, 506, 506, 506, 506, 506, 506, 506]",2752512,506,506,-0.8425372838973999,0.012581149116158485,0.1,formal,formal/partials/NOG-FO__m8__seed631__cfg946a7409f371.json
NOG-FO,NOG-opt,528,528,264,8,y_bar,0.1,0.1,0.1,2,1.0,0.13847556710243225,7.349087240174413,7.349087240174413,5.518730100244284,11.420871872454882,631,100631,200631,1839097397,sfo,4240,4240,530,"[530, 530, 530, 530, 530, 530, 530, 530]",2883584,530,530,-0.8430134654045105,0.010575154796242714,0.1,formal,formal/partials/NOG-FO__m8__seed631__cfg946a7409f371.json
NOG-FO,NOG-opt,552,552,276,8,y_bar,0.1,0.1,0.1,2,1.0,0.11127366870641708,7.8310865350067616,7.8310865350067616,5.873557908460498,12.190610466524959,631,100631,200631,1839097397,sfo,4432,4432,554,"[554, 554, 554, 554, 554, 554, 554, 554]",3014656,554,554,-0.8432826995849609,0.009829704649746418,0.1,formal,formal/partials/NOG-FO__m8__seed631__cfg946a7409f371.json
NOG-FO,NOG-opt,576,576,288,8,y_bar,0.1,0.1,0.1,2,1.0,0.14166948199272156,8.251712625846267,8.251712625846267,6.232960555702448,12.663830881938338,631,100631,200631,1839097397,sfo,4624,4624,578,"[578, 578, 578, 578, 578, 578, 578, 578]",3145728,578,578,-0.8432473540306091,0.009686954319477081,0.1,formal,formal/partials/NOG-FO__m8__seed631__cfg946a7409f371.json
NOG-FO,NOG-opt,600,600,300,8,y_bar,0.1,0.1,0.1,2,1.0,0.12682482600212097,8.75893216021359,8.75893216021359,6.677714616060257,13.444054087623954,631,100631,200631,1839097397,sfo,4816,4816,602,"[602, 602, 602, 602, 602, 602, 602, 602]",3276800,602,602,-0.8432610630989075,0.009503442794084549,0.1,formal,formal/partials/NOG-FO__m8__seed631__cfg946a7409f371.json
NOG-FO,NOG-opt,624,624,312,8,y_bar,0.1,0.1,0.1,2,1.0,0.12749966979026794,9.449511492624879,9.449511492624879,7.237154588103294,15.121837642043829,631,100631,200631,1839097397,sfo,5008,5008,626,"[626, 626, 626, 626, 626, 626, 626, 626]",3407872,626,626,-0.8433952331542969,0.009889691136777401,0.1,formal,formal/partials/NOG-FO__m8__seed631__cfg946a7409f371.json
NOG-FO,NOG-opt,648,648,324,8,y_bar,0.1,0.1,0.1,2,1.0,0.1137223094701767,9.975803913548589,9.975803913548589,7.555152805522084,15.904012279585004,631,100631,200631,1839097397,sfo,5200,5200,650,"[650, 650, 650, 650, 650, 650, 650, 650]",3538944,650,650,-0.8432885408401489,0.01011890359222889,0.1,formal,formal/partials/NOG-FO__m8__seed631__cfg946a7409f371.json
NOG-FO,NOG-opt,672,672,336,8,y_bar,0.1,0.1,0.1,2,1.0,0.09624281525611877,10.47301177866757,10.47301177866757,7.86186783388257,16.619644783437252,631,100631,200631,1839097397,sfo,5392,5392,674,"[674, 674, 674, 674, 674, 674, 674, 674]",3670016,674,674,-0.8431494832038879,0.010734593495726585,0.1,formal,formal/partials/NOG-FO__m8__seed631__cfg946a7409f371.json
NOG-FO,NOG-opt,696,696,348,8,y_bar,0.1,0.1,0.1,2,1.0,0.10778234899044037,10.944855336099863,10.944855336099863,8.139686521142721,17.337854109704494,631,100631,200631,1839097397,sfo,5584,5584,698,"[698, 698, 698, 698, 698, 698, 698, 698]",3801088,698,698,-0.8431740403175354,0.01076976116746664,0.1,formal,formal/partials/NOG-FO__m8__seed631__cfg946a7409f371.json
NOG-FO,NOG-opt,720,720,360,8,y_bar,0.1,0.1,0.1,2,1.0,0.12988464534282684,11.409348296001554,11.409348296001554,8.543321074917912,18.743359241634607,631,100631,200631,1839097397,sfo,5776,5776,722,"[722, 722, 722, 722, 722, 722, 722, 722]",3932160,722,722,-0.843084990978241,0.010521050542593002,0.1,formal,formal/partials/NOG-FO__m8__seed631__cfg946a7409f371.json
NOG-FO,NOG-opt,744,744,372,8,y_bar,0.1,0.1,0.1,2,1.0,0.1089048832654953,11.896888362243772,11.896888362243772,8.967971365898848,19.226734476163983,631,100631,200631,1839097397,sfo,5968,5968,746,"[746, 746, 746, 746, 746, 746, 746, 746]",4063232,746,746,-0.8434600830078125,0.00868855882436037,0.1,formal,formal/partials/NOG-FO__m8__seed631__cfg946a7409f371.json
NOG-FO,NOG-opt,768,768,384,8,y_bar,0.1,0.1,0.1,2,1.0,0.107821024954319,12.404198063537478,12.404198063537478,9.408437144011259,19.61101352982223,631,100631,200631,1839097397,sfo,6160,6160,770,"[770, 770, 770, 770, 770, 770, 770, 770]",4194304,770,770,-0.8434412479400635,0.008831690065562725,0.1,formal,formal/partials/NOG-FO__m8__seed631__cfg946a7409f371.json
NOG-FO,NOG-opt,792,792,396,8,y_bar,0.1,0.1,0.1,2,1.0,0.13450327515602112,12.90605010651052,12.90605010651052,9.704819271340966,19.94232595898211,631,100631,200631,1839097397,sfo,6352,6352,794,"[794, 794, 794, 794, 794, 794, 794, 794]",4325376,794,794,-0.8431541323661804,0.01008334569633007,0.1,formal,formal/partials/NOG-FO__m8__seed631__cfg946a7409f371.json
NOG-FO,NOG-opt,816,816,408,8,y_bar,0.1,0.1,0.1,2,1.0,0.1378381997346878,13.46829641610384,13.46829641610384,10.140910701826215,20.342587547376752,631,100631,200631,1839097397,sfo,6544,6544,818,"[818, 818, 818, 818, 818, 818, 818, 818]",4456448,818,818,-0.8429558873176575,0.011281476356089115,0.1,formal,formal/partials/NOG-FO__m8__seed631__cfg946a7409f371.json
NOG-FO,NOG-opt,840,840,420,8,y_bar,0.1,0.1,0.1,2,1.0,0.13466998934745789,14.063322182744741,14.063322182744741,10.671515367925167,20.677656423300505,631,100631,200631,1839097397,sfo,6736,6736,842,"[842, 842, 842, 842, 842, 842, 842, 842]",4587520,842,842,-0.842957615852356,0.010397401638329029,0.1,formal,formal/partials/NOG-FO__m8__seed631__cfg946a7409f371.json
NOG-FO,NOG-opt,864,864,432,8,y_bar,0.1,0.1,0.1,2,1.0,0.1267394870519638,14.5858886949718,14.5858886949718,10.994808552786708,21.077295023947954,631,100631,200631,1839097397,sfo,6928,6928,866,"[866, 866, 866, 866, 866, 866, 866, 866]",4718592,866,866,-0.8431299924850464,0.009720955044031143,0.1,formal,formal/partials/NOG-FO__m8__seed631__cfg946a7409f371.json
NOG-FO,NOG-opt,888,888,444,8,y_bar,0.1,0.1,0.1,2,1.0,0.14393489062786102,15.174363687634468,15.174363687634468,11.439957162365317,21.458843145519495,631,100631,200631,1839097397,sfo,7120,7120,890,"[890, 890, 890, 890, 890, 890, 890, 890]",4849664,890,890,-0.8432148098945618,0.009535362012684345,0.1,formal,formal/partials/NOG-FO__m8__seed631__cfg946a7409f371.json
NOG-FO,NOG-opt,912,912,456,8,y_bar,0.1,0.1,0.1,2,1.0,0.11693492531776428,15.712002221494913,15.712002221494913,11.76166314445436,21.9168563708663,631,100631,200631,1839097397,sfo,7312,7312,914,"[914, 914, 914, 914, 914, 914, 914, 914]",4980736,914,914,-0.8431300520896912,0.010030416771769524,0.1,formal,formal/partials/NOG-FO__m8__seed631__cfg946a7409f371.json
NOG-FO,NOG-opt,936,936,468,8,y_bar,0.1,0.1,0.1,2,1.0,0.11412998288869858,16.141972843557596,16.141972843557596,12.126232165843248,22.371805500239134,631,100631,200631,1839097397,sfo,7504,7504,938,"[938, 938, 938, 938, 938, 938, 938, 938]",5111808,938,938,-0.8431641459465027,0.009703203104436398,0.1,formal,formal/partials/NOG-FO__m8__seed631__cfg946a7409f371.json
NOG-FO,NOG-opt,960,960,480,8,y_bar,0.1,0.1,0.1,2,1.0,0.0955924391746521,16.563295101746917,16.563295101746917,12.407205702736974,23.040762532502413,631,100631,200631,1839097397,sfo,7696,7696,962,"[962, 962, 962, 962, 962, 962, 962, 962]",5242880,962,962,-0.8433470129966736,0.009239410981535912,0.1,formal,formal/partials/NOG-FO__m8__seed631__cfg946a7409f371.json
NOG-FO,NOG-opt,24,24,12,8,y_bar,0.1,0.1,0.1,2,1.0,0.3544599413871765,0.5560632813721895,0.5560632813721895,0.47778890281915665,0.42202783189713955,632,100632,200632,644919101,sfo,208,208,26,"[26, 26, 26, 26, 26, 26, 26, 26]",131072,26,26,-0.08907525986433029,0.24591389298439026,0.1,formal,formal/partials/NOG-FO__m8__seed632__cfge0795780bc34.json
NOG-FO,NOG-opt,48,48,24,8,y_bar,0.1,0.1,0.1,2,1.0,0.3834758996963501,1.024123826995492,1.024123826995492,0.7499942220747471,0.8324593938887119,632,100632,200632,644919101,sfo,400,400,50,"[50, 50, 50, 50, 50, 50, 50, 50]",262144,50,50,-0.18757642805576324,0.24058428406715393,0.1,formal,formal/partials/NOG-FO__m8__seed632__cfge0795780bc34.json
NOG-FO,NOG-opt,72,72,36,8,y_bar,0.1,0.1,0.1,2,1.0,0.3556702136993408,1.5137667078524828,1.5137667078524828,1.1739356946200132,1.2723824456334114,632,100632,200632,644919101,sfo,592,592,74,"[74, 74, 74, 74, 74, 74, 74, 74]",393216,74,74,-0.2766827344894409,0.23248213529586792,0.1,formal,formal/partials/NOG-FO__m8__seed632__cfge0795780bc34.json
NOG-FO,NOG-opt,96,96,48,8,y_bar,0.1,0.1,0.1,2,1.0,0.3112669289112091,2.068779783323407,2.068779783323407,1.6593990288674831,1.6572171971201897,632,100632,200632,644919101,sfo,784,784,98,"[98, 98, 98, 98, 98, 98, 98, 98]",524288,98,98,-0.3616594970226288,0.22145278751850128,0.1,formal,formal/partials/NOG-FO__m8__seed632__cfge0795780bc34.json
NOG-FO,NOG-opt,120,120,60,8,y_bar,0.1,0.1,0.1,2,1.0,0.3110487163066864,2.5733773913234472,2.5733773913234472,1.95166739448905,2.0462889447808266,632,100632,200632,644919101,sfo,976,976,122,"[122, 122, 122, 122, 122, 122, 122, 122]",655360,122,122,-0.44273000955581665,0.2074737250804901,0.1,formal,formal/partials/NOG-FO__m8__seed632__cfge0795780bc34.json
NOG-FO,NOG-opt,144,144,72,8,y_bar,0.1,0.1,0.1,2,1.0,0.2614344358444214,3.16585773229599,3.16585773229599,2.2733374033123255,2.4504148848354816,632,100632,200632,644919101,sfo,1168,1168,146,"[146, 146, 146, 146, 146, 146, 146, 146]",786432,146,146,-0.5112224817276001,0.1926063597202301,0.1,formal,formal/partials/NOG-FO__m8__seed632__cfge0795780bc34.json
NOG-FO,NOG-opt,168,168,84,8,y_bar,0.1,0.1,0.1,2,1.0,0.28530940413475037,3.7464440129697323,3.7464440129697323,2.788632968440652,2.774223569780588,632,100632,200632,644919101,sfo,1360,1360,170,"[170, 170, 170, 170, 170, 170, 170, 170]",917504,170,170,-0.5792176723480225,0.17442278563976288,0.1,formal,formal/partials/NOG-FO__m8__seed632__cfge0795780bc34.json
NOG-FO,NOG-opt,192,192,96,8,y_bar,0.1,0.1,0.1,2,1.0,0.2293998897075653,4.240871734917164,4.240871734917164,3.0655625741928816,3.180573830381036,632,100632,200632,644919101,sfo,1552,1552,194,"[194, 194, 194, 194, 194, 194, 194, 194]",1048576,194,194,-0.6381011605262756,0.15508216619491577,0.1,formal,formal/partials/NOG-FO__m8__seed632__cfge0795780bc34.json
NOG-FO,NOG-opt,216,216,108,8,y_bar,0.1,0.1,0.1,2,1.0,0.19846130907535553,4.713160894811153,4.713160894811153,3.405775485560298,3.6314630061388016,632,100632,200632,644919101,sfo,1744,1744,218,"[218, 218, 218, 218, 218, 218, 218, 218]",1179648,218,218,-0.6877015233039856,0.1351986676454544,0.1,formal,formal/partials/NOG-FO__m8__seed632__cfge0795780bc34.json
NOG-FO,NOG-opt,240,240,120,8,y_bar,0.1,0.1,0.1,2,1.0,0.21770262718200684,5.249257339164615,5.249257339164615,3.8151782359927893,4.247670358046889,632,100632,200632,644919101,sfo,1936,1936,242,"[242, 242, 242, 242, 242, 242, 242, 242]",1310720,242,242,-0.7263569235801697,0.11632534861564636,0.1,formal,formal/partials/NOG-FO__m8__seed632__cfge0795780bc34.json
NOG-FO,NOG-opt,264,264,132,8,y_bar,0.1,0.1,0.1,2,1.0,0.18471065163612366,5.833862349390984,5.833862349390984,4.328754214569926,5.06149810180068,632,100632,200632,644919101,sfo,2128,2128,266,"[266, 266, 266, 266, 266, 266, 266, 266]",1441792,266,266,-0.7574490904808044,0.09787068516016006,0.1,formal,formal/partials/NOG-FO__m8__seed632__cfge0795780bc34.json
NOG-FO,NOG-opt,288,288,144,8,y_bar,0.1,0.1,0.1,2,1.0,0.1472243070602417,6.5315771996974945,6.5315771996974945,4.702634673565626,5.960230361670256,632,100632,200632,644919101,sfo,2320,2320,290,"[290, 290, 290, 290, 290, 290, 290, 290]",1572864,290,290,-0.779887855052948,0.08176355063915253,0.1,formal,formal/partials/NOG-FO__m8__seed632__cfge0795780bc34.json
NOG-FO,NOG-opt,312,312,156,8,y_bar,0.1,0.1,0.1,2,1.0,0.14563865959644318,6.838486857712269,6.838486857712269,4.946920471265912,6.364234421402216,632,100632,200632,644919101,sfo,2512,2512,314,"[314, 314, 314, 314, 314, 314, 314, 314]",1703936,314,314,-0.7962890267372131,0.06740012764930725,0.1,formal,formal/partials/NOG-FO__m8__seed632__cfge0795780bc34.json
NOG-FO,NOG-opt,336,336,168,8,y_bar,0.1,0.1,0.1,2,1.0,0.13276705145835876,6.979800624772906,6.979800624772906,5.026592716574669,7.991546452045441,632,100632,200632,644919101,sfo,2704,2704,338,"[338, 338, 338, 338, 338, 338, 338, 338]",1835008,338,338,-0.8085399866104126,0.0542663112282753,0.1,formal,formal/partials/NOG-FO__m8__seed632__cfge0795780bc34.json
NOG-FO,NOG-opt,360,360,180,8,y_bar,0.1,0.1,0.1,2,1.0,0.15333011746406555,7.486661963164806,7.486661963164806,5.471335005015135,10.393740303814411,632,100632,200632,644919101,sfo,2896,2896,362,"[362, 362, 362, 362, 362, 362, 362, 362]",1966080,362,362,-0.8169952034950256,0.04282732307910919,0.1,formal,formal/partials/NOG-FO__m8__seed632__cfge0795780bc34.json
NOG-FO,NOG-opt,384,384,192,8,y_bar,0.1,0.1,0.1,2,1.0,0.12110735476016998,8.157352523878217,8.157352523878217,5.853680841624737,11.939315225929022,632,100632,200632,644919101,sfo,3088,3088,386,"[386, 386, 386, 386, 386, 386, 386, 386]",2097152,386,386,-0.822088897228241,0.034306179732084274,0.1,formal,formal/partials/NOG-FO__m8__seed632__cfge0795780bc34.json
NOG-FO,NOG-opt,408,408,204,8,y_bar,0.1,0.1,0.1,2,1.0,0.12774808704853058,8.56471125409007,8.56471125409007,6.130707059055567,12.310284713283181,632,100632,200632,644919101,sfo,3280,3280,410,"[410, 410, 410, 410, 410, 410, 410, 410]",2228224,410,410,-0.8237111568450928,0.030727747827768326,0.1,formal,formal/partials/NOG-FO__m8__seed632__cfge0795780bc34.json
NOG-FO,NOG-opt,432,432,216,8,y_bar,0.1,0.1,0.1,2,1.0,0.14949648082256317,8.697397615760565,8.697397615760565,6.202065480872989,12.662605164572597,632,100632,200632,644919101,sfo,3472,3472,434,"[434, 434, 434, 434, 434, 434, 434, 434]",2359296,434,434,-0.825923502445221,0.025882242247462273,0.1,formal,formal/partials/NOG-FO__m8__seed632__cfge0795780bc34.json
NOG-FO,NOG-opt,456,456,228,8,y_bar,0.1,0.1,0.1,2,1.0,0.14013312757015228,8.94008701108396,8.94008701108396,6.3160694520920515,13.86704409122467,632,100632,200632,644919101,sfo,3664,3664,458,"[458, 458, 458, 458, 458, 458, 458, 458]",2490368,458,458,-0.8282031416893005,0.019872428849339485,0.1,formal,formal/partials/NOG-FO__m8__seed632__cfge0795780bc34.json
NOG-FO,NOG-opt,480,480,240,8,y_bar,0.1,0.1,0.1,2,1.0,0.12953700125217438,9.404777089133859,9.404777089133859,6.585827238857746,15.788404071703553,632,100632,200632,644919101,sfo,3856,3856,482,"[482, 482, 482, 482, 482, 482, 482, 482]",2621440,482,482,-0.8290601968765259,0.016685176640748978,0.1,formal,formal/partials/NOG-FO__m8__seed632__cfge0795780bc34.json
NOG-FO,NOG-opt,504,504,252,8,y_bar,0.1,0.1,0.1,2,1.0,0.12520760297775269,9.792261883616447,9.792261883616447,6.832254815846682,16.436978556215763,632,100632,200632,644919101,sfo,4048,4048,506,"[506, 506, 506, 506, 506, 506, 506, 506]",2752512,506,506,-0.8290891647338867,0.016000641509890556,0.1,formal,formal/partials/NOG-FO__m8__seed632__cfge0795780bc34.json
NOG-FO,NOG-opt,528,528,264,8,y_bar,0.1,0.1,0.1,2,1.0,0.13230475783348083,9.945504143834114,9.945504143834114,6.919210027903318,16.77510985173285,632,100632,200632,644919101,sfo,4240,4240,530,"[530, 530, 530, 530, 530, 530, 530, 530]",2883584,530,530,-0.8299173712730408,0.01245828252285719,0.1,formal,formal/partials/NOG-FO__m8__seed632__cfge0795780bc34.json
NOG-FO,NOG-opt,552,552,276,8,y_bar,0.1,0.1,0.1,2,1.0,0.11606089025735855,10.08866373449564,10.08866373449564,7.001072350889444,17.231624338775873,632,100632,200632,644919101,sfo,4432,4432,554,"[554, 554, 554, 554, 554, 554, 554, 554]",3014656,554,554,-0.8297539949417114,0.01359390839934349,0.1,formal,formal/partials/NOG-FO__m8__seed632__cfge0795780bc34.json
NOG-FO,NOG-opt,576,576,288,8,y_bar,0.1,0.1,0.1,2,1.0,0.10011494904756546,10.242092652246356,10.242092652246356,7.093902641907334,17.71413820795715,632,100632,200632,644919101,sfo,4624,4624,578,"[578, 578, 578, 578, 578, 578, 578, 578]",3145728,578,578,-0.8303532004356384,0.010939626954495907,0.1,formal,formal/partials/NOG-FO__m8__seed632__cfge0795780bc34.json
NOG-FO,NOG-opt,600,600,300,8,y_bar,0.1,0.1,0.1,2,1.0,0.12114119529724121,10.40041096881032,10.40041096881032,7.19156121276319,18.145583448931575,632,100632,200632,644919101,sfo,4816,4816,602,"[602, 602, 602, 602, 602, 602, 602, 602]",3276800,602,602,-0.8304038047790527,0.0109246289357543,0.1,formal,formal/partials/NOG-FO__m8__seed632__cfge0795780bc34.json
NOG-FO,NOG-opt,624,624,312,8,y_bar,0.1,0.1,0.1,2,1.0,0.12306510657072067,10.578684855252504,10.578684855252504,7.301104802638292,18.598849868401885,632,100632,200632,644919101,sfo,5008,5008,626,"[626, 626, 626, 626, 626, 626, 626, 626]",3407872,626,626,-0.8307320475578308,0.008669992908835411,0.1,formal,formal/partials/NOG-FO__m8__seed632__cfge0795780bc34.json
NOG-FO,NOG-opt,648,648,324,8,y_bar,0.1,0.1,0.1,2,1.0,0.10248023271560669,10.740413753315806,10.740413753315806,7.400292789563537,19.06913394294679,632,100632,200632,644919101,sfo,5200,5200,650,"[650, 650, 650, 650, 650, 650, 650, 650]",3538944,650,650,-0.8306838274002075,0.00867406465113163,0.1,formal,formal/partials/NOG-FO__m8__seed632__cfge0795780bc34.json
NOG-FO,NOG-opt,672,672,336,8,y_bar,0.1,0.1,0.1,2,1.0,0.11135675013065338,10.880607556551695,10.880607556551695,7.479479378089309,19.531813390552998,632,100632,200632,644919101,sfo,5392,5392,674,"[674, 674, 674, 674, 674, 674, 674, 674]",3670016,674,674,-0.8306494355201721,0.00835148524492979,0.1,formal,formal/partials/NOG-FO__m8__seed632__cfge0795780bc34.json
NOG-FO,NOG-opt,696,696,348,8,y_bar,0.1,0.1,0.1,2,1.0,0.13225679099559784,11.005143752321601,11.005143752321601,7.538952846080065,19.97290353104472,632,100632,200632,644919101,sfo,5584,5584,698,"[698, 698, 698, 698, 698, 698, 698, 698]",3801088,698,698,-0.8306041955947876,0.00869388971477747,0.1,formal,formal/partials/NOG-FO__m8__seed632__cfge0795780bc34.json
NOG-FO,NOG-opt,720,720,360,8,y_bar,0.1,0.1,0.1,2,1.0,0.1229458823800087,11.153525367379189,11.153525367379189,7.624655552208424,20.431677535176277,632,100632,200632,644919101,sfo,5776,5776,722,"[722, 722, 722, 722, 722, 722, 722, 722]",3932160,722,722,-0.8305256962776184,0.009592710994184017,0.1,formal,formal/partials/NOG-FO__m8__seed632__cfge0795780bc34.json
NOG-FO,NOG-opt,744,744,372,8,y_bar,0.1,0.1,0.1,2,1.0,0.11605986952781677,11.299304001033306,11.299304001033306,7.709262939170003,20.88273903541267,632,100632,200632,644919101,sfo,5968,5968,746,"[746, 746, 746, 746, 746, 746, 746, 746]",4063232,746,746,-0.8307157754898071,0.008632034994661808,0.1,formal,formal/partials/NOG-FO__m8__seed632__cfge0795780bc34.json
NOG-FO,NOG-opt,768,768,384,8,y_bar,0.1,0.1,0.1,2,1.0,0.09459057450294495,11.423749500885606,11.423749500885606,7.773044787347317,21.367926359176636,632,100632,200632,644919101,sfo,6160,6160,770,"[770, 770, 770, 770, 770, 770, 770, 770]",4194304,770,770,-0.8306650519371033,0.009164712391793728,0.1,formal,formal/partials/NOG-FO__m8__seed632__cfge0795780bc34.json
NOG-FO,NOG-opt,792,792,396,8,y_bar,0.1,0.1,0.1,2,1.0,0.15846845507621765,11.592688202857971,11.592688202857971,7.901710661128163,21.832126075401902,632,100632,200632,644919101,sfo,6352,6352,794,"[794, 794, 794, 794, 794, 794, 794, 794]",4325376,794,794,-0.8307147026062012,0.00941570196300745,0.1,formal,formal/partials/NOG-FO__m8__seed632__cfge0795780bc34.json
NOG-FO,NOG-opt,816,816,408,8,y_bar,0.1,0.1,0.1,2,1.0,0.14354275166988373,11.754799608141184,11.754799608141184,8.003000412136316,22.363350162282586,632,100632,200632,644919101,sfo,6544,6544,818,"[818, 818, 818, 818, 818, 818, 818, 818]",4456448,818,818,-0.8306261897087097,0.01026494987308979,0.1,formal,formal/partials/NOG-FO__m8__seed632__cfge0795780bc34.json
NOG-FO,NOG-opt,840,840,420,8,y_bar,0.1,0.1,0.1,2,1.0,0.11821283400058746,11.906330583617091,11.906330583617091,8.094289904460311,22.871562713757157,632,100632,200632,644919101,sfo,6736,6736,842,"[842, 842, 842, 842, 842, 842, 842, 842]",4587520,842,842,-0.8306819796562195,0.01001674309372902,0.1,formal,formal/partials/NOG-FO__m8__seed632__cfge0795780bc34.json
NOG-FO,NOG-opt,864,864,432,8,y_bar,0.1,0.1,0.1,2,1.0,0.13302955031394958,12.118857001885772,12.118857001885772,8.233694871887565,23.39879570528865,632,100632,200632,644919101,sfo,6928,6928,866,"[866, 866, 866, 866, 866, 866, 866, 866]",4718592,866,866,-0.830500602722168,0.01078100223094225,0.1,formal,formal/partials/NOG-FO__m8__seed632__cfge0795780bc34.json
NOG-FO,NOG-opt,888,888,444,8,y_bar,0.1,0.1,0.1,2,1.0,0.0877511128783226,12.377294721081853,12.377294721081853,8.38294661603868,23.862434996291995,632,100632,200632,644919101,sfo,7120,7120,890,"[890, 890, 890, 890, 890, 890, 890, 890]",4849664,890,890,-0.830559492111206,0.010656028985977173,0.1,formal,formal/partials/NOG-FO__m8__seed632__cfge0795780bc34.json
NOG-FO,NOG-opt,912,912,456,8,y_bar,0.1,0.1,0.1,2,1.0,0.1235792264342308,12.712853901088238,12.712853901088238,8.612382957711816,24.32024608552456,632,100632,200632,644919101,sfo,7312,7312,914,"[914, 914, 914, 914, 914, 914, 914, 914]",4980736,914,914,-0.8307701945304871,0.010218235664069653,0.1,formal,formal/partials/NOG-FO__m8__seed632__cfge0795780bc34.json
NOG-FO,NOG-opt,936,936,468,8,y_bar,0.1,0.1,0.1,2,1.0,0.11044683307409286,13.133701030164957,13.133701030164957,8.889517195522785,24.716431640088558,632,100632,200632,644919101,sfo,7504,7504,938,"[938, 938, 938, 938, 938, 938, 938, 938]",5111808,938,938,-0.8307093977928162,0.0102011663839221,0.1,formal,formal/partials/NOG-FO__m8__seed632__cfge0795780bc34.json
NOG-FO,NOG-opt,960,960,480,8,y_bar,0.1,0.1,0.1,2,1.0,0.1332295686006546,13.54354739561677,13.54354739561677,9.234770631417632,25.099490739405155,632,100632,200632,644919101,sfo,7696,7696,962,"[962, 962, 962, 962, 962, 962, 962, 962]",5242880,962,962,-0.8306475877761841,0.010719222947955132,0.1,formal,formal/partials/NOG-FO__m8__seed632__cfge0795780bc34.json
NOG-FO,NOG-opt,24,24,12,8,y_bar,0.1,0.1,0.1,2,1.0,0.30690479278564453,0.2801542170345783,0.2801542170345783,0.2137062568217516,0.3702864106744528,633,100633,200633,1956447662,sfo,208,208,26,"[26, 26, 26, 26, 26, 26, 26, 26]",131072,26,26,-0.09102599322795868,0.24720044434070587,0.1,formal,formal/partials/NOG-FO__m8__seed633__cfgd24311db3c3a.json
NOG-FO,NOG-opt,48,48,24,8,y_bar,0.1,0.1,0.1,2,1.0,0.3403380811214447,0.5431175045669079,0.5431175045669079,0.4160776939243078,0.7355736847966909,633,100633,200633,1956447662,sfo,400,400,50,"[50, 50, 50, 50, 50, 50, 50, 50]",262144,50,50,-0.1846493035554886,0.2422325760126114,0.1,formal,formal/partials/NOG-FO__m8__seed633__cfgd24311db3c3a.json
NOG-FO,NOG-opt,72,72,36,8,y_bar,0.1,0.1,0.1,2,1.0,0.3386603593826294,0.7693758588284254,0.7693758588284254,0.5537431202828884,1.1041582580655813,633,100633,200633,1956447662,sfo,592,592,74,"[74, 74, 74, 74, 74, 74, 74, 74]",393216,74,74,-0.279037743806839,0.23365743458271027,0.1,formal,formal/partials/NOG-FO__m8__seed633__cfgd24311db3c3a.json
NOG-FO,NOG-opt,96,96,48,8,y_bar,0.1,0.1,0.1,2,1.0,0.3186398446559906,0.9969645962119102,0.9969645962119102,0.7207927647978067,1.4387547448277473,633,100633,200633,1956447662,sfo,784,784,98,"[98, 98, 98, 98, 98, 98, 98, 98]",524288,98,98,-0.36877426505088806,0.22184744477272034,0.1,formal,formal/partials/NOG-FO__m8__seed633__cfgd24311db3c3a.json
NOG-FO,NOG-opt,120,120,60,8,y_bar,0.1,0.1,0.1,2,1.0,0.28284913301467896,1.2548742517828941,1.2548742517828941,0.9185350015759468,1.777261983603239,633,100633,200633,1956447662,sfo,976,976,122,"[122, 122, 122, 122, 122, 122, 122, 122]",655360,122,122,-0.44560641050338745,0.2085648775100708,0.1,formal,formal/partials/NOG-FO__m8__seed633__cfgd24311db3c3a.json
NOG-FO,NOG-opt,144,144,72,8,y_bar,0.1,0.1,0.1,2,1.0,0.2791123390197754,1.5091067105531693,1.5091067105531693,1.112584536895156,2.108978148549795,633,100633,200633,1956447662,sfo,1168,1168,146,"[146, 146, 146, 146, 146, 146, 146, 146]",786432,146,146,-0.5187778472900391,0.1925887018442154,0.1,formal,formal/partials/NOG-FO__m8__seed633__cfgd24311db3c3a.json
NOG-FO,NOG-opt,168,168,84,8,y_bar,0.1,0.1,0.1,2,1.0,0.26019203662872314,1.7681730091571808,1.7681730091571808,1.3113235887140036,2.4432662464678288,633,100633,200633,1956447662,sfo,1360,1360,170,"[170, 170, 170, 170, 170, 170, 170, 170]",917504,170,170,-0.5854285955429077,0.1744813770055771,0.1,formal,formal/partials/NOG-FO__m8__seed633__cfgd24311db3c3a.json
NOG-FO,NOG-opt,192,192,96,8,y_bar,0.1,0.1,0.1,2,1.0,0.24519650638103485,2.0334703382104635,2.0334703382104635,1.5161524321883917,2.7673604525625706,633,100633,200633,1956447662,sfo,1552,1552,194,"[194, 194, 194, 194, 194, 194, 194, 194]",1048576,194,194,-0.644660472869873,0.1547175645828247,0.1,formal,formal/partials/NOG-FO__m8__seed633__cfgd24311db3c3a.json
NOG-FO,NOG-opt,216,216,108,8,y_bar,0.1,0.1,0.1,2,1.0,0.23052845895290375,2.298188906162977,2.298188906162977,1.7125396095216274,3.0844127908349037,633,100633,200633,1956447662,sfo,1744,1744,218,"[218, 218, 218, 218, 218, 218, 218, 218]",1179648,218,218,-0.6946951150894165,0.1343120038509369,0.1,formal,formal/partials/NOG-FO__m8__seed633__cfgd24311db3c3a.json
NOG-FO,NOG-opt,240,240,120,8,y_bar,0.1,0.1,0.1,2,1.0,0.18968963623046875,2.5626981779932976,2.5626981779932976,1.9161393735557795,3.4374796468764544,633,100633,200633,1956447662,sfo,1936,1936,242,"[242, 242, 242, 242, 242, 242, 242, 242]",1310720,242,242,-0.7360107898712158,0.11371263116598129,0.1,formal,formal/partials/NOG-FO__m8__seed633__cfgd24311db3c3a.json
NOG-FO,NOG-opt,264,264,132,8,y_bar,0.1,0.1,0.1,2,1.0,0.15860199928283691,2.7961809374392033,2.7961809374392033,2.088388178497553,3.819297781214118,633,100633,200633,1956447662,sfo,2128,2128,266,"[266, 266, 266, 266, 266, 266, 266, 266]",1441792,266,266,-0.7626382112503052,0.09771545231342316,0.1,formal,formal/partials/NOG-FO__m8__seed633__cfgd24311db3c3a.json
NOG-FO,NOG-opt,288,288,144,8,y_bar,0.1,0.1,0.1,2,1.0,0.1431933045387268,3.071127876639366,3.071127876639366,2.253970116376877,4.161865269765258,633,100633,200633,1956447662,sfo,2320,2320,290,"[290, 290, 290, 290, 290, 290, 290, 290]",1572864,290,290,-0.7864318490028381,0.08036116510629654,0.1,formal,formal/partials/NOG-FO__m8__seed633__cfgd24311db3c3a.json
NOG-FO,NOG-opt,312,312,156,8,y_bar,0.1,0.1,0.1,2,1.0,0.17379948496818542,3.380034515634179,3.380034515634179,2.42780002579093,4.520436275750399,633,100633,200633,1956447662,sfo,2512,2512,314,"[314, 314, 314, 314, 314, 314, 314, 314]",1703936,314,314,-0.799987256526947,0.06852805614471436,0.1,formal,formal/partials/NOG-FO__m8__seed633__cfgd24311db3c3a.json
NOG-FO,NOG-opt,336,336,168,8,y_bar,0.1,0.1,0.1,2,1.0,0.16718173027038574,3.7555164117366076,3.7555164117366076,2.6845183465629816,4.845744846388698,633,100633,200633,1956447662,sfo,2704,2704,338,"[338, 338, 338, 338, 338, 338, 338, 338]",1835008,338,338,-0.8125673532485962,0.05521208792924881,0.1,formal,formal/partials/NOG-FO__m8__seed633__cfgd24311db3c3a.json
NOG-FO,NOG-opt,360,360,180,8,y_bar,0.1,0.1,0.1,2,1.0,0.15147793292999268,4.127422073855996,4.127422073855996,2.9799095690250397,5.169062638655305,633,100633,200633,1956447662,sfo,2896,2896,362,"[362, 362, 362, 362, 362, 362, 362, 362]",1966080,362,362,-0.8211860060691833,0.043840184807777405,0.1,formal,formal/partials/NOG-FO__m8__seed633__cfgd24311db3c3a.json
NOG-FO,NOG-opt,384,384,192,8,y_bar,0.1,0.1,0.1,2,1.0,0.14863410592079163,4.592097038403153,4.592097038403153,3.336911879479885,5.500544052571058,633,100633,200633,1956447662,sfo,3088,3088,386,"[386, 386, 386, 386, 386, 386, 386, 386]",2097152,386,386,-0.8263318538665771,0.03543660417199135,0.1,formal,formal/partials/NOG-FO__m8__seed633__cfgd24311db3c3a.json
NOG-FO,NOG-opt,408,408,204,8,y_bar,0.1,0.1,0.1,2,1.0,0.109713114798069,5.059280017390847,5.059280017390847,3.6649223025888205,5.830919409170747,633,100633,200633,1956447662,sfo,3280,3280,410,"[410, 410, 410, 410, 410, 410, 410, 410]",2228224,410,410,-0.8303565979003906,0.02717340551316738,0.1,formal,formal/partials/NOG-FO__m8__seed633__cfgd24311db3c3a.json
NOG-FO,NOG-opt,432,432,216,8,y_bar,0.1,0.1,0.1,2,1.0,0.08736304193735123,5.5273523554205894,5.5273523554205894,4.0008816458284855,6.1522197891026735,633,100633,200633,1956447662,sfo,3472,3472,434,"[434, 434, 434, 434, 434, 434, 434, 434]",2359296,434,434,-0.8315982818603516,0.024509191513061523,0.1,formal,formal/partials/NOG-FO__m8__seed633__cfgd24311db3c3a.json
NOG-FO,NOG-opt,456,456,228,8,y_bar,0.1,0.1,0.1,2,1.0,0.14439842104911804,5.906286686658859,5.906286686658859,4.251706348732114,6.649254834279418,633,100633,200633,1956447662,sfo,3664,3664,458,"[458, 458, 458, 458, 458, 458, 458, 458]",2490368,458,458,-0.8334627151489258,0.01907653734087944,0.1,formal,formal/partials/NOG-FO__m8__seed633__cfgd24311db3c3a.json
NOG-FO,NOG-opt,480,480,240,8,y_bar,0.1,0.1,0.1,2,1.0,0.09386733919382095,6.29985267482698,6.29985267482698,4.481719018891454,7.132173925638199,633,100633,200633,1956447662,sfo,3856,3856,482,"[482, 482, 482, 482, 482, 482, 482, 482]",2621440,482,482,-0.8347090482711792,0.014739499427378178,0.1,formal,formal/partials/NOG-FO__m8__seed633__cfgd24311db3c3a.json
NOG-FO,NOG-opt,504,504,252,8,y_bar,0.1,0.1,0.1,2,1.0,0.1349170207977295,6.690128700807691,6.690128700807691,4.7411357294768095,7.66421471349895,633,100633,200633,1956447662,sfo,4048,4048,506,"[506, 506, 506, 506, 506, 506, 506, 506]",2752512,506,506,-0.834871232509613,0.0140999061986804,0.1,formal,formal/partials/NOG-FO__m8__seed633__cfgd24311db3c3a.json
NOG-FO,NOG-opt,528,528,264,8,y_bar,0.1,0.1,0.1,2,1.0,0.12061762809753418,7.074516035616398,7.074516035616398,5.058943895623088,8.988244039937854,633,100633,200633,1956447662,sfo,4240,4240,530,"[530, 530, 530, 530, 530, 530, 530, 530]",2883584,530,530,-0.834881067276001,0.01362896803766489,0.1,formal,formal/partials/NOG-FO__m8__seed633__cfgd24311db3c3a.json
NOG-FO,NOG-opt,552,552,276,8,y_bar,0.1,0.1,0.1,2,1.0,0.13829436898231506,7.5268022287636995,7.5268022287636995,5.4445059690624475,9.507759982720017,633,100633,200633,1956447662,sfo,4432,4432,554,"[554, 554, 554, 554, 554, 554, 554, 554]",3014656,554,554,-0.8350986242294312,0.012607649900019169,0.1,formal,formal/partials/NOG-FO__m8__seed633__cfgd24311db3c3a.json
NOG-FO,NOG-opt,576,576,288,8,y_bar,0.1,0.1,0.1,2,1.0,0.14825540781021118,7.983585564419627,7.983585564419627,5.705237375572324,9.957199739292264,633,100633,200633,1956447662,sfo,4624,4624,578,"[578, 578, 578, 578, 578, 578, 578, 578]",3145728,578,578,-0.835369348526001,0.01200450025498867,0.1,formal,formal/partials/NOG-FO__m8__seed633__cfgd24311db3c3a.json
NOG-FO,NOG-opt,600,600,300,8,y_bar,0.1,0.1,0.1,2,1.0,0.11883500963449478,8.459532726556063,8.459532726556063,6.024299195036292,10.46284743025899,633,100633,200633,1956447662,sfo,4816,4816,602,"[602, 602, 602, 602, 602, 602, 602, 602]",3276800,602,602,-0.8355522155761719,0.010764856822788715,0.1,formal,formal/partials/NOG-FO__m8__seed633__cfgd24311db3c3a.json
NOG-FO,NOG-opt,624,624,312,8,y_bar,0.1,0.1,0.1,2,1.0,0.14674800634384155,8.87783862836659,8.87783862836659,6.377421272918582,11.581262221559882,633,100633,200633,1956447662,sfo,5008,5008,626,"[626, 626, 626, 626, 626, 626, 626, 626]",3407872,626,626,-0.83549964427948,0.01044945977628231,0.1,formal,formal/partials/NOG-FO__m8__seed633__cfgd24311db3c3a.json
NOG-FO,NOG-opt,648,648,324,8,y_bar,0.1,0.1,0.1,2,1.0,0.10921695828437805,9.144003393128514,9.144003393128514,6.5855887327343225,11.90270378254354,633,100633,200633,1956447662,sfo,5200,5200,650,"[650, 650, 650, 650, 650, 650, 650, 650]",3538944,650,650,-0.8357290029525757,0.009546676650643349,0.1,formal,formal/partials/NOG-FO__m8__seed633__cfgd24311db3c3a.json
NOG-FO,NOG-opt,672,672,336,8,y_bar,0.1,0.1,0.1,2,1.0,0.13666769862174988,9.379197547212243,9.379197547212243,6.765145007520914,12.21563864685595,633,100633,200633,1956447662,sfo,5392,5392,674,"[674, 674, 674, 674, 674, 674, 674, 674]",3670016,674,674,-0.8359301686286926,0.009328488260507584,0.1,formal,formal/partials/NOG-FO__m8__seed633__cfgd24311db3c3a.json
NOG-FO,NOG-opt,696,696,348,8,y_bar,0.1,0.1,0.1,2,1.0,0.12855114042758942,9.596039086580276,9.596039086580276,6.9203480407595634,12.536467783153057,633,100633,200633,1956447662,sfo,5584,5584,698,"[698, 698, 698, 698, 698, 698, 698, 698]",3801088,698,698,-0.8358659744262695,0.009508700110018253,0.1,formal,formal/partials/NOG-FO__m8__seed633__cfgd24311db3c3a.json
NOG-FO,NOG-opt,720,720,360,8,y_bar,0.1,0.1,0.1,2,1.0,0.14683623611927032,9.776392897590995,9.776392897590995,7.031982373446226,12.954246658831835,633,100633,200633,1956447662,sfo,5776,5776,722,"[722, 722, 722, 722, 722, 722, 722, 722]",3932160,722,722,-0.8356850147247314,0.010066729038953781,0.1,formal,formal/partials/NOG-FO__m8__seed633__cfgd24311db3c3a.json
NOG-FO,NOG-opt,744,744,372,8,y_bar,0.1,0.1,0.1,2,1.0,0.11023133248090744,9.95636173710227,9.95636173710227,7.157353153452277,13.385656371712685,633,100633,200633,1956447662,sfo,5968,5968,746,"[746, 746, 746, 746, 746, 746, 746, 746]",4063232,746,746,-0.835820734500885,0.009414395317435265,0.1,formal,formal/partials/NOG-FO__m8__seed633__cfgd24311db3c3a.json
NOG-FO,NOG-opt,768,768,384,8,y_bar,0.1,0.1,0.1,2,1.0,0.11427365243434906,10.188569538295269,10.188569538295269,7.303615741431713,13.812053015455604,633,100633,200633,1956447662,sfo,6160,6160,770,"[770, 770, 770, 770, 770, 770, 770, 770]",4194304,770,770,-0.8357086777687073,0.009817088954150677,0.1,formal,formal/partials/NOG-FO__m8__seed633__cfgd24311db3c3a.json
NOG-FO,NOG-opt,792,792,396,8,y_bar,0.1,0.1,0.1,2,1.0,0.11737754195928574,10.388876406475902,10.388876406475902,7.3957339487969875,14.284150935709476,633,100633,200633,1956447662,sfo,6352,6352,794,"[794, 794, 794, 794, 794, 794, 794, 794]",4325376,794,794,-0.8355182409286499,0.009894254617393017,0.1,formal,formal/partials/NOG-FO__m8__seed633__cfgd24311db3c3a.json
NOG-FO,NOG-opt,816,816,408,8,y_bar,0.1,0.1,0.1,2,1.0,0.11318935453891754,10.588539196178317,10.588539196178317,7.536625936627388,14.779059391468763,633,100633,200633,1956447662,sfo,6544,6544,818,"[818, 818, 818, 818, 818, 818, 818, 818]",4456448,818,818,-0.8356735706329346,0.00952658150345087,0.1,formal,formal/partials/NOG-FO__m8__seed633__cfgd24311db3c3a.json
NOG-FO,NOG-opt,840,840,420,8,y_bar,0.1,0.1,0.1,2,1.0,0.13646042346954346,10.781415307894349,10.781415307894349,7.667638571932912,15.29042200371623,633,100633,200633,1956447662,sfo,6736,6736,842,"[842, 842, 842, 842, 842, 842, 842, 842]",4587520,842,842,-0.8355827331542969,0.009971561841666698,0.1,formal,formal/partials/NOG-FO__m8__seed633__cfgd24311db3c3a.json
NOG-FO,NOG-opt,864,864,432,8,y_bar,0.1,0.1,0.1,2,1.0,0.1215120404958725,10.973256587982178,10.973256587982178,7.751081371679902,15.796021489426494,633,100633,200633,1956447662,sfo,6928,6928,866,"[866, 866, 866, 866, 866, 866, 866, 866]",4718592,866,866,-0.835748016834259,0.009394069202244282,0.1,formal,formal/partials/NOG-FO__m8__seed633__cfgd24311db3c3a.json
NOG-FO,NOG-opt,888,888,444,8,y_bar,0.1,0.1,0.1,2,1.0,0.12898041307926178,11.167638087645173,11.167638087645173,7.858939932659268,16.401158114895225,633,100633,200633,1956447662,sfo,7120,7120,890,"[890, 890, 890, 890, 890, 890, 890, 890]",4849664,890,890,-0.8355783224105835,0.009577295742928982,0.1,formal,formal/partials/NOG-FO__m8__seed633__cfgd24311db3c3a.json
NOG-FO,NOG-opt,912,912,456,8,y_bar,0.1,0.1,0.1,2,1.0,0.1177569255232811,11.627502018585801,11.627502018585801,8.136032361537218,16.880065781995654,633,100633,200633,1956447662,sfo,7312,7312,914,"[914, 914, 914, 914, 914, 914, 914, 914]",4980736,914,914,-0.8352186679840088,0.011205480434000492,0.1,formal,formal/partials/NOG-FO__m8__seed633__cfgd24311db3c3a.json
NOG-FO,NOG-opt,936,936,468,8,y_bar,0.1,0.1,0.1,2,1.0,0.12735116481781006,11.88277836702764,11.88277836702764,8.31189608387649,17.24109110608697,633,100633,200633,1956447662,sfo,7504,7504,938,"[938, 938, 938, 938, 938, 938, 938, 938]",5111808,938,938,-0.8350327610969543,0.012129460461437702,0.1,formal,formal/partials/NOG-FO__m8__seed633__cfgd24311db3c3a.json
NOG-FO,NOG-opt,960,960,480,8,y_bar,0.1,0.1,0.1,2,1.0,0.13669489324092865,12.170828882604837,12.170828882604837,8.500265248119831,17.633274603635073,633,100633,200633,1956447662,sfo,7696,7696,962,"[962, 962, 962, 962, 962, 962, 962, 962]",5242880,962,962,-0.8354836702346802,0.010653908364474773,0.1,formal,formal/partials/NOG-FO__m8__seed633__cfgd24311db3c3a.json
NOG-FO,NOG-opt,24,24,12,8,y_bar,0.1,0.1,0.1,2,1.0,0.34849563241004944,0.3270728215575218,0.3270728215575218,0.19035437144339085,0.5859463810920715,634,100634,200634,1653683763,sfo,208,208,26,"[26, 26, 26, 26, 26, 26, 26, 26]",131072,26,26,-0.09173823893070221,0.24596674740314484,0.1,formal,formal/partials/NOG-FO__m8__seed634__cfgec18bb109eb9.json
NOG-FO,NOG-opt,48,48,24,8,y_bar,0.1,0.1,0.1,2,1.0,0.34285175800323486,0.7162708267569542,0.7162708267569542,0.3906998187303543,1.3738269675523043,634,100634,200634,1653683763,sfo,400,400,50,"[50, 50, 50, 50, 50, 50, 50, 50]",262144,50,50,-0.18174873292446136,0.2411879450082779,0.1,formal,formal/partials/NOG-FO__m8__seed634__cfgec18bb109eb9.json
NOG-FO,NOG-opt,72,72,36,8,y_bar,0.1,0.1,0.1,2,1.0,0.32480093836784363,0.9454115889966488,0.9454115889966488,0.5587415676563978,1.6960862576961517,634,100634,200634,1653683763,sfo,592,592,74,"[74, 74, 74, 74, 74, 74, 74, 74]",393216,74,74,-0.27831920981407166,0.23246419429779053,0.1,formal,formal/partials/NOG-FO__m8__seed634__cfgec18bb109eb9.json
NOG-FO,NOG-opt,96,96,48,8,y_bar,0.1,0.1,0.1,2,1.0,0.31743699312210083,1.1973591204732656,1.1973591204732656,0.749672332778573,2.05249716155231,634,100634,200634,1653683763,sfo,784,784,98,"[98, 98, 98, 98, 98, 98, 98, 98]",524288,98,98,-0.3642575740814209,0.22129099071025848,0.1,formal,formal/partials/NOG-FO__m8__seed634__cfgec18bb109eb9.json
NOG-FO,NOG-opt,120,120,60,8,y_bar,0.1,0.1,0.1,2,1.0,0.2973192036151886,1.4406822565943003,1.4406822565943003,0.9324271995574236,2.3903662711381912,634,100634,200634,1653683763,sfo,976,976,122,"[122, 122, 122, 122, 122, 122, 122, 122]",655360,122,122,-0.44324517250061035,0.20762933790683746,0.1,formal,formal/partials/NOG-FO__m8__seed634__cfgec18bb109eb9.json
NOG-FO,NOG-opt,144,144,72,8,y_bar,0.1,0.1,0.1,2,1.0,0.3015577793121338,1.686997253447771,1.686997253447771,1.1182405799627304,2.7539404816925526,634,100634,200634,1653683763,sfo,1168,1168,146,"[146, 146, 146, 146, 146, 146, 146, 146]",786432,146,146,-0.5196735262870789,0.1908513456583023,0.1,formal,formal/partials/NOG-FO__m8__seed634__cfgec18bb109eb9.json
NOG-FO,NOG-opt,168,168,84,8,y_bar,0.1,0.1,0.1,2,1.0,0.25745028257369995,1.9323340710252523,1.9323340710252523,1.3033387623727322,3.162969209253788,634,100634,200634,1653683763,sfo,1360,1360,170,"[170, 170, 170, 170, 170, 170, 170, 170]",917504,170,170,-0.5886767506599426,0.17183876037597656,0.1,formal,formal/partials/NOG-FO__m8__seed634__cfgec18bb109eb9.json
NOG-FO,NOG-opt,192,192,96,8,y_bar,0.1,0.1,0.1,2,1.0,0.20169830322265625,2.1216944940388203,2.1216944940388203,1.4328646529465914,3.5681756250560284,634,100634,200634,1653683763,sfo,1552,1552,194,"[194, 194, 194, 194, 194, 194, 194, 194]",1048576,194,194,-0.6459723711013794,0.1524675488471985,0.1,formal,formal/partials/NOG-FO__m8__seed634__cfgec18bb109eb9.json
NOG-FO,NOG-opt,216,216,108,8,y_bar,0.1,0.1,0.1,2,1.0,0.21634335815906525,2.305293159559369,2.305293159559369,1.5528952237218618,3.9696333948522806,634,100634,200634,1653683763,sfo,1744,1744,218,"[218, 218, 218, 218, 218, 218, 218, 218]",1179648,218,218,-0.6932698488235474,0.13302059471607208,0.1,formal,formal/partials/NOG-FO__m8__seed634__cfgec18bb109eb9.json
NOG-FO,NOG-opt,240,240,120,8,y_bar,0.1,0.1,0.1,2,1.0,0.17140251398086548,2.481795933097601,2.481795933097601,1.617690298706293,4.361853543668985,634,100634,200634,1653683763,sfo,1936,1936,242,"[242, 242, 242, 242, 242, 242, 242, 242]",1310720,242,242,-0.7329584360122681,0.11305228620767593,0.1,formal,formal/partials/NOG-FO__m8__seed634__cfgec18bb109eb9.json
NOG-FO,NOG-opt,264,264,132,8,y_bar,0.1,0.1,0.1,2,1.0,0.1859573870897293,2.673391016200185,2.673391016200185,1.7577807754278183,4.758299998939037,634,100634,200634,1653683763,sfo,2128,2128,266,"[266, 266, 266, 266, 266, 266, 266, 266]",1441792,266,266,-0.7622103095054626,0.09529569745063782,0.1,formal,formal/partials/NOG-FO__m8__seed634__cfgec18bb109eb9.json
NOG-FO,NOG-opt,288,288,144,8,y_bar,0.1,0.1,0.1,2,1.0,0.15490934252738953,2.8829218205064535,2.8829218205064535,1.9211986679583788,5.145034611225128,634,100634,200634,1653683763,sfo,2320,2320,290,"[290, 290, 290, 290, 290, 290, 290, 290]",1572864,290,290,-0.7828977108001709,0.08024121075868607,0.1,formal,formal/partials/NOG-FO__m8__seed634__cfgec18bb109eb9.json
NOG-FO,NOG-opt,312,312,156,8,y_bar,0.1,0.1,0.1,2,1.0,0.20764485001564026,3.08906333707273,3.08906333707273,2.06712743639946,5.540601886808872,634,100634,200634,1653683763,sfo,2512,2512,314,"[314, 314, 314, 314, 314, 314, 314, 314]",1703936,314,314,-0.7989096641540527,0.06589527428150177,0.1,formal,formal/partials/NOG-FO__m8__seed634__cfgec18bb109eb9.json
NOG-FO,NOG-opt,336,336,168,8,y_bar,0.1,0.1,0.1,2,1.0,0.12968319654464722,3.3004213236272335,3.3004213236272335,2.2175532318651676,5.95361540839076,634,100634,200634,1653683763,sfo,2704,2704,338,"[338, 338, 338, 338, 338, 338, 338, 338]",1835008,338,338,-0.8083773851394653,0.05562124773859978,0.1,formal,formal/partials/NOG-FO__m8__seed634__cfgec18bb109eb9.json
NOG-FO,NOG-opt,360,360,180,8,y_bar,0.1,0.1,0.1,2,1.0,0.16387009620666504,3.543693084269762,3.543693084269762,2.356944888830185,6.347190022468567,634,100634,200634,1653683763,sfo,2896,2896,362,"[362, 362, 362, 362, 362, 362, 362, 362]",1966080,362,362,-0.8173751831054688,0.04394589737057686,0.1,formal,formal/partials/NOG-FO__m8__seed634__cfgec18bb109eb9.json
NOG-FO,NOG-opt,384,384,192,8,y_bar,0.1,0.1,0.1,2,1.0,0.13434021174907684,3.7450410276651382,3.7450410276651382,2.4443024918437004,6.713959410786629,634,100634,200634,1653683763,sfo,3088,3088,386,"[386, 386, 386, 386, 386, 386, 386, 386]",2097152,386,386,-0.8221145868301392,0.036286611109972,0.1,formal,formal/partials/NOG-FO__m8__seed634__cfgec18bb109eb9.json
NOG-FO,NOG-opt,408,408,204,8,y_bar,0.1,0.1,0.1,2,1.0,0.1133357435464859,3.899743990972638,3.899743990972638,2.5367370136082172,7.115939738228917,634,100634,200634,1653683763,sfo,3280,3280,410,"[410, 410, 410, 410, 410, 410, 410, 410]",2228224,410,410,-0.826138973236084,0.028246039524674416,0.1,formal,formal/partials/NOG-FO__m8__seed634__cfgec18bb109eb9.json
NOG-FO,NOG-opt,432,432,216,8,y_bar,0.1,0.1,0.1,2,1.0,0.1328553557395935,4.088536815717816,4.088536815717816,2.6254521925002337,7.514298832044005,634,100634,200634,1653683763,sfo,3472,3472,434,"[434, 434, 434, 434, 434, 434, 434, 434]",2359296,434,434,-0.8286342024803162,0.02211783081293106,0.1,formal,formal/partials/NOG-FO__m8__seed634__cfgec18bb109eb9.json
NOG-FO,NOG-opt,456,456,228,8,y_bar,0.1,0.1,0.1,2,1.0,0.13539423048496246,4.2842007502913475,4.2842007502913475,2.7602803613990545,7.897360321134329,634,100634,200634,1653683763,sfo,3664,3664,458,"[458, 458, 458, 458, 458, 458, 458, 458]",2490368,458,458,-0.8304211497306824,0.015987910330295563,0.1,formal,formal/partials/NOG-FO__m8__seed634__cfgec18bb109eb9.json
NOG-FO,NOG-opt,480,480,240,8,y_bar,0.1,0.1,0.1,2,1.0,0.12972140312194824,4.492638200521469,4.492638200521469,2.908468708395958,8.287929033860564,634,100634,200634,1653683763,sfo,3856,3856,482,"[482, 482, 482, 482, 482, 482, 482, 482]",2621440,482,482,-0.8308606743812561,0.014806699007749557,0.1,formal,formal/partials/NOG-FO__m8__seed634__cfgec18bb109eb9.json
NOG-FO,NOG-opt,504,504,252,8,y_bar,0.1,0.1,0.1,2,1.0,0.13094550371170044,4.685729334130883,4.685729334130883,3.010029014199972,8.637028578668833,634,100634,200634,1653683763,sfo,4048,4048,506,"[506, 506, 506, 506, 506, 506, 506, 506]",2752512,506,506,-0.8309804201126099,0.014459610916674137,0.1,formal,formal/partials/NOG-FO__m8__seed634__cfgec18bb109eb9.json
NOG-FO,NOG-opt,528,528,264,8,y_bar,0.1,0.1,0.1,2,1.0,0.1316967010498047,4.912483835592866,4.912483835592866,3.1755834966897964,9.004928648471832,634,100634,200634,1653683763,sfo,4240,4240,530,"[530, 530, 530, 530, 530, 530, 530, 530]",2883584,530,530,-0.8313279151916504,0.014040039852261543,0.1,formal,formal/partials/NOG-FO__m8__seed634__cfgec18bb109eb9.json
NOG-FO,NOG-opt,552,552,276,8,y_bar,0.1,0.1,0.1,2,1.0,0.15872341394424438,5.133130796253681,5.133130796253681,3.335863061249256,9.47868949174881,634,100634,200634,1653683763,sfo,4432,4432,554,"[554, 554, 554, 554, 554, 554, 554, 554]",3014656,554,554,-0.8315322399139404,0.01316285040229559,0.1,formal,formal/partials/NOG-FO__m8__seed634__cfgec18bb109eb9.json
NOG-FO,NOG-opt,576,576,288,8,y_bar,0.1,0.1,0.1,2,1.0,0.13536404073238373,5.454940961673856,5.454940961673856,3.5243650805205107,10.058794816955924,634,100634,200634,1653683763,sfo,4624,4624,578,"[578, 578, 578, 578, 578, 578, 578, 578]",3145728,578,578,-0.8320475816726685,0.010138881392776966,0.1,formal,formal/partials/NOG-FO__m8__seed634__cfgec18bb109eb9.json
NOG-FO,NOG-opt,600,600,300,8,y_bar,0.1,0.1,0.1,2,1.0,0.12746195495128632,5.743164299055934,5.743164299055934,3.7502597104758024,10.45663033425808,634,100634,200634,1653683763,sfo,4816,4816,602,"[602, 602, 602, 602, 602, 602, 602, 602]",3276800,602,602,-0.8319956660270691,0.010574860498309135,0.1,formal,formal/partials/NOG-FO__m8__seed634__cfgec18bb109eb9.json
NOG-FO,NOG-opt,624,624,312,8,y_bar,0.1,0.1,0.1,2,1.0,0.136102095246315,6.253183728083968,6.253183728083968,4.070431388914585,11.561122817918658,634,100634,200634,1653683763,sfo,5008,5008,626,"[626, 626, 626, 626, 626, 626, 626, 626]",3407872,626,626,-0.8320488333702087,0.009958337992429733,0.1,formal,formal/partials/NOG-FO__m8__seed634__cfgec18bb109eb9.json
NOG-FO,NOG-opt,648,648,324,8,y_bar,0.1,0.1,0.1,2,1.0,0.10136618465185165,6.51509259454906,6.51509259454906,4.270738134160638,11.962845459580421,634,100634,200634,1653683763,sfo,5200,5200,650,"[650, 650, 650, 650, 650, 650, 650, 650]",3538944,650,650,-0.8319926261901855,0.010224557481706142,0.1,formal,formal/partials/NOG-FO__m8__seed634__cfgec18bb109eb9.json
NOG-FO,NOG-opt,672,672,336,8,y_bar,0.1,0.1,0.1,2,1.0,0.14467796683311462,6.917891509830952,6.917891509830952,4.485169284045696,12.475384969264269,634,100634,200634,1653683763,sfo,5392,5392,674,"[674, 674, 674, 674, 674, 674, 674, 674]",3670016,674,674,-0.8318995237350464,0.010658744722604752,0.1,formal,formal/partials/NOG-FO__m8__seed634__cfgec18bb109eb9.json
NOG-FO,NOG-opt,696,696,348,8,y_bar,0.1,0.1,0.1,2,1.0,0.14437519013881683,7.313687847927213,7.313687847927213,4.75929538346827,13.165738986805081,634,100634,200634,1653683763,sfo,5584,5584,698,"[698, 698, 698, 698, 698, 698, 698, 698]",3801088,698,698,-0.8321616649627686,0.010387553833425045,0.1,formal,formal/partials/NOG-FO__m8__seed634__cfgec18bb109eb9.json
NOG-FO,NOG-opt,720,720,360,8,y_bar,0.1,0.1,0.1,2,1.0,0.10399538278579712,7.702692702412605,7.702692702412605,5.0311870239675045,13.77282103151083,634,100634,200634,1653683763,sfo,5776,5776,722,"[722, 722, 722, 722, 722, 722, 722, 722]",3932160,722,722,-0.8322612047195435,0.009968170896172523,0.1,formal,formal/partials/NOG-FO__m8__seed634__cfgec18bb109eb9.json
NOG-FO,NOG-opt,744,744,372,8,y_bar,0.1,0.1,0.1,2,1.0,0.12820781767368317,8.003093289211392,8.003093289211392,5.270899536088109,14.52799610607326,634,100634,200634,1653683763,sfo,5968,5968,746,"[746, 746, 746, 746, 746, 746, 746, 746]",4063232,746,746,-0.8323606252670288,0.009425004944205284,0.1,formal,formal/partials/NOG-FO__m8__seed634__cfgec18bb109eb9.json
NOG-FO,NOG-opt,768,768,384,8,y_bar,0.1,0.1,0.1,2,1.0,0.13131019473075867,8.164247442036867,8.164247442036867,5.344253534451127,14.881520552560687,634,100634,200634,1653683763,sfo,6160,6160,770,"[770, 770, 770, 770, 770, 770, 770, 770]",4194304,770,770,-0.8324863910675049,0.00896122120320797,0.1,formal,formal/partials/NOG-FO__m8__seed634__cfgec18bb109eb9.json
NOG-FO,NOG-opt,792,792,396,8,y_bar,0.1,0.1,0.1,2,1.0,0.11781860142946243,9.18066737987101,9.18066737987101,6.29522162489593,15.352512083947659,634,100634,200634,1653683763,sfo,6352,6352,794,"[794, 794, 794, 794, 794, 794, 794, 794]",4325376,794,794,-0.8324121832847595,0.009236968122422695,0.1,formal,formal/partials/NOG-FO__m8__seed634__cfgec18bb109eb9.json
NOG-FO,NOG-opt,816,816,408,8,y_bar,0.1,0.1,0.1,2,1.0,0.11713138967752457,9.329053245484829,9.329053245484829,6.383579540997744,15.78669135645032,634,100634,200634,1653683763,sfo,6544,6544,818,"[818, 818, 818, 818, 818, 818, 818, 818]",4456448,818,818,-0.8323906660079956,0.009306885302066803,0.1,formal,formal/partials/NOG-FO__m8__seed634__cfgec18bb109eb9.json
NOG-FO,NOG-opt,840,840,420,8,y_bar,0.1,0.1,0.1,2,1.0,0.10962772369384766,9.484155857935548,9.484155857935548,6.458340562880039,16.249523108825088,634,100634,200634,1653683763,sfo,6736,6736,842,"[842, 842, 842, 842, 842, 842, 842, 842]",4587520,842,842,-0.8323734998703003,0.00933388713747263,0.1,formal,formal/partials/NOG-FO__m8__seed634__cfgec18bb109eb9.json
NOG-FO,NOG-opt,864,864,432,8,y_bar,0.1,0.1,0.1,2,1.0,0.12126140296459198,9.61515737324953,9.61515737324953,6.529647855088115,16.723778994753957,634,100634,200634,1653683763,sfo,6928,6928,866,"[866, 866, 866, 866, 866, 866, 866, 866]",4718592,866,866,-0.8321942090988159,0.010141911916434765,0.1,formal,formal/partials/NOG-FO__m8__seed634__cfgec18bb109eb9.json
NOG-FO,NOG-opt,888,888,444,8,y_bar,0.1,0.1,0.1,2,1.0,0.08828086405992508,9.739548157900572,9.739548157900572,6.5942807998508215,17.209789898246527,634,100634,200634,1653683763,sfo,7120,7120,890,"[890, 890, 890, 890, 890, 890, 890, 890]",4849664,890,890,-0.8324769735336304,0.008562619797885418,0.1,formal,formal/partials/NOG-FO__m8__seed634__cfgec18bb109eb9.json
NOG-FO,NOG-opt,912,912,456,8,y_bar,0.1,0.1,0.1,2,1.0,0.09267101436853409,9.892132883891463,9.892132883891463,6.687279915437102,17.664390781894326,634,100634,200634,1653683763,sfo,7312,7312,914,"[914, 914, 914, 914, 914, 914, 914, 914]",4980736,914,914,-0.83243727684021,0.008641118183732033,0.1,formal,formal/partials/NOG-FO__m8__seed634__cfgec18bb109eb9.json
NOG-FO,NOG-opt,936,936,468,8,y_bar,0.1,0.1,0.1,2,1.0,0.13086365163326263,10.061610110104084,10.061610110104084,6.7967502027750015,18.170008597895503,634,100634,200634,1653683763,sfo,7504,7504,938,"[938, 938, 938, 938, 938, 938, 938, 938]",5111808,938,938,-0.8324745893478394,0.008725246414542198,0.1,formal,formal/partials/NOG-FO__m8__seed634__cfgec18bb109eb9.json
NOG-FO,NOG-opt,960,960,480,8,y_bar,0.1,0.1,0.1,2,1.0,0.11079099774360657,10.224096214398742,10.224096214398742,6.870567662641406,18.64296762831509,634,100634,200634,1653683763,sfo,7696,7696,962,"[962, 962, 962, 962, 962, 962, 962, 962]",5242880,962,962,-0.832412838935852,0.009206676855683327,0.1,formal,formal/partials/NOG-FO__m8__seed634__cfgec18bb109eb9.json
NOG-FO,NOG-opt,24,24,12,8,y_bar,0.1,0.1,0.1,2,1.0,0.35888907313346863,0.26117374934256077,0.26117374934256077,0.1936646979302168,0.4024961609393358,635,100635,200635,950906742,sfo,208,208,26,"[26, 26, 26, 26, 26, 26, 26, 26]",131072,26,26,-0.09644463658332825,0.249519944190979,0.1,formal,formal/partials/NOG-FO__m8__seed635__cfge1cbc3215a1c.json
NOG-FO,NOG-opt,48,48,24,8,y_bar,0.1,0.1,0.1,2,1.0,0.3583451807498932,0.4494957737624645,0.4494957737624645,0.32025320269167423,0.7928231973201036,635,100635,200635,950906742,sfo,400,400,50,"[50, 50, 50, 50, 50, 50, 50, 50]",262144,50,50,-0.19502021372318268,0.2440018653869629,0.1,formal,formal/partials/NOG-FO__m8__seed635__cfge1cbc3215a1c.json
NOG-FO,NOG-opt,72,72,36,8,y_bar,0.1,0.1,0.1,2,1.0,0.35823744535446167,0.659168777987361,0.659168777987361,0.46908799931406975,1.181783752515912,635,100635,200635,950906742,sfo,592,592,74,"[74, 74, 74, 74, 74, 74, 74, 74]",393216,74,74,-0.2925769090652466,0.2346489131450653,0.1,formal,formal/partials/NOG-FO__m8__seed635__cfge1cbc3215a1c.json
NOG-FO,NOG-opt,96,96,48,8,y_bar,0.1,0.1,0.1,2,1.0,0.32282131910324097,0.8839854057878256,0.8839854057878256,0.6339504141360521,1.5851102154701948,635,100635,200635,950906742,sfo,784,784,98,"[98, 98, 98, 98, 98, 98, 98, 98]",524288,98,98,-0.38294410705566406,0.2221291959285736,0.1,formal,formal/partials/NOG-FO__m8__seed635__cfge1cbc3215a1c.json
NOG-FO,NOG-opt,120,120,60,8,y_bar,0.1,0.1,0.1,2,1.0,0.30285993218421936,1.1432909406721592,1.1432909406721592,0.7744265515357256,1.9390542525798082,635,100635,200635,950906742,sfo,976,976,122,"[122, 122, 122, 122, 122, 122, 122, 122]",655360,122,122,-0.4636046290397644,0.20738331973552704,0.1,formal,formal/partials/NOG-FO__m8__seed635__cfge1cbc3215a1c.json
NOG-FO,NOG-opt,144,144,72,8,y_bar,0.1,0.1,0.1,2,1.0,0.2751412093639374,1.3902754429727793,1.3902754429727793,0.9603415764868259,2.2900702115148306,635,100635,200635,950906742,sfo,1168,1168,146,"[146, 146, 146, 146, 146, 146, 146, 146]",786432,146,146,-0.5417280197143555,0.18918856978416443,0.1,formal,formal/partials/NOG-FO__m8__seed635__cfge1cbc3215a1c.json
NOG-FO,NOG-opt,168,168,84,8,y_bar,0.1,0.1,0.1,2,1.0,0.22233138978481293,1.6474360805004835,1.6474360805004835,1.1488909367471933,2.693024607375264,635,100635,200635,950906742,sfo,1360,1360,170,"[170, 170, 170, 170, 170, 170, 170, 170]",917504,170,170,-0.6092729568481445,0.16955113410949707,0.1,formal,formal/partials/NOG-FO__m8__seed635__cfge1cbc3215a1c.json
NOG-FO,NOG-opt,192,192,96,8,y_bar,0.1,0.1,0.1,2,1.0,0.2319200336933136,1.920644138008356,1.920644138008356,1.3552733175456524,3.0235296599566936,635,100635,200635,950906742,sfo,1552,1552,194,"[194, 194, 194, 194, 194, 194, 194, 194]",1048576,194,194,-0.6679404377937317,0.1484929323196411,0.1,formal,formal/partials/NOG-FO__m8__seed635__cfge1cbc3215a1c.json
NOG-FO,NOG-opt,216,216,108,8,y_bar,0.1,0.1,0.1,2,1.0,0.22261975705623627,2.3795535750687122,2.3795535750687122,1.693311309441924,3.5527176558971405,635,100635,200635,950906742,sfo,1744,1744,218,"[218, 218, 218, 218, 218, 218, 218, 218]",1179648,218,218,-0.713202714920044,0.12859077751636505,0.1,formal,formal/partials/NOG-FO__m8__seed635__cfge1cbc3215a1c.json
NOG-FO,NOG-opt,240,240,120,8,y_bar,0.1,0.1,0.1,2,1.0,0.2037549912929535,2.7184300869703293,2.7184300869703293,1.9568183105438948,3.9553369786590338,635,100635,200635,950906742,sfo,1936,1936,242,"[242, 242, 242, 242, 242, 242, 242, 242]",1310720,242,242,-0.7499827742576599,0.10890068858861923,0.1,formal,formal/partials/NOG-FO__m8__seed635__cfge1cbc3215a1c.json
NOG-FO,NOG-opt,264,264,132,8,y_bar,0.1,0.1,0.1,2,1.0,0.16098353266716003,3.2025582380592823,3.2025582380592823,2.377370795235038,5.117926988750696,635,100635,200635,950906742,sfo,2128,2128,266,"[266, 266, 266, 266, 266, 266, 266, 266]",1441792,266,266,-0.7800990343093872,0.08889547735452652,0.1,formal,formal/partials/NOG-FO__m8__seed635__cfge1cbc3215a1c.json
NOG-FO,NOG-opt,288,288,144,8,y_bar,0.1,0.1,0.1,2,1.0,0.16069217026233673,3.811315268278122,3.811315268278122,2.9212907310575247,6.032530112192035,635,100635,200635,950906742,sfo,2320,2320,290,"[290, 290, 290, 290, 290, 290, 290, 290]",1572864,290,290,-0.7985860705375671,0.07371363043785095,0.1,formal,formal/partials/NOG-FO__m8__seed635__cfge1cbc3215a1c.json
NOG-FO,NOG-opt,312,312,156,8,y_bar,0.1,0.1,0.1,2,1.0,0.16911500692367554,4.38245002925396,4.38245002925396,3.289793159812689,6.7204696126282215,635,100635,200635,950906742,sfo,2512,2512,314,"[314, 314, 314, 314, 314, 314, 314, 314]",1703936,314,314,-0.8129119277000427,0.059499695897102356,0.1,formal,formal/partials/NOG-FO__m8__seed635__cfge1cbc3215a1c.json
NOG-FO,NOG-opt,336,336,168,8,y_bar,0.1,0.1,0.1,2,1.0,0.12851199507713318,4.8019036035984755,4.8019036035984755,3.5784700717777014,7.790438398718834,635,100635,200635,950906742,sfo,2704,2704,338,"[338, 338, 338, 338, 338, 338, 338, 338]",1835008,338,338,-0.8219983577728271,0.04802948608994484,0.1,formal,formal/partials/NOG-FO__m8__seed635__cfge1cbc3215a1c.json
NOG-FO,NOG-opt,360,360,180,8,y_bar,0.1,0.1,0.1,2,1.0,0.12049956619739532,5.912824437022209,5.912824437022209,4.507660645991564,9.084957260638475,635,100635,200635,950906742,sfo,2896,2896,362,"[362, 362, 362, 362, 362, 362, 362, 362]",1966080,362,362,-0.8281497955322266,0.038328852504491806,0.1,formal,formal/partials/NOG-FO__m8__seed635__cfge1cbc3215a1c.json
NOG-FO,NOG-opt,384,384,192,8,y_bar,0.1,0.1,0.1,2,1.0,0.11261726915836334,6.597103968262672,6.597103968262672,5.0656611025333405,10.332589713856578,635,100635,200635,950906742,sfo,3088,3088,386,"[386, 386, 386, 386, 386, 386, 386, 386]",2097152,386,386,-0.8324933052062988,0.0301284808665514,0.1,formal,formal/partials/NOG-FO__m8__seed635__cfge1cbc3215a1c.json
NOG-FO,NOG-opt,408,408,204,8,y_bar,0.1,0.1,0.1,2,1.0,0.12909002602100372,6.943321207538247,6.943321207538247,5.349915251135826,10.743578603491187,635,100635,200635,950906742,sfo,3280,3280,410,"[410, 410, 410, 410, 410, 410, 410, 410]",2228224,410,410,-0.834639310836792,0.02518082596361637,0.1,formal,formal/partials/NOG-FO__m8__seed635__cfge1cbc3215a1c.json
NOG-FO,NOG-opt,432,432,216,8,y_bar,0.1,0.1,0.1,2,1.0,0.14990471303462982,7.100482273846865,7.100482273846865,5.440572028979659,11.068286834284663,635,100635,200635,950906742,sfo,3472,3472,434,"[434, 434, 434, 434, 434, 434, 434, 434]",2359296,434,434,-0.8363138437271118,0.021284442394971848,0.1,formal,formal/partials/NOG-FO__m8__seed635__cfge1cbc3215a1c.json
NOG-FO,NOG-opt,456,456,228,8,y_bar,0.1,0.1,0.1,2,1.0,0.1236092820763588,7.304076017811894,7.304076017811894,5.582759501412511,11.568052431568503,635,100635,200635,950906742,sfo,3664,3664,458,"[458, 458, 458, 458, 458, 458, 458, 458]",2490368,458,458,-0.837568998336792,0.016886470839381218,0.1,formal,formal/partials/NOG-FO__m8__seed635__cfge1cbc3215a1c.json
NOG-FO,NOG-opt,480,480,240,8,y_bar,0.1,0.1,0.1,2,1.0,0.10888680070638657,7.690771611407399,7.690771611407399,5.830670168623328,12.557106846943498,635,100635,200635,950906742,sfo,3856,3856,482,"[482, 482, 482, 482, 482, 482, 482, 482]",2621440,482,482,-0.8384767174720764,0.012730627320706844,0.1,formal,formal/partials/NOG-FO__m8__seed635__cfge1cbc3215a1c.json
NOG-FO,NOG-opt,504,504,252,8,y_bar,0.1,0.1,0.1,2,1.0,0.12465663999319077,7.922743329778314,7.922743329778314,5.999750602990389,12.89202087931335,635,100635,200635,950906742,sfo,4048,4048,506,"[506, 506, 506, 506, 506, 506, 506, 506]",2752512,506,506,-0.838789165019989,0.01118399202823639,0.1,formal,formal/partials/NOG-FO__m8__seed635__cfge1cbc3215a1c.json
NOG-FO,NOG-opt,528,528,264,8,y_bar,0.1,0.1,0.1,2,1.0,0.13196174800395966,8.0798797942698,8.0798797942698,6.094303295016289,13.358139323070645,635,100635,200635,950906742,sfo,4240,4240,530,"[530, 530, 530, 530, 530, 530, 530, 530]",2883584,530,530,-0.838971734046936,0.010420114733278751,0.1,formal,formal/partials/NOG-FO__m8__seed635__cfge1cbc3215a1c.json
NOG-FO,NOG-opt,552,552,276,8,y_bar,0.1,0.1,0.1,2,1.0,0.14979304373264313,8.31149348244071,8.31149348244071,6.238251538947225,13.766919767484069,635,100635,200635,950906742,sfo,4432,4432,554,"[554, 554, 554, 554, 554, 554, 554, 554]",3014656,554,554,-0.8388029932975769,0.01021950226277113,0.1,formal,formal/partials/NOG-FO__m8__seed635__cfge1cbc3215a1c.json
NOG-FO,NOG-opt,576,576,288,8,y_bar,0.1,0.1,0.1,2,1.0,0.111199289560318,8.4916882943362,8.4916882943362,6.351863255724311,14.19176989980042,635,100635,200635,950906742,sfo,4624,4624,578,"[578, 578, 578, 578, 578, 578, 578, 578]",3145728,578,578,-0.8387749195098877,0.009873324073851109,0.1,formal,formal/partials/NOG-FO__m8__seed635__cfge1cbc3215a1c.json
NOG-FO,NOG-opt,600,600,300,8,y_bar,0.1,0.1,0.1,2,1.0,0.08206598460674286,8.662374472245574,8.662374472245574,6.461272466927767,14.629635248333216,635,100635,200635,950906742,sfo,4816,4816,602,"[602, 602, 602, 602, 602, 602, 602, 602]",3276800,602,602,-0.8387205600738525,0.010189928114414215,0.1,formal,formal/partials/NOG-FO__m8__seed635__cfge1cbc3215a1c.json
NOG-FO,NOG-opt,624,624,312,8,y_bar,0.1,0.1,0.1,2,1.0,0.12802225351333618,8.83904385752976,8.83904385752976,6.54775895178318,15.067660935223103,635,100635,200635,950906742,sfo,5008,5008,626,"[626, 626, 626, 626, 626, 626, 626, 626]",3407872,626,626,-0.8388121128082275,0.009929202497005463,0.1,formal,formal/partials/NOG-FO__m8__seed635__cfge1cbc3215a1c.json
NOG-FO,NOG-opt,648,648,324,8,y_bar,0.1,0.1,0.1,2,1.0,0.1153276190161705,9.032113879919052,9.032113879919052,6.66658453643322,15.499809749424458,635,100635,200635,950906742,sfo,5200,5200,650,"[650, 650, 650, 650, 650, 650, 650, 650]",3538944,650,650,-0.838695764541626,0.010329173877835274,0.1,formal,formal/partials/NOG-FO__m8__seed635__cfge1cbc3215a1c.json
NOG-FO,NOG-opt,672,672,336,8,y_bar,0.1,0.1,0.1,2,1.0,0.11992549896240234,9.28665185160935,9.28665185160935,6.861372547224164,15.897467026486993,635,100635,200635,950906742,sfo,5392,5392,674,"[674, 674, 674, 674, 674, 674, 674, 674]",3670016,674,674,-0.8390339016914368,0.009122779592871666,0.1,formal,formal/partials/NOG-FO__m8__seed635__cfge1cbc3215a1c.json
NOG-FO,NOG-opt,696,696,348,8,y_bar,0.1,0.1,0.1,2,1.0,0.10604503005743027,9.566172827035189,9.566172827035189,7.080586791038513,16.299672320485115,635,100635,200635,950906742,sfo,5584,5584,698,"[698, 698, 698, 698, 698, 698, 698, 698]",3801088,698,698,-0.8389280438423157,0.010047893971204758,0.1,formal,formal/partials/NOG-FO__m8__seed635__cfge1cbc3215a1c.json
NOG-FO,NOG-opt,720,720,360,8,y_bar,0.1,0.1,0.1,2,1.0,0.11402060091495514,9.877593453973532,9.877593453973532,7.256882173940539,16.727202078327537,635,100635,200635,950906742,sfo,5776,5776,722,"[722, 722, 722, 722, 722, 722, 722, 722]",3932160,722,722,-0.8389712572097778,0.009475418366491795,0.1,formal,formal/partials/NOG-FO__m8__seed635__cfge1cbc3215a1c.json
NOG-FO,NOG-opt,744,744,372,8,y_bar,0.1,0.1,0.1,2,1.0,0.11263547837734222,10.233314499258995,10.233314499258995,7.546863390132785,17.09943189099431,635,100635,200635,950906742,sfo,5968,5968,746,"[746, 746, 746, 746, 746, 746, 746, 746]",4063232,746,746,-0.8390803337097168,0.00903716217726469,0.1,formal,formal/partials/NOG-FO__m8__seed635__cfge1cbc3215a1c.json
NOG-FO,NOG-opt,768,768,384,8,y_bar,0.1,0.1,0.1,2,1.0,0.15824489295482635,10.645162908360362,10.645162908360362,7.836736397817731,17.43721250630915,635,100635,200635,950906742,sfo,6160,6160,770,"[770, 770, 770, 770, 770, 770, 770, 770]",4194304,770,770,-0.8390772938728333,0.009079519659280777,0.1,formal,formal/partials/NOG-FO__m8__seed635__cfge1cbc3215a1c.json
NOG-FO,NOG-opt,792,792,396,8,y_bar,0.1,0.1,0.1,2,1.0,0.11535462737083435,11.017731558531523,11.017731558531523,8.142284609377384,17.770177599042654,635,100635,200635,950906742,sfo,6352,6352,794,"[794, 794, 794, 794, 794, 794, 794, 794]",4325376,794,794,-0.8390538096427917,0.00929249171167612,0.1,formal,formal/partials/NOG-FO__m8__seed635__cfge1cbc3215a1c.json
NOG-FO,NOG-opt,816,816,408,8,y_bar,0.1,0.1,0.1,2,1.0,0.0907035693526268,11.354268608614802,11.354268608614802,8.417151421308517,18.151548316702247,635,100635,200635,950906742,sfo,6544,6544,818,"[818, 818, 818, 818, 818, 818, 818, 818]",4456448,818,818,-0.8390098214149475,0.009622447192668915,0.1,formal,formal/partials/NOG-FO__m8__seed635__cfge1cbc3215a1c.json
NOG-FO,NOG-opt,840,840,420,8,y_bar,0.1,0.1,0.1,2,1.0,0.14585183560848236,11.7494130525738,11.7494130525738,8.682466767728329,18.486373944208026,635,100635,200635,950906742,sfo,6736,6736,842,"[842, 842, 842, 842, 842, 842, 842, 842]",4587520,842,842,-0.8391046524047852,0.008957705460488796,0.1,formal,formal/partials/NOG-FO__m8__seed635__cfge1cbc3215a1c.json
NOG-FO,NOG-opt,864,864,432,8,y_bar,0.1,0.1,0.1,2,1.0,0.14679154753684998,12.130662724375725,12.130662724375725,8.948002176359296,18.843225764110684,635,100635,200635,950906742,sfo,6928,6928,866,"[866, 866, 866, 866, 866, 866, 866, 866]",4718592,866,866,-0.839141309261322,0.00848466344177723,0.1,formal,formal/partials/NOG-FO__m8__seed635__cfge1cbc3215a1c.json
NOG-FO,NOG-opt,888,888,444,8,y_bar,0.1,0.1,0.1,2,1.0,0.17680390179157257,12.473832473158836,12.473832473158836,9.14026335068047,19.200252015143633,635,100635,200635,950906742,sfo,7120,7120,890,"[890, 890, 890, 890, 890, 890, 890, 890]",4849664,890,890,-0.8391417264938354,0.008503523655235767,0.1,formal,formal/partials/NOG-FO__m8__seed635__cfge1cbc3215a1c.json
NOG-FO,NOG-opt,912,912,456,8,y_bar,0.1,0.1,0.1,2,1.0,0.13373605906963348,12.863848689943552,12.863848689943552,9.42499696277082,19.540046961978078,635,100635,200635,950906742,sfo,7312,7312,914,"[914, 914, 914, 914, 914, 914, 914, 914]",4980736,914,914,-0.8391073346138,0.008849883452057838,0.1,formal,formal/partials/NOG-FO__m8__seed635__cfge1cbc3215a1c.json
NOG-FO,NOG-opt,936,936,468,8,y_bar,0.1,0.1,0.1,2,1.0,0.12733560800552368,13.18699417822063,13.18699417822063,9.686127200722694,19.93565441481769,635,100635,200635,950906742,sfo,7504,7504,938,"[938, 938, 938, 938, 938, 938, 938, 938]",5111808,938,938,-0.8389796018600464,0.00920134223997593,0.1,formal,formal/partials/NOG-FO__m8__seed635__cfge1cbc3215a1c.json
NOG-FO,NOG-opt,960,960,480,8,y_bar,0.1,0.1,0.1,2,1.0,0.16410116851329803,13.476451521739364,13.476451521739364,9.909222209826112,20.330311939120293,635,100635,200635,950906742,sfo,7696,7696,962,"[962, 962, 962, 962, 962, 962, 962, 962]",5242880,962,962,-0.8390364646911621,0.008763816207647324,0.1,formal,formal/partials/NOG-FO__m8__seed635__cfge1cbc3215a1c.json
NOG-FO,NOG-opt,24,24,12,8,y_bar,0.1,0.1,0.1,2,1.0,0.326922744512558,0.23113499581813812,0.23113499581813812,0.1649834979325533,0.40969642251729965,636,100636,200636,1555139875,sfo,208,208,26,"[26, 26, 26, 26, 26, 26, 26, 26]",131072,26,26,-0.0931791141629219,0.24992723762989044,0.1,formal,formal/partials/NOG-FO__m8__seed636__cfg4957cf8875f8.json
NOG-FO,NOG-opt,48,48,24,8,y_bar,0.1,0.1,0.1,2,1.0,0.3561837077140808,0.4235600661486387,0.4235600661486387,0.2935365345329046,0.7977652903646231,636,100636,200636,1555139875,sfo,400,400,50,"[50, 50, 50, 50, 50, 50, 50, 50]",262144,50,50,-0.1915724128484726,0.24449290335178375,0.1,formal,formal/partials/NOG-FO__m8__seed636__cfg4957cf8875f8.json
NOG-FO,NOG-opt,72,72,36,8,y_bar,0.1,0.1,0.1,2,1.0,0.32257795333862305,0.6090515442192554,0.6090515442192554,0.42114325799047947,1.1638623867183924,636,100636,200636,1555139875,sfo,592,592,74,"[74, 74, 74, 74, 74, 74, 74, 74]",393216,74,74,-0.28661027550697327,0.2355661392211914,0.1,formal,formal/partials/NOG-FO__m8__seed636__cfg4957cf8875f8.json
NOG-FO,NOG-opt,96,96,48,8,y_bar,0.1,0.1,0.1,2,1.0,0.32163602113723755,0.8221633899956942,0.8221633899956942,0.5410495586693287,1.5663613062351942,636,100636,200636,1555139875,sfo,784,784,98,"[98, 98, 98, 98, 98, 98, 98, 98]",524288,98,98,-0.3792722225189209,0.2229849100112915,0.1,formal,formal/partials/NOG-FO__m8__seed636__cfg4957cf8875f8.json
NOG-FO,NOG-opt,120,120,60,8,y_bar,0.1,0.1,0.1,2,1.0,0.2898499667644501,1.0224116630852222,1.0224116630852222,0.679534051567316,1.9778609927743673,636,100636,200636,1555139875,sfo,976,976,122,"[122, 122, 122, 122, 122, 122, 122, 122]",655360,122,122,-0.4646087884902954,0.2074672430753708,0.1,formal,formal/partials/NOG-FO__m8__seed636__cfg4957cf8875f8.json
NOG-FO,NOG-opt,144,144,72,8,y_bar,0.1,0.1,0.1,2,1.0,0.25846558809280396,1.1930862497538328,1.1930862497538328,0.7877053618431091,2.422323890030384,636,100636,200636,1555139875,sfo,1168,1168,146,"[146, 146, 146, 146, 146, 146, 146, 146]",786432,146,146,-0.5434137582778931,0.18912899494171143,0.1,formal,formal/partials/NOG-FO__m8__seed636__cfg4957cf8875f8.json
NOG-FO,NOG-opt,168,168,84,8,y_bar,0.1,0.1,0.1,2,1.0,0.26165956258773804,1.38019460439682,1.38019460439682,0.9070895109325647,2.8687651604413986,636,100636,200636,1555139875,sfo,1360,1360,170,"[170, 170, 170, 170, 170, 170, 170, 170]",917504,170,170,-0.6128216981887817,0.16889949142932892,0.1,formal,formal/partials/NOG-FO__m8__seed636__cfg4957cf8875f8.json
NOG-FO,NOG-opt,192,192,96,8,y_bar,0.1,0.1,0.1,2,1.0,0.23528163135051727,1.5776648111641407,1.5776648111641407,1.0632405150681734,3.29563563875854,636,100636,200636,1555139875,sfo,1552,1552,194,"[194, 194, 194, 194, 194, 194, 194, 194]",1048576,194,194,-0.6732485890388489,0.14694325625896454,0.1,formal,formal/partials/NOG-FO__m8__seed636__cfg4957cf8875f8.json
NOG-FO,NOG-opt,216,216,108,8,y_bar,0.1,0.1,0.1,2,1.0,0.21316410601139069,1.7854012120515108,1.7854012120515108,1.2036340609192848,3.682790147140622,636,100636,200636,1555139875,sfo,1744,1744,218,"[218, 218, 218, 218, 218, 218, 218, 218]",1179648,218,218,-0.7198060154914856,0.12599396705627441,0.1,formal,formal/partials/NOG-FO__m8__seed636__cfg4957cf8875f8.json
NOG-FO,NOG-opt,240,240,120,8,y_bar,0.1,0.1,0.1,2,1.0,0.16722962260246277,2.0868003387004137,2.0868003387004137,1.4063423126935959,3.9902565088123083,636,100636,200636,1555139875,sfo,1936,1936,242,"[242, 242, 242, 242, 242, 242, 242, 242]",1310720,242,242,-0.7557288408279419,0.10632293671369553,0.1,formal,formal/partials/NOG-FO__m8__seed636__cfg4957cf8875f8.json
NOG-FO,NOG-opt,264,264,132,8,y_bar,0.1,0.1,0.1,2,1.0,0.1696639060974121,2.483377084136009,2.483377084136009,1.696145063266158,4.3078986164182425,636,100636,200636,1555139875,sfo,2128,2128,266,"[266, 266, 266, 266, 266, 266, 266, 266]",1441792,266,266,-0.7827746272087097,0.08803112804889679,0.1,formal,formal/partials/NOG-FO__m8__seed636__cfg4957cf8875f8.json
NOG-FO,NOG-opt,288,288,144,8,y_bar,0.1,0.1,0.1,2,1.0,0.14688937366008759,2.861679306253791,2.861679306253791,1.8775197453796864,4.640152644366026,636,100636,200636,1555139875,sfo,2320,2320,290,"[290, 290, 290, 290, 290, 290, 290, 290]",1572864,290,290,-0.8022546172142029,0.07199189066886902,0.1,formal,formal/partials/NOG-FO__m8__seed636__cfg4957cf8875f8.json
NOG-FO,NOG-opt,312,312,156,8,y_bar,0.1,0.1,0.1,2,1.0,0.16537435352802277,3.296638187021017,3.296638187021017,2.1389000415802,4.959861962124705,636,100636,200636,1555139875,sfo,2512,2512,314,"[314, 314, 314, 314, 314, 314, 314, 314]",1703936,314,314,-0.8141326308250427,0.059986378997564316,0.1,formal,formal/partials/NOG-FO__m8__seed636__cfg4957cf8875f8.json
NOG-FO,NOG-opt,336,336,168,8,y_bar,0.1,0.1,0.1,2,1.0,0.18719087541103363,3.690445827320218,3.690445827320218,2.467885108664632,5.296771368011832,636,100636,200636,1555139875,sfo,2704,2704,338,"[338, 338, 338, 338, 338, 338, 338, 338]",1835008,338,338,-0.8246719241142273,0.0468643456697464,0.1,formal,formal/partials/NOG-FO__m8__seed636__cfg4957cf8875f8.json
NOG-FO,NOG-opt,360,360,180,8,y_bar,0.1,0.1,0.1,2,1.0,0.1269242763519287,4.042290663346648,4.042290663346648,2.6952238753437996,5.62739510089159,636,100636,200636,1555139875,sfo,2896,2896,362,"[362, 362, 362, 362, 362, 362, 362, 362]",1966080,362,362,-0.8323260545730591,0.034424565732479095,0.1,formal,formal/partials/NOG-FO__m8__seed636__cfg4957cf8875f8.json
NOG-FO,NOG-opt,384,384,192,8,y_bar,0.1,0.1,0.1,2,1.0,0.11568388342857361,4.400198278948665,4.400198278948665,2.9938045907765627,5.996298482641578,636,100636,200636,1555139875,sfo,3088,3088,386,"[386, 386, 386, 386, 386, 386, 386, 386]",2097152,386,386,-0.8349055647850037,0.029213713482022285,0.1,formal,formal/partials/NOG-FO__m8__seed636__cfg4957cf8875f8.json
NOG-FO,NOG-opt,408,408,204,8,y_bar,0.1,0.1,0.1,2,1.0,0.13648094236850739,4.740630906075239,4.740630906075239,3.132683316245675,6.361432205885649,636,100636,200636,1555139875,sfo,3280,3280,410,"[410, 410, 410, 410, 410, 410, 410, 410]",2228224,410,410,-0.8373891711235046,0.022952020168304443,0.1,formal,formal/partials/NOG-FO__m8__seed636__cfg4957cf8875f8.json
NOG-FO,NOG-opt,432,432,216,8,y_bar,0.1,0.1,0.1,2,1.0,0.14929482340812683,5.06588670425117,5.06588670425117,3.3906052354723215,6.7406308352947235,636,100636,200636,1555139875,sfo,3472,3472,434,"[434, 434, 434, 434, 434, 434, 434, 434]",2359296,434,434,-0.8381468057632446,0.02085169032216072,0.1,formal,formal/partials/NOG-FO__m8__seed636__cfg4957cf8875f8.json
NOG-FO,NOG-opt,456,456,228,8,y_bar,0.1,0.1,0.1,2,1.0,0.15120729804039001,5.38330957852304,5.38330957852304,3.5350732170045376,7.120256811380386,636,100636,200636,1555139875,sfo,3664,3664,458,"[458, 458, 458, 458, 458, 458, 458, 458]",2490368,458,458,-0.8395411372184753,0.016281872987747192,0.1,formal,formal/partials/NOG-FO__m8__seed636__cfg4957cf8875f8.json
NOG-FO,NOG-opt,480,480,240,8,y_bar,0.1,0.1,0.1,2,1.0,0.12536659836769104,5.683557912707329,5.683557912707329,3.773761749267578,7.64066955819726,636,100636,200636,1555139875,sfo,3856,3856,482,"[482, 482, 482, 482, 482, 482, 482, 482]",2621440,482,482,-0.8396522402763367,0.015779491513967514,0.1,formal,formal/partials/NOG-FO__m8__seed636__cfg4957cf8875f8.json
NOG-FO,NOG-opt,504,504,252,8,y_bar,0.1,0.1,0.1,2,1.0,0.12732382118701935,6.078724233433604,6.078724233433604,4.050946228206158,8.05783038213849,636,100636,200636,1555139875,sfo,4048,4048,506,"[506, 506, 506, 506, 506, 506, 506, 506]",2752512,506,506,-0.8398151397705078,0.015094452537596226,0.1,formal,formal/partials/NOG-FO__m8__seed636__cfg4957cf8875f8.json
NOG-FO,NOG-opt,528,528,264,8,y_bar,0.1,0.1,0.1,2,1.0,0.12851446866989136,6.465435253456235,6.465435253456235,4.373901855200529,8.564253916963935,636,100636,200636,1555139875,sfo,4240,4240,530,"[530, 530, 530, 530, 530, 530, 530, 530]",2883584,530,530,-0.8400221467018127,0.013474097475409508,0.1,formal,formal/partials/NOG-FO__m8__seed636__cfg4957cf8875f8.json
NOG-FO,NOG-opt,552,552,276,8,y_bar,0.1,0.1,0.1,2,1.0,0.1300225853919983,6.945713002234697,6.945713002234697,4.6150282975286245,9.785566294565797,636,100636,200636,1555139875,sfo,4432,4432,554,"[554, 554, 554, 554, 554, 554, 554, 554]",3014656,554,554,-0.8402515649795532,0.012299403548240662,0.1,formal,formal/partials/NOG-FO__m8__seed636__cfg4957cf8875f8.json
NOG-FO,NOG-opt,576,576,288,8,y_bar,0.1,0.1,0.1,2,1.0,0.10083399713039398,7.344262395054102,7.344262395054102,4.88282335549593,10.402667442336679,636,100636,200636,1555139875,sfo,4624,4624,578,"[578, 578, 578, 578, 578, 578, 578, 578]",3145728,578,578,-0.8406209945678711,0.010594860650599003,0.1,formal,formal/partials/NOG-FO__m8__seed636__cfg4957cf8875f8.json
NOG-FO,NOG-opt,600,600,300,8,y_bar,0.1,0.1,0.1,2,1.0,0.1337769776582718,7.651903415098786,7.651903415098786,5.06197133846581,11.007014438509941,636,100636,200636,1555139875,sfo,4816,4816,602,"[602, 602, 602, 602, 602, 602, 602, 602]",3276800,602,602,-0.8409109115600586,0.009725612588226795,0.1,formal,formal/partials/NOG-FO__m8__seed636__cfg4957cf8875f8.json
NOG-FO,NOG-opt,624,624,312,8,y_bar,0.1,0.1,0.1,2,1.0,0.13215647637844086,8.0282429959625,8.0282429959625,5.23747587762773,11.617606652900577,636,100636,200636,1555139875,sfo,5008,5008,626,"[626, 626, 626, 626, 626, 626, 626, 626]",3407872,626,626,-0.8410792946815491,0.009182378649711609,0.1,formal,formal/partials/NOG-FO__m8__seed636__cfg4957cf8875f8.json
NOG-FO,NOG-opt,648,648,324,8,y_bar,0.1,0.1,0.1,2,1.0,0.1574409008026123,8.324915805831552,8.324915805831552,5.444345470517874,12.558099759742618,636,100636,200636,1555139875,sfo,5200,5200,650,"[650, 650, 650, 650, 650, 650, 650, 650]",3538944,650,650,-0.840837836265564,0.010416404344141483,0.1,formal,formal/partials/NOG-FO__m8__seed636__cfg4957cf8875f8.json
NOG-FO,NOG-opt,672,672,336,8,y_bar,0.1,0.1,0.1,2,1.0,0.13474468886852264,8.483307214453816,8.483307214453816,5.537661891430616,12.905369771644473,636,100636,200636,1555139875,sfo,5392,5392,674,"[674, 674, 674, 674, 674, 674, 674, 674]",3670016,674,674,-0.8408058285713196,0.009740423411130905,0.1,formal,formal/partials/NOG-FO__m8__seed636__cfg4957cf8875f8.json
NOG-FO,NOG-opt,696,696,348,8,y_bar,0.1,0.1,0.1,2,1.0,0.11887764930725098,8.710668539628386,8.710668539628386,5.703775379806757,13.324022237211466,636,100636,200636,1555139875,sfo,5584,5584,698,"[698, 698, 698, 698, 698, 698, 698, 698]",3801088,698,698,-0.8409032821655273,0.009758166037499905,0.1,formal,formal/partials/NOG-FO__m8__seed636__cfg4957cf8875f8.json
NOG-FO,NOG-opt,720,720,360,8,y_bar,0.1,0.1,0.1,2,1.0,0.13042089343070984,8.86727461218834,8.86727461218834,5.799693562090397,13.743209479376674,636,100636,200636,1555139875,sfo,5776,5776,722,"[722, 722, 722, 722, 722, 722, 722, 722]",3932160,722,722,-0.8408684134483337,0.009499500505626202,0.1,formal,formal/partials/NOG-FO__m8__seed636__cfg4957cf8875f8.json
NOG-FO,NOG-opt,744,744,372,8,y_bar,0.1,0.1,0.1,2,1.0,0.12102852761745453,9.03978738002479,9.03978738002479,5.9112316109240055,14.175972938537598,636,100636,200636,1555139875,sfo,5968,5968,746,"[746, 746, 746, 746, 746, 746, 746, 746]",4063232,746,746,-0.8407838344573975,0.00979586597532034,0.1,formal,formal/partials/NOG-FO__m8__seed636__cfg4957cf8875f8.json
NOG-FO,NOG-opt,768,768,384,8,y_bar,0.1,0.1,0.1,2,1.0,0.11902602016925812,9.21788838878274,9.21788838878274,6.028548955917358,14.650425450876355,636,100636,200636,1555139875,sfo,6160,6160,770,"[770, 770, 770, 770, 770, 770, 770, 770]",4194304,770,770,-0.8406381607055664,0.010405350476503372,0.1,formal,formal/partials/NOG-FO__m8__seed636__cfg4957cf8875f8.json
NOG-FO,NOG-opt,792,792,396,8,y_bar,0.1,0.1,0.1,2,1.0,0.1251477748155594,9.412921849638224,9.412921849638224,6.163330193608999,15.041471751406789,636,100636,200636,1555139875,sfo,6352,6352,794,"[794, 794, 794, 794, 794, 794, 794, 794]",4325376,794,794,-0.8405539989471436,0.010172626003623009,0.1,formal,formal/partials/NOG-FO__m8__seed636__cfg4957cf8875f8.json
NOG-FO,NOG-opt,816,816,408,8,y_bar,0.1,0.1,0.1,2,1.0,0.11673788726329803,9.570314472541213,9.570314472541213,6.234443467110395,15.448551625013351,636,100636,200636,1555139875,sfo,6544,6544,818,"[818, 818, 818, 818, 818, 818, 818, 818]",4456448,818,818,-0.8405582308769226,0.010457453317940235,0.1,formal,formal/partials/NOG-FO__m8__seed636__cfg4957cf8875f8.json
NOG-FO,NOG-opt,840,840,420,8,y_bar,0.1,0.1,0.1,2,1.0,0.13302193582057953,9.916505314409733,9.916505314409733,6.433259770274162,16.10307410173118,636,100636,200636,1555139875,sfo,6736,6736,842,"[842, 842, 842, 842, 842, 842, 842, 842]",4587520,842,842,-0.8405840396881104,0.01021207682788372,0.1,formal,formal/partials/NOG-FO__m8__seed636__cfg4957cf8875f8.json
NOG-FO,NOG-opt,864,864,432,8,y_bar,0.1,0.1,0.1,2,1.0,0.15462800860404968,10.14305673725903,10.14305673725903,6.575228298082948,16.46548432856798,636,100636,200636,1555139875,sfo,6928,6928,866,"[866, 866, 866, 866, 866, 866, 866, 866]",4718592,866,866,-0.8403465747833252,0.01141773909330368,0.1,formal,formal/partials/NOG-FO__m8__seed636__cfg4957cf8875f8.json
NOG-FO,NOG-opt,888,888,444,8,y_bar,0.1,0.1,0.1,2,1.0,0.10035379230976105,10.372486917302012,10.372486917302012,6.732035633176565,16.827287770807743,636,100636,200636,1555139875,sfo,7120,7120,890,"[890, 890, 890, 890, 890, 890, 890, 890]",4849664,890,890,-0.8406925201416016,0.00983724556863308,0.1,formal,formal/partials/NOG-FO__m8__seed636__cfg4957cf8875f8.json
NOG-FO,NOG-opt,912,912,456,8,y_bar,0.1,0.1,0.1,2,1.0,0.12581031024456024,10.698405718430877,10.698405718430877,6.905751990154386,17.442603593692183,636,100636,200636,1555139875,sfo,7312,7312,914,"[914, 914, 914, 914, 914, 914, 914, 914]",4980736,914,914,-0.8407829999923706,0.010170930065214634,0.1,formal,formal/partials/NOG-FO__m8__seed636__cfg4957cf8875f8.json
NOG-FO,NOG-opt,936,936,468,8,y_bar,0.1,0.1,0.1,2,1.0,0.09397523105144501,11.07508596777916,11.07508596777916,7.220972383394837,18.0234453715384,636,100636,200636,1555139875,sfo,7504,7504,938,"[938, 938, 938, 938, 938, 938, 938, 938]",5111808,938,938,-0.8406278491020203,0.01053021103143692,0.1,formal,formal/partials/NOG-FO__m8__seed636__cfg4957cf8875f8.json
NOG-FO,NOG-opt,960,960,480,8,y_bar,0.1,0.1,0.1,2,1.0,0.13604240119457245,11.232486926019192,11.232486926019192,7.315034877508879,18.67564555630088,636,100636,200636,1555139875,sfo,7696,7696,962,"[962, 962, 962, 962, 962, 962, 962, 962]",5242880,962,962,-0.8404648900032043,0.011205924674868584,0.1,formal,formal/partials/NOG-FO__m8__seed636__cfg4957cf8875f8.json
NOG-FO,NOG-opt,24,24,12,8,y_bar,0.1,0.1,0.1,2,1.0,0.3655588626861572,0.5430375877767801,0.5430375877767801,0.3060581497848034,0.5410992465913296,637,100637,200637,556941343,sfo,208,208,26,"[26, 26, 26, 26, 26, 26, 26, 26]",131072,26,26,-0.09194444864988327,0.24755728244781494,0.1,formal,formal/partials/NOG-FO__m8__seed637__cfg2daa393cfbfb.json
NOG-FO,NOG-opt,48,48,24,8,y_bar,0.1,0.1,0.1,2,1.0,0.32838013768196106,0.9147074613720179,0.9147074613720179,0.619674813002348,1.174442881718278,637,100637,200637,556941343,sfo,400,400,50,"[50, 50, 50, 50, 50, 50, 50, 50]",262144,50,50,-0.18872518837451935,0.2424013465642929,0.1,formal,formal/partials/NOG-FO__m8__seed637__cfg2daa393cfbfb.json
NOG-FO,NOG-opt,72,72,36,8,y_bar,0.1,0.1,0.1,2,1.0,0.3061676025390625,1.356337796896696,1.356337796896696,0.9966270457953215,2.2674971390515566,637,100637,200637,556941343,sfo,592,592,74,"[74, 74, 74, 74, 74, 74, 74, 74]",393216,74,74,-0.28036344051361084,0.23414655029773712,0.1,formal,formal/partials/NOG-FO__m8__seed637__cfg2daa393cfbfb.json
NOG-FO,NOG-opt,96,96,48,8,y_bar,0.1,0.1,0.1,2,1.0,0.32108744978904724,1.5721412058919668,1.5721412058919668,1.120788961648941,2.65612087957561,637,100637,200637,556941343,sfo,784,784,98,"[98, 98, 98, 98, 98, 98, 98, 98]",524288,98,98,-0.3664408326148987,0.22298595309257507,0.1,formal,formal/partials/NOG-FO__m8__seed637__cfg2daa393cfbfb.json
NOG-FO,NOG-opt,120,120,60,8,y_bar,0.1,0.1,0.1,2,1.0,0.2806372046470642,1.7702266443520784,1.7702266443520784,1.2532269302755594,3.0975915789604187,637,100637,200637,556941343,sfo,976,976,122,"[122, 122, 122, 122, 122, 122, 122, 122]",655360,122,122,-0.44461482763290405,0.20968876779079437,0.1,formal,formal/partials/NOG-FO__m8__seed637__cfg2daa393cfbfb.json
NOG-FO,NOG-opt,144,144,72,8,y_bar,0.1,0.1,0.1,2,1.0,0.29499611258506775,2.0096537694334984,2.0096537694334984,1.3884131908416748,3.440781222656369,637,100637,200637,556941343,sfo,1168,1168,146,"[146, 146, 146, 146, 146, 146, 146, 146]",786432,146,146,-0.5213348269462585,0.1930598020553589,0.1,formal,formal/partials/NOG-FO__m8__seed637__cfg2daa393cfbfb.json
NOG-FO,NOG-opt,168,168,84,8,y_bar,0.1,0.1,0.1,2,1.0,0.2540796101093292,2.2907795067876577,2.2907795067876577,1.5374492295086384,3.7646436784416437,637,100637,200637,556941343,sfo,1360,1360,170,"[170, 170, 170, 170, 170, 170, 170, 170]",917504,170,170,-0.5905426144599915,0.1744350641965866,0.1,formal,formal/partials/NOG-FO__m8__seed637__cfg2daa393cfbfb.json
NOG-FO,NOG-opt,192,192,96,8,y_bar,0.1,0.1,0.1,2,1.0,0.23000778257846832,2.5650628209114075,2.5650628209114075,1.7568611335009336,4.106349246576428,637,100637,200637,556941343,sfo,1552,1552,194,"[194, 194, 194, 194, 194, 194, 194, 194]",1048576,194,194,-0.650881826877594,0.1544020175933838,0.1,formal,formal/partials/NOG-FO__m8__seed637__cfg2daa393cfbfb.json
NOG-FO,NOG-opt,216,216,108,8,y_bar,0.1,0.1,0.1,2,1.0,0.20924389362335205,2.8097302969545126,2.8097302969545126,1.8430371955037117,4.447538619861007,637,100637,200637,556941343,sfo,1744,1744,218,"[218, 218, 218, 218, 218, 218, 218, 218]",1179648,218,218,-0.7025601863861084,0.13319817185401917,0.1,formal,formal/partials/NOG-FO__m8__seed637__cfg2daa393cfbfb.json
NOG-FO,NOG-opt,240,240,120,8,y_bar,0.1,0.1,0.1,2,1.0,0.17118260264396667,3.055874155834317,3.055874155834317,1.974925473332405,4.809640826657414,637,100637,200637,556941343,sfo,1936,1936,242,"[242, 242, 242, 242, 242, 242, 242, 242]",1310720,242,242,-0.7414045333862305,0.11370199918746948,0.1,formal,formal/partials/NOG-FO__m8__seed637__cfg2daa393cfbfb.json
NOG-FO,NOG-opt,264,264,132,8,y_bar,0.1,0.1,0.1,2,1.0,0.1838112324476242,3.356391655281186,3.356391655281186,2.1644633412361145,5.140809573233128,637,100637,200637,556941343,sfo,2128,2128,266,"[266, 266, 266, 266, 266, 266, 266, 266]",1441792,266,266,-0.7694357633590698,0.09685225784778595,0.1,formal,formal/partials/NOG-FO__m8__seed637__cfg2daa393cfbfb.json
NOG-FO,NOG-opt,288,288,144,8,y_bar,0.1,0.1,0.1,2,1.0,0.16731978952884674,3.638338077813387,3.638338077813387,2.364522695541382,5.482177762314677,637,100637,200637,556941343,sfo,2320,2320,290,"[290, 290, 290, 290, 290, 290, 290, 290]",1572864,290,290,-0.7930636405944824,0.07917153835296631,0.1,formal,formal/partials/NOG-FO__m8__seed637__cfg2daa393cfbfb.json
NOG-FO,NOG-opt,312,312,156,8,y_bar,0.1,0.1,0.1,2,1.0,0.1403832882642746,3.927623426541686,3.927623426541686,2.5820817053318024,5.873219741508365,637,100637,200637,556941343,sfo,2512,2512,314,"[314, 314, 314, 314, 314, 314, 314, 314]",1703936,314,314,-0.8087208271026611,0.0651475265622139,0.1,formal,formal/partials/NOG-FO__m8__seed637__cfg2daa393cfbfb.json
NOG-FO,NOG-opt,336,336,168,8,y_bar,0.1,0.1,0.1,2,1.0,0.13964174687862396,4.1847304198890924,4.1847304198890924,2.7745286095887423,6.2758047468960285,637,100637,200637,556941343,sfo,2704,2704,338,"[338, 338, 338, 338, 338, 338, 338, 338]",1835008,338,338,-0.8194467425346375,0.053396161645650864,0.1,formal,formal/partials/NOG-FO__m8__seed637__cfg2daa393cfbfb.json
NOG-FO,NOG-opt,360,360,180,8,y_bar,0.1,0.1,0.1,2,1.0,0.11486227065324783,4.409005802124739,4.409005802124739,2.900146609172225,6.668893404304981,637,100637,200637,556941343,sfo,2896,2896,362,"[362, 362, 362, 362, 362, 362, 362, 362]",1966080,362,362,-0.8284537196159363,0.04059870168566704,0.1,formal,formal/partials/NOG-FO__m8__seed637__cfg2daa393cfbfb.json
NOG-FO,NOG-opt,384,384,192,8,y_bar,0.1,0.1,0.1,2,1.0,0.14844956994056702,4.680181700736284,4.680181700736284,3.0781541392207146,7.0869658552110195,637,100637,200637,556941343,sfo,3088,3088,386,"[386, 386, 386, 386, 386, 386, 386, 386]",2097152,386,386,-0.8332700729370117,0.03209276497364044,0.1,formal,formal/partials/NOG-FO__m8__seed637__cfg2daa393cfbfb.json
NOG-FO,NOG-opt,408,408,204,8,y_bar,0.1,0.1,0.1,2,1.0,0.12567238509655,4.926026547327638,4.926026547327638,3.2662567738443613,7.528996733948588,637,100637,200637,556941343,sfo,3280,3280,410,"[410, 410, 410, 410, 410, 410, 410, 410]",2228224,410,410,-0.8352590799331665,0.02797497622668743,0.1,formal,formal/partials/NOG-FO__m8__seed637__cfg2daa393cfbfb.json
NOG-FO,NOG-opt,432,432,216,8,y_bar,0.1,0.1,0.1,2,1.0,0.11026448756456375,5.194237066432834,5.194237066432834,3.4694281704723835,8.014036962762475,637,100637,200637,556941343,sfo,3472,3472,434,"[434, 434, 434, 434, 434, 434, 434, 434]",2359296,434,434,-0.8376484513282776,0.02176784537732601,0.1,formal,formal/partials/NOG-FO__m8__seed637__cfg2daa393cfbfb.json
NOG-FO,NOG-opt,456,456,228,8,y_bar,0.1,0.1,0.1,2,1.0,0.1027156338095665,5.351185895502567,5.351185895502567,3.5666087977588177,8.494862033054233,637,100637,200637,556941343,sfo,3664,3664,458,"[458, 458, 458, 458, 458, 458, 458, 458]",2490368,458,458,-0.8388622403144836,0.01828419417142868,0.1,formal,formal/partials/NOG-FO__m8__seed637__cfg2daa393cfbfb.json
NOG-FO,NOG-opt,480,480,240,8,y_bar,0.1,0.1,0.1,2,1.0,0.14394985139369965,5.54667885415256,5.54667885415256,3.684783795848489,8.977360213175416,637,100637,200637,556941343,sfo,3856,3856,482,"[482, 482, 482, 482, 482, 482, 482, 482]",2621440,482,482,-0.8393039107322693,0.016446813941001892,0.1,formal,formal/partials/NOG-FO__m8__seed637__cfg2daa393cfbfb.json
NOG-FO,NOG-opt,504,504,252,8,y_bar,0.1,0.1,0.1,2,1.0,0.11059577763080597,5.731385625898838,5.731385625898838,3.7923828717321157,9.493914537131786,637,100637,200637,556941343,sfo,4048,4048,506,"[506, 506, 506, 506, 506, 506, 506, 506]",2752512,506,506,-0.840172529220581,0.013330231420695782,0.1,formal,formal/partials/NOG-FO__m8__seed637__cfg2daa393cfbfb.json
NOG-FO,NOG-opt,528,528,264,8,y_bar,0.1,0.1,0.1,2,1.0,0.1463504582643509,5.91066019423306,5.91066019423306,3.918670566752553,9.91380120255053,637,100637,200637,556941343,sfo,4240,4240,530,"[530, 530, 530, 530, 530, 530, 530, 530]",2883584,530,530,-0.8406528234481812,0.01074952818453312,0.1,formal,formal/partials/NOG-FO__m8__seed637__cfg2daa393cfbfb.json
NOG-FO,NOG-opt,552,552,276,8,y_bar,0.1,0.1,0.1,2,1.0,0.13749384880065918,6.253162505105138,6.253162505105138,4.2035000417381525,10.568963009864092,637,100637,200637,556941343,sfo,4432,4432,554,"[554, 554, 554, 554, 554, 554, 554, 554]",3014656,554,554,-0.8406612873077393,0.011148299090564251,0.1,formal,formal/partials/NOG-FO__m8__seed637__cfg2daa393cfbfb.json
NOG-FO,NOG-opt,576,576,288,8,y_bar,0.1,0.1,0.1,2,1.0,0.14409784972667694,6.5169381983578205,6.5169381983578205,4.406267924234271,11.049209045246243,637,100637,200637,556941343,sfo,4624,4624,578,"[578, 578, 578, 578, 578, 578, 578, 578]",3145728,578,578,-0.8405029773712158,0.011293362826108932,0.1,formal,formal/partials/NOG-FO__m8__seed637__cfg2daa393cfbfb.json
NOG-FO,NOG-opt,600,600,300,8,y_bar,0.1,0.1,0.1,2,1.0,0.14699409902095795,6.831693800166249,6.831693800166249,4.661743300035596,11.737543769180775,637,100637,200637,556941343,sfo,4816,4816,602,"[602, 602, 602, 602, 602, 602, 602, 602]",3276800,602,602,-0.8406403660774231,0.011254341341555119,0.1,formal,formal/partials/NOG-FO__m8__seed637__cfg2daa393cfbfb.json
NOG-FO,NOG-opt,624,624,312,8,y_bar,0.1,0.1,0.1,2,1.0,0.11042280495166779,7.615614714100957,7.615614714100957,5.079882515594363,12.070114735513926,637,100637,200637,556941343,sfo,5008,5008,626,"[626, 626, 626, 626, 626, 626, 626, 626]",3407872,626,626,-0.8407931923866272,0.01019606739282608,0.1,formal,formal/partials/NOG-FO__m8__seed637__cfg2daa393cfbfb.json
NOG-FO,NOG-opt,648,648,324,8,y_bar,0.1,0.1,0.1,2,1.0,0.14672622084617615,7.787890516221523,7.787890516221523,5.168013205751777,12.413461089134216,637,100637,200637,556941343,sfo,5200,5200,650,"[650, 650, 650, 650, 650, 650, 650, 650]",3538944,650,650,-0.840844988822937,0.009950283914804459,0.1,formal,formal/partials/NOG-FO__m8__seed637__cfg2daa393cfbfb.json
NOG-FO,NOG-opt,672,672,336,8,y_bar,0.1,0.1,0.1,2,1.0,0.12266336381435394,8.00498403981328,8.00498403981328,5.330960124731064,12.94483820348978,637,100637,200637,556941343,sfo,5392,5392,674,"[674, 674, 674, 674, 674, 674, 674, 674]",3670016,674,674,-0.8408836126327515,0.00970371626317501,0.1,formal,formal/partials/NOG-FO__m8__seed637__cfg2daa393cfbfb.json
NOG-FO,NOG-opt,696,696,348,8,y_bar,0.1,0.1,0.1,2,1.0,0.13519039750099182,8.29272629879415,8.29272629879415,5.565082658082247,13.576748056337237,637,100637,200637,556941343,sfo,5584,5584,698,"[698, 698, 698, 698, 698, 698, 698, 698]",3801088,698,698,-0.8407748341560364,0.009836645796895027,0.1,formal,formal/partials/NOG-FO__m8__seed637__cfg2daa393cfbfb.json
NOG-FO,NOG-opt,720,720,360,8,y_bar,0.1,0.1,0.1,2,1.0,0.10999560356140137,8.634047392755747,8.634047392755747,5.817663246765733,14.174193795770407,637,100637,200637,556941343,sfo,5776,5776,722,"[722, 722, 722, 722, 722, 722, 722, 722]",3932160,722,722,-0.8407787084579468,0.009702435694634914,0.1,formal,formal/partials/NOG-FO__m8__seed637__cfg2daa393cfbfb.json
NOG-FO,NOG-opt,744,744,372,8,y_bar,0.1,0.1,0.1,2,1.0,0.1469942331314087,8.942302972078323,8.942302972078323,6.039857812225819,14.951847158372402,637,100637,200637,556941343,sfo,5968,5968,746,"[746, 746, 746, 746, 746, 746, 746, 746]",4063232,746,746,-0.8408157229423523,0.009568799287080765,0.1,formal,formal/partials/NOG-FO__m8__seed637__cfg2daa393cfbfb.json
NOG-FO,NOG-opt,768,768,384,8,y_bar,0.1,0.1,0.1,2,1.0,0.1312757283449173,9.458446307107806,9.458446307107806,6.485723419114947,15.312163596972823,637,100637,200637,556941343,sfo,6160,6160,770,"[770, 770, 770, 770, 770, 770, 770, 770]",4194304,770,770,-0.8410010933876038,0.009587127715349197,0.1,formal,formal/partials/NOG-FO__m8__seed637__cfg2daa393cfbfb.json
NOG-FO,NOG-opt,792,792,396,8,y_bar,0.1,0.1,0.1,2,1.0,0.0977761298418045,9.701925134286284,9.701925134286284,6.671820925548673,15.736914379522204,637,100637,200637,556941343,sfo,6352,6352,794,"[794, 794, 794, 794, 794, 794, 794, 794]",4325376,794,794,-0.8410857915878296,0.009074966423213482,0.1,formal,formal/partials/NOG-FO__m8__seed637__cfg2daa393cfbfb.json
NOG-FO,NOG-opt,816,816,408,8,y_bar,0.1,0.1,0.1,2,1.0,0.0685398206114769,9.942732635885477,9.942732635885477,6.844739373773336,16.123933967202902,637,100637,200637,556941343,sfo,6544,6544,818,"[818, 818, 818, 818, 818, 818, 818, 818]",4456448,818,818,-0.841092586517334,0.008752061054110527,0.1,formal,formal/partials/NOG-FO__m8__seed637__cfg2daa393cfbfb.json
NOG-FO,NOG-opt,840,840,420,8,y_bar,0.1,0.1,0.1,2,1.0,0.1319103240966797,10.240204446017742,10.240204446017742,7.041211925446987,16.489742694422603,637,100637,200637,556941343,sfo,6736,6736,842,"[842, 842, 842, 842, 842, 842, 842, 842]",4587520,842,842,-0.8408452272415161,0.009784474968910217,0.1,formal,formal/partials/NOG-FO__m8__seed637__cfg2daa393cfbfb.json
NOG-FO,NOG-opt,864,864,432,8,y_bar,0.1,0.1,0.1,2,1.0,0.11691496521234512,10.511651596054435,10.511651596054435,7.254689874127507,16.86556565389037,637,100637,200637,556941343,sfo,6928,6928,866,"[866, 866, 866, 866, 866, 866, 866, 866]",4718592,866,866,-0.8406345248222351,0.011045711115002632,0.1,formal,formal/partials/NOG-FO__m8__seed637__cfg2daa393cfbfb.json
NOG-FO,NOG-opt,888,888,444,8,y_bar,0.1,0.1,0.1,2,1.0,0.12038390338420868,10.833149807527661,10.833149807527661,7.51110752671957,17.200932778418064,637,100637,200637,556941343,sfo,7120,7120,890,"[890, 890, 890, 890, 890, 890, 890, 890]",4849664,890,890,-0.840715765953064,0.010325797833502293,0.1,formal,formal/partials/NOG-FO__m8__seed637__cfg2daa393cfbfb.json
NOG-FO,NOG-opt,912,912,456,8,y_bar,0.1,0.1,0.1,2,1.0,0.13044127821922302,11.251159409061074,11.251159409061074,7.8596347607672215,17.533637398853898,637,100637,200637,556941343,sfo,7312,7312,914,"[914, 914, 914, 914, 914, 914, 914, 914]",4980736,914,914,-0.8406782150268555,0.010339375585317612,0.1,formal,formal/partials/NOG-FO__m8__seed637__cfg2daa393cfbfb.json
NOG-FO,NOG-opt,936,936,468,8,y_bar,0.1,0.1,0.1,2,1.0,0.1001630574464798,11.687535213306546,11.687535213306546,8.23314892873168,17.866641085594893,637,100637,200637,556941343,sfo,7504,7504,938,"[938, 938, 938, 938, 938, 938, 938, 938]",5111808,938,938,-0.8407400846481323,0.010037720203399658,0.1,formal,formal/partials/NOG-FO__m8__seed637__cfg2daa393cfbfb.json
NOG-FO,NOG-opt,960,960,480,8,y_bar,0.1,0.1,0.1,2,1.0,0.13746127486228943,12.073716271668673,12.073716271668673,8.557075383141637,18.23839782550931,637,100637,200637,556941343,sfo,7696,7696,962,"[962, 962, 962, 962, 962, 962, 962, 962]",5242880,962,962,-0.8407410383224487,0.009924394078552723,0.1,formal,formal/partials/NOG-FO__m8__seed637__cfg2daa393cfbfb.json
NOG-FO,NOG-opt,24,24,12,8,y_bar,0.1,0.1,0.1,2,1.0,0.3576110303401947,0.28740595281124115,0.28740595281124115,0.21791864186525345,0.34734409488737583,638,100638,200638,1411244866,sfo,208,208,26,"[26, 26, 26, 26, 26, 26, 26, 26]",131072,26,26,-0.09179627895355225,0.24515433609485626,0.1,formal,formal/partials/NOG-FO__m8__seed638__cfg73d88689ff39.json
NOG-FO,NOG-opt,48,48,24,8,y_bar,0.1,0.1,0.1,2,1.0,0.3087719976902008,0.5441267061978579,0.5441267061978579,0.4142419248819351,0.6921552270650864,638,100638,200638,1411244866,sfo,400,400,50,"[50, 50, 50, 50, 50, 50, 50, 50]",262144,50,50,-0.1814543604850769,0.24036259949207306,0.1,formal,formal/partials/NOG-FO__m8__seed638__cfg73d88689ff39.json
NOG-FO,NOG-opt,72,72,36,8,y_bar,0.1,0.1,0.1,2,1.0,0.330661803483963,0.8069714922457933,0.8069714922457933,0.6049597207456827,1.0411133524030447,638,100638,200638,1411244866,sfo,592,592,74,"[74, 74, 74, 74, 74, 74, 74, 74]",393216,74,74,-0.2687249779701233,0.23260271549224854,0.1,formal,formal/partials/NOG-FO__m8__seed638__cfg73d88689ff39.json
NOG-FO,NOG-opt,96,96,48,8,y_bar,0.1,0.1,0.1,2,1.0,0.3233568072319031,1.0447247847914696,1.0447247847914696,0.781355170533061,1.3805405888706446,638,100638,200638,1411244866,sfo,784,784,98,"[98, 98, 98, 98, 98, 98, 98, 98]",524288,98,98,-0.35643231868743896,0.22141236066818237,0.1,formal,formal/partials/NOG-FO__m8__seed638__cfg73d88689ff39.json
NOG-FO,NOG-opt,120,120,60,8,y_bar,0.1,0.1,0.1,2,1.0,0.3307693600654602,1.3841991573572159,1.3841991573572159,1.0544082932174206,1.7192880399525166,638,100638,200638,1411244866,sfo,976,976,122,"[122, 122, 122, 122, 122, 122, 122, 122]",655360,122,122,-0.44013240933418274,0.20720629394054413,0.1,formal,formal/partials/NOG-FO__m8__seed638__cfg73d88689ff39.json
NOG-FO,NOG-opt,144,144,72,8,y_bar,0.1,0.1,0.1,2,1.0,0.2781275510787964,1.729646334424615,1.729646334424615,1.3355465289205313,2.12937780469656,638,100638,200638,1411244866,sfo,1168,1168,146,"[146, 146, 146, 146, 146, 146, 146, 146]",786432,146,146,-0.516639769077301,0.19045951962471008,0.1,formal,formal/partials/NOG-FO__m8__seed638__cfg73d88689ff39.json
NOG-FO,NOG-opt,168,168,84,8,y_bar,0.1,0.1,0.1,2,1.0,0.25126343965530396,2.0322010535746813,2.0322010535746813,1.5730144679546356,2.618891652673483,638,100638,200638,1411244866,sfo,1360,1360,170,"[170, 170, 170, 170, 170, 170, 170, 170]",917504,170,170,-0.5841785073280334,0.17211413383483887,0.1,formal,formal/partials/NOG-FO__m8__seed638__cfg73d88689ff39.json
NOG-FO,NOG-opt,192,192,96,8,y_bar,0.1,0.1,0.1,2,1.0,0.24016089737415314,2.3434043657034636,2.3434043657034636,1.7795993350446224,3.0897992737591267,638,100638,200638,1411244866,sfo,1552,1552,194,"[194, 194, 194, 194, 194, 194, 194, 194]",1048576,194,194,-0.6428062319755554,0.1525200456380844,0.1,formal,formal/partials/NOG-FO__m8__seed638__cfg73d88689ff39.json
NOG-FO,NOG-opt,216,216,108,8,y_bar,0.1,0.1,0.1,2,1.0,0.206416517496109,2.6462201103568077,2.6462201103568077,2.021579585969448,3.6394505705684423,638,100638,200638,1411244866,sfo,1744,1744,218,"[218, 218, 218, 218, 218, 218, 218, 218]",1179648,218,218,-0.6923309564590454,0.13233338296413422,0.1,formal,formal/partials/NOG-FO__m8__seed638__cfg73d88689ff39.json
NOG-FO,NOG-opt,240,240,120,8,y_bar,0.1,0.1,0.1,2,1.0,0.21956980228424072,3.002902615815401,3.002902615815401,2.2476082164794207,4.148466695100069,638,100638,200638,1411244866,sfo,1936,1936,242,"[242, 242, 242, 242, 242, 242, 242, 242]",1310720,242,242,-0.7290741801261902,0.11419018357992172,0.1,formal,formal/partials/NOG-FO__m8__seed638__cfg73d88689ff39.json
NOG-FO,NOG-opt,264,264,132,8,y_bar,0.1,0.1,0.1,2,1.0,0.1675814837217331,3.3826365936547518,3.3826365936547518,2.5267801750451326,4.681395038962364,638,100638,200638,1411244866,sfo,2128,2128,266,"[266, 266, 266, 266, 266, 266, 266, 266]",1441792,266,266,-0.7592070698738098,0.09616082906723022,0.1,formal,formal/partials/NOG-FO__m8__seed638__cfg73d88689ff39.json
NOG-FO,NOG-opt,288,288,144,8,y_bar,0.1,0.1,0.1,2,1.0,0.1655472069978714,3.8252479378134012,3.8252479378134012,2.8368641063570976,6.0334108751267195,638,100638,200638,1411244866,sfo,2320,2320,290,"[290, 290, 290, 290, 290, 290, 290, 290]",1572864,290,290,-0.7800950407981873,0.08114495873451233,0.1,formal,formal/partials/NOG-FO__m8__seed638__cfg73d88689ff39.json
NOG-FO,NOG-opt,312,312,156,8,y_bar,0.1,0.1,0.1,2,1.0,0.16009655594825745,4.266656646504998,4.266656646504998,3.2135666366666555,6.544996311888099,638,100638,200638,1411244866,sfo,2512,2512,314,"[314, 314, 314, 314, 314, 314, 314, 314]",1703936,314,314,-0.7970174551010132,0.06635496020317078,0.1,formal,formal/partials/NOG-FO__m8__seed638__cfg73d88689ff39.json
NOG-FO,NOG-opt,336,336,168,8,y_bar,0.1,0.1,0.1,2,1.0,0.14476196467876434,4.569607973098755,4.569607973098755,3.4554936327040195,7.654480228200555,638,100638,200638,1411244866,sfo,2704,2704,338,"[338, 338, 338, 338, 338, 338, 338, 338]",1835008,338,338,-0.8092221617698669,0.05320879817008972,0.1,formal,formal/partials/NOG-FO__m8__seed638__cfg73d88689ff39.json
NOG-FO,NOG-opt,360,360,180,8,y_bar,0.1,0.1,0.1,2,1.0,0.1308198720216751,4.966000568121672,4.966000568121672,3.7886824756860733,8.297666750848293,638,100638,200638,1411244866,sfo,2896,2896,362,"[362, 362, 362, 362, 362, 362, 362, 362]",1966080,362,362,-0.8178932070732117,0.04143524542450905,0.1,formal,formal/partials/NOG-FO__m8__seed638__cfg73d88689ff39.json
NOG-FO,NOG-opt,384,384,192,8,y_bar,0.1,0.1,0.1,2,1.0,0.15127114951610565,5.386662086471915,5.386662086471915,4.079700544476509,10.109666742384434,638,100638,200638,1411244866,sfo,3088,3088,386,"[386, 386, 386, 386, 386, 386, 386, 386]",2097152,386,386,-0.8220664858818054,0.03414511680603027,0.1,formal,formal/partials/NOG-FO__m8__seed638__cfg73d88689ff39.json
NOG-FO,NOG-opt,408,408,204,8,y_bar,0.1,0.1,0.1,2,1.0,0.11982187628746033,5.6713551841676235,5.6713551841676235,4.3020014856010675,11.60747629776597,638,100638,200638,1411244866,sfo,3280,3280,410,"[410, 410, 410, 410, 410, 410, 410, 410]",2228224,410,410,-0.8248446583747864,0.028273500502109528,0.1,formal,formal/partials/NOG-FO__m8__seed638__cfg73d88689ff39.json
NOG-FO,NOG-opt,432,432,216,8,y_bar,0.1,0.1,0.1,2,1.0,0.14206978678703308,5.964425757527351,5.964425757527351,4.532370559871197,12.21689361706376,638,100638,200638,1411244866,sfo,3472,3472,434,"[434, 434, 434, 434, 434, 434, 434, 434]",2359296,434,434,-0.8270027041435242,0.023566940799355507,0.1,formal,formal/partials/NOG-FO__m8__seed638__cfg73d88689ff39.json
NOG-FO,NOG-opt,456,456,228,8,y_bar,0.1,0.1,0.1,2,1.0,0.13959570229053497,6.261824583634734,6.261824583634734,4.712360208854079,12.807748559862375,638,100638,200638,1411244866,sfo,3664,3664,458,"[458, 458, 458, 458, 458, 458, 458, 458]",2490368,458,458,-0.8287717700004578,0.01908711902797222,0.1,formal,formal/partials/NOG-FO__m8__seed638__cfg73d88689ff39.json
NOG-FO,NOG-opt,480,480,240,8,y_bar,0.1,0.1,0.1,2,1.0,0.10848380625247955,6.632683841511607,6.632683841511607,4.957769732922316,13.330536970868707,638,100638,200638,1411244866,sfo,3856,3856,482,"[482, 482, 482, 482, 482, 482, 482, 482]",2621440,482,482,-0.8293251991271973,0.0162891186773777,0.1,formal,formal/partials/NOG-FO__m8__seed638__cfg73d88689ff39.json
NOG-FO,NOG-opt,504,504,252,8,y_bar,0.1,0.1,0.1,2,1.0,0.1501539945602417,7.02072411775589,7.02072411775589,5.19961953535676,14.532221093773842,638,100638,200638,1411244866,sfo,4048,4048,506,"[506, 506, 506, 506, 506, 506, 506, 506]",2752512,506,506,-0.8303540349006653,0.012622728943824768,0.1,formal,formal/partials/NOG-FO__m8__seed638__cfg73d88689ff39.json
NOG-FO,NOG-opt,528,528,264,8,y_bar,0.1,0.1,0.1,2,1.0,0.13605156540870667,7.2208442483097315,7.2208442483097315,5.329834586009383,14.844982041046023,638,100638,200638,1411244866,sfo,4240,4240,530,"[530, 530, 530, 530, 530, 530, 530, 530]",2883584,530,530,-0.8308349251747131,0.010951708070933819,0.1,formal,formal/partials/NOG-FO__m8__seed638__cfg73d88689ff39.json
NOG-FO,NOG-opt,552,552,276,8,y_bar,0.1,0.1,0.1,2,1.0,0.13660763204097748,7.394589336588979,7.394589336588979,5.449366329237819,15.232153668999672,638,100638,200638,1411244866,sfo,4432,4432,554,"[554, 554, 554, 554, 554, 554, 554, 554]",3014656,554,554,-0.8308075070381165,0.011103210039436817,0.1,formal,formal/partials/NOG-FO__m8__seed638__cfg73d88689ff39.json
NOG-FO,NOG-opt,576,576,288,8,y_bar,0.1,0.1,0.1,2,1.0,0.14173899590969086,7.725657880306244,7.725657880306244,5.653372257947922,15.577337441965938,638,100638,200638,1411244866,sfo,4624,4624,578,"[578, 578, 578, 578, 578, 578, 578, 578]",3145728,578,578,-0.8308990001678467,0.010801718570291996,0.1,formal,formal/partials/NOG-FO__m8__seed638__cfg73d88689ff39.json
NOG-FO,NOG-opt,600,600,300,8,y_bar,0.1,0.1,0.1,2,1.0,0.14830419421195984,8.12144012004137,8.12144012004137,5.948681328445673,15.898843189701438,638,100638,200638,1411244866,sfo,4816,4816,602,"[602, 602, 602, 602, 602, 602, 602, 602]",3276800,602,602,-0.8311087489128113,0.0099604781717062,0.1,formal,formal/partials/NOG-FO__m8__seed638__cfg73d88689ff39.json
NOG-FO,NOG-opt,624,624,312,8,y_bar,0.1,0.1,0.1,2,1.0,0.16458073258399963,8.428026536479592,8.428026536479592,6.12312526255846,16.217820962890983,638,100638,200638,1411244866,sfo,5008,5008,626,"[626, 626, 626, 626, 626, 626, 626, 626]",3407872,626,626,-0.8311830759048462,0.009914238937199116,0.1,formal,formal/partials/NOG-FO__m8__seed638__cfg73d88689ff39.json
NOG-FO,NOG-opt,648,648,324,8,y_bar,0.1,0.1,0.1,2,1.0,0.12088587880134583,8.838188622146845,8.838188622146845,6.414005426689982,16.590819470584393,638,100638,200638,1411244866,sfo,5200,5200,650,"[650, 650, 650, 650, 650, 650, 650, 650]",3538944,650,650,-0.8308714628219604,0.011408635415136814,0.1,formal,formal/partials/NOG-FO__m8__seed638__cfg73d88689ff39.json
NOG-FO,NOG-opt,672,672,336,8,y_bar,0.1,0.1,0.1,2,1.0,0.11851371824741364,9.155029024928808,9.155029024928808,6.660882458090782,16.943077575415373,638,100638,200638,1411244866,sfo,5392,5392,674,"[674, 674, 674, 674, 674, 674, 674, 674]",3670016,674,674,-0.8309643268585205,0.011034834198653698,0.1,formal,formal/partials/NOG-FO__m8__seed638__cfg73d88689ff39.json
NOG-FO,NOG-opt,696,696,348,8,y_bar,0.1,0.1,0.1,2,1.0,0.12906308472156525,9.480761874467134,9.480761874467134,6.794248944148421,17.262440936639905,638,100638,200638,1411244866,sfo,5584,5584,698,"[698, 698, 698, 698, 698, 698, 698, 698]",3801088,698,698,-0.831104576587677,0.010334922932088375,0.1,formal,formal/partials/NOG-FO__m8__seed638__cfg73d88689ff39.json
NOG-FO,NOG-opt,720,720,360,8,y_bar,0.1,0.1,0.1,2,1.0,0.16918712854385376,9.861359594389796,9.861359594389796,7.114085525274277,17.557359660044312,638,100638,200638,1411244866,sfo,5776,5776,722,"[722, 722, 722, 722, 722, 722, 722, 722]",3932160,722,722,-0.8312351703643799,0.010446551255881786,0.1,formal,formal/partials/NOG-FO__m8__seed638__cfg73d88689ff39.json
NOG-FO,NOG-opt,744,744,372,8,y_bar,0.1,0.1,0.1,2,1.0,0.13292276859283447,10.31993173994124,10.31993173994124,7.481736721470952,17.87040256150067,638,100638,200638,1411244866,sfo,5968,5968,746,"[746, 746, 746, 746, 746, 746, 746, 746]",4063232,746,746,-0.8311864137649536,0.010183852165937424,0.1,formal,formal/partials/NOG-FO__m8__seed638__cfg73d88689ff39.json
NOG-FO,NOG-opt,768,768,384,8,y_bar,0.1,0.1,0.1,2,1.0,0.10658514499664307,10.630026441067457,10.630026441067457,7.734230808913708,18.30364292114973,638,100638,200638,1411244866,sfo,6160,6160,770,"[770, 770, 770, 770, 770, 770, 770, 770]",4194304,770,770,-0.8309264779090881,0.011068950407207012,0.1,formal,formal/partials/NOG-FO__m8__seed638__cfg73d88689ff39.json
NOG-FO,NOG-opt,792,792,396,8,y_bar,0.1,0.1,0.1,2,1.0,0.1261315941810608,10.960403310135007,10.960403310135007,7.939721833914518,18.72581979446113,638,100638,200638,1411244866,sfo,6352,6352,794,"[794, 794, 794, 794, 794, 794, 794, 794]",4325376,794,794,-0.8308922648429871,0.010417579673230648,0.1,formal,formal/partials/NOG-FO__m8__seed638__cfg73d88689ff39.json
NOG-FO,NOG-opt,816,816,408,8,y_bar,0.1,0.1,0.1,2,1.0,0.13973331451416016,11.343416577205062,11.343416577205062,8.183759218081832,19.104982847347856,638,100638,200638,1411244866,sfo,6544,6544,818,"[818, 818, 818, 818, 818, 818, 818, 818]",4456448,818,818,-0.831089973449707,0.010048122145235538,0.1,formal,formal/partials/NOG-FO__m8__seed638__cfg73d88689ff39.json
NOG-FO,NOG-opt,840,840,420,8,y_bar,0.1,0.1,0.1,2,1.0,0.1386035680770874,11.750056175515056,11.750056175515056,8.473227605223656,19.445880701765418,638,100638,200638,1411244866,sfo,6736,6736,842,"[842, 842, 842, 842, 842, 842, 842, 842]",4587520,842,842,-0.8312506675720215,0.009904620237648487,0.1,formal,formal/partials/NOG-FO__m8__seed638__cfg73d88689ff39.json
NOG-FO,NOG-opt,864,864,432,8,y_bar,0.1,0.1,0.1,2,1.0,0.12533684074878693,12.0885945931077,12.0885945931077,8.62302815541625,19.825928257778287,638,100638,200638,1411244866,sfo,6928,6928,866,"[866, 866, 866, 866, 866, 866, 866, 866]",4718592,866,866,-0.831430971622467,0.009134153835475445,0.1,formal,formal/partials/NOG-FO__m8__seed638__cfg73d88689ff39.json
NOG-FO,NOG-opt,888,888,444,8,y_bar,0.1,0.1,0.1,2,1.0,0.1333175003528595,12.405366014689207,12.405366014689207,8.7751783169806,20.193654656410217,638,100638,200638,1411244866,sfo,7120,7120,890,"[890, 890, 890, 890, 890, 890, 890, 890]",4849664,890,890,-0.8312023878097534,0.009950262494385242,0.1,formal,formal/partials/NOG-FO__m8__seed638__cfg73d88689ff39.json
NOG-FO,NOG-opt,912,912,456,8,y_bar,0.1,0.1,0.1,2,1.0,0.13823053240776062,12.648667244240642,12.648667244240642,8.944053335115314,20.634053487330675,638,100638,200638,1411244866,sfo,7312,7312,914,"[914, 914, 914, 914, 914, 914, 914, 914]",4980736,914,914,-0.8309875130653381,0.010879438370466232,0.1,formal,formal/partials/NOG-FO__m8__seed638__cfg73d88689ff39.json
NOG-FO,NOG-opt,936,936,468,8,y_bar,0.1,0.1,0.1,2,1.0,0.11463191360235214,12.880802925676107,12.880802925676107,9.079807041212916,21.053584206849337,638,100638,200638,1411244866,sfo,7504,7504,938,"[938, 938, 938, 938, 938, 938, 938, 938]",5111808,938,938,-0.8309589624404907,0.01072558294981718,0.1,formal,formal/partials/NOG-FO__m8__seed638__cfg73d88689ff39.json
NOG-FO,NOG-opt,960,960,480,8,y_bar,0.1,0.1,0.1,2,1.0,0.13345526158809662,13.094277273863554,13.094277273863554,9.171800570562482,21.471237828955054,638,100638,200638,1411244866,sfo,7696,7696,962,"[962, 962, 962, 962, 962, 962, 962, 962]",5242880,962,962,-0.8308119177818298,0.011413357220590115,0.1,formal,formal/partials/NOG-FO__m8__seed638__cfg73d88689ff39.json
NOG-FO,NOG-opt,24,24,12,8,y_bar,0.1,0.1,0.1,2,1.0,0.34182247519493103,0.43398427590727806,0.43398427590727806,0.35632868856191635,0.33750995248556137,639,100639,200639,1388046187,sfo,208,208,26,"[26, 26, 26, 26, 26, 26, 26, 26]",131072,26,26,-0.08775200694799423,0.2486269176006317,0.1,formal,formal/partials/NOG-FO__m8__seed639__cfg34f55d01e086.json
NOG-FO,NOG-opt,48,48,24,8,y_bar,0.1,0.1,0.1,2,1.0,0.36185479164123535,0.7944058272987604,0.7944058272987604,0.6241931561380625,0.6899465825408697,639,100639,200639,1388046187,sfo,400,400,50,"[50, 50, 50, 50, 50, 50, 50, 50]",262144,50,50,-0.18902072310447693,0.24327905476093292,0.1,formal,formal/partials/NOG-FO__m8__seed639__cfg34f55d01e086.json
NOG-FO,NOG-opt,72,72,36,8,y_bar,0.1,0.1,0.1,2,1.0,0.3499896228313446,1.1403465326875448,1.1403465326875448,0.9057307057082653,1.0676284413784742,639,100639,200639,1388046187,sfo,592,592,74,"[74, 74, 74, 74, 74, 74, 74, 74]",393216,74,74,-0.2781718373298645,0.23518012464046478,0.1,formal,formal/partials/NOG-FO__m8__seed639__cfg34f55d01e086.json
NOG-FO,NOG-opt,96,96,48,8,y_bar,0.1,0.1,0.1,2,1.0,0.30840975046157837,1.4646674152463675,1.4646674152463675,1.0910150445997715,1.444174775853753,639,100639,200639,1388046187,sfo,784,784,98,"[98, 98, 98, 98, 98, 98, 98, 98]",524288,98,98,-0.3696531057357788,0.22320345044136047,0.1,formal,formal/partials/NOG-FO__m8__seed639__cfg34f55d01e086.json
NOG-FO,NOG-opt,120,120,60,8,y_bar,0.1,0.1,0.1,2,1.0,0.301574170589447,1.8014809060841799,1.8014809060841799,1.3669156581163406,1.840993134304881,639,100639,200639,1388046187,sfo,976,976,122,"[122, 122, 122, 122, 122, 122, 122, 122]",655360,122,122,-0.4515690803527832,0.20887687802314758,0.1,formal,formal/partials/NOG-FO__m8__seed639__cfg34f55d01e086.json
NOG-FO,NOG-opt,144,144,72,8,y_bar,0.1,0.1,0.1,2,1.0,0.2880086302757263,2.1623859051615,2.1623859051615,1.663412032648921,2.175966616719961,639,100639,200639,1388046187,sfo,1168,1168,146,"[146, 146, 146, 146, 146, 146, 146, 146]",786432,146,146,-0.5294718146324158,0.1915448009967804,0.1,formal,formal/partials/NOG-FO__m8__seed639__cfg34f55d01e086.json
NOG-FO,NOG-opt,168,168,84,8,y_bar,0.1,0.1,0.1,2,1.0,0.24860744178295135,2.5333599355071783,2.5333599355071783,1.9667011629790068,2.5051721073687077,639,100639,200639,1388046187,sfo,1360,1360,170,"[170, 170, 170, 170, 170, 170, 170, 170]",917504,170,170,-0.5972861647605896,0.17263507843017578,0.1,formal,formal/partials/NOG-FO__m8__seed639__cfg34f55d01e086.json
NOG-FO,NOG-opt,192,192,96,8,y_bar,0.1,0.1,0.1,2,1.0,0.22969092428684235,3.0046267714351416,3.0046267714351416,2.361154703423381,2.8381434455513954,639,100639,200639,1388046187,sfo,1552,1552,194,"[194, 194, 194, 194, 194, 194, 194, 194]",1048576,194,194,-0.6581735610961914,0.15155884623527527,0.1,formal,formal/partials/NOG-FO__m8__seed639__cfg34f55d01e086.json
NOG-FO,NOG-opt,216,216,108,8,y_bar,0.1,0.1,0.1,2,1.0,0.1960419863462448,3.4180390127003193,3.4180390127003193,2.557106386870146,3.2366698663681746,639,100639,200639,1388046187,sfo,1744,1744,218,"[218, 218, 218, 218, 218, 218, 218, 218]",1179648,218,218,-0.7056164741516113,0.13137608766555786,0.1,formal,formal/partials/NOG-FO__m8__seed639__cfg34f55d01e086.json
NOG-FO,NOG-opt,240,240,120,8,y_bar,0.1,0.1,0.1,2,1.0,0.2031240165233612,3.750203665345907,3.750203665345907,2.807246048003435,3.6115475967526436,639,100639,200639,1388046187,sfo,1936,1936,242,"[242, 242, 242, 242, 242, 242, 242, 242]",1310720,242,242,-0.7459021210670471,0.11045166850090027,0.1,formal,formal/partials/NOG-FO__m8__seed639__cfg34f55d01e086.json
NOG-FO,NOG-opt,264,264,132,8,y_bar,0.1,0.1,0.1,2,1.0,0.1632159948348999,4.122547373175621,4.122547373175621,3.114479251205921,3.9974845498800278,639,100639,200639,1388046187,sfo,2128,2128,266,"[266, 266, 266, 266, 266, 266, 266, 266]",1441792,266,266,-0.7728432416915894,0.09322820603847504,0.1,formal,formal/partials/NOG-FO__m8__seed639__cfg34f55d01e086.json
NOG-FO,NOG-opt,288,288,144,8,y_bar,0.1,0.1,0.1,2,1.0,0.12377681583166122,4.5279598496854305,4.5279598496854305,3.4384423680603504,4.319098433479667,639,100639,200639,1388046187,sfo,2320,2320,290,"[290, 290, 290, 290, 290, 290, 290, 290]",1572864,290,290,-0.7938541769981384,0.07691812515258789,0.1,formal,formal/partials/NOG-FO__m8__seed639__cfg34f55d01e086.json
NOG-FO,NOG-opt,312,312,156,8,y_bar,0.1,0.1,0.1,2,1.0,0.12577983736991882,4.911400323733687,4.911400323733687,3.73635870590806,4.721166327595711,639,100639,200639,1388046187,sfo,2512,2512,314,"[314, 314, 314, 314, 314, 314, 314, 314]",1703936,314,314,-0.8069681525230408,0.06481324136257172,0.1,formal,formal/partials/NOG-FO__m8__seed639__cfg34f55d01e086.json
NOG-FO,NOG-opt,336,336,168,8,y_bar,0.1,0.1,0.1,2,1.0,0.12246597558259964,5.235619569197297,5.235619569197297,3.9289654660969973,5.1596278212964535,639,100639,200639,1388046187,sfo,2704,2704,338,"[338, 338, 338, 338, 338, 338, 338, 338]",1835008,338,338,-0.8194816708564758,0.05052323266863823,0.1,formal,formal/partials/NOG-FO__m8__seed639__cfg34f55d01e086.json
NOG-FO,NOG-opt,360,360,180,8,y_bar,0.1,0.1,0.1,2,1.0,0.14715024828910828,5.4977214224636555,5.4977214224636555,4.1266609989106655,5.589297249913216,639,100639,200639,1388046187,sfo,2896,2896,362,"[362, 362, 362, 362, 362, 362, 362, 362]",1966080,362,362,-0.8271913528442383,0.038890983909368515,0.1,formal,formal/partials/NOG-FO__m8__seed639__cfg34f55d01e086.json
NOG-FO,NOG-opt,384,384,192,8,y_bar,0.1,0.1,0.1,2,1.0,0.13883855938911438,5.765442105010152,5.765442105010152,4.30306102335453,6.0329528246074915,639,100639,200639,1388046187,sfo,3088,3088,386,"[386, 386, 386, 386, 386, 386, 386, 386]",2097152,386,386,-0.8312461972236633,0.031222233548760414,0.1,formal,formal/partials/NOG-FO__m8__seed639__cfg34f55d01e086.json
NOG-FO,NOG-opt,408,408,204,8,y_bar,0.1,0.1,0.1,2,1.0,0.11074129492044449,5.968832608312368,5.968832608312368,4.440287332981825,6.440197000280023,639,100639,200639,1388046187,sfo,3280,3280,410,"[410, 410, 410, 410, 410, 410, 410, 410]",2228224,410,410,-0.8335891366004944,0.026246365159749985,0.1,formal,formal/partials/NOG-FO__m8__seed639__cfg34f55d01e086.json
NOG-FO,NOG-opt,432,432,216,8,y_bar,0.1,0.1,0.1,2,1.0,0.10053882747888565,6.3361115753650665,6.3361115753650665,4.694966746494174,7.067743768915534,639,100639,200639,1388046187,sfo,3472,3472,434,"[434, 434, 434, 434, 434, 434, 434, 434]",2359296,434,434,-0.8351203799247742,0.02244458720088005,0.1,formal,formal/partials/NOG-FO__m8__seed639__cfg34f55d01e086.json
NOG-FO,NOG-opt,456,456,228,8,y_bar,0.1,0.1,0.1,2,1.0,0.14485788345336914,6.622471768409014,6.622471768409014,4.922052524983883,7.550732856616378,639,100639,200639,1388046187,sfo,3664,3664,458,"[458, 458, 458, 458, 458, 458, 458, 458]",2490368,458,458,-0.8370748162269592,0.016252415254712105,0.1,formal,formal/partials/NOG-FO__m8__seed639__cfg34f55d01e086.json
NOG-FO,NOG-opt,480,480,240,8,y_bar,0.1,0.1,0.1,2,1.0,0.13193830847740173,6.911955174058676,6.911955174058676,5.150974111631513,8.156065234914422,639,100639,200639,1388046187,sfo,3856,3856,482,"[482, 482, 482, 482, 482, 482, 482, 482]",2621440,482,482,-0.8376667499542236,0.014524860307574272,0.1,formal,formal/partials/NOG-FO__m8__seed639__cfg34f55d01e086.json
NOG-FO,NOG-opt,504,504,252,8,y_bar,0.1,0.1,0.1,2,1.0,0.14688177406787872,8.105061145499349,8.105061145499349,6.000483099371195,8.69256205111742,639,100639,200639,1388046187,sfo,4048,4048,506,"[506, 506, 506, 506, 506, 506, 506, 506]",2752512,506,506,-0.837490975856781,0.014773986302316189,0.1,formal,formal/partials/NOG-FO__m8__seed639__cfg34f55d01e086.json
NOG-FO,NOG-opt,528,528,264,8,y_bar,0.1,0.1,0.1,2,1.0,0.12699292600154877,8.427402783185244,8.427402783185244,6.261740818619728,9.276900542899966,639,100639,200639,1388046187,sfo,4240,4240,530,"[530, 530, 530, 530, 530, 530, 530, 530]",2883584,530,530,-0.8379316926002502,0.01225277315825224,0.1,formal,formal/partials/NOG-FO__m8__seed639__cfg34f55d01e086.json
NOG-FO,NOG-opt,552,552,276,8,y_bar,0.1,0.1,0.1,2,1.0,0.12932153046131134,8.808430083096027,8.808430083096027,6.5794701259583235,9.799169592559338,639,100639,200639,1388046187,sfo,4432,4432,554,"[554, 554, 554, 554, 554, 554, 554, 554]",3014656,554,554,-0.838083028793335,0.011482054367661476,0.1,formal,formal/partials/NOG-FO__m8__seed639__cfg34f55d01e086.json
NOG-FO,NOG-opt,576,576,288,8,y_bar,0.1,0.1,0.1,2,1.0,0.1354111284017563,9.21299722418189,9.21299722418189,6.920010568574071,10.418509846553206,639,100639,200639,1388046187,sfo,4624,4624,578,"[578, 578, 578, 578, 578, 578, 578, 578]",3145728,578,578,-0.8382866978645325,0.010818852111697197,0.1,formal,formal/partials/NOG-FO__m8__seed639__cfg34f55d01e086.json
NOG-FO,NOG-opt,600,600,300,8,y_bar,0.1,0.1,0.1,2,1.0,0.0993013009428978,9.649764209985733,9.649764209985733,7.293537713587284,10.880650728940964,639,100639,200639,1388046187,sfo,4816,4816,602,"[602, 602, 602, 602, 602, 602, 602, 602]",3276800,602,602,-0.8382410407066345,0.010159831494092941,0.1,formal,formal/partials/NOG-FO__m8__seed639__cfg34f55d01e086.json
NOG-FO,NOG-opt,624,624,312,8,y_bar,0.1,0.1,0.1,2,1.0,0.08086466789245605,9.790446048602462,9.790446048602462,7.374373896047473,11.377229120582342,639,100639,200639,1388046187,sfo,5008,5008,626,"[626, 626, 626, 626, 626, 626, 626, 626]",3407872,626,626,-0.8383020758628845,0.009714479558169842,0.1,formal,formal/partials/NOG-FO__m8__seed639__cfg34f55d01e086.json
NOG-FO,NOG-opt,648,648,324,8,y_bar,0.1,0.1,0.1,2,1.0,0.09784232825040817,9.949657674878836,9.949657674878836,7.4731950759887695,11.824390102177858,639,100639,200639,1388046187,sfo,5200,5200,650,"[650, 650, 650, 650, 650, 650, 650, 650]",3538944,650,650,-0.838317334651947,0.009732323698699474,0.1,formal,formal/partials/NOG-FO__m8__seed639__cfg34f55d01e086.json
NOG-FO,NOG-opt,672,672,336,8,y_bar,0.1,0.1,0.1,2,1.0,0.13243837654590607,10.129883509129286,10.129883509129286,7.599325930699706,12.297217296436429,639,100639,200639,1388046187,sfo,5392,5392,674,"[674, 674, 674, 674, 674, 674, 674, 674]",3670016,674,674,-0.8383136987686157,0.00951041653752327,0.1,formal,formal/partials/NOG-FO__m8__seed639__cfg34f55d01e086.json
NOG-FO,NOG-opt,696,696,348,8,y_bar,0.1,0.1,0.1,2,1.0,0.0986652597784996,10.263571739196777,10.263571739196777,7.664165606722236,12.809344271197915,639,100639,200639,1388046187,sfo,5584,5584,698,"[698, 698, 698, 698, 698, 698, 698, 698]",3801088,698,698,-0.8383669257164001,0.009664726443588734,0.1,formal,formal/partials/NOG-FO__m8__seed639__cfg34f55d01e086.json
NOG-FO,NOG-opt,720,720,360,8,y_bar,0.1,0.1,0.1,2,1.0,0.14740465581417084,10.425343547016382,10.425343547016382,7.758221700787544,13.285837385803461,639,100639,200639,1388046187,sfo,5776,5776,722,"[722, 722, 722, 722, 722, 722, 722, 722]",3932160,722,722,-0.8383610844612122,0.009560933336615562,0.1,formal,formal/partials/NOG-FO__m8__seed639__cfg34f55d01e086.json
NOG-FO,NOG-opt,744,744,372,8,y_bar,0.1,0.1,0.1,2,1.0,0.13129961490631104,10.55294270440936,10.55294270440936,7.817177874967456,13.77012711390853,639,100639,200639,1388046187,sfo,5968,5968,746,"[746, 746, 746, 746, 746, 746, 746, 746]",4063232,746,746,-0.8383609056472778,0.009768618270754814,0.1,formal,formal/partials/NOG-FO__m8__seed639__cfg34f55d01e086.json
NOG-FO,NOG-opt,768,768,384,8,y_bar,0.1,0.1,0.1,2,1.0,0.1542055606842041,10.70586633682251,10.70586633682251,7.908092109486461,14.276366485282779,639,100639,200639,1388046187,sfo,6160,6160,770,"[770, 770, 770, 770, 770, 770, 770, 770]",4194304,770,770,-0.8382924199104309,0.009787403978407383,0.1,formal,formal/partials/NOG-FO__m8__seed639__cfg34f55d01e086.json
NOG-FO,NOG-opt,792,792,396,8,y_bar,0.1,0.1,0.1,2,1.0,0.12049735337495804,10.896812655031681,10.896812655031681,8.038666447624564,14.81231870315969,639,100639,200639,1388046187,sfo,6352,6352,794,"[794, 794, 794, 794, 794, 794, 794, 794]",4325376,794,794,-0.8385077714920044,0.009744362905621529,0.1,formal,formal/partials/NOG-FO__m8__seed639__cfg34f55d01e086.json
NOG-FO,NOG-opt,816,816,408,8,y_bar,0.1,0.1,0.1,2,1.0,0.1432723104953766,11.152647908776999,11.152647908776999,8.193214012309909,15.463409211486578,639,100639,200639,1388046187,sfo,6544,6544,818,"[818, 818, 818, 818, 818, 818, 818, 818]",4456448,818,818,-0.8385847210884094,0.009515434503555298,0.1,formal,formal/partials/NOG-FO__m8__seed639__cfg34f55d01e086.json
NOG-FO,NOG-opt,840,840,420,8,y_bar,0.1,0.1,0.1,2,1.0,0.09958423674106598,11.680503634735942,11.680503634735942,8.622948432341218,15.845318742096424,639,100639,200639,1388046187,sfo,6736,6736,842,"[842, 842, 842, 842, 842, 842, 842, 842]",4587520,842,842,-0.8388261795043945,0.008531753905117512,0.1,formal,formal/partials/NOG-FO__m8__seed639__cfg34f55d01e086.json
NOG-FO,NOG-opt,864,864,432,8,y_bar,0.1,0.1,0.1,2,1.0,0.1330520361661911,11.921506708487868,11.921506708487868,8.800832662731409,16.160418761894107,639,100639,200639,1388046187,sfo,6928,6928,866,"[866, 866, 866, 866, 866, 866, 866, 866]",4718592,866,866,-0.8387302160263062,0.009288810193538666,0.1,formal,formal/partials/NOG-FO__m8__seed639__cfg34f55d01e086.json
NOG-FO,NOG-opt,888,888,444,8,y_bar,0.1,0.1,0.1,2,1.0,0.10970510542392731,12.189328065142035,12.189328065142035,8.998372511938214,16.493096597492695,639,100639,200639,1388046187,sfo,7120,7120,890,"[890, 890, 890, 890, 890, 890, 890, 890]",4849664,890,890,-0.8383957147598267,0.01078201923519373,0.1,formal,formal/partials/NOG-FO__m8__seed639__cfg34f55d01e086.json
NOG-FO,NOG-opt,912,912,456,8,y_bar,0.1,0.1,0.1,2,1.0,0.14724920690059662,12.450390936806798,12.450390936806798,9.150693802163005,16.822478462010622,639,100639,200639,1388046187,sfo,7312,7312,914,"[914, 914, 914, 914, 914, 914, 914, 914]",4980736,914,914,-0.8383653163909912,0.009730457328259945,0.1,formal,formal/partials/NOG-FO__m8__seed639__cfg34f55d01e086.json
NOG-FO,NOG-opt,936,936,468,8,y_bar,0.1,0.1,0.1,2,1.0,0.1138586699962616,12.705948850139976,12.705948850139976,9.34303205087781,17.154476998373866,639,100639,200639,1388046187,sfo,7504,7504,938,"[938, 938, 938, 938, 938, 938, 938, 938]",5111808,938,938,-0.8386327028274536,0.009220939129590988,0.1,formal,formal/partials/NOG-FO__m8__seed639__cfg34f55d01e086.json
NOG-FO,NOG-opt,960,960,480,8,y_bar,0.1,0.1,0.1,2,1.0,0.12723834812641144,12.957598539069295,12.957598539069295,9.479061538353562,17.487397024407983,639,100639,200639,1388046187,sfo,7696,7696,962,"[962, 962, 962, 962, 962, 962, 962, 962]",5242880,962,962,-0.8381769061088562,0.010834121145308018,0.1,formal,formal/partials/NOG-FO__m8__seed639__cfg34f55d01e086.json
NOG-FO-NONOPT,NOG-nonopt,24,24,12,8,y_bar,0.1,0.1,0.1,2,1.0,0.33726802468299866,0.4785810802131891,0.4785810802131891,0.2819381933659315,0.4847172889858484,620,100620,200620,288791310,sfo,208,208,26,"[26, 26, 26, 26, 26, 26, 26, 26]",131072,26,26,-0.16438491642475128,0.24177052080631256,0.1,formal,formal/partials/NOG-FO-NONOPT__m8__seed620__cfga338926e354f.json
NOG-FO-NONOPT,NOG-nonopt,48,48,24,8,y_bar,0.1,0.1,0.1,2,1.0,0.2993111312389374,0.8939176090061665,0.8939176090061665,0.6265027448534966,0.9357298295944929,620,100620,200620,288791310,sfo,400,400,50,"[50, 50, 50, 50, 50, 50, 50, 50]",262144,50,50,-0.33554506301879883,0.22465597093105316,0.1,formal,formal/partials/NOG-FO-NONOPT__m8__seed620__cfga338926e354f.json
NOG-FO-NONOPT,NOG-nonopt,72,72,36,8,y_bar,0.1,0.1,0.1,2,1.0,0.2869414985179901,1.3210508562624454,1.3210508562624454,0.9203070942312479,1.3844419941306114,620,100620,200620,288791310,sfo,592,592,74,"[74, 74, 74, 74, 74, 74, 74, 74]",393216,74,74,-0.4916188418865204,0.196649432182312,0.1,formal,formal/partials/NOG-FO-NONOPT__m8__seed620__cfga338926e354f.json
NOG-FO-NONOPT,NOG-nonopt,96,96,48,8,y_bar,0.1,0.1,0.1,2,1.0,0.2406320571899414,1.835122499614954,1.835122499614954,1.2948506493121386,1.792763289064169,620,100620,200620,288791310,sfo,784,784,98,"[98, 98, 98, 98, 98, 98, 98, 98]",524288,98,98,-0.6198200583457947,0.1609261929988861,0.1,formal,formal/partials/NOG-FO-NONOPT__m8__seed620__cfga338926e354f.json
NOG-FO-NONOPT,NOG-nonopt,120,120,60,8,y_bar,0.1,0.1,0.1,2,1.0,0.19701002538204193,2.4020528085529804,2.4020528085529804,1.745447549968958,2.158985050395131,620,100620,200620,288791310,sfo,976,976,122,"[122, 122, 122, 122, 122, 122, 122, 122]",655360,122,122,-0.7159466743469238,0.12130232155323029,0.1,formal,formal/partials/NOG-FO-NONOPT__m8__seed620__cfga338926e354f.json
NOG-FO-NONOPT,NOG-nonopt,144,144,72,8,y_bar,0.1,0.1,0.1,2,1.0,0.14239728450775146,2.9431300088763237,2.9431300088763237,2.1537577230483294,2.565673891454935,620,100620,200620,288791310,sfo,1168,1168,146,"[146, 146, 146, 146, 146, 146, 146, 146]",786432,146,146,-0.7768730521202087,0.08357638120651245,0.1,formal,formal/partials/NOG-FO-NONOPT__m8__seed620__cfga338926e354f.json
NOG-FO-NONOPT,NOG-nonopt,168,168,84,8,y_bar,0.1,0.1,0.1,2,1.0,0.15267670154571533,3.5324356202036142,3.5324356202036142,2.600051961839199,2.9629198405891657,620,100620,200620,288791310,sfo,1360,1360,170,"[170, 170, 170, 170, 170, 170, 170, 170]",917504,170,170,-0.8109174966812134,0.05041845142841339,0.1,formal,formal/partials/NOG-FO-NONOPT__m8__seed620__cfga338926e354f.json
NOG-FO-NONOPT,NOG-nonopt,192,192,96,8,y_bar,0.1,0.1,0.1,2,1.0,0.15133003890514374,4.131487505510449,4.131487505510449,3.0016323383897543,3.360418114811182,620,100620,200620,288791310,sfo,1552,1552,194,"[194, 194, 194, 194, 194, 194, 194, 194]",1048576,194,194,-0.8224444389343262,0.032259710133075714,0.1,formal,formal/partials/NOG-FO-NONOPT__m8__seed620__cfga338926e354f.json
NOG-FO-NONOPT,NOG-nonopt,216,216,108,8,y_bar,0.1,0.1,0.1,2,1.0,0.12033656984567642,4.720435366034508,4.720435366034508,3.4534937255084515,3.696893323212862,620,100620,200620,288791310,sfo,1744,1744,218,"[218, 218, 218, 218, 218, 218, 218, 218]",1179648,218,218,-0.8268442153930664,0.02219974249601364,0.1,formal,formal/partials/NOG-FO-NONOPT__m8__seed620__cfga338926e354f.json
NOG-FO-NONOPT,NOG-nonopt,240,240,120,8,y_bar,0.1,0.1,0.1,2,1.0,0.17103934288024902,5.268812166526914,5.268812166526914,3.86848833411932,4.087558275088668,620,100620,200620,288791310,sfo,1936,1936,242,"[242, 242, 242, 242, 242, 242, 242, 242]",1310720,242,242,-0.8282774686813354,0.01873866654932499,0.1,formal,formal/partials/NOG-FO-NONOPT__m8__seed620__cfga338926e354f.json
NOG-FO-NONOPT,NOG-nonopt,264,264,132,8,y_bar,0.1,0.1,0.1,2,1.0,0.12027242034673691,5.963922301307321,5.963922301307321,4.347984500229359,4.429425034672022,620,100620,200620,288791310,sfo,2128,2128,266,"[266, 266, 266, 266, 266, 266, 266, 266]",1441792,266,266,-0.8296847343444824,0.012041283771395683,0.1,formal,formal/partials/NOG-FO-NONOPT__m8__seed620__cfga338926e354f.json
NOG-FO-NONOPT,NOG-nonopt,288,288,144,8,y_bar,0.1,0.1,0.1,2,1.0,0.11510016024112701,6.518856128677726,6.518856128677726,4.761305879801512,4.819961026310921,620,100620,200620,288791310,sfo,2320,2320,290,"[290, 290, 290, 290, 290, 290, 290, 290]",1572864,290,290,-0.8296293020248413,0.012258323840796947,0.1,formal,formal/partials/NOG-FO-NONOPT__m8__seed620__cfga338926e354f.json
NOG-FO-NONOPT,NOG-nonopt,312,312,156,8,y_bar,0.1,0.1,0.1,2,1.0,0.1476837396621704,7.103181201964617,7.103181201964617,5.208547385409474,5.210022382438183,620,100620,200620,288791310,sfo,2512,2512,314,"[314, 314, 314, 314, 314, 314, 314, 314]",1703936,314,314,-0.8295334577560425,0.011960524134337902,0.1,formal,formal/partials/NOG-FO-NONOPT__m8__seed620__cfga338926e354f.json
NOG-FO-NONOPT,NOG-nonopt,336,336,168,8,y_bar,0.1,0.1,0.1,2,1.0,0.12756602466106415,7.627001065760851,7.627001065760851,5.6695517506450415,5.5962093863636255,620,100620,200620,288791310,sfo,2704,2704,338,"[338, 338, 338, 338, 338, 338, 338, 338]",1835008,338,338,-0.8290768265724182,0.012378718703985214,0.1,formal,formal/partials/NOG-FO-NONOPT__m8__seed620__cfga338926e354f.json
NOG-FO-NONOPT,NOG-nonopt,360,360,180,8,y_bar,0.1,0.1,0.1,2,1.0,0.15773525834083557,8.219952933490276,8.219952933490276,5.986952597275376,5.999168435111642,620,100620,200620,288791310,sfo,2896,2896,362,"[362, 362, 362, 362, 362, 362, 362, 362]",1966080,362,362,-0.8287566304206848,0.012856158427894115,0.1,formal,formal/partials/NOG-FO-NONOPT__m8__seed620__cfga338926e354f.json
NOG-FO-NONOPT,NOG-nonopt,384,384,192,8,y_bar,0.1,0.1,0.1,2,1.0,0.09210685640573502,8.79846902936697,8.79846902936697,6.428584787994623,6.3347295969724655,620,100620,200620,288791310,sfo,3088,3088,386,"[386, 386, 386, 386, 386, 386, 386, 386]",2097152,386,386,-0.8292050361633301,0.01287839189171791,0.1,formal,formal/partials/NOG-FO-NONOPT__m8__seed620__cfga338926e354f.json
NOG-FO-NONOPT,NOG-nonopt,408,408,204,8,y_bar,0.1,0.1,0.1,2,1.0,0.1163971945643425,9.366663260385394,9.366663260385394,6.772277146577835,6.721030658110976,620,100620,200620,288791310,sfo,3280,3280,410,"[410, 410, 410, 410, 410, 410, 410, 410]",2228224,410,410,-0.8292796611785889,0.012173967435956001,0.1,formal,formal/partials/NOG-FO-NONOPT__m8__seed620__cfga338926e354f.json
NOG-FO-NONOPT,NOG-nonopt,432,432,216,8,y_bar,0.1,0.1,0.1,2,1.0,0.12259815633296967,9.861032448709011,9.861032448709011,7.137976728379726,7.158139880746603,620,100620,200620,288791310,sfo,3472,3472,434,"[434, 434, 434, 434, 434, 434, 434, 434]",2359296,434,434,-0.8287020325660706,0.01346727553755045,0.1,formal,formal/partials/NOG-FO-NONOPT__m8__seed620__cfga338926e354f.json
NOG-FO-NONOPT,NOG-nonopt,456,456,228,8,y_bar,0.1,0.1,0.1,2,1.0,0.1329311579465866,10.253679344430566,10.253679344430566,7.466195419430733,7.610707754269242,620,100620,200620,288791310,sfo,3664,3664,458,"[458, 458, 458, 458, 458, 458, 458, 458]",2490368,458,458,-0.8282418847084045,0.01427263393998146,0.1,formal,formal/partials/NOG-FO-NONOPT__m8__seed620__cfga338926e354f.json
NOG-FO-NONOPT,NOG-nonopt,480,480,240,8,y_bar,0.1,0.1,0.1,2,1.0,0.1350252628326416,10.661591770127416,10.661591770127416,7.803134232759476,8.051213569939137,620,100620,200620,288791310,sfo,3856,3856,482,"[482, 482, 482, 482, 482, 482, 482, 482]",2621440,482,482,-0.8280975818634033,0.016143927350640297,0.1,formal,formal/partials/NOG-FO-NONOPT__m8__seed620__cfga338926e354f.json
NOG-FO-NONOPT,NOG-nonopt,504,504,252,8,y_bar,0.1,0.1,0.1,2,1.0,0.14816512167453766,11.016224637627602,11.016224637627602,8.0305341091007,8.489445380866528,620,100620,200620,288791310,sfo,4048,4048,506,"[506, 506, 506, 506, 506, 506, 506, 506]",2752512,506,506,-0.828590989112854,0.013156851753592491,0.1,formal,formal/partials/NOG-FO-NONOPT__m8__seed620__cfga338926e354f.json
NOG-FO-NONOPT,NOG-nonopt,528,528,264,8,y_bar,0.1,0.1,0.1,2,1.0,0.1491726189851761,11.370856070891023,11.370856070891023,8.261554518714547,8.933416673913598,620,100620,200620,288791310,sfo,4240,4240,530,"[530, 530, 530, 530, 530, 530, 530, 530]",2883584,530,530,-0.8289309144020081,0.01233534887433052,0.1,formal,formal/partials/NOG-FO-NONOPT__m8__seed620__cfga338926e354f.json
NOG-FO-NONOPT,NOG-nonopt,552,552,276,8,y_bar,0.1,0.1,0.1,2,1.0,0.1439000517129898,11.830684218555689,11.830684218555689,8.587779682129622,9.326441226527095,620,100620,200620,288791310,sfo,4432,4432,554,"[554, 554, 554, 554, 554, 554, 554, 554]",3014656,554,554,-0.8292585015296936,0.01146689709275961,0.1,formal,formal/partials/NOG-FO-NONOPT__m8__seed620__cfga338926e354f.json
NOG-FO-NONOPT,NOG-nonopt,576,576,288,8,y_bar,0.1,0.1,0.1,2,1.0,0.10612013936042786,12.327559327706695,12.327559327706695,9.019762340933084,9.718427477404475,620,100620,200620,288791310,sfo,4624,4624,578,"[578, 578, 578, 578, 578, 578, 578, 578]",3145728,578,578,-0.8280887007713318,0.015966059640049934,0.1,formal,formal/partials/NOG-FO-NONOPT__m8__seed620__cfga338926e354f.json
NOG-FO-NONOPT,NOG-nonopt,600,600,300,8,y_bar,0.1,0.1,0.1,2,1.0,0.17072921991348267,12.817006757482886,12.817006757482886,9.231390614062548,10.108837397769094,620,100620,200620,288791310,sfo,4816,4816,602,"[602, 602, 602, 602, 602, 602, 602, 602]",3276800,602,602,-0.8282901644706726,0.01541436742991209,0.1,formal,formal/partials/NOG-FO-NONOPT__m8__seed620__cfga338926e354f.json
NOG-FO-NONOPT,NOG-nonopt,624,624,312,8,y_bar,0.1,0.1,0.1,2,1.0,0.14379222691059113,13.40123843215406,13.40123843215406,9.682577492669225,10.48097006417811,620,100620,200620,288791310,sfo,5008,5008,626,"[626, 626, 626, 626, 626, 626, 626, 626]",3407872,626,626,-0.8289335370063782,0.013627640902996063,0.1,formal,formal/partials/NOG-FO-NONOPT__m8__seed620__cfga338926e354f.json
NOG-FO-NONOPT,NOG-nonopt,648,648,324,8,y_bar,0.1,0.1,0.1,2,1.0,0.15915611386299133,13.935280250385404,13.935280250385404,10.015293972566724,10.896687962114811,620,100620,200620,288791310,sfo,5200,5200,650,"[650, 650, 650, 650, 650, 650, 650, 650]",3538944,650,650,-0.829348087310791,0.01168796606361866,0.1,formal,formal/partials/NOG-FO-NONOPT__m8__seed620__cfga338926e354f.json
NOG-FO-NONOPT,NOG-nonopt,672,672,336,8,y_bar,0.1,0.1,0.1,2,1.0,0.15220215916633606,14.495174953714013,14.495174953714013,10.372058255597949,11.291252138093114,620,100620,200620,288791310,sfo,5392,5392,674,"[674, 674, 674, 674, 674, 674, 674, 674]",3670016,674,674,-0.8292886018753052,0.012152205221354961,0.1,formal,formal/partials/NOG-FO-NONOPT__m8__seed620__cfga338926e354f.json
NOG-FO-NONOPT,NOG-nonopt,696,696,348,8,y_bar,0.1,0.1,0.1,2,1.0,0.1263212263584137,15.002782145515084,15.002782145515084,10.731699233874679,11.66841828264296,620,100620,200620,288791310,sfo,5584,5584,698,"[698, 698, 698, 698, 698, 698, 698, 698]",3801088,698,698,-0.8294113278388977,0.011503121815621853,0.1,formal,formal/partials/NOG-FO-NONOPT__m8__seed620__cfga338926e354f.json
NOG-FO-NONOPT,NOG-nonopt,720,720,360,8,y_bar,0.1,0.1,0.1,2,1.0,0.14117662608623505,15.43005002476275,15.43005002476275,10.99338991381228,12.115764109417796,620,100620,200620,288791310,sfo,5776,5776,722,"[722, 722, 722, 722, 722, 722, 722, 722]",3932160,722,722,-0.8291369676589966,0.012243959121406078,0.1,formal,formal/partials/NOG-FO-NONOPT__m8__seed620__cfga338926e354f.json
NOG-FO-NONOPT,NOG-nonopt,744,744,372,8,y_bar,0.1,0.1,0.1,2,1.0,0.1316557675600052,15.855387272313237,15.855387272313237,11.284869309514761,12.50424725562334,620,100620,200620,288791310,sfo,5968,5968,746,"[746, 746, 746, 746, 746, 746, 746, 746]",4063232,746,746,-0.8293954133987427,0.01124510820955038,0.1,formal,formal/partials/NOG-FO-NONOPT__m8__seed620__cfga338926e354f.json
NOG-FO-NONOPT,NOG-nonopt,768,768,384,8,y_bar,0.1,0.1,0.1,2,1.0,0.13981422781944275,16.335685826838017,16.335685826838017,11.570758745074272,12.860209232196212,620,100620,200620,288791310,sfo,6160,6160,770,"[770, 770, 770, 770, 770, 770, 770, 770]",4194304,770,770,-0.8291218280792236,0.012133111245930195,0.1,formal,formal/partials/NOG-FO-NONOPT__m8__seed620__cfga338926e354f.json
NOG-FO-NONOPT,NOG-nonopt,792,792,396,8,y_bar,0.1,0.1,0.1,2,1.0,0.11464183777570724,16.771679246798158,16.771679246798158,11.816779229789972,13.196567298844457,620,100620,200620,288791310,sfo,6352,6352,794,"[794, 794, 794, 794, 794, 794, 794, 794]",4325376,794,794,-0.8290373086929321,0.012397573329508305,0.1,formal,formal/partials/NOG-FO-NONOPT__m8__seed620__cfga338926e354f.json
NOG-FO-NONOPT,NOG-nonopt,816,816,408,8,y_bar,0.1,0.1,0.1,2,1.0,0.12682664394378662,17.24790170788765,17.24790170788765,12.231742950156331,13.59757087752223,620,100620,200620,288791310,sfo,6544,6544,818,"[818, 818, 818, 818, 818, 818, 818, 818]",4456448,818,818,-0.8283625841140747,0.013988624326884747,0.1,formal,formal/partials/NOG-FO-NONOPT__m8__seed620__cfga338926e354f.json
NOG-FO-NONOPT,NOG-nonopt,840,840,420,8,y_bar,0.1,0.1,0.1,2,1.0,0.15453921258449554,17.832625173032284,17.832625173032284,12.632399886846542,13.975660186260939,620,100620,200620,288791310,sfo,6736,6736,842,"[842, 842, 842, 842, 842, 842, 842, 842]",4587520,842,842,-0.8291129469871521,0.011854319833219051,0.1,formal,formal/partials/NOG-FO-NONOPT__m8__seed620__cfga338926e354f.json
NOG-FO-NONOPT,NOG-nonopt,864,864,432,8,y_bar,0.1,0.1,0.1,2,1.0,0.09805026650428772,18.345300814136863,18.345300814136863,12.947651466354728,14.442192997783422,620,100620,200620,288791310,sfo,6928,6928,866,"[866, 866, 866, 866, 866, 866, 866, 866]",4718592,866,866,-0.8288820385932922,0.013573671691119671,0.1,formal,formal/partials/NOG-FO-NONOPT__m8__seed620__cfga338926e354f.json
NOG-FO-NONOPT,NOG-nonopt,888,888,444,8,y_bar,0.1,0.1,0.1,2,1.0,0.1067412942647934,18.859405804425478,18.859405804425478,13.193573482334614,14.846416743472219,620,100620,200620,288791310,sfo,7120,7120,890,"[890, 890, 890, 890, 890, 890, 890, 890]",4849664,890,890,-0.8289875984191895,0.012956304475665092,0.1,formal,formal/partials/NOG-FO-NONOPT__m8__seed620__cfga338926e354f.json
NOG-FO-NONOPT,NOG-nonopt,912,912,456,8,y_bar,0.1,0.1,0.1,2,1.0,0.14157108962535858,19.353511730208993,19.353511730208993,13.55861415527761,15.480675956234336,620,100620,200620,288791310,sfo,7312,7312,914,"[914, 914, 914, 914, 914, 914, 914, 914]",4980736,914,914,-0.829142689704895,0.012510201893746853,0.1,formal,formal/partials/NOG-FO-NONOPT__m8__seed620__cfga338926e354f.json
NOG-FO-NONOPT,NOG-nonopt,936,936,468,8,y_bar,0.1,0.1,0.1,2,1.0,0.10722395777702332,20.00947798229754,20.00947798229754,14.090241402387619,15.949998194351792,620,100620,200620,288791310,sfo,7504,7504,938,"[938, 938, 938, 938, 938, 938, 938, 938]",5111808,938,938,-0.8290375471115112,0.011941536329686642,0.1,formal,formal/partials/NOG-FO-NONOPT__m8__seed620__cfga338926e354f.json
NOG-FO-NONOPT,NOG-nonopt,960,960,480,8,y_bar,0.1,0.1,0.1,2,1.0,0.1271042823791504,20.532846314832568,20.532846314832568,14.417023539543152,16.471898498013616,620,100620,200620,288791310,sfo,7696,7696,962,"[962, 962, 962, 962, 962, 962, 962, 962]",5242880,962,962,-0.8290717601776123,0.011782958172261715,0.1,formal,formal/partials/NOG-FO-NONOPT__m8__seed620__cfga338926e354f.json
NOG-FO-NONOPT,NOG-nonopt,24,24,12,8,y_bar,0.1,0.1,0.1,2,1.0,0.3236961364746094,0.5056841764599085,0.5056841764599085,0.4272574745118618,0.39795870147645473,621,100621,200621,687788602,sfo,208,208,26,"[26, 26, 26, 26, 26, 26, 26, 26]",131072,26,26,-0.17556670308113098,0.24015498161315918,0.1,formal,formal/partials/NOG-FO-NONOPT__m8__seed621__cfg118384c7e2c2.json
NOG-FO-NONOPT,NOG-nonopt,48,48,24,8,y_bar,0.1,0.1,0.1,2,1.0,0.3261619210243225,0.906063087284565,0.906063087284565,0.7012803256511688,0.8461887501180172,621,100621,200621,687788602,sfo,400,400,50,"[50, 50, 50, 50, 50, 50, 50, 50]",262144,50,50,-0.34610071778297424,0.22248828411102295,0.1,formal,formal/partials/NOG-FO-NONOPT__m8__seed621__cfg118384c7e2c2.json
NOG-FO-NONOPT,NOG-nonopt,72,72,36,8,y_bar,0.1,0.1,0.1,2,1.0,0.27268242835998535,1.3422811031341553,1.3422811031341553,0.914989672601223,1.3066705223172903,621,100621,200621,687788602,sfo,592,592,74,"[74, 74, 74, 74, 74, 74, 74, 74]",393216,74,74,-0.5004066824913025,0.19423654675483704,0.1,formal,formal/partials/NOG-FO-NONOPT__m8__seed621__cfg118384c7e2c2.json
NOG-FO-NONOPT,NOG-nonopt,96,96,48,8,y_bar,0.1,0.1,0.1,2,1.0,0.24942469596862793,1.8854411821812391,1.8854411821812391,1.333905141800642,1.7342024520039558,621,100621,200621,687788602,sfo,784,784,98,"[98, 98, 98, 98, 98, 98, 98, 98]",524288,98,98,-0.6273791790008545,0.15831352770328522,0.1,formal,formal/partials/NOG-FO-NONOPT__m8__seed621__cfg118384c7e2c2.json
NOG-FO-NONOPT,NOG-nonopt,120,120,60,8,y_bar,0.1,0.1,0.1,2,1.0,0.1919661909341812,2.409979050979018,2.409979050979018,1.7122738268226385,2.1271644067019224,621,100621,200621,687788602,sfo,976,976,122,"[122, 122, 122, 122, 122, 122, 122, 122]",655360,122,122,-0.7224892377853394,0.1183769628405571,0.1,formal,formal/partials/NOG-FO-NONOPT__m8__seed621__cfg118384c7e2c2.json
NOG-FO-NONOPT,NOG-nonopt,144,144,72,8,y_bar,0.1,0.1,0.1,2,1.0,0.17689459025859833,3.0111233685165644,3.0111233685165644,2.243597112596035,2.5187068674713373,621,100621,200621,687788602,sfo,1168,1168,146,"[146, 146, 146, 146, 146, 146, 146, 146]",786432,146,146,-0.7832721471786499,0.07966817170381546,0.1,formal,formal/partials/NOG-FO-NONOPT__m8__seed621__cfg118384c7e2c2.json
NOG-FO-NONOPT,NOG-nonopt,168,168,84,8,y_bar,0.1,0.1,0.1,2,1.0,0.1605612337589264,3.5321870036423206,3.5321870036423206,2.632570579648018,2.9926074407994747,621,100621,200621,687788602,sfo,1360,1360,170,"[170, 170, 170, 170, 170, 170, 170, 170]",917504,170,170,-0.8145492076873779,0.048282742500305176,0.1,formal,formal/partials/NOG-FO-NONOPT__m8__seed621__cfg118384c7e2c2.json
NOG-FO-NONOPT,NOG-nonopt,192,192,96,8,y_bar,0.1,0.1,0.1,2,1.0,0.12294604629278183,4.026312008500099,4.026312008500099,3.057738460600376,3.3880044855177402,621,100621,200621,687788602,sfo,1552,1552,194,"[194, 194, 194, 194, 194, 194, 194, 194]",1048576,194,194,-0.8251805305480957,0.0315626859664917,0.1,formal,formal/partials/NOG-FO-NONOPT__m8__seed621__cfg118384c7e2c2.json
NOG-FO-NONOPT,NOG-nonopt,216,216,108,8,y_bar,0.1,0.1,0.1,2,1.0,0.13150733709335327,4.535205436870456,4.535205436870456,3.4236772414296865,3.728735627606511,621,100621,200621,687788602,sfo,1744,1744,218,"[218, 218, 218, 218, 218, 218, 218, 218]",1179648,218,218,-0.8289146423339844,0.022143617272377014,0.1,formal,formal/partials/NOG-FO-NONOPT__m8__seed621__cfg118384c7e2c2.json
NOG-FO-NONOPT,NOG-nonopt,240,240,120,8,y_bar,0.1,0.1,0.1,2,1.0,0.12339132279157639,5.077101586386561,5.077101586386561,3.9003778006881475,4.127959355711937,621,100621,200621,687788602,sfo,1936,1936,242,"[242, 242, 242, 242, 242, 242, 242, 242]",1310720,242,242,-0.8304259777069092,0.01595824956893921,0.1,formal,formal/partials/NOG-FO-NONOPT__m8__seed621__cfg118384c7e2c2.json
NOG-FO-NONOPT,NOG-nonopt,264,264,132,8,y_bar,0.1,0.1,0.1,2,1.0,0.12294626981019974,5.670208889991045,5.670208889991045,4.2795655727386475,4.546983037143946,621,100621,200621,687788602,sfo,2128,2128,266,"[266, 266, 266, 266, 266, 266, 266, 266]",1441792,266,266,-0.8305951356887817,0.015473178587853909,0.1,formal,formal/partials/NOG-FO-NONOPT__m8__seed621__cfg118384c7e2c2.json
NOG-FO-NONOPT,NOG-nonopt,288,288,144,8,y_bar,0.1,0.1,0.1,2,1.0,0.16472776234149933,6.249431086704135,6.249431086704135,4.718681724742055,4.943012285977602,621,100621,200621,687788602,sfo,2320,2320,290,"[290, 290, 290, 290, 290, 290, 290, 290]",1572864,290,290,-0.8319003582000732,0.01176898367702961,0.1,formal,formal/partials/NOG-FO-NONOPT__m8__seed621__cfg118384c7e2c2.json
NOG-FO-NONOPT,NOG-nonopt,312,312,156,8,y_bar,0.1,0.1,0.1,2,1.0,0.14678055047988892,6.842661095783114,6.842661095783114,5.172070914879441,5.327990660443902,621,100621,200621,687788602,sfo,2512,2512,314,"[314, 314, 314, 314, 314, 314, 314, 314]",1703936,314,314,-0.8311267495155334,0.012832335196435452,0.1,formal,formal/partials/NOG-FO-NONOPT__m8__seed621__cfg118384c7e2c2.json
NOG-FO-NONOPT,NOG-nonopt,336,336,168,8,y_bar,0.1,0.1,0.1,2,1.0,0.11904481798410416,7.428933607414365,7.428933607414365,5.608782552182674,5.6571982111781836,621,100621,200621,687788602,sfo,2704,2704,338,"[338, 338, 338, 338, 338, 338, 338, 338]",1835008,338,338,-0.8312149047851562,0.012653845362365246,0.1,formal,formal/partials/NOG-FO-NONOPT__m8__seed621__cfg118384c7e2c2.json
NOG-FO-NONOPT,NOG-nonopt,360,360,180,8,y_bar,0.1,0.1,0.1,2,1.0,0.1384068727493286,8.01818429492414,8.01818429492414,6.049013417214155,6.067576443776488,621,100621,200621,687788602,sfo,2896,2896,362,"[362, 362, 362, 362, 362, 362, 362, 362]",1966080,362,362,-0.831304132938385,0.01274019293487072,0.1,formal,formal/partials/NOG-FO-NONOPT__m8__seed621__cfg118384c7e2c2.json
NOG-FO-NONOPT,NOG-nonopt,384,384,192,8,y_bar,0.1,0.1,0.1,2,1.0,0.10193683207035065,8.523198602721095,8.523198602721095,6.421092137694359,6.411328084766865,621,100621,200621,687788602,sfo,3088,3088,386,"[386, 386, 386, 386, 386, 386, 386, 386]",2097152,386,386,-0.83145672082901,0.012207120656967163,0.1,formal,formal/partials/NOG-FO-NONOPT__m8__seed621__cfg118384c7e2c2.json
NOG-FO-NONOPT,NOG-nonopt,408,408,204,8,y_bar,0.1,0.1,0.1,2,1.0,0.15817494690418243,9.0761932823807,9.0761932823807,6.8361477348953485,6.812456822022796,621,100621,200621,687788602,sfo,3280,3280,410,"[410, 410, 410, 410, 410, 410, 410, 410]",2228224,410,410,-0.8322134613990784,0.011950328946113586,0.1,formal,formal/partials/NOG-FO-NONOPT__m8__seed621__cfg118384c7e2c2.json
NOG-FO-NONOPT,NOG-nonopt,432,432,216,8,y_bar,0.1,0.1,0.1,2,1.0,0.10601066052913666,9.583043072372675,9.583043072372675,7.2075664680451155,7.284192057326436,621,100621,200621,687788602,sfo,3472,3472,434,"[434, 434, 434, 434, 434, 434, 434, 434]",2359296,434,434,-0.8319135308265686,0.012826746329665184,0.1,formal,formal/partials/NOG-FO-NONOPT__m8__seed621__cfg118384c7e2c2.json
NOG-FO-NONOPT,NOG-nonopt,456,456,228,8,y_bar,0.1,0.1,0.1,2,1.0,0.13522425293922424,10.00562877766788,10.00562877766788,7.487407382577658,7.687801256775856,621,100621,200621,687788602,sfo,3664,3664,458,"[458, 458, 458, 458, 458, 458, 458, 458]",2490368,458,458,-0.8324012756347656,0.011202007532119751,0.1,formal,formal/partials/NOG-FO-NONOPT__m8__seed621__cfg118384c7e2c2.json
NOG-FO-NONOPT,NOG-nonopt,480,480,240,8,y_bar,0.1,0.1,0.1,2,1.0,0.10812163352966309,10.407162640243769,10.407162640243769,7.827428739517927,8.104891575872898,621,100621,200621,687788602,sfo,3856,3856,482,"[482, 482, 482, 482, 482, 482, 482, 482]",2621440,482,482,-0.8316905498504639,0.013424450531601906,0.1,formal,formal/partials/NOG-FO-NONOPT__m8__seed621__cfg118384c7e2c2.json
NOG-FO-NONOPT,NOG-nonopt,504,504,252,8,y_bar,0.1,0.1,0.1,2,1.0,0.1544259786605835,10.801460191607475,10.801460191607475,8.045860555022955,8.490544155240059,621,100621,200621,687788602,sfo,4048,4048,506,"[506, 506, 506, 506, 506, 506, 506, 506]",2752512,506,506,-0.8311838507652283,0.01380283385515213,0.1,formal,formal/partials/NOG-FO-NONOPT__m8__seed621__cfg118384c7e2c2.json
NOG-FO-NONOPT,NOG-nonopt,528,528,264,8,y_bar,0.1,0.1,0.1,2,1.0,0.12079223245382309,11.205445183441043,11.205445183441043,8.38573868572712,8.843423111364245,621,100621,200621,687788602,sfo,4240,4240,530,"[530, 530, 530, 530, 530, 530, 530, 530]",2883584,530,530,-0.8306241631507874,0.015522298403084278,0.1,formal,formal/partials/NOG-FO-NONOPT__m8__seed621__cfg118384c7e2c2.json
NOG-FO-NONOPT,NOG-nonopt,552,552,276,8,y_bar,0.1,0.1,0.1,2,1.0,0.11296107620000839,11.629406053572893,11.629406053572893,8.680873218923807,9.251353798434138,621,100621,200621,687788602,sfo,4432,4432,554,"[554, 554, 554, 554, 554, 554, 554, 554]",3014656,554,554,-0.8314525485038757,0.012287706136703491,0.1,formal,formal/partials/NOG-FO-NONOPT__m8__seed621__cfg118384c7e2c2.json
NOG-FO-NONOPT,NOG-nonopt,576,576,288,8,y_bar,0.1,0.1,0.1,2,1.0,0.0914226546883583,12.206289149820805,12.206289149820805,9.11547957919538,9.635133208706975,621,100621,200621,687788602,sfo,4624,4624,578,"[578, 578, 578, 578, 578, 578, 578, 578]",3145728,578,578,-0.8318434953689575,0.011916743591427803,0.1,formal,formal/partials/NOG-FO-NONOPT__m8__seed621__cfg118384c7e2c2.json
NOG-FO-NONOPT,NOG-nonopt,600,600,300,8,y_bar,0.1,0.1,0.1,2,1.0,0.13007865846157074,12.732788110151887,12.732788110151887,9.508892530575395,10.09093645401299,621,100621,200621,687788602,sfo,4816,4816,602,"[602, 602, 602, 602, 602, 602, 602, 602]",3276800,602,602,-0.8317821025848389,0.01206053514033556,0.1,formal,formal/partials/NOG-FO-NONOPT__m8__seed621__cfg118384c7e2c2.json
NOG-FO-NONOPT,NOG-nonopt,624,624,312,8,y_bar,0.1,0.1,0.1,2,1.0,0.13241034746170044,13.228475643321872,13.228475643321872,9.796821067109704,10.479667536914349,621,100621,200621,687788602,sfo,5008,5008,626,"[626, 626, 626, 626, 626, 626, 626, 626]",3407872,626,626,-0.8313388824462891,0.012929397635161877,0.1,formal,formal/partials/NOG-FO-NONOPT__m8__seed621__cfg118384c7e2c2.json
NOG-FO-NONOPT,NOG-nonopt,648,648,324,8,y_bar,0.1,0.1,0.1,2,1.0,0.16976992785930634,13.796930218115449,13.796930218115449,10.282853113487363,11.103017635643482,621,100621,200621,687788602,sfo,5200,5200,650,"[650, 650, 650, 650, 650, 650, 650, 650]",3538944,650,650,-0.8314172029495239,0.012969043105840683,0.1,formal,formal/partials/NOG-FO-NONOPT__m8__seed621__cfg118384c7e2c2.json
NOG-FO-NONOPT,NOG-nonopt,672,672,336,8,y_bar,0.1,0.1,0.1,2,1.0,0.14522527158260345,14.115137970075011,14.115137970075011,10.411025961861014,11.58252116292715,621,100621,200621,687788602,sfo,5392,5392,674,"[674, 674, 674, 674, 674, 674, 674, 674]",3670016,674,674,-0.8315437436103821,0.01221963856369257,0.1,formal,formal/partials/NOG-FO-NONOPT__m8__seed621__cfg118384c7e2c2.json
NOG-FO-NONOPT,NOG-nonopt,696,696,348,8,y_bar,0.1,0.1,0.1,2,1.0,0.13065266609191895,14.537534952163696,14.537534952163696,10.60221254080534,12.287114517763257,621,100621,200621,687788602,sfo,5584,5584,698,"[698, 698, 698, 698, 698, 698, 698, 698]",3801088,698,698,-0.8316090106964111,0.011895092204213142,0.1,formal,formal/partials/NOG-FO-NONOPT__m8__seed621__cfg118384c7e2c2.json
NOG-FO-NONOPT,NOG-nonopt,720,720,360,8,y_bar,0.1,0.1,0.1,2,1.0,0.1283416897058487,14.792863480746746,14.792863480746746,10.767947278916836,13.001193314790726,621,100621,200621,687788602,sfo,5776,5776,722,"[722, 722, 722, 722, 722, 722, 722, 722]",3932160,722,722,-0.8320300579071045,0.011316744610667229,0.1,formal,formal/partials/NOG-FO-NONOPT__m8__seed621__cfg118384c7e2c2.json
NOG-FO-NONOPT,NOG-nonopt,744,744,372,8,y_bar,0.1,0.1,0.1,2,1.0,0.13906802237033844,14.970516907051206,14.970516907051206,10.88657496497035,13.743500236421824,621,100621,200621,687788602,sfo,5968,5968,746,"[746, 746, 746, 746, 746, 746, 746, 746]",4063232,746,746,-0.8316889405250549,0.011999356560409069,0.1,formal,formal/partials/NOG-FO-NONOPT__m8__seed621__cfg118384c7e2c2.json
NOG-FO-NONOPT,NOG-nonopt,768,768,384,8,y_bar,0.1,0.1,0.1,2,1.0,0.1175050288438797,15.127872541546822,15.127872541546822,10.984907476231456,14.438331937417388,621,100621,200621,687788602,sfo,6160,6160,770,"[770, 770, 770, 770, 770, 770, 770, 770]",4194304,770,770,-0.8318160176277161,0.011814387515187263,0.1,formal,formal/partials/NOG-FO-NONOPT__m8__seed621__cfg118384c7e2c2.json
NOG-FO-NONOPT,NOG-nonopt,792,792,396,8,y_bar,0.1,0.1,0.1,2,1.0,0.162057563662529,15.328623378649354,15.328623378649354,11.0813253428787,15.213449785485864,621,100621,200621,687788602,sfo,6352,6352,794,"[794, 794, 794, 794, 794, 794, 794, 794]",4325376,794,794,-0.8318304419517517,0.012229361571371555,0.1,formal,formal/partials/NOG-FO-NONOPT__m8__seed621__cfg118384c7e2c2.json
NOG-FO-NONOPT,NOG-nonopt,816,816,408,8,y_bar,0.1,0.1,0.1,2,1.0,0.08417734503746033,15.838781030848622,15.838781030848622,11.378709051758051,15.684524580836296,621,100621,200621,687788602,sfo,6544,6544,818,"[818, 818, 818, 818, 818, 818, 818, 818]",4456448,818,818,-0.8314356207847595,0.012252871878445148,0.1,formal,formal/partials/NOG-FO-NONOPT__m8__seed621__cfg118384c7e2c2.json
NOG-FO-NONOPT,NOG-nonopt,840,840,420,8,y_bar,0.1,0.1,0.1,2,1.0,0.13817021250724792,16.369168773293495,16.369168773293495,11.770874109119177,16.07847016490996,621,100621,200621,687788602,sfo,6736,6736,842,"[842, 842, 842, 842, 842, 842, 842, 842]",4587520,842,842,-0.8315216898918152,0.01217731274664402,0.1,formal,formal/partials/NOG-FO-NONOPT__m8__seed621__cfg118384c7e2c2.json
NOG-FO-NONOPT,NOG-nonopt,864,864,432,8,y_bar,0.1,0.1,0.1,2,1.0,0.14048664271831512,16.893010698258877,16.893010698258877,12.219236655160785,16.49198878929019,621,100621,200621,687788602,sfo,6928,6928,866,"[866, 866, 866, 866, 866, 866, 866, 866]",4718592,866,866,-0.831080436706543,0.012461798265576363,0.1,formal,formal/partials/NOG-FO-NONOPT__m8__seed621__cfg118384c7e2c2.json
NOG-FO-NONOPT,NOG-nonopt,888,888,444,8,y_bar,0.1,0.1,0.1,2,1.0,0.15156349539756775,17.476781006902456,17.476781006902456,12.62159875780344,17.08781098201871,621,100621,200621,687788602,sfo,7120,7120,890,"[890, 890, 890, 890, 890, 890, 890, 890]",4849664,890,890,-0.8312270641326904,0.01292076800018549,0.1,formal,formal/partials/NOG-FO-NONOPT__m8__seed621__cfg118384c7e2c2.json
NOG-FO-NONOPT,NOG-nonopt,912,912,456,8,y_bar,0.1,0.1,0.1,2,1.0,0.150460883975029,18.143704436719418,18.143704436719418,13.220031244680285,17.494145365431905,621,100621,200621,687788602,sfo,7312,7312,914,"[914, 914, 914, 914, 914, 914, 914, 914]",4980736,914,914,-0.8318086266517639,0.011232038028538227,0.1,formal,formal/partials/NOG-FO-NONOPT__m8__seed621__cfg118384c7e2c2.json
NOG-FO-NONOPT,NOG-nonopt,936,936,468,8,y_bar,0.1,0.1,0.1,2,1.0,0.13182459771633148,18.735129836946726,18.735129836946726,13.58751612342894,18.03547302633524,621,100621,200621,687788602,sfo,7504,7504,938,"[938, 938, 938, 938, 938, 938, 938, 938]",5111808,938,938,-0.8318113088607788,0.011718316935002804,0.1,formal,formal/partials/NOG-FO-NONOPT__m8__seed621__cfg118384c7e2c2.json
NOG-FO-NONOPT,NOG-nonopt,960,960,480,8,y_bar,0.1,0.1,0.1,2,1.0,0.09379836171865463,19.333585685119033,19.333585685119033,13.968412632122636,19.943601571023464,621,100621,200621,687788602,sfo,7696,7696,962,"[962, 962, 962, 962, 962, 962, 962, 962]",5242880,962,962,-0.8315306901931763,0.012656617909669876,0.1,formal,formal/partials/NOG-FO-NONOPT__m8__seed621__cfg118384c7e2c2.json
NOG-FO-NONOPT,NOG-nonopt,24,24,12,8,y_bar,0.1,0.1,0.1,2,1.0,0.3237338960170746,0.29657229967415333,0.29657229967415333,0.2294384054839611,1.4714175052940845,622,100622,200622,1514473310,sfo,208,208,26,"[26, 26, 26, 26, 26, 26, 26, 26]",131072,26,26,-0.174921914935112,0.24474862217903137,0.1,formal,formal/partials/NOG-FO-NONOPT__m8__seed622__cfg417b750a895b.json
NOG-FO-NONOPT,NOG-nonopt,48,48,24,8,y_bar,0.1,0.1,0.1,2,1.0,0.3574046492576599,0.5363676398992538,0.5363676398992538,0.40608525089919567,1.9012136589735746,622,100622,200622,1514473310,sfo,400,400,50,"[50, 50, 50, 50, 50, 50, 50, 50]",262144,50,50,-0.3410435616970062,0.22767968475818634,0.1,formal,formal/partials/NOG-FO-NONOPT__m8__seed622__cfg417b750a895b.json
NOG-FO-NONOPT,NOG-nonopt,72,72,36,8,y_bar,0.1,0.1,0.1,2,1.0,0.26714691519737244,0.9507242050021887,0.9507242050021887,0.6836864799261093,2.3042909633368254,622,100622,200622,1514473310,sfo,592,592,74,"[74, 74, 74, 74, 74, 74, 74, 74]",393216,74,74,-0.4956223666667938,0.19970345497131348,0.1,formal,formal/partials/NOG-FO-NONOPT__m8__seed622__cfg417b750a895b.json
NOG-FO-NONOPT,NOG-nonopt,96,96,48,8,y_bar,0.1,0.1,0.1,2,1.0,0.2393241971731186,1.3479489609599113,1.3479489609599113,0.8818764761090279,2.717007376253605,622,100622,200622,1514473310,sfo,784,784,98,"[98, 98, 98, 98, 98, 98, 98, 98]",524288,98,98,-0.626116931438446,0.16321931779384613,0.1,formal,formal/partials/NOG-FO-NONOPT__m8__seed622__cfg417b750a895b.json
NOG-FO-NONOPT,NOG-nonopt,120,120,60,8,y_bar,0.1,0.1,0.1,2,1.0,0.21224766969680786,1.7960644271224737,1.7960644271224737,1.2672216072678566,3.1325659658759832,622,100622,200622,1514473310,sfo,976,976,122,"[122, 122, 122, 122, 122, 122, 122, 122]",655360,122,122,-0.7238630652427673,0.12252248078584671,0.1,formal,formal/partials/NOG-FO-NONOPT__m8__seed622__cfg417b750a895b.json
NOG-FO-NONOPT,NOG-nonopt,144,144,72,8,y_bar,0.1,0.1,0.1,2,1.0,0.17490045726299286,2.28166501224041,2.28166501224041,1.6211355365812778,3.548116561025381,622,100622,200622,1514473310,sfo,1168,1168,146,"[146, 146, 146, 146, 146, 146, 146, 146]",786432,146,146,-0.7861069440841675,0.08348719775676727,0.1,formal,formal/partials/NOG-FO-NONOPT__m8__seed622__cfg417b750a895b.json
NOG-FO-NONOPT,NOG-nonopt,168,168,84,8,y_bar,0.1,0.1,0.1,2,1.0,0.15268360078334808,2.7726248782128096,2.7726248782128096,2.0494401082396507,4.024000672623515,622,100622,200622,1514473310,sfo,1360,1360,170,"[170, 170, 170, 170, 170, 170, 170, 170]",917504,170,170,-0.8200129866600037,0.04981798678636551,0.1,formal,formal/partials/NOG-FO-NONOPT__m8__seed622__cfg417b750a895b.json
NOG-FO-NONOPT,NOG-nonopt,192,192,96,8,y_bar,0.1,0.1,0.1,2,1.0,0.11171189695596695,3.199146183207631,3.199146183207631,2.347989009693265,4.48441775329411,622,100622,200622,1514473310,sfo,1552,1552,194,"[194, 194, 194, 194, 194, 194, 194, 194]",1048576,194,194,-0.8314058184623718,0.03130878135561943,0.1,formal,formal/partials/NOG-FO-NONOPT__m8__seed622__cfg417b750a895b.json
NOG-FO-NONOPT,NOG-nonopt,216,216,108,8,y_bar,0.1,0.1,0.1,2,1.0,0.10900253802537918,3.6942107938230038,3.6942107938230038,2.776951989158988,4.887977160513401,622,100622,200622,1514473310,sfo,1744,1744,218,"[218, 218, 218, 218, 218, 218, 218, 218]",1179648,218,218,-0.8364130258560181,0.018030041828751564,0.1,formal,formal/partials/NOG-FO-NONOPT__m8__seed622__cfg417b750a895b.json
NOG-FO-NONOPT,NOG-nonopt,240,240,120,8,y_bar,0.1,0.1,0.1,2,1.0,0.13632158935070038,4.183090467005968,4.183090467005968,3.14122580178082,5.2293911930173635,622,100622,200622,1514473310,sfo,1936,1936,242,"[242, 242, 242, 242, 242, 242, 242, 242]",1310720,242,242,-0.8373372554779053,0.014079820364713669,0.1,formal,formal/partials/NOG-FO-NONOPT__m8__seed622__cfg417b750a895b.json
NOG-FO-NONOPT,NOG-nonopt,264,264,132,8,y_bar,0.1,0.1,0.1,2,1.0,0.1129995733499527,4.609899876639247,4.609899876639247,3.490732926875353,5.635764027014375,622,100622,200622,1514473310,sfo,2128,2128,266,"[266, 266, 266, 266, 266, 266, 266, 266]",1441792,266,266,-0.837144672870636,0.013688859529793262,0.1,formal,formal/partials/NOG-FO-NONOPT__m8__seed622__cfg417b750a895b.json
NOG-FO-NONOPT,NOG-nonopt,288,288,144,8,y_bar,0.1,0.1,0.1,2,1.0,0.12310388684272766,5.0284692998975515,5.0284692998975515,3.8415672313421965,6.10941606014967,622,100622,200622,1514473310,sfo,2320,2320,290,"[290, 290, 290, 290, 290, 290, 290, 290]",1572864,290,290,-0.8372440338134766,0.013175456784665585,0.1,formal,formal/partials/NOG-FO-NONOPT__m8__seed622__cfg417b750a895b.json
NOG-FO-NONOPT,NOG-nonopt,312,312,156,8,y_bar,0.1,0.1,0.1,2,1.0,0.1344701051712036,5.442258395254612,5.442258395254612,4.193214556202292,6.5179154723882675,622,100622,200622,1514473310,sfo,2512,2512,314,"[314, 314, 314, 314, 314, 314, 314, 314]",1703936,314,314,-0.837658166885376,0.011935627087950706,0.1,formal,formal/partials/NOG-FO-NONOPT__m8__seed622__cfg417b750a895b.json
NOG-FO-NONOPT,NOG-nonopt,336,336,168,8,y_bar,0.1,0.1,0.1,2,1.0,0.10294096171855927,6.006472337990999,6.006472337990999,4.637750532478094,6.917270440608263,622,100622,200622,1514473310,sfo,2704,2704,338,"[338, 338, 338, 338, 338, 338, 338, 338]",1835008,338,338,-0.8370632529258728,0.012682678177952766,0.1,formal,formal/partials/NOG-FO-NONOPT__m8__seed622__cfg417b750a895b.json
NOG-FO-NONOPT,NOG-nonopt,360,360,180,8,y_bar,0.1,0.1,0.1,2,1.0,0.1306057572364807,6.4412304032593966,6.4412304032593966,4.945917567238212,7.388314034789801,622,100622,200622,1514473310,sfo,2896,2896,362,"[362, 362, 362, 362, 362, 362, 362, 362]",1966080,362,362,-0.8372573256492615,0.011905940249562263,0.1,formal,formal/partials/NOG-FO-NONOPT__m8__seed622__cfg417b750a895b.json
NOG-FO-NONOPT,NOG-nonopt,384,384,192,8,y_bar,0.1,0.1,0.1,2,1.0,0.12603718042373657,6.94827719964087,6.94827719964087,5.317326063290238,7.79425454325974,622,100622,200622,1514473310,sfo,3088,3088,386,"[386, 386, 386, 386, 386, 386, 386, 386]",2097152,386,386,-0.8362381458282471,0.015712225809693336,0.1,formal,formal/partials/NOG-FO-NONOPT__m8__seed622__cfg417b750a895b.json
NOG-FO-NONOPT,NOG-nonopt,408,408,204,8,y_bar,0.1,0.1,0.1,2,1.0,0.08496757596731186,7.432721940800548,7.432721940800548,5.675736496224999,8.200979517772794,622,100622,200622,1514473310,sfo,3280,3280,410,"[410, 410, 410, 410, 410, 410, 410, 410]",2228224,410,410,-0.8362292051315308,0.016439110040664673,0.1,formal,formal/partials/NOG-FO-NONOPT__m8__seed622__cfg417b750a895b.json
NOG-FO-NONOPT,NOG-nonopt,432,432,216,8,y_bar,0.1,0.1,0.1,2,1.0,0.10881516337394714,7.935986917465925,7.935986917465925,6.040124427527189,8.533896742388606,622,100622,200622,1514473310,sfo,3472,3472,434,"[434, 434, 434, 434, 434, 434, 434, 434]",2359296,434,434,-0.8372257947921753,0.013153424486517906,0.1,formal,formal/partials/NOG-FO-NONOPT__m8__seed622__cfg417b750a895b.json
NOG-FO-NONOPT,NOG-nonopt,456,456,228,8,y_bar,0.1,0.1,0.1,2,1.0,0.12668320536613464,8.455707650631666,8.455707650631666,6.490465741604567,8.924954602494836,622,100622,200622,1514473310,sfo,3664,3664,458,"[458, 458, 458, 458, 458, 458, 458, 458]",2490368,458,458,-0.8377044796943665,0.01070860493928194,0.1,formal,formal/partials/NOG-FO-NONOPT__m8__seed622__cfg417b750a895b.json
NOG-FO-NONOPT,NOG-nonopt,480,480,240,8,y_bar,0.1,0.1,0.1,2,1.0,0.10135985910892487,8.94383717700839,8.94383717700839,6.783225499093533,9.32491816021502,622,100622,200622,1514473310,sfo,3856,3856,482,"[482, 482, 482, 482, 482, 482, 482, 482]",2621440,482,482,-0.8369640111923218,0.01197685394436121,0.1,formal,formal/partials/NOG-FO-NONOPT__m8__seed622__cfg417b750a895b.json
NOG-FO-NONOPT,NOG-nonopt,504,504,252,8,y_bar,0.1,0.1,0.1,2,1.0,0.1128234788775444,9.439238909631968,9.439238909631968,7.127948720008135,9.807140827178955,622,100622,200622,1514473310,sfo,4048,4048,506,"[506, 506, 506, 506, 506, 506, 506, 506]",2752512,506,506,-0.8368321061134338,0.011533197946846485,0.1,formal,formal/partials/NOG-FO-NONOPT__m8__seed622__cfg417b750a895b.json
NOG-FO-NONOPT,NOG-nonopt,528,528,264,8,y_bar,0.1,0.1,0.1,2,1.0,0.13667193055152893,9.864365994930267,9.864365994930267,7.4230774492025375,10.273252226412296,622,100622,200622,1514473310,sfo,4240,4240,530,"[530, 530, 530, 530, 530, 530, 530, 530]",2883584,530,530,-0.8361965417861938,0.013807754963636398,0.1,formal,formal/partials/NOG-FO-NONOPT__m8__seed622__cfg417b750a895b.json
NOG-FO-NONOPT,NOG-nonopt,552,552,276,8,y_bar,0.1,0.1,0.1,2,1.0,0.10096216946840286,10.358908388763666,10.358908388763666,7.846800617873669,10.695312662050128,622,100622,200622,1514473310,sfo,4432,4432,554,"[554, 554, 554, 554, 554, 554, 554, 554]",3014656,554,554,-0.8362196683883667,0.012626105919480324,0.1,formal,formal/partials/NOG-FO-NONOPT__m8__seed622__cfg417b750a895b.json
NOG-FO-NONOPT,NOG-nonopt,576,576,288,8,y_bar,0.1,0.1,0.1,2,1.0,0.11000224202871323,10.845431089401245,10.845431089401245,8.151698743924499,11.093679033219814,622,100622,200622,1514473310,sfo,4624,4624,578,"[578, 578, 578, 578, 578, 578, 578, 578]",3145728,578,578,-0.8365689516067505,0.011772960424423218,0.1,formal,formal/partials/NOG-FO-NONOPT__m8__seed622__cfg417b750a895b.json
NOG-FO-NONOPT,NOG-nonopt,600,600,300,8,y_bar,0.1,0.1,0.1,2,1.0,0.11964518576860428,11.343126999214292,11.343126999214292,8.514103788882494,11.589359136298299,622,100622,200622,1514473310,sfo,4816,4816,602,"[602, 602, 602, 602, 602, 602, 602, 602]",3276800,602,602,-0.8369871377944946,0.011844177730381489,0.1,formal,formal/partials/NOG-FO-NONOPT__m8__seed622__cfg417b750a895b.json
NOG-FO-NONOPT,NOG-nonopt,624,624,312,8,y_bar,0.1,0.1,0.1,2,1.0,0.10557778179645538,11.671700920909643,11.671700920909643,8.767118029296398,12.087687583640218,622,100622,200622,1514473310,sfo,5008,5008,626,"[626, 626, 626, 626, 626, 626, 626, 626]",3407872,626,626,-0.836404025554657,0.01259702816605568,0.1,formal,formal/partials/NOG-FO-NONOPT__m8__seed622__cfg417b750a895b.json
NOG-FO-NONOPT,NOG-nonopt,648,648,324,8,y_bar,0.1,0.1,0.1,2,1.0,0.149832084774971,12.020906418561935,12.020906418561935,9.045690353959799,12.763849191367626,622,100622,200622,1514473310,sfo,5200,5200,650,"[650, 650, 650, 650, 650, 650, 650, 650]",3538944,650,650,-0.8363001346588135,0.012627901509404182,0.1,formal,formal/partials/NOG-FO-NONOPT__m8__seed622__cfg417b750a895b.json
NOG-FO-NONOPT,NOG-nonopt,672,672,336,8,y_bar,0.1,0.1,0.1,2,1.0,0.13448157906532288,12.222326019778848,12.222326019778848,9.182875335216522,13.386540587991476,622,100622,200622,1514473310,sfo,5392,5392,674,"[674, 674, 674, 674, 674, 674, 674, 674]",3670016,674,674,-0.8362060189247131,0.012810729444026947,0.1,formal,formal/partials/NOG-FO-NONOPT__m8__seed622__cfg417b750a895b.json
NOG-FO-NONOPT,NOG-nonopt,696,696,348,8,y_bar,0.1,0.1,0.1,2,1.0,0.1379941701889038,12.405900983139873,12.405900983139873,9.306193517521024,14.047172723338008,622,100622,200622,1514473310,sfo,5584,5584,698,"[698, 698, 698, 698, 698, 698, 698, 698]",3801088,698,698,-0.8362703919410706,0.012582809664309025,0.1,formal,formal/partials/NOG-FO-NONOPT__m8__seed622__cfg417b750a895b.json
NOG-FO-NONOPT,NOG-nonopt,720,720,360,8,y_bar,0.1,0.1,0.1,2,1.0,0.11641246825456619,12.590900097042322,12.590900097042322,9.430977372452617,14.690829440951347,622,100622,200622,1514473310,sfo,5776,5776,722,"[722, 722, 722, 722, 722, 722, 722, 722]",3932160,722,722,-0.8368067741394043,0.012810008600354195,0.1,formal,formal/partials/NOG-FO-NONOPT__m8__seed622__cfg417b750a895b.json
NOG-FO-NONOPT,NOG-nonopt,744,744,372,8,y_bar,0.1,0.1,0.1,2,1.0,0.08652878552675247,12.832004705443978,12.832004705443978,9.61108829639852,15.248422920703888,622,100622,200622,1514473310,sfo,5968,5968,746,"[746, 746, 746, 746, 746, 746, 746, 746]",4063232,746,746,-0.8368044495582581,0.013121969997882843,0.1,formal,formal/partials/NOG-FO-NONOPT__m8__seed622__cfg417b750a895b.json
NOG-FO-NONOPT,NOG-nonopt,768,768,384,8,y_bar,0.1,0.1,0.1,2,1.0,0.13061681389808655,13.087268933653831,13.087268933653831,9.808158503845334,15.836992032825947,622,100622,200622,1514473310,sfo,6160,6160,770,"[770, 770, 770, 770, 770, 770, 770, 770]",4194304,770,770,-0.8371459245681763,0.01143821980804205,0.1,formal,formal/partials/NOG-FO-NONOPT__m8__seed622__cfg417b750a895b.json
NOG-FO-NONOPT,NOG-nonopt,792,792,396,8,y_bar,0.1,0.1,0.1,2,1.0,0.16569724678993225,13.388323800638318,13.388323800638318,10.04429942369461,16.728785252198577,622,100622,200622,1514473310,sfo,6352,6352,794,"[794, 794, 794, 794, 794, 794, 794, 794]",4325376,794,794,-0.8365827798843384,0.013056696392595768,0.1,formal,formal/partials/NOG-FO-NONOPT__m8__seed622__cfg417b750a895b.json
NOG-FO-NONOPT,NOG-nonopt,816,816,408,8,y_bar,0.1,0.1,0.1,2,1.0,0.16543930768966675,13.788467399775982,13.788467399775982,10.3139712177217,17.310844980180264,622,100622,200622,1514473310,sfo,6544,6544,818,"[818, 818, 818, 818, 818, 818, 818, 818]",4456448,818,818,-0.8366398811340332,0.013061456382274628,0.1,formal,formal/partials/NOG-FO-NONOPT__m8__seed622__cfg417b750a895b.json
NOG-FO-NONOPT,NOG-nonopt,840,840,420,8,y_bar,0.1,0.1,0.1,2,1.0,0.12172813713550568,14.100323813036084,14.100323813036084,10.563199819996953,18.121498234570026,622,100622,200622,1514473310,sfo,6736,6736,842,"[842, 842, 842, 842, 842, 842, 842, 842]",4587520,842,842,-0.8373086452484131,0.011675015091896057,0.1,formal,formal/partials/NOG-FO-NONOPT__m8__seed622__cfg417b750a895b.json
NOG-FO-NONOPT,NOG-nonopt,864,864,432,8,y_bar,0.1,0.1,0.1,2,1.0,0.11414685845375061,14.4663694947958,14.4663694947958,10.869730606675148,20.031869994476438,622,100622,200622,1514473310,sfo,6928,6928,866,"[866, 866, 866, 866, 866, 866, 866, 866]",4718592,866,866,-0.8368305563926697,0.013461241498589516,0.1,formal,formal/partials/NOG-FO-NONOPT__m8__seed622__cfg417b750a895b.json
NOG-FO-NONOPT,NOG-nonopt,888,888,444,8,y_bar,0.1,0.1,0.1,2,1.0,0.1245427206158638,14.834219228476286,14.834219228476286,11.176516259089112,20.404873410239816,622,100622,200622,1514473310,sfo,7120,7120,890,"[890, 890, 890, 890, 890, 890, 890, 890]",4849664,890,890,-0.8371260166168213,0.013602865859866142,0.1,formal,formal/partials/NOG-FO-NONOPT__m8__seed622__cfg417b750a895b.json
NOG-FO-NONOPT,NOG-nonopt,912,912,456,8,y_bar,0.1,0.1,0.1,2,1.0,0.19543962180614471,15.156946364790201,15.156946364790201,11.436123359948397,21.198582155629992,622,100622,200622,1514473310,sfo,7312,7312,914,"[914, 914, 914, 914, 914, 914, 914, 914]",4980736,914,914,-0.8370485305786133,0.013725279830396175,0.1,formal,formal/partials/NOG-FO-NONOPT__m8__seed622__cfg417b750a895b.json
NOG-FO-NONOPT,NOG-nonopt,936,936,468,8,y_bar,0.1,0.1,0.1,2,1.0,0.17224617302417755,15.549666019156575,15.549666019156575,11.694283654913306,21.933402556926012,622,100622,200622,1514473310,sfo,7504,7504,938,"[938, 938, 938, 938, 938, 938, 938, 938]",5111808,938,938,-0.8372652530670166,0.012227720580995083,0.1,formal,formal/partials/NOG-FO-NONOPT__m8__seed622__cfg417b750a895b.json
NOG-FO-NONOPT,NOG-nonopt,960,960,480,8,y_bar,0.1,0.1,0.1,2,1.0,0.15494520962238312,16.017566367983818,16.017566367983818,12.033671598881483,22.66240211762488,622,100622,200622,1514473310,sfo,7696,7696,962,"[962, 962, 962, 962, 962, 962, 962, 962]",5242880,962,962,-0.8374993205070496,0.012205355800688267,0.1,formal,formal/partials/NOG-FO-NONOPT__m8__seed622__cfg417b750a895b.json
NOG-FO-NONOPT,NOG-nonopt,24,24,12,8,y_bar,0.1,0.1,0.1,2,1.0,0.32918986678123474,0.40337842144072056,0.40337842144072056,0.3365255631506443,0.5078034680336714,623,100623,200623,2109322256,sfo,208,208,26,"[26, 26, 26, 26, 26, 26, 26, 26]",131072,26,26,-0.1740301549434662,0.24374470114707947,0.1,formal,formal/partials/NOG-FO-NONOPT__m8__seed623__cfge65d78d0f118.json
NOG-FO-NONOPT,NOG-nonopt,48,48,24,8,y_bar,0.1,0.1,0.1,2,1.0,0.31228896975517273,0.7303990218788385,0.7303990218788385,0.5847128685563803,1.0797924976795912,623,100623,200623,2109322256,sfo,400,400,50,"[50, 50, 50, 50, 50, 50, 50, 50]",262144,50,50,-0.34060949087142944,0.22692492604255676,0.1,formal,formal/partials/NOG-FO-NONOPT__m8__seed623__cfge65d78d0f118.json
NOG-FO-NONOPT,NOG-nonopt,72,72,36,8,y_bar,0.1,0.1,0.1,2,1.0,0.2992912828922272,0.9723437130451202,0.9723437130451202,0.7134804669767618,1.657774318009615,623,100623,200623,2109322256,sfo,592,592,74,"[74, 74, 74, 74, 74, 74, 74, 74]",393216,74,74,-0.4941103160381317,0.19951900839805603,0.1,formal,formal/partials/NOG-FO-NONOPT__m8__seed623__cfge65d78d0f118.json
NOG-FO-NONOPT,NOG-nonopt,96,96,48,8,y_bar,0.1,0.1,0.1,2,1.0,0.2487383484840393,1.2695984821766615,1.2695984821766615,0.9431237243115902,2.14842383004725,623,100623,200623,2109322256,sfo,784,784,98,"[98, 98, 98, 98, 98, 98, 98, 98]",524288,98,98,-0.6237227916717529,0.163823664188385,0.1,formal,formal/partials/NOG-FO-NONOPT__m8__seed623__cfge65d78d0f118.json
NOG-FO-NONOPT,NOG-nonopt,120,120,60,8,y_bar,0.1,0.1,0.1,2,1.0,0.1951463520526886,1.6608587969094515,1.6608587969094515,1.1535190399736166,2.557399006560445,623,100623,200623,2109322256,sfo,976,976,122,"[122, 122, 122, 122, 122, 122, 122, 122]",655360,122,122,-0.7215679883956909,0.12365864962339401,0.1,formal,formal/partials/NOG-FO-NONOPT__m8__seed623__cfge65d78d0f118.json
NOG-FO-NONOPT,NOG-nonopt,144,144,72,8,y_bar,0.1,0.1,0.1,2,1.0,0.17095378041267395,2.0650973804295063,2.0650973804295063,1.4338124971836805,2.955537037923932,623,100623,200623,2109322256,sfo,1168,1168,146,"[146, 146, 146, 146, 146, 146, 146, 146]",786432,146,146,-0.7862250804901123,0.08388740569353104,0.1,formal,formal/partials/NOG-FO-NONOPT__m8__seed623__cfge65d78d0f118.json
NOG-FO-NONOPT,NOG-nonopt,168,168,84,8,y_bar,0.1,0.1,0.1,2,1.0,0.16855677962303162,2.567798564210534,2.567798564210534,1.8075834140181541,3.3600137308239937,623,100623,200623,2109322256,sfo,1360,1360,170,"[170, 170, 170, 170, 170, 170, 170, 170]",917504,170,170,-0.8190056681632996,0.05231333523988724,0.1,formal,formal/partials/NOG-FO-NONOPT__m8__seed623__cfge65d78d0f118.json
NOG-FO-NONOPT,NOG-nonopt,192,192,96,8,y_bar,0.1,0.1,0.1,2,1.0,0.1323065161705017,3.0662147644907236,3.0662147644907236,2.177858702838421,3.9363390430808067,623,100623,200623,2109322256,sfo,1552,1552,194,"[194, 194, 194, 194, 194, 194, 194, 194]",1048576,194,194,-0.8299655318260193,0.03538961336016655,0.1,formal,formal/partials/NOG-FO-NONOPT__m8__seed623__cfge65d78d0f118.json
NOG-FO-NONOPT,NOG-nonopt,216,216,108,8,y_bar,0.1,0.1,0.1,2,1.0,0.13821463286876678,3.3863480277359486,3.3863480277359486,2.4355719964951277,4.50418534129858,623,100623,200623,2109322256,sfo,1744,1744,218,"[218, 218, 218, 218, 218, 218, 218, 218]",1179648,218,218,-0.8357686400413513,0.022070402279496193,0.1,formal,formal/partials/NOG-FO-NONOPT__m8__seed623__cfge65d78d0f118.json
NOG-FO-NONOPT,NOG-nonopt,240,240,120,8,y_bar,0.1,0.1,0.1,2,1.0,0.12705133855342865,3.7072452418506145,3.7072452418506145,2.6218061316758394,5.065058706328273,623,100623,200623,2109322256,sfo,1936,1936,242,"[242, 242, 242, 242, 242, 242, 242, 242]",1310720,242,242,-0.8378593921661377,0.015547633171081543,0.1,formal,formal/partials/NOG-FO-NONOPT__m8__seed623__cfge65d78d0f118.json
NOG-FO-NONOPT,NOG-nonopt,264,264,132,8,y_bar,0.1,0.1,0.1,2,1.0,0.1011592298746109,4.03363735601306,4.03363735601306,2.8656629752367735,5.451297407969832,623,100623,200623,2109322256,sfo,2128,2128,266,"[266, 266, 266, 266, 266, 266, 266, 266]",1441792,266,266,-0.8383178114891052,0.012933771125972271,0.1,formal,formal/partials/NOG-FO-NONOPT__m8__seed623__cfge65d78d0f118.json
NOG-FO-NONOPT,NOG-nonopt,288,288,144,8,y_bar,0.1,0.1,0.1,2,1.0,0.13474822044372559,4.579104134812951,4.579104134812951,3.349892383441329,6.0879607908427715,623,100623,200623,2109322256,sfo,2320,2320,290,"[290, 290, 290, 290, 290, 290, 290, 290]",1572864,290,290,-0.838524580001831,0.012650066055357456,0.1,formal,formal/partials/NOG-FO-NONOPT__m8__seed623__cfge65d78d0f118.json
NOG-FO-NONOPT,NOG-nonopt,312,312,156,8,y_bar,0.1,0.1,0.1,2,1.0,0.11680353432893753,4.874788315966725,4.874788315966725,3.5229308679699898,6.6738163363188505,623,100623,200623,2109322256,sfo,2512,2512,314,"[314, 314, 314, 314, 314, 314, 314, 314]",1703936,314,314,-0.8388321399688721,0.012887640856206417,0.1,formal,formal/partials/NOG-FO-NONOPT__m8__seed623__cfge65d78d0f118.json
NOG-FO-NONOPT,NOG-nonopt,336,336,168,8,y_bar,0.1,0.1,0.1,2,1.0,0.11798793822526932,5.20481982268393,5.20481982268393,3.788054019212723,7.130789689719677,623,100623,200623,2109322256,sfo,2704,2704,338,"[338, 338, 338, 338, 338, 338, 338, 338]",1835008,338,338,-0.8377922773361206,0.016080547124147415,0.1,formal,formal/partials/NOG-FO-NONOPT__m8__seed623__cfge65d78d0f118.json
NOG-FO-NONOPT,NOG-nonopt,360,360,180,8,y_bar,0.1,0.1,0.1,2,1.0,0.1077796220779419,5.632545456290245,5.632545456290245,4.067450784146786,7.594290854409337,623,100623,200623,2109322256,sfo,2896,2896,362,"[362, 362, 362, 362, 362, 362, 362, 362]",1966080,362,362,-0.839396059513092,0.011959259398281574,0.1,formal,formal/partials/NOG-FO-NONOPT__m8__seed623__cfge65d78d0f118.json
NOG-FO-NONOPT,NOG-nonopt,384,384,192,8,y_bar,0.1,0.1,0.1,2,1.0,0.12113426625728607,6.056518379598856,6.056518379598856,4.347937786951661,7.987592721357942,623,100623,200623,2109322256,sfo,3088,3088,386,"[386, 386, 386, 386, 386, 386, 386, 386]",2097152,386,386,-0.8390697836875916,0.012844881042838097,0.1,formal,formal/partials/NOG-FO-NONOPT__m8__seed623__cfge65d78d0f118.json
NOG-FO-NONOPT,NOG-nonopt,408,408,204,8,y_bar,0.1,0.1,0.1,2,1.0,0.10080663114786148,6.549869015812874,6.549869015812874,4.649025337770581,8.386827794834971,623,100623,200623,2109322256,sfo,3280,3280,410,"[410, 410, 410, 410, 410, 410, 410, 410]",2228224,410,410,-0.8390886783599854,0.011591137386858463,0.1,formal,formal/partials/NOG-FO-NONOPT__m8__seed623__cfge65d78d0f118.json
NOG-FO-NONOPT,NOG-nonopt,432,432,216,8,y_bar,0.1,0.1,0.1,2,1.0,0.11114918440580368,7.0584206990897655,7.0584206990897655,5.0159732811152935,8.843040401116014,623,100623,200623,2109322256,sfo,3472,3472,434,"[434, 434, 434, 434, 434, 434, 434, 434]",2359296,434,434,-0.8389910459518433,0.01158936694264412,0.1,formal,formal/partials/NOG-FO-NONOPT__m8__seed623__cfge65d78d0f118.json
NOG-FO-NONOPT,NOG-nonopt,456,456,228,8,y_bar,0.1,0.1,0.1,2,1.0,0.09873348474502563,7.490100916475058,7.490100916475058,5.379130246117711,9.400068081915379,623,100623,200623,2109322256,sfo,3664,3664,458,"[458, 458, 458, 458, 458, 458, 458, 458]",2490368,458,458,-0.8385655283927917,0.011866964399814606,0.1,formal,formal/partials/NOG-FO-NONOPT__m8__seed623__cfge65d78d0f118.json
NOG-FO-NONOPT,NOG-nonopt,480,480,240,8,y_bar,0.1,0.1,0.1,2,1.0,0.16894209384918213,7.890400726348162,7.890400726348162,5.659263269975781,9.891059124842286,623,100623,200623,2109322256,sfo,3856,3856,482,"[482, 482, 482, 482, 482, 482, 482, 482]",2621440,482,482,-0.8380275964736938,0.013548435643315315,0.1,formal,formal/partials/NOG-FO-NONOPT__m8__seed623__cfge65d78d0f118.json
NOG-FO-NONOPT,NOG-nonopt,504,504,252,8,y_bar,0.1,0.1,0.1,2,1.0,0.12161377817392349,8.292885858565569,8.292885858565569,5.997956220060587,10.302323764190078,623,100623,200623,2109322256,sfo,4048,4048,506,"[506, 506, 506, 506, 506, 506, 506, 506]",2752512,506,506,-0.838001012802124,0.01278459932655096,0.1,formal,formal/partials/NOG-FO-NONOPT__m8__seed623__cfge65d78d0f118.json
NOG-FO-NONOPT,NOG-nonopt,528,528,264,8,y_bar,0.1,0.1,0.1,2,1.0,0.09540385007858276,8.764223424717784,8.764223424717784,6.308455655351281,10.800048327073455,623,100623,200623,2109322256,sfo,4240,4240,530,"[530, 530, 530, 530, 530, 530, 530, 530]",2883584,530,530,-0.8378345966339111,0.012984465807676315,0.1,formal,formal/partials/NOG-FO-NONOPT__m8__seed623__cfge65d78d0f118.json
NOG-FO-NONOPT,NOG-nonopt,552,552,276,8,y_bar,0.1,0.1,0.1,2,1.0,0.12606462836265564,9.190587656572461,9.190587656572461,6.66548983193934,11.203073835000396,623,100623,200623,2109322256,sfo,4432,4432,554,"[554, 554, 554, 554, 554, 554, 554, 554]",3014656,554,554,-0.8373790383338928,0.014972557313740253,0.1,formal,formal/partials/NOG-FO-NONOPT__m8__seed623__cfge65d78d0f118.json
NOG-FO-NONOPT,NOG-nonopt,576,576,288,8,y_bar,0.1,0.1,0.1,2,1.0,0.10753361135721207,9.58981454744935,9.58981454744935,6.934174699708819,11.599303651601076,623,100623,200623,2109322256,sfo,4624,4624,578,"[578, 578, 578, 578, 578, 578, 578, 578]",3145728,578,578,-0.838165819644928,0.012494889087975025,0.1,formal,formal/partials/NOG-FO-NONOPT__m8__seed623__cfge65d78d0f118.json
NOG-FO-NONOPT,NOG-nonopt,600,600,300,8,y_bar,0.1,0.1,0.1,2,1.0,0.11441133916378021,10.017946569249034,10.017946569249034,7.231713881716132,12.086482239887118,623,100623,200623,2109322256,sfo,4816,4816,602,"[602, 602, 602, 602, 602, 602, 602, 602]",3276800,602,602,-0.8382129073143005,0.01255241222679615,0.1,formal,formal/partials/NOG-FO-NONOPT__m8__seed623__cfge65d78d0f118.json
NOG-FO-NONOPT,NOG-nonopt,624,624,312,8,y_bar,0.1,0.1,0.1,2,1.0,0.10533591359853745,10.346718423068523,10.346718423068523,7.444678418338299,12.557797744870186,623,100623,200623,2109322256,sfo,5008,5008,626,"[626, 626, 626, 626, 626, 626, 626, 626]",3407872,626,626,-0.8380866050720215,0.012272288091480732,0.1,formal,formal/partials/NOG-FO-NONOPT__m8__seed623__cfge65d78d0f118.json
NOG-FO-NONOPT,NOG-nonopt,648,648,324,8,y_bar,0.1,0.1,0.1,2,1.0,0.14250563085079193,10.647173689678311,10.647173689678311,7.686570962890983,13.039498249068856,623,100623,200623,2109322256,sfo,5200,5200,650,"[650, 650, 650, 650, 650, 650, 650, 650]",3538944,650,650,-0.8379678726196289,0.012463732622563839,0.1,formal,formal/partials/NOG-FO-NONOPT__m8__seed623__cfge65d78d0f118.json
NOG-FO-NONOPT,NOG-nonopt,672,672,336,8,y_bar,0.1,0.1,0.1,2,1.0,0.0907658040523529,10.949941016733646,10.949941016733646,7.92801708355546,13.623107509687543,623,100623,200623,2109322256,sfo,5392,5392,674,"[674, 674, 674, 674, 674, 674, 674, 674]",3670016,674,674,-0.8380841016769409,0.013864412903785706,0.1,formal,formal/partials/NOG-FO-NONOPT__m8__seed623__cfge65d78d0f118.json
NOG-FO-NONOPT,NOG-nonopt,696,696,348,8,y_bar,0.1,0.1,0.1,2,1.0,0.11112063378095627,11.167629895731807,11.167629895731807,8.04265415109694,14.196470849215984,623,100623,200623,2109322256,sfo,5584,5584,698,"[698, 698, 698, 698, 698, 698, 698, 698]",3801088,698,698,-0.8381792902946472,0.012277049012482166,0.1,formal,formal/partials/NOG-FO-NONOPT__m8__seed623__cfge65d78d0f118.json
NOG-FO-NONOPT,NOG-nonopt,720,720,360,8,y_bar,0.1,0.1,0.1,2,1.0,0.13105282187461853,11.399461675435305,11.399461675435305,8.177377466112375,14.769000120460987,623,100623,200623,2109322256,sfo,5776,5776,722,"[722, 722, 722, 722, 722, 722, 722, 722]",3932160,722,722,-0.8386932015419006,0.01208327617496252,0.1,formal,formal/partials/NOG-FO-NONOPT__m8__seed623__cfge65d78d0f118.json
NOG-FO-NONOPT,NOG-nonopt,744,744,372,8,y_bar,0.1,0.1,0.1,2,1.0,0.11529599130153656,11.66092479787767,11.66092479787767,8.38294349052012,15.393563458696008,623,100623,200623,2109322256,sfo,5968,5968,746,"[746, 746, 746, 746, 746, 746, 746, 746]",4063232,746,746,-0.8388082981109619,0.01456508506089449,0.1,formal,formal/partials/NOG-FO-NONOPT__m8__seed623__cfge65d78d0f118.json
NOG-FO-NONOPT,NOG-nonopt,768,768,384,8,y_bar,0.1,0.1,0.1,2,1.0,0.11632826179265976,12.037616737186909,12.037616737186909,8.579677432775497,16.3022835906595,623,100623,200623,2109322256,sfo,6160,6160,770,"[770, 770, 770, 770, 770, 770, 770, 770]",4194304,770,770,-0.8393630385398865,0.012200891971588135,0.1,formal,formal/partials/NOG-FO-NONOPT__m8__seed623__cfge65d78d0f118.json
NOG-FO-NONOPT,NOG-nonopt,792,792,396,8,y_bar,0.1,0.1,0.1,2,1.0,0.1254425048828125,12.256202433258295,12.256202433258295,8.727899450808764,16.98813259229064,623,100623,200623,2109322256,sfo,6352,6352,794,"[794, 794, 794, 794, 794, 794, 794, 794]",4325376,794,794,-0.839363694190979,0.011588656343519688,0.1,formal,formal/partials/NOG-FO-NONOPT__m8__seed623__cfge65d78d0f118.json
NOG-FO-NONOPT,NOG-nonopt,816,816,408,8,y_bar,0.1,0.1,0.1,2,1.0,0.10778447240591049,12.550596330314875,12.550596330314875,8.904301511123776,18.24950823560357,623,100623,200623,2109322256,sfo,6544,6544,818,"[818, 818, 818, 818, 818, 818, 818, 818]",4456448,818,818,-0.838894248008728,0.011902457103133202,0.1,formal,formal/partials/NOG-FO-NONOPT__m8__seed623__cfge65d78d0f118.json
NOG-FO-NONOPT,NOG-nonopt,840,840,420,8,y_bar,0.1,0.1,0.1,2,1.0,0.15477392077445984,13.55111913755536,13.55111913755536,9.420587368309498,18.923937611281872,623,100623,200623,2109322256,sfo,6736,6736,842,"[842, 842, 842, 842, 842, 842, 842, 842]",4587520,842,842,-0.83840411901474,0.012281771749258041,0.1,formal,formal/partials/NOG-FO-NONOPT__m8__seed623__cfge65d78d0f118.json
NOG-FO-NONOPT,NOG-nonopt,864,864,432,8,y_bar,0.1,0.1,0.1,2,1.0,0.11990145593881607,13.702212968841195,13.702212968841195,9.511402333155274,19.43110022135079,623,100623,200623,2109322256,sfo,6928,6928,866,"[866, 866, 866, 866, 866, 866, 866, 866]",4718592,866,866,-0.83899986743927,0.011974510736763477,0.1,formal,formal/partials/NOG-FO-NONOPT__m8__seed623__cfge65d78d0f118.json
NOG-FO-NONOPT,NOG-nonopt,888,888,444,8,y_bar,0.1,0.1,0.1,2,1.0,0.13829728960990906,13.975537927821279,13.975537927821279,9.730912398546934,20.339399637654424,623,100623,200623,2109322256,sfo,7120,7120,890,"[890, 890, 890, 890, 890, 890, 890, 890]",4849664,890,890,-0.8379440903663635,0.012789314612746239,0.1,formal,formal/partials/NOG-FO-NONOPT__m8__seed623__cfge65d78d0f118.json
NOG-FO-NONOPT,NOG-nonopt,912,912,456,8,y_bar,0.1,0.1,0.1,2,1.0,0.11398562788963318,14.335788888856769,14.335788888856769,9.915471402928233,21.19265673495829,623,100623,200623,2109322256,sfo,7312,7312,914,"[914, 914, 914, 914, 914, 914, 914, 914]",4980736,914,914,-0.8378705978393555,0.012559724040329456,0.1,formal,formal/partials/NOG-FO-NONOPT__m8__seed623__cfge65d78d0f118.json
NOG-FO-NONOPT,NOG-nonopt,936,936,468,8,y_bar,0.1,0.1,0.1,2,1.0,0.10102550685405731,14.639383420348167,14.639383420348167,10.15821355395019,22.106179324910045,623,100623,200623,2109322256,sfo,7504,7504,938,"[938, 938, 938, 938, 938, 938, 938, 938]",5111808,938,938,-0.8377516269683838,0.014680532738566399,0.1,formal,formal/partials/NOG-FO-NONOPT__m8__seed623__cfge65d78d0f118.json
NOG-FO-NONOPT,NOG-nonopt,960,960,480,8,y_bar,0.1,0.1,0.1,2,1.0,0.14033231139183044,15.350342942401767,15.350342942401767,10.731607146561146,24.02788559347391,623,100623,200623,2109322256,sfo,7696,7696,962,"[962, 962, 962, 962, 962, 962, 962, 962]",5242880,962,962,-0.8379361033439636,0.013429437763988972,0.1,formal,formal/partials/NOG-FO-NONOPT__m8__seed623__cfge65d78d0f118.json
NOG-FO-NONOPT,NOG-nonopt,24,24,12,8,y_bar,0.1,0.1,0.1,2,1.0,0.30731600522994995,0.4243684820830822,0.4243684820830822,0.3546341210603714,0.5715360417962074,624,100624,200624,18321194,sfo,208,208,26,"[26, 26, 26, 26, 26, 26, 26, 26]",131072,26,26,-0.174736887216568,0.24273520708084106,0.1,formal,formal/partials/NOG-FO-NONOPT__m8__seed624__cfga10d139e0360.json
NOG-FO-NONOPT,NOG-nonopt,48,48,24,8,y_bar,0.1,0.1,0.1,2,1.0,0.3461354970932007,0.7175598051398993,0.7175598051398993,0.5404640529304743,1.078554330393672,624,100624,200624,18321194,sfo,400,400,50,"[50, 50, 50, 50, 50, 50, 50, 50]",262144,50,50,-0.34533894062042236,0.22496244311332703,0.1,formal,formal/partials/NOG-FO-NONOPT__m8__seed624__cfga10d139e0360.json
NOG-FO-NONOPT,NOG-nonopt,72,72,36,8,y_bar,0.1,0.1,0.1,2,1.0,0.2812664210796356,1.0225058533251286,1.0225058533251286,0.7781741172075272,1.634587513282895,624,100624,200624,18321194,sfo,592,592,74,"[74, 74, 74, 74, 74, 74, 74, 74]",393216,74,74,-0.4989106059074402,0.1966862976551056,0.1,formal,formal/partials/NOG-FO-NONOPT__m8__seed624__cfga10d139e0360.json
NOG-FO-NONOPT,NOG-nonopt,96,96,48,8,y_bar,0.1,0.1,0.1,2,1.0,0.2244739681482315,1.3458352237939835,1.3458352237939835,1.0429525412619114,2.202224887907505,624,100624,200624,18321194,sfo,784,784,98,"[98, 98, 98, 98, 98, 98, 98, 98]",524288,98,98,-0.6258603930473328,0.1606995314359665,0.1,formal,formal/partials/NOG-FO-NONOPT__m8__seed624__cfga10d139e0360.json
NOG-FO-NONOPT,NOG-nonopt,120,120,60,8,y_bar,0.1,0.1,0.1,2,1.0,0.20322927832603455,1.6682088505476713,1.6682088505476713,1.2992007713764906,2.7942259684205055,624,100624,200624,18321194,sfo,976,976,122,"[122, 122, 122, 122, 122, 122, 122, 122]",655360,122,122,-0.7181535959243774,0.12200333923101425,0.1,formal,formal/partials/NOG-FO-NONOPT__m8__seed624__cfga10d139e0360.json
NOG-FO-NONOPT,NOG-nonopt,144,144,72,8,y_bar,0.1,0.1,0.1,2,1.0,0.17662566900253296,1.9713814500719309,1.9713814500719309,1.5292084198445082,3.435603452846408,624,100624,200624,18321194,sfo,1168,1168,146,"[146, 146, 146, 146, 146, 146, 146, 146]",786432,146,146,-0.7794175744056702,0.08407929539680481,0.1,formal,formal/partials/NOG-FO-NONOPT__m8__seed624__cfga10d139e0360.json
NOG-FO-NONOPT,NOG-nonopt,168,168,84,8,y_bar,0.1,0.1,0.1,2,1.0,0.1761767566204071,2.328325517475605,2.328325517475605,1.809605997055769,4.006022285670042,624,100624,200624,18321194,sfo,1360,1360,170,"[170, 170, 170, 170, 170, 170, 170, 170]",917504,170,170,-0.8092557787895203,0.05607205629348755,0.1,formal,formal/partials/NOG-FO-NONOPT__m8__seed624__cfga10d139e0360.json
NOG-FO-NONOPT,NOG-nonopt,192,192,96,8,y_bar,0.1,0.1,0.1,2,1.0,0.10865279287099838,2.7571107000112534,2.7571107000112534,2.0971253346651793,4.542924636974931,624,100624,200624,18321194,sfo,1552,1552,194,"[194, 194, 194, 194, 194, 194, 194, 194]",1048576,194,194,-0.8227714896202087,0.03710810840129852,0.1,formal,formal/partials/NOG-FO-NONOPT__m8__seed624__cfga10d139e0360.json
NOG-FO-NONOPT,NOG-nonopt,216,216,108,8,y_bar,0.1,0.1,0.1,2,1.0,0.11154855042695999,3.20063653960824,3.20063653960824,2.4623599778860807,5.101500635966659,624,100624,200624,18321194,sfo,1744,1744,218,"[218, 218, 218, 218, 218, 218, 218, 218]",1179648,218,218,-0.8291400074958801,0.024078700691461563,0.1,formal,formal/partials/NOG-FO-NONOPT__m8__seed624__cfga10d139e0360.json
NOG-FO-NONOPT,NOG-nonopt,240,240,120,8,y_bar,0.1,0.1,0.1,2,1.0,0.12255820631980896,3.7258778512477875,3.7258778512477875,2.8550776559859514,5.550464231520891,624,100624,200624,18321194,sfo,1936,1936,242,"[242, 242, 242, 242, 242, 242, 242, 242]",1310720,242,242,-0.8302477598190308,0.022014368325471878,0.1,formal,formal/partials/NOG-FO-NONOPT__m8__seed624__cfga10d139e0360.json
NOG-FO-NONOPT,NOG-nonopt,264,264,132,8,y_bar,0.1,0.1,0.1,2,1.0,0.15555168688297272,4.266830945387483,4.266830945387483,3.2677860613912344,5.949472434818745,624,100624,200624,18321194,sfo,2128,2128,266,"[266, 266, 266, 266, 266, 266, 266, 266]",1441792,266,266,-0.8308733701705933,0.019138507544994354,0.1,formal,formal/partials/NOG-FO-NONOPT__m8__seed624__cfga10d139e0360.json
NOG-FO-NONOPT,NOG-nonopt,288,288,144,8,y_bar,0.1,0.1,0.1,2,1.0,0.10532654076814651,4.785658406093717,4.785658406093717,3.607787439599633,6.401974635198712,624,100624,200624,18321194,sfo,2320,2320,290,"[290, 290, 290, 290, 290, 290, 290, 290]",1572864,290,290,-0.8328870534896851,0.013145257718861103,0.1,formal,formal/partials/NOG-FO-NONOPT__m8__seed624__cfga10d139e0360.json
NOG-FO-NONOPT,NOG-nonopt,312,312,156,8,y_bar,0.1,0.1,0.1,2,1.0,0.10243787616491318,5.302246300503612,5.302246300503612,3.9682513549923897,6.8721579145640135,624,100624,200624,18321194,sfo,2512,2512,314,"[314, 314, 314, 314, 314, 314, 314, 314]",1703936,314,314,-0.8330689072608948,0.011765200644731522,0.1,formal,formal/partials/NOG-FO-NONOPT__m8__seed624__cfga10d139e0360.json
NOG-FO-NONOPT,NOG-nonopt,336,336,168,8,y_bar,0.1,0.1,0.1,2,1.0,0.15661446750164032,5.812616685405374,5.812616685405374,4.294123036786914,7.318666253238916,624,100624,200624,18321194,sfo,2704,2704,338,"[338, 338, 338, 338, 338, 338, 338, 338]",1835008,338,338,-0.8333864808082581,0.011421711184084415,0.1,formal,formal/partials/NOG-FO-NONOPT__m8__seed624__cfga10d139e0360.json
NOG-FO-NONOPT,NOG-nonopt,360,360,180,8,y_bar,0.1,0.1,0.1,2,1.0,0.11216621100902557,6.35921691916883,6.35921691916883,4.627528754994273,7.754027301445603,624,100624,200624,18321194,sfo,2896,2896,362,"[362, 362, 362, 362, 362, 362, 362, 362]",1966080,362,362,-0.8329295516014099,0.012014327570796013,0.1,formal,formal/partials/NOG-FO-NONOPT__m8__seed624__cfga10d139e0360.json
NOG-FO-NONOPT,NOG-nonopt,384,384,192,8,y_bar,0.1,0.1,0.1,2,1.0,0.12008588016033173,6.942172959446907,6.942172959446907,5.109814895316958,8.137445447966456,624,100624,200624,18321194,sfo,3088,3088,386,"[386, 386, 386, 386, 386, 386, 386, 386]",2097152,386,386,-0.8321995735168457,0.012715790420770645,0.1,formal,formal/partials/NOG-FO-NONOPT__m8__seed624__cfga10d139e0360.json
NOG-FO-NONOPT,NOG-nonopt,408,408,204,8,y_bar,0.1,0.1,0.1,2,1.0,0.14795996248722076,7.726846292614937,7.726846292614937,5.7558434046804905,8.529834050685167,624,100624,200624,18321194,sfo,3280,3280,410,"[410, 410, 410, 410, 410, 410, 410, 410]",2228224,410,410,-0.8320083618164062,0.012302974238991737,0.1,formal,formal/partials/NOG-FO-NONOPT__m8__seed624__cfga10d139e0360.json
NOG-FO-NONOPT,NOG-nonopt,432,432,216,8,y_bar,0.1,0.1,0.1,2,1.0,0.10988780856132507,8.328499624505639,8.328499624505639,6.2211133278906345,8.861638944596052,624,100624,200624,18321194,sfo,3472,3472,434,"[434, 434, 434, 434, 434, 434, 434, 434]",2359296,434,434,-0.8326578736305237,0.011779925785958767,0.1,formal,formal/partials/NOG-FO-NONOPT__m8__seed624__cfga10d139e0360.json
NOG-FO-NONOPT,NOG-nonopt,456,456,228,8,y_bar,0.1,0.1,0.1,2,1.0,0.13580773770809174,8.987501310184598,8.987501310184598,6.519755955785513,9.192907989025116,624,100624,200624,18321194,sfo,3664,3664,458,"[458, 458, 458, 458, 458, 458, 458, 458]",2490368,458,458,-0.8322665691375732,0.012047449126839638,0.1,formal,formal/partials/NOG-FO-NONOPT__m8__seed624__cfga10d139e0360.json
NOG-FO-NONOPT,NOG-nonopt,480,480,240,8,y_bar,0.1,0.1,0.1,2,1.0,0.1853737235069275,9.654283728450537,9.654283728450537,6.884796993806958,9.528240472078323,624,100624,200624,18321194,sfo,3856,3856,482,"[482, 482, 482, 482, 482, 482, 482, 482]",2621440,482,482,-0.832093358039856,0.011646903119981289,0.1,formal,formal/partials/NOG-FO-NONOPT__m8__seed624__cfga10d139e0360.json
NOG-FO-NONOPT,NOG-nonopt,504,504,252,8,y_bar,0.1,0.1,0.1,2,1.0,0.1308581680059433,10.265220507979393,10.265220507979393,7.291687840595841,9.8644955214113,624,100624,200624,18321194,sfo,4048,4048,506,"[506, 506, 506, 506, 506, 506, 506, 506]",2752512,506,506,-0.8321795463562012,0.012141995131969452,0.1,formal,formal/partials/NOG-FO-NONOPT__m8__seed624__cfga10d139e0360.json
NOG-FO-NONOPT,NOG-nonopt,528,528,264,8,y_bar,0.1,0.1,0.1,2,1.0,0.14139382541179657,10.874112613499165,10.874112613499165,7.81523316167295,10.201362323015928,624,100624,200624,18321194,sfo,4240,4240,530,"[530, 530, 530, 530, 530, 530, 530, 530]",2883584,530,530,-0.8318095803260803,0.012757810764014721,0.1,formal,formal/partials/NOG-FO-NONOPT__m8__seed624__cfga10d139e0360.json
NOG-FO-NONOPT,NOG-nonopt,552,552,276,8,y_bar,0.1,0.1,0.1,2,1.0,0.14852499961853027,11.512939397245646,11.512939397245646,8.370500894263387,10.536640670150518,624,100624,200624,18321194,sfo,4432,4432,554,"[554, 554, 554, 554, 554, 554, 554, 554]",3014656,554,554,-0.8323447704315186,0.011842608451843262,0.1,formal,formal/partials/NOG-FO-NONOPT__m8__seed624__cfga10d139e0360.json
NOG-FO-NONOPT,NOG-nonopt,576,576,288,8,y_bar,0.1,0.1,0.1,2,1.0,0.12318743020296097,12.175958333536983,12.175958333536983,8.967275431379676,10.866081243380904,624,100624,200624,18321194,sfo,4624,4624,578,"[578, 578, 578, 578, 578, 578, 578, 578]",3145728,578,578,-0.8321021199226379,0.01209229789674282,0.1,formal,formal/partials/NOG-FO-NONOPT__m8__seed624__cfga10d139e0360.json
NOG-FO-NONOPT,NOG-nonopt,600,600,300,8,y_bar,0.1,0.1,0.1,2,1.0,0.14174656569957733,12.73990435153246,12.73990435153246,9.386629423126578,11.201989572495222,624,100624,200624,18321194,sfo,4816,4816,602,"[602, 602, 602, 602, 602, 602, 602, 602]",3276800,602,602,-0.832029402256012,0.012424159795045853,0.1,formal,formal/partials/NOG-FO-NONOPT__m8__seed624__cfga10d139e0360.json
NOG-FO-NONOPT,NOG-nonopt,624,624,312,8,y_bar,0.1,0.1,0.1,2,1.0,0.13722701370716095,13.301400043070316,13.301400043070316,9.813072767108679,11.60981041379273,624,100624,200624,18321194,sfo,5008,5008,626,"[626, 626, 626, 626, 626, 626, 626, 626]",3407872,626,626,-0.832451343536377,0.011859359219670296,0.1,formal,formal/partials/NOG-FO-NONOPT__m8__seed624__cfga10d139e0360.json
NOG-FO-NONOPT,NOG-nonopt,648,648,324,8,y_bar,0.1,0.1,0.1,2,1.0,0.08807339519262314,13.86909774877131,13.86909774877131,10.173723543062806,11.937490850687027,624,100624,200624,18321194,sfo,5200,5200,650,"[650, 650, 650, 650, 650, 650, 650, 650]",3538944,650,650,-0.8322616815567017,0.013467773795127869,0.1,formal,formal/partials/NOG-FO-NONOPT__m8__seed624__cfga10d139e0360.json
NOG-FO-NONOPT,NOG-nonopt,672,672,336,8,y_bar,0.1,0.1,0.1,2,1.0,0.14829616248607635,14.448353009298444,14.448353009298444,10.444823283702135,12.44799468666315,624,100624,200624,18321194,sfo,5392,5392,674,"[674, 674, 674, 674, 674, 674, 674, 674]",3670016,674,674,-0.8321774005889893,0.015130800195038319,0.1,formal,formal/partials/NOG-FO-NONOPT__m8__seed624__cfga10d139e0360.json
NOG-FO-NONOPT,NOG-nonopt,696,696,348,8,y_bar,0.1,0.1,0.1,2,1.0,0.11356024444103241,14.806438904255629,14.806438904255629,10.74080909229815,12.90908714197576,624,100624,200624,18321194,sfo,5584,5584,698,"[698, 698, 698, 698, 698, 698, 698, 698]",3801088,698,698,-0.8327393531799316,0.011238260194659233,0.1,formal,formal/partials/NOG-FO-NONOPT__m8__seed624__cfga10d139e0360.json
NOG-FO-NONOPT,NOG-nonopt,720,720,360,8,y_bar,0.1,0.1,0.1,2,1.0,0.10452874004840851,15.303253708407283,15.303253708407283,11.175542436540127,13.733372000977397,624,100624,200624,18321194,sfo,5776,5776,722,"[722, 722, 722, 722, 722, 722, 722, 722]",3932160,722,722,-0.832663893699646,0.01182460691779852,0.1,formal,formal/partials/NOG-FO-NONOPT__m8__seed624__cfga10d139e0360.json
NOG-FO-NONOPT,NOG-nonopt,744,744,372,8,y_bar,0.1,0.1,0.1,2,1.0,0.08350751549005508,15.623741462826729,15.623741462826729,11.408137239515781,14.236729817464948,624,100624,200624,18321194,sfo,5968,5968,746,"[746, 746, 746, 746, 746, 746, 746, 746]",4063232,746,746,-0.8321815729141235,0.014343163929879665,0.1,formal,formal/partials/NOG-FO-NONOPT__m8__seed624__cfga10d139e0360.json
NOG-FO-NONOPT,NOG-nonopt,768,768,384,8,y_bar,0.1,0.1,0.1,2,1.0,0.09184714406728745,16.089558869600296,16.089558869600296,11.693429104983807,14.959788631647825,624,100624,200624,18321194,sfo,6160,6160,770,"[770, 770, 770, 770, 770, 770, 770, 770]",4194304,770,770,-0.8331072330474854,0.010702826082706451,0.1,formal,formal/partials/NOG-FO-NONOPT__m8__seed624__cfga10d139e0360.json
NOG-FO-NONOPT,NOG-nonopt,792,792,396,8,y_bar,0.1,0.1,0.1,2,1.0,0.11104641109704971,16.51757228001952,16.51757228001952,12.05815746448934,16.463524878025055,624,100624,200624,18321194,sfo,6352,6352,794,"[794, 794, 794, 794, 794, 794, 794, 794]",4325376,794,794,-0.8328076601028442,0.011288191191852093,0.1,formal,formal/partials/NOG-FO-NONOPT__m8__seed624__cfga10d139e0360.json
NOG-FO-NONOPT,NOG-nonopt,816,816,408,8,y_bar,0.1,0.1,0.1,2,1.0,0.1279599368572235,17.03837543912232,17.03837543912232,12.44523298740387,17.159375187009573,624,100624,200624,18321194,sfo,6544,6544,818,"[818, 818, 818, 818, 818, 818, 818, 818]",4456448,818,818,-0.8321926593780518,0.013193787075579166,0.1,formal,formal/partials/NOG-FO-NONOPT__m8__seed624__cfga10d139e0360.json
NOG-FO-NONOPT,NOG-nonopt,840,840,420,8,y_bar,0.1,0.1,0.1,2,1.0,0.11049463599920273,17.613081416115165,17.613081416115165,12.809846581891179,17.866979917511344,624,100624,200624,18321194,sfo,6736,6736,842,"[842, 842, 842, 842, 842, 842, 842, 842]",4587520,842,842,-0.8327993154525757,0.011433967389166355,0.1,formal,formal/partials/NOG-FO-NONOPT__m8__seed624__cfga10d139e0360.json
NOG-FO-NONOPT,NOG-nonopt,864,864,432,8,y_bar,0.1,0.1,0.1,2,1.0,0.12938950955867767,18.112413089722395,18.112413089722395,13.186031205579638,18.56098185107112,624,100624,200624,18321194,sfo,6928,6928,866,"[866, 866, 866, 866, 866, 866, 866, 866]",4718592,866,866,-0.8323643803596497,0.012607846409082413,0.1,formal,formal/partials/NOG-FO-NONOPT__m8__seed624__cfga10d139e0360.json
NOG-FO-NONOPT,NOG-nonopt,888,888,444,8,y_bar,0.1,0.1,0.1,2,1.0,0.12330994009971619,18.711197229102254,18.711197229102254,13.716253392398357,20.24051582813263,624,100624,200624,18321194,sfo,7120,7120,890,"[890, 890, 890, 890, 890, 890, 890, 890]",4849664,890,890,-0.8321372866630554,0.0121905617415905,0.1,formal,formal/partials/NOG-FO-NONOPT__m8__seed624__cfga10d139e0360.json
NOG-FO-NONOPT,NOG-nonopt,912,912,456,8,y_bar,0.1,0.1,0.1,2,1.0,0.11464675515890121,19.219186708331108,19.219186708331108,14.160152789205313,20.654064470902085,624,100624,200624,18321194,sfo,7312,7312,914,"[914, 914, 914, 914, 914, 914, 914, 914]",4980736,914,914,-0.8321213126182556,0.01318101305514574,0.1,formal,formal/partials/NOG-FO-NONOPT__m8__seed624__cfga10d139e0360.json
NOG-FO-NONOPT,NOG-nonopt,936,936,468,8,y_bar,0.1,0.1,0.1,2,1.0,0.1325908899307251,19.72703425399959,19.72703425399959,14.523914450779557,21.05428345873952,624,100624,200624,18321194,sfo,7504,7504,938,"[938, 938, 938, 938, 938, 938, 938, 938]",5111808,938,938,-0.8318909406661987,0.012855498120188713,0.1,formal,formal/partials/NOG-FO-NONOPT__m8__seed624__cfga10d139e0360.json
NOG-FO-NONOPT,NOG-nonopt,960,960,480,8,y_bar,0.1,0.1,0.1,2,1.0,0.10528162121772766,20.238147154450417,20.238147154450417,14.972231166437268,21.72336301021278,624,100624,200624,18321194,sfo,7696,7696,962,"[962, 962, 962, 962, 962, 962, 962, 962]",5242880,962,962,-0.8319258093833923,0.013560546562075615,0.1,formal,formal/partials/NOG-FO-NONOPT__m8__seed624__cfga10d139e0360.json
NOG-FO-NONOPT,NOG-nonopt,24,24,12,8,y_bar,0.1,0.1,0.1,2,1.0,0.3259011507034302,0.36918515898287296,0.36918515898287296,0.25362884998321533,0.5349514521658421,625,100625,200625,539265341,sfo,208,208,26,"[26, 26, 26, 26, 26, 26, 26, 26]",131072,26,26,-0.17198266088962555,0.24402761459350586,0.1,formal,formal/partials/NOG-FO-NONOPT__m8__seed625__cfg2840bf382312.json
NOG-FO-NONOPT,NOG-nonopt,48,48,24,8,y_bar,0.1,0.1,0.1,2,1.0,0.32893505692481995,0.6591378767043352,0.6591378767043352,0.4861820973455906,1.1005912628024817,625,100625,200625,539265341,sfo,400,400,50,"[50, 50, 50, 50, 50, 50, 50, 50]",262144,50,50,-0.34708309173583984,0.2257613092660904,0.1,formal,formal/partials/NOG-FO-NONOPT__m8__seed625__cfg2840bf382312.json
NOG-FO-NONOPT,NOG-nonopt,72,72,36,8,y_bar,0.1,0.1,0.1,2,1.0,0.28874513506889343,0.9535936582833529,0.9535936582833529,0.7184624169021845,1.6354720704257488,625,100625,200625,539265341,sfo,592,592,74,"[74, 74, 74, 74, 74, 74, 74, 74]",393216,74,74,-0.49802589416503906,0.19785158336162567,0.1,formal,formal/partials/NOG-FO-NONOPT__m8__seed625__cfg2840bf382312.json
NOG-FO-NONOPT,NOG-nonopt,96,96,48,8,y_bar,0.1,0.1,0.1,2,1.0,0.272045761346817,1.251403659582138,1.251403659582138,0.9466453269124031,2.1543139796704054,625,100625,200625,539265341,sfo,784,784,98,"[98, 98, 98, 98, 98, 98, 98, 98]",524288,98,98,-0.6306415796279907,0.15993636846542358,0.1,formal,formal/partials/NOG-FO-NONOPT__m8__seed625__cfg2840bf382312.json
NOG-FO-NONOPT,NOG-nonopt,120,120,60,8,y_bar,0.1,0.1,0.1,2,1.0,0.20054954290390015,1.630022406578064,1.630022406578064,1.2582966834306717,2.655051676556468,625,100625,200625,539265341,sfo,976,976,122,"[122, 122, 122, 122, 122, 122, 122, 122]",655360,122,122,-0.7223724126815796,0.12079551815986633,0.1,formal,formal/partials/NOG-FO-NONOPT__m8__seed625__cfg2840bf382312.json
NOG-FO-NONOPT,NOG-nonopt,144,144,72,8,y_bar,0.1,0.1,0.1,2,1.0,0.16805586218833923,2.0281912479549646,2.0281912479549646,1.5928243342787027,3.0402039401233196,625,100625,200625,539265341,sfo,1168,1168,146,"[146, 146, 146, 146, 146, 146, 146, 146]",786432,146,146,-0.7842028737068176,0.08160657435655594,0.1,formal,formal/partials/NOG-FO-NONOPT__m8__seed625__cfg2840bf382312.json
NOG-FO-NONOPT,NOG-nonopt,168,168,84,8,y_bar,0.1,0.1,0.1,2,1.0,0.15717671811580658,2.5259581860154867,2.5259581860154867,1.9553920738399029,3.3683132957667112,625,100625,200625,539265341,sfo,1360,1360,170,"[170, 170, 170, 170, 170, 170, 170, 170]",917504,170,170,-0.8132335543632507,0.05308742821216583,0.1,formal,formal/partials/NOG-FO-NONOPT__m8__seed625__cfg2840bf382312.json
NOG-FO-NONOPT,NOG-nonopt,192,192,96,8,y_bar,0.1,0.1,0.1,2,1.0,0.13538503646850586,3.10144523717463,3.10144523717463,2.4597664177417755,3.760126303881407,625,100625,200625,539265341,sfo,1552,1552,194,"[194, 194, 194, 194, 194, 194, 194, 194]",1048576,194,194,-0.8287320137023926,0.027823898941278458,0.1,formal,formal/partials/NOG-FO-NONOPT__m8__seed625__cfg2840bf382312.json
NOG-FO-NONOPT,NOG-nonopt,216,216,108,8,y_bar,0.1,0.1,0.1,2,1.0,0.1192580834031105,3.701789429411292,3.701789429411292,2.862826470285654,4.149089325219393,625,100625,200625,539265341,sfo,1744,1744,218,"[218, 218, 218, 218, 218, 218, 218, 218]",1179648,218,218,-0.832306444644928,0.016878262162208557,0.1,formal,formal/partials/NOG-FO-NONOPT__m8__seed625__cfg2840bf382312.json
NOG-FO-NONOPT,NOG-nonopt,240,240,120,8,y_bar,0.1,0.1,0.1,2,1.0,0.10094647854566574,4.287538129836321,4.287538129836321,3.156596053391695,4.521986909210682,625,100625,200625,539265341,sfo,1936,1936,242,"[242, 242, 242, 242, 242, 242, 242, 242]",1310720,242,242,-0.832816481590271,0.012685718946158886,0.1,formal,formal/partials/NOG-FO-NONOPT__m8__seed625__cfg2840bf382312.json
NOG-FO-NONOPT,NOG-nonopt,264,264,132,8,y_bar,0.1,0.1,0.1,2,1.0,0.10364382714033127,4.840165037661791,4.840165037661791,3.6079103890806437,4.910364048555493,625,100625,200625,539265341,sfo,2128,2128,266,"[266, 266, 266, 266, 266, 266, 266, 266]",1441792,266,266,-0.8328357338905334,0.012727819383144379,0.1,formal,formal/partials/NOG-FO-NONOPT__m8__seed625__cfg2840bf382312.json
NOG-FO-NONOPT,NOG-nonopt,288,288,144,8,y_bar,0.1,0.1,0.1,2,1.0,0.14607173204421997,5.422086574137211,5.422086574137211,4.122833147644997,5.339456165209413,625,100625,200625,539265341,sfo,2320,2320,290,"[290, 290, 290, 290, 290, 290, 290, 290]",1572864,290,290,-0.8331599235534668,0.011898999102413654,0.1,formal,formal/partials/NOG-FO-NONOPT__m8__seed625__cfg2840bf382312.json
NOG-FO-NONOPT,NOG-nonopt,312,312,156,8,y_bar,0.1,0.1,0.1,2,1.0,0.13895650207996368,5.9662625547498465,5.9662625547498465,4.471893096342683,5.904713349416852,625,100625,200625,539265341,sfo,2512,2512,314,"[314, 314, 314, 314, 314, 314, 314, 314]",1703936,314,314,-0.8332403302192688,0.011686105281114578,0.1,formal,formal/partials/NOG-FO-NONOPT__m8__seed625__cfg2840bf382312.json
NOG-FO-NONOPT,NOG-nonopt,336,336,168,8,y_bar,0.1,0.1,0.1,2,1.0,0.13299857079982758,6.399566054344177,6.399566054344177,4.759622398763895,6.3714062459766865,625,100625,200625,539265341,sfo,2704,2704,338,"[338, 338, 338, 338, 338, 338, 338, 338]",1835008,338,338,-0.8337651491165161,0.011182142421603203,0.1,formal,formal/partials/NOG-FO-NONOPT__m8__seed625__cfg2840bf382312.json
NOG-FO-NONOPT,NOG-nonopt,360,360,180,8,y_bar,0.1,0.1,0.1,2,1.0,0.11614447832107544,6.884225986897945,6.884225986897945,5.1103601064532995,6.697991572320461,625,100625,200625,539265341,sfo,2896,2896,362,"[362, 362, 362, 362, 362, 362, 362, 362]",1966080,362,362,-0.8333649039268494,0.011028585024178028,0.1,formal,formal/partials/NOG-FO-NONOPT__m8__seed625__cfg2840bf382312.json
NOG-FO-NONOPT,NOG-nonopt,384,384,192,8,y_bar,0.1,0.1,0.1,2,1.0,0.18150493502616882,7.429685356095433,7.429685356095433,5.506048370152712,7.0700734835118055,625,100625,200625,539265341,sfo,3088,3088,386,"[386, 386, 386, 386, 386, 386, 386, 386]",2097152,386,386,-0.833590567111969,0.01027100533246994,0.1,formal,formal/partials/NOG-FO-NONOPT__m8__seed625__cfg2840bf382312.json
NOG-FO-NONOPT,NOG-nonopt,408,408,204,8,y_bar,0.1,0.1,0.1,2,1.0,0.12192384898662567,8.118320567533374,8.118320567533374,6.012400625273585,7.471187571063638,625,100625,200625,539265341,sfo,3280,3280,410,"[410, 410, 410, 410, 410, 410, 410, 410]",2228224,410,410,-0.8329825401306152,0.01319102756679058,0.1,formal,formal/partials/NOG-FO-NONOPT__m8__seed625__cfg2840bf382312.json
NOG-FO-NONOPT,NOG-nonopt,432,432,216,8,y_bar,0.1,0.1,0.1,2,1.0,0.14812137186527252,8.711768323555589,8.711768323555589,6.494641896337271,7.873919520527124,625,100625,200625,539265341,sfo,3472,3472,434,"[434, 434, 434, 434, 434, 434, 434, 434]",2359296,434,434,-0.8329630494117737,0.012312573380768299,0.1,formal,formal/partials/NOG-FO-NONOPT__m8__seed625__cfg2840bf382312.json
NOG-FO-NONOPT,NOG-nonopt,456,456,228,8,y_bar,0.1,0.1,0.1,2,1.0,0.12180138379335403,9.392439983785152,9.392439983785152,7.01879208907485,8.205708801746368,625,100625,200625,539265341,sfo,3664,3664,458,"[458, 458, 458, 458, 458, 458, 458, 458]",2490368,458,458,-0.8328408002853394,0.012478657066822052,0.1,formal,formal/partials/NOG-FO-NONOPT__m8__seed625__cfg2840bf382312.json
NOG-FO-NONOPT,NOG-nonopt,480,480,240,8,y_bar,0.1,0.1,0.1,2,1.0,0.11844925582408905,10.05081206932664,10.05081206932664,7.452117031440139,8.516835875809193,625,100625,200625,539265341,sfo,3856,3856,482,"[482, 482, 482, 482, 482, 482, 482, 482]",2621440,482,482,-0.8328890800476074,0.012200569733977318,0.1,formal,formal/partials/NOG-FO-NONOPT__m8__seed625__cfg2840bf382312.json
NOG-FO-NONOPT,NOG-nonopt,504,504,252,8,y_bar,0.1,0.1,0.1,2,1.0,0.1124289259314537,10.63600997067988,10.63600997067988,7.876273397356272,8.927002204582095,625,100625,200625,539265341,sfo,4048,4048,506,"[506, 506, 506, 506, 506, 506, 506, 506]",2752512,506,506,-0.8326950669288635,0.012952878139913082,0.1,formal,formal/partials/NOG-FO-NONOPT__m8__seed625__cfg2840bf382312.json
NOG-FO-NONOPT,NOG-nonopt,528,528,264,8,y_bar,0.1,0.1,0.1,2,1.0,0.11005331575870514,11.306044850498438,11.306044850498438,8.39526087231934,9.260480439290404,625,100625,200625,539265341,sfo,4240,4240,530,"[530, 530, 530, 530, 530, 530, 530, 530]",2883584,530,530,-0.8332253694534302,0.011399648152291775,0.1,formal,formal/partials/NOG-FO-NONOPT__m8__seed625__cfg2840bf382312.json
NOG-FO-NONOPT,NOG-nonopt,552,552,276,8,y_bar,0.1,0.1,0.1,2,1.0,0.13596877455711365,11.956032037734985,11.956032037734985,8.899092957377434,9.582427851855755,625,100625,200625,539265341,sfo,4432,4432,554,"[554, 554, 554, 554, 554, 554, 554, 554]",3014656,554,554,-0.8334623575210571,0.01152346283197403,0.1,formal,formal/partials/NOG-FO-NONOPT__m8__seed625__cfg2840bf382312.json
NOG-FO-NONOPT,NOG-nonopt,576,576,288,8,y_bar,0.1,0.1,0.1,2,1.0,0.10079077631235123,12.542302390560508,12.542302390560508,9.37282083928585,9.983003858476877,625,100625,200625,539265341,sfo,4624,4624,578,"[578, 578, 578, 578, 578, 578, 578, 578]",3145728,578,578,-0.833723783493042,0.010372661054134369,0.1,formal,formal/partials/NOG-FO-NONOPT__m8__seed625__cfg2840bf382312.json
NOG-FO-NONOPT,NOG-nonopt,600,600,300,8,y_bar,0.1,0.1,0.1,2,1.0,0.14644792675971985,13.127568379044533,13.127568379044533,9.835847819224,10.31611255183816,625,100625,200625,539265341,sfo,4816,4816,602,"[602, 602, 602, 602, 602, 602, 602, 602]",3276800,602,602,-0.8333397507667542,0.011697939597070217,0.1,formal,formal/partials/NOG-FO-NONOPT__m8__seed625__cfg2840bf382312.json
NOG-FO-NONOPT,NOG-nonopt,624,624,312,8,y_bar,0.1,0.1,0.1,2,1.0,0.13376136124134064,13.649793261662126,13.649793261662126,10.284095995128155,10.704574689269066,625,100625,200625,539265341,sfo,5008,5008,626,"[626, 626, 626, 626, 626, 626, 626, 626]",3407872,626,626,-0.8334764838218689,0.011656146496534348,0.1,formal,formal/partials/NOG-FO-NONOPT__m8__seed625__cfg2840bf382312.json
NOG-FO-NONOPT,NOG-nonopt,648,648,324,8,y_bar,0.1,0.1,0.1,2,1.0,0.11174452304840088,14.248295046389103,14.248295046389103,10.68061850219965,11.012910883873701,625,100625,200625,539265341,sfo,5200,5200,650,"[650, 650, 650, 650, 650, 650, 650, 650]",3538944,650,650,-0.8331946134567261,0.011874918825924397,0.1,formal,formal/partials/NOG-FO-NONOPT__m8__seed625__cfg2840bf382312.json
NOG-FO-NONOPT,NOG-nonopt,672,672,336,8,y_bar,0.1,0.1,0.1,2,1.0,0.1347590535879135,14.821279291063547,14.821279291063547,11.058730408549309,11.341742858290672,625,100625,200625,539265341,sfo,5392,5392,674,"[674, 674, 674, 674, 674, 674, 674, 674]",3670016,674,674,-0.8332330584526062,0.01248396746814251,0.1,formal,formal/partials/NOG-FO-NONOPT__m8__seed625__cfg2840bf382312.json
NOG-FO-NONOPT,NOG-nonopt,696,696,348,8,y_bar,0.1,0.1,0.1,2,1.0,0.10624836385250092,15.289964796975255,15.289964796975255,11.468263912945986,11.749523365870118,625,100625,200625,539265341,sfo,5584,5584,698,"[698, 698, 698, 698, 698, 698, 698, 698]",3801088,698,698,-0.8328791856765747,0.012826635502278805,0.1,formal,formal/partials/NOG-FO-NONOPT__m8__seed625__cfg2840bf382312.json
NOG-FO-NONOPT,NOG-nonopt,720,720,360,8,y_bar,0.1,0.1,0.1,2,1.0,0.0991397500038147,15.77139932103455,15.77139932103455,11.815949259325862,12.46854524873197,625,100625,200625,539265341,sfo,5776,5776,722,"[722, 722, 722, 722, 722, 722, 722, 722]",3932160,722,722,-0.8322806358337402,0.013449489139020443,0.1,formal,formal/partials/NOG-FO-NONOPT__m8__seed625__cfg2840bf382312.json
NOG-FO-NONOPT,NOG-nonopt,744,744,372,8,y_bar,0.1,0.1,0.1,2,1.0,0.14050456881523132,16.242125265300274,16.242125265300274,12.081904398277402,13.009561955928802,625,100625,200625,539265341,sfo,5968,5968,746,"[746, 746, 746, 746, 746, 746, 746, 746]",4063232,746,746,-0.831771194934845,0.014818036928772926,0.1,formal,formal/partials/NOG-FO-NONOPT__m8__seed625__cfg2840bf382312.json
NOG-FO-NONOPT,NOG-nonopt,768,768,384,8,y_bar,0.1,0.1,0.1,2,1.0,0.11631500720977783,16.688948445022106,16.688948445022106,12.261695111170411,13.717317143455148,625,100625,200625,539265341,sfo,6160,6160,770,"[770, 770, 770, 770, 770, 770, 770, 770]",4194304,770,770,-0.8323580622673035,0.01519259624183178,0.1,formal,formal/partials/NOG-FO-NONOPT__m8__seed625__cfg2840bf382312.json
NOG-FO-NONOPT,NOG-nonopt,792,792,396,8,y_bar,0.1,0.1,0.1,2,1.0,0.13703805208206177,17.168888906016946,17.168888906016946,12.654320860281587,15.259380696341395,625,100625,200625,539265341,sfo,6352,6352,794,"[794, 794, 794, 794, 794, 794, 794, 794]",4325376,794,794,-0.8322712182998657,0.016493171453475952,0.1,formal,formal/partials/NOG-FO-NONOPT__m8__seed625__cfg2840bf382312.json
NOG-FO-NONOPT,NOG-nonopt,816,816,408,8,y_bar,0.1,0.1,0.1,2,1.0,0.12102645635604858,17.614983804523945,17.614983804523945,12.967159627005458,16.091779438778758,625,100625,200625,539265341,sfo,6544,6544,818,"[818, 818, 818, 818, 818, 818, 818, 818]",4456448,818,818,-0.8323119878768921,0.015811407938599586,0.1,formal,formal/partials/NOG-FO-NONOPT__m8__seed625__cfg2840bf382312.json
NOG-FO-NONOPT,NOG-nonopt,840,840,420,8,y_bar,0.1,0.1,0.1,2,1.0,0.1411830484867096,18.088849525898695,18.088849525898695,13.324892051517963,16.897781560197473,625,100625,200625,539265341,sfo,6736,6736,842,"[842, 842, 842, 842, 842, 842, 842, 842]",4587520,842,842,-0.8330214619636536,0.013512514531612396,0.1,formal,formal/partials/NOG-FO-NONOPT__m8__seed625__cfg2840bf382312.json
NOG-FO-NONOPT,NOG-nonopt,864,864,432,8,y_bar,0.1,0.1,0.1,2,1.0,0.13836145401000977,18.56459639966488,18.56459639966488,13.541190825402737,17.600520115345716,625,100625,200625,539265341,sfo,6928,6928,866,"[866, 866, 866, 866, 866, 866, 866, 866]",4718592,866,866,-0.8325701951980591,0.011899222619831562,0.1,formal,formal/partials/NOG-FO-NONOPT__m8__seed625__cfg2840bf382312.json
NOG-FO-NONOPT,NOG-nonopt,888,888,444,8,y_bar,0.1,0.1,0.1,2,1.0,0.08957275003194809,19.05817079730332,19.05817079730332,13.896461637690663,19.583645993843675,625,100625,200625,539265341,sfo,7120,7120,890,"[890, 890, 890, 890, 890, 890, 890, 890]",4849664,890,890,-0.8321577310562134,0.01286772359162569,0.1,formal,formal/partials/NOG-FO-NONOPT__m8__seed625__cfg2840bf382312.json
NOG-FO-NONOPT,NOG-nonopt,912,912,456,8,y_bar,0.1,0.1,0.1,2,1.0,0.1265733391046524,19.548562321811914,19.548562321811914,14.25644152238965,19.982312686741352,625,100625,200625,539265341,sfo,7312,7312,914,"[914, 914, 914, 914, 914, 914, 914, 914]",4980736,914,914,-0.8325157165527344,0.012587398290634155,0.1,formal,formal/partials/NOG-FO-NONOPT__m8__seed625__cfg2840bf382312.json
NOG-FO-NONOPT,NOG-nonopt,936,936,468,8,y_bar,0.1,0.1,0.1,2,1.0,0.15262682735919952,20.14962661266327,20.14962661266327,14.790668155997992,20.366127710789442,625,100625,200625,539265341,sfo,7504,7504,938,"[938, 938, 938, 938, 938, 938, 938, 938]",5111808,938,938,-0.8317517638206482,0.013969561085104942,0.1,formal,formal/partials/NOG-FO-NONOPT__m8__seed625__cfg2840bf382312.json
NOG-FO-NONOPT,NOG-nonopt,960,960,480,8,y_bar,0.1,0.1,0.1,2,1.0,0.12318961322307587,20.66481418721378,20.66481418721378,15.167110433802009,20.987812750041485,625,100625,200625,539265341,sfo,7696,7696,962,"[962, 962, 962, 962, 962, 962, 962, 962]",5242880,962,962,-0.8319425582885742,0.013564852066338062,0.1,formal,formal/partials/NOG-FO-NONOPT__m8__seed625__cfg2840bf382312.json
NOG-FO-NONOPT,NOG-nonopt,24,24,12,8,y_bar,0.1,0.1,0.1,2,1.0,0.34897640347480774,0.5815516244620085,0.5815516244620085,0.5110683497041464,2.3164091408252716,626,100626,200626,1849041874,sfo,208,208,26,"[26, 26, 26, 26, 26, 26, 26, 26]",131072,26,26,-0.17536529898643494,0.2420056313276291,0.1,formal,formal/partials/NOG-FO-NONOPT__m8__seed626__cfga4856374e63a.json
NOG-FO-NONOPT,NOG-nonopt,48,48,24,8,y_bar,0.1,0.1,0.1,2,1.0,0.3214479982852936,0.8854293543845415,0.8854293543845415,0.7483422867953777,2.740086428821087,626,100626,200626,1849041874,sfo,400,400,50,"[50, 50, 50, 50, 50, 50, 50, 50]",262144,50,50,-0.34382137656211853,0.22482910752296448,0.1,formal,formal/partials/NOG-FO-NONOPT__m8__seed626__cfga4856374e63a.json
NOG-FO-NONOPT,NOG-nonopt,72,72,36,8,y_bar,0.1,0.1,0.1,2,1.0,0.2853979766368866,1.140888188034296,1.140888188034296,0.9345752894878387,3.274705808609724,626,100626,200626,1849041874,sfo,592,592,74,"[74, 74, 74, 74, 74, 74, 74, 74]",393216,74,74,-0.49910449981689453,0.19684572517871857,0.1,formal,formal/partials/NOG-FO-NONOPT__m8__seed626__cfga4856374e63a.json
NOG-FO-NONOPT,NOG-nonopt,96,96,48,8,y_bar,0.1,0.1,0.1,2,1.0,0.24037432670593262,1.3688806500285864,1.3688806500285864,1.0580594316124916,3.7953844480216503,626,100626,200626,1849041874,sfo,784,784,98,"[98, 98, 98, 98, 98, 98, 98, 98]",524288,98,98,-0.6294815540313721,0.1601855307817459,0.1,formal,formal/partials/NOG-FO-NONOPT__m8__seed626__cfga4856374e63a.json
NOG-FO-NONOPT,NOG-nonopt,120,120,60,8,y_bar,0.1,0.1,0.1,2,1.0,0.20038816332817078,1.6353495474904776,1.6353495474904776,1.2644044682383537,4.329857097938657,626,100626,200626,1849041874,sfo,976,976,122,"[122, 122, 122, 122, 122, 122, 122, 122]",655360,122,122,-0.7272458076477051,0.11913058161735535,0.1,formal,formal/partials/NOG-FO-NONOPT__m8__seed626__cfga4856374e63a.json
NOG-FO-NONOPT,NOG-nonopt,144,144,72,8,y_bar,0.1,0.1,0.1,2,1.0,0.1659693717956543,1.859144864603877,1.859144864603877,1.4215557891875505,4.81880970671773,626,100626,200626,1849041874,sfo,1168,1168,146,"[146, 146, 146, 146, 146, 146, 146, 146]",786432,146,146,-0.7888243794441223,0.08003275841474533,0.1,formal,formal/partials/NOG-FO-NONOPT__m8__seed626__cfga4856374e63a.json
NOG-FO-NONOPT,NOG-nonopt,168,168,84,8,y_bar,0.1,0.1,0.1,2,1.0,0.12505872547626495,2.156041346490383,2.156041346490383,1.6564858667552471,5.324300572276115,626,100626,200626,1849041874,sfo,1360,1360,170,"[170, 170, 170, 170, 170, 170, 170, 170]",917504,170,170,-0.8166069984436035,0.0524250864982605,0.1,formal,formal/partials/NOG-FO-NONOPT__m8__seed626__cfga4856374e63a.json
NOG-FO-NONOPT,NOG-nonopt,192,192,96,8,y_bar,0.1,0.1,0.1,2,1.0,0.12514127790927887,2.42565512098372,2.42565512098372,1.8326521068811417,5.868803732097149,626,100626,200626,1849041874,sfo,1552,1552,194,"[194, 194, 194, 194, 194, 194, 194, 194]",1048576,194,194,-0.8311975002288818,0.02900570072233677,0.1,formal,formal/partials/NOG-FO-NONOPT__m8__seed626__cfga4856374e63a.json
NOG-FO-NONOPT,NOG-nonopt,216,216,108,8,y_bar,0.1,0.1,0.1,2,1.0,0.14005813002586365,2.689280118793249,2.689280118793249,2.035088136792183,6.470625126734376,626,100626,200626,1849041874,sfo,1744,1744,218,"[218, 218, 218, 218, 218, 218, 218, 218]",1179648,218,218,-0.8363413214683533,0.015756551176309586,0.1,formal,formal/partials/NOG-FO-NONOPT__m8__seed626__cfga4856374e63a.json
NOG-FO-NONOPT,NOG-nonopt,240,240,120,8,y_bar,0.1,0.1,0.1,2,1.0,0.09181218594312668,2.902389135211706,2.902389135211706,2.143090883269906,7.07818235643208,626,100626,200626,1849041874,sfo,1936,1936,242,"[242, 242, 242, 242, 242, 242, 242, 242]",1310720,242,242,-0.8370105028152466,0.012554706074297428,0.1,formal,formal/partials/NOG-FO-NONOPT__m8__seed626__cfga4856374e63a.json
NOG-FO-NONOPT,NOG-nonopt,264,264,132,8,y_bar,0.1,0.1,0.1,2,1.0,0.13548865914344788,3.08781947940588,3.08781947940588,2.276503859087825,7.714516565203667,626,100626,200626,1849041874,sfo,2128,2128,266,"[266, 266, 266, 266, 266, 266, 266, 266]",1441792,266,266,-0.8369728326797485,0.01220331247895956,0.1,formal,formal/partials/NOG-FO-NONOPT__m8__seed626__cfga4856374e63a.json
NOG-FO-NONOPT,NOG-nonopt,288,288,144,8,y_bar,0.1,0.1,0.1,2,1.0,0.1359776258468628,3.2420904021710157,3.2420904021710157,2.377761550247669,8.350387087091804,626,100626,200626,1849041874,sfo,2320,2320,290,"[290, 290, 290, 290, 290, 290, 290, 290]",1572864,290,290,-0.836814820766449,0.013119619339704514,0.1,formal,formal/partials/NOG-FO-NONOPT__m8__seed626__cfga4856374e63a.json
NOG-FO-NONOPT,NOG-nonopt,312,312,156,8,y_bar,0.1,0.1,0.1,2,1.0,0.1433633714914322,3.4690667763352394,3.4690667763352394,2.541349584236741,8.985113793984056,626,100626,200626,1849041874,sfo,2512,2512,314,"[314, 314, 314, 314, 314, 314, 314, 314]",1703936,314,314,-0.8368387818336487,0.012454512529075146,0.1,formal,formal/partials/NOG-FO-NONOPT__m8__seed626__cfga4856374e63a.json
NOG-FO-NONOPT,NOG-nonopt,336,336,168,8,y_bar,0.1,0.1,0.1,2,1.0,0.15344016253948212,3.845707645639777,3.845707645639777,2.8569596000015736,9.507459929212928,626,100626,200626,1849041874,sfo,2704,2704,338,"[338, 338, 338, 338, 338, 338, 338, 338]",1835008,338,338,-0.8366895914077759,0.012563410215079784,0.1,formal,formal/partials/NOG-FO-NONOPT__m8__seed626__cfga4856374e63a.json
NOG-FO-NONOPT,NOG-nonopt,360,360,180,8,y_bar,0.1,0.1,0.1,2,1.0,0.12759637832641602,4.301966089755297,4.301966089755297,3.180123955011368,9.955401400104165,626,100626,200626,1849041874,sfo,2896,2896,362,"[362, 362, 362, 362, 362, 362, 362, 362]",1966080,362,362,-0.83677077293396,0.013482715003192425,0.1,formal,formal/partials/NOG-FO-NONOPT__m8__seed626__cfga4856374e63a.json
NOG-FO-NONOPT,NOG-nonopt,384,384,192,8,y_bar,0.1,0.1,0.1,2,1.0,0.1491275131702423,4.828054992482066,4.828054992482066,3.6392024103552103,10.376450151205063,626,100626,200626,1849041874,sfo,3088,3088,386,"[386, 386, 386, 386, 386, 386, 386, 386]",2097152,386,386,-0.8364295363426208,0.013033078983426094,0.1,formal,formal/partials/NOG-FO-NONOPT__m8__seed626__cfga4856374e63a.json
NOG-FO-NONOPT,NOG-nonopt,408,408,204,8,y_bar,0.1,0.1,0.1,2,1.0,0.11585472524166107,5.222479255869985,5.222479255869985,3.975333396345377,10.913670033216476,626,100626,200626,1849041874,sfo,3280,3280,410,"[410, 410, 410, 410, 410, 410, 410, 410]",2228224,410,410,-0.836116373538971,0.013263886794447899,0.1,formal,formal/partials/NOG-FO-NONOPT__m8__seed626__cfga4856374e63a.json
NOG-FO-NONOPT,NOG-nonopt,432,432,216,8,y_bar,0.1,0.1,0.1,2,1.0,0.1301765739917755,5.572008764371276,5.572008764371276,4.200069557875395,11.443405371159315,626,100626,200626,1849041874,sfo,3472,3472,434,"[434, 434, 434, 434, 434, 434, 434, 434]",2359296,434,434,-0.8362809419631958,0.013318032026290894,0.1,formal,formal/partials/NOG-FO-NONOPT__m8__seed626__cfga4856374e63a.json
NOG-FO-NONOPT,NOG-nonopt,456,456,228,8,y_bar,0.1,0.1,0.1,2,1.0,0.08078262209892273,5.841121619567275,5.841121619567275,4.358919674530625,11.98843172006309,626,100626,200626,1849041874,sfo,3664,3664,458,"[458, 458, 458, 458, 458, 458, 458, 458]",2490368,458,458,-0.8368625044822693,0.012420101091265678,0.1,formal,formal/partials/NOG-FO-NONOPT__m8__seed626__cfga4856374e63a.json
NOG-FO-NONOPT,NOG-nonopt,480,480,240,8,y_bar,0.1,0.1,0.1,2,1.0,0.10075967758893967,6.155709823593497,6.155709823593497,4.555025452747941,12.48543962650001,626,100626,200626,1849041874,sfo,3856,3856,482,"[482, 482, 482, 482, 482, 482, 482, 482]",2621440,482,482,-0.8369485139846802,0.01243752334266901,0.1,formal,formal/partials/NOG-FO-NONOPT__m8__seed626__cfga4856374e63a.json
NOG-FO-NONOPT,NOG-nonopt,504,504,252,8,y_bar,0.1,0.1,0.1,2,1.0,0.09951082617044449,6.46099498309195,6.46099498309195,4.804960446432233,13.046184992417693,626,100626,200626,1849041874,sfo,4048,4048,506,"[506, 506, 506, 506, 506, 506, 506, 506]",2752512,506,506,-0.8374274373054504,0.012081310153007507,0.1,formal,formal/partials/NOG-FO-NONOPT__m8__seed626__cfga4856374e63a.json
NOG-FO-NONOPT,NOG-nonopt,528,528,264,8,y_bar,0.1,0.1,0.1,2,1.0,0.12822607159614563,6.788710275664926,6.788710275664926,5.075276715680957,13.515645878389478,626,100626,200626,1849041874,sfo,4240,4240,530,"[530, 530, 530, 530, 530, 530, 530, 530]",2883584,530,530,-0.8366593718528748,0.012896575033664703,0.1,formal,formal/partials/NOG-FO-NONOPT__m8__seed626__cfga4856374e63a.json
NOG-FO-NONOPT,NOG-nonopt,552,552,276,8,y_bar,0.1,0.1,0.1,2,1.0,0.12845604121685028,7.193222813308239,7.193222813308239,5.425749039277434,13.97741423919797,626,100626,200626,1849041874,sfo,4432,4432,554,"[554, 554, 554, 554, 554, 554, 554, 554]",3014656,554,554,-0.8369091749191284,0.012333020567893982,0.1,formal,formal/partials/NOG-FO-NONOPT__m8__seed626__cfga4856374e63a.json
NOG-FO-NONOPT,NOG-nonopt,576,576,288,8,y_bar,0.1,0.1,0.1,2,1.0,0.12103287130594254,7.548224488273263,7.548224488273263,5.722393406555057,14.477714335545897,626,100626,200626,1849041874,sfo,4624,4624,578,"[578, 578, 578, 578, 578, 578, 578, 578]",3145728,578,578,-0.8363014459609985,0.01396944373846054,0.1,formal,formal/partials/NOG-FO-NONOPT__m8__seed626__cfga4856374e63a.json
NOG-FO-NONOPT,NOG-nonopt,600,600,300,8,y_bar,0.1,0.1,0.1,2,1.0,0.10116227716207504,7.924159470945597,7.924159470945597,6.041996410116553,14.948955912142992,626,100626,200626,1849041874,sfo,4816,4816,602,"[602, 602, 602, 602, 602, 602, 602, 602]",3276800,602,602,-0.837378740310669,0.011757050640881062,0.1,formal,formal/partials/NOG-FO-NONOPT__m8__seed626__cfga4856374e63a.json
NOG-FO-NONOPT,NOG-nonopt,624,624,312,8,y_bar,0.1,0.1,0.1,2,1.0,0.1302831470966339,8.349889051169157,8.349889051169157,6.272466981783509,15.423510203137994,626,100626,200626,1849041874,sfo,5008,5008,626,"[626, 626, 626, 626, 626, 626, 626, 626]",3407872,626,626,-0.8369975686073303,0.01238913182169199,0.1,formal,formal/partials/NOG-FO-NONOPT__m8__seed626__cfga4856374e63a.json
NOG-FO-NONOPT,NOG-nonopt,648,648,324,8,y_bar,0.1,0.1,0.1,2,1.0,0.12596765160560608,8.847777336835861,8.847777336835861,6.705553635954857,15.870107471942902,626,100626,200626,1849041874,sfo,5200,5200,650,"[650, 650, 650, 650, 650, 650, 650, 650]",3538944,650,650,-0.8373364210128784,0.01225151214748621,0.1,formal,formal/partials/NOG-FO-NONOPT__m8__seed626__cfga4856374e63a.json
NOG-FO-NONOPT,NOG-nonopt,672,672,336,8,y_bar,0.1,0.1,0.1,2,1.0,0.12392868846654892,9.394648596644402,9.394648596644402,7.195128384977579,16.222473811358213,626,100626,200626,1849041874,sfo,5392,5392,674,"[674, 674, 674, 674, 674, 674, 674, 674]",3670016,674,674,-0.8377715349197388,0.011513679288327694,0.1,formal,formal/partials/NOG-FO-NONOPT__m8__seed626__cfga4856374e63a.json
NOG-FO-NONOPT,NOG-nonopt,696,696,348,8,y_bar,0.1,0.1,0.1,2,1.0,0.16321265697479248,9.836368139833212,9.836368139833212,7.5076479483395815,16.642816023901105,626,100626,200626,1849041874,sfo,5584,5584,698,"[698, 698, 698, 698, 698, 698, 698, 698]",3801088,698,698,-0.837344765663147,0.013082808814942837,0.1,formal,formal/partials/NOG-FO-NONOPT__m8__seed626__cfga4856374e63a.json
NOG-FO-NONOPT,NOG-nonopt,720,720,360,8,y_bar,0.1,0.1,0.1,2,1.0,0.13452772796154022,10.297187997028232,10.297187997028232,7.8492204044014215,17.05809492431581,626,100626,200626,1849041874,sfo,5776,5776,722,"[722, 722, 722, 722, 722, 722, 722, 722]",3932160,722,722,-0.837360680103302,0.01150822825729847,0.1,formal,formal/partials/NOG-FO-NONOPT__m8__seed626__cfga4856374e63a.json
NOG-FO-NONOPT,NOG-nonopt,744,744,372,8,y_bar,0.1,0.1,0.1,2,1.0,0.1458567976951599,10.684747982770205,10.684747982770205,8.116966810077429,17.871281607076526,626,100626,200626,1849041874,sfo,5968,5968,746,"[746, 746, 746, 746, 746, 746, 746, 746]",4063232,746,746,-0.8367154598236084,0.012309331446886063,0.1,formal,formal/partials/NOG-FO-NONOPT__m8__seed626__cfga4856374e63a.json
NOG-FO-NONOPT,NOG-nonopt,768,768,384,8,y_bar,0.1,0.1,0.1,2,1.0,0.09309293329715729,11.170196576043963,11.170196576043963,8.338157488033175,18.451480800285935,626,100626,200626,1849041874,sfo,6160,6160,770,"[770, 770, 770, 770, 770, 770, 770, 770]",4194304,770,770,-0.8375042080879211,0.012058097869157791,0.1,formal,formal/partials/NOG-FO-NONOPT__m8__seed626__cfga4856374e63a.json
NOG-FO-NONOPT,NOG-nonopt,792,792,396,8,y_bar,0.1,0.1,0.1,2,1.0,0.10485360771417618,11.560929885134101,11.560929885134101,8.55146182142198,19.475291900336742,626,100626,200626,1849041874,sfo,6352,6352,794,"[794, 794, 794, 794, 794, 794, 794, 794]",4325376,794,794,-0.8374898433685303,0.01141828577965498,0.1,formal,formal/partials/NOG-FO-NONOPT__m8__seed626__cfga4856374e63a.json
NOG-FO-NONOPT,NOG-nonopt,816,816,408,8,y_bar,0.1,0.1,0.1,2,1.0,0.1511109173297882,12.331032902002335,12.331032902002335,9.159401031211019,20.98095517978072,626,100626,200626,1849041874,sfo,6544,6544,818,"[818, 818, 818, 818, 818, 818, 818, 818]",4456448,818,818,-0.8375430703163147,0.010649985633790493,0.1,formal,formal/partials/NOG-FO-NONOPT__m8__seed626__cfga4856374e63a.json
NOG-FO-NONOPT,NOG-nonopt,840,840,420,8,y_bar,0.1,0.1,0.1,2,1.0,0.14390847086906433,12.81672059558332,12.81672059558332,9.516568733379245,21.60980461537838,626,100626,200626,1849041874,sfo,6736,6736,842,"[842, 842, 842, 842, 842, 842, 842, 842]",4587520,842,842,-0.8372440338134766,0.012352063320577145,0.1,formal,formal/partials/NOG-FO-NONOPT__m8__seed626__cfga4856374e63a.json
NOG-FO-NONOPT,NOG-nonopt,864,864,432,8,y_bar,0.1,0.1,0.1,2,1.0,0.13547730445861816,13.315448502078652,13.315448502078652,9.88832799717784,22.51267211511731,626,100626,200626,1849041874,sfo,6928,6928,866,"[866, 866, 866, 866, 866, 866, 866, 866]",4718592,866,866,-0.8375697135925293,0.010772000066936016,0.1,formal,formal/partials/NOG-FO-NONOPT__m8__seed626__cfga4856374e63a.json
NOG-FO-NONOPT,NOG-nonopt,888,888,444,8,y_bar,0.1,0.1,0.1,2,1.0,0.12275156378746033,13.74010012485087,13.74010012485087,10.180349493399262,23.220501044765115,626,100626,200626,1849041874,sfo,7120,7120,890,"[890, 890, 890, 890, 890, 890, 890, 890]",4849664,890,890,-0.8377869725227356,0.01040449645370245,0.1,formal,formal/partials/NOG-FO-NONOPT__m8__seed626__cfga4856374e63a.json
NOG-FO-NONOPT,NOG-nonopt,912,912,456,8,y_bar,0.1,0.1,0.1,2,1.0,0.1342882215976715,14.304992685094476,14.304992685094476,10.685382258147001,24.596504788845778,626,100626,200626,1849041874,sfo,7312,7312,914,"[914, 914, 914, 914, 914, 914, 914, 914]",4980736,914,914,-0.8367143869400024,0.01130493264645338,0.1,formal,formal/partials/NOG-FO-NONOPT__m8__seed626__cfga4856374e63a.json
NOG-FO-NONOPT,NOG-nonopt,936,936,468,8,y_bar,0.1,0.1,0.1,2,1.0,0.10971897095441818,14.726558366790414,14.726558366790414,11.047083118930459,25.128184711560607,626,100626,200626,1849041874,sfo,7504,7504,938,"[938, 938, 938, 938, 938, 938, 938, 938]",5111808,938,938,-0.8362445831298828,0.013739986345171928,0.1,formal,formal/partials/NOG-FO-NONOPT__m8__seed626__cfga4856374e63a.json
NOG-FO-NONOPT,NOG-nonopt,960,960,480,8,y_bar,0.1,0.1,0.1,2,1.0,0.13798826932907104,15.072853056713939,15.072853056713939,11.278362156823277,25.653552306815982,626,100626,200626,1849041874,sfo,7696,7696,962,"[962, 962, 962, 962, 962, 962, 962, 962]",5242880,962,962,-0.8351757526397705,0.0179295651614666,0.1,formal,formal/partials/NOG-FO-NONOPT__m8__seed626__cfga4856374e63a.json
NOG-FO-NONOPT,NOG-nonopt,24,24,12,8,y_bar,0.1,0.1,0.1,2,1.0,0.34644412994384766,0.16475770995020866,0.16475770995020866,0.10077391937375069,0.511523324996233,627,100627,200627,722099645,sfo,208,208,26,"[26, 26, 26, 26, 26, 26, 26, 26]",131072,26,26,-0.17405861616134644,0.24218831956386566,0.1,formal,formal/partials/NOG-FO-NONOPT__m8__seed627__cfg8f3c6f543511.json
NOG-FO-NONOPT,NOG-nonopt,48,48,24,8,y_bar,0.1,0.1,0.1,2,1.0,0.3136272132396698,0.44153050146996975,0.44153050146996975,0.2655947394669056,1.102928912267089,627,100627,200627,722099645,sfo,400,400,50,"[50, 50, 50, 50, 50, 50, 50, 50]",262144,50,50,-0.34947529435157776,0.22376927733421326,0.1,formal,formal/partials/NOG-FO-NONOPT__m8__seed627__cfg8f3c6f543511.json
NOG-FO-NONOPT,NOG-nonopt,72,72,36,8,y_bar,0.1,0.1,0.1,2,1.0,0.29825475811958313,0.6533220130950212,0.6533220130950212,0.3898716624826193,1.6208306681364775,627,100627,200627,722099645,sfo,592,592,74,"[74, 74, 74, 74, 74, 74, 74, 74]",393216,74,74,-0.500160813331604,0.1957450658082962,0.1,formal,formal/partials/NOG-FO-NONOPT__m8__seed627__cfg8f3c6f543511.json
NOG-FO-NONOPT,NOG-nonopt,96,96,48,8,y_bar,0.1,0.1,0.1,2,1.0,0.24379269778728485,0.9005599301308393,0.9005599301308393,0.5491276755928993,2.1844068448990583,627,100627,200627,722099645,sfo,784,784,98,"[98, 98, 98, 98, 98, 98, 98, 98]",524288,98,98,-0.6294733881950378,0.15861937403678894,0.1,formal,formal/partials/NOG-FO-NONOPT__m8__seed627__cfg8f3c6f543511.json
NOG-FO-NONOPT,NOG-nonopt,120,120,60,8,y_bar,0.1,0.1,0.1,2,1.0,0.18545620143413544,1.1010079719126225,1.1010079719126225,0.6889506056904793,2.703850546851754,627,100627,200627,722099645,sfo,976,976,122,"[122, 122, 122, 122, 122, 122, 122, 122]",655360,122,122,-0.7230205535888672,0.11829307675361633,0.1,formal,formal/partials/NOG-FO-NONOPT__m8__seed627__cfg8f3c6f543511.json
NOG-FO-NONOPT,NOG-nonopt,144,144,72,8,y_bar,0.1,0.1,0.1,2,1.0,0.180611714720726,1.3790843412280083,1.3790843412280083,0.8824244029819965,3.2077132649719715,627,100627,200627,722099645,sfo,1168,1168,146,"[146, 146, 146, 146, 146, 146, 146, 146]",786432,146,146,-0.7825166583061218,0.08008809387683868,0.1,formal,formal/partials/NOG-FO-NONOPT__m8__seed627__cfg8f3c6f543511.json
NOG-FO-NONOPT,NOG-nonopt,168,168,84,8,y_bar,0.1,0.1,0.1,2,1.0,0.09961191564798355,1.6650166679173708,1.6650166679173708,1.1041930820792913,3.711903218179941,627,100627,200627,722099645,sfo,1360,1360,170,"[170, 170, 170, 170, 170, 170, 170, 170]",917504,170,170,-0.8103364706039429,0.05286015570163727,0.1,formal,formal/partials/NOG-FO-NONOPT__m8__seed627__cfg8f3c6f543511.json
NOG-FO-NONOPT,NOG-nonopt,192,192,96,8,y_bar,0.1,0.1,0.1,2,1.0,0.13189437985420227,1.947185119614005,1.947185119614005,1.322914894670248,4.168554842472076,627,100627,200627,722099645,sfo,1552,1552,194,"[194, 194, 194, 194, 194, 194, 194, 194]",1048576,194,194,-0.8247038125991821,0.02964734472334385,0.1,formal,formal/partials/NOG-FO-NONOPT__m8__seed627__cfg8f3c6f543511.json
NOG-FO-NONOPT,NOG-nonopt,216,216,108,8,y_bar,0.1,0.1,0.1,2,1.0,0.13663680851459503,2.2612612694501877,2.2612612694501877,1.5643308945000172,4.619159476831555,627,100627,200627,722099645,sfo,1744,1744,218,"[218, 218, 218, 218, 218, 218, 218, 218]",1179648,218,218,-0.8279547095298767,0.0222329068928957,0.1,formal,formal/partials/NOG-FO-NONOPT__m8__seed627__cfg8f3c6f543511.json
NOG-FO-NONOPT,NOG-nonopt,240,240,120,8,y_bar,0.1,0.1,0.1,2,1.0,0.1064896285533905,2.587420340627432,2.587420340627432,1.828297110274434,5.070930294692516,627,100627,200627,722099645,sfo,1936,1936,242,"[242, 242, 242, 242, 242, 242, 242, 242]",1310720,242,242,-0.8312541246414185,0.011474169790744781,0.1,formal,formal/partials/NOG-FO-NONOPT__m8__seed627__cfg8f3c6f543511.json
NOG-FO-NONOPT,NOG-nonopt,264,264,132,8,y_bar,0.1,0.1,0.1,2,1.0,0.09917980432510376,2.9342958088964224,2.9342958088964224,2.114753983914852,5.50073454901576,627,100627,200627,722099645,sfo,2128,2128,266,"[266, 266, 266, 266, 266, 266, 266, 266]",1441792,266,266,-0.830956757068634,0.012489717453718185,0.1,formal,formal/partials/NOG-FO-NONOPT__m8__seed627__cfg8f3c6f543511.json
NOG-FO-NONOPT,NOG-nonopt,288,288,144,8,y_bar,0.1,0.1,0.1,2,1.0,0.15313613414764404,3.289305493235588,3.289305493235588,2.349924484267831,5.885572452098131,627,100627,200627,722099645,sfo,2320,2320,290,"[290, 290, 290, 290, 290, 290, 290, 290]",1572864,290,290,-0.8310617208480835,0.011717322282493114,0.1,formal,formal/partials/NOG-FO-NONOPT__m8__seed627__cfg8f3c6f543511.json
NOG-FO-NONOPT,NOG-nonopt,312,312,156,8,y_bar,0.1,0.1,0.1,2,1.0,0.14369793236255646,3.8022589683532715,3.8022589683532715,2.792633034288883,6.258678512647748,627,100627,200627,722099645,sfo,2512,2512,314,"[314, 314, 314, 314, 314, 314, 314, 314]",1703936,314,314,-0.8304694890975952,0.012569106183946133,0.1,formal,formal/partials/NOG-FO-NONOPT__m8__seed627__cfg8f3c6f543511.json
NOG-FO-NONOPT,NOG-nonopt,336,336,168,8,y_bar,0.1,0.1,0.1,2,1.0,0.14644843339920044,4.23397265188396,4.23397265188396,3.1096286550164223,6.7182547971606255,627,100627,200627,722099645,sfo,2704,2704,338,"[338, 338, 338, 338, 338, 338, 338, 338]",1835008,338,338,-0.8307194709777832,0.012357071973383427,0.1,formal,formal/partials/NOG-FO-NONOPT__m8__seed627__cfg8f3c6f543511.json
NOG-FO-NONOPT,NOG-nonopt,360,360,180,8,y_bar,0.1,0.1,0.1,2,1.0,0.11870551854372025,4.754130830988288,4.754130830988288,3.5541907995939255,7.13179774582386,627,100627,200627,722099645,sfo,2896,2896,362,"[362, 362, 362, 362, 362, 362, 362, 362]",1966080,362,362,-0.8307203650474548,0.012006940320134163,0.1,formal,formal/partials/NOG-FO-NONOPT__m8__seed627__cfg8f3c6f543511.json
NOG-FO-NONOPT,NOG-nonopt,384,384,192,8,y_bar,0.1,0.1,0.1,2,1.0,0.09568771719932556,5.138890681788325,5.138890681788325,3.8654915262013674,7.620270082727075,627,100627,200627,722099645,sfo,3088,3088,386,"[386, 386, 386, 386, 386, 386, 386, 386]",2097152,386,386,-0.8309659957885742,0.011949857696890831,0.1,formal,formal/partials/NOG-FO-NONOPT__m8__seed627__cfg8f3c6f543511.json
NOG-FO-NONOPT,NOG-nonopt,408,408,204,8,y_bar,0.1,0.1,0.1,2,1.0,0.14334137737751007,5.349931141361594,5.349931141361594,4.033365232869983,8.266933005303144,627,100627,200627,722099645,sfo,3280,3280,410,"[410, 410, 410, 410, 410, 410, 410, 410]",2228224,410,410,-0.8309217095375061,0.011952049098908901,0.1,formal,formal/partials/NOG-FO-NONOPT__m8__seed627__cfg8f3c6f543511.json
NOG-FO-NONOPT,NOG-nonopt,432,432,216,8,y_bar,0.1,0.1,0.1,2,1.0,0.11977122724056244,5.572678035125136,5.572678035125136,4.209389701485634,8.874230677261949,627,100627,200627,722099645,sfo,3472,3472,434,"[434, 434, 434, 434, 434, 434, 434, 434]",2359296,434,434,-0.8298226594924927,0.015140831470489502,0.1,formal,formal/partials/NOG-FO-NONOPT__m8__seed627__cfg8f3c6f543511.json
NOG-FO-NONOPT,NOG-nonopt,456,456,228,8,y_bar,0.1,0.1,0.1,2,1.0,0.11928343772888184,5.79862941801548,5.79862941801548,4.350848503410816,9.507489645853639,627,100627,200627,722099645,sfo,3664,3664,458,"[458, 458, 458, 458, 458, 458, 458, 458]",2490368,458,458,-0.8301321268081665,0.0139335161074996,0.1,formal,formal/partials/NOG-FO-NONOPT__m8__seed627__cfg8f3c6f543511.json
NOG-FO-NONOPT,NOG-nonopt,480,480,240,8,y_bar,0.1,0.1,0.1,2,1.0,0.1099967211484909,6.051738804206252,6.051738804206252,4.5429203398525715,10.12609669752419,627,100627,200627,722099645,sfo,3856,3856,482,"[482, 482, 482, 482, 482, 482, 482, 482]",2621440,482,482,-0.8298386931419373,0.015151560306549072,0.1,formal,formal/partials/NOG-FO-NONOPT__m8__seed627__cfg8f3c6f543511.json
NOG-FO-NONOPT,NOG-nonopt,504,504,252,8,y_bar,0.1,0.1,0.1,2,1.0,0.12142350524663925,6.311925647780299,6.311925647780299,4.740568056702614,10.673467872664332,627,100627,200627,722099645,sfo,4048,4048,506,"[506, 506, 506, 506, 506, 506, 506, 506]",2752512,506,506,-0.8305650949478149,0.012139922939240932,0.1,formal,formal/partials/NOG-FO-NONOPT__m8__seed627__cfg8f3c6f543511.json
NOG-FO-NONOPT,NOG-nonopt,528,528,264,8,y_bar,0.1,0.1,0.1,2,1.0,0.12171386927366257,6.640025516971946,6.640025516971946,4.945430325344205,11.241178033873439,627,100627,200627,722099645,sfo,4240,4240,530,"[530, 530, 530, 530, 530, 530, 530, 530]",2883584,530,530,-0.8308719992637634,0.012247871607542038,0.1,formal,formal/partials/NOG-FO-NONOPT__m8__seed627__cfg8f3c6f543511.json
NOG-FO-NONOPT,NOG-nonopt,552,552,276,8,y_bar,0.1,0.1,0.1,2,1.0,0.12188480794429779,6.976473867893219,6.976473867893219,5.095062771812081,11.750331945717335,627,100627,200627,722099645,sfo,4432,4432,554,"[554, 554, 554, 554, 554, 554, 554, 554]",3014656,554,554,-0.8300656080245972,0.01416844967752695,0.1,formal,formal/partials/NOG-FO-NONOPT__m8__seed627__cfg8f3c6f543511.json
NOG-FO-NONOPT,NOG-nonopt,576,576,288,8,y_bar,0.1,0.1,0.1,2,1.0,0.16200895607471466,7.346883209422231,7.346883209422231,5.346965096890926,12.241395216435194,627,100627,200627,722099645,sfo,4624,4624,578,"[578, 578, 578, 578, 578, 578, 578, 578]",3145728,578,578,-0.8297961354255676,0.013345778919756413,0.1,formal,formal/partials/NOG-FO-NONOPT__m8__seed627__cfg8f3c6f543511.json
NOG-FO-NONOPT,NOG-nonopt,600,600,300,8,y_bar,0.1,0.1,0.1,2,1.0,0.1108895093202591,7.7601418402045965,7.7601418402045965,5.626775415614247,12.734676603227854,627,100627,200627,722099645,sfo,4816,4816,602,"[602, 602, 602, 602, 602, 602, 602, 602]",3276800,602,602,-0.830150306224823,0.012963544577360153,0.1,formal,formal/partials/NOG-FO-NONOPT__m8__seed627__cfg8f3c6f543511.json
NOG-FO-NONOPT,NOG-nonopt,624,624,312,8,y_bar,0.1,0.1,0.1,2,1.0,0.1435503214597702,8.167483290657401,8.167483290657401,5.9674042742699385,13.23585213162005,627,100627,200627,722099645,sfo,5008,5008,626,"[626, 626, 626, 626, 626, 626, 626, 626]",3407872,626,626,-0.8303520679473877,0.012492049485445023,0.1,formal,formal/partials/NOG-FO-NONOPT__m8__seed627__cfg8f3c6f543511.json
NOG-FO-NONOPT,NOG-nonopt,648,648,324,8,y_bar,0.1,0.1,0.1,2,1.0,0.12577158212661743,8.652007354423404,8.652007354423404,6.310325916856527,13.67817723378539,627,100627,200627,722099645,sfo,5200,5200,650,"[650, 650, 650, 650, 650, 650, 650, 650]",3538944,650,650,-0.830416202545166,0.01219196617603302,0.1,formal,formal/partials/NOG-FO-NONOPT__m8__seed627__cfg8f3c6f543511.json
NOG-FO-NONOPT,NOG-nonopt,672,672,336,8,y_bar,0.1,0.1,0.1,2,1.0,0.10977580398321152,9.096892967820168,9.096892967820168,6.620508437976241,14.12299245223403,627,100627,200627,722099645,sfo,5392,5392,674,"[674, 674, 674, 674, 674, 674, 674, 674]",3670016,674,674,-0.8304365873336792,0.012408150359988213,0.1,formal,formal/partials/NOG-FO-NONOPT__m8__seed627__cfg8f3c6f543511.json
NOG-FO-NONOPT,NOG-nonopt,696,696,348,8,y_bar,0.1,0.1,0.1,2,1.0,0.12459900230169296,9.514977268874645,9.514977268874645,6.975050000473857,14.54450686275959,627,100627,200627,722099645,sfo,5584,5584,698,"[698, 698, 698, 698, 698, 698, 698, 698]",3801088,698,698,-0.8306658864021301,0.011720933020114899,0.1,formal,formal/partials/NOG-FO-NONOPT__m8__seed627__cfg8f3c6f543511.json
NOG-FO-NONOPT,NOG-nonopt,720,720,360,8,y_bar,0.1,0.1,0.1,2,1.0,0.1416146159172058,9.988837936893106,9.988837936893106,7.24712441675365,15.3473747279495,627,100627,200627,722099645,sfo,5776,5776,722,"[722, 722, 722, 722, 722, 722, 722, 722]",3932160,722,722,-0.8296577334403992,0.014714466407895088,0.1,formal,formal/partials/NOG-FO-NONOPT__m8__seed627__cfg8f3c6f543511.json
NOG-FO-NONOPT,NOG-nonopt,744,744,372,8,y_bar,0.1,0.1,0.1,2,1.0,0.1144595518708229,10.48261121287942,10.48261121287942,7.614487102255225,15.91386978328228,627,100627,200627,722099645,sfo,5968,5968,746,"[746, 746, 746, 746, 746, 746, 746, 746]",4063232,746,746,-0.8299016952514648,0.014644875191152096,0.1,formal,formal/partials/NOG-FO-NONOPT__m8__seed627__cfg8f3c6f543511.json
NOG-FO-NONOPT,NOG-nonopt,768,768,384,8,y_bar,0.1,0.1,0.1,2,1.0,0.10800503194332123,10.884197762235999,10.884197762235999,7.885807117447257,16.702991917729378,627,100627,200627,722099645,sfo,6160,6160,770,"[770, 770, 770, 770, 770, 770, 770, 770]",4194304,770,770,-0.8298019766807556,0.015811948105692863,0.1,formal,formal/partials/NOG-FO-NONOPT__m8__seed627__cfg8f3c6f543511.json
NOG-FO-NONOPT,NOG-nonopt,792,792,396,8,y_bar,0.1,0.1,0.1,2,1.0,0.12541545927524567,11.298788338899612,11.298788338899612,8.226916680112481,18.637549057602882,627,100627,200627,722099645,sfo,6352,6352,794,"[794, 794, 794, 794, 794, 794, 794, 794]",4325376,794,794,-0.8303462266921997,0.01405387558043003,0.1,formal,formal/partials/NOG-FO-NONOPT__m8__seed627__cfg8f3c6f543511.json
NOG-FO-NONOPT,NOG-nonopt,816,816,408,8,y_bar,0.1,0.1,0.1,2,1.0,0.09672271460294724,11.74330392666161,11.74330392666161,8.511020017787814,19.356718633323908,627,100627,200627,722099645,sfo,6544,6544,818,"[818, 818, 818, 818, 818, 818, 818, 818]",4456448,818,818,-0.8306616544723511,0.011819513514637947,0.1,formal,formal/partials/NOG-FO-NONOPT__m8__seed627__cfg8f3c6f543511.json
NOG-FO-NONOPT,NOG-nonopt,840,840,420,8,y_bar,0.1,0.1,0.1,2,1.0,0.13895197212696075,12.210308466106653,12.210308466106653,8.903714308515191,20.263536592945457,627,100627,200627,722099645,sfo,6736,6736,842,"[842, 842, 842, 842, 842, 842, 842, 842]",4587520,842,842,-0.8305385708808899,0.011413189582526684,0.1,formal,formal/partials/NOG-FO-NONOPT__m8__seed627__cfg8f3c6f543511.json
NOG-FO-NONOPT,NOG-nonopt,864,864,432,8,y_bar,0.1,0.1,0.1,2,1.0,0.12617827951908112,12.608022909611464,12.608022909611464,9.168546771630645,21.075098803266883,627,100627,200627,722099645,sfo,6928,6928,866,"[866, 866, 866, 866, 866, 866, 866, 866]",4718592,866,866,-0.830348551273346,0.011813376098871231,0.1,formal,formal/partials/NOG-FO-NONOPT__m8__seed627__cfg8f3c6f543511.json
NOG-FO-NONOPT,NOG-nonopt,888,888,444,8,y_bar,0.1,0.1,0.1,2,1.0,0.15500040352344513,13.002612935379148,13.002612935379148,9.430401528254151,22.63650463335216,627,100627,200627,722099645,sfo,7120,7120,890,"[890, 890, 890, 890, 890, 890, 890, 890]",4849664,890,890,-0.830403208732605,0.011950311250984669,0.1,formal,formal/partials/NOG-FO-NONOPT__m8__seed627__cfg8f3c6f543511.json
NOG-FO-NONOPT,NOG-nonopt,912,912,456,8,y_bar,0.1,0.1,0.1,2,1.0,0.14846168458461761,13.407877752557397,13.407877752557397,9.769100226461887,23.194817189127207,627,100627,200627,722099645,sfo,7312,7312,914,"[914, 914, 914, 914, 914, 914, 914, 914]",4980736,914,914,-0.8297954797744751,0.013141288422048092,0.1,formal,formal/partials/NOG-FO-NONOPT__m8__seed627__cfg8f3c6f543511.json
NOG-FO-NONOPT,NOG-nonopt,936,936,468,8,y_bar,0.1,0.1,0.1,2,1.0,0.13449028134346008,13.838801555335522,13.838801555335522,10.141185751184821,23.68049195408821,627,100627,200627,722099645,sfo,7504,7504,938,"[938, 938, 938, 938, 938, 938, 938, 938]",5111808,938,938,-0.830068826675415,0.012842007912695408,0.1,formal,formal/partials/NOG-FO-NONOPT__m8__seed627__cfg8f3c6f543511.json
NOG-FO-NONOPT,NOG-nonopt,960,960,480,8,y_bar,0.1,0.1,0.1,2,1.0,0.14337238669395447,14.15920328721404,14.15920328721404,10.399799421429634,24.576249791309237,627,100627,200627,722099645,sfo,7696,7696,962,"[962, 962, 962, 962, 962, 962, 962, 962]",5242880,962,962,-0.8302395343780518,0.01293324027210474,0.1,formal,formal/partials/NOG-FO-NONOPT__m8__seed627__cfg8f3c6f543511.json
NOG-FO-NONOPT,NOG-nonopt,24,24,12,8,y_bar,0.1,0.1,0.1,2,1.0,0.3520117402076721,0.5896489974111319,0.5896489974111319,0.4564418327063322,0.7050153110176325,628,100628,200628,79090054,sfo,208,208,26,"[26, 26, 26, 26, 26, 26, 26, 26]",131072,26,26,-0.1685519963502884,0.24156950414180756,0.1,formal,formal/partials/NOG-FO-NONOPT__m8__seed628__cfg57dbb17a9c4a.json
NOG-FO-NONOPT,NOG-nonopt,48,48,24,8,y_bar,0.1,0.1,0.1,2,1.0,0.3091180622577667,0.7473690751940012,0.7473690751940012,0.5546039193868637,1.080103326588869,628,100628,200628,79090054,sfo,400,400,50,"[50, 50, 50, 50, 50, 50, 50, 50]",262144,50,50,-0.34108540415763855,0.2240648865699768,0.1,formal,formal/partials/NOG-FO-NONOPT__m8__seed628__cfg57dbb17a9c4a.json
NOG-FO-NONOPT,NOG-nonopt,72,72,36,8,y_bar,0.1,0.1,0.1,2,1.0,0.28379350900650024,0.8687649797648191,0.8687649797648191,0.6171155702322721,1.9499334562569857,628,100628,200628,79090054,sfo,592,592,74,"[74, 74, 74, 74, 74, 74, 74, 74]",393216,74,74,-0.4940425753593445,0.19632890820503235,0.1,formal,formal/partials/NOG-FO-NONOPT__m8__seed628__cfg57dbb17a9c4a.json
NOG-FO-NONOPT,NOG-nonopt,96,96,48,8,y_bar,0.1,0.1,0.1,2,1.0,0.25021761655807495,1.5324167925864458,1.5324167925864458,1.1889635156840086,2.7863515224307775,628,100628,200628,79090054,sfo,784,784,98,"[98, 98, 98, 98, 98, 98, 98, 98]",524288,98,98,-0.6197043061256409,0.1613236963748932,0.1,formal,formal/partials/NOG-FO-NONOPT__m8__seed628__cfg57dbb17a9c4a.json
NOG-FO-NONOPT,NOG-nonopt,120,120,60,8,y_bar,0.1,0.1,0.1,2,1.0,0.17481198906898499,1.6985259912908077,1.6985259912908077,1.2955573480576277,3.4247983023524284,628,100628,200628,79090054,sfo,976,976,122,"[122, 122, 122, 122, 122, 122, 122, 122]",655360,122,122,-0.7164533734321594,0.12137743085622787,0.1,formal,formal/partials/NOG-FO-NONOPT__m8__seed628__cfg57dbb17a9c4a.json
NOG-FO-NONOPT,NOG-nonopt,144,144,72,8,y_bar,0.1,0.1,0.1,2,1.0,0.15043726563453674,1.865218410268426,1.865218410268426,1.3746437020599842,4.058625318109989,628,100628,200628,79090054,sfo,1168,1168,146,"[146, 146, 146, 146, 146, 146, 146, 146]",786432,146,146,-0.7799001932144165,0.0817035660147667,0.1,formal,formal/partials/NOG-FO-NONOPT__m8__seed628__cfg57dbb17a9c4a.json
NOG-FO-NONOPT,NOG-nonopt,168,168,84,8,y_bar,0.1,0.1,0.1,2,1.0,0.10517623275518417,2.0936433859169483,2.0936433859169483,1.5344899166375399,4.622201193124056,628,100628,200628,79090054,sfo,1360,1360,170,"[170, 170, 170, 170, 170, 170, 170, 170]",917504,170,170,-0.811591386795044,0.051118072122335434,0.1,formal,formal/partials/NOG-FO-NONOPT__m8__seed628__cfg57dbb17a9c4a.json
NOG-FO-NONOPT,NOG-nonopt,192,192,96,8,y_bar,0.1,0.1,0.1,2,1.0,0.1312311738729477,2.324403740465641,2.324403740465641,1.697884775698185,5.2430509608238935,628,100628,200628,79090054,sfo,1552,1552,194,"[194, 194, 194, 194, 194, 194, 194, 194]",1048576,194,194,-0.8218564987182617,0.035604022443294525,0.1,formal,formal/partials/NOG-FO-NONOPT__m8__seed628__cfg57dbb17a9c4a.json
NOG-FO-NONOPT,NOG-nonopt,216,216,108,8,y_bar,0.1,0.1,0.1,2,1.0,0.11935708671808243,2.6954691000282764,2.6954691000282764,2.004249883815646,5.678812734782696,628,100628,200628,79090054,sfo,1744,1744,218,"[218, 218, 218, 218, 218, 218, 218, 218]",1179648,218,218,-0.8269014358520508,0.024997346103191376,0.1,formal,formal/partials/NOG-FO-NONOPT__m8__seed628__cfg57dbb17a9c4a.json
NOG-FO-NONOPT,NOG-nonopt,240,240,120,8,y_bar,0.1,0.1,0.1,2,1.0,0.1365349143743515,3.056244319304824,3.056244319304824,2.2969910800457,6.078777525573969,628,100628,200628,79090054,sfo,1936,1936,242,"[242, 242, 242, 242, 242, 242, 242, 242]",1310720,242,242,-0.8303155899047852,0.014028259553015232,0.1,formal,formal/partials/NOG-FO-NONOPT__m8__seed628__cfg57dbb17a9c4a.json
NOG-FO-NONOPT,NOG-nonopt,264,264,132,8,y_bar,0.1,0.1,0.1,2,1.0,0.15380170941352844,3.4395211301743984,3.4395211301743984,2.613152714446187,6.500686762854457,628,100628,200628,79090054,sfo,2128,2128,266,"[266, 266, 266, 266, 266, 266, 266, 266]",1441792,266,266,-0.8305432200431824,0.012854400090873241,0.1,formal,formal/partials/NOG-FO-NONOPT__m8__seed628__cfg57dbb17a9c4a.json
NOG-FO-NONOPT,NOG-nonopt,288,288,144,8,y_bar,0.1,0.1,0.1,2,1.0,0.1615980863571167,3.8380640018731356,3.8380640018731356,2.887369070202112,6.990719955414534,628,100628,200628,79090054,sfo,2320,2320,290,"[290, 290, 290, 290, 290, 290, 290, 290]",1572864,290,290,-0.8300178647041321,0.01285569742321968,0.1,formal,formal/partials/NOG-FO-NONOPT__m8__seed628__cfg57dbb17a9c4a.json
NOG-FO-NONOPT,NOG-nonopt,312,312,156,8,y_bar,0.1,0.1,0.1,2,1.0,0.14041659235954285,4.1494661550968885,4.1494661550968885,3.134977640584111,7.47515369579196,628,100628,200628,79090054,sfo,2512,2512,314,"[314, 314, 314, 314, 314, 314, 314, 314]",1703936,314,314,-0.8301362991333008,0.012691871263086796,0.1,formal,formal/partials/NOG-FO-NONOPT__m8__seed628__cfg57dbb17a9c4a.json
NOG-FO-NONOPT,NOG-nonopt,336,336,168,8,y_bar,0.1,0.1,0.1,2,1.0,0.191802516579628,4.456089336425066,4.456089336425066,3.3775312956422567,7.868045408278704,628,100628,200628,79090054,sfo,2704,2704,338,"[338, 338, 338, 338, 338, 338, 338, 338]",1835008,338,338,-0.8298583030700684,0.013755862601101398,0.1,formal,formal/partials/NOG-FO-NONOPT__m8__seed628__cfg57dbb17a9c4a.json
NOG-FO-NONOPT,NOG-nonopt,360,360,180,8,y_bar,0.1,0.1,0.1,2,1.0,0.11662475764751434,4.850289437919855,4.850289437919855,3.6525210440158844,8.308264618739486,628,100628,200628,79090054,sfo,2896,2896,362,"[362, 362, 362, 362, 362, 362, 362, 362]",1966080,362,362,-0.8296622037887573,0.014160510152578354,0.1,formal,formal/partials/NOG-FO-NONOPT__m8__seed628__cfg57dbb17a9c4a.json
NOG-FO-NONOPT,NOG-nonopt,384,384,192,8,y_bar,0.1,0.1,0.1,2,1.0,0.10315243154764175,5.284321300685406,5.284321300685406,3.954898700118065,8.72471335530281,628,100628,200628,79090054,sfo,3088,3088,386,"[386, 386, 386, 386, 386, 386, 386, 386]",2097152,386,386,-0.8299683332443237,0.011841287836432457,0.1,formal,formal/partials/NOG-FO-NONOPT__m8__seed628__cfg57dbb17a9c4a.json
NOG-FO-NONOPT,NOG-nonopt,408,408,204,8,y_bar,0.1,0.1,0.1,2,1.0,0.08689069002866745,5.745852300897241,5.745852300897241,4.327748600393534,9.174052672460675,628,100628,200628,79090054,sfo,3280,3280,410,"[410, 410, 410, 410, 410, 410, 410, 410]",2228224,410,410,-0.8303965330123901,0.012061681598424911,0.1,formal,formal/partials/NOG-FO-NONOPT__m8__seed628__cfg57dbb17a9c4a.json
NOG-FO-NONOPT,NOG-nonopt,432,432,216,8,y_bar,0.1,0.1,0.1,2,1.0,0.1286793351173401,6.193038078024983,6.193038078024983,4.667333744466305,9.656880032271147,628,100628,200628,79090054,sfo,3472,3472,434,"[434, 434, 434, 434, 434, 434, 434, 434]",2359296,434,434,-0.8303197622299194,0.013167827390134335,0.1,formal,formal/partials/NOG-FO-NONOPT__m8__seed628__cfg57dbb17a9c4a.json
NOG-FO-NONOPT,NOG-nonopt,456,456,228,8,y_bar,0.1,0.1,0.1,2,1.0,0.12709510326385498,6.6965301018208265,6.6965301018208265,5.098465528339148,10.048045044764876,628,100628,200628,79090054,sfo,3664,3664,458,"[458, 458, 458, 458, 458, 458, 458, 458]",2490368,458,458,-0.8301390409469604,0.014041912741959095,0.1,formal,formal/partials/NOG-FO-NONOPT__m8__seed628__cfg57dbb17a9c4a.json
NOG-FO-NONOPT,NOG-nonopt,480,480,240,8,y_bar,0.1,0.1,0.1,2,1.0,0.14174671471118927,7.274612275883555,7.274612275883555,5.5876313876360655,10.389612535014749,628,100628,200628,79090054,sfo,3856,3856,482,"[482, 482, 482, 482, 482, 482, 482, 482]",2621440,482,482,-0.830160915851593,0.012389148585498333,0.1,formal,formal/partials/NOG-FO-NONOPT__m8__seed628__cfg57dbb17a9c4a.json
NOG-FO-NONOPT,NOG-nonopt,504,504,252,8,y_bar,0.1,0.1,0.1,2,1.0,0.07665649056434631,7.855127098038793,7.855127098038793,6.096413565799594,10.794655736535788,628,100628,200628,79090054,sfo,4048,4048,506,"[506, 506, 506, 506, 506, 506, 506, 506]",2752512,506,506,-0.8303948044776917,0.012125185690820217,0.1,formal,formal/partials/NOG-FO-NONOPT__m8__seed628__cfg57dbb17a9c4a.json
NOG-FO-NONOPT,NOG-nonopt,528,528,264,8,y_bar,0.1,0.1,0.1,2,1.0,0.08915723860263824,8.430629596114159,8.430629596114159,6.460207927972078,11.1977500282228,628,100628,200628,79090054,sfo,4240,4240,530,"[530, 530, 530, 530, 530, 530, 530, 530]",2883584,530,530,-0.8306053876876831,0.011893883347511292,0.1,formal,formal/partials/NOG-FO-NONOPT__m8__seed628__cfg57dbb17a9c4a.json
NOG-FO-NONOPT,NOG-nonopt,552,552,276,8,y_bar,0.1,0.1,0.1,2,1.0,0.1410847157239914,8.938309226185083,8.938309226185083,6.772195369005203,11.677699230611324,628,100628,200628,79090054,sfo,4432,4432,554,"[554, 554, 554, 554, 554, 554, 554, 554]",3014656,554,554,-0.830807089805603,0.011371883563697338,0.1,formal,formal/partials/NOG-FO-NONOPT__m8__seed628__cfg57dbb17a9c4a.json
NOG-FO-NONOPT,NOG-nonopt,576,576,288,8,y_bar,0.1,0.1,0.1,2,1.0,0.09402894973754883,9.341877086088061,9.341877086088061,7.030724020674825,12.188756814226508,628,100628,200628,79090054,sfo,4624,4624,578,"[578, 578, 578, 578, 578, 578, 578, 578]",3145728,578,578,-0.8305834531784058,0.01213067676872015,0.1,formal,formal/partials/NOG-FO-NONOPT__m8__seed628__cfg57dbb17a9c4a.json
NOG-FO-NONOPT,NOG-nonopt,600,600,300,8,y_bar,0.1,0.1,0.1,2,1.0,0.12216344475746155,9.739956701174378,9.739956701174378,7.364505594596267,12.693014917895198,628,100628,200628,79090054,sfo,4816,4816,602,"[602, 602, 602, 602, 602, 602, 602, 602]",3276800,602,602,-0.8299017548561096,0.013762887567281723,0.1,formal,formal/partials/NOG-FO-NONOPT__m8__seed628__cfg57dbb17a9c4a.json
NOG-FO-NONOPT,NOG-nonopt,624,624,312,8,y_bar,0.1,0.1,0.1,2,1.0,0.15612955391407013,10.075596075505018,10.075596075505018,7.634966963902116,13.385143524035811,628,100628,200628,79090054,sfo,5008,5008,626,"[626, 626, 626, 626, 626, 626, 626, 626]",3407872,626,626,-0.829990565776825,0.012353253550827503,0.1,formal,formal/partials/NOG-FO-NONOPT__m8__seed628__cfg57dbb17a9c4a.json
NOG-FO-NONOPT,NOG-nonopt,648,648,324,8,y_bar,0.1,0.1,0.1,2,1.0,0.08957919478416443,10.43510840460658,10.43510840460658,7.8831864185631275,14.416548352688551,628,100628,200628,79090054,sfo,5200,5200,650,"[650, 650, 650, 650, 650, 650, 650, 650]",3538944,650,650,-0.8298994302749634,0.012652171775698662,0.1,formal,formal/partials/NOG-FO-NONOPT__m8__seed628__cfg57dbb17a9c4a.json
NOG-FO-NONOPT,NOG-nonopt,672,672,336,8,y_bar,0.1,0.1,0.1,2,1.0,0.14771226048469543,10.630580231547356,10.630580231547356,8.013647077605128,15.201319850981236,628,100628,200628,79090054,sfo,5392,5392,674,"[674, 674, 674, 674, 674, 674, 674, 674]",3670016,674,674,-0.8306139707565308,0.011387431994080544,0.1,formal,formal/partials/NOG-FO-NONOPT__m8__seed628__cfg57dbb17a9c4a.json
NOG-FO-NONOPT,NOG-nonopt,696,696,348,8,y_bar,0.1,0.1,0.1,2,1.0,0.11364059895277023,11.026073543354869,11.026073543354869,8.336026841774583,16.676800886169076,628,100628,200628,79090054,sfo,5584,5584,698,"[698, 698, 698, 698, 698, 698, 698, 698]",3801088,698,698,-0.8299432396888733,0.012744664214551449,0.1,formal,formal/partials/NOG-FO-NONOPT__m8__seed628__cfg57dbb17a9c4a.json
NOG-FO-NONOPT,NOG-nonopt,720,720,360,8,y_bar,0.1,0.1,0.1,2,1.0,0.10205124318599701,11.65112118422985,11.65112118422985,8.893527196720243,17.58522741496563,628,100628,200628,79090054,sfo,5776,5776,722,"[722, 722, 722, 722, 722, 722, 722, 722]",3932160,722,722,-0.8300105333328247,0.012082735076546669,0.1,formal,formal/partials/NOG-FO-NONOPT__m8__seed628__cfg57dbb17a9c4a.json
NOG-FO-NONOPT,NOG-nonopt,744,744,372,8,y_bar,0.1,0.1,0.1,2,1.0,0.1343957632780075,12.041917867958546,12.041917867958546,9.107170114293694,18.552714264020324,628,100628,200628,79090054,sfo,5968,5968,746,"[746, 746, 746, 746, 746, 746, 746, 746]",4063232,746,746,-0.8302898406982422,0.012505486607551575,0.1,formal,formal/partials/NOG-FO-NONOPT__m8__seed628__cfg57dbb17a9c4a.json
NOG-FO-NONOPT,NOG-nonopt,768,768,384,8,y_bar,0.1,0.1,0.1,2,1.0,0.1461992859840393,12.336276626214385,12.336276626214385,9.341542972251773,19.449931325390935,628,100628,200628,79090054,sfo,6160,6160,770,"[770, 770, 770, 770, 770, 770, 770, 770]",4194304,770,770,-0.8297635912895203,0.013564138673245907,0.1,formal,formal/partials/NOG-FO-NONOPT__m8__seed628__cfg57dbb17a9c4a.json
NOG-FO-NONOPT,NOG-nonopt,792,792,396,8,y_bar,0.1,0.1,0.1,2,1.0,0.10628799349069595,12.646644901484251,12.646644901484251,9.51789028942585,20.879636785015464,628,100628,200628,79090054,sfo,6352,6352,794,"[794, 794, 794, 794, 794, 794, 794, 794]",4325376,794,794,-0.8294002413749695,0.012669037096202374,0.1,formal,formal/partials/NOG-FO-NONOPT__m8__seed628__cfg57dbb17a9c4a.json
NOG-FO-NONOPT,NOG-nonopt,816,816,408,8,y_bar,0.1,0.1,0.1,2,1.0,0.13054051995277405,13.386265486478806,13.386265486478806,10.106134289875627,21.619732804596424,628,100628,200628,79090054,sfo,6544,6544,818,"[818, 818, 818, 818, 818, 818, 818, 818]",4456448,818,818,-0.829367458820343,0.012954928912222385,0.1,formal,formal/partials/NOG-FO-NONOPT__m8__seed628__cfg57dbb17a9c4a.json
NOG-FO-NONOPT,NOG-nonopt,840,840,420,8,y_bar,0.1,0.1,0.1,2,1.0,0.1110866442322731,13.572046959772706,13.572046959772706,10.230271253734827,22.252165470272303,628,100628,200628,79090054,sfo,6736,6736,842,"[842, 842, 842, 842, 842, 842, 842, 842]",4587520,842,842,-0.8287625908851624,0.013957771472632885,0.1,formal,formal/partials/NOG-FO-NONOPT__m8__seed628__cfg57dbb17a9c4a.json
NOG-FO-NONOPT,NOG-nonopt,864,864,432,8,y_bar,0.1,0.1,0.1,2,1.0,0.1357431560754776,13.724216770380735,13.724216770380735,10.323029888793826,22.885646741837263,628,100628,200628,79090054,sfo,6928,6928,866,"[866, 866, 866, 866, 866, 866, 866, 866]",4718592,866,866,-0.829208254814148,0.013629301451146603,0.1,formal,formal/partials/NOG-FO-NONOPT__m8__seed628__cfg57dbb17a9c4a.json
NOG-FO-NONOPT,NOG-nonopt,888,888,444,8,y_bar,0.1,0.1,0.1,2,1.0,0.13314872980117798,13.954670021310449,13.954670021310449,10.486318491399288,23.449604012072086,628,100628,200628,79090054,sfo,7120,7120,890,"[890, 890, 890, 890, 890, 890, 890, 890]",4849664,890,890,-0.8295137286186218,0.013666057027876377,0.1,formal,formal/partials/NOG-FO-NONOPT__m8__seed628__cfg57dbb17a9c4a.json
NOG-FO-NONOPT,NOG-nonopt,912,912,456,8,y_bar,0.1,0.1,0.1,2,1.0,0.10808420926332474,14.111888324841857,14.111888324841857,10.583015833050013,24.04617814719677,628,100628,200628,79090054,sfo,7312,7312,914,"[914, 914, 914, 914, 914, 914, 914, 914]",4980736,914,914,-0.8299261331558228,0.012363459914922714,0.1,formal,formal/partials/NOG-FO-NONOPT__m8__seed628__cfg57dbb17a9c4a.json
NOG-FO-NONOPT,NOG-nonopt,936,936,468,8,y_bar,0.1,0.1,0.1,2,1.0,0.14220955967903137,14.315604507923126,14.315604507923126,10.682638196274638,24.570244761183858,628,100628,200628,79090054,sfo,7504,7504,938,"[938, 938, 938, 938, 938, 938, 938, 938]",5111808,938,938,-0.8299666047096252,0.012701550498604774,0.1,formal,formal/partials/NOG-FO-NONOPT__m8__seed628__cfg57dbb17a9c4a.json
NOG-FO-NONOPT,NOG-nonopt,960,960,480,8,y_bar,0.1,0.1,0.1,2,1.0,0.14064830541610718,14.523104801774025,14.523104801774025,10.82701956294477,25.08891379274428,628,100628,200628,79090054,sfo,7696,7696,962,"[962, 962, 962, 962, 962, 962, 962, 962]",5242880,962,962,-0.8294118046760559,0.014277922920882702,0.1,formal,formal/partials/NOG-FO-NONOPT__m8__seed628__cfg57dbb17a9c4a.json
NOG-FO-NONOPT,NOG-nonopt,24,24,12,8,y_bar,0.1,0.1,0.1,2,1.0,0.3403506875038147,0.29750919714570045,0.29750919714570045,0.22618048079311848,0.5335946511477232,629,100629,200629,678835569,sfo,208,208,26,"[26, 26, 26, 26, 26, 26, 26, 26]",131072,26,26,-0.16808074712753296,0.24309416115283966,0.1,formal,formal/partials/NOG-FO-NONOPT__m8__seed629__cfg1cf20a008ffd.json
NOG-FO-NONOPT,NOG-nonopt,48,48,24,8,y_bar,0.1,0.1,0.1,2,1.0,0.3071037232875824,0.569400692358613,0.569400692358613,0.4291343279182911,1.1522985342890024,629,100629,200629,678835569,sfo,400,400,50,"[50, 50, 50, 50, 50, 50, 50, 50]",262144,50,50,-0.3396662771701813,0.22587040066719055,0.1,formal,formal/partials/NOG-FO-NONOPT__m8__seed629__cfg1cf20a008ffd.json
NOG-FO-NONOPT,NOG-nonopt,72,72,36,8,y_bar,0.1,0.1,0.1,2,1.0,0.300538569688797,0.7452306393533945,0.7452306393533945,0.5497718751430511,1.8035860322415829,629,100629,200629,678835569,sfo,592,592,74,"[74, 74, 74, 74, 74, 74, 74, 74]",393216,74,74,-0.4973485469818115,0.19749660789966583,0.1,formal,formal/partials/NOG-FO-NONOPT__m8__seed629__cfg1cf20a008ffd.json
NOG-FO-NONOPT,NOG-nonopt,96,96,48,8,y_bar,0.1,0.1,0.1,2,1.0,0.24018317461013794,0.9036530554294586,0.9036530554294586,0.6507802288979292,2.465038476511836,629,100629,200629,678835569,sfo,784,784,98,"[98, 98, 98, 98, 98, 98, 98, 98]",524288,98,98,-0.631429135799408,0.15976975858211517,0.1,formal,formal/partials/NOG-FO-NONOPT__m8__seed629__cfg1cf20a008ffd.json
NOG-FO-NONOPT,NOG-nonopt,120,120,60,8,y_bar,0.1,0.1,0.1,2,1.0,0.21400755643844604,1.0630117934197187,1.0630117934197187,0.7431940510869026,3.1135781686753035,629,100629,200629,678835569,sfo,976,976,122,"[122, 122, 122, 122, 122, 122, 122, 122]",655360,122,122,-0.7242521047592163,0.12078259140253067,0.1,formal,formal/partials/NOG-FO-NONOPT__m8__seed629__cfg1cf20a008ffd.json
NOG-FO-NONOPT,NOG-nonopt,144,144,72,8,y_bar,0.1,0.1,0.1,2,1.0,0.14340783655643463,1.20701689645648,1.20701689645648,0.8362367302179337,3.782037014141679,629,100629,200629,678835569,sfo,1168,1168,146,"[146, 146, 146, 146, 146, 146, 146, 146]",786432,146,146,-0.7861826419830322,0.08169670403003693,0.1,formal,formal/partials/NOG-FO-NONOPT__m8__seed629__cfg1cf20a008ffd.json
NOG-FO-NONOPT,NOG-nonopt,168,168,84,8,y_bar,0.1,0.1,0.1,2,1.0,0.13176007568836212,1.393520912155509,1.393520912155509,0.9215945601463318,4.440123541280627,629,100629,200629,678835569,sfo,1360,1360,170,"[170, 170, 170, 170, 170, 170, 170, 170]",917504,170,170,-0.8159069418907166,0.05221224203705788,0.1,formal,formal/partials/NOG-FO-NONOPT__m8__seed629__cfg1cf20a008ffd.json
NOG-FO-NONOPT,NOG-nonopt,192,192,96,8,y_bar,0.1,0.1,0.1,2,1.0,0.1573592573404312,1.617377646267414,1.617377646267414,1.0930057168006897,5.046647302806377,629,100629,200629,678835569,sfo,1552,1552,194,"[194, 194, 194, 194, 194, 194, 194, 194]",1048576,194,194,-0.8294157981872559,0.029173512011766434,0.1,formal,formal/partials/NOG-FO-NONOPT__m8__seed629__cfg1cf20a008ffd.json
NOG-FO-NONOPT,NOG-nonopt,216,216,108,8,y_bar,0.1,0.1,0.1,2,1.0,0.1345478594303131,1.8243642374873161,1.8243642374873161,1.2477347068488598,5.632463337853551,629,100629,200629,678835569,sfo,1744,1744,218,"[218, 218, 218, 218, 218, 218, 218, 218]",1179648,218,218,-0.8338740468025208,0.017428092658519745,0.1,formal,formal/partials/NOG-FO-NONOPT__m8__seed629__cfg1cf20a008ffd.json
NOG-FO-NONOPT,NOG-nonopt,240,240,120,8,y_bar,0.1,0.1,0.1,2,1.0,0.13946445286273956,2.0963545329868793,2.0963545329868793,1.4653723537921906,6.151611080393195,629,100629,200629,678835569,sfo,1936,1936,242,"[242, 242, 242, 242, 242, 242, 242, 242]",1310720,242,242,-0.8337392210960388,0.017692532390356064,0.1,formal,formal/partials/NOG-FO-NONOPT__m8__seed629__cfg1cf20a008ffd.json
NOG-FO-NONOPT,NOG-nonopt,264,264,132,8,y_bar,0.1,0.1,0.1,2,1.0,0.1265108436346054,2.393029658123851,2.393029658123851,1.6993863843381405,6.766325769945979,629,100629,200629,678835569,sfo,2128,2128,266,"[266, 266, 266, 266, 266, 266, 266, 266]",1441792,266,266,-0.8346573114395142,0.015231831930577755,0.1,formal,formal/partials/NOG-FO-NONOPT__m8__seed629__cfg1cf20a008ffd.json
NOG-FO-NONOPT,NOG-nonopt,288,288,144,8,y_bar,0.1,0.1,0.1,2,1.0,0.14364998042583466,2.770138196647167,2.770138196647167,1.891733692958951,7.273206679150462,629,100629,200629,678835569,sfo,2320,2320,290,"[290, 290, 290, 290, 290, 290, 290, 290]",1572864,290,290,-0.8348273634910583,0.01584869809448719,0.1,formal,formal/partials/NOG-FO-NONOPT__m8__seed629__cfg1cf20a008ffd.json
NOG-FO-NONOPT,NOG-nonopt,312,312,156,8,y_bar,0.1,0.1,0.1,2,1.0,0.1057034283876419,3.2636104486882687,3.2636104486882687,2.2918902710080147,7.695865269750357,629,100629,200629,678835569,sfo,2512,2512,314,"[314, 314, 314, 314, 314, 314, 314, 314]",1703936,314,314,-0.8349580764770508,0.015844784677028656,0.1,formal,formal/partials/NOG-FO-NONOPT__m8__seed629__cfg1cf20a008ffd.json
NOG-FO-NONOPT,NOG-nonopt,336,336,168,8,y_bar,0.1,0.1,0.1,2,1.0,0.1150248721241951,3.7133369985967875,3.7133369985967875,2.6240460574626923,8.14634501002729,629,100629,200629,678835569,sfo,2704,2704,338,"[338, 338, 338, 338, 338, 338, 338, 338]",1835008,338,338,-0.8349035978317261,0.01420044619590044,0.1,formal,formal/partials/NOG-FO-NONOPT__m8__seed629__cfg1cf20a008ffd.json
NOG-FO-NONOPT,NOG-nonopt,360,360,180,8,y_bar,0.1,0.1,0.1,2,1.0,0.13598397374153137,4.235273767262697,4.235273767262697,3.0837466679513454,8.54933436959982,629,100629,200629,678835569,sfo,2896,2896,362,"[362, 362, 362, 362, 362, 362, 362, 362]",1966080,362,362,-0.8348272442817688,0.013909782283008099,0.1,formal,formal/partials/NOG-FO-NONOPT__m8__seed629__cfg1cf20a008ffd.json
NOG-FO-NONOPT,NOG-nonopt,384,384,192,8,y_bar,0.1,0.1,0.1,2,1.0,0.1458372324705124,4.743059515953064,4.743059515953064,3.524588670581579,8.958135372027755,629,100629,200629,678835569,sfo,3088,3088,386,"[386, 386, 386, 386, 386, 386, 386, 386]",2097152,386,386,-0.8354722857475281,0.01320312824100256,0.1,formal,formal/partials/NOG-FO-NONOPT__m8__seed629__cfg1cf20a008ffd.json
NOG-FO-NONOPT,NOG-nonopt,408,408,204,8,y_bar,0.1,0.1,0.1,2,1.0,0.13684199750423431,5.308518677949905,5.308518677949905,4.023045605048537,9.331209080293775,629,100629,200629,678835569,sfo,3280,3280,410,"[410, 410, 410, 410, 410, 410, 410, 410]",2228224,410,410,-0.8355172872543335,0.012983902357518673,0.1,formal,formal/partials/NOG-FO-NONOPT__m8__seed629__cfg1cf20a008ffd.json
NOG-FO-NONOPT,NOG-nonopt,432,432,216,8,y_bar,0.1,0.1,0.1,2,1.0,0.15629297494888306,5.8314946331083775,5.8314946331083775,4.402188280597329,9.712861461564898,629,100629,200629,678835569,sfo,3472,3472,434,"[434, 434, 434, 434, 434, 434, 434, 434]",2359296,434,434,-0.8359359502792358,0.012715171091258526,0.1,formal,formal/partials/NOG-FO-NONOPT__m8__seed629__cfg1cf20a008ffd.json
NOG-FO-NONOPT,NOG-nonopt,456,456,228,8,y_bar,0.1,0.1,0.1,2,1.0,0.12682171165943146,6.339018944650888,6.339018944650888,4.791448138654232,10.116361206397414,629,100629,200629,678835569,sfo,3664,3664,458,"[458, 458, 458, 458, 458, 458, 458, 458]",2490368,458,458,-0.836064338684082,0.012337630614638329,0.1,formal,formal/partials/NOG-FO-NONOPT__m8__seed629__cfg1cf20a008ffd.json
NOG-FO-NONOPT,NOG-nonopt,480,480,240,8,y_bar,0.1,0.1,0.1,2,1.0,0.13629382848739624,6.8367649633437395,6.8367649633437395,5.171851027756929,10.559409596025944,629,100629,200629,678835569,sfo,3856,3856,482,"[482, 482, 482, 482, 482, 482, 482, 482]",2621440,482,482,-0.8360669612884521,0.011929907836019993,0.1,formal,formal/partials/NOG-FO-NONOPT__m8__seed629__cfg1cf20a008ffd.json
NOG-FO-NONOPT,NOG-nonopt,504,504,252,8,y_bar,0.1,0.1,0.1,2,1.0,0.1445450633764267,7.2922984808683395,7.2922984808683395,5.491114793345332,10.991458684206009,629,100629,200629,678835569,sfo,4048,4048,506,"[506, 506, 506, 506, 506, 506, 506, 506]",2752512,506,506,-0.8359766006469727,0.011286800727248192,0.1,formal,formal/partials/NOG-FO-NONOPT__m8__seed629__cfg1cf20a008ffd.json
NOG-FO-NONOPT,NOG-nonopt,528,528,264,8,y_bar,0.1,0.1,0.1,2,1.0,0.11054856330156326,7.7466718424111605,7.7466718424111605,5.80931000597775,11.413198083639145,629,100629,200629,678835569,sfo,4240,4240,530,"[530, 530, 530, 530, 530, 530, 530, 530]",2883584,530,530,-0.8361283540725708,0.011459670960903168,0.1,formal,formal/partials/NOG-FO-NONOPT__m8__seed629__cfg1cf20a008ffd.json
NOG-FO-NONOPT,NOG-nonopt,552,552,276,8,y_bar,0.1,0.1,0.1,2,1.0,0.14014756679534912,8.11819945462048,8.11819945462048,6.021356038749218,12.151698654517531,629,100629,200629,678835569,sfo,4432,4432,554,"[554, 554, 554, 554, 554, 554, 554, 554]",3014656,554,554,-0.8357536196708679,0.011711071245372295,0.1,formal,formal/partials/NOG-FO-NONOPT__m8__seed629__cfg1cf20a008ffd.json
NOG-FO-NONOPT,NOG-nonopt,576,576,288,8,y_bar,0.1,0.1,0.1,2,1.0,0.12689189612865448,8.632956566289067,8.632956566289067,6.400270197540522,12.69764599390328,629,100629,200629,678835569,sfo,4624,4624,578,"[578, 578, 578, 578, 578, 578, 578, 578]",3145728,578,578,-0.8356443047523499,0.012482496909797192,0.1,formal,formal/partials/NOG-FO-NONOPT__m8__seed629__cfg1cf20a008ffd.json
NOG-FO-NONOPT,NOG-nonopt,600,600,300,8,y_bar,0.1,0.1,0.1,2,1.0,0.15694020688533783,9.04193864762783,9.04193864762783,6.683694759383798,13.434717243537307,629,100629,200629,678835569,sfo,4816,4816,602,"[602, 602, 602, 602, 602, 602, 602, 602]",3276800,602,602,-0.8359454274177551,0.011418761685490608,0.1,formal,formal/partials/NOG-FO-NONOPT__m8__seed629__cfg1cf20a008ffd.json
NOG-FO-NONOPT,NOG-nonopt,624,624,312,8,y_bar,0.1,0.1,0.1,2,1.0,0.1419433206319809,9.603070503100753,9.603070503100753,7.139973808079958,14.969296798110008,629,100629,200629,678835569,sfo,5008,5008,626,"[626, 626, 626, 626, 626, 626, 626, 626]",3407872,626,626,-0.8358786106109619,0.011405962519347668,0.1,formal,formal/partials/NOG-FO-NONOPT__m8__seed629__cfg1cf20a008ffd.json
NOG-FO-NONOPT,NOG-nonopt,648,648,324,8,y_bar,0.1,0.1,0.1,2,1.0,0.10442246496677399,10.10190992243588,10.10190992243588,7.371315425261855,15.693573469296098,629,100629,200629,678835569,sfo,5200,5200,650,"[650, 650, 650, 650, 650, 650, 650, 650]",3538944,650,650,-0.8363093137741089,0.011017894372344017,0.1,formal,formal/partials/NOG-FO-NONOPT__m8__seed629__cfg1cf20a008ffd.json
NOG-FO-NONOPT,NOG-nonopt,672,672,336,8,y_bar,0.1,0.1,0.1,2,1.0,0.11728320270776749,10.60257887840271,10.60257887840271,7.747197117656469,16.388931872323155,629,100629,200629,678835569,sfo,5392,5392,674,"[674, 674, 674, 674, 674, 674, 674, 674]",3670016,674,674,-0.8359799385070801,0.011300417594611645,0.1,formal,formal/partials/NOG-FO-NONOPT__m8__seed629__cfg1cf20a008ffd.json
NOG-FO-NONOPT,NOG-nonopt,696,696,348,8,y_bar,0.1,0.1,0.1,2,1.0,0.1402769684791565,11.099473820999265,11.099473820999265,8.037358324974775,17.09453204832971,629,100629,200629,678835569,sfo,5584,5584,698,"[698, 698, 698, 698, 698, 698, 698, 698]",3801088,698,698,-0.8361430764198303,0.010402833111584187,0.1,formal,formal/partials/NOG-FO-NONOPT__m8__seed629__cfg1cf20a008ffd.json
NOG-FO-NONOPT,NOG-nonopt,720,720,360,8,y_bar,0.1,0.1,0.1,2,1.0,0.10428279638290405,11.593167958781123,11.593167958781123,8.472008982673287,18.708896135911345,629,100629,200629,678835569,sfo,5776,5776,722,"[722, 722, 722, 722, 722, 722, 722, 722]",3932160,722,722,-0.8352488279342651,0.013356245122849941,0.1,formal,formal/partials/NOG-FO-NONOPT__m8__seed629__cfg1cf20a008ffd.json
NOG-FO-NONOPT,NOG-nonopt,744,744,372,8,y_bar,0.1,0.1,0.1,2,1.0,0.115878164768219,11.987589502707124,11.987589502707124,8.725510720163584,19.215250289067626,629,100629,200629,678835569,sfo,5968,5968,746,"[746, 746, 746, 746, 746, 746, 746, 746]",4063232,746,746,-0.8349204659461975,0.014460385777056217,0.1,formal,formal/partials/NOG-FO-NONOPT__m8__seed629__cfg1cf20a008ffd.json
NOG-FO-NONOPT,NOG-nonopt,768,768,384,8,y_bar,0.1,0.1,0.1,2,1.0,0.07882437855005264,12.3501558881253,12.3501558881253,8.979444056749344,19.725828055292368,629,100629,200629,678835569,sfo,6160,6160,770,"[770, 770, 770, 770, 770, 770, 770, 770]",4194304,770,770,-0.835185170173645,0.012800476513803005,0.1,formal,formal/partials/NOG-FO-NONOPT__m8__seed629__cfg1cf20a008ffd.json
NOG-FO-NONOPT,NOG-nonopt,792,792,396,8,y_bar,0.1,0.1,0.1,2,1.0,0.12639036774635315,12.637545436620712,12.637545436620712,9.164864605292678,20.23536325059831,629,100629,200629,678835569,sfo,6352,6352,794,"[794, 794, 794, 794, 794, 794, 794, 794]",4325376,794,794,-0.8344940543174744,0.013016095384955406,0.1,formal,formal/partials/NOG-FO-NONOPT__m8__seed629__cfg1cf20a008ffd.json
NOG-FO-NONOPT,NOG-nonopt,816,816,408,8,y_bar,0.1,0.1,0.1,2,1.0,0.13244648277759552,12.918090868741274,12.918090868741274,9.313767164945602,20.74506599456072,629,100629,200629,678835569,sfo,6544,6544,818,"[818, 818, 818, 818, 818, 818, 818, 818]",4456448,818,818,-0.8348075747489929,0.01230450440198183,0.1,formal,formal/partials/NOG-FO-NONOPT__m8__seed629__cfg1cf20a008ffd.json
NOG-FO-NONOPT,NOG-nonopt,840,840,420,8,y_bar,0.1,0.1,0.1,2,1.0,0.12400645762681961,13.186590358614922,13.186590358614922,9.51712573878467,21.2671422008425,629,100629,200629,678835569,sfo,6736,6736,842,"[842, 842, 842, 842, 842, 842, 842, 842]",4587520,842,842,-0.8345184326171875,0.013117137365043163,0.1,formal,formal/partials/NOG-FO-NONOPT__m8__seed629__cfg1cf20a008ffd.json
NOG-FO-NONOPT,NOG-nonopt,864,864,432,8,y_bar,0.1,0.1,0.1,2,1.0,0.12773925065994263,13.4254848100245,13.4254848100245,9.644516117870808,21.80116744711995,629,100629,200629,678835569,sfo,6928,6928,866,"[866, 866, 866, 866, 866, 866, 866, 866]",4718592,866,866,-0.8349230885505676,0.012280256487429142,0.1,formal,formal/partials/NOG-FO-NONOPT__m8__seed629__cfg1cf20a008ffd.json
NOG-FO-NONOPT,NOG-nonopt,888,888,444,8,y_bar,0.1,0.1,0.1,2,1.0,0.11946233361959457,13.65722787939012,13.65722787939012,9.816411012783647,22.372988015413284,629,100629,200629,678835569,sfo,7120,7120,890,"[890, 890, 890, 890, 890, 890, 890, 890]",4849664,890,890,-0.8350532054901123,0.012627698481082916,0.1,formal,formal/partials/NOG-FO-NONOPT__m8__seed629__cfg1cf20a008ffd.json
NOG-FO-NONOPT,NOG-nonopt,912,912,456,8,y_bar,0.1,0.1,0.1,2,1.0,0.10935970395803452,14.048537762835622,14.048537762835622,10.026307260617614,23.095532910898328,629,100629,200629,678835569,sfo,7312,7312,914,"[914, 914, 914, 914, 914, 914, 914, 914]",4980736,914,914,-0.8342886567115784,0.01415196806192398,0.1,formal,formal/partials/NOG-FO-NONOPT__m8__seed629__cfg1cf20a008ffd.json
NOG-FO-NONOPT,NOG-nonopt,936,936,468,8,y_bar,0.1,0.1,0.1,2,1.0,0.14231251180171967,14.507420049980283,14.507420049980283,10.27971575036645,24.12689389847219,629,100629,200629,678835569,sfo,7504,7504,938,"[938, 938, 938, 938, 938, 938, 938, 938]",5111808,938,938,-0.8349533081054688,0.01260147150605917,0.1,formal,formal/partials/NOG-FO-NONOPT__m8__seed629__cfg1cf20a008ffd.json
NOG-FO-NONOPT,NOG-nonopt,960,960,480,8,y_bar,0.1,0.1,0.1,2,1.0,0.12748318910598755,15.002961169928312,15.002961169928312,10.64261750690639,25.054136030375957,629,100629,200629,678835569,sfo,7696,7696,962,"[962, 962, 962, 962, 962, 962, 962, 962]",5242880,962,962,-0.8349831104278564,0.012121862731873989,0.1,formal,formal/partials/NOG-FO-NONOPT__m8__seed629__cfg1cf20a008ffd.json
NOG-FO-NONOPT,NOG-nonopt,24,24,12,8,y_bar,0.1,0.1,0.1,2,1.0,0.37042036652565,0.5930448677390814,0.5930448677390814,0.4488954171538353,2.081967554986477,630,100630,200630,2090567113,sfo,208,208,26,"[26, 26, 26, 26, 26, 26, 26, 26]",131072,26,26,-0.16735373437404633,0.24541093409061432,0.1,formal,formal/partials/NOG-FO-NONOPT__m8__seed630__cfgcaf5d1d95280.json
NOG-FO-NONOPT,NOG-nonopt,48,48,24,8,y_bar,0.1,0.1,0.1,2,1.0,0.32339540123939514,1.1779315788298845,1.1779315788298845,0.7723525166511536,2.8491597529500723,630,100630,200630,2090567113,sfo,400,400,50,"[50, 50, 50, 50, 50, 50, 50, 50]",262144,50,50,-0.3464488685131073,0.2268349826335907,0.1,formal,formal/partials/NOG-FO-NONOPT__m8__seed630__cfgcaf5d1d95280.json
NOG-FO-NONOPT,NOG-nonopt,72,72,36,8,y_bar,0.1,0.1,0.1,2,1.0,0.2846437692642212,1.694387698546052,1.694387698546052,1.226608034223318,3.549846649169922,630,100630,200630,2090567113,sfo,592,592,74,"[74, 74, 74, 74, 74, 74, 74, 74]",393216,74,74,-0.500402569770813,0.19819265604019165,0.1,formal,formal/partials/NOG-FO-NONOPT__m8__seed630__cfgcaf5d1d95280.json
NOG-FO-NONOPT,NOG-nonopt,96,96,48,8,y_bar,0.1,0.1,0.1,2,1.0,0.21841885149478912,1.965079914778471,1.965079914778471,1.4291732385754585,3.950898574665189,630,100630,200630,2090567113,sfo,784,784,98,"[98, 98, 98, 98, 98, 98, 98, 98]",524288,98,98,-0.6332229375839233,0.1596580594778061,0.1,formal,formal/partials/NOG-FO-NONOPT__m8__seed630__cfgcaf5d1d95280.json
NOG-FO-NONOPT,NOG-nonopt,120,120,60,8,y_bar,0.1,0.1,0.1,2,1.0,0.20002381503582,2.671863730996847,2.671863730996847,1.8837402611970901,4.3492760341614485,630,100630,200630,2090567113,sfo,976,976,122,"[122, 122, 122, 122, 122, 122, 122, 122]",655360,122,122,-0.7267917394638062,0.11886066943407059,0.1,formal,formal/partials/NOG-FO-NONOPT__m8__seed630__cfgcaf5d1d95280.json
NOG-FO-NONOPT,NOG-nonopt,144,144,72,8,y_bar,0.1,0.1,0.1,2,1.0,0.16313660144805908,2.9679694026708603,2.9679694026708603,2.1157408263534307,4.939514057710767,630,100630,200630,2090567113,sfo,1168,1168,146,"[146, 146, 146, 146, 146, 146, 146, 146]",786432,146,146,-0.7881888151168823,0.07867121696472168,0.1,formal,formal/partials/NOG-FO-NONOPT__m8__seed630__cfgcaf5d1d95280.json
NOG-FO-NONOPT,NOG-nonopt,168,168,84,8,y_bar,0.1,0.1,0.1,2,1.0,0.11632104963064194,3.282259790226817,3.282259790226817,2.264023007825017,5.469788676127791,630,100630,200630,2090567113,sfo,1360,1360,170,"[170, 170, 170, 170, 170, 170, 170, 170]",917504,170,170,-0.8181304931640625,0.04718706011772156,0.1,formal,formal/partials/NOG-FO-NONOPT__m8__seed630__cfgcaf5d1d95280.json
NOG-FO-NONOPT,NOG-nonopt,192,192,96,8,y_bar,0.1,0.1,0.1,2,1.0,0.10872714221477509,3.55167743191123,3.55167743191123,2.4130940474569798,6.029335219413042,630,100630,200630,2090567113,sfo,1552,1552,194,"[194, 194, 194, 194, 194, 194, 194, 194]",1048576,194,194,-0.8282732367515564,0.02984580211341381,0.1,formal,formal/partials/NOG-FO-NONOPT__m8__seed630__cfgcaf5d1d95280.json
NOG-FO-NONOPT,NOG-nonopt,216,216,108,8,y_bar,0.1,0.1,0.1,2,1.0,0.13304544985294342,3.8752855602651834,3.8752855602651834,2.6738115064799786,6.572115786373615,630,100630,200630,2090567113,sfo,1744,1744,218,"[218, 218, 218, 218, 218, 218, 218, 218]",1179648,218,218,-0.8334545493125916,0.015338636003434658,0.1,formal,formal/partials/NOG-FO-NONOPT__m8__seed630__cfgcaf5d1d95280.json
NOG-FO-NONOPT,NOG-nonopt,240,240,120,8,y_bar,0.1,0.1,0.1,2,1.0,0.12789727747440338,4.195641454309225,4.195641454309225,2.9300534278154373,7.096222115680575,630,100630,200630,2090567113,sfo,1936,1936,242,"[242, 242, 242, 242, 242, 242, 242, 242]",1310720,242,242,-0.8335082530975342,0.013989635743200779,0.1,formal,formal/partials/NOG-FO-NONOPT__m8__seed630__cfgcaf5d1d95280.json
NOG-FO-NONOPT,NOG-nonopt,264,264,132,8,y_bar,0.1,0.1,0.1,2,1.0,0.1323838233947754,4.578167272731662,4.578167272731662,3.1814626697450876,7.629773637279868,630,100630,200630,2090567113,sfo,2128,2128,266,"[266, 266, 266, 266, 266, 266, 266, 266]",1441792,266,266,-0.833075761795044,0.014100706204771996,0.1,formal,formal/partials/NOG-FO-NONOPT__m8__seed630__cfgcaf5d1d95280.json
NOG-FO-NONOPT,NOG-nonopt,288,288,144,8,y_bar,0.1,0.1,0.1,2,1.0,0.12943968176841736,5.016011852771044,5.016011852771044,3.504308035597205,8.08637746796012,630,100630,200630,2090567113,sfo,2320,2320,290,"[290, 290, 290, 290, 290, 290, 290, 290]",1572864,290,290,-0.8331845998764038,0.012595637701451778,0.1,formal,formal/partials/NOG-FO-NONOPT__m8__seed630__cfgcaf5d1d95280.json
NOG-FO-NONOPT,NOG-nonopt,312,312,156,8,y_bar,0.1,0.1,0.1,2,1.0,0.12387397885322571,5.456901751458645,5.456901751458645,3.815294675529003,8.524321461096406,630,100630,200630,2090567113,sfo,2512,2512,314,"[314, 314, 314, 314, 314, 314, 314, 314]",1703936,314,314,-0.832831084728241,0.013311817310750484,0.1,formal,formal/partials/NOG-FO-NONOPT__m8__seed630__cfgcaf5d1d95280.json
NOG-FO-NONOPT,NOG-nonopt,336,336,168,8,y_bar,0.1,0.1,0.1,2,1.0,0.1455627977848053,5.835922470316291,5.835922470316291,4.1306009236723185,9.034282941371202,630,100630,200630,2090567113,sfo,2704,2704,338,"[338, 338, 338, 338, 338, 338, 338, 338]",1835008,338,338,-0.8323930501937866,0.013928425498306751,0.1,formal,formal/partials/NOG-FO-NONOPT__m8__seed630__cfgcaf5d1d95280.json
NOG-FO-NONOPT,NOG-nonopt,360,360,180,8,y_bar,0.1,0.1,0.1,2,1.0,0.150632843375206,6.18845739774406,6.18845739774406,4.425255732610822,9.512639386579394,630,100630,200630,2090567113,sfo,2896,2896,362,"[362, 362, 362, 362, 362, 362, 362, 362]",1966080,362,362,-0.8323580026626587,0.014312424696981907,0.1,formal,formal/partials/NOG-FO-NONOPT__m8__seed630__cfgcaf5d1d95280.json
NOG-FO-NONOPT,NOG-nonopt,384,384,192,8,y_bar,0.1,0.1,0.1,2,1.0,0.12727060914039612,6.5134423188865185,6.5134423188865185,4.691886618733406,10.024245468899608,630,100630,200630,2090567113,sfo,3088,3088,386,"[386, 386, 386, 386, 386, 386, 386, 386]",2097152,386,386,-0.8331756591796875,0.012472112663090229,0.1,formal,formal/partials/NOG-FO-NONOPT__m8__seed630__cfgcaf5d1d95280.json
NOG-FO-NONOPT,NOG-nonopt,408,408,204,8,y_bar,0.1,0.1,0.1,2,1.0,0.14609429240226746,6.887718167155981,6.887718167155981,4.909695046022534,10.453787928447127,630,100630,200630,2090567113,sfo,3280,3280,410,"[410, 410, 410, 410, 410, 410, 410, 410]",2228224,410,410,-0.8328239917755127,0.014761313796043396,0.1,formal,formal/partials/NOG-FO-NONOPT__m8__seed630__cfgcaf5d1d95280.json
NOG-FO-NONOPT,NOG-nonopt,432,432,216,8,y_bar,0.1,0.1,0.1,2,1.0,0.14702925086021423,7.256152957677841,7.256152957677841,5.218534188345075,10.940802717581391,630,100630,200630,2090567113,sfo,3472,3472,434,"[434, 434, 434, 434, 434, 434, 434, 434]",2359296,434,434,-0.8335016965866089,0.012811646796762943,0.1,formal,formal/partials/NOG-FO-NONOPT__m8__seed630__cfgcaf5d1d95280.json
NOG-FO-NONOPT,NOG-nonopt,456,456,228,8,y_bar,0.1,0.1,0.1,2,1.0,0.1460312008857727,7.548484059050679,7.548484059050679,5.337166221812367,11.40170551277697,630,100630,200630,2090567113,sfo,3664,3664,458,"[458, 458, 458, 458, 458, 458, 458, 458]",2490368,458,458,-0.8339998126029968,0.011745440773665905,0.1,formal,formal/partials/NOG-FO-NONOPT__m8__seed630__cfgcaf5d1d95280.json
NOG-FO-NONOPT,NOG-nonopt,480,480,240,8,y_bar,0.1,0.1,0.1,2,1.0,0.1498999446630478,7.87267310731113,7.87267310731113,5.588763013482094,11.930938500910997,630,100630,200630,2090567113,sfo,3856,3856,482,"[482, 482, 482, 482, 482, 482, 482, 482]",2621440,482,482,-0.8336600065231323,0.012448418885469437,0.1,formal,formal/partials/NOG-FO-NONOPT__m8__seed630__cfgcaf5d1d95280.json
NOG-FO-NONOPT,NOG-nonopt,504,504,252,8,y_bar,0.1,0.1,0.1,2,1.0,0.08639158308506012,8.207252273336053,8.207252273336053,5.807201908901334,12.380050022155046,630,100630,200630,2090567113,sfo,4048,4048,506,"[506, 506, 506, 506, 506, 506, 506, 506]",2752512,506,506,-0.8333686590194702,0.013718763366341591,0.1,formal,formal/partials/NOG-FO-NONOPT__m8__seed630__cfgcaf5d1d95280.json
NOG-FO-NONOPT,NOG-nonopt,528,528,264,8,y_bar,0.1,0.1,0.1,2,1.0,0.13125669956207275,8.549551282078028,8.549551282078028,5.9937402959913015,12.846644585952163,630,100630,200630,2090567113,sfo,4240,4240,530,"[530, 530, 530, 530, 530, 530, 530, 530]",2883584,530,530,-0.8337567448616028,0.012044670060276985,0.1,formal,formal/partials/NOG-FO-NONOPT__m8__seed630__cfgcaf5d1d95280.json
NOG-FO-NONOPT,NOG-nonopt,552,552,276,8,y_bar,0.1,0.1,0.1,2,1.0,0.13643407821655273,8.86475265584886,8.86475265584886,6.179856879636645,13.261915983632207,630,100630,200630,2090567113,sfo,4432,4432,554,"[554, 554, 554, 554, 554, 554, 554, 554]",3014656,554,554,-0.8341445922851562,0.011737211607396603,0.1,formal,formal/partials/NOG-FO-NONOPT__m8__seed630__cfgcaf5d1d95280.json
NOG-FO-NONOPT,NOG-nonopt,576,576,288,8,y_bar,0.1,0.1,0.1,2,1.0,0.13027136027812958,9.345654057338834,9.345654057338834,6.4595658872276545,14.048187935724854,630,100630,200630,2090567113,sfo,4624,4624,578,"[578, 578, 578, 578, 578, 578, 578, 578]",3145728,578,578,-0.8338003158569336,0.012231970205903053,0.1,formal,formal/partials/NOG-FO-NONOPT__m8__seed630__cfgcaf5d1d95280.json
NOG-FO-NONOPT,NOG-nonopt,600,600,300,8,y_bar,0.1,0.1,0.1,2,1.0,0.07639017701148987,9.828600998967886,9.828600998967886,6.81689709238708,14.472944172099233,630,100630,200630,2090567113,sfo,4816,4816,602,"[602, 602, 602, 602, 602, 602, 602, 602]",3276800,602,602,-0.833694577217102,0.01384728029370308,0.1,formal,formal/partials/NOG-FO-NONOPT__m8__seed630__cfgcaf5d1d95280.json
NOG-FO-NONOPT,NOG-nonopt,624,624,312,8,y_bar,0.1,0.1,0.1,2,1.0,0.13937023282051086,10.323884148150682,10.323884148150682,7.116608917713165,15.256733549758792,630,100630,200630,2090567113,sfo,5008,5008,626,"[626, 626, 626, 626, 626, 626, 626, 626]",3407872,626,626,-0.8336322903633118,0.01253670733422041,0.1,formal,formal/partials/NOG-FO-NONOPT__m8__seed630__cfgcaf5d1d95280.json
NOG-FO-NONOPT,NOG-nonopt,648,648,324,8,y_bar,0.1,0.1,0.1,2,1.0,0.09054983407258987,10.928316418081522,10.928316418081522,7.65468773432076,16.88498075865209,630,100630,200630,2090567113,sfo,5200,5200,650,"[650, 650, 650, 650, 650, 650, 650, 650]",3538944,650,650,-0.8337040543556213,0.013380833901464939,0.1,formal,formal/partials/NOG-FO-NONOPT__m8__seed630__cfgcaf5d1d95280.json
NOG-FO-NONOPT,NOG-nonopt,672,672,336,8,y_bar,0.1,0.1,0.1,2,1.0,0.13044488430023193,11.351786034181714,11.351786034181714,7.943948466330767,17.67840874567628,630,100630,200630,2090567113,sfo,5392,5392,674,"[674, 674, 674, 674, 674, 674, 674, 674]",3670016,674,674,-0.8334865570068359,0.01249364111572504,0.1,formal,formal/partials/NOG-FO-NONOPT__m8__seed630__cfgcaf5d1d95280.json
NOG-FO-NONOPT,NOG-nonopt,696,696,348,8,y_bar,0.1,0.1,0.1,2,1.0,0.13220223784446716,11.846529295668006,11.846529295668006,8.25340368784964,18.546877855435014,630,100630,200630,2090567113,sfo,5584,5584,698,"[698, 698, 698, 698, 698, 698, 698, 698]",3801088,698,698,-0.8338776230812073,0.01245028618723154,0.1,formal,formal/partials/NOG-FO-NONOPT__m8__seed630__cfgcaf5d1d95280.json
NOG-FO-NONOPT,NOG-nonopt,720,720,360,8,y_bar,0.1,0.1,0.1,2,1.0,0.15168777108192444,12.268134346231818,12.268134346231818,8.55245354399085,19.26119291037321,630,100630,200630,2090567113,sfo,5776,5776,722,"[722, 722, 722, 722, 722, 722, 722, 722]",3932160,722,722,-0.8337180614471436,0.012731839902698994,0.1,formal,formal/partials/NOG-FO-NONOPT__m8__seed630__cfgcaf5d1d95280.json
NOG-FO-NONOPT,NOG-nonopt,744,744,372,8,y_bar,0.1,0.1,0.1,2,1.0,0.18688949942588806,12.818887593224645,12.818887593224645,8.86417469009757,20.59251692146063,630,100630,200630,2090567113,sfo,5968,5968,746,"[746, 746, 746, 746, 746, 746, 746, 746]",4063232,746,746,-0.83370041847229,0.012228832580149174,0.1,formal,formal/partials/NOG-FO-NONOPT__m8__seed630__cfgcaf5d1d95280.json
NOG-FO-NONOPT,NOG-nonopt,768,768,384,8,y_bar,0.1,0.1,0.1,2,1.0,0.1615939736366272,13.318786326795816,13.318786326795816,9.245740739628673,21.050734970718622,630,100630,200630,2090567113,sfo,6160,6160,770,"[770, 770, 770, 770, 770, 770, 770, 770]",4194304,770,770,-0.8337912559509277,0.011967460624873638,0.1,formal,formal/partials/NOG-FO-NONOPT__m8__seed630__cfgcaf5d1d95280.json
NOG-FO-NONOPT,NOG-nonopt,792,792,396,8,y_bar,0.1,0.1,0.1,2,1.0,0.12983456254005432,13.812866421416402,13.812866421416402,9.607022449374199,21.44024204649031,630,100630,200630,2090567113,sfo,6352,6352,794,"[794, 794, 794, 794, 794, 794, 794, 794]",4325376,794,794,-0.8335773944854736,0.01284515019506216,0.1,formal,formal/partials/NOG-FO-NONOPT__m8__seed630__cfgcaf5d1d95280.json
NOG-FO-NONOPT,NOG-nonopt,816,816,408,8,y_bar,0.1,0.1,0.1,2,1.0,0.11047698557376862,14.343823213130236,14.343823213130236,9.940309116616845,21.804815012961626,630,100630,200630,2090567113,sfo,6544,6544,818,"[818, 818, 818, 818, 818, 818, 818, 818]",4456448,818,818,-0.8337275385856628,0.01216636598110199,0.1,formal,formal/partials/NOG-FO-NONOPT__m8__seed630__cfgcaf5d1d95280.json
NOG-FO-NONOPT,NOG-nonopt,840,840,420,8,y_bar,0.1,0.1,0.1,2,1.0,0.12689819931983948,14.934901028871536,14.934901028871536,10.27173737809062,22.158119324594736,630,100630,200630,2090567113,sfo,6736,6736,842,"[842, 842, 842, 842, 842, 842, 842, 842]",4587520,842,842,-0.8336358666419983,0.011967158876359463,0.1,formal,formal/partials/NOG-FO-NONOPT__m8__seed630__cfgcaf5d1d95280.json
NOG-FO-NONOPT,NOG-nonopt,864,864,432,8,y_bar,0.1,0.1,0.1,2,1.0,0.10728436708450317,15.458559565246105,15.458559565246105,10.723670337349176,22.543144842609763,630,100630,200630,2090567113,sfo,6928,6928,866,"[866, 866, 866, 866, 866, 866, 866, 866]",4718592,866,866,-0.8333113193511963,0.012627058662474155,0.1,formal,formal/partials/NOG-FO-NONOPT__m8__seed630__cfgcaf5d1d95280.json
NOG-FO-NONOPT,NOG-nonopt,888,888,444,8,y_bar,0.1,0.1,0.1,2,1.0,0.12590090930461884,15.978835528716445,15.978835528716445,11.045878885313869,22.931977367028594,630,100630,200630,2090567113,sfo,7120,7120,890,"[890, 890, 890, 890, 890, 890, 890, 890]",4849664,890,890,-0.8333350419998169,0.012102768756449223,0.1,formal,formal/partials/NOG-FO-NONOPT__m8__seed630__cfgcaf5d1d95280.json
NOG-FO-NONOPT,NOG-nonopt,912,912,456,8,y_bar,0.1,0.1,0.1,2,1.0,0.10427052527666092,16.53770179487765,16.53770179487765,11.464809313416481,23.24530273489654,630,100630,200630,2090567113,sfo,7312,7312,914,"[914, 914, 914, 914, 914, 914, 914, 914]",4980736,914,914,-0.8331531882286072,0.011801254004240036,0.1,formal,formal/partials/NOG-FO-NONOPT__m8__seed630__cfgcaf5d1d95280.json
NOG-FO-NONOPT,NOG-nonopt,936,936,468,8,y_bar,0.1,0.1,0.1,2,1.0,0.14981865882873535,17.043680399656296,17.043680399656296,11.904994055628777,23.6414551474154,630,100630,200630,2090567113,sfo,7504,7504,938,"[938, 938, 938, 938, 938, 938, 938, 938]",5111808,938,938,-0.8328844308853149,0.013020824640989304,0.1,formal,formal/partials/NOG-FO-NONOPT__m8__seed630__cfgcaf5d1d95280.json
NOG-FO-NONOPT,NOG-nonopt,960,960,480,8,y_bar,0.1,0.1,0.1,2,1.0,0.14317946135997772,17.623595789074898,17.623595789074898,12.351333489641547,24.028640931472182,630,100630,200630,2090567113,sfo,7696,7696,962,"[962, 962, 962, 962, 962, 962, 962, 962]",5242880,962,962,-0.8334099650382996,0.013080243021249771,0.1,formal,formal/partials/NOG-FO-NONOPT__m8__seed630__cfgcaf5d1d95280.json
NOG-FO-NONOPT,NOG-nonopt,24,24,12,8,y_bar,0.1,0.1,0.1,2,1.0,0.32892921566963196,0.32879804633557796,0.32879804633557796,0.25692323967814445,0.5736877582967281,631,100631,200631,1839097397,sfo,208,208,26,"[26, 26, 26, 26, 26, 26, 26, 26]",131072,26,26,-0.1780553162097931,0.24699997901916504,0.1,formal,formal/partials/.NOG-FO-NONOPT__m8__seed631__cfg0788f1cf7cd9.c45e48b2a60f440b8c063a672c599e71.work.json
NOG-FO-NONOPT,NOG-nonopt,24,24,12,8,y_bar,0.1,0.1,0.1,2,1.0,0.32892921566963196,0.15484334528446198,0.15484334528446198,0.0811358205974102,0.3746447432786226,631,100631,200631,1839097397,sfo,208,208,26,"[26, 26, 26, 26, 26, 26, 26, 26]",131072,26,26,-0.1780553162097931,0.24699997901916504,0.1,formal,formal/partials/NOG-FO-NONOPT__m8__seed631__cfg0788f1cf7cd9.json
NOG-FO-NONOPT,NOG-nonopt,48,48,24,8,y_bar,0.1,0.1,0.1,2,1.0,0.33430373668670654,0.6271217297762632,0.6271217297762632,0.49486769549548626,1.1205715108662844,631,100631,200631,1839097397,sfo,400,400,50,"[50, 50, 50, 50, 50, 50, 50, 50]",262144,50,50,-0.35536596179008484,0.22807367146015167,0.1,formal,formal/partials/.NOG-FO-NONOPT__m8__seed631__cfg0788f1cf7cd9.c45e48b2a60f440b8c063a672c599e71.work.json
NOG-FO-NONOPT,NOG-nonopt,48,48,24,8,y_bar,0.1,0.1,0.1,2,1.0,0.33430373668670654,0.2792532593011856,0.2792532593011856,0.15078584849834442,0.7052313089370728,631,100631,200631,1839097397,sfo,400,400,50,"[50, 50, 50, 50, 50, 50, 50, 50]",262144,50,50,-0.35536596179008484,0.22807367146015167,0.1,formal,formal/partials/NOG-FO-NONOPT__m8__seed631__cfg0788f1cf7cd9.json
NOG-FO-NONOPT,NOG-nonopt,72,72,36,8,y_bar,0.1,0.1,0.1,2,1.0,0.28962263464927673,0.8663847427815199,0.8663847427815199,0.6635052431374788,1.7108210865408182,631,100631,200631,1839097397,sfo,592,592,74,"[74, 74, 74, 74, 74, 74, 74, 74]",393216,74,74,-0.5095811486244202,0.19896498322486877,0.1,formal,formal/partials/.NOG-FO-NONOPT__m8__seed631__cfg0788f1cf7cd9.c45e48b2a60f440b8c063a672c599e71.work.json
NOG-FO-NONOPT,NOG-nonopt,72,72,36,8,y_bar,0.1,0.1,0.1,2,1.0,0.28962263464927673,0.4143806900829077,0.4143806900829077,0.23319707997143269,1.0408402625471354,631,100631,200631,1839097397,sfo,592,592,74,"[74, 74, 74, 74, 74, 74, 74, 74]",393216,74,74,-0.5095811486244202,0.19896498322486877,0.1,formal,formal/partials/NOG-FO-NONOPT__m8__seed631__cfg0788f1cf7cd9.json
NOG-FO-NONOPT,NOG-nonopt,96,96,48,8,y_bar,0.1,0.1,0.1,2,1.0,0.2550318241119385,1.1472785398364067,1.1472785398364067,0.839863071218133,2.227128867059946,631,100631,200631,1839097397,sfo,784,784,98,"[98, 98, 98, 98, 98, 98, 98, 98]",524288,98,98,-0.6407864093780518,0.16051416099071503,0.1,formal,formal/partials/.NOG-FO-NONOPT__m8__seed631__cfg0788f1cf7cd9.c45e48b2a60f440b8c063a672c599e71.work.json
NOG-FO-NONOPT,NOG-nonopt,96,96,48,8,y_bar,0.1,0.1,0.1,2,1.0,0.2550318241119385,0.5436266381293535,0.5436266381293535,0.3033707030117512,1.3779549971222878,631,100631,200631,1839097397,sfo,784,784,98,"[98, 98, 98, 98, 98, 98, 98, 98]",524288,98,98,-0.6407864093780518,0.16051416099071503,0.1,formal,formal/partials/NOG-FO-NONOPT__m8__seed631__cfg0788f1cf7cd9.json
NOG-FO-NONOPT,NOG-nonopt,120,120,60,8,y_bar,0.1,0.1,0.1,2,1.0,0.2005738914012909,1.4327455181628466,1.4327455181628466,1.0046545155346394,2.8147316928952932,631,100631,200631,1839097397,sfo,976,976,122,"[122, 122, 122, 122, 122, 122, 122, 122]",655360,122,122,-0.7376789450645447,0.11784760653972626,0.1,formal,formal/partials/.NOG-FO-NONOPT__m8__seed631__cfg0788f1cf7cd9.c45e48b2a60f440b8c063a672c599e71.work.json
NOG-FO-NONOPT,NOG-nonopt,120,120,60,8,y_bar,0.1,0.1,0.1,2,1.0,0.2005738914012909,0.6705150045454502,0.6705150045454502,0.37058619409799576,1.7075267024338245,631,100631,200631,1839097397,sfo,976,976,122,"[122, 122, 122, 122, 122, 122, 122, 122]",655360,122,122,-0.7376789450645447,0.11784760653972626,0.1,formal,formal/partials/NOG-FO-NONOPT__m8__seed631__cfg0788f1cf7cd9.json
NOG-FO-NONOPT,NOG-nonopt,144,144,72,8,y_bar,0.1,0.1,0.1,2,1.0,0.13975556194782257,1.7514790799468756,1.7514790799468756,1.2645958438515663,3.3919646460562944,631,100631,200631,1839097397,sfo,1168,1168,146,"[146, 146, 146, 146, 146, 146, 146, 146]",786432,146,146,-0.7979409694671631,0.07714025676250458,0.1,formal,formal/partials/.NOG-FO-NONOPT__m8__seed631__cfg0788f1cf7cd9.c45e48b2a60f440b8c063a672c599e71.work.json
NOG-FO-NONOPT,NOG-nonopt,144,144,72,8,y_bar,0.1,0.1,0.1,2,1.0,0.13975556194782257,0.8143678568303585,0.8143678568303585,0.4539825301617384,2.0425053648650646,631,100631,200631,1839097397,sfo,1168,1168,146,"[146, 146, 146, 146, 146, 146, 146, 146]",786432,146,146,-0.7979409694671631,0.07714025676250458,0.1,formal,formal/partials/NOG-FO-NONOPT__m8__seed631__cfg0788f1cf7cd9.json
NOG-FO-NONOPT,NOG-nonopt,168,168,84,8,y_bar,0.1,0.1,0.1,2,1.0,0.10909584164619446,2.0817166306078434,2.0817166306078434,1.5298682935535908,4.025201061740518,631,100631,200631,1839097397,sfo,1360,1360,170,"[170, 170, 170, 170, 170, 170, 170, 170]",917504,170,170,-0.8269549012184143,0.04589838162064552,0.1,formal,formal/partials/.NOG-FO-NONOPT__m8__seed631__cfg0788f1cf7cd9.c45e48b2a60f440b8c063a672c599e71.work.json
NOG-FO-NONOPT,NOG-nonopt,168,168,84,8,y_bar,0.1,0.1,0.1,2,1.0,0.10909584164619446,0.9545673746615648,0.9545673746615648,0.5350651070475578,2.3974125925451517,631,100631,200631,1839097397,sfo,1360,1360,170,"[170, 170, 170, 170, 170, 170, 170, 170]",917504,170,170,-0.8269549012184143,0.04589838162064552,0.1,formal,formal/partials/NOG-FO-NONOPT__m8__seed631__cfg0788f1cf7cd9.json
NOG-FO-NONOPT,NOG-nonopt,192,192,96,8,y_bar,0.1,0.1,0.1,2,1.0,0.1553768813610077,2.316500788554549,2.316500788554549,1.7097829040139914,4.602110333740711,631,100631,200631,1839097397,sfo,1552,1552,194,"[194, 194, 194, 194, 194, 194, 194, 194]",1048576,194,194,-0.8386337757110596,0.02355062961578369,0.1,formal,formal/partials/.NOG-FO-NONOPT__m8__seed631__cfg0788f1cf7cd9.c45e48b2a60f440b8c063a672c599e71.work.json
NOG-FO-NONOPT,NOG-nonopt,192,192,96,8,y_bar,0.1,0.1,0.1,2,1.0,0.1553768813610077,1.085735460743308,1.085735460743308,0.6065342519432306,2.732016894966364,631,100631,200631,1839097397,sfo,1552,1552,194,"[194, 194, 194, 194, 194, 194, 194, 194]",1048576,194,194,-0.8386337757110596,0.02355062961578369,0.1,formal,formal/partials/NOG-FO-NONOPT__m8__seed631__cfg0788f1cf7cd9.json
NOG-FO-NONOPT,NOG-nonopt,216,216,108,8,y_bar,0.1,0.1,0.1,2,1.0,0.11413762718439102,2.636292289942503,2.636292289942503,1.9685260634869337,5.183640334755182,631,100631,200631,1839097397,sfo,1744,1744,218,"[218, 218, 218, 218, 218, 218, 218, 218]",1179648,218,218,-0.8404505848884583,0.017443956807255745,0.1,formal,formal/partials/.NOG-FO-NONOPT__m8__seed631__cfg0788f1cf7cd9.c45e48b2a60f440b8c063a672c599e71.work.json
NOG-FO-NONOPT,NOG-nonopt,216,216,108,8,y_bar,0.1,0.1,0.1,2,1.0,0.11413762718439102,1.229530917480588,1.229530917480588,0.6857867017388344,3.065169472247362,631,100631,200631,1839097397,sfo,1744,1744,218,"[218, 218, 218, 218, 218, 218, 218, 218]",1179648,218,218,-0.8404505848884583,0.017443956807255745,0.1,formal,formal/partials/NOG-FO-NONOPT__m8__seed631__cfg0788f1cf7cd9.json
NOG-FO-NONOPT,NOG-nonopt,240,240,120,8,y_bar,0.1,0.1,0.1,2,1.0,0.1002960279583931,2.904791746288538,2.904791746288538,2.181278884410858,5.72111252322793,631,100631,200631,1839097397,sfo,1936,1936,242,"[242, 242, 242, 242, 242, 242, 242, 242]",1310720,242,242,-0.8413189053535461,0.01414636243134737,0.1,formal,formal/partials/.NOG-FO-NONOPT__m8__seed631__cfg0788f1cf7cd9.c45e48b2a60f440b8c063a672c599e71.work.json
NOG-FO-NONOPT,NOG-nonopt,240,240,120,8,y_bar,0.1,0.1,0.1,2,1.0,0.1002960279583931,1.3644099663943052,1.3644099663943052,0.7623810674995184,3.3978675957769156,631,100631,200631,1839097397,sfo,1936,1936,242,"[242, 242, 242, 242, 242, 242, 242, 242]",1310720,242,242,-0.8413189053535461,0.01414636243134737,0.1,formal,formal/partials/NOG-FO-NONOPT__m8__seed631__cfg0788f1cf7cd9.json
NOG-FO-NONOPT,NOG-nonopt,264,264,132,8,y_bar,0.1,0.1,0.1,2,1.0,0.10454520583152771,3.196520831435919,3.196520831435919,2.3992325887084007,6.309952680021524,631,100631,200631,1839097397,sfo,2128,2128,266,"[266, 266, 266, 266, 266, 266, 266, 266]",1441792,266,266,-0.8411843180656433,0.015493672341108322,0.1,formal,formal/partials/.NOG-FO-NONOPT__m8__seed631__cfg0788f1cf7cd9.c45e48b2a60f440b8c063a672c599e71.work.json
NOG-FO-NONOPT,NOG-nonopt,264,264,132,8,y_bar,0.1,0.1,0.1,2,1.0,0.10454520583152771,1.4972631372511387,1.4972631372511387,0.8421207945793867,3.736238470301032,631,100631,200631,1839097397,sfo,2128,2128,266,"[266, 266, 266, 266, 266, 266, 266, 266]",1441792,266,266,-0.8411843180656433,0.015493672341108322,0.1,formal,formal/partials/NOG-FO-NONOPT__m8__seed631__cfg0788f1cf7cd9.json
NOG-FO-NONOPT,NOG-nonopt,288,288,144,8,y_bar,0.1,0.1,0.1,2,1.0,0.1348460167646408,3.428359929472208,3.428359929472208,2.5718245711177588,6.941921480000019,631,100631,200631,1839097397,sfo,2320,2320,290,"[290, 290, 290, 290, 290, 290, 290, 290]",1572864,290,290,-0.8418577909469604,0.012921689078211784,0.1,formal,formal/partials/.NOG-FO-NONOPT__m8__seed631__cfg0788f1cf7cd9.c45e48b2a60f440b8c063a672c599e71.work.json
NOG-FO-NONOPT,NOG-nonopt,288,288,144,8,y_bar,0.1,0.1,0.1,2,1.0,0.1348460167646408,1.6305718943476677,1.6305718943476677,0.9224374182522297,4.056640429422259,631,100631,200631,1839097397,sfo,2320,2320,290,"[290, 290, 290, 290, 290, 290, 290, 290]",1572864,290,290,-0.8418577909469604,0.012921689078211784,0.1,formal,formal/partials/NOG-FO-NONOPT__m8__seed631__cfg0788f1cf7cd9.json
NOG-FO-NONOPT,NOG-nonopt,312,312,156,8,y_bar,0.1,0.1,0.1,2,1.0,0.09864121675491333,3.6320329923182726,3.6320329923182726,2.7176325134932995,7.579845814034343,631,100631,200631,1839097397,sfo,2512,2512,314,"[314, 314, 314, 314, 314, 314, 314, 314]",1703936,314,314,-0.8413307666778564,0.013145764358341694,0.1,formal,formal/partials/.NOG-FO-NONOPT__m8__seed631__cfg0788f1cf7cd9.c45e48b2a60f440b8c063a672c599e71.work.json
NOG-FO-NONOPT,NOG-nonopt,312,312,156,8,y_bar,0.1,0.1,0.1,2,1.0,0.09864121675491333,1.7580320965498686,1.7580320965498686,0.996827581897378,4.385524725541472,631,100631,200631,1839097397,sfo,2512,2512,314,"[314, 314, 314, 314, 314, 314, 314, 314]",1703936,314,314,-0.8413307666778564,0.013145764358341694,0.1,formal,formal/partials/NOG-FO-NONOPT__m8__seed631__cfg0788f1cf7cd9.json
NOG-FO-NONOPT,NOG-nonopt,336,336,168,8,y_bar,0.1,0.1,0.1,2,1.0,0.1302822232246399,3.8026332203298807,3.8026332203298807,2.8271981440484524,8.266453545540571,631,100631,200631,1839097397,sfo,2704,2704,338,"[338, 338, 338, 338, 338, 338, 338, 338]",1835008,338,338,-0.840822160243988,0.013235091231763363,0.1,formal,formal/partials/.NOG-FO-NONOPT__m8__seed631__cfg0788f1cf7cd9.c45e48b2a60f440b8c063a672c599e71.work.json
NOG-FO-NONOPT,NOG-nonopt,336,336,168,8,y_bar,0.1,0.1,0.1,2,1.0,0.1302822232246399,1.9172104187309742,1.9172104187309742,1.1008031908422709,4.715364126488566,631,100631,200631,1839097397,sfo,2704,2704,338,"[338, 338, 338, 338, 338, 338, 338, 338]",1835008,338,338,-0.840822160243988,0.013235091231763363,0.1,formal,formal/partials/NOG-FO-NONOPT__m8__seed631__cfg0788f1cf7cd9.json
NOG-FO-NONOPT,NOG-nonopt,360,360,180,8,y_bar,0.1,0.1,0.1,2,1.0,0.13360615074634552,3.9957085717469454,3.9957085717469454,2.967664794996381,8.892026875168085,631,100631,200631,1839097397,sfo,2896,2896,362,"[362, 362, 362, 362, 362, 362, 362, 362]",1966080,362,362,-0.8410055041313171,0.01268939021974802,0.1,formal,formal/partials/.NOG-FO-NONOPT__m8__seed631__cfg0788f1cf7cd9.c45e48b2a60f440b8c063a672c599e71.work.json
NOG-FO-NONOPT,NOG-nonopt,360,360,180,8,y_bar,0.1,0.1,0.1,2,1.0,0.13360615074634552,2.0599394775927067,2.0599394775927067,1.1889864653348923,5.048427499830723,631,100631,200631,1839097397,sfo,2896,2896,362,"[362, 362, 362, 362, 362, 362, 362, 362]",1966080,362,362,-0.8410055041313171,0.01268939021974802,0.1,formal,formal/partials/NOG-FO-NONOPT__m8__seed631__cfg0788f1cf7cd9.json
NOG-FO-NONOPT,NOG-nonopt,384,384,192,8,y_bar,0.1,0.1,0.1,2,1.0,0.13557817041873932,4.176984461024404,4.176984461024404,3.0950640439987183,9.496534310281277,631,100631,200631,1839097397,sfo,3088,3088,386,"[386, 386, 386, 386, 386, 386, 386, 386]",2097152,386,386,-0.8403375744819641,0.014733982272446156,0.1,formal,formal/partials/.NOG-FO-NONOPT__m8__seed631__cfg0788f1cf7cd9.c45e48b2a60f440b8c063a672c599e71.work.json
NOG-FO-NONOPT,NOG-nonopt,384,384,192,8,y_bar,0.1,0.1,0.1,2,1.0,0.13557817041873932,2.1905787736177444,2.1905787736177444,1.267785893753171,5.386638220399618,631,100631,200631,1839097397,sfo,3088,3088,386,"[386, 386, 386, 386, 386, 386, 386, 386]",2097152,386,386,-0.8403375744819641,0.014733982272446156,0.1,formal,formal/partials/NOG-FO-NONOPT__m8__seed631__cfg0788f1cf7cd9.json
NOG-FO-NONOPT,NOG-nonopt,408,408,204,8,y_bar,0.1,0.1,0.1,2,1.0,0.10989530384540558,4.368568541482091,4.368568541482091,3.2335057612508535,10.12354170717299,631,100631,200631,1839097397,sfo,3280,3280,410,"[410, 410, 410, 410, 410, 410, 410, 410]",2228224,410,410,-0.8401485085487366,0.014800806529819965,0.1,formal,formal/partials/.NOG-FO-NONOPT__m8__seed631__cfg0788f1cf7cd9.c45e48b2a60f440b8c063a672c599e71.work.json
NOG-FO-NONOPT,NOG-nonopt,408,408,204,8,y_bar,0.1,0.1,0.1,2,1.0,0.10989530384540558,2.338644068688154,2.338644068688154,1.3613071329891682,5.723100000992417,631,100631,200631,1839097397,sfo,3280,3280,410,"[410, 410, 410, 410, 410, 410, 410, 410]",2228224,410,410,-0.8401485085487366,0.014800806529819965,0.1,formal,formal/partials/NOG-FO-NONOPT__m8__seed631__cfg0788f1cf7cd9.json
NOG-FO-NONOPT,NOG-nonopt,432,432,216,8,y_bar,0.1,0.1,0.1,2,1.0,0.14931263029575348,4.605424448847771,4.605424448847771,3.3785697389394045,11.012905245646834,631,100631,200631,1839097397,sfo,3472,3472,434,"[434, 434, 434, 434, 434, 434, 434, 434]",2359296,434,434,-0.8405709266662598,0.014180494472384453,0.1,formal,formal/partials/.NOG-FO-NONOPT__m8__seed631__cfg0788f1cf7cd9.c45e48b2a60f440b8c063a672c599e71.work.json
NOG-FO-NONOPT,NOG-nonopt,432,432,216,8,y_bar,0.1,0.1,0.1,2,1.0,0.14931263029575348,2.4741618167608976,2.4741618167608976,1.4442398454993963,6.054680932313204,631,100631,200631,1839097397,sfo,3472,3472,434,"[434, 434, 434, 434, 434, 434, 434, 434]",2359296,434,434,-0.8405709266662598,0.014180494472384453,0.1,formal,formal/partials/NOG-FO-NONOPT__m8__seed631__cfg0788f1cf7cd9.json
NOG-FO-NONOPT,NOG-nonopt,456,456,228,8,y_bar,0.1,0.1,0.1,2,1.0,0.11259198188781738,4.932977041229606,4.932977041229606,3.583380376920104,11.796238038688898,631,100631,200631,1839097397,sfo,3664,3664,458,"[458, 458, 458, 458, 458, 458, 458, 458]",2490368,458,458,-0.8407045602798462,0.012868701480329037,0.1,formal,formal/partials/.NOG-FO-NONOPT__m8__seed631__cfg0788f1cf7cd9.c45e48b2a60f440b8c063a672c599e71.work.json
NOG-FO-NONOPT,NOG-nonopt,456,456,228,8,y_bar,0.1,0.1,0.1,2,1.0,0.11259198188781738,2.611575309187174,2.611575309187174,1.527565335854888,6.390005173161626,631,100631,200631,1839097397,sfo,3664,3664,458,"[458, 458, 458, 458, 458, 458, 458, 458]",2490368,458,458,-0.8407045602798462,0.012868701480329037,0.1,formal,formal/partials/NOG-FO-NONOPT__m8__seed631__cfg0788f1cf7cd9.json
NOG-FO-NONOPT,NOG-nonopt,480,480,240,8,y_bar,0.1,0.1,0.1,2,1.0,0.11409877985715866,5.231015836820006,5.231015836820006,3.826088272035122,12.788589322939515,631,100631,200631,1839097397,sfo,3856,3856,482,"[482, 482, 482, 482, 482, 482, 482, 482]",2621440,482,482,-0.8409959673881531,0.012597201392054558,0.1,formal,formal/partials/.NOG-FO-NONOPT__m8__seed631__cfg0788f1cf7cd9.c45e48b2a60f440b8c063a672c599e71.work.json
NOG-FO-NONOPT,NOG-nonopt,480,480,240,8,y_bar,0.1,0.1,0.1,2,1.0,0.11409877985715866,2.7386134304106236,2.7386134304106236,1.6034752689301968,6.712979301810265,631,100631,200631,1839097397,sfo,3856,3856,482,"[482, 482, 482, 482, 482, 482, 482, 482]",2621440,482,482,-0.8409959673881531,0.012597201392054558,0.1,formal,formal/partials/NOG-FO-NONOPT__m8__seed631__cfg0788f1cf7cd9.json
NOG-FO-NONOPT,NOG-nonopt,504,504,252,8,y_bar,0.1,0.1,0.1,2,1.0,0.08720093220472336,5.718675434589386,5.718675434589386,4.1034823432564735,14.570762351155281,631,100631,200631,1839097397,sfo,4048,4048,506,"[506, 506, 506, 506, 506, 506, 506, 506]",2752512,506,506,-0.8411853909492493,0.011594703420996666,0.1,formal,formal/partials/.NOG-FO-NONOPT__m8__seed631__cfg0788f1cf7cd9.c45e48b2a60f440b8c063a672c599e71.work.json
NOG-FO-NONOPT,NOG-nonopt,504,504,252,8,y_bar,0.1,0.1,0.1,2,1.0,0.08720093220472336,2.868555346503854,2.868555346503854,1.6809451933950186,7.025416925549507,631,100631,200631,1839097397,sfo,4048,4048,506,"[506, 506, 506, 506, 506, 506, 506, 506]",2752512,506,506,-0.8411853909492493,0.011594703420996666,0.1,formal,formal/partials/NOG-FO-NONOPT__m8__seed631__cfg0788f1cf7cd9.json
NOG-FO-NONOPT,NOG-nonopt,528,528,264,8,y_bar,0.1,0.1,0.1,2,1.0,0.14202666282653809,6.027009338140488,6.027009338140488,4.291917452588677,15.417106971144676,631,100631,200631,1839097397,sfo,4240,4240,530,"[530, 530, 530, 530, 530, 530, 530, 530]",2883584,530,530,-0.8412544131278992,0.013035690411925316,0.1,formal,formal/partials/.NOG-FO-NONOPT__m8__seed631__cfg0788f1cf7cd9.c45e48b2a60f440b8c063a672c599e71.work.json
NOG-FO-NONOPT,NOG-nonopt,528,528,264,8,y_bar,0.1,0.1,0.1,2,1.0,0.14202666282653809,2.985609883442521,2.985609883442521,1.7448670025914907,7.356309333816171,631,100631,200631,1839097397,sfo,4240,4240,530,"[530, 530, 530, 530, 530, 530, 530, 530]",2883584,530,530,-0.8412544131278992,0.013035690411925316,0.1,formal,formal/partials/NOG-FO-NONOPT__m8__seed631__cfg0788f1cf7cd9.json
NOG-FO-NONOPT,NOG-nonopt,552,552,276,8,y_bar,0.1,0.1,0.1,2,1.0,0.11494796723127365,6.355717910453677,6.355717910453677,4.556273302063346,16.334680577740073,631,100631,200631,1839097397,sfo,4432,4432,554,"[554, 554, 554, 554, 554, 554, 554, 554]",3014656,554,554,-0.8420418500900269,0.011075586080551147,0.1,formal,formal/partials/.NOG-FO-NONOPT__m8__seed631__cfg0788f1cf7cd9.c45e48b2a60f440b8c063a672c599e71.work.json
NOG-FO-NONOPT,NOG-nonopt,552,552,276,8,y_bar,0.1,0.1,0.1,2,1.0,0.11494796723127365,3.1210612431168556,3.1210612431168556,1.8286945652216673,7.687153806909919,631,100631,200631,1839097397,sfo,4432,4432,554,"[554, 554, 554, 554, 554, 554, 554, 554]",3014656,554,554,-0.8420418500900269,0.011075586080551147,0.1,formal,formal/partials/NOG-FO-NONOPT__m8__seed631__cfg0788f1cf7cd9.json
NOG-FO-NONOPT,NOG-nonopt,576,576,288,8,y_bar,0.1,0.1,0.1,2,1.0,0.14023885130882263,6.716312795877457,6.716312795877457,4.855062836781144,17.16494324617088,631,100631,200631,1839097397,sfo,4624,4624,578,"[578, 578, 578, 578, 578, 578, 578, 578]",3145728,578,578,-0.8408384323120117,0.015992727130651474,0.1,formal,formal/partials/.NOG-FO-NONOPT__m8__seed631__cfg0788f1cf7cd9.c45e48b2a60f440b8c063a672c599e71.work.json
NOG-FO-NONOPT,NOG-nonopt,576,576,288,8,y_bar,0.1,0.1,0.1,2,1.0,0.14023885130882263,3.2559698671102524,3.2559698671102524,1.9118190575391054,8.00131300650537,631,100631,200631,1839097397,sfo,4624,4624,578,"[578, 578, 578, 578, 578, 578, 578, 578]",3145728,578,578,-0.8408384323120117,0.015992727130651474,0.1,formal,formal/partials/NOG-FO-NONOPT__m8__seed631__cfg0788f1cf7cd9.json
NOG-FO-NONOPT,NOG-nonopt,600,600,300,8,y_bar,0.1,0.1,0.1,2,1.0,0.12662415206432343,7.072567500174046,7.072567500174046,5.051212707534432,18.681907810270786,631,100631,200631,1839097397,sfo,4816,4816,602,"[602, 602, 602, 602, 602, 602, 602, 602]",3276800,602,602,-0.8414309024810791,0.011965449899435043,0.1,formal,formal/partials/.NOG-FO-NONOPT__m8__seed631__cfg0788f1cf7cd9.c45e48b2a60f440b8c063a672c599e71.work.json
NOG-FO-NONOPT,NOG-nonopt,600,600,300,8,y_bar,0.1,0.1,0.1,2,1.0,0.12662415206432343,3.3855444230139256,3.3855444230139256,1.9913177266716957,8.32731949724257,631,100631,200631,1839097397,sfo,4816,4816,602,"[602, 602, 602, 602, 602, 602, 602, 602]",3276800,602,602,-0.8414309024810791,0.011965449899435043,0.1,formal,formal/partials/NOG-FO-NONOPT__m8__seed631__cfg0788f1cf7cd9.json
NOG-FO-NONOPT,NOG-nonopt,624,624,312,8,y_bar,0.1,0.1,0.1,2,1.0,0.12904740869998932,7.389236178249121,7.389236178249121,5.192923903465271,19.43338807299733,631,100631,200631,1839097397,sfo,5008,5008,626,"[626, 626, 626, 626, 626, 626, 626, 626]",3407872,626,626,-0.8415772318840027,0.013248332776129246,0.1,formal,formal/partials/.NOG-FO-NONOPT__m8__seed631__cfg0788f1cf7cd9.c45e48b2a60f440b8c063a672c599e71.work.json
NOG-FO-NONOPT,NOG-nonopt,624,624,312,8,y_bar,0.1,0.1,0.1,2,1.0,0.12904740869998932,3.5154750142246485,3.5154750142246485,2.0684325639158487,8.656576732173562,631,100631,200631,1839097397,sfo,5008,5008,626,"[626, 626, 626, 626, 626, 626, 626, 626]",3407872,626,626,-0.8415772318840027,0.013248332776129246,0.1,formal,formal/partials/NOG-FO-NONOPT__m8__seed631__cfg0788f1cf7cd9.json
NOG-FO-NONOPT,NOG-nonopt,648,648,324,8,y_bar,0.1,0.1,0.1,2,1.0,0.11483120173215866,7.5558042377233505,7.5558042377233505,5.3027966395020485,20.19751614332199,631,100631,200631,1839097397,sfo,5200,5200,650,"[650, 650, 650, 650, 650, 650, 650, 650]",3538944,650,650,-0.8408789038658142,0.015438927337527275,0.1,formal,formal/partials/.NOG-FO-NONOPT__m8__seed631__cfg0788f1cf7cd9.c45e48b2a60f440b8c063a672c599e71.work.json
NOG-FO-NONOPT,NOG-nonopt,648,648,324,8,y_bar,0.1,0.1,0.1,2,1.0,0.11483120173215866,3.6481670644134283,3.6481670644134283,2.148671543225646,8.981668783351779,631,100631,200631,1839097397,sfo,5200,5200,650,"[650, 650, 650, 650, 650, 650, 650, 650]",3538944,650,650,-0.8408789038658142,0.015438927337527275,0.1,formal,formal/partials/NOG-FO-NONOPT__m8__seed631__cfg0788f1cf7cd9.json
NOG-FO-NONOPT,NOG-nonopt,672,672,336,8,y_bar,0.1,0.1,0.1,2,1.0,0.10017446428537369,7.857966082170606,7.857966082170606,5.546399049460888,20.83177231438458,631,100631,200631,1839097397,sfo,5392,5392,674,"[674, 674, 674, 674, 674, 674, 674, 674]",3670016,674,674,-0.8407303690910339,0.015531688928604126,0.1,formal,formal/partials/.NOG-FO-NONOPT__m8__seed631__cfg0788f1cf7cd9.c45e48b2a60f440b8c063a672c599e71.work.json
NOG-FO-NONOPT,NOG-nonopt,672,672,336,8,y_bar,0.1,0.1,0.1,2,1.0,0.10017446428537369,3.7845003213733435,3.7845003213733435,2.2307796999812126,9.306457651779056,631,100631,200631,1839097397,sfo,5392,5392,674,"[674, 674, 674, 674, 674, 674, 674, 674]",3670016,674,674,-0.8407303690910339,0.015531688928604126,0.1,formal,formal/partials/NOG-FO-NONOPT__m8__seed631__cfg0788f1cf7cd9.json
NOG-FO-NONOPT,NOG-nonopt,696,696,348,8,y_bar,0.1,0.1,0.1,2,1.0,0.10877330601215363,8.203101651743054,8.203101651743054,5.760750036686659,21.46465330198407,631,100631,200631,1839097397,sfo,5584,5584,698,"[698, 698, 698, 698, 698, 698, 698, 698]",3801088,698,698,-0.84102863073349,0.013703199103474617,0.1,formal,formal/partials/.NOG-FO-NONOPT__m8__seed631__cfg0788f1cf7cd9.c45e48b2a60f440b8c063a672c599e71.work.json
NOG-FO-NONOPT,NOG-nonopt,696,696,348,8,y_bar,0.1,0.1,0.1,2,1.0,0.10877330601215363,3.931617995724082,3.931617995724082,2.324480500072241,9.633811112493277,631,100631,200631,1839097397,sfo,5584,5584,698,"[698, 698, 698, 698, 698, 698, 698, 698]",3801088,698,698,-0.84102863073349,0.013703199103474617,0.1,formal,formal/partials/NOG-FO-NONOPT__m8__seed631__cfg0788f1cf7cd9.json
NOG-FO-NONOPT,NOG-nonopt,720,720,360,8,y_bar,0.1,0.1,0.1,2,1.0,0.13261772692203522,8.570352649316192,8.570352649316192,6.072337882593274,22.01418728940189,631,100631,200631,1839097397,sfo,5776,5776,722,"[722, 722, 722, 722, 722, 722, 722, 722]",3932160,722,722,-0.8410418629646301,0.012470923364162445,0.1,formal,formal/partials/.NOG-FO-NONOPT__m8__seed631__cfg0788f1cf7cd9.c45e48b2a60f440b8c063a672c599e71.work.json
NOG-FO-NONOPT,NOG-nonopt,720,720,360,8,y_bar,0.1,0.1,0.1,2,1.0,0.13261772692203522,4.066814107820392,4.066814107820392,2.4063718654215336,9.964540101587772,631,100631,200631,1839097397,sfo,5776,5776,722,"[722, 722, 722, 722, 722, 722, 722, 722]",3932160,722,722,-0.8410418629646301,0.012470923364162445,0.1,formal,formal/partials/NOG-FO-NONOPT__m8__seed631__cfg0788f1cf7cd9.json
NOG-FO-NONOPT,NOG-nonopt,744,744,372,8,y_bar,0.1,0.1,0.1,2,1.0,0.107996366918087,8.998574713245034,8.998574713245034,6.374202787876129,22.570294678211212,631,100631,200631,1839097397,sfo,5968,5968,746,"[746, 746, 746, 746, 746, 746, 746, 746]",4063232,746,746,-0.8417385816574097,0.010726947337388992,0.1,formal,formal/partials/.NOG-FO-NONOPT__m8__seed631__cfg0788f1cf7cd9.c45e48b2a60f440b8c063a672c599e71.work.json
NOG-FO-NONOPT,NOG-nonopt,744,744,372,8,y_bar,0.1,0.1,0.1,2,1.0,0.107996366918087,4.187463091686368,4.187463091686368,2.4752742275595665,10.301074180752039,631,100631,200631,1839097397,sfo,5968,5968,746,"[746, 746, 746, 746, 746, 746, 746, 746]",4063232,746,746,-0.8417385816574097,0.010726947337388992,0.1,formal,formal/partials/NOG-FO-NONOPT__m8__seed631__cfg0788f1cf7cd9.json
NOG-FO-NONOPT,NOG-nonopt,768,768,384,8,y_bar,0.1,0.1,0.1,2,1.0,0.10676795989274979,9.340674603357911,9.340674603357911,6.660479968413711,23.11527338065207,631,100631,200631,1839097397,sfo,6160,6160,770,"[770, 770, 770, 770, 770, 770, 770, 770]",4194304,770,770,-0.8412579298019409,0.012354676611721516,0.1,formal,formal/partials/.NOG-FO-NONOPT__m8__seed631__cfg0788f1cf7cd9.c45e48b2a60f440b8c063a672c599e71.work.json
NOG-FO-NONOPT,NOG-nonopt,768,768,384,8,y_bar,0.1,0.1,0.1,2,1.0,0.10676795989274979,4.329590694978833,4.329590694978833,2.567239284515381,10.64728463627398,631,100631,200631,1839097397,sfo,6160,6160,770,"[770, 770, 770, 770, 770, 770, 770, 770]",4194304,770,770,-0.8412579298019409,0.012354676611721516,0.1,formal,formal/partials/NOG-FO-NONOPT__m8__seed631__cfg0788f1cf7cd9.json
NOG-FO-NONOPT,NOG-nonopt,792,792,396,8,y_bar,0.1,0.1,0.1,2,1.0,0.13364960253238678,9.69253097102046,9.69253097102046,6.957180103287101,23.66788572818041,631,100631,200631,1839097397,sfo,6352,6352,794,"[794, 794, 794, 794, 794, 794, 794, 794]",4325376,794,794,-0.8411552906036377,0.012391272000968456,0.1,formal,formal/partials/.NOG-FO-NONOPT__m8__seed631__cfg0788f1cf7cd9.c45e48b2a60f440b8c063a672c599e71.work.json
NOG-FO-NONOPT,NOG-nonopt,792,792,396,8,y_bar,0.1,0.1,0.1,2,1.0,0.13364960253238678,4.475928837433457,4.475928837433457,2.6601638812571764,10.975881297141314,631,100631,200631,1839097397,sfo,6352,6352,794,"[794, 794, 794, 794, 794, 794, 794, 794]",4325376,794,794,-0.8411552906036377,0.012391272000968456,0.1,formal,formal/partials/NOG-FO-NONOPT__m8__seed631__cfg0788f1cf7cd9.json
NOG-FO-NONOPT,NOG-nonopt,816,816,408,8,y_bar,0.1,0.1,0.1,2,1.0,0.1358737349510193,10.030953995883465,10.030953995883465,7.166834624484181,24.265454433858395,631,100631,200631,1839097397,sfo,6544,6544,818,"[818, 818, 818, 818, 818, 818, 818, 818]",4456448,818,818,-0.8404408693313599,0.01518123596906662,0.1,formal,formal/partials/.NOG-FO-NONOPT__m8__seed631__cfg0788f1cf7cd9.c45e48b2a60f440b8c063a672c599e71.work.json
NOG-FO-NONOPT,NOG-nonopt,816,816,408,8,y_bar,0.1,0.1,0.1,2,1.0,0.1358737349510193,4.630692193284631,4.630692193284631,2.7622913252562284,11.30951864272356,631,100631,200631,1839097397,sfo,6544,6544,818,"[818, 818, 818, 818, 818, 818, 818, 818]",4456448,818,818,-0.8404408693313599,0.01518123596906662,0.1,formal,formal/partials/NOG-FO-NONOPT__m8__seed631__cfg0788f1cf7cd9.json
NOG-FO-NONOPT,NOG-nonopt,840,840,420,8,y_bar,0.1,0.1,0.1,2,1.0,0.13606709241867065,10.33212118037045,10.33212118037045,7.360172864049673,25.001843098551035,631,100631,200631,1839097397,sfo,6736,6736,842,"[842, 842, 842, 842, 842, 842, 842, 842]",4587520,842,842,-0.8408878445625305,0.012626318261027336,0.1,formal,formal/partials/.NOG-FO-NONOPT__m8__seed631__cfg0788f1cf7cd9.c45e48b2a60f440b8c063a672c599e71.work.json
NOG-FO-NONOPT,NOG-nonopt,840,840,420,8,y_bar,0.1,0.1,0.1,2,1.0,0.13606709241867065,4.762785103172064,4.762785103172064,2.8427480366081,11.643495596945286,631,100631,200631,1839097397,sfo,6736,6736,842,"[842, 842, 842, 842, 842, 842, 842, 842]",4587520,842,842,-0.8408878445625305,0.012626318261027336,0.1,formal,formal/partials/NOG-FO-NONOPT__m8__seed631__cfg0788f1cf7cd9.json
NOG-FO-NONOPT,NOG-nonopt,864,864,432,8,y_bar,0.1,0.1,0.1,2,1.0,0.1300327330827713,10.743121949955821,10.743121949955821,7.5704697370529175,25.92076224833727,631,100631,200631,1839097397,sfo,6928,6928,866,"[866, 866, 866, 866, 866, 866, 866, 866]",4718592,866,866,-0.841143012046814,0.011823352426290512,0.1,formal,formal/partials/.NOG-FO-NONOPT__m8__seed631__cfg0788f1cf7cd9.c45e48b2a60f440b8c063a672c599e71.work.json
NOG-FO-NONOPT,NOG-nonopt,864,864,432,8,y_bar,0.1,0.1,0.1,2,1.0,0.1300327330827713,4.883656768128276,4.883656768128276,2.9300657398998737,11.961287457495928,631,100631,200631,1839097397,sfo,6928,6928,866,"[866, 866, 866, 866, 866, 866, 866, 866]",4718592,866,866,-0.841143012046814,0.011823352426290512,0.1,formal,formal/partials/NOG-FO-NONOPT__m8__seed631__cfg0788f1cf7cd9.json
NOG-FO-NONOPT,NOG-nonopt,888,888,444,8,y_bar,0.1,0.1,0.1,2,1.0,0.14814476668834686,11.208511894568801,11.208511894568801,7.894590949639678,26.84433101117611,631,100631,200631,1839097397,sfo,7120,7120,890,"[890, 890, 890, 890, 890, 890, 890, 890]",4849664,890,890,-0.8415151834487915,0.011264688335359097,0.1,formal,formal/partials/.NOG-FO-NONOPT__m8__seed631__cfg0788f1cf7cd9.c45e48b2a60f440b8c063a672c599e71.work.json
NOG-FO-NONOPT,NOG-nonopt,888,888,444,8,y_bar,0.1,0.1,0.1,2,1.0,0.14814476668834686,5.012861067429185,5.012861067429185,3.0090738981962204,12.270573990419507,631,100631,200631,1839097397,sfo,7120,7120,890,"[890, 890, 890, 890, 890, 890, 890, 890]",4849664,890,890,-0.8415151834487915,0.011264688335359097,0.1,formal,formal/partials/NOG-FO-NONOPT__m8__seed631__cfg0788f1cf7cd9.json
NOG-FO-NONOPT,NOG-nonopt,912,912,456,8,y_bar,0.1,0.1,0.1,2,1.0,0.11433044075965881,11.609300965443254,11.609300965443254,8.164998596534133,27.48241982795298,631,100631,200631,1839097397,sfo,7312,7312,914,"[914, 914, 914, 914, 914, 914, 914, 914]",4980736,914,914,-0.8414578437805176,0.011799280531704426,0.1,formal,formal/partials/.NOG-FO-NONOPT__m8__seed631__cfg0788f1cf7cd9.c45e48b2a60f440b8c063a672c599e71.work.json
NOG-FO-NONOPT,NOG-nonopt,912,912,456,8,y_bar,0.1,0.1,0.1,2,1.0,0.11433044075965881,5.13472118973732,5.13472118973732,3.0782640762627125,12.593321004882455,631,100631,200631,1839097397,sfo,7312,7312,914,"[914, 914, 914, 914, 914, 914, 914, 914]",4980736,914,914,-0.8414578437805176,0.011799280531704426,0.1,formal,formal/partials/NOG-FO-NONOPT__m8__seed631__cfg0788f1cf7cd9.json
NOG-FO-NONOPT,NOG-nonopt,936,936,468,8,y_bar,0.1,0.1,0.1,2,1.0,0.1144290491938591,11.74531820602715,11.74531820602715,8.241792052984238,28.387249387800694,631,100631,200631,1839097397,sfo,7504,7504,938,"[938, 938, 938, 938, 938, 938, 938, 938]",5111808,938,938,-0.8413311243057251,0.011867601424455643,0.1,formal,formal/partials/.NOG-FO-NONOPT__m8__seed631__cfg0788f1cf7cd9.c45e48b2a60f440b8c063a672c599e71.work.json
NOG-FO-NONOPT,NOG-nonopt,936,936,468,8,y_bar,0.1,0.1,0.1,2,1.0,0.1144290491938591,5.268474576994777,5.268474576994777,3.1580557487905025,12.934838589280844,631,100631,200631,1839097397,sfo,7504,7504,938,"[938, 938, 938, 938, 938, 938, 938, 938]",5111808,938,938,-0.8413311243057251,0.011867601424455643,0.1,formal,formal/partials/NOG-FO-NONOPT__m8__seed631__cfg0788f1cf7cd9.json
NOG-FO-NONOPT,NOG-nonopt,960,960,480,8,y_bar,0.1,0.1,0.1,2,1.0,0.10300204902887344,12.31883081421256,12.31883081421256,8.680598901584744,29.515538699924946,631,100631,200631,1839097397,sfo,7696,7696,962,"[962, 962, 962, 962, 962, 962, 962, 962]",5242880,962,962,-0.8414973616600037,0.0117378244176507,0.1,formal,formal/partials/.NOG-FO-NONOPT__m8__seed631__cfg0788f1cf7cd9.c45e48b2a60f440b8c063a672c599e71.work.json
NOG-FO-NONOPT,NOG-nonopt,960,960,480,8,y_bar,0.1,0.1,0.1,2,1.0,0.10300204902887344,5.4010036792606115,5.4010036792606115,3.238045923411846,13.26246372051537,631,100631,200631,1839097397,sfo,7696,7696,962,"[962, 962, 962, 962, 962, 962, 962, 962]",5242880,962,962,-0.8414973616600037,0.0117378244176507,0.1,formal,formal/partials/NOG-FO-NONOPT__m8__seed631__cfg0788f1cf7cd9.json
NOG-FO-NONOPT,NOG-nonopt,24,24,12,8,y_bar,0.1,0.1,0.1,2,1.0,0.34793519973754883,0.3776420783251524,0.3776420783251524,0.30870817601680756,0.7706849481910467,632,100632,200632,644919101,sfo,208,208,26,"[26, 26, 26, 26, 26, 26, 26, 26]",131072,26,26,-0.16765977442264557,0.24199101328849792,0.1,formal,formal/partials/NOG-FO-NONOPT__m8__seed632__cfg2cee82def202.json
NOG-FO-NONOPT,NOG-nonopt,48,48,24,8,y_bar,0.1,0.1,0.1,2,1.0,0.35231131315231323,0.638085899874568,0.638085899874568,0.5106331463903189,1.092754565179348,632,100632,200632,644919101,sfo,400,400,50,"[50, 50, 50, 50, 50, 50, 50, 50]",262144,50,50,-0.3476920425891876,0.22333544492721558,0.1,formal,formal/partials/NOG-FO-NONOPT__m8__seed632__cfg2cee82def202.json
NOG-FO-NONOPT,NOG-nonopt,72,72,36,8,y_bar,0.1,0.1,0.1,2,1.0,0.286862313747406,0.7787478249520063,0.7787478249520063,0.5949000790715218,1.436446564272046,632,100632,200632,644919101,sfo,592,592,74,"[74, 74, 74, 74, 74, 74, 74, 74]",393216,74,74,-0.5010014176368713,0.19481077790260315,0.1,formal,formal/partials/NOG-FO-NONOPT__m8__seed632__cfg2cee82def202.json
NOG-FO-NONOPT,NOG-nonopt,96,96,48,8,y_bar,0.1,0.1,0.1,2,1.0,0.2362934947013855,1.0234985873103142,1.0234985873103142,0.7629895880818367,1.7818436287343502,632,100632,200632,644919101,sfo,784,784,98,"[98, 98, 98, 98, 98, 98, 98, 98]",524288,98,98,-0.6269455552101135,0.15878701210021973,0.1,formal,formal/partials/NOG-FO-NONOPT__m8__seed632__cfg2cee82def202.json
NOG-FO-NONOPT,NOG-nonopt,120,120,60,8,y_bar,0.1,0.1,0.1,2,1.0,0.20660118758678436,1.2708237115293741,1.2708237115293741,0.9375012628734112,2.156695054844022,632,100632,200632,644919101,sfo,976,976,122,"[122, 122, 122, 122, 122, 122, 122, 122]",655360,122,122,-0.7189121842384338,0.11971872299909592,0.1,formal,formal/partials/NOG-FO-NONOPT__m8__seed632__cfg2cee82def202.json
NOG-FO-NONOPT,NOG-nonopt,144,144,72,8,y_bar,0.1,0.1,0.1,2,1.0,0.18376974761486053,1.4897630903869867,1.4897630903869867,1.0886481832712889,2.564965482801199,632,100632,200632,644919101,sfo,1168,1168,146,"[146, 146, 146, 146, 146, 146, 146, 146]",786432,146,146,-0.7778326272964478,0.08249326050281525,0.1,formal,formal/partials/NOG-FO-NONOPT__m8__seed632__cfg2cee82def202.json
NOG-FO-NONOPT,NOG-nonopt,168,168,84,8,y_bar,0.1,0.1,0.1,2,1.0,0.1557217538356781,1.6844072863459587,1.6844072863459587,1.2241728231310844,2.942469507455826,632,100632,200632,644919101,sfo,1360,1360,170,"[170, 170, 170, 170, 170, 170, 170, 170]",917504,170,170,-0.8110299706459045,0.049650888890028,0.1,formal,formal/partials/NOG-FO-NONOPT__m8__seed632__cfg2cee82def202.json
NOG-FO-NONOPT,NOG-nonopt,192,192,96,8,y_bar,0.1,0.1,0.1,2,1.0,0.10963784158229828,1.927960343658924,1.927960343658924,1.359732462093234,3.3279324993491173,632,100632,200632,644919101,sfo,1552,1552,194,"[194, 194, 194, 194, 194, 194, 194, 194]",1048576,194,194,-0.8249105215072632,0.026164885610342026,0.1,formal,formal/partials/NOG-FO-NONOPT__m8__seed632__cfg2cee82def202.json
NOG-FO-NONOPT,NOG-nonopt,216,216,108,8,y_bar,0.1,0.1,0.1,2,1.0,0.14085721969604492,2.2037403397262096,2.2037403397262096,1.5576319135725498,3.641092162579298,632,100632,200632,644919101,sfo,1744,1744,218,"[218, 218, 218, 218, 218, 218, 218, 218]",1179648,218,218,-0.827367901802063,0.018037499859929085,0.1,formal,formal/partials/NOG-FO-NONOPT__m8__seed632__cfg2cee82def202.json
NOG-FO-NONOPT,NOG-nonopt,240,240,120,8,y_bar,0.1,0.1,0.1,2,1.0,0.1591559797525406,2.4768431186676025,2.4768431186676025,1.7599274069070816,3.970105428248644,632,100632,200632,644919101,sfo,1936,1936,242,"[242, 242, 242, 242, 242, 242, 242, 242]",1310720,242,242,-0.8275386691093445,0.016276119276881218,0.1,formal,formal/partials/NOG-FO-NONOPT__m8__seed632__cfg2cee82def202.json
NOG-FO-NONOPT,NOG-nonopt,264,264,132,8,y_bar,0.1,0.1,0.1,2,1.0,0.13261950016021729,2.671025013551116,2.671025013551116,1.8973509203642607,4.375518098473549,632,100632,200632,644919101,sfo,2128,2128,266,"[266, 266, 266, 266, 266, 266, 266, 266]",1441792,266,266,-0.8284555673599243,0.012784152291715145,0.1,formal,formal/partials/NOG-FO-NONOPT__m8__seed632__cfg2cee82def202.json
NOG-FO-NONOPT,NOG-nonopt,288,288,144,8,y_bar,0.1,0.1,0.1,2,1.0,0.11741094291210175,2.865731628611684,2.865731628611684,2.0407808292657137,4.745831795036793,632,100632,200632,644919101,sfo,2320,2320,290,"[290, 290, 290, 290, 290, 290, 290, 290]",1572864,290,290,-0.8285824656486511,0.011930152773857117,0.1,formal,formal/partials/NOG-FO-NONOPT__m8__seed632__cfg2cee82def202.json
NOG-FO-NONOPT,NOG-nonopt,312,312,156,8,y_bar,0.1,0.1,0.1,2,1.0,0.11098407208919525,3.0825996566563845,3.0825996566563845,2.164279518648982,5.143326472491026,632,100632,200632,644919101,sfo,2512,2512,314,"[314, 314, 314, 314, 314, 314, 314, 314]",1703936,314,314,-0.8278660774230957,0.013078873977065086,0.1,formal,formal/partials/NOG-FO-NONOPT__m8__seed632__cfg2cee82def202.json
NOG-FO-NONOPT,NOG-nonopt,336,336,168,8,y_bar,0.1,0.1,0.1,2,1.0,0.11857012659311295,3.3449511881917715,3.3449511881917715,2.3110866229981184,5.490954315289855,632,100632,200632,644919101,sfo,2704,2704,338,"[338, 338, 338, 338, 338, 338, 338, 338]",1835008,338,338,-0.8279282450675964,0.013174940831959248,0.1,formal,formal/partials/NOG-FO-NONOPT__m8__seed632__cfg2cee82def202.json
NOG-FO-NONOPT,NOG-nonopt,360,360,180,8,y_bar,0.1,0.1,0.1,2,1.0,0.1311149299144745,3.612444143742323,3.612444143742323,2.452649323269725,5.8834891226142645,632,100632,200632,644919101,sfo,2896,2896,362,"[362, 362, 362, 362, 362, 362, 362, 362]",1966080,362,362,-0.8281239867210388,0.012368731200695038,0.1,formal,formal/partials/NOG-FO-NONOPT__m8__seed632__cfg2cee82def202.json
NOG-FO-NONOPT,NOG-nonopt,384,384,192,8,y_bar,0.1,0.1,0.1,2,1.0,0.11908609420061111,3.902387224137783,3.902387224137783,2.6263447925448418,6.259111184626818,632,100632,200632,644919101,sfo,3088,3088,386,"[386, 386, 386, 386, 386, 386, 386, 386]",2097152,386,386,-0.8281289935112,0.012876199558377266,0.1,formal,formal/partials/NOG-FO-NONOPT__m8__seed632__cfg2cee82def202.json
NOG-FO-NONOPT,NOG-nonopt,408,408,204,8,y_bar,0.1,0.1,0.1,2,1.0,0.12703068554401398,4.223055699840188,4.223055699840188,2.882197169587016,6.654911193996668,632,100632,200632,644919101,sfo,3280,3280,410,"[410, 410, 410, 410, 410, 410, 410, 410]",2228224,410,410,-0.8276749849319458,0.013082207180559635,0.1,formal,formal/partials/NOG-FO-NONOPT__m8__seed632__cfg2cee82def202.json
NOG-FO-NONOPT,NOG-nonopt,432,432,216,8,y_bar,0.1,0.1,0.1,2,1.0,0.1407501995563507,4.604054672643542,4.604054672643542,3.1917160246521235,6.981592338532209,632,100632,200632,644919101,sfo,3472,3472,434,"[434, 434, 434, 434, 434, 434, 434, 434]",2359296,434,434,-0.8278939127922058,0.012811979278922081,0.1,formal,formal/partials/NOG-FO-NONOPT__m8__seed632__cfg2cee82def202.json
NOG-FO-NONOPT,NOG-nonopt,456,456,228,8,y_bar,0.1,0.1,0.1,2,1.0,0.1316106617450714,4.987940898165107,4.987940898165107,3.378130892291665,7.348380412906408,632,100632,200632,644919101,sfo,3664,3664,458,"[458, 458, 458, 458, 458, 458, 458, 458]",2490368,458,458,-0.8277630805969238,0.013864950276911259,0.1,formal,formal/partials/NOG-FO-NONOPT__m8__seed632__cfg2cee82def202.json
NOG-FO-NONOPT,NOG-nonopt,480,480,240,8,y_bar,0.1,0.1,0.1,2,1.0,0.1264922022819519,5.405911395326257,5.405911395326257,3.728840233758092,7.738014850765467,632,100632,200632,644919101,sfo,3856,3856,482,"[482, 482, 482, 482, 482, 482, 482, 482]",2621440,482,482,-0.8279377818107605,0.01286312099546194,0.1,formal,formal/partials/NOG-FO-NONOPT__m8__seed632__cfg2cee82def202.json
NOG-FO-NONOPT,NOG-nonopt,504,504,252,8,y_bar,0.1,0.1,0.1,2,1.0,0.12335214018821716,5.802873529493809,5.802873529493809,3.980743709951639,8.134812623262405,632,100632,200632,644919101,sfo,4048,4048,506,"[506, 506, 506, 506, 506, 506, 506, 506]",2752512,506,506,-0.8278951644897461,0.012258839793503284,0.1,formal,formal/partials/NOG-FO-NONOPT__m8__seed632__cfg2cee82def202.json
NOG-FO-NONOPT,NOG-nonopt,528,528,264,8,y_bar,0.1,0.1,0.1,2,1.0,0.12964962422847748,6.183653958141804,6.183653958141804,4.2401278875768185,8.659421857446432,632,100632,200632,644919101,sfo,4240,4240,530,"[530, 530, 530, 530, 530, 530, 530, 530]",2883584,530,530,-0.8279940485954285,0.012245425023138523,0.1,formal,formal/partials/NOG-FO-NONOPT__m8__seed632__cfg2cee82def202.json
NOG-FO-NONOPT,NOG-nonopt,552,552,276,8,y_bar,0.1,0.1,0.1,2,1.0,0.11613684147596359,6.741241393610835,6.741241393610835,4.508952129632235,8.991746263578534,632,100632,200632,644919101,sfo,4432,4432,554,"[554, 554, 554, 554, 554, 554, 554, 554]",3014656,554,554,-0.8281734585762024,0.012135407887399197,0.1,formal,formal/partials/NOG-FO-NONOPT__m8__seed632__cfg2cee82def202.json
NOG-FO-NONOPT,NOG-nonopt,576,576,288,8,y_bar,0.1,0.1,0.1,2,1.0,0.09918490052223206,7.134999889880419,7.134999889880419,4.78182777389884,9.580050529912114,632,100632,200632,644919101,sfo,4624,4624,578,"[578, 578, 578, 578, 578, 578, 578, 578]",3145728,578,578,-0.8287621140480042,0.011123798787593842,0.1,formal,formal/partials/NOG-FO-NONOPT__m8__seed632__cfg2cee82def202.json
NOG-FO-NONOPT,NOG-nonopt,600,600,300,8,y_bar,0.1,0.1,0.1,2,1.0,0.12546445429325104,7.606302740052342,7.606302740052342,5.193198660388589,10.812518397346139,632,100632,200632,644919101,sfo,4816,4816,602,"[602, 602, 602, 602, 602, 602, 602, 602]",3276800,602,602,-0.8288963437080383,0.011083776131272316,0.1,formal,formal/partials/NOG-FO-NONOPT__m8__seed632__cfg2cee82def202.json
NOG-FO-NONOPT,NOG-nonopt,624,624,312,8,y_bar,0.1,0.1,0.1,2,1.0,0.11979611963033676,8.078871129080653,8.078871129080653,5.457886207848787,11.250533593818545,632,100632,200632,644919101,sfo,5008,5008,626,"[626, 626, 626, 626, 626, 626, 626, 626]",3407872,626,626,-0.8285872936248779,0.011269190348684788,0.1,formal,formal/partials/NOG-FO-NONOPT__m8__seed632__cfg2cee82def202.json
NOG-FO-NONOPT,NOG-nonopt,648,648,324,8,y_bar,0.1,0.1,0.1,2,1.0,0.0996645912528038,8.491022245958447,8.491022245958447,5.809143608435988,11.670499129220843,632,100632,200632,644919101,sfo,5200,5200,650,"[650, 650, 650, 650, 650, 650, 650, 650]",3538944,650,650,-0.8280779123306274,0.012911779806017876,0.1,formal,formal/partials/NOG-FO-NONOPT__m8__seed632__cfg2cee82def202.json
NOG-FO-NONOPT,NOG-nonopt,672,672,336,8,y_bar,0.1,0.1,0.1,2,1.0,0.1057952344417572,8.950369209051132,8.950369209051132,6.211659800261259,12.140819342806935,632,100632,200632,644919101,sfo,5392,5392,674,"[674, 674, 674, 674, 674, 674, 674, 674]",3670016,674,674,-0.8279149532318115,0.01220486406236887,0.1,formal,formal/partials/NOG-FO-NONOPT__m8__seed632__cfg2cee82def202.json
NOG-FO-NONOPT,NOG-nonopt,696,696,348,8,y_bar,0.1,0.1,0.1,2,1.0,0.13158254325389862,9.358346151188016,9.358346151188016,6.422459786757827,13.301768885925412,632,100632,200632,644919101,sfo,5584,5584,698,"[698, 698, 698, 698, 698, 698, 698, 698]",3801088,698,698,-0.828021228313446,0.012618046253919601,0.1,formal,formal/partials/NOG-FO-NONOPT__m8__seed632__cfg2cee82def202.json
NOG-FO-NONOPT,NOG-nonopt,720,720,360,8,y_bar,0.1,0.1,0.1,2,1.0,0.1250818520784378,9.59154356829822,9.59154356829822,6.593787919729948,13.649856120347977,632,100632,200632,644919101,sfo,5776,5776,722,"[722, 722, 722, 722, 722, 722, 722, 722]",3932160,722,722,-0.8281528949737549,0.011974395252764225,0.1,formal,formal/partials/NOG-FO-NONOPT__m8__seed632__cfg2cee82def202.json
NOG-FO-NONOPT,NOG-nonopt,744,744,372,8,y_bar,0.1,0.1,0.1,2,1.0,0.11391205340623856,9.764357056468725,9.764357056468725,6.71308440156281,14.014878561720252,632,100632,200632,644919101,sfo,5968,5968,746,"[746, 746, 746, 746, 746, 746, 746, 746]",4063232,746,746,-0.828824520111084,0.010920056141912937,0.1,formal,formal/partials/NOG-FO-NONOPT__m8__seed632__cfg2cee82def202.json
NOG-FO-NONOPT,NOG-nonopt,768,768,384,8,y_bar,0.1,0.1,0.1,2,1.0,0.09510055184364319,9.949920896440744,9.949920896440744,6.841362357139587,14.333552055060863,632,100632,200632,644919101,sfo,6160,6160,770,"[770, 770, 770, 770, 770, 770, 770, 770]",4194304,770,770,-0.8288969397544861,0.011353832669556141,0.1,formal,formal/partials/NOG-FO-NONOPT__m8__seed632__cfg2cee82def202.json
NOG-FO-NONOPT,NOG-nonopt,792,792,396,8,y_bar,0.1,0.1,0.1,2,1.0,0.16264674067497253,10.077190039679408,10.077190039679408,6.917785380035639,14.724710235372186,632,100632,200632,644919101,sfo,6352,6352,794,"[794, 794, 794, 794, 794, 794, 794, 794]",4325376,794,794,-0.8291425704956055,0.011506034061312675,0.1,formal,formal/partials/NOG-FO-NONOPT__m8__seed632__cfg2cee82def202.json
NOG-FO-NONOPT,NOG-nonopt,816,816,408,8,y_bar,0.1,0.1,0.1,2,1.0,0.148756206035614,10.25287420116365,10.25287420116365,7.040016490966082,15.117388878017664,632,100632,200632,644919101,sfo,6544,6544,818,"[818, 818, 818, 818, 818, 818, 818, 818]",4456448,818,818,-0.829005777835846,0.012329954653978348,0.1,formal,formal/partials/NOG-FO-NONOPT__m8__seed632__cfg2cee82def202.json
NOG-FO-NONOPT,NOG-nonopt,840,840,420,8,y_bar,0.1,0.1,0.1,2,1.0,0.12411776185035706,10.42700601927936,10.42700601927936,7.1626074109226465,15.5199553668499,632,100632,200632,644919101,sfo,6736,6736,842,"[842, 842, 842, 842, 842, 842, 842, 842]",4587520,842,842,-0.8291016221046448,0.011367964558303356,0.1,formal,formal/partials/NOG-FO-NONOPT__m8__seed632__cfg2cee82def202.json
NOG-FO-NONOPT,NOG-nonopt,864,864,432,8,y_bar,0.1,0.1,0.1,2,1.0,0.13378018140792847,10.622343696653843,10.622343696653843,7.300130099058151,15.920919800177217,632,100632,200632,644919101,sfo,6928,6928,866,"[866, 866, 866, 866, 866, 866, 866, 866]",4718592,866,866,-0.8282589912414551,0.013274610973894596,0.1,formal,formal/partials/NOG-FO-NONOPT__m8__seed632__cfg2cee82def202.json
NOG-FO-NONOPT,NOG-nonopt,888,888,444,8,y_bar,0.1,0.1,0.1,2,1.0,0.08881513774394989,10.848725240677595,10.848725240677595,7.370102008804679,16.305384006351233,632,100632,200632,644919101,sfo,7120,7120,890,"[890, 890, 890, 890, 890, 890, 890, 890]",4849664,890,890,-0.8282148838043213,0.013404790312051773,0.1,formal,formal/partials/NOG-FO-NONOPT__m8__seed632__cfg2cee82def202.json
NOG-FO-NONOPT,NOG-nonopt,912,912,456,8,y_bar,0.1,0.1,0.1,2,1.0,0.12354772537946701,11.136443249881268,11.136443249881268,7.545090705156326,16.68199196085334,632,100632,200632,644919101,sfo,7312,7312,914,"[914, 914, 914, 914, 914, 914, 914, 914]",4980736,914,914,-0.8288334608078003,0.012562325224280357,0.1,formal,formal/partials/NOG-FO-NONOPT__m8__seed632__cfg2cee82def202.json
NOG-FO-NONOPT,NOG-nonopt,936,936,468,8,y_bar,0.1,0.1,0.1,2,1.0,0.1085277870297432,11.445848800241947,11.445848800241947,7.732547892257571,17.008209252730012,632,100632,200632,644919101,sfo,7504,7504,938,"[938, 938, 938, 938, 938, 938, 938, 938]",5111808,938,938,-0.8287448883056641,0.012508233077824116,0.1,formal,formal/partials/NOG-FO-NONOPT__m8__seed632__cfg2cee82def202.json
NOG-FO-NONOPT,NOG-nonopt,960,960,480,8,y_bar,0.1,0.1,0.1,2,1.0,0.13424327969551086,11.816629387438297,11.816629387438297,7.957823947072029,17.320949628949165,632,100632,200632,644919101,sfo,7696,7696,962,"[962, 962, 962, 962, 962, 962, 962, 962]",5242880,962,962,-0.8286247253417969,0.01369287446141243,0.1,formal,formal/partials/NOG-FO-NONOPT__m8__seed632__cfg2cee82def202.json
NOG-FO-NONOPT,NOG-nonopt,24,24,12,8,y_bar,0.1,0.1,0.1,2,1.0,0.3040696680545807,0.18229486420750618,0.18229486420750618,0.10054463148117065,0.39572557620704174,633,100633,200633,1956447662,sfo,208,208,26,"[26, 26, 26, 26, 26, 26, 26, 26]",131072,26,26,-0.17141349613666534,0.24316099286079407,0.1,formal,formal/partials/NOG-FO-NONOPT__m8__seed633__cfg318058978d70.json
NOG-FO-NONOPT,NOG-nonopt,48,48,24,8,y_bar,0.1,0.1,0.1,2,1.0,0.3224424123764038,0.3500311803072691,0.3500311803072691,0.21445547603070736,0.7815188784152269,633,100633,200633,1956447662,sfo,400,400,50,"[50, 50, 50, 50, 50, 50, 50, 50]",262144,50,50,-0.3426244258880615,0.22566445171833038,0.1,formal,formal/partials/NOG-FO-NONOPT__m8__seed633__cfg318058978d70.json
NOG-FO-NONOPT,NOG-nonopt,72,72,36,8,y_bar,0.1,0.1,0.1,2,1.0,0.29392102360725403,0.5522844381630421,0.5522844381630421,0.35496922209858894,1.1821783650666475,633,100633,200633,1956447662,sfo,592,592,74,"[74, 74, 74, 74, 74, 74, 74, 74]",393216,74,74,-0.4994927644729614,0.19694779813289642,0.1,formal,formal/partials/NOG-FO-NONOPT__m8__seed633__cfg318058978d70.json
NOG-FO-NONOPT,NOG-nonopt,96,96,48,8,y_bar,0.1,0.1,0.1,2,1.0,0.26202064752578735,0.8326231297105551,0.8326231297105551,0.5339863002300262,1.575198421254754,633,100633,200633,1956447662,sfo,784,784,98,"[98, 98, 98, 98, 98, 98, 98, 98]",524288,98,98,-0.6299278736114502,0.15971140563488007,0.1,formal,formal/partials/NOG-FO-NONOPT__m8__seed633__cfg318058978d70.json
NOG-FO-NONOPT,NOG-nonopt,120,120,60,8,y_bar,0.1,0.1,0.1,2,1.0,0.1848447173833847,1.1357505805790424,1.1357505805790424,0.7252144645899534,1.9567925054579973,633,100633,200633,1956447662,sfo,976,976,122,"[122, 122, 122, 122, 122, 122, 122, 122]",655360,122,122,-0.7197094559669495,0.1221252977848053,0.1,formal,formal/partials/NOG-FO-NONOPT__m8__seed633__cfg318058978d70.json
NOG-FO-NONOPT,NOG-nonopt,144,144,72,8,y_bar,0.1,0.1,0.1,2,1.0,0.17775173485279083,1.454172108322382,1.454172108322382,0.9753008335828781,2.3363063894212246,633,100633,200633,1956447662,sfo,1168,1168,146,"[146, 146, 146, 146, 146, 146, 146, 146]",786432,146,146,-0.781125545501709,0.08415445685386658,0.1,formal,formal/partials/NOG-FO-NONOPT__m8__seed633__cfg318058978d70.json
NOG-FO-NONOPT,NOG-nonopt,168,168,84,8,y_bar,0.1,0.1,0.1,2,1.0,0.13103598356246948,1.777716914191842,1.777716914191842,1.2370437979698181,2.7126787919551134,633,100633,200633,1956447662,sfo,1360,1360,170,"[170, 170, 170, 170, 170, 170, 170, 170]",917504,170,170,-0.811152458190918,0.055424705147743225,0.1,formal,formal/partials/NOG-FO-NONOPT__m8__seed633__cfg318058978d70.json
NOG-FO-NONOPT,NOG-nonopt,192,192,96,8,y_bar,0.1,0.1,0.1,2,1.0,0.13033922016620636,2.0818204768002033,2.0818204768002033,1.4754660557955503,3.2251671720296144,633,100633,200633,1956447662,sfo,1552,1552,194,"[194, 194, 194, 194, 194, 194, 194, 194]",1048576,194,194,-0.8262277245521545,0.03237289935350418,0.1,formal,formal/partials/NOG-FO-NONOPT__m8__seed633__cfg318058978d70.json
NOG-FO-NONOPT,NOG-nonopt,216,216,108,8,y_bar,0.1,0.1,0.1,2,1.0,0.13387084007263184,2.5602618902921677,2.5602618902921677,1.7588653732091188,3.6294419020414352,633,100633,200633,1956447662,sfo,1744,1744,218,"[218, 218, 218, 218, 218, 218, 218, 218]",1179648,218,218,-0.829983651638031,0.022782841697335243,0.1,formal,formal/partials/NOG-FO-NONOPT__m8__seed633__cfg318058978d70.json
NOG-FO-NONOPT,NOG-nonopt,240,240,120,8,y_bar,0.1,0.1,0.1,2,1.0,0.12202293425798416,2.7756180725991726,2.7756180725991726,1.909812679514289,3.95326080173254,633,100633,200633,1956447662,sfo,1936,1936,242,"[242, 242, 242, 242, 242, 242, 242, 242]",1310720,242,242,-0.8315019011497498,0.01769142411649227,0.1,formal,formal/partials/NOG-FO-NONOPT__m8__seed633__cfg318058978d70.json
NOG-FO-NONOPT,NOG-nonopt,264,264,132,8,y_bar,0.1,0.1,0.1,2,1.0,0.14792059361934662,3.073013598099351,3.073013598099351,2.119033118709922,4.30277525447309,633,100633,200633,1956447662,sfo,2128,2128,266,"[266, 266, 266, 266, 266, 266, 266, 266]",1441792,266,266,-0.8316405415534973,0.0177227184176445,0.1,formal,formal/partials/NOG-FO-NONOPT__m8__seed633__cfg318058978d70.json
NOG-FO-NONOPT,NOG-nonopt,288,288,144,8,y_bar,0.1,0.1,0.1,2,1.0,0.12339699268341064,3.495083937421441,3.495083937421441,2.481746442615986,5.385220294818282,633,100633,200633,1956447662,sfo,2320,2320,290,"[290, 290, 290, 290, 290, 290, 290, 290]",1572864,290,290,-0.8320378065109253,0.01743500493466854,0.1,formal,formal/partials/NOG-FO-NONOPT__m8__seed633__cfg318058978d70.json
NOG-FO-NONOPT,NOG-nonopt,312,312,156,8,y_bar,0.1,0.1,0.1,2,1.0,0.1363096684217453,5.086073527112603,5.086073527112603,3.90592179633677,6.197348168119788,633,100633,200633,1956447662,sfo,2512,2512,314,"[314, 314, 314, 314, 314, 314, 314, 314]",1703936,314,314,-0.8314365744590759,0.019362224265933037,0.1,formal,formal/partials/NOG-FO-NONOPT__m8__seed633__cfg318058978d70.json
NOG-FO-NONOPT,NOG-nonopt,336,336,168,8,y_bar,0.1,0.1,0.1,2,1.0,0.14157624542713165,5.478860359638929,5.478860359638929,4.103801866993308,8.203015383332968,633,100633,200633,1956447662,sfo,2704,2704,338,"[338, 338, 338, 338, 338, 338, 338, 338]",1835008,338,338,-0.8328440189361572,0.014433528296649456,0.1,formal,formal/partials/NOG-FO-NONOPT__m8__seed633__cfg318058978d70.json
NOG-FO-NONOPT,NOG-nonopt,360,360,180,8,y_bar,0.1,0.1,0.1,2,1.0,0.1412942111492157,5.7059183698147535,5.7059183698147535,4.271493908017874,8.575674876570702,633,100633,200633,1956447662,sfo,2896,2896,362,"[362, 362, 362, 362, 362, 362, 362, 362]",1966080,362,362,-0.8330263495445251,0.014030052348971367,0.1,formal,formal/partials/NOG-FO-NONOPT__m8__seed633__cfg318058978d70.json
NOG-FO-NONOPT,NOG-nonopt,384,384,192,8,y_bar,0.1,0.1,0.1,2,1.0,0.1364736109972,5.829778950661421,5.829778950661421,4.343484442681074,9.180161658674479,633,100633,200633,1956447662,sfo,3088,3088,386,"[386, 386, 386, 386, 386, 386, 386, 386]",2097152,386,386,-0.8333393931388855,0.0130383912473917,0.1,formal,formal/partials/NOG-FO-NONOPT__m8__seed633__cfg318058978d70.json
NOG-FO-NONOPT,NOG-nonopt,408,408,204,8,y_bar,0.1,0.1,0.1,2,1.0,0.11104768514633179,6.241929700598121,6.241929700598121,4.621545784175396,10.261987186968327,633,100633,200633,1956447662,sfo,3280,3280,410,"[410, 410, 410, 410, 410, 410, 410, 410]",2228224,410,410,-0.8335351943969727,0.012896890752017498,0.1,formal,formal/partials/NOG-FO-NONOPT__m8__seed633__cfg318058978d70.json
NOG-FO-NONOPT,NOG-nonopt,432,432,216,8,y_bar,0.1,0.1,0.1,2,1.0,0.08122365921735764,7.253171790391207,7.253171790391207,5.384892046451569,11.391869438812137,633,100633,200633,1956447662,sfo,3472,3472,434,"[434, 434, 434, 434, 434, 434, 434, 434]",2359296,434,434,-0.833949863910675,0.012110031209886074,0.1,formal,formal/partials/NOG-FO-NONOPT__m8__seed633__cfg318058978d70.json
NOG-FO-NONOPT,NOG-nonopt,456,456,228,8,y_bar,0.1,0.1,0.1,2,1.0,0.13899502158164978,7.604684783145785,7.604684783145785,5.68457524292171,11.989100754261017,633,100633,200633,1956447662,sfo,3664,3664,458,"[458, 458, 458, 458, 458, 458, 458, 458]",2490368,458,458,-0.833871603012085,0.01187223196029663,0.1,formal,formal/partials/NOG-FO-NONOPT__m8__seed633__cfg318058978d70.json
NOG-FO-NONOPT,NOG-nonopt,480,480,240,8,y_bar,0.1,0.1,0.1,2,1.0,0.09885531663894653,7.992614712566137,7.992614712566137,6.018610602244735,12.906679583713412,633,100633,200633,1956447662,sfo,3856,3856,482,"[482, 482, 482, 482, 482, 482, 482, 482]",2621440,482,482,-0.833946943283081,0.012640820816159248,0.1,formal,formal/partials/NOG-FO-NONOPT__m8__seed633__cfg318058978d70.json
NOG-FO-NONOPT,NOG-nonopt,504,504,252,8,y_bar,0.1,0.1,0.1,2,1.0,0.12767180800437927,8.269448976963758,8.269448976963758,6.17471094802022,13.237872680649161,633,100633,200633,1956447662,sfo,4048,4048,506,"[506, 506, 506, 506, 506, 506, 506, 506]",2752512,506,506,-0.8339297771453857,0.011382348835468292,0.1,formal,formal/partials/NOG-FO-NONOPT__m8__seed633__cfg318058978d70.json
NOG-FO-NONOPT,NOG-nonopt,528,528,264,8,y_bar,0.1,0.1,0.1,2,1.0,0.12089372426271439,8.476031010970473,8.476031010970473,6.316661026328802,13.645923091098666,633,100633,200633,1956447662,sfo,4240,4240,530,"[530, 530, 530, 530, 530, 530, 530, 530]",2883584,530,530,-0.8335551619529724,0.01228783093392849,0.1,formal,formal/partials/NOG-FO-NONOPT__m8__seed633__cfg318058978d70.json
NOG-FO-NONOPT,NOG-nonopt,552,552,276,8,y_bar,0.1,0.1,0.1,2,1.0,0.13404574990272522,8.729391491040587,8.729391491040587,6.506321696564555,13.999959640204906,633,100633,200633,1956447662,sfo,4432,4432,554,"[554, 554, 554, 554, 554, 554, 554, 554]",3014656,554,554,-0.8330723643302917,0.013307133689522743,0.1,formal,formal/partials/NOG-FO-NONOPT__m8__seed633__cfg318058978d70.json
NOG-FO-NONOPT,NOG-nonopt,576,576,288,8,y_bar,0.1,0.1,0.1,2,1.0,0.1447160542011261,8.975921500474215,8.975921500474215,6.692283472046256,14.363999960944057,633,100633,200633,1956447662,sfo,4624,4624,578,"[578, 578, 578, 578, 578, 578, 578, 578]",3145728,578,578,-0.8339789509773254,0.01195555180311203,0.1,formal,formal/partials/NOG-FO-NONOPT__m8__seed633__cfg318058978d70.json
NOG-FO-NONOPT,NOG-nonopt,600,600,300,8,y_bar,0.1,0.1,0.1,2,1.0,0.11558535695075989,9.284016883000731,9.284016883000731,6.8897020779550076,14.720751287415624,633,100633,200633,1956447662,sfo,4816,4816,602,"[602, 602, 602, 602, 602, 602, 602, 602]",3276800,602,602,-0.8337909579277039,0.011883690021932125,0.1,formal,formal/partials/NOG-FO-NONOPT__m8__seed633__cfg318058978d70.json
NOG-FO-NONOPT,NOG-nonopt,624,624,312,8,y_bar,0.1,0.1,0.1,2,1.0,0.14589042961597443,9.551788698881865,9.551788698881865,7.09462621435523,15.071427658200264,633,100633,200633,1956447662,sfo,5008,5008,626,"[626, 626, 626, 626, 626, 626, 626, 626]",3407872,626,626,-0.8334447145462036,0.011555896140635014,0.1,formal,formal/partials/NOG-FO-NONOPT__m8__seed633__cfg318058978d70.json
NOG-FO-NONOPT,NOG-nonopt,648,648,324,8,y_bar,0.1,0.1,0.1,2,1.0,0.10907410085201263,9.79862562008202,9.79862562008202,7.172660373151302,15.410299684852362,633,100633,200633,1956447662,sfo,5200,5200,650,"[650, 650, 650, 650, 650, 650, 650, 650]",3538944,650,650,-0.8335615396499634,0.012184787541627884,0.1,formal,formal/partials/NOG-FO-NONOPT__m8__seed633__cfg318058978d70.json
NOG-FO-NONOPT,NOG-nonopt,672,672,336,8,y_bar,0.1,0.1,0.1,2,1.0,0.13389813899993896,10.049968767911196,10.049968767911196,7.319836933165789,15.752553733065724,633,100633,200633,1956447662,sfo,5392,5392,674,"[674, 674, 674, 674, 674, 674, 674, 674]",3670016,674,674,-0.8333268165588379,0.015066022053360939,0.1,formal,formal/partials/NOG-FO-NONOPT__m8__seed633__cfg318058978d70.json
NOG-FO-NONOPT,NOG-nonopt,696,696,348,8,y_bar,0.1,0.1,0.1,2,1.0,0.12959237396717072,10.283078949898481,10.283078949898481,7.49139648117125,16.119713250547647,633,100633,200633,1956447662,sfo,5584,5584,698,"[698, 698, 698, 698, 698, 698, 698, 698]",3801088,698,698,-0.8335821628570557,0.01279666181653738,0.1,formal,formal/partials/NOG-FO-NONOPT__m8__seed633__cfg318058978d70.json
NOG-FO-NONOPT,NOG-nonopt,720,720,360,8,y_bar,0.1,0.1,0.1,2,1.0,0.14769111573696136,10.5182812102139,10.5182812102139,7.675004685297608,16.480685863643885,633,100633,200633,1956447662,sfo,5776,5776,722,"[722, 722, 722, 722, 722, 722, 722, 722]",3932160,722,722,-0.8335989117622375,0.012855165638029575,0.1,formal,formal/partials/NOG-FO-NONOPT__m8__seed633__cfg318058978d70.json
NOG-FO-NONOPT,NOG-nonopt,744,744,372,8,y_bar,0.1,0.1,0.1,2,1.0,0.11190584301948547,10.751692853868008,10.751692853868008,7.798424415290356,16.81706109829247,633,100633,200633,1956447662,sfo,5968,5968,746,"[746, 746, 746, 746, 746, 746, 746, 746]",4063232,746,746,-0.8335506319999695,0.012471310794353485,0.1,formal,formal/partials/NOG-FO-NONOPT__m8__seed633__cfg318058978d70.json
NOG-FO-NONOPT,NOG-nonopt,768,768,384,8,y_bar,0.1,0.1,0.1,2,1.0,0.1086798906326294,11.005987327545881,11.005987327545881,7.948815815150738,17.18656864017248,633,100633,200633,1956447662,sfo,6160,6160,770,"[770, 770, 770, 770, 770, 770, 770, 770]",4194304,770,770,-0.8334159851074219,0.012662278488278389,0.1,formal,formal/partials/NOG-FO-NONOPT__m8__seed633__cfg318058978d70.json
NOG-FO-NONOPT,NOG-nonopt,792,792,396,8,y_bar,0.1,0.1,0.1,2,1.0,0.11772838234901428,11.282671740278602,11.282671740278602,8.128249937668443,17.609638983383775,633,100633,200633,1956447662,sfo,6352,6352,794,"[794, 794, 794, 794, 794, 794, 794, 794]",4325376,794,794,-0.8329748511314392,0.012835033237934113,0.1,formal,formal/partials/NOG-FO-NONOPT__m8__seed633__cfg318058978d70.json
NOG-FO-NONOPT,NOG-nonopt,816,816,408,8,y_bar,0.1,0.1,0.1,2,1.0,0.1169571578502655,11.496858237311244,11.496858237311244,8.213199459016323,17.985088558867574,633,100633,200633,1956447662,sfo,6544,6544,818,"[818, 818, 818, 818, 818, 818, 818, 818]",4456448,818,818,-0.832979142665863,0.013245451264083385,0.1,formal,formal/partials/NOG-FO-NONOPT__m8__seed633__cfg318058978d70.json
NOG-FO-NONOPT,NOG-nonopt,840,840,420,8,y_bar,0.1,0.1,0.1,2,1.0,0.13615290820598602,11.695130411535501,11.695130411535501,8.352228065952659,18.381253127008677,633,100633,200633,1956447662,sfo,6736,6736,842,"[842, 842, 842, 842, 842, 842, 842, 842]",4587520,842,842,-0.8328334093093872,0.01389108132570982,0.1,formal,formal/partials/NOG-FO-NONOPT__m8__seed633__cfg318058978d70.json
NOG-FO-NONOPT,NOG-nonopt,864,864,432,8,y_bar,0.1,0.1,0.1,2,1.0,0.12235033512115479,11.887325868010521,11.887325868010521,8.465519297868013,18.819173876196146,633,100633,200633,1956447662,sfo,6928,6928,866,"[866, 866, 866, 866, 866, 866, 866, 866]",4718592,866,866,-0.8333947062492371,0.012185520492494106,0.1,formal,formal/partials/NOG-FO-NONOPT__m8__seed633__cfg318058978d70.json
NOG-FO-NONOPT,NOG-nonopt,888,888,444,8,y_bar,0.1,0.1,0.1,2,1.0,0.13246704638004303,12.05363810248673,12.05363810248673,8.57256449200213,19.24803408794105,633,100633,200633,1956447662,sfo,7120,7120,890,"[890, 890, 890, 890, 890, 890, 890, 890]",4849664,890,890,-0.8332273960113525,0.012246946804225445,0.1,formal,formal/partials/NOG-FO-NONOPT__m8__seed633__cfg318058978d70.json
NOG-FO-NONOPT,NOG-nonopt,912,912,456,8,y_bar,0.1,0.1,0.1,2,1.0,0.11833694577217102,12.234884511679411,12.234884511679411,8.694729648530483,19.676714535802603,633,100633,200633,1956447662,sfo,7312,7312,914,"[914, 914, 914, 914, 914, 914, 914, 914]",4980736,914,914,-0.8322781920433044,0.0164668969810009,0.1,formal,formal/partials/NOG-FO-NONOPT__m8__seed633__cfg318058978d70.json
NOG-FO-NONOPT,NOG-nonopt,936,936,468,8,y_bar,0.1,0.1,0.1,2,1.0,0.12638536095619202,12.39176245033741,12.39176245033741,8.78722550906241,20.120651219040155,633,100633,200633,1956447662,sfo,7504,7504,938,"[938, 938, 938, 938, 938, 938, 938, 938]",5111808,938,938,-0.8317898511886597,0.017891760915517807,0.1,formal,formal/partials/NOG-FO-NONOPT__m8__seed633__cfg318058978d70.json
NOG-FO-NONOPT,NOG-nonopt,960,960,480,8,y_bar,0.1,0.1,0.1,2,1.0,0.13925084471702576,12.543781036511064,12.543781036511064,8.879765775054693,20.5570895280689,633,100633,200633,1956447662,sfo,7696,7696,962,"[962, 962, 962, 962, 962, 962, 962, 962]",5242880,962,962,-0.8328943252563477,0.014623272232711315,0.1,formal,formal/partials/NOG-FO-NONOPT__m8__seed633__cfg318058978d70.json
NOG-FO-NONOPT,NOG-nonopt,24,24,12,8,y_bar,0.1,0.1,0.1,2,1.0,0.3424559533596039,0.17413834296166897,0.17413834296166897,0.11104314401745796,0.43619712069630623,634,100634,200634,1653683763,sfo,208,208,26,"[26, 26, 26, 26, 26, 26, 26, 26]",131072,26,26,-0.1723097860813141,0.24187831580638885,0.1,formal,formal/partials/NOG-FO-NONOPT__m8__seed634__cfg9ee24892b46e.json
NOG-FO-NONOPT,NOG-nonopt,48,48,24,8,y_bar,0.1,0.1,0.1,2,1.0,0.3220614492893219,0.3329197447746992,0.3329197447746992,0.20966302789747715,0.8808712773025036,634,100634,200634,1653683763,sfo,400,400,50,"[50, 50, 50, 50, 50, 50, 50, 50]",262144,50,50,-0.34104123711586,0.2245865911245346,0.1,formal,formal/partials/NOG-FO-NONOPT__m8__seed634__cfg9ee24892b46e.json
NOG-FO-NONOPT,NOG-nonopt,72,72,36,8,y_bar,0.1,0.1,0.1,2,1.0,0.2862021028995514,0.48505995236337185,0.48505995236337185,0.2966317869722843,1.3973297737538815,634,100634,200634,1653683763,sfo,592,592,74,"[74, 74, 74, 74, 74, 74, 74, 74]",393216,74,74,-0.5000524520874023,0.19541391730308533,0.1,formal,formal/partials/NOG-FO-NONOPT__m8__seed634__cfg9ee24892b46e.json
NOG-FO-NONOPT,NOG-nonopt,96,96,48,8,y_bar,0.1,0.1,0.1,2,1.0,0.247608944773674,0.6346288528293371,0.6346288528293371,0.38564223051071167,1.8519392311573029,634,100634,200634,1653683763,sfo,784,784,98,"[98, 98, 98, 98, 98, 98, 98, 98]",524288,98,98,-0.6266480684280396,0.15946078300476074,0.1,formal,formal/partials/NOG-FO-NONOPT__m8__seed634__cfg9ee24892b46e.json
NOG-FO-NONOPT,NOG-nonopt,120,120,60,8,y_bar,0.1,0.1,0.1,2,1.0,0.21548359096050262,0.7924689911305904,0.7924689911305904,0.48835450783371925,2.3055224306881428,634,100634,200634,1653683763,sfo,976,976,122,"[122, 122, 122, 122, 122, 122, 122, 122]",655360,122,122,-0.7220607399940491,0.11895062029361725,0.1,formal,formal/partials/NOG-FO-NONOPT__m8__seed634__cfg9ee24892b46e.json
NOG-FO-NONOPT,NOG-nonopt,144,144,72,8,y_bar,0.1,0.1,0.1,2,1.0,0.13013623654842377,0.9572370015084743,0.9572370015084743,0.5811078660190105,2.7129114661365747,634,100634,200634,1653683763,sfo,1168,1168,146,"[146, 146, 146, 146, 146, 146, 146, 146]",786432,146,146,-0.7833046317100525,0.07949686050415039,0.1,formal,formal/partials/NOG-FO-NONOPT__m8__seed634__cfg9ee24892b46e.json
NOG-FO-NONOPT,NOG-nonopt,168,168,84,8,y_bar,0.1,0.1,0.1,2,1.0,0.13397623598575592,1.1285779736936092,1.1285779736936092,0.6746205128729343,3.1544730458408594,634,100634,200634,1653683763,sfo,1360,1360,170,"[170, 170, 170, 170, 170, 170, 170, 170]",917504,170,170,-0.8128501176834106,0.04906599596142769,0.1,formal,formal/partials/NOG-FO-NONOPT__m8__seed634__cfg9ee24892b46e.json
NOG-FO-NONOPT,NOG-nonopt,192,192,96,8,y_bar,0.1,0.1,0.1,2,1.0,0.11446542292833328,1.2836228981614113,1.2836228981614113,0.773409528657794,3.5754894353449345,634,100634,200634,1653683763,sfo,1552,1552,194,"[194, 194, 194, 194, 194, 194, 194, 194]",1048576,194,194,-0.823997437953949,0.03008105419576168,0.1,formal,formal/partials/NOG-FO-NONOPT__m8__seed634__cfg9ee24892b46e.json
NOG-FO-NONOPT,NOG-nonopt,216,216,108,8,y_bar,0.1,0.1,0.1,2,1.0,0.14542357623577118,1.4525273572653532,1.4525273572653532,0.8749639857560396,4.015281271189451,634,100634,200634,1653683763,sfo,1744,1744,218,"[218, 218, 218, 218, 218, 218, 218, 218]",1179648,218,218,-0.8257516622543335,0.02571006678044796,0.1,formal,formal/partials/NOG-FO-NONOPT__m8__seed634__cfg9ee24892b46e.json
NOG-FO-NONOPT,NOG-nonopt,240,240,120,8,y_bar,0.1,0.1,0.1,2,1.0,0.10248824954032898,1.6128512397408485,1.6128512397408485,0.9790277127176523,4.4462434854358435,634,100634,200634,1653683763,sfo,1936,1936,242,"[242, 242, 242, 242, 242, 242, 242, 242]",1310720,242,242,-0.8280341029167175,0.019840918481349945,0.1,formal,formal/partials/NOG-FO-NONOPT__m8__seed634__cfg9ee24892b46e.json
NOG-FO-NONOPT,NOG-nonopt,264,264,132,8,y_bar,0.1,0.1,0.1,2,1.0,0.143232524394989,1.7585418857634068,1.7585418857634068,1.0713868122547865,4.9239350743591785,634,100634,200634,1653683763,sfo,2128,2128,266,"[266, 266, 266, 266, 266, 266, 266, 266]",1441792,266,266,-0.8299722671508789,0.014334069564938545,0.1,formal,formal/partials/NOG-FO-NONOPT__m8__seed634__cfg9ee24892b46e.json
NOG-FO-NONOPT,NOG-nonopt,288,288,144,8,y_bar,0.1,0.1,0.1,2,1.0,0.11751449108123779,1.9079269673675299,1.9079269673675299,1.1657490711659193,5.41058736667037,634,100634,200634,1653683763,sfo,2320,2320,290,"[290, 290, 290, 290, 290, 290, 290, 290]",1572864,290,290,-0.8300940990447998,0.015816429629921913,0.1,formal,formal/partials/NOG-FO-NONOPT__m8__seed634__cfg9ee24892b46e.json
NOG-FO-NONOPT,NOG-nonopt,312,312,156,8,y_bar,0.1,0.1,0.1,2,1.0,0.1540117859840393,2.078852191567421,2.078852191567421,1.2705458644777536,5.849983686581254,634,100634,200634,1653683763,sfo,2512,2512,314,"[314, 314, 314, 314, 314, 314, 314, 314]",1703936,314,314,-0.830234706401825,0.013030541129410267,0.1,formal,formal/partials/NOG-FO-NONOPT__m8__seed634__cfg9ee24892b46e.json
NOG-FO-NONOPT,NOG-nonopt,336,336,168,8,y_bar,0.1,0.1,0.1,2,1.0,0.11365826427936554,2.2403882537037134,2.2403882537037134,1.375711752101779,6.287818398326635,634,100634,200634,1653683763,sfo,2704,2704,338,"[338, 338, 338, 338, 338, 338, 338, 338]",1835008,338,338,-0.830163836479187,0.012832758948206902,0.1,formal,formal/partials/NOG-FO-NONOPT__m8__seed634__cfg9ee24892b46e.json
NOG-FO-NONOPT,NOG-nonopt,360,360,180,8,y_bar,0.1,0.1,0.1,2,1.0,0.15266336500644684,2.4428563192486763,2.4428563192486763,1.4846176356077194,6.6805284935981035,634,100634,200634,1653683763,sfo,2896,2896,362,"[362, 362, 362, 362, 362, 362, 362, 362]",1966080,362,362,-0.8300938606262207,0.012360266409814358,0.1,formal,formal/partials/NOG-FO-NONOPT__m8__seed634__cfg9ee24892b46e.json
NOG-FO-NONOPT,NOG-nonopt,384,384,192,8,y_bar,0.1,0.1,0.1,2,1.0,0.12734106183052063,2.6369320284575224,2.6369320284575224,1.548740340396762,7.060319140553474,634,100634,200634,1653683763,sfo,3088,3088,386,"[386, 386, 386, 386, 386, 386, 386, 386]",2097152,386,386,-0.8300224542617798,0.01263278815895319,0.1,formal,formal/partials/NOG-FO-NONOPT__m8__seed634__cfg9ee24892b46e.json
NOG-FO-NONOPT,NOG-nonopt,408,408,204,8,y_bar,0.1,0.1,0.1,2,1.0,0.11098311841487885,2.8058670312166214,2.8058670312166214,1.6582062561064959,7.466662339866161,634,100634,200634,1653683763,sfo,3280,3280,410,"[410, 410, 410, 410, 410, 410, 410, 410]",2228224,410,410,-0.8298218250274658,0.01302390731871128,0.1,formal,formal/partials/NOG-FO-NONOPT__m8__seed634__cfg9ee24892b46e.json
NOG-FO-NONOPT,NOG-nonopt,432,432,216,8,y_bar,0.1,0.1,0.1,2,1.0,0.13406147062778473,3.033814152702689,3.033814152702689,1.826205637305975,7.848771322518587,634,100634,200634,1653683763,sfo,3472,3472,434,"[434, 434, 434, 434, 434, 434, 434, 434]",2359296,434,434,-0.8291037678718567,0.014677489176392555,0.1,formal,formal/partials/NOG-FO-NONOPT__m8__seed634__cfg9ee24892b46e.json
NOG-FO-NONOPT,NOG-nonopt,456,456,228,8,y_bar,0.1,0.1,0.1,2,1.0,0.1332131028175354,3.1875475216656923,3.1875475216656923,1.9267055094242096,8.255221487954259,634,100634,200634,1653683763,sfo,3664,3664,458,"[458, 458, 458, 458, 458, 458, 458, 458]",2490368,458,458,-0.8280393481254578,0.018794281408190727,0.1,formal,formal/partials/NOG-FO-NONOPT__m8__seed634__cfg9ee24892b46e.json
NOG-FO-NONOPT,NOG-nonopt,480,480,240,8,y_bar,0.1,0.1,0.1,2,1.0,0.12758572399616241,3.549463700503111,3.549463700503111,2.2308405321091413,8.93352078460157,634,100634,200634,1653683763,sfo,3856,3856,482,"[482, 482, 482, 482, 482, 482, 482, 482]",2621440,482,482,-0.8296898007392883,0.013823297806084156,0.1,formal,formal/partials/NOG-FO-NONOPT__m8__seed634__cfg9ee24892b46e.json
NOG-FO-NONOPT,NOG-nonopt,504,504,252,8,y_bar,0.1,0.1,0.1,2,1.0,0.14561991393566132,3.8461486101150513,3.8461486101150513,2.4151354786008596,9.370969589799643,634,100634,200634,1653683763,sfo,4048,4048,506,"[506, 506, 506, 506, 506, 506, 506, 506]",2752512,506,506,-0.8300281167030334,0.012170353904366493,0.1,formal,formal/partials/NOG-FO-NONOPT__m8__seed634__cfg9ee24892b46e.json
NOG-FO-NONOPT,NOG-nonopt,528,528,264,8,y_bar,0.1,0.1,0.1,2,1.0,0.12804707884788513,4.306272456422448,4.306272456422448,2.7086396384984255,10.05892014503479,634,100634,200634,1653683763,sfo,4240,4240,530,"[530, 530, 530, 530, 530, 530, 530, 530]",2883584,530,530,-0.8300621509552002,0.013159940019249916,0.1,formal,formal/partials/NOG-FO-NONOPT__m8__seed634__cfg9ee24892b46e.json
NOG-FO-NONOPT,NOG-nonopt,552,552,276,8,y_bar,0.1,0.1,0.1,2,1.0,0.1602584570646286,4.9202273692935705,4.9202273692935705,3.2013340163975954,10.457403797656298,634,100634,200634,1653683763,sfo,4432,4432,554,"[554, 554, 554, 554, 554, 554, 554, 554]",3014656,554,554,-0.8299269080162048,0.013071280904114246,0.1,formal,formal/partials/NOG-FO-NONOPT__m8__seed634__cfg9ee24892b46e.json
NOG-FO-NONOPT,NOG-nonopt,576,576,288,8,y_bar,0.1,0.1,0.1,2,1.0,0.1353144496679306,5.296976177021861,5.296976177021861,3.46951687335968,10.955789998173714,634,100634,200634,1653683763,sfo,4624,4624,578,"[578, 578, 578, 578, 578, 578, 578, 578]",3145728,578,578,-0.8300365209579468,0.013449928723275661,0.1,formal,formal/partials/NOG-FO-NONOPT__m8__seed634__cfg9ee24892b46e.json
NOG-FO-NONOPT,NOG-nonopt,600,600,300,8,y_bar,0.1,0.1,0.1,2,1.0,0.12601356208324432,5.6893066093325615,5.6893066093325615,3.7461315114051104,11.492262911051512,634,100634,200634,1653683763,sfo,4816,4816,602,"[602, 602, 602, 602, 602, 602, 602, 602]",3276800,602,602,-0.8300420045852661,0.012198345735669136,0.1,formal,formal/partials/NOG-FO-NONOPT__m8__seed634__cfg9ee24892b46e.json
NOG-FO-NONOPT,NOG-nonopt,624,624,312,8,y_bar,0.1,0.1,0.1,2,1.0,0.1341247409582138,6.048978952690959,6.048978952690959,3.994513001292944,12.057751582935452,634,100634,200634,1653683763,sfo,5008,5008,626,"[626, 626, 626, 626, 626, 626, 626, 626]",3407872,626,626,-0.8296682238578796,0.012868554331362247,0.1,formal,formal/partials/NOG-FO-NONOPT__m8__seed634__cfg9ee24892b46e.json
NOG-FO-NONOPT,NOG-nonopt,648,648,324,8,y_bar,0.1,0.1,0.1,2,1.0,0.09974704682826996,6.373531503602862,6.373531503602862,4.1794199552387,12.988041372969747,634,100634,200634,1653683763,sfo,5200,5200,650,"[650, 650, 650, 650, 650, 650, 650, 650]",3538944,650,650,-0.8295339941978455,0.013121324591338634,0.1,formal,formal/partials/NOG-FO-NONOPT__m8__seed634__cfg9ee24892b46e.json
NOG-FO-NONOPT,NOG-nonopt,672,672,336,8,y_bar,0.1,0.1,0.1,2,1.0,0.14493699371814728,6.506844902411103,6.506844902411103,4.246899276971817,13.299784230068326,634,100634,200634,1653683763,sfo,5392,5392,674,"[674, 674, 674, 674, 674, 674, 674, 674]",3670016,674,674,-0.8295508623123169,0.01246452983468771,0.1,formal,formal/partials/NOG-FO-NONOPT__m8__seed634__cfg9ee24892b46e.json
NOG-FO-NONOPT,NOG-nonopt,696,696,348,8,y_bar,0.1,0.1,0.1,2,1.0,0.15159311890602112,6.661210207268596,6.661210207268596,4.339932566508651,14.592377167195082,634,100634,200634,1653683763,sfo,5584,5584,698,"[698, 698, 698, 698, 698, 698, 698, 698]",3801088,698,698,-0.8303257822990417,0.011893082410097122,0.1,formal,formal/partials/NOG-FO-NONOPT__m8__seed634__cfg9ee24892b46e.json
NOG-FO-NONOPT,NOG-nonopt,720,720,360,8,y_bar,0.1,0.1,0.1,2,1.0,0.10342429578304291,6.8800030294805765,6.8800030294805765,4.457104476168752,14.943631308153272,634,100634,200634,1653683763,sfo,5776,5776,722,"[722, 722, 722, 722, 722, 722, 722, 722]",3932160,722,722,-0.8304972648620605,0.011071094311773777,0.1,formal,formal/partials/NOG-FO-NONOPT__m8__seed634__cfg9ee24892b46e.json
NOG-FO-NONOPT,NOG-nonopt,744,744,372,8,y_bar,0.1,0.1,0.1,2,1.0,0.12991386651992798,7.090800693258643,7.090800693258643,4.559238689020276,15.274519642814994,634,100634,200634,1653683763,sfo,5968,5968,746,"[746, 746, 746, 746, 746, 746, 746, 746]",4063232,746,746,-0.8300432562828064,0.011838159523904324,0.1,formal,formal/partials/NOG-FO-NONOPT__m8__seed634__cfg9ee24892b46e.json
NOG-FO-NONOPT,NOG-nonopt,768,768,384,8,y_bar,0.1,0.1,0.1,2,1.0,0.13482864201068878,7.320970881730318,7.320970881730318,4.698336634784937,15.598123110830784,634,100634,200634,1653683763,sfo,6160,6160,770,"[770, 770, 770, 770, 770, 770, 770, 770]",4194304,770,770,-0.830099880695343,0.011630930937826633,0.1,formal,formal/partials/NOG-FO-NONOPT__m8__seed634__cfg9ee24892b46e.json
NOG-FO-NONOPT,NOG-nonopt,792,792,396,8,y_bar,0.1,0.1,0.1,2,1.0,0.11988096684217453,7.597956396639347,7.597956396639347,4.91415661200881,15.930038817226887,634,100634,200634,1653683763,sfo,6352,6352,794,"[794, 794, 794, 794, 794, 794, 794, 794]",4325376,794,794,-0.8300635814666748,0.011810355819761753,0.1,formal,formal/partials/NOG-FO-NONOPT__m8__seed634__cfg9ee24892b46e.json
NOG-FO-NONOPT,NOG-nonopt,816,816,408,8,y_bar,0.1,0.1,0.1,2,1.0,0.11536626517772675,7.848407061770558,7.848407061770558,5.1002241019159555,16.269531570374966,634,100634,200634,1653683763,sfo,6544,6544,818,"[818, 818, 818, 818, 818, 818, 818, 818]",4456448,818,818,-0.8300906419754028,0.011968688108026981,0.1,formal,formal/partials/NOG-FO-NONOPT__m8__seed634__cfg9ee24892b46e.json
NOG-FO-NONOPT,NOG-nonopt,840,840,420,8,y_bar,0.1,0.1,0.1,2,1.0,0.11024684458971024,8.100962556898594,8.100962556898594,5.291253924369812,16.614170590415597,634,100634,200634,1653683763,sfo,6736,6736,842,"[842, 842, 842, 842, 842, 842, 842, 842]",4587520,842,842,-0.8295875787734985,0.014375426806509495,0.1,formal,formal/partials/NOG-FO-NONOPT__m8__seed634__cfg9ee24892b46e.json
NOG-FO-NONOPT,NOG-nonopt,864,864,432,8,y_bar,0.1,0.1,0.1,2,1.0,0.11974189430475235,8.36327726393938,8.36327726393938,5.480492418631911,17.022312805056572,634,100634,200634,1653683763,sfo,6928,6928,866,"[866, 866, 866, 866, 866, 866, 866, 866]",4718592,866,866,-0.8291549682617188,0.015223211608827114,0.1,formal,formal/partials/NOG-FO-NONOPT__m8__seed634__cfg9ee24892b46e.json
NOG-FO-NONOPT,NOG-nonopt,888,888,444,8,y_bar,0.1,0.1,0.1,2,1.0,0.08623260259628296,8.640296082943678,8.640296082943678,5.599148629233241,17.340639911592007,634,100634,200634,1653683763,sfo,7120,7120,890,"[890, 890, 890, 890, 890, 890, 890, 890]",4849664,890,890,-0.8301527500152588,0.011356988921761513,0.1,formal,formal/partials/NOG-FO-NONOPT__m8__seed634__cfg9ee24892b46e.json
NOG-FO-NONOPT,NOG-nonopt,912,912,456,8,y_bar,0.1,0.1,0.1,2,1.0,0.09602203220129013,9.172488966956735,9.172488966956735,5.984907461330295,17.766299346461892,634,100634,200634,1653683763,sfo,7312,7312,914,"[914, 914, 914, 914, 914, 914, 914, 914]",4980736,914,914,-0.8303484320640564,0.011128543876111507,0.1,formal,formal/partials/NOG-FO-NONOPT__m8__seed634__cfg9ee24892b46e.json
NOG-FO-NONOPT,NOG-nonopt,936,936,468,8,y_bar,0.1,0.1,0.1,2,1.0,0.13528093695640564,9.567990640178323,9.567990640178323,6.242570396512747,18.168136667460203,634,100634,200634,1653683763,sfo,7504,7504,938,"[938, 938, 938, 938, 938, 938, 938, 938]",5111808,938,938,-0.8299510478973389,0.011662752367556095,0.1,formal,formal/partials/NOG-FO-NONOPT__m8__seed634__cfg9ee24892b46e.json
NOG-FO-NONOPT,NOG-nonopt,960,960,480,8,y_bar,0.1,0.1,0.1,2,1.0,0.10979560017585754,10.034989263862371,10.034989263862371,6.585101233795285,18.724210020154715,634,100634,200634,1653683763,sfo,7696,7696,962,"[962, 962, 962, 962, 962, 962, 962, 962]",5242880,962,962,-0.8301702737808228,0.01201891154050827,0.1,formal,formal/partials/NOG-FO-NONOPT__m8__seed634__cfg9ee24892b46e.json
NOG-FO-NONOPT,NOG-nonopt,24,24,12,8,y_bar,0.1,0.1,0.1,2,1.0,0.3524603843688965,0.38118462823331356,0.38118462823331356,0.18434346094727516,0.7358065936714411,635,100635,200635,950906742,sfo,208,208,26,"[26, 26, 26, 26, 26, 26, 26, 26]",131072,26,26,-0.17889592051506042,0.24510517716407776,0.1,formal,formal/partials/NOG-FO-NONOPT__m8__seed635__cfg4b3be870c257.json
NOG-FO-NONOPT,NOG-nonopt,48,48,24,8,y_bar,0.1,0.1,0.1,2,1.0,0.335656076669693,0.544795909896493,0.544795909896493,0.274088479578495,1.1224405132234097,635,100635,200635,950906742,sfo,400,400,50,"[50, 50, 50, 50, 50, 50, 50, 50]",262144,50,50,-0.3576139211654663,0.2259126901626587,0.1,formal,formal/partials/NOG-FO-NONOPT__m8__seed635__cfg4b3be870c257.json
NOG-FO-NONOPT,NOG-nonopt,72,72,36,8,y_bar,0.1,0.1,0.1,2,1.0,0.2899830937385559,0.734499104321003,0.734499104321003,0.3976461738348007,1.4737681709229946,635,100635,200635,950906742,sfo,592,592,74,"[74, 74, 74, 74, 74, 74, 74, 74]",393216,74,74,-0.5171800255775452,0.19520020484924316,0.1,formal,formal/partials/NOG-FO-NONOPT__m8__seed635__cfg4b3be870c257.json
NOG-FO-NONOPT,NOG-nonopt,96,96,48,8,y_bar,0.1,0.1,0.1,2,1.0,0.2512439787387848,1.0819464661180973,1.0819464661180973,0.5939733404666185,2.096608527004719,635,100635,200635,950906742,sfo,784,784,98,"[98, 98, 98, 98, 98, 98, 98, 98]",524288,98,98,-0.6449295878410339,0.1568976193666458,0.1,formal,formal/partials/NOG-FO-NONOPT__m8__seed635__cfg4b3be870c257.json
NOG-FO-NONOPT,NOG-nonopt,120,120,60,8,y_bar,0.1,0.1,0.1,2,1.0,0.21033614873886108,1.940053692087531,1.940053692087531,1.316362438723445,2.420580429956317,635,100635,200635,950906742,sfo,976,976,122,"[122, 122, 122, 122, 122, 122, 122, 122]",655360,122,122,-0.7388532161712646,0.11459188908338547,0.1,formal,formal/partials/NOG-FO-NONOPT__m8__seed635__cfg4b3be870c257.json
NOG-FO-NONOPT,NOG-nonopt,144,144,72,8,y_bar,0.1,0.1,0.1,2,1.0,0.15564247965812683,2.07124537602067,2.07124537602067,1.386821823194623,2.7373312935233116,635,100635,200635,950906742,sfo,1168,1168,146,"[146, 146, 146, 146, 146, 146, 146, 146]",786432,146,146,-0.7940452098846436,0.07674824446439743,0.1,formal,formal/partials/NOG-FO-NONOPT__m8__seed635__cfg4b3be870c257.json
NOG-FO-NONOPT,NOG-nonopt,168,168,84,8,y_bar,0.1,0.1,0.1,2,1.0,0.17555375397205353,2.2893960159271955,2.2893960159271955,1.5090409871190786,3.166680445894599,635,100635,200635,950906742,sfo,1360,1360,170,"[170, 170, 170, 170, 170, 170, 170, 170]",917504,170,170,-0.8217023611068726,0.04723019525408745,0.1,formal,formal/partials/NOG-FO-NONOPT__m8__seed635__cfg4b3be870c257.json
NOG-FO-NONOPT,NOG-nonopt,192,192,96,8,y_bar,0.1,0.1,0.1,2,1.0,0.11425995826721191,2.45358925499022,2.45358925499022,1.6126904096454382,3.5620901323854923,635,100635,200635,950906742,sfo,1552,1552,194,"[194, 194, 194, 194, 194, 194, 194, 194]",1048576,194,194,-0.8302162289619446,0.03311479836702347,0.1,formal,formal/partials/NOG-FO-NONOPT__m8__seed635__cfg4b3be870c257.json
NOG-FO-NONOPT,NOG-nonopt,216,216,108,8,y_bar,0.1,0.1,0.1,2,1.0,0.11524107307195663,2.6063575334846973,2.6063575334846973,1.703829675912857,3.9784476421773434,635,100635,200635,950906742,sfo,1744,1744,218,"[218, 218, 218, 218, 218, 218, 218, 218]",1179648,218,218,-0.8362446427345276,0.0163097120821476,0.1,formal,formal/partials/NOG-FO-NONOPT__m8__seed635__cfg4b3be870c257.json
NOG-FO-NONOPT,NOG-nonopt,240,240,120,8,y_bar,0.1,0.1,0.1,2,1.0,0.12627314031124115,2.7689069528132677,2.7689069528132677,1.8052160609513521,4.3829448744654655,635,100635,200635,950906742,sfo,1936,1936,242,"[242, 242, 242, 242, 242, 242, 242, 242]",1310720,242,242,-0.8366335034370422,0.015132036991417408,0.1,formal,formal/partials/NOG-FO-NONOPT__m8__seed635__cfg4b3be870c257.json
NOG-FO-NONOPT,NOG-nonopt,264,264,132,8,y_bar,0.1,0.1,0.1,2,1.0,0.1358770877122879,2.949683338403702,2.949683338403702,1.91945231705904,4.7835770677775145,635,100635,200635,950906742,sfo,2128,2128,266,"[266, 266, 266, 266, 266, 266, 266, 266]",1441792,266,266,-0.8367287516593933,0.013261140324175358,0.1,formal,formal/partials/NOG-FO-NONOPT__m8__seed635__cfg4b3be870c257.json
NOG-FO-NONOPT,NOG-nonopt,288,288,144,8,y_bar,0.1,0.1,0.1,2,1.0,0.108822762966156,3.140633963048458,3.140633963048458,2.052421795204282,5.1476309187710285,635,100635,200635,950906742,sfo,2320,2320,290,"[290, 290, 290, 290, 290, 290, 290, 290]",1572864,290,290,-0.8366758227348328,0.01215763483196497,0.1,formal,formal/partials/NOG-FO-NONOPT__m8__seed635__cfg4b3be870c257.json
NOG-FO-NONOPT,NOG-nonopt,312,312,156,8,y_bar,0.1,0.1,0.1,2,1.0,0.15684261918067932,3.4324121326208115,3.4324121326208115,2.2339929565787315,5.487459342926741,635,100635,200635,950906742,sfo,2512,2512,314,"[314, 314, 314, 314, 314, 314, 314, 314]",1703936,314,314,-0.8367279171943665,0.012249494902789593,0.1,formal,formal/partials/NOG-FO-NONOPT__m8__seed635__cfg4b3be870c257.json
NOG-FO-NONOPT,NOG-nonopt,336,336,168,8,y_bar,0.1,0.1,0.1,2,1.0,0.12019958347082138,3.708366645500064,3.708366645500064,2.4462273344397545,5.867608832195401,635,100635,200635,950906742,sfo,2704,2704,338,"[338, 338, 338, 338, 338, 338, 338, 338]",1835008,338,338,-0.8368437886238098,0.011443660594522953,0.1,formal,formal/partials/NOG-FO-NONOPT__m8__seed635__cfg4b3be870c257.json
NOG-FO-NONOPT,NOG-nonopt,360,360,180,8,y_bar,0.1,0.1,0.1,2,1.0,0.14760905504226685,4.0090512204915285,4.0090512204915285,2.6811165306717157,6.289342846721411,635,100635,200635,950906742,sfo,2896,2896,362,"[362, 362, 362, 362, 362, 362, 362, 362]",1966080,362,362,-0.8360561728477478,0.013508562929928303,0.1,formal,formal/partials/NOG-FO-NONOPT__m8__seed635__cfg4b3be870c257.json
NOG-FO-NONOPT,NOG-nonopt,384,384,192,8,y_bar,0.1,0.1,0.1,2,1.0,0.11507739871740341,4.283469334244728,4.283469334244728,2.8423304315656424,6.707882670685649,635,100635,200635,950906742,sfo,3088,3088,386,"[386, 386, 386, 386, 386, 386, 386, 386]",2097152,386,386,-0.836030900478363,0.014168541878461838,0.1,formal,formal/partials/NOG-FO-NONOPT__m8__seed635__cfg4b3be870c257.json
NOG-FO-NONOPT,NOG-nonopt,408,408,204,8,y_bar,0.1,0.1,0.1,2,1.0,0.14068493247032166,4.550586208701134,4.550586208701134,3.038314577192068,7.154764030128717,635,100635,200635,950906742,sfo,3280,3280,410,"[410, 410, 410, 410, 410, 410, 410, 410]",2228224,410,410,-0.8365710377693176,0.012157325632870197,0.1,formal,formal/partials/NOG-FO-NONOPT__m8__seed635__cfg4b3be870c257.json
NOG-FO-NONOPT,NOG-nonopt,432,432,216,8,y_bar,0.1,0.1,0.1,2,1.0,0.147564098238945,4.810596600174904,4.810596600174904,3.253931140527129,7.615506498143077,635,100635,200635,950906742,sfo,3472,3472,434,"[434, 434, 434, 434, 434, 434, 434, 434]",2359296,434,434,-0.8370741009712219,0.011749505996704102,0.1,formal,formal/partials/NOG-FO-NONOPT__m8__seed635__cfg4b3be870c257.json
NOG-FO-NONOPT,NOG-nonopt,456,456,228,8,y_bar,0.1,0.1,0.1,2,1.0,0.11916337162256241,5.0437160059809685,5.0437160059809685,3.4144536573439837,8.129850506782532,635,100635,200635,950906742,sfo,3664,3664,458,"[458, 458, 458, 458, 458, 458, 458, 458]",2490368,458,458,-0.8370081782341003,0.01173792127519846,0.1,formal,formal/partials/NOG-FO-NONOPT__m8__seed635__cfg4b3be870c257.json
NOG-FO-NONOPT,NOG-nonopt,480,480,240,8,y_bar,0.1,0.1,0.1,2,1.0,0.10569820553064346,5.310397543013096,5.310397543013096,3.6219812780618668,8.581434389576316,635,100635,200635,950906742,sfo,3856,3856,482,"[482, 482, 482, 482, 482, 482, 482, 482]",2621440,482,482,-0.8365496397018433,0.013140215538442135,0.1,formal,formal/partials/NOG-FO-NONOPT__m8__seed635__cfg4b3be870c257.json
NOG-FO-NONOPT,NOG-nonopt,504,504,252,8,y_bar,0.1,0.1,0.1,2,1.0,0.12000586837530136,5.63436983525753,5.63436983525753,3.823545368388295,8.966101925820112,635,100635,200635,950906742,sfo,4048,4048,506,"[506, 506, 506, 506, 506, 506, 506, 506]",2752512,506,506,-0.8355603218078613,0.014311080798506737,0.1,formal,formal/partials/NOG-FO-NONOPT__m8__seed635__cfg4b3be870c257.json
NOG-FO-NONOPT,NOG-nonopt,528,528,264,8,y_bar,0.1,0.1,0.1,2,1.0,0.13020336627960205,5.951928777620196,5.951928777620196,4.037119720131159,9.371081810444593,635,100635,200635,950906742,sfo,4240,4240,530,"[530, 530, 530, 530, 530, 530, 530, 530]",2883584,530,530,-0.8362029790878296,0.012695804238319397,0.1,formal,formal/partials/NOG-FO-NONOPT__m8__seed635__cfg4b3be870c257.json
NOG-FO-NONOPT,NOG-nonopt,552,552,276,8,y_bar,0.1,0.1,0.1,2,1.0,0.14829742908477783,6.240250127390027,6.240250127390027,4.2466815039515495,9.79468423500657,635,100635,200635,950906742,sfo,4432,4432,554,"[554, 554, 554, 554, 554, 554, 554, 554]",3014656,554,554,-0.8355401754379272,0.013221226632595062,0.1,formal,formal/partials/NOG-FO-NONOPT__m8__seed635__cfg4b3be870c257.json
NOG-FO-NONOPT,NOG-nonopt,576,576,288,8,y_bar,0.1,0.1,0.1,2,1.0,0.109299436211586,6.495680646970868,6.495680646970868,4.4425894897431135,10.211650246754289,635,100635,200635,950906742,sfo,4624,4624,578,"[578, 578, 578, 578, 578, 578, 578, 578]",3145728,578,578,-0.8353083729743958,0.014447362162172794,0.1,formal,formal/partials/NOG-FO-NONOPT__m8__seed635__cfg4b3be870c257.json
NOG-FO-NONOPT,NOG-nonopt,600,600,300,8,y_bar,0.1,0.1,0.1,2,1.0,0.08792077004909515,6.699653929099441,6.699653929099441,4.5818975158035755,10.717549765482545,635,100635,200635,950906742,sfo,4816,4816,602,"[602, 602, 602, 602, 602, 602, 602, 602]",3276800,602,602,-0.8358513116836548,0.01338985562324524,0.1,formal,formal/partials/NOG-FO-NONOPT__m8__seed635__cfg4b3be870c257.json
NOG-FO-NONOPT,NOG-nonopt,624,624,312,8,y_bar,0.1,0.1,0.1,2,1.0,0.12767374515533447,6.967565760016441,6.967565760016441,4.782885976135731,11.22543484531343,635,100635,200635,950906742,sfo,5008,5008,626,"[626, 626, 626, 626, 626, 626, 626, 626]",3407872,626,626,-0.8360501527786255,0.012553942389786243,0.1,formal,formal/partials/NOG-FO-NONOPT__m8__seed635__cfg4b3be870c257.json
NOG-FO-NONOPT,NOG-nonopt,648,648,324,8,y_bar,0.1,0.1,0.1,2,1.0,0.11805547028779984,7.43705995567143,7.43705995567143,5.053848749026656,11.691242275759578,635,100635,200635,950906742,sfo,5200,5200,650,"[650, 650, 650, 650, 650, 650, 650, 650]",3538944,650,650,-0.8360421657562256,0.012744883075356483,0.1,formal,formal/partials/NOG-FO-NONOPT__m8__seed635__cfg4b3be870c257.json
NOG-FO-NONOPT,NOG-nonopt,672,672,336,8,y_bar,0.1,0.1,0.1,2,1.0,0.12029487639665604,7.781060138717294,7.781060138717294,5.252989796921611,12.182330634444952,635,100635,200635,950906742,sfo,5392,5392,674,"[674, 674, 674, 674, 674, 674, 674, 674]",3670016,674,674,-0.8366156816482544,0.01224832609295845,0.1,formal,formal/partials/NOG-FO-NONOPT__m8__seed635__cfg4b3be870c257.json
NOG-FO-NONOPT,NOG-nonopt,696,696,348,8,y_bar,0.1,0.1,0.1,2,1.0,0.1096045970916748,8.180477222427726,8.180477222427726,5.5918332003057,13.47632635757327,635,100635,200635,950906742,sfo,5584,5584,698,"[698, 698, 698, 698, 698, 698, 698, 698]",3801088,698,698,-0.8365247249603271,0.012882922776043415,0.1,formal,formal/partials/NOG-FO-NONOPT__m8__seed635__cfg4b3be870c257.json
NOG-FO-NONOPT,NOG-nonopt,720,720,360,8,y_bar,0.1,0.1,0.1,2,1.0,0.11577463895082474,8.558757353574038,8.558757353574038,5.912719814106822,14.000050507485867,635,100635,200635,950906742,sfo,5776,5776,722,"[722, 722, 722, 722, 722, 722, 722, 722]",3932160,722,722,-0.8367046117782593,0.01238707359880209,0.1,formal,formal/partials/NOG-FO-NONOPT__m8__seed635__cfg4b3be870c257.json
NOG-FO-NONOPT,NOG-nonopt,744,744,372,8,y_bar,0.1,0.1,0.1,2,1.0,0.11410600692033768,8.86155565455556,8.86155565455556,6.162719437852502,14.630119888111949,635,100635,200635,950906742,sfo,5968,5968,746,"[746, 746, 746, 746, 746, 746, 746, 746]",4063232,746,746,-0.8370306491851807,0.011590844951570034,0.1,formal,formal/partials/NOG-FO-NONOPT__m8__seed635__cfg4b3be870c257.json
NOG-FO-NONOPT,NOG-nonopt,768,768,384,8,y_bar,0.1,0.1,0.1,2,1.0,0.15764307975769043,9.212732244282961,9.212732244282961,6.371105212718248,15.180478936061263,635,100635,200635,950906742,sfo,6160,6160,770,"[770, 770, 770, 770, 770, 770, 770, 770]",4194304,770,770,-0.8370144367218018,0.011835317127406597,0.1,formal,formal/partials/NOG-FO-NONOPT__m8__seed635__cfg4b3be870c257.json
NOG-FO-NONOPT,NOG-nonopt,792,792,396,8,y_bar,0.1,0.1,0.1,2,1.0,0.11678355187177658,9.510280087590218,9.510280087590218,6.611854011192918,15.991190591827035,635,100635,200635,950906742,sfo,6352,6352,794,"[794, 794, 794, 794, 794, 794, 794, 794]",4325376,794,794,-0.8368169069290161,0.011939761228859425,0.1,formal,formal/partials/NOG-FO-NONOPT__m8__seed635__cfg4b3be870c257.json
NOG-FO-NONOPT,NOG-nonopt,816,816,408,8,y_bar,0.1,0.1,0.1,2,1.0,0.09061779081821442,9.924058457836509,9.924058457836509,6.88047275133431,16.299174152314663,635,100635,200635,950906742,sfo,6544,6544,818,"[818, 818, 818, 818, 818, 818, 818, 818]",4456448,818,818,-0.8368421196937561,0.01198238879442215,0.1,formal,formal/partials/NOG-FO-NONOPT__m8__seed635__cfg4b3be870c257.json
NOG-FO-NONOPT,NOG-nonopt,840,840,420,8,y_bar,0.1,0.1,0.1,2,1.0,0.14889483153820038,10.075878685340285,10.075878685340285,6.962167050689459,16.762873485684395,635,100635,200635,950906742,sfo,6736,6736,842,"[842, 842, 842, 842, 842, 842, 842, 842]",4587520,842,842,-0.8372603058815002,0.011315630748867989,0.1,formal,formal/partials/NOG-FO-NONOPT__m8__seed635__cfg4b3be870c257.json
NOG-FO-NONOPT,NOG-nonopt,864,864,432,8,y_bar,0.1,0.1,0.1,2,1.0,0.14730359613895416,10.266479501500726,10.266479501500726,7.0468428414314985,17.14145517349243,635,100635,200635,950906742,sfo,6928,6928,866,"[866, 866, 866, 866, 866, 866, 866, 866]",4718592,866,866,-0.8372214436531067,0.01119990088045597,0.1,formal,formal/partials/NOG-FO-NONOPT__m8__seed635__cfg4b3be870c257.json
NOG-FO-NONOPT,NOG-nonopt,888,888,444,8,y_bar,0.1,0.1,0.1,2,1.0,0.1740412712097168,10.455738203600049,10.455738203600049,7.160466128960252,17.535810781642795,635,100635,200635,950906742,sfo,7120,7120,890,"[890, 890, 890, 890, 890, 890, 890, 890]",4849664,890,890,-0.8371236324310303,0.011106293648481369,0.1,formal,formal/partials/NOG-FO-NONOPT__m8__seed635__cfg4b3be870c257.json
NOG-FO-NONOPT,NOG-nonopt,912,912,456,8,y_bar,0.1,0.1,0.1,2,1.0,0.13431167602539062,10.640855913981795,10.640855913981795,7.220465565100312,17.912258753553033,635,100635,200635,950906742,sfo,7312,7312,914,"[914, 914, 914, 914, 914, 914, 914, 914]",4980736,914,914,-0.8370540738105774,0.011093975976109505,0.1,formal,formal/partials/NOG-FO-NONOPT__m8__seed635__cfg4b3be870c257.json
NOG-FO-NONOPT,NOG-nonopt,936,936,468,8,y_bar,0.1,0.1,0.1,2,1.0,0.1267363280057907,10.872937748208642,10.872937748208642,7.336495606228709,18.36622622422874,635,100635,200635,950906742,sfo,7504,7504,938,"[938, 938, 938, 938, 938, 938, 938, 938]",5111808,938,938,-0.8368102312088013,0.011722595430910587,0.1,formal,formal/partials/NOG-FO-NONOPT__m8__seed635__cfg4b3be870c257.json
NOG-FO-NONOPT,NOG-nonopt,960,960,480,8,y_bar,0.1,0.1,0.1,2,1.0,0.1653689295053482,11.09167461283505,11.09167461283505,7.498209046199918,18.743538100272417,635,100635,200635,950906742,sfo,7696,7696,962,"[962, 962, 962, 962, 962, 962, 962, 962]",5242880,962,962,-0.8365248441696167,0.011809451505541801,0.1,formal,formal/partials/NOG-FO-NONOPT__m8__seed635__cfg4b3be870c257.json
NOG-FO-NONOPT,NOG-nonopt,24,24,12,8,y_bar,0.1,0.1,0.1,2,1.0,0.32188451290130615,0.2404143214225769,0.2404143214225769,0.12836712412536144,0.3968597333878279,636,100636,200636,1555139875,sfo,208,208,26,"[26, 26, 26, 26, 26, 26, 26, 26]",131072,26,26,-0.17648524045944214,0.24561214447021484,0.1,formal,formal/partials/NOG-FO-NONOPT__m8__seed636__cfg6601f3f72c4d.json
NOG-FO-NONOPT,NOG-nonopt,48,48,24,8,y_bar,0.1,0.1,0.1,2,1.0,0.33075278997421265,0.43047354370355606,0.43047354370355606,0.20488762855529785,0.7987126260995865,636,100636,200636,1555139875,sfo,400,400,50,"[50, 50, 50, 50, 50, 50, 50, 50]",262144,50,50,-0.3536817729473114,0.22684593498706818,0.1,formal,formal/partials/NOG-FO-NONOPT__m8__seed636__cfg6601f3f72c4d.json
NOG-FO-NONOPT,NOG-nonopt,72,72,36,8,y_bar,0.1,0.1,0.1,2,1.0,0.27461862564086914,0.620504992082715,0.620504992082715,0.33469817601144314,1.201542653143406,636,100636,200636,1555139875,sfo,592,592,74,"[74, 74, 74, 74, 74, 74, 74, 74]",393216,74,74,-0.5115643739700317,0.19698792695999146,0.1,formal,formal/partials/NOG-FO-NONOPT__m8__seed636__cfg6601f3f72c4d.json
NOG-FO-NONOPT,NOG-nonopt,96,96,48,8,y_bar,0.1,0.1,0.1,2,1.0,0.25215840339660645,0.8698633592575788,0.8698633592575788,0.5183524452149868,1.6088507287204266,636,100636,200636,1555139875,sfo,784,784,98,"[98, 98, 98, 98, 98, 98, 98, 98]",524288,98,98,-0.6444243788719177,0.1577109545469284,0.1,formal,formal/partials/NOG-FO-NONOPT__m8__seed636__cfg6601f3f72c4d.json
NOG-FO-NONOPT,NOG-nonopt,120,120,60,8,y_bar,0.1,0.1,0.1,2,1.0,0.1753774881362915,1.0739094391465187,1.0739094391465187,0.6108219865709543,2.0348509158939123,636,100636,200636,1555139875,sfo,976,976,122,"[122, 122, 122, 122, 122, 122, 122, 122]",655360,122,122,-0.7379403710365295,0.11567521840333939,0.1,formal,formal/partials/NOG-FO-NONOPT__m8__seed636__cfg6601f3f72c4d.json
NOG-FO-NONOPT,NOG-nonopt,144,144,72,8,y_bar,0.1,0.1,0.1,2,1.0,0.16369882225990295,1.252334326505661,1.252334326505661,0.7296272981911898,2.6266112625598907,636,100636,200636,1555139875,sfo,1168,1168,146,"[146, 146, 146, 146, 146, 146, 146, 146]",786432,146,146,-0.7955751419067383,0.07646746188402176,0.1,formal,formal/partials/NOG-FO-NONOPT__m8__seed636__cfg6601f3f72c4d.json
NOG-FO-NONOPT,NOG-nonopt,168,168,84,8,y_bar,0.1,0.1,0.1,2,1.0,0.1477113664150238,1.6135070472955704,1.6135070472955704,1.026423467323184,3.0642161648720503,636,100636,200636,1555139875,sfo,1360,1360,170,"[170, 170, 170, 170, 170, 170, 170, 170]",917504,170,170,-0.8227366805076599,0.04786209762096405,0.1,formal,formal/partials/NOG-FO-NONOPT__m8__seed636__cfg6601f3f72c4d.json
NOG-FO-NONOPT,NOG-nonopt,192,192,96,8,y_bar,0.1,0.1,0.1,2,1.0,0.1283579021692276,1.7950731217861176,1.7950731217861176,1.1477734297513962,3.402796261012554,636,100636,200636,1555139875,sfo,1552,1552,194,"[194, 194, 194, 194, 194, 194, 194, 194]",1048576,194,194,-0.8350773453712463,0.026138460263609886,0.1,formal,formal/partials/NOG-FO-NONOPT__m8__seed636__cfg6601f3f72c4d.json
NOG-FO-NONOPT,NOG-nonopt,216,216,108,8,y_bar,0.1,0.1,0.1,2,1.0,0.09261880815029144,2.020951524376869,2.020951524376869,1.265193460509181,3.753315709531307,636,100636,200636,1555139875,sfo,1744,1744,218,"[218, 218, 218, 218, 218, 218, 218, 218]",1179648,218,218,-0.8385797142982483,0.015764551237225533,0.1,formal,formal/partials/NOG-FO-NONOPT__m8__seed636__cfg6601f3f72c4d.json
NOG-FO-NONOPT,NOG-nonopt,240,240,120,8,y_bar,0.1,0.1,0.1,2,1.0,0.12387163937091827,2.4179926868528128,2.4179926868528128,1.5390735249966383,4.367957966402173,636,100636,200636,1555139875,sfo,1936,1936,242,"[242, 242, 242, 242, 242, 242, 242, 242]",1310720,242,242,-0.8392103910446167,0.014254620298743248,0.1,formal,formal/partials/NOG-FO-NONOPT__m8__seed636__cfg6601f3f72c4d.json
NOG-FO-NONOPT,NOG-nonopt,264,264,132,8,y_bar,0.1,0.1,0.1,2,1.0,0.15197813510894775,2.9422323051840067,2.9422323051840067,1.9317095596343279,4.694660436362028,636,100636,200636,1555139875,sfo,2128,2128,266,"[266, 266, 266, 266, 266, 266, 266, 266]",1441792,266,266,-0.838880717754364,0.01298315916210413,0.1,formal,formal/partials/NOG-FO-NONOPT__m8__seed636__cfg6601f3f72c4d.json
NOG-FO-NONOPT,NOG-nonopt,288,288,144,8,y_bar,0.1,0.1,0.1,2,1.0,0.12296983599662781,3.1617785785347223,3.1617785785347223,2.080685216933489,5.589697357267141,636,100636,200636,1555139875,sfo,2320,2320,290,"[290, 290, 290, 290, 290, 290, 290, 290]",1572864,290,290,-0.8393110036849976,0.011736053973436356,0.1,formal,formal/partials/NOG-FO-NONOPT__m8__seed636__cfg6601f3f72c4d.json
NOG-FO-NONOPT,NOG-nonopt,312,312,156,8,y_bar,0.1,0.1,0.1,2,1.0,0.1438688188791275,3.657508486881852,3.657508486881852,2.5144235249608755,6.476363865658641,636,100636,200636,1555139875,sfo,2512,2512,314,"[314, 314, 314, 314, 314, 314, 314, 314]",1703936,314,314,-0.8385866284370422,0.012854333966970444,0.1,formal,formal/partials/NOG-FO-NONOPT__m8__seed636__cfg6601f3f72c4d.json
NOG-FO-NONOPT,NOG-nonopt,336,336,168,8,y_bar,0.1,0.1,0.1,2,1.0,0.15974418818950653,3.7856169287115335,3.7856169287115335,2.5870767924934626,6.8357966635376215,636,100636,200636,1555139875,sfo,2704,2704,338,"[338, 338, 338, 338, 338, 338, 338, 338]",1835008,338,338,-0.8384549617767334,0.012502091936767101,0.1,formal,formal/partials/NOG-FO-NONOPT__m8__seed636__cfg6601f3f72c4d.json
NOG-FO-NONOPT,NOG-nonopt,360,360,180,8,y_bar,0.1,0.1,0.1,2,1.0,0.10896767675876617,3.913976989686489,3.913976989686489,2.663060937076807,7.453184496611357,636,100636,200636,1555139875,sfo,2896,2896,362,"[362, 362, 362, 362, 362, 362, 362, 362]",1966080,362,362,-0.8376144766807556,0.017470022663474083,0.1,formal,formal/partials/NOG-FO-NONOPT__m8__seed636__cfg6601f3f72c4d.json
NOG-FO-NONOPT,NOG-nonopt,384,384,192,8,y_bar,0.1,0.1,0.1,2,1.0,0.09170442074537277,4.297886935994029,4.297886935994029,2.918559802696109,8.534632217139006,636,100636,200636,1555139875,sfo,3088,3088,386,"[386, 386, 386, 386, 386, 386, 386, 386]",2097152,386,386,-0.8388623595237732,0.013344492763280869,0.1,formal,formal/partials/NOG-FO-NONOPT__m8__seed636__cfg6601f3f72c4d.json
NOG-FO-NONOPT,NOG-nonopt,408,408,204,8,y_bar,0.1,0.1,0.1,2,1.0,0.12246609479188919,4.711021509021521,4.711021509021521,3.204020192846656,10.602973503991961,636,100636,200636,1555139875,sfo,3280,3280,410,"[410, 410, 410, 410, 410, 410, 410, 410]",2228224,410,410,-0.8387072086334229,0.013308599591255188,0.1,formal,formal/partials/NOG-FO-NONOPT__m8__seed636__cfg6601f3f72c4d.json
NOG-FO-NONOPT,NOG-nonopt,432,432,216,8,y_bar,0.1,0.1,0.1,2,1.0,0.1448085606098175,5.322816597297788,5.322816597297788,3.5810366831719875,12.20459720119834,636,100636,200636,1555139875,sfo,3472,3472,434,"[434, 434, 434, 434, 434, 434, 434, 434]",2359296,434,434,-0.8392052054405212,0.012609794735908508,0.1,formal,formal/partials/NOG-FO-NONOPT__m8__seed636__cfg6601f3f72c4d.json
NOG-FO-NONOPT,NOG-nonopt,456,456,228,8,y_bar,0.1,0.1,0.1,2,1.0,0.1500237137079239,5.827731037512422,5.827731037512422,3.9787557646632195,12.806157546117902,636,100636,200636,1555139875,sfo,3664,3664,458,"[458, 458, 458, 458, 458, 458, 458, 458]",2490368,458,458,-0.8392539620399475,0.012082358822226524,0.1,formal,formal/partials/NOG-FO-NONOPT__m8__seed636__cfg6601f3f72c4d.json
NOG-FO-NONOPT,NOG-nonopt,480,480,240,8,y_bar,0.1,0.1,0.1,2,1.0,0.1196390837430954,6.29223494976759,6.29223494976759,4.382494725286961,13.39887996390462,636,100636,200636,1555139875,sfo,3856,3856,482,"[482, 482, 482, 482, 482, 482, 482, 482]",2621440,482,482,-0.838779091835022,0.012349928729236126,0.1,formal,formal/partials/NOG-FO-NONOPT__m8__seed636__cfg6601f3f72c4d.json
NOG-FO-NONOPT,NOG-nonopt,504,504,252,8,y_bar,0.1,0.1,0.1,2,1.0,0.1284889280796051,6.696239138022065,6.696239138022065,4.658171389251947,14.425235487520695,636,100636,200636,1555139875,sfo,4048,4048,506,"[506, 506, 506, 506, 506, 506, 506, 506]",2752512,506,506,-0.8382575511932373,0.01365741714835167,0.1,formal,formal/partials/NOG-FO-NONOPT__m8__seed636__cfg6601f3f72c4d.json
NOG-FO-NONOPT,NOG-nonopt,528,528,264,8,y_bar,0.1,0.1,0.1,2,1.0,0.1234624907374382,6.903642339631915,6.903642339631915,4.808492165058851,14.744299903512001,636,100636,200636,1555139875,sfo,4240,4240,530,"[530, 530, 530, 530, 530, 530, 530, 530]",2883584,530,530,-0.8381373286247253,0.013272237032651901,0.1,formal,formal/partials/NOG-FO-NONOPT__m8__seed636__cfg6601f3f72c4d.json
NOG-FO-NONOPT,NOG-nonopt,552,552,276,8,y_bar,0.1,0.1,0.1,2,1.0,0.1315852254629135,7.147448066622019,7.147448066622019,4.898831805214286,15.127328902482986,636,100636,200636,1555139875,sfo,4432,4432,554,"[554, 554, 554, 554, 554, 554, 554, 554]",3014656,554,554,-0.8386695384979248,0.012044982053339481,0.1,formal,formal/partials/NOG-FO-NONOPT__m8__seed636__cfg6601f3f72c4d.json
NOG-FO-NONOPT,NOG-nonopt,576,576,288,8,y_bar,0.1,0.1,0.1,2,1.0,0.10240332037210464,7.379638716578484,7.379638716578484,5.024853650480509,15.457063220441341,636,100636,200636,1555139875,sfo,4624,4624,578,"[578, 578, 578, 578, 578, 578, 578, 578]",3145728,578,578,-0.8386208415031433,0.01231907308101654,0.1,formal,formal/partials/NOG-FO-NONOPT__m8__seed636__cfg6601f3f72c4d.json
NOG-FO-NONOPT,NOG-nonopt,600,600,300,8,y_bar,0.1,0.1,0.1,2,1.0,0.13242413103580475,7.626408575102687,7.626408575102687,5.211798971518874,15.7725446857512,636,100636,200636,1555139875,sfo,4816,4816,602,"[602, 602, 602, 602, 602, 602, 602, 602]",3276800,602,602,-0.8386684656143188,0.012336344458162785,0.1,formal,formal/partials/NOG-FO-NONOPT__m8__seed636__cfg6601f3f72c4d.json
NOG-FO-NONOPT,NOG-nonopt,624,624,312,8,y_bar,0.1,0.1,0.1,2,1.0,0.13260670006275177,7.87201327085495,7.87201327085495,5.341207476332784,16.111143859103322,636,100636,200636,1555139875,sfo,5008,5008,626,"[626, 626, 626, 626, 626, 626, 626, 626]",3407872,626,626,-0.8387899994850159,0.013170289807021618,0.1,formal,formal/partials/NOG-FO-NONOPT__m8__seed636__cfg6601f3f72c4d.json
NOG-FO-NONOPT,NOG-nonopt,648,648,324,8,y_bar,0.1,0.1,0.1,2,1.0,0.15652301907539368,8.135319901630282,8.135319901630282,5.543426202610135,16.443383721634746,636,100636,200636,1555139875,sfo,5200,5200,650,"[650, 650, 650, 650, 650, 650, 650, 650]",3538944,650,650,-0.8383177518844604,0.015169857069849968,0.1,formal,formal/partials/NOG-FO-NONOPT__m8__seed636__cfg6601f3f72c4d.json
NOG-FO-NONOPT,NOG-nonopt,672,672,336,8,y_bar,0.1,0.1,0.1,2,1.0,0.136959969997406,8.406052654609084,8.406052654609084,5.710162751376629,16.806213922798634,636,100636,200636,1555139875,sfo,5392,5392,674,"[674, 674, 674, 674, 674, 674, 674, 674]",3670016,674,674,-0.8384424448013306,0.012294967658817768,0.1,formal,formal/partials/NOG-FO-NONOPT__m8__seed636__cfg6601f3f72c4d.json
NOG-FO-NONOPT,NOG-nonopt,696,696,348,8,y_bar,0.1,0.1,0.1,2,1.0,0.11910030990839005,8.643758971244097,8.643758971244097,5.889851121231914,17.19122320227325,636,100636,200636,1555139875,sfo,5584,5584,698,"[698, 698, 698, 698, 698, 698, 698, 698]",3801088,698,698,-0.8386569023132324,0.013274606317281723,0.1,formal,formal/partials/NOG-FO-NONOPT__m8__seed636__cfg6601f3f72c4d.json
NOG-FO-NONOPT,NOG-nonopt,720,720,360,8,y_bar,0.1,0.1,0.1,2,1.0,0.13266994059085846,8.920493349432945,8.920493349432945,6.11435148306191,17.52429761737585,636,100636,200636,1555139875,sfo,5776,5776,722,"[722, 722, 722, 722, 722, 722, 722, 722]",3932160,722,722,-0.8387701511383057,0.011987733654677868,0.1,formal,formal/partials/NOG-FO-NONOPT__m8__seed636__cfg6601f3f72c4d.json
NOG-FO-NONOPT,NOG-nonopt,744,744,372,8,y_bar,0.1,0.1,0.1,2,1.0,0.12093302607536316,9.199992274865508,9.199992274865508,6.3418252710253,17.859258361160755,636,100636,200636,1555139875,sfo,5968,5968,746,"[746, 746, 746, 746, 746, 746, 746, 746]",4063232,746,746,-0.8383967280387878,0.012779164128005505,0.1,formal,formal/partials/NOG-FO-NONOPT__m8__seed636__cfg6601f3f72c4d.json
NOG-FO-NONOPT,NOG-nonopt,768,768,384,8,y_bar,0.1,0.1,0.1,2,1.0,0.1161588653922081,9.441979333758354,9.441979333758354,6.494889114052057,18.213166249915957,636,100636,200636,1555139875,sfo,6160,6160,770,"[770, 770, 770, 770, 770, 770, 770, 770]",4194304,770,770,-0.8380271792411804,0.013314043171703815,0.1,formal,formal/partials/NOG-FO-NONOPT__m8__seed636__cfg6601f3f72c4d.json
NOG-FO-NONOPT,NOG-nonopt,792,792,396,8,y_bar,0.1,0.1,0.1,2,1.0,0.1262456774711609,9.67791316471994,9.67791316471994,6.669302823022008,18.597590634599328,636,100636,200636,1555139875,sfo,6352,6352,794,"[794, 794, 794, 794, 794, 794, 794, 794]",4325376,794,794,-0.8376663327217102,0.013203366659581661,0.1,formal,formal/partials/NOG-FO-NONOPT__m8__seed636__cfg6601f3f72c4d.json
NOG-FO-NONOPT,NOG-nonopt,816,816,408,8,y_bar,0.1,0.1,0.1,2,1.0,0.11555739492177963,9.963630009442568,9.963630009442568,6.898909244686365,18.95344931446016,636,100636,200636,1555139875,sfo,6544,6544,818,"[818, 818, 818, 818, 818, 818, 818, 818]",4456448,818,818,-0.8375760316848755,0.014139619655907154,0.1,formal,formal/partials/NOG-FO-NONOPT__m8__seed636__cfg6601f3f72c4d.json
NOG-FO-NONOPT,NOG-nonopt,840,840,420,8,y_bar,0.1,0.1,0.1,2,1.0,0.1324685513973236,10.194706996902823,10.194706996902823,7.062698405236006,19.364442339167,636,100636,200636,1555139875,sfo,6736,6736,842,"[842, 842, 842, 842, 842, 842, 842, 842]",4587520,842,842,-0.8378655910491943,0.013113581575453281,0.1,formal,formal/partials/NOG-FO-NONOPT__m8__seed636__cfg6601f3f72c4d.json
NOG-FO-NONOPT,NOG-nonopt,864,864,432,8,y_bar,0.1,0.1,0.1,2,1.0,0.15553945302963257,10.472194649279118,10.472194649279118,7.228696400299668,19.74561787582934,636,100636,200636,1555139875,sfo,6928,6928,866,"[866, 866, 866, 866, 866, 866, 866, 866]",4718592,866,866,-0.8367973566055298,0.01668044924736023,0.1,formal,formal/partials/NOG-FO-NONOPT__m8__seed636__cfg6601f3f72c4d.json
NOG-FO-NONOPT,NOG-nonopt,888,888,444,8,y_bar,0.1,0.1,0.1,2,1.0,0.10422331094741821,10.75703371874988,10.75703371874988,7.460617307573557,20.118228755891323,636,100636,200636,1555139875,sfo,7120,7120,890,"[890, 890, 890, 890, 890, 890, 890, 890]",4849664,890,890,-0.8382104635238647,0.012041511945426464,0.1,formal,formal/partials/NOG-FO-NONOPT__m8__seed636__cfg6601f3f72c4d.json
NOG-FO-NONOPT,NOG-nonopt,912,912,456,8,y_bar,0.1,0.1,0.1,2,1.0,0.12784560024738312,11.018150709569454,11.018150709569454,7.616860520094633,20.50290911272168,636,100636,200636,1555139875,sfo,7312,7312,914,"[914, 914, 914, 914, 914, 914, 914, 914]",4980736,914,914,-0.8386377692222595,0.012687625363469124,0.1,formal,formal/partials/NOG-FO-NONOPT__m8__seed636__cfg6601f3f72c4d.json
NOG-FO-NONOPT,NOG-nonopt,936,936,468,8,y_bar,0.1,0.1,0.1,2,1.0,0.09338178485631943,11.306234581395984,11.306234581395984,7.796904589980841,20.873982723802328,636,100636,200636,1555139875,sfo,7504,7504,938,"[938, 938, 938, 938, 938, 938, 938, 938]",5111808,938,938,-0.8383591175079346,0.01234311331063509,0.1,formal,formal/partials/NOG-FO-NONOPT__m8__seed636__cfg6601f3f72c4d.json
NOG-FO-NONOPT,NOG-nonopt,960,960,480,8,y_bar,0.1,0.1,0.1,2,1.0,0.13475878536701202,11.621361546218395,11.621361546218395,7.996804842725396,21.217094864696264,636,100636,200636,1555139875,sfo,7696,7696,962,"[962, 962, 962, 962, 962, 962, 962, 962]",5242880,962,962,-0.8381716012954712,0.013087533414363861,0.1,formal,formal/partials/NOG-FO-NONOPT__m8__seed636__cfg6601f3f72c4d.json
NOG-FO-NONOPT,NOG-nonopt,24,24,12,8,y_bar,0.1,0.1,0.1,2,1.0,0.3598366379737854,0.20542930625379086,0.20542930625379086,0.13205857202410698,0.47628757543861866,637,100637,200637,556941343,sfo,208,208,26,"[26, 26, 26, 26, 26, 26, 26, 26]",131072,26,26,-0.17427757382392883,0.24341006577014923,0.1,formal,formal/partials/NOG-FO-NONOPT__m8__seed637__cfg36199076293c.json
NOG-FO-NONOPT,NOG-nonopt,48,48,24,8,y_bar,0.1,0.1,0.1,2,1.0,0.31569090485572815,0.33289002254605293,0.33289002254605293,0.2000222485512495,0.9435152653604746,637,100637,200637,556941343,sfo,400,400,50,"[50, 50, 50, 50, 50, 50, 50, 50]",262144,50,50,-0.3493712842464447,0.22536686062812805,0.1,formal,formal/partials/NOG-FO-NONOPT__m8__seed637__cfg36199076293c.json
NOG-FO-NONOPT,NOG-nonopt,72,72,36,8,y_bar,0.1,0.1,0.1,2,1.0,0.2793092131614685,0.44553651846945286,0.44553651846945286,0.2529768589884043,1.3923391457647085,637,100637,200637,556941343,sfo,592,592,74,"[74, 74, 74, 74, 74, 74, 74, 74]",393216,74,74,-0.5040948987007141,0.19708915054798126,0.1,formal,formal/partials/NOG-FO-NONOPT__m8__seed637__cfg36199076293c.json
NOG-FO-NONOPT,NOG-nonopt,96,96,48,8,y_bar,0.1,0.1,0.1,2,1.0,0.2602308988571167,0.5965599808841944,0.5965599808841944,0.3448006436228752,1.846183704212308,637,100637,200637,556941343,sfo,784,784,98,"[98, 98, 98, 98, 98, 98, 98, 98]",524288,98,98,-0.6305389404296875,0.16138873994350433,0.1,formal,formal/partials/NOG-FO-NONOPT__m8__seed637__cfg36199076293c.json
NOG-FO-NONOPT,NOG-nonopt,120,120,60,8,y_bar,0.1,0.1,0.1,2,1.0,0.21614325046539307,0.7409293614327908,0.7409293614327908,0.4281393811106682,2.3213663175702095,637,100637,200637,556941343,sfo,976,976,122,"[122, 122, 122, 122, 122, 122, 122, 122]",655360,122,122,-0.7247025966644287,0.12213790416717529,0.1,formal,formal/partials/NOG-FO-NONOPT__m8__seed637__cfg36199076293c.json
NOG-FO-NONOPT,NOG-nonopt,144,144,72,8,y_bar,0.1,0.1,0.1,2,1.0,0.19084055721759796,0.8635956030339003,0.8635956030339003,0.4909649193286896,2.873447958379984,637,100637,200637,556941343,sfo,1168,1168,146,"[146, 146, 146, 146, 146, 146, 146, 146]",786432,146,146,-0.788293719291687,0.08210664242506027,0.1,formal,formal/partials/NOG-FO-NONOPT__m8__seed637__cfg36199076293c.json
NOG-FO-NONOPT,NOG-nonopt,168,168,84,8,y_bar,0.1,0.1,0.1,2,1.0,0.14377711713314056,0.9932685792446136,0.9932685792446136,0.5608705207705498,3.3720910381525755,637,100637,200637,556941343,sfo,1360,1360,170,"[170, 170, 170, 170, 170, 170, 170, 170]",917504,170,170,-0.8190847635269165,0.051672764122486115,0.1,formal,formal/partials/NOG-FO-NONOPT__m8__seed637__cfg36199076293c.json
NOG-FO-NONOPT,NOG-nonopt,192,192,96,8,y_bar,0.1,0.1,0.1,2,1.0,0.145834818482399,1.1569642201066017,1.1569642201066017,0.663986325263977,3.8551462665200233,637,100637,200637,556941343,sfo,1552,1552,194,"[194, 194, 194, 194, 194, 194, 194, 194]",1048576,194,194,-0.833345353603363,0.027887219563126564,0.1,formal,formal/partials/NOG-FO-NONOPT__m8__seed637__cfg36199076293c.json
NOG-FO-NONOPT,NOG-nonopt,216,216,108,8,y_bar,0.1,0.1,0.1,2,1.0,0.14525751769542694,1.2978822253644466,1.2978822253644466,0.7446195241063833,4.3562920689582825,637,100637,200637,556941343,sfo,1744,1744,218,"[218, 218, 218, 218, 218, 218, 218, 218]",1179648,218,218,-0.8366910219192505,0.017011554911732674,0.1,formal,formal/partials/NOG-FO-NONOPT__m8__seed637__cfg36199076293c.json
NOG-FO-NONOPT,NOG-nonopt,240,240,120,8,y_bar,0.1,0.1,0.1,2,1.0,0.14145880937576294,1.4471724685281515,1.4471724685281515,0.8413841128349304,4.841701174154878,637,100637,200637,556941343,sfo,1936,1936,242,"[242, 242, 242, 242, 242, 242, 242, 242]",1310720,242,242,-0.8373702168464661,0.014911848120391369,0.1,formal,formal/partials/NOG-FO-NONOPT__m8__seed637__cfg36199076293c.json
NOG-FO-NONOPT,NOG-nonopt,264,264,132,8,y_bar,0.1,0.1,0.1,2,1.0,0.13624116778373718,1.6495407801121473,1.6495407801121473,0.9827209245413542,5.319741025567055,637,100637,200637,556941343,sfo,2128,2128,266,"[266, 266, 266, 266, 266, 266, 266, 266]",1441792,266,266,-0.8372172713279724,0.015618452802300453,0.1,formal,formal/partials/NOG-FO-NONOPT__m8__seed637__cfg36199076293c.json
NOG-FO-NONOPT,NOG-nonopt,288,288,144,8,y_bar,0.1,0.1,0.1,2,1.0,0.10333485156297684,1.863162426277995,1.863162426277995,1.1233135666698217,5.796051943674684,637,100637,200637,556941343,sfo,2320,2320,290,"[290, 290, 290, 290, 290, 290, 290, 290]",1572864,290,290,-0.8370910882949829,0.014309396035969257,0.1,formal,formal/partials/NOG-FO-NONOPT__m8__seed637__cfg36199076293c.json
NOG-FO-NONOPT,NOG-nonopt,312,312,156,8,y_bar,0.1,0.1,0.1,2,1.0,0.13720844686031342,2.0931202601641417,2.0931202601641417,1.254349209368229,6.251851176843047,637,100637,200637,556941343,sfo,2512,2512,314,"[314, 314, 314, 314, 314, 314, 314, 314]",1703936,314,314,-0.8381041884422302,0.013263656757771969,0.1,formal,formal/partials/NOG-FO-NONOPT__m8__seed637__cfg36199076293c.json
NOG-FO-NONOPT,NOG-nonopt,336,336,168,8,y_bar,0.1,0.1,0.1,2,1.0,0.12463919073343277,2.3227370865643024,2.3227370865643024,1.4214082919061184,6.687902916222811,637,100637,200637,556941343,sfo,2704,2704,338,"[338, 338, 338, 338, 338, 338, 338, 338]",1835008,338,338,-0.8383538722991943,0.012661721557378769,0.1,formal,formal/partials/NOG-FO-NONOPT__m8__seed637__cfg36199076293c.json
NOG-FO-NONOPT,NOG-nonopt,360,360,180,8,y_bar,0.1,0.1,0.1,2,1.0,0.08143790811300278,2.567842857912183,2.567842857912183,1.6048998422920704,7.079313758760691,637,100637,200637,556941343,sfo,2896,2896,362,"[362, 362, 362, 362, 362, 362, 362, 362]",1966080,362,362,-0.8377689123153687,0.014756608754396439,0.1,formal,formal/partials/NOG-FO-NONOPT__m8__seed637__cfg36199076293c.json
NOG-FO-NONOPT,NOG-nonopt,384,384,192,8,y_bar,0.1,0.1,0.1,2,1.0,0.14525391161441803,2.860442014411092,2.860442014411092,1.7827942874282598,7.469332670792937,637,100637,200637,556941343,sfo,3088,3088,386,"[386, 386, 386, 386, 386, 386, 386, 386]",2097152,386,386,-0.83812016248703,0.013826300390064716,0.1,formal,formal/partials/NOG-FO-NONOPT__m8__seed637__cfg36199076293c.json
NOG-FO-NONOPT,NOG-nonopt,408,408,204,8,y_bar,0.1,0.1,0.1,2,1.0,0.10265505313873291,3.1023925356566906,3.1023925356566906,1.963420107960701,7.871031444519758,637,100637,200637,556941343,sfo,3280,3280,410,"[410, 410, 410, 410, 410, 410, 410, 410]",2228224,410,410,-0.8385651111602783,0.012946867384016514,0.1,formal,formal/partials/NOG-FO-NONOPT__m8__seed637__cfg36199076293c.json
NOG-FO-NONOPT,NOG-nonopt,432,432,216,8,y_bar,0.1,0.1,0.1,2,1.0,0.09587782621383667,3.290470289066434,3.290470289066434,2.091224143281579,8.530265724286437,637,100637,200637,556941343,sfo,3472,3472,434,"[434, 434, 434, 434, 434, 434, 434, 434]",2359296,434,434,-0.8383075594902039,0.013522040098905563,0.1,formal,formal/partials/NOG-FO-NONOPT__m8__seed637__cfg36199076293c.json
NOG-FO-NONOPT,NOG-nonopt,456,456,228,8,y_bar,0.1,0.1,0.1,2,1.0,0.08885254710912704,3.5978020187467337,3.5978020187467337,2.3404556587338448,9.047378534451127,637,100637,200637,556941343,sfo,3664,3664,458,"[458, 458, 458, 458, 458, 458, 458, 458]",2490368,458,458,-0.8387097716331482,0.012647760100662708,0.1,formal,formal/partials/NOG-FO-NONOPT__m8__seed637__cfg36199076293c.json
NOG-FO-NONOPT,NOG-nonopt,480,480,240,8,y_bar,0.1,0.1,0.1,2,1.0,0.14178366959095,3.807943979278207,3.807943979278207,2.4187256414443254,9.726133607327938,637,100637,200637,556941343,sfo,3856,3856,482,"[482, 482, 482, 482, 482, 482, 482, 482]",2621440,482,482,-0.8385684490203857,0.01267064269632101,0.1,formal,formal/partials/NOG-FO-NONOPT__m8__seed637__cfg36199076293c.json
NOG-FO-NONOPT,NOG-nonopt,504,504,252,8,y_bar,0.1,0.1,0.1,2,1.0,0.1075250506401062,4.108188102021813,4.108188102021813,2.6578574180603027,10.7645781673491,637,100637,200637,556941343,sfo,4048,4048,506,"[506, 506, 506, 506, 506, 506, 506, 506]",2752512,506,506,-0.8387250900268555,0.013134974986314774,0.1,formal,formal/partials/NOG-FO-NONOPT__m8__seed637__cfg36199076293c.json
NOG-FO-NONOPT,NOG-nonopt,528,528,264,8,y_bar,0.1,0.1,0.1,2,1.0,0.14094772934913635,4.258495822548866,4.258495822548866,2.7472154553979635,11.085851991549134,637,100637,200637,556941343,sfo,4240,4240,530,"[530, 530, 530, 530, 530, 530, 530, 530]",2883584,530,530,-0.8388115763664246,0.011959715746343136,0.1,formal,formal/partials/NOG-FO-NONOPT__m8__seed637__cfg36199076293c.json
NOG-FO-NONOPT,NOG-nonopt,552,552,276,8,y_bar,0.1,0.1,0.1,2,1.0,0.14294210076332092,4.37523459456861,4.37523459456861,2.8039191477000713,11.428436864167452,637,100637,200637,556941343,sfo,4432,4432,554,"[554, 554, 554, 554, 554, 554, 554, 554]",3014656,554,554,-0.8385485410690308,0.012336695566773415,0.1,formal,formal/partials/NOG-FO-NONOPT__m8__seed637__cfg36199076293c.json
NOG-FO-NONOPT,NOG-nonopt,576,576,288,8,y_bar,0.1,0.1,0.1,2,1.0,0.14694835245609283,4.659572929143906,4.659572929143906,3.031499397009611,12.017339926213026,637,100637,200637,556941343,sfo,4624,4624,578,"[578, 578, 578, 578, 578, 578, 578, 578]",3145728,578,578,-0.8382501006126404,0.01301639061421156,0.1,formal,formal/partials/NOG-FO-NONOPT__m8__seed637__cfg36199076293c.json
NOG-FO-NONOPT,NOG-nonopt,600,600,300,8,y_bar,0.1,0.1,0.1,2,1.0,0.14979469776153564,4.978806650266051,4.978806650266051,3.290464172139764,12.628965398296714,637,100637,200637,556941343,sfo,4816,4816,602,"[602, 602, 602, 602, 602, 602, 602, 602]",3276800,602,602,-0.8385971784591675,0.013375778682529926,0.1,formal,formal/partials/NOG-FO-NONOPT__m8__seed637__cfg36199076293c.json
NOG-FO-NONOPT,NOG-nonopt,624,624,312,8,y_bar,0.1,0.1,0.1,2,1.0,0.11206594109535217,5.334590923041105,5.334590923041105,3.5397306084632874,13.155528273433447,637,100637,200637,556941343,sfo,5008,5008,626,"[626, 626, 626, 626, 626, 626, 626, 626]",3407872,626,626,-0.8389152884483337,0.011947817169129848,0.1,formal,formal/partials/NOG-FO-NONOPT__m8__seed637__cfg36199076293c.json
NOG-FO-NONOPT,NOG-nonopt,648,648,324,8,y_bar,0.1,0.1,0.1,2,1.0,0.14594218134880066,5.744377940893173,5.744377940893173,3.786652833223343,14.12617140263319,637,100637,200637,556941343,sfo,5200,5200,650,"[650, 650, 650, 650, 650, 650, 650, 650]",3538944,650,650,-0.8386424779891968,0.013870230875909328,0.1,formal,formal/partials/NOG-FO-NONOPT__m8__seed637__cfg36199076293c.json
NOG-FO-NONOPT,NOG-nonopt,672,672,336,8,y_bar,0.1,0.1,0.1,2,1.0,0.1264081597328186,5.897431019693613,5.897431019693613,3.8825617376714945,14.623309340327978,637,100637,200637,556941343,sfo,5392,5392,674,"[674, 674, 674, 674, 674, 674, 674, 674]",3670016,674,674,-0.8391190767288208,0.011726190336048603,0.1,formal,formal/partials/NOG-FO-NONOPT__m8__seed637__cfg36199076293c.json
NOG-FO-NONOPT,NOG-nonopt,696,696,348,8,y_bar,0.1,0.1,0.1,2,1.0,0.13337364792823792,6.086430294439197,6.086430294439197,4.011158999055624,15.137347536161542,637,100637,200637,556941343,sfo,5584,5584,698,"[698, 698, 698, 698, 698, 698, 698, 698]",3801088,698,698,-0.8386898636817932,0.012129632756114006,0.1,formal,formal/partials/NOG-FO-NONOPT__m8__seed637__cfg36199076293c.json
NOG-FO-NONOPT,NOG-nonopt,720,720,360,8,y_bar,0.1,0.1,0.1,2,1.0,0.1099165752530098,6.2358770575374365,6.2358770575374365,4.076707126572728,15.666080482304096,637,100637,200637,556941343,sfo,5776,5776,722,"[722, 722, 722, 722, 722, 722, 722, 722]",3932160,722,722,-0.8389044404029846,0.011925429105758667,0.1,formal,formal/partials/NOG-FO-NONOPT__m8__seed637__cfg36199076293c.json
NOG-FO-NONOPT,NOG-nonopt,744,744,372,8,y_bar,0.1,0.1,0.1,2,1.0,0.1481291949748993,6.406967021524906,6.406967021524906,4.187085712328553,16.19289369508624,637,100637,200637,556941343,sfo,5968,5968,746,"[746, 746, 746, 746, 746, 746, 746, 746]",4063232,746,746,-0.838674008846283,0.01232378464192152,0.1,formal,formal/partials/NOG-FO-NONOPT__m8__seed637__cfg36199076293c.json
NOG-FO-NONOPT,NOG-nonopt,768,768,384,8,y_bar,0.1,0.1,0.1,2,1.0,0.12908852100372314,6.754235057160258,6.754235057160258,4.372271696105599,16.63270627707243,637,100637,200637,556941343,sfo,6160,6160,770,"[770, 770, 770, 770, 770, 770, 770, 770]",4194304,770,770,-0.8393033742904663,0.012154790572822094,0.1,formal,formal/partials/NOG-FO-NONOPT__m8__seed637__cfg36199076293c.json
NOG-FO-NONOPT,NOG-nonopt,792,792,396,8,y_bar,0.1,0.1,0.1,2,1.0,0.09756524115800858,7.1269679721444845,7.1269679721444845,4.6140607967972755,17.065433096140623,637,100637,200637,556941343,sfo,6352,6352,794,"[794, 794, 794, 794, 794, 794, 794, 794]",4325376,794,794,-0.8391340970993042,0.01198604702949524,0.1,formal,formal/partials/NOG-FO-NONOPT__m8__seed637__cfg36199076293c.json
NOG-FO-NONOPT,NOG-nonopt,816,816,408,8,y_bar,0.1,0.1,0.1,2,1.0,0.06748269498348236,7.537426961585879,7.537426961585879,4.8974987510591745,17.470390459522605,637,100637,200637,556941343,sfo,6544,6544,818,"[818, 818, 818, 818, 818, 818, 818, 818]",4456448,818,818,-0.8389052152633667,0.01172582060098648,0.1,formal,formal/partials/NOG-FO-NONOPT__m8__seed637__cfg36199076293c.json
NOG-FO-NONOPT,NOG-nonopt,840,840,420,8,y_bar,0.1,0.1,0.1,2,1.0,0.13197273015975952,7.9384648110717535,7.9384648110717535,5.236157214269042,17.794923523440957,637,100637,200637,556941343,sfo,6736,6736,842,"[842, 842, 842, 842, 842, 842, 842, 842]",4587520,842,842,-0.8383907675743103,0.01305716298520565,0.1,formal,formal/partials/NOG-FO-NONOPT__m8__seed637__cfg36199076293c.json
NOG-FO-NONOPT,NOG-nonopt,864,864,432,8,y_bar,0.1,0.1,0.1,2,1.0,0.11916203051805496,8.321879044175148,8.321879044175148,5.558232409879565,18.292785115540028,637,100637,200637,556941343,sfo,6928,6928,866,"[866, 866, 866, 866, 866, 866, 866, 866]",4718592,866,866,-0.8379248380661011,0.015173041261732578,0.1,formal,formal/partials/NOG-FO-NONOPT__m8__seed637__cfg36199076293c.json
NOG-FO-NONOPT,NOG-nonopt,888,888,444,8,y_bar,0.1,0.1,0.1,2,1.0,0.12430207431316376,8.718285428360105,8.718285428360105,5.825776103883982,18.65261023491621,637,100637,200637,556941343,sfo,7120,7120,890,"[890, 890, 890, 890, 890, 890, 890, 890]",4849664,890,890,-0.838233470916748,0.013940525241196156,0.1,formal,formal/partials/NOG-FO-NONOPT__m8__seed637__cfg36199076293c.json
NOG-FO-NONOPT,NOG-nonopt,912,912,456,8,y_bar,0.1,0.1,0.1,2,1.0,0.13047315180301666,9.1610256023705,9.1610256023705,6.067749040201306,19.247498232871294,637,100637,200637,556941343,sfo,7312,7312,914,"[914, 914, 914, 914, 914, 914, 914, 914]",4980736,914,914,-0.8382634520530701,0.013217560946941376,0.1,formal,formal/partials/NOG-FO-NONOPT__m8__seed637__cfg36199076293c.json
NOG-FO-NONOPT,NOG-nonopt,936,936,468,8,y_bar,0.1,0.1,0.1,2,1.0,0.0956217348575592,10.058252582326531,10.058252582326531,6.722140291705728,20.07045587338507,637,100637,200637,556941343,sfo,7504,7504,938,"[938, 938, 938, 938, 938, 938, 938, 938]",5111808,938,938,-0.8381123542785645,0.013611474074423313,0.1,formal,formal/partials/NOG-FO-NONOPT__m8__seed637__cfg36199076293c.json
NOG-FO-NONOPT,NOG-nonopt,960,960,480,8,y_bar,0.1,0.1,0.1,2,1.0,0.1379615068435669,10.525350522249937,10.525350522249937,7.05917800962925,20.512768434360623,637,100637,200637,556941343,sfo,7696,7696,962,"[962, 962, 962, 962, 962, 962, 962, 962]",5242880,962,962,-0.8383053541183472,0.012886389158666134,0.1,formal,formal/partials/NOG-FO-NONOPT__m8__seed637__cfg36199076293c.json
NOG-FO-NONOPT,NOG-nonopt,24,24,12,8,y_bar,0.1,0.1,0.1,2,1.0,0.3525327444076538,0.32973712123930454,0.32973712123930454,0.2528637424111366,0.6784406695514917,638,100638,200638,1411244866,sfo,208,208,26,"[26, 26, 26, 26, 26, 26, 26, 26]",131072,26,26,-0.17424054443836212,0.24088582396507263,0.1,formal,formal/partials/NOG-FO-NONOPT__m8__seed638__cfg8daf70c81648.json
NOG-FO-NONOPT,NOG-nonopt,48,48,24,8,y_bar,0.1,0.1,0.1,2,1.0,0.2927810847759247,0.6321311090141535,0.6321311090141535,0.5009453520178795,1.3134866282343864,638,100638,200638,1411244866,sfo,400,400,50,"[50, 50, 50, 50, 50, 50, 50, 50]",262144,50,50,-0.3424017131328583,0.2233908623456955,0.1,formal,formal/partials/NOG-FO-NONOPT__m8__seed638__cfg8daf70c81648.json
NOG-FO-NONOPT,NOG-nonopt,72,72,36,8,y_bar,0.1,0.1,0.1,2,1.0,0.2935560345649719,0.9691086988896132,0.9691086988896132,0.7769914865493774,1.9369431640952826,638,100638,200638,1411244866,sfo,592,592,74,"[74, 74, 74, 74, 74, 74, 74, 74]",393216,74,74,-0.491169273853302,0.1962883472442627,0.1,formal,formal/partials/NOG-FO-NONOPT__m8__seed638__cfg8daf70c81648.json
NOG-FO-NONOPT,NOG-nonopt,96,96,48,8,y_bar,0.1,0.1,0.1,2,1.0,0.26758646965026855,1.2612705416977406,1.2612705416977406,1.008298683911562,3.1440566945821047,638,100638,200638,1411244866,sfo,784,784,98,"[98, 98, 98, 98, 98, 98, 98, 98]",524288,98,98,-0.6195293664932251,0.1604253053665161,0.1,formal,formal/partials/NOG-FO-NONOPT__m8__seed638__cfg8daf70c81648.json
NOG-FO-NONOPT,NOG-nonopt,120,120,60,8,y_bar,0.1,0.1,0.1,2,1.0,0.204593688249588,1.5647859331220388,1.5647859331220388,1.2030296064913273,3.5395619571208954,638,100638,200638,1411244866,sfo,976,976,122,"[122, 122, 122, 122, 122, 122, 122, 122]",655360,122,122,-0.7172648906707764,0.11998856067657471,0.1,formal,formal/partials/NOG-FO-NONOPT__m8__seed638__cfg8daf70c81648.json
NOG-FO-NONOPT,NOG-nonopt,144,144,72,8,y_bar,0.1,0.1,0.1,2,1.0,0.17456291615962982,1.6839014422148466,1.6839014422148466,1.271534200757742,3.9260944556444883,638,100638,200638,1411244866,sfo,1168,1168,146,"[146, 146, 146, 146, 146, 146, 146, 146]",786432,146,146,-0.7785618901252747,0.08153794705867767,0.1,formal,formal/partials/NOG-FO-NONOPT__m8__seed638__cfg8daf70c81648.json
NOG-FO-NONOPT,NOG-nonopt,168,168,84,8,y_bar,0.1,0.1,0.1,2,1.0,0.15963204205036163,2.028891561552882,2.028891561552882,1.4813212677836418,4.335142340511084,638,100638,200638,1411244866,sfo,1360,1360,170,"[170, 170, 170, 170, 170, 170, 170, 170]",917504,170,170,-0.8105472326278687,0.050289321690797806,0.1,formal,formal/partials/NOG-FO-NONOPT__m8__seed638__cfg8daf70c81648.json
NOG-FO-NONOPT,NOG-nonopt,192,192,96,8,y_bar,0.1,0.1,0.1,2,1.0,0.15020574629306793,2.3343017790466547,2.3343017790466547,1.695358406752348,4.749973654747009,638,100638,200638,1411244866,sfo,1552,1552,194,"[194, 194, 194, 194, 194, 194, 194, 194]",1048576,194,194,-0.8229801058769226,0.03021162934601307,0.1,formal,formal/partials/NOG-FO-NONOPT__m8__seed638__cfg8daf70c81648.json
NOG-FO-NONOPT,NOG-nonopt,216,216,108,8,y_bar,0.1,0.1,0.1,2,1.0,0.12812018394470215,2.6141647417098284,2.6141647417098284,1.8468988295644522,5.168273774906993,638,100638,200638,1411244866,sfo,1744,1744,218,"[218, 218, 218, 218, 218, 218, 218, 218]",1179648,218,218,-0.8261377811431885,0.02224881388247013,0.1,formal,formal/partials/NOG-FO-NONOPT__m8__seed638__cfg8daf70c81648.json
NOG-FO-NONOPT,NOG-nonopt,240,240,120,8,y_bar,0.1,0.1,0.1,2,1.0,0.1503266543149948,2.8871517665684223,2.8871517665684223,1.9987200982868671,5.593096058815718,638,100638,200638,1411244866,sfo,1936,1936,242,"[242, 242, 242, 242, 242, 242, 242, 242]",1310720,242,242,-0.8280867338180542,0.015837859362363815,0.1,formal,formal/partials/NOG-FO-NONOPT__m8__seed638__cfg8daf70c81648.json
NOG-FO-NONOPT,NOG-nonopt,264,264,132,8,y_bar,0.1,0.1,0.1,2,1.0,0.14508208632469177,3.1548156328499317,3.1548156328499317,2.2030382249504328,6.0283539313822985,638,100638,200638,1411244866,sfo,2128,2128,266,"[266, 266, 266, 266, 266, 266, 266, 266]",1441792,266,266,-0.828117311000824,0.014981278218328953,0.1,formal,formal/partials/NOG-FO-NONOPT__m8__seed638__cfg8daf70c81648.json
NOG-FO-NONOPT,NOG-nonopt,288,288,144,8,y_bar,0.1,0.1,0.1,2,1.0,0.14944300055503845,3.3948274981230497,3.3948274981230497,2.3828668873757124,6.491662016138434,638,100638,200638,1411244866,sfo,2320,2320,290,"[290, 290, 290, 290, 290, 290, 290, 290]",1572864,290,290,-0.8284947872161865,0.013457832857966423,0.1,formal,formal/partials/NOG-FO-NONOPT__m8__seed638__cfg8daf70c81648.json
NOG-FO-NONOPT,NOG-nonopt,312,312,156,8,y_bar,0.1,0.1,0.1,2,1.0,0.1246105208992958,3.8101760614663363,3.8101760614663363,2.7515227254480124,6.814020497724414,638,100638,200638,1411244866,sfo,2512,2512,314,"[314, 314, 314, 314, 314, 314, 314, 314]",1703936,314,314,-0.8283432126045227,0.01340665202587843,0.1,formal,formal/partials/NOG-FO-NONOPT__m8__seed638__cfg8daf70c81648.json
NOG-FO-NONOPT,NOG-nonopt,336,336,168,8,y_bar,0.1,0.1,0.1,2,1.0,0.11968160420656204,4.207551611587405,4.207551611587405,3.037416245788336,7.212143920361996,638,100638,200638,1411244866,sfo,2704,2704,338,"[338, 338, 338, 338, 338, 338, 338, 338]",1835008,338,338,-0.8284637928009033,0.013076367788016796,0.1,formal,formal/partials/NOG-FO-NONOPT__m8__seed638__cfg8daf70c81648.json
NOG-FO-NONOPT,NOG-nonopt,360,360,180,8,y_bar,0.1,0.1,0.1,2,1.0,0.12412840127944946,4.596935978159308,4.596935978159308,3.2956337574869394,7.587283903732896,638,100638,200638,1411244866,sfo,2896,2896,362,"[362, 362, 362, 362, 362, 362, 362, 362]",1966080,362,362,-0.8286890983581543,0.013330715708434582,0.1,formal,formal/partials/NOG-FO-NONOPT__m8__seed638__cfg8daf70c81648.json
NOG-FO-NONOPT,NOG-nonopt,384,384,192,8,y_bar,0.1,0.1,0.1,2,1.0,0.13718752562999725,4.919562553986907,4.919562553986907,3.553616104647517,7.975013902410865,638,100638,200638,1411244866,sfo,3088,3088,386,"[386, 386, 386, 386, 386, 386, 386, 386]",2097152,386,386,-0.828319787979126,0.014344404451549053,0.1,formal,formal/partials/NOG-FO-NONOPT__m8__seed638__cfg8daf70c81648.json
NOG-FO-NONOPT,NOG-nonopt,408,408,204,8,y_bar,0.1,0.1,0.1,2,1.0,0.12067785859107971,5.216292196884751,5.216292196884751,3.7579719312489033,8.44507902301848,638,100638,200638,1411244866,sfo,3280,3280,410,"[410, 410, 410, 410, 410, 410, 410, 410]",2228224,410,410,-0.8287456631660461,0.01288983691483736,0.1,formal,formal/partials/NOG-FO-NONOPT__m8__seed638__cfg8daf70c81648.json
NOG-FO-NONOPT,NOG-nonopt,432,432,216,8,y_bar,0.1,0.1,0.1,2,1.0,0.13561834394931793,5.61610384657979,5.61610384657979,4.096871828660369,8.804741503670812,638,100638,200638,1411244866,sfo,3472,3472,434,"[434, 434, 434, 434, 434, 434, 434, 434]",2359296,434,434,-0.8289756774902344,0.01244450081139803,0.1,formal,formal/partials/NOG-FO-NONOPT__m8__seed638__cfg8daf70c81648.json
NOG-FO-NONOPT,NOG-nonopt,456,456,228,8,y_bar,0.1,0.1,0.1,2,1.0,0.1432884782552719,5.963383534923196,5.963383534923196,4.3044214975088835,9.178946264088154,638,100638,200638,1411244866,sfo,3664,3664,458,"[458, 458, 458, 458, 458, 458, 458, 458]",2490368,458,458,-0.8294054269790649,0.012626194395124912,0.1,formal,formal/partials/NOG-FO-NONOPT__m8__seed638__cfg8daf70c81648.json
NOG-FO-NONOPT,NOG-nonopt,480,480,240,8,y_bar,0.1,0.1,0.1,2,1.0,0.10001267492771149,6.297979993745685,6.297979993745685,4.5780179053545,9.558948900550604,638,100638,200638,1411244866,sfo,3856,3856,482,"[482, 482, 482, 482, 482, 482, 482, 482]",2621440,482,482,-0.8288495540618896,0.012676319107413292,0.1,formal,formal/partials/NOG-FO-NONOPT__m8__seed638__cfg8daf70c81648.json
NOG-FO-NONOPT,NOG-nonopt,504,504,252,8,y_bar,0.1,0.1,0.1,2,1.0,0.1499934047460556,6.620893942192197,6.620893942192197,4.841042308136821,9.927828203886747,638,100638,200638,1411244866,sfo,4048,4048,506,"[506, 506, 506, 506, 506, 506, 506, 506]",2752512,506,506,-0.8287813663482666,0.01323509868234396,0.1,formal,formal/partials/NOG-FO-NONOPT__m8__seed638__cfg8daf70c81648.json
NOG-FO-NONOPT,NOG-nonopt,528,528,264,8,y_bar,0.1,0.1,0.1,2,1.0,0.13072507083415985,6.925908477976918,6.925908477976918,5.084901371970773,10.28478023223579,638,100638,200638,1411244866,sfo,4240,4240,530,"[530, 530, 530, 530, 530, 530, 530, 530]",2883584,530,530,-0.8291588425636292,0.013162167742848396,0.1,formal,formal/partials/NOG-FO-NONOPT__m8__seed638__cfg8daf70c81648.json
NOG-FO-NONOPT,NOG-nonopt,552,552,276,8,y_bar,0.1,0.1,0.1,2,1.0,0.1365937739610672,7.175616636872292,7.175616636872292,5.267759244889021,10.654789792373776,638,100638,200638,1411244866,sfo,4432,4432,554,"[554, 554, 554, 554, 554, 554, 554, 554]",3014656,554,554,-0.8284929394721985,0.012822406366467476,0.1,formal,formal/partials/NOG-FO-NONOPT__m8__seed638__cfg8daf70c81648.json
NOG-FO-NONOPT,NOG-nonopt,576,576,288,8,y_bar,0.1,0.1,0.1,2,1.0,0.14753110706806183,7.384569874033332,7.384569874033332,5.412324905395508,11.324301632121205,638,100638,200638,1411244866,sfo,4624,4624,578,"[578, 578, 578, 578, 578, 578, 578, 578]",3145728,578,578,-0.8287325501441956,0.013030681759119034,0.1,formal,formal/partials/NOG-FO-NONOPT__m8__seed638__cfg8daf70c81648.json
NOG-FO-NONOPT,NOG-nonopt,600,600,300,8,y_bar,0.1,0.1,0.1,2,1.0,0.14702771604061127,7.6944414265453815,7.6944414265453815,5.6027780789881945,11.808971481397748,638,100638,200638,1411244866,sfo,4816,4816,602,"[602, 602, 602, 602, 602, 602, 602, 602]",3276800,602,602,-0.8287436962127686,0.01309734582901001,0.1,formal,formal/partials/NOG-FO-NONOPT__m8__seed638__cfg8daf70c81648.json
NOG-FO-NONOPT,NOG-nonopt,624,624,312,8,y_bar,0.1,0.1,0.1,2,1.0,0.16436465084552765,7.9394471645355225,7.9394471645355225,5.784393481910229,12.55958122946322,638,100638,200638,1411244866,sfo,5008,5008,626,"[626, 626, 626, 626, 626, 626, 626, 626]",3407872,626,626,-0.8285353779792786,0.015014220029115677,0.1,formal,formal/partials/NOG-FO-NONOPT__m8__seed638__cfg8daf70c81648.json
NOG-FO-NONOPT,NOG-nonopt,648,648,324,8,y_bar,0.1,0.1,0.1,2,1.0,0.12273278832435608,8.342954022809863,8.342954022809863,6.05035943351686,13.921232441440225,638,100638,200638,1411244866,sfo,5200,5200,650,"[650, 650, 650, 650, 650, 650, 650, 650]",3538944,650,650,-0.8275226354598999,0.017620768398046494,0.1,formal,formal/partials/NOG-FO-NONOPT__m8__seed638__cfg8daf70c81648.json
NOG-FO-NONOPT,NOG-nonopt,672,672,336,8,y_bar,0.1,0.1,0.1,2,1.0,0.11950462311506271,8.743139579892159,8.743139579892159,6.289786851033568,14.45342611707747,638,100638,200638,1411244866,sfo,5392,5392,674,"[674, 674, 674, 674, 674, 674, 674, 674]",3670016,674,674,-0.8281309008598328,0.016301095485687256,0.1,formal,formal/partials/NOG-FO-NONOPT__m8__seed638__cfg8daf70c81648.json
NOG-FO-NONOPT,NOG-nonopt,696,696,348,8,y_bar,0.1,0.1,0.1,2,1.0,0.1317739486694336,9.10793186351657,9.10793186351657,6.4994945134967566,15.003669174388051,638,100638,200638,1411244866,sfo,5584,5584,698,"[698, 698, 698, 698, 698, 698, 698, 698]",3801088,698,698,-0.8293868899345398,0.012011028826236725,0.1,formal,formal/partials/NOG-FO-NONOPT__m8__seed638__cfg8daf70c81648.json
NOG-FO-NONOPT,NOG-nonopt,720,720,360,8,y_bar,0.1,0.1,0.1,2,1.0,0.17020447552204132,9.444467905908823,9.444467905908823,6.720156209543347,15.537689782679081,638,100638,200638,1411244866,sfo,5776,5776,722,"[722, 722, 722, 722, 722, 722, 722, 722]",3932160,722,722,-0.8295273184776306,0.012864074669778347,0.1,formal,formal/partials/NOG-FO-NONOPT__m8__seed638__cfg8daf70c81648.json
NOG-FO-NONOPT,NOG-nonopt,744,744,372,8,y_bar,0.1,0.1,0.1,2,1.0,0.13704441487789154,9.72948544099927,9.72948544099927,6.885057587176561,16.358654161915183,638,100638,200638,1411244866,sfo,5968,5968,746,"[746, 746, 746, 746, 746, 746, 746, 746]",4063232,746,746,-0.8287739157676697,0.014527346938848495,0.1,formal,formal/partials/NOG-FO-NONOPT__m8__seed638__cfg8daf70c81648.json
NOG-FO-NONOPT,NOG-nonopt,768,768,384,8,y_bar,0.1,0.1,0.1,2,1.0,0.10640738904476166,9.874398838728666,9.874398838728666,6.970127318054438,16.685536893084645,638,100638,200638,1411244866,sfo,6160,6160,770,"[770, 770, 770, 770, 770, 770, 770, 770]",4194304,770,770,-0.8287950158119202,0.01275660190731287,0.1,formal,formal/partials/NOG-FO-NONOPT__m8__seed638__cfg8daf70c81648.json
NOG-FO-NONOPT,NOG-nonopt,792,792,396,8,y_bar,0.1,0.1,0.1,2,1.0,0.1298096477985382,10.166403137147427,10.166403137147427,7.149446561932564,17.02897797897458,638,100638,200638,1411244866,sfo,6352,6352,794,"[794, 794, 794, 794, 794, 794, 794, 794]",4325376,794,794,-0.8284300565719604,0.012906973250210285,0.1,formal,formal/partials/NOG-FO-NONOPT__m8__seed638__cfg8daf70c81648.json
NOG-FO-NONOPT,NOG-nonopt,816,816,408,8,y_bar,0.1,0.1,0.1,2,1.0,0.14116650819778442,10.424715785309672,10.424715785309672,7.34616987593472,17.36069894209504,638,100638,200638,1411244866,sfo,6544,6544,818,"[818, 818, 818, 818, 818, 818, 818, 818]",4456448,818,818,-0.8287382125854492,0.012522896751761436,0.1,formal,formal/partials/NOG-FO-NONOPT__m8__seed638__cfg8daf70c81648.json
NOG-FO-NONOPT,NOG-nonopt,840,840,420,8,y_bar,0.1,0.1,0.1,2,1.0,0.13991230726242065,10.682294646278024,10.682294646278024,7.497142307460308,17.750322671607137,638,100638,200638,1411244866,sfo,6736,6736,842,"[842, 842, 842, 842, 842, 842, 842, 842]",4587520,842,842,-0.8292181491851807,0.011916713789105415,0.1,formal,formal/partials/NOG-FO-NONOPT__m8__seed638__cfg8daf70c81648.json
NOG-FO-NONOPT,NOG-nonopt,864,864,432,8,y_bar,0.1,0.1,0.1,2,1.0,0.12462318688631058,10.972932644188404,10.972932644188404,7.705275921151042,18.06556713208556,638,100638,200638,1411244866,sfo,6928,6928,866,"[866, 866, 866, 866, 866, 866, 866, 866]",4718592,866,866,-0.8295207023620605,0.011789822950959206,0.1,formal,formal/partials/NOG-FO-NONOPT__m8__seed638__cfg8daf70c81648.json
NOG-FO-NONOPT,NOG-nonopt,888,888,444,8,y_bar,0.1,0.1,0.1,2,1.0,0.13418926298618317,11.241090601310134,11.241090601310134,7.924204500392079,18.38731679134071,638,100638,200638,1411244866,sfo,7120,7120,890,"[890, 890, 890, 890, 890, 890, 890, 890]",4849664,890,890,-0.8289714455604553,0.01198591385036707,0.1,formal,formal/partials/NOG-FO-NONOPT__m8__seed638__cfg8daf70c81648.json
NOG-FO-NONOPT,NOG-nonopt,912,912,456,8,y_bar,0.1,0.1,0.1,2,1.0,0.14312519133090973,11.504372863098979,11.504372863098979,8.137455830350518,18.70189770311117,638,100638,200638,1411244866,sfo,7312,7312,914,"[914, 914, 914, 914, 914, 914, 914, 914]",4980736,914,914,-0.8283925652503967,0.013477680273354053,0.1,formal,formal/partials/NOG-FO-NONOPT__m8__seed638__cfg8daf70c81648.json
NOG-FO-NONOPT,NOG-nonopt,936,936,468,8,y_bar,0.1,0.1,0.1,2,1.0,0.11552701890468597,11.772383408620954,11.772383408620954,8.299991887062788,19.021947160363197,638,100638,200638,1411244866,sfo,7504,7504,938,"[938, 938, 938, 938, 938, 938, 938, 938]",5111808,938,938,-0.8284652829170227,0.012865143828094006,0.1,formal,formal/partials/NOG-FO-NONOPT__m8__seed638__cfg8daf70c81648.json
NOG-FO-NONOPT,NOG-nonopt,960,960,480,8,y_bar,0.1,0.1,0.1,2,1.0,0.13374540209770203,12.071848129853606,12.071848129853606,8.523625940084457,19.396865602582693,638,100638,200638,1411244866,sfo,7696,7696,962,"[962, 962, 962, 962, 962, 962, 962, 962]",5242880,962,962,-0.8283884525299072,0.013760831207036972,0.1,formal,formal/partials/NOG-FO-NONOPT__m8__seed638__cfg8daf70c81648.json
NOG-FO-NONOPT,NOG-nonopt,24,24,12,8,y_bar,0.1,0.1,0.1,2,1.0,0.33803531527519226,0.24843286722898483,0.24843286722898483,0.1925422791391611,0.41801726818084717,639,100639,200639,1388046187,sfo,208,208,26,"[26, 26, 26, 26, 26, 26, 26, 26]",131072,26,26,-0.1698399782180786,0.2445535957813263,0.1,formal,formal/partials/NOG-FO-NONOPT__m8__seed639__cfg60a6b9a2a0ec.json
NOG-FO-NONOPT,NOG-nonopt,48,48,24,8,y_bar,0.1,0.1,0.1,2,1.0,0.3392711281776428,0.4966476634144783,0.4966476634144783,0.378246758133173,0.7722075991332531,639,100639,200639,1388046187,sfo,400,400,50,"[50, 50, 50, 50, 50, 50, 50, 50]",262144,50,50,-0.3482503294944763,0.22621895372867584,0.1,formal,formal/partials/NOG-FO-NONOPT__m8__seed639__cfg60a6b9a2a0ec.json
NOG-FO-NONOPT,NOG-nonopt,72,72,36,8,y_bar,0.1,0.1,0.1,2,1.0,0.300566166639328,0.7494774963706732,0.7494774963706732,0.5675942525267601,1.1463918928056955,639,100639,200639,1388046187,sfo,592,592,74,"[74, 74, 74, 74, 74, 74, 74, 74]",393216,74,74,-0.49947628378868103,0.19851325452327728,0.1,formal,formal/partials/NOG-FO-NONOPT__m8__seed639__cfg60a6b9a2a0ec.json
NOG-FO-NONOPT,NOG-nonopt,96,96,48,8,y_bar,0.1,0.1,0.1,2,1.0,0.24229565262794495,0.9747496042400599,0.9747496042400599,0.698218572884798,1.533057453110814,639,100639,200639,1388046187,sfo,784,784,98,"[98, 98, 98, 98, 98, 98, 98, 98]",524288,98,98,-0.6332253813743591,0.16047737002372742,0.1,formal,formal/partials/NOG-FO-NONOPT__m8__seed639__cfg60a6b9a2a0ec.json
NOG-FO-NONOPT,NOG-nonopt,120,120,60,8,y_bar,0.1,0.1,0.1,2,1.0,0.20604994893074036,1.2608551532030106,1.2608551532030106,0.9038487747311592,1.8595427442342043,639,100639,200639,1388046187,sfo,976,976,122,"[122, 122, 122, 122, 122, 122, 122, 122]",655360,122,122,-0.7277249097824097,0.12015433609485626,0.1,formal,formal/partials/NOG-FO-NONOPT__m8__seed639__cfg60a6b9a2a0ec.json
NOG-FO-NONOPT,NOG-nonopt,144,144,72,8,y_bar,0.1,0.1,0.1,2,1.0,0.1549047976732254,1.5182193219661713,1.5182193219661713,1.1035397183150053,2.196782611310482,639,100639,200639,1388046187,sfo,1168,1168,146,"[146, 146, 146, 146, 146, 146, 146, 146]",786432,146,146,-0.7900651097297668,0.07998966425657272,0.1,formal,formal/partials/NOG-FO-NONOPT__m8__seed639__cfg60a6b9a2a0ec.json
NOG-FO-NONOPT,NOG-nonopt,168,168,84,8,y_bar,0.1,0.1,0.1,2,1.0,0.13877606391906738,1.7837360072880983,1.7837360072880983,1.3045572191476822,2.540767839178443,639,100639,200639,1388046187,sfo,1360,1360,170,"[170, 170, 170, 170, 170, 170, 170, 170]",917504,170,170,-0.8218052387237549,0.045892950147390366,0.1,formal,formal/partials/NOG-FO-NONOPT__m8__seed639__cfg60a6b9a2a0ec.json
NOG-FO-NONOPT,NOG-nonopt,192,192,96,8,y_bar,0.1,0.1,0.1,2,1.0,0.13358454406261444,2.0885477513074875,2.0885477513074875,1.5377503987401724,2.875923538580537,639,100639,200639,1388046187,sfo,1552,1552,194,"[194, 194, 194, 194, 194, 194, 194, 194]",1048576,194,194,-0.831210732460022,0.02916126698255539,0.1,formal,formal/partials/NOG-FO-NONOPT__m8__seed639__cfg60a6b9a2a0ec.json
NOG-FO-NONOPT,NOG-nonopt,216,216,108,8,y_bar,0.1,0.1,0.1,2,1.0,0.10822658240795135,2.455686032772064,2.455686032772064,1.6817873734980822,3.326386697590351,639,100639,200639,1388046187,sfo,1744,1744,218,"[218, 218, 218, 218, 218, 218, 218, 218]",1179648,218,218,-0.8352519273757935,0.018409347161650658,0.1,formal,formal/partials/NOG-FO-NONOPT__m8__seed639__cfg60a6b9a2a0ec.json
NOG-FO-NONOPT,NOG-nonopt,240,240,120,8,y_bar,0.1,0.1,0.1,2,1.0,0.13745202124118805,2.8773557543754578,2.8773557543754578,2.0432024858891964,3.775846105068922,639,100639,200639,1388046187,sfo,1936,1936,242,"[242, 242, 242, 242, 242, 242, 242, 242]",1310720,242,242,-0.8355830907821655,0.015372812747955322,0.1,formal,formal/partials/NOG-FO-NONOPT__m8__seed639__cfg60a6b9a2a0ec.json
NOG-FO-NONOPT,NOG-nonopt,264,264,132,8,y_bar,0.1,0.1,0.1,2,1.0,0.1333063691854477,3.113000625744462,3.113000625744462,2.1788858361542225,4.0987673085182905,639,100639,200639,1388046187,sfo,2128,2128,266,"[266, 266, 266, 266, 266, 266, 266, 266]",1441792,266,266,-0.8357783555984497,0.015021834522485733,0.1,formal,formal/partials/NOG-FO-NONOPT__m8__seed639__cfg60a6b9a2a0ec.json
NOG-FO-NONOPT,NOG-nonopt,288,288,144,8,y_bar,0.1,0.1,0.1,2,1.0,0.10798277705907822,3.3782692160457373,3.3782692160457373,2.3886238783597946,4.426108421757817,639,100639,200639,1388046187,sfo,2320,2320,290,"[290, 290, 290, 290, 290, 290, 290, 290]",1572864,290,290,-0.8350072503089905,0.0163866076618433,0.1,formal,formal/partials/NOG-FO-NONOPT__m8__seed639__cfg60a6b9a2a0ec.json
NOG-FO-NONOPT,NOG-nonopt,312,312,156,8,y_bar,0.1,0.1,0.1,2,1.0,0.09878843277692795,3.5840097758919,3.5840097758919,2.5370141621679068,4.801867559552193,639,100639,200639,1388046187,sfo,2512,2512,314,"[314, 314, 314, 314, 314, 314, 314, 314]",1703936,314,314,-0.8356579542160034,0.015476955100893974,0.1,formal,formal/partials/NOG-FO-NONOPT__m8__seed639__cfg60a6b9a2a0ec.json
NOG-FO-NONOPT,NOG-nonopt,336,336,168,8,y_bar,0.1,0.1,0.1,2,1.0,0.1162208616733551,3.788375321775675,3.788375321775675,2.628219574689865,5.197063971310854,639,100639,200639,1388046187,sfo,2704,2704,338,"[338, 338, 338, 338, 338, 338, 338, 338]",1835008,338,338,-0.8364661931991577,0.013010276481509209,0.1,formal,formal/partials/NOG-FO-NONOPT__m8__seed639__cfg60a6b9a2a0ec.json
NOG-FO-NONOPT,NOG-nonopt,360,360,180,8,y_bar,0.1,0.1,0.1,2,1.0,0.12974195182323456,3.969128692522645,3.969128692522645,2.748718088492751,5.5866191405802965,639,100639,200639,1388046187,sfo,2896,2896,362,"[362, 362, 362, 362, 362, 362, 362, 362]",1966080,362,362,-0.8359308242797852,0.013536900281906128,0.1,formal,formal/partials/NOG-FO-NONOPT__m8__seed639__cfg60a6b9a2a0ec.json
NOG-FO-NONOPT,NOG-nonopt,384,384,192,8,y_bar,0.1,0.1,0.1,2,1.0,0.12459173053503036,4.150572590529919,4.150572590529919,2.8484121914952993,5.938285497948527,639,100639,200639,1388046187,sfo,3088,3088,386,"[386, 386, 386, 386, 386, 386, 386, 386]",2097152,386,386,-0.8358484506607056,0.014119448140263557,0.1,formal,formal/partials/NOG-FO-NONOPT__m8__seed639__cfg60a6b9a2a0ec.json
NOG-FO-NONOPT,NOG-nonopt,408,408,204,8,y_bar,0.1,0.1,0.1,2,1.0,0.11198156327009201,4.41319141164422,4.41319141164422,3.0541720390319824,6.323455810546875,639,100639,200639,1388046187,sfo,3280,3280,410,"[410, 410, 410, 410, 410, 410, 410, 410]",2228224,410,410,-0.8364844918251038,0.013263601809740067,0.1,formal,formal/partials/NOG-FO-NONOPT__m8__seed639__cfg60a6b9a2a0ec.json
NOG-FO-NONOPT,NOG-nonopt,432,432,216,8,y_bar,0.1,0.1,0.1,2,1.0,0.0779859647154808,4.545362850651145,4.545362850651145,3.1337760034948587,6.657647026702762,639,100639,200639,1388046187,sfo,3472,3472,434,"[434, 434, 434, 434, 434, 434, 434, 434]",2359296,434,434,-0.8362958431243896,0.012965536676347256,0.1,formal,formal/partials/NOG-FO-NONOPT__m8__seed639__cfg60a6b9a2a0ec.json
NOG-FO-NONOPT,NOG-nonopt,456,456,228,8,y_bar,0.1,0.1,0.1,2,1.0,0.15455858409404755,4.678044954314828,4.678044954314828,3.2063718512654305,6.987373368814588,639,100639,200639,1388046187,sfo,3664,3664,458,"[458, 458, 458, 458, 458, 458, 458, 458]",2490368,458,458,-0.8361899256706238,0.014304819516837597,0.1,formal,formal/partials/NOG-FO-NONOPT__m8__seed639__cfg60a6b9a2a0ec.json
NOG-FO-NONOPT,NOG-nonopt,480,480,240,8,y_bar,0.1,0.1,0.1,2,1.0,0.1239001452922821,4.802410630509257,4.802410630509257,3.277839118614793,7.318581787869334,639,100639,200639,1388046187,sfo,3856,3856,482,"[482, 482, 482, 482, 482, 482, 482, 482]",2621440,482,482,-0.8364423513412476,0.013487018644809723,0.1,formal,formal/partials/NOG-FO-NONOPT__m8__seed639__cfg60a6b9a2a0ec.json
NOG-FO-NONOPT,NOG-nonopt,504,504,252,8,y_bar,0.1,0.1,0.1,2,1.0,0.14714586734771729,4.948522511869669,4.948522511869669,3.3698317036032677,7.647093011066318,639,100639,200639,1388046187,sfo,4048,4048,506,"[506, 506, 506, 506, 506, 506, 506, 506]",2752512,506,506,-0.8369191288948059,0.012322373688220978,0.1,formal,formal/partials/NOG-FO-NONOPT__m8__seed639__cfg60a6b9a2a0ec.json
NOG-FO-NONOPT,NOG-nonopt,528,528,264,8,y_bar,0.1,0.1,0.1,2,1.0,0.12867575883865356,5.082338776439428,5.082338776439428,3.4511104580014944,7.956552704796195,639,100639,200639,1388046187,sfo,4240,4240,530,"[530, 530, 530, 530, 530, 530, 530, 530]",2883584,530,530,-0.8367840647697449,0.011624731123447418,0.1,formal,formal/partials/NOG-FO-NONOPT__m8__seed639__cfg60a6b9a2a0ec.json
NOG-FO-NONOPT,NOG-nonopt,552,552,276,8,y_bar,0.1,0.1,0.1,2,1.0,0.12646813690662384,5.206634694710374,5.206634694710374,3.524331683292985,8.318619400262833,639,100639,200639,1388046187,sfo,4432,4432,554,"[554, 554, 554, 554, 554, 554, 554, 554]",3014656,554,554,-0.8365908861160278,0.012063059024512768,0.1,formal,formal/partials/NOG-FO-NONOPT__m8__seed639__cfg60a6b9a2a0ec.json
NOG-FO-NONOPT,NOG-nonopt,576,576,288,8,y_bar,0.1,0.1,0.1,2,1.0,0.13672512769699097,5.344242457300425,5.344242457300425,3.608964577317238,8.6453826893121,639,100639,200639,1388046187,sfo,4624,4624,578,"[578, 578, 578, 578, 578, 578, 578, 578]",3145728,578,578,-0.836625337600708,0.012133757583796978,0.1,formal,formal/partials/NOG-FO-NONOPT__m8__seed639__cfg60a6b9a2a0ec.json
NOG-FO-NONOPT,NOG-nonopt,600,600,300,8,y_bar,0.1,0.1,0.1,2,1.0,0.09215955436229706,5.494577242061496,5.494577242061496,3.7129267025738955,8.975259259343147,639,100639,200639,1388046187,sfo,4816,4816,602,"[602, 602, 602, 602, 602, 602, 602, 602]",3276800,602,602,-0.8362352848052979,0.011985033750534058,0.1,formal,formal/partials/NOG-FO-NONOPT__m8__seed639__cfg60a6b9a2a0ec.json
NOG-FO-NONOPT,NOG-nonopt,624,624,312,8,y_bar,0.1,0.1,0.1,2,1.0,0.0796871930360794,5.644576296210289,5.644576296210289,3.808494022116065,9.298483226448298,639,100639,200639,1388046187,sfo,5008,5008,626,"[626, 626, 626, 626, 626, 626, 626, 626]",3407872,626,626,-0.836361289024353,0.012091858312487602,0.1,formal,formal/partials/NOG-FO-NONOPT__m8__seed639__cfg60a6b9a2a0ec.json
NOG-FO-NONOPT,NOG-nonopt,648,648,324,8,y_bar,0.1,0.1,0.1,2,1.0,0.1010434627532959,5.779398612678051,5.779398612678051,3.8914412930607796,9.618682647123933,639,100639,200639,1388046187,sfo,5200,5200,650,"[650, 650, 650, 650, 650, 650, 650, 650]",3538944,650,650,-0.836347222328186,0.012017041444778442,0.1,formal,formal/partials/NOG-FO-NONOPT__m8__seed639__cfg60a6b9a2a0ec.json
NOG-FO-NONOPT,NOG-nonopt,672,672,336,8,y_bar,0.1,0.1,0.1,2,1.0,0.12989181280136108,5.912541350349784,5.912541350349784,3.972228303551674,9.943836065009236,639,100639,200639,1388046187,sfo,5392,5392,674,"[674, 674, 674, 674, 674, 674, 674, 674]",3670016,674,674,-0.8361644744873047,0.012594398111104965,0.1,formal,formal/partials/NOG-FO-NONOPT__m8__seed639__cfg60a6b9a2a0ec.json
NOG-FO-NONOPT,NOG-nonopt,696,696,348,8,y_bar,0.1,0.1,0.1,2,1.0,0.09640882164239883,6.049719987437129,6.049719987437129,4.0602020639926195,10.268344266340137,639,100639,200639,1388046187,sfo,5584,5584,698,"[698, 698, 698, 698, 698, 698, 698, 698]",3801088,698,698,-0.8364088535308838,0.011914210394024849,0.1,formal,formal/partials/NOG-FO-NONOPT__m8__seed639__cfg60a6b9a2a0ec.json
NOG-FO-NONOPT,NOG-nonopt,720,720,360,8,y_bar,0.1,0.1,0.1,2,1.0,0.14595364034175873,6.198829106986523,6.198829106986523,4.153691578656435,10.592380037531257,639,100639,200639,1388046187,sfo,5776,5776,722,"[722, 722, 722, 722, 722, 722, 722, 722]",3932160,722,722,-0.8363717198371887,0.012163477949798107,0.1,formal,formal/partials/NOG-FO-NONOPT__m8__seed639__cfg60a6b9a2a0ec.json
NOG-FO-NONOPT,NOG-nonopt,744,744,372,8,y_bar,0.1,0.1,0.1,2,1.0,0.13025371730327606,6.327509114518762,6.327509114518762,4.231019362807274,10.919313790276647,639,100639,200639,1388046187,sfo,5968,5968,746,"[746, 746, 746, 746, 746, 746, 746, 746]",4063232,746,746,-0.8365139365196228,0.012617770582437515,0.1,formal,formal/partials/NOG-FO-NONOPT__m8__seed639__cfg60a6b9a2a0ec.json
NOG-FO-NONOPT,NOG-nonopt,768,768,384,8,y_bar,0.1,0.1,0.1,2,1.0,0.15063482522964478,6.45347386598587,6.45347386598587,4.3055391777306795,11.242754759266973,639,100639,200639,1388046187,sfo,6160,6160,770,"[770, 770, 770, 770, 770, 770, 770, 770]",4194304,770,770,-0.8360596299171448,0.012572230771183968,0.1,formal,formal/partials/NOG-FO-NONOPT__m8__seed639__cfg60a6b9a2a0ec.json
NOG-FO-NONOPT,NOG-nonopt,792,792,396,8,y_bar,0.1,0.1,0.1,2,1.0,0.11902259290218353,6.595843026414514,6.595843026414514,4.396590081974864,11.570823157206178,639,100639,200639,1388046187,sfo,6352,6352,794,"[794, 794, 794, 794, 794, 794, 794, 794]",4325376,794,794,-0.8362526893615723,0.012513448484241962,0.1,formal,formal/partials/NOG-FO-NONOPT__m8__seed639__cfg60a6b9a2a0ec.json
NOG-FO-NONOPT,NOG-nonopt,816,816,408,8,y_bar,0.1,0.1,0.1,2,1.0,0.14770512282848358,6.720473853871226,6.720473853871226,4.469623094424605,11.890957098454237,639,100639,200639,1388046187,sfo,6544,6544,818,"[818, 818, 818, 818, 818, 818, 818, 818]",4456448,818,818,-0.8365187644958496,0.012367944233119488,0.1,formal,formal/partials/NOG-FO-NONOPT__m8__seed639__cfg60a6b9a2a0ec.json
NOG-FO-NONOPT,NOG-nonopt,840,840,420,8,y_bar,0.1,0.1,0.1,2,1.0,0.09811412543058395,6.84873734600842,6.84873734600842,4.5434510707855225,12.218461461365223,639,100639,200639,1388046187,sfo,6736,6736,842,"[842, 842, 842, 842, 842, 842, 842, 842]",4587520,842,842,-0.8370682597160339,0.011277108453214169,0.1,formal,formal/partials/NOG-FO-NONOPT__m8__seed639__cfg60a6b9a2a0ec.json
NOG-FO-NONOPT,NOG-nonopt,864,864,432,8,y_bar,0.1,0.1,0.1,2,1.0,0.1323990374803543,6.993939518928528,6.993939518928528,4.634954195469618,12.542523764073849,639,100639,200639,1388046187,sfo,6928,6928,866,"[866, 866, 866, 866, 866, 866, 866, 866]",4718592,866,866,-0.8366810083389282,0.012541034258902073,0.1,formal,formal/partials/NOG-FO-NONOPT__m8__seed639__cfg60a6b9a2a0ec.json
NOG-FO-NONOPT,NOG-nonopt,888,888,444,8,y_bar,0.1,0.1,0.1,2,1.0,0.1080847680568695,7.126748217269778,7.126748217269778,4.712321532890201,12.869126679375768,639,100639,200639,1388046187,sfo,7120,7120,890,"[890, 890, 890, 890, 890, 890, 890, 890]",4849664,890,890,-0.8360284566879272,0.014514323323965073,0.1,formal,formal/partials/NOG-FO-NONOPT__m8__seed639__cfg60a6b9a2a0ec.json
NOG-FO-NONOPT,NOG-nonopt,912,912,456,8,y_bar,0.1,0.1,0.1,2,1.0,0.1505221426486969,7.268742544576526,7.268742544576526,4.799251375719905,13.194394703954458,639,100639,200639,1388046187,sfo,7312,7312,914,"[914, 914, 914, 914, 914, 914, 914, 914]",4980736,914,914,-0.8359021544456482,0.012995914556086063,0.1,formal,formal/partials/NOG-FO-NONOPT__m8__seed639__cfg60a6b9a2a0ec.json
NOG-FO-NONOPT,NOG-nonopt,936,936,468,8,y_bar,0.1,0.1,0.1,2,1.0,0.11425480991601944,7.407654639333487,7.407654639333487,4.89406749419868,13.518288783729076,639,100639,200639,1388046187,sfo,7504,7504,938,"[938, 938, 938, 938, 938, 938, 938, 938]",5111808,938,938,-0.8365737199783325,0.011902115307748318,0.1,formal,formal/partials/NOG-FO-NONOPT__m8__seed639__cfg60a6b9a2a0ec.json
NOG-FO-NONOPT,NOG-nonopt,960,960,480,8,y_bar,0.1,0.1,0.1,2,1.0,0.1262318640947342,7.555093625560403,7.555093625560403,4.985863596200943,13.81914092041552,639,100639,200639,1388046187,sfo,7696,7696,962,"[962, 962, 962, 962, 962, 962, 962, 962]",5242880,962,962,-0.835490882396698,0.01514455396682024,0.1,formal,formal/partials/NOG-FO-NONOPT__m8__seed639__cfg60a6b9a2a0ec.json
