method,base_method,iteration,round,block_id,worker_count,eval_point,delta,target_delta,smoothing_delta,M,lr_or_eta,block_oracle_norm,time_sec,training_time,communication_time,evaluation_time,formal_seed,problem_seed,partition_seed,method_seed,oracle_type,work,total_work,per_worker_work_max,per_worker_work,eval_work,communication_round,depth,objective,stat_proxy,evaluation_delta,stage,source_partial
NOG-FO,NOG-opt,24,24,12,8,y_bar,0.1,0.1,0.1,2,1.0,0.3295676112174988,0.2291435394436121,0.2291435394436121,0.1578075997531414,0.6072417106479406,600,100600,200600,434535038,sfo,208,208,26,"[26, 26, 26, 26, 26, 26, 26, 26]",131072,26,26,-0.0904885083436966,0.2481885850429535,0.1,pilot,pilot/partials/NOG-FO__m8__seed600__cfg14235d9e4fc1.json
NOG-FO,NOG-opt,48,48,24,8,y_bar,0.1,0.1,0.1,2,1.0,0.39210471510887146,0.3995865471661091,0.3995865471661091,0.26749252155423164,1.2057449202984571,600,100600,200600,434535038,sfo,400,400,50,"[50, 50, 50, 50, 50, 50, 50, 50]",262144,50,50,-0.18657878041267395,0.24302725493907928,0.1,pilot,pilot/partials/NOG-FO__m8__seed600__cfg14235d9e4fc1.json
NOG-FO,NOG-opt,72,72,36,8,y_bar,0.1,0.1,0.1,2,1.0,0.3128504753112793,0.5949439741671085,0.5949439741671085,0.40104056522250175,1.8214489482343197,600,100600,200600,434535038,sfo,592,592,74,"[74, 74, 74, 74, 74, 74, 74, 74]",393216,74,74,-0.2738959789276123,0.23515518009662628,0.1,pilot,pilot/partials/NOG-FO__m8__seed600__cfg14235d9e4fc1.json
NOG-FO,NOG-opt,96,96,48,8,y_bar,0.1,0.1,0.1,2,1.0,0.30903658270835876,0.7837598267942667,0.7837598267942667,0.5271682869642973,2.372716234996915,600,100600,200600,434535038,sfo,784,784,98,"[98, 98, 98, 98, 98, 98, 98, 98]",524288,98,98,-0.3604642152786255,0.22397856414318085,0.1,pilot,pilot/partials/NOG-FO__m8__seed600__cfg14235d9e4fc1.json
NOG-FO,NOG-opt,120,120,60,8,y_bar,0.1,0.1,0.1,2,1.0,0.29919493198394775,0.9752095956355333,0.9752095956355333,0.6303162723779678,3.0232052989304066,600,100600,200600,434535038,sfo,976,976,122,"[122, 122, 122, 122, 122, 122, 122, 122]",655360,122,122,-0.44113796949386597,0.21019096672534943,0.1,pilot,pilot/partials/NOG-FO__m8__seed600__cfg14235d9e4fc1.json
NOG-FO,NOG-opt,144,144,72,8,y_bar,0.1,0.1,0.1,2,1.0,0.2913302183151245,1.1540909223258495,1.1540909223258495,0.7487917430698872,3.6855751648545265,600,100600,200600,434535038,sfo,1168,1168,146,"[146, 146, 146, 146, 146, 146, 146, 146]",786432,146,146,-0.5196629762649536,0.19310788810253143,0.1,pilot,pilot/partials/NOG-FO__m8__seed600__cfg14235d9e4fc1.json
NOG-FO,NOG-opt,168,168,84,8,y_bar,0.1,0.1,0.1,2,1.0,0.24349361658096313,1.3110377248376608,1.3110377248376608,0.8526777848601341,4.305534780025482,600,100600,200600,434535038,sfo,1360,1360,170,"[170, 170, 170, 170, 170, 170, 170, 170]",917504,170,170,-0.5864061117172241,0.17488104104995728,0.1,pilot,pilot/partials/NOG-FO__m8__seed600__cfg14235d9e4fc1.json
NOG-FO,NOG-opt,192,192,96,8,y_bar,0.1,0.1,0.1,2,1.0,0.2415163218975067,1.518151430413127,1.518151430413127,1.005461310967803,4.98139657638967,600,100600,200600,434535038,sfo,1552,1552,194,"[194, 194, 194, 194, 194, 194, 194, 194]",1048576,194,194,-0.6438465714454651,0.15580105781555176,0.1,pilot,pilot/partials/NOG-FO__m8__seed600__cfg14235d9e4fc1.json
NOG-FO,NOG-opt,216,216,108,8,y_bar,0.1,0.1,0.1,2,1.0,0.2316482663154602,1.7111716605722904,1.7111716605722904,1.136575611308217,5.651394547894597,600,100600,200600,434535038,sfo,1744,1744,218,"[218, 218, 218, 218, 218, 218, 218, 218]",1179648,218,218,-0.6918506622314453,0.1364576816558838,0.1,pilot,pilot/partials/NOG-FO__m8__seed600__cfg14235d9e4fc1.json
NOG-FO,NOG-opt,240,240,120,8,y_bar,0.1,0.1,0.1,2,1.0,0.17562684416770935,1.9071715157479048,1.9071715157479048,1.2690887153148651,6.292860813438892,600,100600,200600,434535038,sfo,1936,1936,242,"[242, 242, 242, 242, 242, 242, 242, 242]",1310720,242,242,-0.7319859266281128,0.11664712429046631,0.1,pilot,pilot/partials/NOG-FO__m8__seed600__cfg14235d9e4fc1.json
NOG-FO,NOG-opt,264,264,132,8,y_bar,0.1,0.1,0.1,2,1.0,0.17884257435798645,2.0993203204125166,2.0993203204125166,1.3968669530004263,6.983897430822253,600,100600,200600,434535038,sfo,2128,2128,266,"[266, 266, 266, 266, 266, 266, 266, 266]",1441792,266,266,-0.7650598883628845,0.09670218825340271,0.1,pilot,pilot/partials/NOG-FO__m8__seed600__cfg14235d9e4fc1.json
NOG-FO,NOG-opt,288,288,144,8,y_bar,0.1,0.1,0.1,2,1.0,0.15283358097076416,2.261750405654311,2.261750405654311,1.496612386777997,7.621125567704439,600,100600,200600,434535038,sfo,2320,2320,290,"[290, 290, 290, 290, 290, 290, 290, 290]",1572864,290,290,-0.7870611548423767,0.08048145473003387,0.1,pilot,pilot/partials/NOG-FO__m8__seed600__cfg14235d9e4fc1.json
NOG-FO,NOG-opt,312,312,156,8,y_bar,0.1,0.1,0.1,2,1.0,0.1735803633928299,2.4653261434286833,2.4653261434286833,1.6337585374712944,8.315360862761736,600,100600,200600,434535038,sfo,2512,2512,314,"[314, 314, 314, 314, 314, 314, 314, 314]",1703936,314,314,-0.8043043613433838,0.06474520266056061,0.1,pilot,pilot/partials/NOG-FO__m8__seed600__cfg14235d9e4fc1.json
NOG-FO,NOG-opt,336,336,168,8,y_bar,0.1,0.1,0.1,2,1.0,0.1484375149011612,2.648704120889306,2.648704120889306,1.7333745174109936,9.016352746635675,600,100600,200600,434535038,sfo,2704,2704,338,"[338, 338, 338, 338, 338, 338, 338, 338]",1835008,338,338,-0.8152875304222107,0.05228787288069725,0.1,pilot,pilot/partials/NOG-FO__m8__seed600__cfg14235d9e4fc1.json
NOG-FO,NOG-opt,360,360,180,8,y_bar,0.1,0.1,0.1,2,1.0,0.12198814749717712,2.822571447119117,2.822571447119117,1.8516608532518148,9.781855320557952,600,100600,200600,434535038,sfo,2896,2896,362,"[362, 362, 362, 362, 362, 362, 362, 362]",1966080,362,362,-0.8242216110229492,0.03938717022538185,0.1,pilot,pilot/partials/NOG-FO__m8__seed600__cfg14235d9e4fc1.json
NOG-FO,NOG-opt,384,384,192,8,y_bar,0.1,0.1,0.1,2,1.0,0.13098035752773285,3.1289872527122498,3.1289872527122498,2.095479369163513,10.40622896142304,600,100600,200600,434535038,sfo,3088,3088,386,"[386, 386, 386, 386, 386, 386, 386, 386]",2097152,386,386,-0.8272340297698975,0.034022439271211624,0.1,pilot,pilot/partials/NOG-FO__m8__seed600__cfg14235d9e4fc1.json
NOG-FO,NOG-opt,408,408,204,8,y_bar,0.1,0.1,0.1,2,1.0,0.15490682423114777,3.488678837195039,3.488678837195039,2.390275778248906,10.99034227617085,600,100600,200600,434535038,sfo,3280,3280,410,"[410, 410, 410, 410, 410, 410, 410, 410]",2228224,410,410,-0.8307042717933655,0.026906078681349754,0.1,pilot,pilot/partials/NOG-FO__m8__seed600__cfg14235d9e4fc1.json
NOG-FO,NOG-opt,432,432,216,8,y_bar,0.1,0.1,0.1,2,1.0,0.11633060872554779,3.9998948127031326,3.9998948127031326,2.6909843012690544,11.455307656899095,600,100600,200600,434535038,sfo,3472,3472,434,"[434, 434, 434, 434, 434, 434, 434, 434]",2359296,434,434,-0.8321912288665771,0.02315656654536724,0.1,pilot,pilot/partials/NOG-FO__m8__seed600__cfg14235d9e4fc1.json
NOG-FO,NOG-opt,456,456,228,8,y_bar,0.1,0.1,0.1,2,1.0,0.13689474761486053,4.533491710200906,4.533491710200906,3.1588075160980225,11.863802555948496,600,100600,200600,434535038,sfo,3664,3664,458,"[458, 458, 458, 458, 458, 458, 458, 458]",2490368,458,458,-0.8332531452178955,0.020231135189533234,0.1,pilot,pilot/partials/NOG-FO__m8__seed600__cfg14235d9e4fc1.json
NOG-FO,NOG-opt,480,480,240,8,y_bar,0.1,0.1,0.1,2,1.0,0.10558449476957321,5.107227250933647,5.107227250933647,3.591606115922332,12.18169217929244,600,100600,200600,434535038,sfo,3856,3856,482,"[482, 482, 482, 482, 482, 482, 482, 482]",2621440,482,482,-0.8339421153068542,0.017595767974853516,0.1,pilot,pilot/partials/NOG-FO__m8__seed600__cfg14235d9e4fc1.json
NOG-FO,NOG-opt,504,504,252,8,y_bar,0.1,0.1,0.1,2,1.0,0.11264596879482269,5.70218058116734,5.70218058116734,4.061426753178239,12.578019013628364,600,100600,200600,434535038,sfo,4048,4048,506,"[506, 506, 506, 506, 506, 506, 506, 506]",2752512,506,506,-0.8348785638809204,0.014079093933105469,0.1,pilot,pilot/partials/NOG-FO__m8__seed600__cfg14235d9e4fc1.json
NOG-FO,NOG-opt,528,528,264,8,y_bar,0.1,0.1,0.1,2,1.0,0.1407606303691864,6.284770235419273,6.284770235419273,4.498505482450128,12.971959764137864,600,100600,200600,434535038,sfo,4240,4240,530,"[530, 530, 530, 530, 530, 530, 530, 530]",2883584,530,530,-0.8351477384567261,0.01269745733588934,0.1,pilot,pilot/partials/NOG-FO__m8__seed600__cfg14235d9e4fc1.json
NOG-FO,NOG-opt,552,552,276,8,y_bar,0.1,0.1,0.1,2,1.0,0.1143939271569252,6.873918222263455,6.873918222263455,4.948691392317414,13.310079541057348,600,100600,200600,434535038,sfo,4432,4432,554,"[554, 554, 554, 554, 554, 554, 554, 554]",3014656,554,554,-0.8353962302207947,0.011121557094156742,0.1,pilot,pilot/partials/NOG-FO__m8__seed600__cfg14235d9e4fc1.json
NOG-FO,NOG-opt,576,576,288,8,y_bar,0.1,0.1,0.1,2,1.0,0.13601306080818176,7.422159049659967,7.422159049659967,5.209390230476856,13.72866521961987,600,100600,200600,434535038,sfo,4624,4624,578,"[578, 578, 578, 578, 578, 578, 578, 578]",3145728,578,578,-0.8354682922363281,0.010424403473734856,0.1,pilot,pilot/partials/NOG-FO__m8__seed600__cfg14235d9e4fc1.json
NOG-FO,NOG-opt,600,600,300,8,y_bar,0.1,0.1,0.1,2,1.0,0.11847372353076935,7.908059127628803,7.908059127628803,5.632177228108048,14.150316871702671,600,100600,200600,434535038,sfo,4816,4816,602,"[602, 602, 602, 602, 602, 602, 602, 602]",3276800,602,602,-0.8351789712905884,0.011466186493635178,0.1,pilot,pilot/partials/NOG-FO__m8__seed600__cfg14235d9e4fc1.json
NOG-FO,NOG-opt,624,624,312,8,y_bar,0.1,0.1,0.1,2,1.0,0.11643662303686142,8.39448636956513,8.39448636956513,5.9164424780756235,14.611810965463519,600,100600,200600,434535038,sfo,5008,5008,626,"[626, 626, 626, 626, 626, 626, 626, 626]",3407872,626,626,-0.8355530500411987,0.010159207507967949,0.1,pilot,pilot/partials/NOG-FO__m8__seed600__cfg14235d9e4fc1.json
NOG-FO,NOG-opt,648,648,324,8,y_bar,0.1,0.1,0.1,2,1.0,0.10555429756641388,8.91132809408009,8.91132809408009,6.363410988822579,15.011088939383626,600,100600,200600,434535038,sfo,5200,5200,650,"[650, 650, 650, 650, 650, 650, 650, 650]",3538944,650,650,-0.8355237245559692,0.011272565461695194,0.1,pilot,pilot/partials/NOG-FO__m8__seed600__cfg14235d9e4fc1.json
NOG-FO,NOG-opt,672,672,336,8,y_bar,0.1,0.1,0.1,2,1.0,0.11023087054491043,9.410245906561613,9.410245906561613,6.662702556699514,15.453545210883021,600,100600,200600,434535038,sfo,5392,5392,674,"[674, 674, 674, 674, 674, 674, 674, 674]",3670016,674,674,-0.8357366919517517,0.009824377484619617,0.1,pilot,pilot/partials/NOG-FO__m8__seed600__cfg14235d9e4fc1.json
NOG-FO,NOG-opt,696,696,348,8,y_bar,0.1,0.1,0.1,2,1.0,0.14876599609851837,9.95534123852849,9.95534123852849,7.128205010667443,15.855691080912948,600,100600,200600,434535038,sfo,5584,5584,698,"[698, 698, 698, 698, 698, 698, 698, 698]",3801088,698,698,-0.8356566429138184,0.009941424243152142,0.1,pilot,pilot/partials/NOG-FO__m8__seed600__cfg14235d9e4fc1.json
NOG-FO,NOG-opt,720,720,360,8,y_bar,0.1,0.1,0.1,2,1.0,0.08873305469751358,10.528448851779103,10.528448851779103,7.575603565201163,16.20920618623495,600,100600,200600,434535038,sfo,5776,5776,722,"[722, 722, 722, 722, 722, 722, 722, 722]",3932160,722,722,-0.8357459306716919,0.009289942681789398,0.1,pilot,pilot/partials/NOG-FO__m8__seed600__cfg14235d9e4fc1.json
NOG-FO,NOG-opt,744,744,372,8,y_bar,0.1,0.1,0.1,2,1.0,0.15809954702854156,10.99079193919897,10.99079193919897,7.892000146210194,16.66078875027597,600,100600,200600,434535038,sfo,5968,5968,746,"[746, 746, 746, 746, 746, 746, 746, 746]",4063232,746,746,-0.8357168436050415,0.009440100751817226,0.1,pilot,pilot/partials/NOG-FO__m8__seed600__cfg14235d9e4fc1.json
NOG-FO,NOG-opt,768,768,384,8,y_bar,0.1,0.1,0.1,2,1.0,0.1346011459827423,11.503653159365058,11.503653159365058,8.271697714924812,17.052314402535558,600,100600,200600,434535038,sfo,6160,6160,770,"[770, 770, 770, 770, 770, 770, 770, 770]",4194304,770,770,-0.8359552025794983,0.009093120694160461,0.1,pilot,pilot/partials/NOG-FO__m8__seed600__cfg14235d9e4fc1.json
NOG-FO,NOG-opt,792,792,396,8,y_bar,0.1,0.1,0.1,2,1.0,0.1463908553123474,12.001303834840655,12.001303834840655,8.701151253655553,17.48249952122569,600,100600,200600,434535038,sfo,6352,6352,794,"[794, 794, 794, 794, 794, 794, 794, 794]",4325376,794,794,-0.8358408212661743,0.009505688212811947,0.1,pilot,pilot/partials/NOG-FO__m8__seed600__cfg14235d9e4fc1.json
NOG-FO,NOG-opt,816,816,408,8,y_bar,0.1,0.1,0.1,2,1.0,0.12480311840772629,12.471793999895453,12.471793999895453,8.921802833676338,17.918092977255583,600,100600,200600,434535038,sfo,6544,6544,818,"[818, 818, 818, 818, 818, 818, 818, 818]",4456448,818,818,-0.8359268307685852,0.009134103544056416,0.1,pilot,pilot/partials/NOG-FO__m8__seed600__cfg14235d9e4fc1.json
NOG-FO,NOG-opt,840,840,420,8,y_bar,0.1,0.1,0.1,2,1.0,0.10532873123884201,12.923099175095558,12.923099175095558,9.240977080538869,18.373780608177185,600,100600,200600,434535038,sfo,6736,6736,842,"[842, 842, 842, 842, 842, 842, 842, 842]",4587520,842,842,-0.8359014987945557,0.00927194207906723,0.1,pilot,pilot/partials/NOG-FO__m8__seed600__cfg14235d9e4fc1.json
NOG-FO,NOG-opt,864,864,432,8,y_bar,0.1,0.1,0.1,2,1.0,0.13554072380065918,13.356304848566651,13.356304848566651,9.571676956489682,18.81901179254055,600,100600,200600,434535038,sfo,6928,6928,866,"[866, 866, 866, 866, 866, 866, 866, 866]",4718592,866,866,-0.835874080657959,0.009572741575539112,0.1,pilot,pilot/partials/NOG-FO__m8__seed600__cfg14235d9e4fc1.json
NOG-FO,NOG-opt,888,888,444,8,y_bar,0.1,0.1,0.1,2,1.0,0.13857553899288177,13.739282462745905,13.739282462745905,9.890554744750261,19.33633181452751,600,100600,200600,434535038,sfo,7120,7120,890,"[890, 890, 890, 890, 890, 890, 890, 890]",4849664,890,890,-0.835693359375,0.01042127888649702,0.1,pilot,pilot/partials/NOG-FO__m8__seed600__cfg14235d9e4fc1.json
NOG-FO,NOG-opt,912,912,456,8,y_bar,0.1,0.1,0.1,2,1.0,0.12494594603776932,14.105156918987632,14.105156918987632,10.161774337291718,19.840720422565937,600,100600,200600,434535038,sfo,7312,7312,914,"[914, 914, 914, 914, 914, 914, 914, 914]",4980736,914,914,-0.8356750011444092,0.010081618092954159,0.1,pilot,pilot/partials/NOG-FO__m8__seed600__cfg14235d9e4fc1.json
NOG-FO,NOG-opt,936,936,468,8,y_bar,0.1,0.1,0.1,2,1.0,0.1271677166223526,14.46462389267981,14.46462389267981,10.391232201829553,20.286193324252963,600,100600,200600,434535038,sfo,7504,7504,938,"[938, 938, 938, 938, 938, 938, 938, 938]",5111808,938,938,-0.8356494903564453,0.010539408773183823,0.1,pilot,pilot/partials/NOG-FO__m8__seed600__cfg14235d9e4fc1.json
NOG-FO,NOG-opt,960,960,480,8,y_bar,0.1,0.1,0.1,2,1.0,0.14233937859535217,14.818478817120194,14.818478817120194,10.687972605228424,22.07713282108307,600,100600,200600,434535038,sfo,7696,7696,962,"[962, 962, 962, 962, 962, 962, 962, 962]",5242880,962,962,-0.8357051610946655,0.010087192989885807,0.1,pilot,pilot/partials/NOG-FO__m8__seed600__cfg14235d9e4fc1.json
NOG-FO,NOG-opt,24,24,12,8,y_bar,0.1,0.1,0.1,2,1.0,0.3426811993122101,0.7019727658480406,0.7019727658480406,0.6278340052813292,0.7320994231849909,601,100601,200601,1279065326,sfo,208,208,26,"[26, 26, 26, 26, 26, 26, 26, 26]",131072,26,26,-0.09428124874830246,0.2470935881137848,0.1,pilot,pilot/partials/NOG-FO__m8__seed601__cfg621814fe26af.json
NOG-FO,NOG-opt,48,48,24,8,y_bar,0.1,0.1,0.1,2,1.0,0.3585320711135864,0.8632774911820889,0.8632774911820889,0.6874232403934002,1.3620751854032278,601,100601,200601,1279065326,sfo,400,400,50,"[50, 50, 50, 50, 50, 50, 50, 50]",262144,50,50,-0.18774640560150146,0.24204713106155396,0.1,pilot,pilot/partials/NOG-FO__m8__seed601__cfg621814fe26af.json
NOG-FO,NOG-opt,72,72,36,8,y_bar,0.1,0.1,0.1,2,1.0,0.299751341342926,1.0975173097103834,1.0975173097103834,0.8582943119108677,1.92906972207129,601,100601,200601,1279065326,sfo,592,592,74,"[74, 74, 74, 74, 74, 74, 74, 74]",393216,74,74,-0.27650532126426697,0.2339402437210083,0.1,pilot,pilot/partials/NOG-FO__m8__seed601__cfg621814fe26af.json
NOG-FO,NOG-opt,96,96,48,8,y_bar,0.1,0.1,0.1,2,1.0,0.3224923610687256,1.3211983814835548,1.3211983814835548,1.0219881497323513,2.4653707779943943,601,100601,200601,1279065326,sfo,784,784,98,"[98, 98, 98, 98, 98, 98, 98, 98]",524288,98,98,-0.3662918508052826,0.22208958864212036,0.1,pilot,pilot/partials/NOG-FO__m8__seed601__cfg621814fe26af.json
NOG-FO,NOG-opt,120,120,60,8,y_bar,0.1,0.1,0.1,2,1.0,0.31443294882774353,1.5851098150014877,1.5851098150014877,1.1597942356020212,3.0268067251890898,601,100601,200601,1279065326,sfo,976,976,122,"[122, 122, 122, 122, 122, 122, 122, 122]",655360,122,122,-0.44557762145996094,0.20830407738685608,0.1,pilot,pilot/partials/NOG-FO__m8__seed601__cfg621814fe26af.json
NOG-FO,NOG-opt,144,144,72,8,y_bar,0.1,0.1,0.1,2,1.0,0.2638417184352875,1.8490387871861458,1.8490387871861458,1.306459141895175,3.57876686938107,601,100601,200601,1279065326,sfo,1168,1168,146,"[146, 146, 146, 146, 146, 146, 146, 146]",786432,146,146,-0.5176978707313538,0.1924300491809845,0.1,pilot,pilot/partials/NOG-FO__m8__seed601__cfg621814fe26af.json
NOG-FO,NOG-opt,168,168,84,8,y_bar,0.1,0.1,0.1,2,1.0,0.2496485412120819,2.1683148704469204,2.1683148704469204,1.5557248406112194,4.104861848056316,601,100601,200601,1279065326,sfo,1360,1360,170,"[170, 170, 170, 170, 170, 170, 170, 170]",917504,170,170,-0.5891422629356384,0.1728931963443756,0.1,pilot,pilot/partials/NOG-FO__m8__seed601__cfg621814fe26af.json
NOG-FO,NOG-opt,192,192,96,8,y_bar,0.1,0.1,0.1,2,1.0,0.23481479287147522,2.545597542077303,2.545597542077303,1.8596163373440504,4.610916793346405,601,100601,200601,1279065326,sfo,1552,1552,194,"[194, 194, 194, 194, 194, 194, 194, 194]",1048576,194,194,-0.6475026607513428,0.15313202142715454,0.1,pilot,pilot/partials/NOG-FO__m8__seed601__cfg621814fe26af.json
NOG-FO,NOG-opt,216,216,108,8,y_bar,0.1,0.1,0.1,2,1.0,0.18674780428409576,2.919434430077672,2.919434430077672,2.1576633658260107,5.095213562250137,601,100601,200601,1279065326,sfo,1744,1744,218,"[218, 218, 218, 218, 218, 218, 218, 218]",1179648,218,218,-0.6945350170135498,0.13378465175628662,0.1,pilot,pilot/partials/NOG-FO__m8__seed601__cfg621814fe26af.json
NOG-FO,NOG-opt,240,240,120,8,y_bar,0.1,0.1,0.1,2,1.0,0.19999542832374573,3.325999515131116,3.325999515131116,2.428204981610179,5.520017186179757,601,100601,200601,1279065326,sfo,1936,1936,242,"[242, 242, 242, 242, 242, 242, 242, 242]",1310720,242,242,-0.7366816997528076,0.11253917217254639,0.1,pilot,pilot/partials/NOG-FO__m8__seed601__cfg621814fe26af.json
NOG-FO,NOG-opt,264,264,132,8,y_bar,0.1,0.1,0.1,2,1.0,0.18570052087306976,3.791596680879593,3.791596680879593,2.797008039429784,5.904641132801771,601,100601,200601,1279065326,sfo,2128,2128,266,"[266, 266, 266, 266, 266, 266, 266, 266]",1441792,266,266,-0.7660106420516968,0.09459716081619263,0.1,pilot,pilot/partials/NOG-FO__m8__seed601__cfg621814fe26af.json
NOG-FO,NOG-opt,288,288,144,8,y_bar,0.1,0.1,0.1,2,1.0,0.15077637135982513,4.230608876794577,4.230608876794577,3.168088272213936,6.320109236985445,601,100601,200601,1279065326,sfo,2320,2320,290,"[290, 290, 290, 290, 290, 290, 290, 290]",1572864,290,290,-0.7889899611473083,0.07722775638103485,0.1,pilot,pilot/partials/NOG-FO__m8__seed601__cfg621814fe26af.json
NOG-FO,NOG-opt,312,312,156,8,y_bar,0.1,0.1,0.1,2,1.0,0.16432924568653107,4.670611180365086,4.670611180365086,3.470350656658411,6.723880982026458,601,100601,200601,1279065326,sfo,2512,2512,314,"[314, 314, 314, 314, 314, 314, 314, 314]",1703936,314,314,-0.8046835064888,0.06239420548081398,0.1,pilot,pilot/partials/NOG-FO__m8__seed601__cfg621814fe26af.json
NOG-FO,NOG-opt,336,336,168,8,y_bar,0.1,0.1,0.1,2,1.0,0.15399731695652008,5.144145531579852,5.144145531579852,3.8733960911631584,7.085887713357806,601,100601,200601,1279065326,sfo,2704,2704,338,"[338, 338, 338, 338, 338, 338, 338, 338]",1835008,338,338,-0.8126935958862305,0.05347849056124687,0.1,pilot,pilot/partials/NOG-FO__m8__seed601__cfg621814fe26af.json
NOG-FO,NOG-opt,360,360,180,8,y_bar,0.1,0.1,0.1,2,1.0,0.12692129611968994,5.577949648723006,5.577949648723006,4.101369252428412,7.481227103620768,601,100601,200601,1279065326,sfo,2896,2896,362,"[362, 362, 362, 362, 362, 362, 362, 362]",1966080,362,362,-0.819901704788208,0.0437091700732708,0.1,pilot,pilot/partials/NOG-FO__m8__seed601__cfg621814fe26af.json
NOG-FO,NOG-opt,384,384,192,8,y_bar,0.1,0.1,0.1,2,1.0,0.12217333167791367,5.987743994221091,5.987743994221091,4.319861188530922,7.959238603711128,601,100601,200601,1279065326,sfo,3088,3088,386,"[386, 386, 386, 386, 386, 386, 386, 386]",2097152,386,386,-0.8256711363792419,0.034022122621536255,0.1,pilot,pilot/partials/NOG-FO__m8__seed601__cfg621814fe26af.json
NOG-FO,NOG-opt,408,408,204,8,y_bar,0.1,0.1,0.1,2,1.0,0.11461180448532104,6.394164249300957,6.394164249300957,4.543811932206154,8.358443841338158,601,100601,200601,1279065326,sfo,3280,3280,410,"[410, 410, 410, 410, 410, 410, 410, 410]",2228224,410,410,-0.8278750777244568,0.02967292256653309,0.1,pilot,pilot/partials/NOG-FO__m8__seed601__cfg621814fe26af.json
NOG-FO,NOG-opt,432,432,216,8,y_bar,0.1,0.1,0.1,2,1.0,0.13759362697601318,6.888639476150274,6.888639476150274,4.91794727742672,8.754576243460178,601,100601,200601,1279065326,sfo,3472,3472,434,"[434, 434, 434, 434, 434, 434, 434, 434]",2359296,434,434,-0.8303267955780029,0.02412954531610012,0.1,pilot,pilot/partials/NOG-FO__m8__seed601__cfg621814fe26af.json
NOG-FO,NOG-opt,456,456,228,8,y_bar,0.1,0.1,0.1,2,1.0,0.12976601719856262,7.402019100263715,7.402019100263715,5.285837268456817,9.143289214000106,601,100601,200601,1279065326,sfo,3664,3664,458,"[458, 458, 458, 458, 458, 458, 458, 458]",2490368,458,458,-0.8312487006187439,0.02115338109433651,0.1,pilot,pilot/partials/NOG-FO__m8__seed601__cfg621814fe26af.json
NOG-FO,NOG-opt,480,480,240,8,y_bar,0.1,0.1,0.1,2,1.0,0.13339126110076904,7.978610625490546,7.978610625490546,5.654354810714722,9.47099769115448,601,100601,200601,1279065326,sfo,3856,3856,482,"[482, 482, 482, 482, 482, 482, 482, 482]",2621440,482,482,-0.8322921991348267,0.01788753643631935,0.1,pilot,pilot/partials/NOG-FO__m8__seed601__cfg621814fe26af.json
NOG-FO,NOG-opt,504,504,252,8,y_bar,0.1,0.1,0.1,2,1.0,0.10557261854410172,8.563602665439248,8.563602665439248,6.022011237218976,9.852675965055823,601,100601,200601,1279065326,sfo,4048,4048,506,"[506, 506, 506, 506, 506, 506, 506, 506]",2752512,506,506,-0.8329606652259827,0.015963464975357056,0.1,pilot,pilot/partials/NOG-FO__m8__seed601__cfg621814fe26af.json
NOG-FO,NOG-opt,528,528,264,8,y_bar,0.1,0.1,0.1,2,1.0,0.15341636538505554,9.155954139307141,9.155954139307141,6.426428474485874,10.24231057241559,601,100601,200601,1279065326,sfo,4240,4240,530,"[530, 530, 530, 530, 530, 530, 530, 530]",2883584,530,530,-0.8333552479743958,0.014388011768460274,0.1,pilot,pilot/partials/NOG-FO__m8__seed601__cfg621814fe26af.json
NOG-FO,NOG-opt,552,552,276,8,y_bar,0.1,0.1,0.1,2,1.0,0.10945252329111099,9.760573333129287,9.760573333129287,6.9451097920536995,10.626122610643506,601,100601,200601,1279065326,sfo,4432,4432,554,"[554, 554, 554, 554, 554, 554, 554, 554]",3014656,554,554,-0.8340663909912109,0.011350180022418499,0.1,pilot,pilot/partials/NOG-FO__m8__seed601__cfg621814fe26af.json
NOG-FO,NOG-opt,576,576,288,8,y_bar,0.1,0.1,0.1,2,1.0,0.1556800752878189,10.311886236071587,10.311886236071587,7.360254192724824,11.0856106095016,601,100601,200601,1279065326,sfo,4624,4624,578,"[578, 578, 578, 578, 578, 578, 578, 578]",3145728,578,578,-0.8342773914337158,0.010369707830250263,0.1,pilot,pilot/partials/NOG-FO__m8__seed601__cfg621814fe26af.json
NOG-FO,NOG-opt,600,600,300,8,y_bar,0.1,0.1,0.1,2,1.0,0.15439163148403168,10.836607163771987,10.836607163771987,7.703888319432735,11.562954192981124,601,100601,200601,1279065326,sfo,4816,4816,602,"[602, 602, 602, 602, 602, 602, 602, 602]",3276800,602,602,-0.8345527648925781,0.009394004009664059,0.1,pilot,pilot/partials/NOG-FO__m8__seed601__cfg621814fe26af.json
NOG-FO,NOG-opt,624,624,312,8,y_bar,0.1,0.1,0.1,2,1.0,0.10817892849445343,11.23620294034481,11.23620294034481,7.966238897293806,12.080927949398756,601,100601,200601,1279065326,sfo,5008,5008,626,"[626, 626, 626, 626, 626, 626, 626, 626]",3407872,626,626,-0.8345986604690552,0.00926857627928257,0.1,pilot,pilot/partials/NOG-FO__m8__seed601__cfg621814fe26af.json
NOG-FO,NOG-opt,648,648,324,8,y_bar,0.1,0.1,0.1,2,1.0,0.12286414206027985,11.566520446911454,11.566520446911454,8.227239547297359,12.544280925765634,601,100601,200601,1279065326,sfo,5200,5200,650,"[650, 650, 650, 650, 650, 650, 650, 650]",3538944,650,650,-0.8346094489097595,0.009578718803822994,0.1,pilot,pilot/partials/NOG-FO__m8__seed601__cfg621814fe26af.json
NOG-FO,NOG-opt,672,672,336,8,y_bar,0.1,0.1,0.1,2,1.0,0.1302035003900528,12.016739690676332,12.016739690676332,8.542522817850113,13.081606063991785,601,100601,200601,1279065326,sfo,5392,5392,674,"[674, 674, 674, 674, 674, 674, 674, 674]",3670016,674,674,-0.8347668647766113,0.008812799118459225,0.1,pilot,pilot/partials/NOG-FO__m8__seed601__cfg621814fe26af.json
NOG-FO,NOG-opt,696,696,348,8,y_bar,0.1,0.1,0.1,2,1.0,0.12199462950229645,12.422427300363779,12.422427300363779,8.811687789857388,13.563925007358193,601,100601,200601,1279065326,sfo,5584,5584,698,"[698, 698, 698, 698, 698, 698, 698, 698]",3801088,698,698,-0.8344526886940002,0.009990327060222626,0.1,pilot,pilot/partials/NOG-FO__m8__seed601__cfg621814fe26af.json
NOG-FO,NOG-opt,720,720,360,8,y_bar,0.1,0.1,0.1,2,1.0,0.10840313136577606,12.840112820267677,12.840112820267677,9.085082350298762,13.971550500020385,601,100601,200601,1279065326,sfo,5776,5776,722,"[722, 722, 722, 722, 722, 722, 722, 722]",3932160,722,722,-0.834377110004425,0.010369908064603806,0.1,pilot,pilot/partials/NOG-FO__m8__seed601__cfg621814fe26af.json
NOG-FO,NOG-opt,744,744,372,8,y_bar,0.1,0.1,0.1,2,1.0,0.13137517869472504,13.283887974917889,13.283887974917889,9.461274459958076,14.53633702173829,601,100601,200601,1279065326,sfo,5968,5968,746,"[746, 746, 746, 746, 746, 746, 746, 746]",4063232,746,746,-0.83421790599823,0.010638903826475143,0.1,pilot,pilot/partials/NOG-FO__m8__seed601__cfg621814fe26af.json
NOG-FO,NOG-opt,768,768,384,8,y_bar,0.1,0.1,0.1,2,1.0,0.10581397265195847,13.693026147782803,13.693026147782803,9.662975076586008,14.93961668945849,601,100601,200601,1279065326,sfo,6160,6160,770,"[770, 770, 770, 770, 770, 770, 770, 770]",4194304,770,770,-0.8342331051826477,0.010500429198145866,0.1,pilot,pilot/partials/NOG-FO__m8__seed601__cfg621814fe26af.json
NOG-FO,NOG-opt,792,792,396,8,y_bar,0.1,0.1,0.1,2,1.0,0.1669645458459854,14.111902417615056,14.111902417615056,10.014462212100625,15.504173498600721,601,100601,200601,1279065326,sfo,6352,6352,794,"[794, 794, 794, 794, 794, 794, 794, 794]",4325376,794,794,-0.8344802260398865,0.009925881400704384,0.1,pilot,pilot/partials/NOG-FO__m8__seed601__cfg621814fe26af.json
NOG-FO,NOG-opt,816,816,408,8,y_bar,0.1,0.1,0.1,2,1.0,0.13184213638305664,14.459229512140155,14.459229512140155,10.243378898128867,16.070493223145604,601,100601,200601,1279065326,sfo,6544,6544,818,"[818, 818, 818, 818, 818, 818, 818, 818]",4456448,818,818,-0.8345059156417847,0.009589730761945248,0.1,pilot,pilot/partials/NOG-FO__m8__seed601__cfg621814fe26af.json
NOG-FO,NOG-opt,840,840,420,8,y_bar,0.1,0.1,0.1,2,1.0,0.10596797615289688,14.83494777791202,14.83494777791202,10.554881954565644,16.671810185536742,601,100601,200601,1279065326,sfo,6736,6736,842,"[842, 842, 842, 842, 842, 842, 842, 842]",4587520,842,842,-0.8346989154815674,0.008781865239143372,0.1,pilot,pilot/partials/NOG-FO__m8__seed601__cfg621814fe26af.json
NOG-FO,NOG-opt,864,864,432,8,y_bar,0.1,0.1,0.1,2,1.0,0.13292188942432404,15.13180386275053,15.13180386275053,10.742044884711504,17.256854712963104,601,100601,200601,1279065326,sfo,6928,6928,866,"[866, 866, 866, 866, 866, 866, 866, 866]",4718592,866,866,-0.834755539894104,0.008423160761594772,0.1,pilot,pilot/partials/NOG-FO__m8__seed601__cfg621814fe26af.json
NOG-FO,NOG-opt,888,888,444,8,y_bar,0.1,0.1,0.1,2,1.0,0.09713293612003326,15.450081370770931,15.450081370770931,10.99661155603826,17.830945558845997,601,100601,200601,1279065326,sfo,7120,7120,890,"[890, 890, 890, 890, 890, 890, 890, 890]",4849664,890,890,-0.8345893621444702,0.00934119988232851,0.1,pilot,pilot/partials/NOG-FO__m8__seed601__cfg621814fe26af.json
NOG-FO,NOG-opt,912,912,456,8,y_bar,0.1,0.1,0.1,2,1.0,0.11414659768342972,15.774268984794617,15.774268984794617,11.19344687461853,18.342614149674773,601,100601,200601,1279065326,sfo,7312,7312,914,"[914, 914, 914, 914, 914, 914, 914, 914]",4980736,914,914,-0.8344932794570923,0.009584090672433376,0.1,pilot,pilot/partials/NOG-FO__m8__seed601__cfg621814fe26af.json
NOG-FO,NOG-opt,936,936,468,8,y_bar,0.1,0.1,0.1,2,1.0,0.13462387025356293,16.138002222403884,16.138002222403884,11.49830861017108,18.862654093652964,601,100601,200601,1279065326,sfo,7504,7504,938,"[938, 938, 938, 938, 938, 938, 938, 938]",5111808,938,938,-0.8345506191253662,0.009711629711091518,0.1,pilot,pilot/partials/NOG-FO__m8__seed601__cfg621814fe26af.json
NOG-FO,NOG-opt,960,960,480,8,y_bar,0.1,0.1,0.1,2,1.0,0.1349198818206787,16.382410844787955,16.382410844787955,11.674520466476679,19.437013905495405,601,100601,200601,1279065326,sfo,7696,7696,962,"[962, 962, 962, 962, 962, 962, 962, 962]",5242880,962,962,-0.8343274593353271,0.0102279307320714,0.1,pilot,pilot/partials/NOG-FO__m8__seed601__cfg621814fe26af.json
NOG-FO,NOG-opt,24,24,12,8,y_bar,0.1,0.1,0.1,2,1.0,0.37023794651031494,0.5149352513253689,0.5149352513253689,0.37666519172489643,0.3301729653030634,602,100602,200602,608062620,sfo,208,208,26,"[26, 26, 26, 26, 26, 26, 26, 26]",131072,26,26,-0.09241630882024765,0.24772152304649353,0.1,pilot,pilot/partials/NOG-FO__m8__seed602__cfg2b7ee8cc86cf.json
NOG-FO,NOG-opt,48,48,24,8,y_bar,0.1,0.1,0.1,2,1.0,0.3482596278190613,1.153099061921239,1.153099061921239,0.9460124969482422,0.6643725913017988,602,100602,200602,608062620,sfo,400,400,50,"[50, 50, 50, 50, 50, 50, 50, 50]",262144,50,50,-0.1901622861623764,0.24250319600105286,0.1,pilot,pilot/partials/NOG-FO__m8__seed602__cfg2b7ee8cc86cf.json
NOG-FO,NOG-opt,72,72,36,8,y_bar,0.1,0.1,0.1,2,1.0,0.342556357383728,1.7320627737790346,1.7320627737790346,1.4488368835300207,1.0406915545463562,602,100602,200602,608062620,sfo,592,592,74,"[74, 74, 74, 74, 74, 74, 74, 74]",393216,74,74,-0.27903077006340027,0.23437514901161194,0.1,pilot,pilot/partials/NOG-FO__m8__seed602__cfg2b7ee8cc86cf.json
NOG-FO,NOG-opt,96,96,48,8,y_bar,0.1,0.1,0.1,2,1.0,0.3017919957637787,2.3270251657813787,2.3270251657813787,1.754953434690833,1.3641530219465494,602,100602,200602,608062620,sfo,784,784,98,"[98, 98, 98, 98, 98, 98, 98, 98]",524288,98,98,-0.3624453842639923,0.22361990809440613,0.1,pilot,pilot/partials/NOG-FO__m8__seed602__cfg2b7ee8cc86cf.json
NOG-FO,NOG-opt,120,120,60,8,y_bar,0.1,0.1,0.1,2,1.0,0.31609004735946655,2.906195653602481,2.906195653602481,2.269463188946247,1.7349028997123241,602,100602,200602,608062620,sfo,976,976,122,"[122, 122, 122, 122, 122, 122, 122, 122]",655360,122,122,-0.445864737033844,0.20932747423648834,0.1,pilot,pilot/partials/NOG-FO__m8__seed602__cfg2b7ee8cc86cf.json
NOG-FO,NOG-opt,144,144,72,8,y_bar,0.1,0.1,0.1,2,1.0,0.2727324962615967,3.5239643659442663,3.5239643659442663,2.7329196706414223,2.085766928270459,602,100602,200602,608062620,sfo,1168,1168,146,"[146, 146, 146, 146, 146, 146, 146, 146]",786432,146,146,-0.52076655626297,0.19303463399410248,0.1,pilot,pilot/partials/NOG-FO__m8__seed602__cfg2b7ee8cc86cf.json
NOG-FO,NOG-opt,168,168,84,8,y_bar,0.1,0.1,0.1,2,1.0,0.2637620270252228,4.075188724324107,4.075188724324107,3.139122487977147,2.4887983817607164,602,100602,200602,608062620,sfo,1360,1360,170,"[170, 170, 170, 170, 170, 170, 170, 170]",917504,170,170,-0.5859764814376831,0.17548330128192902,0.1,pilot,pilot/partials/NOG-FO__m8__seed602__cfg2b7ee8cc86cf.json
NOG-FO,NOG-opt,192,192,96,8,y_bar,0.1,0.1,0.1,2,1.0,0.22715158760547638,4.565106380730867,4.565106380730867,3.5607343316078186,2.930610591545701,602,100602,200602,608062620,sfo,1552,1552,194,"[194, 194, 194, 194, 194, 194, 194, 194]",1048576,194,194,-0.6441507339477539,0.156291663646698,0.1,pilot,pilot/partials/NOG-FO__m8__seed602__cfg2b7ee8cc86cf.json
NOG-FO,NOG-opt,216,216,108,8,y_bar,0.1,0.1,0.1,2,1.0,0.2101396769285202,5.095150521025062,5.095150521025062,3.9560184814035892,3.334825709462166,602,100602,200602,608062620,sfo,1744,1744,218,"[218, 218, 218, 218, 218, 218, 218, 218]",1179648,218,218,-0.6901378035545349,0.1381898820400238,0.1,pilot,pilot/partials/NOG-FO__m8__seed602__cfg2b7ee8cc86cf.json
NOG-FO,NOG-opt,240,240,120,8,y_bar,0.1,0.1,0.1,2,1.0,0.16525639593601227,5.59321104362607,5.59321104362607,4.304964508861303,3.824433349072933,602,100602,200602,608062620,sfo,1936,1936,242,"[242, 242, 242, 242, 242, 242, 242, 242]",1310720,242,242,-0.7321548461914062,0.11808790266513824,0.1,pilot,pilot/partials/NOG-FO__m8__seed602__cfg2b7ee8cc86cf.json
NOG-FO,NOG-opt,264,264,132,8,y_bar,0.1,0.1,0.1,2,1.0,0.17679376900196075,6.10644175298512,6.10644175298512,4.59808873385191,4.30313766002655,602,100602,200602,608062620,sfo,2128,2128,266,"[266, 266, 266, 266, 266, 266, 266, 266]",1441792,266,266,-0.7634484171867371,0.09990543127059937,0.1,pilot,pilot/partials/NOG-FO__m8__seed602__cfg2b7ee8cc86cf.json
NOG-FO,NOG-opt,288,288,144,8,y_bar,0.1,0.1,0.1,2,1.0,0.15903455018997192,6.614984465762973,6.614984465762973,5.0387945137917995,4.784100169315934,602,100602,200602,608062620,sfo,2320,2320,290,"[290, 290, 290, 290, 290, 290, 290, 290]",1572864,290,290,-0.7869876027107239,0.08327509462833405,0.1,pilot,pilot/partials/NOG-FO__m8__seed602__cfg2b7ee8cc86cf.json
NOG-FO,NOG-opt,312,312,156,8,y_bar,0.1,0.1,0.1,2,1.0,0.1727273017168045,7.113664800301194,7.113664800301194,5.42301257699728,5.24156466498971,602,100602,200602,608062620,sfo,2512,2512,314,"[314, 314, 314, 314, 314, 314, 314, 314]",1703936,314,314,-0.8041102886199951,0.06858211010694504,0.1,pilot,pilot/partials/NOG-FO__m8__seed602__cfg2b7ee8cc86cf.json
NOG-FO,NOG-opt,336,336,168,8,y_bar,0.1,0.1,0.1,2,1.0,0.13903547823429108,7.543178800493479,7.543178800493479,5.641502398997545,5.768443772569299,602,100602,200602,608062620,sfo,2704,2704,338,"[338, 338, 338, 338, 338, 338, 338, 338]",1835008,338,338,-0.8156239986419678,0.05652089789509773,0.1,pilot,pilot/partials/NOG-FO__m8__seed602__cfg2b7ee8cc86cf.json
NOG-FO,NOG-opt,360,360,180,8,y_bar,0.1,0.1,0.1,2,1.0,0.12085254490375519,8.020973909646273,8.020973909646273,6.0240097139030695,6.243271863088012,602,100602,200602,608062620,sfo,2896,2896,362,"[362, 362, 362, 362, 362, 362, 362, 362]",1966080,362,362,-0.8224096298217773,0.04824552312493324,0.1,pilot,pilot/partials/NOG-FO__m8__seed602__cfg2b7ee8cc86cf.json
NOG-FO,NOG-opt,384,384,192,8,y_bar,0.1,0.1,0.1,2,1.0,0.12407806515693665,8.529117465019226,8.529117465019226,6.464585000649095,6.705273974686861,602,100602,200602,608062620,sfo,3088,3088,386,"[386, 386, 386, 386, 386, 386, 386, 386]",2097152,386,386,-0.827763020992279,0.040424447506666183,0.1,pilot,pilot/partials/NOG-FO__m8__seed602__cfg2b7ee8cc86cf.json
NOG-FO,NOG-opt,408,408,204,8,y_bar,0.1,0.1,0.1,2,1.0,0.12530623376369476,9.057966578751802,9.057966578751802,6.8528818394988775,7.099772671237588,602,100602,200602,608062620,sfo,3280,3280,410,"[410, 410, 410, 410, 410, 410, 410, 410]",2228224,410,410,-0.8318537473678589,0.03335260972380638,0.1,pilot,pilot/partials/NOG-FO__m8__seed602__cfg2b7ee8cc86cf.json
NOG-FO,NOG-opt,432,432,216,8,y_bar,0.1,0.1,0.1,2,1.0,0.12327418476343155,9.656930701807141,9.656930701807141,7.372652681544423,7.485699778422713,602,100602,200602,608062620,sfo,3472,3472,434,"[434, 434, 434, 434, 434, 434, 434, 434]",2359296,434,434,-0.8348988890647888,0.026944808661937714,0.1,pilot,pilot/partials/NOG-FO__m8__seed602__cfg2b7ee8cc86cf.json
NOG-FO,NOG-opt,456,456,228,8,y_bar,0.1,0.1,0.1,2,1.0,0.13616615533828735,10.17223908752203,10.17223908752203,7.738213071599603,7.951858816668391,602,100602,200602,608062620,sfo,3664,3664,458,"[458, 458, 458, 458, 458, 458, 458, 458]",2490368,458,458,-0.8364222049713135,0.02335212007164955,0.1,pilot,pilot/partials/NOG-FO__m8__seed602__cfg2b7ee8cc86cf.json
NOG-FO,NOG-opt,480,480,240,8,y_bar,0.1,0.1,0.1,2,1.0,0.08805706351995468,10.69663173891604,10.69663173891604,7.995426969602704,8.39916206523776,602,100602,200602,608062620,sfo,3856,3856,482,"[482, 482, 482, 482, 482, 482, 482, 482]",2621440,482,482,-0.837498664855957,0.020351747050881386,0.1,pilot,pilot/partials/NOG-FO__m8__seed602__cfg2b7ee8cc86cf.json
NOG-FO,NOG-opt,504,504,252,8,y_bar,0.1,0.1,0.1,2,1.0,0.16865457594394684,11.148063953965902,11.148063953965902,8.383133130148053,8.870343012735248,602,100602,200602,608062620,sfo,4048,4048,506,"[506, 506, 506, 506, 506, 506, 506, 506]",2752512,506,506,-0.8389167189598083,0.015549052506685257,0.1,pilot,pilot/partials/NOG-FO__m8__seed602__cfg2b7ee8cc86cf.json
NOG-FO,NOG-opt,528,528,264,8,y_bar,0.1,0.1,0.1,2,1.0,0.11904899775981903,11.553918542340398,11.553918542340398,8.672468921169639,9.421103032305837,602,100602,200602,608062620,sfo,4240,4240,530,"[530, 530, 530, 530, 530, 530, 530, 530]",2883584,530,530,-0.8395663499832153,0.01255464181303978,0.1,pilot,pilot/partials/NOG-FO__m8__seed602__cfg2b7ee8cc86cf.json
NOG-FO,NOG-opt,552,552,276,8,y_bar,0.1,0.1,0.1,2,1.0,0.15220938622951508,11.901228966191411,11.901228966191411,8.83718654513359,9.97133987210691,602,100602,200602,608062620,sfo,4432,4432,554,"[554, 554, 554, 554, 554, 554, 554, 554]",3014656,554,554,-0.8397122025489807,0.0125654311850667,0.1,pilot,pilot/partials/NOG-FO__m8__seed602__cfg2b7ee8cc86cf.json
NOG-FO,NOG-opt,576,576,288,8,y_bar,0.1,0.1,0.1,2,1.0,0.12002623081207275,12.254856439307332,12.254856439307332,9.134733349084854,10.60133958607912,602,100602,200602,608062620,sfo,4624,4624,578,"[578, 578, 578, 578, 578, 578, 578, 578]",3145728,578,578,-0.8401473164558411,0.01032668724656105,0.1,pilot,pilot/partials/NOG-FO__m8__seed602__cfg2b7ee8cc86cf.json
NOG-FO,NOG-opt,600,600,300,8,y_bar,0.1,0.1,0.1,2,1.0,0.12353689223527908,12.704870775341988,12.704870775341988,9.45493559166789,11.121068997308612,602,100602,200602,608062620,sfo,4816,4816,602,"[602, 602, 602, 602, 602, 602, 602, 602]",3276800,602,602,-0.8400048613548279,0.010940185748040676,0.1,pilot,pilot/partials/NOG-FO__m8__seed602__cfg2b7ee8cc86cf.json
NOG-FO,NOG-opt,624,624,312,8,y_bar,0.1,0.1,0.1,2,1.0,0.10622022300958633,13.165447549894452,13.165447549894452,9.856676103547215,11.606888093054295,602,100602,200602,608062620,sfo,5008,5008,626,"[626, 626, 626, 626, 626, 626, 626, 626]",3407872,626,626,-0.8402392864227295,0.00993404258042574,0.1,pilot,pilot/partials/NOG-FO__m8__seed602__cfg2b7ee8cc86cf.json
NOG-FO,NOG-opt,648,648,324,8,y_bar,0.1,0.1,0.1,2,1.0,0.12105561047792435,13.490658655762672,13.490658655762672,10.123507365584373,12.242105768993497,602,100602,200602,608062620,sfo,5200,5200,650,"[650, 650, 650, 650, 650, 650, 650, 650]",3538944,650,650,-0.840556263923645,0.009024793282151222,0.1,pilot,pilot/partials/NOG-FO__m8__seed602__cfg2b7ee8cc86cf.json
NOG-FO,NOG-opt,672,672,336,8,y_bar,0.1,0.1,0.1,2,1.0,0.10793651640415192,13.846863409504294,13.846863409504294,10.262893481180072,12.843315267935395,602,100602,200602,608062620,sfo,5392,5392,674,"[674, 674, 674, 674, 674, 674, 674, 674]",3670016,674,674,-0.840408444404602,0.009367235004901886,0.1,pilot,pilot/partials/NOG-FO__m8__seed602__cfg2b7ee8cc86cf.json
NOG-FO,NOG-opt,696,696,348,8,y_bar,0.1,0.1,0.1,2,1.0,0.10927349328994751,14.214708490297198,14.214708490297198,10.569686008617282,13.380871890112758,602,100602,200602,608062620,sfo,5584,5584,698,"[698, 698, 698, 698, 698, 698, 698, 698]",3801088,698,698,-0.8404570817947388,0.009824983775615692,0.1,pilot,pilot/partials/NOG-FO__m8__seed602__cfg2b7ee8cc86cf.json
NOG-FO,NOG-opt,720,720,360,8,y_bar,0.1,0.1,0.1,2,1.0,0.1385093778371811,14.574938148260117,14.574938148260117,10.862169172614813,13.985383974388242,602,100602,200602,608062620,sfo,5776,5776,722,"[722, 722, 722, 722, 722, 722, 722, 722]",3932160,722,722,-0.8405870199203491,0.009707462042570114,0.1,pilot,pilot/partials/NOG-FO__m8__seed602__cfg2b7ee8cc86cf.json
NOG-FO,NOG-opt,744,744,372,8,y_bar,0.1,0.1,0.1,2,1.0,0.16970758140087128,14.956800358369946,14.956800358369946,11.101103566586971,14.533987369388342,602,100602,200602,608062620,sfo,5968,5968,746,"[746, 746, 746, 746, 746, 746, 746, 746]",4063232,746,746,-0.8407046794891357,0.00869730394333601,0.1,pilot,pilot/partials/NOG-FO__m8__seed602__cfg2b7ee8cc86cf.json
NOG-FO,NOG-opt,768,768,384,8,y_bar,0.1,0.1,0.1,2,1.0,0.09721577167510986,15.393111530691385,15.393111530691385,11.349121488630772,15.007838997989893,602,100602,200602,608062620,sfo,6160,6160,770,"[770, 770, 770, 770, 770, 770, 770, 770]",4194304,770,770,-0.8406172394752502,0.008791826665401459,0.1,pilot,pilot/partials/NOG-FO__m8__seed602__cfg2b7ee8cc86cf.json
NOG-FO,NOG-opt,792,792,396,8,y_bar,0.1,0.1,0.1,2,1.0,0.09469921141862869,15.83278332836926,15.83278332836926,11.651037983596325,15.558469694107771,602,100602,200602,608062620,sfo,6352,6352,794,"[794, 794, 794, 794, 794, 794, 794, 794]",4325376,794,794,-0.8404873609542847,0.009327144362032413,0.1,pilot,pilot/partials/NOG-FO__m8__seed602__cfg2b7ee8cc86cf.json
NOG-FO,NOG-opt,816,816,408,8,y_bar,0.1,0.1,0.1,2,1.0,0.12882529199123383,16.269140154123306,16.269140154123306,11.950450463220477,16.101564390584826,602,100602,200602,608062620,sfo,6544,6544,818,"[818, 818, 818, 818, 818, 818, 818, 818]",4456448,818,818,-0.8406445980072021,0.00813243631273508,0.1,pilot,pilot/partials/NOG-FO__m8__seed602__cfg2b7ee8cc86cf.json
NOG-FO,NOG-opt,840,840,420,8,y_bar,0.1,0.1,0.1,2,1.0,0.13215848803520203,16.7114428691566,16.7114428691566,12.266786402091384,16.593402445316315,602,100602,200602,608062620,sfo,6736,6736,842,"[842, 842, 842, 842, 842, 842, 842, 842]",4587520,842,842,-0.8404408097267151,0.00874753575772047,0.1,pilot,pilot/partials/NOG-FO__m8__seed602__cfg2b7ee8cc86cf.json
NOG-FO,NOG-opt,864,864,432,8,y_bar,0.1,0.1,0.1,2,1.0,0.15802760422229767,17.112182095646858,17.112182095646858,12.537866258993745,17.153142036870122,602,100602,200602,608062620,sfo,6928,6928,866,"[866, 866, 866, 866, 866, 866, 866, 866]",4718592,866,866,-0.8404141068458557,0.009035566821694374,0.1,pilot,pilot/partials/NOG-FO__m8__seed602__cfg2b7ee8cc86cf.json
NOG-FO,NOG-opt,888,888,444,8,y_bar,0.1,0.1,0.1,2,1.0,0.1212393045425415,17.536326076835394,17.536326076835394,12.76870952732861,17.711328400298953,602,100602,200602,608062620,sfo,7120,7120,890,"[890, 890, 890, 890, 890, 890, 890, 890]",4849664,890,890,-0.8404910564422607,0.009332682937383652,0.1,pilot,pilot/partials/NOG-FO__m8__seed602__cfg2b7ee8cc86cf.json
NOG-FO,NOG-opt,912,912,456,8,y_bar,0.1,0.1,0.1,2,1.0,0.13360503315925598,17.969118550419807,17.969118550419807,13.093396633863449,18.1849274802953,602,100602,200602,608062620,sfo,7312,7312,914,"[914, 914, 914, 914, 914, 914, 914, 914]",4980736,914,914,-0.8403726816177368,0.00926706288009882,0.1,pilot,pilot/partials/NOG-FO__m8__seed602__cfg2b7ee8cc86cf.json
NOG-FO,NOG-opt,936,936,468,8,y_bar,0.1,0.1,0.1,2,1.0,0.09858958423137665,18.391124434769154,18.391124434769154,13.385167608037591,18.739869771525264,602,100602,200602,608062620,sfo,7504,7504,938,"[938, 938, 938, 938, 938, 938, 938, 938]",5111808,938,938,-0.8401302099227905,0.009710428304970264,0.1,pilot,pilot/partials/NOG-FO__m8__seed602__cfg2b7ee8cc86cf.json
NOG-FO,NOG-opt,960,960,480,8,y_bar,0.1,0.1,0.1,2,1.0,0.10655494779348373,18.82334278896451,18.82334278896451,13.685752965509892,19.274309845641255,602,100602,200602,608062620,sfo,7696,7696,962,"[962, 962, 962, 962, 962, 962, 962, 962]",5242880,962,962,-0.8402745723724365,0.009396621026098728,0.1,pilot,pilot/partials/NOG-FO__m8__seed602__cfg2b7ee8cc86cf.json
NOG-FO,NOG-opt,24,24,12,8,y_bar,0.1,0.1,0.1,2,1.0,0.31391361355781555,0.4632171504199505,0.4632171504199505,0.3894727900624275,0.4767476338893175,603,100603,200603,113986795,sfo,208,208,26,"[26, 26, 26, 26, 26, 26, 26, 26]",131072,26,26,-0.08814197778701782,0.24522389471530914,0.1,pilot,pilot/partials/NOG-FO__m8__seed603__cfg0e0cb13abe4c.json
NOG-FO,NOG-opt,48,48,24,8,y_bar,0.1,0.1,0.1,2,1.0,0.3295663297176361,0.9844491686671972,0.9844491686671972,0.7235805410891771,0.8728005159646273,603,100603,200603,113986795,sfo,400,400,50,"[50, 50, 50, 50, 50, 50, 50, 50]",262144,50,50,-0.18737605214118958,0.2400396764278412,0.1,pilot,pilot/partials/NOG-FO__m8__seed603__cfg0e0cb13abe4c.json
NOG-FO,NOG-opt,72,72,36,8,y_bar,0.1,0.1,0.1,2,1.0,0.33563169836997986,1.5654645171016455,1.5654645171016455,1.1351374704390764,1.243182608857751,603,100603,200603,113986795,sfo,592,592,74,"[74, 74, 74, 74, 74, 74, 74, 74]",393216,74,74,-0.2780601680278778,0.23188728094100952,0.1,pilot,pilot/partials/NOG-FO__m8__seed603__cfg0e0cb13abe4c.json
NOG-FO,NOG-opt,96,96,48,8,y_bar,0.1,0.1,0.1,2,1.0,0.33185437321662903,2.174231244251132,2.174231244251132,1.5132745318114758,1.57288633659482,603,100603,200603,113986795,sfo,784,784,98,"[98, 98, 98, 98, 98, 98, 98, 98]",524288,98,98,-0.3664860129356384,0.22051426768302917,0.1,pilot,pilot/partials/NOG-FO__m8__seed603__cfg0e0cb13abe4c.json
NOG-FO,NOG-opt,120,120,60,8,y_bar,0.1,0.1,0.1,2,1.0,0.3143625855445862,2.7483312878757715,2.7483312878757715,2.0202114414423704,1.9486773572862148,603,100603,200603,113986795,sfo,976,976,122,"[122, 122, 122, 122, 122, 122, 122, 122]",655360,122,122,-0.4437600076198578,0.20734678208827972,0.1,pilot,pilot/partials/NOG-FO__m8__seed603__cfg0e0cb13abe4c.json
NOG-FO,NOG-opt,144,144,72,8,y_bar,0.1,0.1,0.1,2,1.0,0.2782685458660126,3.357921412214637,3.357921412214637,2.561656018719077,2.311806509271264,603,100603,200603,113986795,sfo,1168,1168,146,"[146, 146, 146, 146, 146, 146, 146, 146]",786432,146,146,-0.5158861875534058,0.19186560809612274,0.1,pilot,pilot/partials/NOG-FO__m8__seed603__cfg0e0cb13abe4c.json
NOG-FO,NOG-opt,168,168,84,8,y_bar,0.1,0.1,0.1,2,1.0,0.29785504937171936,3.987737601622939,3.987737601622939,2.94747175835073,2.6321629900485277,603,100603,200603,113986795,sfo,1360,1360,170,"[170, 170, 170, 170, 170, 170, 170, 170]",917504,170,170,-0.5853493809700012,0.17336906492710114,0.1,pilot,pilot/partials/NOG-FO__m8__seed603__cfg0e0cb13abe4c.json
NOG-FO,NOG-opt,192,192,96,8,y_bar,0.1,0.1,0.1,2,1.0,0.24772407114505768,4.559628902003169,4.559628902003169,3.3653890881687403,3.0175299886614084,603,100603,200603,113986795,sfo,1552,1552,194,"[194, 194, 194, 194, 194, 194, 194, 194]",1048576,194,194,-0.6437296867370605,0.15435948967933655,0.1,pilot,pilot/partials/NOG-FO__m8__seed603__cfg0e0cb13abe4c.json
NOG-FO,NOG-opt,216,216,108,8,y_bar,0.1,0.1,0.1,2,1.0,0.21799138188362122,5.155745703727007,5.155745703727007,3.8912664130330086,3.3451754953712225,603,100603,200603,113986795,sfo,1744,1744,218,"[218, 218, 218, 218, 218, 218, 218, 218]",1179648,218,218,-0.6929342746734619,0.1347983330488205,0.1,pilot,pilot/partials/NOG-FO__m8__seed603__cfg0e0cb13abe4c.json
NOG-FO,NOG-opt,240,240,120,8,y_bar,0.1,0.1,0.1,2,1.0,0.207821324467659,5.815717546269298,5.815717546269298,4.321003237739205,3.676228452473879,603,100603,200603,113986795,sfo,1936,1936,242,"[242, 242, 242, 242, 242, 242, 242, 242]",1310720,242,242,-0.7309654951095581,0.11657824367284775,0.1,pilot,pilot/partials/NOG-FO__m8__seed603__cfg0e0cb13abe4c.json
NOG-FO,NOG-opt,264,264,132,8,y_bar,0.1,0.1,0.1,2,1.0,0.1821211576461792,6.495499460026622,6.495499460026622,4.860516745597124,4.004512118175626,603,100603,200603,113986795,sfo,2128,2128,266,"[266, 266, 266, 266, 266, 266, 266, 266]",1441792,266,266,-0.7631999850273132,0.09786739945411682,0.1,pilot,pilot/partials/NOG-FO__m8__seed603__cfg0e0cb13abe4c.json
NOG-FO,NOG-opt,288,288,144,8,y_bar,0.1,0.1,0.1,2,1.0,0.11284816265106201,7.085898440331221,7.085898440331221,5.242104651406407,4.333959866315126,603,100603,200603,113986795,sfo,2320,2320,290,"[290, 290, 290, 290, 290, 290, 290, 290]",1572864,290,290,-0.7860633730888367,0.08197997510433197,0.1,pilot,pilot/partials/NOG-FO__m8__seed603__cfg0e0cb13abe4c.json
NOG-FO,NOG-opt,312,312,156,8,y_bar,0.1,0.1,0.1,2,1.0,0.143977090716362,7.653260409832001,7.653260409832001,5.739916915073991,4.726455718278885,603,100603,200603,113986795,sfo,2512,2512,314,"[314, 314, 314, 314, 314, 314, 314, 314]",1703936,314,314,-0.8034865260124207,0.06694673746824265,0.1,pilot,pilot/partials/NOG-FO__m8__seed603__cfg0e0cb13abe4c.json
NOG-FO,NOG-opt,336,336,168,8,y_bar,0.1,0.1,0.1,2,1.0,0.17350085079669952,8.161078043282032,8.161078043282032,6.135206365957856,5.163604572415352,603,100603,200603,113986795,sfo,2704,2704,338,"[338, 338, 338, 338, 338, 338, 338, 338]",1835008,338,338,-0.8171069622039795,0.05203132703900337,0.1,pilot,pilot/partials/NOG-FO__m8__seed603__cfg0e0cb13abe4c.json
NOG-FO,NOG-opt,360,360,180,8,y_bar,0.1,0.1,0.1,2,1.0,0.12775732576847076,8.71377538703382,8.71377538703382,6.590469701215625,5.553825283423066,603,100603,200603,113986795,sfo,2896,2896,362,"[362, 362, 362, 362, 362, 362, 362, 362]",1966080,362,362,-0.8248348832130432,0.041363753378391266,0.1,pilot,pilot/partials/NOG-FO__m8__seed603__cfg0e0cb13abe4c.json
NOG-FO,NOG-opt,384,384,192,8,y_bar,0.1,0.1,0.1,2,1.0,0.12478077411651611,9.225210363045335,9.225210363045335,6.985823204740882,6.001984415575862,603,100603,200603,113986795,sfo,3088,3088,386,"[386, 386, 386, 386, 386, 386, 386, 386]",2097152,386,386,-0.8293492197990417,0.03374909237027168,0.1,pilot,pilot/partials/NOG-FO__m8__seed603__cfg0e0cb13abe4c.json
NOG-FO,NOG-opt,408,408,204,8,y_bar,0.1,0.1,0.1,2,1.0,0.13844425976276398,9.74652630276978,9.74652630276978,7.370001779869199,6.39643969386816,603,100603,200603,113986795,sfo,3280,3280,410,"[410, 410, 410, 410, 410, 410, 410, 410]",2228224,410,410,-0.8330096006393433,0.02624629996716976,0.1,pilot,pilot/partials/NOG-FO__m8__seed603__cfg0e0cb13abe4c.json
NOG-FO,NOG-opt,432,432,216,8,y_bar,0.1,0.1,0.1,2,1.0,0.1456345170736313,10.251433396711946,10.251433396711946,7.734371824190021,6.866822334006429,603,100603,200603,113986795,sfo,3472,3472,434,"[434, 434, 434, 434, 434, 434, 434, 434]",2359296,434,434,-0.8346558213233948,0.02244185470044613,0.1,pilot,pilot/partials/NOG-FO__m8__seed603__cfg0e0cb13abe4c.json
NOG-FO,NOG-opt,456,456,228,8,y_bar,0.1,0.1,0.1,2,1.0,0.13812780380249023,10.85975380986929,10.85975380986929,8.20257281512022,7.261498808860779,603,100603,200603,113986795,sfo,3664,3664,458,"[458, 458, 458, 458, 458, 458, 458, 458]",2490368,458,458,-0.8356951475143433,0.01947629451751709,0.1,pilot,pilot/partials/NOG-FO__m8__seed603__cfg0e0cb13abe4c.json
NOG-FO,NOG-opt,480,480,240,8,y_bar,0.1,0.1,0.1,2,1.0,0.11779142916202545,11.379172798246145,11.379172798246145,8.50099547021091,7.638681843876839,603,100603,200603,113986795,sfo,3856,3856,482,"[482, 482, 482, 482, 482, 482, 482, 482]",2621440,482,482,-0.8366106152534485,0.016678227111697197,0.1,pilot,pilot/partials/NOG-FO__m8__seed603__cfg0e0cb13abe4c.json
NOG-FO,NOG-opt,504,504,252,8,y_bar,0.1,0.1,0.1,2,1.0,0.12037213146686554,11.899951294064522,11.899951294064522,8.834989132359624,8.0529445130378,603,100603,200603,113986795,sfo,4048,4048,506,"[506, 506, 506, 506, 506, 506, 506, 506]",2752512,506,506,-0.8372699022293091,0.014074652455747128,0.1,pilot,pilot/partials/NOG-FO__m8__seed603__cfg0e0cb13abe4c.json
NOG-FO,NOG-opt,528,528,264,8,y_bar,0.1,0.1,0.1,2,1.0,0.11663110554218292,12.473165160045028,12.473165160045028,9.218956304714084,8.45731882750988,603,100603,200603,113986795,sfo,4240,4240,530,"[530, 530, 530, 530, 530, 530, 530, 530]",2883584,530,530,-0.8374216556549072,0.013570167124271393,0.1,pilot,pilot/partials/NOG-FO__m8__seed603__cfg0e0cb13abe4c.json
NOG-FO,NOG-opt,552,552,276,8,y_bar,0.1,0.1,0.1,2,1.0,0.12843337655067444,12.993541037663817,12.993541037663817,9.66419000737369,8.87543417699635,603,100603,200603,113986795,sfo,4432,4432,554,"[554, 554, 554, 554, 554, 554, 554, 554]",3014656,554,554,-0.8377610445022583,0.011944257654249668,0.1,pilot,pilot/partials/NOG-FO__m8__seed603__cfg0e0cb13abe4c.json
NOG-FO,NOG-opt,576,576,288,8,y_bar,0.1,0.1,0.1,2,1.0,0.14583450555801392,13.538968401029706,13.538968401029706,10.00340504385531,9.27556654624641,603,100603,200603,113986795,sfo,4624,4624,578,"[578, 578, 578, 578, 578, 578, 578, 578]",3145728,578,578,-0.8378182649612427,0.011968462727963924,0.1,pilot,pilot/partials/NOG-FO__m8__seed603__cfg0e0cb13abe4c.json
NOG-FO,NOG-opt,600,600,300,8,y_bar,0.1,0.1,0.1,2,1.0,0.12050451338291168,14.05619995482266,14.05619995482266,10.327911756932735,9.715144181624055,603,100603,200603,113986795,sfo,4816,4816,602,"[602, 602, 602, 602, 602, 602, 602, 602]",3276800,602,602,-0.8381177186965942,0.01107203122228384,0.1,pilot,pilot/partials/NOG-FO__m8__seed603__cfg0e0cb13abe4c.json
NOG-FO,NOG-opt,624,624,312,8,y_bar,0.1,0.1,0.1,2,1.0,0.20905394852161407,14.603304514661431,14.603304514661431,10.78982613608241,10.120521457865834,603,100603,200603,113986795,sfo,5008,5008,626,"[626, 626, 626, 626, 626, 626, 626, 626]",3407872,626,626,-0.838197648525238,0.010259754955768585,0.1,pilot,pilot/partials/NOG-FO__m8__seed603__cfg0e0cb13abe4c.json
NOG-FO,NOG-opt,648,648,324,8,y_bar,0.1,0.1,0.1,2,1.0,0.11292476207017899,15.173258485272527,15.173258485272527,11.151252761483192,10.526848506182432,603,100603,200603,113986795,sfo,5200,5200,650,"[650, 650, 650, 650, 650, 650, 650, 650]",3538944,650,650,-0.8382394909858704,0.009983642026782036,0.1,pilot,pilot/partials/NOG-FO__m8__seed603__cfg0e0cb13abe4c.json
NOG-FO,NOG-opt,672,672,336,8,y_bar,0.1,0.1,0.1,2,1.0,0.10881990939378738,15.763481752946973,15.763481752946973,11.594235328957438,10.90654642879963,603,100603,200603,113986795,sfo,5392,5392,674,"[674, 674, 674, 674, 674, 674, 674, 674]",3670016,674,674,-0.838353157043457,0.009512761607766151,0.1,pilot,pilot/partials/NOG-FO__m8__seed603__cfg0e0cb13abe4c.json
NOG-FO,NOG-opt,696,696,348,8,y_bar,0.1,0.1,0.1,2,1.0,0.11080323159694672,16.265006452798843,16.265006452798843,12.024187799543142,11.293680652976036,603,100603,200603,113986795,sfo,5584,5584,698,"[698, 698, 698, 698, 698, 698, 698, 698]",3801088,698,698,-0.8385225534439087,0.009269865229725838,0.1,pilot,pilot/partials/NOG-FO__m8__seed603__cfg0e0cb13abe4c.json
NOG-FO,NOG-opt,720,720,360,8,y_bar,0.1,0.1,0.1,2,1.0,0.1713113635778427,16.862667873501778,16.862667873501778,12.477744150906801,11.688580129295588,603,100603,200603,113986795,sfo,5776,5776,722,"[722, 722, 722, 722, 722, 722, 722, 722]",3932160,722,722,-0.838748037815094,0.008605500683188438,0.1,pilot,pilot/partials/NOG-FO__m8__seed603__cfg0e0cb13abe4c.json
NOG-FO,NOG-opt,744,744,372,8,y_bar,0.1,0.1,0.1,2,1.0,0.11597109586000443,17.37276240438223,17.37276240438223,12.767161827534437,12.083411894738674,603,100603,200603,113986795,sfo,5968,5968,746,"[746, 746, 746, 746, 746, 746, 746, 746]",4063232,746,746,-0.8383704423904419,0.010018566623330116,0.1,pilot,pilot/partials/NOG-FO__m8__seed603__cfg0e0cb13abe4c.json
NOG-FO,NOG-opt,768,768,384,8,y_bar,0.1,0.1,0.1,2,1.0,0.09438323229551315,17.868467202410102,17.868467202410102,13.197736643254757,12.480122847482562,603,100603,200603,113986795,sfo,6160,6160,770,"[770, 770, 770, 770, 770, 770, 770, 770]",4194304,770,770,-0.8384353518486023,0.009770884178578854,0.1,pilot,pilot/partials/NOG-FO__m8__seed603__cfg0e0cb13abe4c.json
NOG-FO,NOG-opt,792,792,396,8,y_bar,0.1,0.1,0.1,2,1.0,0.11738424003124237,18.45255115814507,18.45255115814507,13.708210054785013,12.87138949148357,603,100603,200603,113986795,sfo,6352,6352,794,"[794, 794, 794, 794, 794, 794, 794, 794]",4325376,794,794,-0.8383415341377258,0.010492886416614056,0.1,pilot,pilot/partials/NOG-FO__m8__seed603__cfg0e0cb13abe4c.json
NOG-FO,NOG-opt,816,816,408,8,y_bar,0.1,0.1,0.1,2,1.0,0.11240927875041962,18.96663001552224,18.96663001552224,14.089721199125051,13.329617951065302,603,100603,200603,113986795,sfo,6544,6544,818,"[818, 818, 818, 818, 818, 818, 818, 818]",4456448,818,818,-0.8383722901344299,0.009561513550579548,0.1,pilot,pilot/partials/NOG-FO__m8__seed603__cfg0e0cb13abe4c.json
NOG-FO,NOG-opt,840,840,420,8,y_bar,0.1,0.1,0.1,2,1.0,0.1278257966041565,19.504584930837154,19.504584930837154,14.416242321953177,13.734237398952246,603,100603,200603,113986795,sfo,6736,6736,842,"[842, 842, 842, 842, 842, 842, 842, 842]",4587520,842,842,-0.8383160829544067,0.009845457039773464,0.1,pilot,pilot/partials/NOG-FO__m8__seed603__cfg0e0cb13abe4c.json
NOG-FO,NOG-opt,864,864,432,8,y_bar,0.1,0.1,0.1,2,1.0,0.10653991252183914,20.071116173639894,20.071116173639894,14.843452656641603,14.137595400214195,603,100603,200603,113986795,sfo,6928,6928,866,"[866, 866, 866, 866, 866, 866, 866, 866]",4718592,866,866,-0.8383830785751343,0.009458452463150024,0.1,pilot,pilot/partials/NOG-FO__m8__seed603__cfg0e0cb13abe4c.json
NOG-FO,NOG-opt,888,888,444,8,y_bar,0.1,0.1,0.1,2,1.0,0.11578398942947388,20.560171457007527,20.560171457007527,15.191842645406723,14.609146302565932,603,100603,200603,113986795,sfo,7120,7120,890,"[890, 890, 890, 890, 890, 890, 890, 890]",4849664,890,890,-0.8383980989456177,0.009410649538040161,0.1,pilot,pilot/partials/NOG-FO__m8__seed603__cfg0e0cb13abe4c.json
NOG-FO,NOG-opt,912,912,456,8,y_bar,0.1,0.1,0.1,2,1.0,0.1535336673259735,21.076634848490357,21.076634848490357,15.58768373541534,15.048726931214333,603,100603,200603,113986795,sfo,7312,7312,914,"[914, 914, 914, 914, 914, 914, 914, 914]",4980736,914,914,-0.8383846879005432,0.009412835352122784,0.1,pilot,pilot/partials/NOG-FO__m8__seed603__cfg0e0cb13abe4c.json
NOG-FO,NOG-opt,936,936,468,8,y_bar,0.1,0.1,0.1,2,1.0,0.11131313443183899,21.64693831279874,21.64693831279874,16.076096508651972,15.444791978225112,603,100603,200603,113986795,sfo,7504,7504,938,"[938, 938, 938, 938, 938, 938, 938, 938]",5111808,938,938,-0.8383741974830627,0.009673640131950378,0.1,pilot,pilot/partials/NOG-FO__m8__seed603__cfg0e0cb13abe4c.json
NOG-FO,NOG-opt,960,960,480,8,y_bar,0.1,0.1,0.1,2,1.0,0.11738473922014236,22.14865270256996,22.14865270256996,16.425777269527316,15.895511731505394,603,100603,200603,113986795,sfo,7696,7696,962,"[962, 962, 962, 962, 962, 962, 962, 962]",5242880,962,962,-0.8381131887435913,0.011736699379980564,0.1,pilot,pilot/partials/NOG-FO__m8__seed603__cfg0e0cb13abe4c.json
NOG-FO,NOG-opt,24,24,12,8,y_bar,0.1,0.1,0.1,2,1.0,0.34594669938087463,0.16496919840574265,0.16496919840574265,0.09994089230895042,0.3475069608539343,604,100604,200604,2023776125,sfo,208,208,26,"[26, 26, 26, 26, 26, 26, 26, 26]",131072,26,26,-0.08654940128326416,0.24728232622146606,0.1,pilot,pilot/partials/NOG-FO__m8__seed604__cfgc67c3ee1fc60.json
NOG-FO,NOG-opt,48,48,24,8,y_bar,0.1,0.1,0.1,2,1.0,0.31822070479393005,0.3205645550042391,0.3205645550042391,0.19457109831273556,0.688379442319274,604,100604,200604,2023776125,sfo,400,400,50,"[50, 50, 50, 50, 50, 50, 50, 50]",262144,50,50,-0.181824192404747,0.24238136410713196,0.1,pilot,pilot/partials/NOG-FO__m8__seed604__cfgc67c3ee1fc60.json
NOG-FO,NOG-opt,72,72,36,8,y_bar,0.1,0.1,0.1,2,1.0,0.3218710720539093,0.47537343576550484,0.47537343576550484,0.2893427014350891,1.0133155323565006,604,100604,200604,2023776125,sfo,592,592,74,"[74, 74, 74, 74, 74, 74, 74, 74]",393216,74,74,-0.27388688921928406,0.2341998666524887,0.1,pilot,pilot/partials/NOG-FO__m8__seed604__cfgc67c3ee1fc60.json
NOG-FO,NOG-opt,96,96,48,8,y_bar,0.1,0.1,0.1,2,1.0,0.3214700520038605,0.62438796274364,0.62438796274364,0.37233866751194,1.347855407744646,604,100604,200604,2023776125,sfo,784,784,98,"[98, 98, 98, 98, 98, 98, 98, 98]",524288,98,98,-0.3638380765914917,0.22259171307086945,0.1,pilot,pilot/partials/NOG-FO__m8__seed604__cfgc67c3ee1fc60.json
NOG-FO,NOG-opt,120,120,60,8,y_bar,0.1,0.1,0.1,2,1.0,0.31924429535865784,0.7771003618836403,0.7771003618836403,0.4719452057033777,1.7043364066630602,604,100604,200604,2023776125,sfo,976,976,122,"[122, 122, 122, 122, 122, 122, 122, 122]",655360,122,122,-0.4493250548839569,0.20784300565719604,0.1,pilot,pilot/partials/NOG-FO__m8__seed604__cfgc67c3ee1fc60.json
NOG-FO,NOG-opt,144,144,72,8,y_bar,0.1,0.1,0.1,2,1.0,0.2732718884944916,0.9314900152385235,0.9314900152385235,0.5727548208087683,2.0366003401577473,604,100604,200604,2023776125,sfo,1168,1168,146,"[146, 146, 146, 146, 146, 146, 146, 146]",786432,146,146,-0.5220475196838379,0.19178040325641632,0.1,pilot,pilot/partials/NOG-FO__m8__seed604__cfgc67c3ee1fc60.json
NOG-FO,NOG-opt,168,168,84,8,y_bar,0.1,0.1,0.1,2,1.0,0.26794683933258057,1.0743363033980131,1.0743363033980131,0.6469311099499464,2.4017075300216675,604,100604,200604,2023776125,sfo,1360,1360,170,"[170, 170, 170, 170, 170, 170, 170, 170]",917504,170,170,-0.5882853269577026,0.1738392412662506,0.1,pilot,pilot/partials/NOG-FO__m8__seed604__cfgc67c3ee1fc60.json
NOG-FO,NOG-opt,192,192,96,8,y_bar,0.1,0.1,0.1,2,1.0,0.24092070758342743,1.2639935091137886,1.2639935091137886,0.7843148577958345,2.7308942824602127,604,100604,200604,2023776125,sfo,1552,1552,194,"[194, 194, 194, 194, 194, 194, 194, 194]",1048576,194,194,-0.6484352946281433,0.15375348925590515,0.1,pilot,pilot/partials/NOG-FO__m8__seed604__cfgc67c3ee1fc60.json
NOG-FO,NOG-opt,216,216,108,8,y_bar,0.1,0.1,0.1,2,1.0,0.22905749082565308,1.4454742409288883,1.4454742409288883,0.9042425006628036,3.1051400545984507,604,100604,200604,2023776125,sfo,1744,1744,218,"[218, 218, 218, 218, 218, 218, 218, 218]",1179648,218,218,-0.6963960528373718,0.1342628300189972,0.1,pilot,pilot/partials/NOG-FO__m8__seed604__cfgc67c3ee1fc60.json
NOG-FO,NOG-opt,240,240,120,8,y_bar,0.1,0.1,0.1,2,1.0,0.20577898621559143,1.6669163070619106,1.6669163070619106,1.0726404394954443,3.4764982871711254,604,100604,200604,2023776125,sfo,1936,1936,242,"[242, 242, 242, 242, 242, 242, 242, 242]",1310720,242,242,-0.735061764717102,0.11516355723142624,0.1,pilot,pilot/partials/NOG-FO__m8__seed604__cfgc67c3ee1fc60.json
NOG-FO,NOG-opt,264,264,132,8,y_bar,0.1,0.1,0.1,2,1.0,0.1759333461523056,1.8832265101373196,1.8832265101373196,1.2335828840732574,3.8537966776639223,604,100604,200604,2023776125,sfo,2128,2128,266,"[266, 266, 266, 266, 266, 266, 266, 266]",1441792,266,266,-0.7681891918182373,0.09508296847343445,0.1,pilot,pilot/partials/NOG-FO__m8__seed604__cfgc67c3ee1fc60.json
NOG-FO,NOG-opt,288,288,144,8,y_bar,0.1,0.1,0.1,2,1.0,0.17134705185890198,2.100085699930787,2.100085699930787,1.3777539785951376,4.206450900062919,604,100604,200604,2023776125,sfo,2320,2320,290,"[290, 290, 290, 290, 290, 290, 290, 290]",1572864,290,290,-0.7910951375961304,0.07795979827642441,0.1,pilot,pilot/partials/NOG-FO__m8__seed604__cfgc67c3ee1fc60.json
NOG-FO,NOG-opt,312,312,156,8,y_bar,0.1,0.1,0.1,2,1.0,0.17061105370521545,2.3290800116956234,2.3290800116956234,1.4911760315299034,4.544062694534659,604,100604,200604,2023776125,sfo,2512,2512,314,"[314, 314, 314, 314, 314, 314, 314, 314]",1703936,314,314,-0.805395781993866,0.06482873111963272,0.1,pilot,pilot/partials/NOG-FO__m8__seed604__cfgc67c3ee1fc60.json
NOG-FO,NOG-opt,336,336,168,8,y_bar,0.1,0.1,0.1,2,1.0,0.1443861871957779,2.613507889211178,2.613507889211178,1.6691527795046568,4.928076636046171,604,100604,200604,2023776125,sfo,2704,2704,338,"[338, 338, 338, 338, 338, 338, 338, 338]",1835008,338,338,-0.8148202300071716,0.05442269518971443,0.1,pilot,pilot/partials/NOG-FO__m8__seed604__cfgc67c3ee1fc60.json
NOG-FO,NOG-opt,360,360,180,8,y_bar,0.1,0.1,0.1,2,1.0,0.11371870338916779,2.826621390879154,2.826621390879154,1.8285775855183601,5.307844936847687,604,100604,200604,2023776125,sfo,2896,2896,362,"[362, 362, 362, 362, 362, 362, 362, 362]",1966080,362,362,-0.8230478763580322,0.043623700737953186,0.1,pilot,pilot/partials/NOG-FO__m8__seed604__cfgc67c3ee1fc60.json
NOG-FO,NOG-opt,384,384,192,8,y_bar,0.1,0.1,0.1,2,1.0,0.10929286479949951,3.034494588151574,3.034494588151574,1.9304394107311964,5.689821798354387,604,100604,200604,2023776125,sfo,3088,3088,386,"[386, 386, 386, 386, 386, 386, 386, 386]",2097152,386,386,-0.828027069568634,0.035216622054576874,0.1,pilot,pilot/partials/NOG-FO__m8__seed604__cfgc67c3ee1fc60.json
NOG-FO,NOG-opt,408,408,204,8,y_bar,0.1,0.1,0.1,2,1.0,0.125160351395607,3.307207776233554,3.307207776233554,2.1437793262302876,6.0371540784835815,604,100604,200604,2023776125,sfo,3280,3280,410,"[410, 410, 410, 410, 410, 410, 410, 410]",2228224,410,410,-0.8301129341125488,0.031041665002703667,0.1,pilot,pilot/partials/NOG-FO__m8__seed604__cfgc67c3ee1fc60.json
NOG-FO,NOG-opt,432,432,216,8,y_bar,0.1,0.1,0.1,2,1.0,0.11019426584243774,3.5594167169183493,3.5594167169183493,2.2876204755157232,6.370440825819969,604,100604,200604,2023776125,sfo,3472,3472,434,"[434, 434, 434, 434, 434, 434, 434, 434]",2359296,434,434,-0.8331027030944824,0.024280846118927002,0.1,pilot,pilot/partials/NOG-FO__m8__seed604__cfgc67c3ee1fc60.json
NOG-FO,NOG-opt,456,456,228,8,y_bar,0.1,0.1,0.1,2,1.0,0.11827987432479858,3.822787880897522,3.822787880897522,2.491439886391163,6.706273844465613,604,100604,200604,2023776125,sfo,3664,3664,458,"[458, 458, 458, 458, 458, 458, 458, 458]",2490368,458,458,-0.8347617983818054,0.01963082142174244,0.1,pilot,pilot/partials/NOG-FO__m8__seed604__cfgc67c3ee1fc60.json
NOG-FO,NOG-opt,480,480,240,8,y_bar,0.1,0.1,0.1,2,1.0,0.11334139108657837,4.088886596262455,4.088886596262455,2.6983259096741676,7.046597411856055,604,100604,200604,2023776125,sfo,3856,3856,482,"[482, 482, 482, 482, 482, 482, 482, 482]",2621440,482,482,-0.8356699347496033,0.01698584109544754,0.1,pilot,pilot/partials/NOG-FO__m8__seed604__cfgc67c3ee1fc60.json
NOG-FO,NOG-opt,504,504,252,8,y_bar,0.1,0.1,0.1,2,1.0,0.12196217477321625,4.332757242023945,4.332757242023945,2.87314310669899,7.370552910491824,604,100604,200604,2023776125,sfo,4048,4048,506,"[506, 506, 506, 506, 506, 506, 506, 506]",2752512,506,506,-0.8362064361572266,0.015099890530109406,0.1,pilot,pilot/partials/NOG-FO__m8__seed604__cfgc67c3ee1fc60.json
NOG-FO,NOG-opt,528,528,264,8,y_bar,0.1,0.1,0.1,2,1.0,0.12129811197519302,4.590958701446652,4.590958701446652,3.068407114595175,7.705318357795477,604,100604,200604,2023776125,sfo,4240,4240,530,"[530, 530, 530, 530, 530, 530, 530, 530]",2883584,530,530,-0.8364600539207458,0.014007318764925003,0.1,pilot,pilot/partials/NOG-FO__m8__seed604__cfgc67c3ee1fc60.json
NOG-FO,NOG-opt,552,552,276,8,y_bar,0.1,0.1,0.1,2,1.0,0.12544137239456177,4.846236195415258,4.846236195415258,3.2253599986433983,8.032546790316701,604,100604,200604,2023776125,sfo,4432,4432,554,"[554, 554, 554, 554, 554, 554, 554, 554]",3014656,554,554,-0.83692866563797,0.011928356252610683,0.1,pilot,pilot/partials/NOG-FO__m8__seed604__cfgc67c3ee1fc60.json
NOG-FO,NOG-opt,576,576,288,8,y_bar,0.1,0.1,0.1,2,1.0,0.15238985419273376,5.117221871390939,5.117221871390939,3.3959176130592823,8.353313319385052,604,100604,200604,2023776125,sfo,4624,4624,578,"[578, 578, 578, 578, 578, 578, 578, 578]",3145728,578,578,-0.8372843265533447,0.01024391409009695,0.1,pilot,pilot/partials/NOG-FO__m8__seed604__cfgc67c3ee1fc60.json
NOG-FO,NOG-opt,600,600,300,8,y_bar,0.1,0.1,0.1,2,1.0,0.11558286100625992,5.38104085624218,5.38104085624218,3.590864647179842,8.680890487506986,604,100604,200604,2023776125,sfo,4816,4816,602,"[602, 602, 602, 602, 602, 602, 602, 602]",3276800,602,602,-0.8374329209327698,0.00920649990439415,0.1,pilot,pilot/partials/NOG-FO__m8__seed604__cfgc67c3ee1fc60.json
NOG-FO,NOG-opt,624,624,312,8,y_bar,0.1,0.1,0.1,2,1.0,0.12383412569761276,5.647008752450347,5.647008752450347,3.7816715091466904,9.000558372586966,604,100604,200604,2023776125,sfo,5008,5008,626,"[626, 626, 626, 626, 626, 626, 626, 626]",3407872,626,626,-0.8373765349388123,0.009740989655256271,0.1,pilot,pilot/partials/NOG-FO__m8__seed604__cfgc67c3ee1fc60.json
NOG-FO,NOG-opt,648,648,324,8,y_bar,0.1,0.1,0.1,2,1.0,0.08650702238082886,5.860982438549399,5.860982438549399,3.933009373024106,9.377298384904861,604,100604,200604,2023776125,sfo,5200,5200,650,"[650, 650, 650, 650, 650, 650, 650, 650]",3538944,650,650,-0.8372596502304077,0.009570620954036713,0.1,pilot,pilot/partials/NOG-FO__m8__seed604__cfgc67c3ee1fc60.json
NOG-FO,NOG-opt,672,672,336,8,y_bar,0.1,0.1,0.1,2,1.0,0.08756762742996216,6.148322159424424,6.148322159424424,4.120612462982535,9.705563155934215,604,100604,200604,2023776125,sfo,5392,5392,674,"[674, 674, 674, 674, 674, 674, 674, 674]",3670016,674,674,-0.8370794057846069,0.010857373476028442,0.1,pilot,pilot/partials/NOG-FO__m8__seed604__cfgc67c3ee1fc60.json
NOG-FO,NOG-opt,696,696,348,8,y_bar,0.1,0.1,0.1,2,1.0,0.11703303456306458,6.404118895530701,6.404118895530701,4.312845528125763,10.034612458199263,604,100604,200604,2023776125,sfo,5584,5584,698,"[698, 698, 698, 698, 698, 698, 698, 698]",3801088,698,698,-0.8372334241867065,0.010629973374307156,0.1,pilot,pilot/partials/NOG-FO__m8__seed604__cfgc67c3ee1fc60.json
NOG-FO,NOG-opt,720,720,360,8,y_bar,0.1,0.1,0.1,2,1.0,0.10977678745985031,6.679752476513386,6.679752476513386,4.529560657218099,10.351628137752414,604,100604,200604,2023776125,sfo,5776,5776,722,"[722, 722, 722, 722, 722, 722, 722, 722]",3932160,722,722,-0.837311327457428,0.01043029222637415,0.1,pilot,pilot/partials/NOG-FO__m8__seed604__cfgc67c3ee1fc60.json
NOG-FO,NOG-opt,744,744,372,8,y_bar,0.1,0.1,0.1,2,1.0,0.11563432216644287,6.907027440145612,6.907027440145612,4.701314859092236,10.672805547714233,604,100604,200604,2023776125,sfo,5968,5968,746,"[746, 746, 746, 746, 746, 746, 746, 746]",4063232,746,746,-0.8372504711151123,0.010029797442257404,0.1,pilot,pilot/partials/NOG-FO__m8__seed604__cfgc67c3ee1fc60.json
NOG-FO,NOG-opt,768,768,384,8,y_bar,0.1,0.1,0.1,2,1.0,0.1493161916732788,7.1159199215471745,7.1159199215471745,4.8568502347916365,10.99104923568666,604,100604,200604,2023776125,sfo,6160,6160,770,"[770, 770, 770, 770, 770, 770, 770, 770]",4194304,770,770,-0.8372662663459778,0.009995096363127232,0.1,pilot,pilot/partials/NOG-FO__m8__seed604__cfgc67c3ee1fc60.json
NOG-FO,NOG-opt,792,792,396,8,y_bar,0.1,0.1,0.1,2,1.0,0.14422661066055298,7.30887926183641,7.30887926183641,4.996912714093924,11.305382432416081,604,100604,200604,2023776125,sfo,6352,6352,794,"[794, 794, 794, 794, 794, 794, 794, 794]",4325376,794,794,-0.8371444940567017,0.010478656738996506,0.1,pilot,pilot/partials/NOG-FO__m8__seed604__cfgc67c3ee1fc60.json
NOG-FO,NOG-opt,816,816,408,8,y_bar,0.1,0.1,0.1,2,1.0,0.12739326059818268,7.484647799283266,7.484647799283266,5.1170390304178,11.637949604541063,604,100604,200604,2023776125,sfo,6544,6544,818,"[818, 818, 818, 818, 818, 818, 818, 818]",4456448,818,818,-0.8371286392211914,0.010553105734288692,0.1,pilot,pilot/partials/NOG-FO__m8__seed604__cfgc67c3ee1fc60.json
NOG-FO,NOG-opt,840,840,420,8,y_bar,0.1,0.1,0.1,2,1.0,0.12636618316173553,7.632630405947566,7.632630405947566,5.211676888167858,11.960700130090117,604,100604,200604,2023776125,sfo,6736,6736,842,"[842, 842, 842, 842, 842, 842, 842, 842]",4587520,842,842,-0.8373171091079712,0.010240337811410427,0.1,pilot,pilot/partials/NOG-FO__m8__seed604__cfgc67c3ee1fc60.json
NOG-FO,NOG-opt,864,864,432,8,y_bar,0.1,0.1,0.1,2,1.0,0.1269027292728424,7.777630019932985,7.777630019932985,5.2966060396283865,12.284885667264462,604,100604,200604,2023776125,sfo,6928,6928,866,"[866, 866, 866, 866, 866, 866, 866, 866]",4718592,866,866,-0.837594747543335,0.009702139534056187,0.1,pilot,pilot/partials/NOG-FO__m8__seed604__cfgc67c3ee1fc60.json
NOG-FO,NOG-opt,888,888,444,8,y_bar,0.1,0.1,0.1,2,1.0,0.16469502449035645,7.907399449497461,7.907399449497461,5.374660354107618,12.605093160644174,604,100604,200604,2023776125,sfo,7120,7120,890,"[890, 890, 890, 890, 890, 890, 890, 890]",4849664,890,890,-0.8375686407089233,0.009707989171147346,0.1,pilot,pilot/partials/NOG-FO__m8__seed604__cfgc67c3ee1fc60.json
NOG-FO,NOG-opt,912,912,456,8,y_bar,0.1,0.1,0.1,2,1.0,0.13511157035827637,8.051092848181725,8.051092848181725,5.467809319496155,12.957618085667491,604,100604,200604,2023776125,sfo,7312,7312,914,"[914, 914, 914, 914, 914, 914, 914, 914]",4980736,914,914,-0.8374220728874207,0.01010343711823225,0.1,pilot,pilot/partials/NOG-FO__m8__seed604__cfgc67c3ee1fc60.json
NOG-FO,NOG-opt,936,936,468,8,y_bar,0.1,0.1,0.1,2,1.0,0.13085468113422394,8.298642246052623,8.298642246052623,5.66363443993032,13.377917230129242,604,100604,200604,2023776125,sfo,7504,7504,938,"[938, 938, 938, 938, 938, 938, 938, 938]",5111808,938,938,-0.8375157713890076,0.009889493696391582,0.1,pilot,pilot/partials/NOG-FO__m8__seed604__cfgc67c3ee1fc60.json
NOG-FO,NOG-opt,960,960,480,8,y_bar,0.1,0.1,0.1,2,1.0,0.11248129606246948,8.487761868163943,8.487761868163943,5.763226555660367,13.697076998651028,604,100604,200604,2023776125,sfo,7696,7696,962,"[962, 962, 962, 962, 962, 962, 962, 962]",5242880,962,962,-0.837120771408081,0.01072168629616499,0.1,pilot,pilot/partials/NOG-FO__m8__seed604__cfgc67c3ee1fc60.json
NOG-FO-NONOPT,NOG-nonopt,24,24,12,8,y_bar,0.1,0.1,0.1,2,1.0,0.32533079385757446,0.5807435214519501,0.5807435214519501,0.44461194425821304,0.5049691963940859,600,100600,200600,434535038,sfo,208,208,26,"[26, 26, 26, 26, 26, 26, 26, 26]",131072,26,26,-0.1717093139886856,0.24409428238868713,0.1,pilot,pilot/partials/NOG-FO-NONOPT__m8__seed600__cfga794aeceba6d.json
NOG-FO-NONOPT,NOG-nonopt,48,48,24,8,y_bar,0.1,0.1,0.1,2,1.0,0.36524972319602966,0.8960916586220264,0.8960916586220264,0.6889210864901543,0.9882656894624233,600,100600,200600,434535038,sfo,400,400,50,"[50, 50, 50, 50, 50, 50, 50, 50]",262144,50,50,-0.34824296832084656,0.22571450471878052,0.1,pilot,pilot/partials/NOG-FO-NONOPT__m8__seed600__cfga794aeceba6d.json
NOG-FO-NONOPT,NOG-nonopt,72,72,36,8,y_bar,0.1,0.1,0.1,2,1.0,0.27340301871299744,1.2256890702992678,1.2256890702992678,0.8670979365706444,1.453803639858961,600,100600,200600,434535038,sfo,592,592,74,"[74, 74, 74, 74, 74, 74, 74, 74]",393216,74,74,-0.49723270535469055,0.19819000363349915,0.1,pilot,pilot/partials/NOG-FO-NONOPT__m8__seed600__cfga794aeceba6d.json
NOG-FO-NONOPT,NOG-nonopt,96,96,48,8,y_bar,0.1,0.1,0.1,2,1.0,0.2575943171977997,1.5230208076536655,1.5230208076536655,1.103678511455655,2.003237947821617,600,100600,200600,434535038,sfo,784,784,98,"[98, 98, 98, 98, 98, 98, 98, 98]",524288,98,98,-0.6255065202713013,0.1619311422109604,0.1,pilot,pilot/partials/NOG-FO-NONOPT__m8__seed600__cfga794aeceba6d.json
NOG-FO-NONOPT,NOG-nonopt,120,120,60,8,y_bar,0.1,0.1,0.1,2,1.0,0.19607432186603546,1.7760061528533697,1.7760061528533697,1.2867528013885021,2.5265724528580904,600,100600,200600,434535038,sfo,976,976,122,"[122, 122, 122, 122, 122, 122, 122, 122]",655360,122,122,-0.720051646232605,0.1222405880689621,0.1,pilot,pilot/partials/NOG-FO-NONOPT__m8__seed600__cfga794aeceba6d.json
NOG-FO-NONOPT,NOG-nonopt,144,144,72,8,y_bar,0.1,0.1,0.1,2,1.0,0.1545361429452896,2.032615566626191,2.032615566626191,1.448402302339673,3.0262594912201166,600,100600,200600,434535038,sfo,1168,1168,146,"[146, 146, 146, 146, 146, 146, 146, 146]",786432,146,146,-0.7847205996513367,0.08139649778604507,0.1,pilot,pilot/partials/NOG-FO-NONOPT__m8__seed600__cfga794aeceba6d.json
NOG-FO-NONOPT,NOG-nonopt,168,168,84,8,y_bar,0.1,0.1,0.1,2,1.0,0.13221906125545502,2.343130424618721,2.343130424618721,1.6306062284857035,3.432344464585185,600,100600,200600,434535038,sfo,1360,1360,170,"[170, 170, 170, 170, 170, 170, 170, 170]",917504,170,170,-0.8160148859024048,0.049463964998722076,0.1,pilot,pilot/partials/NOG-FO-NONOPT__m8__seed600__cfga794aeceba6d.json
NOG-FO-NONOPT,NOG-nonopt,192,192,96,8,y_bar,0.1,0.1,0.1,2,1.0,0.15682603418827057,2.75640563108027,2.75640563108027,1.9125873111188412,3.915976772084832,600,100600,200600,434535038,sfo,1552,1552,194,"[194, 194, 194, 194, 194, 194, 194, 194]",1048576,194,194,-0.8285693526268005,0.02930709533393383,0.1,pilot,pilot/partials/NOG-FO-NONOPT__m8__seed600__cfga794aeceba6d.json
NOG-FO-NONOPT,NOG-nonopt,216,216,108,8,y_bar,0.1,0.1,0.1,2,1.0,0.13570474088191986,3.156458428129554,3.156458428129554,2.1531472578644753,4.300375580787659,600,100600,200600,434535038,sfo,1744,1744,218,"[218, 218, 218, 218, 218, 218, 218, 218]",1179648,218,218,-0.8323583006858826,0.018403466790914536,0.1,pilot,pilot/partials/NOG-FO-NONOPT__m8__seed600__cfga794aeceba6d.json
NOG-FO-NONOPT,NOG-nonopt,240,240,120,8,y_bar,0.1,0.1,0.1,2,1.0,0.10045363008975983,3.5701667573302984,3.5701667573302984,2.4008506033569574,4.722376208752394,600,100600,200600,434535038,sfo,1936,1936,242,"[242, 242, 242, 242, 242, 242, 242, 242]",1310720,242,242,-0.8334577083587646,0.012068070471286774,0.1,pilot,pilot/partials/NOG-FO-NONOPT__m8__seed600__cfga794aeceba6d.json
NOG-FO-NONOPT,NOG-nonopt,264,264,132,8,y_bar,0.1,0.1,0.1,2,1.0,0.12456540018320084,4.0017055701464415,4.0017055701464415,2.708153396844864,5.110832000151277,600,100600,200600,434535038,sfo,2128,2128,266,"[266, 266, 266, 266, 266, 266, 266, 266]",1441792,266,266,-0.833544909954071,0.012895500287413597,0.1,pilot,pilot/partials/NOG-FO-NONOPT__m8__seed600__cfga794aeceba6d.json
NOG-FO-NONOPT,NOG-nonopt,288,288,144,8,y_bar,0.1,0.1,0.1,2,1.0,0.11727817356586456,4.432392230257392,4.432392230257392,3.0537768490612507,5.542513780295849,600,100600,200600,434535038,sfo,2320,2320,290,"[290, 290, 290, 290, 290, 290, 290, 290]",1572864,290,290,-0.8336707949638367,0.012050032615661621,0.1,pilot,pilot/partials/NOG-FO-NONOPT__m8__seed600__cfga794aeceba6d.json
NOG-FO-NONOPT,NOG-nonopt,312,312,156,8,y_bar,0.1,0.1,0.1,2,1.0,0.14095905423164368,4.8726620227098465,4.8726620227098465,3.3188209924846888,5.922649689018726,600,100600,200600,434535038,sfo,2512,2512,314,"[314, 314, 314, 314, 314, 314, 314, 314]",1703936,314,314,-0.8336050510406494,0.012784582562744617,0.1,pilot,pilot/partials/NOG-FO-NONOPT__m8__seed600__cfga794aeceba6d.json
NOG-FO-NONOPT,NOG-nonopt,336,336,168,8,y_bar,0.1,0.1,0.1,2,1.0,0.14424258470535278,5.2764648869633675,5.2764648869633675,3.6446292474865913,6.350454740226269,600,100600,200600,434535038,sfo,2704,2704,338,"[338, 338, 338, 338, 338, 338, 338, 338]",1835008,338,338,-0.833969235420227,0.011391623876988888,0.1,pilot,pilot/partials/NOG-FO-NONOPT__m8__seed600__cfga794aeceba6d.json
NOG-FO-NONOPT,NOG-nonopt,360,360,180,8,y_bar,0.1,0.1,0.1,2,1.0,0.13362213969230652,5.7425708416849375,5.7425708416849375,3.9777302239090204,6.690147424116731,600,100600,200600,434535038,sfo,2896,2896,362,"[362, 362, 362, 362, 362, 362, 362, 362]",1966080,362,362,-0.8338519334793091,0.012738124467432499,0.1,pilot,pilot/partials/NOG-FO-NONOPT__m8__seed600__cfga794aeceba6d.json
NOG-FO-NONOPT,NOG-nonopt,384,384,192,8,y_bar,0.1,0.1,0.1,2,1.0,0.11617517471313477,6.207786705344915,6.207786705344915,4.305208012461662,7.085285795852542,600,100600,200600,434535038,sfo,3088,3088,386,"[386, 386, 386, 386, 386, 386, 386, 386]",2097152,386,386,-0.8340526223182678,0.010745619423687458,0.1,pilot,pilot/partials/NOG-FO-NONOPT__m8__seed600__cfga794aeceba6d.json
NOG-FO-NONOPT,NOG-nonopt,408,408,204,8,y_bar,0.1,0.1,0.1,2,1.0,0.135855570435524,6.710441552102566,6.710441552102566,4.729742746800184,7.55863836966455,600,100600,200600,434535038,sfo,3280,3280,410,"[410, 410, 410, 410, 410, 410, 410, 410]",2228224,410,410,-0.833874523639679,0.011456943117082119,0.1,pilot,pilot/partials/NOG-FO-NONOPT__m8__seed600__cfga794aeceba6d.json
NOG-FO-NONOPT,NOG-nonopt,432,432,216,8,y_bar,0.1,0.1,0.1,2,1.0,0.10593774169683456,7.2270923517644405,7.2270923517644405,5.174534879624844,7.951948508620262,600,100600,200600,434535038,sfo,3472,3472,434,"[434, 434, 434, 434, 434, 434, 434, 434]",2359296,434,434,-0.8339498043060303,0.011182770133018494,0.1,pilot,pilot/partials/NOG-FO-NONOPT__m8__seed600__cfga794aeceba6d.json
NOG-FO-NONOPT,NOG-nonopt,456,456,228,8,y_bar,0.1,0.1,0.1,2,1.0,0.132032573223114,7.795921940356493,7.795921940356493,5.579215660691261,8.280135840177536,600,100600,200600,434535038,sfo,3664,3664,458,"[458, 458, 458, 458, 458, 458, 458, 458]",2490368,458,458,-0.8340868949890137,0.01125319954007864,0.1,pilot,pilot/partials/NOG-FO-NONOPT__m8__seed600__cfga794aeceba6d.json
NOG-FO-NONOPT,NOG-nonopt,480,480,240,8,y_bar,0.1,0.1,0.1,2,1.0,0.10664279013872147,8.362897973507643,8.362897973507643,5.875163145363331,8.591063030064106,600,100600,200600,434535038,sfo,3856,3856,482,"[482, 482, 482, 482, 482, 482, 482, 482]",2621440,482,482,-0.8339636325836182,0.011541975662112236,0.1,pilot,pilot/partials/NOG-FO-NONOPT__m8__seed600__cfga794aeceba6d.json
NOG-FO-NONOPT,NOG-nonopt,504,504,252,8,y_bar,0.1,0.1,0.1,2,1.0,0.12220636755228043,8.942936250939965,8.942936250939965,6.298006681725383,8.916245359927416,600,100600,200600,434535038,sfo,4048,4048,506,"[506, 506, 506, 506, 506, 506, 506, 506]",2752512,506,506,-0.8340069055557251,0.012233900837600231,0.1,pilot,pilot/partials/NOG-FO-NONOPT__m8__seed600__cfga794aeceba6d.json
NOG-FO-NONOPT,NOG-nonopt,528,528,264,8,y_bar,0.1,0.1,0.1,2,1.0,0.15270249545574188,9.519718071445823,9.519718071445823,6.741494165733457,9.305525947362185,600,100600,200600,434535038,sfo,4240,4240,530,"[530, 530, 530, 530, 530, 530, 530, 530]",2883584,530,530,-0.8337326049804688,0.012174193747341633,0.1,pilot,pilot/partials/NOG-FO-NONOPT__m8__seed600__cfga794aeceba6d.json
NOG-FO-NONOPT,NOG-nonopt,552,552,276,8,y_bar,0.1,0.1,0.1,2,1.0,0.11236102879047394,10.114454325288534,10.114454325288534,7.256154410541058,9.678400775417686,600,100600,200600,434535038,sfo,4432,4432,554,"[554, 554, 554, 554, 554, 554, 554, 554]",3014656,554,554,-0.8340473175048828,0.011605639010667801,0.1,pilot,pilot/partials/NOG-FO-NONOPT__m8__seed600__cfga794aeceba6d.json
NOG-FO-NONOPT,NOG-nonopt,576,576,288,8,y_bar,0.1,0.1,0.1,2,1.0,0.1350090056657791,10.648588839918375,10.648588839918375,7.728307930752635,10.080616313964128,600,100600,200600,434535038,sfo,4624,4624,578,"[578, 578, 578, 578, 578, 578, 578, 578]",3145728,578,578,-0.8340507745742798,0.011383225210011005,0.1,pilot,pilot/partials/NOG-FO-NONOPT__m8__seed600__cfga794aeceba6d.json
NOG-FO-NONOPT,NOG-nonopt,600,600,300,8,y_bar,0.1,0.1,0.1,2,1.0,0.11627408862113953,11.219984794035554,11.219984794035554,8.137062994763255,10.446695692837238,600,100600,200600,434535038,sfo,4816,4816,602,"[602, 602, 602, 602, 602, 602, 602, 602]",3276800,602,602,-0.8332616090774536,0.013182263821363449,0.1,pilot,pilot/partials/NOG-FO-NONOPT__m8__seed600__cfga794aeceba6d.json
NOG-FO-NONOPT,NOG-nonopt,624,624,312,8,y_bar,0.1,0.1,0.1,2,1.0,0.11779691278934479,11.662096528336406,11.662096528336406,8.457058660686016,10.924957169219851,600,100600,200600,434535038,sfo,5008,5008,626,"[626, 626, 626, 626, 626, 626, 626, 626]",3407872,626,626,-0.8338002562522888,0.011753221042454243,0.1,pilot,pilot/partials/NOG-FO-NONOPT__m8__seed600__cfga794aeceba6d.json
NOG-FO-NONOPT,NOG-nonopt,648,648,324,8,y_bar,0.1,0.1,0.1,2,1.0,0.10387298464775085,12.072440119460225,12.072440119460225,8.802881313487887,11.464154737070203,600,100600,200600,434535038,sfo,5200,5200,650,"[650, 650, 650, 650, 650, 650, 650, 650]",3538944,650,650,-0.8341379165649414,0.012522545643150806,0.1,pilot,pilot/partials/NOG-FO-NONOPT__m8__seed600__cfga794aeceba6d.json
NOG-FO-NONOPT,NOG-nonopt,672,672,336,8,y_bar,0.1,0.1,0.1,2,1.0,0.10858016461133957,12.415450586006045,12.415450586006045,9.081073112785816,12.03322347253561,600,100600,200600,434535038,sfo,5392,5392,674,"[674, 674, 674, 674, 674, 674, 674, 674]",3670016,674,674,-0.8341652750968933,0.011417210102081299,0.1,pilot,pilot/partials/NOG-FO-NONOPT__m8__seed600__cfga794aeceba6d.json
NOG-FO-NONOPT,NOG-nonopt,696,696,348,8,y_bar,0.1,0.1,0.1,2,1.0,0.14505060017108917,12.924489010125399,12.924489010125399,9.381979363039136,12.473782123997808,600,100600,200600,434535038,sfo,5584,5584,698,"[698, 698, 698, 698, 698, 698, 698, 698]",3801088,698,698,-0.8339686393737793,0.01183039229363203,0.1,pilot,pilot/partials/NOG-FO-NONOPT__m8__seed600__cfga794aeceba6d.json
NOG-FO-NONOPT,NOG-nonopt,720,720,360,8,y_bar,0.1,0.1,0.1,2,1.0,0.09190244227647781,13.285980520769954,13.285980520769954,9.620174976065755,13.007827050983906,600,100600,200600,434535038,sfo,5776,5776,722,"[722, 722, 722, 722, 722, 722, 722, 722]",3932160,722,722,-0.8333408832550049,0.012743517756462097,0.1,pilot,pilot/partials/NOG-FO-NONOPT__m8__seed600__cfga794aeceba6d.json
NOG-FO-NONOPT,NOG-nonopt,744,744,372,8,y_bar,0.1,0.1,0.1,2,1.0,0.16345545649528503,13.638868341222405,13.638868341222405,9.918169686570764,13.592822298407555,600,100600,200600,434535038,sfo,5968,5968,746,"[746, 746, 746, 746, 746, 746, 746, 746]",4063232,746,746,-0.8330228328704834,0.01349588017910719,0.1,pilot,pilot/partials/NOG-FO-NONOPT__m8__seed600__cfga794aeceba6d.json
NOG-FO-NONOPT,NOG-nonopt,768,768,384,8,y_bar,0.1,0.1,0.1,2,1.0,0.1364448517560959,14.033632904291153,14.033632904291153,10.102578431367874,14.117373993620276,600,100600,200600,434535038,sfo,6160,6160,770,"[770, 770, 770, 770, 770, 770, 770, 770]",4194304,770,770,-0.8334366083145142,0.013245263136923313,0.1,pilot,pilot/partials/NOG-FO-NONOPT__m8__seed600__cfga794aeceba6d.json
NOG-FO-NONOPT,NOG-nonopt,792,792,396,8,y_bar,0.1,0.1,0.1,2,1.0,0.15090548992156982,14.419523289427161,14.419523289427161,10.35579378157854,14.590283639729023,600,100600,200600,434535038,sfo,6352,6352,794,"[794, 794, 794, 794, 794, 794, 794, 794]",4325376,794,794,-0.8332584500312805,0.013802490197122097,0.1,pilot,pilot/partials/NOG-FO-NONOPT__m8__seed600__cfga794aeceba6d.json
NOG-FO-NONOPT,NOG-nonopt,816,816,408,8,y_bar,0.1,0.1,0.1,2,1.0,0.12335416674613953,14.788920853286982,14.788920853286982,10.579835042357445,15.084149431437254,600,100600,200600,434535038,sfo,6544,6544,818,"[818, 818, 818, 818, 818, 818, 818, 818]",4456448,818,818,-0.8338140845298767,0.012341475114226341,0.1,pilot,pilot/partials/NOG-FO-NONOPT__m8__seed600__cfga794aeceba6d.json
NOG-FO-NONOPT,NOG-nonopt,840,840,420,8,y_bar,0.1,0.1,0.1,2,1.0,0.10626164078712463,15.192796235904098,15.192796235904098,10.797116933390498,15.583600610494614,600,100600,200600,434535038,sfo,6736,6736,842,"[842, 842, 842, 842, 842, 842, 842, 842]",4587520,842,842,-0.8337327241897583,0.012594930827617645,0.1,pilot,pilot/partials/NOG-FO-NONOPT__m8__seed600__cfga794aeceba6d.json
NOG-FO-NONOPT,NOG-nonopt,864,864,432,8,y_bar,0.1,0.1,0.1,2,1.0,0.13890127837657928,15.495758255943656,15.495758255943656,11.04933194629848,16.16601080261171,600,100600,200600,434535038,sfo,6928,6928,866,"[866, 866, 866, 866, 866, 866, 866, 866]",4718592,866,866,-0.8337191939353943,0.013448975048959255,0.1,pilot,pilot/partials/NOG-FO-NONOPT__m8__seed600__cfga794aeceba6d.json
NOG-FO-NONOPT,NOG-nonopt,888,888,444,8,y_bar,0.1,0.1,0.1,2,1.0,0.13877353072166443,15.744441945105791,15.744441945105791,11.220231279730797,16.761442091315985,600,100600,200600,434535038,sfo,7120,7120,890,"[890, 890, 890, 890, 890, 890, 890, 890]",4849664,890,890,-0.8327271938323975,0.017231622710824013,0.1,pilot,pilot/partials/NOG-FO-NONOPT__m8__seed600__cfga794aeceba6d.json
NOG-FO-NONOPT,NOG-nonopt,912,912,456,8,y_bar,0.1,0.1,0.1,2,1.0,0.12879601120948792,16.042842591181397,16.042842591181397,11.4666533395648,17.34795411862433,600,100600,200600,434535038,sfo,7312,7312,914,"[914, 914, 914, 914, 914, 914, 914, 914]",4980736,914,914,-0.8331134915351868,0.014476094394922256,0.1,pilot,pilot/partials/NOG-FO-NONOPT__m8__seed600__cfga794aeceba6d.json
NOG-FO-NONOPT,NOG-nonopt,936,936,468,8,y_bar,0.1,0.1,0.1,2,1.0,0.12734194099903107,16.277825742959976,16.277825742959976,11.581444300711155,17.979631697759032,600,100600,200600,434535038,sfo,7504,7504,938,"[938, 938, 938, 938, 938, 938, 938, 938]",5111808,938,938,-0.8331246972084045,0.014550518244504929,0.1,pilot,pilot/partials/NOG-FO-NONOPT__m8__seed600__cfga794aeceba6d.json
NOG-FO-NONOPT,NOG-nonopt,960,960,480,8,y_bar,0.1,0.1,0.1,2,1.0,0.14318452775478363,16.521632488816977,16.521632488816977,11.71954271197319,18.554356457665563,600,100600,200600,434535038,sfo,7696,7696,962,"[962, 962, 962, 962, 962, 962, 962, 962]",5242880,962,962,-0.8335644006729126,0.01263867411762476,0.1,pilot,pilot/partials/NOG-FO-NONOPT__m8__seed600__cfga794aeceba6d.json
NOG-FO-NONOPT,NOG-nonopt,24,24,12,8,y_bar,0.1,0.1,0.1,2,1.0,0.3369165360927582,0.41897897608578205,0.41897897608578205,0.34527960047125816,0.5129896141588688,601,100601,200601,1279065326,sfo,208,208,26,"[26, 26, 26, 26, 26, 26, 26, 26]",131072,26,26,-0.17961320281028748,0.24259985983371735,0.1,pilot,pilot/partials/NOG-FO-NONOPT__m8__seed601__cfg24310c983413.json
NOG-FO-NONOPT,NOG-nonopt,48,48,24,8,y_bar,0.1,0.1,0.1,2,1.0,0.3317558467388153,0.7772094383835793,0.7772094383835793,0.6392434369772673,0.956353111192584,601,100601,200601,1279065326,sfo,400,400,50,"[50, 50, 50, 50, 50, 50, 50, 50]",262144,50,50,-0.35130542516708374,0.22443261742591858,0.1,pilot,pilot/partials/NOG-FO-NONOPT__m8__seed601__cfg24310c983413.json
NOG-FO-NONOPT,NOG-nonopt,72,72,36,8,y_bar,0.1,0.1,0.1,2,1.0,0.27207374572753906,1.120585285127163,1.120585285127163,0.8871194496750832,1.393944427371025,601,100601,200601,1279065326,sfo,592,592,74,"[74, 74, 74, 74, 74, 74, 74, 74]",393216,74,74,-0.50251305103302,0.19619666039943695,0.1,pilot,pilot/partials/NOG-FO-NONOPT__m8__seed601__cfg24310c983413.json
NOG-FO-NONOPT,NOG-nonopt,96,96,48,8,y_bar,0.1,0.1,0.1,2,1.0,0.24080908298492432,1.4736400842666626,1.4736400842666626,1.1234158277511597,1.8034793566912413,601,100601,200601,1279065326,sfo,784,784,98,"[98, 98, 98, 98, 98, 98, 98, 98]",524288,98,98,-0.6322917938232422,0.15850943326950073,0.1,pilot,pilot/partials/NOG-FO-NONOPT__m8__seed601__cfg24310c983413.json
NOG-FO-NONOPT,NOG-nonopt,120,120,60,8,y_bar,0.1,0.1,0.1,2,1.0,0.2092813402414322,1.758805813267827,1.758805813267827,1.3431043457239866,2.2940902169793844,601,100601,200601,1279065326,sfo,976,976,122,"[122, 122, 122, 122, 122, 122, 122, 122]",655360,122,122,-0.7235473394393921,0.11931484192609787,0.1,pilot,pilot/partials/NOG-FO-NONOPT__m8__seed601__cfg24310c983413.json
NOG-FO-NONOPT,NOG-nonopt,144,144,72,8,y_bar,0.1,0.1,0.1,2,1.0,0.1591068059206009,2.075180983170867,2.075180983170867,1.5494291819632053,2.7852749694138765,601,100601,200601,1279065326,sfo,1168,1168,146,"[146, 146, 146, 146, 146, 146, 146, 146]",786432,146,146,-0.7813755869865417,0.08225566893815994,0.1,pilot,pilot/partials/NOG-FO-NONOPT__m8__seed601__cfg24310c983413.json
NOG-FO-NONOPT,NOG-nonopt,168,168,84,8,y_bar,0.1,0.1,0.1,2,1.0,0.14781010150909424,2.458734715357423,2.458734715357423,1.8671325482428074,3.222846958786249,601,100601,200601,1279065326,sfo,1360,1360,170,"[170, 170, 170, 170, 170, 170, 170, 170]",917504,170,170,-0.8132830858230591,0.05080108344554901,0.1,pilot,pilot/partials/NOG-FO-NONOPT__m8__seed601__cfg24310c983413.json
NOG-FO-NONOPT,NOG-nonopt,192,192,96,8,y_bar,0.1,0.1,0.1,2,1.0,0.13920408487319946,2.8245888501405716,2.8245888501405716,2.1304335575550795,3.73214796371758,601,100601,200601,1279065326,sfo,1552,1552,194,"[194, 194, 194, 194, 194, 194, 194, 194]",1048576,194,194,-0.8261529803276062,0.029601410031318665,0.1,pilot,pilot/partials/NOG-FO-NONOPT__m8__seed601__cfg24310c983413.json
NOG-FO-NONOPT,NOG-nonopt,216,216,108,8,y_bar,0.1,0.1,0.1,2,1.0,0.14067107439041138,3.2050911653786898,3.2050911653786898,2.4383948482573032,4.183390384539962,601,100601,200601,1279065326,sfo,1744,1744,218,"[218, 218, 218, 218, 218, 218, 218, 218]",1179648,218,218,-0.8302581310272217,0.018181212246418,0.1,pilot,pilot/partials/NOG-FO-NONOPT__m8__seed601__cfg24310c983413.json
NOG-FO-NONOPT,NOG-nonopt,240,240,120,8,y_bar,0.1,0.1,0.1,2,1.0,0.11027798801660538,3.6318852473050356,3.6318852473050356,2.7978912852704525,4.6525547336786985,601,100601,200601,1279065326,sfo,1936,1936,242,"[242, 242, 242, 242, 242, 242, 242, 242]",1310720,242,242,-0.8311131596565247,0.014552724547684193,0.1,pilot,pilot/partials/NOG-FO-NONOPT__m8__seed601__cfg24310c983413.json
NOG-FO-NONOPT,NOG-nonopt,264,264,132,8,y_bar,0.1,0.1,0.1,2,1.0,0.11621116101741791,4.055394869297743,4.055394869297743,3.0874890200793743,5.034332821145654,601,100601,200601,1279065326,sfo,2128,2128,266,"[266, 266, 266, 266, 266, 266, 266, 266]",1441792,266,266,-0.8320834636688232,0.01168596837669611,0.1,pilot,pilot/partials/NOG-FO-NONOPT__m8__seed601__cfg24310c983413.json
NOG-FO-NONOPT,NOG-nonopt,288,288,144,8,y_bar,0.1,0.1,0.1,2,1.0,0.10289333015680313,4.483436021953821,4.483436021953821,3.3891002852469683,5.464926516637206,601,100601,200601,1279065326,sfo,2320,2320,290,"[290, 290, 290, 290, 290, 290, 290, 290]",1572864,290,290,-0.8321545720100403,0.011851212941110134,0.1,pilot,pilot/partials/NOG-FO-NONOPT__m8__seed601__cfg24310c983413.json
NOG-FO-NONOPT,NOG-nonopt,312,312,156,8,y_bar,0.1,0.1,0.1,2,1.0,0.14625048637390137,4.918979601934552,4.918979601934552,3.7561464738100767,5.843486027792096,601,100601,200601,1279065326,sfo,2512,2512,314,"[314, 314, 314, 314, 314, 314, 314, 314]",1703936,314,314,-0.8321149349212646,0.012295716442167759,0.1,pilot,pilot/partials/NOG-FO-NONOPT__m8__seed601__cfg24310c983413.json
NOG-FO-NONOPT,NOG-nonopt,336,336,168,8,y_bar,0.1,0.1,0.1,2,1.0,0.13265655934810638,5.344999086111784,5.344999086111784,4.048186102882028,6.256390875205398,601,100601,200601,1279065326,sfo,2704,2704,338,"[338, 338, 338, 338, 338, 338, 338, 338]",1835008,338,338,-0.8322500586509705,0.012171692214906216,0.1,pilot,pilot/partials/NOG-FO-NONOPT__m8__seed601__cfg24310c983413.json
NOG-FO-NONOPT,NOG-nonopt,360,360,180,8,y_bar,0.1,0.1,0.1,2,1.0,0.10436852276325226,5.726977968588471,5.726977968588471,4.270575065165758,6.667589759454131,601,100601,200601,1279065326,sfo,2896,2896,362,"[362, 362, 362, 362, 362, 362, 362, 362]",1966080,362,362,-0.8319514989852905,0.01302128192037344,0.1,pilot,pilot/partials/NOG-FO-NONOPT__m8__seed601__cfg24310c983413.json
NOG-FO-NONOPT,NOG-nonopt,384,384,192,8,y_bar,0.1,0.1,0.1,2,1.0,0.1098724752664566,6.1140947211533785,6.1140947211533785,4.582005433738232,7.109158432111144,601,100601,200601,1279065326,sfo,3088,3088,386,"[386, 386, 386, 386, 386, 386, 386, 386]",2097152,386,386,-0.8320550918579102,0.012051614932715893,0.1,pilot,pilot/partials/NOG-FO-NONOPT__m8__seed601__cfg24310c983413.json
NOG-FO-NONOPT,NOG-nonopt,408,408,204,8,y_bar,0.1,0.1,0.1,2,1.0,0.11552606523036957,6.617687692865729,6.617687692865729,4.946695376187563,7.482367964461446,601,100601,200601,1279065326,sfo,3280,3280,410,"[410, 410, 410, 410, 410, 410, 410, 410]",2228224,410,410,-0.8317453265190125,0.012578889727592468,0.1,pilot,pilot/partials/NOG-FO-NONOPT__m8__seed601__cfg24310c983413.json
NOG-FO-NONOPT,NOG-nonopt,432,432,216,8,y_bar,0.1,0.1,0.1,2,1.0,0.12587405741214752,7.047984592616558,7.047984592616558,5.314676774665713,7.956959595903754,601,100601,200601,1279065326,sfo,3472,3472,434,"[434, 434, 434, 434, 434, 434, 434, 434]",2359296,434,434,-0.8319109678268433,0.012337257154285908,0.1,pilot,pilot/partials/NOG-FO-NONOPT__m8__seed601__cfg24310c983413.json
NOG-FO-NONOPT,NOG-nonopt,456,456,228,8,y_bar,0.1,0.1,0.1,2,1.0,0.1251591593027115,7.467361943796277,7.467361943796277,5.670952407643199,8.485879588872194,601,100601,200601,1279065326,sfo,3664,3664,458,"[458, 458, 458, 458, 458, 458, 458, 458]",2490368,458,458,-0.8312723636627197,0.012758295051753521,0.1,pilot,pilot/partials/NOG-FO-NONOPT__m8__seed601__cfg24310c983413.json
NOG-FO-NONOPT,NOG-nonopt,480,480,240,8,y_bar,0.1,0.1,0.1,2,1.0,0.13000601530075073,7.8320474326610565,7.8320474326610565,5.883613551035523,9.035748546943069,601,100601,200601,1279065326,sfo,3856,3856,482,"[482, 482, 482, 482, 482, 482, 482, 482]",2621440,482,482,-0.8315543532371521,0.012614872306585312,0.1,pilot,pilot/partials/NOG-FO-NONOPT__m8__seed601__cfg24310c983413.json
NOG-FO-NONOPT,NOG-nonopt,504,504,252,8,y_bar,0.1,0.1,0.1,2,1.0,0.10637803375720978,8.262672651559114,8.262672651559114,6.175391452386975,9.513021258637309,601,100601,200601,1279065326,sfo,4048,4048,506,"[506, 506, 506, 506, 506, 506, 506, 506]",2752512,506,506,-0.8317015171051025,0.01226087287068367,0.1,pilot,pilot/partials/NOG-FO-NONOPT__m8__seed601__cfg24310c983413.json
NOG-FO-NONOPT,NOG-nonopt,528,528,264,8,y_bar,0.1,0.1,0.1,2,1.0,0.15594728291034698,8.682160237804055,8.682160237804055,6.526073820888996,10.077791560441256,601,100601,200601,1279065326,sfo,4240,4240,530,"[530, 530, 530, 530, 530, 530, 530, 530]",2883584,530,530,-0.8317593336105347,0.012453226372599602,0.1,pilot,pilot/partials/NOG-FO-NONOPT__m8__seed601__cfg24310c983413.json
NOG-FO-NONOPT,NOG-nonopt,552,552,276,8,y_bar,0.1,0.1,0.1,2,1.0,0.10722412168979645,9.196528336033225,9.196528336033225,6.898251863196492,10.544966403394938,601,100601,200601,1279065326,sfo,4432,4432,554,"[554, 554, 554, 554, 554, 554, 554, 554]",3014656,554,554,-0.8323798775672913,0.011356942355632782,0.1,pilot,pilot/partials/NOG-FO-NONOPT__m8__seed601__cfg24310c983413.json
NOG-FO-NONOPT,NOG-nonopt,576,576,288,8,y_bar,0.1,0.1,0.1,2,1.0,0.15189425647258759,9.64108551479876,9.64108551479876,7.287266066297889,11.024889649823308,601,100601,200601,1279065326,sfo,4624,4624,578,"[578, 578, 578, 578, 578, 578, 578, 578]",3145728,578,578,-0.8324098587036133,0.011941702105104923,0.1,pilot,pilot/partials/NOG-FO-NONOPT__m8__seed601__cfg24310c983413.json
NOG-FO-NONOPT,NOG-nonopt,600,600,300,8,y_bar,0.1,0.1,0.1,2,1.0,0.14897403120994568,10.2395661175251,10.2395661175251,7.742777703329921,11.404001373797655,601,100601,200601,1279065326,sfo,4816,4816,602,"[602, 602, 602, 602, 602, 602, 602, 602]",3276800,602,602,-0.831737220287323,0.01653904840350151,0.1,pilot,pilot/partials/NOG-FO-NONOPT__m8__seed601__cfg24310c983413.json
NOG-FO-NONOPT,NOG-nonopt,624,624,312,8,y_bar,0.1,0.1,0.1,2,1.0,0.10661610215902328,10.762772576883435,10.762772576883435,8.119967922568321,11.83236881531775,601,100601,200601,1279065326,sfo,5008,5008,626,"[626, 626, 626, 626, 626, 626, 626, 626]",3407872,626,626,-0.832481861114502,0.013785780407488346,0.1,pilot,pilot/partials/NOG-FO-NONOPT__m8__seed601__cfg24310c983413.json
NOG-FO-NONOPT,NOG-nonopt,648,648,324,8,y_bar,0.1,0.1,0.1,2,1.0,0.12549732625484467,11.323441235348582,11.323441235348582,8.493163708597422,12.22270086221397,601,100601,200601,1279065326,sfo,5200,5200,650,"[650, 650, 650, 650, 650, 650, 650, 650]",3538944,650,650,-0.8328427076339722,0.011215178295969963,0.1,pilot,pilot/partials/NOG-FO-NONOPT__m8__seed601__cfg24310c983413.json
NOG-FO-NONOPT,NOG-nonopt,672,672,336,8,y_bar,0.1,0.1,0.1,2,1.0,0.13224759697914124,11.827486641705036,11.827486641705036,8.759163098409772,12.631059961393476,601,100601,200601,1279065326,sfo,5392,5392,674,"[674, 674, 674, 674, 674, 674, 674, 674]",3670016,674,674,-0.8327903747558594,0.011107642203569412,0.1,pilot,pilot/partials/NOG-FO-NONOPT__m8__seed601__cfg24310c983413.json
NOG-FO-NONOPT,NOG-nonopt,696,696,348,8,y_bar,0.1,0.1,0.1,2,1.0,0.12515921890735626,12.316434869542718,12.316434869542718,8.99950566701591,13.062461353838444,601,100601,200601,1279065326,sfo,5584,5584,698,"[698, 698, 698, 698, 698, 698, 698, 698]",3801088,698,698,-0.8323277831077576,0.011913060210645199,0.1,pilot,pilot/partials/NOG-FO-NONOPT__m8__seed601__cfg24310c983413.json
NOG-FO-NONOPT,NOG-nonopt,720,720,360,8,y_bar,0.1,0.1,0.1,2,1.0,0.10914964228868484,12.85645647905767,12.85645647905767,9.4097363576293,13.449300918728113,601,100601,200601,1279065326,sfo,5776,5776,722,"[722, 722, 722, 722, 722, 722, 722, 722]",3932160,722,722,-0.8318606615066528,0.013690054416656494,0.1,pilot,pilot/partials/NOG-FO-NONOPT__m8__seed601__cfg24310c983413.json
NOG-FO-NONOPT,NOG-nonopt,744,744,372,8,y_bar,0.1,0.1,0.1,2,1.0,0.13362076878547668,13.464529380202293,13.464529380202293,9.875008868053555,13.805617522448301,601,100601,200601,1279065326,sfo,5968,5968,746,"[746, 746, 746, 746, 746, 746, 746, 746]",4063232,746,746,-0.8315837979316711,0.01319868117570877,0.1,pilot,pilot/partials/NOG-FO-NONOPT__m8__seed601__cfg24310c983413.json
NOG-FO-NONOPT,NOG-nonopt,768,768,384,8,y_bar,0.1,0.1,0.1,2,1.0,0.10750722140073776,13.973663220182061,13.973663220182061,10.17131375335157,14.183194048702717,601,100601,200601,1279065326,sfo,6160,6160,770,"[770, 770, 770, 770, 770, 770, 770, 770]",4194304,770,770,-0.8314255475997925,0.013375579379498959,0.1,pilot,pilot/partials/NOG-FO-NONOPT__m8__seed601__cfg24310c983413.json
NOG-FO-NONOPT,NOG-nonopt,792,792,396,8,y_bar,0.1,0.1,0.1,2,1.0,0.1654653400182724,14.492844274267554,14.492844274267554,10.627161413431168,14.572561539709568,601,100601,200601,1279065326,sfo,6352,6352,794,"[794, 794, 794, 794, 794, 794, 794, 794]",4325376,794,794,-0.8319699168205261,0.012783626094460487,0.1,pilot,pilot/partials/NOG-FO-NONOPT__m8__seed601__cfg24310c983413.json
NOG-FO-NONOPT,NOG-nonopt,816,816,408,8,y_bar,0.1,0.1,0.1,2,1.0,0.13155095279216766,15.00250462628901,15.00250462628901,10.986296663060784,14.98138597048819,601,100601,200601,1279065326,sfo,6544,6544,818,"[818, 818, 818, 818, 818, 818, 818, 818]",4456448,818,818,-0.8319201469421387,0.012189601548016071,0.1,pilot,pilot/partials/NOG-FO-NONOPT__m8__seed601__cfg24310c983413.json
NOG-FO-NONOPT,NOG-nonopt,840,840,420,8,y_bar,0.1,0.1,0.1,2,1.0,0.10757270455360413,15.492030914872885,15.492030914872885,11.342260057106614,15.466583397239447,601,100601,200601,1279065326,sfo,6736,6736,842,"[842, 842, 842, 842, 842, 842, 842, 842]",4587520,842,842,-0.8323874473571777,0.011279970407485962,0.1,pilot,pilot/partials/NOG-FO-NONOPT__m8__seed601__cfg24310c983413.json
NOG-FO-NONOPT,NOG-nonopt,864,864,432,8,y_bar,0.1,0.1,0.1,2,1.0,0.1326819658279419,15.96515348739922,15.96515348739922,11.724130421876907,15.887759098783135,601,100601,200601,1279065326,sfo,6928,6928,866,"[866, 866, 866, 866, 866, 866, 866, 866]",4718592,866,866,-0.8322616815567017,0.011845402419567108,0.1,pilot,pilot/partials/NOG-FO-NONOPT__m8__seed601__cfg24310c983413.json
NOG-FO-NONOPT,NOG-nonopt,888,888,444,8,y_bar,0.1,0.1,0.1,2,1.0,0.09588519483804703,16.437833700329065,16.437833700329065,12.05556914024055,16.311035258695483,601,100601,200601,1279065326,sfo,7120,7120,890,"[890, 890, 890, 890, 890, 890, 890, 890]",4849664,890,890,-0.832194983959198,0.012026837095618248,0.1,pilot,pilot/partials/NOG-FO-NONOPT__m8__seed601__cfg24310c983413.json
NOG-FO-NONOPT,NOG-nonopt,912,912,456,8,y_bar,0.1,0.1,0.1,2,1.0,0.11870869994163513,16.921381875872612,16.921381875872612,12.335321562364697,16.727826930582523,601,100601,200601,1279065326,sfo,7312,7312,914,"[914, 914, 914, 914, 914, 914, 914, 914]",4980736,914,914,-0.8318034410476685,0.01285314280539751,0.1,pilot,pilot/partials/NOG-FO-NONOPT__m8__seed601__cfg24310c983413.json
NOG-FO-NONOPT,NOG-nonopt,936,936,468,8,y_bar,0.1,0.1,0.1,2,1.0,0.13519537448883057,17.32931494526565,17.32931494526565,12.683420429006219,17.152872167527676,601,100601,200601,1279065326,sfo,7504,7504,938,"[938, 938, 938, 938, 938, 938, 938, 938]",5111808,938,938,-0.8322815299034119,0.01244037039577961,0.1,pilot,pilot/partials/NOG-FO-NONOPT__m8__seed601__cfg24310c983413.json
NOG-FO-NONOPT,NOG-nonopt,960,960,480,8,y_bar,0.1,0.1,0.1,2,1.0,0.1346878707408905,17.6511041354388,17.6511041354388,12.824068237096071,17.5348736140877,601,100601,200601,1279065326,sfo,7696,7696,962,"[962, 962, 962, 962, 962, 962, 962, 962]",5242880,962,962,-0.831319272518158,0.014005213975906372,0.1,pilot,pilot/partials/NOG-FO-NONOPT__m8__seed601__cfg24310c983413.json
NOG-FO-NONOPT,NOG-nonopt,24,24,12,8,y_bar,0.1,0.1,0.1,2,1.0,0.364357590675354,0.5082580354064703,0.5082580354064703,0.4364363644272089,0.3393362779170275,602,100602,200602,608062620,sfo,208,208,26,"[26, 26, 26, 26, 26, 26, 26, 26]",131072,26,26,-0.17402368783950806,0.24352458119392395,0.1,pilot,pilot/partials/NOG-FO-NONOPT__m8__seed602__cfg536262b0d6d3.json
NOG-FO-NONOPT,NOG-nonopt,48,48,24,8,y_bar,0.1,0.1,0.1,2,1.0,0.3246031105518341,1.015617709606886,1.015617709606886,0.8688102904707193,0.7516168784350157,602,100602,200602,608062620,sfo,400,400,50,"[50, 50, 50, 50, 50, 50, 50, 50]",262144,50,50,-0.34878009557724,0.22553817927837372,0.1,pilot,pilot/partials/NOG-FO-NONOPT__m8__seed602__cfg536262b0d6d3.json
NOG-FO-NONOPT,NOG-nonopt,72,72,36,8,y_bar,0.1,0.1,0.1,2,1.0,0.29965701699256897,1.6032464485615492,1.6032464485615492,1.3118492104113102,1.1308431886136532,602,100602,200602,608062620,sfo,592,592,74,"[74, 74, 74, 74, 74, 74, 74, 74]",393216,74,74,-0.4989684224128723,0.1980551779270172,0.1,pilot,pilot/partials/NOG-FO-NONOPT__m8__seed602__cfg536262b0d6d3.json
NOG-FO-NONOPT,NOG-nonopt,96,96,48,8,y_bar,0.1,0.1,0.1,2,1.0,0.25415149331092834,2.2024678364396095,2.2024678364396095,1.8468887712806463,1.4677122011780739,602,100602,200602,608062620,sfo,784,784,98,"[98, 98, 98, 98, 98, 98, 98, 98]",524288,98,98,-0.6238489747047424,0.16324087977409363,0.1,pilot,pilot/partials/NOG-FO-NONOPT__m8__seed602__cfg536262b0d6d3.json
NOG-FO-NONOPT,NOG-nonopt,120,120,60,8,y_bar,0.1,0.1,0.1,2,1.0,0.1925072968006134,2.7828539721667767,2.7828539721667767,2.2254890501499176,1.8518886286765337,602,100602,200602,608062620,sfo,976,976,122,"[122, 122, 122, 122, 122, 122, 122, 122]",655360,122,122,-0.7237008213996887,0.12199806421995163,0.1,pilot,pilot/partials/NOG-FO-NONOPT__m8__seed602__cfg536262b0d6d3.json
NOG-FO-NONOPT,NOG-nonopt,144,144,72,8,y_bar,0.1,0.1,0.1,2,1.0,0.1582452803850174,3.395286191254854,3.395286191254854,2.697931597009301,2.228296948596835,602,100602,200602,608062620,sfo,1168,1168,146,"[146, 146, 146, 146, 146, 146, 146, 146]",786432,146,146,-0.786748468875885,0.0827580913901329,0.1,pilot,pilot/partials/NOG-FO-NONOPT__m8__seed602__cfg536262b0d6d3.json
NOG-FO-NONOPT,NOG-nonopt,168,168,84,8,y_bar,0.1,0.1,0.1,2,1.0,0.1275801956653595,3.998484756797552,3.998484756797552,3.2365144845098257,2.626251658424735,602,100602,200602,608062620,sfo,1360,1360,170,"[170, 170, 170, 170, 170, 170, 170, 170]",917504,170,170,-0.8122973442077637,0.058791887015104294,0.1,pilot,pilot/partials/NOG-FO-NONOPT__m8__seed602__cfg536262b0d6d3.json
NOG-FO-NONOPT,NOG-nonopt,192,192,96,8,y_bar,0.1,0.1,0.1,2,1.0,0.09924692660570145,4.49433016218245,4.49433016218245,3.665307017043233,3.0241907984018326,602,100602,200602,608062620,sfo,1552,1552,194,"[194, 194, 194, 194, 194, 194, 194, 194]",1048576,194,194,-0.8293595910072327,0.03454591706395149,0.1,pilot,pilot/partials/NOG-FO-NONOPT__m8__seed602__cfg536262b0d6d3.json
NOG-FO-NONOPT,NOG-nonopt,216,216,108,8,y_bar,0.1,0.1,0.1,2,1.0,0.12659545242786407,5.015867682173848,5.015867682173848,4.052113749086857,3.410594841465354,602,100602,200602,608062620,sfo,1744,1744,218,"[218, 218, 218, 218, 218, 218, 218, 218]",1179648,218,218,-0.8342271447181702,0.024598699063062668,0.1,pilot,pilot/partials/NOG-FO-NONOPT__m8__seed602__cfg536262b0d6d3.json
NOG-FO-NONOPT,NOG-nonopt,240,240,120,8,y_bar,0.1,0.1,0.1,2,1.0,0.13293589651584625,5.599647721275687,5.599647721275687,4.5691548474133015,3.7440757025033236,602,100602,200602,608062620,sfo,1936,1936,242,"[242, 242, 242, 242, 242, 242, 242, 242]",1310720,242,242,-0.8360517024993896,0.019207417964935303,0.1,pilot,pilot/partials/NOG-FO-NONOPT__m8__seed602__cfg536262b0d6d3.json
NOG-FO-NONOPT,NOG-nonopt,264,264,132,8,y_bar,0.1,0.1,0.1,2,1.0,0.13025343418121338,6.269044678658247,6.269044678658247,4.972567547112703,4.076845893636346,602,100602,200602,608062620,sfo,2128,2128,266,"[266, 266, 266, 266, 266, 266, 266, 266]",1441792,266,266,-0.8366140127182007,0.017950894311070442,0.1,pilot,pilot/partials/NOG-FO-NONOPT__m8__seed602__cfg536262b0d6d3.json
NOG-FO-NONOPT,NOG-nonopt,288,288,144,8,y_bar,0.1,0.1,0.1,2,1.0,0.12450993061065674,6.884827194735408,6.884827194735408,5.429209353402257,4.460846550762653,602,100602,200602,608062620,sfo,2320,2320,290,"[290, 290, 290, 290, 290, 290, 290, 290]",1572864,290,290,-0.8372400999069214,0.015791427344083786,0.1,pilot,pilot/partials/NOG-FO-NONOPT__m8__seed602__cfg536262b0d6d3.json
NOG-FO-NONOPT,NOG-nonopt,312,312,156,8,y_bar,0.1,0.1,0.1,2,1.0,0.15319061279296875,7.485219970345497,7.485219970345497,5.745952675119042,4.864999977871776,602,100602,200602,608062620,sfo,2512,2512,314,"[314, 314, 314, 314, 314, 314, 314, 314]",1703936,314,314,-0.8380894660949707,0.013123299926519394,0.1,pilot,pilot/partials/NOG-FO-NONOPT__m8__seed602__cfg536262b0d6d3.json
NOG-FO-NONOPT,NOG-nonopt,336,336,168,8,y_bar,0.1,0.1,0.1,2,1.0,0.13685129582881927,7.9975557047873735,7.9975557047873735,6.117208754643798,5.249750521034002,602,100602,200602,608062620,sfo,2704,2704,338,"[338, 338, 338, 338, 338, 338, 338, 338]",1835008,338,338,-0.8377845883369446,0.013229962438344955,0.1,pilot,pilot/partials/NOG-FO-NONOPT__m8__seed602__cfg536262b0d6d3.json
NOG-FO-NONOPT,NOG-nonopt,360,360,180,8,y_bar,0.1,0.1,0.1,2,1.0,0.1180935651063919,8.593110885471106,8.593110885471106,6.582978351041675,5.6455382984131575,602,100602,200602,608062620,sfo,2896,2896,362,"[362, 362, 362, 362, 362, 362, 362, 362]",1966080,362,362,-0.8373356461524963,0.01595407724380493,0.1,pilot,pilot/partials/NOG-FO-NONOPT__m8__seed602__cfg536262b0d6d3.json
NOG-FO-NONOPT,NOG-nonopt,384,384,192,8,y_bar,0.1,0.1,0.1,2,1.0,0.12770166993141174,9.10022726841271,9.10022726841271,7.018693767488003,6.047308703884482,602,100602,200602,608062620,sfo,3088,3088,386,"[386, 386, 386, 386, 386, 386, 386, 386]",2097152,386,386,-0.837212085723877,0.015308643691241741,0.1,pilot,pilot/partials/NOG-FO-NONOPT__m8__seed602__cfg536262b0d6d3.json
NOG-FO-NONOPT,NOG-nonopt,408,408,204,8,y_bar,0.1,0.1,0.1,2,1.0,0.10994488000869751,9.607164714485407,9.607164714485407,7.389567939564586,6.523755060508847,602,100602,200602,608062620,sfo,3280,3280,410,"[410, 410, 410, 410, 410, 410, 410, 410]",2228224,410,410,-0.8379644155502319,0.012774170376360416,0.1,pilot,pilot/partials/NOG-FO-NONOPT__m8__seed602__cfg536262b0d6d3.json
NOG-FO-NONOPT,NOG-nonopt,432,432,216,8,y_bar,0.1,0.1,0.1,2,1.0,0.12571224570274353,10.116885058581829,10.116885058581829,7.7414630074054,6.928918043151498,602,100602,200602,608062620,sfo,3472,3472,434,"[434, 434, 434, 434, 434, 434, 434, 434]",2359296,434,434,-0.8381426334381104,0.011973727494478226,0.1,pilot,pilot/partials/NOG-FO-NONOPT__m8__seed602__cfg536262b0d6d3.json
NOG-FO-NONOPT,NOG-nonopt,456,456,228,8,y_bar,0.1,0.1,0.1,2,1.0,0.13064540922641754,10.616247441619635,10.616247441619635,8.174298029392958,7.3354998752474785,602,100602,200602,608062620,sfo,3664,3664,458,"[458, 458, 458, 458, 458, 458, 458, 458]",2490368,458,458,-0.8385004997253418,0.012228411622345448,0.1,pilot,pilot/partials/NOG-FO-NONOPT__m8__seed602__cfg536262b0d6d3.json
NOG-FO-NONOPT,NOG-nonopt,480,480,240,8,y_bar,0.1,0.1,0.1,2,1.0,0.0788831040263176,11.205286908894777,11.205286908894777,8.49389411509037,7.745426872745156,602,100602,200602,608062620,sfo,3856,3856,482,"[482, 482, 482, 482, 482, 482, 482, 482]",2621440,482,482,-0.8375923037528992,0.014019843190908432,0.1,pilot,pilot/partials/NOG-FO-NONOPT__m8__seed602__cfg536262b0d6d3.json
NOG-FO-NONOPT,NOG-nonopt,504,504,252,8,y_bar,0.1,0.1,0.1,2,1.0,0.164449542760849,11.735455079004169,11.735455079004169,8.803089620545506,8.185159493237734,602,100602,200602,608062620,sfo,4048,4048,506,"[506, 506, 506, 506, 506, 506, 506, 506]",2752512,506,506,-0.8383268117904663,0.01151579525321722,0.1,pilot,pilot/partials/NOG-FO-NONOPT__m8__seed602__cfg536262b0d6d3.json
NOG-FO-NONOPT,NOG-nonopt,528,528,264,8,y_bar,0.1,0.1,0.1,2,1.0,0.1186530739068985,12.237222330644727,12.237222330644727,9.099575472995639,8.52034105733037,602,100602,200602,608062620,sfo,4240,4240,530,"[530, 530, 530, 530, 530, 530, 530, 530]",2883584,530,530,-0.8385961055755615,0.010070462711155415,0.1,pilot,pilot/partials/NOG-FO-NONOPT__m8__seed602__cfg536262b0d6d3.json
NOG-FO-NONOPT,NOG-nonopt,552,552,276,8,y_bar,0.1,0.1,0.1,2,1.0,0.14639781415462494,12.77508943900466,12.77508943900466,9.425835436210036,8.900944447144866,602,100602,200602,608062620,sfo,4432,4432,554,"[554, 554, 554, 554, 554, 554, 554, 554]",3014656,554,554,-0.8383311629295349,0.01177852414548397,0.1,pilot,pilot/partials/NOG-FO-NONOPT__m8__seed602__cfg536262b0d6d3.json
NOG-FO-NONOPT,NOG-nonopt,576,576,288,8,y_bar,0.1,0.1,0.1,2,1.0,0.1193191185593605,13.354036416858435,13.354036416858435,9.933352733030915,9.220143368467689,602,100602,200602,608062620,sfo,4624,4624,578,"[578, 578, 578, 578, 578, 578, 578, 578]",3145728,578,578,-0.8383634090423584,0.011394940316677094,0.1,pilot,pilot/partials/NOG-FO-NONOPT__m8__seed602__cfg536262b0d6d3.json
NOG-FO-NONOPT,NOG-nonopt,600,600,300,8,y_bar,0.1,0.1,0.1,2,1.0,0.11952310800552368,13.941360438242555,13.941360438242555,10.37183265760541,9.596988897770643,602,100602,200602,608062620,sfo,4816,4816,602,"[602, 602, 602, 602, 602, 602, 602, 602]",3276800,602,602,-0.8377678394317627,0.01244314480572939,0.1,pilot,pilot/partials/NOG-FO-NONOPT__m8__seed602__cfg536262b0d6d3.json
NOG-FO-NONOPT,NOG-nonopt,624,624,312,8,y_bar,0.1,0.1,0.1,2,1.0,0.10731491446495056,14.534268196672201,14.534268196672201,10.891994431614876,9.928399432450533,602,100602,200602,608062620,sfo,5008,5008,626,"[626, 626, 626, 626, 626, 626, 626, 626]",3407872,626,626,-0.8379086256027222,0.012318158522248268,0.1,pilot,pilot/partials/NOG-FO-NONOPT__m8__seed602__cfg536262b0d6d3.json
NOG-FO-NONOPT,NOG-nonopt,648,648,324,8,y_bar,0.1,0.1,0.1,2,1.0,0.1209133043885231,15.099124090746045,15.099124090746045,11.318095982074738,10.32710225880146,602,100602,200602,608062620,sfo,5200,5200,650,"[650, 650, 650, 650, 650, 650, 650, 650]",3538944,650,650,-0.8384671807289124,0.012530596926808357,0.1,pilot,pilot/partials/NOG-FO-NONOPT__m8__seed602__cfg536262b0d6d3.json
NOG-FO-NONOPT,NOG-nonopt,672,672,336,8,y_bar,0.1,0.1,0.1,2,1.0,0.10717955231666565,15.609280737116933,15.609280737116933,11.615565741434693,10.7823686581105,602,100602,200602,608062620,sfo,5392,5392,674,"[674, 674, 674, 674, 674, 674, 674, 674]",3670016,674,674,-0.8382848501205444,0.012139678001403809,0.1,pilot,pilot/partials/NOG-FO-NONOPT__m8__seed602__cfg536262b0d6d3.json
NOG-FO-NONOPT,NOG-nonopt,696,696,348,8,y_bar,0.1,0.1,0.1,2,1.0,0.10872029513120651,16.13362675346434,16.13362675346434,12.00724964402616,11.177003934979439,602,100602,200602,608062620,sfo,5584,5584,698,"[698, 698, 698, 698, 698, 698, 698, 698]",3801088,698,698,-0.8379755616188049,0.014551485888659954,0.1,pilot,pilot/partials/NOG-FO-NONOPT__m8__seed602__cfg536262b0d6d3.json
NOG-FO-NONOPT,NOG-nonopt,720,720,360,8,y_bar,0.1,0.1,0.1,2,1.0,0.13807184994220734,16.733698712661862,16.733698712661862,12.452546684071422,11.569650311022997,602,100602,200602,608062620,sfo,5776,5776,722,"[722, 722, 722, 722, 722, 722, 722, 722]",3932160,722,722,-0.8385449051856995,0.012899409048259258,0.1,pilot,pilot/partials/NOG-FO-NONOPT__m8__seed602__cfg536262b0d6d3.json
NOG-FO-NONOPT,NOG-nonopt,744,744,372,8,y_bar,0.1,0.1,0.1,2,1.0,0.167197585105896,17.237738754600286,17.237738754600286,12.8216332513839,11.961345005780458,602,100602,200602,608062620,sfo,5968,5968,746,"[746, 746, 746, 746, 746, 746, 746, 746]",4063232,746,746,-0.8388375043869019,0.01179375872015953,0.1,pilot,pilot/partials/NOG-FO-NONOPT__m8__seed602__cfg536262b0d6d3.json
NOG-FO-NONOPT,NOG-nonopt,768,768,384,8,y_bar,0.1,0.1,0.1,2,1.0,0.09745937585830688,17.812964810058475,17.812964810058475,13.332007624208927,12.281721126288176,602,100602,200602,608062620,sfo,6160,6160,770,"[770, 770, 770, 770, 770, 770, 770, 770]",4194304,770,770,-0.8385991454124451,0.011933108791708946,0.1,pilot,pilot/partials/NOG-FO-NONOPT__m8__seed602__cfg536262b0d6d3.json
NOG-FO-NONOPT,NOG-nonopt,792,792,396,8,y_bar,0.1,0.1,0.1,2,1.0,0.0938340425491333,18.409621527418494,18.409621527418494,13.795629305765033,12.681136714294553,602,100602,200602,608062620,sfo,6352,6352,794,"[794, 794, 794, 794, 794, 794, 794, 794]",4325376,794,794,-0.8384031057357788,0.012183635495603085,0.1,pilot,pilot/partials/NOG-FO-NONOPT__m8__seed602__cfg536262b0d6d3.json
NOG-FO-NONOPT,NOG-nonopt,816,816,408,8,y_bar,0.1,0.1,0.1,2,1.0,0.1268564909696579,18.956152323633432,18.956152323633432,14.19568275846541,13.064323326572776,602,100602,200602,608062620,sfo,6544,6544,818,"[818, 818, 818, 818, 818, 818, 818, 818]",4456448,818,818,-0.838660478591919,0.01129867136478424,0.1,pilot,pilot/partials/NOG-FO-NONOPT__m8__seed602__cfg536262b0d6d3.json
NOG-FO-NONOPT,NOG-nonopt,840,840,420,8,y_bar,0.1,0.1,0.1,2,1.0,0.1332274079322815,19.552328009158373,19.552328009158373,14.594380179420114,13.535807026550174,602,100602,200602,608062620,sfo,6736,6736,842,"[842, 842, 842, 842, 842, 842, 842, 842]",4587520,842,842,-0.8382431864738464,0.011773631907999516,0.1,pilot,pilot/partials/NOG-FO-NONOPT__m8__seed602__cfg536262b0d6d3.json
NOG-FO-NONOPT,NOG-nonopt,864,864,432,8,y_bar,0.1,0.1,0.1,2,1.0,0.16337107121944427,20.057797553017735,20.057797553017735,15.034780038520694,13.928032891824841,602,100602,200602,608062620,sfo,6928,6928,866,"[866, 866, 866, 866, 866, 866, 866, 866]",4718592,866,866,-0.8378628492355347,0.013162804767489433,0.1,pilot,pilot/partials/NOG-FO-NONOPT__m8__seed602__cfg536262b0d6d3.json
NOG-FO-NONOPT,NOG-nonopt,888,888,444,8,y_bar,0.1,0.1,0.1,2,1.0,0.11974114924669266,20.567398557439446,20.567398557439446,15.47723601013422,14.327524282038212,602,100602,200602,608062620,sfo,7120,7120,890,"[890, 890, 890, 890, 890, 890, 890, 890]",4849664,890,890,-0.8380769491195679,0.013298514299094677,0.1,pilot,pilot/partials/NOG-FO-NONOPT__m8__seed602__cfg536262b0d6d3.json
NOG-FO-NONOPT,NOG-nonopt,912,912,456,8,y_bar,0.1,0.1,0.1,2,1.0,0.13514778017997742,21.080190943554044,21.080190943554044,15.869155542925,14.648304127156734,602,100602,200602,608062620,sfo,7312,7312,914,"[914, 914, 914, 914, 914, 914, 914, 914]",4980736,914,914,-0.8380182385444641,0.013342699036002159,0.1,pilot,pilot/partials/NOG-FO-NONOPT__m8__seed602__cfg536262b0d6d3.json
NOG-FO-NONOPT,NOG-nonopt,936,936,468,8,y_bar,0.1,0.1,0.1,2,1.0,0.10297117382287979,21.648817589506507,21.648817589506507,16.328951716423035,15.061725571751595,602,100602,200602,608062620,sfo,7504,7504,938,"[938, 938, 938, 938, 938, 938, 938, 938]",5111808,938,938,-0.8374437093734741,0.0129063930362463,0.1,pilot,pilot/partials/NOG-FO-NONOPT__m8__seed602__cfg536262b0d6d3.json
NOG-FO-NONOPT,NOG-nonopt,960,960,480,8,y_bar,0.1,0.1,0.1,2,1.0,0.10827082395553589,22.242680238559842,22.242680238559842,16.68029059097171,15.442783776670694,602,100602,200602,608062620,sfo,7696,7696,962,"[962, 962, 962, 962, 962, 962, 962, 962]",5242880,962,962,-0.8378931283950806,0.0121931042522192,0.1,pilot,pilot/partials/NOG-FO-NONOPT__m8__seed602__cfg536262b0d6d3.json
NOG-FO-NONOPT,NOG-nonopt,24,24,12,8,y_bar,0.1,0.1,0.1,2,1.0,0.3095508813858032,0.4219810124486685,0.4219810124486685,0.350450798869133,0.5619249399751425,603,100603,200603,113986795,sfo,208,208,26,"[26, 26, 26, 26, 26, 26, 26, 26]",131072,26,26,-0.16900357604026794,0.24128828942775726,0.1,pilot,pilot/partials/NOG-FO-NONOPT__m8__seed603__cfg782bc894f711.json
NOG-FO-NONOPT,NOG-nonopt,48,48,24,8,y_bar,0.1,0.1,0.1,2,1.0,0.30193012952804565,0.9436213653534651,0.9436213653534651,0.6498471181839705,1.0227081626653671,603,100603,200603,113986795,sfo,400,400,50,"[50, 50, 50, 50, 50, 50, 50, 50]",262144,50,50,-0.34747588634490967,0.22314201295375824,0.1,pilot,pilot/partials/NOG-FO-NONOPT__m8__seed603__cfg782bc894f711.json
NOG-FO-NONOPT,NOG-nonopt,72,72,36,8,y_bar,0.1,0.1,0.1,2,1.0,0.30401429533958435,1.4863343350589275,1.4863343350589275,1.1251398231834173,1.4203815255314112,603,100603,200603,113986795,sfo,592,592,74,"[74, 74, 74, 74, 74, 74, 74, 74]",393216,74,74,-0.4984942078590393,0.19571608304977417,0.1,pilot,pilot/partials/NOG-FO-NONOPT__m8__seed603__cfg782bc894f711.json
NOG-FO-NONOPT,NOG-nonopt,96,96,48,8,y_bar,0.1,0.1,0.1,2,1.0,0.2633460462093353,1.9888584092259407,1.9888584092259407,1.5620437618345022,1.8674372639507055,603,100603,200603,113986795,sfo,784,784,98,"[98, 98, 98, 98, 98, 98, 98, 98]",524288,98,98,-0.6271345615386963,0.15997929871082306,0.1,pilot,pilot/partials/NOG-FO-NONOPT__m8__seed603__cfg782bc894f711.json
NOG-FO-NONOPT,NOG-nonopt,120,120,60,8,y_bar,0.1,0.1,0.1,2,1.0,0.17877532541751862,2.5233688969165087,2.5233688969165087,2.024598902091384,2.3143964670598507,603,100603,200603,113986795,sfo,976,976,122,"[122, 122, 122, 122, 122, 122, 122, 122]",655360,122,122,-0.72028648853302,0.12179799377918243,0.1,pilot,pilot/partials/NOG-FO-NONOPT__m8__seed603__cfg782bc894f711.json
NOG-FO-NONOPT,NOG-nonopt,144,144,72,8,y_bar,0.1,0.1,0.1,2,1.0,0.18674573302268982,3.0652108751237392,3.0652108751237392,2.340995352715254,2.727953229099512,603,100603,200603,113986795,sfo,1168,1168,146,"[146, 146, 146, 146, 146, 146, 146, 146]",786432,146,146,-0.7829943895339966,0.08360829204320908,0.1,pilot,pilot/partials/NOG-FO-NONOPT__m8__seed603__cfg782bc894f711.json
NOG-FO-NONOPT,NOG-nonopt,168,168,84,8,y_bar,0.1,0.1,0.1,2,1.0,0.17051707208156586,3.645710611715913,3.645710611715913,2.780319733545184,3.108005018904805,603,100603,200603,113986795,sfo,1360,1360,170,"[170, 170, 170, 170, 170, 170, 170, 170]",917504,170,170,-0.8151844143867493,0.05326572805643082,0.1,pilot,pilot/partials/NOG-FO-NONOPT__m8__seed603__cfg782bc894f711.json
NOG-FO-NONOPT,NOG-nonopt,192,192,96,8,y_bar,0.1,0.1,0.1,2,1.0,0.12356140464544296,4.169053066521883,4.169053066521883,3.227225750684738,3.514447620138526,603,100603,200603,113986795,sfo,1552,1552,194,"[194, 194, 194, 194, 194, 194, 194, 194]",1048576,194,194,-0.8292256593704224,0.032145775854587555,0.1,pilot,pilot/partials/NOG-FO-NONOPT__m8__seed603__cfg782bc894f711.json
NOG-FO-NONOPT,NOG-nonopt,216,216,108,8,y_bar,0.1,0.1,0.1,2,1.0,0.11757504940032959,4.7398467771708965,4.7398467771708965,3.5838126577436924,3.921243693679571,603,100603,200603,113986795,sfo,1744,1744,218,"[218, 218, 218, 218, 218, 218, 218, 218]",1179648,218,218,-0.8334842920303345,0.022234726697206497,0.1,pilot,pilot/partials/NOG-FO-NONOPT__m8__seed603__cfg782bc894f711.json
NOG-FO-NONOPT,NOG-nonopt,240,240,120,8,y_bar,0.1,0.1,0.1,2,1.0,0.1360580027103424,5.3262491803616285,5.3262491803616285,4.042799863964319,4.33845853805542,603,100603,200603,113986795,sfo,1936,1936,242,"[242, 242, 242, 242, 242, 242, 242, 242]",1310720,242,242,-0.8357897400856018,0.01630501262843609,0.1,pilot,pilot/partials/NOG-FO-NONOPT__m8__seed603__cfg782bc894f711.json
NOG-FO-NONOPT,NOG-nonopt,264,264,132,8,y_bar,0.1,0.1,0.1,2,1.0,0.14401717483997345,5.916999194771051,5.916999194771051,4.46839258633554,4.739668484777212,603,100603,200603,113986795,sfo,2128,2128,266,"[266, 266, 266, 266, 266, 266, 266, 266]",1441792,266,266,-0.8359770178794861,0.015064910054206848,0.1,pilot,pilot/partials/NOG-FO-NONOPT__m8__seed603__cfg782bc894f711.json
NOG-FO-NONOPT,NOG-nonopt,288,288,144,8,y_bar,0.1,0.1,0.1,2,1.0,0.09739559143781662,6.577130910009146,6.577130910009146,4.986386997625232,5.070158505812287,603,100603,200603,113986795,sfo,2320,2320,290,"[290, 290, 290, 290, 290, 290, 290, 290]",1572864,290,290,-0.8366029262542725,0.013249940238893032,0.1,pilot,pilot/partials/NOG-FO-NONOPT__m8__seed603__cfg782bc894f711.json
NOG-FO-NONOPT,NOG-nonopt,312,312,156,8,y_bar,0.1,0.1,0.1,2,1.0,0.10649479180574417,7.155298393219709,7.155298393219709,5.433429142460227,5.470113774761558,603,100603,200603,113986795,sfo,2512,2512,314,"[314, 314, 314, 314, 314, 314, 314, 314]",1703936,314,314,-0.8366890549659729,0.011067003011703491,0.1,pilot,pilot/partials/NOG-FO-NONOPT__m8__seed603__cfg782bc894f711.json
NOG-FO-NONOPT,NOG-nonopt,336,336,168,8,y_bar,0.1,0.1,0.1,2,1.0,0.13430415093898773,7.748555848374963,7.748555848374963,5.820098627358675,5.8416967038065195,603,100603,200603,113986795,sfo,2704,2704,338,"[338, 338, 338, 338, 338, 338, 338, 338]",1835008,338,338,-0.8361251950263977,0.014092977158725262,0.1,pilot,pilot/partials/NOG-FO-NONOPT__m8__seed603__cfg782bc894f711.json
NOG-FO-NONOPT,NOG-nonopt,360,360,180,8,y_bar,0.1,0.1,0.1,2,1.0,0.12588268518447876,8.28574056737125,8.28574056737125,6.092787807807326,6.218559831380844,603,100603,200603,113986795,sfo,2896,2896,362,"[362, 362, 362, 362, 362, 362, 362, 362]",1966080,362,362,-0.8356741070747375,0.014840389601886272,0.1,pilot,pilot/partials/NOG-FO-NONOPT__m8__seed603__cfg782bc894f711.json
NOG-FO-NONOPT,NOG-nonopt,384,384,192,8,y_bar,0.1,0.1,0.1,2,1.0,0.12061465531587601,8.78257648088038,8.78257648088038,6.451654642820358,6.610772570595145,603,100603,200603,113986795,sfo,3088,3088,386,"[386, 386, 386, 386, 386, 386, 386, 386]",2097152,386,386,-0.8354669809341431,0.013860099948942661,0.1,pilot,pilot/partials/NOG-FO-NONOPT__m8__seed603__cfg782bc894f711.json
NOG-FO-NONOPT,NOG-nonopt,408,408,204,8,y_bar,0.1,0.1,0.1,2,1.0,0.12826323509216309,9.371314717456698,9.371314717456698,6.949712356552482,7.001359689980745,603,100603,200603,113986795,sfo,3280,3280,410,"[410, 410, 410, 410, 410, 410, 410, 410]",2228224,410,410,-0.8358813524246216,0.01404684316366911,0.1,pilot,pilot/partials/NOG-FO-NONOPT__m8__seed603__cfg782bc894f711.json
NOG-FO-NONOPT,NOG-nonopt,432,432,216,8,y_bar,0.1,0.1,0.1,2,1.0,0.1509838104248047,9.975414423272014,9.975414423272014,7.487282129004598,7.372644253075123,603,100603,200603,113986795,sfo,3472,3472,434,"[434, 434, 434, 434, 434, 434, 434, 434]",2359296,434,434,-0.8364660739898682,0.012349199503660202,0.1,pilot,pilot/partials/NOG-FO-NONOPT__m8__seed603__cfg782bc894f711.json
NOG-FO-NONOPT,NOG-nonopt,456,456,228,8,y_bar,0.1,0.1,0.1,2,1.0,0.13376367092132568,10.585525941103697,10.585525941103697,7.865652756765485,7.761327926069498,603,100603,200603,113986795,sfo,3664,3664,458,"[458, 458, 458, 458, 458, 458, 458, 458]",2490368,458,458,-0.8366882801055908,0.010782215744256973,0.1,pilot,pilot/partials/NOG-FO-NONOPT__m8__seed603__cfg782bc894f711.json
NOG-FO-NONOPT,NOG-nonopt,480,480,240,8,y_bar,0.1,0.1,0.1,2,1.0,0.11000856012105942,11.114645378664136,11.114645378664136,8.106993973255157,8.32339040003717,603,100603,200603,113986795,sfo,3856,3856,482,"[482, 482, 482, 482, 482, 482, 482, 482]",2621440,482,482,-0.8364469408988953,0.011593781411647797,0.1,pilot,pilot/partials/NOG-FO-NONOPT__m8__seed603__cfg782bc894f711.json
NOG-FO-NONOPT,NOG-nonopt,504,504,252,8,y_bar,0.1,0.1,0.1,2,1.0,0.11891772598028183,11.61367679014802,11.61367679014802,8.492003917694092,8.6538874078542,603,100603,200603,113986795,sfo,4048,4048,506,"[506, 506, 506, 506, 506, 506, 506, 506]",2752512,506,506,-0.8362045288085938,0.01203728187829256,0.1,pilot,pilot/partials/NOG-FO-NONOPT__m8__seed603__cfg782bc894f711.json
NOG-FO-NONOPT,NOG-nonopt,528,528,264,8,y_bar,0.1,0.1,0.1,2,1.0,0.1088595911860466,12.183923806995153,12.183923806995153,8.869943141937256,9.035276614129543,603,100603,200603,113986795,sfo,4240,4240,530,"[530, 530, 530, 530, 530, 530, 530, 530]",2883584,530,530,-0.8361256718635559,0.012497548013925552,0.1,pilot,pilot/partials/NOG-FO-NONOPT__m8__seed603__cfg782bc894f711.json
NOG-FO-NONOPT,NOG-nonopt,552,552,276,8,y_bar,0.1,0.1,0.1,2,1.0,0.1260410100221634,12.775940269231796,12.775940269231796,9.257651960477233,9.365214986726642,603,100603,200603,113986795,sfo,4432,4432,554,"[554, 554, 554, 554, 554, 554, 554, 554]",3014656,554,554,-0.8359842896461487,0.012803935445845127,0.1,pilot,pilot/partials/NOG-FO-NONOPT__m8__seed603__cfg782bc894f711.json
NOG-FO-NONOPT,NOG-nonopt,576,576,288,8,y_bar,0.1,0.1,0.1,2,1.0,0.1469910889863968,13.3835270088166,13.3835270088166,9.797167330980301,9.815253047272563,603,100603,200603,113986795,sfo,4624,4624,578,"[578, 578, 578, 578, 578, 578, 578, 578]",3145728,578,578,-0.8360377550125122,0.012872347608208656,0.1,pilot,pilot/partials/NOG-FO-NONOPT__m8__seed603__cfg782bc894f711.json
NOG-FO-NONOPT,NOG-nonopt,600,600,300,8,y_bar,0.1,0.1,0.1,2,1.0,0.12058591842651367,13.913520654663444,13.913520654663444,10.256903955712914,10.275578347966075,603,100603,200603,113986795,sfo,4816,4816,602,"[602, 602, 602, 602, 602, 602, 602, 602]",3276800,602,602,-0.8366358876228333,0.012807267718017101,0.1,pilot,pilot/partials/NOG-FO-NONOPT__m8__seed603__cfg782bc894f711.json
NOG-FO-NONOPT,NOG-nonopt,624,624,312,8,y_bar,0.1,0.1,0.1,2,1.0,0.21138425171375275,14.41644742153585,14.41644742153585,10.54899287596345,10.663530815392733,603,100603,200603,113986795,sfo,5008,5008,626,"[626, 626, 626, 626, 626, 626, 626, 626]",3407872,626,626,-0.8365017771720886,0.012084432877600193,0.1,pilot,pilot/partials/NOG-FO-NONOPT__m8__seed603__cfg782bc894f711.json
NOG-FO-NONOPT,NOG-nonopt,648,648,324,8,y_bar,0.1,0.1,0.1,2,1.0,0.11167220771312714,15.009592190384865,15.009592190384865,11.023153394460678,11.075178418308496,603,100603,200603,113986795,sfo,5200,5200,650,"[650, 650, 650, 650, 650, 650, 650, 650]",3538944,650,650,-0.8361619710922241,0.012602130882441998,0.1,pilot,pilot/partials/NOG-FO-NONOPT__m8__seed603__cfg782bc894f711.json
NOG-FO-NONOPT,NOG-nonopt,672,672,336,8,y_bar,0.1,0.1,0.1,2,1.0,0.10799624025821686,15.503018451854587,15.503018451854587,11.413860190659761,11.400375911965966,603,100603,200603,113986795,sfo,5392,5392,674,"[674, 674, 674, 674, 674, 674, 674, 674]",3670016,674,674,-0.836967408657074,0.01112093310803175,0.1,pilot,pilot/partials/NOG-FO-NONOPT__m8__seed603__cfg782bc894f711.json
NOG-FO-NONOPT,NOG-nonopt,696,696,348,8,y_bar,0.1,0.1,0.1,2,1.0,0.1069144606590271,16.026682011783123,16.026682011783123,11.722130296751857,11.780341621488333,603,100603,200603,113986795,sfo,5584,5584,698,"[698, 698, 698, 698, 698, 698, 698, 698]",3801088,698,698,-0.8366215229034424,0.012059117667376995,0.1,pilot,pilot/partials/NOG-FO-NONOPT__m8__seed603__cfg782bc894f711.json
NOG-FO-NONOPT,NOG-nonopt,720,720,360,8,y_bar,0.1,0.1,0.1,2,1.0,0.1699158251285553,16.625746365636587,16.625746365636587,12.057843772694468,12.104333749040961,603,100603,200603,113986795,sfo,5776,5776,722,"[722, 722, 722, 722, 722, 722, 722, 722]",3932160,722,722,-0.8365551829338074,0.01440658513456583,0.1,pilot,pilot/partials/NOG-FO-NONOPT__m8__seed603__cfg782bc894f711.json
NOG-FO-NONOPT,NOG-nonopt,744,744,372,8,y_bar,0.1,0.1,0.1,2,1.0,0.11590784788131714,17.13401016406715,17.13401016406715,12.499641826376319,12.43191852606833,603,100603,200603,113986795,sfo,5968,5968,746,"[746, 746, 746, 746, 746, 746, 746, 746]",4063232,746,746,-0.835784375667572,0.01581457443535328,0.1,pilot,pilot/partials/NOG-FO-NONOPT__m8__seed603__cfg782bc894f711.json
NOG-FO-NONOPT,NOG-nonopt,768,768,384,8,y_bar,0.1,0.1,0.1,2,1.0,0.09319281578063965,17.72651711665094,17.72651711665094,12.959568358957767,12.812141701579094,603,100603,200603,113986795,sfo,6160,6160,770,"[770, 770, 770, 770, 770, 770, 770, 770]",4194304,770,770,-0.8359094858169556,0.014731237664818764,0.1,pilot,pilot/partials/NOG-FO-NONOPT__m8__seed603__cfg782bc894f711.json
NOG-FO-NONOPT,NOG-nonopt,792,792,396,8,y_bar,0.1,0.1,0.1,2,1.0,0.11595185101032257,18.314552314579487,18.314552314579487,13.374322604387999,13.216911079362035,603,100603,200603,113986795,sfo,6352,6352,794,"[794, 794, 794, 794, 794, 794, 794, 794]",4325376,794,794,-0.835933268070221,0.013270783238112926,0.1,pilot,pilot/partials/NOG-FO-NONOPT__m8__seed603__cfg782bc894f711.json
NOG-FO-NONOPT,NOG-nonopt,816,816,408,8,y_bar,0.1,0.1,0.1,2,1.0,0.11124920845031738,18.90322906896472,18.90322906896472,13.730881115421653,13.54829321987927,603,100603,200603,113986795,sfo,6544,6544,818,"[818, 818, 818, 818, 818, 818, 818, 818]",4456448,818,818,-0.835749626159668,0.01218545250594616,0.1,pilot,pilot/partials/NOG-FO-NONOPT__m8__seed603__cfg782bc894f711.json
NOG-FO-NONOPT,NOG-nonopt,840,840,420,8,y_bar,0.1,0.1,0.1,2,1.0,0.12859922647476196,19.42918197438121,19.42918197438121,14.055392758920789,14.050685467198491,603,100603,200603,113986795,sfo,6736,6736,842,"[842, 842, 842, 842, 842, 842, 842, 842]",4587520,842,842,-0.8355565667152405,0.01271437294781208,0.1,pilot,pilot/partials/NOG-FO-NONOPT__m8__seed603__cfg782bc894f711.json
NOG-FO-NONOPT,NOG-nonopt,864,864,432,8,y_bar,0.1,0.1,0.1,2,1.0,0.1054583415389061,19.861652843654156,19.861652843654156,14.419291330501437,14.450606318190694,603,100603,200603,113986795,sfo,6928,6928,866,"[866, 866, 866, 866, 866, 866, 866, 866]",4718592,866,866,-0.8357684016227722,0.012472192756831646,0.1,pilot,pilot/partials/NOG-FO-NONOPT__m8__seed603__cfg782bc894f711.json
NOG-FO-NONOPT,NOG-nonopt,888,888,444,8,y_bar,0.1,0.1,0.1,2,1.0,0.11753429472446442,20.380722023546696,20.380722023546696,14.80314863473177,14.769168002530932,603,100603,200603,113986795,sfo,7120,7120,890,"[890, 890, 890, 890, 890, 890, 890, 890]",4849664,890,890,-0.8358215093612671,0.01313728280365467,0.1,pilot,pilot/partials/NOG-FO-NONOPT__m8__seed603__cfg782bc894f711.json
NOG-FO-NONOPT,NOG-nonopt,912,912,456,8,y_bar,0.1,0.1,0.1,2,1.0,0.1548963338136673,21.040389351546764,21.040389351546764,15.388837337493896,15.106827095150948,603,100603,200603,113986795,sfo,7312,7312,914,"[914, 914, 914, 914, 914, 914, 914, 914]",4980736,914,914,-0.8361020088195801,0.012465579435229301,0.1,pilot,pilot/partials/NOG-FO-NONOPT__m8__seed603__cfg782bc894f711.json
NOG-FO-NONOPT,NOG-nonopt,936,936,468,8,y_bar,0.1,0.1,0.1,2,1.0,0.1130869910120964,21.572393557056785,21.572393557056785,15.782958552241325,15.480310866609216,603,100603,200603,113986795,sfo,7504,7504,938,"[938, 938, 938, 938, 938, 938, 938, 938]",5111808,938,938,-0.8358250856399536,0.014200364239513874,0.1,pilot,pilot/partials/NOG-FO-NONOPT__m8__seed603__cfg782bc894f711.json
NOG-FO-NONOPT,NOG-nonopt,960,960,480,8,y_bar,0.1,0.1,0.1,2,1.0,0.11386934667825699,22.07359730452299,22.07359730452299,16.067092202603817,17.26646943576634,603,100603,200603,113986795,sfo,7696,7696,962,"[962, 962, 962, 962, 962, 962, 962, 962]",5242880,962,962,-0.8351730108261108,0.017817001789808273,0.1,pilot,pilot/partials/NOG-FO-NONOPT__m8__seed603__cfg782bc894f711.json
NOG-FO-NONOPT,NOG-nonopt,24,24,12,8,y_bar,0.1,0.1,0.1,2,1.0,0.34159794449806213,0.17550167255103588,0.17550167255103588,0.0846346765756607,0.3323151580989361,604,100604,200604,2023776125,sfo,208,208,26,"[26, 26, 26, 26, 26, 26, 26, 26]",131072,26,26,-0.1687704175710678,0.24328109622001648,0.1,pilot,pilot/partials/NOG-FO-NONOPT__m8__seed604__cfgd0d0bed2b3a4.json
NOG-FO-NONOPT,NOG-nonopt,48,48,24,8,y_bar,0.1,0.1,0.1,2,1.0,0.30084607005119324,0.31280376948416233,0.31280376948416233,0.1642523780465126,0.6822555381804705,604,100604,200604,2023776125,sfo,400,400,50,"[50, 50, 50, 50, 50, 50, 50, 50]",262144,50,50,-0.34376224875450134,0.22543932497501373,0.1,pilot,pilot/partials/NOG-FO-NONOPT__m8__seed604__cfgd0d0bed2b3a4.json
NOG-FO-NONOPT,NOG-nonopt,72,72,36,8,y_bar,0.1,0.1,0.1,2,1.0,0.29071012139320374,0.4687403719872236,0.4687403719872236,0.257411228492856,1.0008854735642672,604,100604,200604,2023776125,sfo,592,592,74,"[74, 74, 74, 74, 74, 74, 74, 74]",393216,74,74,-0.49610185623168945,0.19773592054843903,0.1,pilot,pilot/partials/NOG-FO-NONOPT__m8__seed604__cfgd0d0bed2b3a4.json
NOG-FO-NONOPT,NOG-nonopt,96,96,48,8,y_bar,0.1,0.1,0.1,2,1.0,0.25029975175857544,0.6158402822911739,0.6158402822911739,0.3295735754072666,1.3179179038852453,604,100604,200604,2023776125,sfo,784,784,98,"[98, 98, 98, 98, 98, 98, 98, 98]",524288,98,98,-0.626328706741333,0.16115543246269226,0.1,pilot,pilot/partials/NOG-FO-NONOPT__m8__seed604__cfgd0d0bed2b3a4.json
NOG-FO-NONOPT,NOG-nonopt,120,120,60,8,y_bar,0.1,0.1,0.1,2,1.0,0.21041615307331085,0.7543932124972343,0.7543932124972343,0.4027966782450676,1.673073960468173,604,100604,200604,2023776125,sfo,976,976,122,"[122, 122, 122, 122, 122, 122, 122, 122]",655360,122,122,-0.7239381074905396,0.12043014913797379,0.1,pilot,pilot/partials/NOG-FO-NONOPT__m8__seed604__cfgd0d0bed2b3a4.json
NOG-FO-NONOPT,NOG-nonopt,144,144,72,8,y_bar,0.1,0.1,0.1,2,1.0,0.17115166783332825,0.8684281446039677,0.8684281446039677,0.46398888900876045,1.9932043477892876,604,100604,200604,2023776125,sfo,1168,1168,146,"[146, 146, 146, 146, 146, 146, 146, 146]",786432,146,146,-0.7845314741134644,0.08203741163015366,0.1,pilot,pilot/partials/NOG-FO-NONOPT__m8__seed604__cfgd0d0bed2b3a4.json
NOG-FO-NONOPT,NOG-nonopt,168,168,84,8,y_bar,0.1,0.1,0.1,2,1.0,0.13223744928836823,1.0027997717261314,1.0027997717261314,0.5456673204898834,2.326590359210968,604,100604,200604,2023776125,sfo,1360,1360,170,"[170, 170, 170, 170, 170, 170, 170, 170]",917504,170,170,-0.8184090852737427,0.048458509147167206,0.1,pilot,pilot/partials/NOG-FO-NONOPT__m8__seed604__cfgd0d0bed2b3a4.json
NOG-FO-NONOPT,NOG-nonopt,192,192,96,8,y_bar,0.1,0.1,0.1,2,1.0,0.15191566944122314,1.1586001086980104,1.1586001086980104,0.6355071533471346,2.645512420684099,604,100604,200604,2023776125,sfo,1552,1552,194,"[194, 194, 194, 194, 194, 194, 194, 194]",1048576,194,194,-0.8291906714439392,0.029850978404283524,0.1,pilot,pilot/partials/NOG-FO-NONOPT__m8__seed604__cfgd0d0bed2b3a4.json
NOG-FO-NONOPT,NOG-nonopt,216,216,108,8,y_bar,0.1,0.1,0.1,2,1.0,0.14350192248821259,1.322793958708644,1.322793958708644,0.7330640964210033,2.9664260372519493,604,100604,200604,2023776125,sfo,1744,1744,218,"[218, 218, 218, 218, 218, 218, 218, 218]",1179648,218,218,-0.8319910168647766,0.023413684219121933,0.1,pilot,pilot/partials/NOG-FO-NONOPT__m8__seed604__cfgd0d0bed2b3a4.json
NOG-FO-NONOPT,NOG-nonopt,240,240,120,8,y_bar,0.1,0.1,0.1,2,1.0,0.07886587083339691,1.5086471568793058,1.5086471568793058,0.8421549741178751,3.29208748601377,604,100604,200604,2023776125,sfo,1936,1936,242,"[242, 242, 242, 242, 242, 242, 242, 242]",1310720,242,242,-0.833987832069397,0.016619959846138954,0.1,pilot,pilot/partials/NOG-FO-NONOPT__m8__seed604__cfgd0d0bed2b3a4.json
NOG-FO-NONOPT,NOG-nonopt,264,264,132,8,y_bar,0.1,0.1,0.1,2,1.0,0.11688166856765747,1.6971362754702568,1.6971362754702568,0.9675748683512211,3.613799313083291,604,100604,200604,2023776125,sfo,2128,2128,266,"[266, 266, 266, 266, 266, 266, 266, 266]",1441792,266,266,-0.8349704146385193,0.013715791516005993,0.1,pilot,pilot/partials/NOG-FO-NONOPT__m8__seed604__cfgd0d0bed2b3a4.json
NOG-FO-NONOPT,NOG-nonopt,288,288,144,8,y_bar,0.1,0.1,0.1,2,1.0,0.13334296643733978,1.9370524976402521,1.9370524976402521,1.1432239525020123,3.9439725130796432,604,100604,200604,2023776125,sfo,2320,2320,290,"[290, 290, 290, 290, 290, 290, 290, 290]",1572864,290,290,-0.835140585899353,0.011953341774642467,0.1,pilot,pilot/partials/NOG-FO-NONOPT__m8__seed604__cfgd0d0bed2b3a4.json
NOG-FO-NONOPT,NOG-nonopt,312,312,156,8,y_bar,0.1,0.1,0.1,2,1.0,0.12462019175291061,2.197753021493554,2.197753021493554,1.3426086846739054,4.271731853485107,604,100604,200604,2023776125,sfo,2512,2512,314,"[314, 314, 314, 314, 314, 314, 314, 314]",1703936,314,314,-0.8346721529960632,0.012497318908572197,0.1,pilot,pilot/partials/NOG-FO-NONOPT__m8__seed604__cfgd0d0bed2b3a4.json
NOG-FO-NONOPT,NOG-nonopt,336,336,168,8,y_bar,0.1,0.1,0.1,2,1.0,0.13495296239852905,2.4633890446275473,2.4633890446275473,1.5251049436628819,4.590430151671171,604,100604,200604,2023776125,sfo,2704,2704,338,"[338, 338, 338, 338, 338, 338, 338, 338]",1835008,338,338,-0.8342328667640686,0.016120631247758865,0.1,pilot,pilot/partials/NOG-FO-NONOPT__m8__seed604__cfgd0d0bed2b3a4.json
NOG-FO-NONOPT,NOG-nonopt,360,360,180,8,y_bar,0.1,0.1,0.1,2,1.0,0.1077992171049118,2.722586380317807,2.722586380317807,1.7197022754698992,4.912549750879407,604,100604,200604,2023776125,sfo,2896,2896,362,"[362, 362, 362, 362, 362, 362, 362, 362]",1966080,362,362,-0.834705650806427,0.013896305114030838,0.1,pilot,pilot/partials/NOG-FO-NONOPT__m8__seed604__cfgd0d0bed2b3a4.json
NOG-FO-NONOPT,NOG-nonopt,384,384,192,8,y_bar,0.1,0.1,0.1,2,1.0,0.10003964602947235,2.995780237019062,2.995780237019062,1.9092916268855333,5.230543853715062,604,100604,200604,2023776125,sfo,3088,3088,386,"[386, 386, 386, 386, 386, 386, 386, 386]",2097152,386,386,-0.8344372510910034,0.01326808612793684,0.1,pilot,pilot/partials/NOG-FO-NONOPT__m8__seed604__cfgd0d0bed2b3a4.json
NOG-FO-NONOPT,NOG-nonopt,408,408,204,8,y_bar,0.1,0.1,0.1,2,1.0,0.10815510153770447,3.2904775459319353,3.2904775459319353,2.1003767270594835,5.567025234922767,604,100604,200604,2023776125,sfo,3280,3280,410,"[410, 410, 410, 410, 410, 410, 410, 410]",2228224,410,410,-0.8340426683425903,0.014144590124487877,0.1,pilot,pilot/partials/NOG-FO-NONOPT__m8__seed604__cfgd0d0bed2b3a4.json
NOG-FO-NONOPT,NOG-nonopt,432,432,216,8,y_bar,0.1,0.1,0.1,2,1.0,0.09824200719594955,3.5327578242868185,3.5327578242868185,2.273807752877474,5.884931989014149,604,100604,200604,2023776125,sfo,3472,3472,434,"[434, 434, 434, 434, 434, 434, 434, 434]",2359296,434,434,-0.8346166014671326,0.01272028312087059,0.1,pilot,pilot/partials/NOG-FO-NONOPT__m8__seed604__cfgd0d0bed2b3a4.json
NOG-FO-NONOPT,NOG-nonopt,456,456,228,8,y_bar,0.1,0.1,0.1,2,1.0,0.1155291423201561,3.8131388649344444,3.8131388649344444,2.491347948089242,6.222461616620421,604,100604,200604,2023776125,sfo,3664,3664,458,"[458, 458, 458, 458, 458, 458, 458, 458]",2490368,458,458,-0.8347247838973999,0.012547414749860764,0.1,pilot,pilot/partials/NOG-FO-NONOPT__m8__seed604__cfgd0d0bed2b3a4.json
NOG-FO-NONOPT,NOG-nonopt,480,480,240,8,y_bar,0.1,0.1,0.1,2,1.0,0.11561459302902222,4.054740440100431,4.054740440100431,2.6789945904165506,6.547157788649201,604,100604,200604,2023776125,sfo,3856,3856,482,"[482, 482, 482, 482, 482, 482, 482, 482]",2621440,482,482,-0.8346916437149048,0.012378701940178871,0.1,pilot,pilot/partials/NOG-FO-NONOPT__m8__seed604__cfgd0d0bed2b3a4.json
NOG-FO-NONOPT,NOG-nonopt,504,504,252,8,y_bar,0.1,0.1,0.1,2,1.0,0.12706303596496582,4.320395924150944,4.320395924150944,2.8888155445456505,6.874026915058494,604,100604,200604,2023776125,sfo,4048,4048,506,"[506, 506, 506, 506, 506, 506, 506, 506]",2752512,506,506,-0.8346022367477417,0.012566996738314629,0.1,pilot,pilot/partials/NOG-FO-NONOPT__m8__seed604__cfgd0d0bed2b3a4.json
NOG-FO-NONOPT,NOG-nonopt,528,528,264,8,y_bar,0.1,0.1,0.1,2,1.0,0.12776196002960205,4.5233952682465315,4.5233952682465315,3.038219029083848,7.2631056029349566,604,100604,200604,2023776125,sfo,4240,4240,530,"[530, 530, 530, 530, 530, 530, 530, 530]",2883584,530,530,-0.8347034454345703,0.012531828135251999,0.1,pilot,pilot/partials/NOG-FO-NONOPT__m8__seed604__cfgd0d0bed2b3a4.json
NOG-FO-NONOPT,NOG-nonopt,552,552,276,8,y_bar,0.1,0.1,0.1,2,1.0,0.12301836162805557,4.720281397923827,4.720281397923827,3.1698254253715277,7.63288551568985,604,100604,200604,2023776125,sfo,4432,4432,554,"[554, 554, 554, 554, 554, 554, 554, 554]",3014656,554,554,-0.8350760340690613,0.012132469564676285,0.1,pilot,pilot/partials/NOG-FO-NONOPT__m8__seed604__cfgd0d0bed2b3a4.json
NOG-FO-NONOPT,NOG-nonopt,576,576,288,8,y_bar,0.1,0.1,0.1,2,1.0,0.1509317010641098,4.944680819287896,4.944680819287896,3.3402673974633217,8.002338645979762,604,100604,200604,2023776125,sfo,4624,4624,578,"[578, 578, 578, 578, 578, 578, 578, 578]",3145728,578,578,-0.8349476456642151,0.012289242818951607,0.1,pilot,pilot/partials/NOG-FO-NONOPT__m8__seed604__cfgd0d0bed2b3a4.json
NOG-FO-NONOPT,NOG-nonopt,600,600,300,8,y_bar,0.1,0.1,0.1,2,1.0,0.11283305287361145,5.1712691355496645,5.1712691355496645,3.514337494969368,8.37588986940682,604,100604,200604,2023776125,sfo,4816,4816,602,"[602, 602, 602, 602, 602, 602, 602, 602]",3276800,602,602,-0.8354274034500122,0.011431682854890823,0.1,pilot,pilot/partials/NOG-FO-NONOPT__m8__seed604__cfgd0d0bed2b3a4.json
NOG-FO-NONOPT,NOG-nonopt,624,624,312,8,y_bar,0.1,0.1,0.1,2,1.0,0.1273956000804901,5.403212048113346,5.403212048113346,3.6868121046572924,8.748026840388775,604,100604,200604,2023776125,sfo,5008,5008,626,"[626, 626, 626, 626, 626, 626, 626, 626]",3407872,626,626,-0.8351877331733704,0.011963270604610443,0.1,pilot,pilot/partials/NOG-FO-NONOPT__m8__seed604__cfgd0d0bed2b3a4.json
NOG-FO-NONOPT,NOG-nonopt,648,648,324,8,y_bar,0.1,0.1,0.1,2,1.0,0.0828130915760994,5.692888168618083,5.692888168618083,3.909209804609418,9.06279419362545,604,100604,200604,2023776125,sfo,5200,5200,650,"[650, 650, 650, 650, 650, 650, 650, 650]",3538944,650,650,-0.8348280191421509,0.012633714824914932,0.1,pilot,pilot/partials/NOG-FO-NONOPT__m8__seed604__cfgd0d0bed2b3a4.json
NOG-FO-NONOPT,NOG-nonopt,672,672,336,8,y_bar,0.1,0.1,0.1,2,1.0,0.08645470440387726,5.964262921363115,5.964262921363115,4.125982999801636,9.380077512934804,604,100604,200604,2023776125,sfo,5392,5392,674,"[674, 674, 674, 674, 674, 674, 674, 674]",3670016,674,674,-0.8343846201896667,0.014152946881949902,0.1,pilot,pilot/partials/NOG-FO-NONOPT__m8__seed604__cfgd0d0bed2b3a4.json
NOG-FO-NONOPT,NOG-nonopt,696,696,348,8,y_bar,0.1,0.1,0.1,2,1.0,0.11962856352329254,6.2365994192659855,6.2365994192659855,4.341596871614456,9.696550369262695,604,100604,200604,2023776125,sfo,5584,5584,698,"[698, 698, 698, 698, 698, 698, 698, 698]",3801088,698,698,-0.8352490067481995,0.012869847007095814,0.1,pilot,pilot/partials/NOG-FO-NONOPT__m8__seed604__cfgd0d0bed2b3a4.json
NOG-FO-NONOPT,NOG-nonopt,720,720,360,8,y_bar,0.1,0.1,0.1,2,1.0,0.10817189514636993,6.503354016691446,6.503354016691446,4.5307579673826694,10.016721306368709,604,100604,200604,2023776125,sfo,5776,5776,722,"[722, 722, 722, 722, 722, 722, 722, 722]",3932160,722,722,-0.8350904583930969,0.012771467678248882,0.1,pilot,pilot/partials/NOG-FO-NONOPT__m8__seed604__cfgd0d0bed2b3a4.json
NOG-FO-NONOPT,NOG-nonopt,744,744,372,8,y_bar,0.1,0.1,0.1,2,1.0,0.11450237780809402,6.704581094905734,6.704581094905734,4.679521193727851,10.385662879794836,604,100604,200604,2023776125,sfo,5968,5968,746,"[746, 746, 746, 746, 746, 746, 746, 746]",4063232,746,746,-0.834850549697876,0.013210038654506207,0.1,pilot,pilot/partials/NOG-FO-NONOPT__m8__seed604__cfgd0d0bed2b3a4.json
NOG-FO-NONOPT,NOG-nonopt,768,768,384,8,y_bar,0.1,0.1,0.1,2,1.0,0.14955848455429077,6.924985326826572,6.924985326826572,4.841476768255234,10.737649170681834,604,100604,200604,2023776125,sfo,6160,6160,770,"[770, 770, 770, 770, 770, 770, 770, 770]",4194304,770,770,-0.8343190550804138,0.01333680935204029,0.1,pilot,pilot/partials/NOG-FO-NONOPT__m8__seed604__cfgd0d0bed2b3a4.json
NOG-FO-NONOPT,NOG-nonopt,792,792,396,8,y_bar,0.1,0.1,0.1,2,1.0,0.14283016324043274,7.0819338746368885,7.0819338746368885,4.945441098883748,11.119065651670098,604,100604,200604,2023776125,sfo,6352,6352,794,"[794, 794, 794, 794, 794, 794, 794, 794]",4325376,794,794,-0.8343716859817505,0.013866274617612362,0.1,pilot,pilot/partials/NOG-FO-NONOPT__m8__seed604__cfgd0d0bed2b3a4.json
NOG-FO-NONOPT,NOG-nonopt,816,816,408,8,y_bar,0.1,0.1,0.1,2,1.0,0.1293032318353653,7.2561777625232935,7.2561777625232935,5.0663724932819605,11.446023466065526,604,100604,200604,2023776125,sfo,6544,6544,818,"[818, 818, 818, 818, 818, 818, 818, 818]",4456448,818,818,-0.8342322111129761,0.013211814686655998,0.1,pilot,pilot/partials/NOG-FO-NONOPT__m8__seed604__cfgd0d0bed2b3a4.json
NOG-FO-NONOPT,NOG-nonopt,840,840,420,8,y_bar,0.1,0.1,0.1,2,1.0,0.1283004879951477,7.424109257757664,7.424109257757664,5.1814511604607105,11.777034452185035,604,100604,200604,2023776125,sfo,6736,6736,842,"[842, 842, 842, 842, 842, 842, 842, 842]",4587520,842,842,-0.8344559073448181,0.013750506564974785,0.1,pilot,pilot/partials/NOG-FO-NONOPT__m8__seed604__cfgd0d0bed2b3a4.json
NOG-FO-NONOPT,NOG-nonopt,864,864,432,8,y_bar,0.1,0.1,0.1,2,1.0,0.1258123517036438,7.5437167808413506,7.5437167808413506,5.249571746215224,12.122035812586546,604,100604,200604,2023776125,sfo,6928,6928,866,"[866, 866, 866, 866, 866, 866, 866, 866]",4718592,866,866,-0.835516631603241,0.011975698173046112,0.1,pilot,pilot/partials/NOG-FO-NONOPT__m8__seed604__cfgd0d0bed2b3a4.json
NOG-FO-NONOPT,NOG-nonopt,888,888,444,8,y_bar,0.1,0.1,0.1,2,1.0,0.16663244366645813,7.675360314548016,7.675360314548016,5.327920131385326,12.455904752016068,604,100604,200604,2023776125,sfo,7120,7120,890,"[890, 890, 890, 890, 890, 890, 890, 890]",4849664,890,890,-0.8349969983100891,0.012622124515473843,0.1,pilot,pilot/partials/NOG-FO-NONOPT__m8__seed604__cfgd0d0bed2b3a4.json
NOG-FO-NONOPT,NOG-nonopt,912,912,456,8,y_bar,0.1,0.1,0.1,2,1.0,0.13727861642837524,7.815057758241892,7.815057758241892,5.410382591187954,12.785495899617672,604,100604,200604,2023776125,sfo,7312,7312,914,"[914, 914, 914, 914, 914, 914, 914, 914]",4980736,914,914,-0.8348718881607056,0.012778193689882755,0.1,pilot,pilot/partials/NOG-FO-NONOPT__m8__seed604__cfgd0d0bed2b3a4.json
NOG-FO-NONOPT,NOG-nonopt,936,936,468,8,y_bar,0.1,0.1,0.1,2,1.0,0.13340064883232117,7.955268802121282,7.955268802121282,5.49845153093338,13.11091472581029,604,100604,200604,2023776125,sfo,7504,7504,938,"[938, 938, 938, 938, 938, 938, 938, 938]",5111808,938,938,-0.8352201581001282,0.012847943231463432,0.1,pilot,pilot/partials/NOG-FO-NONOPT__m8__seed604__cfgd0d0bed2b3a4.json
NOG-FO-NONOPT,NOG-nonopt,960,960,480,8,y_bar,0.1,0.1,0.1,2,1.0,0.11397658288478851,8.074865186586976,8.074865186586976,5.56827917508781,13.44030137732625,604,100604,200604,2023776125,sfo,7696,7696,962,"[962, 962, 962, 962, 962, 962, 962, 962]",5242880,962,962,-0.8341372013092041,0.015056557022035122,0.1,pilot,pilot/partials/NOG-FO-NONOPT__m8__seed604__cfgd0d0bed2b3a4.json
